tree
version=v4
num_class=1
num_tree_per_iteration=1
label_index=0
max_feature_idx=176
objective=binary sigmoid:1
feature_names=signal_direction atr_at_signal atr_at_checkpoint flip_range_atr flip_body_atr flip_body_pct flip_close_location flip_upper_wick_pct flip_lower_wick_pct flip_volume flip_vol_vs_20avg flip_close_vs_prior_close_atr flip_high_vs_prior_high_atr flip_low_vs_prior_low_atr flip_bar_bullish_volume_pct flip_bar_vol_rank_20 bar1_range_atr bar1_body_atr bar1_body_pct bar1_close_location bar1_upper_wick_pct bar1_lower_wick_pct bar1_volume bar1_vol_vs_flip_vol bar1_vol_rank_20 bar1_hh_amount_atr bar1_close_vs_flip_close_atr bar1_close_above_flip_close bar1_close_above_50pct_range bar1_bullish_volume_pct two_bar_range_atr two_bar_body_atr two_bar_close_vs_open_pct two_bar_volume_total two_bar_vol_vs_40avg pre_3_range_atr pre_3_net_return_atr pre_3_body_efficiency pre_3_up_bar_fraction pre_3_down_bar_fraction pre_3_hh_count pre_3_ll_count pre_3_close_near_high_fraction pre_3_close_near_low_fraction pre_3_volume_total pre_3_vol_vs_avg pre_3_mean_body_pct pre_3_mean_wickiness pre_5_range_atr pre_5_net_return_atr pre_5_body_efficiency pre_5_up_bar_fraction pre_5_down_bar_fraction pre_5_hh_count pre_5_ll_count pre_5_close_near_high_fraction pre_5_close_near_low_fraction pre_5_volume_total pre_5_vol_vs_avg pre_5_mean_body_pct pre_5_mean_wickiness pre_10_range_atr pre_10_net_return_atr pre_10_body_efficiency pre_10_up_bar_fraction pre_10_down_bar_fraction pre_10_hh_count pre_10_ll_count pre_10_close_near_high_fraction pre_10_close_near_low_fraction pre_10_volume_total pre_10_vol_vs_avg pre_10_mean_body_pct pre_10_mean_wickiness pre_signal_range_compression_3v10 pre_signal_body_compression_3v10 pre_signal_atr_ratio_3v10 pre_signal_vol_compression_3v10 pre_signal_breakout_from_compression_flag dist_to_recent_high_5_atr dist_to_recent_low_5_atr dist_to_recent_high_10_atr dist_to_recent_low_10_atr dist_to_recent_midpoint_10_atr position_in_recent_range_10 failed_push_count_pre_signal swing_extension_at_signal_atr pre_signal_trend_efficiency_5 pre_signal_directional_consistency_5 pre_signal_trend_efficiency_10 pre_signal_directional_consistency_10 prior_regime_duration_bars prior_regime_mfe_atr regime_flips_last_30min regime_flips_last_60min avg_regime_duration_last_5 consecutive_trend_bars_pre_flip price_vs_sma20_atr price_vs_sma50_atr sma20_slope_atr sma50_slope_atr sma20_vs_sma50_atr ema3_slope_atr ema_spread_atr ema3_ema9_spread_atr vol_1m_20avg vol_ratio_up_down_10bar vol_ratio_up_down_20bar vol_acceleration_5bar high_vol_bar_count_10 cumulative_volume_bias_10 is_rth hour_of_day minute_of_hour minutes_since_rth_open distance_from_session_high_atr distance_from_session_low_atr distance_from_session_mid_atr session_bars_since_open checkpoint_s time_since_last_1m_bar_close_s time_until_next_5m_bar_close_s price_vs_signal_close_atr price_vs_flip_bar_high_atr price_vs_flip_bar_low_atr price_vs_bar1_high_atr price_vs_bar1_low_atr price_vs_sma20_30s_atr price_vs_sma20_5m_atr price_vs_ema3_30s_atr price_vs_ema3_5m_atr regime_30s_aligned regime_30s_direction regime_30s_duration_bars ema3_slope_30s_atr ema_spread_30s_atr bar_range_30s_current_atr bar_body_30s_current_atr bar_body_pct_30s_current regime_1m_direction regime_1m_duration_bars price_vs_sma20_1m_atr_checkpoint price_vs_ema3_1m_atr_checkpoint ema_spread_1m_atr_checkpoint regime_5m_aligned regime_5m_direction regime_5m_duration_bars ema3_slope_5m_atr ema_spread_5m_atr micro_same_dir_count_12s micro_opp_dir_count_12s micro_aligned micro_opposing micro_net_return_atr micro_range_compression micro_body_pct_avg max_progress_since_signal_atr max_pullback_since_signal_atr current_progress_atr current_pullback_from_local_peak_atr progress_efficiency_since_signal mfe_mae_ratio_so_far continuation_count_since_signal consecutive_continuation_bars bars_since_last_continuation new_progress_in_last_30s_flag new_progress_in_last_60s_flag stall_60s_flag stall_90s_flag extension_from_last_pullback_atr is_rth_checkpoint hour_of_day_checkpoint minute_of_hour_checkpoint minutes_since_rth_open_checkpoint distance_from_session_high_atr_checkpoint distance_from_session_low_atr_checkpoint distance_from_session_mid_atr_checkpoint
feature_infos=[-1:1] [0.32142857142857145:68.267857142857139] [0.32142857142857145:71.553571428571431] [0:8.7845719661335835] [0:7.6387582314205078] [0:1] [0:1] [0:1] [0:1] [1:18149] [0.037746806039488968:17.584905660377359] [0.028985507246376812:12.677300613496932] [-5.0909090909090908:12.625766871165643] [-3.0483870967741935:12.488343558282208] [0:1] [0:0.94999999999999996] [0:13.695652173913045] [0:8.3762528912875869] [0:1] [0:1] [0:1] [0:1] [2:12398] [0.070351758793969849:61.53846153846154] [0:0.94999999999999996] [0.0071355759429153924:13.391304347826088] [-3.4477611940298507:10.5] [0:1] [0:1] [0:1] [0.22331288343558281:13.695652173913045] [-1.7834394904458599:10.757894736842106] [-0.034546703296703299:0.019076905555081007] [3:24239] [0.00070900123304562274:1.620505344995141] [0:2.896969696969697] [-3.303370786516854:4.1090909090909093] [0:2] [0:1] [0:1] [0:1] [0:1] [0:1] [0:1] [5:23395] [0.029368575624082228:750.90909090909088] [0:1] [0:1] [0:1.9409090909090909] [-4.023952095808383:3.106741573033708] [0:1] [0:1] [0:1] [0:1] [0:1] [0:1] [0:1] [11:31272] [0.023513065783145406:442.71428571428572] [0:1] [0:0.97777777777777786] [0:1.2260355029585799] [-4.6666666666666661:3.310810810810811] [0:0.75920679886685549] [0:0.90000000000000002] [0:1] [0:1] [0:1] [0:1] [0:1] [39:59875] [0.034611326064016887:670.15384615384619] [0:0.85500000000000009] [0:0.87296836440992787] [0:40750000000] [0:22083333333.333332] [0:40750000000] [0.013762287756925826:602.29166666666674] [0:1] [-12.625766871165643:9.5233160621761659] [-9.0051813471502591:12.797546012269938] [-12.625766871165643:9.5233160621761659] [-8.8601036269430047:12.917791411042945] [-9.1917098445595862:12.771779141104295] [-13.359375:44.235294117647058] [0:9] [0.30434782608695654:12.917791411042945] [0:1] [0:1] [0:0.75920679886685549] [0:1] none [0:46.5] [1:10] [1:15] [2:52.600000000000001] [0:4] [-8.179792746113975:11.497177914110479] [-11.614252873563245:25.967586206896971] [-4.6540229885056803:4.4715151515149039] [-22.94119402985055:21.80598130841167] [-11.493563218390831:24.609827586207317] [-7.3899721804318785:9.4586902364257845] [0.077932585450046624:6.9239130434782608] [-3.8814414730147004:4.9283689036079759] [4.9000000000000004:5171.75] [0:16.285714285714285] [0.10526315789473684:8] [-0.90015015015015021:435.42857142857139] [0:10] [-0.64260768335273577:0.61581137309292644] [0:1] [0:23] [0:59] [-510:929] [0:343] [0:360.76923076923077] [-171.5:180.2948717948718] [1:1379] [0:600] [0:30] [0:270] [-9.6517647058823535:49] [-9.8494117647058825:50.380281690140848] [-8.76235294117647:51.464788732394368] [-13.086956521739131:48.70422535211268] [-9.4870588235294111:50.774647887323944] [-27.24705882352924:38.923943661972118] [-71.55149253731328:66.408411214953645] [-9.0118586467647486:9.0987172978427484] [-25.346258643473007:49.861431819408509] [0:1] [-1:1] [1:84] [-21.714611190419387:45.765602333084431] [0.10053209185066941:20.912345535992586] none none none [-1:1] [2:12] [-29.501204819277351:42.951408450704371] [-18.301371766585675:14.270915351121349] [0.11260150927553073:28.344449647104565] [0:1] [-1:1] [1:119] [-34.974680701620763:43.224882502635531] [0.00028485873452963354:34.582052103304854] [0:11] [0:11] [0:1] [0:1] [-13.164179104477613:9.8925619834710758] [0:122] [0:1] [0:64.358208955223887] [0:21.049411764705884] [-9.6517647058823535:49] [0:41.686567164179102] [0:1] [0:510] [0:9] [0:9] [0:9] [0:1] [0:1] [0:1] [0:1] [0:21] [0:1] [0:23] [0:59] [-510:929] [0:342.39130434782612] [0:360.05128205128204] [-170.89130434782609:179.57692307692309]
tree_sizes=6945 7082 7118 7069 7114 7110 7099 7088 7118 7101 7111 7070 7077 7103 7081 7083 7083 7069 7116 7089 7081 7075 7101 7040 7078 7026 7064 7058 7011 7042 7050 7076 7047 7045 7078 7038 7095 7007 7059 7065

Tree=0
num_leaves=63
num_cat=0
split_feature=118 135 141 135 10 71 130 172 173 135 127 175 135 176 158 120 21 176 114 105 1 48 130 105 98 140 118 5 21 135 13 5 5 2 157 15 86 135 108 1 58 4 10 118 67 2 23 147 14 29 106 56 26 50 63 37 40 135 8 103 29 103
split_gain=1654.58 681.75 456.691 445.576 160.959 147.326 113.749 104.419 101.695 82.5896 82.5246 116.295 67.4687 61.2786 57.4874 63.2689 54.5944 54.4853 48.5386 48.0092 47.3826 61.3865 46.5477 44.6814 44.0021 42.9347 41.2337 48.0011 40.9839 40.3101 40.0462 38.8051 42.0139 38.7147 37.8881 36.9327 36.8972 36.7136 36.3183 36.9442 36.2705 51.199 41.3678 41.0054 39.8009 36.3702 41.4731 35.8924 35.3811 35.5999 35.244 34.3642 39.3696 35.8845 34.3102 40.4733 41.9571 34.2146 34.0519 33.512 44.2459 34.0945
threshold=1315.5000000000002 0.56324218914842994 -1.2107833123820575 0.51476367683863966 4.8374181216641432 1.7536656131411681 1.3569600834541318 35.500000000000007 388.50000000000006 1.2754755837351228 -0.39154119607932897 9.1366348360352365 0.87823044024783214 -14.402207623303429 -0.59331346619482195 1.0000000180025095e-35 0.70638945233265737 9.8930952380952402 369.50000000000006 254.17500000000004 9.3660714285714306 1.0416974077455017 -0.28027822788739726 62.625000000000007 -1.7713533555077565 7.5000000000000009 919.50000000000011 0.96915146708961153 0.86729559748427687 0.51800011942094037 1.0157887341818053 0.65648320895522405 0.55028089887640463 3.0625000000000004 1.1447290883181729 0.075000000000000025 2.2663559902409798 0.93601319987008791 0.20831772759211631 2.3839285714285716 0.65631604939872146 0.51385577065567378 0.7939290983593964 1089.5000000000002 0.3888888888888889 3.7589285714285716 1.240856804371919 1.9720718013297949 0.40783930799852208 0.72730195849166923 1.1590111014745001 0.36666666666666675 1.1732973810830887 0.23304620775239071 0.19616058449668181 0.27294320881019224 1.0000000180025095e-35 1.3329630929480347 0.080123456790123462 0.95746140670958713 0.38343208354370678 1.1213996357912668
decision_type=2 2 2 2 2 2 2 2 2 2 2 2 2 2 2 2 2 2 2 2 2 2 2 2 2 2 2 2 2 2 2 2 2 2 2 2 2 2 2 2 2 2 2 2 2 2 2 2 2 2 2 2 2 2 2 2 2 2 2 2 2 2
left_child=1 5 9 19 6 10 8 37 13 17 -1 29 33 16 15 -15 -4 20 22 -2 21 28 -16 -10 -24 -6 27 -22 35 -12 59 32 -13 -8 36 -3 48 -5 39 -9 54 44 43 45 -42 -43 -47 -21 -26 -50 -28 52 -27 -53 -37 56 -56 -17 -32 -20 -61 -62
right_child=3 2 4 7 25 -7 12 38 23 -11 11 31 -14 14 18 57 -18 -19 30 47 26 -23 24 -25 34 51 50 -29 -30 -31 58 -33 -34 -35 -36 40 -38 -39 -40 -41 41 42 -44 -45 -46 46 -48 -49 49 -51 -52 53 -54 -55 55 -57 -58 -59 -60 60 61 -63
leaf_value=-0.46570205811828752 -0.48499179462373559 -0.46831566973923877 -0.45632217804746483 -0.50141086858532558 -0.43678449609898284 -0.48476090379458925 -0.45350733218320677 -0.46691628732318496 -0.46644098189600108 -0.45222422626855113 -0.47978092706023517 -0.46956138209416187 -0.45837092458694423 -0.47238614198302215 -0.46203311114841633 -0.4654385816440863 -0.40783613447937062 -0.46575243447181858 -0.46413042637008933 -0.52407363909807658 -0.47328383934376517 -0.46319354316656186 -0.4715652910840239 -0.47246179593081766 -0.46964744170665906 -0.46247527795894339 -0.45895627179260284 -0.42713588896620291 -0.49256292630413057 -0.47214435404078309 -0.45054741495253314 -0.47078762487109432 -0.45581704226595893 -0.46580352119081886 -0.45991287012289439 -0.46024692004888662 -0.468190259650486 -0.47870182495901192 -0.46466781221786396 -0.48848494321631525 -0.42641459267928167 -0.4738813777271263 -0.45228168238481559 -0.48734920110324909 -0.44882558595553579 -0.47474035208256316 -0.44286009485714117 -0.50369649655753612 -0.46357450740928197 -0.45242677293749511 -0.48193289474578666 -0.50020513833120139 -0.41376408224597161 -0.45076737027667663 -0.39457081219602352 -0.47682207821840189 -0.44533605331150489 -0.4473683635803673 -0.49530238811333738 -0.4778588769765566 -0.42383628627538317 -0.44993284436221737
leaf_weight=5423.3631227910519 102.59136007726192 475.99547897279263 1155.5151572674513 767.4212824255228 632.13336879014969 2148.0214098393917 702.50203840434551 299.4814760684967 5252.535477027297 5989.6295213699341 5128.3833461254835 1160.0168566703796 8927.1068475544453 5287.1274829655886 11624.572516098619 4208.1412155479193 61.128339260816574 2520.4778025448322 253.75368739664555 1192.2395471334457 1001.9835144728422 2742.7195941209793 2962.5920702219009 7455.051142796874 2237.8184663504362 111.35782733559608 4589.364075511694 59.706749975681305 71.790258899331093 2606.2470227479935 76.291958302259445 5538.7487864345312 1067.8504846841097 7211.0116488486528 3063.5249094665051 2867.5825196653605 9434.8511538952589 231.71905347704887 529.06814561784267 589.01182714104652 307.53714868426323 269.15423798561096 6459.9386432021856 151.16232731938362 556.78913667798042 138.60495530068874 386.43535400927067 263.94174394011497 8724.2934428751469 780.21558599174023 173.19696123898029 78.187410682439804 66.103901758790016 69.184011876583099 58.759023785591125 59.94368152320385 132.44473506510258 279.34229452908039 95.957276746630669 76.0550267547369 249.48891954123974 251.14744037389755
leaf_count=22890 433 2009 4877 3239 2668 9066 2965 1264 22169 25280 21645 4896 37678 22315 49063 17761 258 10638 1071 5032 4229 11576 12504 31465 9445 470 19370 252 303 11000 322 23377 4507 30435 12930 12103 39821 978 2233 2486 1298 1136 27265 638 2350 585 1631 1114 36822 3293 731 330 279 292 248 253 559 1179 405 321 1053 1060
internal_value=-0.465422 -0.464474 -0.46284 -0.497208 -0.464761 -0.472291 -0.465004 -0.483765 -0.465973 -0.457454 -0.471011 -0.472868 -0.461351 -0.464972 -0.465244 -0.46868 -0.453886 -0.458815 -0.464401 -0.518051 -0.457962 -0.456448 -0.464681 -0.469973 -0.465813 -0.444376 -0.461778 -0.470689 -0.454898 -0.477208 -0.453539 -0.468546 -0.462974 -0.464712 -0.46511 -0.45467 -0.465862 -0.496144 -0.475039 -0.481215 -0.4541 -0.452367 -0.453711 -0.46348 -0.440851 -0.458937 -0.451276 -0.52038 -0.463991 -0.462659 -0.459792 -0.45915 -0.444331 -0.476996 -0.458695 -0.440974 -0.429735 -0.464314 -0.47548 -0.448989 -0.442326 -0.436928
internal_weight=137388 133413 110340 3975.47 81327 23072.6 80370 2416.7 63529.4 29013.2 20924.6 15501.2 16840.6 50821.8 49605.2 9774.61 1216.64 23023.6 39830.6 1558.77 20503.1 14678.9 38827.9 12707.6 27203.3 956.967 5824.25 1061.69 11936.1 7734.63 1002.69 7766.62 2227.87 7913.51 24240.7 11864.3 21177.2 999.14 1417.56 888.493 11388.4 8269.62 7405.3 945.357 864.326 794.195 525.04 1456.18 11742.3 9504.51 4762.56 324.833 177.462 147.371 3118.73 251.147 191.204 4487.48 172.249 830.445 576.691 500.636
internal_count=579865 563086 465705 16779 343251 97381 339212 10200 268134 122454 88315 65425 71078 214500 209365 41255 5135 97174 168110 6579 86536 61954 163878 53634 114815 4039 24582 4481 50378 32645 4232 32780 9403 33400 102311 50075 89381 4217 5983 3750 48066 34903 31255 3990 3648 3352 2216 6146 49560 40115 20101 1371 749 622 13163 1060 807 18940 727 3505 2434 2113
is_linear=0
shrinkage=1


Tree=1
num_leaves=63
num_cat=0
split_feature=118 143 172 130 143 10 127 175 143 143 153 71 174 122 174 98 115 105 13 156 105 159 71 10 44 10 77 105 18 114 14 128 159 33 86 173 101 114 108 125 128 162 20 30 175 106 147 94 31 48 61 5 117 148 118 9 118 22 99 72 51 3
split_gain=1505.04 787.526 400.611 270.084 190.407 135.599 130.941 108.959 96.7314 86.206 77.83 77.3261 68.072 61.4029 53.0158 47.993 47.8743 45.9782 44.6546 44.446 44.1446 42.7438 39.0232 42.4155 57.7182 44.1915 38.5982 37.925 41.4082 37.5835 36.8483 36.3398 36.2307 37.7754 35.4777 35.0363 34.7296 33.8467 37.8879 33.6134 35.1499 33.5586 33.518 33.2463 33.1853 31.384 31.1317 30.8806 39.3777 35.976 30.1194 30.0458 30.0166 29.8435 29.7425 30.462 29.6477 31.403 31.7373 29.6152 48.3616 41.2195
threshold=1315.5000000000002 0.93906335355148285 28.500000000000004 -1.502921633374193 0.65588195890484458 3.7867447033220256 -0.50487861609369011 9.9666290826245749 0.64446977704632968 0.59525426957690342 0.3394190276508432 1.8298274544503883 15.008424892825712 -0.76443646777293939 15.458544380125423 -2.1777777777780369 13.513909925504622 127.67500000000003 1.3433934722952066 1.0121632505465248 1472.0500000000004 0.67969021830630239 1.3282248169430289 1.3636914085521263 8151.5000000000009 1.592796142500061 0.59185237280992087 1721.4250000000004 0.88107024988213112 30.500000000000004 0.49915109377747419 0.37017468787767421 1.203529152458868 2900.5000000000005 1.3422173326708782 445.50000000000006 -1.4638535122787875 -306.49999999999994 -0.2941471769430663 -0.034869294425627466 2.7503981386385079 2.5000000000000004 0.60120481927710856 2.9072128020259327 87.265107804433669 0.97675037549309274 3.0142629809274104 4.5000000000000009 1.268038018357591 1.1697573099415206 0.91856455564895467 0.9853655054254713 -13.539419206440481 2.8080075240339291 1295.5000000000002 1487.5000000000002 1255.5000000000002 402.50000000000006 0.63201132030938201 0.46370447761789102 0.70000000000000007 1.228186031115525
decision_type=2 2 2 2 2 2 2 2 2 2 2 2 2 2 2 2 2 2 2 2 2 2 2 2 2 2 2 2 2 2 2 2 2 2 2 2 2 2 2 2 2 2 2 2 2 2 2 2 2 2 2 2 2 2 2 2 2 2 2 2 2 2
left_child=1 4 8 21 11 10 39 12 46 -4 13 15 17 19 37 29 20 -8 22 -5 34 52 47 30 25 45 44 28 -10 -1 -24 42 33 56 -9 -28 -7 -15 54 -6 -41 53 -32 -38 -11 -25 -2 48 -19 -49 -17 -52 -3 -42 55 -39 57 58 -18 60 -22 -61
right_child=2 3 9 5 6 36 7 16 27 26 -12 -13 -14 14 -16 50 32 18 -20 -21 59 -23 23 24 -26 -27 35 -29 -30 -31 31 -33 -34 -35 -36 -37 43 38 -40 40 41 -43 -44 -45 -46 -47 -48 49 -50 -51 51 -53 -54 -55 -56 -57 -58 -59 -60 61 -62 -63
leaf_value=-0.006869312644450694 -0.059685621678014902 -0.0055825270131844183 -0.038871593329011855 -0.0048352007842553703 -0.0072269688544254907 -0.021565970095026629 -0.003361854006845326 0.027796355758506076 -0.032325360554412243 -0.030536819417179464 0.0065318015344521477 -0.022106601887097871 -0.0020689087543069554 0.0054286145981315218 0.0054979438085575186 -0.012146502691808328 0.0074718850160421279 -0.0085041539155246079 -0.029663707376487072 0.0090248517126621918 0.010674115745472251 0.014101165355755793 -0.0069486420791839733 0.028748804642635479 0.035145837732513209 -0.024564645948607182 -0.0017035307655306941 -0.051650041768878656 0.01569448849371901 -0.028089142276973896 -0.022276495633672677 -0.038847323723153776 -0.0083638184648784364 0.04820484955643059 -0.0027459936633369053 -0.025433619335532738 -0.0040203357411090516 -0.0039205540911707382 0.001319825917538021 0.0035743091271372806 -0.002527367925078061 -0.016923302886659282 0.014366708375781356 0.021045651515650323 0.0073123597550416829 -0.010619235828745466 -0.031019290779476801 -0.0047555344599842838 -0.023858507387574293 -0.025309884364793679 -0.0059771991879818322 0.0086271544070943527 0.0089805615505744833 0.023494985378380163 0.030392448332792629 -0.02450962104592878 -0.016051785220212431 0.019154074334412161 -0.022228945973792297 0.010489104987158281 0.055137447476890415 -0.022284228695646922
leaf_weight=354.59707382321358 913.3011879324913 366.74896390736103 294.03469178080559 5046.3108734488487 939.62786465883255 55.605056196451187 3064.9351008236408 95.713867381215096 710.12640492618084 307.68802937865257 9721.1010853946209 1134.5225383788347 5850.7014212161303 4307.3228850513697 9830.0219402313232 1992.2523452937603 795.60597003996372 1360.8317440897226 292.75691126286983 653.30264900624752 413.02147017419338 4976.2740386724472 382.69200204312801 89.631923794746399 80.40491709113121 257.26224678754807 1060.1739198565483 252.8899292498827 47.923273175954819 507.04001820087433 693.13969099521637 329.70461566746235 344.61325074732304 60.614422842860222 14363.384725853801 182.29147773981094 146.21093828976154 2866.629010245204 24800.524660140276 11588.131630659103 1330.507322281599 388.23851992189884 68.581474840641022 1388.9715606719255 71.340027689933777 116.32595583796501 105.6685174703598 4441.2306949794292 602.41885933279991 223.60308963060379 5043.5241848528385 378.61282968521118 10044.783970102668 120.12593178451061 59.806344926357269 191.66061981022358 118.67215894162655 566.11422210931778 101.4085174202919 277.7632647305727 71.784693464636803 146.56399370729923
leaf_count=1499 3906 1545 1251 21312 3967 234 12944 404 3025 1305 40998 4803 24714 18168 41463 8415 3358 5751 1237 2758 1744 20958 1618 379 340 1088 4487 1078 204 2144 2931 1394 1455 256 60639 771 616 12097 104635 48878 5615 1638 290 5843 302 492 450 18767 2546 945 21309 1599 42318 507 252 809 501 2390 428 1173 303 619
internal_value=7.06047e-05 0.000970458 -0.0303641 0.00438935 -0.003345 0.00285231 -0.00210733 -0.00374875 -0.0458412 -0.0139628 0.00245376 -0.00986524 -0.00649107 0.00162363 0.00228366 -0.00818712 -0.000927591 -0.00864649 -0.0104585 -0.00324653 -0.00187186 0.0102894 -0.00980823 -0.0158964 -0.00395887 -0.0107466 -0.00944593 -0.0348831 -0.0292896 -0.0193564 -0.0202988 -0.0249798 0.00637565 0.0094683 -0.00254381 -0.00518515 0.0172523 0.00130319 0.000666714 0.00191543 0.00255522 -0.00386683 -0.0189773 0.0186584 -0.0234129 0.00651355 -0.0567129 -0.00795484 -0.0132156 -0.00574078 -0.00688913 -0.00495742 0.00846757 -0.000372475 -0.00452797 -0.00521085 0.00798392 0.00993342 0.00411417 0.00881508 0.0172578 -0.000830909
internal_weight=137387 133442 3945.44 74455.3 58986.7 59067.5 49576.1 35209.5 2029.91 1915.53 57476.7 9410.55 17854.2 47755.6 42056 8276.03 17355.3 12003.5 8938.58 5699.61 15368.2 15387.8 8645.83 2017.74 543.625 463.22 1621.49 1010.94 758.05 861.637 1474.12 1091.43 1987.03 1642.42 14459.1 1242.47 1590.79 32225.9 27918.6 14366.6 13427 1838.87 761.721 1535.18 379.028 205.958 1018.97 6628.08 1963.25 4664.83 7414.39 5422.14 10411.5 1450.63 3118.1 3058.29 1581.8 1463.13 897.014 909.133 484.806 424.327
internal_count=579865 563086 16779 314006 249080 249185 209311 148706 8663 8116 242492 39769 75436 201494 177424 34966 73270 50722 37778 24070 64882 64821 36541 8532 2299 1959 6865 4307 3229 3643 6233 4615 8388 6933 61043 5258 6693 135961 117793 60605 56638 7760 3221 6459 1607 871 4356 28009 8297 19712 31323 22908 43863 6122 13158 12906 6677 6176 3786 3839 2047 1792
is_linear=0
shrinkage=0.05


Tree=2
num_leaves=63
num_cat=0
split_feature=118 143 135 123 135 10 105 123 71 130 101 172 159 120 83 1 123 170 176 71 159 135 71 23 95 176 35 37 75 16 103 172 75 34 55 57 120 100 75 7 175 115 173 18 6 175 148 97 142 148 23 100 25 101 146 97 28 101 101 148 130 175
split_gain=1369.47 710.478 388.661 247.668 195.529 102.75 90.2389 78.4816 75.9292 69.9389 66.4677 61.8193 60.7748 59.9928 57.457 57.3979 52.6766 59.6405 50.789 48.807 45.0448 44.6172 44.568 44.5375 42.1927 41.8899 41.2986 38.3116 39.0282 37.05 39.3997 36.8498 35.9081 35.6829 38.9049 35.3976 34.9526 34.5025 34.2135 32.5764 32.1419 37.1541 40.5701 34.2514 32.0606 35.677 31.5836 31.5604 33.2272 31.4965 31.4654 40.9717 31.3375 31.3206 36.7368 41.6514 36.729 35.4542 48.7998 31.3186 30.8075 37.582
threshold=1315.5000000000002 0.93906335355148285 0.51476367683863966 2.8560350438047561 0.51800011942094037 4.8374181216641432 146.77500000000003 0.85225275963054747 1.7536656131411681 -0.75228045056253801 -1.2111407173826121 57.500000000000007 0.58357181793404211 1.0000000180025095e-35 0.78953076835255176 6.0089285714285721 4.7177574743892192 1.0000000180025095e-35 -6.7198066298342534 1.4633734083120975 1.1737036255556932 0.33543428301888817 1.7878471521084383 1.7991380567096729 12.700000000000001 11.204062520997114 0.70208825531574115 0.25720213396561947 0.35932907672038111 2.0175571538659134 1.5726427648747243 44.500000000000007 0.73595766649457939 0.087506984158979659 0.55000000000000016 5330.0000000000009 1.0000000180025095e-35 -0.97169908600896548 1.9751674751674753 0.1715351812366738 8.8425553805099195 10.683113034662926 57.500000000000007 0.91331186258722497 0.97883538633818601 13.655050995628949 1.9325997671010289 0.07795641393700678 -0.19912505251630211 2.3390170978983371 1.1493315132804329 0.29857774968394585 0.095476249534912586 1.8255342659418567 13.500000000000002 0.053846153846197377 1.0000000180025095e-35 -1.5436525641026355 0.36392708333353568 2.9878367792123783 -0.62147352633086361 8.3801941310384525
decision_type=2 2 2 2 2 2 2 2 2 2 2 2 2 2 2 2 2 2 2 2 2 2 2 2 8 2 2 2 2 2 2 2 2 2 2 2 2 2 2 2 2 2 2 2 2 2 2 2 2 2 2 2 2 2 2 2 2 2 2 2 2 2
left_child=1 4 21 5 8 9 11 12 10 -3 46 -4 37 47 22 20 17 49 29 25 -11 -2 24 50 -9 27 -25 -5 -29 30 53 -23 -27 34 59 -30 -22 -6 39 -7 -16 42 -42 -44 -26 -46 -1 -14 -49 -8 -21 -52 -10 54 56 -56 -17 -58 -59 60 -12 -62
right_child=2 3 6 19 7 38 16 14 52 15 33 -13 13 -15 40 18 -18 -19 -20 23 36 31 -24 26 44 32 -28 28 35 -31 -32 -33 -34 -35 -36 -37 -38 -39 -40 -41 41 -43 43 -45 45 -47 -48 48 -50 -51 51 -53 -54 -55 55 -57 57 58 -60 -61 61 -63
leaf_value=-0.022323336084924136 -0.059963749567369974 0.0054318170967553731 4.0323818489848692e-05 0.011206582354814225 -0.007643286510384816 0.0083135610205845051 -0.038778499964794939 0.0048590373055032686 -0.038574467766075378 0.0047022650603007745 0.0034911049593164705 -0.040563986834183795 -0.013708477368079956 -0.0022382645183871039 -0.010500558833520558 0.0068316170101029271 0.021280889752056487 0.002527768419697477 -0.0016974540066653169 0.014925146762028425 -0.0032067331941858603 -0.045873969649397314 -0.0074650089738631121 0.032901940199097084 -0.00068331682290502819 -0.0084977025420220585 -0.0094159745302629522 -0.017889566769727226 0.0080087491193867964 0.03715755533052293 -0.034644297459542922 -0.015575138788418808 0.0063627636340264585 -0.015227401189467919 -0.014497169991350721 -0.0064153518083990644 0.0040532009165104308 0.00043313807227840962 0.041526652598588509 0.035757204517349726 0.0041277102376708402 0.01007268257960417 -0.01284945582952424 0.029717189633017473 0.00017472843891978618 0.029631752633119596 -0.010587288230611279 -0.013283436931500201 -0.0036296444385790954 -0.022727047886403787 0.017537431793486619 0.04422314556590265 -0.016443747852539312 0.027618033681170013 0.017844173290326924 0.0015663024589870568 -0.022199040589876779 0.0080305262336706883 -0.017585539342151145 0.017714377140623301 -0.0097994760751525019 -0.0017600553879232211
leaf_weight=753.50825178623199 566.98294286429882 13613.454973086715 838.48964616656303 8964.0382784307003 1565.5309097021818 416.54799157381058 562.98922099173069 8321.9400340020657 183.274519354105 14599.585270106792 1324.1055875718594 105.53734593093395 2496.7403282374144 5586.0443922877312 1587.6996434926987 850.25295156240463 60.575931519269943 158.41264964640141 17220.929683223367 1251.3248831182718 4021.9829125106335 839.02226886153221 1258.4943495541811 73.531180441379547 8847.4454095065594 627.62895104289055 267.00298203527927 169.52701655030251 4164.2923235595226 85.892981752753258 65.0001440346241 113.98436471819878 1153.8218385726213 777.03992255032063 802.57772740721703 473.72654666006565 2820.5232549011707 8513.6675232946873 161.81300085783005 146.04569698870182 761.81561237573624 550.48265862464905 1039.5755526721478 49.509071484208107 226.53178235888481 188.17582067847252 2396.6054519563913 1288.2535546272993 2892.8733790963888 668.51052390038967 336.29042576253414 251.33432339131832 1257.485999956727 142.37173204123974 753.91476675868034 820.86400021612644 284.83333067595959 493.09143799543381 298.45903253555298 179.51606725156307 2396.980204641819 3693.916179895401
leaf_count=3195 2461 57324 3553 37689 6622 1743 2412 35106 780 61556 5590 449 10558 23607 6714 3583 258 670 72659 5260 16976 3630 5318 309 37330 2643 1123 713 17509 362 274 488 4858 3288 3395 1994 11897 35974 677 611 3217 2322 4391 209 957 794 10155 5448 12229 2858 1414 1057 5349 600 3178 3460 1201 2078 1258 759 10160 15613
internal_value=6.64449e-05 0.000921377 -0.0290831 0.00416553 -0.00318078 0.00255499 -0.0165306 -0.0015911 -0.00839791 0.00231326 -0.00712821 -0.00449903 -0.0036978 -0.00606186 0.000470524 0.00131334 -0.0243612 -0.0263504 -0.00054362 0.00932395 0.00313336 -0.0488576 0.00162461 0.0163313 0.00227516 0.00834199 -0.000278312 0.00927527 0.00567418 0.00469268 0.00394082 -0.0422501 0.00112722 -0.00497654 -0.00402796 0.00653547 -0.000214144 -0.000821316 0.0212653 0.0154378 -0.00498086 -0.00133145 -0.00472319 -0.0109144 -4.64306e-05 0.013541 -0.0133946 -0.0092603 -0.00660409 -0.0300651 0.0194071 0.0289512 -0.0192589 0.00462912 0.00369436 0.00935922 -0.000935933 -0.00707165 -0.00162817 -0.00292159 -0.00342118 -0.00492385
internal_weight=137382 133468 3914.5 74528.1 58939.8 56795.6 2394.52 45174.8 13765 56071.2 12324.2 944.027 22343.1 12263.9 22831.7 42457.7 1450.49 1389.91 21015.6 17732.5 21442.1 1519.99 18842.6 2179.48 17584.1 15553 340.534 13771.6 4807.55 3794.68 3708.79 953.007 1781.45 9174.14 8397.1 4638.02 6842.51 10079.2 724.407 562.594 3989.08 2401.38 1850.9 1089.08 9262.15 414.708 3150.11 6677.87 4181.13 1231.5 1838.95 587.625 1440.76 3643.79 3501.42 1574.78 1926.64 1076.38 791.55 7594.52 7415 6090.9
internal_count=579865 563086 16779 314006 249080 239437 10200 190796 58284 236406 52155 4002 94438 51842 96358 179082 6198 5940 88653 74569 90429 6579 79505 9163 74187 65406 1432 57905 20216 15994 15632 4118 7501 38805 35517 19503 28873 42596 3031 2354 16853 10139 7817 4600 39081 1751 13350 28235 17677 5270 7731 2471 6129 15358 14758 6638 8120 4537 3336 32122 31363 25773
is_linear=0
shrinkage=0.05


Tree=3
num_leaves=63
num_cat=0
split_feature=118 143 135 123 135 105 116 127 34 122 130 71 83 2 95 173 172 98 117 123 71 114 42 75 117 135 120 49 75 93 21 70 70 48 12 99 159 13 9 19 36 73 173 86 120 105 169 147 47 143 130 59 92 33 46 59 32 157 19 117 57 6
split_gain=1246.46 642.403 361.192 228.26 170.639 93.9092 76.7294 76.5956 73.3393 71.44 66.6572 64.101 62.5551 54.7232 51.5542 51.0114 50.2821 49.8399 49.5973 48.7216 43.3201 41.9498 47.7708 57.9215 40.7038 40.4128 39.4354 38.7955 54.7384 51.4963 44.4393 38.4522 38.3271 38.2592 36.4353 45.2431 35.7772 35.5687 35.0051 34.9563 34.5166 33.4782 32.2104 33.2156 31.8016 31.7666 31.6344 31.2894 31.1834 31.0555 30.4289 35.6629 32.4268 32.6944 39.2357 30.0607 29.6935 31.9574 29.633 29.3687 47.483 35.2161
threshold=1315.5000000000002 0.92631435991403488 0.49060152015335884 2.8560350438047561 0.51800011942094037 182.82500000000002 8.8673509286412528 -0.31458316923708946 0.16300104041813085 -0.4998777506112469 -0.75228045056253801 1.7878471521084383 0.70361064582170119 6.1517857142857153 12.450000000000001 388.50000000000006 57.500000000000007 -2.3898491935001211 -7.8074606116774783 2.7306817003979256 1.4633734083120975 4.5000000000000009 0.41666666666666669 0.67801438987879681 -1.2798417958874595 1.237794502869179 1.0000000180025095e-35 0.28014752370916757 1.6450539442342724 2.5000000000000004 0.3444000551040089 23721.500000000004 1549.5000000000002 0.6105823068309072 0.1366520579268293 0.82016046377551077 1.1737036255556932 -0.089600229376587195 863.50000000000011 0.98314553546065719 0.22637151945618547 0.54239870302821824 -40.499999999999993 1.6093221105982445 1.0000000180025095e-35 77.425000000000026 0.38365227749436787 2.0014861444799608 0.83561406729672283 0.73513222161997038 3.6865606460893741 0.52217710322788158 0.3794879947751062 820.50000000000011 0.48798563667515288 0.3520437089791929 0.00011568813790525008 0.3460868599047236 0.90038167938931302 -1.1345390165314579 1233.5000000000002 0.66779279279279291
decision_type=2 2 2 2 2 2 2 2 2 2 2 2 2 2 8 2 2 2 2 2 2 2 2 2 2 2 2 2 2 2 2 2 2 2 2 2 2 2 2 2 2 2 2 2 2 2 2 2 2 2 2 2 10 2 2 2 2 2 2 2 2 2
left_child=1 4 32 8 6 16 7 -1 10 26 -3 12 14 36 -11 -7 -4 -14 48 -17 25 37 23 -23 -8 -5 46 28 29 -25 -30 -26 -2 -9 45 -36 42 -10 -27 -19 -21 59 -12 56 -38 -22 -6 -34 55 -13 51 52 53 -39 -55 58 -44 -58 -15 -35 -61 -62
right_child=2 3 5 20 9 15 24 33 21 11 13 49 17 18 -16 19 -18 39 -20 40 34 22 -24 27 31 38 -28 -29 30 -31 -32 -33 47 41 35 -37 44 50 -40 -41 -42 -43 43 -45 -46 -47 -48 -49 -50 -51 -52 -53 -54 54 -56 -57 57 -59 -60 60 61 -63
leaf_value=-0.0027400397543478998 -0.01160562440142233 0.0050038265986041292 -0.0022186945431726854 0.0059914424079299681 -0.014153064572520628 0.0062176215360456484 0.010412681232539208 -0.047353684141542049 0.033674213825384332 0.0039800886331579442 0.006633532114828514 -0.016121930787770408 -0.016221254185197178 0.011010561891658667 -0.00086158430142340878 -0.032249308799101213 -0.037815444978149655 -0.0030449089940651759 -0.0018433123020178133 0.013998282272215236 -0.0040711761885062359 -0.020515114585071565 -0.022994417259087237 -0.011966345177543755 -0.0056225544543710669 0.0099692594788995132 -0.0022449583346268605 0.035422540065203678 -0.031048713607666631 0.032321117840330739 0.017041801844118378 0.027383519850778679 -0.053771142461983418 -0.014250858695633162 0.010106396214009526 0.048320784748234501 -0.0032840195224893643 0.01692121100709729 0.023249908320751512 0.0092656144914057739 -0.029550435447838759 -0.0096807222442884394 0.027674973396573335 0.0011913476839956723 0.0038347917662387232 0.032555533964884156 -0.0044879937601512718 -0.03351100415029979 -0.025985497964709281 -0.0043877797704544317 0.0445162886810107 0.024784984242859284 0.012100145161496269 -0.036210803655774393 0.016919943571125768 0.0030311577150194842 -0.015673179535971388 0.017861312252242995 0.043614589243314295 -0.0029334559987155575 -0.0078924500175510167 -0.03648693375045764
leaf_weight=1863.001948043704 67.558459743857384 13759.359323725104 1006.9309929013252 10278.205975174904 2018.5240975469351 117.96051926910877 455.81121960282326 87.022613495588303 246.98926663398743 10136.460637241602 6883.7351692020893 875.42804636061192 689.00559414923191 615.1097905933857 12015.303966730833 1076.2530767917633 110.04681374132633 10292.427183523774 17948.867174834013 106.87146057188511 68.944354087114334 149.96782079339027 149.8382253497839 90.972701713442802 5669.6745593100786 4969.3398976922035 2957.5898265242577 159.15012441575527 127.87563985586166 235.69414882361889 76.943153887987137 89.63677866756916 1086.9384901225567 2048.7422779947519 1646.7565708756447 81.275762468576431 3788.9514239728451 79.423165678977966 551.20981580018997 610.87610524892807 79.234957575798035 2498.822438955307 229.69228544831276 7788.13570484519 2677.4086230844259 418.80991284549236 1458.2541023939848 231.08388967812061 80.909713447093964 1584.3500636070967 70.916068851947784 318.76948989927769 516.98398126661777 127.63441109657288 47.746892526745796 2690.3803805857897 123.46228609979153 167.33266317844391 78.595053791999817 190.04058024287224 132.6796029061079 571.36240871250629
leaf_count=7887 291 57873 4274 43168 8557 499 1927 371 1032 42753 28989 3714 2921 2590 50727 4649 473 43520 75761 458 289 631 631 383 24002 20844 12503 670 538 992 324 380 4787 8721 6901 340 16006 334 2310 2581 340 10635 968 32819 11285 1754 6177 1008 341 6705 296 1337 2169 535 200 11330 520 705 331 809 565 2435
internal_value=6.25161e-05 0.000874803 -0.0278633 0.00383455 -0.00319003 -0.0165042 -0.0080652 -0.0115081 0.0023356 -0.00163426 0.00197413 -0.00077145 -0.000203416 0.00100631 0.00135392 -0.0252263 -0.00572576 -0.00317934 -0.000786046 -0.0281646 0.008763 0.0108992 0.00301443 0.00765052 -0.00397052 0.00784476 -0.006489 0.0137665 0.00728178 0.0199876 -0.0129828 -0.00510885 -0.0483363 -0.0144627 0.0153101 0.0119038 0.0027784 0.0164438 0.0112953 -0.00235519 -0.00454262 -0.0139367 0.00410419 0.00200862 -0.000336462 0.0273783 -0.0100993 -0.050219 0.00469065 -0.00856393 0.0127797 0.0107159 0.00490503 -0.00969345 -0.0217462 0.00542408 0.0142375 0.00362363 0.0147045 -0.0175506 -0.0251117 -0.0310982
internal_weight=137373 133490 3882.88 77245.4 56245 2497.3 13606.8 7391.67 59230.8 42638.2 56831.9 36203.9 33744.1 43072.6 22151.8 1380.32 1116.98 11592.3 21413.9 1262.36 18014.5 2398.91 990.442 840.604 6215.12 15798.8 6434.37 690.636 531.486 326.667 204.819 5759.31 1385.58 5528.67 2215.79 1728.03 21658.7 1408.46 5520.55 10903.3 186.106 5441.65 15192.4 8308.62 6466.36 487.754 3476.78 1318.02 3464.99 2459.78 1161.47 1090.56 771.788 254.804 175.381 3384.09 520.487 290.795 693.705 2942.82 894.083 704.042
internal_count=579865 563086 16779 325196 237890 10693 57732 31423 249590 180158 239518 152921 142502 181645 93480 5946 4747 49022 90353 5447 75606 10072 4169 3538 26309 66322 27237 2907 2237 1375 862 24382 6086 23536 9284 7241 91292 5903 23154 46101 798 23165 64001 35012 27291 2043 14734 5795 14592 10419 4871 4575 3238 1069 735 14251 2193 1225 2921 12530 3809 3000
is_linear=0
shrinkage=0.05


Tree=4
num_leaves=63
num_cat=0
split_feature=118 143 135 141 135 34 71 113 158 153 82 116 127 176 100 6 135 95 135 2 20 57 7 57 117 143 159 120 45 148 48 100 16 172 134 92 98 71 107 173 104 63 108 120 169 23 48 46 95 44 13 18 127 16 6 127 2 36 141 59 148 147
split_gain=1134.73 581.244 336.462 205.848 142.467 114.486 89.6398 78.2123 71.6472 66.1999 57.7811 55.9714 62.0903 53.6494 44.8522 43.0905 41.9654 41.72 40.2661 42.738 41.0063 43.7551 38.4898 37.6032 37.6235 37.0515 44.2363 57.2802 36.9171 36.8104 36.1403 36.881 35.6562 33.3599 33.1578 32.713 32.2758 32.2673 31.8513 38.2064 41.5963 31.475 31.3929 30.9924 33.2549 30.7256 30.6213 30.3718 30.2867 30.1711 36.7219 29.9959 29.8998 29.124 36.1125 32.1535 28.9911 45.8428 30.4885 28.6529 36.4129 28.4184
threshold=1315.5000000000002 0.90868764380149658 0.51476367683863966 -1.2529297322041084 0.53329776004632501 0.29768627066596232 1.7536656131411681 28.500000000000004 -0.4998777506112469 0.35179562735141684 2.250164690382082 8.8673509286412528 -0.26853996865198676 9.8930952380952402 -0.47108041743400203 0.99779735682819393 0.33543428301888817 12.450000000000001 1.2622635792835781 10.205357142857144 0.30567033976124891 10069.000000000002 0.050096525096525103 11110.500000000002 -0.46892953865902715 1.2394456866723471 1.3660883412957843 1.0000000180025095e-35 0.48721461765660284 2.4095746774106943 1.0416974077455017 -0.90902696816362372 0.67206557377049192 44.500000000000007 2.5116823407673303 4.3173799455950883 -2.7441114149851322 1.7878471521084383 1.0726850149293263 -336.49999999999994 0.38620487511676238 0.21098403921075784 -0.082367183403764824 1.0000000180025095e-35 0.27716240050018204 3.4160539215686279 0.62337694532433552 0.39135792070147418 13.500000000000002 3604.5000000000005 0.48913383080600747 0.10063291139240509 -2.4957427536231158 0.97425409797713558 0.11695219673943079 -0.02857142857161913 2.3303571428571437 -0.10480162669313776 -2.9881305920426615 0.51778442036506556 2.7190300118046 -1.6785563790489821
decision_type=2 2 2 2 2 2 2 2 2 2 2 2 2 2 2 2 2 8 2 2 2 2 2 2 2 2 2 2 2 2 2 2 2 2 2 10 2 2 2 2 2 2 2 2 2 2 2 2 10 2 2 2 2 2 2 2 2 2 2 2 2 2
left_child=1 4 16 13 6 9 11 -4 43 25 17 12 51 18 -12 34 -2 37 19 30 28 29 -14 24 42 26 32 -28 -21 -22 45 36 -5 -18 -7 -24 -32 53 61 40 -40 -20 -13 44 -6 -3 -26 -33 -38 50 -31 -1 -41 55 -55 -10 57 -9 -58 -52 -61 -19
right_child=2 3 7 5 8 15 -8 56 10 -11 14 23 22 -15 -16 -17 33 38 41 20 21 -23 35 -25 46 -27 27 -29 -30 49 31 47 -34 -35 -36 -37 48 -39 39 52 -42 -43 -44 -45 -46 -47 -48 -49 -50 -51 59 -53 -54 54 -56 -57 58 -59 -60 60 -62 -63
leaf_value=0.016959761249260848 -0.056406050245118446 0.010482861500620853 -0.02950707438955414 -0.0046340252919725806 -0.015956226469707343 0.016696384451116476 -0.018571916394988064 0.022606395905859097 0.0047236815306188236 0.0055329821605942702 -0.0083934699975747526 0.021151737834043994 -0.018307362306933764 0.00040151642562381368 -0.0011717258398921894 -0.015725277713646388 -0.042479457494689538 -0.003978002290512774 0.010686771875684986 -0.040308938071999756 -0.0027501845754141926 0.028966156101817443 -0.0068090427655790641 0.032318542069333697 -0.038046255088036891 0.0031457271442480242 -0.0083642496720889754 0.0015575057609860798 0.00050179858956971382 0.053032500564254459 -0.00087066686240122408 0.010441125160016071 0.0013415016700809904 -0.013443835105969812 0.03960890184125547 -0.019069342208579421 0.07213583443367326 -0.0077458357272188515 0.0025738897370197775 0.028790722195897914 0.045434225790345173 0.023809709004343312 -0.0010099087531550814 -0.0028081287798026049 -0.0054026108824061191 -0.0028929001821877253 -0.0039820494576085922 -0.0034010627924006029 0.016610329265945089 -0.0016871530844578297 0.024288839338034648 -0.0035315383243065194 -0.0069784952075456156 0.00071504685087512415 0.010782715568045317 -0.002842117991524157 0.02118100086833603 -0.0093630002232474221 -0.015590271172455736 0.02662114680025118 -0.030998058512548107 0.0026690539645424262
leaf_weight=198.83383862674236 548.17466877400875 9132.3549151271582 670.42107862234116 2761.5095619261265 1380.1296347975731 707.21592125296593 1583.9458237588406 161.15967074036598 3319.7059957683086 8753.7228646427393 3573.7238980829716 274.41503977775574 1616.1552484333515 2495.4151502847672 5396.791652649641 83.46123169362545 816.43387578427792 2293.1358532607555 4768.8961879760027 56.385245159268379 616.53423151373863 247.85123583674431 2989.0809351801872 75.792427569627762 66.728423550724983 12379.581016078591 3295.6309023499489 2604.138098269701 3216.7228597402573 76.93223212659359 70.216918230056763 558.97556838393211 26009.085190966725 112.56313380599022 203.28666415810585 665.14532232284546 47.63858225941658 648.57949610054493 554.3047751635313 59.325248032808304 63.047593578696251 505.34288726747036 382.57783156633377 2619.3977636992931 1625.6822727322578 450.52196246385574 5829.395446151495 1361.4952062964439 50.691439390182495 201.96527265012264 254.94526040554047 1754.3295310586691 3844.7085553556681 1396.0208250582218 2460.8184663653374 2433.8707896023989 59.375995099544525 368.6262770742178 1114.0209448486567 48.31531722843647 63.399827301502228 5381.7449091672897
leaf_count=841 2461 38284 2922 11649 5871 2947 6785 684 13981 36822 15144 1158 6893 10487 22829 349 3630 9694 19947 237 2590 1039 12745 319 283 52131 13930 10983 13502 323 295 2347 109661 488 846 2841 200 2751 2341 250 266 2112 1615 11079 6898 1889 24687 5718 213 848 1070 7422 16242 5878 10377 10277 252 1568 4774 203 266 22731
internal_value=5.88032e-05 0.000830601 -0.0267001 0.00348593 -0.0032683 0.00184003 -0.00730408 -0.0150407 -0.0015869 0.00154043 -0.000656653 -0.00601567 -0.0090603 0.00734495 -0.00404876 0.0186601 -0.045435 0.00069844 0.00814235 0.00692378 0.0029432 0.0097594 -0.0118823 -0.00269791 -0.00310291 0.000797612 -4.08185e-05 -0.00398482 -0.000201241 0.00598755 0.008555 0.00259601 0.000767948 -0.0389613 0.021812 -0.00904067 0.0250216 0.00304831 -0.00127817 -0.00460722 0.00695104 0.0119441 0.00824664 -0.00678378 -0.0102483 0.00985402 -0.00436757 0.000627869 0.0435111 0.0143324 0.0216261 -0.00144551 -0.00643495 0.00377678 0.00713862 0.00152321 -0.0093463 0.000362017 -0.0137296 0.0150364 -0.00607852 0.000683016
internal_weight=137360 133510 3850.78 81022.2 52487.4 56797.6 15436.4 2373.6 37051 55803.7 31425.8 13852.5 7223.54 24224.6 8970.52 993.964 1477.17 22455.3 21729.2 16454.9 4783.05 1509.94 5270.38 6628.91 6553.12 47049.9 34670.4 5899.77 3273.11 1262.09 11671.9 2089.02 28770.6 928.997 910.503 3654.23 168.547 10259 12196.3 4521.39 617.352 5274.24 656.993 5625.21 3005.81 9582.88 5896.12 1920.47 98.33 645.558 443.593 1953.16 3904.03 9610.42 3856.84 5753.58 1703.18 529.786 1173.4 366.66 111.715 7674.88
internal_count=579865 563086 16779 340888 222198 239318 65589 10200 156609 235176 132761 58804 30742 101570 37973 4142 6579 94788 91083 69024 20078 6339 22479 28062 27743 198354 146223 24913 13739 5300 48946 8773 121310 4118 3793 15586 708 43264 51524 19099 2607 22059 2773 23848 12769 40173 24970 8065 413 2710 1862 8263 16492 40513 16255 24258 7278 2252 5026 1539 469 32425
is_linear=0
shrinkage=0.05


Tree=5
num_leaves=63
num_cat=0
split_feature=118 143 172 123 71 77 143 143 143 98 122 10 122 84 70 174 57 100 143 1 143 17 134 70 175 115 116 34 98 34 113 47 100 59 59 20 77 1 16 47 77 1 102 17 69 173 36 156 108 92 20 72 107 134 72 148 20 31 1 101 35 8
split_gain=1085.17 515.888 315.081 208.082 129.516 84.2932 82.0664 79.0954 75.8715 62.2605 55 50.0258 49.3195 52.4788 48.9297 48.3086 47.2923 43.3515 43.2127 43.0694 41.3825 38.1198 37.8473 36.2139 41.708 43.9127 35.1741 34.3163 36.1456 34.1028 33.7794 33.5659 33.5039 33.0893 42.4054 35.9932 32.7848 34.1133 32.1667 39.8268 36.7791 49.7778 39.3419 33.6483 33.3116 33.7723 32.0452 31.8505 31.0897 39.2456 41.5937 36.9089 33.5638 32.7691 31.4929 33.0386 30.7949 33.5501 30.7729 33.8019 30.6051 32.042
threshold=1315.5000000000002 0.89579850508410719 28.500000000000004 2.6737154268001913 1.8298274544503883 0.5879031268219338 0.64446977704632968 1.2510558644487422 0.69718982439934274 -1.9994798980599653 -0.76443646777293939 2.5416212420776438 -0.48509394246511262 0.73004424778761068 1549.5000000000002 12.703861596066227 4193.5000000000009 -0.7472850122849618 1.4425085802513229 11.794642857142859 0.73170898416550145 0.47101285859878145 -0.73652697383723631 780.50000000000011 9.6527998077385266 13.250668449197862 0.63694788501986455 0.03972363373157186 -3.3907194780988275 0.066956456667677119 5.5000000000000009 0.83018503637181063 -0.9395736961451272 0.49251196764926747 0.40752786102786109 0.1253930817610063 0.68848750941865189 11.401785714285717 0.81790209920812806 0.69586499769426602 0.81086489093331349 14.116071428571431 -1.9782212428514725 0.46262618690654683 0.10555555555555557 99.500000000000014 0.43562010142923008 1.142225278208542 4.0832176262283797 1.1583620427601582 0.017595459236326112 0.39910938120000583 0.84652411661736793 -1.4906064964714452 0.45619450052707805 2.3432002503430969 0.013606071825249909 1.8423318443710757 4.3125000000000009 -1.1288283969640827 0.80629717979697857 0.19456735496558508
decision_type=2 2 2 2 2 2 2 2 2 2 2 2 2 2 2 2 2 2 2 2 2 2 2 2 2 2 2 2 2 2 2 2 2 2 2 2 2 2 2 2 2 2 2 2 2 2 2 2 2 10 2 2 2 2 2 2 2 2 2 2 2 2
left_child=1 4 6 7 8 14 -2 10 9 -1 -3 19 -10 -14 21 38 17 26 30 -9 22 -4 -6 46 33 56 -17 28 -18 -11 -8 60 -13 34 -25 -36 37 -24 39 44 41 42 -40 47 45 -12 -15 -42 53 50 -50 -52 -51 -5 55 -55 57 -26 59 -49 -29 -62
right_child=2 3 5 48 20 -7 18 11 12 29 15 32 13 23 -16 16 27 -19 -20 -21 -22 -23 36 24 25 -27 -28 31 -30 -31 -32 -33 -34 -35 35 -37 -38 -39 40 -41 43 -43 -44 -45 -46 -47 -48 58 49 52 51 -53 -54 54 -56 -57 -58 -59 -60 -61 61 -63
leaf_value=-0.015204724193515205 -0.050791525905810132 -0.0042521057287990428 -0.031137125395075349 0.0096453040310433575 0.00030799239906685464 -0.0049318194749462026 -0.047675696017023435 0.0048073002179984947 -0.0058501558643694685 -0.0030659112790836201 0.016001335959767868 0.043642826545611954 0.0011807711322130432 0.0095137024318726372 -0.045277504842765742 0.026477013564547403 0.049899952621543675 0.0075369865170629427 0.0034290665556328623 -0.0042001595555546624 -0.0069957764812560528 0.0061293937400934704 -0.021045504936754608 -0.0099461330953981783 0.002290531307882121 0.011784357370983004 -0.0012709317092467148 0.0083738365437409958 0.0057397915747992526 -0.0098794935885601759 -0.026853277242805014 -0.040802331746788621 0.0110193119506358 -0.01372065301425787 -0.015128916613551252 0.006372381714268311 -0.012930347068290977 -0.043590672160199267 0.037873281663067249 0.0053833077056142558 0.0086021486639679193 -0.012218125897931489 -0.00035114612463273348 0.00057916500383687079 -0.0058018094595988865 -0.0042908248685835362 -0.0051631090841924437 -0.017948570921403464 0.05927009969323891 0.028095625999996144 -0.0077559873797500905 0.026962050483350777 -0.010658665101289931 0.0010202377134742727 0.0029766132835685501 0.0099108024781768486 -0.0038637199964623157 0.04794557505795826 -0.003311281376061528 0.014597657738225559 -0.0086111671469497799 0.0050390392256184713
leaf_weight=1555.6211249530315 959.04902751743793 4931.4617048949003 152.99111802875996 7866.3880667835474 250.0202764570713 1336.1850968152285 286.06742042303085 11815.434821143746 5033.6694119274616 8630.5978977531195 378.00146543979645 82.199965268373489 17854.894434526563 955.68035887181759 239.32584802806377 119.74526344239712 50.123346164822578 7330.1279605329037 86.903489723801613 1495.0199234932661 1785.4676872640848 124.43062242865562 585.12284886837006 1668.1004770696163 124.33440923690796 575.93127159774303 2470.4434960335493 506.06847882270813 613.52997460961342 2332.8376092016697 610.31438741087914 59.199018508195877 1848.2431852817535 1574.0047823339701 241.08194245398045 1010.367181956768 727.45383086800575 235.24396124482155 67.887064427137375 1271.1316403001547 3589.4535443931818 934.75379674136639 7992.5851454734802 7051.8166208416224 5289.5180321186781 448.1213666498661 608.85072059929371 93.317784667015076 76.362278088927269 81.150835648179054 98.090111017227173 348.65402787923813 179.33233024179935 1327.2406621426344 6141.4876304119825 4913.445196852088 3994.3991376757622 59.494996160268784 1417.8528770953417 549.80568194389343 1724.8862321078777 572.63952659070492
leaf_count=6636 4360 20851 660 32877 1068 5719 1275 49693 21375 36601 1593 345 75382 4041 1057 503 211 30839 377 6297 7596 534 2508 7091 525 2427 10402 2131 2584 9902 2698 250 7728 6692 1025 4295 3121 1014 285 5361 15123 3946 33674 29707 22310 1890 2575 393 318 338 408 1452 747 5564 25737 20587 16908 251 5976 2314 7264 2411
internal_value=5.02513e-05 0.000799537 -0.0263138 0.00319626 -0.00323014 -0.0115638 -0.0403849 0.00175272 -0.00252019 -0.00584395 0.000746413 0.00488651 -0.00128549 -0.000483979 -0.0287125 0.00132599 0.00380426 0.00557218 -0.0302348 0.00379559 -0.0123876 -0.0144222 -0.0177423 -0.00323308 -0.00442329 -0.00115876 1.18648e-05 -0.0011691 0.00907505 -0.00451573 -0.0334985 -0.0035439 0.0124084 -0.00787715 -0.00472676 0.00223032 -0.020658 -0.0275104 0.000180189 -0.00266966 0.0011504 -0.00129584 -2.92116e-05 0.00288274 -0.00434346 0.00499407 0.0038021 0.00575763 0.0074999 0.017272 0.0251682 0.0193391 0.00141483 0.00712173 0.00551851 0.00802 -0.00294286 0.0170664 0.000803524 0.00987517 -0.00275717 -0.00520896
internal_weight=137334 133539 3795.27 83735.5 49803.2 1852.93 1942.33 62703.4 46219.9 12519.1 47462.5 15240.9 33700.8 28667.1 516.748 42531 13446.8 9920.32 983.285 13310.5 3583.31 277.422 1797.84 10812.2 9247.71 4754.16 2590.19 3526.45 663.653 10963.4 896.382 2862.79 1930.44 4493.55 2919.55 1251.45 1547.82 820.367 29084.2 7386.77 21697.5 8995.23 8060.47 12702.2 6115.64 826.123 1564.53 5650.43 21032.2 783.59 523.106 446.744 260.483 20248.6 12382.2 6240.69 4178.23 183.829 2060.98 643.123 2803.59 2297.53
internal_count=579822 563142 16680 352109 211033 7970 8710 264081 195726 53139 200018 64063 142587 121212 2251 179167 56595 41744 4350 55990 15307 1194 7711 45830 39214 20111 10905 14851 2795 46503 3973 12056 8073 19103 12411 5320 6643 3522 122572 31154 91418 37905 33959 53513 25793 3483 6616 23806 88028 3263 2178 1860 1085 84765 51888 26151 17684 776 8683 2707 11806 9675
is_linear=0
shrinkage=0.05


Tree=6
num_leaves=63
num_cat=0
split_feature=118 143 135 123 71 105 143 135 116 122 31 50 172 34 6 70 173 57 123 174 57 100 173 45 34 172 135 159 92 13 8 17 12 174 61 135 44 18 113 32 83 74 10 2 86 103 84 92 126 57 14 92 123 79 7 105 46 37 60 16 62 73
split_gain=988.359 465.548 308.359 187.315 117.482 83.3643 75.2683 70.9616 54.2275 50.5114 50.1521 48.8735 46.2601 45.6987 44.0078 43.9113 43.3082 43.1535 42.5915 41.554 46.7025 41.8657 40.7576 39.1141 37.4379 39.9485 35.4565 37.1737 34.4221 33.5053 35.0562 33.3298 35.5884 33.3213 33.0211 31.3277 32.8895 31.1367 32.8241 34.0765 31.9555 31.8965 30.9282 32.4794 45.7515 35.4275 31.1109 40.6464 32.9964 30.1741 30.0811 29.8785 29.7553 39.2313 34.4708 41.0935 29.952 29.657 29.3541 29.2775 29.2298 31.6945
threshold=1315.5000000000002 0.89579850508410719 0.48675997833511103 2.759395755568407 1.8298274544503883 146.77500000000003 1.2510558644487422 0.53623931243053746 7.4318670770860242 -0.62814019073063931 1.610686078599296 0.04654773941932689 57.500000000000007 0.20963223166649916 0.9630991285403051 1549.5000000000002 -309.49999999999994 480.50000000000006 0.86671152983400634 12.703861596066227 4193.5000000000009 -0.73490190886025164 792.50000000000011 0.67043189971002859 0.065170640849796957 54.500000000000007 0.4260718394807797 0.77797251432704628 0.43155303930107963 -0.089600229376587195 0.32793442622950825 0.52442012326090948 0.14296141814389993 15.157406824146983 0.98365162669776718 1.2754755837351228 2286.5000000000005 0.14379699248120303 46.500000000000007 0.00031083251311423684 -0.56243393234672301 0.7718623481781377 1.4930388258411706 4.5982142857142865 1.9575746212689367 1.1454411098999187 0.66329094451851101 3.0660035876737788 -0.54893139775190269 284.50000000000006 0.37420802202824072 2.1455242075931733 -0.20729778404197008 2.1328568172609406 0.20595625184747268 600.22500000000002 0.49644737393382904 0.043564527260179439 0.64715320950049859 0.89287863159704328 0.061224619896088996 0.56390351597901522
decision_type=2 2 2 2 2 2 2 2 2 2 2 2 2 2 2 2 2 2 2 2 2 2 2 2 2 2 2 2 8 2 2 2 2 2 2 2 2 2 2 2 2 2 2 2 2 2 2 10 2 2 2 8 2 2 2 2 2 2 2 2 2 2
left_child=1 4 15 6 7 12 9 8 14 -3 -7 -12 17 16 24 -2 -8 31 22 42 21 57 33 49 37 28 -25 -28 -26 -15 -31 -4 -33 -9 -19 -5 -37 38 39 40 -1 -40 43 59 45 46 47 48 -45 -6 -30 -27 -46 54 56 -56 -54 -21 60 -11 -47 -62
right_child=2 3 5 35 23 10 13 18 -10 19 11 -13 -14 29 -16 -17 -18 34 -20 20 -22 -23 -24 26 25 51 27 -29 50 30 -32 32 -34 -35 -36 36 -38 -39 41 -41 -42 -43 -44 44 52 58 -48 -49 -50 -51 -52 -53 53 -55 55 -57 -58 -59 -60 -61 61 -63
leaf_value=-0.0054502580617691457 -0.0040895440339837148 -0.0033511170294518939 -0.013864874641892245 0.0059436421161335566 0.0015672207183532261 -0.027839930910703414 0.010184354416565898 -0.0033646362109746482 -0.0025123343696808725 -0.0018876398083346757 0.026928938124797637 -0.015800650496378899 -0.034369577364309283 0.031433669533884288 -0.018184153895356978 -0.04699061873796008 0.0027727531781656664 0.0046692893093592527 0.00075383789185865012 -0.014620567856785026 -0.0013059646852537545 0.0074288257089443121 -0.011766219683345826 -0.023133416219457872 0.012268905699315288 0.031496127582887348 -0.0040907595818195338 -0.016747558352010049 -0.0078932271300119379 0.01244195838174691 -0.030573496193048999 0.044999075957182832 0.00024558188081787527 0.0024968944309632342 0.053962900272581465 0.0092759681972559033 0.02415916745796115 -0.0065148449729925621 0.057364202365756602 -0.015155721890661267 0.029324202705697411 0.0090570440336401933 0.0037864045802479696 -0.0031020588258904372 0.0040355909755122148 -0.014488694435394696 -0.0023548499385498177 -0.010559087125505155 0.012880136896577826 -0.034169160141418811 -0.0267938548981493 -0.012302980448265133 -0.0056471117510987403 0.00050216287116627454 -0.0095609553144139995 0.0067805964144162997 -0.013503940506877558 0.0019650033571639203 0.0066693055540602512 0.0045055743318738878 -0.00560291582540242 0.040745228242105178
leaf_weight=136.83455544710159 62.665845096111298 6539.7204476445913 391.61049324274063 13772.142049789429 73.569349095225334 1081.9582544267178 2349.8116927593946 12051.74960719049 7675.0081518441439 2821.5388427078724 82.224813938140869 359.52537558972836 105.0335718691349 229.88878419995308 1034.2873110473156 1237.6377441287041 12226.291470348835 77.060176998376846 15794.376883476973 305.97955586016178 3446.6180676817894 7169.1757575422525 1198.2113794535398 443.96739090979099 85.56318898499012 75.729551061987877 1923.9446078240871 830.58049365878105 308.04345387220383 853.25827543437481 50.148624643683434 54.028316661715508 249.82913003861904 3035.2303846925497 60.763835236430168 5745.6886959075928 396.83505180478096 3548.3875198513269 52.445294797420502 224.20685283839703 127.73460754752159 98.068395525217056 5198.9777875244617 391.95273320376873 1134.5380956977606 706.8876696228981 1065.0788910537958 267.57186543941498 1834.402501180768 299.67029619216919 664.90573091804981 80.145631030201912 3314.9156937152147 2757.9169555604458 663.90544858574867 914.77392093837261 1913.081208512187 2262.5912740975618 379.9534365683794 4901.777811691165 122.94948001205921 52.694683745503426
leaf_count=579 274 27659 1668 57604 314 4770 9861 51084 32559 11885 357 1569 458 950 4437 5707 51383 328 66651 1288 14517 30108 5081 1926 365 323 8227 3552 1310 3555 209 229 1061 12859 259 23955 1648 15143 224 960 544 418 21892 1654 4791 2979 4495 1128 7729 1288 2846 343 13989 11613 2799 3860 8076 9524 1601 20617 518 222
internal_value=4.71857e-05 0.000759165 -0.0252263 0.00303414 -0.00307147 -0.0148237 0.00171414 -0.00239591 -0.00535075 0.000733953 -0.0220437 -0.00784721 -0.00309935 0.00471953 -0.00873541 -0.0449231 0.00396758 0.00084215 -0.00109612 0.00137572 0.00369603 0.00546646 -0.00289033 -0.0118081 -0.00692633 -0.0146559 -0.0100207 -0.0079072 -0.0181359 0.014391 0.0100541 -0.00422313 0.00820312 -0.0021854 0.0264019 0.00726805 0.0102375 -0.00468484 0.00547265 -0.000814452 0.0113389 0.0258893 0.000300176 -0.00047959 -0.00179805 0.00224586 0.00479855 0.00785355 0.0100665 -0.0271252 -0.0208098 0.00897614 -0.00362041 -0.00452855 -0.00656689 -9.17587e-05 -0.00852216 -1.07435e-05 -0.00495029 0.00216996 -0.00995284 0.00830191
internal_weight=137316 133554 3762.34 83791.1 49762.7 2462.03 63876.4 46190.9 14111.4 48167 1523.71 441.75 938.326 15709.4 6436.35 1300.3 14576.1 833.292 32079.6 41627.3 13184.4 9737.75 16285.2 3571.73 5402.06 1214.39 3198.49 2754.53 1058.51 1133.3 903.407 695.468 303.857 15087 137.824 19914.7 6142.52 4187.68 639.29 488.776 264.569 150.514 28442.9 23243.9 15520.6 4821.49 3559.01 2493.93 2226.36 373.24 972.949 155.875 10699.1 9564.59 6806.68 1578.68 5228 2568.57 1262.49 7723.32 882.532 175.644
internal_count=579822 563142 16680 352109 211033 10699 268902 195726 60051 202944 6696 1926 4003 65958 27492 5981 61244 3545 135675 175285 55437 40920 69024 15307 23055 5187 13705 11779 4521 4714 3764 2958 1290 63943 587 83207 25603 17868 2725 2083 1123 642 119848 97956 65454 20326 15006 10511 9383 1602 4156 666 45128 40337 28724 6659 22065 10812 5320 32502 3719 740
is_linear=0
shrinkage=0.05


Tree=7
num_leaves=63
num_cat=0
split_feature=135 171 114 130 173 114 135 116 3 124 101 122 127 173 87 135 86 12 116 115 97 148 146 92 115 159 8 46 49 7 31 21 81 1 44 1 97 141 48 115 44 58 36 123 12 103 124 160 12 20 33 8 24 58 87 23 126 161 30 92 58 48
split_gain=651.435 443.119 323.439 249.731 124.04 171.933 99.8751 64.1297 62.8626 58.7685 58.371 57.8151 50.4372 50.3064 50.3119 49.0114 46.7591 44.9094 45.8445 50.1487 49.2824 46.6572 44.2797 44.0863 42.3619 40.9691 39.3727 41.1932 39.4495 39.4624 40.7192 38.9872 38.7575 38.3852 38.2265 39.6333 41.8061 40.7754 48.4301 37.9624 37.7112 38.2725 36.2363 35.9763 35.246 35.187 35.01 37.2282 34.9051 41.0419 39.3141 34.6482 34.6156 34.5676 34.3489 34.3232 34.1875 34.0512 33.8669 33.6016 50.0807 45.7701
threshold=0.53623931243053746 14.500000000000002 435.50000000000006 -1.2949716574808081 388.50000000000006 417.50000000000006 0.91032720614185125 8.8673509286412528 3.4802866816441482 0.988370520622042 -1.6235731902258184 -0.62814019073063931 -0.26853996865198676 369.50000000000006 0.26275941033347655 1.2754755837351228 1.9465766388271348 1.6768785409176543 4.5266309486290579 15.001492537313435 -0.44169000867836455 2.8399468841206379 16.500000000000004 4.1944246906556684 2.2912705493548882 0.57297072917324121 0.10979134357817567 0.70230903809335188 -0.55672234392113895 0.058651530787753703 1.6281246113667456 0.62095088819226762 1.9406873392588253 3.2767857142857149 3782.5000000000005 15.419642857142859 1.0259161091096092 -0.7530303030300628 1.1264742047580862 0.15657049945801721 215.50000000000003 0.42333199504148222 -0.70830247058271978 3.6163022244033187 0.79480610494233239 1.5562751002237214 2.0211504832653291 0.9565890429398306 0.5364316193777855 0.5629401408450706 1618.5000000000002 0.63013013013013019 0.87500000000000011 0.7315453771961995 0.02780193236714976 0.59158616621193139 1.2344387700131447 27.775000000000006 1.2337647123680366 1.1832193651907363 0.82716972117940235 0.97661691067584699
decision_type=2 2 2 2 2 2 2 2 2 2 2 2 2 2 2 2 2 2 2 2 2 2 2 10 2 2 2 2 2 2 2 2 2 2 2 2 2 2 2 2 2 2 2 2 2 2 2 2 2 2 2 2 2 2 2 2 2 2 2 10 2 2
left_child=1 7 33 15 6 56 11 12 46 40 44 -5 -1 16 -15 25 26 18 20 39 31 -21 -19 -4 -14 -2 28 34 -13 48 32 59 -31 -3 35 36 37 -28 -39 -20 -7 -42 -26 -9 -11 -43 -8 -48 -30 50 -50 -12 -32 -38 -23 -27 -6 -41 -53 -18 61 -61
right_child=3 2 23 4 5 9 8 43 -10 10 51 13 24 14 -16 -17 17 22 19 21 -22 54 -24 -25 42 55 27 -29 29 30 52 -33 -34 -35 -36 -37 53 38 -40 57 41 45 -44 -45 -46 -47 47 -49 49 -51 -52 58 -54 -55 -56 -57 -58 -59 -60 60 -62 -63
leaf_value=-0.0020896583393227 0.0032187463396194517 -0.0080826124952727701 -0.0049375436891447265 -0.0040279841070441124 -0.031392630575716722 -0.0026992648592278415 0.0023485453997453003 -0.0024304409302340615 0.026346881404300155 -0.014605204771567829 0.0014683409233871726 -0.0047099371147564899 -0.027480701753481291 0.013309813262343491 -0.014324264388496705 0.010436225889352099 -0.0046137640797225396 0.0046970874170973176 0.024248878209197092 0.00318883029090871 -0.0068947417895180805 -0.014955238848978281 0.030825580329578269 -0.026977638807684425 -0.024796379658975323 0.021389617032365301 0.01485169982371602 -0.015733997891502264 0.0045656845461611887 -0.0029392623215438564 0.025337618676082446 0.021893201995303369 0.038817223706437372 -0.04454894503399294 -0.004006063270202179 0.02565217611928676 0.056937021321505278 0.0048913927337625486 -0.025805831278262956 -0.00063064860849863054 -0.032132289419889791 -0.0093584615707555281 -0.0086315546942534512 0.026106975295902474 -0.00010467715537030411 0.015862261736988088 0.0085215374748148411 -0.00051028731259263732 0.0047108701384378547 0.068338902356575179 0.043864977834672296 -0.0097027730549983041 -0.00045929555878528413 0.0099072365910989474 0.023897051252362383 0.0072641558374469855 -0.0098156198228226757 -0.013015502574089186 0.040724910224338454 0.041537278082849141 -0.00087006959164742886 -0.012504914847989258
leaf_weight=2348.4364275336266 11515.56714451313 76.029666870832443 1132.5717711150646 7148.5988736450672 606.49024011194706 5637.5639515072107 12675.951578661799 7674.2978952974081 317.66071036458015 950.37552708387375 9087.622098326683 2432.1030926853418 354.85567927360535 1305.4229933023453 188.49327798187733 5245.2823967933655 1366.4416005462408 825.23573517799377 150.31653651595116 3849.3537033200264 5217.131570905447 64.926782861351967 201.80124817788601 283.731400385499 370.68504895269871 471.10686427354813 1072.4624826163054 214.011250898242 469.042236790061 2353.4311960041523 281.82043392956257 221.71025803685188 56.914848193526268 1419.2670826762915 750.5676650851965 301.37621505558491 75.02185894548893 3814.3580190986395 132.96536593139172 20351.191996634007 176.12846739590168 2921.8044092655182 5355.8165834546089 112.05281363427639 749.60168948769569 145.16639159619808 5730.2316066324711 1424.5797507315874 182.30937287211418 48.374856635928154 98.885272294282913 48.090233281254768 241.45231872797012 81.536303803324699 459.46148474514484 4935.126171708107 263.26897518336773 570.55710935592651 108.22046461701393 165.93541605770588 413.75846284627914 51.289207801222801
leaf_count=9966 48241 340 4844 30308 2688 23849 53331 32567 1311 4026 38307 10247 1534 5497 794 21832 5751 3474 634 16201 22064 273 849 1223 1590 1970 4504 902 1976 9919 1186 933 240 6603 3168 1271 316 16079 561 85909 762 12375 22994 473 3173 612 24009 5967 768 204 417 203 1016 344 1930 20633 1141 2406 456 699 1746 216
internal_value=4.42994e-05 -0.00851612 -0.0264761 0.00142997 0.000325449 -0.00310305 0.0012676 -0.00529142 0.00428038 -0.00214845 0.000303867 0.000167086 -0.00831335 0.000791728 0.00982311 0.0062134 0.000501673 -0.000464922 -0.000786506 0.000222755 -0.00424005 0.00509489 0.00983104 -0.00935289 -0.0107167 0.00490444 0.0031016 0.00583493 0.000245031 0.00347393 0.000791407 0.00200107 -0.00195328 -0.0426948 0.00657606 0.00802604 0.00699982 0.00620627 0.00385736 -0.00078851 -0.00517052 -0.00946636 -0.00967793 -0.00201976 -0.00821122 -0.00816471 0.0039269 0.00672323 0.0133279 0.0257983 0.0184799 0.00186981 0.0134342 0.0324437 0.0190866 0.00849507 -0.0248614 -0.000968396 0.0252104 -0.000206916 0.00933645 0.0287773
internal_weight=137296 19127.7 2911.6 118168 96001 20694.3 75306.7 16216.1 20148.4 19824.6 10943.9 55158.3 8429.79 48009.7 1493.92 22167.1 46515.7 33909.1 32882.1 25445.8 7436.27 4373.74 1027.04 1416.3 6081.36 16921.8 12606.6 6442.3 6164.33 3732.23 2933.62 2219.13 2410.35 1495.3 6228.29 5477.72 5176.34 5019.79 3947.32 21072.1 8880.66 3243.1 5726.5 7786.35 1699.98 3066.97 19830.8 7154.81 798.612 329.57 281.195 9243.93 523.273 156.558 524.388 5406.23 869.759 20921.7 156.311 1997.42 630.983 217.225
internal_count=579822 82134 13010 497688 405012 87592 317420 69124 84618 83763 46165 232802 36084 202494 6291 92676 196203 143085 138762 107353 31409 18404 4323 6067 26118 70844 53118 27145 25973 15726 12361 9345 10159 6943 26243 23075 21804 21144 16640 88949 37598 13749 24584 33040 7199 12987 83307 29976 3365 1389 1185 38966 2202 660 2203 22603 3829 88315 659 8412 2661 915
is_linear=0
shrinkage=0.05


Tree=8
num_leaves=63
num_cat=0
split_feature=118 143 135 130 71 143 105 98 153 130 80 135 161 22 172 122 123 174 128 34 172 57 117 48 75 83 48 105 118 33 120 95 128 73 173 95 63 2 25 102 17 83 134 77 156 105 34 98 116 77 106 46 17 107 86 57 80 22 105 26 50 63
split_gain=827.429 390.996 268.364 156.514 104.166 86.5151 79.1563 65.3609 52.2086 48.4286 68.4417 47.6858 47.5892 44.983 44.4448 43.3332 42.9583 42.5224 41.7561 39.1815 39.0321 38.801 38.7321 38.5322 37.1215 36.7642 36.5188 37.2915 36.2282 36.1 35.3769 35.0398 34.8427 34.2814 40.1317 37.933 39.5352 34.0358 33.243 33.0046 32.5421 32.3312 32.1303 31.9541 31.9272 31.62 30.9579 31.165 30.5796 31.9879 30.272 30.1764 30.1739 29.9841 32.8497 35.8176 35.3007 34.1867 39.976 50.1802 33.8243 31.679
threshold=1315.5000000000002 0.89579850508410719 0.47020427044953245 -1.502921633374193 1.8298274544503883 1.5801233787440085 146.77500000000003 -1.9994798980599653 0.3394190276508432 -0.32118845405528379 0.1934592764213153 0.45064239891752761 12.434873949579835 1187.5000000000002 57.500000000000007 -0.76443646777293939 5.1988847006995842 15.610724286120721 -5.2315957964276683 0.25320164061600831 51.500000000000007 480.50000000000006 -13.539419206440481 0.62337694532433552 1.0502324037184596 -0.77742099898063188 0.74681227249089976 109.92500000000003 362.50000000000006 2278.5000000000005 1.0000000180025095e-35 12.300000000000002 0.81091093680857895 0.53485739244754482 -354.49999999999994 17.100000000000005 0.034730838158257525 6.6339285714285721 0.072601609982609339 -0.68667853837225756 1.2609494884910488 1.408108017500042 -0.2967112785148735 0.5879031268219338 0.92222649296002601 254.17500000000004 0.097451823682560293 1.8701704240472774 13.720398860398861 1.1798247473676773 0.79712215320910984 0.44647647038951394 0.52442012326090948 1.1668470591213047 1.9575746212689367 9766.5000000000018 3.0708612294583086 1247.5000000000002 879.30000000000007 0.090080454852821457 0.22134276060568142 0.17925357296813346
decision_type=2 2 2 2 2 2 2 2 2 2 2 2 2 2 2 2 2 2 2 2 2 2 2 2 2 2 2 2 2 2 2 10 2 2 2 8 2 2 2 2 2 2 2 2 2 2 2 2 2 2 2 2 2 2 2 2 2 2 2 2 2 2
left_child=1 4 45 22 7 8 14 12 15 10 46 23 13 28 21 30 20 33 -15 -7 50 52 37 -11 51 39 27 -6 31 -19 -5 -1 -24 34 -17 36 40 -3 -30 -13 -36 -20 -21 -29 -38 -2 47 -9 49 -31 -8 -14 -4 54 57 -56 -57 58 59 -35 -59 -60
right_child=2 3 6 5 26 19 16 9 -10 11 -12 25 24 18 -16 17 -18 29 41 42 -22 -23 32 -25 -26 -27 -28 43 38 48 -32 -33 -34 53 35 -37 44 -39 -40 -41 -42 -43 -44 -45 -46 -47 -48 -49 -50 -51 -52 -53 -54 -55 55 56 -58 60 61 -61 -62 -63
leaf_value=-0.0016258584170783887 -0.0069457611023792335 0.006965475895966685 -0.012773277047943092 -0.0069782118192704481 -8.3533462106718723e-05 0.0056959516063816362 -0.0095486308830001389 0.0055892810250430646 0.0045250026075812555 -0.046903723575939776 -0.0050712168028292934 -0.004010580120076288 0.013074458265785308 0.00048004760606596905 -0.033343207315700764 0.0058268890741424266 0.02206304092395998 0.0053358966063629136 -0.024284266520997608 -0.0020028413191100791 -0.0038435479966301596 0.025284803584974782 0.0084616583009546349 -0.00747093918355225 0.03292342543294887 -0.0012277541418030248 -0.0090300102834495119 -0.040797558198631706 -0.021118731805743685 -7.2274533056288772e-05 0.00075821156849094871 -0.021589842376563795 0.00089340140403462373 -0.0041317816738060511 -0.0054368943978062075 -0.0072501909388757203 0.0038516013815327781 -0.017679724095859304 -0.0013872137931108001 -0.016370545530714323 -0.032311184984021607 0.013911920581821925 0.021325420811764726 -0.0082050254951999951 -0.0021969123746541259 -0.044908321133818291 -0.008473073194823804 -0.0027151629183185459 0.029117956089254205 -0.015921161560862825 -0.029528322196591503 -0.026301960988511626 0.0081468034769980272 0.0058024463618529289 -0.0014772311133785076 0.0063080070180363467 0.042770758857239431 0.00049239109552338804 0.014614793598082668 0.009347778464067702 -0.023000218884623891 0.05260355988476581
leaf_weight=344.80163112282753 57.68768173456192 271.87428902089596 393.5766015201807 3271.8300511837006 125.5296501070261 5065.3461074531078 230.96547947824001 6833.9314491897821 9675.7749349325895 63.133688986301422 3209.8323708921671 1989.7156752496958 127.95649805665016 266.70185674726963 104.85552656650543 1668.9612482786179 56.004462629556656 8354.4213783740997 891.02777184545994 183.17391291260719 236.30556017160416 139.27724616229534 13978.771835789084 3307.3804248124361 121.61667183041573 22860.403701648116 3059.5788921564817 266.67378963530064 233.02531166374683 1783.3064769804478 2694.7004659920931 606.21354418992996 1706.3955962657928 1106.5685868263245 2201.1989147663116 3110.0879025757313 3965.3967971801758 289.01496420800686 2542.4940686225891 741.34556789696217 118.72039984166622 59.074541479349136 760.03763389587402 104.73864260315895 4850.41513030231 1115.8066008388996 510.61909118294716 1353.5156327784061 77.217812314629555 387.5556570738554 1058.1553634852171 78.509274035692215 306.66375029087067 3511.918121099472 10623.438757762313 640.95261223614216 74.046470552682877 903.85959286987782 521.22109486162663 1835.9640982598066 184.49055999517441 61.336281627416611
leaf_count=1466 256 1133 1684 13873 537 21200 1029 28816 40594 273 13581 8445 545 1134 462 7008 240 35055 3808 758 1019 590 58219 14144 517 96987 13157 1159 992 7501 11382 2594 7126 4656 9274 13108 16716 1209 10817 3144 499 254 3137 454 20421 5332 2157 5718 324 1631 4768 334 1300 14767 44749 2705 311 3807 2194 7716 778 258
internal_value=4.1553e-05 0.000687557 -0.0232846 0.00276983 -0.00282681 0.00171125 -0.0141053 -0.00219129 0.00115284 -0.00151545 0.00116876 -0.00261907 -0.00743118 -0.00865507 -0.00265102 0.000524745 -0.0209453 0.00104494 -0.017002 0.00743826 -0.0225243 0.00118242 0.00717664 -0.00820956 0.0110096 -0.00188278 -0.0110719 -0.0236436 -0.00592959 0.00382245 -0.00348416 -0.0143517 0.0076383 0.000212561 -0.00150868 -0.00236808 -0.00100456 -0.0057337 -0.00304382 -0.00736569 -0.00681217 -0.0219093 0.016795 -0.0316064 0.00052374 -0.0430421 0.00347149 0.00421642 -0.00180189 -0.00290172 -0.0259487 -0.00189855 -0.00361152 0.00161995 0.000699149 -0.000748173 0.0100841 0.00425623 0.00664781 0.00427866 -0.00348993 0.0186146
internal_weight=137275 133576 3699.3 83878 49697.8 67631.9 2525.8 46141.3 61623.4 40869.9 11907.9 28962 5271.42 4943.34 944.373 51947.6 1581.43 45981.1 1216.8 6008.56 1525.43 839.518 16246.1 3370.51 328.082 25591.5 3556.52 496.942 3726.53 10602.5 5966.53 951.015 15685.2 35378.6 15914.8 14245.8 11135.7 560.889 2775.52 2731.06 2319.92 950.102 943.212 371.412 8815.81 1173.49 8698.07 8187.45 2248.08 2170.86 1289.12 206.466 700.24 19463.8 15951.9 11338.4 714.999 4613.44 3525.09 2942.53 1088.35 582.557
internal_count=579822 563142 16680 352109 211033 284422 11092 195726 259327 173265 50272 122993 22461 21065 4036 218733 7056 193478 5196 25095 6816 3574 67687 14417 1396 108576 15307 2150 15869 44511 25255 4060 65345 148967 67026 60018 46910 2342 11809 11589 9773 4062 3895 1613 37137 5588 36691 34534 9456 9132 5797 879 2984 81941 67174 47765 3016 19409 14824 12372 4585 2452
is_linear=0
shrinkage=0.05


Tree=9
num_leaves=63
num_cat=0
split_feature=118 143 135 123 143 105 10 141 86 175 153 71 31 50 115 33 30 95 18 64 95 84 32 105 59 102 29 36 108 90 34 35 105 4 117 115 116 99 115 104 147 104 10 105 7 118 48 108 50 50 105 103 26 18 33 160 29 33 48 148 18 71
split_gain=753.791 353.286 251.015 134.893 110.255 64.3316 59.6661 50.8447 49.9198 51.1796 48.4331 46.1265 43.7194 43.6145 43.0175 41.0934 61.5199 40.9721 44.6474 40.415 39.5467 39.2503 36.9847 36.8271 35.7726 35.5388 36.0618 45.5913 35.509 39.5312 35.3487 35.1467 34.6689 35.7122 37.5804 39.1795 34.4346 34.2004 34.0173 37.4487 37.0987 34.6085 34.0065 32.997 33.2168 47.8693 38.1821 32.9421 32.6421 45.8384 33.4621 44.1412 42.5867 37.3744 33.7623 33.4146 32.8013 44.4212 36.7062 32.1878 42.0855 36.6414
threshold=1315.5000000000002 0.92631435991403488 0.48675997833511103 2.759395755568407 0.64446977704632968 146.77500000000003 2.5416212420776438 -0.64101090480402767 1.9465766388271348 10.392030134813641 0.3457644073586103 1.8298274544503883 1.610686078599296 0.04654773941932689 15.307541301706474 2196.5000000000005 3.2336993087131716 26.900000000000002 0.48657657657657666 0.45000000000000007 17.100000000000005 0.12626469085334699 -0.0037109420035293301 168.62500000000003 0.38610836844174223 1.9836398041928616 0.54922846679742865 -0.38423003347680529 -0.30233130238279121 0.27777777777777785 0.092865673111921079 1.066770347330223 62.625000000000007 0.27608892921960076 -3.1303989094561628 2.2912705493548882 2.993262250453721 0.65629401408454813 14.145738513220634 -0.77972180011306136 1.3262537399686691 0.90168494735280658 0.87454117195400227 1424.3500000000001 0.19572818485861967 1304.5000000000002 1.1086976762229896 0.074110559187592698 0.27850225129555689 0.38473193473193479 1201.2750000000003 0.91346894935092038 0.46497529032229828 0.88657804459691258 4662.5000000000009 0.96975414522584347 0.35576518729378281 2449.5000000000005 0.78758429672447028 2.4008733379148595 0.63676588897827846 0.63320150688571752
decision_type=2 2 2 2 2 2 2 2 2 2 2 2 2 2 2 2 2 10 2 2 10 2 2 2 2 2 2 2 2 2 2 2 2 2 2 2 2 2 2 2 2 2 2 2 2 2 2 2 2 2 2 2 2 2 2 2 2 2 2 2 2 2
left_child=1 4 23 6 11 -4 10 30 21 14 15 36 -7 -14 32 38 17 20 -19 -18 22 -9 -17 -2 31 26 27 -16 37 -30 -6 42 -10 -34 -35 47 -1 -24 43 40 -40 -41 -22 44 -3 46 -46 -36 50 -50 52 -52 55 54 -53 -31 57 -54 -58 60 -23 -62
right_child=2 3 5 -5 7 12 -8 8 9 -11 -12 -13 13 -15 25 16 19 18 -20 -21 24 59 28 -25 -26 -27 -28 -29 29 48 -32 -33 33 34 35 -37 -38 -39 39 41 -42 -43 -44 -45 45 -47 -48 -49 49 -51 51 53 56 -55 -56 -57 58 -59 -60 -61 61 -63
leaf_value=-0.013558607809783031 0.0054428971617657262 -0.00049010397619083886 -0.0027139237872343121 0.0064585712997011907 0.0020956873650497384 -0.024929052594101716 0.008333250575982153 -0.018766215323007946 0.0020179613887167766 -0.001214049148286841 0.0046724982174534049 -0.017725251571677553 0.026672797612491445 -0.01373674903750456 -0.015629559422147676 -0.030179190755614288 0.00023960592536712976 0.040890110246553271 -0.012106702221273073 0.033948437250631999 -0.026778950288611592 0.0019593575901585515 -0.023229477818330124 -0.042279086406534591 -0.013352113265066169 0.029737257788966714 -0.0073680332246761574 0.0046873219623456731 -0.02821590786102722 0.0036507617450304815 -0.0067253851197880679 0.028150620502107312 -0.024929056017997248 -0.013485972904988361 -0.024686515110689783 -0.0043400846784510455 -0.004677824974873881 0.017484327751534658 0.012428746365775022 0.0029068509288748151 0.05487491065170233 0.029798467284327584 0.0016011506239307462 -0.029136334562052571 0.0047725309383082164 0.051202827973718501 -0.0062184331868544995 -0.0020247175486020246 -0.017069656244712475 0.0161010687020893 -0.009964035570511183 0.0079649275421259831 0.03942323041984841 0.035212998097602095 -0.0030953801237560839 -0.037910266330827849 0.015833455716946984 -0.0091266323130077907 -0.019216781171879905 0.0075493190546696747 0.011316527393838195 -0.010556543131270505
leaf_weight=1336.4329560101032 41.842552810907364 18994.473687365651 935.81502750515938 19329.939149856567 11644.126818180084 1057.346036106348 3147.2133102566004 248.91655565798283 857.41998073458672 12384.255143135786 8722.5380730628967 1006.2234414666891 82.27558508515358 354.3868373632431 319.45210027694702 111.14845603704453 166.15845946967602 108.30376577377319 62.775536775588989 191.28389789164066 132.67592304944992 5350.1961822658777 304.15409931540489 1194.8863287717104 1544.7449165135622 89.031009152531624 1869.9610508829355 2035.9464104771614 125.32083424925804 1373.9795357435942 1258.4618740230799 96.429127082228661 319.5658473521471 2193.0137475878 464.33780001103878 5249.4933409392834 5956.2568445801735 62.114551305770874 379.71804875135422 9371.522152274847 59.551286309957504 121.19078268110752 516.35245214402676 93.796884521842003 5666.6670055687428 52.436147600412369 918.22480544447899 244.96151667833328 527.29136189818382 129.78494639694691 501.68278120458126 2558.6802080720663 68.62472565472126 105.31299971044064 944.74376738071442 50.126320406794548 83.072717994451523 150.30999794602394 740.7676777690649 1694.1763116568327 223.78157080709934 1325.8955002576113
leaf_count=5734 184 79974 4003 80449 49100 4770 13124 1057 3636 52496 36551 4392 357 1569 1359 469 699 457 265 805 560 22686 1287 5797 6520 379 7955 8655 528 5784 5326 406 1366 9375 1990 22415 25390 262 1591 39325 249 508 2177 396 23849 220 3868 1046 2225 548 2119 10789 288 444 3986 211 350 632 3123 7172 948 5627
internal_value=3.8971e-05 0.000652856 -0.0223269 0.00283981 -0.00237036 -0.0129935 0.00163756 -0.00144627 -0.0024385 -0.00354121 0.00125467 -0.00768993 -0.0194324 -0.00612281 -0.00565362 0.000610968 -0.00211352 -0.00282131 0.0214436 0.0182788 -0.00323121 0.0008071 -0.00154218 -0.0406645 -0.0090111 -0.00152516 -0.00218388 0.00193183 -0.0011302 -0.000374006 0.00123532 -1.55933e-05 -0.00756296 -0.00853268 -0.00788991 -0.00583039 -0.00630529 -0.0163249 0.00142515 0.00391062 0.0181831 0.00325017 -0.00420038 0.000465573 0.000573898 0.00361882 0.00323991 -0.0168601 0.000108298 -0.0105178 0.00116985 0.00393268 -0.00343368 0.00586459 0.00498237 0.00218788 -0.011111 0.00609124 -0.0156825 0.00137402 -0.000142248 -0.00739796
internal_weight=137252 133585 3666.55 77513.1 56071.9 2429.82 58183.2 47773 34870.4 26027.4 55036 8298.91 1494.01 436.662 13643.2 46313.4 10655.8 10298.4 171.079 357.442 10127.3 8842.97 7837.11 1236.73 2290.2 4314.39 4225.36 2355.4 7725.97 7359.7 12902.6 745.458 9328.79 8471.37 8151.81 5958.79 7292.69 366.269 35657.6 9931.98 439.269 9492.71 649.028 25725.6 25631.8 6637.33 6584.89 709.299 7234.38 657.076 6577.3 4110.42 2466.88 3608.74 3503.42 1424.11 1042.78 218.935 823.84 8594.05 6899.87 1549.68
internal_count=579822 563142 16680 325038 238104 10699 244589 202588 148162 110672 231465 35516 6696 1926 58176 194914 44934 43430 722 1504 42708 37490 33045 5981 9663 18348 17969 10014 32576 31027 54426 3143 39828 36192 34826 25451 31124 1549 149980 41673 1840 39833 2737 108307 107911 27937 27717 3036 30499 2773 27726 17338 10388 15219 14775 5995 4393 920 3473 36433 29261 6575
is_linear=0
shrinkage=0.05


Tree=10
num_leaves=63
num_cat=0
split_feature=118 143 105 143 123 135 127 116 10 172 86 114 48 1 175 124 15 128 119 93 10 77 123 77 52 26 6 62 95 25 174 169 164 10 13 161 108 107 172 2 116 77 5 6 5 61 80 71 22 8 45 12 5 135 173 116 86 161 26 75 4 32
split_gain=633.506 329.183 255.992 152.682 106.028 76.9845 60.5928 58.434 54.8595 54.4181 50.4631 40.6707 40.3147 49.3274 41.3594 43.0803 40.3128 40.0573 39.9161 37.4085 36.766 37.2396 36.6416 36.3051 47.7245 40.0128 35.5504 35.5309 35.2839 35.249 33.6546 33.0811 36.972 32.2411 32.209 35.8987 34.8545 31.2403 31.1139 30.8098 43.4143 30.8565 32.6679 30.2474 30.1621 35.4546 29.6475 33.1522 37.0059 30.4193 37.8697 34.5482 29.5784 29.4405 29.1774 28.9038 30.1183 47.5206 30.3464 39.8084 36.1856 28.4933
threshold=1317.5000000000002 0.98329346000218776 254.17500000000004 0.68434493747256753 2.8882469192008036 0.44513161236116094 -0.50487861609369011 2.993262250453721 4.8374181216641432 57.500000000000007 1.9465766388271348 -306.49999999999994 0.83127194082246758 11.991071428571431 10.392030134813641 -1.1558632713138413 0.4250000000000001 2.3964297853427183 405.00000000000006 1.5000000000000002 0.56290345809862752 0.69183453517970983 2.4861196182648047 0.67354712722384968 0.50000000000000011 -0.18456385382269758 0.32544130008405719 -2.1442821377175858 13.100000000000001 0.085149540373743046 13.049886877828056 0.74312523630864102 1.0000000180025095e-35 2.5416212420776438 1.7403267674454119 2.6454973118279574 0.40246447226745691 1.0234980166080898 55.500000000000007 9.633928571428573 2.8971536675552501 0.75035808345447264 0.44504830917874399 0.037855266300453792 0.65648320895522405 1.1048745918154661 0.17864741641337389 0.88219357458199221 833.50000000000011 0.14833149981664837 0.65294014120959909 0.56166648979447464 0.35339366515837112 0.62773391122136124 -474.49999999999994 21.738382421692382 1.8804279573008744 36.366666666666674 0.50782167086919683 0.95740606353813917 1.2521159669074697 -0.00076135600967344795
decision_type=2 2 2 2 2 2 2 2 2 2 2 2 2 2 2 2 2 2 2 2 2 2 2 2 2 2 2 2 10 2 2 2 2 2 2 2 2 2 2 2 2 2 2 2 2 2 2 2 2 2 2 2 2 2 2 2 2 2 2 2 2 2
left_child=1 3 9 7 8 -4 17 19 11 20 -8 54 13 28 53 -16 27 38 29 -1 21 -2 -7 -15 25 -25 -22 -9 -12 -18 31 32 39 55 36 -36 -35 -19 46 -13 -41 42 -42 -31 45 -17 47 49 -49 -5 -51 61 -50 -14 -3 -6 57 58 60 -60 -57 -52
right_child=2 4 5 6 33 22 10 16 -10 -11 12 30 14 23 15 44 18 37 -20 -21 26 -23 -24 24 -26 -27 -28 -29 -30 43 -32 -33 -34 34 35 -37 -38 -39 -40 40 41 -43 -44 -45 -46 -47 -48 48 52 50 51 -53 -54 -55 -56 56 -58 -59 59 -61 -62 -63
leaf_value=-0.030039774427191631 -0.028022221053360039 -0.0037546107616917047 -0.043966694629870774 0.0037305340332156479 0.006805350721707043 -0.027961546477369422 0.0012868780370665837 0.022151195946717377 0.01555945421355224 -0.036696541817673255 -0.00021264293276336598 0.0018020908805046008 -0.0064725106342145055 -0.030044865558294848 -0.020596921863416353 0.0058767174955722109 -0.019184468396137411 0.0042176933676147353 -0.012571078790556287 -0.011531098372107404 -0.0053110013855081559 0.0010827291902403393 -0.0018859831255089124 0.037820260173217574 -0.026528537327704611 -0.0062164605701971395 0.016205723852260028 -0.0021738644063707857 -0.0087278221133001554 0.011292596329343239 0.0032918567259755381 0.0039855750184027349 -0.0040924765253627492 0.048924592149664985 0.014749265385475996 -0.0038045378097346996 0.015493384434042932 -0.0075667804130793957 0.011444060726261961 -0.014997367778057592 0.02592481205457265 0.0013138533459235967 -0.010905143644048331 -0.0044400008062185029 -0.00096744580909976943 -0.020741193257218227 -0.0018825157422567515 0.0037545415596598446 -0.043531980172464339 0.0026348306824753812 0.041196181992257108 0.0086356166556793412 -0.0039673893303250581 -0.0014974622433194347 0.0067141237356924234 0.0098709579145409496 -0.0018995010712809408 0.056724752373561851 -0.018441038295349387 0.016260724456896233 0.054676395229724208 0.017197642172437792
leaf_weight=318.95474949479103 213.93995247781277 754.35354065895081 896.73895479738712 2822.3827985525131 11756.733399793506 884.91667151451111 9926.1947972923517 156.52772091329098 732.1889458745718 121.11897212266922 2320.3512123525143 13518.063203528523 5892.6004817038774 351.60003317892551 241.65388652682304 3095.1971047222614 367.67780511081219 818.7090565264225 2515.2476117759943 1894.6898339688778 398.55194090306759 226.004663169384 158.91955649852753 69.013099357485771 216.35401713848114 204.24355691671371 370.3587261736393 3667.0882607549429 2557.3569551408291 338.60842111706734 13287.840559154749 4927.8259750455618 5545.5419940203428 83.989412680268288 541.30637781322002 502.93343538045883 1086.7937222868204 1796.2865603119135 981.89984592795372 635.80599617958069 64.230044886469841 3343.4815992712975 961.6326604783535 3125.6240793913603 7619.6754809767008 130.37155224382877 3304.6336797475815 3811.6786949783564 48.616848766803741 605.89755699038506 218.8694634437561 456.16816574335098 1666.7942354083061 6003.0547335445881 5655.5203902721405 258.51449827849865 2073.2919493764639 50.658635139465332 197.24083566665649 142.24481146037579 54.575650632381439 284.39891837537289
leaf_count=1385 950 3155 4457 11859 48854 4107 42015 670 3008 539 9840 56798 25211 1506 1028 13103 1577 3453 10798 8160 1707 975 709 294 923 871 1586 15647 10861 1443 55725 20712 23395 349 2242 2082 4495 7589 4135 2679 271 14083 4058 13374 32273 554 13938 16033 205 2545 919 1916 7030 25470 23696 1076 8636 211 822 592 227 1193
internal_value=0.000100412 0.000631058 -0.0216416 -0.00181672 0.00314 -0.0332221 -0.000695554 -0.00683607 0.00197496 -0.0047443 -0.00178616 0.0017707 -0.00284895 -0.00660553 -0.00191418 0.000282909 -0.00523378 0.00180961 -0.00767699 -0.0141979 -0.00154291 -0.0130707 -0.0239917 -0.0177874 -0.00898496 0.00490536 0.00505289 -0.00117807 -0.00467711 -0.00446454 0.00120809 0.000253197 -0.000510969 0.00657818 0.0121975 0.00581326 0.0178917 -0.00387727 0.00285678 0.000561275 -0.00278996 -0.0010136 -0.00859919 -0.00290223 0.000748154 0.00480087 0.00221894 0.00358597 0.00100992 0.00683096 0.0124212 0.0186014 -0.0050887 -0.00396189 0.0054821 0.00572174 0.00113337 0.010075 0.0064536 -0.00390097 0.0176811 0.0276345
internal_weight=137274 134003 3270.55 67828.4 66174.8 1940.58 55444 12384.4 49426.5 1329.97 38627.7 48694.3 28701.5 5718.92 22982.6 11086.9 10170.8 16816.3 6347.16 2213.64 1208.86 439.945 1043.84 841.211 489.611 273.257 768.911 3823.62 4877.71 3831.91 42284.4 28996.6 24068.8 16748.3 2215.02 1044.24 1170.78 2615 14201.3 18523.2 5005.15 4369.34 1025.86 3464.23 10845.2 3225.57 13219.4 9914.81 5527.09 4387.72 1565.33 959.437 1715.41 11895.7 6409.87 14533.3 2776.53 703.234 652.576 339.486 313.09 503.268
internal_count=580014 564984 15030 287818 277166 9273 234764 53054 207580 5757 163949 204572 121934 24295 97639 46958 43509 70815 27192 9545 5218 1925 4816 3594 2088 1165 3293 16317 20701 16394 177721 121996 101284 69586 9168 4324 4844 11042 59773 77889 21091 18412 4329 14817 45930 13657 55638 41700 23268 18432 6573 4028 7235 50681 26851 60418 11564 2928 2717 1414 1303 2112
is_linear=0
shrinkage=0.05


Tree=11
num_leaves=63
num_cat=0
split_feature=118 143 70 143 130 130 10 16 143 98 15 108 172 86 71 123 70 105 13 36 110 115 95 9 58 143 87 128 118 156 14 100 44 47 13 87 173 49 64 7 26 87 86 105 20 24 63 22 148 47 176 33 12 175 57 44 23 36 12 61 71 8
split_gain=577.187 299.344 262.986 156.168 85.0947 63.4054 61.2567 59.7435 55.4756 55.0301 48.4282 46.1624 51.1081 44.9069 41.2672 38.1037 38.0695 38.272 37.7509 40.3174 37.0825 36.0659 34.4726 34.4222 33.9594 33.7702 33.2602 32.8431 31.34 49.6448 39.4232 31.193 31.1084 30.1605 32.9152 29.8232 37.942 37.3696 35.3672 35.1375 43.1274 37.6506 35.3666 35.1113 34.7715 40.4052 38.6356 36.5594 34.3365 33.9047 35.4834 33.5556 43.9583 40.8427 44.8879 33.3371 33.2109 36.0385 54.9347 33.1755 32.4786 42.8913
threshold=1317.5000000000002 1.049287429866641 2920.5000000000005 0.68434493747256753 -1.5329461472673793 -0.54537958900608541 2.5416212420776438 0.63471368597816979 0.61147377821190652 -2.1777777777780369 0.32500000000000001 -0.54915407605430722 57.500000000000007 1.9575746212689367 1.8298274544503883 -0.4874300695208445 4871.5000000000009 290.17500000000001 0.52384024577572974 -1.0240528294611007 -0.049722053275505426 39.768888888888902 15.300000000000002 825.50000000000011 0.17772057046442732 1.4425085802513229 0.0084926072845293923 1.5225259643918918 985.50000000000011 0.71331089663356806 0.65756234894973764 -0.73490190886025164 4995.0000000000009 0.83561406729672283 1.792174872022781 0.10668699186991872 646.50000000000011 -0.54680497759282953 0.65000000000000002 0.1925393883225209 -0.35840433237901409 0.29789450354609931 2.238169876100911 358.12500000000006 0.60840188014101071 0.12500000000000003 0.097161195003549722 661.50000000000011 2.863626731083063 0.47726070226070233 21.01849563699826 622.50000000000011 1.6297401879491435 10.07093438795445 11980.500000000002 2205.5000000000005 1.1279511677537026 0.97858380471895234 0.4876335535437567 0.95656444129151008 0.94785521564339026 0.17407773386034259
decision_type=2 2 2 2 2 2 2 2 2 2 2 2 2 2 2 2 2 2 2 2 2 2 10 2 2 2 2 2 2 2 2 2 2 2 2 2 2 2 2 2 2 2 2 2 2 2 2 2 2 2 2 2 2 2 2 2 2 2 2 2 2 2
left_child=1 3 11 9 -3 26 -6 18 -4 -1 -11 -2 24 -9 -12 -8 17 -16 19 -7 -21 22 33 -20 -13 32 -5 -28 30 -30 -25 -23 -10 34 35 37 39 -15 -39 48 -41 44 -43 -40 45 47 -46 -42 49 51 56 -37 53 54 -53 -55 57 -51 -59 -47 61 -57
right_child=2 4 8 5 6 7 15 13 25 10 14 12 -14 21 16 -17 -18 -19 23 20 -22 31 -24 28 -26 -27 27 -29 29 -31 -32 -33 -34 -35 -36 36 -38 38 43 40 41 42 -44 -45 46 59 -48 -49 -50 50 -52 52 -54 55 -56 60 -58 58 -60 -61 -62 -63
leaf_value=-0.016440780071847159 -0.035193764182470458 0.0069887180799167829 -0.044470266445540002 0.011871631582611303 0.0017700351327798955 -0.030998809233099462 -0.004802881224495386 0.0019500151726679221 -0.022444353332767036 -3.4783933039248974e-05 -0.0060328221962251301 -0.01719723336410375 -0.035624680874046841 -0.025632807129237718 -0.012861049622375696 0.01082634654480142 -0.028830411338916992 0.031026915107919981 -0.006543829881424987 0.0076690662069468125 -0.0046217325838177458 -0.012122239450548437 -0.004138906274663531 -0.013741339352272406 0.0027264260122502717 0.0093288865887751031 0.0025981778125926951 -0.0029935795943420167 -0.01158413012234131 -0.039630662881990131 0.03575662770860856 0.027978847682802923 -0.044245800918303865 -0.013089009148748802 -0.02055354758352167 0.0024293757559060089 -0.0064229001174464923 -0.00095132746148701881 -0.00044176874706344023 -0.0094469663509013854 0.01215892983683628 0.02648784740547476 -0.014500489049446742 -0.024694029346194715 0.051210338891218225 -0.0011113339624828852 0.0018149114233594636 0.072514491930633682 0.012303015323154618 0.0016379182702238129 -0.023859557405217769 -0.026783051764173796 0.031073795604130018 -0.015086861693833968 0.020607010862299671 -0.030215543958531845 0.008006663396513623 0.010080968487105333 -0.031520628093500778 0.014525809644651715 0.026990753349705993 0.0291196676825069
leaf_weight=1252.7937994748354 127.94359208643436 13089.993267282844 783.41684363782406 826.24184535443783 37377.619351908565 117.41272613406181 449.08574785292149 11676.620933681726 557.91690535843372 3062.1027157753706 6993.2031414210796 265.76522816717625 116.82373340427876 167.95449280738831 601.17970731854439 2962.525550276041 398.61436857283115 54.148332193493843 1965.0404025316238 856.70268394052982 2163.4565211981535 66.096150502562523 10663.024251312017 182.79574559628963 1095.4237097650766 62.547401994466782 14910.68287345767 3187.2749190032482 349.88155905902386 287.3745298832655 51.577245220541954 182.08998046815395 231.52495346963406 474.18647576868534 199.15417511761189 792.83076128363609 1283.2007651478052 8085.0255832076073 276.61870640516281 308.28183917701244 51.137265488505363 67.367840334773064 240.52236621081829 324.08846196532249 116.74746881425381 524.71727721393108 59.897267013788223 49.258796736598015 611.39145219326019 2124.4786172509193 125.92736241221428 526.39230275154114 59.408943817019463 285.99444346129894 55.209144800901413 81.890788376331329 1911.3647571653128 126.93895414471626 211.68443183600903 959.3101726770401 132.68530689179897 48.491965621709824
leaf_count=5440 589 54312 3955 3472 156860 498 1870 49346 2639 13069 29919 1207 526 713 2622 12290 1766 238 8340 3639 9200 280 45273 781 4723 278 62633 13425 1492 1224 221 768 1113 2010 845 3356 5439 34282 1171 1306 217 285 1022 1376 494 2223 254 209 2587 9014 533 2245 252 1211 236 347 8108 538 899 4066 563 205
internal_value=9.49392e-05 0.000599213 -0.0207536 -0.00133854 0.00348109 -0.000395788 0.00235543 -0.00134775 -0.0348668 -0.0065067 -0.00538643 -0.00638153 -0.00388741 -0.000694965 -0.00742284 0.008769 -0.016646 -0.00923468 -0.00603205 -0.00225284 -0.00113531 -0.00168506 -0.00183732 -0.0102121 -0.00116357 -0.0260362 0.00206128 0.0016134 -0.0184821 -0.0242319 -0.00284858 0.0172993 -0.0288382 -0.000627295 -0.000328972 -0.000123564 0.00164563 -0.00227271 -0.001821 0.00273871 0.00799968 0.0105993 -0.00553205 -0.0135261 0.0134196 0.0110737 0.0344612 0.0417721 0.000975894 -9.2282e-05 0.00230781 -0.00553952 -0.0108484 -0.0130512 -0.0222845 -0.00327064 0.00306109 -0.000776678 -0.0159255 0.00899688 0.00957536 -0.00814759
internal_weight=137251 134010 3241.36 80130.5 53879.2 67768.4 40789.2 48844.2 1635.41 12362 11109.2 1605.96 1478.01 42870 8047.15 3411.61 1053.94 655.328 5974.24 3137.57 3020.16 31193.4 30945.2 2836.67 1361.19 851.989 18924.2 18098 871.629 637.256 234.373 248.186 789.442 20282.2 19808 19608.8 10755.1 8853.69 8685.73 9471.93 2377.24 2068.96 307.89 600.707 1761.07 1584.42 176.645 100.396 7094.69 6483.3 4500.39 1982.9 1190.07 1130.66 581.601 549.063 4374.47 2463.1 338.623 1484.03 263.068 130.383
internal_count=580014 564984 15030 339652 225332 286598 171020 207068 7985 53054 47614 7045 6456 181673 34545 14160 4626 2860 25395 13337 12839 132327 131279 12058 5930 4030 79530 76058 3718 2716 1002 1048 3752 86006 83996 83151 45609 37542 36829 40170 10076 8770 1307 2547 7463 6715 748 426 30094 27507 19092 8415 5059 4807 2481 2326 18559 10451 1437 6289 1115 552
is_linear=0
shrinkage=0.05


Tree=12
num_leaves=63
num_cat=0
split_feature=118 135 135 130 34 143 113 103 117 159 120 116 116 29 127 175 77 8 174 25 67 134 98 76 115 99 62 81 63 116 107 14 81 86 58 71 46 86 23 106 116 115 117 107 99 76 62 169 47 5 118 113 24 5 68 175 82 3 12 59 71 32
split_gain=525.971 279.15 226.38 132.617 79.126 75.6803 61.935 56.6573 49.1206 47.935 56.8766 45.4585 42.9643 54.8218 42.9069 47.597 40.938 39.9992 37.0821 36.9266 36.2349 35.8491 35.7452 35.554 36.1298 35.1184 41.9052 34.5002 47.6453 38.6156 37.0307 40.1036 34.3796 36.5876 33.7174 33.5785 37.8877 37.7514 51.8598 39.8147 33.2811 36.7591 34.8031 38.3487 34.9656 33.5698 31.834 31.823 31.7845 31.3073 31.0712 32.0902 33.2584 41.2477 31.2061 31.0664 31.023 30.8359 30.7671 30.679 30.5387 32.7365
threshold=1315.5000000000002 0.60745185033680749 0.47020427044953245 -0.63732244074036359 0.16300104041813085 0.65588195890484458 16.500000000000004 0.83574678812396774 4.8384158926728595 1.3660883412957843 1.0000000180025095e-35 10.115867984337127 10.549647887323946 0.62761727089051556 -0.48993142646840931 9.1366348360352365 0.52899187488856636 0.51887464387464399 21.136585726976609 2.3045091759442839 0.16666666666666669 -0.40541682133053381 -2.5276941857538815 0.81556840873097858 11.693032856656453 -0.12727272727254385 -1.8112045252024329 1.8996679682743283 0.2053313972647883 22.554906325357081 0.82821569478489498 0.44164594926140316 -0.33311316600616464 3.130512561250681 2.8281845697559249 0.54964382150380864 0.49644737393382904 1.9465766388271348 1.8942637924735113 0.97246326678672645 3.4503710086648485 13.513909925504622 2.0910976989815167 0.87785138396920182 0.52650873281321209 1.0758265400662852 -0.82863354729171701 0.90921392545208524 0.50926935522137928 0.58361297539149903 1301.5000000000002 3.5000000000000004 0.22500000000000003 0.86552164725539349 0.17142857142857146 87.265107804433669 1.6632947385647661 1.6251272912423629 0.58355446044983583 0.2414572162074328 0.98887365286693141 0.00090157631987646686
decision_type=2 2 2 2 2 2 2 2 2 2 2 2 2 2 2 2 2 2 2 2 2 2 2 2 2 2 2 2 2 2 2 2 2 2 2 2 2 2 2 2 2 2 2 2 2 2 2 2 2 2 2 2 2 2 2 2 2 2 2 2 2 2
left_child=1 5 -2 8 7 22 -4 11 12 19 47 -5 -3 27 20 18 55 21 35 40 -7 -6 49 24 -23 26 -25 28 30 59 -14 -32 33 46 60 -16 48 38 39 -38 50 -42 -43 -44 45 -45 -27 -11 -37 -1 51 -9 53 57 -54 -8 -21 58 -53 -29 61 -35
right_child=2 3 6 4 17 14 16 9 -10 10 -12 -13 13 -15 15 -17 -18 -19 -20 56 -22 23 -24 25 -26 32 -28 29 -30 -31 31 -33 -34 34 -36 36 37 -39 -40 -41 41 42 43 44 -46 -47 -48 -49 -50 -51 -52 52 54 -55 -56 -57 -58 -59 -60 -61 -62 -63
leaf_value=0.0024776993796804415 -0.037640819458767433 0.0043443520828119163 -0.026716248927449622 -0.0071278808127357776 -0.0062121343123910195 0.025345989739942388 -0.026587000340184665 0.0093438906677296204 0.0013224320507161185 -0.0068281285654871919 0.001978158242114063 9.2475328133196394e-05 -0.014037375892769667 -0.0052428143217271364 0.014210503998559276 -0.0010926671315118794 -0.0029593612669426448 0.041528535599844256 0.00096557881873372906 -0.0085517295787435384 0.00051379185384462683 -0.013053294405288133 -0.0074151293302814284 0.024226308687417424 0.033874884127181433 0.0064968141033695335 -0.0075325210164456499 -0.0096857687504815753 0.035679328297723245 -0.017034115083316006 0.013816124658071983 -0.0079484085114157142 0.0081677989189782585 -0.0067462351794848573 0.032732143809230778 0.020911612533724311 -0.013787906150576049 -0.015571368791014001 -0.04283389136628462 0.01285212259856674 0.0011016174010201848 0.0040050536399964011 -0.0066265067889286254 0.0428090893442616 -0.0073556100961433479 0.0076439868331309932 0.047937292659793823 0.0042829801553514769 -0.0058515195241466388 -0.029071568949040866 0.023814768481060445 0.021220225062908351 0.0032073124200451214 -0.015297582062499749 -0.0069769527431131255 0.011343544372296593 0.030171484149491029 0.050444747215878466 -0.0043523446818973721 0.014304772300595346 -0.0069267575911004763 0.040313354943805398
leaf_weight=101.26117807626724 1104.8990588784218 19264.138064622879 472.06180773675442 4384.0872730463743 395.56442731618881 150.09595122933388 346.19139266014099 525.43937852978706 9612.2158147990704 5210.3845517337322 4539.8259296417236 4335.8035174608231 313.02152669429779 601.98969358205795 174.78355395793915 9901.3536221832037 1593.7004807889462 90.288167297840118 1566.6495406031609 70.054842069745064 6910.1803243160248 261.29680998623371 5534.6142816245556 143.81764909625053 48.651133567094803 59.816090404987335 373.9144881516695 137.73044374585152 106.43417239189148 105.94881701469421 581.07340995967388 332.91598933935165 684.50700064003468 58.783443555235863 192.2779937684536 113.64347326755524 225.75291395187378 2235.721340611577 69.645859643816948 370.3275662958622 28741.613615006208 8385.551090657711 125.43006516993046 222.67057231068611 68.126011118292809 97.622587412595749 205.74117423593998 735.36548936367035 4660.3860565721989 351.89173743128777 114.57127149403095 257.68334972858429 929.36623133718967 162.57110394537449 3945.1916171908379 63.955173999071121 197.65479548275471 51.054274350404739 216.38988517224789 4106.1441897153854 189.12022462487221 99.520422205328941
leaf_count=445 5633 80330 2232 18593 1650 633 1581 2214 40172 22037 19117 18329 1305 2514 747 41994 6973 371 6671 293 29130 1091 23878 596 203 246 1556 574 443 441 2421 1392 2847 243 792 488 964 9616 297 1581 121157 35226 526 933 286 409 849 3092 19970 1543 481 1088 3923 688 16679 281 826 215 916 17102 781 410
internal_value=8.97221e-05 0.000596408 -0.0188215 0.00188819 0.000568799 -0.00344587 -0.0104231 0.00020485 0.00436925 0.000802591 -0.00223613 -0.00353769 0.00551552 0.00910513 -0.00229395 -0.00351304 -0.00658486 0.0087891 -0.00605793 0.00152492 0.0010417 0.00769954 -0.00852054 0.0100741 -0.00568719 0.0125076 0.00128957 0.0106249 0.00358885 0.0127818 0.000805233 0.0058885 0.0164061 0.0234091 0.0159331 -0.00745959 -0.00795305 -0.0124592 -0.00200738 0.00276277 0.00141188 0.00197107 0.00477907 0.0174103 0.0251724 0.0320911 0.0386029 -0.00545392 -0.00521444 -0.0220216 -0.00198181 -0.00246731 -0.00358306 0.00671045 -0.00503526 -0.0206724 0.0200383 0.0135238 0.00954767 0.0135262 0.00663582 0.0228386
internal_weight=137228 133648 3580.81 101281 66119.8 32366.3 2475.91 63316.5 35161.6 54596.6 10485.6 8719.89 25549.4 6285.26 26378.5 19318.3 2003.85 2803.3 9416.91 44111 7060.28 2713.01 5987.77 2317.45 309.948 2007.5 517.732 5683.27 1333.45 4349.82 1227.01 913.989 1489.77 805.259 539.702 7850.26 7675.48 2901.45 665.726 596.08 43843.3 37641 8899.4 513.849 388.419 320.293 265.557 5945.75 4774.03 453.153 6202.27 6087.7 5562.26 687.699 4874.56 410.147 267.71 525.128 474.073 4243.87 347.424 158.304
internal_count=580014 563314 16700 425357 278663 137957 11067 267028 146694 230106 44246 36922 106522 26192 112091 82328 8835 11635 40334 185860 29763 11264 25866 9614 1294 8320 2152 23678 5561 18117 5118 3813 6168 3321 2226 33663 32916 12458 2842 2545 184741 158537 37380 2154 1628 1342 1095 25129 20458 1988 26204 25723 23509 2907 20602 1862 1119 2219 2004 17676 1434 653
is_linear=0
shrinkage=0.05


Tree=13
num_leaves=63
num_cat=0
split_feature=118 135 70 143 143 141 10 103 77 172 143 94 127 175 173 50 117 126 95 176 49 116 98 118 67 24 118 16 4 45 34 32 3 110 81 55 20 125 115 48 76 14 5 173 62 12 86 115 105 92 19 113 35 26 105 53 20 49 32 148 17 56
split_gain=479.569 256.292 231.352 120.185 77.0445 72.0853 59.7235 53.7418 53.5118 57.1622 51.9416 43.0991 39.1687 42.1176 37.0521 36.5686 37.9218 42.0403 40.577 34.5633 34.2665 33.5234 33.3458 32.5331 32.4253 32.3108 34.7485 41.5764 39.4998 33.5218 31.9423 31.7933 42.3996 38.0805 31.0877 30.6668 30.4534 30.3772 30.0981 29.9798 29.6863 41.7429 29.0952 28.6317 28.2522 28.1849 28.0441 29.5744 29.3011 28.0282 29.8348 28.1027 27.4637 27.2332 37.5066 31.7763 28.9551 31.4402 31.3027 31.2464 26.9722 26.352
threshold=1317.5000000000002 0.60745185033680749 2920.5000000000005 1.1781153835788998 0.65588195890484458 -1.1888789148216083 2.5416212420776438 0.83574678812396774 0.45958636829499561 57.500000000000007 0.61147377821190652 8.5000000000000018 -0.48993142646840931 9.1366348360352365 254.50000000000003 0.24611357229158279 -7.498573228730538 -0.72856566132315081 15.500000000000002 -8.7850433994040653 1.2964585361331296 14.719105119510383 -2.5276941857538815 1286.5000000000002 0.16666666666666669 1.0000000180025095e-35 1093.5000000000002 0.87524872086412753 1.2044449927013305 0.74564091350214512 0.066956456667677119 0.00084350835967731655 0.88115032045667896 -0.044732327535508445 2.8508380879929001 1.0000000180025095e-35 0.22009174311926608 1.8741046482092967 1.9766073871409031 0.63472463768115961 0.96972893491880852 0.42397399282344211 0.58361297539149903 222.50000000000003 -2.9869639065817406 0.27322200249029521 2.2761491486457364 2.1406591732043987 1381.0250000000003 0.14165301665301669 0.98314553546065719 40.500000000000007 1.3309326458912543 1.4714276384535008 1216.8500000000001 0.62500000000000011 0.23550420168067229 -0.14575745750953864 0.0019648866276820941 3.5147472009265819 1.3819256357903804 0.36666666666666675
decision_type=2 2 2 2 2 2 2 2 2 2 2 2 2 2 2 2 2 2 8 2 2 2 2 2 2 2 2 2 2 2 2 2 2 2 2 2 2 2 2 2 2 2 2 2 2 2 2 2 2 8 2 2 2 2 2 2 2 2 2 2 2 2
left_child=1 4 8 5 22 45 37 -7 -2 -10 -4 15 24 19 -13 16 21 38 -19 -14 -12 25 42 44 -6 -9 -27 28 29 -28 34 -32 -33 -34 52 -16 -21 -5 -18 -26 41 -39 -1 -31 -17 -3 48 -48 -20 -15 -51 61 -24 -8 55 56 57 59 -59 -55 -40 -52
right_child=2 3 10 6 12 7 53 11 9 -11 20 14 13 49 35 23 17 18 46 36 -22 -23 30 -25 39 26 27 -29 -30 43 31 32 33 -35 -36 -37 -38 40 60 -41 -42 -43 -44 -45 -46 -47 47 -49 -50 50 51 -53 -54 54 -56 -57 -58 58 -60 -61 -62 -63
leaf_value=0.002001139773191499 -0.024931699076811354 0.00056781712552011207 -0.042105114977779516 0.0021418033549915213 0.023941254892855673 -0.004026712368294022 0.0077010942320905849 0.040034612224192898 0.001871226984601121 -0.035804633838982532 -0.026401251203463413 0.011674646623376389 0.001326774775823688 -0.024227168455952131 0.018945283101925149 0.023722800833420002 -0.01884709342761141 0.0022517590360024609 0.0019201855342950453 -0.010665114409459782 0.018770785409337992 0.044268126704046888 -0.0047152210695143451 -0.023303741776086778 -0.026595629147474566 0.00041073788955450904 0.0061496948059441758 0.0042158445715087768 -0.00056655678346660416 0.066068319329930195 -0.00808078703581795 -0.061608754755517137 0.016443128493188169 -0.023748346581011544 -0.024238121923801759 -0.00587276374196786 -0.0043964565306293122 0.0109294142264695 -0.0023224295187173477 0.00091367585944134109 0.0025005572786955151 0.002915112634005203 -0.028261905282797668 0.029347959270628634 -0.0032946245227046412 0.0053092764707356986 0.0051715145497823606 -0.0069289922090137266 -0.01156605515867321 -0.0013128465532209295 0.015595441524220514 0.031390507634480293 0.022416037094928398 0.011549778935627815 -0.024923989173157378 0.035851074994130677 0.038940370333537852 0.012496426621982797 0.057327057088800627 -0.024586407872616112 -0.02096797999506516 -0.017448022442036748
leaf_weight=102.53659851849079 293.68271091580391 4721.9001862108707 754.43983460962772 18882.177058294415 150.93518626689911 8235.2508650720119 3403.6610491722822 62.921661391854286 1193.6213393062353 109.94887602329254 789.81849002838135 1502.6848390549421 1469.2647758424282 128.82152286171913 151.73107449710369 98.349845334887505 320.93926930427551 17191.722485885024 4263.6726961880922 3331.6339035928249 44.339611873030663 53.536386743187904 3757.8892261981964 200.99012988805771 100.49086998403072 2669.4715142101049 107.74779587984085 1134.2762688994408 149.74127918481827 72.279832527041435 970.65380820631981 63.302653446793556 68.525404587388039 421.11443649232388 200.45024472475052 692.8610721975565 4629.7700381428003 3878.178855150938 4897.910049945116 6858.2901590168476 5083.8991529345512 2796.2701491415501 352.30013021826744 199.89795316755772 5992.7423872798681 9321.6273644119501 595.80219879746437 3311.4735866338015 444.7704704105854 9432.9260949939489 159.74581958353519 133.61061377823353 95.647792637348175 143.10483513772488 48.695973977446556 232.55703616142273 96.303625792264938 180.87800969183445 49.61959508061409 102.78970079123974 201.95469731092453 96.958830028772354
leaf_count=451 1357 19720 3955 79120 633 34940 14069 264 5186 502 3817 6335 6259 546 640 415 1359 72509 17986 14317 213 224 16205 850 425 11241 453 4768 631 304 4241 280 302 1849 863 2927 19891 16059 20748 28923 21086 11621 1561 841 25307 38938 2520 14010 1883 40039 676 565 412 589 201 956 395 746 202 422 856 411
internal_value=8.48216e-05 0.000540585 -0.0190878 0.00177836 -0.0033219 0.000532836 0.00415519 -0.000317537 -0.00565042 -0.00130652 -0.0325984 0.000371717 -0.00216067 -0.00332506 0.00696505 2.97076e-06 0.000622768 7.43042e-06 0.000848222 -0.00571937 -0.0240001 0.00494108 -0.00842164 -0.00351148 0.00101371 0.00446217 0.00394566 0.00961674 0.0211827 0.0297548 -0.00736007 -0.0135322 -0.0231019 -0.0181235 -0.00504041 -0.0014142 -0.00701972 0.00338415 -0.00399542 0.000516417 0.00537918 0.00757181 -0.0214395 0.0390995 -0.00285839 0.00371504 -0.00195238 -0.00508384 0.000646244 -0.00105619 -0.000752329 0.0127939 -0.0040418 0.00970409 0.0176876 0.0202644 0.0139351 0.00888023 0.0221472 -0.003556 -0.00306079 0.00311473
internal_weight=137205 134019 3185.85 101494 32524.9 66596.3 34898.1 52552.7 1597.25 1303.57 1588.6 44317.5 26492.4 19382.7 2347.28 41970.2 35678.1 31228.2 25807.4 9430.67 834.158 4449.87 6032.42 6292.08 7109.72 4396.34 4333.41 1663.94 529.667 379.926 5577.58 1523.6 552.942 489.64 4053.99 844.592 7961.4 30640.5 5420.8 6958.78 11758.3 6674.45 454.837 272.178 6091.09 14043.5 8615.72 3907.28 4708.44 9952.06 9823.24 390.315 3853.54 4257.61 853.949 805.253 572.696 476.392 230.498 245.895 5099.86 256.705
internal_count=580014 564984 15030 426135 138849 280669 145466 222011 7045 5688 7985 187071 112685 82704 9902 177169 150597 131871 108908 40467 4030 18726 26164 26572 29981 18502 18238 6997 2229 1598 24152 6672 2431 2151 17480 3567 34208 127886 22963 29348 48766 27680 2012 1145 25722 58658 36399 16530 19869 42237 41691 1652 16617 17580 3511 3310 2354 1959 948 1011 21604 1087
is_linear=0
shrinkage=0.05


Tree=14
num_leaves=63
num_cat=0
split_feature=118 135 135 125 143 103 105 34 16 8 95 18 48 30 95 86 77 32 115 73 32 30 24 98 117 17 32 77 86 164 63 86 67 118 8 44 92 76 16 103 79 105 18 53 69 3 50 63 44 10 18 48 23 90 101 50 35 77 55 57 34 20
split_gain=437.401 230.445 200.106 101.079 84.6453 67.3201 56.4886 54.2339 53.836 53.0615 42.9386 45.7681 42.425 41.6576 41.0539 38.2827 38.0885 48.8895 37.1543 35.8944 35.7254 34.6411 37.2919 34.2137 34.1038 35.5279 33.5157 32.9132 32.2159 32.068 32.018 42.7953 41.901 40.7217 38.6584 43.01 37.6189 36.3973 34.9639 42.4532 36.0582 38.6653 35.7059 39.4341 36.3229 35.5866 34.5172 37.3728 34.8012 39.2012 34.3219 35.0093 34.1147 33.6957 33.6937 36.1546 33.4113 32.6999 32.6288 31.69 31.3475 31.0641
threshold=1315.5000000000002 0.66917155482847701 0.47020427044953245 1.8478578680203046 0.65588195890484458 0.88319197585295772 1721.4250000000004 0.16300104041813085 0.6298280944752187 0.53923076923076929 20.700000000000006 0.23570261437908499 0.6105823068309072 0.78583959899749389 15.500000000000002 1.3422173326708782 0.83074878681317377 0.0011861726201423557 13.762459966173667 0.53135242185425591 0.00084350835967731655 1.2707180805996632 0.22500000000000003 -2.5276941857538815 -6.4498628884826319 0.20148717877904973 -0.0019951896178019711 1.1590990902545981 2.0090256309999472 1.0000000180025095e-35 0.11399807598183999 2.6449946540020393 0.16666666666666669 1295.5000000000002 0.2422647527910686 1433.5000000000002 5.4596209573365488 1.6076480192489475 0.65786456801198001 0.875781401713845 2.210037693703756 1966.6750000000002 0.51887464387464399 1.0000000180025095e-35 0.47222222222222227 1.2684950742456578 0.21670771756978657 0.21626413647690249 2546.5000000000005 0.61045038995311141 0.095564253098499682 0.91334630350194568 1.3569200779727097 0.72222222222222232 2.6543383969743002 0.29789450354609931 1.1245200582549983 0.64438158107528209 0.36666666666666675 10751.000000000002 0.02256618120564691 0.093883547008547022
decision_type=2 2 2 2 2 2 2 2 2 2 8 2 2 2 10 2 2 2 2 2 2 2 2 2 2 2 2 2 2 2 2 2 2 2 2 2 8 2 2 2 2 2 2 2 2 2 2 2 2 2 2 2 2 2 2 2 2 2 2 2 2 2
left_child=1 4 -2 5 23 -3 13 10 20 -9 29 24 -10 -4 30 -16 17 18 -17 -18 -6 22 -20 -1 25 27 -21 -12 -13 -7 36 32 -32 34 35 -33 60 46 39 -38 41 42 50 45 -45 -44 47 48 -34 -50 51 -40 -37 -49 55 -52 -51 58 -48 -28 -14 -15
right_child=2 3 6 -5 8 7 -8 9 12 -11 11 28 14 61 15 16 19 -19 21 26 -22 -23 -24 -25 -26 -27 59 -29 -30 -31 31 33 37 -35 -36 52 38 -39 40 -41 -42 -43 43 44 -46 -47 57 53 49 56 54 -53 -54 -55 -56 -57 -58 -59 -60 -61 -62 -63
leaf_value=-0.020210997017249894 -0.035370012553438503 -0.0022812366237324731 -0.045159893770957867 0.0051319532443067691 -0.0045190293291587193 0.0028245756734588071 -0.035999184342746703 0.0074563233651404161 -0.021189945089581545 0.053693194108947365 -0.0019601797036886996 0.0014507628473702445 -0.031093163557240278 0.0037178140097523672 0.032797621693047514 -0.0073259546248193577 -0.0049511130693864402 -0.018463817153801267 0.012877192131830115 -0.018689028747388644 -0.016198407321068749 0.0068199967509520636 -0.026124116216505407 -0.0065147511594931947 0.0012824756548020929 0.059642917190968682 0.0028666776226304283 0.044532560997736614 -0.0089876586359954967 2.0441652625202723e-05 0.024111206546402048 -0.0033085227535237017 -0.004330120574125372 0.035367861270689548 0.0082246492983450974 -0.016646928402402762 -0.0010764579428659182 -0.034916373602580417 0.0048055732967223061 0.046906852594382376 0.0078307391784374729 -0.021964315009045728 -0.006966346745746462 -0.012441672949144285 0.018593563696234158 0.051105701990775569 0.025821102282441152 0.015064101003593509 -0.038335144256559484 0.0045778374060156165 0.0073574602719262659 -0.027958233276116191 -0.046485254076246194 -0.015819615682477469 -0.030311148934218341 -0.021819003085152153 0.029553656250115412 -0.011714217999306524 -0.012247121415203469 0.02779321247800039 0.0036933997732273155 -0.0096769690941748854
leaf_weight=492.53469890356064 1068.3800677359104 11982.63436216116 70.343485325574875 20442.111938998103 3714.2004514783621 32131.024689152837 185.22618979215622 2887.2443682253361 252.71774889528751 63.412993028759956 123.73524652421474 1051.160854101181 65.15022087097168 592.20170016586781 73.917382791638374 3297.6726458370686 2693.3389668464661 724.94058582186699 91.943033024668694 173.2647558003664 794.87611798942089 1035.1955917179585 183.8466192483902 6142.0797996819019 906.32344235479832 51.03706294298172 3157.6941687166691 54.980644971132278 2490.3386352956295 14934.571703657508 174.47212062776089 635.87022531032562 2212.5052824467421 50.586586713790894 246.04188697040081 748.43677371740341 108.20826551318169 76.959641486406326 145.89875097572803 80.307832643389702 707.72761256992817 290.82172527909279 54.595031157135963 1476.3761004805565 100.70894043147564 51.048355162143707 129.38442128896713 729.01034158468246 48.475713416934013 1165.0037391036749 1596.0303449928761 184.81298425793648 109.85281556844711 100.49395173788071 68.639726176857948 113.74597589671612 151.29380910098553 985.57358208298683 99.632826417684555 132.87355278432369 10868.344164863229 1608.463987916708
leaf_count=2185 5633 50678 330 84834 15813 134889 890 11964 1076 258 519 4419 276 2627 312 14011 11441 3099 389 731 3413 4376 782 26569 3818 214 13379 230 10487 62978 733 2695 9359 214 1048 3183 460 326 617 341 2985 1242 231 6258 426 216 549 3087 206 4942 6761 783 467 426 290 483 642 4179 426 567 46032 7220
internal_value=8.01761e-05 0.000538662 -0.0173059 0.00205608 -0.00230197 0.00111305 -0.00944863 0.0018567 -0.00143245 0.00845001 0.00148071 -0.00308816 -0.00077693 -0.00728313 -0.000630128 -0.00307024 -0.00330097 -0.00639392 -0.00449533 -0.000621731 -0.00657791 0.00262487 -0.0131218 -0.00753152 0.00564418 0.0228501 0.00274463 0.012343 -0.00588941 0.00193478 0.000566816 -0.0020883 -2.50569e-05 -0.00885462 -0.0101401 -0.0131643 0.00184555 -0.000764063 -0.00175706 0.0193644 -0.00258825 -0.00439436 -0.00304681 -0.0084788 -0.0104598 0.0210949 -0.0002965 0.00176043 -0.000456843 0.00582233 0.001287 -0.013504 -0.0204659 0.0113226 0.0040375 0.00541644 0.00744853 -0.00775948 0.00925971 0.00387321 0.00348611 -0.00607242
internal_weight=137180 133656 3524.62 87118.6 46537.1 66676.5 2456.24 54693.8 39902.5 2950.66 51743.2 4677.58 35393.4 2271.01 35140.7 11564.7 11490.8 5333.6 4608.66 6157.17 4509.08 1310.99 275.79 6634.61 1136.08 229.753 3463.83 178.716 3541.5 47065.6 23576 7663.59 5872.81 1790.79 1740.2 1494.16 15912.4 5698.33 4978.92 188.516 4790.41 4082.68 3791.86 1682.73 1577.09 105.643 5621.37 4406.78 3577.28 1364.77 2109.13 330.712 858.29 829.504 1778.42 1709.78 1316.3 1214.59 229.017 3290.57 10933.5 2200.67
internal_count=580014 563314 16700 365288 198026 280454 11067 229776 169272 12222 217554 19687 150046 10177 148970 49087 48775 22657 19558 26118 19226 5547 1171 28754 4781 963 14677 749 14906 197867 99883 32482 24875 7607 7393 6345 67401 24142 21093 801 20292 17307 16065 7131 6684 447 23816 18662 15149 5790 8934 1400 3650 3513 7534 7244 5584 5154 975 13946 46308 9847
is_linear=0
shrinkage=0.05


Tree=15
num_leaves=63
num_cat=0
split_feature=143 135 130 114 71 135 159 169 10 71 14 176 95 101 157 10 135 26 48 172 106 95 130 116 157 103 85 49 116 117 41 10 141 20 161 29 30 20 26 61 37 157 148 32 99 89 50 86 34 86 49 49 107 12 20 61 103 89 29 98 94 176
split_gain=359.056 171.594 141.203 70.8853 69.4923 69.3661 60.4941 57.6788 54.244 50.6177 41.7021 42.4309 37.8311 36.363 37.239 36.0179 36.0092 35.1388 34.9222 32.8145 32.2597 32.1092 44.9226 39.1344 31.4836 31.26 34.0136 39.9771 41.7907 43.1608 32.8491 33.4305 30.4253 30.4159 49.5137 35.0142 35.8333 51.8726 38.0581 30.3337 35.0132 37.6803 29.7676 35.1175 29.4018 54.6845 29.3108 28.9135 36.8786 39.8183 30.8177 36.7662 35.5693 30.7339 31.1393 30.0077 29.1049 28.9772 28.6301 33.2634 29.5509 28.5243
threshold=0.72087233560001718 0.33543428301888817 -0.66961738873589738 354.50000000000006 1.8298274544503883 0.53329776004632501 0.98996941526822024 0.34518656615600768 3.109238988638038 0.32578017645515184 0.55586992364457122 9.3599242424242437 4.3000000000000016 -1.7964982615482183 1.5565501562944022 1.2414320401431242 0.68803962987233369 -0.41657131960335619 0.63472463768115961 1.0000000180025095e-35 0.98855580577212032 12.900000000000002 -0.50209015850368877 6.6189619523631213 0.28014014014014021 1.1213996357912668 5.5000000000000009 -0.16264534883720927 6.1759193637294283 -0.1712712832562571 0.75000000000000011 0.6498369563756794 -1.6955643839071064 0.42444997924449984 38.071428571428584 0.52387015723780206 2.1306157266194492 0.83558558558558571 0.30421561591055041 0.94596732325545896 0.448899244737265 1.1615035149901114 2.9118678343322677 0.0003254974633334885 0.35404557860787478 0.070477190077757754 0.0540811352434599 2.3537385571930041 0.04319811974947968 1.524903470739231 -1.4555515184545975 -1.2349698934691984 1.3537714097496709 0.60224867168552254 0.77095883534136556 0.94369485526482133 1.1357057532006209 0.14415919940631131 0.29769217113438667 4.1979705159708418 9.5000000000000018 1.2215010554515302
decision_type=2 2 2 2 2 2 2 2 2 2 2 2 8 2 2 2 2 2 2 2 2 8 2 2 2 2 2 2 2 2 2 2 2 2 2 2 2 2 2 2 2 2 2 2 2 2 2 2 2 2 2 2 2 2 2 2 2 2 2 2 2 2
left_child=1 3 10 -1 9 -4 8 -8 12 -3 11 16 -7 25 33 17 18 20 -2 -11 -13 22 -21 -23 -22 26 30 -28 -29 -30 -14 -32 -6 -15 35 36 37 58 46 -27 41 -41 -24 -44 61 -46 -38 48 49 -37 56 -52 -53 54 -51 -54 -50 -49 -35 60 -60 -34
right_child=2 4 5 -5 32 6 7 -9 -10 19 -12 15 13 14 -16 -17 -18 -19 -20 21 24 23 42 -25 -26 39 27 28 29 -31 31 -33 44 34 -36 47 38 -39 -40 40 -42 -43 43 -45 45 -47 -48 57 50 53 51 52 55 -55 -56 -57 -58 -59 59 -61 -62 -63
leaf_value=-0.011063865382421153 -0.024913762813111185 -0.020196815434645594 -0.0048156032293534294 -0.039977770106919164 0.018525918302061194 0.032491607812050564 -0.0041014892607161664 0.00077228432547553631 0.011571217024189985 0.0099584788332846286 -0.002033410950933508 -0.0057235085551178618 -0.0052058989520769421 0.00026345709176720439 0.008536691290902754 0.0051681458559724343 0.0055848844031137421 -0.0060811405682310122 0.0020762690435006436 0.0059949475265351658 0.049096679623037105 -0.010757040027347311 -0.0045420455293217277 -0.0035880856984726061 0.0011980021849013886 -0.0020169344588520577 -0.015728689330991467 0.0029718765811381654 0.070746673340892116 0.010450951984190529 0.0065790605500219944 -0.029993811180904419 -0.013985688127295516 -0.0059891509072593462 -0.024063194458806086 0.026916504556282968 -0.0030617660662401042 -0.025445768897285184 -0.0031078774324704681 0.0029577545059885314 0.050323232104282113 0.044317481750176961 -0.012851065656323289 0.034468090444525222 0.028234817722538552 -0.015388494494276759 0.026149207789260359 -0.00029442282397666914 0.0076556300785757181 -0.0033140954841660015 -0.028886623557977428 0.005221524882622456 0.012698365494893157 -0.017058939230510061 0.032133660229410325 0.050926913796838974 0.055396089837467521 -0.013858251476515888 0.0060505981138377716 0.043400487281565529 0.037231365709108101 -0.029376504423343594
leaf_weight=359.06892116367817 121.75627721846104 492.94620582461357 7464.6401312947273 517.44271706044674 64.831292495131493 95.158789202570915 12781.567814677954 11561.634799301624 1244.9836306124926 414.46569173038006 3173.0551432520151 121.87063181400299 3233.4682896435261 28639.901224270463 1769.6937715709209 1643.6177278310061 23234.040097683668 2446.9652699679136 7651.5267323255539 1451.957643315196 83.281480774283409 3195.213918581605 5342.721289947629 4709.4564397633076 58.338203370571136 961.29725447297096 123.65310770273209 181.67534948885441 60.391915306448936 58.360677495598793 81.708647415041924 265.55984151363373 763.5446917116642 451.4546834975481 162.31147399544716 98.881125375628471 101.15353263914585 136.47672751545906 200.20381167531013 413.07885253429413 55.827613994479179 63.538401946425438 62.472708106040955 105.29471042752266 96.926086500287056 277.5726070702076 568.62074829638004 1880.9861154407263 63.815002530813217 551.56051973998547 71.924915209412575 1877.2903809249401 144.23424923419952 403.17754805088043 69.793810576200485 79.69735524058342 63.885520398616791 498.01339136064053 3506.9955388307571 62.912838041782379 77.669544264674187 496.99746452271938
leaf_count=1580 520 2331 32104 2758 288 400 54030 48730 5155 1776 13282 511 13739 120713 7439 6887 96538 10272 32135 6201 348 13869 23007 20246 244 4055 523 772 255 247 347 1125 3424 1906 683 415 425 576 841 1742 236 268 267 453 436 1221 2388 7936 269 2332 303 7901 604 1702 294 335 268 2102 14799 266 327 2242
internal_value=-3.61483e-05 -0.0065449 0.000970423 -0.028133 -0.00546204 -0.000225689 0.000245834 -0.00178672 0.00126983 -0.00442698 0.00345758 0.0039503 0.000997391 0.000933598 0.00144006 -0.000671711 0.00459932 -0.00421299 0.00165351 -0.00391828 0.013136 -0.00430514 -0.00182924 -0.00648591 0.0293655 -0.00288712 -0.00518956 0.00820001 0.0180488 0.0411145 -0.00677534 -0.0213886 -0.0150673 0.00112381 0.00334945 0.00375733 0.00677743 0.00487899 0.01602 0.00328584 0.0128597 0.00847147 -0.00389084 0.0168475 -0.0163993 -0.0040981 0.0217376 0.00110035 0.00404205 -0.00338383 0.00766782 0.00626508 0.00746832 -0.00630822 0.000667584 0.0263039 0.031539 -0.00313384 0.00588865 0.00735875 0.0067262 -0.0200539
internal_weight=137013 18350.9 118662 876.512 17474.4 80127.2 72662.6 24343.2 48319.4 15774.5 38534.5 35361.4 47074.4 46979.2 41480.7 4354.07 31007.3 2710.46 7773.28 15281.6 263.49 14867.1 6962.45 7904.67 141.62 5498.56 4004.82 424.081 300.428 118.753 3580.74 347.268 1699.87 39711 11071.1 10908.7 5105.49 4235.51 869.978 1493.74 532.445 476.617 5510.49 167.767 1635.04 374.499 669.774 5803.26 3424.26 1123.41 2300.85 2173.15 2101.22 1024.53 621.354 223.932 127.701 2379 4099.03 3647.58 3584.67 1260.54
internal_count=579388 80099 499289 4338 75761 338552 306448 102760 203688 68150 160737 147455 198533 198133 174824 18262 129193 11375 32655 65819 1103 64043 29928 34115 592 23309 17008 1797 1274 502 15211 1472 7611 167385 46672 45989 21528 17874 3654 6301 2246 2010 23727 720 7323 1657 2813 24461 14423 4743 9680 9143 8840 4328 2626 939 537 10038 17298 15392 15126 5666
is_linear=0
shrinkage=0.05


Tree=16
num_leaves=63
num_cat=0
split_feature=118 130 172 148 98 115 175 9 2 70 114 115 79 86 108 130 44 70 72 79 172 169 128 84 61 13 50 80 81 97 82 32 80 115 32 24 61 77 49 15 13 118 77 14 14 115 20 49 97 157 94 108 50 3 14 173 103 32 86 97 101 2
split_gain=381.902 185.059 164.355 80.4515 71.3514 69.1862 68.4259 63.817 78.7474 56.5371 68.3058 60.1679 57.2444 50.3394 50.1048 49.2453 47.4272 45.5923 45.5204 49.4001 44.1869 43.9527 40.6608 40.6382 40.0119 39.5038 45.5778 43.5021 46.9127 59.3102 47.3627 43.0053 43.9217 42.7743 41.4796 41.613 61.5011 49.8253 38.2718 37.9645 42.7328 41.4095 47.8297 41.3457 38.7607 37.8115 37.6369 48.7395 44.3009 37.3542 38.5579 36.7825 37.8517 36.1638 43.502 43.6648 42.2514 41.1673 48.888 43.163 41.1124 39.3182
threshold=1315.5000000000002 -0.66961738873589738 28.500000000000004 2.7190300118046 -1.9994798980599653 12.650543923265881 9.8645570148009174 2209.5000000000005 12.705357142857144 1126.5000000000002 638.50000000000011 2.2912705493548882 0.043956152284063806 2.8719727579985266 0.20831772759211631 -1.2263007049313128 4995.0000000000009 1835.5000000000002 0.46610396547896554 2.8346233969764736 6.5000000000000009 0.669360808133586 1.4495872601417503 1.1844129554655873 0.94596732325545896 0.48072796302410042 0.25814023928517343 3.0708612294583086 0.75898750712191332 -0.24104870780673537 2.5875682354965357 -0.00052148402367068662 0.14155727313622055 11.379672006102213 0.0024986005248311253 0.27500000000000008 0.95656444129151008 0.59930808753719866 0.90176770302589182 0.4250000000000001 0.93363557858376522 1271.5000000000002 0.69183453517970983 0.55832917912927893 0.49207247001364651 5.2377526550188431 0.45923792645104128 0.24709042481152096 0.57435897435901606 1.0773688232297507 6.5000000000000009 -0.30233130238279121 0.026794918998527248 0.8033784746970779 0.39811253561253562 -456.49999999999994 0.85624664899757108 -0.0032331112413219345 3.2291434145456201 0.19501243781108304 -1.3913735875705662 7.6517857142857153
decision_type=2 2 2 2 2 2 2 2 2 2 2 2 2 2 2 2 2 2 2 2 2 2 2 2 2 2 2 2 2 2 2 2 2 2 2 2 2 2 2 2 2 2 2 2 2 2 2 2 2 2 2 2 2 2 2 2 2 2 2 2 2 2
left_child=1 22 15 4 -3 6 9 13 -9 -6 11 12 -11 21 17 -2 -17 -4 19 23 -15 39 53 25 45 27 34 28 29 -13 -31 32 -30 -33 35 36 -27 -38 -37 40 41 51 44 -42 -43 -25 47 -32 -49 -14 -51 -8 -53 54 55 -1 61 58 59 -58 -57 -55
right_child=2 3 14 -5 5 -7 7 8 -10 10 -12 18 49 20 -16 16 -18 -19 -20 -21 -22 -23 -24 24 -26 26 -28 -29 31 30 46 33 -34 -35 -36 38 37 -39 -40 -41 43 42 -44 -45 -46 -47 -48 48 -50 50 -52 52 -54 56 -56 60 57 -59 -60 -61 -62 -63
leaf_value=-0.018814888968726587 -0.0031364781501177705 -0.0062540453971013992 -0.0058698580938461925 0.0024074773289430511 -5.3995671964212647e-05 0.0015669986962824241 -0.0062718611993284922 0.030865852804024253 -4.8956103842062091e-06 -0.024612466763116164 -0.021073562377583142 -0.064288501889464542 -0.010083257071430041 0.0075676377741608764 0.0057869670794243972 -0.024977202086424261 -0.044595375263725284 -0.027862182825776873 -0.0076794876147924969 -0.035859175755820642 -0.0087506707754894612 0.0038088978474001851 -0.00071242758490446477 0.02966259845929738 -0.038688973062244524 0.054612429039955925 -0.013904409533796305 0.040462666718990001 -0.03452016280736693 -0.01284170656825271 -0.016803960196705367 0.01087218678550351 0.014029897594223475 -0.021766223722358442 0.041596143069716401 0.00064415002114481855 0.052788280537890225 0.00031735103175895105 0.028324455900353124 -0.0027969994529571905 0.0012904535123545861 0.0097630962094033841 0.0055114145362961751 0.02651230943951189 0.069773325576977449 -0.01866307375233927 -0.021774482916452547 -0.0072243119688493052 0.04631849737730992 -0.0030344670782740408 0.05367305058191673 0.012084224036542905 3.5409716164768296e-05 0.0014490617661865237 0.0033360548643889642 -0.0018694005787713267 -0.015776551180116498 0.0041846815807938765 0.012594208156009895 0.032173372114783209 0.018530363788323657 -0.01192573388642775
leaf_weight=98.533615633845329 181.53757318854332 7165.9571473449469 860.63269771635532 15862.752083733678 5204.2731198072433 18925.204968988895 2003.6407141089439 355.15137292444706 493.80035047233105 741.4129890203476 731.12685038149357 48.696213275194168 532.24296560883522 478.89110144972801 605.57109750807285 1052.1851410716772 435.61507253348827 324.52424287796021 4797.4623547047377 100.60689249634743 3101.788956657052 5345.9622629582882 5663.7639929205179 60.377897441387177 133.97184051573277 99.268997341394424 284.34909275174141 55.154327303171158 135.19864919781685 1231.3541735261679 74.929620876908302 903.88683007657528 71.073516726493835 112.92551749944687 84.978445515036583 1667.1757842749357 54.798641502857208 259.45723137259483 134.98616643249989 14467.793980821967 330.34891964495182 47.022663339972496 297.78425917029381 319.76719757914543 62.903632402420044 122.80403487384319 80.462011009454727 54.289091601967812 133.95535753667355 72.439172014594078 51.136566266417503 747.77635642886162 5080.390859618783 1653.0645647495985 2148.0196606069803 292.84417700767517 700.42891235649586 27141.361946240067 259.97836503386497 50.303312361240387 1576.9909470677376 823.08870010077953
leaf_count=410 869 30673 3796 66686 22044 79966 8498 1485 2087 3203 3135 211 2287 2020 2632 5392 2332 1558 20526 428 13155 22556 23750 255 574 421 1213 234 576 5264 322 3854 303 480 361 7102 235 1108 574 61198 1397 200 1257 1352 266 522 345 234 573 311 218 3161 21479 6909 8977 1222 2927 112956 1076 209 6569 3455
internal_value=-3.47049e-05 0.000390261 -0.0164349 -0.000835894 -0.00150182 -0.00101598 -0.00197133 -0.000622346 0.0129096 -0.00444965 -0.0062326 -0.00533581 -0.0150941 -0.000978187 -0.00591342 -0.0277214 -0.0307212 -0.0118919 -0.00406181 -0.00112251 -0.00656821 -0.000280845 0.00321595 -0.000520388 -0.0179224 0.000485478 0.00498054 -0.00351869 -0.0043708 -0.00994159 -0.00826127 0.0030246 -0.0177917 0.00724742 0.00731462 0.00599981 0.0203044 0.00946702 0.00271747 -0.00121689 0.00135472 0.00038096 0.0159164 0.0136961 0.044103 -0.00273463 0.00815187 0.0173015 0.0308769 -0.00433336 0.0204315 -0.000427789 0.00158132 0.00385632 0.00825646 0.0136259 0.00326495 0.00381571 -0.00609245 -0.0125636 0.0153355 -0.0029968
internal_weight=136990 133530 3460.07 93121.7 77259 70093 51167.8 33133 848.952 18034.8 12830.5 12099.4 1397.23 32284.1 1790.73 1669.34 1487.8 1185.16 10702.2 5904.7 3580.68 28703.4 40408.4 5804.09 317.154 5486.94 2585.01 2901.93 2846.77 1623.69 1574.99 1223.08 206.272 1016.81 2300.67 2215.69 413.525 314.256 1802.16 23357.4 8889.63 8239.52 407.711 650.116 109.926 183.182 343.636 263.174 188.244 655.819 123.576 7831.81 5828.17 34744.6 4116.39 1968.37 30628.2 28152.1 1010.71 750.732 1869.84 2476.15
internal_count=579388 562809 16579 394349 327663 296990 217024 140111 3572 76913 54869 51734 6019 136539 7986 8593 7724 5354 45715 25189 15175 121364 168460 24761 1351 23410 11014 12396 12162 6949 6738 5213 879 4334 9801 9440 1764 1343 7676 98808 37610 34861 1723 2749 466 777 1474 1129 807 2816 529 33138 24640 144710 17178 8201 127532 117168 4212 3136 7791 10364
is_linear=0
shrinkage=0.05


Tree=17
num_leaves=63
num_cat=0
split_feature=143 143 143 70 127 71 159 45 120 169 10 1 86 171 173 70 50 50 48 101 63 128 46 48 148 46 116 93 135 116 99 4 32 116 92 12 37 113 79 3 106 148 8 34 86 173 80 84 93 80 9 115 18 77 37 21 148 49 73 13 173 80
split_gain=308.721 154.746 116.382 86.3833 73.6305 62.4534 58.087 56.2606 53.6455 57.0373 50.8084 50.0668 51.1199 44.2487 66.9392 58.361 49.1199 39.6314 39.6032 39.0799 38.5778 36.4309 34.9545 35.3891 35.5701 34.8816 34.517 48.5302 32.9147 32.4499 46.3129 52.6012 45.7184 41.2086 40.8671 37.2632 38.539 33.6433 32.7885 32.3906 35.1867 33.7758 32.3452 32.2686 32.0818 31.76 45.7464 31.4777 31.439 33.1492 43.4044 35.7641 32.667 46.6922 40.5571 31.9874 31.4272 31.2314 33.2391 32.2902 30.7549 36.0623
threshold=0.72087233560001718 0.48486887563585851 1.2573086271765399 4950.5000000000009 -0.52203389830507796 1.8298274544503883 0.95067482040407036 0.29566805548993119 1.0000000180025095e-35 0.34518656615600768 2.5416212420776438 3.9910714285714293 1.3422173326708782 14.500000000000002 369.50000000000006 9533.0000000000018 0.26275941033347655 0.0084926072845293923 1.0273506567880026 0.71705351351360436 0.15657464322944753 1.8561109034021783 0.59723748473748484 1.0852905261713661 2.1902173856402722 0.20672313797313802 5.7536062681610636 1.5000000000000002 0.52715755373900131 4.2476841189416055 -0.58758910550650201 1.0471992830164525 -0.0037109420035293301 29.198409542743541 0.86086426036120689 0.38908198168376923 0.37522563176895313 50.500000000000007 -0.088537604735337047 0.77069497108998675 0.77722161255868871 3.7506192578774118 0.30451766304347833 0.08839711707772048 3.8613375130616512 792.50000000000011 1.6334205933682375 0.5488088485536019 3.5000000000000004 -0.22564114674349403 548.50000000000011 6.343102805035703 0.60615530303030318 0.73862022964409946 0.076789064593942649 0.2228132387706856 2.3390170978983371 -1.6868789712841974 0.51850943339397937 0.85957662751921138 309.50000000000006 1.8564139250652902
decision_type=2 2 2 2 2 2 2 2 2 2 2 2 2 2 2 2 2 2 2 2 2 2 2 2 2 2 2 2 2 2 2 2 2 2 10 2 2 2 2 2 2 2 2 2 2 2 2 2 2 2 2 2 2 2 2 2 2 2 2 2 2 2
left_child=1 3 4 -1 17 7 11 -3 9 -8 -4 45 47 14 28 -15 18 42 25 -7 -21 29 23 -20 -25 -16 27 -9 -14 30 31 -19 -32 34 37 36 -33 44 -36 40 -40 48 -2 -28 -31 46 -6 -13 52 -50 -51 56 -41 55 -55 -54 -52 -39 59 -59 61 -5
right_child=2 5 10 60 6 19 8 26 -10 -11 -12 12 13 15 16 -17 -18 21 22 20 -22 -23 -24 24 -26 -27 43 -29 -30 33 32 35 -34 -35 38 -37 -38 57 39 41 -42 -43 -44 -45 -46 -47 -48 -49 49 50 51 -53 53 54 -56 -57 -58 58 -60 -61 -62 -63
leaf_value=-0.012132310529574603 0.012599699777515445 -0.019847101913712185 0.0028776319618951021 -0.043080814170425037 -0.0013743979731840577 -0.018330368862741749 -0.0090403120284018798 -0.019630686137021007 -0.00024280115970037264 -0.0017012343565433481 0.0090369966966131997 0.044352884068087503 -0.0050395338931800582 -0.0050423358077229963 0.061675977389922865 -0.033019185620202271 -0.018521774121438423 -0.00037995567053088837 -0.014410504887424985 0.010613635681386449 -0.023782208908158048 -0.0021231770593120175 -0.029784796977701311 -0.0074735185207328129 0.04327767666091796 0.020113029279127503 -0.00050433515768710053 -0.0046815052386391118 -0.00019430156120129526 0.00026002954994137846 -0.026751695770551948 -0.0085780838122223382 -0.0010954797784963272 -0.0030899929278494554 -0.013339616418918024 0.037738129629578718 0.036715272885236516 0.047934532599018115 -0.0071334123009500197 0.0018427894172427324 0.021509724005922833 -0.030081342933800433 -0.016629377576428097 -0.010903752356901986 0.036042336329706708 -0.0043068320796084822 0.0066770472009850014 0.0025654063699128826 0.0059455764919996304 0.010460146012747605 0.038050890143764393 0.045104954499406283 0.030125389280939642 -0.018522366783477733 0.0093814841124794535 -0.0022878436652006211 -0.011788311921923153 -0.013810997500401734 0.015238035088380467 0.013103562611790066 -0.045309325465999702 0.002802517345333249
leaf_weight=877.5522051602602 1245.8905378878117 523.90220229327679 23524.87297847867 84.382073000073433 2506.1409315317869 1247.3013415038586 5700.1439684182405 616.6466593593359 8157.7591415643692 4943.2026835978031 3903.7329562753439 99.936704859137535 4134.1814619898796 2630.8748005479574 56.051626563072205 200.62335683405399 114.02585776150227 536.04154485464096 87.554877877235413 263.20440632104874 118.09761343896389 5355.0017718374729 67.726947382092476 53.124664768576622 98.610032647848129 507.88618558645248 8732.88869138062 4539.3214930295944 23034.60948638618 6576.2071091979742 178.44010162353516 129.15323112905025 6452.8620315939188 2021.5027097612619 190.2853392213583 215.75716097652912 73.801496475934982 51.35565447807312 126.9278220385313 3184.2306126952171 690.56018647551537 62.492547377943993 102.43138541281223 815.60193794965744 63.243867158889771 1229.384110301733 5959.190464168787 82.080069646239281 982.23899887502193 547.8774728924036 60.130917206406593 222.31777520477772 382.94670261442661 159.98941320180893 699.84620194137096 94.997674196958542 66.734081044793129 261.21974256634712 658.47507210075855 194.34999527037144 380.22448973357677 86.951123863458633
leaf_count=3912 5214 2491 97955 378 10581 5666 24284 2723 34556 20976 16065 420 17770 11236 236 983 484 2246 369 1177 528 22581 288 226 417 2138 37451 19671 97319 27493 754 540 26999 8501 807 902 308 214 530 13314 2889 259 428 3573 265 5179 25115 347 4107 2288 252 929 1599 668 2923 398 279 1094 2750 814 2144 385
internal_value=-3.34296e-05 -0.00608091 0.000898367 -0.021878 3.99271e-05 -0.00474166 -0.000993512 -0.00374639 -0.00329349 -0.00563175 0.00375425 6.47381e-05 -0.000911381 -0.00106658 -0.000467368 -0.00702461 0.0123372 0.00199192 0.0163772 -0.014048 -3.95131e-05 0.00161794 0.00192707 0.0109026 0.0255089 0.0242441 -0.00317274 -0.00646941 -0.000931584 0.00242303 -0.000303478 0.00999248 -0.00178586 0.00361874 0.0045065 0.0232714 0.00789218 0.00197621 0.00714965 0.0076851 0.0170624 0.00649914 0.0103792 -0.00139262 0.000600873 0.00320284 0.00429344 0.0255089 0.00685625 0.0122917 0.0192405 0.0330171 0.00459733 0.0111538 0.00418942 0.0236828 0.0118343 0.00981169 0.00805429 -0.00232901 -0.0373837 -0.0197952
internal_weight=136965 18286.1 118679 1429.11 91250.4 16857 59663.1 15228.4 18801.1 10643.3 27428.6 40862 31167.3 30985.3 28153.8 2831.5 984.98 31587.3 870.954 1628.6 381.302 30239 307.017 239.29 151.735 563.938 14704.5 5155.97 27168.8 24884 7586.06 954.753 6631.3 17297.9 15276.4 418.712 202.955 7804.85 7471.58 7281.29 817.488 6463.8 1348.32 9548.49 6639.45 9694.72 8465.33 182.017 6401.31 1879.3 897.06 349.183 4522.01 1337.78 859.836 477.944 126.865 1165.4 1114.04 455.57 551.558 171.333
internal_count=579388 80099 499289 6819 385269 73280 252924 65909 79816 45260 114020 173108 132233 131466 119247 12219 4158 132345 3674 7371 1705 126703 1300 1012 643 2374 63418 22394 115089 104122 31749 3996 27753 72373 63872 1750 848 32630 31242 30435 3419 27016 5642 41024 27758 40875 35696 767 26757 7855 3748 1460 18902 5588 3591 1997 531 4872 4658 1908 2907 763
is_linear=0
shrinkage=0.05


Tree=18
num_leaves=63
num_cat=0
split_feature=118 135 135 130 10 48 173 148 100 18 72 7 109 117 134 102 116 108 107 172 124 120 142 70 72 48 116 115 16 48 31 83 102 12 63 63 62 174 110 61 108 72 118 107 98 76 26 83 16 147 157 99 99 49 10 146 49 126 143 76 100 148
split_gain=329.281 166.995 150.495 89.043 56.7803 51.7836 45.195 40.1953 47.4295 39.6137 40.7635 38.1576 46.9265 37.357 37.1453 36.7112 47.8114 34.9781 34.6455 34.2445 33.7566 46.6627 44.7732 35.8824 33.2322 32.8672 32.7694 35.5997 40.8728 36.4112 34.4478 32.1537 33.9818 48.5591 48.4026 35.1137 32.094 33.9864 32.0567 31.9773 31.8257 32.4143 31.2848 37.5767 38.0228 33.2715 30.752 31.3714 30.7103 30.6494 30.6533 30.4449 35.2627 34.1196 32.5552 30.3891 34.5257 30.1269 29.5549 31.5214 30.3364 29.4374
threshold=1315.5000000000002 0.60745185033680749 0.49060152015335884 -0.66961738873589738 3.109238988638038 0.62337694532433552 792.50000000000011 1.9831949017855066 -0.60666666666684144 0.082951070336391444 0.27961067161652647 0.088335334133653479 1.5000000000000002 4.7356767986004824 -0.11914258796428932 -0.2145875279950285 10.549647887323946 -0.38094516770987358 0.76855266184380622 35.500000000000007 0.54301986818225256 1.0000000180025095e-35 0.14800584269580117 436.50000000000006 0.51976643677560175 0.69326860841423954 3.614462269756388 15.307541301706474 1.9536761352968004 1.1582073749543633 2.5986436218472151 0.60990349553627576 0.96449062260598539 -0.11170232518660377 0.21098403921075784 0.23435687354988402 1.2289238794898181 2.8051124867079351 -0.19889777278795967 1.0722315124489039 1.3253787878787879 0.28708923042581902 1301.5000000000002 0.93934045904822605 -0.071387725132873434 1.4127712246978306 1.795665985931473 1.7330882352941179 0.65786456801198001 1.9720718013297949 0.14014028056112229 0.6439551282049939 0.083760683760522078 1.4827980922098571 0.80635321686294648 2.5000000000000004 -0.054421820105020578 1.7677487708037609 1.3033720293522433 0.96972893491880852 -0.90902696816362372 1.8447825899162618
decision_type=2 2 2 2 2 2 2 2 2 2 2 2 2 2 2 2 2 2 2 2 2 2 2 2 2 2 2 2 2 2 2 2 2 2 2 2 2 2 2 2 2 2 2 2 2 2 2 2 2 2 2 2 2 2 2 2 2 2 2 2 2 2
left_child=1 5 49 13 6 -1 20 8 17 -10 -11 31 -13 15 -6 16 58 48 38 -4 21 22 -5 -22 51 -16 -25 42 29 30 -29 40 39 -34 -35 -36 -12 -38 -18 -33 41 -9 -28 44 -44 -45 -27 -48 -7 -2 -51 52 53 -14 -53 -30 -57 -8 -3 -60 -61 -17
right_child=2 3 19 4 14 7 57 11 9 10 36 12 24 -15 25 61 18 -19 -20 -21 23 -23 -24 26 -26 46 27 28 55 -31 -32 32 33 34 35 -37 37 -39 -40 -41 -42 -43 43 45 -46 -47 47 -49 -50 50 -52 54 -54 -55 -56 56 -58 -59 59 60 -62 -63
leaf_value=-0.019545448759104286 -0.034679054450964218 0.0022836619634649096 -0.015476802031194725 -0.0010903464648726097 -0.0048800622559519178 0.023817260737589344 -0.0073150123317714229 0.027853575172319497 0.010100617015815161 0.031367751907383799 -0.004312231789586762 0.0023067285320725415 -0.0022866353975802998 0.00076492947039503631 -0.0031377004294494736 -0.021293450512342386 0.015744191919086735 -0.014622926276638602 0.010799032845831067 -0.0031384405383829399 0.0065718160753427263 0.0015551112241716065 -0.0075843719359116922 -0.0026202463772907387 -0.011376213608554552 0.012060832906441547 0.00037493879839381846 0.0036609384373728331 -0.0022260018360154726 0.018321567890986667 -0.019257365080491098 -0.010052600081859675 0.042861050439483683 -0.005430196860223422 0.050020763294541817 -0.0060959028021849784 0.0066334049411029316 -0.036335629715056328 -0.0063314471065273829 -0.037838664729710737 -0.025709002762853584 -0.0012545765422310509 0.0034641877721055892 -0.0019359371436392749 0.054222963503243328 0.033279366155504995 0.006875261041013471 0.054357630398455453 -0.011084503172242192 0.022581698465742515 -0.023751841743238807 0.012012048845394547 0.0084937287834491032 -0.033377898340352451 -0.033808947165545465 0.05472567098647102 0.012402285096398664 0.0027377240857172289 0.010364813942796858 0.015546588154265071 0.00072169888093366109 0.00015597613564274096
leaf_weight=453.70921711623669 888.78708370029926 11260.425278127193 950.55398571491241 7668.502643674612 441.71196594834328 118.31413897871971 3228.8237952291965 97.144490584731102 501.73064671456814 77.562649860978127 4914.1371993422508 9007.1324362456799 1445.5881901830435 9550.8464216440916 323.43995970487595 171.88262368738651 226.30403426289558 1800.8646340668201 4675.5969493091106 1377.0377011299133 2890.911829739809 8335.2875618338585 4059.0861010849476 5927.8963333815336 1161.9336187243462 1331.0000736713409 25210.831375002861 4836.5802913457155 78.904716968536377 413.5086836963892 169.71270065009594 1992.1170317530632 56.380469411611557 2601.3887147605419 69.653741002082825 46.476456686854362 65.096137166023254 157.02493523061275 601.65896302461624 109.22164204716682 130.953862413764 6182.8067540079355 62.599458873271942 361.13712948560715 89.849318221211433 82.372038125991821 56.422858834266663 90.714518383145332 134.87916553020477 46.394507184624672 154.80837191641331 54.562195345759392 851.95045250654221 93.976775541901588 133.8827752918005 101.32680176198483 91.87959223985672 968.9465469866991 2890.0862691402435 404.31130255758762 2355.5345869213343 2305.8543457984924
leaf_count=1988 4948 46879 4529 32422 1833 520 13687 411 2147 331 21083 38408 6204 39804 1332 719 935 7807 19374 6027 12122 35198 17236 25093 4989 5480 106188 20261 329 1733 711 8558 242 11189 300 200 282 677 2493 473 559 26312 262 1514 375 345 230 369 589 248 827 232 3627 407 572 421 383 4057 11915 1668 9709 9625
internal_value=-3.21397e-05 0.000360117 -0.0153573 0.00135814 0.00029367 -0.00277281 2.20194e-05 -0.00253354 -0.00565987 -0.00331795 -0.00460923 -0.00152292 0.000351519 0.00342329 0.00811375 0.0044433 0.00508173 -0.0121764 0.00912964 -0.00817724 0.000370785 -0.00130513 -0.00333802 0.00120476 -0.00435488 0.0112996 0.000790194 0.00143202 0.00501121 0.00406183 0.00288401 -0.00364032 -0.00670069 -0.00306742 -0.0040203 0.0275623 -0.00515252 -0.0237429 -0.000297595 -0.0114968 -0.00131302 -0.000804303 0.000642599 0.0119654 0.0333801 0.00460453 0.0144587 0.0361495 0.00522466 -0.0306898 -0.013068 -0.00119268 0.000331989 -0.00418448 -0.020542 0.0239206 0.0345987 -0.0049946 0.00376431 0.00671528 0.00289351 -0.00133199
internal_weight=136940 133522 3417.58 101264 66821.4 32258.5 64578.2 31804.8 7769.61 5715.55 5213.82 24035.2 12749 34442.5 2243.29 24891.7 22413.9 2054.06 5503.56 2327.59 60380.4 20062.9 11727.6 40317.5 3741.89 1801.58 37426.6 31498.7 5691.91 5419.8 5006.29 11286.1 4875.24 2773.9 2717.52 116.13 5136.26 222.121 827.963 2101.34 6410.91 6279.95 25806.8 595.958 152.449 443.509 1478.14 147.137 253.193 1089.99 201.203 2579.96 2391.52 1539.56 188.445 272.111 193.206 4197.77 16910.4 5649.93 2759.85 2477.74
internal_count=579388 562809 16579 424702 281581 138107 272337 136119 33436 24520 22373 102683 54439 143121 9244 103317 92973 8916 22802 10556 254593 84856 49658 169737 16031 7411 157615 132522 23838 22705 20972 48244 20962 11931 11689 500 22042 959 3428 9031 27282 26723 108684 2496 637 1859 6079 599 1109 6023 1075 11042 10238 6611 804 1133 804 17744 70171 23292 11377 10344
is_linear=0
shrinkage=0.05


Tree=19
num_leaves=63
num_cat=0
split_feature=118 143 135 135 10 174 34 34 126 141 95 120 103 116 86 105 18 103 52 116 36 44 48 109 86 106 30 86 48 116 117 99 48 59 95 117 2 99 107 5 10 34 98 33 80 142 1 22 116 18 118 57 3 100 128 69 16 80 13 11 31 30
split_gain=299.477 154.244 140.103 78.1392 72.4114 51.2577 50.1791 49.5196 42.2072 41.313 40.4699 39.8896 37.8665 37.8093 35.6647 34.6373 34.2932 45.4489 38.0109 34.1717 33.2276 47.514 33.1029 32.6749 32.4845 32.0921 36.9681 33.0831 31.0819 32.6884 30.7224 34.7904 34.5531 30.5405 32.1393 30.4618 33.1643 29.9445 37.4978 38.2392 36.087 31.9717 34.0801 30.6913 29.8264 29.5441 29.2389 34.7381 39.2118 29.1863 29.0256 36.1188 28.8592 32.2585 28.5787 28.3558 28.2973 33.6187 28.1619 28.0587 27.8767 27.8417
threshold=1315.5000000000002 1.0557492352291966 0.49060152015335884 0.53329776004632501 2.5416212420776438 15.157406824146983 0.046735259469172605 0.082127137139561227 -0.78992596026005379 -1.2975447463600109 6.3000000000000016 1.0000000180025095e-35 0.87297357436810008 21.738382421692382 2.9450528849948698 1721.4250000000004 0.81269490644490661 1.1017086954709401 0.50000000000000011 7.7694321385420873 0.070122754333280662 6456.5000000000009 0.62337694532433552 5.5000000000000009 1.8669925512104284 1.0679530833161825 2.018501403436709 1.3838756742417546 0.66868891290849308 9.7748466917697723 8.4878794064342156 0.27999999999966396 0.81256821609762808 0.42322290454643396 16.100000000000005 -13.539419206440481 7.0625000000000009 0.063636363636133883 0.9530512842052058 0.59938271604938287 1.0929240833458924 0.050488326932552098 1.0783381253593129 1733.5000000000002 -0.94714240229244606 0.078962974701579508 11.794642857142859 2410.5000000000005 21.991723087194327 0.94146202170188475 1295.5000000000002 4763.5000000000009 0.98381434746539764 -0.58545454545502162 -2.9043607172644728 0.29285714285714287 0.98865552166583026 -0.55977161500815653 0.55130171091852043 0.57166199813258645 -1.0000000180025095e-35 2.1679447251929331
decision_type=2 2 2 2 2 2 2 2 2 2 8 2 2 2 2 2 2 2 2 2 2 2 2 2 2 2 2 2 2 2 2 2 2 2 10 2 2 2 2 2 2 2 2 2 2 2 2 2 2 2 2 2 2 2 2 2 2 2 2 2 2 2
left_child=1 3 30 7 9 8 25 19 11 13 24 -5 -12 35 28 16 -4 -18 -19 22 -21 -22 -1 -16 59 27 -27 -7 -14 -30 54 -32 -33 37 52 36 -3 -15 40 -40 -39 42 -41 -42 -31 -24 47 -11 -49 61 -8 58 -35 -54 -2 56 57 -55 -52 -10 -37 -48
right_child=2 4 15 5 -6 6 50 -9 10 46 12 -13 14 33 23 -17 17 18 -20 20 21 -23 45 -25 -26 26 -28 -29 29 44 31 32 -34 34 -36 60 -38 38 39 41 43 -43 -44 -45 -46 -47 49 48 -50 -51 51 -53 53 55 -56 -57 -58 -59 -60 -61 -62 -63
leaf_value=-0.030609494534708105 -0.013444379680397659 0.004837589252646649 -0.0084812372568243821 -0.0086283301490518004 0.008231376383921879 0.039658434600889747 -0.00072062793882333249 -0.011199686158608741 0.045301174002206818 0.0011758764605693901 -0.003322742594018296 -0.0002677505452758294 -0.0090288836871575979 -0.01593419917159547 -0.0051430591698118314 -0.029712880667642216 -0.013067035176712288 0.050244864532954216 0.00020599422386694869 -0.005510791956038574 0.00098645105027284205 0.040412395254838487 -0.002094658510688473 0.026579399517921973 0.0036958411178271769 0.0089229884470301175 0.034986667663931569 0.0025520440499622247 -0.0010840251871619513 0.020563126423529518 -0.028951409909633893 -0.024417623156567703 0.031209393855481406 0.020344736443605706 -0.0073942406765758742 -0.011467209772893007 -0.018838185689762216 -0.0080954415749391103 0.015093295175394154 0.021821662055270058 0.04895656154290632 -0.029797661281574711 -0.02182567446872196 0.0013011446098112238 0.0021948094557911603 -0.0087036975605925739 -0.00069054902437170544 0.022302948778578687 -0.022656164710537614 0.031011478760861844 0.0070815312228914773 0.0011687363564803811 -0.028538161046153667 0.062734230353192796 -0.039424654623795234 -0.0036159436638271269 0.0050132822668947112 0.013754122874072988 0.056538631729209324 0.012578859086755406 0.0058653422579063134 -0.0093502455902981542
leaf_weight=129.50636303424835 127.12753911316395 322.44357945024967 1883.0208926349878 3294.5930932462215 4905.9354627132416 61.003656700253487 8069.1445482671261 2132.2377002239227 90.649590417742729 26797.645668491721 10704.385218769312 2516.3543001413345 792.34489919245243 541.91626791656017 3691.4126271903515 167.23287260532379 116.08933301270008 86.743225619196892 67.47249798476696 2436.9576969593763 5026.4439282864332 77.598125383257866 3728.7198538631201 82.999924585223198 1097.086418196559 2041.1197119802237 145.76487283408642 3919.287758871913 11003.87156663835 224.11589643359184 200.40811955928802 51.403666540980339 61.096073254942894 327.15263482928276 501.27223828434944 236.36005237698555 273.2640738338232 95.743696674704552 131.39730912446976 86.305826455354691 91.915231242775917 202.40631215274334 92.820920050144196 53.422095268964767 15922.980390816927 3094.1569717824459 2787.9345529079437 345.31144396960735 56.421998873353004 61.905282646417618 48.464048802852631 184.84301544725895 74.514323815703392 57.013781070709229 632.46703387796879 394.43290732800961 248.46406729519367 90.871008723974228 70.880742132663727 236.24352468550205 12528.384311914444 1391.4125125557184
leaf_count=582 702 1331 8528 14067 20171 256 33961 9301 381 112274 45511 10681 3348 2250 15618 827 530 377 294 10426 21517 330 16149 350 4633 8602 612 16509 46579 938 1123 282 328 1356 2084 978 1136 398 545 358 381 841 386 222 67097 13516 11745 1444 236 259 203 777 309 236 3588 1637 1031 377 296 992 51732 5860
internal_value=-3.0899e-05 0.000341881 -0.0147001 -0.00103034 0.00244652 -0.000239178 0.00237173 -0.00408531 -0.0010037 0.00185268 -0.000473022 -0.00500789 -0.00075133 0.00389125 0.000116493 -0.00779293 -0.00609057 0.0105635 0.0283518 -0.00303866 -0.000707506 0.00158585 -0.00556717 -0.00444548 0.00781813 0.00579426 0.0106602 0.00312075 0.000732697 0.00101757 -0.0296451 -0.0164601 0.00579216 -0.00119162 0.00322883 0.00502864 -0.006023 -0.00696897 -0.000525566 -0.00816984 0.0157386 -0.0161815 -0.000795764 0.0314397 0.00244976 -0.00509184 0.000792554 0.00139466 0.0159886 -0.00306878 -0.000149059 0.0150129 0.00769448 0.00291165 -0.0350765 0.00587512 0.0153203 0.0326373 0.0364549 0.021653 0.0055444 -0.00357359
internal_weight=136913 133520 3393.06 80823.2 52696.7 64197.5 14540.5 16625.6 49657 47790.7 43846.1 5810.95 42422.1 16350.1 31717.7 2320.56 2153.33 270.305 154.216 14493.4 7541 5104.04 6952.38 3774.41 1423.98 6167.18 2186.88 3980.29 27943.3 27151 1072.5 312.908 112.5 2989.65 1693.72 13360.5 595.708 1295.93 754.011 512.93 241.081 381.533 179.127 145.337 16147.1 6822.88 31440.6 27199.4 401.733 4241.25 8373.33 304.188 1192.45 865.296 759.595 790.782 396.349 147.885 119.345 326.893 12764.7 4179.35
internal_count=579388 562809 16579 343232 219577 271411 61216 71821 210195 199406 185447 24748 179441 67588 133930 10556 9729 1201 671 62520 32273 21847 30247 15968 6006 25979 9214 16765 117962 114614 6023 1733 610 12411 7030 55177 2467 5381 3131 2130 1001 1585 744 603 68035 29665 131818 113954 1680 17864 35237 1276 4946 3590 4290 3281 1644 613 499 1373 52710 17605
is_linear=0
shrinkage=0.05


Tree=20
num_leaves=63
num_cat=0
split_feature=118 172 143 148 86 143 108 135 61 72 25 70 86 146 118 81 12 14 19 9 156 77 98 128 81 40 70 77 102 159 115 44 10 50 148 31 146 34 147 50 31 107 19 3 108 84 35 20 157 160 146 15 37 50 173 72 114 92 77 37 5 173
split_gain=284.073 167.161 144.507 66.3794 64.9827 64.6022 60.6875 46.5267 45.9945 42.8718 49.4607 41.5432 39.7225 39.6273 39.1731 38.2292 36.4728 41.4824 39.1802 38.0725 36.378 46.3327 39.6095 38.2814 37.0058 36.3623 48.8961 41.7327 35.8687 35.027 34.4839 34.094 41.1241 39.1969 43.4756 50.5749 38.2247 43.5479 34.0685 43.9848 38.5525 41.0137 33.9216 33.7169 33.3324 33.0186 32.6221 34.0837 31.8079 34.5287 31.6523 31.6463 31.3636 31.8899 31.2251 41.4914 39.0115 39.3044 38.891 32.204 36.9836 41.8048
threshold=1312.5000000000002 28.500000000000004 0.98329346000218776 1.9923347868195156 1.968839431725266 1.6487662525981139 0.20831772759211631 0.4260718394807797 1.0274811339607741 0.44406890069294169 0.088758067479730821 1835.5000000000002 3.5212152382351865 32.500000000000007 1311.5000000000002 3.6563836866622306 0.27322200249029521 0.49915109377747419 0.58353269537480079 188.50000000000003 1.0813602186126248 0.63083402530627397 -1.9994798980599653 -4.3460452393219073 -0.36386449312277119 0.75000000000000011 12677.500000000002 0.91853325348921533 2.1334958634148515 0.77797251432704628 2.0371250221641928 3224.5000000000005 0.71340207663380817 0.37046437300244411 3.1653935458166962 2.1478878624740001 10.500000000000002 0.036569294353287575 2.3145644311210849 0.15682858509257364 2.3340539427630227 1.1424790445515838 0.11635871296591273 2.4842563029835962 0.32102468830692926 1.233231083844581 0.74248583394924872 0.027100470035252646 1.2665851670741648 0.64112350753572145 30.500000000000004 0.72500000000000009 0.12015037593984963 0.21214484943034087 130.50000000000003 0.33014728160539653 141.50000000000003 5.7712900550724031 1.5251288591317287 0.13802629072204234 0.75688305127557476 297.50000000000006
decision_type=2 2 2 2 2 2 2 2 2 2 2 2 2 2 2 2 2 2 2 2 2 2 2 2 2 2 2 2 2 2 2 2 2 2 2 2 2 2 2 2 2 2 2 2 2 2 2 2 2 2 2 2 2 2 2 2 2 10 2 2 2 2
left_child=2 7 3 12 38 14 11 -2 44 28 16 -3 20 15 30 31 19 18 42 -11 21 24 -23 -22 -1 26 -15 -28 46 -24 -4 -12 36 34 35 45 -33 -38 -5 40 41 -40 -18 -16 -8 52 -6 -48 49 -30 -43 -13 -34 -54 55 -49 -56 59 -57 60 -58 -62
right_child=1 6 5 4 9 -7 8 -9 -10 10 13 51 -14 25 43 -17 17 -19 -20 -21 23 22 29 -25 -26 -27 27 -29 48 -31 -32 32 33 -35 -36 -37 37 -39 39 -41 -42 50 -44 -45 -46 -47 47 54 -50 -51 -52 -53 53 -55 56 58 57 -59 -60 -61 61 -63
leaf_value=-0.038858415777078534 -0.034637880568364671 -0.0047670537013393237 -0.0024814574381376514 0.0040389883644002386 -0.0040345582494910968 0.0060707766618838428 0.023969925908406242 -0.018085419982926763 0.034359225629052484 -0.0050314051450580204 -0.00027468800555601624 -0.032650147149392537 -0.026018162886813058 -0.010072853623675529 0.036402154745758565 -0.023397662089973615 0.025213175537894889 -0.013339105676980455 0.013820385290579008 -0.038293224612112729 0.013310105134416016 -0.010979740568570732 0.003497388344068899 -0.0081371852038616219 -0.0064722626934828028 -0.025796455725351372 0.04551218881591599 -0.0090767390163900719 0.016706337522593016 -0.0043209007689758647 0.0017671350224120813 -0.035114791225534389 -0.013430263401723179 0.026228371882532305 0.036691373867459749 -0.027997276165557208 0.026774671422780671 -0.030119008224931382 0.0092030577023791901 -0.012329742047809567 0.043612633292767489 -0.0051321396771892378 -0.017127216245859098 -0.0090652174412495599 -0.0035379843139496285 0.03490035720961953 0.01005319252501001 -0.0072709373454372646 -0.051717645743755918 -0.027326690112569569 -0.047027651077078889 0.0024202652195922424 0.0021120113126964538 -0.013928483997708281 -0.019075406047540929 0.0066536438100411755 -0.013852734752454672 -0.016966071391745264 -0.0085096288123507353 0.0036630810786061688 0.011995175771735702 -0.0091766029917285368
leaf_weight=91.099459409713745 703.7747316211462 852.92680345475674 5262.0075440853834 10090.124789312482 2651.4723693579435 8727.90857604146 135.91285236179829 1069.9890199750662 126.72776353359222 146.10525098443031 16695.299320727587 287.9075214266777 203.45614729821682 943.92721529304981 143.74707934260368 195.95306873321533 57.016668826341629 1045.192494854331 361.74862366914749 209.23923733830452 217.25734767317772 745.74732874333858 4784.3238420784473 4913.3341784626245 2775.7150866985321 293.38920173048973 79.262051090598106 62.712048843502998 77.85501554608345 2044.8839182257652 51712.007205203176 214.63262523710728 735.21530015766621 104.23964558541775 61.331047400832176 236.69609336555004 68.586262032389641 65.99958710372448 696.12802673876286 784.14142334461212 54.710821151733398 594.58495223522186 277.7241665571928 56.920019865036011 580.44258926808834 53.780580222606659 1208.2000337690115 751.51668547093868 55.502121716737747 103.98244009912014 48.781448528170586 82.83177874982357 1481.1110856831074 391.8255630582571 299.91212700307369 4731.449714422226 686.28473296761513 338.67456336319447 464.36850635707378 3088.9190210849047 467.66389977931976 464.97816252708435
leaf_count=396 4117 3788 22063 42695 11300 35988 590 5265 543 623 71010 1430 885 4011 600 833 242 4490 1537 894 926 3233 20394 20982 11953 1252 337 268 332 8762 216047 925 3154 447 261 1017 294 284 2941 3321 231 2513 1179 237 2501 231 5112 3200 238 444 207 365 6347 1683 1279 20121 2913 1450 1971 13116 1985 1976
internal_value=1.3552e-05 -0.0133929 0.000400333 -0.00123088 -0.000360727 0.00206405 -0.00372914 -0.0246529 0.00659305 -0.00135528 -0.00268599 -0.0108409 -0.00406818 -0.00197687 0.00145241 -0.00141978 -0.0100185 -0.00704003 0.00241272 -0.0246171 -0.0037814 -0.00208742 -3.84444e-05 -0.00722899 -0.00750141 -0.0101779 -0.00595807 0.0213995 0.00070087 0.00115634 0.00137474 -0.00120561 -0.00575884 -0.0039061 -0.00496734 -0.00584878 -0.0220156 -0.00112543 0.00281475 -0.00285595 0.00247239 0.000792042 -0.00991534 0.0235052 0.00168104 -0.00387936 0.00100295 0.00207133 -0.0185863 -0.00847363 -0.00830875 -0.0248146 -0.004679 -0.00124372 0.00121744 0.00371016 -0.00155545 -0.000514245 0.00529845 0.000669272 -0.00504293 0.00143977
internal_weight=136959 3840.51 133119 67216.1 51440.2 65902.6 2066.75 1773.76 843.083 39171.8 23781 1223.67 15775.8 21684 57174.7 20304.7 2097.03 1741.68 696.489 355.344 15572.4 10441.8 7574.96 5130.59 2866.81 1379.29 1085.9 141.974 15390.8 6829.21 56974 20108.7 3413.42 3064.2 2959.96 2898.63 349.218 134.586 12268.5 2178.35 1394.21 1339.49 334.741 200.667 716.355 2661.93 15153.4 12502 237.34 181.837 643.366 370.739 2608.15 1872.94 11293.8 5947.33 5346.43 5046.52 5195.82 4707.85 1618.93 932.642
internal_count=579729 18599 561130 286195 218664 274935 9217 9382 3634 166756 101319 5583 67531 92354 238947 86486 8965 7448 2958 1517 66646 44738 32389 21908 12349 5868 4616 605 65437 29156 238110 85653 14643 13140 12693 12432 1503 578 51908 9213 5892 5661 1421 837 3091 11415 64423 53123 1014 776 2720 1795 11184 8030 48011 25292 22719 21440 22092 19990 6874 3961
is_linear=0
shrinkage=0.05


Tree=21
num_leaves=63
num_cat=0
split_feature=118 172 143 143 92 108 148 147 123 83 130 159 23 159 120 117 118 86 7 6 119 70 157 70 146 1 156 48 92 30 99 22 85 7 75 172 72 25 135 101 2 147 36 125 14 56 100 102 71 107 3 72 37 161 50 21 94 23 147 71 99 84
split_gain=258.229 154.125 131.276 69.2517 55.6892 54.9566 54.8269 45.4224 44.1808 43.8466 40.6753 40.6325 40.292 40.0267 44.117 38.6733 38.1647 36.5893 35.7386 35.6818 35.1383 56.5667 35.0505 34.3915 34.374 34.0392 33.105 31.9472 31.7755 41.8605 41.7254 43.6534 38.3677 30.5797 32.808 30.9159 30.4324 30.3053 29.6779 29.5636 31.8254 30.5995 30.0744 29.2844 29.2017 29.081 28.7283 28.5441 28.2929 30.2389 35.584 34.6275 34.572 27.5229 35.6489 33.6403 33.4448 28.8684 27.4242 30.4356 36.6147 38.6074
threshold=1312.5000000000002 28.500000000000004 0.88592145661150445 1.6487662525981139 5.6550284721551982 0.20831772759211631 1.9923347868195156 1.9121563841090241 4.0167458077059699 1.7330882352941179 -0.53134865807380816 1.4062269202363369 0.61035341335612625 1.4641060497837994 1.0000000180025095e-35 28.575548726953475 1311.5000000000002 2.0090256309999472 0.15638586956521741 0.81678403755868556 315.00000000000006 15704.000000000002 1.5565501562944022 9533.0000000000018 34.500000000000007 4.5625000000000009 0.75685803576595878 0.6105823068309072 2.0788539601623719 1.3351007050759855 -0.093427900534421501 142.50000000000003 3.5000000000000004 0.025559366323697538 1.3006563658061683 54.500000000000007 0.30371323121323129 0.1089983750375933 0.4260718394807797 2.1292608768813968 11.241071428571431 1.2470944334719103 1.0690282131661444 0.71536151688841476 0.62971280761978454 0.77500000000000013 -0.98915766271934813 -1.1760497813630684 1.7878471521084383 1.0384709353680772 0.74498260745743405 0.46370447761789102 0.34050262102991063 0.24548176374523684 0.20761973875181425 0.51234756097560985 4.5000000000000009 1.2973045626271436 3.7673796521151348 1.1668941037026006 -0.71674679487188409 0.11695219673943079
decision_type=2 2 2 2 10 2 2 2 2 2 2 2 2 2 2 2 2 2 2 2 2 2 2 2 2 2 2 2 8 2 2 2 2 2 2 2 2 2 2 2 2 2 2 2 2 2 2 2 2 2 2 2 2 2 2 2 2 2 2 2 2 2
left_child=2 7 4 10 6 15 9 8 38 45 19 17 -9 16 -15 24 22 26 43 39 21 -14 25 -22 -3 -12 47 -19 29 -7 -31 -32 -33 34 46 -35 -24 48 -2 -4 -41 -42 -43 -17 -18 58 -27 -8 49 50 51 -29 -52 55 57 -38 -57 -55 59 -1 -61 -62
right_child=1 5 3 -5 -6 28 11 12 -10 -11 13 -13 20 14 -16 18 44 27 -20 -21 23 -23 36 -25 -26 33 -28 37 -30 30 31 32 -34 35 -36 -37 53 -39 -40 40 41 42 -44 -45 -46 -47 -48 -49 -50 -51 52 -53 -54 54 -56 56 -58 -59 -60 60 61 -63
leaf_value=-0.00139241431909807 -0.038662063516686454 -0.017816305100832916 0.0033818633580422878 0.0057611970604457274 -0.0078520056551640242 0.056065051639375398 0.017689832601122883 -0.04383628097380117 0.011975029923029387 -0.025308362673512011 0.0024538265836021233 -0.0058509342485217426 -0.0045963388191086196 -0.0064913542099863985 0.0012253602539338585 -0.022199475361662321 0.0510495767696326 -0.0188793573577976 0.030054109090960391 -0.0064492175005375759 0.0099359212638882085 0.055575554957326467 -0.022153196927195105 -0.045261207917762655 0.018859739019758678 -0.013806220789722027 0.0064500047845521911 0.046987748571018256 -0.002222282666451145 -0.012584544842563834 -0.0091641996255767792 0.077705306085400203 0.020127237751065331 -0.00048206501698204533 -0.012082452992360073 0.0068843681933774149 -0.00014287279800255273 0.00018078481785081913 -0.023447724091025419 0.00024057309597980329 0.018505266035428122 -0.025977937437646134 0.01392687339150251 0.021100131624173724 0.0036911214307878515 -0.033027472674687967 -0.0002545395883495463 -0.001021867643847012 -0.022656522994979188 -0.011359238882657437 0.00259777959359438 0.0019253880946777599 -0.01597345822325567 0.026302247899089661 -0.0016283214894011401 0.05645905998324996 0.0076394140366379043 0.0062664033773259303 -0.021702280767195114 -0.022088116054919248 -0.021099234158179374 -0.0033713541141862178
leaf_weight=7366.7551548629999 558.68341122567654 875.78053160011768 25797.508937776089 8736.8246073871851 3455.7590034306049 58.63104335963726 215.58062195777893 65.799269735813141 66.058670550584793 241.66624872386456 12472.729684576392 2899.0531345456839 138.96448895335197 4312.4728900045156 3246.5319607853889 114.8601185977459 66.335304707288742 239.57126338779926 99.793530315160751 1069.0004436224699 48.085860803723335 54.328112944960594 89.623517751693726 68.307817980647087 68.912901028990746 451.59736663103104 4007.7035502940416 75.99487267434597 478.90393663942814 123.00726799666882 61.902899548411369 47.167174845933914 74.841259554028511 19019.98414799571 1080.6591321080923 1539.6144327819347 1177.6084473729134 18605.848328828812 751.92326694726944 2337.9528060257435 60.113730743527412 313.32268384099007 55.593287438154221 59.162051200866699 63.910547405481339 84.357495903968811 2918.2804777920246 3733.5659957975149 223.02814045548439 870.88544045388699 919.49167899787426 97.107373878359795 344.48943549394608 497.06181751191616 284.39746922254562 53.890168085694313 100.51544463634491 281.65389040112495 204.43072420358658 362.93645626306534 344.94386331737041 2800.2072825729847
leaf_count=31500 3367 4051 107111 35988 14956 252 913 358 303 1052 52276 12413 710 18262 13651 516 276 1035 449 4508 230 286 376 356 310 1912 16965 323 2062 529 269 202 320 80151 4553 6491 4961 79419 3772 9740 250 1311 232 257 267 363 12291 15882 979 3715 3932 417 1476 2079 1189 227 423 1178 874 1594 1486 12133
internal_value=1.24788e-05 -0.0128133 0.000380053 0.00154177 -0.0017421 -0.00355154 -0.00125825 -0.0237179 -0.0279223 -0.00423765 0.00106481 -0.000203996 -0.00830318 0.000160329 -0.00317709 -0.0103453 0.000789479 0.000354099 0.00620015 0.00251942 -0.000753439 0.012316 0.000701421 -0.0224576 -0.0151409 0.00032019 0.00324853 -0.000723283 0.0062515 0.0173529 0.00995771 0.0250349 0.0423863 -0.00074387 -0.00450163 6.95735e-05 0.00645235 -0.000517496 -0.0299333 0.00285506 -0.00205652 -0.0145743 -0.0199645 -0.00747897 0.0278112 -0.00378151 -0.0020706 -4.11525e-07 -0.00565069 -0.00400735 0.000447953 0.0217085 -0.00246368 0.00752274 0.0135223 0.00273437 0.0246783 0.0190555 -0.00355884 -0.00321777 -0.00705089 -0.00531566
internal_weight=136936 3815.11 133121 86027.2 47093.4 2062.96 43637.6 1752.15 1376.67 11405.3 77290.4 32232.3 375.486 47656.9 7559 1218.51 40097.9 29333.3 273.816 29633.5 309.686 193.293 39967.6 116.394 944.693 37482.9 7956.85 21376.4 844.454 365.55 306.919 183.911 122.008 25010.1 4450.54 20559.6 2484.75 21136.8 1310.61 28564.5 2766.98 429.03 368.916 174.022 130.246 11163.6 3369.88 3949.15 2531 2307.97 1437.08 173.102 1263.98 2395.13 1063.11 1332.01 154.406 778.716 11079.3 10874.8 3508.09 3145.15
internal_count=579729 18599 561130 359703 201427 9217 186471 9382 7442 49002 323715 137469 1940 200563 31913 5583 168650 125056 1222 123152 1582 996 168107 586 4361 157674 33760 91296 3634 1572 1320 791 522 105398 18756 86642 10433 90261 7139 118644 11533 1793 1543 773 543 47950 14203 16795 10842 9863 6148 740 5408 10057 4446 5611 650 3257 47587 46713 15213 13619
is_linear=0
shrinkage=0.05


Tree=22
num_leaves=63
num_cat=0
split_feature=118 172 135 71 130 130 108 120 148 86 105 36 172 123 8 61 34 7 70 29 49 159 8 62 147 108 32 10 159 147 23 108 23 97 47 175 13 71 99 110 25 92 87 19 7 69 63 55 115 110 126 80 157 92 16 108 100 169 23 76 100 146
split_gain=234.807 142.166 121.966 66.0741 61.3987 69.9443 49.74 45.3923 45.1801 51.9795 43.967 43.1175 44.4092 41.2419 40.0561 38.6282 37.9713 38.8215 37.6419 36.8078 39.1513 36.0448 35.6009 35.5496 36.165 35.4991 42.4198 38.6673 35.7878 35.4639 36.7187 42.1237 35.2008 38.5425 35.7278 34.4544 63.6929 53.1783 41.5672 43.8421 40.7317 42.8284 36.7825 51.1634 36.5806 35.619 35.502 37.1062 35.4907 34.8479 34.6691 37.3666 40.8155 36.7554 37.0081 34.7969 34.4393 33.7158 33.4963 33.0458 32.7266 37.3991
threshold=1312.5000000000002 28.500000000000004 0.68803962987233369 1.7536656131411681 -0.63732244074036359 0.71174804160605476 0.20831772759211631 1.0000000180025095e-35 1.8976084456887048 1.9843378222581993 1721.4250000000004 0.25096527005314556 55.500000000000007 3.5079733271061992 0.35316231755860245 1.0274811339607741 0.29768627066596232 1.0000000180025095e-35 1835.5000000000002 0.76408227257456429 1.5790615367051035 1.257891757246377 0.31612258494337114 0.6783073944789112 1.2470944334719103 -0.24272184083396894 0.00082682145503501611 0.7939290983593964 0.95067482040407036 -1.7378783001330393 1.5579415421156531 0.79826034339308682 1.0901285620700951 0.16969696969694401 0.55954842648391045 9.8645570148009174 1.0093838422974419 1.5669082740988658 -0.73045548654265058 0.015759204624875886 1.6805253283302066 3.4407690905777293 0.018535697107125684 0.077254641909814334 0.23354978354978359 0.29285714285714287 0.040959743410502084 0.55000000000000016 2.0371250221641928 -0.033687874389322116 0.96272137133370939 2.4890850497407881 0.73052063530998967 0.28434416931168432 0.67622386114705024 -0.40688881438114149 0.41334360110802765 0.36685438939918696 0.84620077908668523 0.61306651820693647 -0.58545454545502162 3.5000000000000004
decision_type=2 2 2 2 2 2 2 2 2 2 2 2 2 2 2 2 2 2 2 2 2 2 2 2 2 2 2 2 2 2 2 2 2 2 2 2 2 2 2 2 2 8 2 2 2 2 2 2 2 2 2 2 2 8 2 2 2 2 2 2 2 2
left_child=2 10 3 8 -4 7 18 21 60 23 13 14 19 -2 -11 -8 -7 -18 -3 20 35 -6 -14 24 29 26 27 32 -27 -10 31 -31 -5 34 -34 48 37 38 39 49 41 45 -38 -44 58 -40 47 -47 -13 -37 -50 53 -53 -52 -55 -56 -16 -23 -39 -43 -1 -62
right_child=1 6 4 25 5 16 15 -9 9 11 -12 12 22 -15 56 -17 17 -19 -20 -21 -22 57 -24 -25 -26 28 -28 -29 -30 30 -32 -33 33 -35 -36 36 42 44 40 -41 -42 59 43 -45 -46 46 -48 -49 50 -51 51 52 -54 54 55 -57 -58 -59 -60 -61 61 -63
leaf_value=-0.01048460176107655 -0.020538550607477501 -0.0040970826174666483 0.0033339652263689556 -0.015216603384609199 -0.0011969294719320503 0.0021172623100398358 0.001407151840872062 0.0012593310598362165 0.00014202832186140598 -0.0033907201968571216 -0.035550766641867917 -0.023258519823424986 0.012182860825239351 0.012821095602490375 -0.02950219641585507 0.031193563736560122 -0.022378846988406226 0.016808972307079922 -0.023300583902593125 -0.014486967962143674 -0.01269019792455623 -0.0095921851166438851 -0.012642486862527348 -0.009499189259598563 -0.0012193786786429866 -0.00010817212167148724 -0.030972300529762426 -0.016182202034549804 -0.015155410260008365 0.0094474401299852427 -0.00044718769240248494 0.054479183381336872 -0.018997270433364126 0.037637302552712172 0.023139388219206834 0.010591627935894708 0.038685611831271435 -0.02339167400173232 -0.0038627632690168157 -0.010992644382546731 0.033591245275629518 0.017775115513898269 -0.028360784164689037 0.013339595193327293 0.057819991132901011 0.022302334822734741 0.0022449338676033661 -0.023207211609109796 0.00065211324685122897 0.050342296734813677 0.033435275655522199 -0.02481558484179466 0.0096889700023059244 -0.021324687845222831 0.033231224990474303 -0.0030695391420116256 0.0068026808137058295 -0.0018016914832386364 0.02610228154726172 -0.0084189114278296825 -0.014113587714280741 -0.0010881337348835319
leaf_weight=1849.129858225584 1142.5009083896875 849.13515634834766 30303.073236092925 195.58171129226685 11243.786941066384 23414.130883052945 717.30276265740395 11349.832926407456 2295.3277626931667 10946.22817607224 487.43623979389668 192.80020818114281 1119.5311621576548 100.82403543591499 264.65096893906593 128.31593158841133 69.362017571926117 711.27192126214504 364.81781326234341 468.30892677605152 609.64515867829323 3100.0152430832386 165.80227075517178 578.05033606290817 3132.3707514703274 1652.4491957724094 285.29963064193726 860.85384081304073 519.33908396959305 3608.0339723527431 1066.4859884232283 52.689622938632965 114.06223319470882 98.762139037251472 90.001837879419327 115.25929065048695 127.10412947833538 47.254389300942421 1471.7895509600639 95.123168930411339 82.700482860207558 127.43907998502254 79.484788104891777 986.18386353552341 59.908956497907639 457.01269645988941 1303.3233184069395 49.656753957271576 5394.0782453715801 105.6949598044157 66.164954647421837 440.07092382013798 106.43491525948048 275.28371518850327 69.433518648147583 1341.2277814596891 86.729937687516212 2515.9696525335312 123.59806384146214 2182.1299703121185 629.49005073308945 4424.2228094041348
leaf_count=8021 6089 3788 125600 865 47517 98134 3091 47857 9731 46626 2835 836 4761 458 1138 543 285 2886 1795 2001 2608 13176 708 2448 13256 7173 1275 3777 2254 15252 4509 223 502 432 395 492 536 201 6237 405 350 543 335 4170 253 1935 5528 211 23028 449 280 1903 457 1182 298 5717 368 10631 525 9263 2699 18888
internal_value=1.14749e-05 -0.0122598 0.000360877 -0.00157766 0.00154246 0.000506515 -0.00338297 -0.00118519 -0.00105961 -0.000410339 -0.0228231 -0.00151185 3.11457e-05 -0.0178333 -0.00392414 0.005927 0.00247894 0.013327 -0.00986813 -0.000671231 -0.000264536 -0.00283082 0.0089805 0.0025618 0.00324835 -0.00790275 -0.0134444 -0.00976541 -0.00370641 0.00524116 0.00771708 0.0100956 0.00131773 0.0119965 -0.000413025 0.000230605 0.00267773 0.000648408 -0.000258941 0.0173883 -0.001242 -0.00175721 0.0132617 0.0102293 0.0242015 0.00191382 0.00661104 0.0178421 -0.0020701 0.0296066 -0.00153906 -0.006681 -0.0180956 -0.00312063 -0.00455527 -0.0012828 -0.0205412 -0.00610203 0.0124132 -0.00697356 -0.00479308 -0.00271058
internal_weight=136910 3790.33 133120 50412.2 82707.4 52404.4 2059.57 28209.6 46595.9 39693 1730.76 28960.1 17662.4 1243.32 11297.6 845.619 24194.8 780.634 1213.95 16377.1 15908.8 16859.8 1285.33 10733 10154.9 3816.35 1644.56 1359.26 2171.79 7022.54 4727.21 3660.72 498.408 302.826 204.064 15299.2 7413.66 6220.89 5990.13 316.077 5674.05 5591.35 1192.77 1065.67 230.761 3281.78 1809.99 506.669 7885.49 220.954 7692.69 2298.62 546.506 1752.11 1685.95 1410.66 351.381 5615.98 170.852 2309.57 6902.84 5053.71
internal_count=579729 18599 561130 215044 346086 220486 9217 119181 198371 168763 9382 123344 75212 6547 48132 3634 101305 3171 5583 69743 67742 71324 5469 45419 42971 16673 7246 5971 9427 29715 19984 15475 2194 1329 897 65134 31433 26392 25413 1346 24067 23717 5041 4505 979 13911 7674 2146 33701 941 32865 9837 2360 7477 7197 6015 1506 23807 726 9806 29608 21587
is_linear=0
shrinkage=0.05


Tree=23
num_leaves=63
num_cat=0
split_feature=143 143 118 118 122 172 48 135 140 118 99 82 95 24 69 81 32 55 7 46 172 22 97 57 25 85 106 59 4 75 98 115 117 10 59 120 2 113 8 17 95 36 114 31 147 57 99 103 20 63 17 23 112 110 74 31 108 75 92 105 123 146
split_gain=219.925 114.937 106.483 86.2368 69.5863 69.2607 72.0748 54.5033 32.511 42.9578 37.0566 33.2209 31.1277 31.9274 33.5478 42.3223 45.4735 45.4146 32.6548 35.1346 30.669 36.5022 37.4435 32.6114 39.8479 31.1572 46.0552 33.5653 31.4451 44.0069 31.441 31.0486 54.2699 32.4681 45.7584 30.5664 30.2298 30.2204 30.0443 29.9972 33.6227 29.7164 28.6627 29.7606 37.602 39.2521 33.4334 29.3608 28.4176 36.6786 28.5508 30.1977 31.7048 29.295 41.1246 28.0188 28.0136 27.978 27.7357 27.534 27.4968 27.3851
threshold=0.54136062541756147 1.2510558644487422 1283.5000000000002 1312.5000000000002 -0.72402018502943644 7.5000000000000009 0.82012368772666555 0.53329776004632501 8.5000000000000018 1311.5000000000002 0.058144466397007571 1.9406603184219 22.700000000000006 0.32500000000000001 0.38750000000000007 2.7965239142623024 0.00018870043851548711 0.36666666666666675 0.046927432885906048 0.41847765760809247 2.5000000000000004 1380.5000000000002 -0.45964246521993085 9766.5000000000018 0.026641318124207863 3.5000000000000004 1.0935115220590499 0.52661086132372936 0.62862077473476452 0.52506767208043326 1.5439568355772881 11.92404615182903 -2.146815761448349 1.4930388258411706 0.20503828347578348 1.0000000180025095e-35 2.3839285714285716 57.500000000000007 0.53923076923076929 0.81747089424514463 11.700000000000001 -0.19164964488503267 -324.49999999999994 4.1373989154219393 3.9446794224885093 315.50000000000006 0.1329606886973633 0.86173922039671103 0.15811403508771932 0.044187800927466776 0.25156549645806431 0.7616701370393687 8.5000000000000018 -0.040889026807597061 1.0946995321044029 0.28933094155081479 -0.020693853560232855 0.23952113335674982 1.6123433285736952 1017.0750000000002 2.759395755568407 9.5000000000000018
decision_type=2 2 2 2 2 2 2 2 2 2 2 2 8 2 2 2 2 2 2 2 2 2 2 2 2 2 2 2 2 2 2 2 2 2 2 2 2 2 2 2 10 2 2 2 2 2 2 2 2 2 2 2 2 2 2 2 2 2 10 2 2 2
left_child=2 3 -1 4 35 39 36 -6 9 12 -11 -10 20 18 -15 16 -16 56 41 58 21 22 -9 31 -25 28 30 -28 61 -30 48 33 -33 60 -35 -2 -7 -13 42 -5 -41 -14 -3 46 45 -45 47 -44 49 -27 53 -52 -53 -50 -55 -36 -18 -24 -20 -4 -22 -26
right_child=1 38 59 5 7 6 -8 8 11 10 -12 37 13 14 15 -17 17 -19 19 -21 23 -23 57 24 25 26 27 -29 29 -31 -32 32 -34 34 55 -37 -38 -39 -40 40 -42 -43 43 44 -46 -47 -48 -49 50 -51 51 52 -54 54 -56 -57 -58 -59 -60 -61 -62 -63
leaf_value=-0.008340160104680687 -0.0069348938028392874 0.0067827642387441565 -0.016811421703259558 -0.030877586249176234 -0.0026417670437866828 -0.0010454454129460069 0.001970376726979777 0.019067420003140066 0.00060491916104926397 0.05559978392885323 -0.00048421927297872494 -0.0031111376666362479 0.017922906107892902 -0.0098347843684407198 -0.017242431700779017 0.044597883257577992 0.0012578247070352663 -0.011720476414833661 0.047492556158657689 0.00052121276697338829 -0.0010005008584950993 -0.0081633250160773226 -0.029309575019647174 0.052517406115335619 -0.032152708568423914 -0.026900597915048882 -0.018325088854153918 0.028925087704181486 -0.026758040206626685 0.010818848009380091 -0.0079364379874395895 0.0014165785602867228 0.008735241006599689 -0.033327376027233978 -0.015333501238705104 -0.0011983979424867153 -0.023749589112290206 -0.022291760012132365 0.017282660005021162 0.033701983518970309 -0.022899098148728397 -0.02203386478414773 -0.0076728667777689122 -0.010299732167355762 -0.024326065547286294 0.022167545962363235 0.0042264282391920177 0.0010391411894678151 -0.013410214658723794 0.018555750756224058 0.074579379795009407 0.012549474440385991 0.050758835003936902 0.043019645569016829 -0.0060507812299483025 0.004708854945601553 0.039673596595391838 0.0061917756268222851 0.011474102452180633 -0.038201628538399729 0.0051911755353799957 0.0029593266079176715
leaf_weight=2200.8044965565205 5119.2932956367731 4165.6841341853142 226.22284802794456 445.92987489700317 14425.522854119539 201.17353509366512 1289.3962867259979 650.66888704895973 11535.597959235311 67.64052677154541 52.168923035264015 7477.4731015563011 66.820620283484459 1794.7931954711676 238.29135909676552 57.135386720299721 73.961166843771935 131.15374758839607 100.15315127372742 243.27534462511539 26821.659256398678 364.43061006069183 57.352912768721581 48.08004455268383 126.79611204564571 61.05131708085537 174.88809005916119 47.874681025743484 91.895041272044182 512.1408716738224 107.17171078920364 14832.520645797253 3054.6597241908312 82.98872472345829 180.10806679725647 4249.974651619792 540.55220933258533 211.15849359333515 371.04932308197021 41.594793692231178 71.063654020428658 153.25763370096684 1050.2528239935637 113.8553087413311 62.855849668383598 510.4592751711607 9573.705388173461 12215.034215629101 65.332995548844337 162.48926942050457 48.479634448885918 112.79776899516582 104.66907942295074 119.6479951441288 66.388851851224899 5481.3948367536068 132.42223246395588 1714.676074013114 114.61059367656708 449.13678063452244 1921.5673041045666 98.804242610931396
leaf_count=9666 21975 17210 1209 2350 62320 903 5852 2723 48356 280 217 31683 282 7573 1005 240 313 557 422 1031 113280 1537 242 203 541 259 742 202 391 2168 452 62268 12786 349 761 18058 2703 895 1537 211 362 651 4372 466 257 2083 39723 50706 276 687 204 477 442 507 281 23017 559 7225 486 2806 7971 419
internal_value=1.05221e-05 0.000304133 -0.0136696 -0.000449502 -0.000223696 -0.00946141 -0.0051733 0.000185929 0.000698633 0.00126916 0.031179 -0.00109198 0.00120965 -0.0036651 -0.00634433 0.00355298 -0.000519617 0.0112862 0.00592691 0.0135324 0.00147475 0.00659012 0.00880938 0.0012123 0.00756374 0.00642643 0.0120617 -0.0081704 -0.000846879 0.00510209 0.0173763 0.000976008 0.00266641 9.92733e-05 0.00353097 -0.00433277 -0.0175917 -0.00363791 0.00314931 -0.0250537 -0.00200133 -0.00990211 0.00295993 0.00228304 0.0125353 0.0162465 0.00197457 0.000349385 0.0210381 0.00614114 0.0274752 0.0388951 0.03094 0.0153932 0.0255084 0.00407125 0.0259066 0.00504275 0.028271 -0.0310366 -0.000586569 -0.016775
internal_weight=136884 134008 2876.16 105945 103355 2589.71 2031.12 93986 79560.4 60336.2 119.809 19224.2 60216.4 3105.87 2427.76 632.964 575.829 337.537 678.117 458.039 57110.5 2787.13 2422.7 54323.4 1948.51 1900.43 1070.79 222.763 829.636 604.036 848.029 52374.9 17887.2 34487.7 5744.49 9369.27 741.726 7688.63 28062.9 558.588 112.658 220.078 27691.8 23526.2 687.17 624.315 22839 13265.3 740.857 223.541 517.316 265.946 217.467 251.37 186.037 5661.5 206.383 1772.03 214.764 675.36 28743.2 225.6
internal_count=579729 566048 13681 449694 437313 12381 9458 397280 334960 254026 497 80934 253529 13119 10247 2674 2434 1429 2872 1939 240410 11727 10190 228683 8251 8048 4529 944 3519 2559 3585 220432 75054 145378 24127 40033 3606 32578 116354 2923 573 933 114817 97607 2806 2549 94801 55078 3133 946 2187 1123 919 1064 788 23778 872 7467 908 4015 121251 960
is_linear=0
shrinkage=0.05


Tree=24
num_leaves=63
num_cat=0
split_feature=143 143 118 118 92 126 82 105 147 113 62 118 26 32 29 31 101 170 18 107 161 8 95 85 48 175 71 1 21 81 57 72 157 162 117 95 3 119 37 114 4 80 49 50 176 146 92 16 125 118 77 67 42 22 20 101 82 79 113 26 85 16
split_gain=199.777 103.901 99.4347 84.0231 55.4887 47.8046 51.4337 47.7343 47.5353 49.7313 51.1778 43.1 43.8139 42.7611 43.7773 41.6554 41.5052 53.3028 39.6316 42.2319 38.8514 38.6152 38.2435 38.1609 37.6587 48.3091 47.6718 52.8445 44.2898 40.3055 44.0372 53.4905 45.3644 39.8029 37.434 36.7748 40.5341 35.9136 35.5435 35.4912 34.9146 36.7727 40.9494 61.245 60.8866 40.8337 42.2367 38.6188 36.6242 35.9729 35.9401 35.8642 35.547 59.7968 38.3477 36.5697 34.6387 34.1602 36.2018 39.2279 33.6111 32.9955
threshold=0.54136062541756147 1.1477907608744318 1283.5000000000002 1312.5000000000002 5.6550284721551982 -1.0912843920160558 1.9593597902440789 140.82500000000002 3.3675383785490589 50.500000000000007 -2.3531659081970893 1259.5000000000002 0.90596831634532737 0.0037777217226894698 0.61730906331322355 1.0893041325317985 2.2922579822828792 1.0000000180025095e-35 0.45505050505050509 0.98569089969088697 0.15412895927601813 0.17667066826730696 14.500000000000002 2.5000000000000004 0.86164044289044306 10.392030134813641 1.3937183754451739 9.4375000000000018 0.66862745098039222 0.23159651907394233 637.50000000000011 0.51100764407205956 0.88987649454736573 5.5000000000000009 23.194688967136155 13.500000000000002 1.8554987775599661 285.00000000000006 0.021314454455970324 98.500000000000014 1.8818438216111406 1.7952461164139999 0.5036726241195949 0.21542064492884169 -5.9930914776340893 8.5000000000000018 1.3208768959558763 0.78593284778525963 -0.39513473735319998 1075.5000000000002 0.91853325348921533 0.61111111111111127 1.0000000180025095e-35 2197.5000000000005 0.33220720720720726 -0.49773430641106559 -0.33310023310023301 -0.063022534102225594 33.500000000000007 0.43455481214616581 4.5000000000000009 1.2817606641278287
decision_type=2 2 2 2 10 2 2 2 2 2 2 2 2 2 2 2 2 2 2 2 2 2 10 2 2 2 2 2 2 2 2 2 2 2 2 8 2 2 2 2 2 2 2 2 2 2 10 2 2 2 2 2 2 2 2 2 2 2 2 2 2 2
left_child=2 3 -1 4 5 -2 8 -5 9 13 -11 12 21 -7 -15 -13 18 -18 19 -12 -14 39 -23 -22 26 40 29 38 -27 30 -8 32 33 57 -31 36 -3 -9 -28 -6 41 47 -43 44 49 -46 48 -26 -47 -44 -49 -51 53 54 -45 -54 -24 58 -32 -60 -61 -58
right_child=1 35 -4 7 11 6 24 37 -10 10 16 15 20 14 -16 -17 17 -19 -20 -21 23 22 56 -25 25 28 27 -29 -30 34 31 -33 -34 -35 -36 -37 -38 -39 -40 -41 -42 42 43 52 45 46 -48 50 -50 51 -52 -53 55 -55 -56 -57 61 -59 59 60 -62 -63
leaf_value=-0.0079432499897516672 -0.0045357224871736259 0.0027269641869117978 -0.030033066810095922 0.001935587196992911 -0.0056754929177853857 0.00098867668437904754 -0.00050746091998764796 -0.0090788308777960836 -0.0048423589055275156 -0.027894596021850689 0.015268555382917246 0.031958278043029163 -0.027544372789386231 -0.0030836940098590928 0.055223366754463869 -0.0067998439736254232 0.009114121113505607 0.065251975605163076 0.0014129318948092006 0.0035256414787130409 -0.016574377579758489 -0.014923541089272083 0.042919031802655772 0.0246733849549369 0.017001772088162153 0.00246466633613567 0.031800518119267783 -0.027302134829559552 -0.015362949127843509 0.0019047027925005269 -0.0052521373936845906 -0.030568396614060002 -0.020567872577375135 -0.043877515163252855 -0.034812943082299729 0.00080758793756455661 0.0080835264746241999 -0.024317894487588032 -0.0084394968660361312 -0.015709472278817815 0.013874979203498786 -0.0057017444513428293 0.0077638323898894584 -0.021804321871242954 -0.0063779154995319753 0.039132243678934329 -0.0030258192770337413 -0.0084264545207893542 0.0085273129217178691 0.02257903495870155 0.01858742580106779 0.065437411846636373 -0.0058542626422203939 0.054331254215262997 0.013554057224267075 -0.025972183429787035 0.0038105071804733592 -0.024718854669577583 0.0020013668924774089 0.013291152239586268 0.060058853508873834 -0.032475655917711406
leaf_weight=2195.3782599717379 5570.1823375672102 16651.315266728401 663.37902311980724 622.0590572655201 1954.354743078351 36469.571650132537 1931.420722424984 1147.3779543787241 2890.0002467483282 109.3926640599966 1628.0237824767828 150.21363861858845 59.443039283156395 57.365554362535477 73.358831688761711 128.73733454942703 112.2921846061945 67.823556125164032 2663.2643212974072 1445.4156436622143 70.510412245988846 366.1085105240345 53.355262592434883 273.86492800712585 459.53942570090294 12529.321623623371 58.041347309947014 413.78688561916351 358.34742780029774 3846.2993106096983 629.70064696669579 299.3940337151289 489.39211750030518 55.74915137887001 70.691251888871193 18439.639037191868 4482.462465018034 583.096770003438 1006.304879873991 1605.0514548718929 323.04766549170017 7722.4775812923908 343.59484346210957 142.06359949707985 939.83974981307983 156.30651322007179 381.51674094796181 504.48485405743122 260.94034668803215 232.19133293628693 162.87646643817425 61.805278986692429 689.77030949294567 53.960070416331291 166.618189483881 335.88712634146214 1079.9045944362879 131.06106951832771 266.91483141481876 88.774836182594299 67.726563066244125 66.507070407271385
leaf_count=9666 23781 69254 4015 2708 8364 153542 8192 5765 12202 461 6835 636 253 244 311 548 472 285 11192 6079 301 1576 225 1163 1967 53088 250 1823 1521 16354 2695 1284 2095 239 300 76680 18501 2907 4331 6888 1375 33061 1466 610 4037 667 1646 2155 1118 985 690 262 2975 233 712 1443 4647 562 1141 379 289 283
internal_value=9.65722e-06 0.000288681 -0.0130692 -0.00061264 -0.000374233 -5.57427e-05 0.000253494 -0.00994353 0.00136326 0.00178398 0.00599285 -0.00510475 -0.0060722 0.001091 0.0296366 0.0140712 0.00661938 0.0302531 0.00587735 0.00974595 0.00978457 -0.00732155 -0.000778195 0.016228 -0.00118234 -0.000197724 -0.00390031 -0.0121398 0.00196896 -0.00235418 -0.00591123 -0.0110558 -0.00767767 -0.00258999 0.00124205 0.00243935 0.00386309 -0.0142138 -0.00624511 -0.0102001 -0.00235616 -0.00277185 -0.00361742 0.000658368 0.00553312 0.000686255 0.00899809 0.00584738 0.0199923 0.0187497 -0.00183344 0.0315889 -0.00768519 0.00577007 -0.00271881 -0.0124426 0.00353825 -0.000646237 0.00234962 0.0136549 0.03353 0.00170543
internal_weight=136859 134001 2858.76 94427.1 92074.6 86266.5 80696.4 2352.53 45516.5 42626.5 6026.21 5808.05 5529.1 36600.3 130.724 278.951 5916.82 180.116 5736.7 3073.44 403.818 5125.28 1565.88 344.375 35179.8 25824.6 9355.26 1478.13 12887.7 7877.12 3960.13 2028.71 1729.32 1239.93 3916.99 39573.4 21133.8 1730.47 1064.35 3559.41 12936.9 12613.9 11487 3764.49 2376.19 1738.6 798.764 1126.9 417.247 637.591 667.361 293.997 1388.3 362.642 308.682 1025.66 1199.77 1184.18 1053.12 423.416 156.501 1146.41
internal_count=579729 566048 13681 401613 390233 365349 341568 11380 191623 179421 25324 24884 23700 154097 555 1184 24863 757 24106 12914 1717 21983 6731 1464 149945 110011 39934 6404 54609 33530 16876 8684 7400 5305 16654 164435 87755 8672 4581 15252 55402 54027 49215 16154 10181 7468 3431 4812 1785 2713 2845 1247 5973 1555 1322 4418 5155 5066 4504 1809 668 4930
is_linear=0
shrinkage=0.05


Tree=25
num_leaves=63
num_cat=0
split_feature=143 118 143 1 16 122 95 173 115 118 7 25 76 103 97 14 16 98 175 92 8 50 7 77 12 156 97 9 59 31 62 31 130 148 92 17 63 56 49 63 118 24 50 61 116 51 77 12 63 21 18 49 92 97 157 22 157 110 23 106 157 92
split_gain=198.526 139.532 80.6496 54.7577 54.1621 45.1086 46.4647 39.6568 41.1885 38.3593 55.9336 40.815 38.0452 38.0382 37.3844 41.6657 36.6768 44.1443 40.0613 37.5311 46.4543 36.4343 35.6103 35.4617 44.858 35.4421 35.3981 36.8355 53.1328 46.9208 46.8612 52.4057 39.8873 35.1736 39.5152 43.9158 35.1582 33.9488 50.7714 35.9974 33.9436 64.9127 42.4913 37.7705 40.5876 38.7672 36.0723 34.8201 33.8776 35.0938 34.77 33.6315 33.5534 33.2202 36.6145 33.0441 37.2665 32.7031 32.492 32.1504 36.3366 46.3819
threshold=0.65588195890484458 1312.5000000000002 1.5801233787440085 4.5982142857142865 0.63471368597816979 -0.72402018502943644 11.700000000000001 -354.49999999999994 21.284975797116704 1312.5000000000002 0.27223320158102771 0.4468637950370406 1.3884180456352733 0.88587874589509419 1.4721805344039547 0.42635074304020953 0.86425956945219939 1.4977038442616946 0.75331838959212383 2.6169697735118302 0.22269909394372917 0.067840152850125554 0.10658751205400194 1.1590990902545981 0.94180003016963576 1.0121632505465248 -1.2599999999998606 1052.5000000000002 0.2414572162074328 0.60982442391244585 0.80784171433450025 1.0162211229805822 -0.63732244074036359 1.8786735623529494 0.42195181191100756 0.2171478214381182 0.15169739748391436 0.22500000000000003 1.1932645057645062 0.066712079927338797 1289.5000000000002 0.22500000000000003 0.26475712236113963 0.90621432053295792 21.492656243270023 0.3000000000000001 0.90271448345810168 0.64718587889638723 0.076345278832775559 0.35032467532467537 0.54580419580419581 -1.3836929977175143 0.58506585942374112 0.094454056132105502 0.67824763284246681 965.50000000000011 0.78515156961418653 0.03032728197116475 0.73125807493540063 1.0984827168704492 1.1927088523501082 1.7509689922480625
decision_type=2 2 2 2 2 2 8 2 2 2 2 2 2 2 2 2 2 2 2 10 2 2 2 2 2 2 2 2 2 2 2 2 2 2 8 2 2 2 2 2 2 2 2 2 2 2 2 2 2 2 2 2 10 2 2 2 2 2 2 2 2 10
left_child=1 -1 4 -3 12 25 13 37 9 40 58 -12 26 21 15 -14 18 59 -10 20 -20 -7 -21 24 55 -6 -2 32 -29 -30 -31 -32 -28 34 35 -15 -24 -8 -39 -40 -9 46 43 44 -43 -45 -42 48 52 50 -50 -44 -47 -22 -55 56 -19 -49 -11 -18 -61 -62
right_child=2 3 -4 -5 5 6 7 8 16 10 11 -13 14 33 -16 -17 17 23 19 22 53 -23 36 -25 -26 -27 27 28 29 30 31 -33 -34 -35 -36 -37 -38 38 39 -41 41 42 51 45 -46 47 -48 57 49 -51 -52 -53 -54 54 -56 -57 -58 -59 -60 60 61 -63
leaf_value=-0.0047469432095399861 -0.021140023730282259 -0.0043114536415823695 0.0046873363526403009 -0.030276631306810117 -0.0036048716504116954 0.0048219387661659245 0.00055601839319419609 -0.0010511491011623571 -0.015407353788155557 -0.039291523381312025 0.049135985418560034 -0.010021081330707629 0.0020901344555061797 0.021817909252903989 0.027792234603112743 -0.024660574456260728 0.0015329796101149003 0.015502319963202416 0.010281131366043248 0.011085951010865513 0.048889062991375909 -0.0045229734518232615 -0.023933268494991344 0.03695068408942058 -0.025591570345860605 0.0072770451392948831 0.0056818619106027675 0.039249663998840195 -0.028599422846726598 -0.0090928713410121636 0.050432840551235904 -0.015134512965155847 -0.002508842753961924 0.0033552746896188326 -0.00068198827229825861 -0.031296110915700462 0.02026464284558091 0.0070520399821747239 0.0099251227700157992 0.063153712458032973 0.068019534070314566 0.0054253604358831305 0.01044629074352077 0.040201260860533758 -0.036856496643003854 0.0098479713913990977 0.011244622411629707 0.005376753583730319 0.034214775848072886 -0.03123572432260795 -0.014747586256141152 -0.034731138097442701 0.049921807966897026 -0.0017796012014288575 0.051276899050807491 0.033467557118152885 -0.023467194856299636 -0.028416048886969865 -0.012005387592420863 -0.011232020170412088 -0.014877002773605298 0.048828753830961108
leaf_weight=9051.5362223237753 246.57949817180634 271.08727340400219 10540.463661059737 809.03057989478111 9220.5393130332232 1468.6620326340199 2688.271877720952 44732.687488302588 159.18290232121944 139.34791487455368 58.620227113366127 58.011902496218681 204.35281769931316 47.860659062862396 49.936408624053001 505.96581628918648 3179.4022451341152 212.3907368183136 1034.7964704483747 324.00849461555481 153.42908045649529 3599.0956944674253 197.58801510930061 124.11880876123905 86.874566584825516 814.33651952445507 1963.8234381526709 56.628108665347099 283.00974771380424 1340.8219088315964 72.582253992557526 52.531072854995728 6113.9434963166714 28810.034222200513 2333.307535842061 208.26622459292412 58.262521892786026 1988.7271609902382 57.229572921991348 71.378925949335098 63.49495729804039 151.03828307986259 63.401720896363258 105.83935318887234 90.926646009087563 93.683661952614784 50.01414629817009 307.4654960334301 96.571739345788956 53.240046724677086 58.058138385415077 117.61317950487137 118.05874079465866 98.974752068519592 48.428135365247726 143.09776721894741 86.267722010612488 93.325888350605965 502.652354195714 1026.3620420098305 54.597903981804848 59.936304345726967
leaf_count=39516 1041 1353 43400 4992 39367 6225 11270 188474 669 692 269 264 863 203 212 2166 13336 897 4376 1374 649 15254 841 519 366 3454 8246 252 1225 5785 313 228 26167 120917 9836 878 248 8322 240 297 264 631 266 441 380 393 211 1291 403 224 243 499 492 419 204 599 365 393 2331 4334 231 253
internal_value=-3.88689e-05 -0.00677388 0.000499531 -0.0237599 0.000119655 0.00046679 0.000802631 -6.68864e-05 -0.000454218 -0.000989203 -0.0121412 0.0197117 -0.00323719 0.00220482 -0.0140248 -0.0169646 0.00311002 0.000780294 0.00869444 0.0106974 0.0153089 -0.00181477 7.53364e-05 0.0128996 0.00725263 -0.0027218 -0.00242758 -0.00196072 -0.00841711 -0.00996048 -0.0063621 0.0229032 -0.000517562 0.00285357 -0.00272839 -0.0213711 -0.0138685 0.00428565 0.00902098 0.0394675 -0.000806063 0.00668907 0.00363397 0.00712678 -0.0104635 0.0117219 0.0430035 0.00804785 0.018115 0.00377626 0.0158311 -0.0189074 0.0321915 0.0326033 0.0156517 0.0137117 0.00424595 -0.00249204 -0.0179279 -0.00105081 -0.00825119 0.0184605
internal_weight=136872 10131.7 126740 1080.12 116200 105309 95274.6 58807.4 54001.8 46954.1 758.632 116.632 10890.2 36467.2 760.255 710.319 7047.72 4973.05 2074.67 1915.49 1335.63 5067.76 579.859 652.75 528.631 10034.9 10129.9 9883.34 1805.57 1748.94 1465.94 125.113 8077.77 31399.5 2589.43 256.127 255.851 4805.61 2117.34 128.608 46195.4 1462.73 1349.22 1168.21 241.965 926.243 113.509 820.404 419.612 207.87 154.63 181.015 211.742 300.832 147.403 441.756 298.658 400.791 642 4320.3 1140.9 114.534
internal_count=579863 45861 534002 6345 490602 444104 401283 247970 227841 198161 3556 533 46498 153313 3241 3029 29680 20900 8780 8111 5648 21479 2463 2746 2227 42821 43257 42216 7803 7551 6326 541 34413 131834 10917 1081 1089 20129 8859 537 194605 6131 5656 4891 1011 3880 475 3439 1755 870 646 765 885 1272 623 1861 1262 1684 3023 18154 4818 484
is_linear=0
shrinkage=0.05


Tree=26
num_leaves=63
num_cat=0
split_feature=143 135 135 127 14 175 16 115 12 18 26 33 100 99 114 114 97 19 33 171 107 31 76 23 92 48 14 48 160 61 5 25 117 59 13 67 63 107 98 56 60 61 57 6 13 141 57 50 21 63 33 106 176 82 128 84 1 70 7 114 123 100
split_gain=180.271 80.309 77.4733 47.0579 51.6217 42.9787 43.5424 42.5271 41.2951 45.7985 41.4204 40.932 39.0731 37.7358 40.9906 54.6353 46.4029 38.1091 41.1295 44.7694 40.184 42.7463 37.5831 42.668 37.2274 36.9216 47.3834 52.1312 52.8366 45.0948 44.3938 43.8229 41.4987 41.2209 46.3081 40.7861 38.363 40.174 36.7491 58.7095 36.9236 43.1974 36.534 58.8341 39.0816 44.5516 44.2952 36.64 41.5861 35.8675 35.7929 42.6246 39.0055 35.1918 34.7245 39.9208 34.5659 34.4338 34.2584 52.7578 37.7253 33.0569
threshold=0.64446977704632968 0.2957537889401744 1.2754755837351228 -0.48993142646840931 0.55586992364457122 9.8645570148009174 0.63471368597816979 13.513909925504622 1.6297401879491435 0.22259759759759762 0.2609172387490466 1733.5000000000002 -2.4497194092829706 0.66996513594681151 332.50000000000006 312.50000000000006 0.32254033258860609 0.81649659863945589 1921.5000000000002 11.500000000000002 0.79311462945570022 1.1963918641133833 1.7508865248226952 1.3895660148507532 0.40105039287155259 0.84904764521624465 0.35994918813311072 1.0357254814151369 0.9744057645517501 1.060111279404037 0.30820856995353646 0.73366775115355598 9.6126924163253786 0.46843981386350336 0.66223931925400126 0.72222222222222232 0.056622199292452838 0.98569089969088697 -1.9994798980599653 1.0000000180025095e-35 0.50728492757837229 0.75979257869501782 1233.5000000000002 0.9630991285403051 0.79074632674905132 1.4899194062180869 12597.500000000002 0.18196340400813246 0.071611721611721621 0.066712079927338797 195.50000000000003 1.0000935803855515 -4.0892982859692042 2.652748910492793 5.6790889933539264 1.051376319758673 6.9910714285714297 1160.5000000000002 0.095445134575569371 221.50000000000003 0.50611122174649026 -0.61881136697708483
decision_type=2 2 2 2 2 2 2 2 2 2 2 2 2 2 2 2 2 2 2 2 2 2 2 2 8 2 2 2 2 2 2 2 2 2 2 2 2 2 2 2 2 2 2 2 2 2 2 2 2 2 2 2 2 2 2 2 2 2 2 2 2 2
left_child=1 -1 3 4 22 6 12 25 9 -8 24 -4 -5 14 15 17 -17 20 54 -20 21 -9 -2 61 -10 29 -27 28 30 35 32 33 -28 -30 36 53 -35 -38 39 -11 41 -40 -43 44 45 -44 -46 48 -45 -16 52 -52 -51 -7 55 58 57 -53 59 60 -19 -24
right_child=2 -3 11 5 -6 7 8 13 10 38 -12 -13 -14 -15 49 16 -18 18 19 -21 -22 -23 23 -25 -26 26 27 -29 31 -31 -32 -33 -34 34 -36 -37 37 -39 40 -41 -42 42 43 47 46 -47 -48 -49 -50 50 51 56 -54 -55 -56 -57 -58 -59 -60 -61 -62 -63
leaf_value=-0.029634479384061919 0.0021129213680249341 -0.0058862232547088611 0.0028527062619494647 0.040027686309392775 -0.0047904956936659169 -0.00039478885158074416 0.0018661350131233417 -0.032853588077066488 0.03925477093608909 -0.019746553004562704 0.014496455766441471 0.011148058657239987 -0.0078508620040767755 -0.0082818284672293054 0.008253464805634117 0.0077597259287153497 0.058309736239374188 -0.024592896251173207 0.0094101683018105765 0.066124762441182067 0.0062188051472605102 0.0089714553598446121 0.027940559632533692 -0.02619139429789721 -0.007128118774921856 -0.0052266508230843223 0.0083429953196972884 -0.0018302361035930665 -0.013607776415120221 -0.023729330109587159 0.0037743093911519867 -0.026766585263801448 0.048017875481414458 -0.0082024413419540428 -0.014602248513964598 -0.023942310582307599 0.060113048432291427 0.0059893238918330817 0.029820151716238724 -0.0041823621795601265 -0.00038715090312819284 -0.0012397577831603913 0.001646757058179154 -0.044197327715449902 -0.016919847785400472 -0.016234574247993606 0.020343521866446432 -0.040444125336510497 -0.0053890253473475817 0.028215659516583898 -0.03860838394699783 0.0068772248396642699 -0.010269778545124864 -0.0090539290545722378 -0.020690548532777006 0.048913135724825807 0.018598767497326432 -0.048322906732877514 0.022516679226172977 -0.049205507721266459 0.020203385445393695 -0.0053261026690170727
leaf_weight=371.24223698675632 36860.202840641141 8666.4118484407663 14096.721770182252 43.125828430056572 3179.8058675527573 6717.2487626522779 6331.2056888341904 142.99442484974861 47.202503576874733 780.90003025531769 785.35086065530777 1662.4517699927092 3578.8491432368755 510.30103300511837 476.99946829676628 83.187968775629997 99.938914388418198 64.592843249440193 62.606076240539551 78.333901733160019 2128.0548444241285 106.65310524404049 82.600558713078499 234.52454814314842 517.94295261800289 2949.9245725572109 166.28830771148205 7414.8854941427708 347.77810052037239 257.26484218239784 12391.857438996434 237.10369062423706 109.18437564373016 59.95279349386692 111.48507182300091 215.56660254299641 89.369928762316704 55.625133380293846 87.741463556885719 2703.5505518913269 11786.998327255249 2864.2756720930338 1667.5298155248165 89.447173148393631 971.99338121712208 440.32191929221153 86.87850783765316 202.42225304245949 302.42076177895069 102.67208442091942 168.23214554786682 52.366692617535591 183.51444964110851 1421.7055786550045 75.430474802851677 77.177439659833908 89.782504126429558 61.3496063798666 297.73196014761925 48.553357690572739 172.5486433506012 778.41604860126972
leaf_count=2211 154029 38978 58529 192 13396 28484 26936 601 202 3371 3301 6801 15477 2159 2049 349 417 272 262 327 8917 449 344 977 2195 12521 704 31429 1470 1112 52426 998 460 253 471 915 376 234 368 11592 50132 12142 7151 384 4154 1881 371 873 1299 446 732 225 787 6020 314 322 391 271 1246 204 720 3244
internal_value=-3.72724e-05 -0.00686174 0.000445292 -1.63638e-05 0.001329 -0.000796754 -0.00210544 0.000360987 -0.00147358 -0.00188098 0.00706834 0.00372779 -0.00728079 0.00461431 0.00605348 0.00877347 0.0353467 0.00727831 0.016187 0.0409319 0.00399247 -0.0149853 0.00184168 -0.00728457 -0.00325409 -0.000303312 0.000706896 0.00154105 0.00338336 -0.00311083 0.00421564 -0.00831361 0.0240682 -0.00172644 0.0113318 -0.00247591 0.0254391 0.0393493 -0.00296009 -0.00767045 -0.0020729 -0.00503281 -0.00549438 -0.00873458 -0.00602547 -0.00208858 -0.0138625 -0.0231703 -0.0142473 -0.00218569 -0.00975422 -0.019987 0.00353723 -0.00190736 0.0114487 0.0151185 -0.0045927 -0.0229031 0.0106481 -0.00172055 0.00800173 -0.00213471
internal_weight=136849 9037.65 127811 112052 41135.5 70916.4 33288.2 37628.3 29666.2 28315.7 1350.5 15759.2 3621.97 5083.02 4572.72 3437.8 183.127 3254.68 876.975 140.94 2377.7 249.648 37955.7 1095.54 565.145 32545.2 23933.5 20983.5 13568.6 8611.79 12667.3 901.315 275.473 664.211 316.433 8354.52 204.948 144.995 21984.5 3484.45 18500 6713.03 6625.29 3761.01 3166.72 2107.85 1058.87 594.29 391.868 1134.92 657.917 371.731 286.187 8138.95 736.035 660.604 203.499 113.716 583.427 285.695 237.141 861.017
internal_count=579863 41189 538674 473344 171990 301354 142021 159333 126352 120654 5698 65330 15669 21460 19301 14400 766 13634 3667 589 9967 1050 158594 4565 2397 137873 101342 88821 57392 36531 53590 3802 1164 2804 1334 35419 863 610 93718 14963 78755 28623 28255 16113 13557 9032 4525 2556 1683 4901 2852 1619 1233 34504 3078 2764 887 496 2442 1196 992 3588
is_linear=0
shrinkage=0.05


Tree=27
num_leaves=63
num_cat=0
split_feature=135 118 130 126 173 116 120 115 16 135 61 17 160 116 46 36 71 146 9 100 99 17 15 66 40 61 83 98 83 23 118 161 58 98 118 12 44 69 3 103 1 82 95 86 47 57 85 9 9 173 16 108 116 72 9 65 127 44 157 44 84 108
split_gain=159.674 96.8615 77.7866 56.9677 60.8694 52.9788 44.6712 44.5701 42.7854 36.5088 35.6808 37.583 39.5134 34.9584 34.7288 34.9467 53.3539 47.808 43.9923 34.7212 34.2821 36.729 35.7284 53.5062 35.2211 43.2941 38.4306 47.3759 35.5805 37.3596 35.6213 34.7521 34.0225 38.448 34.4089 36.2981 33.8243 33.5787 32.5162 47.8043 41.1024 40.4192 38.2734 53.9975 40.5714 50.8721 39.1406 36.445 47.4627 68.4997 39.6437 40.2783 34.9524 33.4504 53.3437 33.2458 33.0584 32.7171 32.5077 39.0431 46.5294 36.5766
threshold=0.4260718394807797 1286.5000000000002 -0.66961738873589738 -0.25915931351552007 382.50000000000006 5.5795092713991385 1.0000000180025095e-35 20.479606457159235 2.1709856035437434 2.2794620404784633 1.0958477011494254 0.1061410769301513 0.42325017325017333 7.1899838647444669 0.16682811584127374 0.64628469950462675 1.0446320492094567 8.5000000000000018 1029.5000000000002 -0.41345777007512519 -0.74642679616945196 1.0727866729456088 0.12500000000000003 0.3888888888888889 1.0000000180025095e-35 0.7938642415400966 0.8334140045175864 0.97614087915788683 0.51698643529268007 1.0694314154680009 1222.5000000000002 6.403125000000002 1.0311708922747103 0.63175489692167941 988.50000000000011 0.81118792129679884 3224.5000000000005 0.13392857142857145 0.8033784746970779 0.87025902094537422 27.455357142857149 -0.46427168704668637 17.900000000000002 2.9177845677707772 0.69828147800708795 5405.5000000000009 2.5000000000000004 1233.5000000000002 513.50000000000011 158.50000000000003 1.2195413004249376 -0.31637620192307686 22.258085849936652 0.28708923042581902 692.50000000000011 0.55000000000000016 -1.0326278462112852 2342.5000000000005 1.5565501562944022 3723.5000000000005 0.82820391414141425 0.56487417878100266
decision_type=2 2 2 2 2 2 2 2 2 2 2 2 2 2 2 2 2 2 2 2 2 2 2 2 2 2 2 2 2 2 2 2 2 2 2 2 2 2 2 2 2 2 10 2 2 2 2 2 2 2 2 2 2 2 2 2 2 2 2 2 2 2
left_child=1 13 9 4 6 7 -4 20 14 38 58 12 -12 -1 -9 -16 17 19 -19 -17 21 22 23 -5 26 31 -22 -28 29 32 -31 -26 34 -34 -27 -36 -6 -24 42 41 52 -40 44 57 47 46 -46 48 -2 55 51 -51 53 54 -41 -50 -53 -44 -7 -60 -61 -62
right_child=2 -3 3 5 36 10 -8 8 -10 -11 11 -13 -14 -15 15 16 -18 18 -20 -21 24 -23 37 -25 25 28 27 -29 -30 30 -32 -33 33 -35 35 -37 -38 -39 39 40 -42 -43 43 -45 45 -47 -48 -49 49 50 -52 56 -54 -55 -56 -57 -58 -59 59 60 61 -63
leaf_value=-0.010944555343883743 0.004275739706659668 -0.025064515259807685 -0.0034554961350185404 -0.032530704184070953 -0.0068638997344176271 0.00097686547611537645 0.0014292554871342036 -0.025497140730627983 0.04433700587824807 0.012521563317335458 0.038379923300549429 -0.012639770133337683 -0.0026367656127042069 -0.00096423456226722238 0.0053651542400104911 -0.010868183538415817 0.0070854419141421973 0.0049246749395205824 -0.030637379601208548 -0.047068183648612899 -0.0026490343128502771 0.021051853542373915 -0.034023082290910771 0.026368569255973796 0.021382382735304364 0.008224842489890527 -0.020369984129993315 0.0057329900270302039 -0.0036255085230447433 -0.0055612814784499649 0.034262242308161855 -0.015953796767625601 0.0039004859449173058 -0.035388207452949023 0.017419351897632492 0.057535066792281465 -0.028870567982286266 -0.010717207141696088 -0.037337056455496426 0.0010338137978982912 -0.017178187568250979 -0.0033190541346423881 -0.003041501074538364 0.035428850331705349 0.038277231733240762 0.05572001352164746 0.0064320137971274425 -0.012897275824362679 0.052555552612993654 0.026553872216016412 0.028480401430883054 -0.044562161616153811 -0.0014665070754474553 0.0026331793931061165 0.032085630010092688 0.01011540344911184 0.0061106134817568644 -0.029835888739624977 0.0048419303374928023 -0.0036682049613538398 0.077414305767809333 0.024770657483214151
leaf_weight=1734.2015632688999 2592.6311400383711 811.28769972920418 11013.517726063728 53.613960951566696 4561.9862508624792 44908.109829172492 8139.3876159340143 114.18112708628178 59.690668120980263 821.30258579552174 77.63315024971962 894.91602092981339 240.97767242789268 1775.9328572452068 3055.5222626626492 123.946976557374 570.7137259542942 357.68637205660343 114.90077243745327 142.27313043177128 1626.5768955051899 95.138967990875244 170.6049989759922 137.31513085961342 346.5133808106184 651.8344933539629 831.70805566012859 219.75619542598724 6671.6860131919384 1075.0876000225544 59.247166618704796 75.993164241313934 442.5553665459156 72.466297253966331 187.02819207310677 80.728871315717697 181.55547918379307 1642.4550045579672 89.599053710699081 307.50424858927727 278.18823938071728 3431.9212018698454 665.38288813829422 80.074382156133652 125.86830042302608 83.892352655529976 413.38762773573399 246.48179852962494 169.54416057467461 55.987723931670189 112.04145945608616 79.22351661324501 5569.3463027924299 25260.031179606915 251.36858676373959 63.400416657328606 54.210905805230141 137.46360635757446 2398.5472537875175 80.655783325433731 51.728653877973557 91.110096767544746
leaf_count=7754 10812 5049 46885 236 19649 190015 34441 487 248 3366 335 3857 1038 7731 12969 528 2438 1523 489 601 6923 406 745 594 1448 2767 3569 927 28604 4578 260 318 1903 311 794 342 859 7132 379 1273 1174 14423 2784 337 524 357 1722 1044 704 242 465 332 23268 104804 1042 264 228 579 10055 339 218 375
internal_value=-3.57282e-05 -0.00949387 0.000272725 -0.000536575 -0.00263548 0.000204035 -0.00137963 -0.00203713 0.00228467 0.00208612 0.00107667 -0.00738952 0.00735742 -0.00589507 0.00172428 0.00243634 -0.00439751 -0.0132679 -0.00372158 -0.0302142 -0.00339557 -0.00930266 -0.0107437 0.00982932 -0.00239082 -0.000984634 -0.00746474 -0.0149145 -0.00170027 0.00329967 -0.00348127 0.014667 0.0086613 -0.00162764 0.0144237 0.0295143 -0.00770619 -0.0129102 0.00187221 0.0013418 0.00195637 -0.00418458 0.00569719 -0.00372419 0.00777851 0.0194998 0.013865 0.00561338 0.00707244 0.0206404 0.00490463 -0.00904022 0.00212595 0.00290088 0.0150002 0.0410046 -0.0239751 -0.00762924 0.00129283 0.00670437 0.0266921 0.0438354
internal_weight=136830 4321.42 132508 91619.4 23896.4 67722.9 19152.9 18979.2 4538.92 40888.9 48743.7 1213.53 318.611 3510.13 4479.22 4365.04 1309.52 738.807 472.587 266.22 14440.3 2099.13 2003.99 190.929 12341.2 9663.14 2678.04 1051.46 9240.63 2568.95 1134.33 422.507 1434.61 515.022 919.592 267.757 4743.54 1813.06 40067.5 35188 31666.4 3521.52 4879.59 882.921 3996.67 623.148 539.256 3373.52 3127.04 534.408 301.464 189.422 31388.3 25818.9 558.873 232.945 133.434 802.846 47530.2 2622.04 223.495 142.839
internal_count=579863 20534 559329 389206 101834 287372 81326 81140 19283 170123 206232 5230 1373 15485 19035 18548 5579 3141 2012 1129 61857 9113 8707 830 52744 41325 11419 4496 39559 10955 4838 1766 6117 2214 3903 1136 20508 7877 166757 146363 131561 14802 20394 3700 16694 2603 2246 14091 13047 2235 1267 802 130387 107119 2315 968 560 3363 201002 10987 932 593
is_linear=0
shrinkage=0.05


Tree=28
num_leaves=63
num_cat=0
split_feature=143 118 141 172 135 70 118 44 117 72 1 7 9 1 74 171 103 95 98 98 107 75 110 126 102 36 35 92 36 23 104 98 56 113 45 64 82 126 88 9 103 70 15 92 2 84 77 92 92 106 62 15 41 113 1 95 147 107 7 49 46 116
split_gain=153.536 113.622 68.2872 49.9493 56.3827 42.921 40.2837 44.7201 37.0986 34.1626 43.8766 37.8063 31.6392 36.0418 31.5613 31.0869 36.382 37.7187 40.0269 42.4616 38.4462 37.8888 37.2883 31.9319 30.1303 38.2671 45.2175 30.6606 39.7894 37.7865 40.2483 36.4822 36.1768 34.2587 34.1016 33.1503 33.1338 34.2829 31.8173 31.5079 31.346 29.6894 29.51 29.3112 33.8143 28.9817 34.5436 29.6042 28.8415 28.7916 52.1747 28.788 28.553 30.455 36.2241 46.0628 34.5312 43.4184 31.3013 46.2634 31.0685 29.3272
threshold=0.64446977704632968 1280.5000000000002 -2.8184858759779394 54.500000000000007 0.68571772407629761 719.50000000000011 1312.5000000000002 4995.0000000000009 23.194688967136155 0.56550836571715524 13.687500000000002 0.20055865921787713 513.50000000000011 10.687500000000002 1.0016547589718325 20.500000000000004 2.142459737400543 16.700000000000006 2.9084842818949119 0.87630220878383724 1.3537714097496709 0.81159420289855089 0.10373491723510332 -0.24630653296243235 1.009707275257917 1.0942639996975083 0.67212754219598037 1.4702433495711689 0.75685606866709232 1.0802882618242242 0.41140273443657255 -1.9033637502235974 0.36666666666666675 55.500000000000007 0.62329882456834429 0.35000000000000003 2.8815717683642217 -0.6522100846415394 0.37500000000000006 905.50000000000011 1.2191243910835596 1177.5000000000002 0.72500000000000009 inf 11.330357142857144 0.72659060251798568 0.73862022964409946 0.20621986499517844 4.4461489386382098 0.91593949085002169 -0.68560283010500311 0.27500000000000008 0.75000000000000011 50.500000000000007 13.687500000000002 9.9000000000000021 -2.865186774479493 1.0255467214904301 0.060323167561947673 1.0000000180025095e-35 0.54167764602547219 4.2476841189416055
decision_type=2 2 2 2 2 2 2 2 2 2 2 2 2 2 2 2 2 10 2 2 2 2 2 2 2 2 2 8 2 2 2 2 2 2 2 2 2 2 2 2 2 2 2 8 2 2 2 10 10 2 2 2 2 2 2 10 2 2 2 2 2 2
left_child=1 51 14 4 6 -3 9 -8 24 -4 11 -11 -13 -14 -2 16 -6 18 19 49 -20 -19 23 -23 27 26 -26 52 29 36 33 -30 34 38 -33 -34 37 -29 -31 -40 -35 -17 -10 44 -21 46 47 -12 -39 50 -18 -1 53 56 58 -56 -5 -58 60 61 -55 -60
right_child=2 5 3 8 15 -7 7 -9 42 10 45 12 13 -15 -16 41 17 21 20 43 -22 22 -24 -25 25 -27 -28 28 31 30 -32 32 35 40 -36 -37 -38 48 39 -41 -42 -43 -44 -45 -46 -47 -48 -49 -50 -51 -52 -53 -54 54 55 -57 57 -59 59 -61 -62 -63
leaf_value=0.0011998195745675604 0.0076855603808611422 0.01745674866034759 -0.00094899541948364596 0.037668757874232406 0.0008344803000706959 -0.023841061718041973 -0.0067007371291533252 -0.035875602818841737 -0.0031209243865783897 -0.0064858220008150464 -0.0018048671855859554 -0.0035613197531553595 0.023931870362465024 -0.008741169249608596 0.0012449121447721191 -0.0015937530445089888 0.032971110708893601 -0.0011127051579580616 -0.05240533411043579 0.025350601786066115 0.0033591219230542941 0.042006108454613195 0.05830266674471038 -0.0070801602799265666 -0.0091142693611094387 -0.004049112986430064 0.014878871223034702 -0.010531453407029634 -0.019887724237197184 0.007892943875871767 -0.029479327206880086 -0.015357233181108662 0.040339196389288595 -0.0022709766567382615 0.029928161985937229 -0.0030293374070218151 -0.034745450518319114 0.0096516364088301138 -0.0082005139428786341 -0.029541734950796206 0.026629085393610998 -0.01368879854614736 -0.036401040121568556 0.040468498804782767 -0.012094253233305142 -0.031644573956565301 -0.001566391154412137 -0.047960037696383878 -0.0084077783079662214 -0.012675972197265517 -0.016022957168013462 -0.0059177627280578467 -0.0022417426637770751 0.026340156137237759 0.0031250448721494941 0.049729932818528493 -0.019724031492822994 0.013125232462658891 -0.0093347947568685734 -0.012671422542042253 -0.00027636582136226958 0.01907990773475933
leaf_weight=1858.1290940195322 4476.0329587310553 66.964175745844841 35566.240773975849 50.022527381777763 61752.833598464727 1040.5223574191332 621.17777462303638 166.56961350142956 213.15077076852322 2553.0129573792219 56.030705720186234 468.56629055738449 316.06661023199558 115.15736076235771 3307.7574415355921 5880.1591265797615 125.15903705358505 105.93033854663372 57.116987526416779 156.22513294219971 67.359928846359253 66.867521405220032 98.492690652608871 65.670555666089058 222.32910910248756 455.95947849750519 1681.7248220443726 355.21960216760635 93.264040097594261 208.80083823204041 188.69045588374138 47.539791166782379 50.59761506319046 295.23548759520054 331.14621178805828 341.20530080795288 58.278847232460976 1328.3411115407944 661.37355810403824 234.19160374999046 137.53542986512184 555.28591527044773 96.887412562966347 124.98649948835373 98.183113619685173 228.50148105621338 349.46973262727261 91.437710672616959 265.22265484929085 267.81471182405949 96.032871797680855 6033.9828512221575 673.28361263871193 399.63700212538242 86.69166299700737 136.49656866490841 246.13783948123455 170.11422255635262 118.099898442626 283.4969843775034 151.08625063300133 392.95625083148479
leaf_count=8095 18363 307 151369 209 258879 6255 3124 929 913 10898 241 1994 1340 491 13573 24689 512 436 235 636 274 275 399 269 941 1941 7120 1512 395 879 802 201 213 1247 1391 1438 249 5595 2784 990 576 2349 413 508 400 992 1491 395 1126 1101 395 26532 2833 1677 366 579 1038 716 496 1192 637 1648
internal_value=-3.42651e-05 -0.00634655 0.000410212 0.000115892 -0.000191189 -0.021344 -0.00167335 -0.0128698 0.0035039 -0.00145144 -0.00572833 -0.00337976 0.0054332 0.0152066 0.00494858 0.00067298 0.00101069 0.00919321 0.00428763 0.00808849 -0.0222287 0.0236478 0.0350008 0.0176846 0.00405005 0.00896163 0.0120773 0.0024632 -2.31682e-05 -0.00226089 -0.00768586 0.00964761 0.0132227 -0.00501062 0.0242431 0.0025713 0.00240393 0.00351489 -0.00968336 -0.0137813 0.00691352 -0.00263738 -0.013521 0.0206407 0.0108996 -0.0169066 -0.0101298 -0.0304234 0.00664594 -0.0016501 0.0116998 -0.00424199 0.00668361 0.00963696 0.0129722 0.0316275 -0.00158223 -0.00629917 0.0098772 0.00352754 0.0190381 0.0125136
internal_weight=136808 8999.6 127809 120025 110050 1107.49 40532.2 787.747 9974.72 39744.5 4178.24 3452.8 899.79 431.224 7783.79 69518.1 63082.7 1329.84 992.878 868.401 124.477 336.961 231.031 132.538 9664.68 2360.01 1904.05 7304.67 4596.64 3732.89 1725.83 863.753 770.489 1537.14 378.686 391.803 2007.06 1948.78 1104.37 895.565 432.771 6435.45 310.038 379.395 254.408 725.44 496.938 147.468 1593.56 489.007 221.192 7892.11 2708.02 2034.74 1568.46 223.188 466.275 416.252 1345.28 794.553 550.723 511.056
internal_count=579863 41189 538674 506738 464621 6562 173264 4053 42117 169211 17842 14723 3825 1831 31936 291357 264319 5440 4061 3552 509 1379 943 544 40791 10002 8061 30789 19398 15760 7278 3638 3243 6476 1592 1651 8482 8233 4653 3774 1823 27038 1326 1544 1036 3119 2127 636 6721 2008 907 34627 11391 8558 6595 945 1963 1754 5650 3336 2314 2144
is_linear=0
shrinkage=0.05


Tree=29
num_leaves=63
num_cat=0
split_feature=143 143 135 172 103 95 76 113 36 135 33 23 34 33 5 105 25 50 63 75 32 1 33 42 83 98 6 71 45 101 101 84 117 95 157 98 145 146 158 147 23 77 50 29 19 36 95 92 157 1 105 5 10 29 63 115 92 116 86 36 81 86
split_gain=139.264 73.917 63.2753 45.8183 47.1635 51.6563 38.8761 38.8818 50.2071 38.8479 38.7653 37.9876 43.8431 35.1889 35.1456 43.6557 37.9558 43.3405 39.6654 39.5084 37.7757 37.3298 43.2633 38.2591 50.0647 35.5648 40.6422 48.5672 46.221 43.2728 37.9202 35.2568 35.0872 34.0956 33.8049 33.6127 51.9921 33.7984 36.4637 33.5432 33.2397 32.4309 31.8648 52.9308 48.6958 42.6462 42.2349 33.3753 31.9979 33.2384 31.6809 44.9423 31.3641 31.3504 31.1889 31.1431 30.8692 30.6197 31.8175 33.5819 30.5771 42.2635
threshold=0.65588195890484458 0.40031479573133572 1.2622635792835781 54.500000000000007 0.88587874589509419 11.500000000000002 1.7508865248226952 5.5000000000000009 0.43562010142923008 0.54725358411262948 4935.5000000000009 1.0167444894966142 0.048962378027318683 1733.5000000000002 0.83393285371702652 225.75000000000003 0.75871413886552663 0.32800911161731211 0.017563138615770198 0.95740606353813917 -0.00049009278996436987 23.803571428571434 6926.5000000000009 0.58333333333333337 -0.96266095621338177 -1.685586947871041 0.035857142857142858 0.67919541373207437 1.0014413123108776 2.3827361853832447 1.4610784313724554 0.3019850628930818 23.194688967136155 4.3000000000000016 2.0226718047527297 -0.64785923181909044 1.0000000180025095e-35 9.5000000000000018 0.55372120145537851 0.38279350940091267 0.97928101483940566 0.40201861200069966 0.016048913310111372 0.46701412452382901 0.72021505376344097 0.8938673341677098 15.500000000000002 3.3057770184763355 0.37341919656547079 9.3660714285714306 704.17500000000007 0.9201769911504426 0.50822433916202692 0.46701412452382901 0.080543505491752501 31.312440191387562 1.5757016661075702 10.241175739497889 2.7075966733614329 0.38540147661641283 0.60591491841491851 2.5895345299665355
decision_type=2 2 2 2 2 8 2 2 2 2 2 2 2 2 2 2 2 2 2 2 2 2 2 2 2 2 2 2 2 2 2 2 2 10 2 2 2 2 2 2 2 2 2 2 2 2 10 8 2 2 2 2 2 2 2 2 10 2 2 2 2 2
left_child=1 -1 3 4 60 6 14 8 -8 -7 41 12 -9 -4 33 20 18 -18 19 -17 -16 22 23 25 -25 40 28 39 30 55 50 -26 -5 -6 -22 -33 -37 -38 -39 -28 -20 -3 43 44 45 48 -46 -48 -11 56 -27 -52 -45 -14 -51 -29 -50 58 -15 -60 -2 -62
right_child=2 10 13 32 5 9 7 11 -10 42 -12 -13 53 57 15 16 17 -19 21 -21 34 -23 -24 24 31 26 27 29 -30 -31 -32 35 -34 -35 -36 36 37 38 -40 -41 -42 -43 -44 52 46 -47 47 -49 49 54 51 -53 -54 -55 -56 -57 -58 -59 59 -61 61 -63
leaf_value=-0.026795413118157658 -0.0056816952062611475 -0.013729348017371971 0.0025258714730739414 0.0038954014813837238 0.031619294871945057 -0.0044874767842968096 -0.0055431671508484222 -0.040952144798967624 0.038723860716431878 0.014181574804134435 -0.022310061749150817 -0.023541661004131336 0.023503074545378089 0.012940165373220864 0.011872502715531042 0.0016940076827242339 -0.0071273517468810211 -0.037727626258136235 -0.0021482483805796222 -0.032881376551931435 9.6626157118678073e-05 -0.023572430171660601 0.04398850311230304 0.046699083484045424 -0.023915390690522266 0.013530069742386984 0.0030379429221911629 0.0014197247704342954 -0.0070427648192873523 0.040361859695314674 -0.010129331650302135 0.038448888831242256 -0.014274030259094087 0.0033465953995912589 0.034066045264864495 -0.032864367739386335 -0.014868911038557654 0.066024079711955994 0.0053029186043016506 -0.035139165198939344 -0.0318589098031129 -0.0033370640612040829 -0.00061409988421423937 0.034178715753521126 0.0064902928938397096 0.026240672540548772 0.02761571413166088 0.079784902205435909 -0.0074356546399708652 -0.0034957054898784225 0.087499399170495651 0.026196750205037058 -0.002468862852681504 -0.0063184670720287861 -0.046398170191760096 -0.038006184393120201 0.017571646153128617 0.017486412513405603 -0.014153947643558493 0.015187534792723259 2.1277423241532895e-05 -0.0067551910628274097
leaf_weight=398.78809636831284 5457.2945829182863 823.32436229288578 14545.792556941509 8969.7800046056509 107.24803891777992 6091.8825115263462 200.18998987972736 64.067231222987175 94.191793948411942 428.78607113659382 307.01975986361504 406.8693365752697 132.22512713074684 492.65466678142548 1037.6048038005829 154.38655975461006 1581.1615114659071 124.85029202699661 221.13638910651207 177.74368597567081 3123.2324442118406 144.16041234135628 61.447382092475891 96.780475959181786 76.486630201339722 71.843391433358192 88.663547933101654 1501.6687864810228 131.38313695788383 69.74964514374733 47.482382655143738 96.720596238970757 273.82029244303703 18687.467855572701 74.99777440726757 68.865120396018028 47.469784691929817 50.76617406308651 48.196877107024193 163.88434052467346 163.92286694049835 8512.7302888929844 42014.762029200792 60.329196095466614 84.270557671785355 253.23543806374073 64.410532400012016 58.503284692764282 290.30258210003376 96.933903530240059 57.318787515163422 62.495457783341408 1809.2682108730078 264.2673674672842 75.245850756764412 51.816867515444756 214.65019263327122 771.22723916172981 323.64383368194103 139.5716010928154 11818.156763255596 2857.1730453968048
leaf_count=2253 23474 4079 60344 37825 447 26384 837 273 395 1786 1644 1708 555 2019 4318 654 6669 526 934 755 13112 615 265 406 322 300 375 6356 553 293 201 408 1175 78544 316 293 203 214 203 695 692 37885 176587 255 354 1060 270 244 1216 406 239 262 7616 1100 318 218 901 3150 1316 568 50262 12216
internal_value=-3.2838e-05 -0.00570079 0.000416229 -1.2546e-05 -0.000320251 0.000217492 0.00188404 -0.00708063 0.00862072 -0.000738049 -0.00482843 -0.0124092 -0.0025746 0.00332705 0.00225089 -0.000211079 -0.00320894 -0.00936676 -0.000334226 -0.0168094 0.00358268 0.00131282 0.00244163 0.0016225 0.0145224 -0.000756537 0.00165015 -0.00133895 0.0167825 0.0018345 0.0298721 0.00650682 0.00335717 0.00350793 0.000893201 0.0139644 0.00296492 0.0198149 0.0364517 -0.0217361 -0.0147963 -0.00425353 -0.000235503 0.00439399 0.011174 0.007732 0.0337543 0.0524467 0.00349384 -0.00327403 0.0397823 0.0555238 -0.0012863 0.00362663 -0.0222449 0.000104665 0.00319469 0.0100747 0.00409464 -0.00531306 -0.00248631 -0.00129805
internal_weight=136786 10041.9 126744 110472 101228 81095.3 29552.8 1161.81 294.382 51542.6 9643.07 867.429 460.56 16272.9 28391 9596.24 5360.4 1706.01 3654.39 332.13 4235.84 3322.26 3178.1 3116.65 485.286 2631.37 2246.31 1875.78 370.523 1623.24 239.14 388.505 9243.6 18794.7 3198.23 312.019 215.298 146.433 98.9631 252.548 385.059 9336.05 45450.7 3435.94 1566.34 1359.15 207.184 122.914 1105.92 677.133 191.658 119.814 1869.6 396.492 172.18 1553.49 504.953 1727.1 955.87 463.215 20132.6 14675.3
internal_count=579863 45861 534002 466605 427605 341653 124256 4868 1232 217397 43608 3636 1928 67397 119388 40397 22651 7195 15456 1409 17746 14047 13432 13167 2049 11118 9492 7937 1555 6867 1002 1643 39000 78991 13428 1321 913 620 417 1070 1626 41964 191013 14426 6555 5687 868 514 4627 2841 801 501 7871 1655 724 6574 2117 7053 3903 1884 85952 62478
is_linear=0
shrinkage=0.05


Tree=30
num_leaves=63
num_cat=0
split_feature=118 105 143 123 116 93 148 172 126 44 98 143 159 120 117 169 1 9 47 115 108 20 172 26 99 100 11 16 77 7 95 86 80 93 92 157 20 20 11 95 59 58 113 3 86 68 40 23 124 147 18 8 29 117 1 103 80 24 8 93 57 162
split_gain=138.54 88.0246 68.1798 54.7992 54.3963 51.7828 39.8064 39.3348 37.3181 38.2819 43.7104 36.7779 43.3856 40.0715 33.7899 33.3178 31.2844 38.9901 37.9248 37.7459 36.0826 42.6918 33.8821 49.132 54.3513 43.5162 41.1952 38.0978 37.5883 35.7442 41.4075 39.1044 52.6903 37.3816 39.4347 36.4516 35.6719 36.6176 35.1339 34.8478 56.3482 44.039 38.8502 34.1234 34.7698 41.7093 39.2817 33.1361 37.2188 34.9408 42.9354 33.0213 32.9414 35.4611 32.8205 32.4301 37.9106 34.7953 32.0018 31.9972 31.9761 37.4574
threshold=1317.5000000000002 202.37500000000003 0.82925511597756485 3.9408428113152527 5.7536062681610636 1.5000000000000002 1.9094018869640006 58.500000000000007 -0.61629164395767899 6456.5000000000009 2.2791698924729933 1.6487662525981139 1.3660883412957843 1.0000000180025095e-35 2.1590768966755634 0.36685438939918696 11.116071428571431 2321.5000000000005 0.71958825614255373 8.847611111111112 0.65768857504396694 0.14232409381663116 23.500000000000004 0.1753392017508151 0.073900966183714792 1.1683327104976478 1.9095384221966503 0.97044263249854412 0.52429390699531053 0.11551543694400838 23.700000000000006 1.5851163070626828 0.44501762584030174 2.5000000000000004 2.0292347683652037 0.80947282553278288 0.76516544117647067 0.083602150537634423 0.41992761116856264 15.300000000000002 0.58783980833712801 0.72027016547085088 57.500000000000007 0.65694816325952388 1.8507968631419176 0.17142857142857146 0.75000000000000011 0.51207790804473519 2.2719772770411351 -1.0936264605688943 0.68208556149732635 0.093836325966850834 0.462310465162248 -8.5959411286073468 16.258928571428573 1.1388897629081387 -0.84822264673933379 0.32500000000000001 0.22742946708463954 3.5000000000000004 4763.5000000000009 3.5000000000000004
decision_type=2 2 2 2 2 2 2 2 2 2 2 2 2 2 2 2 2 2 2 2 2 2 2 2 2 2 2 2 2 2 10 2 2 2 10 2 2 2 2 10 2 2 2 2 2 2 2 2 2 2 2 2 2 2 2 2 2 2 2 2 2 2
left_child=2 7 4 6 5 -1 -3 -2 -6 -10 14 12 16 15 -11 -14 17 19 20 -4 58 -22 28 24 36 26 29 -26 -18 31 33 32 -25 35 -35 -31 37 -24 -39 40 42 -41 43 -30 46 -46 54 -40 49 50 52 -51 53 -49 59 56 -47 -58 -19 -45 -36 -62
right_child=1 3 11 -5 8 -7 -8 -9 9 10 -12 -13 13 -15 -16 -17 22 18 -20 -21 21 -23 23 25 27 -27 -28 -29 39 30 -32 -33 -34 34 60 -37 -38 38 47 41 -42 -43 -44 44 45 55 -48 48 -50 51 -52 -53 -54 -55 -56 -57 57 -59 -60 -61 61 -63
leaf_value=-0.0139149106589216 0.0014801229110512567 -0.033247641837741218 0.00019792760261597186 0.024252040656204024 -0.005346014187623707 -0.0032828951404922598 -0.015440206734508636 -0.044029441836068765 0.00027232769585643378 -0.00095326909334390105 -0.023441398814943743 0.0039273869725553294 -0.0074896056350079836 0.0010057096620354898 0.042353804561109078 -0.00080416250733586633 -0.029783526237625521 0.033996596561022205 -0.015906399673635649 0.0027050647099957472 0.029982503799554167 -0.01124018818307998 -0.011062086817437271 0.051496069141974625 -0.0084896176346755566 0.013403171950377178 0.018370680269910584 0.0066152146426023675 0.030960352966771465 -0.0037412667443176661 0.035680526556059099 -0.01083925799725868 -0.0088936315130065877 -0.0011835568472364309 -0.013861587019180822 -0.029944087377954721 -0.027546092365856936 -0.011006465292775394 0.050426217499975327 -0.024260701388713054 -0.018005888731772814 -0.0051232966763743613 -0.020786151727279049 0.011879859036471435 0.012011603670857959 0.032288590518251462 -0.011926558552764846 0.032067667146202648 -0.0014139583323561817 0.014595215478035684 0.055562724744110219 0.036929780929895697 0.013982326271606763 -0.015358397608969768 0.0011829876037874271 0.0034682636506109255 0.00077592864932594301 -0.017881230634654362 -0.0051761272020124692 0.041764481154359406 0.0390814872096375 -0.0085058268226353689
leaf_weight=1276.7206835746765 1133.835095718503 424.27954472601414 32048.072361752391 72.835809618234634 3131.7102259099483 11120.062698870897 1205.4997666031122 49.555242940783501 19690.946093097329 64.59524542093277 48.274485155940056 8838.4362454116344 4153.1672450602055 5926.9788864850998 148.78925649821758 3380.5244425833225 138.07136680185795 310.20149531960487 99.207500547170639 28242.284924119711 97.763979628682137 175.65576656162739 178.18576760590076 60.72375026345253 961.43618077039719 399.58344030380249 200.71765150129795 737.80810797214508 103.42414540052414 435.86111700534821 77.646995857357979 2153.1133240908384 89.145093992352486 1173.8049891889095 57.44658137857914 190.84187099337578 62.489532873034477 147.97217623889446 61.318610012531281 377.21015675365925 418.20483092963696 1480.4572287797928 186.14331924915314 181.39883388578892 491.36648055911064 51.626059249043465 140.90266931056976 47.927715867757797 360.60510747134686 350.34347654879093 49.358679890632629 313.654406234622 622.44619399309158 221.90130303800106 195.8870053589344 801.40481267869473 378.58024434745312 735.22662307322025 62.67032815515995 176.93227960169315 175.24782049655914 54.122857943177223
leaf_count=5684 4977 2729 134310 343 13495 48298 6790 233 84349 279 208 36243 17646 24878 644 14266 587 1301 412 117911 402 727 752 252 4057 1676 833 3096 434 1837 327 9082 376 4935 241 808 265 628 258 1596 1772 6266 785 763 2071 216 591 201 1511 1478 209 1321 2627 942 823 3360 1599 3114 264 740 733 225
internal_value=-6.10381e-05 -0.0108997 0.000172649 -0.0181797 -0.00170633 -0.00437787 -0.020076 -0.00042562 -0.000271664 0.000524793 0.0195239 0.000850342 0.000546599 -0.00206998 0.029244 -0.00448971 0.00100957 0.00151289 0.0128775 0.00137237 0.0172959 0.0034994 -0.00103297 0.000862189 0.00492067 -0.00243332 -0.00378874 -0.00193113 -0.00400464 -0.00478422 -0.000171712 -0.00912032 0.015575 -0.00150539 0.00287755 -0.0117205 0.00973935 0.0107293 0.0125141 -0.00338225 -0.000674956 -0.00900926 0.00143022 0.00270002 0.00177312 -0.00101883 0.0116465 0.0142306 0.0131018 0.0163619 0.0101681 0.0251455 0.00765697 -0.00693446 0.0176396 -0.00427417 -0.00959821 -0.0115397 0.0274127 0.0266359 0.0194977 0.0278527
internal_weight=136743 2886.01 133857 1702.62 35481.1 12396.8 1629.78 1183.39 23084.3 19952.6 261.659 98375.5 89537.1 13460.7 213.385 7533.69 76076.4 61035.9 745.499 60290.4 646.292 273.42 15040.5 9183.7 4115.45 5068.26 4668.67 1699.24 5856.84 4467.95 2164.97 2302.98 149.869 2087.33 1460.62 626.703 2416.2 2353.71 2175.53 5718.76 3861.1 1857.67 3442.89 3256.75 3153.33 2458.2 695.121 2027.56 1966.24 1605.63 941.634 663.998 892.275 269.829 554.218 1966.84 1165.43 1113.81 372.872 358.331 286.817 229.371
internal_count=579776 15072 564704 9862 152957 53982 9519 5210 98975 85480 1131 411747 375504 56790 923 31912 318714 255327 3106 252221 2694 1129 63387 38670 17345 21325 19649 7153 24717 18816 9106 9710 628 8779 6134 2645 10192 9927 9175 24130 16268 7862 14496 13711 13277 10360 2917 8547 8289 6778 3979 2799 3770 1143 2326 8289 4929 4713 1565 1503 1199 958
is_linear=0
shrinkage=0.05


Tree=31
num_leaves=63
num_cat=0
split_feature=135 130 77 153 105 16 126 50 13 18 157 51 9 120 101 114 110 68 173 32 13 5 160 117 116 102 73 1 29 107 110 58 41 50 173 71 17 33 21 63 79 46 95 95 18 29 108 156 101 156 117 18 52 68 34 72 94 50 22 117 72 43
split_gain=119.166 63.2956 55.8672 49.7101 48.3276 41.2205 42.7747 43.5073 42.6641 46.184 45.0042 44.9294 43.761 41.8186 39.8434 38.6998 38.0158 37.9973 57.2502 41.1181 47.5721 37.5553 37.2898 37.2771 47.183 45.039 43.9953 58.2524 35.358 37.5055 47.8361 35.2548 33.8469 37.7902 48.0677 40.2758 35.163 38.416 32.9901 34.1585 55.872 36.4386 32.5803 52.7445 40.8157 45.4815 39.043 36.028 34.0917 32.448 32.3473 31.9103 32.3451 31.6861 39.9423 35.7354 35.4259 35.102 34.8554 31.1482 30.9116 30.4396
threshold=0.35866429605026567 -0.66961738873589738 0.41237474211612146 0.40529515740712524 91.52500000000002 0.6298280944752187 -0.25915931351552007 0.30089194095824462 0.52384024577572974 0.68208556149732635 0.35013682564503529 0.50000000000000011 825.50000000000011 1.0000000180025095e-35 -1.6235731902258184 351.50000000000006 0.086586486385715089 0.38750000000000007 61.500000000000007 -0.00031602441300918369 1.02337725423523 0.56683848797250869 0.51554175293305737 4.7356767986004824 10.549647887323946 -0.10006059374609853 0.73091251321142636 4.8125000000000009 0.62370365111176895 0.76419721210845326 -0.17741027978911719 0.61147189570045513 0.75000000000000011 0.041260758535893317 730.50000000000011 1.2552245364504426 0.075336383467500642 1816.5000000000002 0.77066256830601099 0.21626413647690249 2.0409614970084307 0.49129902922083329 14.700000000000001 14.500000000000002 0.49106858054226482 0.42034855977789348 -0.14938632043326994 0.29177150730889051 -3.1968779908420637 0.31643677124654412 -16.554660394001761 0.090230664857530549 0.50000000000000011 0.17142857142857146 0.064548187970785764 0.46048549929892274 3.5000000000000004 0.016048913310111372 1717.5000000000002 4.9469620253164566 0.37045572941974125 0.41666666666666669
decision_type=2 2 2 2 2 2 2 2 2 2 2 2 2 2 2 2 2 2 2 2 2 2 2 2 2 2 2 2 2 2 2 2 2 2 2 2 2 2 2 2 2 2 10 10 2 2 2 2 2 2 2 2 2 2 2 2 2 2 2 2 2 2
left_child=15 23 4 5 61 8 13 14 9 10 -4 31 22 -7 32 -1 21 19 -19 20 -14 -9 51 24 26 28 -2 -28 29 30 -26 -11 33 35 36 53 37 -35 39 -31 41 -41 43 46 45 -44 48 -46 -38 -20 -16 52 -10 56 58 60 -8 -58 -55 -13 -56 -3
right_child=1 2 3 -5 -6 6 7 16 12 11 -12 59 17 -15 50 -17 -18 18 49 -21 -22 -23 -24 -25 25 -27 27 -29 -30 38 -32 -33 -34 34 -36 -37 42 -39 -40 40 -42 -43 44 -45 47 -47 -48 -49 -50 -51 -52 -53 -54 54 55 -57 57 -59 -60 -61 -62 -63
leaf_value=-0.0074954058813071671 0.0012976729458625696 0.004352659956014652 0.0038415598442267614 0.0029741210655214556 -0.012281344299273491 -0.0042972188552792478 0.037258357996648193 -0.019597104642577991 0.039128007561117256 0.036323908240508414 -0.0067498080961017467 0.018846391040613877 -0.017530269746683636 0.0003149635307358308 0.014050581621183167 -0.02509786693041682 0.0048073234012086545 0.025109908864160441 0.013774685507480587 -0.029272909679763922 0.037220963730169303 -0.0047393069329425353 -0.0098458409317987751 -0.0007236403816578929 0.013748947874770124 -0.0085052067808626484 -0.020262726125529058 0.034674141788981178 -0.0046452037988433418 0.0095418993379672822 -0.010869174230431346 -0.013644837689650136 -0.011762912092751222 -0.0021275864576177717 -0.016851281111865103 -0.029640298248755199 -0.038761641612971021 -0.039188442738141281 -0.012775900749033443 0.029511511686760972 0.0096143868811603712 0.081203095600891312 -0.020441346709054956 0.044792847935814332 -0.023467913629170174 0.0099850110194053664 0.010719130499229524 -0.0027192887925398196 -0.00031075947354430948 -0.028414454256379357 0.0012051002647370601 -0.0014292522283390783 -0.004807691546946137 -0.011384570199329501 -0.004237012453102317 -0.013610509883995946 0.027141272474726703 -0.021232216770029302 -0.048195348962007799 0.061234464547130878 0.047486125050411498 -0.014638172857044267
leaf_weight=700.67058166861534 22569.009006589651 1001.7466458976269 1716.5492750406265 9722.6803465038538 1875.7793580889702 11810.630323752761 83.480958327651024 499.87949545681477 104.63821360468864 46.39992867410183 2412.7037574648857 139.94991891086102 151.37253198027611 8417.3549463897943 496.09365810453892 563.26661936938763 863.92959974706173 121.98716080188751 62.142172574996948 571.97136507928371 53.765423595905304 2850.9263052046299 1540.0393254309893 11342.253104895353 320.05759324133396 484.61507864296436 63.17695027589798 204.27021680772305 567.44763259589672 4681.9499100893736 514.58873942494392 147.54230895638466 892.12672099471092 217.93145547807217 365.75942525267601 197.07736621797085 63.517788007855415 102.9566975235939 154.41392831504345 86.892268806695938 219.09585501253605 56.106410145759583 141.47520001232624 90.88223323225975 271.91941164433956 931.5189501196146 1381.4801359772682 907.34972855448723 623.69530564546585 170.94796286523342 40506.492825731635 1133.8304488658905 69.856018915772438 653.81179989874363 47.21955269575119 94.274454176425934 60.30013182759285 99.192786425352097 71.322287276387215 62.782102257013321 74.400106206536293 267.30952216684818
leaf_count=3157 93815 4266 7461 40808 8548 50536 358 2155 450 199 10436 612 653 35722 2101 3653 3655 529 275 2517 230 12155 6626 47434 1317 2030 261 844 2365 19393 2131 638 3826 934 1574 858 283 443 639 360 906 233 607 390 1180 4006 5887 3918 2683 746 171631 4915 301 2807 200 402 257 425 310 272 315 1138
internal_value=-5.83106e-05 8.42823e-05 -0.000631102 -0.000404788 -0.00718313 -0.000808756 -0.000424007 0.000327574 -0.00410227 -0.000781463 -0.00234693 0.0155145 -0.00787807 -0.00237798 0.000752077 -0.0153398 -0.00454463 -0.0161934 -0.00264257 -0.0223851 -0.0031803 -0.00695582 -0.00457283 0.00171726 0.00264251 0.0062071 0.00153658 0.0216968 0.00728729 0.0084096 -0.00142899 -0.00169001 -0.00263218 -0.00137503 0.000612324 -0.00871168 0.00196196 -0.0140185 0.00998926 0.0106862 0.0254818 0.049793 0.00312428 0.00751225 -0.00108311 0.00597327 0.00587443 -0.00750357 -0.0038647 -0.0171668 0.00136052 0.00163408 0.021539 -0.0052281 -0.0093844 0.00949437 0.0108691 -0.00294346 -0.0150052 0.0319731 0.0274043 0.000352498
internal_weight=136719 135455 94191 91046.2 3144.84 81323.5 72817 52589 8506.48 4525.93 4129.25 396.674 3980.55 20228 48374.3 1263.94 4214.74 1132.19 355.077 777.109 205.138 3350.81 2848.36 41263.9 29921.6 7085.17 22836.5 267.447 6600.55 6033.1 834.646 193.942 7371.69 6479.57 5098.49 1381.08 4732.73 320.888 5198.46 5044.04 362.095 142.999 4411.84 2159.58 2252.26 1072.99 2068.69 1179.27 687.213 233.09 41002.6 1308.32 174.494 1184 941.028 215.894 242.974 159.493 725.134 202.732 121.62 1269.06
internal_count=579776 572966 401238 387286 13952 346478 309618 223360 36860 19618 17897 1721 17242 86258 205395 6810 17965 4950 1550 3400 883 14310 12292 171728 124294 29374 94920 1105 27344 24979 3448 837 31663 27837 21905 5932 20331 1377 21531 20892 1499 593 18954 9243 9711 4613 8853 5098 2966 1021 173732 5666 751 5074 4034 917 1040 682 3117 884 515 5404
is_linear=0
shrinkage=0.05


Tree=32
num_leaves=63
num_cat=0
split_feature=143 135 71 118 105 95 49 148 148 153 123 119 127 79 6 156 49 118 75 148 48 107 47 103 92 49 33 1 33 71 23 68 20 22 72 101 44 47 47 77 71 48 45 173 20 81 10 106 16 92 17 32 86 48 118 6 81 147 95 92 14 47
split_gain=122.894 60.4123 68.0841 63.0906 49.0433 47.5143 46.9724 45.4024 36.9488 35.9358 48.7309 42.819 32.8443 40.276 38.11 32.1113 43.9353 35.1861 42.1572 41.3393 34.9079 34.6367 31.8909 32.291 35.1634 34.391 38.2091 46.8836 42.306 43.0963 35.6495 34.7315 31.7807 31.7532 34.0227 37.0862 33.155 32.4922 36.6176 31.6747 31.4542 31.3187 33.3925 31.2462 31.0679 38.5502 35.5503 46.089 39.2335 38.7385 42.531 40.2002 36.2917 39.4981 36.348 33.041 32.4515 42.9312 31.3063 29.8833 30.4433 32.1964
threshold=0.48486887563585851 0.68803962987233369 1.7536656131411681 948.50000000000011 1017.0750000000002 12.300000000000002 1.4077149623512268 2.863626731083063 2.2768068441796969 -0.039525704301692353 1.9947708039974301 345.00000000000006 -0.17867046347211671 2.7834421629559705 0.25049019607843143 1.0912843920160562 -1.1209133429533933 988.50000000000011 2.4767656320287901 1.9977426636393398 1.1697573099415206 1.3537714097496709 0.2576010959939532 0.88587874589509419 0.64696175499902953 0.58748342829384814 2047.5000000000002 14.901785714285717 1618.5000000000002 0.80804694454046055 0.64934100075259071 0.2678571428571429 0.5131670131670133 1692.5000000000002 0.54941399946237079 1.949311995172925 4564.5000000000009 0.68944833697740682 0.80287838734291117 1.6152092967503615 0.93864389448317775 0.71907852847541576 0.98820473069552606 53.500000000000007 0.52027397260273978 0.56498283749625366 1.3714435409284511 1.0728634714288794 0.89287863159704328 2.8527473827408771 0.15975658454433395 0.001215750387557585 1.8804279573008744 0.86670502493287316 622.50000000000011 0.87899125483018115 0.75898750712191332 1.0190630318366167 11.100000000000001 0.92708967245391105 0.38892020543655276 0.48387225666217099
decision_type=2 2 2 2 2 10 2 2 2 2 2 2 2 2 2 2 2 2 2 2 2 2 2 2 8 2 2 2 2 2 2 2 2 2 2 2 2 2 2 2 2 2 2 2 2 2 2 2 2 10 2 2 2 2 2 2 2 2 10 10 2 2
left_child=4 2 5 44 -1 7 -5 12 -8 10 11 -3 14 22 -2 -7 -17 21 19 -19 39 -18 -14 24 40 30 28 -28 29 -27 -26 -30 -31 -25 35 36 37 -35 -39 -21 -24 -32 -43 -38 46 55 49 48 -48 51 -51 52 53 -4 -54 -46 57 -49 -52 -9 -61 -62
right_child=1 9 3 6 -6 15 8 59 -10 -11 -12 -13 13 -15 -16 16 17 18 -20 20 -22 -23 23 33 25 26 27 -29 31 32 41 -33 -34 34 -36 -37 43 38 -40 -41 -42 42 -44 -45 45 -47 47 56 -50 50 58 -53 54 -55 -56 -57 -58 -59 -60 60 61 -63
leaf_value=-0.0091836840211696087 0.0050050584947234833 -0.00038789005376612128 0.025868054968736134 -0.025427638127168768 -0.030543034015880856 -0.00077352598110489541 -0.01807548065231988 0.0033030726967785331 0.034200130964258835 0.0018182221696154026 0.0024430011863892371 -0.0053440948238271746 -0.017604294492014946 -0.031235165438442347 -0.004311847091059519 -0.015663802819827106 0.0016267154115189907 -0.015316335379935151 0.020742190739123971 -0.0027621649670463719 -0.024550637229166668 -0.015930412855609061 -0.028138330076443591 0.002612842369594161 0.01029209519582391 -0.022002781065421251 -0.028814689804786905 0.020563061977946759 0.060728097491001422 0.018638531442768391 -0.038880032554701467 0.006872336597423429 -0.013992968980682377 -0.019427753426158521 -0.028600700457786361 0.031311469773841395 -0.0074888715792624074 0.02118143768270335 -0.02903850194964417 -0.033556306219742663 -0.0035799969070867015 -0.0042328518061763264 -0.025417860611221393 0.018121817202816647 -0.043353131618660598 0.016477971597976798 0.027056092571654783 -0.021443169041310529 3.5767284559395319e-05 -0.028949640915567926 0.032870878606581437 -0.040267998509983048 -0.0051749203205490452 -0.016791619722096498 -0.026841472563758545 0.0064409099733185099 -0.030344249960972732 0.030500670559640997 0.00012582654141012308 0.0015804217395251803 0.042313461693497728 0.014289070250806417
leaf_weight=960.89558708667755 5584.505949139595 19402.533695161343 114.82880882918835 675.57259055972099 373.09597234427929 17303.612889334559 70.955549001693726 789.43896040320396 64.554769322276115 47783.826776146889 11399.441352143884 5620.2480997294188 278.41620343923569 110.42475400865078 1366.0633748918772 786.44674475491047 3610.2132120132446 1096.7785703092813 144.13149581849575 3965.0883107185364 205.17090947926044 304.61343406140804 278.55015170574188 6655.4925066679716 254.80982434749603 115.52408294379711 149.24232284724712 70.915355667471886 69.976084277033806 372.97084529697895 88.360837563872337 52.318724155426025 93.276083186268806 474.0640813857317 146.01783475279808 73.748239502310753 250.24889548122883 119.70098769664764 52.094390660524368 85.302120178937912 245.11618228256702 1024.3514949977398 227.27833150327206 227.24109219014645 58.658418387174606 337.46257901191711 211.83948349952698 88.844431430101395 367.23298174142838 100.62935209274292 92.84074904024601 148.02493052184582 344.25411562621593 102.86909283697605 442.23831957578659 77.108280137181282 153.12681405246258 72.02639539539814 341.43293036520481 195.15026377141476 169.89162984490395 258.32556258141994
leaf_count=4503 23643 81905 504 3391 2487 74634 337 3353 291 199573 47124 23814 1206 481 5834 3364 15409 4749 623 16920 898 1295 1214 28418 1116 510 658 309 301 1622 407 226 408 2060 642 313 1079 511 225 373 1062 4433 991 1006 261 1477 923 388 1587 450 411 668 1510 447 1953 338 668 310 1513 821 727 1102
internal_value=-5.57132e-05 9.31116e-05 -0.00126204 -0.00764307 -0.0151576 -0.000740641 -0.0200386 0.00112742 0.00682772 0.000916434 -0.00026666 -0.00150108 0.000463511 -0.00118466 0.00317392 -0.00208514 -0.00431069 -0.00336198 -0.00594213 -0.0066607 -0.0044299 0.000260592 -0.000891518 -0.000470091 -0.00485418 -0.00240343 0.00527091 -0.0129095 0.0109558 0.00533641 -0.00685089 0.0376882 0.0121104 0.00119763 -0.00581514 -0.00303584 -0.00529075 -0.0126766 0.00595299 -0.0034107 -0.0166431 -0.0101108 -0.00807975 0.00469945 -0.00435042 0.00742625 -0.00651037 0.00155633 0.00992049 -0.0107804 0.000339379 -0.0159427 -0.012357 0.00571002 -0.0173578 -0.0150728 -0.0138688 0.00181355 0.00712619 0.00976491 0.0179482 0.0254075
internal_weight=136699 135365 51159.4 3864.5 1333.99 47294.9 811.083 19793.5 135.51 84206 36422.2 25022.8 18380.7 11430.1 6950.57 27501.4 10197.7 9411.3 5496.47 5352.34 4255.56 3914.83 11319.7 11041.3 3042.69 2519.02 924.223 220.158 704.066 581.771 1594.8 122.295 466.247 7998.61 1343.12 1197.1 1123.35 645.859 171.795 4050.39 523.666 1339.99 1251.63 477.49 3053.42 473.229 2580.19 893.07 579.072 1687.12 534.903 1152.22 1004.19 217.698 786.492 135.767 313.998 160.871 434.274 1412.81 623.367 428.217
internal_count=579776 572786 220370 17427 6990 202943 4019 84678 628 352416 152843 105719 78675 49198 29477 118265 43631 40267 23563 22940 18191 16704 48717 47511 13257 10981 4034 967 3067 2540 6947 527 2030 34254 5836 5194 4881 2796 736 17293 2276 5831 5424 2085 13408 2076 11332 3876 2510 7456 2374 5082 4414 951 3463 599 1366 698 1924 6003 2650 1829
is_linear=0
shrinkage=0.05


Tree=33
num_leaves=63
num_cat=0
split_feature=143 143 105 116 58 50 108 143 1 126 25 92 48 7 114 49 2 105 176 115 83 58 23 7 106 62 61 113 107 49 31 61 102 126 48 76 26 26 19 3 103 107 12 92 153 16 32 23 105 100 59 105 8 108 164 172 97 11 46 113 16 30
split_gain=111.799 56.1238 45.9017 44.9558 45.3514 49.1183 41.2551 35.0068 34.0694 32.8045 32.4738 31.8956 33.3654 40.6357 34.1901 35.4018 43.5501 31.4894 30.8818 30.0453 31.7642 29.5768 38.1097 33.669 44.7852 31.7013 31.3973 29.3861 29.0141 28.571 40.8305 30.9995 30.2652 29.0533 30.5549 28.8592 33.3793 35.0223 28.5427 28.2673 29.7591 42.9709 29.3524 27.9721 27.659 27.6257 38.4316 32.5338 39.0172 34.7611 31.5821 32.7269 27.3202 27.1943 26.7385 26.3135 30.2457 29.4569 29.997 29.2391 28.8652 36.0469
threshold=0.48486887563585851 0.82925511597756485 1017.0750000000002 5.7536062681610636 0.4877873311107212 0.0084926072845293923 0.60759557020909993 1.6487662525981139 2.0267857142857149 1.0328982969918832 0.060388241131232943 0.17674912834135817 1.1530573301252802 0.14788265700589812 324.50000000000006 0.62515508684863541 13.062500000000002 1401.4250000000004 -4.7401922332217916 11.278464860620341 0.69540728169369181 1.0650960602779844 0.9522750195361448 0.013029454205924796 1.0000935803855515 0.3547527790948844 0.92053820024501631 50.500000000000007 1.0582952031064801 -0.33141256060019536 2.4405224692893799 1.146431649040345 -1.1879387685885574 -0.67060971514914081 0.83462569997052771 0.86765052700324741 1.0380104800600474 0.90596831634532737 0.97633053221288524 0.90101797790398519 0.96372311426772128 0.85849210935899445 0.53176579702179561 0.88789704091372912 0.3394190276508432 0.51155571577345194 0.00031893829062786043 0.95619295660418324 1003.6 1.1463998548620018 0.50449234245286889 962.27500000000009 0.27608892921960076 0.65768857504396694 1.5000000000000002 54.500000000000007 -0.7746716724718713 0.67315991653229645 0.44444718258760013 30.500000000000004 1.4969825862507726 1.7656722003903014
decision_type=2 2 2 2 2 2 2 2 2 2 2 8 2 2 2 2 2 2 2 2 2 2 2 2 2 2 2 2 2 2 2 2 2 2 2 2 2 2 2 2 2 2 2 8 2 2 2 2 2 2 2 2 2 2 2 2 2 2 2 2 2 2
left_child=2 3 -1 18 5 -5 10 11 -7 53 28 12 14 -14 21 16 -16 -8 27 55 -21 23 -23 -3 25 26 -25 -2 39 32 31 -31 -12 34 -34 45 37 38 -37 -6 41 -41 -43 -11 54 46 -35 49 -49 50 51 -47 -29 -10 -13 59 -57 58 -58 -20 61 -61
right_child=1 7 -4 4 6 8 17 -9 9 43 29 44 13 -15 15 -17 -18 -19 19 20 -22 22 -24 24 -26 -27 -28 52 -30 30 -32 -33 33 35 -36 36 -38 -39 -40 40 -42 42 -44 -45 -46 47 -48 48 -50 -51 -52 -53 -54 -55 -56 56 57 -59 -60 60 -62 -63
leaf_value=-0.0087537178618363673 -0.0027819880347074856 0.0071691348684012187 -0.029563361470787159 0.033020229526175705 -0.017230273098465875 0.0079338101619672152 -0.0053852930260697056 0.0036801328674976614 -0.018020875735771429 0.029267994716164203 0.016127193029501902 0.0004697259677871925 -0.0050108031936598298 0.051762723400865289 -0.0089433491018802228 0.033838573737709238 0.041429485755210139 -0.036544388580738933 -0.0028276043762428885 -0.0052306919361000941 -0.022523467407851785 -0.0070084399201614817 -0.052118474349143545 -0.015717322923822805 -0.027528420632048523 -0.033382140851606019 0.01560491326670984 0.011770747967640846 -0.017965555576308644 0.0025332199869479446 0.025102514216376923 -0.025559466990539577 0.006767737823379698 0.046636100795096842 -0.020115602790926741 -0.0055052416421780539 -0.027717949096276801 0.032291284018939402 0.018412608726230285 -0.017922598959157248 -0.0082081671886676585 0.0021923753903664535 0.044603204266764736 -0.0065228513263349708 0.0024664818731562851 -0.0030875892535487705 -0.0073185075908241918 0.0029909091784714641 0.027745996870484936 -0.032249197820332094 0.01131346173779999 -0.037078224863122282 -0.014770384349432803 0.021884575247585299 -0.0025669560946769911 -0.024876591230198183 0.021288233555887756 0.021843845063606402 -0.022504076227968541 -0.01322755954021544 -0.03211805645235221 0.0019544412381335982
leaf_weight=957.77018371224403 4751.8587160855532 237.7426415681839 366.36072330921888 69.783259660005569 187.23716334998608 233.44714412093163 1798.1459131091833 8952.3623239248991 1105.0456915050745 72.07121504843235 229.39442916214466 65433.973958820105 77.256370186805725 53.236327454447746 355.17075034976006 78.493273511528969 48.803775012493134 84.91294127702713 3005.201673746109 518.42168946564198 544.42135602235794 88.497548162937164 99.416070699691772 131.70036290585995 349.54996776580811 71.388821363449097 203.83461162447929 647.60943385958672 411.37125791609287 13154.104449242353 199.68707598745823 98.937926173210144 142.0251403003931 82.440579503774643 413.19122582674026 2278.8065032213926 147.06453502178192 67.610266670584679 131.95866586267948 62.879673168063164 203.53575402498245 62.098573073744774 118.9338850826025 225.07994936406612 15352.469805926085 335.28729647397995 55.038527086377144 840.74424703419209 196.34470637142658 106.91206313669682 282.0301086306572 89.776623904705048 114.03042016923428 44.408329159021378 8152.1136539429426 67.443429291248322 64.349666938185692 254.73714712262154 99.67403581738472 1382.2644448429346 144.2994581758976 545.18082998692989
leaf_count=4503 20796 993 2487 312 819 1007 7749 36708 5131 322 983 275044 328 223 1496 330 205 481 13190 2266 2418 370 418 550 1472 300 853 2820 1789 56609 862 439 612 362 1788 9762 631 289 561 271 879 269 511 1005 63907 1430 247 3588 855 457 1226 400 499 194 34514 292 281 1110 437 6102 633 2391
internal_value=-5.32728e-05 8.81645e-05 -0.0145113 -0.00161388 -0.000338915 -0.00808329 0.000283265 0.000697194 -0.00979058 -0.0126509 0.000952701 0.000402878 -0.00619574 0.0181508 -0.00810434 0.00311233 -0.00285786 -0.00679035 -0.00408519 -0.00638562 -0.0140886 -0.0126822 -0.030874 -0.00924388 -0.0144021 -0.00312655 0.00331067 -0.00132058 -0.00762225 0.00142852 0.00266162 0.0023235 -0.00164421 -0.00243285 -0.0132388 -0.00113255 -0.00457401 -0.00320067 -0.00419604 -0.000918242 0.00590762 0.0176867 0.0300552 0.00215788 0.000536061 0.00341109 0.0250359 0.00180503 0.00767761 -0.00567696 -0.00165926 -0.0102667 0.00779709 -0.0164792 0.000133312 -0.00491396 0.006198 0.0112027 -0.00532351 -0.00597812 -0.0105482 -0.00893331
internal_weight=136680 135356 1324.13 35669.8 23530.3 1749.84 21780.5 99686 1680.05 1446.61 19897.4 90733.6 1795.09 130.493 1664.6 482.468 403.975 1883.06 12139.5 6625.99 1062.84 1182.13 187.914 994.216 756.474 406.924 335.535 5513.5 1046.06 18851.4 13452.7 13253 5398.62 5169.23 555.216 4614.01 2625.44 2478.38 2410.77 634.685 447.448 243.912 181.032 297.151 88938.6 1988.57 137.479 1851.1 1037.09 814.006 707.094 425.064 761.64 1149.45 73586.1 5563.15 486.204 418.761 164.024 5076.95 2071.74 1927.45
internal_count=579776 572786 6990 155075 101840 7971 93869 417711 7659 6652 85639 381003 7538 551 6987 2031 1701 8230 53235 29120 4684 4956 788 4168 3175 1703 1403 24115 4538 81101 57910 57048 23191 22208 2400 19808 11243 10612 10323 2749 1930 1051 780 1327 373465 8565 609 7956 4443 3513 3056 1830 3319 5325 309558 24436 2120 1828 718 22316 9126 8493
is_linear=0
shrinkage=0.05


Tree=34
num_leaves=63
num_cat=0
split_feature=118 70 123 158 120 119 169 16 49 95 146 95 22 35 77 44 21 21 50 172 2 124 83 34 109 57 175 23 18 172 172 34 146 6 113 83 17 148 63 103 16 103 148 12 72 133 75 106 1 77 134 8 17 14 50 102 36 71 103 76 50 124
split_gain=109.69 73.7816 51.1388 49.6288 64.1985 52.9887 48.0713 40.7656 40.7193 38.5015 38.204 34.9006 40.2461 38.2009 36.8047 38.9677 35.3313 42.6255 38.9234 34.6481 34.1195 43.8199 40.4942 39.1254 36.2402 34.0009 33.7985 52.4064 33.7015 33.3493 60.5909 38.3025 33.603 33.1474 42.6671 33.0205 32.8314 32.6611 32.5355 32.1961 55.0799 31.8093 32.2939 30.877 30.8342 30.612 30.474 30.1527 42.8512 29.9572 40.1594 30.2936 32.836 29.5069 29.2732 29.252 30.2276 34.1344 29.234 28.8997 32.1775 31.9113
threshold=1317.5000000000002 1835.5000000000002 3.5079733271061992 -0.14225577306571321 1.0000000180025095e-35 405.00000000000006 1.1119324729514959 0.588053567750776 -0.74328635420080835 5.5500000000000007 29.500000000000004 12.700000000000001 2353.5000000000005 0.96565045291923579 0.41237474211612146 185.50000000000003 0.38496824276640801 0.46697819314641748 0.1556079664570231 57.500000000000007 3.5089285714285716 1.4740158226348952 1.4501635402125517 0.062169803619007404 1.0000000180025095e-35 2830.5000000000005 56.689898008742112 0.68329977487032811 0.36183265892181188 24.500000000000004 15.500000000000002 0.16300104041813085 38.500000000000007 0.069136223967224325 4.5000000000000009 -1.3174640026480808 0.028426425237883215 1.9094018869640006 0.15169739748391436 1.3020744152786266 1.4424959049959052 1.260642682708816 2.6642960396146771 0.50018615040953096 0.49285717447585947 17.500000000000004 1.6450539442342724 0.99187963377828881 5.2589285714285721 0.50146839459548032 -0.9377542531816071 0.55753467843631788 0.77745558317223618 0.096225071225071249 0.18372862658576947 -0.61777997123701744 0.9593702282200488 0.84516496203330027 0.78812132362280451 0.71114916286149177 0.17825619771279458 5.0808103855232103
decision_type=2 2 2 2 2 2 2 2 2 10 2 8 2 2 2 2 2 2 2 2 2 2 2 2 2 2 2 2 2 2 2 2 2 2 2 2 2 2 2 2 2 2 2 2 2 2 2 2 2 2 2 2 2 2 2 2 2 2 2 2 2 2
left_child=3 19 36 4 6 11 -1 10 9 -9 25 14 13 49 15 -5 33 -18 -19 44 23 22 35 -15 41 -7 -16 -28 -24 30 31 47 45 -14 -35 -22 -3 -38 39 40 -37 42 46 -20 -2 53 -23 -10 -49 50 -13 -51 -53 -32 -52 56 57 -40 -50 60 -36 -61
right_child=1 2 -4 5 -6 7 -8 8 29 -11 -12 12 16 20 26 -17 17 18 43 -21 21 24 28 -25 -26 -27 27 -29 -30 -31 32 -33 -34 34 59 38 37 -39 55 -41 -42 -43 -44 -45 -46 -47 -48 48 58 51 54 52 -54 -55 -56 -57 -58 -59 -60 61 -62 -63
leaf_value=-0.0040292917139311771 0.0071640790328909333 0.01722244079361003 0.019368382889486335 -0.00024934033015072124 0.00091735229881454859 -0.0058331049958244546 0.0062763579172480629 0.024485251302156553 0.0036791187452959967 -0.0055075296034999147 0.014850063833893801 0.0058478755773357684 -0.0048135414567478307 -0.0012943146430376587 0.003104837420341905 -0.021571044371003684 -0.023351430261952768 0.022089148681567812 -0.044774436456659704 -0.028412951394278536 -0.010705437726544394 -0.011282711946143354 0.0022844221059663385 0.01248413487034626 -0.0040046126812683909 -0.021090101402158983 0.035352215910789922 -0.019504895657321122 0.045859391752080321 0.0020581187052975563 -0.035261234958739784 0.021372610569716267 0.017658227631249173 -0.016836290516549279 0.064249380133522271 0.0026368125434716987 -0.034160979137930723 -0.016606140321897698 -0.018961737428260055 -0.013353584410143005 0.043655978257955703 -0.041213232766925456 0.0015928211469275315 0.0083181104160598741 -0.0091652757335084489 -0.015619510746307208 -0.031834869039577857 0.0035611221642202814 0.021735800332888074 0.0016821607236304518 -0.011853687228454389 0.026229782142506299 -0.018829451900086138 -0.0036916483719146367 0.00076086385064334653 -0.017869475928706198 -0.021659752943950172 0.027827186739395594 -0.010445254443640336 0.011459581411226778 0.009765171558559483 0.039109571678402101
leaf_weight=18155.722266301513 777.38579338788986 57.605651758611202 88.856654465198517 701.42690865695477 15675.969620525837 1258.4791906028986 1206.7640960663557 109.55464190244675 2990.0499698966742 4588.5976438224316 165.6282789260149 803.89052078127861 271.92607799172401 1541.8161326646805 31849.967453271151 308.55420933663845 185.03256347775459 175.42266456782818 50.180392801761627 108.20377050340176 770.64143496751785 798.66596832871437 92.793209344148636 773.81024906039238 3376.117180660367 514.44184823334217 50.367141857743263 321.05075170099735 85.035592198371887 12083.28708447516 77.135956525802612 221.58327786624432 125.72378712892532 100.31349644064903 64.568733975291252 3480.7137340307236 362.28941936045885 986.23468834161758 54.882179781794548 303.8676884919405 83.809327557682991 96.038222134113312 353.19565132260323 60.282113969326019 460.24451532959938 1043.8393905907869 232.98080217838287 1205.2967031896114 74.023976057767868 19982.055391669273 1295.6735924631357 229.39337426424026 49.082924082875252 1830.004285082221 712.97725872695446 416.10312646627426 84.717253267765045 134.5336949378252 1512.9961488544941 925.71183556318283 46.697263404726982 117.60795043408871
leaf_count=77642 3440 346 430 2951 66431 5350 5073 459 12562 19307 710 3351 1133 6470 133494 1336 779 732 212 513 3218 3378 397 3229 14201 2241 211 1346 363 50862 322 919 531 424 275 14732 2499 5787 230 1270 351 403 1484 250 2057 4414 992 5042 319 84055 5536 978 208 7737 3057 1776 359 563 6459 3902 202 476
internal_value=-5.08999e-05 -0.00977323 -0.0174186 0.000155491 -0.00146126 0.000728956 -0.00338699 -0.00112145 -0.000597255 -0.00480814 -0.00811477 0.00145368 0.000413465 2.75554e-05 0.00263536 -0.00676323 0.00731993 -0.00465305 0.00744905 -0.00128055 -0.00217715 -0.00340313 -0.000349879 0.00331001 -0.00686505 -0.0102602 0.00292996 -0.0120658 0.0231214 0.000337513 -0.00195203 0.000971712 -0.0076575 0.0110127 0.0144422 -0.00113308 -0.0197433 -0.0213224 0.000485141 0.00226943 0.00360126 -0.0133863 -0.0114565 -0.0158005 0.00109159 -0.00873605 -0.0159241 0.000189939 -0.00354632 0.00123914 -0.00359638 0.0019104 0.0182879 -0.00496851 -0.00737611 -0.00951481 0.00316663 0.0142704 -0.00894422 0.0171597 0.0413829 0.0145764
internal_weight=136662 2840.82 1494.99 133821 35038.5 98782.5 19362.5 27800.6 25862.1 4698.15 1938.55 70981.9 37750.5 35752.8 33231.4 1009.98 1997.74 470.918 285.885 1345.83 12679.7 10364.1 5507.1 2315.63 4857 1772.92 32221.4 371.418 177.829 21163.9 9080.65 6003.95 3076.7 1526.83 1254.9 5329.27 1406.13 1348.52 4558.63 3868.39 3564.52 1480.88 1384.84 110.463 1237.63 2950.98 1031.65 5782.37 2792.32 23073.1 2812.54 20260.5 278.476 1907.14 2008.65 690.236 274.133 189.416 1587.02 1154.59 111.266 1043.32
internal_count=579776 15072 9062 564704 149146 415558 82715 117234 108933 19766 8301 298324 158986 150601 139338 4287 8385 1973 1194 6010 53416 43717 23259 9699 20458 7591 135051 1557 760 89167 38305 25301 13004 6412 5279 22499 8632 8286 19281 16353 15083 6257 5854 462 5497 12473 4370 24382 11820 97185 11944 85241 1186 8059 8593 2928 1152 793 6778 4855 477 4378
is_linear=0
shrinkage=0.05


Tree=35
num_leaves=63
num_cat=0
split_feature=118 70 173 135 118 70 16 107 57 102 110 99 173 59 33 18 104 26 2 92 104 84 73 80 104 148 143 18 11 70 57 1 83 63 147 15 108 5 71 173 14 61 83 23 97 7 55 46 69 99 99 4 7 13 85 92 117 117 115 48 46 128
split_gain=91.7472 85.9587 57.2655 48.3245 43.373 48.2392 60.9307 46.5841 40.4124 39.1521 64.5317 37.1301 43.3102 40.7317 37.9273 45.024 62.6897 42.1559 40.888 37.5772 62.6011 58.1284 51.5751 58.8164 50.8629 41.6745 40.3484 44.1434 45.2436 38.3037 43.657 44.8637 38.8576 36.9289 37.8204 36.5655 38.8913 36.544 36.3866 35.6152 35.4708 35.3907 37.5141 51.9432 41.6751 47.6164 34.8311 52.2775 35.9294 70.0332 49.6709 35.7286 41.8182 44.4432 43.8164 38.2375 35.7119 39.3573 54.3591 44.8748 42.3448 38.4113
threshold=1317.5000000000002 1835.5000000000002 -320.49999999999994 0.53329776004632501 727.50000000000011 1231.5000000000002 1.7779399837793999 0.87114069331211119 881.50000000000011 -1.6642995025168867 -0.057990382398285481 -0.50813201462307822 356.50000000000006 0.28333699633699638 393.50000000000006 0.48295234405269283 1.1698639574017846 -0.89516300307953689 4.1160714285714297 1.0726360986120795 -0.80878212112929704 0.18773496240601506 0.52777218716958663 -0.25143911072881853 -0.8639355684254969 4.2525604575420228 2.8409279620190735 0.51887464387464399 2.5287759525439202 16920.500000000004 3745.5000000000005 11.116071428571431 -1.6322167695518939 0.1186605552990833 -0.13000622913952978 0.87500000000000011 0.60759557020909993 0.23384370650228678 1.7536656131411681 -4.4999999999999991 0.85370673864841418 1.0427272236614855 0.6014032756768285 1.5946187258687261 0.34897195860342095 0.076767990074441697 0.55000000000000016 0.6139675627848995 0.38750000000000007 0.78270979020970055 -0.45077145803590923 1.2251255380200863 0.24467120181405896 0.28580268741159837 2.5000000000000004 2.395230479439884 -2.5424656980249707 5.5878077759239613 3.3079463863125995 1.0480660622157099 0.65302322878913199 -5.3586792768663125
decision_type=2 2 2 2 2 2 2 2 2 2 2 2 2 2 2 2 2 2 2 10 2 2 2 2 2 2 2 2 2 2 2 2 2 2 2 2 2 2 2 2 2 2 2 2 2 2 2 2 2 2 2 2 2 2 2 10 2 2 2 2 2 2
left_child=2 -2 -1 38 5 -5 -7 8 -8 10 -3 12 35 -14 17 18 19 -13 -16 21 25 22 -17 24 -24 29 27 -22 46 30 -21 -32 -33 39 -35 36 -6 -23 -4 -25 -11 42 43 -15 -44 -46 48 -48 51 50 -50 52 56 54 -54 -55 61 60 -59 -60 -58 -29
right_child=1 9 3 4 11 6 7 -9 -10 40 -12 14 13 41 15 16 -18 -19 -20 20 26 37 23 33 -26 -27 -28 28 -30 -31 31 32 -34 34 -36 -37 -38 -39 -40 -41 -42 -43 44 -45 45 -47 47 -49 49 -51 -52 -53 53 55 -56 -57 57 58 59 -61 -62 -63
leaf_value=0.0030743839399111975 0.00034299815368314868 0.051599847543442746 -0.0019335297506342696 -7.2509677326805516e-05 0.0025526750935701498 -0.0055616497141768419 0.0096058451669740041 0.00094276502089549034 0.054789250761280051 -0.020663079160040936 -0.029252940328082969 0.027163423641974018 -0.02644849050298716 -0.0026788880029565672 0.0078575761662241419 -0.018275264475138924 0.018723797672003561 0.0031845076191279516 0.00082973525625283043 0.0082655732867639286 -0.012439834879066138 -0.038366835664140404 -0.012133484063113049 0.0084905850811515058 0.0084642539243180558 -0.028575184723584168 0.036731198290838422 -0.043731419353528318 -0.047585843273102515 -0.026413380886954763 0.046762756185424345 0.031942749149070498 -0.018792550128222299 0.027734590137946463 -0.019662030352208017 0.011807252698351261 -0.015985318334936199 -0.0014461068893617725 -0.010382932602990814 -0.023795184312933506 0.030535995360214702 -0.015887776913996295 0.052506973049734465 0.05436505810097704 0.049923813572043695 -0.01553302931709924 -0.0042802647111951329 -0.040885312623736854 -0.028398735790088999 0.041808497692038149 0.0072013739161582956 -0.0086471011323510632 0.04910140649522117 -0.0034357197933525992 -0.00072378177725599541 -0.026645317874537829 0.016020766335730307 0.011864941552481979 -0.003116333675977077 -0.03862874048815873 -0.029976771592356101 -0.001392347091108811
leaf_weight=16090.486791983247 1332.4519243091345 51.951687805354595 14346.048036798835 24907.16474430263 7098.4678208678961 7963.2800041139126 105.06124641001225 375.18089920282364 93.555667832493782 1339.5266764909029 47.010043151676655 187.64363610744476 50.358834519982338 182.13318000733852 2246.4663443565369 1091.0622663795948 373.4962255358696 7900.5481425225735 26291.545412108302 524.86361825466156 796.86950002610683 67.494354888796806 449.4664458334446 98.304305478930473 899.52740965783596 58.509681418538094 70.55039943754673 56.93169791996479 49.787277370691299 52.849433735013008 198.22774657607079 90.917979821562767 64.522288799285889 92.880146041512489 76.96761779487133 1044.6769542992115 294.66653816401958 9569.820874363184 1398.376213863492 651.66751961410046 34.705305561423302 60.049945935606956 170.35572797060013 51.104477211833 49.678671851754189 63.038659319281578 586.63107493519783 116.98932978510857 105.54330757260323 138.75038503110409 1367.3522916287184 1111.1231321841478 56.265305086970329 386.63562166690826 204.48776976764202 328.00528688728809 1119.7822680771351 551.48300997912884 434.47192618250847 111.86061644554138 52.374943166971207 907.04935698211193
leaf_count=67509 5947 278 62408 104542 30012 33730 437 1566 386 8283 267 784 213 763 9410 4555 1526 33073 110392 2170 3350 284 1863 410 3751 238 288 237 207 220 815 375 269 386 322 4367 1239 40220 6411 2731 194 255 711 212 207 267 2472 495 448 579 5744 4653 235 1624 857 1383 4705 2325 1826 474 223 3806
internal_value=8.89869e-05 -0.00885944 0.000276509 -0.00010568 0.00029211 -0.00118425 -0.00442777 0.0113084 0.0308888 -0.0171827 0.0131921 0.00101183 0.00399301 0.0166745 0.000557962 5.7617e-05 -0.00159305 0.00374081 0.00138296 -0.0019297 0.000452842 -0.00367902 -0.00934215 -0.00504625 0.00160137 0.0123567 -0.000924869 -0.00123807 -7.66156e-05 0.014928 0.017415 0.0309932 0.0108828 -0.0147955 0.0062565 0.00305109 0.00181381 -0.00170468 -0.00268398 -0.0195633 -0.0193701 0.0204423 0.0246677 0.00981996 0.0369015 0.0133162 0.000233159 -0.0103665 0.00130904 0.00784941 0.00465038 -0.000672129 0.00143299 -0.0076415 0.0100275 -0.0140884 0.00416995 0.00759395 0.000790952 -0.0103874 0.0139655 -0.00389285
internal_weight=136689 2805.65 133883 117793 102048 33444.2 8537.08 573.798 198.617 1473.19 98.9617 68604.3 9064.53 626.719 59539.7 51451.5 22913.5 8088.19 28538 22540 9542.84 12997.2 3359.88 2268.81 1348.99 989.891 8552.94 8482.39 7685.52 931.381 878.532 353.668 155.44 919.82 169.848 8437.81 7393.13 9637.32 15744.4 749.972 1374.23 576.361 516.311 233.238 283.073 112.717 7635.74 703.62 6932.12 1611.65 1472.9 5320.47 4209.35 975.394 260.753 714.641 3233.95 2269.97 1097.82 546.333 1172.16 963.981
internal_count=579929 14969 564960 497451 428632 140661 36119 2389 823 9022 545 287971 38246 2628 249725 215868 96066 33857 119802 94540 40018 54522 14018 9463 5614 4087 35931 35643 32293 3849 3629 1459 644 3849 708 35618 31251 40504 68819 3141 8477 2415 2160 975 1185 474 32086 2967 29119 6771 6192 22348 17695 4099 1092 3007 13596 9553 4625 2300 4928 4043
is_linear=0
shrinkage=0.05


Tree=36
num_leaves=63
num_cat=0
split_feature=143 135 34 114 101 126 5 52 36 4 30 31 76 4 114 173 70 58 10 172 173 173 108 101 80 34 7 50 17 23 34 117 83 104 70 31 25 46 21 57 21 9 25 104 83 18 74 94 67 48 80 17 50 85 115 2 175 50 99 115 54 83
split_gain=87.7202 63.4109 42.8686 41.1422 35.4409 38.2873 38.8937 36.1579 36.0691 37.4467 35.9634 44.3636 34.201 34.1395 33.1834 36.9813 43.9295 35.4284 32.008 33.1121 31.8127 42.5803 66.4593 49.7816 46.6772 57.811 57.6046 54.4741 52.4678 47.178 44.8564 43.9073 40.1714 55.9119 45.8001 40.0003 39.0483 37.9581 45.9935 34.891 34.6706 33.6052 44.0908 35.5557 41.7158 47.4856 46.702 40.7731 46.5972 46.1021 56.1639 51.8124 40.6291 72.8358 38.7644 45.8118 42.781 52.6964 47.5631 38.4323 51.0836 42.696
threshold=0.40031479573133572 0.53329776004632501 0.082127137139561227 -324.49999999999994 -1.0679619271907264 -0.299012050543982 0.5265987549518959 0.3000000000000001 -0.031945247132451324 0.96059692633023885 1.5034384157292753 0.96566460359563822 0.40286878941701282 1.5067692232499603 -214.49999999999997 792.50000000000011 461.50000000000006 0.84453826381549646 1.308947107571502 9.5000000000000018 388.50000000000006 372.50000000000006 -0.35761699558939514 -2.2300381868344239 1.8671347375459717 0.051945345295731631 0.4010869565217392 0.22696201941022773 0.92310590690394767 0.81308904657107062 0.11192039593575899 1.9331546023235033 -2.0351723569190168 -0.62433241658961047 1549.5000000000002 0.99382587964276492 1.3727893959685453 0.33797734069473206 0.53390804597701158 6725.5000000000009 0.87939393939393951 120.50000000000001 0.64004689331770226 1.1698639574017846 0.64821200510855692 0.65240274599542347 0.84158614169190604 7.5000000000000009 0.16666666666666669 0.69802810642670676 -1.0676673682655735 0.42145502930916684 0.0074719916626344593 2.5000000000000004 20.479606457159235 14.133928571428573 8.4738646321975377 0.27387734852606987 -0.28886549707595899 9.6565457050987611 0.62500000000000011 0.43424859480769024
decision_type=2 2 2 2 2 2 2 2 2 2 2 2 2 2 2 2 2 2 2 2 2 2 2 2 2 2 2 2 2 2 2 2 2 2 2 2 2 2 2 2 2 2 2 2 2 2 2 2 2 2 2 2 2 2 2 2 2 2 2 2 2 2
left_child=-1 2 4 -3 8 7 -7 -6 9 -2 -11 -12 -5 -13 17 16 -16 -14 -4 -20 21 40 -23 -24 26 31 29 28 37 35 -29 -26 -22 -34 -35 -25 -31 -27 39 -39 41 42 -18 44 45 47 -47 48 -43 51 -51 -49 53 -50 56 -56 57 -46 -58 61 -61 -55
right_child=1 3 18 12 5 6 -8 -9 -10 10 11 13 14 -15 15 -17 20 -19 19 -21 32 22 23 24 25 27 -28 30 -30 36 -32 -33 33 34 -36 -37 -38 38 -40 -41 -42 43 -44 -45 54 46 -48 49 52 50 -52 -53 -54 59 55 -57 58 -59 -60 60 -62 -63
leaf_value=-0.024223957106311325 -0.024643529758935481 0.0030316512805489866 -0.01869165580040372 -0.015950446823075958 -0.024994498650609171 -0.0071785232356912712 0.0027497104598456839 -0.0038221048108015147 -0.0027924704094478806 -0.037879020338460412 0.042083044428233782 9.7884309934544934e-05 0.00022902593753645553 -0.031271442215970564 0.0053483383572961816 -0.0031150632741744223 0.00077808009330715313 -0.0061607404985439219 -0.017216353716924461 -0.0015488442753001589 -0.018089245451195224 0.050875172462726381 0.042146873008458444 0.033681515076809797 -0.047020671317405033 0.060935999425553777 0.041003089076989539 -0.029615819291111668 -0.011383402860430046 -0.012473716556556999 0.030449478929896724 0.010116110757972004 0.0074970829645985577 -0.0008222020445828531 -0.0084449582100606883 -0.00053155096125139054 0.020981027837435339 0.041897054876811307 -0.016561744333075924 0.0017721947206721515 -0.020435642491214569 0.016112731126039295 0.0099036939714105751 0.013967423271572885 -0.0044570821612499771 0.0029245494311039935 -0.0043870308977641626 0.067807618292124561 -0.02240118044949603 -0.029543963437792722 0.0072252698577386677 0.0013683782117266151 0.00088813579784937963 0.0013518292269650305 0.0059300509210927681 -0.016241113272717798 0.0041729759387660673 -0.02047003002367177 -0.0028919160758930076 0.020437642989905157 0.069298554483169933 0.050739703145233711
leaf_weight=370.13193938881159 436.45739833265543 14786.093456059694 615.61877435445786 326.24710285663605 224.16047319769859 1139.9481757804751 7325.8324828073382 2008.2845110818744 3236.407458409667 77.994232535362244 52.577781364321709 448.55881921947002 4759.4960884600878 107.52462540566921 5012.2805900424719 6466.1633748412132 3194.115451157093 3986.1325616389513 450.14938901364803 1344.3687192201614 360.46259921789169 85.149888381361961 91.062367469072342 133.3554393351078 61.67018561065197 97.568189889192581 77.142874583601952 88.128251329064369 76.873952850699425 883.15978166460991 48.018697172403336 73.933437526226044 1638.2312503457069 9958.4508413523436 2456.6349105238914 237.72707788646221 96.780311152338982 249.06243041157722 54.446167290210724 69.240101456642151 192.77427797019482 537.80094219744205 2260.2610610574484 483.57633043825626 4630.0477979779243 3360.5360016226768 6238.1679779291153 65.014300778508186 136.06820419430733 107.08090607821941 3447.5893070697784 53.484768196940422 26486.545124456286 383.49872733652592 2531.4219991564751 256.60972690582275 3414.4540724009275 577.90959440171719 7881.0079002231359 310.7476254850626 64.616450294852257 49.397660061717033
leaf_count=2226 1985 61808 2788 1419 992 5056 32235 8888 14589 353 230 1990 19961 480 20943 27215 13398 16773 2457 5981 1520 352 377 554 260 405 320 372 321 3692 200 308 6861 42223 11066 990 401 1035 227 291 809 2240 9419 1973 19749 14065 26066 270 571 444 14410 222 110958 1604 10638 1084 14421 2479 33194 1295 268 208
internal_value=8.42372e-05 0.000150246 -0.00266264 0.000563715 -0.00167167 -0.000123187 0.00141284 -0.00594803 -0.00547163 -0.013192 -0.00591309 -0.00181696 0.000213008 -0.00596771 0.000263847 0.000535225 0.000801893 -0.00268334 -0.00885389 -0.00547899 0.000528982 0.000974762 0.00748528 0.00590513 0.00443646 0.0139529 -0.00102046 0.0198708 0.0269125 -0.00341999 -0.00843093 -0.0158687 -0.00160767 -0.00118492 -0.00233055 0.0117636 -0.00916968 0.0331721 0.0259048 0.0331687 0.000738092 0.0007995 0.00455968 0.000463365 0.000355485 0.00125322 -0.00182722 0.00218769 0.00153724 0.00714038 0.00611763 0.0378201 0.00125148 0.0114426 -0.00156366 0.00388942 -0.00248489 -0.00623399 -0.000756302 0.01714 0.0288487 0.00698746
internal_weight=136674 136304 17467.9 118836 15057.7 10698.2 8465.78 2232.44 4359.52 1123.11 686.655 608.661 104050 556.083 103724 94978.3 88512.1 8745.63 2410.14 1794.52 83499.8 69086 2423.32 2338.17 2247.11 818.941 1428.17 683.338 547.191 1351.02 136.147 135.604 14413.8 14053.3 12415.1 371.083 979.94 470.317 372.749 318.303 66662.7 66470 5454.38 61015.6 60532 41240.5 9598.7 31641.8 27968.7 3673.17 3554.67 118.499 27430.9 944.329 19291.5 2788.03 16503.4 5207.96 11295.5 808.26 375.364 432.896
internal_count=579929 577703 78024 499679 66798 47171 37291 9880 19627 5038 3053 2700 437871 2470 436452 399718 372503 36734 11226 8438 351560 289890 10105 9753 9376 3419 5957 2851 2279 5637 572 568 61670 60150 53289 1544 4093 1958 1553 1326 279785 278976 22817 256159 254186 172621 40131 132490 117144 15346 14854 492 114904 3946 81565 11722 69843 22228 47615 3375 1563 1812
is_linear=0
shrinkage=0.05


Tree=37
num_leaves=63
num_cat=0
split_feature=143 135 118 114 172 116 115 161 116 29 49 3 128 84 98 50 9 77 16 76 86 61 158 52 63 116 102 1 1 130 94 114 128 58 69 86 58 62 70 50 157 26 102 157 148 103 77 75 49 37 98 125 147 72 175 105 148 142 171 70 174 16
split_gain=80.1852 57.2818 37.2453 37.1075 31.2482 45.7768 41.2468 35.9304 35.3441 62.6309 31.5833 53.6689 41.6608 37.3557 36.4857 32.995 32.3851 31.564 34.9745 30.9967 31.6091 30.9523 31.0158 34.7925 30.9374 32.5573 30.7154 30.3218 39.3328 33.0038 29.968 29.9577 34.085 29.4098 28.7275 28.3058 28.1281 31.8108 28.68 28.036 34.4368 32.8716 27.6824 27.4501 31.1559 27.4146 29.0338 28.0251 35.2911 27.2828 28.6783 27.245 26.4501 31.3662 30.6589 27.4883 26.4129 25.8922 25.8466 42.5343 29.2965 31.5882
threshold=0.40031479573133572 0.53329776004632501 1317.5000000000002 -324.49999999999994 12.500000000000002 3.7428149064906493 16.116454869656945 0.17871660859465743 0.63694788501986455 0.2684697855750488 -0.41237727779640104 2.8401681512185086 6.8546748141917249 0.057496694130810704 0.63175489692167941 0.10765781303897898 352.50000000000006 1.7857112416362722 0.96252978216473806 0.40286878941701282 1.856596873620751 1.1293015753991555 -0.353977786387705 0.3000000000000001 0.016404655648000723 7.0320744033888358 -1.6642995025168867 11.026785714285717 4.1696428571428585 1.3112934056170411 7.5000000000000009 -214.49999999999997 -6.8787932289769858 0.84453826381549646 0.38750000000000007 1.3422173326708782 1.5618867243867245 -0.70638047877327692 658.50000000000011 0.064557806118196226 1.1826798001273875 -0.49400590629739 1.3637988197906081 0.83770105659869454 1.9265790540127894 1.8632258340345385 0.68253311530100957 0.88586023635043254 -1.0764058228035169 0.19451951951951954 -0.96929685977924429 -0.70582183490680206 1.5165295024392831 0.4968007984078508 24.985008422234703 991.77500000000009 2.3217603798765039 0.17635283799295906 20.500000000000004 1177.5000000000002 2.2604978656273205 1.8640501663962157
decision_type=2 2 2 2 2 2 2 2 2 2 2 2 2 2 2 2 2 2 2 2 2 2 2 2 2 2 2 2 2 2 2 2 2 2 2 2 2 2 2 2 2 2 2 2 2 2 2 2 2 2 2 2 2 2 2 2 2 2 2 2 2 2
left_child=-1 2 21 4 7 8 -7 -3 9 -6 14 12 13 16 15 -9 49 18 -15 20 -5 22 23 51 -8 -26 -4 28 29 -10 52 32 -21 -34 42 -24 38 -38 -16 40 -20 -41 43 44 -30 46 -17 48 -48 -12 -51 -2 55 54 -54 -28 -27 -37 -33 -60 -61 -62
right_child=1 3 26 19 5 6 24 10 27 -11 11 -13 -14 17 36 45 -18 -19 39 31 -22 -23 35 -25 25 56 30 -29 34 -31 -32 58 33 -35 -36 57 37 -39 -40 41 -42 -43 -44 -45 -46 -47 47 -49 -50 50 -52 -53 53 -55 -56 -57 -58 -59 59 60 61 -63
leaf_value=-0.023304471496166757 -0.0079934999749841935 -0.0016511735356633337 0.028185920276046203 0.012242668235834052 0.054748643501735555 0.0015979903139974863 -0.014209248047027707 -0.0386849649213988 -0.0036974473034091862 -0.0067052959145482999 -0.018283191514556502 0.053605424671377702 -0.025184633097025389 0.0082359301117721686 -0.015188228231322199 -0.028016791134536274 0.025240645493527253 -0.0021243707089149588 0.025936614267273724 0.016655630362875425 -0.024074990532383603 -0.01995759639479722 0.028439321700187106 -0.0042990777520849717 0.024566272595771488 0.018917054659206775 6.5525530461500958e-05 0.012323876930629432 0.022423541793613857 0.035761082932021501 -0.044001915773120778 0.00077331094698750082 -0.00034342119399229342 -0.0062386437688769954 -0.030330010455345453 0.00054177880539173174 0.0097757304359549213 0.05797494237461967 0.014638868511664389 -0.017073317271732863 0.060294098703541001 0.021267244127419035 0.022522545961888785 -0.03249729251364792 -0.0132500856762239 -0.031912563318479963 0.04183344057318214 -0.0045038127959565006 0.0019415320615944873 0.027421870824851813 -0.0094781645768694488 -0.033998081371873365 -0.034360560187730864 0.032593466745297346 0.019039317401252628 -0.025828609669896259 -0.0054766724318849108 -0.0040569582214576528 -0.00087260969109171694 -0.041100718776600612 -0.011875379229157376 0.028472634142545385
leaf_weight=365.61612324416637 213.70160864293575 1100.8651279807091 42.439263984560966 79.237232655286789 64.632353439927101 7214.8262900263071 98.622817412018776 66.494115486741066 489.21057486534119 115.64035156369209 214.54715014994144 75.225948169827461 78.186535224318504 544.77830985188484 117.80328923463821 71.544492423534393 105.44859755039215 218.14235639572144 305.30296748876572 225.05170261859894 245.657830119133 237.37285137176514 82.13184529542923 2216.0032517313957 463.05228075385094 204.06914287805557 146.98997005820274 166.29995787143707 70.986668437719345 59.431260794401169 82.285649724304676 86086.765755981207 4593.7888368666172 3921.6388472318649 261.52549420297146 9121.6122613847256 75.497040405869484 62.630337238311768 255.14667724072933 63.829192981123924 95.82298344373703 450.25872944295406 56.768599539995193 152.2859294116497 444.16600680351257 67.274783357977867 97.36719711124897 282.30565313994884 128.7568097859621 95.023596361279488 118.09392867982388 190.51867285370827 62.700482189655304 63.910552762448788 47.048393592238426 338.54995685070753 243.23435758054256 4606.5006701499224 7959.8389156758785 79.891158878803253 803.70404158532619 51.624644339084625
leaf_count=2226 947 4576 258 344 266 30235 410 277 2053 479 887 306 323 2280 486 298 432 907 1267 927 1075 1082 352 9729 1927 850 834 704 302 249 549 362249 19278 16529 1110 39809 313 259 1061 266 396 1866 242 645 1863 276 403 1172 535 391 488 840 399 387 278 2398 1008 20162 33473 342 3439 215
internal_value=7.97427e-05 0.000142472 -0.00253242 0.000535274 0.00287827 0.00131273 0.0029222 0.00625102 -0.00572411 0.0153275 0.00867456 0.01205 0.0106846 0.0119529 0.0021578 -0.00514463 0.00042279 0.0156158 0.0182664 0.00020211 -0.0152176 -0.00203148 -0.0017725 -0.00675983 0.0123911 0.0152729 -0.0131834 -0.0079556 -0.0101535 0.000576872 -0.0155512 0.00025041 -0.00255077 -0.00305837 -0.0161259 -0.00082625 0.012356 0.0316304 0.00521742 0.024237 0.0341441 0.0165069 -0.0109965 -0.0138475 -0.00833435 -0.00169891 0.00180576 0.00600228 0.0191187 -0.00569651 0.00697461 -0.0202501 -0.0119998 0.00474729 -0.0114685 -0.0179895 0.00565225 -0.00100134 0.000508182 -0.00205775 -0.0121447 -0.00944011
internal_weight=136660 136294 17451.8 118842 14795.1 10104.8 8223.8 4690.35 1880.95 180.273 3589.48 2364.66 2289.43 2211.25 1224.82 713.743 533.113 1678.13 1459.99 104047 324.895 16667.8 16430.5 2620.22 1008.98 910.356 783.924 1700.67 1534.37 548.642 741.485 103722 8740.48 8515.43 985.733 13810.2 511.077 138.127 372.95 915.214 401.126 514.088 724.207 667.439 515.153 647.249 579.974 508.43 226.124 427.665 213.118 404.22 659.199 173.659 109.749 485.54 447.304 13728.1 94981.8 8895.06 935.22 855.329
internal_count=579929 577703 78024 499679 61808 42343 34430 19465 7913 745 14889 9809 9503 9180 5080 2961 2198 6982 6075 437871 1419 72921 71839 11516 4195 3785 5103 7168 6464 2302 4845 436452 36734 35807 4162 60323 2119 572 1547 3795 1663 2132 3052 2810 2165 2684 2408 2110 938 1766 879 1787 4296 1064 677 3232 1858 59971 399718 37469 3996 3654
is_linear=0
shrinkage=0.05


Tree=38
num_leaves=63
num_cat=0
split_feature=118 70 122 120 173 61 83 116 16 92 115 157 102 110 94 169 157 49 118 63 117 5 77 98 70 32 77 19 108 18 172 99 157 141 146 106 107 174 86 61 147 148 20 147 31 106 117 108 70 6 22 76 19 72 45 118 88 100 174 34 117 32
split_gain=74.518 71.8289 43.4852 49.9529 40.2873 34.7919 33.8428 43.5212 43.7245 37.1605 34.535 33.9664 33.7166 57.0263 34.5104 33.7139 32.6076 38.4782 37.9865 34.4916 35.8801 37.5162 31.8624 34.7755 32.988 32.2035 33.5663 41.4407 39.5881 34.3296 36.5464 35.1315 35.3046 37.1182 32.5401 31.5933 31.3878 31.0525 31.0458 48.8169 41.9198 37.2596 38.3584 36.9821 36.9529 36.0116 35.2583 32.4818 66.329 48.6152 32.9431 39.3148 39.21 41.0498 38.3939 36.3753 55.8559 41.6203 40.516 34.3965 33.6522 33.3603
threshold=1317.5000000000002 1835.5000000000002 -0.14225577306571321 1.0000000180025095e-35 -309.49999999999994 1.146431649040345 0.55024628182304436 7.9558333468797242 0.67622386114705024 2.7797177729593625 12.884506861613444 1.9255759951427873 -1.6642995025168867 -0.057990382398285481 7.5000000000000009 0.87538546255506622 1.642061212969099 -0.53607898080870597 510.50000000000006 0.017036659161272168 -4.0327956989247307 0.35339366515837112 0.97806948618271716 -2.9599382716047811 27891.000000000004 0.0020705138369548144 1.0180323635737651 0.88852339181286555 0.15292689891490577 0.85767590618336897 52.500000000000007 -0.91829059021712867 0.2035212458203404 0.78227946904770296 8.5000000000000018 2.3469899665551845 1.0681858540417795 4.7420878498976977 2.6658107995271307 0.96839727654816465 1.4330222775093147 2.387100407289656 0.083602150537634423 1.7792079052723515 1.0091255765932294 0.99368938646833016 4.3604954666178228 0.44595727414657454 14367.500000000002 0.045628036086051364 1093.5000000000002 0.68071493624772328 0.37561881188118817 0.52392970618345414 1.0154681939057821 1072.5000000000002 0.62500000000000011 -0.034810513618718661 5.1656463212244157 0.048738156394023784 -10.933221850613153 -0.00091871233310452445
decision_type=2 2 2 2 2 2 2 2 2 8 2 2 2 2 2 2 2 2 2 2 2 2 2 2 2 2 2 2 2 2 2 2 2 2 2 2 2 2 2 2 2 2 2 2 2 2 2 2 2 2 2 2 2 2 2 2 2 2 2 2 2 2
left_child=2 -2 3 15 16 6 38 8 9 -8 -9 -12 13 -3 -14 -1 19 -18 -19 20 -4 -22 23 -10 25 26 27 28 -24 30 31 -28 33 -33 -32 37 -36 -21 -6 47 -41 -42 44 -44 -43 46 -45 50 -49 -50 54 -52 59 -54 55 58 57 -57 -40 -53 -60 -56
right_child=1 12 4 -5 5 -7 7 10 22 -11 11 -13 14 -15 -16 -17 17 18 -20 35 21 -23 24 -25 -26 -27 29 -29 -30 -31 34 32 -34 -35 36 -37 -38 -39 39 40 41 42 43 45 -46 -47 -48 48 49 -51 51 52 53 -55 61 56 -58 -59 60 -61 -62 -63
leaf_value=-0.0037376954444432921 0.00033407279378987089 0.047587339312301163 -0.0032456011159380776 0.00082469314547774393 0.0018094764298112343 -0.016951660742575564 -0.01643937329406198 -0.00021808559055832294 -0.020149179297456597 -0.0039353813945408522 0.0062171683822089107 -0.031713223330648729 -0.014870171877498209 -0.02825289538591429 -0.03940308727211201 0.002730783831447172 -0.0083239485411225576 0.0059814993503361797 0.043190318755670309 -0.0024572147275788575 0.055304714547195592 0.012891566359954905 -0.0020583807465678239 -0.0030088910658532895 0.036455842205111458 -0.011101307021826025 -0.027386115276637459 0.054210054872044167 0.032159294711254081 -0.022400373025947509 0.032871809285205743 0.011237064601645091 0.0051651022115136516 -0.01249476618891902 0.015894226725479254 0.024324533960329377 -0.031306580854378742 0.0033965371370991886 -0.0083998333837901045 -0.0090590826167635859 -0.0073962895459855045 0.058219040455390614 0.032394824101693143 -0.040726158339592144 0.0066667664330867923 0.011252462769370098 0.0035850572132876454 -0.0047848246779704368 -0.0058219942855158207 0.052402875759170443 -0.036350649329753779 0.050282364671546981 -0.020103267355898829 0.020803129702145266 -0.037360571025374732 -0.029189630644976344 0.040223649018884165 0.019152516397099858 -0.019875734528847108 0.005363028532875091 0.013235402809028822 0.00026670641481008409
leaf_weight=17034.921761088073 1332.2487794756889 53.263895407319069 356.39610655605793 15694.977831065655 42972.328540250659 288.31949397921562 998.11557990312576 16111.349960833788 310.08573879301548 1468.2604646682739 3103.5426430851221 60.166416794061661 1178.9553781673312 46.360656589269638 163.19003237783909 2284.5469010025263 103.50582084059715 119.46854187548161 161.07179780304432 3185.6396358758211 55.117657274007797 964.60870164632797 249.40113121271133 6478.4429064244032 67.100911051034927 478.954230889678 110.65866108238697 60.201919108629227 127.86550170183182 150.13595716655254 171.79706889390945 216.63741135597229 1922.6685633510351 688.11634704470634 119.60679799318314 156.5740243345499 49.921591177582741 7843.7010871469975 335.97432745993137 2720.5131763964891 532.44581934809685 73.168002516031265 92.389415323734283 92.508764609694481 66.22245742380619 210.43588319420815 87.217170357704163 2356.0586509108543 59.122083321213722 91.079155176877975 83.407868355512619 48.934163630008698 296.91441057622433 77.295167326927185 70.30679227411747 63.484893724322319 231.20152816176414 149.0745090842247 81.995721772313118 330.14482583105564 1196.5178389102221 363.28910906612873
leaf_count=72984 5947 278 1491 66515 179893 1278 4360 68110 1366 6455 12993 249 7418 267 1059 9637 427 492 663 13378 229 4028 1066 27758 283 2038 478 255 539 640 725 920 8169 2918 509 649 212 32731 1418 11443 2261 310 386 389 277 888 368 9725 245 380 351 203 1247 323 294 264 957 619 339 1371 4953 1511
internal_value=7.55117e-05 -0.00803582 0.000243588 -0.0012706 0.000779887 0.00038807 0.000446457 -0.000810591 -0.00296876 -0.00899561 0.000719766 0.00549582 -0.0157699 0.0122948 -0.0178531 -0.00297279 0.00338008 0.0177316 0.0273449 0.00294133 0.010411 0.0151841 -0.00164176 -0.00379182 0.00166564 0.00112849 0.00264323 0.0156863 0.00953888 0.000979474 0.00204984 0.000250771 0.00133241 -0.00681233 0.0175359 0.00202238 0.00199485 0.00170578 0.00123251 -0.00132096 -0.00567142 0.00231218 0.0106236 0.00394987 0.0337273 -0.00278583 -0.0192229 0.00156818 -0.00273105 0.0294845 0.00480533 -0.00377891 -0.0001724 -0.0116538 0.0076877 0.0105363 0.0232148 0.00471422 0.00705149 0.0111615 0.0111119 -0.00583449
internal_weight=136648 2774.02 133874 35014.4 98859.5 85913.4 85625.1 32943 13668 2466.38 19275.1 3163.71 1441.77 99.6246 1342.15 19319.5 12946.1 384.046 280.54 12562 1376.12 1019.73 11201.6 6788.53 4413.07 4345.97 3867.01 437.469 377.267 3429.54 3279.41 2938.08 2827.42 904.754 341.325 11185.9 169.528 11029.3 52682 9709.7 3874.9 1154.39 621.942 482.551 139.39 390.162 179.726 5834.8 2506.26 150.201 3328.54 836.696 753.289 374.21 2491.84 2058.25 443.761 212.559 1614.49 379.079 1278.51 433.596
internal_count=579929 14969 564960 149136 415824 361736 360458 140043 58691 10815 81352 13242 9022 545 8477 82621 54088 1582 1155 52506 5748 4257 47876 29124 18752 18469 16431 1860 1605 14571 13931 12485 12007 3838 1446 46758 721 46109 220415 40522 16322 4879 2618 2031 587 1645 757 24200 10350 625 13850 3495 3144 1570 10355 8550 1840 883 6710 1574 5292 1805
is_linear=0
shrinkage=0.05


Tree=39
num_leaves=63
num_cat=0
split_feature=143 77 61 114 122 176 169 17 35 119 16 173 83 2 49 86 175 10 88 113 51 47 65 77 170 6 4 146 118 100 30 37 63 86 49 100 36 7 104 20 11 25 63 106 56 49 100 29 49 37 98 18 114 86 98 30 18 59 115 98 37 6
split_gain=71.07 46.1392 43.1015 42.6192 38.5238 44.8027 43.5239 37.4505 45.3687 34.9812 42.2584 41.977 36.8219 35.9212 35.5237 54.2641 33.5457 33.4168 40.2353 36.1223 41.2188 49.3307 35.6267 47.5213 53.7581 39.0358 38.9535 35.2411 42.7722 40.0253 38.9211 36.9813 34.0612 32.6195 32.3877 41.4096 45.6091 33.222 32.2717 30.9626 42.9548 35.5662 30.8922 30.8079 30.1591 50.8958 45.137 39.2459 40.1144 38.427 38.4002 36.659 37.6845 44.4878 49.0548 39.9271 39.3863 37.5776 39.0088 35.0871 34.2012 33.7751
threshold=0.40031479573133572 0.39006033661479844 1.146431649040345 -324.49999999999994 -0.30579873680384101 -6.2289172691715056 0.84449600412477455 0.33008841917299969 1.1382771746792615 405.00000000000006 0.59465317072599266 -77.499999999999986 -1.2993661506418597 2.3303571428571437 -0.44296011212208841 2.7773736450306914 12.105904520499552 4.2150980231542166 0.87500000000000011 51.500000000000007 0.70000000000000007 0.51962480669038313 0.35000000000000003 0.76768221073218779 1.0000000180025095e-35 0.90333704115684099 0.94740631275813736 15.500000000000002 1249.5000000000002 -1.6866315445940794 1.635785676761796 0.030395417590539545 0.033344023946974562 1.444001066198376 -0.4042658025147578 -0.37614098576944482 -0.64989451476793236 0.0093025268258913139 -0.50439487794204541 0.64321074964639335 1.7800039188792007 0.60812899007106858 0.15793759643408198 1.6030731093098296 0.29166666666666669 1.2420708594414793 -1.2331729950764123 0.71431558821772134 0.29712601971873281 0.26678529062870704 -1.9374276261371968 0.7215842359389274 -373.49999999999994 1.968839431725266 1.0783381253593129 3.6782690111204794 0.54516317016317017 0.54695249586517669 15.619434214459341 1.901202152266561 0.38482106129164956 0.022100122100122105
decision_type=2 2 2 2 2 2 2 2 2 2 2 2 2 2 2 2 2 2 2 2 2 2 2 2 2 2 2 2 2 2 2 2 2 2 2 2 2 2 2 2 2 2 2 2 2 2 2 2 2 2 2 2 2 2 2 2 2 2 2 2 2 2
left_child=-1 43 3 44 5 -5 16 -8 -9 13 11 -11 -13 -6 15 38 -7 19 -19 39 27 -22 -23 25 26 -24 -25 29 34 -21 -30 -31 -32 -33 35 -29 -37 -38 -12 -15 -41 -42 -39 -2 46 47 49 59 50 -3 -49 52 55 57 -55 -48 -56 58 -54 -46 -53 -47
right_child=1 2 -4 4 9 6 7 8 -10 10 14 12 -14 17 -16 -17 -18 18 -20 20 21 22 23 24 -26 -27 -28 28 30 31 32 33 -34 -35 -36 36 37 42 -40 40 41 -43 -44 -45 45 61 51 48 -50 -51 -52 60 53 54 56 -57 -58 -59 -60 -61 -62 -63
leaf_value=-0.022137120808617763 -0.0040134984718984829 -0.024718770855074075 -0.016867671281156019 0.0031167888094947062 0.0050269062504601694 -0.0059639529515471785 0.012974931743070156 0.0027838340773195104 -0.019713729046324818 0.005959348727184054 0.0081302515833177793 -0.0470974899976426 -0.010834404091086828 -0.00022854951196104724 0.00065858028519261798 -0.015283905626022732 -0.0015236756087590392 0.012055690517660691 -0.031312734617624842 -0.032701035479299222 -0.0028586433386432629 0.0049200076716845384 0.024691986831961586 0.045116686043467309 0.05920491432130455 -0.02619107696860324 -0.019392131030688993 -0.0038707954911632982 0.03869085685788104 -0.013006516577437731 0.041511993841838346 -0.028572332330606055 -0.0023161160483254244 0.0024791375759736761 0.00012948659917866458 -0.015345105514310748 -0.0012933860605207992 0.031837978909456763 -0.0032890956243964474 0.0033906622235339232 0.045574497635801833 0.00060535460997765541 0.075505979712835708 -0.019775024824553372 0.0043336516030689984 -0.0088928600777699769 -0.00046961471473457587 0.053129453648564057 -0.00505625378413366 0.0052743858129899127 0.01495534969871673 -0.0017731848709040716 0.0085484662836788489 -0.0010218746733727951 0.0093910874069716675 0.022735249931687733 0.044540329788857386 0.047753425224316116 0.044534903477233233 -0.006698341450696841 -0.021254115315648681 0.032949626755860238
leaf_weight=359.28646615147591 3080.1939294189215 305.99549527466297 365.54396232962608 3846.7981319352984 5209.7340987622738 8316.9519083127379 721.55170486867428 1526.3210725486279 262.65374345332384 381.50191129744053 703.15074908733368 74.067402422428131 1275.686936609447 50502.679555885494 16531.528904385865 872.48744817078114 8706.3460316583514 968.76100002974272 56.605991557240486 91.34958216547966 326.49436172842979 231.27009284496307 123.09863141179085 45.711501643061638 171.26351761817932 54.327710792422295 47.948901101946831 190.58448800444603 189.13428534567356 452.22168824076653 58.627169191837311 86.085144996643066 181.77458506822586 4828.2499622032046 1350.1944284886122 57.252556636929512 54.684973016381264 171.1417573094368 5151.3173016235232 3071.7660905644298 113.64375086128712 71.716594949364662 53.05657859146595 344.72916992008686 4637.3670230954885 59.585199549794197 4080.3448452204466 72.140357926487923 236.85713884234428 164.03865601122379 758.79607197642326 1245.5491826981306 456.558409512043 1178.4125691205263 279.36266905069351 194.19689853489399 111.51216681301594 100.47271749377251 90.179525047540665 853.37305110692978 275.05275294184685 253.03404767811298
leaf_count=2226 13932 1302 1628 16452 21841 35791 3064 6435 1111 1622 2924 319 5553 213554 69912 3693 37293 3981 244 392 1388 976 519 204 717 236 204 801 814 1914 249 360 776 20362 5679 239 228 716 21813 13025 472 299 221 1486 19379 249 17073 303 993 694 3166 5206 1909 4971 1175 793 467 419 374 3580 1156 1055
internal_value=7.14698e-05 0.000130023 0.000277746 0.000325053 3.74669e-07 -0.00181538 -0.00278667 0.00335915 -0.000519214 0.000453216 -0.00114888 -0.00868513 -0.0128243 0.00103548 -0.000587917 -0.00365119 -0.00369303 0.000708265 0.00966151 0.000561436 0.00353789 0.0130918 0.0208228 0.0291371 0.0425487 0.00911166 0.0120918 0.00230726 0.00748909 0.000117479 0.0217222 0.000676116 0.00837232 0.0019352 0.00423181 0.0147477 0.0253041 0.0336491 -0.00191758 7.61839e-05 0.00480116 0.0281758 0.042172 -0.00559995 0.00280209 0.00526422 0.000807476 0.00432471 0.0130954 -0.0142514 0.0182696 0.00169096 0.00332797 0.00861857 0.00406944 0.000584607 0.0194188 0.0196488 0.0144841 0.00261905 -0.00529698 0.0249745
internal_weight=136632 136273 132848 132483 117130 23380.6 19533.8 2510.53 1788.97 93749.1 24989.7 1731.26 1349.75 68759.4 23258.5 6726.96 17023.3 63549.6 1025.37 62524.3 8764.47 1000.11 673.62 442.35 264.924 177.426 93.6604 7764.36 2306.45 5457.91 429.536 5366.56 240.402 4914.34 1876.91 526.72 336.136 278.883 5854.47 53759.8 3257.13 185.36 224.198 3424.92 15352.8 6871.15 8481.68 6558.53 1067.79 470.034 830.936 8011.64 6491.04 2216.5 1569.29 4274.54 390.875 647.211 546.738 5490.74 1520.6 312.619
internal_count=579929 577703 562285 560657 496393 100146 83694 10610 7546 396247 105836 7494 5872 290411 98342 28430 73084 268570 4225 264345 36995 4244 2856 1880 1125 755 408 32751 9723 23028 1839 22636 1025 20722 7884 2205 1404 1165 24737 227350 13796 771 937 15418 64264 28725 35539 27421 4462 1996 3469 33543 27181 9315 6613 17866 1642 2702 2283 22959 6362 1304
is_linear=0
shrinkage=0.05


end of trees

feature_importances:
session_bars_since_open=63
ema_spread_1m_atr_checkpoint=62
ema_spread_30s_atr=58
swing_extension_at_signal_atr=42
vol_1m_20avg=40
distance_from_session_low_atr=40
prior_regime_mfe_atr=39
minute_of_hour_checkpoint=37
minutes_since_rth_open_checkpoint=37
pre_5_range_atr=36
pre_5_body_efficiency=36
pre_10_vol_vs_avg=36
pre_signal_vol_compression_3v10=36
avg_regime_duration_last_5=36
distance_from_session_high_atr=36
price_vs_sma50_atr=34
ema_spread_5m_atr=33
bar1_range_atr=32
pre_10_volume_total=32
distance_from_session_mid_atr=32
atr_at_signal=31
flip_vol_vs_20avg=31
pre_5_net_return_atr=31
vol_acceleration_5bar=30
two_bar_vol_vs_40avg=29
bar1_body_pct=28
ema_spread_atr=28
bar1_vol_vs_flip_vol=27
pre_10_body_efficiency=27
price_vs_ema3_5m_atr=25
flip_upper_wick_pct=24
bar1_upper_wick_pct=24
two_bar_close_vs_open_pct=24
pre_5_volume_total=24
sma20_slope_atr=24
max_pullback_since_signal_atr=24
pre_10_range_atr=23
sma50_slope_atr=23
vol_ratio_up_down_20bar=23
minutes_since_rth_open=23
price_vs_flip_bar_high_atr=22
ema3_slope_5m_atr=22
distance_from_session_low_atr_checkpoint=22
dist_to_recent_midpoint_10_atr=21
sma20_vs_sma50_atr=21
flip_lower_wick_pct=20
flip_high_vs_prior_high_atr=20
pre_3_net_return_atr=20
pre_10_mean_body_pct=20
time_since_last_1m_bar_close_s=20
atr_at_checkpoint=19
flip_body_pct=19
bar1_body_atr=19
two_bar_body_atr=19
two_bar_volume_total=19
pre_3_volume_total=19
flip_low_vs_prior_low_atr=18
flip_bar_bullish_volume_pct=18
bar1_close_vs_flip_close_atr=18
minute_of_hour=18
flip_volume=17
dist_to_recent_low_5_atr=17
vol_ratio_up_down_10bar=17
current_pullback_from_local_peak_atr=17
flip_close_location=16
bar1_bullish_volume_pct=16
pre_3_mean_body_pct=16
pre_5_mean_body_pct=16
regime_5m_duration_bars=16
flip_range_atr=15
bar1_hh_amount_atr=15
pre_signal_body_compression_3v10=15
pre_signal_atr_ratio_3v10=15
price_vs_sma20_atr=15
ema3_slope_atr=15
price_vs_bar1_low_atr=15
bar1_lower_wick_pct=14
bar1_volume=14
pre_3_body_efficiency=14
pre_3_mean_wickiness=14
pre_5_vol_vs_avg=14
price_vs_sma20_30s_atr=14
price_vs_sma20_5m_atr=14
two_bar_range_atr=13
position_in_recent_range_10=13
distance_from_session_high_atr_checkpoint=13
distance_from_session_mid_atr_checkpoint=13
pre_10_net_return_atr=12
dist_to_recent_high_10_atr=12
cumulative_volume_bias_10=12
extension_from_last_pullback_atr=12
flip_body_atr=11
bar1_close_location=11
price_vs_signal_close_atr=11
price_vs_sma20_1m_atr_checkpoint=11
ema3_ema9_spread_atr=10
max_progress_since_signal_atr=10
flip_bar_vol_rank_20=9
bar1_vol_rank_20=9
pre_3_range_atr=9
pre_3_vol_vs_avg=9
dist_to_recent_low_10_atr=9
regime_flips_last_60min=9
mfe_mae_ratio_so_far=9
pre_10_close_near_low_fraction=8
dist_to_recent_high_5_atr=8
failed_push_count_pre_signal=8
pre_5_close_near_low_fraction=7
pre_10_ll_count=7
pre_10_mean_wickiness=7
regime_flips_last_30min=7
price_vs_flip_bar_low_atr=7
ema3_slope_30s_atr=7
micro_net_return_atr=7
flip_close_vs_prior_close_atr=6
pre_5_close_near_high_fraction=6
pre_signal_trend_efficiency_5=6
checkpoint_s=6
price_vs_bar1_high_atr=6
progress_efficiency_since_signal=6
pre_5_down_bar_fraction=5
pre_10_close_near_high_fraction=5
current_progress_atr=5
hour_of_day_checkpoint=5
pre_3_hh_count=4
pre_5_up_bar_fraction=4
pre_signal_range_compression_3v10=4
price_vs_ema3_1m_atr_checkpoint=4
pre_3_ll_count=3
pre_3_close_near_high_fraction=3
pre_10_up_bar_fraction=3
pre_signal_directional_consistency_5=3
high_vol_bar_count_10=3
continuation_count_since_signal=3
bars_since_last_continuation=3
is_rth_checkpoint=3
pre_5_hh_count=2
pre_5_mean_wickiness=2
pre_10_down_bar_fraction=2
pre_signal_trend_efficiency_10=2
pre_signal_directional_consistency_10=2
regime_1m_duration_bars=2
bar1_close_above_50pct_range=1
pre_3_close_near_low_fraction=1
pre_5_ll_count=1
pre_10_hh_count=1
hour_of_day=1
regime_30s_duration_bars=1
regime_5m_direction=1

parameters:
[boosting: gbdt]
[objective: binary]
[metric: auc]
[tree_learner: serial]
[device_type: cpu]
[data_sample_strategy: bagging]
[data: ]
[valid: ]
[num_iterations: 2000]
[learning_rate: 0.05]
[num_leaves: 63]
[num_threads: 0]
[seed: 42]
[deterministic: 1]
[force_col_wise: 0]
[force_row_wise: 0]
[histogram_pool_size: -1]
[max_depth: -1]
[min_data_in_leaf: 200]
[min_sum_hessian_in_leaf: 0.001]
[bagging_fraction: 0.8]
[pos_bagging_fraction: 1]
[neg_bagging_fraction: 1]
[bagging_freq: 5]
[bagging_seed: 400]
[bagging_by_query: 0]
[feature_fraction: 0.8]
[feature_fraction_bynode: 1]
[feature_fraction_seed: 30056]
[extra_trees: 0]
[extra_seed: 12879]
[early_stopping_round: 0]
[early_stopping_min_delta: 0]
[first_metric_only: 0]
[max_delta_step: 0]
[lambda_l1: 0]
[lambda_l2: 0]
[linear_lambda: 0]
[min_gain_to_split: 0]
[drop_rate: 0.1]
[max_drop: 50]
[skip_drop: 0.5]
[xgboost_dart_mode: 0]
[uniform_drop: 0]
[drop_seed: 17869]
[top_rate: 0.2]
[other_rate: 0.1]
[min_data_per_group: 100]
[max_cat_threshold: 32]
[cat_l2: 10]
[cat_smooth: 10]
[max_cat_to_onehot: 4]
[top_k: 20]
[monotone_constraints: ]
[monotone_constraints_method: basic]
[monotone_penalty: 0]
[feature_contri: ]
[forcedsplits_filename: ]
[refit_decay_rate: 0.9]
[cegb_tradeoff: 1]
[cegb_penalty_split: 0]
[cegb_penalty_feature_lazy: ]
[cegb_penalty_feature_coupled: ]
[path_smooth: 0]
[interaction_constraints: ]
[verbosity: -1]
[saved_feature_importance_type: 0]
[use_quantized_grad: 0]
[num_grad_quant_bins: 4]
[quant_train_renew_leaf: 0]
[stochastic_rounding: 1]
[linear_tree: 0]
[max_bin: 255]
[max_bin_by_feature: ]
[min_data_in_bin: 3]
[bin_construct_sample_cnt: 200000]
[data_random_seed: 175]
[is_enable_sparse: 1]
[enable_bundle: 1]
[use_missing: 1]
[zero_as_missing: 0]
[feature_pre_filter: 1]
[pre_partition: 0]
[two_round: 0]
[header: 0]
[label_column: ]
[weight_column: ]
[group_column: ]
[ignore_column: ]
[categorical_feature: ]
[forcedbins_filename: ]
[precise_float_parser: 0]
[parser_config_file: ]
[objective_seed: 16083]
[num_class: 1]
[is_unbalance: 0]
[scale_pos_weight: 1]
[sigmoid: 1]
[boost_from_average: 1]
[reg_sqrt: 0]
[alpha: 0.9]
[fair_c: 1]
[poisson_max_delta_step: 0.7]
[tweedie_variance_power: 1.5]
[lambdarank_truncation_level: 30]
[lambdarank_norm: 1]
[label_gain: ]
[lambdarank_position_bias_regularization: 0]
[eval_at: ]
[multi_error_top_k: 1]
[auc_mu_weights: ]
[num_machines: 1]
[local_listen_port: 12400]
[time_out: 120]
[machine_list_filename: ]
[machines: ]
[gpu_platform_id: -1]
[gpu_device_id: -1]
[gpu_use_dp: 0]
[num_gpu: 1]

end of parameters

pandas_categorical:[]
