elapsed_s,subset,contrast,variable,n_pos,n_neg,med_pos,iqr_pos,med_neg,iqr_neg,mean_pos,mean_neg,cohen_d,auc,auc_lo,auc_hi,meaningful
0,ALIVE,C1,aligned_5m,2133,3709,0.0,"[0.0, 1.0]",0.0,"[0.0, 1.0]",0.41303328645100795,0.4073874359665678,0.01147976699308249,0.50282292524222,0.4891965619148609,0.5166510230577782,False
0,ALIVE,C1,aligned_15m,2135,3710,0.0,"[0.0, 1.0]",0.0,"[0.0, 1.0]",0.4641686182669789,0.4660377358490566,-0.0037466063748191236,0.4990654412089612,0.48437997193128507,0.5132841805536664,False
0,ALIVE,C1,aligned_1h,2136,3710,0.0,"[0.0, 1.0]",0.0,"[0.0, 1.0]",0.49812734082397003,0.4919137466307278,0.012426125612216513,0.5031067970966211,0.49038853536233434,0.5173518905860363,False
0,ALIVE,C1,trans_5m,2133,3709,0.0,"[0.0, 0.0]",0.0,"[0.0, 0.0]",0.0,0.0,0.0,0.5,0.5,0.5,False
0,ALIVE,C1,n_htf_aligned,2132,3709,1.0,"[0.0, 2.0]",1.0,"[0.0, 2.0]",1.375703564727955,1.3653275815583716,0.009253159473402167,0.5023770838844918,0.48629409814333957,0.5203423360438854,False
0,ALIVE,C2,aligned_5m,1764,369,0.0,"[0.0, 1.0]",0.0,"[0.0, 1.0]",0.4070294784580499,0.44173441734417346,-0.07047623805920478,0.4826475305569382,0.453965139042799,0.5091870551517073,False
0,ALIVE,C2,aligned_15m,1764,371,0.0,"[0.0, 1.0]",0.0,"[0.0, 1.0]",0.46598639455782315,0.4555256064690027,0.020966341227032784,0.5052303940444102,0.4781384943210542,0.5342192703705457,False
0,ALIVE,C2,aligned_1h,1765,371,1.0,"[0.0, 1.0]",0.0,"[0.0, 1.0]",0.5048158640226629,0.46630727762803237,0.07701443683133727,0.5192542931973153,0.4916243829905175,0.5456362160477674,False
0,ALIVE,C2,trans_5m,1764,369,0.0,"[0.0, 0.0]",0.0,"[0.0, 0.0]",0.0,0.0,0.0,0.5,0.5,0.5,False
0,ALIVE,C2,n_htf_aligned,1763,369,1.0,"[0.0, 2.0]",1.0,"[0.0, 2.0]",1.378899602949518,1.3604336043360434,0.016353138833758423,0.5039366871263721,0.4726201613687478,0.5354192623534381,False
0,ALIVE,C3,aligned_5m,1385,4457,0.0,"[0.0, 1.0]",0.0,"[0.0, 1.0]",0.4187725631768953,0.4065514920350011,0.024850240601470494,0.5061105355709471,0.49208264281417535,0.5210083716734484,False
0,ALIVE,C3,aligned_15m,1386,4459,0.0,"[0.0, 1.0]",0.0,"[0.0, 1.0]",0.47113997113997114,0.46355685131195334,0.015200495174624915,0.5037915599140089,0.4880928443514807,0.5201728961333695,False
0,ALIVE,C3,aligned_1h,1387,4459,1.0,"[0.0, 1.0]",0.0,"[0.0, 1.0]",0.501802451333814,0.49181430814083876,0.01997494166974936,0.5049940715964876,0.48866175305595355,0.520062723547432,False
0,ALIVE,C3,trans_5m,1385,4457,0.0,"[0.0, 0.0]",0.0,"[0.0, 0.0]",0.0,0.0,0.0,0.5,0.5,0.5,False
0,ALIVE,C3,n_htf_aligned,1384,4457,1.0,"[0.0, 2.0]",1.0,"[0.0, 2.0]",1.3923410404624277,1.3619026250841373,0.02714610075875876,0.5073015461811712,0.4898450409113664,0.5254014640111739,False
0,PRE2,C1,aligned_5m,2133,3709,0.0,"[0.0, 1.0]",0.0,"[0.0, 1.0]",0.41303328645100795,0.4073874359665678,0.01147976699308249,0.50282292524222,0.4891965619148609,0.5166510230577782,False
0,PRE2,C1,aligned_15m,2135,3710,0.0,"[0.0, 1.0]",0.0,"[0.0, 1.0]",0.4641686182669789,0.4660377358490566,-0.0037466063748191236,0.4990654412089612,0.48437997193128507,0.5132841805536664,False
0,PRE2,C1,aligned_1h,2136,3710,0.0,"[0.0, 1.0]",0.0,"[0.0, 1.0]",0.49812734082397003,0.4919137466307278,0.012426125612216513,0.5031067970966211,0.49038853536233434,0.5173518905860363,False
0,PRE2,C1,trans_5m,2133,3709,0.0,"[0.0, 0.0]",0.0,"[0.0, 0.0]",0.0,0.0,0.0,0.5,0.5,0.5,False
0,PRE2,C1,n_htf_aligned,2132,3709,1.0,"[0.0, 2.0]",1.0,"[0.0, 2.0]",1.375703564727955,1.3653275815583716,0.009253159473402167,0.5023770838844918,0.48629409814333957,0.5203423360438854,False
0,PRE2,C2,aligned_5m,1764,369,0.0,"[0.0, 1.0]",0.0,"[0.0, 1.0]",0.4070294784580499,0.44173441734417346,-0.07047623805920478,0.4826475305569382,0.453965139042799,0.5091870551517073,False
0,PRE2,C2,aligned_15m,1764,371,0.0,"[0.0, 1.0]",0.0,"[0.0, 1.0]",0.46598639455782315,0.4555256064690027,0.020966341227032784,0.5052303940444102,0.4781384943210542,0.5342192703705457,False
0,PRE2,C2,aligned_1h,1765,371,1.0,"[0.0, 1.0]",0.0,"[0.0, 1.0]",0.5048158640226629,0.46630727762803237,0.07701443683133727,0.5192542931973153,0.4916243829905175,0.5456362160477674,False
0,PRE2,C2,trans_5m,1764,369,0.0,"[0.0, 0.0]",0.0,"[0.0, 0.0]",0.0,0.0,0.0,0.5,0.5,0.5,False
0,PRE2,C2,n_htf_aligned,1763,369,1.0,"[0.0, 2.0]",1.0,"[0.0, 2.0]",1.378899602949518,1.3604336043360434,0.016353138833758423,0.5039366871263721,0.4726201613687478,0.5354192623534381,False
0,PRE2,C3,aligned_5m,1385,4457,0.0,"[0.0, 1.0]",0.0,"[0.0, 1.0]",0.4187725631768953,0.4065514920350011,0.024850240601470494,0.5061105355709471,0.49208264281417535,0.5210083716734484,False
0,PRE2,C3,aligned_15m,1386,4459,0.0,"[0.0, 1.0]",0.0,"[0.0, 1.0]",0.47113997113997114,0.46355685131195334,0.015200495174624915,0.5037915599140089,0.4880928443514807,0.5201728961333695,False
0,PRE2,C3,aligned_1h,1387,4459,1.0,"[0.0, 1.0]",0.0,"[0.0, 1.0]",0.501802451333814,0.49181430814083876,0.01997494166974936,0.5049940715964876,0.48866175305595355,0.520062723547432,False
0,PRE2,C3,trans_5m,1385,4457,0.0,"[0.0, 0.0]",0.0,"[0.0, 0.0]",0.0,0.0,0.0,0.5,0.5,0.5,False
0,PRE2,C3,n_htf_aligned,1384,4457,1.0,"[0.0, 2.0]",1.0,"[0.0, 2.0]",1.3923410404624277,1.3619026250841373,0.02714610075875876,0.5073015461811712,0.4898450409113664,0.5254014640111739,False
0,EARLY,C1,aligned_5m,2133,3709,0.0,"[0.0, 1.0]",0.0,"[0.0, 1.0]",0.41303328645100795,0.4073874359665678,0.01147976699308249,0.50282292524222,0.4891965619148609,0.5166510230577782,False
0,EARLY,C1,aligned_15m,2135,3710,0.0,"[0.0, 1.0]",0.0,"[0.0, 1.0]",0.4641686182669789,0.4660377358490566,-0.0037466063748191236,0.4990654412089612,0.48437997193128507,0.5132841805536664,False
0,EARLY,C1,aligned_1h,2136,3710,0.0,"[0.0, 1.0]",0.0,"[0.0, 1.0]",0.49812734082397003,0.4919137466307278,0.012426125612216513,0.5031067970966211,0.49038853536233434,0.5173518905860363,False
0,EARLY,C1,trans_5m,2133,3709,0.0,"[0.0, 0.0]",0.0,"[0.0, 0.0]",0.0,0.0,0.0,0.5,0.5,0.5,False
0,EARLY,C1,n_htf_aligned,2132,3709,1.0,"[0.0, 2.0]",1.0,"[0.0, 2.0]",1.375703564727955,1.3653275815583716,0.009253159473402167,0.5023770838844918,0.48629409814333957,0.5203423360438854,False
0,EARLY,C2,aligned_5m,1764,369,0.0,"[0.0, 1.0]",0.0,"[0.0, 1.0]",0.4070294784580499,0.44173441734417346,-0.07047623805920478,0.4826475305569382,0.453965139042799,0.5091870551517073,False
0,EARLY,C2,aligned_15m,1764,371,0.0,"[0.0, 1.0]",0.0,"[0.0, 1.0]",0.46598639455782315,0.4555256064690027,0.020966341227032784,0.5052303940444102,0.4781384943210542,0.5342192703705457,False
0,EARLY,C2,aligned_1h,1765,371,1.0,"[0.0, 1.0]",0.0,"[0.0, 1.0]",0.5048158640226629,0.46630727762803237,0.07701443683133727,0.5192542931973153,0.4916243829905175,0.5456362160477674,False
0,EARLY,C2,trans_5m,1764,369,0.0,"[0.0, 0.0]",0.0,"[0.0, 0.0]",0.0,0.0,0.0,0.5,0.5,0.5,False
0,EARLY,C2,n_htf_aligned,1763,369,1.0,"[0.0, 2.0]",1.0,"[0.0, 2.0]",1.378899602949518,1.3604336043360434,0.016353138833758423,0.5039366871263721,0.4726201613687478,0.5354192623534381,False
0,EARLY,C3,aligned_5m,1385,4457,0.0,"[0.0, 1.0]",0.0,"[0.0, 1.0]",0.4187725631768953,0.4065514920350011,0.024850240601470494,0.5061105355709471,0.49208264281417535,0.5210083716734484,False
0,EARLY,C3,aligned_15m,1386,4459,0.0,"[0.0, 1.0]",0.0,"[0.0, 1.0]",0.47113997113997114,0.46355685131195334,0.015200495174624915,0.5037915599140089,0.4880928443514807,0.5201728961333695,False
0,EARLY,C3,aligned_1h,1387,4459,1.0,"[0.0, 1.0]",0.0,"[0.0, 1.0]",0.501802451333814,0.49181430814083876,0.01997494166974936,0.5049940715964876,0.48866175305595355,0.520062723547432,False
0,EARLY,C3,trans_5m,1385,4457,0.0,"[0.0, 0.0]",0.0,"[0.0, 0.0]",0.0,0.0,0.0,0.5,0.5,0.5,False
0,EARLY,C3,n_htf_aligned,1384,4457,1.0,"[0.0, 2.0]",1.0,"[0.0, 2.0]",1.3923410404624277,1.3619026250841373,0.02714610075875876,0.5073015461811712,0.4898450409113664,0.5254014640111739,False
30,ALIVE,C1,mfe,2220,3804,0.3463866633660173,"[0.16284158475638852, 0.6077960780044016]",0.22805513476336114,"[0.09453754940040413, 0.4227776924694607]",0.4501544405355149,0.29735511854143,0.4537310008617417,0.6168436970093122,0.601470578811592,0.6316027807105857,True
30,ALIVE,C1,mae,2220,3804,0.2399165095245056,"[0.10059934699912533, 0.4339908037570959]",0.33067121001062016,"[0.1562828848374614, 0.5572425816869336]",0.3095519947327579,0.3968284780532319,-0.27206293637733375,0.41108103371510313,0.39689319866118034,0.42399803099384875,False
30,ALIVE,C1,cur,2220,3804,0.0806727619591142,"[-0.17527872003482992, 0.37541461251500663]",-0.08351495632863822,"[-0.35561404097722804, 0.17704250171820368]",0.12131089557401532,-0.09893852452346213,0.46707792197177994,0.6243686115137219,0.6108346492501721,0.638237688440287,True
30,ALIVE,C1,fav_share,2220,3804,0.593915343915344,"[0.28571428571428575, 0.8571428571428571]",0.4,"[0.15384615384615383, 0.714818763326226]",0.5622331038992818,0.43996512659194104,0.38472674370648363,0.6085528154337303,0.5941884631021315,0.6234314072815011,True
30,ALIVE,C1,mfe_rate,2220,3804,0.6927733267320346,"[0.32568316951277704, 1.2155921560088032]",0.4561102695267223,"[0.18907509880080825, 0.8455553849389214]",0.9003088810710298,0.59471023708286,0.4537310008617417,0.6168436970093122,0.601470578811592,0.6316027807105857,True
30,ALIVE,C1,mae_rate,2220,3804,0.4798330190490112,"[0.20119869399825066, 0.8679816075141918]",0.6613424200212403,"[0.3125657696749228, 1.1144851633738673]",0.6191039894655158,0.7936569561064638,-0.27206293637733375,0.41108103371510313,0.39689319866118034,0.42399803099384875,False
30,ALIVE,C1,d_mfe,2220,3804,0.3463866633660173,"[0.16284158475638852, 0.6077960780044016]",0.22805513476336114,"[0.09453754940040413, 0.4227776924694607]",0.4501544405355149,0.29735511854143,0.4537310008617417,0.6168436970093122,0.601470578811592,0.6316027807105857,True
30,ALIVE,C1,d_mae,2220,3804,0.2399165095245056,"[0.10059934699912533, 0.4339908037570959]",0.33067121001062016,"[0.1562828848374614, 0.5572425816869336]",0.3095519947327579,0.3968284780532319,-0.27206293637733375,0.41108103371510313,0.39689319866118034,0.42399803099384875,False
30,ALIVE,C1,fav_expand_adv_stall,2220,3804,0.0,"[0.0, 0.0]",0.0,"[0.0, 0.0]",0.07882882882882883,0.04363827549947424,0.152667975902341,0.5175952766646773,0.5108350176288982,0.5245750487713917,False
30,ALIVE,C1,adv_expand_fav_stall,2220,3804,0.0,"[0.0, 0.0]",0.0,"[0.0, 0.0]",0.0481981981981982,0.07097791798107256,-0.09413022647025582,0.4886101401085628,0.4826656500081536,0.4948170331452791,False
30,ALIVE,C1,aligned_5m,2133,3709,0.0,"[0.0, 1.0]",0.0,"[0.0, 1.0]",0.41303328645100795,0.4073874359665678,0.01147976699308249,0.50282292524222,0.4891965619148609,0.5166510230577782,False
30,ALIVE,C1,aligned_15m,2135,3710,0.0,"[0.0, 1.0]",0.0,"[0.0, 1.0]",0.4641686182669789,0.4660377358490566,-0.0037466063748191236,0.4990654412089612,0.48437997193128507,0.5132841805536664,False
30,ALIVE,C1,aligned_1h,2136,3710,0.0,"[0.0, 1.0]",0.0,"[0.0, 1.0]",0.49812734082397003,0.4919137466307278,0.012426125612216513,0.5031067970966211,0.49038853536233434,0.5173518905860363,False
30,ALIVE,C1,trans_5m,2133,3709,0.0,"[0.0, 0.0]",0.0,"[0.0, 0.0]",0.0,0.0,0.0,0.5,0.5,0.5,False
30,ALIVE,C1,n_htf_aligned,2132,3709,1.0,"[0.0, 2.0]",1.0,"[0.0, 2.0]",1.375703564727955,1.3653275815583716,0.009253159473402167,0.5023770838844918,0.48629409814333957,0.5203423360438854,False
30,ALIVE,C2,mfe,1847,373,0.3382419779328522,"[0.16083197065546256, 0.6008042924342025]",0.3838929925837008,"[0.17695725696512138, 0.6554126304364388]",0.43924470349801154,0.504176650477254,-0.152962438813367,0.47325203830281987,0.43535792187104433,0.5120410021823523,False
30,ALIVE,C2,mae,1847,373,0.23952726107678296,"[0.10193852094404712, 0.42508203792320487]",0.24635166289297228,"[0.09539835670890127, 0.5071738339186453]",0.2998792411723907,0.3574489808614395,-0.19737344330886036,0.482916286246373,0.44489576003172404,0.5196823783722405,False
30,ALIVE,C2,cur,1847,373,0.07748603328886253,"[-0.1693229530044319, 0.36579556385951273]",0.09784558711377743,"[-0.2245541175679755, 0.43898225986339057]",0.12061004311937652,0.12478133654913019,-0.008186876478585512,0.4966506079708998,0.4588696602281238,0.5362024988033909,False
30,ALIVE,C2,fav_share,1847,373,0.5882352941176471,"[0.2886752136752137, 0.8561076604554865]",0.6153846153846154,"[0.28, 0.8636363636363636]",0.5612399698841322,0.5671508479367648,-0.018469520672548635,0.49377296129801096,0.45640559475393583,0.5326986937536148,False
30,ALIVE,C2,mfe_rate,1847,373,0.6764839558657044,"[0.32166394131092513, 1.201608584868405]",0.7677859851674016,"[0.35391451393024276, 1.3108252608728777]",0.8784894069960231,1.008353300954508,-0.152962438813367,0.47325203830281987,0.43535792187104433,0.5120410021823523,False
30,ALIVE,C2,mae_rate,1847,373,0.4790545221535659,"[0.20387704188809425, 0.8501640758464097]",0.49270332578594456,"[0.19079671341780255, 1.0143476678372907]",0.5997584823447814,0.714897961722879,-0.19737344330886036,0.482916286246373,0.44489576003172404,0.5196823783722405,False
30,ALIVE,C2,d_mfe,1847,373,0.3382419779328522,"[0.16083197065546256, 0.6008042924342025]",0.3838929925837008,"[0.17695725696512138, 0.6554126304364388]",0.43924470349801154,0.504176650477254,-0.152962438813367,0.47325203830281987,0.43535792187104433,0.5120410021823523,False
30,ALIVE,C2,d_mae,1847,373,0.23952726107678296,"[0.10193852094404712, 0.42508203792320487]",0.24635166289297228,"[0.09539835670890127, 0.5071738339186453]",0.2998792411723907,0.3574489808614395,-0.19737344330886036,0.482916286246373,0.44489576003172404,0.5196823783722405,False
30,ALIVE,C2,fav_expand_adv_stall,1847,373,0.0,"[0.0, 0.0]",0.0,"[0.0, 0.0]",0.07850568489442339,0.08042895442359249,-0.007134002790747984,0.49903836523541545,0.48399468987534494,0.513775507230877,False
30,ALIVE,C2,adv_expand_fav_stall,1847,373,0.0,"[0.0, 0.0]",0.0,"[0.0, 0.0]",0.04385489983757444,0.06970509383378017,-0.1207597021095825,0.48707490300189715,0.4731856770794285,0.5000090918438651,False
30,ALIVE,C2,aligned_5m,1764,369,0.0,"[0.0, 1.0]",0.0,"[0.0, 1.0]",0.4070294784580499,0.44173441734417346,-0.07047623805920478,0.4826475305569382,0.453965139042799,0.5091870551517073,False
30,ALIVE,C2,aligned_15m,1764,371,0.0,"[0.0, 1.0]",0.0,"[0.0, 1.0]",0.46598639455782315,0.4555256064690027,0.020966341227032784,0.5052303940444102,0.4781384943210542,0.5342192703705457,False
30,ALIVE,C2,aligned_1h,1765,371,1.0,"[0.0, 1.0]",0.0,"[0.0, 1.0]",0.5048158640226629,0.46630727762803237,0.07701443683133727,0.5192542931973153,0.4916243829905175,0.5456362160477674,False
30,ALIVE,C2,trans_5m,1764,369,0.0,"[0.0, 0.0]",0.0,"[0.0, 0.0]",0.0,0.0,0.0,0.5,0.5,0.5,False
30,ALIVE,C2,n_htf_aligned,1763,369,1.0,"[0.0, 2.0]",1.0,"[0.0, 2.0]",1.378899602949518,1.3604336043360434,0.016353138833758423,0.5039366871263721,0.4726201613687478,0.5354192623534381,False
30,ALIVE,C3,mfe,1440,4584,0.3496551114255726,"[0.1668645710563086, 0.6134214611745795]",0.2427886600320402,"[0.10018255159499322, 0.45322493700385846]",0.4637627312888044,0.3190801474399137,0.4265813063688985,0.6040810730560403,0.5856787584717142,0.6200149267404275,True
30,ALIVE,C3,mae,1440,4584,0.23894908780266674,"[0.10258972698226312, 0.4366672237686171]",0.3138477861199943,"[0.14527083858796996, 0.5355824344625092]",0.3106469464680289,0.3816338036446892,-0.2203691193482164,0.42578109850688384,0.41034550264605857,0.44030793994954753,False
30,ALIVE,C3,cur,1440,4584,0.08139516876669821,"[-0.17449018841040442, 0.38558321502393245]",-0.05501229468616459,"[-0.33275435845105705, 0.21032742289816894]",0.1328076484570609,-0.06507307436542402,0.4157629087767358,0.6076072268276129,0.5907456287593877,0.6230726292821942,True
30,ALIVE,C3,fav_share,1440,4584,0.6,"[0.29629629629629634, 0.8571428571428572]",0.42857142857142855,"[0.16666666666666669, 0.75]",0.5663257729378705,0.4594842319331623,0.33387519329750226,0.5947073607475276,0.577788361367883,0.6104869807256936,False
30,ALIVE,C3,mfe_rate,1440,4584,0.6993102228511452,"[0.3337291421126172, 1.226842922349159]",0.4855773200640804,"[0.20036510318998643, 0.9064498740077169]",0.9275254625776088,0.6381602948798274,0.4265813063688985,0.6040810730560403,0.5856787584717142,0.6200149267404275,True
30,ALIVE,C3,mae_rate,1440,4584,0.4778981756053335,"[0.20517945396452625, 0.8733344475372342]",0.6276955722399886,"[0.2905416771759399, 1.0711648689250184]",0.6212938929360577,0.7632676072893784,-0.2203691193482164,0.42578109850688384,0.41034550264605857,0.44030793994954753,False
30,ALIVE,C3,d_mfe,1440,4584,0.3496551114255726,"[0.1668645710563086, 0.6134214611745795]",0.2427886600320402,"[0.10018255159499322, 0.45322493700385846]",0.4637627312888044,0.3190801474399137,0.4265813063688985,0.6040810730560403,0.5856787584717142,0.6200149267404275,True
30,ALIVE,C3,d_mae,1440,4584,0.23894908780266674,"[0.10258972698226312, 0.4366672237686171]",0.3138477861199943,"[0.14527083858796996, 0.5355824344625092]",0.3106469464680289,0.3816338036446892,-0.2203691193482164,0.42578109850688384,0.41034550264605857,0.44030793994954753,False
30,ALIVE,C3,fav_expand_adv_stall,1440,4584,0.0,"[0.0, 0.0]",0.0,"[0.0, 0.0]",0.07708333333333334,0.05017452006980803,0.11656753663641682,0.5134544066317627,0.505939996579345,0.520969571225513,False
30,ALIVE,C3,adv_expand_fav_stall,1440,4584,0.0,"[0.0, 0.0]",0.0,"[0.0, 0.0]",0.04375,0.06849912739965096,-0.10226004389713224,0.4876254363001745,0.48161446895050036,0.4936653574107205,False
30,ALIVE,C3,aligned_5m,1385,4457,0.0,"[0.0, 1.0]",0.0,"[0.0, 1.0]",0.4187725631768953,0.4065514920350011,0.024850240601470494,0.5061105355709471,0.49208264281417535,0.5210083716734484,False
30,ALIVE,C3,aligned_15m,1386,4459,0.0,"[0.0, 1.0]",0.0,"[0.0, 1.0]",0.47113997113997114,0.46355685131195334,0.015200495174624915,0.5037915599140089,0.4880928443514807,0.5201728961333695,False
30,ALIVE,C3,aligned_1h,1387,4459,1.0,"[0.0, 1.0]",0.0,"[0.0, 1.0]",0.501802451333814,0.49181430814083876,0.01997494166974936,0.5049940715964876,0.48866175305595355,0.520062723547432,False
30,ALIVE,C3,trans_5m,1385,4457,0.0,"[0.0, 0.0]",0.0,"[0.0, 0.0]",0.0,0.0,0.0,0.5,0.5,0.5,False
30,ALIVE,C3,n_htf_aligned,1384,4457,1.0,"[0.0, 2.0]",1.0,"[0.0, 2.0]",1.3923410404624277,1.3619026250841373,0.02714610075875876,0.5073015461811712,0.4898450409113664,0.5254014640111739,False
30,PRE2,C1,mfe,2196,3804,0.3419227234472232,"[0.16124561630120438, 0.6006861891164158]",0.22805513476336114,"[0.09453754940040413, 0.4227776924694607]",0.42669589564161464,0.29735511854143,0.423391956022955,0.612656196430179,0.5972849661959582,0.6278917956098768,True
30,PRE2,C1,mae,2196,3804,0.24108048769715668,"[0.10174648924736338, 0.4366672237686171]",0.33067121001062016,"[0.1562828848374614, 0.5572425816869336]",0.3103527276102613,0.3968284780532319,-0.269357441121889,0.4119604232147543,0.39785783133900987,0.424968585978916,False
30,PRE2,C1,cur,2196,3804,0.07705273062118459,"[-0.1808390049259529, 0.3642761700660012]",-0.08351495632863822,"[-0.35561404097722804, 0.17704250171820368]",0.10229084089174187,-0.09893852452346213,0.44274004765044095,0.6209525157106219,0.6073409214058947,0.6350549647748863,True
30,PRE2,C1,fav_share,2196,3804,0.5872210953346857,"[0.2805263157894737, 0.8514764764764765]",0.4,"[0.15384615384615383, 0.714818763326226]",0.5583597628810857,0.43996512659194104,0.37277584882076686,0.6052886401812683,0.5907343725467323,0.6199260105862003,True
30,PRE2,C1,mfe_rate,2196,3804,0.6838454468944464,"[0.32249123260240875, 1.2013723782328316]",0.4561102695267223,"[0.18907509880080825, 0.8455553849389214]",0.8533917912832293,0.59471023708286,0.423391956022955,0.612656196430179,0.5972849661959582,0.6278917956098768,True
30,PRE2,C1,mae_rate,2196,3804,0.48216097539431335,"[0.20349297849472675, 0.8733344475372342]",0.6613424200212403,"[0.3125657696749228, 1.1144851633738673]",0.6207054552205226,0.7936569561064638,-0.269357441121889,0.4119604232147543,0.39785783133900987,0.424968585978916,False
30,PRE2,C1,d_mfe,2196,3804,0.3419227234472232,"[0.16124561630120438, 0.6006861891164158]",0.22805513476336114,"[0.09453754940040413, 0.4227776924694607]",0.42669589564161464,0.29735511854143,0.423391956022955,0.612656196430179,0.5972849661959582,0.6278917956098768,True
30,PRE2,C1,d_mae,2196,3804,0.24108048769715668,"[0.10174648924736338, 0.4366672237686171]",0.33067121001062016,"[0.1562828848374614, 0.5572425816869336]",0.3103527276102613,0.3968284780532319,-0.269357441121889,0.4119604232147543,0.39785783133900987,0.424968585978916,False
30,PRE2,C1,fav_expand_adv_stall,2196,3804,0.0,"[0.0, 0.0]",0.0,"[0.0, 0.0]",0.0778688524590164,0.04363827549947424,0.14902922322976012,0.5171152884797711,0.5105380262690209,0.5241889274693322,False
30,PRE2,C1,adv_expand_fav_stall,2196,3804,0.0,"[0.0, 0.0]",0.0,"[0.0, 0.0]",0.048724954462659384,0.07097791798107256,-0.09177748302093924,0.4888735182407934,0.48292537807799113,0.49515458615390484,False
30,PRE2,C1,aligned_5m,2111,3709,0.0,"[0.0, 1.0]",0.0,"[0.0, 1.0]",0.414021790620559,0.4073874359665678,0.013488032601120435,0.5033171773269955,0.4894606027803875,0.5171369971319748,False
30,PRE2,C1,aligned_15m,2113,3710,0.0,"[0.0, 1.0]",0.0,"[0.0, 1.0]",0.4647420728821581,0.4660377358490566,-0.002597048297156823,0.49935216851655073,0.48467099663753915,0.5134254945838062,False
30,PRE2,C1,aligned_1h,2114,3710,0.0,"[0.0, 1.0]",0.0,"[0.0, 1.0]",0.49763481551561023,0.4919137466307278,0.011441172576104374,0.5028605344424413,0.4903882932181453,0.5169162481745103,False
30,PRE2,C1,trans_5m,2111,3709,0.0,"[0.0, 0.0]",0.0,"[0.0, 0.0]",0.0,0.0,0.0,0.5,0.5,0.5,False
30,PRE2,C1,n_htf_aligned,2110,3709,1.0,"[0.0, 2.0]",1.0,"[0.0, 2.0]",1.3767772511848342,1.3653275815583716,0.01020712573519077,0.5026183268826052,0.4863187892843522,0.5205830158118441,False
30,PRE2,C2,mfe,1834,362,0.33607704453944065,"[0.16000917358757372, 0.5937366198156993]",0.3669234228157583,"[0.17054172739152487, 0.6306665119480714]",0.4233006255371673,0.4438973469442567,-0.057897718952627006,0.4838622218741151,0.44689900749335787,0.5219770519603141,False
30,PRE2,C2,mae,1834,362,0.2399165095245056,"[0.10218778215862993, 0.4262173531027307]",0.24708953237735906,"[0.09628617188369343, 0.5132599364751385]",0.3004753493479826,0.36039447272909836,-0.20516712771012033,0.48249606873241474,0.4443090020286086,0.520454958572665,False
30,PRE2,C2,cur,1834,362,0.07603839321385748,"[-0.17013285388779265, 0.36016479535637347]",0.09046267196302622,"[-0.2628425423281568, 0.40995074167679507]",0.10775710962035176,0.07459709269209946,0.07122990963754154,0.5063457587497063,0.4689363579617556,0.544914587053546,False
30,PRE2,C2,fav_share,1834,362,0.5833333333333334,"[0.2857142857142857, 0.8500000000000001]",0.5976190476190476,"[0.2633406432748538, 0.8571428571428571]",0.5586475644439011,0.5569016743004132,0.005464154079050134,0.5008193906384619,0.4637260723249828,0.5389476140023062,False
30,PRE2,C2,mfe_rate,1834,362,0.6721540890788813,"[0.32001834717514743, 1.1874732396313985]",0.7338468456315166,"[0.34108345478304974, 1.2613330238961429]",0.8466012510743346,0.8877946938885134,-0.057897718952627006,0.4838622218741151,0.44689900749335787,0.5219770519603141,False
30,PRE2,C2,mae_rate,1834,362,0.4798330190490112,"[0.20437556431725987, 0.8524347062054614]",0.4941790647547181,"[0.19257234376738686, 1.026519872950277]",0.6009506986959652,0.7207889454581967,-0.20516712771012033,0.48249606873241474,0.4443090020286086,0.520454958572665,False
30,PRE2,C2,d_mfe,1834,362,0.33607704453944065,"[0.16000917358757372, 0.5937366198156993]",0.3669234228157583,"[0.17054172739152487, 0.6306665119480714]",0.4233006255371673,0.4438973469442567,-0.057897718952627006,0.4838622218741151,0.44689900749335787,0.5219770519603141,False
30,PRE2,C2,d_mae,1834,362,0.2399165095245056,"[0.10218778215862993, 0.4262173531027307]",0.24708953237735906,"[0.09628617188369343, 0.5132599364751385]",0.3004753493479826,0.36039447272909836,-0.20516712771012033,0.48249606873241474,0.4443090020286086,0.520454958572665,False
30,PRE2,C2,fav_expand_adv_stall,1834,362,0.0,"[0.0, 0.0]",0.0,"[0.0, 0.0]",0.07742639040348964,0.08011049723756906,-0.010012135253354535,0.4986579465829603,0.48380754969876133,0.5136221174008617,False
30,PRE2,C2,adv_expand_fav_stall,1834,362,0.0,"[0.0, 0.0]",0.0,"[0.0, 0.0]",0.04416575790621592,0.0718232044198895,-0.12855215856448968,0.4861712767431632,0.4720940731666271,0.4992117586157279,False
30,PRE2,C2,aligned_5m,1753,358,0.0,"[0.0, 1.0]",0.0,"[0.0, 1.0]",0.40844266970907017,0.441340782122905,-0.06678044122743604,0.48355094379308255,0.45400907195393514,0.5106065147937727,False
30,PRE2,C2,aligned_15m,1753,360,0.0,"[0.0, 1.0]",0.0,"[0.0, 1.0]",0.4654877353108956,0.46111111111111114,0.00877098644128185,0.5021883120998922,0.4737785632003342,0.5318008763976961,False
30,PRE2,C2,aligned_1h,1754,360,1.0,"[0.0, 1.0]",0.0,"[0.0, 1.0]",0.5051311288483467,0.46111111111111114,0.08804759193334827,0.5220100088686178,0.49253883909868396,0.5489876727143399,False
30,PRE2,C2,trans_5m,1753,358,0.0,"[0.0, 0.0]",0.0,"[0.0, 0.0]",0.0,0.0,0.0,0.5,0.5,0.5,False
30,PRE2,C2,n_htf_aligned,1752,358,1.0,"[0.0, 2.0]",1.0,"[0.0, 2.0]",1.38013698630137,1.3603351955307263,0.01751837160603623,0.5044585916175608,0.47171471944134497,0.5352903895689027,False
30,PRE2,C3,mfe,1420,4580,0.3433337026475226,"[0.16308069369866024, 0.6019611995467311]",0.24270017774080183,"[0.10014121287289482, 0.45270054251157227]",0.4330360651905675,0.31730389632968986,0.3759102832440073,0.5990322283043238,0.5806051540726237,0.6155130517874037,False
30,PRE2,C3,mae,1420,4580,0.23934010917489973,"[0.10292815679005232, 0.4385480707125105]",0.3139603592181446,"[0.1453077645187991, 0.5361574184380312]",0.31155571662232073,0.3818037123892866,-0.21792026937443798,0.42659773048772986,0.4106986255969189,0.441684984972114,False
30,PRE2,C3,cur,1420,4580,0.07603839321385748,"[-0.1810440466758176, 0.36985769119766004]",-0.055054254379458135,"[-0.33289181726823963, 0.20961612252661532]",0.10602295558201581,-0.0660008859422374,0.3748249251163992,0.6030561535149763,0.5859836286481552,0.6193198038602241,True
30,PRE2,C3,fav_share,1420,4580,0.5882352941176471,"[0.29133064516129037, 0.8514764764764765]",0.42857142857142855,"[0.16666666666666669, 0.75]",0.5614294608066552,0.4590732634273269,0.32012598370413836,0.590892275047666,0.5736626949906953,0.6084533404805894,False
30,PRE2,C3,mfe_rate,1420,4580,0.6866674052950452,"[0.3261613873973205, 1.2039223990934622]",0.48540035548160365,"[0.20028242574578964, 0.9054010850231445]",0.866072130381135,0.6346077926593797,0.3759102832440073,0.5990322283043238,0.5806051540726237,0.6155130517874037,False
30,PRE2,C3,mae_rate,1420,4580,0.47868021834979946,"[0.20585631358010464, 0.877096141425021]",0.6279207184362892,"[0.2906155290375982, 1.0723148368760624]",0.6231114332446415,0.7636074247785732,-0.21792026937443798,0.42659773048772986,0.4106986255969189,0.441684984972114,False
30,PRE2,C3,d_mfe,1420,4580,0.3433337026475226,"[0.16308069369866024, 0.6019611995467311]",0.24270017774080183,"[0.10014121287289482, 0.45270054251157227]",0.4330360651905675,0.31730389632968986,0.3759102832440073,0.5990322283043238,0.5806051540726237,0.6155130517874037,False
30,PRE2,C3,d_mae,1420,4580,0.23934010917489973,"[0.10292815679005232, 0.4385480707125105]",0.3139603592181446,"[0.1453077645187991, 0.5361574184380312]",0.31155571662232073,0.3818037123892866,-0.21792026937443798,0.42659773048772986,0.4106986255969189,0.441684984972114,False
30,PRE2,C3,fav_expand_adv_stall,1420,4580,0.0,"[0.0, 0.0]",0.0,"[0.0, 0.0]",0.07605633802816901,0.05,0.1132809797817874,0.5130281690140845,0.5052590524802734,0.5203732806019301,False
30,PRE2,C3,adv_expand_fav_stall,1420,4580,0.0,"[0.0, 0.0]",0.0,"[0.0, 0.0]",0.044366197183098595,0.0685589519650655,-0.0997699437697138,0.48790362260901654,0.48186153243565577,0.4939204937480607,False
30,PRE2,C3,aligned_5m,1367,4453,0.0,"[0.0, 1.0]",0.0,"[0.0, 1.0]",0.42062911485003657,0.40646754996631485,0.02879283280569229,0.5070807824418608,0.49277831478583867,0.5216597504489574,False
30,PRE2,C3,aligned_15m,1368,4455,0.0,"[0.0, 1.0]",0.0,"[0.0, 1.0]",0.47149122807017546,0.4637485970819304,0.015519781656268996,0.5038713154941226,0.48805794819083237,0.5199469929930288,False
30,PRE2,C3,aligned_1h,1369,4455,1.0,"[0.0, 1.0]",0.0,"[0.0, 1.0]",0.5010956902848794,0.49180695847362516,0.01857619179070383,0.5046443659056271,0.4879814558880869,0.5196214945393172,False
30,PRE2,C3,trans_5m,1367,4453,0.0,"[0.0, 0.0]",0.0,"[0.0, 0.0]",0.0,0.0,0.0,0.5,0.5,0.5,False
30,PRE2,C3,n_htf_aligned,1366,4453,1.0,"[0.0, 2.0]",1.0,"[0.0, 2.0]",1.3938506588579795,1.3620031439479003,0.028393065486564558,0.507629383714534,0.4901874035830104,0.525696934708045,False
30,EARLY,C1,mfe,2014,3705,0.31387647772587085,"[0.14748591843079564, 0.5207413377585057]",0.22119852729916167,"[0.09190384148456034, 0.3969180958776695]",0.35007866713459096,0.27216103091078636,0.33472751452012295,0.5942174012680468,0.5787809098196328,0.608547439240812,False
30,EARLY,C1,mae,2014,3705,0.2613756274414798,"[0.11912081764836499, 0.4550174563581841]",0.3372400062750223,"[0.16605592616281314, 0.5611187228842884]",0.326154803689993,0.4028501548315901,-0.23933682444272592,0.42377768575437524,0.40979496895750744,0.4365394255351264,False
30,EARLY,C1,cur,2014,3705,0.0345081248653491,"[-0.2088609385696325, 0.2965268281413599]",-0.09607945698382425,"[-0.3610185020037455, 0.154868126370869]",0.02415876972159645,-0.12180618039234806,0.3552050390134434,0.6025372996313256,0.5888374878360837,0.6166944354116158,True
30,EARLY,C1,fav_share,2014,3705,0.5441558441558442,"[0.25, 0.8076923076923077]",0.3846153846153846,"[0.14999999999999997, 0.6956521739130435]",0.5257084543021552,0.4275766708708079,0.31522228072602576,0.5895256148927815,0.5755348951143869,0.6035684609195827,False
30,EARLY,C1,mfe_rate,2014,3705,0.6277529554517417,"[0.2949718368615913, 1.0414826755170115]",0.44239705459832335,"[0.18380768296912067, 0.793836191755339]",0.7001573342691819,0.5443220618215727,0.33472751452012295,0.5942174012680468,0.5787809098196328,0.608547439240812,False
30,EARLY,C1,mae_rate,2014,3705,0.5227512548829596,"[0.23824163529672998, 0.9100349127163682]",0.6744800125500446,"[0.3321118523256263, 1.1222374457685769]",0.652309607379986,0.8057003096631802,-0.23933682444272592,0.42377768575437524,0.40979496895750744,0.4365394255351264,False
30,EARLY,C1,d_mfe,2014,3705,0.31387647772587085,"[0.14748591843079564, 0.5207413377585057]",0.22119852729916167,"[0.09190384148456034, 0.3969180958776695]",0.35007866713459096,0.27216103091078636,0.33472751452012295,0.5942174012680468,0.5787809098196328,0.608547439240812,False
30,EARLY,C1,d_mae,2014,3705,0.2613756274414798,"[0.11912081764836499, 0.4550174563581841]",0.3372400062750223,"[0.16605592616281314, 0.5611187228842884]",0.326154803689993,0.4028501548315901,-0.23933682444272592,0.42377768575437524,0.40979496895750744,0.4365394255351264,False
30,EARLY,C1,fav_expand_adv_stall,2014,3705,0.0,"[0.0, 0.0]",0.0,"[0.0, 0.0]",0.06305858987090368,0.03940620782726046,0.11107323953385977,0.5118261910218216,0.5055407890152983,0.517982858556071,False
30,EARLY,C1,adv_expand_fav_stall,2014,3705,0.0,"[0.0, 0.0]",0.0,"[0.0, 0.0]",0.05312810327706058,0.0728744939271255,-0.0796201866987492,0.49012680467496755,0.48406081770527415,0.4969258812288845,False
30,EARLY,C1,aligned_5m,1934,3610,0.0,"[0.0, 1.0]",0.0,"[0.0, 1.0]",0.4120992761116856,0.403601108033241,0.01729856381754559,0.5042490840392223,0.48978572113988195,0.5191033265156636,False
30,EARLY,C1,aligned_15m,1936,3611,0.0,"[0.0, 1.0]",0.0,"[0.0, 1.0]",0.46797520661157027,0.465798947659928,0.004361508758967157,0.5010881294758212,0.48682135700235835,0.5156204097114959,False
30,EARLY,C1,aligned_1h,1937,3611,1.0,"[0.0, 1.0]",0.0,"[0.0, 1.0]",0.5064532782653588,0.4948767654389366,0.02315031627948461,0.5057882564132111,0.4924302710524736,0.5195374216855304,False
30,EARLY,C1,trans_5m,1934,3610,0.0,"[0.0, 0.0]",0.0,"[0.0, 0.0]",0.0,0.0,0.0,0.5,0.5,0.5,False
30,EARLY,C1,n_htf_aligned,1933,3610,1.0,"[0.0, 2.0]",1.0,"[0.0, 2.0]",1.386963269529229,1.3642659279778393,0.020224916005016275,0.5053614650343287,0.48917831762077146,0.5233393060537733,False
30,EARLY,C2,mfe,1682,332,0.31012340752108364,"[0.14677114028505084, 0.5134569736834171]",0.3411777131590946,"[0.15672050165195184, 0.5448185534839295]",0.34678600477451504,0.3667601674046141,-0.08076617063993208,0.48105203214761544,0.4462645970015784,0.5211333747617867,False
30,EARLY,C2,mae,1682,332,0.26178959624382314,"[0.12150322691465651, 0.4458120273913995]",0.2595879168637656,"[0.11184043466007597, 0.5344027356277155]",0.3163953015119492,0.3755990285799616,-0.20273543157734875,0.4863920605131585,0.447366845743338,0.5246142880697969,False
30,EARLY,C2,cur,1682,332,0.033184196283053254,"[-0.19820986531301535, 0.2923581656340147]",0.041062497026811584,"[-0.2902134231316779, 0.31924955653524945]",0.03028143234355838,-0.006860261995692627,0.09523270546709373,0.5055119407475324,0.4697143630483398,0.5410654972715746,False
30,EARLY,C2,fav_share,1682,332,0.5416666666666666,"[0.258363201911589, 0.8]",0.5663924794359576,"[0.25, 0.8333333333333333]",0.5255232280008596,0.5266468598406462,-0.003596961331654173,0.49795674970989784,0.460613030479285,0.5367824355514734,False
30,EARLY,C2,mfe_rate,1682,332,0.6202468150421673,"[0.2935422805701017, 1.0269139473668343]",0.6823554263181892,"[0.3134410033039037, 1.089637106967859]",0.6935720095490301,0.7335203348092282,-0.08076617063993208,0.48105203214761544,0.4462645970015784,0.5211333747617867,False
30,EARLY,C2,mae_rate,1682,332,0.5235791924876463,"[0.24300645382931302, 0.891624054782799]",0.5191758337275312,"[0.22368086932015194, 1.068805471255431]",0.6327906030238984,0.7511980571599232,-0.20273543157734875,0.4863920605131585,0.447366845743338,0.5246142880697969,False
30,EARLY,C2,d_mfe,1682,332,0.31012340752108364,"[0.14677114028505084, 0.5134569736834171]",0.3411777131590946,"[0.15672050165195184, 0.5448185534839295]",0.34678600477451504,0.3667601674046141,-0.08076617063993208,0.48105203214761544,0.4462645970015784,0.5211333747617867,False
30,EARLY,C2,d_mae,1682,332,0.26178959624382314,"[0.12150322691465651, 0.4458120273913995]",0.2595879168637656,"[0.11184043466007597, 0.5344027356277155]",0.3163953015119492,0.3755990285799616,-0.20273543157734875,0.4863920605131585,0.447366845743338,0.5246142880697969,False
30,EARLY,C2,fav_expand_adv_stall,1682,332,0.0,"[0.0, 0.0]",0.0,"[0.0, 0.0]",0.06183115338882283,0.06927710843373494,-0.030619942841252308,0.49627702247754396,0.48092805674473255,0.5103725034079343,False
30,EARLY,C2,adv_expand_fav_stall,1682,332,0.0,"[0.0, 0.0]",0.0,"[0.0, 0.0]",0.048156956004756245,0.0783132530120482,-0.13455368684534658,0.48492185149635403,0.4694842170063095,0.49862619218758136,False
30,EARLY,C2,aligned_5m,1606,328,0.0,"[0.0, 1.0]",0.0,"[0.0, 1.0]",0.4041095890410959,0.45121951219512196,-0.09572274021894449,0.47644503842298697,0.4468134371511793,0.504717101050176,False
30,EARLY,C2,aligned_15m,1606,330,0.0,"[0.0, 1.0]",0.0,"[0.0, 1.0]",0.4669987546699875,0.4727272727272727,-0.011474784381251171,0.49713574097135743,0.46822960253362916,0.524607264537288,False
30,EARLY,C2,aligned_1h,1607,330,1.0,"[0.0, 1.0]",0.0,"[0.0, 1.0]",0.5121344119477287,0.47878787878787876,0.06668514768777446,0.516673266579925,0.488050777405317,0.5468004782707276,False
30,EARLY,C2,trans_5m,1606,328,0.0,"[0.0, 0.0]",0.0,"[0.0, 0.0]",0.0,0.0,0.0,0.5,0.5,0.5,False
30,EARLY,C2,n_htf_aligned,1605,328,1.0,"[0.0, 2.0]",1.0,"[0.0, 2.0]",1.384423676012461,1.399390243902439,-0.013210514444101453,0.49572410911025,0.4652876901808662,0.5268204388499284,False
30,EARLY,C3,mfe,1296,4423,0.31598803269593445,"[0.14840385771953066, 0.5208482992375933]",0.23198545860782857,"[0.09701515443940197, 0.42637243449767115]",0.3522803372612416,0.2841645349407553,0.29108697207011397,0.5822156139484121,0.5649813943415963,0.598533290110028,False
30,EARLY,C3,mae,1296,4423,0.2609335622088909,"[0.11815324293260274, 0.4589261763305297]",0.32576035859167296,"[0.15506840902128852, 0.5447871069952726]",0.32710913497381366,0.39012031638178263,-0.19601783641644993,0.43660104448408016,0.4210605891649947,0.45134697638876664,False
30,EARLY,C3,cur,1296,4423,0.034589553726053685,"[-0.20852033566937286, 0.29828296424165374]",-0.07370069936318698,"[-0.34175508960362083, 0.18068005265401565]",0.025804769746564746,-0.09859351519916398,0.3008142612488767,0.5867463288143068,0.5710000556048839,0.6031071742712407,False
30,EARLY,C3,fav_share,1296,4423,0.5454545454545455,"[0.2625858123569794, 0.8]",0.4074074074074074,"[0.16, 0.7142857142857143]",0.5276142479853779,0.4429482991525737,0.27065605582647256,0.5772564428925119,0.5618899151437741,0.5937372694447587,False
30,EARLY,C3,mfe_rate,1296,4423,0.6319760653918689,"[0.2968077154390613, 1.0416965984751867]",0.46397091721565714,"[0.19403030887880393, 0.8527448689953423]",0.7045606745224832,0.5683290698815106,0.29108697207011397,0.5822156139484121,0.5649813943415963,0.598533290110028,False
30,EARLY,C3,mae_rate,1296,4423,0.5218671244177818,"[0.23630648586520547, 0.9178523526610594]",0.6515207171833459,"[0.31013681804257703, 1.089574213990545]",0.6542182699476273,0.7802406327635653,-0.19601783641644993,0.43660104448408016,0.4210605891649947,0.45134697638876664,False
30,EARLY,C3,d_mfe,1296,4423,0.31598803269593445,"[0.14840385771953066, 0.5208482992375933]",0.23198545860782857,"[0.09701515443940197, 0.42637243449767115]",0.3522803372612416,0.2841645349407553,0.29108697207011397,0.5822156139484121,0.5649813943415963,0.598533290110028,False
30,EARLY,C3,d_mae,1296,4423,0.2609335622088909,"[0.11815324293260274, 0.4589261763305297]",0.32576035859167296,"[0.15506840902128852, 0.5447871069952726]",0.32710913497381366,0.39012031638178263,-0.19601783641644993,0.43660104448408016,0.4210605891649947,0.45134697638876664,False
30,EARLY,C3,fav_expand_adv_stall,1296,4423,0.0,"[0.0, 0.0]",0.0,"[0.0, 0.0]",0.06172839506172839,0.043635541487678044,0.08489953404583467,0.5090464267870252,0.5017794093551138,0.516099293705027,False
30,EARLY,C3,adv_expand_fav_stall,1296,4423,0.0,"[0.0, 0.0]",0.0,"[0.0, 0.0]",0.04861111111111111,0.07099253900067827,-0.09024416742287636,0.4888092860552164,0.48246504567355697,0.49528634041028463,False
30,EARLY,C3,aligned_5m,1246,4298,0.0,"[0.0, 1.0]",0.0,"[0.0, 1.0]",0.41813804173354735,0.40321079571893903,0.030386774432106464,0.5074636230073042,0.4927104122618062,0.523571422843583,False
30,EARLY,C3,aligned_15m,1247,4300,0.0,"[0.0, 1.0]",0.0,"[0.0, 1.0]",0.4747393744987971,0.4641860465116279,0.021151034324802993,0.5052766639935846,0.4887775286472287,0.5217324321239879,False
30,EARLY,C3,aligned_1h,1248,4300,1.0,"[0.0, 1.0]",0.0,"[0.0, 1.0]",0.5080128205128205,0.49627906976744185,0.02346445260539975,0.5058668753726894,0.48955493003648964,0.5224283146940677,False
30,EARLY,C3,trans_5m,1246,4298,0.0,"[0.0, 0.0]",0.0,"[0.0, 0.0]",0.0,0.0,0.0,0.5,0.5,0.5,False
30,EARLY,C3,n_htf_aligned,1245,4298,1.0,"[0.0, 2.0]",1.0,"[0.0, 2.0]",1.4016064257028114,1.3636575151233132,0.033816925943131945,0.509030351279478,0.49060429180384546,0.5284631121721846,False
60,ALIVE,C1,mfe,2220,3737,0.5665712095356124,"[0.27279773782457273, 0.9361889570941058]",0.31938139807600924,"[0.1372668732502918, 0.5806529855081909]",0.7051380238500098,0.4052962566989127,0.6436088976151377,0.659688541900209,0.6451250809195561,0.6731485903277256,True
60,ALIVE,C1,mae,2220,3737,0.31639942505671353,"[0.13527074529930472, 0.5715335569419904]",0.48713241127624757,"[0.24730214411836157, 0.8060187474846757]",0.4144998226054487,0.5759446236850023,-0.351230827975801,0.3771245422570014,0.36433868884762705,0.38957397885456574,True
60,ALIVE,C1,cur,2220,3737,0.21240062091390974,"[-0.1880096539437071, 0.6421016087887504]",-0.14681872731194573,"[-0.5385880355284582, 0.21911842653912136]",0.26968041598840764,-0.16927005403083908,0.6659786678224557,0.6765553016222002,0.6634911625415715,0.6891723428244583,True
60,ALIVE,C1,fav_share,2220,3737,0.653010033444816,"[0.3333333333333333, 0.8724371373307543]",0.391304347826087,"[0.1509433962264151, 0.6923076923076923]",0.5947055348955801,0.42969101978214874,0.5370998330646297,0.649710769104668,0.6365873240664485,0.6628923863424239,True
60,ALIVE,C1,mfe_rate,2220,3737,0.5665712095356124,"[0.27279773782457273, 0.9361889570941058]",0.31938139807600924,"[0.1372668732502918, 0.5806529855081909]",0.7051380238500098,0.4052962566989127,0.6436088976151377,0.659688541900209,0.6451250809195561,0.6731485903277256,True
60,ALIVE,C1,mae_rate,2220,3737,0.31639942505671353,"[0.13527074529930472, 0.5715335569419904]",0.48713241127624757,"[0.24730214411836157, 0.8060187474846757]",0.4144998226054487,0.5759446236850023,-0.351230827975801,0.3771245422570014,0.36433868884762705,0.38957397885456574,True
60,ALIVE,C1,d_mfe,2220,3737,0.08985478997713976,"[0.0, 0.38142083821818545]",0.0,"[0.0, 0.13778895832145716]",0.2549835833144949,0.10544904189511714,0.5344521219436894,0.6237012634791602,0.6104294645696315,0.6364506832904563,True
60,ALIVE,C1,d_mae,2220,3737,0.0,"[0.0, 0.11865543262684819]",0.055177746129231764,"[0.0, 0.2952369992534194]",0.10494782787269086,0.18991476611973335,-0.29363165791779944,0.3897944104125533,0.37688330650970386,0.4026711616753449,True
60,ALIVE,C1,fav_expand_adv_stall,2220,3737,0.0,"[0.0, 1.0]",0.0,"[0.0, 1.0]",0.4963963963963964,0.3007760235483008,0.4122464691379238,0.5978101864240478,0.5859170798293954,0.6101317487054179,False
60,ALIVE,C1,adv_expand_fav_stall,2220,3737,0.0,"[0.0, 1.0]",0.0,"[0.0, 1.0]",0.2693693693693694,0.45865667647845865,-0.39539495052639606,0.4053563464454554,0.3932094360987472,0.4176366845777335,False
60,ALIVE,C1,aligned_5m,2133,3642,0.0,"[0.0, 1.0]",0.0,"[0.0, 1.0]",0.4219409282700422,0.4115870400878638,0.021008073595804238,0.5051769440910892,0.49140414839948937,0.5193207275327623,False
60,ALIVE,C1,aligned_15m,2135,3643,0.0,"[0.0, 1.0]",0.0,"[0.0, 1.0]",0.46557377049180326,0.4647268734559429,0.0016976563567251233,0.5004234485179302,0.4859094755864782,0.5143898293073127,False
60,ALIVE,C1,aligned_1h,2136,3643,0.0,"[0.0, 1.0]",0.0,"[0.0, 1.0]",0.49765917602996257,0.4921767773812792,0.010963790223416562,0.5027411993243417,0.4900191561261819,0.5168077658121223,False
60,ALIVE,C1,trans_5m,2133,3642,0.0,"[0.0, 0.0]",0.0,"[0.0, 0.0]",0.008907641819034223,0.004667764964305327,0.05387750527012624,0.5021199384273645,0.5000199727664397,0.5043626057290317,False
60,ALIVE,C1,n_htf_aligned,2132,3642,1.0,"[0.0, 2.0]",1.0,"[0.0, 2.0]",1.3855534709193247,1.3684788577704559,0.015203064978580642,0.5039944652392918,0.4878888170930983,0.5214212670647854,False
60,ALIVE,C2,mfe,1847,373,0.555738349235542,"[0.269299494007083, 0.9340882820231037]",0.5966477448620381,"[0.29324315253164035, 0.9744233954603572]",0.6904851693186121,0.7776951882454292,-0.14150977744517004,0.4758473635240684,0.44016486119551346,0.5139285755862983,False
60,ALIVE,C2,mae,1847,373,0.31356954532334486,"[0.1356083742118983, 0.5576949953330872]",0.3348741448165618,"[0.13485949071317702, 0.6469218483971915]",0.3952777549242818,0.5096825545280098,-0.28253133225020166,0.46754101644431734,0.42861306325672804,0.5018336750177608,False
60,ALIVE,C2,cur,1847,373,0.21338144224819075,"[-0.17784281200706353, 0.6333850899884198]",0.20270645038987953,"[-0.251598017482284, 0.656455437766621]",0.27503635914487334,0.24315916395089546,0.0434378711655933,0.5046151211079194,0.47026792780038984,0.5409787044483252,False
60,ALIVE,C2,fav_share,1847,373,0.6521739130434783,"[0.3333333333333333, 0.8727272727272727]",0.6538461538461537,"[0.3157894736842105, 0.8709677419354839]",0.5959533814501088,0.5885265199191347,0.024106277874290073,0.5059650385887702,0.4722574060560757,0.5428930884211192,False
60,ALIVE,C2,mfe_rate,1847,373,0.555738349235542,"[0.269299494007083, 0.9340882820231037]",0.5966477448620381,"[0.29324315253164035, 0.9744233954603572]",0.6904851693186121,0.7776951882454292,-0.14150977744517004,0.4758473635240684,0.44016486119551346,0.5139285755862983,False
60,ALIVE,C2,mae_rate,1847,373,0.31356954532334486,"[0.1356083742118983, 0.5576949953330872]",0.3348741448165618,"[0.13485949071317702, 0.6469218483971915]",0.3952777549242818,0.5096825545280098,-0.28253133225020166,0.46754101644431734,0.42861306325672804,0.5018336750177608,False
60,ALIVE,C2,d_mfe,1847,373,0.09028831977322874,"[0.0, 0.37821269950778813]",0.08916906709458094,"[0.0, 0.3939983426477902]",0.2512404658206006,0.2735185377681752,-0.05854783492404103,0.4971238048512841,0.46790614895163235,0.5267555995553052,False
60,ALIVE,C2,d_mae,1847,373,0.0,"[0.0, 0.11015830984486431]",0.0,"[0.0, 0.16639156605762728]",0.09539851375189116,0.15223357366657025,-0.23986060047483504,0.4826521088468947,0.4538741859649951,0.5106133051387188,False
60,ALIVE,C2,fav_expand_adv_stall,1847,373,0.0,"[0.0, 1.0]",0.0,"[0.0, 1.0]",0.4997292907417434,0.47989276139410186,0.03966057739930541,0.5099182646738207,0.4824477092008577,0.5383898032123827,False
60,ALIVE,C2,adv_expand_fav_stall,1847,373,0.0,"[0.0, 1.0]",0.0,"[0.0, 1.0]",0.26962642122360586,0.2680965147453083,0.003447041291915451,0.5007649532391487,0.4775951224986446,0.523579166191476,False
60,ALIVE,C2,aligned_5m,1764,369,0.0,"[0.0, 1.0]",0.0,"[0.0, 1.0]",0.41723356009070295,0.4444444444444444,-0.055083477095173576,0.48639455782312924,0.4580189167925744,0.5131603021202953,False
60,ALIVE,C2,aligned_15m,1764,371,0.0,"[0.0, 1.0]",0.0,"[0.0, 1.0]",0.467687074829932,0.4555256064690027,0.02437041362469762,0.5060807341804646,0.4788996556662799,0.5347931726068668,False
60,ALIVE,C2,aligned_1h,1765,371,1.0,"[0.0, 1.0]",0.0,"[0.0, 1.0]",0.5042492917847026,0.46630727762803237,0.07588068798087298,0.5189710070783351,0.4916243829905175,0.5456389157333207,False
60,ALIVE,C2,trans_5m,1764,369,0.0,"[0.0, 0.0]",0.0,"[0.0, 0.0]",0.01020408163265306,0.0027100271002710027,0.07975766487358582,0.503747027266191,0.500902759105093,0.5066169914966617,False
60,ALIVE,C2,n_htf_aligned,1763,369,1.0,"[0.0, 2.0]",1.0,"[0.0, 2.0]",1.3902439024390243,1.3631436314363143,0.02393395318408396,0.5058781302503893,0.4748916679365865,0.5368919912301876,False
60,ALIVE,C3,mfe,1440,4517,0.5720282535098189,"[0.27264195429036786, 0.9732816503520085]",0.3480458327942543,"[0.15348621144716743, 0.6333660528271139]",0.730293587881983,0.4490537431217186,0.5948081760970994,0.6382232707303274,0.6200523885801983,0.6551111695779939,True
60,ALIVE,C3,mae,1440,4517,0.31493249598990536,"[0.13522281435577432, 0.5712107307265277]",0.4519470018245789,"[0.22294022628775279, 0.7676381390653085]",0.41673119974756156,0.5473548233912909,-0.2822033335785218,0.39972026972179175,0.3838274740150251,0.4142022021890868,True
60,ALIVE,C3,cur,1440,4517,0.22568570086192546,"[-0.19507554563279936, 0.6860773664479464]",-0.08516360309498132,"[-0.48793560690946886, 0.28920933474637833]",0.29687063841366834,-0.10213978032646957,0.5946188754795628,0.6517852311022557,0.6359949951729833,0.667828946660434,True
60,ALIVE,C3,fav_share,1440,4517,0.6505813953488373,"[0.3333333333333333, 0.875]",0.4333333333333333,"[0.1702127659574468, 0.7333333333333333]",0.5955606639492744,0.4579132770217229,0.44130937588873315,0.6249430392590952,0.609064853857734,0.6412698366480409,True
60,ALIVE,C3,mfe_rate,1440,4517,0.5720282535098189,"[0.27264195429036786, 0.9732816503520085]",0.3480458327942543,"[0.15348621144716743, 0.6333660528271139]",0.730293587881983,0.4490537431217186,0.5948081760970994,0.6382232707303274,0.6200523885801983,0.6551111695779939,True
60,ALIVE,C3,mae_rate,1440,4517,0.31493249598990536,"[0.13522281435577432, 0.5712107307265277]",0.4519470018245789,"[0.22294022628775279, 0.7676381390653085]",0.41673119974756156,0.5473548233912909,-0.2822033335785218,0.39972026972179175,0.3838274740150251,0.4142022021890868,True
60,ALIVE,C3,d_mfe,1440,4517,0.09298311968784588,"[0.0, 0.40226142694266664]",0.0,"[0.0, 0.17291792834881634]",0.26653085659317866,0.12758959287714286,0.4913165674462599,0.6070623631712296,0.5916054494845763,0.6230271182306168,True
60,ALIVE,C3,d_mae,1440,4517,0.0,"[0.0, 0.11901770487119073]",0.030627550879228138,"[0.0, 0.2715804965436112]",0.10608425327953265,0.17488030421613687,-0.23659132754534895,0.4093272636705778,0.39577153794922315,0.42323794259288733,False
60,ALIVE,C3,fav_expand_adv_stall,1440,4517,1.0,"[0.0, 1.0]",0.0,"[0.0, 1.0]",0.5006944444444444,0.3331857427496126,0.3500595765865461,0.5837543508474159,0.5700672978938969,0.5976805515834105,False
60,ALIVE,C3,adv_expand_fav_stall,1440,4517,0.0,"[0.0, 1.0]",0.0,"[0.0, 1.0]",0.2701388888888889,0.4257250387425282,-0.32223928727932805,0.4222069250731803,0.4082716549890188,0.4351311483697167,False
60,ALIVE,C3,aligned_5m,1385,4390,0.0,"[0.0, 1.0]",0.0,"[0.0, 1.0]",0.42888086642599277,0.41116173120728927,0.03595457345516283,0.5088595676093517,0.4946354923625023,0.5230887051517014,False
60,ALIVE,C3,aligned_15m,1386,4392,0.0,"[0.0, 1.0]",0.0,"[0.0, 1.0]",0.4725829725829726,0.46265938069216755,0.01989315169506973,0.5049617959454025,0.48970840858115433,0.5209766167602714,False
60,ALIVE,C3,aligned_1h,1387,4392,1.0,"[0.0, 1.0]",0.0,"[0.0, 1.0]",0.5010814708002884,0.4920309653916211,0.01809963570090504,0.5045252527043337,0.487858177788832,0.5197001786208794,False
60,ALIVE,C3,trans_5m,1385,4390,0.0,"[0.0, 0.0]",0.0,"[0.0, 0.0]",0.010108303249097473,0.005011389521640091,0.06477102506773913,0.5025484568637287,0.49993425708788813,0.505017002479422,False
60,ALIVE,C3,n_htf_aligned,1384,4390,1.0,"[0.0, 2.0]",1.0,"[0.0, 2.0]",1.403179190751445,1.3658314350797267,0.033256525448288325,0.508953118622197,0.49188947673192074,0.5267295018684938,False
60,PRE2,C1,mfe,2115,3737,0.5371826784703533,"[0.2640028227796348, 0.8710705441343767]",0.31938139807600924,"[0.1372668732502918, 0.5806529855081909]",0.6121111709219869,0.4052962566989127,0.5380427859663297,0.6427936468172407,0.6273091871768302,0.6563967565823005,True
60,PRE2,C1,mae,2115,3737,0.328207919573156,"[0.14144238651064428, 0.5771098610171437]",0.48713241127624757,"[0.24730214411836157, 0.8060187474846757]",0.4190430825919129,0.5759446236850023,-0.34244725915080865,0.3828740895941233,0.3698789002081345,0.3958244934296848,True
60,PRE2,C1,cur,2115,3737,0.17931792240506378,"[-0.21211699683888763, 0.5743703200650987]",-0.14681872731194573,"[-0.5385880355284582, 0.21911842653912136]",0.1828779578040524,-0.16927005403083908,0.5769375356652993,0.6615959755837574,0.648320846319536,0.6747725858315781,True
60,PRE2,C1,fav_share,2115,3737,0.6285714285714287,"[0.31818181818181823, 0.8484848484848485]",0.391304347826087,"[0.1509433962264151, 0.6923076923076923]",0.5792311693503255,0.42969101978214874,0.4876325099568603,0.6366246170332962,0.6229535723922573,0.6499449752741268,True
60,PRE2,C1,mfe_rate,2115,3737,0.5371826784703533,"[0.2640028227796348, 0.8710705441343767]",0.31938139807600924,"[0.1372668732502918, 0.5806529855081909]",0.6121111709219869,0.4052962566989127,0.5380427859663297,0.6427936468172407,0.6273091871768302,0.6563967565823005,True
60,PRE2,C1,mae_rate,2115,3737,0.328207919573156,"[0.14144238651064428, 0.5771098610171437]",0.48713241127624757,"[0.24730214411836157, 0.8060187474846757]",0.4190430825919129,0.5759446236850023,-0.34244725915080865,0.3828740895941233,0.3698789002081345,0.3958244934296848,True
60,PRE2,C1,d_mfe,2115,3737,0.07291741926351114,"[0.0, 0.33434787318211623]",0.0,"[0.0, 0.13778895832145716]",0.21124097974417155,0.10544904189511714,0.4453271369536482,0.6095363532903032,0.5962902364286753,0.6220322857246978,True
60,PRE2,C1,d_mae,2115,3737,0.0,"[0.0, 0.1266577168057509]",0.055177746129231764,"[0.0, 0.2952369992534194]",0.10695069514844789,0.18991476611973335,-0.2888491958989067,0.39620572753077493,0.38306152817164957,0.40960362704190967,True
60,PRE2,C1,fav_expand_adv_stall,2115,3737,0.0,"[0.0, 1.0]",0.0,"[0.0, 1.0]",0.47754137115839246,0.3007760235483008,0.3730282151355873,0.5883826738050458,0.5763107101099233,0.600509759364257,False
60,PRE2,C1,adv_expand_fav_stall,2115,3737,0.0,"[0.0, 1.0]",0.0,"[0.0, 1.0]",0.28085106382978725,0.45865667647845865,-0.3694433332896263,0.4110971936756643,0.398899541308969,0.4238006077392035,False
60,PRE2,C1,aligned_5m,2030,3642,0.0,"[0.0, 1.0]",0.0,"[0.0, 1.0]",0.42266009852216746,0.4115870400878638,0.022466264585481892,0.5055365292171519,0.49148262895918965,0.5197922642086428,False
60,PRE2,C1,aligned_15m,2032,3643,0.0,"[0.0, 1.0]",0.0,"[0.0, 1.0]",0.46948818897637795,0.4647268734559429,0.009542582587067397,0.5023806577602176,0.4879060385610597,0.5163313212119011,False
60,PRE2,C1,aligned_1h,2033,3643,1.0,"[0.0, 1.0]",0.0,"[0.0, 1.0]",0.5041810132808657,0.4921767773812792,0.024006428339629984,0.5060021179497933,0.49262488172448615,0.5208267139071975,False
60,PRE2,C1,trans_5m,2030,3642,0.0,"[0.0, 0.0]",0.0,"[0.0, 0.0]",0.007881773399014778,0.004667764964305327,0.04226080567621933,0.5016070042173547,0.4996344095148911,0.5035892307906001,False
60,PRE2,C1,n_htf_aligned,2029,3642,1.0,"[0.0, 2.0]",1.0,"[0.0, 2.0]",1.3967471660916708,1.3684788577704559,0.0251760454497382,0.5068125984320164,0.49013000745056867,0.5236687548819341,False
60,PRE2,C2,mfe,1774,341,0.5337596983483477,"[0.26136786845688265, 0.875430171221138]",0.5541178574851912,"[0.27467002832002835, 0.8605358599105102]",0.6135343956052264,0.6047070636256026,0.01987985661141022,0.49897509480373065,0.46430783838365286,0.5358520895630652,False
60,PRE2,C2,mae,1774,341,0.3218443758924298,"[0.1414375464639988, 0.5614009981300386]",0.3595931927509075,"[0.144387085862015, 0.6549169301442086]",0.40080282645671095,0.513935206884723,-0.28456905181046027,0.4635299057417834,0.42607144808876085,0.5004559195825177,False
60,PRE2,C2,cur,1774,341,0.17998681411268602,"[-0.19019922710811976, 0.5807665026058578]",0.17851619286990472,"[-0.2834518817104656, 0.5535908089396483]",0.19714557039649722,0.10865289991843038,0.14517996715636086,0.5218503175553035,0.48685026772178347,0.5583818693153864,False
60,PRE2,C2,fav_share,1774,341,0.631578947368421,"[0.3235294117647059, 0.851063829787234]",0.6041666666666666,"[0.2666666666666666, 0.8421052631578947]",0.582655536860445,0.5614164245909352,0.0693008106830629,0.5195732096393987,0.4859876733866239,0.5561988669128244,False
60,PRE2,C2,mfe_rate,1774,341,0.5337596983483477,"[0.26136786845688265, 0.875430171221138]",0.5541178574851912,"[0.27467002832002835, 0.8605358599105102]",0.6135343956052264,0.6047070636256026,0.01987985661141022,0.49897509480373065,0.46430783838365286,0.5358520895630652,False
60,PRE2,C2,mae_rate,1774,341,0.3218443758924298,"[0.1414375464639988, 0.5614009981300386]",0.3595931927509075,"[0.144387085862015, 0.6549169301442086]",0.40080282645671095,0.513935206884723,-0.28456905181046027,0.4635299057417834,0.42607144808876085,0.5004559195825177,False
60,PRE2,C2,d_mfe,1774,341,0.0761126094290781,"[0.0, 0.3411265260775425]",0.050779862482468296,"[0.0, 0.3025891678289564]",0.2140093733456221,0.19683883825158127,0.05800105548056758,0.510047377069234,0.47855148071616144,0.5392586148144379,False
60,PRE2,C2,d_mae,1774,341,0.0,"[0.0, 0.11930069359000527]",0.0,"[0.0, 0.18194859764241056]",0.09890699870690917,0.14879678748654082,-0.2198593023292998,0.47801495700357394,0.4482181669420993,0.5083698310149768,False
60,PRE2,C2,fav_expand_adv_stall,1774,341,0.0,"[0.0, 1.0]",0.0,"[0.0, 1.0]",0.4819616685456595,0.45454545454545453,0.054873047118695464,0.5137081070001025,0.48482084765405037,0.5435019531286,False
60,PRE2,C2,adv_expand_fav_stall,1774,341,0.0,"[0.0, 1.0]",0.0,"[0.0, 1.0]",0.27959413754227735,0.2873900293255132,-0.017338908047595844,0.4961020541083821,0.4720816095603643,0.5204198902221088,False
60,PRE2,C2,aligned_5m,1693,337,0.0,"[0.0, 1.0]",0.0,"[0.0, 1.0]",0.41878322504430004,0.4421364985163205,-0.047259542447985414,0.4883233632639898,0.4581317831630551,0.5168952505433673,False
60,PRE2,C2,aligned_15m,1693,339,0.0,"[0.0, 1.0]",0.0,"[0.0, 1.0]",0.47017129356172477,0.46607669616519176,0.008200485040252021,0.5020472986982665,0.4722146009292615,0.5326557107732846,False
60,PRE2,C2,aligned_1h,1694,339,1.0,"[0.0, 1.0]",0.0,"[0.0, 1.0]",0.5106257378984652,0.471976401179941,0.07729543763620417,0.519324668359262,0.4887315540583944,0.5483454286305174,False
60,PRE2,C2,trans_5m,1693,337,0.0,"[0.0, 0.0]",0.0,"[0.0, 0.0]",0.009450679267572357,0.0,0.10690523100671512,0.5047253396337862,0.5026237160146451,0.5068784544629599,False
60,PRE2,C2,n_htf_aligned,1692,337,1.0,"[0.0, 2.0]",1.0,"[0.0, 2.0]",1.400709219858156,1.3768545994065282,0.021072936910417964,0.5049911961333137,0.4717589239111907,0.536245615042461,False
60,PRE2,C3,mfe,1364,4488,0.5371740845873301,"[0.26153929862826886, 0.8992396953111503]",0.3456613219774881,"[0.15286946022507655, 0.6285163340281346]",0.6227578529866311,0.4366678980191787,0.4782025139924765,0.6221939672296538,0.6041722010879568,0.6393620919988653,True
60,PRE2,C3,mae,1364,4488,0.3270503701414474,"[0.1423815925561548, 0.5755461906601168]",0.4545114250970298,"[0.22432790353945928, 0.7692662742339978]",0.4245751998710981,0.5480081563655462,-0.2675210353677212,0.40533823333385605,0.38897263898547485,0.42028641483452145,False
60,PRE2,C3,cur,1364,4488,0.1809119806862517,"[-0.2168373953620255, 0.5947752900817246]",-0.08879587625477466,"[-0.49088042963671225, 0.28191960239952024]",0.19070816357686504,-0.11272309409013341,0.48919939152220904,0.6362074688579777,0.6202028611071307,0.6524899848787514,True
60,PRE2,C3,fav_share,1364,4488,0.6219390304847576,"[0.32, 0.8486277873070325]",0.42857142857142855,"[0.16666666666666669, 0.7272727272727273]",0.577750720220861,0.4551642784582384,0.3945798026911926,0.6120019138687199,0.5960208833090199,0.6283708205107977,True
60,PRE2,C3,mfe_rate,1364,4488,0.5371740845873301,"[0.26153929862826886, 0.8992396953111503]",0.3456613219774881,"[0.15286946022507655, 0.6285163340281346]",0.6227578529866311,0.4366678980191787,0.4782025139924765,0.6221939672296538,0.6041722010879568,0.6393620919988653,True
60,PRE2,C3,mae_rate,1364,4488,0.3270503701414474,"[0.1423815925561548, 0.5755461906601168]",0.4545114250970298,"[0.22432790353945928, 0.7692662742339978]",0.4245751998710981,0.5480081563655462,-0.2675210353677212,0.40533823333385605,0.38897263898547485,0.42028641483452145,False
60,PRE2,C3,d_mfe,1364,4488,0.07391993869757166,"[0.0, 0.3507715753845969]",0.0,"[0.0, 0.1687255566087336]",0.21738288475197265,0.12128509066828985,0.40121851765376537,0.593092087208117,0.5769238831659439,0.6083347058639463,False
60,PRE2,C3,d_mae,1364,4488,0.0,"[0.0, 0.13261175063934788]",0.03238145803712969,"[0.0, 0.2728438318602381]",0.11145255537305047,0.17466375126995765,-0.21891981465064558,0.41668087856310215,0.40271138717713456,0.43086877746985885,False
60,PRE2,C3,fav_expand_adv_stall,1364,4488,0.0,"[0.0, 1.0]",0.0,"[0.0, 1.0]",0.4780058651026393,0.3302139037433155,0.30961334447252276,0.5738959806796619,0.5606284133801638,0.5880215761901195,False
60,PRE2,C3,adv_expand_fav_stall,1364,4488,0.0,"[0.0, 1.0]",0.0,"[0.0, 1.0]",0.2837243401759531,0.42803030303030304,-0.29755036965858567,0.42784701857282503,0.41369019492211784,0.44131825700891064,False
60,PRE2,C3,aligned_5m,1311,4361,0.0,"[0.0, 1.0]",0.0,"[0.0, 1.0]",0.43249427917620137,0.41045631735840404,0.04471844484864955,0.5110189809088986,0.4963174313272101,0.5261921113124376,False
60,PRE2,C3,aligned_15m,1312,4363,0.0,"[0.0, 1.0]",0.0,"[0.0, 1.0]",0.4771341463414634,0.4632133852853541,0.027901493645488825,0.5069603805280547,0.49057811578913524,0.5235603140329564,False
60,PRE2,C3,aligned_1h,1313,4363,1.0,"[0.0, 1.0]",0.0,"[0.0, 1.0]",0.5087585681645087,0.4927801971120788,0.031954806485310114,0.507989185526215,0.49083661738995854,0.5242360695615603,False
60,PRE2,C3,trans_5m,1311,4361,0.0,"[0.0, 0.0]",0.0,"[0.0, 0.0]",0.009153318077803204,0.004815409309791332,0.05704369054937316,0.5021689543840059,0.4996249141794404,0.5045985347118166,False
60,PRE2,C3,n_htf_aligned,1310,4361,1.0,"[0.0, 2.0]",1.0,"[0.0, 2.0]",1.419083969465649,1.3664297179545977,0.04690016442634643,0.512760572107735,0.4946721311103766,0.530765709057332,False
60,EARLY,C1,mfe,1723,3479,0.42367997879143987,"[0.21726318863597782, 0.6699687126553344]",0.29465229556013683,"[0.12561369807471567, 0.5140802713198591]",0.4451541836195283,0.3408545235590384,0.39854767098873284,0.6103268312303136,0.5940262665839225,0.626119897641589,True
60,EARLY,C1,mae,1723,3479,0.3897881765895584,"[0.2008572925208968, 0.6334965046609895]",0.5179120179619561,"[0.2796807623140285, 0.8247868292744824]",0.47081789916764333,0.5981970580382078,-0.29211316990835884,0.4046355906769695,0.3906315130881924,0.41888740465610896,False
60,EARLY,C1,cur,1723,3479,0.051734621657678316,"[-0.2968291053722866, 0.356493900153271]",-0.18794371655240102,"[-0.5631112634714281, 0.13946860656823057]",0.0021407781100663908,-0.2348552771296665,0.44722922391042086,0.6318299482659993,0.6172035144367285,0.6459323214484841,True
60,EARLY,C1,fav_share,1723,3479,0.5205479452054795,"[0.2605820105820106, 0.755328798185941]",0.35294117647058826,"[0.13819628647214854, 0.6285714285714286]",0.5078180105864082,0.39696445454658225,0.38170504061421345,0.6087124688267237,0.5940194086796668,0.6230952391652431,True
60,EARLY,C1,mfe_rate,1723,3479,0.42367997879143987,"[0.21726318863597782, 0.6699687126553344]",0.29465229556013683,"[0.12561369807471567, 0.5140802713198591]",0.4451541836195283,0.3408545235590384,0.39854767098873284,0.6103268312303136,0.5940262665839225,0.626119897641589,True
60,EARLY,C1,mae_rate,1723,3479,0.3897881765895584,"[0.2008572925208968, 0.6334965046609895]",0.5179120179619561,"[0.2796807623140285, 0.8247868292744824]",0.47081789916764333,0.5981970580382078,-0.29211316990835884,0.4046355906769695,0.3906315130881924,0.41888740465610896,False
60,EARLY,C1,d_mfe,1723,3479,0.0,"[0.0, 0.21151045315732894]",0.0,"[0.0, 0.10897439128298766]",0.13068385775653726,0.0801619101702149,0.31247471144143124,0.5777787527753371,0.5637777122541994,0.5920054108094274,False
60,EARLY,C1,d_mae,1723,3479,0.0,"[0.0, 0.18105844903275697]",0.07935934845184647,"[0.0, 0.31025673482706406]",0.12576710458661963,0.19753545364347863,-0.27080815458091706,0.41284536670316235,0.3977595441856421,0.4267547134578481,False
60,EARLY,C1,fav_expand_adv_stall,1723,3479,0.0,"[0.0, 1.0]",0.0,"[0.0, 1.0]",0.3929193267556587,0.26933026731819487,0.26924615637758353,0.5617945297187319,0.5490001187300547,0.5752571881098368,False
60,EARLY,C1,adv_expand_fav_stall,1723,3479,0.0,"[0.0, 1.0]",0.0,"[0.0, 1.0]",0.338943702843877,0.4874964070135096,-0.3023534125977212,0.4257236479151837,0.411667930820889,0.43914392764947546,False
60,EARLY,C1,aligned_5m,1655,3385,0.0,"[0.0, 1.0]",0.0,"[0.0, 1.0]",0.42900302114803623,0.40649926144756277,0.04569167016962826,0.5112518798502368,0.4964982734988815,0.5269349698563308,False
60,EARLY,C1,aligned_15m,1655,3386,0.0,"[0.0, 1.0]",0.0,"[0.0, 1.0]",0.4761329305135952,0.4651506202008269,0.02200443823046463,0.5054911551563841,0.49021419245964976,0.5207753077128386,False
60,EARLY,C1,aligned_1h,1656,3386,1.0,"[0.0, 1.0]",0.0,"[0.0, 1.0]",0.5211352657004831,0.49793266391021856,0.04640988542588476,0.5116013008951322,0.4975469887190858,0.5272223487466793,False
60,EARLY,C1,trans_5m,1655,3385,0.0,"[0.0, 0.0]",0.0,"[0.0, 0.0]",0.005438066465256798,0.00413589364844904,0.019317231450135353,0.5006510864084038,0.49860982266389514,0.5028285497026387,False
60,EARLY,C1,n_htf_aligned,1654,3385,1.0,"[0.0, 2.0]",1.0,"[0.0, 2.0]",1.4262394195888755,1.3695716395864106,0.050362615522865854,0.5139136313381999,0.49630899783417176,0.5324412972289659,False
60,EARLY,C2,mfe,1439,284,0.41546783918842317,"[0.21646996570338495, 0.6651774748982163]",0.47081233972331,"[0.22231406476011062, 0.6827825966109344]",0.4422123784412653,0.46006002042065663,-0.06478208205861899,0.4812589924536797,0.44852702478228806,0.5182807551895731,False
60,EARLY,C2,mae,1439,284,0.38274405230275355,"[0.2008572925208968, 0.6157994141291621]",0.4346570725549302,"[0.20542078418940124, 0.7005037260942533]",0.4504662279565634,0.5739378106913898,-0.3090636093135028,0.4600735056621872,0.41658969431900705,0.4973636526433856,False
60,EARLY,C2,cur,1439,284,0.04773735732772521,"[-0.2848049958959431, 0.356493900153271]",0.08628533365760221,"[-0.3725648085799052, 0.35397766620593796]",0.014750364602286074,-0.06175075344734249,0.15553185193868707,0.5169486341258112,0.48150691213782837,0.5575795674008475,False
60,EARLY,C2,fav_share,1439,284,0.5217391304347826,"[0.26666666666666666, 0.7568100358422939]",0.5175492610837439,"[0.23036858974358973, 0.75]",0.510056135516773,0.4964776522244539,0.04658896396717285,0.5126567256212745,0.47854584634426595,0.5524252752946542,False
60,EARLY,C2,mfe_rate,1439,284,0.41546783918842317,"[0.21646996570338495, 0.6651774748982163]",0.47081233972331,"[0.22231406476011062, 0.6827825966109344]",0.4422123784412653,0.46006002042065663,-0.06478208205861899,0.4812589924536797,0.44852702478228806,0.5182807551895731,False
60,EARLY,C2,mae_rate,1439,284,0.38274405230275355,"[0.2008572925208968, 0.6157994141291621]",0.4346570725549302,"[0.20542078418940124, 0.7005037260942533]",0.4504662279565634,0.5739378106913898,-0.3090636093135028,0.4600735056621872,0.41658969431900705,0.4973636526433856,False
60,EARLY,C2,d_mfe,1439,284,0.0,"[0.0, 0.21076549444281195]",0.007359108189308877,"[0.0, 0.21357535453881954]",0.13028863248938824,0.13268642521930982,-0.012721892178483673,0.4990579334240327,0.46681404831726764,0.5280111087555373,False
60,EARLY,C2,d_mae,1439,284,0.0,"[0.0, 0.1712683966452705]",0.0,"[0.0, 0.21523730123026652]",0.11653034648359621,0.17256884722834726,-0.2404016007126054,0.4786493456919418,0.4418031201046476,0.5117672894747536,False
60,EARLY,C2,fav_expand_adv_stall,1439,284,0.0,"[0.0, 1.0]",0.0,"[0.0, 1.0]",0.3954134815844336,0.38028169014084506,0.03096648705441696,0.5075658957217943,0.4757874934656725,0.538518784556689,False
60,EARLY,C2,adv_expand_fav_stall,1439,284,0.0,"[0.0, 1.0]",0.0,"[0.0, 1.0]",0.33842946490618486,0.3415492957746479,-0.0065871436978448905,0.4984400845657685,0.4713459661923688,0.5279775887326953,False
60,EARLY,C2,aligned_5m,1374,281,0.0,"[0.0, 1.0]",0.0,"[0.0, 1.0]",0.42066957787481807,0.4697508896797153,-0.09917626158953648,0.47545934409755136,0.4424867865035972,0.5054654965856119,False
60,EARLY,C2,aligned_15m,1373,282,0.0,"[0.0, 1.0]",0.0,"[0.0, 1.0]",0.4763292061179898,0.475177304964539,0.002305038294051059,0.5005759505767254,0.4698440549393852,0.5296936345923,False
60,EARLY,C2,aligned_1h,1374,282,1.0,"[0.0, 1.0]",0.0,"[0.0, 1.0]",0.5269286754002911,0.4929078014184397,0.06808379222260617,0.5170104369909257,0.48669126771325366,0.5490516131985432,False
60,EARLY,C2,trans_5m,1374,281,0.0,"[0.0, 0.0]",0.0,"[0.0, 0.0]",0.006550218340611353,0.0,0.08906313732436681,0.5032751091703057,0.5014449825923273,0.5055406538956732,False
60,EARLY,C2,n_htf_aligned,1373,281,1.0,"[0.0, 2.0]",1.0,"[0.0, 2.0]",1.4246176256372907,1.4341637010676156,-0.008413936630634996,0.49705816030045646,0.4641553912716789,0.5301553241918449,False
60,EARLY,C3,mfe,1091,4111,0.40949401508040156,"[0.21695678049355388, 0.6698531701718893]",0.3110779037985534,"[0.13743575145119988, 0.5437686005137141]",0.44069897294508725,0.358071264012467,0.31282855264312714,0.5862176793789036,0.5681841806265057,0.6043189255251847,False
60,EARLY,C3,mae,1091,4111,0.3996416324684167,"[0.20739342851922765, 0.6366211450595917]",0.49144237679962544,"[0.2623270636604358, 0.7927562466670419]",0.480944853718752,0.5759270177021687,-0.21662578180622263,0.4282010594633209,0.4123073228671198,0.44421935216585373,False
60,EARLY,C3,cur,1091,4111,0.03370139497170816,"[-0.3035126191461188, 0.3567702997341746]",-0.14843542511500118,"[-0.5241453136331649, 0.1865956684519014]",-0.005990997554591702,-0.19626289713412934,0.3550072316714366,0.605052149327295,0.5877255263093343,0.6211702257918544,True
60,EARLY,C3,fav_share,1091,4111,0.5,"[0.2605820105820106, 0.75]",0.37931034482758624,"[0.15319426336375488, 0.6597872340425532]",0.49931233251862117,0.41626368640966316,0.2833229431787783,0.581621684773654,0.5662382420365936,0.5975583089740518,False
60,EARLY,C3,mfe_rate,1091,4111,0.40949401508040156,"[0.21695678049355388, 0.6698531701718893]",0.3110779037985534,"[0.13743575145119988, 0.5437686005137141]",0.44069897294508725,0.358071264012467,0.31282855264312714,0.5862176793789036,0.5681841806265057,0.6043189255251847,False
60,EARLY,C3,mae_rate,1091,4111,0.3996416324684167,"[0.20739342851922765, 0.6366211450595917]",0.49144237679962544,"[0.2623270636604358, 0.7927562466670419]",0.480944853718752,0.5759270177021687,-0.21662578180622263,0.4282010594633209,0.4123073228671198,0.44421935216585373,False
60,EARLY,C3,d_mfe,1091,4111,0.0,"[0.0, 0.20308229580688864]",0.0,"[0.0, 0.12714439803017047]",0.12886100547302218,0.08841260409283001,0.2487738616758142,0.560381806340593,0.5443013748402488,0.577173386812949,False
60,EARLY,C3,d_mae,1091,4111,0.0,"[0.0, 0.1892110362184816]",0.05939783723538966,"[0.0, 0.2900739897349752]",0.13235268474916637,0.1847545087246576,-0.196772417471131,0.43476300756660774,0.41911752702089466,0.4499603993031363,False
60,EARLY,C3,fav_expand_adv_stall,1091,4111,0.0,"[0.0, 1.0]",0.0,"[0.0, 1.0]",0.384967919340055,0.2904402821697884,0.20501028278066838,0.5472638185851333,0.5335560392838342,0.561474696304401,False
60,EARLY,C3,adv_expand_fav_stall,1091,4111,0.0,"[0.0, 1.0]",0.0,"[0.0, 1.0]",0.3473877176901925,0.4624179031865726,-0.23282743517273485,0.44248490725180994,0.42673138548039874,0.4579865978379042,False
60,EARLY,C3,aligned_5m,1052,3988,0.0,"[0.0, 1.0]",0.0,"[0.0, 1.0]",0.44011406844106465,0.4069709127382146,0.0673035962976383,0.516571577851425,0.500553873859297,0.5326330361895505,False
60,EARLY,C3,aligned_15m,1052,3989,0.0,"[0.0, 1.0]",0.0,"[0.0, 1.0]",0.4847908745247148,0.4645274504888443,0.04060367550960926,0.5101317120179353,0.491106402111012,0.5270794267368598,False
60,EARLY,C3,aligned_1h,1053,3989,1.0,"[0.0, 1.0]",1.0,"[0.0, 1.0]",0.5242165242165242,0.5006267234895964,0.047181831188379014,0.5117949003634639,0.4929009061705695,0.5313238637929463,False
60,EARLY,C3,trans_5m,1052,3988,0.0,"[0.0, 0.0]",0.0,"[0.0, 0.0]",0.005703422053231939,0.004262788365095286,0.021371171705181602,0.5007203168440684,0.4983223036975238,0.5031720664227302,False
60,EARLY,C3,n_htf_aligned,1051,3988,1.0,"[0.0, 2.0]",1.0,"[0.0, 2.0]",1.4490960989533777,1.3721163490471415,0.06842186770524361,0.5189092491556496,0.49916925897840714,0.5395596789118251,False
120,ALIVE,C1,mfe,2219,3396,0.8926741562718672,"[0.49844072320197924, 1.4587978657442693]",0.4651801051153075,"[0.22342564101931775, 0.7842524980674057]",1.08025230836747,0.5493175955419565,0.8520894165578913,0.7146655052653202,0.7004201247216173,0.7284016027314131,True
120,ALIVE,C1,mae,2219,3396,0.3818359753166457,"[0.16132342696791221, 0.6952710563551403]",0.6712985199064867,"[0.352577963637296, 1.0160103311141568]",0.5020529379884142,0.7436010038375952,-0.47056337120892466,0.3422853597079723,0.32821031339872075,0.3545474327632939,True
120,ALIVE,C1,cur,2219,3396,0.4753444318037657,"[-0.03709875392679955, 1.0629082033755863]",-0.17372761862205677,"[-0.61669183254531, 0.29056817697879356]",0.5487101263984252,-0.19164522835510098,0.9280542488591361,0.7410027224988601,0.7278607302447307,0.7540789593367341,True
120,ALIVE,C1,fav_share,2219,3396,0.7142857142857143,"[0.4405882352941176, 0.8936170212765957]",0.40625,"[0.18518518518518517, 0.6749999999999999]",0.6464523843589357,0.4365879312233182,0.7261804327056212,0.6980779816245924,0.6849463999738195,0.7118044662253084,True
120,ALIVE,C1,mfe_rate,2219,3396,0.4463370781359336,"[0.24922036160098962, 0.7293989328721346]",0.23259005255765375,"[0.11171282050965888, 0.39212624903370286]",0.540126154183735,0.27465879777097824,0.8520894165578913,0.7146655052653202,0.7004201247216173,0.7284016027314131,True
120,ALIVE,C1,mae_rate,2219,3396,0.19091798765832285,"[0.08066171348395611, 0.34763552817757015]",0.33564925995324335,"[0.176288981818648, 0.5080051655570784]",0.2510264689942071,0.3718005019187976,-0.47056337120892466,0.3422853597079723,0.32821031339872075,0.3545474327632939,True
120,ALIVE,C1,d_mfe,2219,3396,0.1875910803381009,"[0.0, 0.5644039041277309]",0.0,"[0.0, 0.1753754040156298]",0.3761010853267884,0.12841542735949452,0.6558167077080861,0.6675777934542189,0.6534311751587748,0.6810424110444208,True
120,ALIVE,C1,d_mae,2219,3396,0.0,"[0.0, 0.04441157403641923]",0.04592676078201058,"[0.0, 0.3454667146809879]",0.08911118692028364,0.21185675731502904,-0.43809956647468823,0.357787917922684,0.3447796160631102,0.36971074205531046,True
120,ALIVE,C1,fav_expand_adv_stall,2219,3396,1.0,"[0.0, 1.0]",0.0,"[0.0, 1.0]",0.5592609283461019,0.2947585394581861,0.5598455636223089,0.6322511944439578,0.6195224206253703,0.6460762687466143,True
120,ALIVE,C1,adv_expand_fav_stall,2219,3396,0.0,"[0.0, 0.0]",0.0,"[0.0, 1.0]",0.1829652996845426,0.44257950530035334,-0.5687511866185431,0.37019289719209464,0.3577019625530928,0.38269817337606876,True
120,ALIVE,C1,aligned_5m,2132,3301,0.0,"[0.0, 1.0]",0.0,"[0.0, 1.0]",0.43855534709193245,0.41441987276582853,0.04884498580349115,0.512067737163052,0.498076054882176,0.5265492670788707,False
120,ALIVE,C1,aligned_15m,2134,3302,0.0,"[0.0, 1.0]",0.0,"[0.0, 1.0]",0.4676663542642924,0.46517262265293763,0.0049980262908167535,0.5012468658056773,0.4872020519689518,0.5153155850784993,False
120,ALIVE,C1,aligned_1h,2135,3302,0.0,"[0.0, 1.0]",0.0,"[0.0, 1.0]",0.497423887587822,0.4924288310115082,0.009989023141681761,0.502497528288157,0.4895493726423779,0.5172831763142147,False
120,ALIVE,C1,trans_5m,2132,3301,0.0,"[0.0, 0.0]",0.0,"[0.0, 0.0]",0.025328330206378986,0.008785216601029992,0.13514655655658056,0.5082715568026746,0.5047574899799918,0.5119694503544095,False
120,ALIVE,C1,n_htf_aligned,2131,3301,1.0,"[0.0, 2.0]",1.0,"[0.0, 2.0]",1.4040356640075082,1.3720084822780976,0.028514376444880744,0.507660676464095,0.4913836883155686,0.524824791697869,False
120,ALIVE,C2,mfe,1847,372,0.8777404092239613,"[0.4925025065866542, 1.4310271473321832]",0.9726343167856484,"[0.5523652694914316, 1.7500043256965063]",1.05610024168949,1.2001686179218498,-0.17083626026710347,0.45438403455763776,0.4145037156822705,0.4944503738737392,False
120,ALIVE,C2,mae,1847,372,0.37358243744416286,"[0.16039574380713556, 0.6737129393307033]",0.4206020767288302,"[0.1721833871763445, 0.7999325785714682]",0.4820502631300706,0.6013672940727169,-0.24685012010574617,0.4624718375045846,0.4249894597146133,0.4977300225361394,False
120,ALIVE,C2,cur,1847,372,0.4750344683360904,"[-0.03130289469161296, 1.0381720736176967]",0.4869974742086043,"[-0.08361430504613479, 1.1538938061490083]",0.5468240592206233,0.5580745513376727,-0.012041517948681725,0.4919638646803011,0.4534712363494701,0.530776454942793,False
120,ALIVE,C2,fav_share,1847,372,0.7142857142857143,"[0.44708846584546474, 0.8932370820668694]",0.7182539682539683,"[0.40803571428571433, 0.9]",0.647263856460098,0.6424233817491326,0.016996379184611287,0.5003150997549063,0.46544811949082837,0.5382690314705969,False
120,ALIVE,C2,mfe_rate,1847,372,0.4388702046119807,"[0.2462512532933271, 0.7155135736660916]",0.4863171583928242,"[0.2761826347457158, 0.8750021628482532]",0.528050120844745,0.6000843089609249,-0.17083626026710347,0.45438403455763776,0.4145037156822705,0.4944503738737392,False
120,ALIVE,C2,mae_rate,1847,372,0.18679121872208143,"[0.08019787190356778, 0.33685646966535165]",0.2103010383644151,"[0.08609169358817224, 0.3999662892857341]",0.2410251315650353,0.30068364703635847,-0.24685012010574617,0.4624718375045846,0.4249894597146133,0.4977300225361394,False
120,ALIVE,C2,d_mfe,1847,372,0.18496901346794004,"[0.0, 0.553488580162949]",0.2092062461987801,"[0.0, 0.6294008274617303]",0.3656150723708777,0.42816470341702206,-0.11913183357931767,0.481916330463233,0.4494737882225172,0.5163094980550504,False
120,ALIVE,C2,d_mae,1847,372,0.0,"[0.0, 0.0360743545913699]",0.0,"[0.0, 0.0866394703787716]",0.0867725082057887,0.10072285247316566,-0.06240630413501735,0.4813239720325317,0.4536416285165331,0.5085413033746563,False
120,ALIVE,C2,fav_expand_adv_stall,1847,372,1.0,"[0.0, 1.0]",1.0,"[0.0, 1.0]",0.5646995127233352,0.532258064516129,0.06533348537656317,0.5162207241036031,0.4888953558502715,0.5452087046476095,False
120,ALIVE,C2,adv_expand_fav_stall,1847,372,0.0,"[0.0, 0.0]",0.0,"[0.0, 0.0]",0.18191662154845695,0.1881720430107527,-0.016172013167873315,0.49687228926885213,0.4745297882205145,0.5183125356323153,False
120,ALIVE,C2,aligned_5m,1764,368,0.0,"[0.0, 1.0]",0.0,"[0.0, 1.0]",0.4331065759637188,0.46467391304347827,-0.06360540365736711,0.4842163314601203,0.4555264044896903,0.5105624462040148,False
120,ALIVE,C2,aligned_15m,1764,370,0.0,"[0.0, 1.0]",0.0,"[0.0, 1.0]",0.4699546485260771,0.45675675675675675,0.026440076652570477,0.5065989458846601,0.4787059644450229,0.5359958667513335,False
120,ALIVE,C2,aligned_1h,1765,370,1.0,"[0.0, 1.0]",0.0,"[0.0, 1.0]",0.5042492917847026,0.4648648648648649,0.07876801383259661,0.5196922134599189,0.4919981317430136,0.5470119835412395,False
120,ALIVE,C2,trans_5m,1764,368,0.0,"[0.0, 0.0]",0.0,"[0.0, 0.0]",0.026077097505668934,0.021739130434782608,0.02759774782313562,0.5021689835354431,0.4938127696971111,0.5095889886127428,False
120,ALIVE,C2,n_htf_aligned,1763,368,1.0,"[0.0, 2.0]",1.0,"[0.0, 2.0]",1.4083947816222349,1.3831521739130435,0.022247077799000693,0.5054178278132629,0.47375528998948196,0.5363803095584001,False
120,ALIVE,C3,mfe,1440,4175,0.9077133824145479,"[0.5016773049315983, 1.5040951803391491]",0.5219457618488149,"[0.24720259386139415, 0.887768896037209]",1.1307432099425268,0.6309681926732124,0.782423220109318,0.6825553892215569,0.6657775378677818,0.6980887529207569,True
120,ALIVE,C3,mae,1440,4175,0.38150236854683117,"[0.15953212394610888, 0.6968299840372821]",0.620930073523099,"[0.30257727976706555, 0.9760049456972351]",0.5051122157245759,0.6974761407869161,-0.3699402895370948,0.3711691616766467,0.3559343693414708,0.3858900179285199,True
120,ALIVE,C3,cur,1440,4175,0.49250880551076137,"[-0.031187272157118993, 1.134815626529873]",-0.08429121143952896,"[-0.5535396369741129, 0.421836170280022]",0.5972430039405239,-0.07024415585393336,0.8079786928943041,0.7030399201596806,0.6873566551930606,0.7184229154357208,True
120,ALIVE,C3,fav_share,1440,4175,0.7190241228070176,"[0.44, 0.9010946869334822]",0.45833333333333337,"[0.20794025157232704, 0.7333333333333333]",0.6491100274118101,0.47482922535421807,0.5866463147850104,0.66499750499002,0.6494599061283575,0.6806659461422883,True
120,ALIVE,C3,mfe_rate,1440,4175,0.45385669120727395,"[0.2508386524657992, 0.7520475901695746]",0.26097288092440746,"[0.12360129693069707, 0.4438844480186045]",0.5653716049712634,0.3154840963366062,0.782423220109318,0.6825553892215569,0.6657775378677818,0.6980887529207569,True
120,ALIVE,C3,mae_rate,1440,4175,0.19075118427341559,"[0.07976606197305444, 0.34841499201864107]",0.3104650367615495,"[0.15128863988353278, 0.48800247284861753]",0.25255610786228794,0.34873807039345806,-0.3699402895370948,0.3711691616766467,0.3559343693414708,0.3858900179285199,True
120,ALIVE,C3,d_mfe,1440,4175,0.20330920750435932,"[0.0, 0.6014178262410461]",0.0,"[0.0, 0.23679032719342055]",0.4004496220605438,0.16623225003252784,0.6112138542748682,0.6472905854956753,0.6308341833122565,0.662821738683261,True
120,ALIVE,C3,d_mae,1440,4175,0.0,"[0.0, 0.03426303037022343]",0.0,"[0.0, 0.3029991935771206]",0.0883810159770144,0.18920589427809514,-0.35610806873564294,0.37980854956753163,0.36661485332530414,0.39424006354022106,True
120,ALIVE,C3,fav_expand_adv_stall,1440,4175,1.0,"[0.0, 1.0]",0.0,"[0.0, 1.0]",0.5722222222222222,0.33964071856287426,0.48536307200901113,0.616290751829674,0.6020554067024605,0.6317038408491317,True
120,ALIVE,C3,adv_expand_fav_stall,1440,4175,0.0,"[0.0, 0.0]",0.0,"[0.0, 1.0]",0.1798611111111111,0.39520958083832336,-0.4637556105472467,0.3923257651363939,0.3797801597459629,0.405219188692872,True
120,ALIVE,C3,aligned_5m,1385,4048,0.0,"[0.0, 1.0]",0.0,"[0.0, 1.0]",0.44620938628158846,0.41625494071146246,0.060625243398413936,0.514977222785063,0.4999057875117799,0.530181892090816,False
120,ALIVE,C3,aligned_15m,1386,4050,0.0,"[0.0, 1.0]",0.0,"[0.0, 1.0]",0.4754689754689755,0.46296296296296297,0.0250664202296642,0.5062530062530063,0.4905015257502904,0.5220330640606659,False
120,ALIVE,C3,aligned_1h,1387,4050,1.0,"[0.0, 1.0]",0.0,"[0.0, 1.0]",0.5010814708002884,0.49209876543209874,0.017963787701081566,0.5044913526840948,0.4878085583460148,0.5203709862968103,False
120,ALIVE,C3,trans_5m,1385,4048,0.0,"[0.0, 0.0]",0.0,"[0.0, 0.0]",0.027436823104693142,0.011116600790513834,0.13326047485080592,0.5081601111570897,0.5041756072868622,0.512385557315641,False
120,ALIVE,C3,n_htf_aligned,1384,4048,1.0,"[0.0, 2.0]",1.0,"[0.0, 2.0]",1.4234104046242775,1.371294466403162,0.04640474724847605,0.5125936379058238,0.49547681447948283,0.5312677871441975,False
120,PRE2,C1,mfe,1952,3396,0.7957356546208012,"[0.4424943551881904, 1.2017238175771348]",0.4651801051153075,"[0.22342564101931775, 0.7842524980674057]",0.847870778021305,0.5493175955419565,0.6590350731182165,0.6756366578810172,0.6599329500677338,0.6901941834612833,True
120,PRE2,C1,mae,1952,3396,0.42178971859744063,"[0.19317586733133718, 0.7302944564866442]",0.6712985199064867,"[0.352577963637296, 1.0160103311141568]",0.5294774109211192,0.7436010038375952,-0.4185199964651925,0.3627729525092201,0.34900620040721386,0.37497413308041155,True
120,PRE2,C1,cur,1952,3396,0.3619699016427742,"[-0.10630599755559376, 0.8514690046081124]",-0.17372761862205677,"[-0.61669183254531, 0.29056817697879356]",0.34970134445412426,-0.19164522835510098,0.7720550330971964,0.7107079024986,0.6958455831686667,0.7249184115527291,True
120,PRE2,C1,fav_share,1952,3396,0.658994708994709,"[0.395442792501616, 0.8461538461538461]",0.40625,"[0.18518518518518517, 0.6749999999999999]",0.6095972964510263,0.4365879312233182,0.600101954804423,0.6663128421334646,0.6523983863916948,0.6803116485333733,True
120,PRE2,C1,mfe_rate,1952,3396,0.3978678273104006,"[0.2212471775940952, 0.6008619087885674]",0.23259005255765375,"[0.11171282050965888, 0.39212624903370286]",0.4239353890106525,0.27465879777097824,0.6590350731182165,0.6756366578810172,0.6599329500677338,0.6901941834612833,True
120,PRE2,C1,mae_rate,1952,3396,0.21089485929872032,"[0.09658793366566859, 0.3651472282433221]",0.33564925995324335,"[0.176288981818648, 0.5080051655570784]",0.2647387054605596,0.3718005019187976,-0.4185199964651925,0.3627729525092201,0.34900620040721386,0.37497413308041155,True
120,PRE2,C1,d_mfe,1952,3396,0.13938075128237934,"[0.0, 0.46208307901958345]",0.0,"[0.0, 0.1753754040156298]",0.28282871288253414,0.12841542735949452,0.5441401869583893,0.6417604667496959,0.6271621960110301,0.6573175759921354,True
120,PRE2,C1,d_mae,1952,3396,0.0,"[0.0, 0.08572162069456106]",0.04592676078201058,"[0.0, 0.3454667146809879]",0.09716942157118742,0.21185675731502904,-0.40910912435452224,0.37233609574427,0.35848911936902905,0.3846809440079739,True
120,PRE2,C1,fav_expand_adv_stall,1952,3396,1.0,"[0.0, 1.0]",0.0,"[0.0, 1.0]",0.5220286885245902,0.2947585394581861,0.48110154206378397,0.613635074533202,0.6005035886593764,0.6276710514886247,True
120,PRE2,C1,adv_expand_fav_stall,1952,3396,0.0,"[0.0, 0.0]",0.0,"[0.0, 1.0]",0.20543032786885246,0.44257950530035334,-0.5098909231234465,0.38142541128424956,0.36841286175888094,0.39470965587606505,True
120,PRE2,C1,aligned_5m,1873,3301,0.0,"[0.0, 1.0]",0.0,"[0.0, 1.0]",0.43299519487453286,0.41441987276582853,0.03762034640548854,0.5092876610543522,0.49436171566935955,0.525331070150616,False
120,PRE2,C1,aligned_15m,1874,3302,0.0,"[0.0, 1.0]",0.0,"[0.0, 1.0]",0.467982924226254,0.46517262265293763,0.005632429453477671,0.5014051507866581,0.4868556611815766,0.5154689917740659,False
120,PRE2,C1,aligned_1h,1875,3302,1.0,"[0.0, 1.0]",0.0,"[0.0, 1.0]",0.5082666666666666,0.4924288310115082,0.03167343634695861,0.5079189178275793,0.4943587970734619,0.5230464384797969,False
120,PRE2,C1,trans_5m,1873,3301,0.0,"[0.0, 0.0]",0.0,"[0.0, 0.0]",0.019220501868659905,0.008785216601029992,0.0937697721947124,0.505217642633815,0.5020478731647507,0.5088761389525575,False
120,PRE2,C1,n_htf_aligned,1872,3301,1.0,"[0.0, 2.0]",1.0,"[0.0, 2.0]",1.4097222222222223,1.3720084822780976,0.033560857778150335,0.5090228582636186,0.492352608949189,0.5266989059353921,False
120,PRE2,C2,mfe,1654,298,0.7939823569355496,"[0.44122763030061957, 1.2084219039739346]",0.7990166173843902,"[0.46469122950255787, 1.1709966103494454]",0.8474184682638465,0.8503812489569964,-0.005845322699279717,0.4998843560049666,0.4617343040787463,0.5386853592442509,False
120,PRE2,C2,mae,1654,298,0.4093384882855087,"[0.1893158009632332, 0.7012039143287307]",0.516026635513066,"[0.2121549157200489, 0.9225500874095437]",0.5050798891546163,0.6648918438130509,-0.337864220646369,0.4384246447497626,0.4018555571059781,0.47337834221931685,False
120,PRE2,C2,cur,1654,298,0.3665694332575481,"[-0.0939784804284981, 0.8503778931992247]",0.330198508436389,"[-0.1858264454100745, 0.88332657816765]",0.3536784364101601,0.32762714950350935,0.03653670378632511,0.513872207298962,0.4748317549995428,0.5516128535287399,False
120,PRE2,C2,fav_share,1654,298,0.6666666666666666,"[0.40624999999999994, 0.8484848484848485]",0.6330729166666667,"[0.3426190476190476, 0.8338551859099804]",0.6151303908178872,0.5788867659718728,0.12853721841478588,0.5345187180964592,0.49883320638627854,0.5709742997574087,False
120,PRE2,C2,mfe_rate,1654,298,0.3969911784677748,"[0.22061381515030978, 0.6042109519869673]",0.3995083086921951,"[0.23234561475127893, 0.5854983051747227]",0.42370923413192324,0.4251906244784982,-0.005845322699279717,0.4998843560049666,0.4617343040787463,0.5386853592442509,False
120,PRE2,C2,mae_rate,1654,298,0.20466924414275434,"[0.0946579004816166, 0.3506019571643654]",0.258013317756533,"[0.10607745786002445, 0.46127504370477185]",0.25253994457730816,0.33244592190652544,-0.337864220646369,0.4384246447497626,0.4018555571059781,0.47337834221931685,False
120,PRE2,C2,d_mfe,1654,298,0.13729002757056302,"[0.0, 0.4590686503256004]",0.1417299373456909,"[0.0, 0.4764880443958305]",0.2787037713968925,0.30572352233639744,-0.07668857828478925,0.4936132053269276,0.45537850829712356,0.5300480354087446,False
120,PRE2,C2,d_mae,1654,298,0.0,"[0.0, 0.07644178539372264]",0.0,"[0.0, 0.14907485764026343]",0.0941856942597874,0.11373010940023308,-0.0908435132602593,0.47091249198607404,0.44012547201676316,0.501178808095681,False
120,PRE2,C2,fav_expand_adv_stall,1654,298,1.0,"[0.0, 1.0]",0.0,"[0.0, 1.0]",0.5278113663845224,0.4899328859060403,0.07581993898450752,0.5189392402392411,0.4883753118095657,0.5512735969016268,False
120,PRE2,C2,adv_expand_fav_stall,1654,298,0.0,"[0.0, 0.0]",0.0,"[0.0, 0.0]",0.20253929866989118,0.2214765100671141,-0.04685510084232041,0.49053139430138853,0.4649824006643258,0.514853528412863,False
120,PRE2,C2,aligned_5m,1578,295,0.0,"[0.0, 1.0]",0.0,"[0.0, 1.0]",0.426489226869455,0.46779661016949153,-0.08336065790415349,0.47934630834998176,0.4484682592896048,0.5095963390433331,False
120,PRE2,C2,aligned_15m,1578,296,0.0,"[0.0, 1.0]",0.0,"[0.0, 1.0]",0.4670468948035488,0.47297297297297297,-0.011870302574121921,0.49703696091528793,0.4648840798426546,0.5290500156367802,False
120,PRE2,C2,aligned_1h,1579,296,1.0,"[0.0, 1.0]",0.0,"[0.0, 1.0]",0.5110829639012033,0.49324324324324326,0.03566830134394287,0.5089198603289801,0.47773656624884586,0.540462054832579,False
120,PRE2,C2,trans_5m,1578,295,0.0,"[0.0, 0.0]",0.0,"[0.0, 0.0]",0.01964512040557668,0.01694915254237288,0.01962572796889706,0.5013479839316018,0.4919210379933806,0.5087189659671334,False
120,PRE2,C2,n_htf_aligned,1577,295,1.0,"[0.0, 2.0]",1.0,"[0.0, 2.0]",1.4058338617628408,1.4305084745762713,-0.021687544101165343,0.49292585148802165,0.4578359924078355,0.5263730481112365,False
120,PRE2,C3,mfe,1247,4101,0.7940933581498784,"[0.4343491897578533, 1.2139912645129876]",0.5115643110602579,"[0.24372012345611838, 0.8618870138972783]",0.849864306417988,0.6000354847731871,0.5391386032587518,0.645606417117737,0.6277227262522529,0.6627653408317697,True
120,PRE2,C3,mae,1247,4101,0.42708685145502057,"[0.19773140663034017, 0.7322702404377524]",0.6304288935606314,"[0.314311586985473, 0.9820438645797784]",0.5362660815264747,0.7047269230643706,-0.3258299758187154,0.38953415043214173,0.3735529217015095,0.40527851034035195,True
120,PRE2,C3,cur,1247,4101,0.3578106823984191,"[-0.1102421242159875, 0.8650582372297198]",-0.09650581266726012,"[-0.561970915556839, 0.3921517190255946]",0.3426737030575135,-0.09644581293152685,0.6059816045868079,0.6710245530507062,0.6542404926126124,0.6866903593290946,True
120,PRE2,C3,fav_share,1247,4101,0.65625,"[0.3920807453416149, 0.8448275862068966]",0.4516129032258064,"[0.20430107526881722, 0.72]",0.6072057966245241,0.4670570369948818,0.47639981008882853,0.6347651823532782,0.618186465006231,0.6502863614316761,True
120,PRE2,C3,mfe_rate,1247,4101,0.3970466790749392,"[0.21717459487892665, 0.6069956322564938]",0.25578215553012895,"[0.12186006172805919, 0.43094350694863914]",0.424932153208994,0.30001774238659357,0.5391386032587518,0.645606417117737,0.6277227262522529,0.6627653408317697,True
120,PRE2,C3,mae_rate,1247,4101,0.21354342572751028,"[0.09886570331517008, 0.3661351202188762]",0.3152144467803157,"[0.1571557934927365, 0.4910219322898892]",0.26813304076323735,0.3523634615321853,-0.3258299758187154,0.38953415043214173,0.3735529217015095,0.40527851034035195,True
120,PRE2,C3,d_mfe,1247,4101,0.13654478866306785,"[0.0, 0.4622026998969508]",0.0,"[0.0, 0.22530777129789303]",0.2839481406049349,0.1546201188795894,0.44872900855761527,0.6182377330074011,0.6015145459665938,0.634650150404332,True
120,PRE2,C3,d_mae,1247,4101,0.0,"[0.0, 0.0842566367284939]",0.0,"[0.0, 0.3086900498539807]",0.09784354465297979,0.19193595673409672,-0.3325558382869565,0.39360165445594175,0.3785930939388712,0.4095082423833989,True
120,PRE2,C3,fav_expand_adv_stall,1247,4101,1.0,"[0.0, 1.0]",0.0,"[0.0, 1.0]",0.5244587008821171,0.3330894903682029,0.4002674461781463,0.5956846052569571,0.5801001066380499,0.6120003508322004,False
120,PRE2,C3,adv_expand_fav_stall,1247,4101,0.0,"[0.0, 0.0]",0.0,"[0.0, 1.0]",0.20689655172413793,0.4013655206047306,-0.41218883812479173,0.4027655155597037,0.389219041268518,0.4166488019126554,False
120,PRE2,C3,aligned_5m,1199,3975,0.0,"[0.0, 1.0]",0.0,"[0.0, 1.0]",0.44203502919099247,0.4148427672955975,0.05507798800882253,0.5135961309476975,0.49780168535743086,0.5290832876074016,False
120,PRE2,C3,aligned_15m,1200,3976,0.0,"[0.0, 1.0]",0.0,"[0.0, 1.0]",0.4741666666666667,0.46378269617706236,0.020812365512647646,0.5051919852448021,0.48929468223430544,0.5220263358712002,False
120,PRE2,C3,aligned_1h,1201,3976,1.0,"[0.0, 1.0]",0.0,"[0.0, 1.0]",0.5087427144046628,0.4949698189134809,0.027542516966426973,0.506886447745591,0.4890637714269665,0.5244147048556147,False
120,PRE2,C3,trans_5m,1199,3975,0.0,"[0.0, 0.0]",0.0,"[0.0, 0.0]",0.020016680567139282,0.010314465408805032,0.08715299213921297,0.5048511075791672,0.5009145723017999,0.5091680263082208,False
120,PRE2,C3,n_htf_aligned,1198,3975,1.0,"[0.0, 2.0]",1.0,"[0.0, 2.0]",1.4257095158597664,1.3735849056603773,0.04638771119708056,0.5125639168005376,0.4944850902580612,0.530786736377963,False
120,EARLY,C1,mfe,1256,2890,0.5519643159153044,"[0.31044043903003077, 0.7697753770368778]",0.3838114263249765,"[0.18930240708846874, 0.6208712301354519]",0.5332350501373881,0.4144460345493269,0.43404138365292744,0.6219006898375686,0.603922110979689,0.6389427014434477,True
120,EARLY,C1,mae,1256,2890,0.5649182822080989,"[0.32402474263531794, 0.8744771096443837]",0.7437287709585898,"[0.44685297224362647, 1.0828952102456695]",0.654595773462859,0.8171439499642319,-0.31783605696725126,0.39277585237916823,0.3771259576160139,0.40796293552951124,True
120,EARLY,C1,cur,1256,2890,0.07165781632520007,"[-0.31585977421150446, 0.40362829276544243]",-0.2770867931200902,"[-0.705233834637093, 0.10773224376494367]",-0.001252326641022964,-0.3304638792653341,0.5522438609846742,0.662693121459899,0.6464676504730503,0.6798747720339245,True
120,EARLY,C1,fav_share,1256,2890,0.49199084668192217,"[0.27586206896551724, 0.6842105263157894]",0.3333333333333333,"[0.15625, 0.5510204081632654]",0.4809829758516687,0.3678645876662351,0.4408060667089503,0.6248723084213078,0.6090052034843605,0.6407534904595069,True
120,EARLY,C1,mfe_rate,1256,2890,0.2759821579576522,"[0.15522021951501538, 0.3848876885184389]",0.19190571316248825,"[0.09465120354423437, 0.31043561506772593]",0.2666175250686941,0.20722301727466344,0.43404138365292744,0.6219006898375686,0.603922110979689,0.6389427014434477,True
120,EARLY,C1,mae_rate,1256,2890,0.28245914110404946,"[0.16201237131765897, 0.43723855482219187]",0.3718643854792949,"[0.22342648612181323, 0.5414476051228347]",0.3272978867314295,0.40857197498211595,-0.31783605696725126,0.39277585237916823,0.3771259576160139,0.40796293552951124,True
120,EARLY,C1,d_mfe,1256,2890,0.026077583501032738,"[0.0, 0.2610125026144639]",0.0,"[0.0, 0.10856774772402529]",0.1470569741425887,0.08531704927460637,0.35336704812324976,0.5958491283362352,0.5793147437620294,0.6150050592254388,False
120,EARLY,C1,d_mae,1256,2890,0.0,"[0.0, 0.19739371042837278]",0.09953294361976345,"[0.0, 0.3858735641033718]",0.13581120373772226,0.23485694969551424,-0.337081227336974,0.3938074405483437,0.3769645037023483,0.40992069439406376,True
120,EARLY,C1,fav_expand_adv_stall,1256,2890,0.0,"[0.0, 1.0]",0.0,"[0.0, 0.0]",0.39331210191082805,0.2366782006920415,0.35172914791494103,0.5783169506093933,0.5635283338536492,0.5953737020664921,False
120,EARLY,C1,adv_expand_fav_stall,1256,2890,0.0,"[0.0, 1.0]",1.0,"[0.0, 1.0]",0.304140127388535,0.5003460207612457,-0.4017663330989745,0.40189705331364467,0.38469727487969807,0.4185786911630847,False
120,EARLY,C1,aligned_5m,1200,2801,0.0,"[0.0, 1.0]",0.0,"[0.0, 1.0]",0.4225,0.4073545162441985,0.0307678209550284,0.5075727418779008,0.49109875202262815,0.5250046926760962,False
120,EARLY,C1,aligned_15m,1200,2802,0.0,"[0.0, 1.0]",0.0,"[0.0, 1.0]",0.4741666666666667,0.4685938615274804,0.011162727903155967,0.5027864025695932,0.48703796159104107,0.520542082588032,False
120,EARLY,C1,aligned_1h,1201,2802,1.0,"[0.0, 1.0]",0.0,"[0.0, 1.0]",0.5270607826810991,0.49785867237687365,0.05841567778674165,0.5146010551521127,0.4986962702494763,0.5327820367328213,False
120,EARLY,C1,trans_5m,1200,2801,0.0,"[0.0, 0.0]",0.0,"[0.0, 0.0]",0.010833333333333334,0.006069260978222063,0.05522895862527481,0.5023820361775556,0.4993664554987556,0.5056631838327441,False
120,EARLY,C1,n_htf_aligned,1199,2801,1.0,"[0.0, 2.0]",1.0,"[0.0, 2.0]",1.4236864053377816,1.3737950731881472,0.04443383798424468,0.5123188161978371,0.4938388754424772,0.5336950144122866,False
120,EARLY,C2,mfe,1066,190,0.5504624957627942,"[0.3090236780037239, 0.7693849683541438]",0.5574051083461963,"[0.31476711030201193, 0.7691939973098134]",0.5339920191450239,0.5289880555998109,0.01800013287667063,0.5045669991112867,0.46253054100788316,0.5508983861830229,False
120,EARLY,C2,mae,1066,190,0.5464118502420534,"[0.32266444459853605, 0.8396962187753316]",0.6906258093025974,"[0.35249313284407024, 1.0640188403357205]",0.6267218274227342,0.8109832812458756,-0.3782662328085367,0.4299693887627135,0.38095636155161167,0.47717394727713314,False
120,EARLY,C2,cur,1066,190,0.08021078857757434,"[-0.29869934989451696, 0.410635243335574]",0.027422086138348824,"[-0.47052811216199153, 0.3506815523705249]",0.011007742849372221,-0.07003776915029276,0.14562489173717327,0.5443714821763602,0.5060966779864776,0.5867115741797558,False
120,EARLY,C2,fav_share,1066,190,0.5,"[0.28158967391304346, 0.6837928153717627]",0.423963133640553,"[0.2277462121212121, 0.6819078947368421]",0.48639505639998826,0.4506183555121499,0.1372325265015082,0.5402611829762022,0.49384883792693723,0.5877999948038716,False
120,EARLY,C2,mfe_rate,1066,190,0.2752312478813971,"[0.15451183900186194, 0.3846924841770719]",0.27870255417309814,"[0.15738355515100597, 0.3845969986549067]",0.26699600957251196,0.26449402779990544,0.01800013287667063,0.5045669991112867,0.46253054100788316,0.5508983861830229,False
120,EARLY,C2,mae_rate,1066,190,0.2732059251210267,"[0.16133222229926802, 0.4198481093876658]",0.3453129046512987,"[0.17624656642203512, 0.5320094201678602]",0.3133609137113671,0.4054916406229378,-0.3782662328085367,0.4299693887627135,0.38095636155161167,0.47717394727713314,False
120,EARLY,C2,d_mfe,1066,190,0.0324697291635003,"[0.0, 0.2672071375123948]",0.0,"[0.0, 0.21755957409201138]",0.1501198165158837,0.12987281640610196,0.10116468187307871,0.5331934432704651,0.49208344192720554,0.5748020657758758,False
120,EARLY,C2,d_mae,1066,190,0.0,"[0.0, 0.1824364520219149]",0.0,"[0.0, 0.2721217004051538]",0.13194266238901034,0.15751575677838997,-0.10568568142428077,0.4598400315986966,0.4182086662151325,0.5043532760182572,False
120,EARLY,C2,fav_expand_adv_stall,1066,190,0.0,"[0.0, 1.0]",0.0,"[0.0, 1.0]",0.4080675422138837,0.3105263157894737,0.20003469258990436,0.548770613212205,0.5135641673029632,0.5841440193941414,False
120,EARLY,C2,adv_expand_fav_stall,1066,190,0.0,"[0.0, 1.0]",0.0,"[0.0, 1.0]",0.29924953095684803,0.33157894736842103,-0.07024117756948575,0.4838352917942135,0.45171464970190206,0.517091698637874,False
120,EARLY,C2,aligned_5m,1013,187,0.0,"[0.0, 1.0]",0.0,"[0.0, 1.0]",0.4126357354392892,0.47593582887700536,-0.12818062995845303,0.46834995328114193,0.43050583518813706,0.5065477477002481,False
120,EARLY,C2,aligned_15m,1012,188,0.0,"[0.0, 1.0]",0.0,"[0.0, 1.0]",0.4733201581027668,0.4787234042553192,-0.010812007332065075,0.4972983769237238,0.4583101299994989,0.5388944763933197,False
120,EARLY,C2,aligned_1h,1013,188,1.0,"[0.0, 1.0]",1.0,"[0.0, 1.0]",0.527147087857848,0.526595744680851,0.0011033850918782632,0.5002756715884985,0.4573491516082701,0.5416586818677358,False
120,EARLY,C2,trans_5m,1013,187,0.0,"[0.0, 0.0]",0.0,"[0.0, 0.0]",0.01085883514313919,0.0106951871657754,0.0015795475700027687,0.5000818239886818,0.491023069915277,0.5069105095675116,False
120,EARLY,C2,n_htf_aligned,1012,187,1.0,"[0.0, 2.0]",1.0,"[1.0, 3.0]",1.4140316205533596,1.4759358288770053,-0.05471606289704419,0.48404440827714484,0.438760905199537,0.528311316021433,False
120,EARLY,C3,mfe,794,3352,0.5406129834827651,"[0.3025554953981635, 0.7620024797764422]",0.41043856256235944,"[0.20063079285940255, 0.6474294325084572]",0.5274446051284403,0.4321901092924023,0.34444489276342594,0.5979902971570791,0.575952431548027,0.6201114538343938,False
120,EARLY,C3,mae,794,3352,0.5750940656432963,"[0.3288495980965961, 0.8923782396113871]",0.7131185857968994,"[0.4190399083834049, 1.0505901883285989]",0.6692968819864118,0.7912579303606116,-0.23699416921692312,0.41787244578972366,0.3973428590640323,0.4379430602573101,False
120,EARLY,C3,cur,794,3352,0.0560076631567166,"[-0.33678481056553733, 0.3934194531356912]",-0.2221455053502086,"[-0.6492153334870362, 0.15977062600863035]",-0.016176139858875227,-0.28155419996718184,0.4378411669596025,0.6316135935987688,0.6096216698051453,0.6525036678533569,True
120,EARLY,C3,fav_share,794,3352,0.4821200510855683,"[0.26963141025641024, 0.6744186046511628]",0.35714285714285715,"[0.16666666666666666, 0.576923076923077]",0.4721099421012644,0.38555727386536737,0.3334001909590453,0.5974402289245715,0.5757284642063688,0.6188472302945816,False
120,EARLY,C3,mfe_rate,794,3352,0.27030649174138255,"[0.15127774769908175, 0.3810012398882211]",0.20521928128117972,"[0.10031539642970128, 0.3237147162542286]",0.26372230256422013,0.21609505464620116,0.34444489276342594,0.5979902971570791,0.575952431548027,0.6201114538343938,False
120,EARLY,C3,mae_rate,794,3352,0.2875470328216482,"[0.16442479904829804, 0.44618911980569353]",0.3565592928984497,"[0.20951995419170244, 0.5252950941642994]",0.3346484409932059,0.3956289651803058,-0.23699416921692312,0.41787244578972366,0.3973428590640323,0.4379430602573101,False
120,EARLY,C3,d_mfe,794,3352,0.031401829279076615,"[0.0, 0.2708730455274013]",0.0,"[0.0, 0.1257413078142718]",0.15101936558231044,0.0928879640973596,0.3311883588316051,0.5878827933847532,0.56689013368791,0.6091269678038024,False
120,EARLY,C3,d_mae,794,3352,0.0,"[0.0, 0.19329213307659185]",0.07625425052038215,"[0.0, 0.3613735188299243]",0.13883615960602516,0.22048912463825515,-0.27623024214556136,0.41040650944133505,0.3912677317090279,0.43006637878800213,False
120,EARLY,C3,fav_expand_adv_stall,794,3352,0.0,"[0.0, 1.0]",0.0,"[0.0, 1.0]",0.4005037783375315,0.256563245823389,0.3216289506818604,0.5719702662570713,0.5536283158152179,0.5921359838113572,False
120,EARLY,C3,adv_expand_fav_stall,794,3352,0.0,"[0.0, 1.0]",0.0,"[0.0, 1.0]",0.3110831234256927,0.4716587112171838,-0.3259904108298173,0.41971220610425447,0.4008748105636817,0.43820986815495133,False
120,EARLY,C3,aligned_5m,764,3237,0.0,"[0.0, 1.0]",0.0,"[0.0, 1.0]",0.43455497382198954,0.40654927401915353,0.056901731951374136,0.514002849901418,0.4954543109004714,0.5317923106007189,False
120,EARLY,C3,aligned_15m,764,3238,0.0,"[0.0, 1.0]",0.0,"[0.0, 1.0]",0.4816753926701571,0.46757257566399013,0.02825032499061276,0.5070514085030835,0.48715084845443124,0.5278964682065937,False
120,EARLY,C3,aligned_1h,765,3238,1.0,"[0.0, 1.0]",1.0,"[0.0, 1.0]",0.5294117647058824,0.5012353304508956,0.05635756510447494,0.5140882171274934,0.4924141746754649,0.5370905268606905,False
120,EARLY,C3,trans_5m,764,3237,0.0,"[0.0, 0.0]",0.0,"[0.0, 0.0]",0.011780104712041885,0.006487488415199258,0.06135445831790687,0.5026463081484213,0.49889612565065355,0.5067652434001312,False
120,EARLY,C3,n_htf_aligned,763,3237,1.0,"[0.0, 2.5]",1.0,"[0.0, 2.0]",1.4456094364351244,1.375347544022243,0.06258206079732126,0.5173526042874999,0.49565716904219664,0.5407070557958328,False
180,ALIVE,C1,mfe,2216,2961,1.1729798944052328,"[0.664229465071781, 1.8869395744458337]",0.5849075305526075,"[0.3014320171090168, 0.9516649110573122]",1.3756988236642278,0.6635561548305429,0.9638348862578732,0.7418732176538075,0.7279131249107412,0.7559958473491475,True
180,ALIVE,C1,mae,2216,2961,0.42881068789173227,"[0.18408717970895244, 0.7697741403673845]",0.7571398397329789,"[0.4134373650267089, 1.1325818532485272]",0.5614534639259009,0.8305415042043857,-0.48267516401075883,0.3334952608946387,0.3192447296534864,0.34730811924793337,True
180,ALIVE,C1,cur,2216,2961,0.6821846794378147,"[0.03682981939851284, 1.3452123957922857]",-0.16041023401015225,"[-0.6387270232123599, 0.3234571793703837]",0.7369539555446314,-0.17839181467497064,1.0310753330836189,0.7648148859359398,0.7516973400189332,0.7773499355734934,True
180,ALIVE,C1,fav_share,2216,2961,0.7454545454545455,"[0.48571428571428565, 0.9019607843137254]",0.43333333333333335,"[0.21875000000000006, 0.6774193548387096]",0.6730965674216243,0.4526373226639982,0.7999531781060192,0.7168606292146886,0.7035629148732755,0.730654539187547,True
180,ALIVE,C1,mfe_rate,2216,2961,0.39099329813507755,"[0.22140982169059367, 0.6289798581486112]",0.19496917685086915,"[0.10047733903633893, 0.31722163701910405]",0.45856627455474264,0.22118538494351428,0.9638348862578734,0.7418732176538075,0.7279131249107412,0.7559958473491475,True
180,ALIVE,C1,mae_rate,2216,2961,0.14293689596391074,"[0.06136239323631748, 0.2565913801224615]",0.25237994657765966,"[0.13781245500890296, 0.3775272844161757]",0.18715115464196702,0.2768471680681286,-0.4826751640107587,0.3334952608946387,0.3192447296534864,0.34730811924793337,True
180,ALIVE,C1,d_mfe,2216,2961,0.05631376883282735,"[0.0, 0.43552788352069416]",0.0,"[0.0, 0.06732391371272417]",0.29683262016516476,0.08960544376281519,0.59933759075197,0.647914007244601,0.6334557654944921,0.6622712227189212,True
180,ALIVE,C1,d_mae,2216,2961,0.0,"[0.0, 0.0]",0.0,"[0.0, 0.19857417304258518]",0.05975910424013935,0.14193101257534135,-0.32468140411560703,0.38634285421673087,0.3744776162080569,0.39752052269657423,True
180,ALIVE,C1,fav_expand_adv_stall,2216,2961,1.0,"[0.0, 1.0]",0.0,"[0.0, 1.0]",0.5130866425992779,0.2586963863559608,0.5464669973094294,0.6271951281216586,0.6137847040305419,0.6404999611332193,True
180,ALIVE,C1,adv_expand_fav_stall,2216,2961,0.0,"[0.0, 0.0]",0.0,"[0.0, 1.0]",0.15072202166064982,0.3728470111448835,-0.5114694941419329,0.3889375052578832,0.37856277487110523,0.3990771731522028,True
180,ALIVE,C1,aligned_5m,2129,2867,0.0,"[0.0, 1.0]",0.0,"[0.0, 1.0]",0.47111319868482854,0.4168119986048134,0.1095326570893021,0.5271506000400076,0.5133969386683322,0.5413086819878228,False
180,ALIVE,C1,aligned_15m,2131,2868,0.0,"[0.0, 1.0]",0.0,"[0.0, 1.0]",0.4706710464570624,0.46478382147838215,0.011797561979055826,0.5029436124893402,0.4883170243285887,0.5176069361325084,False
180,ALIVE,C1,aligned_1h,2132,2868,0.0,"[0.0, 1.0]",0.0,"[0.0, 1.0]",0.4981238273921201,0.4881450488145049,0.019956843010350403,0.5049893892888075,0.49130826073996503,0.5202507032507441,False
180,ALIVE,C1,trans_5m,2129,2867,0.0,"[0.0, 0.0]",0.0,"[0.0, 0.0]",0.05777360263034288,0.01499825601674224,0.24029648960912744,0.5213876733068004,0.5163811112556376,0.5266806525850056,False
180,ALIVE,C1,n_htf_aligned,2128,2867,1.0,"[0.0, 2.0]",1.0,"[0.0, 2.0]",1.4403195488721805,1.3697244506452737,0.06297458725482133,0.517330259945294,0.5007747384588377,0.5344718633534068,False
180,ALIVE,C2,mfe,1847,369,1.1344106188545489,"[0.6545426650248517, 1.7937570226601705]",1.3728535357597813,"[0.7157780038114958, 2.1614119307949444]",1.3480237795101266,1.5142240446740518,-0.166961757638915,0.4417446881561398,0.4036609061001156,0.48304196909659186,False
180,ALIVE,C2,mae,1847,369,0.4169658710458357,"[0.18208838063112454, 0.744137949859849]",0.5158448590724802,"[0.19909418559721725, 0.9730678427945605]",0.5335634918075834,0.7010544896780216,-0.30391197383947754,0.44358903253353055,0.4092071399809025,0.47544260427565954,False
180,ALIVE,C2,cur,1847,369,0.6864259017855237,"[0.06116682298835395, 1.3445644008837914]",0.6555968190081263,"[-0.09701184768950456, 1.3505650872340047]",0.7551067782527713,0.6460914527209608,0.10307859351929521,0.5172909119453944,0.48578779927639576,0.5503204721957343,False
180,ALIVE,C2,fav_share,1847,369,0.7457627118644067,"[0.488034188034188, 0.9019607843137254]",0.7448979591836734,"[0.4693877551020408, 0.8977272727272728]",0.6753447741277216,0.6618433484889364,0.04986183645635318,0.5121951219512195,0.4799165991408347,0.5455677492912085,False
180,ALIVE,C2,mfe_rate,1847,369,0.37813687295151627,"[0.21818088834161725, 0.5979190075533902]",0.45761784525326044,"[0.23859266793716527, 0.7204706435983148]",0.44934125983670886,0.504741348224684,-0.16696175763891516,0.4417446881561398,0.4036609061001156,0.48304196909659186,False
180,ALIVE,C2,mae_rate,1847,369,0.13898862368194523,"[0.06069612687704151, 0.24804598328661637]",0.1719482863574934,"[0.06636472853240576, 0.3243559475981868]",0.17785449726919447,0.23368482989267383,-0.3039119738394774,0.44358903253353055,0.4092071399809025,0.47544260427565954,False
180,ALIVE,C2,d_mfe,1847,369,0.057878205406952626,"[0.0, 0.4296469913206746]",0.05181299011313145,"[0.0, 0.44585686576987604]",0.29192353782063685,0.3214046393801866,-0.06178268955972434,0.4929432185496733,0.4609178563612292,0.5240802035976166,False
180,ALIVE,C2,d_mae,1847,369,0.0,"[0.0, 0.0]",0.0,"[0.0, 0.0]",0.05151322867751287,0.10103317514575208,-0.20160494415201463,0.48049499444642524,0.4604708517791021,0.49882544121502737,False
180,ALIVE,C2,fav_expand_adv_stall,1847,369,1.0,"[0.0, 1.0]",1.0,"[0.0, 1.0]",0.5148890092041147,0.5040650406504065,0.021646285742887635,0.5054119842768542,0.479287741028502,0.5342593850869041,False
180,ALIVE,C2,adv_expand_fav_stall,1847,369,0.0,"[0.0, 0.0]",0.0,"[0.0, 0.0]",0.14726583649160802,0.16802168021680217,-0.05800060026454681,0.48962207813740294,0.469592655893279,0.5086576507565111,False
180,ALIVE,C2,aligned_5m,1764,365,0.0,"[0.0, 1.0]",0.0,"[0.0, 1.0]",0.4665532879818594,0.4931506849315068,-0.05326950269660948,0.48670130152517627,0.459961008302105,0.5121404284130052,False
180,ALIVE,C2,aligned_15m,1764,367,0.0,"[0.0, 1.0]",0.0,"[0.0, 1.0]",0.47278911564625853,0.4604904632152589,0.024629231590624242,0.5061493262154998,0.47821222665084956,0.5356485236457604,False
180,ALIVE,C2,aligned_1h,1765,367,1.0,"[0.0, 1.0]",0.0,"[0.0, 1.0]",0.5048158640226629,0.4659400544959128,0.07774918690446317,0.519437904763375,0.49103156496134365,0.5459441018151213,False
180,ALIVE,C2,trans_5m,1764,365,0.0,"[0.0, 0.0]",0.0,"[0.0, 0.0]",0.05952380952380952,0.049315068493150684,0.043740606975277464,0.5051043705153294,0.49357563551095324,0.515912964128485,False
180,ALIVE,C2,n_htf_aligned,1763,365,1.0,"[0.0, 2.0]",1.0,"[0.0, 2.0]",1.445263754963131,1.4164383561643836,0.025474131531146544,0.5064468255386599,0.47608586591297575,0.5353347245804797,False
180,ALIVE,C3,mfe,1440,3737,1.191488092750372,"[0.6675222920936852, 1.9565469712221844]",0.6612714490065661,"[0.33826118233562374, 1.1066718381883134]",1.4551097040433623,0.7808349996978126,0.8862774126881005,0.701411931733714,0.6852800028813653,0.7171405721192746,True
180,ALIVE,C3,mae,1440,3737,0.4250563372074615,"[0.17358594411483602, 0.7727407844861354]",0.6916575545435044,"[0.3545414867916239, 1.0755752941550434]",0.5627433812014148,0.7741674608185564,-0.374009226361829,0.36353971545803226,0.3464374130075905,0.37950232875903833,True
180,ALIVE,C3,cur,1440,3737,0.7269547990764094,"[0.04599513563329072, 1.4777284170832286]",-0.030465483819961347,"[-0.5493709541074185, 0.5248674439940633]",0.8267529381615509,-0.022920104018816778,0.9225173641416167,0.7273373621145899,0.711544743350183,0.7423659304616905,True
180,ALIVE,C3,fav_share,1440,3737,0.75652963888258,"[0.481266149870801, 0.9093822843822843]",0.4909090909090909,"[0.25, 0.746031746031746]",0.6777778621908851,0.49661251920244676,0.6355269037407106,0.6793008354889543,0.6634688014811683,0.6951836403082089,True
180,ALIVE,C3,mfe_rate,1440,3737,0.3971626975834573,"[0.22250743069789505, 0.6521823237407282]",0.22042381633552202,"[0.11275372744520791, 0.3688906127294378]",0.485036568014454,0.2602783332326042,0.8862774126881002,0.701411931733714,0.6852800028813653,0.7171405721192746,True
180,ALIVE,C3,mae_rate,1440,3737,0.1416854457358205,"[0.057861981371612005, 0.2575802614953785]",0.23055251818116815,"[0.11818049559720796, 0.35852509805168115]",0.18758112706713823,0.2580558202728521,-0.3740092263618291,0.36353971545803226,0.3464374130075905,0.37950232875903833,True
180,ALIVE,C3,d_mfe,1440,3737,0.07027011286438223,"[0.0, 0.4786570731329741]",0.0,"[0.0, 0.13305304909336652]",0.32436649410083523,0.1220270414135665,0.5796664042530868,0.6303797609490679,0.6152414759380138,0.6463754782576497,True
180,ALIVE,C3,d_mae,1440,3737,0.0,"[0.0, 0.0]",0.0,"[0.0, 0.1585104945814994]",0.05763116547683882,0.12568772409555434,-0.26740239682904043,0.3996118023964559,0.3884625391274662,0.4113772081333496,True
180,ALIVE,C3,fav_expand_adv_stall,1440,3737,1.0,"[0.0, 1.0]",0.0,"[0.0, 1.0]",0.5229166666666667,0.3077334760503077,0.4554143258275917,0.6075915953081795,0.5938801566168712,0.6219588522591193,True
180,ALIVE,C3,adv_expand_fav_stall,1440,3737,0.0,"[0.0, 0.0]",0.0,"[0.0, 1.0]",0.13472222222222222,0.3328873427883329,-0.4513059735173673,0.40091743971694466,0.3903263224795163,0.4116702621902886,False
180,ALIVE,C3,aligned_5m,1385,3611,0.0,"[0.0, 1.0]",0.0,"[0.0, 1.0]",0.48375451263537905,0.42315148158404875,0.12224796916334695,0.5303015155256652,0.5151242517053448,0.5460974183565341,False
180,ALIVE,C3,aligned_15m,1386,3613,0.0,"[0.0, 1.0]",0.0,"[0.0, 1.0]",0.4790764790764791,0.46277331857182397,0.03267326314120111,0.5081515802523275,0.49288447462899715,0.5239135420166088,False
180,ALIVE,C3,aligned_1h,1387,3613,1.0,"[0.0, 1.0]",0.0,"[0.0, 1.0]",0.5010814708002884,0.48906725712704124,0.02402778762886294,0.5060071068366235,0.48886146995372676,0.5220863335946051,False
180,ALIVE,C3,trans_5m,1385,3611,0.0,"[0.0, 0.0]",0.0,"[0.0, 0.0]",0.06498194945848375,0.02104680144004431,0.24657577563745042,0.5219675740092197,0.5148551412254792,0.5289476976341394,False
180,ALIVE,C3,n_htf_aligned,1384,3611,1.0,"[0.0, 3.0]",1.0,"[0.0, 2.0]",1.4645953757225434,1.374965383550263,0.07996715744683097,0.5219655380236689,0.504534535321088,0.5405388160565759,False
180,PRE2,C1,mfe,1728,2961,0.9357456147837839,"[0.5515913848334518, 1.3833016378435148]",0.5849075305526075,"[0.3014320171090168, 0.9516649110573122]",0.9687470423362851,0.6635561548305429,0.6303392789573038,0.6689763022690032,0.6509179536605647,0.6861991993102041,True
180,PRE2,C1,mae,1728,2961,0.5102906424574117,"[0.247050222447138, 0.8338481667678181]",0.7571398397329789,"[0.4134373650267089, 1.1325818532485272]",0.6093333666233666,0.8305415042043857,-0.4088448517031963,0.36830601445332534,0.35313824739769595,0.38298377494862207,True
180,PRE2,C1,cur,1728,2961,0.43988194070180076,"[-0.1083182067323962, 0.9473215804961707]",-0.16041023401015225,"[-0.6387270232123599, 0.3234571793703837]",0.39063027601135486,-0.17839181467497064,0.7720348031396205,0.709679537693722,0.6941864980285889,0.7249175002908729,True
180,PRE2,C1,fav_share,1728,2961,0.6578947368421053,"[0.4071180555555556, 0.8356675526477203]",0.43333333333333335,"[0.21875000000000006, 0.6774193548387096]",0.6108963616808216,0.4526373226639982,0.5737139462813655,0.6600106945851627,0.6437686236734972,0.6755989303317551,True
180,PRE2,C1,mfe_rate,1728,2961,0.31191520492792796,"[0.18386379494448393, 0.4611005459478383]",0.19496917685086915,"[0.10047733903633893, 0.31722163701910405]",0.32291568077876176,0.22118538494351428,0.6303392789573042,0.6689763022690032,0.6509179536605647,0.6861991993102041,True
180,PRE2,C1,mae_rate,1728,2961,0.17009688081913724,"[0.082350074149046, 0.277949388922606]",0.25237994657765966,"[0.13781245500890296, 0.3775272844161757]",0.2031111222077888,0.2768471680681286,-0.4088448517031969,0.36830601445332534,0.35313824739769595,0.38298377494862207,True
180,PRE2,C1,d_mfe,1728,2961,0.0,"[0.0, 0.30050517367687507]",0.0,"[0.0, 0.06732391371272417]",0.18890510545978975,0.08960544376281519,0.4205408719283454,0.610249602861896,0.5948498671612825,0.6255708543121538,True
180,PRE2,C1,d_mae,1728,2961,0.0,"[0.0, 0.0]",0.0,"[0.0, 0.19857417304258518]",0.06287121208358067,0.14193101257534135,-0.34631111510017987,0.40281647528987957,0.38991884772379676,0.4157497046391559,False
180,PRE2,C1,fav_expand_adv_stall,1728,2961,0.0,"[0.0, 1.0]",0.0,"[0.0, 1.0]",0.45775462962962965,0.2586963863559608,0.4316517513051588,0.5995291216368344,0.5848602868223141,0.6133207601417708,False
180,PRE2,C1,adv_expand_fav_stall,1728,2961,0.0,"[0.0, 0.0]",0.0,"[0.0, 1.0]",0.1840277777777778,0.3728470111448835,-0.4189942525858942,0.40559038331644715,0.39398038417060427,0.4172287485253307,False
180,PRE2,C1,aligned_5m,1657,2867,0.0,"[0.0, 1.0]",0.0,"[0.0, 1.0]",0.4484007242003621,0.4168119986048134,0.06385178260081638,0.5157943627977744,0.5010968701278996,0.5314390042966969,False
180,PRE2,C1,aligned_15m,1657,2868,0.0,"[0.0, 1.0]",0.0,"[0.0, 1.0]",0.47012673506336755,0.46478382147838215,0.010707322862510589,0.5026714567924927,0.48718339001637384,0.5181555186014509,False
180,PRE2,C1,aligned_1h,1658,2868,1.0,"[0.0, 1.0]",0.0,"[0.0, 1.0]",0.517490952955368,0.4881450488145049,0.05870245733297868,0.5146729520704315,0.4994565804258746,0.5309396414248124,False
180,PRE2,C1,trans_5m,1657,2867,0.0,"[0.0, 0.0]",0.0,"[0.0, 0.0]",0.032589016294508145,0.01499825601674224,0.12162285193481626,0.5087953801388829,0.5039960373007658,0.5137280860110404,False
180,PRE2,C1,n_htf_aligned,1656,2867,1.0,"[0.0, 3.0]",1.0,"[0.0, 2.0]",1.4359903381642511,1.3697244506452737,0.05900924481309419,0.5160382218784806,0.4975912600226936,0.5349344041517878,False
180,PRE2,C2,mfe,1483,245,0.9347310055737534,"[0.5558026020683179, 1.389205464732151]",0.943492565558565,"[0.49512600219373115, 1.3714901205110888]",0.9721187482825134,0.9483378998127882,0.045292575311389596,0.5130692061045592,0.4696605118215232,0.5556583157960245,False
180,PRE2,C2,mae,1483,245,0.4871096659622073,"[0.24189525585823318, 0.8033617711053307]",0.6344856044558895,"[0.2774382161474342, 1.0591624990545085]",0.5884510300094608,0.7357354286577421,-0.2916353247053991,0.4331237012674254,0.3951736835626897,0.4709847082476192,False
180,PRE2,C2,cur,1483,245,0.4533309958241453,"[-0.07766188398066051, 0.9554915269086668]",0.38161136846706545,"[-0.2431582187018781, 0.8959238351874776]",0.40388462331083536,0.31040090031694884,0.12628528320715116,0.5382085403277966,0.500788663906351,0.5776648128218094,False
180,PRE2,C2,fav_share,1483,245,0.6666666666666666,"[0.42222222222222217, 0.8378378378378378]",0.6122448979591837,"[0.32758620689655177, 0.8151260504201681]",0.6177054627877957,0.5696804557965655,0.17809385735176417,0.5469305186673455,0.5113888032044196,0.5843195455091327,False
180,PRE2,C2,mfe_rate,1483,245,0.3115770018579178,"[0.18526753402277263, 0.46306848824405034]",0.314497521852855,"[0.16504200073124373, 0.45716337350369624]",0.3240395827608379,0.31611263327092937,0.04529257531139013,0.5130692061045592,0.4696605118215232,0.5556583157960245,False
180,PRE2,C2,mae_rate,1483,245,0.1623698886540691,"[0.08063175195274438, 0.2677872570351102]",0.21149520148529652,"[0.09247940538247806, 0.35305416635150283]",0.19615034333648693,0.2452451428859141,-0.29163532470539943,0.4331237012674254,0.3951736835626897,0.4709847082476192,False
180,PRE2,C2,d_mfe,1483,245,0.0,"[0.0, 0.2985771187657972]",0.0,"[0.0, 0.30976143707490766]",0.18710464895732629,0.1998033789012319,-0.043513456594153496,0.49251517194875255,0.45690606857567995,0.5287955857050666,False
180,PRE2,C2,d_mae,1483,245,0.0,"[0.0, 0.0]",0.0,"[0.0, 0.0]",0.06269057391843427,0.06396462595669132,-0.00770963299066958,0.48826840243852093,0.46208173803332253,0.5135003137556721,False
180,PRE2,C2,fav_expand_adv_stall,1483,245,0.0,"[0.0, 1.0]",0.0,"[0.0, 1.0]",0.4571813890761969,0.46122448979591835,-0.00811055414761398,0.49797844964013926,0.4652454870272209,0.5313960642562776,False
180,PRE2,C2,adv_expand_fav_stall,1483,245,0.0,"[0.0, 0.0]",0.0,"[0.0, 0.0]",0.1820633850303439,0.19591836734693877,-0.03573624396866052,0.49307250884170256,0.46664670042119877,0.5185329366135893,False
180,PRE2,C2,aligned_5m,1415,242,0.0,"[0.0, 1.0]",0.0,"[0.0, 1.0]",0.44381625441696115,0.47520661157024796,-0.06309528740993768,0.4843048214233566,0.4501435784483158,0.5155863121571882,False
180,PRE2,C2,aligned_15m,1414,243,0.0,"[0.0, 1.0]",0.0,"[0.0, 1.0]",0.47029702970297027,0.4691358024691358,0.0023252070239887534,0.5005806136169173,0.46774264652867786,0.5346405677374304,False
180,PRE2,C2,aligned_1h,1415,243,1.0,"[0.0, 1.0]",0.0,"[0.0, 1.0]",0.5222614840989399,0.4897119341563786,0.06511695105449873,0.5162747749712807,0.48045279877214586,0.5498362688017594,False
180,PRE2,C2,trans_5m,1415,242,0.0,"[0.0, 0.0]",0.0,"[0.0, 0.0]",0.03604240282685512,0.012396694214876033,0.13323851004905893,0.5118228543059895,0.5030915019862595,0.5198032477728122,False
180,PRE2,C2,n_htf_aligned,1414,242,1.0,"[0.0, 3.0]",1.0,"[0.0, 2.0]",1.4370579915134372,1.4297520661157024,0.006409205123114151,0.5012624639087285,0.46534002208790926,0.5352247023979174,False
180,PRE2,C3,mfe,1095,3594,0.9317355274546654,"[0.52945813258086, 1.388514702391844]",0.6386039775812375,"[0.3253371223077252, 1.0290234945357999]",0.9640439796571042,0.718741376150754,0.4952533967652978,0.6347237785959857,0.6148286744913748,0.6540932486860075,True
180,PRE2,C3,mae,1095,3594,0.5130361595632691,"[0.25303734853925414, 0.8480939915049286]",0.7029714792719279,"[0.3723501814322278, 1.0888926127179794]",0.6175018318979829,0.7890920827896696,-0.3138753965710545,0.39711886629923543,0.37939375544916204,0.4145319263350162,True
180,PRE2,C3,cur,1095,3594,0.4410792659628148,"[-0.11989623649540229, 0.9605585276341402]",-0.06564971997770461,"[-0.5688076984809974, 0.4494493551082672]",0.38616819814355235,-0.07681224910187998,0.6078030203969583,0.6701786081825875,0.6514640286843569,0.6882269238187783,True
180,PRE2,C3,fav_share,1095,3594,0.65625,"[0.38888888888888884, 0.8353906367604997]",0.4753048780487805,"[0.2393478260869565, 0.72]",0.6069986657927836,0.48169852152183096,0.44547970943502607,0.6264455218362416,0.6085708169748805,0.6452681989932987,True
180,PRE2,C3,mfe_rate,1095,3594,0.3105785091515551,"[0.17648604419362002, 0.46283823413061465]",0.21286799252707916,"[0.10844570743590841, 0.34300783151193326]",0.32134799321903473,0.2395804587169179,0.49525339676529834,0.6347237785959857,0.6148286744913748,0.6540932486860075,True
180,PRE2,C3,mae_rate,1095,3594,0.17101205318775636,"[0.08434578284641805, 0.2826979971683095]",0.23432382642397598,"[0.12411672714407593, 0.3629642042393264]",0.20583394396599433,0.2630306942632231,-0.3138753965710539,0.39711886629923543,0.37939375544916204,0.4145319263350162,True
180,PRE2,C3,d_mfe,1095,3594,0.0,"[0.0, 0.2974758060639633]",0.0,"[0.0, 0.11293419625330485]",0.19151264614523214,0.10630033213332868,0.35770104734591124,0.59007681498591,0.5721167848252462,0.6084495774820068,False
180,PRE2,C3,d_mae,1095,3594,0.0,"[0.0, 0.0]",0.0,"[0.0, 0.1658156484211779]",0.0628134463926027,0.12802405645968648,-0.283764235459279,0.4151890644732596,0.4018866934426598,0.4298809269665395,False
180,PRE2,C3,fav_expand_adv_stall,1095,3594,0.0,"[0.0, 1.0]",0.0,"[0.0, 1.0]",0.4529680365296804,0.29521424596549806,0.33831223104476027,0.5788768952820912,0.5619928740427534,0.5956064503006255,False
180,PRE2,C3,adv_expand_fav_stall,1095,3594,0.0,"[0.0, 0.0]",0.0,"[0.0, 1.0]",0.1735159817351598,0.3427935447968837,-0.3727337325948019,0.41536121846913804,0.402230519932641,0.42914888783148586,False
180,PRE2,C3,aligned_5m,1053,3471,0.0,"[0.0, 1.0]",0.0,"[0.0, 1.0]",0.45963912630579296,0.41889945260731776,0.08235993119109355,0.5203698368492375,0.5045957675861564,0.5375151917107268,False
180,PRE2,C3,aligned_15m,1053,3472,0.0,"[0.0, 1.0]",0.0,"[0.0, 1.0]",0.4795821462488129,0.46284562211981567,0.03354330690478758,0.5083682620644986,0.4912123540509624,0.5257729566008815,False
180,PRE2,C3,aligned_1h,1054,3472,1.0,"[0.0, 1.0]",0.0,"[0.0, 1.0]",0.523719165085389,0.4913594470046083,0.0647295153981469,0.5161798590403903,0.49716712007069697,0.5355293669520581,False
180,PRE2,C3,trans_5m,1053,3471,0.0,"[0.0, 0.0]",0.0,"[0.0, 0.0]",0.037037037037037035,0.016709881878421203,0.14054893962315645,0.510163577579308,0.5041650160774084,0.5163036485203717,False
180,PRE2,C3,n_htf_aligned,1052,3471,1.0,"[0.0, 3.0]",1.0,"[0.0, 2.0]",1.4629277566539924,1.373091328147508,0.0800120002646656,0.5218027315957422,0.502301531048257,0.5422489880595032,False
180,EARLY,C1,mfe,924,2297,0.5813452802179071,"[0.3336468271502845, 0.7814889872137634]",0.4528678805946351,"[0.23732262399504286, 0.6887569469810675]",0.5540893385002252,0.4647473412378048,0.3254745519664803,0.593343331316775,0.5698198402198321,0.6145689825404905,False
180,EARLY,C1,mae,924,2297,0.7171966069646656,"[0.4585042797517566, 1.0775778045698794]",0.881355462906915,"[0.5880952011765074, 1.2269716218751991]",0.8094342172361082,0.9499538008554419,-0.26583668061393834,0.41353534725324015,0.3932241369494072,0.43242448512773135,False
180,EARLY,C1,cur,924,2297,0.0,"[-0.4227508199225829, 0.36890402199457895]",-0.32460679826526995,"[-0.7615424822903917, 0.0807871188169494]",-0.06791070915505502,-0.36987454582982776,0.4893490459173142,0.6417367279361185,0.6213871439804607,0.6618512044891436,True
180,EARLY,C1,fav_share,924,2297,0.4405882352941176,"[0.2616459627329193, 0.6007936507936508]",0.338235294117647,"[0.16981132075471697, 0.5128205128205129]",0.4365431054191972,0.3550652385034342,0.3555387366288561,0.6015857781748073,0.5801451669067893,0.6223971161249338,True
180,EARLY,C1,mfe_rate,924,2297,0.1937817600726357,"[0.11121560905009484, 0.2604963290712544]",0.1509559601982117,"[0.07910754133168095, 0.22958564899368916]",0.18469644616674177,0.1549157804126016,0.32547455196648073,0.593343331316775,0.5698198402198321,0.6145689825404905,False
180,EARLY,C1,mae_rate,924,2297,0.23906553565488853,"[0.1528347599172522, 0.3591926015232932]",0.293785154302305,"[0.19603173372550245, 0.4089905406250664]",0.2698114057453693,0.31665126695181395,-0.2658366806139386,0.41353534725324015,0.3932241369494072,0.43242448512773135,False
180,EARLY,C1,d_mfe,924,2297,0.0,"[0.0, 0.09774122474891386]",0.0,"[0.0, 0.0]",0.08470695095484625,0.05594930693258865,0.20497093253502857,0.5543994896411092,0.535853994663091,0.571944285135081,False
180,EARLY,C1,d_mae,924,2297,0.0,"[0.0, 0.10351887208668525]",0.0,"[0.0, 0.24174441723295337]",0.09528014832209583,0.15803027468271552,-0.2560585042967971,0.4295608614285149,0.41234545453483756,0.4474358467569839,False
180,EARLY,C1,fav_expand_adv_stall,924,2297,0.0,"[0.0, 1.0]",0.0,"[0.0, 0.0]",0.3051948051948052,0.2107096212451023,0.22298644459562783,0.5472425919748515,0.5299026862853992,0.5641750263014134,False
180,EARLY,C1,adv_expand_fav_stall,924,2297,0.0,"[0.0, 1.0]",0.0,"[0.0, 1.0]",0.28679653679653677,0.4235959947757945,-0.2834396210476592,0.43160027101037113,0.41525990422593856,0.44844195634062717,False
180,EARLY,C1,aligned_5m,879,2214,0.0,"[0.0, 1.0]",0.0,"[0.0, 1.0]",0.4300341296928328,0.4037940379403794,0.05332513190040101,0.5131200458762267,0.4950228101875483,0.5337575188982673,False
180,EARLY,C1,aligned_15m,879,2215,0.0,"[0.0, 1.0]",0.0,"[0.0, 1.0]",0.46871444823663255,0.46772009029345374,0.001992157283912663,0.5004971789715894,0.48117350431424616,0.5195608363596266,False
180,EARLY,C1,aligned_1h,880,2215,1.0,"[0.0, 1.0]",0.0,"[0.0, 1.0]",0.5204545454545455,0.48758465011286684,0.06574870249786595,0.5164349476708393,0.4958974380842002,0.5373448126153602,False
180,EARLY,C1,trans_5m,879,2214,0.0,"[0.0, 0.0]",0.0,"[0.0, 0.0]",0.022753128555176336,0.009485094850948509,0.11613340769235166,0.506634016852114,0.5013536434284448,0.5121434265861994,False
180,EARLY,C1,n_htf_aligned,878,2214,1.0,"[0.0, 2.0]",1.0,"[0.0, 2.0]",1.419134396355353,1.3590785907859078,0.05344782787654063,0.5144339294569863,0.49149031948839306,0.5396892228384785,False
180,EARLY,C2,mfe,792,132,0.5861649829567139,"[0.3406551779782142, 0.7849556353379208]",0.5505752547671087,"[0.28777848569193076, 0.7390145434212303]",0.5599092305329793,0.5191699863037018,0.1501311605701354,0.5397631619222528,0.48498422422961196,0.5928931817295132,False
180,EARLY,C2,mae,792,132,0.7040359759513735,"[0.4496680950641109, 1.0349381678660337]",0.815252361927978,"[0.5614430999974861, 1.247888310886967]",0.791353949911092,0.9179158211862048,-0.24858203732492232,0.42609810223446587,0.3791017400793091,0.4749758254664241,False
180,EARLY,C2,cur,792,132,0.015485787991559316,"[-0.4092986685970871, 0.3711410279497159]",-0.10834733208871475,"[-0.5159217124340505, 0.29336087806982136]",-0.0552831389151906,-0.1436761305942415,0.15536624343541708,0.549845041322314,0.5001397265778131,0.6015568015725671,False
180,EARLY,C2,fav_share,792,132,0.44862772695285014,"[0.2718531468531469, 0.6071428571428571]",0.3815363881401618,"[0.20517241379310344, 0.5688468838975007]",0.4438250078397703,0.3928516908957585,0.218286192783769,0.5641739363330273,0.5150465769904674,0.6099818331583761,False
180,EARLY,C2,mfe_rate,792,132,0.19538832765223796,"[0.11355172599273806, 0.2616518784459736]",0.18352508492236957,"[0.09592616189731025, 0.24633818114041012]",0.18663641017765975,0.1730566621012339,0.1501311605701357,0.5397631619222528,0.48498422422961196,0.5928931817295132,False
180,EARLY,C2,mae_rate,792,132,0.2346786586504578,"[0.1498893650213703, 0.3449793892886779]",0.271750787309326,"[0.18714769999916203, 0.4159627702956557]",0.263784649970364,0.30597194039540165,-0.24858203732492246,0.42609810223446587,0.3791017400793091,0.4749758254664241,False
180,EARLY,C2,d_mfe,792,132,0.0,"[0.0, 0.10059508251954866]",0.0,"[0.0, 0.05427344829660783]",0.08779029685326324,0.06620687556434424,0.13550180830896164,0.5254247015610652,0.48223104389858656,0.5681696619071923,False
180,EARLY,C2,d_mae,792,132,0.0,"[0.0, 0.0996855346814824]",0.0,"[0.0, 0.13070159720999322]",0.09509599742210277,0.09638505372205435,-0.0066857719124421055,0.4825958448117539,0.43637903908920095,0.5226399504464422,False
180,EARLY,C2,fav_expand_adv_stall,792,132,0.0,"[0.0, 1.0]",0.0,"[0.0, 1.0]",0.31186868686868685,0.26515151515151514,0.10140509120155781,0.5233585858585859,0.48285395033563117,0.5626821801257225,False
180,EARLY,C2,adv_expand_fav_stall,792,132,0.0,"[0.0, 1.0]",0.0,"[0.0, 1.0]",0.2828282828282828,0.3106060606060606,-0.06136682128450676,0.4861111111111111,0.4403557237061361,0.5255983919280397,False
180,EARLY,C2,aligned_5m,749,130,0.0,"[0.0, 1.0]",0.0,"[0.0, 1.0]",0.4192256341789052,0.49230769230769234,-0.14765133234845218,0.46345897093560645,0.421790876442078,0.5090403027059206,False
180,EARLY,C2,aligned_15m,748,131,0.0,"[0.0, 1.0]",0.0,"[0.0, 1.0]",0.46524064171123,0.48854961832061067,-0.046662766618468306,0.48834551169530965,0.4397240381007461,0.5390385728170088,False
180,EARLY,C2,aligned_1h,749,131,1.0,"[0.0, 1.0]",1.0,"[0.0, 1.0]",0.5153538050734312,0.549618320610687,-0.06852888868479053,0.48286774223137213,0.4330063632842213,0.5314502720221266,False
180,EARLY,C2,trans_5m,749,130,0.0,"[0.0, 0.0]",0.0,"[0.0, 0.0]",0.02403204272363151,0.015384615384615385,0.057937750022472805,0.504323713669508,0.4904622884972038,0.5146631192230103,False
180,EARLY,C2,n_htf_aligned,748,130,1.0,"[0.0, 2.0]",1.0,"[1.0, 3.0]",1.4010695187165776,1.523076923076923,-0.10675896789966932,0.46894282188399833,0.4171846059079778,0.5211873602070731,False
180,EARLY,C3,mfe,585,2636,0.5580126875193507,"[0.3249668524833238, 0.7674302956416953]",0.47129487371120854,"[0.24535359709845558, 0.7086790548064443]",0.5454441142886672,0.478155684650446,0.2435853284333427,0.5698429373694928,0.5431035916343239,0.5940237058487183,False
180,EARLY,C3,mae,585,2636,0.7404069500713438,"[0.47592932324938364, 1.0819415096553053]",0.8544597605250619,"[0.5657782556530717, 1.2163331809435718]",0.8251207483569363,0.928401160660966,-0.19453421774114968,0.43739089270197007,0.41381645492730873,0.4626152885455516,False
180,EARLY,C3,cur,585,2636,0.0,"[-0.45344299935416177, 0.36886478365243613]",-0.2735512170263923,"[-0.7244828763184624, 0.14782452473024732]",-0.07706403774802437,-0.3290094328330011,0.40343399034082494,0.6185323528267382,0.5932063267114053,0.6429799624603368,True
180,EARLY,C3,fav_share,585,2636,0.4133333333333333,"[0.25396825396825395, 0.5967741935483871]",0.35,"[0.17768817204301077, 0.5277777777777778]",0.4287190050048727,0.367279994052305,0.2660839498159075,0.5759555399919588,0.5500264234660501,0.6000836072194718,False
180,EARLY,C3,mfe_rate,585,2636,0.1860042291731169,"[0.10832228416110794, 0.25581009854723175]",0.15709829123706953,"[0.08178453236615187, 0.2362263516021481]",0.18181470476288908,0.15938522821681533,0.2435853284333427,0.5698429373694928,0.5431035916343239,0.5940237058487183,False
180,EARLY,C3,mae_rate,585,2636,0.24680231669044794,"[0.15864310774979454, 0.36064716988510176]",0.2848199201750206,"[0.18859275188435726, 0.4054443936478573]",0.27504024945231215,0.30946705355365534,-0.19453421774114937,0.43739089270197007,0.41381645492730873,0.4626152885455516,False
180,EARLY,C3,d_mfe,585,2636,0.0,"[0.0, 0.09852720147068497]",0.0,"[0.0, 0.013299269173479678]",0.08468203556939037,0.05965318281424155,0.17804993798130053,0.5504902532975371,0.5290141539626114,0.5699649834902567,False
180,EARLY,C3,d_mae,585,2636,0.0,"[0.0, 0.08172398900160671]",0.0,"[0.0, 0.22776696304401325]",0.09383233637854133,0.1502816696564368,-0.22971317112503423,0.4308243518410438,0.4108156951845084,0.45187940534575927,False
180,EARLY,C3,fav_expand_adv_stall,585,2636,0.0,"[0.0, 1.0]",0.0,"[0.0, 0.0]",0.305982905982906,0.22268588770864947,0.1961481322527295,0.5416485091371283,0.5226258430996772,0.559804383510842,False
180,EARLY,C3,adv_expand_fav_stall,585,2636,0.0,"[0.0, 1.0]",0.0,"[0.0, 1.0]",0.26666666666666666,0.41047040971168436,-0.29747023314898746,0.4280981284774911,0.40949543065992794,0.4475233305883103,False
180,EARLY,C3,aligned_5m,564,2529,0.0,"[0.0, 1.0]",0.0,"[0.0, 1.0]",0.43439716312056736,0.40608936338473706,0.0575246819598351,0.5141538998679152,0.49504881192439315,0.5348685676212326,False
180,EARLY,C3,aligned_15m,564,2530,0.0,"[0.0, 1.0]",0.0,"[0.0, 1.0]",0.4787234042553192,0.46561264822134385,0.026268228457799848,0.5065553780169877,0.4841289352043029,0.5305864458881685,False
180,EARLY,C3,aligned_1h,565,2530,1.0,"[0.0, 1.0]",0.0,"[0.0, 1.0]",0.5221238938053098,0.49130434782608695,0.061637810711209884,0.5154097729896114,0.490521133542499,0.5411576877415186,False
180,EARLY,C3,trans_5m,564,2529,0.0,"[0.0, 0.0]",0.0,"[0.0, 0.0]",0.024822695035460994,0.010676156583629894,0.12379450628188877,0.5070732692259156,0.5008756855070707,0.5136498593302743,False
180,EARLY,C3,n_htf_aligned,563,2529,1.0,"[0.0, 3.0]",1.0,"[0.0, 2.0]",1.4351687388987566,1.3629893238434163,0.06423855255251994,0.5171534182172413,0.4890394851648166,0.547076029668273,False
285,ALIVE,C1,mfe,2200,2106,1.6568379973217375,"[1.0196371155047943, 2.306960549531949]",0.799506379799668,"[0.4417761830845981, 1.1986000248352473]",1.8039218902341152,0.837495562242841,1.0752677563450188,0.7915434257100924,0.7775927679293484,0.8061411856948063,True
285,ALIVE,C1,mae,2200,2106,0.46385706262526183,"[0.1994013396185082, 0.8435260888853708]",0.8181508436390912,"[0.4763760205395344, 1.2212479600198567]",0.5992848729863371,0.8906516416028483,-0.5191786453503592,0.32510057843391177,0.3092746185970495,0.3400895451674107,True
285,ALIVE,C1,cur,2200,2106,1.0321440857905984,"[0.3458041951946368, 1.7167522946294906]",-0.04013534543295744,"[-0.5308233392287671, 0.45766114192875795]",1.1014028568649676,-0.04184431630168068,1.164344141224686,0.8070730812397479,0.7947441590926544,0.8204251261093419,True
285,ALIVE,C1,fav_share,2200,2106,0.7832329317269077,"[0.5776995305164319, 0.9157385845904628]",0.48994755244755245,"[0.28098665730337075, 0.6970429226736566]",0.7199556951474971,0.4887219478660147,0.9193381252665179,0.7467465250798584,0.7317341185065127,0.7624387374418082,True
285,ALIVE,C1,mfe_rate,2200,2106,0.34880799943615526,"[0.2146604453694304, 0.4856759051646208]",0.1683171325894038,"[0.09300551222833645, 0.2523368473337363]",0.37977302952297165,0.17631485520901916,1.075267756345019,0.7915434257100924,0.7775927679293484,0.8061411856948063,True
285,ALIVE,C1,mae_rate,2200,2106,0.09765411844742355,"[0.04197922939337015, 0.17758443976534122]",0.17224228287138763,"[0.10028968853463882, 0.2571048336883909]",0.12616523641817626,0.18750560875849434,-0.5191786453503587,0.32510057843391177,0.3092746185970495,0.3400895451674107,True
285,ALIVE,C1,d_mfe,2200,2106,0.2058284834324815,"[0.0, 0.7053883246305874]",0.0,"[0.0, 0.17830284791713946]",0.43790612335435525,0.13476464307951855,0.6592778611460383,0.670685487352154,0.6561590389411806,0.6853741796941899,True
285,ALIVE,C1,d_mae,2200,2106,0.0,"[0.0, 0.0]",0.0,"[0.0, 0.15474720926936408]",0.04354761521125503,0.12132558167912322,-0.39466613345595475,0.3906900198566865,0.3776347967342372,0.4037199761687835,True
285,ALIVE,C1,fav_expand_adv_stall,2200,2106,1.0,"[0.0, 1.0]",0.0,"[0.0, 1.0]",0.5959090909090909,0.3200379867046534,0.5757728968910878,0.6379355521022188,0.623417370953234,0.6518282495205139,True
285,ALIVE,C1,adv_expand_fav_stall,2200,2106,0.0,"[0.0, 0.0]",0.0,"[0.0, 1.0]",0.10954545454545454,0.30864197530864196,-0.5068991505785869,0.4004517396184063,0.3885017490479279,0.41309560501481607,False
285,ALIVE,C1,aligned_5m,2113,2016,1.0,"[0.0, 1.0]",0.0,"[0.0, 1.0]",0.5395172740179839,0.439484126984127,0.2010609173786237,0.5500165735169285,0.5342386463088754,0.5652193592327164,False
285,ALIVE,C1,aligned_15m,2115,2017,0.0,"[0.0, 1.0]",0.0,"[0.0, 1.0]",0.47801418439716314,0.4665344571145265,0.0229904403357485,0.5057398636413183,0.4900296306379245,0.5217487400555718,False
285,ALIVE,C1,aligned_1h,2116,2017,0.5,"[0.0, 1.0]",0.0,"[0.0, 1.0]",0.5,0.48190381755081807,0.03619517774639185,0.5090480912245909,0.49336495990549606,0.52569902199148,False
285,ALIVE,C1,trans_5m,2113,2016,0.0,"[0.0, 0.0]",0.0,"[0.0, 0.0]",0.12588736393752958,0.036210317460317464,0.33103199093247365,0.544838523238606,0.5363704640499254,0.5529043153966914,False
285,ALIVE,C1,n_htf_aligned,2112,2016,1.0,"[1.0, 3.0]",1.0,"[0.0, 2.0]",1.5179924242424243,1.3878968253968254,0.11637818063146853,0.5325448025643338,0.513422968147972,0.5510927063802769,False
285,ALIVE,C2,mfe,1847,353,1.6264304261801479,"[0.9898892803179553, 2.280238547792124]",2.0161290195360877,"[1.0981843359803403, 2.426670889557843]",1.7952620111505406,1.8492329289518554,-0.04654448959098549,0.4518996427864802,0.42004294068605985,0.48899123847210313,False
285,ALIVE,C2,mae,1847,353,0.4516809892565966,"[0.1943334022709312, 0.8147461703300651]",0.5620252420794162,"[0.23170063460694967, 1.0798236230606564]",0.5732130244129022,0.7357004659470583,-0.29297835991940696,0.44218095035054167,0.4087773126529544,0.4708981219638851,False
285,ALIVE,C2,cur,1847,353,1.0715632156171593,"[0.35501008404971346, 1.7568878998874657]",0.8495773272455636,"[0.2520817809370919, 1.485439948102866]",1.1486761050040717,0.8540552950719784,0.25124906433071337,0.5623865973610065,0.5362949778967347,0.5902120362564695,False
285,ALIVE,C2,fav_share,1847,353,0.7894736842105263,"[0.5812959650168952, 0.917214271316267]",0.7654320987654322,"[0.5625, 0.9054054054054055]",0.7228272460296439,0.7049308949227794,0.07430666155053342,0.5239635209688477,0.4957315867841203,0.5568308211400158,False
285,ALIVE,C2,mfe_rate,1847,353,0.34240640551161006,"[0.20839774322483268, 0.48005022058781555]",0.42444821463917637,"[0.23119670231165057, 0.5108780820121774]",0.37794989708432436,0.38931219556881164,-0.04654448959098529,0.4518996427864802,0.42004294068605985,0.48899123847210313,False
285,ALIVE,C2,mae_rate,1847,353,0.09509073458033612,"[0.04091229521493289, 0.17152550954317158]",0.11832110359566657,"[0.04877908096988414, 0.22733128906540134]",0.12067642619218993,0.15488430862043331,-0.2929783599194069,0.44218095035054167,0.4087773126529544,0.4708981219638851,False
285,ALIVE,C2,d_mfe,1847,353,0.21389314415958705,"[0.0, 0.7110365471213917]",0.14658068487655584,"[0.0, 0.6416288859324206]",0.447238231640414,0.38907778339868837,0.09774630595907681,0.5365189090033451,0.5064358710266341,0.5670444845777778,False
285,ALIVE,C2,d_mae,1847,353,0.0,"[0.0, 0.0]",0.0,"[0.0, 0.0]",0.039649532605318734,0.06394353184911436,-0.15823224197008437,0.48319148577204285,0.4634708889524143,0.5018432654271882,False
285,ALIVE,C2,fav_expand_adv_stall,1847,353,1.0,"[0.0, 1.0]",1.0,"[0.0, 1.0]",0.6090958310774228,0.5269121813031161,0.16771828222209326,0.5410918248871533,0.5128235656987712,0.5705751559092271,False
285,ALIVE,C2,adv_expand_fav_stall,1847,353,0.0,"[0.0, 0.0]",0.0,"[0.0, 0.0]",0.10341093665403357,0.141643059490085,-0.12248040989184522,0.4808839385819743,0.4616451482667487,0.49741621775525086,False
285,ALIVE,C2,aligned_5m,1764,349,1.0,"[0.0, 1.0]",1.0,"[0.0, 1.0]",0.536281179138322,0.5558739255014327,-0.03929403300048296,0.49020362681844465,0.4625990400581882,0.5171167773523709,False
285,ALIVE,C2,aligned_15m,1764,351,0.0,"[0.0, 1.0]",0.0,"[0.0, 1.0]",0.47959183673469385,0.4700854700854701,0.01902261711992805,0.5047531833246119,0.47584110886516245,0.5345379264909862,False
285,ALIVE,C2,aligned_1h,1765,351,1.0,"[0.0, 1.0]",0.0,"[0.0, 1.0]",0.5048158640226629,0.4757834757834758,0.058050870940082204,0.5145161941195936,0.485562174996762,0.5418853235928234,False
285,ALIVE,C2,trans_5m,1764,349,0.0,"[0.0, 0.0]",0.0,"[0.0, 0.0]",0.1292517006802721,0.10888252148997135,0.06139119014422852,0.5101845895951503,0.492154481480841,0.5278358294233366,False
285,ALIVE,C2,n_htf_aligned,1763,349,1.0,"[1.0, 3.0]",1.0,"[1.0, 3.0]",1.5218377765173001,1.498567335243553,0.02079929486082078,0.5058200482051466,0.47402721122738223,0.5362138724387139,False
285,ALIVE,C3,mfe,1434,2872,1.7178831111533979,"[1.0465984371469437, 2.5274501004774352]",0.9383027368796639,"[0.5176679350118513, 1.4497345121083076]",1.9475574502958297,1.023536361028641,1.0013253103615616,0.7387717411995975,0.7235759716061877,0.753779028966753,True
285,ALIVE,C3,mae,1434,2872,0.45591130228469856,"[0.19120893115093607, 0.8468756392411478]",0.7324403592779829,"[0.3830887585611311, 1.1405800997274245]",0.5956275451161014,0.8147664269112294,-0.38409652815187106,0.3664600111498312,0.34922448502474907,0.38358123455913634,True
285,ALIVE,C3,cur,1434,2872,1.1593346499102573,"[0.4131212972275883, 1.9562582708516603]",0.14690909576649927,"[-0.39661956242343704, 0.760353359823407]",1.2714013559197654,0.1781938059131774,1.079655878973618,0.766788848614818,0.7529921167381595,0.7809094638624009,True
285,ALIVE,C3,fav_share,1434,2872,0.8,"[0.5849056603773585, 0.923728813559322]",0.5664658634538152,"[0.3333333333333333, 0.7741935483870968]",0.7280639640550558,0.5463465275332069,0.6903255139748833,0.6958008210860013,0.6805177484375025,0.7113678081370737,True
285,ALIVE,C3,mfe_rate,1434,2872,0.36165960234808375,"[0.22033651308356708, 0.5320947579952495]",0.19753741829045557,"[0.10898272316038973, 0.3052072657070121]",0.410012094799122,0.2154813391639244,1.0013253103615614,0.7387717411995975,0.7235759716061877,0.753779028966753,True
285,ALIVE,C3,mae_rate,1434,2872,0.09598132679677865,"[0.0402545118212497, 0.17828960826129428]",0.1541979703743122,"[0.08065026496023814, 0.24012212625840512]",0.12539527265602135,0.1715297740865746,-0.38409652815187106,0.3664600111498312,0.34922448502474907,0.38358123455913634,True
285,ALIVE,C3,d_mfe,1434,2872,0.2768718755449009,"[0.0, 0.7927018640824701]",0.0,"[0.0, 0.26667140730812344]",0.4998327585079554,0.1846962513943731,0.6839038306635935,0.6646225714152516,0.6482908972170914,0.681032379242185,True
285,ALIVE,C3,d_mae,1434,2872,0.0,"[0.0, 0.0]",0.0,"[0.0, 0.08837698068315952]",0.04020888633934303,0.10224821917492223,-0.31217461083399795,0.4142877365454171,0.4022859958727724,0.42589588574625986,False
285,ALIVE,C3,fav_expand_adv_stall,1434,2872,1.0,"[0.0, 1.0]",0.0,"[0.0, 1.0]",0.6283124128312413,0.3774373259052925,0.5179490832105962,0.6254375434629744,0.6116340617020872,0.6399892163853618,True
285,ALIVE,C3,adv_expand_fav_stall,1434,2872,0.0,"[0.0, 0.0]",0.0,"[0.0, 1.0]",0.099721059972106,0.2604456824512535,-0.403784604472023,0.41963768876042623,0.4084007222639487,0.43105197828821895,False
285,ALIVE,C3,aligned_5m,1379,2750,1.0,"[0.0, 1.0]",0.0,"[0.0, 1.0]",0.564902102973169,0.45345454545454544,0.22412216436565446,0.5557237787593118,0.5401004762082906,0.571658329141772,False
285,ALIVE,C3,aligned_15m,1380,2752,0.0,"[0.0, 1.0]",0.0,"[0.0, 1.0]",0.48840579710144927,0.4643895348837209,0.04810655443399084,0.5120081311088641,0.4966165965151604,0.5288839094231808,False
285,ALIVE,C3,aligned_1h,1381,2752,1.0,"[0.0, 1.0]",0.0,"[0.0, 1.0]",0.501810282404055,0.485828488372093,0.03196447349689293,0.507990897015981,0.4906302928558735,0.5244684614973278,False
285,ALIVE,C3,trans_5m,1379,2750,0.0,"[0.0, 0.0]",0.0,"[0.0, 0.0]",0.1457577955039884,0.05018181818181818,0.35286137051198063,0.5477879886610851,0.5377850364944751,0.556899856464089,False
285,ALIVE,C3,n_htf_aligned,1378,2750,2.0,"[1.0, 3.0]",1.0,"[0.0, 2.0]",1.5558780841799709,1.4036363636363636,0.13623966947411217,0.5382079430003959,0.5197947878120637,0.557508201111306,False
285,PRE2,C1,mfe,1366,2106,1.167101214676359,"[0.7222023529337385, 1.585604253339201]",0.799506379799668,"[0.4417761830845981, 1.1986000248352473]",1.1386067830051942,0.837495562242841,0.5986766146881414,0.6642719886985382,0.6442396222710763,0.685625021392515,True
285,PRE2,C1,mae,1366,2106,0.6013848570759949,"[0.3096210710548729, 0.9942830737256946]",0.8181508436390912,"[0.4763760205395344, 1.2212479600198567]",0.7080215769614081,0.8906516416028483,-0.3286974493291887,0.393533291898348,0.37409197184523774,0.4111663548146101,True
285,PRE2,C1,cur,1366,2106,0.5700919123678445,"[0.048061027295644744, 1.0961829995270804]",-0.04013534543295744,"[-0.5308233392287671, 0.45766114192875795]",0.5358250945913515,-0.04184431630168068,0.7863627274185566,0.7174808363192942,0.698608965916687,0.7366244311293328,True
285,PRE2,C1,fav_share,1366,2106,0.6647940074906367,"[0.44957865168539324, 0.816016333938294]",0.48994755244755245,"[0.28098665730337075, 0.6970429226736566]",0.6210808907537896,0.4887219478660147,0.5175607266409286,0.6455089272927242,0.6264746309721314,0.6665194300444734,True
285,PRE2,C1,mfe_rate,1366,2106,0.24570551887923353,"[0.15204260061762914, 0.3338114217556213]",0.1683171325894038,"[0.09300551222833645, 0.2523368473337363]",0.2397066911589883,0.17631485520901916,0.5986766146881418,0.6642719886985382,0.6442396222710763,0.685625021392515,True
285,PRE2,C1,mae_rate,1366,2106,0.1266073383317884,"[0.06518338337997326, 0.20932275236330414]",0.17224228287138763,"[0.10028968853463882, 0.2571048336883909]",0.14905717409713853,0.18750560875849434,-0.3286974493291886,0.393533291898348,0.37409197184523774,0.4111663548146101,True
285,PRE2,C1,d_mfe,1366,2106,0.09462445488483673,"[0.0, 0.46770953982390834]",0.0,"[0.0, 0.17830284791713946]",0.27207342569153103,0.13476464307951855,0.460122632669694,0.61746957378973,0.6017650230305083,0.6347107031339256,True
285,PRE2,C1,d_mae,1366,2106,0.0,"[0.0, 0.0]",0.0,"[0.0, 0.15474720926936408]",0.06473367694692356,0.12132558167912322,-0.2629261635917442,0.42443398836761453,0.4084488284245128,0.4404142144404542,False
285,PRE2,C1,fav_expand_adv_stall,1366,2106,1.0,"[0.0, 1.0]",0.0,"[0.0, 1.0]",0.5183016105417276,0.3200379867046534,0.4130882653659871,0.5991318119185371,0.5824586445338705,0.6151667395974925,False
285,PRE2,C1,adv_expand_fav_stall,1366,2106,0.0,"[0.0, 0.0]",0.0,"[0.0, 1.0]",0.16251830161054173,0.30864197530864196,-0.34150309451698463,0.4269381631509499,0.41212230192049587,0.4419235077149359,False
285,PRE2,C1,aligned_5m,1306,2016,0.0,"[0.0, 1.0]",0.0,"[0.0, 1.0]",0.4770290964777948,0.439484126984127,0.07543482212107695,0.5187724847468339,0.5000230241393198,0.5377245239424573,False
285,PRE2,C1,aligned_15m,1306,2017,0.0,"[0.0, 1.0]",0.0,"[0.0, 1.0]",0.4770290964777948,0.4665344571145265,0.021020291517508203,0.5052473196816342,0.4889071749100057,0.5224060884726132,False
285,PRE2,C1,aligned_1h,1307,2017,1.0,"[0.0, 1.0]",0.0,"[0.0, 1.0]",0.5279265493496557,0.48190381755081807,0.09211091442106188,0.5230113658994189,0.5056273712600243,0.5401868075790084,False
285,PRE2,C1,trans_5m,1306,2016,0.0,"[0.0, 0.0]",0.0,"[0.0, 0.0]",0.05972434915773354,0.036210317460317464,0.1130239695721296,0.511757015848708,0.5032039233036283,0.5197675707641953,False
285,PRE2,C1,n_htf_aligned,1305,2016,1.0,"[0.0, 3.0]",1.0,"[0.0, 2.0]",1.481992337164751,1.3878968253968254,0.08324620347817942,0.5229375722191815,0.501034323501282,0.5456797691576567,False
285,PRE2,C2,mfe,1193,173,1.180473988579739,"[0.7264834968799303, 1.5974112727180003]",1.094906362486169,"[0.6976453856601661, 1.4555741588936808]",1.1465151432298493,1.0840710966004927,0.12211410599816994,0.5365087286628648,0.4930568426677226,0.5779195568224478,False
285,PRE2,C2,mae,1193,173,0.5791581551647103,"[0.2994827970039466, 0.9467600255502083]",0.7650707610756544,"[0.46752546774613757, 1.2446549397832973]",0.6802775043184581,0.899343418944294,-0.40847270931596674,0.3875254979674304,0.34523484771877283,0.4312062868665688,True
285,PRE2,C2,cur,1193,173,0.5810169326713212,"[0.049130107123108, 1.1161473226969443]",0.5295083410612759,"[0.0, 0.9838039190874572]",0.5450684997684797,0.47208299993057834,0.09711351565633464,0.5264960826400632,0.47853858511272207,0.570056030677558,False
285,PRE2,C2,fav_share,1193,173,0.6753246753246753,"[0.4588235294117647, 0.823529411764706]",0.5957446808510638,"[0.3820224719101124, 0.734375]",0.6300426560048538,0.559280971999341,0.28950006199763123,0.5867052023121387,0.5456415809728812,0.6274702830309451,False
285,PRE2,C2,mfe_rate,1193,173,0.2485208397009977,"[0.15294389407998532, 0.3362971100458948]",0.23050660262866715,"[0.14687271277056127, 0.3064366650302486]",0.24137160910102093,0.22822549402115633,0.12211410599817055,0.5365087286628648,0.4930568426677226,0.5779195568224478,False
285,PRE2,C2,mae_rate,1193,173,0.1219280326662548,"[0.0630490098955677, 0.19931790011583334]",0.1610675286475062,"[0.09842641426234475, 0.2620326189017468]",0.14321631669862275,0.1893354566198514,-0.40847270931596713,0.3875254979674304,0.34523484771877283,0.4312062868665688,True
285,PRE2,C2,d_mfe,1193,173,0.09157008617291185,"[0.0, 0.46380020962046675]",0.12970603149174742,"[0.0, 0.472559275091054]",0.26934552794990707,0.2908848823722095,-0.05959784419002116,0.4942899088614219,0.4485347349632774,0.5369514206544072,False
285,PRE2,C2,d_mae,1193,173,0.0,"[0.0, 0.0]",0.0,"[0.0, 0.027855031248522177]",0.05948320114928094,0.10094071525089833,-0.22742008811253397,0.4672971912262766,0.43066027157533066,0.5040466636833845,False
285,PRE2,C2,fav_expand_adv_stall,1193,173,1.0,"[0.0, 1.0]",1.0,"[0.0, 1.0]",0.5205364626990779,0.5028901734104047,0.03529281602442521,0.5088231446443366,0.46960661673035864,0.5463843947194156,False
285,PRE2,C2,adv_expand_fav_stall,1193,173,0.0,"[0.0, 0.0]",0.0,"[0.0, 0.0]",0.1550712489522213,0.2138728323699422,-0.15949352985901205,0.47059920829113955,0.4378995535366897,0.5025139428561317,False
285,PRE2,C2,aligned_5m,1135,171,0.0,"[0.0, 1.0]",1.0,"[0.0, 1.0]",0.46784140969162996,0.5380116959064327,-0.14053920601466346,0.4649148568925986,0.4271396953465288,0.5021559564599912,False
285,PRE2,C2,aligned_15m,1134,172,0.0,"[0.0, 1.0]",0.0,"[0.0, 1.0]",0.47619047619047616,0.48255813953488375,-0.012739140849091835,0.49681616832779624,0.45263845222534344,0.5382075317913747,False
285,PRE2,C2,aligned_1h,1135,172,1.0,"[0.0, 1.0]",1.0,"[0.0, 1.0]",0.5303964757709251,0.5116279069767442,0.037570083246701975,0.5093842843970905,0.4664762608465637,0.549829205523321,False
285,PRE2,C2,trans_5m,1135,171,0.0,"[0.0, 0.0]",0.0,"[0.0, 0.0]",0.06167400881057269,0.04678362573099415,0.0628011144496339,0.5074451915397893,0.489279244065979,0.5236960542134073,False
285,PRE2,C2,n_htf_aligned,1134,171,1.0,"[0.0, 3.0]",1.0,"[0.5, 3.0]",1.4753086419753085,1.5263157894736843,-0.044325463544970044,0.48762595789886237,0.44104037097747134,0.5333091649242511,False
285,PRE2,C3,mfe,854,2618,1.167101214676359,"[0.7228151445989983, 1.5948020329688726]",0.8637389771491585,"[0.479126775841058, 1.2787724544535755]",1.1391327861151985,0.8962120398495567,0.4730804286423645,0.6318466283681878,0.6107379830309666,0.6540337018807282,True
285,PRE2,C3,mae,854,2618,0.6095287961432407,"[0.306996910569193, 1.0006599496746555]",0.7753608261285008,"[0.4373345043740217, 1.183174756154004]",0.7109896819539531,0.8539666321452275,-0.25560897170092844,0.41876363063854455,0.3961051875901091,0.4394145705071493,False
285,PRE2,C3,cur,854,2618,0.6017235905720872,"[0.07247120117349463, 1.1137302974912562]",0.061449901242399435,"[-0.44393025210096615, 0.6034249084071175]",0.54567065385128,0.0679183386903948,0.6289614533918906,0.6815918617819706,0.6601382634344215,0.7014669587698786,True
285,PRE2,C3,fav_share,854,2618,0.6534536891679749,"[0.44029411764705884, 0.8150268336314848]",0.5249999999999999,"[0.3076923076923077, 0.7298529411764706]",0.6193379576874533,0.5151758224256755,0.4007105176367971,0.6132941999452538,0.592299864282948,0.6349528593680687,True
285,PRE2,C3,mfe_rate,854,2618,0.24570551887923353,"[0.1521716093892628, 0.3357477964144995]",0.18183978466298073,"[0.10086879491390693, 0.2692152535691738]",0.23981742865583128,0.1886762189156961,0.47308042864236477,0.6318466283681878,0.6107379830309666,0.6540337018807282,True
285,PRE2,C3,mae_rate,854,2618,0.12832185181962963,"[0.06463092854088273, 0.21066525256308535]",0.16323385813231595,"[0.09207042197347826, 0.2490894223482114]",0.1496820383060954,0.17978244887267947,-0.25560897170092833,0.41876363063854455,0.3961051875901091,0.4394145705071493,False
285,PRE2,C3,d_mfe,854,2618,0.12414714971774583,"[0.0, 0.5044913856287975]",0.0,"[0.0, 0.22406931057250545]",0.2885594622669866,0.15624020513525247,0.44031634002662384,0.6089323956110014,0.5900608003715119,0.6285020157374328,True
285,PRE2,C3,d_mae,854,2618,0.0,"[0.0, 0.0]",0.0,"[0.0, 0.12644050569253534]",0.06265183790002175,0.11093705430065412,-0.22353356577099764,0.4397702449086937,0.42376012384466893,0.4556602561628759,False
285,PRE2,C3,fav_expand_adv_stall,854,2618,1.0,"[0.0, 1.0]",0.0,"[0.0, 1.0]",0.5257611241217799,0.35637891520244463,0.3498420230191664,0.5846911044596677,0.568166103843239,0.6018745562750258,False
285,PRE2,C3,adv_expand_fav_stall,854,2618,0.0,"[0.0, 0.0]",0.0,"[0.0, 1.0]",0.15807962529274006,0.2815126050420168,-0.2867003208663113,0.4382835101253616,0.4229540268660556,0.453838098664803,False
285,PRE2,C3,aligned_5m,821,2501,0.0,"[0.0, 1.0]",0.0,"[0.0, 1.0]",0.48599269183922045,0.4438224710115954,0.0847268826655517,0.5210851104138126,0.5018221257502107,0.5387516018181484,False
285,PRE2,C3,aligned_15m,821,2502,0.0,"[0.0, 1.0]",0.0,"[0.0, 1.0]",0.49086479902557856,0.46402877697841727,0.05376297001163738,0.5134180110235806,0.4940263789900941,0.5318781651344232,False
285,PRE2,C3,aligned_1h,822,2502,1.0,"[0.0, 1.0]",0.0,"[0.0, 1.0]",0.5328467153284672,0.4892086330935252,0.08731182337264609,0.521819041117471,0.5017765373487811,0.5419281943310353,False
285,PRE2,C3,trans_5m,821,2501,0.0,"[0.0, 0.0]",0.0,"[0.0, 0.0]",0.06333739342265529,0.03958416633346661,0.11413817137201879,0.5118766135445943,0.5014710994541757,0.5213267139171289,False
285,PRE2,C3,n_htf_aligned,820,2501,1.0,"[0.0, 3.0]",1.0,"[0.0, 2.0]",1.5097560975609756,1.3970411835265895,0.09972854723403694,0.527507533571937,0.5054653803985127,0.549985104710815,False
285,EARLY,C1,mfe,539,1351,0.6284509823121447,"[0.43033300087312143, 0.8063741938738672]",0.537015223137412,"[0.30961135442744314, 0.7730129762863882]",0.6010056726609511,0.5289838749405218,0.2621574967057013,0.57326325995037,0.545048308400442,0.6020981902455859,False
285,EARLY,C1,mae,539,1351,0.9467600255502083,"[0.6541722451789166, 1.3089349751472907]",0.9949193680204849,"[0.7154418160729918, 1.3519555173279232]",1.0164367778225571,1.0695904612082938,-0.09772896975954382,0.4655137608505484,0.43894307706526303,0.49350621591126037,False
285,EARLY,C1,cur,539,1351,0.0,"[-0.4120897627826152, 0.37208669041560793]",-0.2984844443706658,"[-0.7188281372336984, 0.12021173461023484]",-0.06982753624199588,-0.3205647342818332,0.41466989733948983,0.6293015961515486,0.6048895890653765,0.6548886743054037,True
285,EARLY,C1,fav_share,539,1351,0.40322580645161293,"[0.26313628899835795, 0.53125]",0.34653465346534656,"[0.19017480409885473, 0.4923004027481639]",0.40000893507305735,0.3518485962052114,0.23696630802859872,0.5683874653421022,0.5413142515237527,0.5959040776596518,False
285,EARLY,C1,mfe_rate,539,1351,0.1323054699604515,"[0.09059642123644662, 0.16976298818397204]",0.11305583644998148,"[0.06518133777419856, 0.16273957395502908]",0.12652751003388446,0.11136502630326774,0.2621574967057019,0.57326325995037,0.545048308400442,0.6020981902455859,False
285,EARLY,C1,mae_rate,539,1351,0.19931790011583334,"[0.13772047266924559, 0.2755652579257454]",0.2094567090569442,"[0.1506193296995772, 0.2846222141742996]",0.2139866900679068,0.22517693920174606,-0.09772896975954344,0.4655137608505484,0.43894307706526303,0.49350621591126037,False
285,EARLY,C1,d_mfe,539,1351,0.0,"[0.0, 0.16254737232621957]",0.0,"[0.0, 0.05999832981440836]",0.11466407566238758,0.07088125480957067,0.26876512752367265,0.5631868924139201,0.5398367741176989,0.5870453804407264,False
285,EARLY,C1,d_mae,539,1351,0.0,"[0.0, 0.17662539005332611]",0.0,"[0.0, 0.20109383757164362]",0.12161222701381827,0.13959311079861259,-0.07475209238718032,0.47635229315466177,0.45110613246534925,0.5043082713362514,False
285,EARLY,C1,fav_expand_adv_stall,539,1351,0.0,"[0.0, 1.0]",0.0,"[0.0, 0.0]",0.3302411873840445,0.23686158401184307,0.21283732611942352,0.5466898016861007,0.5247320786265629,0.5682396976836179,False
285,EARLY,C1,adv_expand_fav_stall,539,1351,0.0,"[0.0, 1.0]",0.0,"[0.0, 1.0]",0.3042671614100185,0.36565507031828276,-0.12901278525167997,0.4693060455458679,0.44664906562601103,0.49426983892448284,False
285,EARLY,C1,aligned_5m,506,1277,0.0,"[0.0, 1.0]",0.0,"[0.0, 1.0]",0.43280632411067194,0.39937353171495693,0.06799867077723878,0.5167163961978575,0.49114775901920027,0.5459661681442008,False
285,EARLY,C1,aligned_15m,505,1277,0.0,"[0.0, 1.0]",0.0,"[0.0, 1.0]",0.45544554455445546,0.45262333594361787,0.005665904133496044,0.5014111043054188,0.47756776932226674,0.5263506951885951,False
285,EARLY,C1,aligned_1h,506,1277,1.0,"[0.0, 1.0]",0.0,"[0.0, 1.0]",0.5197628458498024,0.4815974941268598,0.07634185654530981,0.5190826758614713,0.49398082759680656,0.5468020921193919,False
285,EARLY,C1,trans_5m,506,1277,0.0,"[0.0, 0.0]",0.0,"[0.0, 0.0]",0.023715415019762844,0.01957713390759593,0.029016286923470608,0.5020691405560834,0.49469157060737373,0.5098575344545497,False
285,EARLY,C1,n_htf_aligned,505,1277,1.0,"[0.0, 3.0]",1.0,"[0.0, 2.0]",1.4099009900990098,1.3335943617854347,0.0678096532764603,0.5174372174883894,0.48704558652771107,0.5504873318283332,False
285,EARLY,C2,mfe,467,72,0.6306827952120178,"[0.4347758472261872, 0.8029123604826931]",0.6049341881675161,"[0.4302232486164978, 0.8231996380525519]",0.6022926104864551,0.5926584509316394,0.037671032141091944,0.5071228884130383,0.43770095896281186,0.578757607776869,False
285,EARLY,C2,mae,467,72,0.9132846473568976,"[0.6263071277534283, 1.267280351544414]",1.2126254817687043,"[0.8862654364558025, 1.4828017443291652]",0.9822759718007016,1.238007561325426,-0.4615189763810748,0.3515643587913395,0.29276731105140297,0.4151369440909913,True
285,EARLY,C2,cur,467,72,0.0,"[-0.39826509602878807, 0.36101817276236947]",0.01818479792953778,"[-0.42298441867876363, 0.4234663084883982]",-0.06729784422350786,-0.0862353997508001,0.03118671942961075,0.48857958600999285,0.4041223245641987,0.5751294497854876,False
285,EARLY,C2,fav_share,467,72,0.40707964601769914,"[0.2747549019607843, 0.537037037037037]",0.3547403825940719,"[0.21208039784500618, 0.4596469104665826]",0.40852749076331785,0.3447566363598396,0.32179573454428884,0.5870211753509398,0.5254968240334595,0.6477899503980913,False
285,EARLY,C2,mfe_rate,467,72,0.1327753253077932,"[0.09153175731077626, 0.16903418115425117]",0.12735456593000338,"[0.09057331549821006, 0.173305186958432]",0.12679844431293796,0.1247702001961346,0.03767103214109281,0.5071228884130383,0.43770095896281186,0.578757607776869,False
285,EARLY,C2,mae_rate,467,72,0.19227045207513635,"[0.1318541321586165, 0.2667958634830345]",0.2552895751092009,"[0.18658219714859, 0.31216878827982425]",0.20679494143172666,0.2606331708053529,-0.46151897638107536,0.3515643587913395,0.29276731105140297,0.4151369440909913,True
285,EARLY,C2,d_mfe,467,72,0.0,"[0.0, 0.1529547098512288]",0.0,"[0.0, 0.324463845488026]",0.1053985328063918,0.1747614161311379,-0.3684516717497963,0.4383178681893885,0.3652700861232093,0.5221828705773919,False
285,EARLY,C2,d_mae,467,72,0.0,"[0.0, 0.16930014250962178]",0.0,"[0.0, 0.2567403621370409]",0.11369537738214495,0.17296179337481024,-0.2454602714483446,0.47876516773733047,0.409645020541474,0.5450895508954828,False
285,EARLY,C2,fav_expand_adv_stall,467,72,0.0,"[0.0, 1.0]",0.0,"[0.0, 1.0]",0.3169164882226981,0.4166666666666667,-0.21225852635566755,0.4501249107780157,0.38605150252456705,0.5239777472163308,False
285,EARLY,C2,adv_expand_fav_stall,467,72,0.0,"[0.0, 1.0]",0.0,"[0.0, 1.0]",0.29764453961456105,0.3472222222222222,-0.10762723847963523,0.4752111586961694,0.41494866243202916,0.5343450881187408,False
285,EARLY,C2,aligned_5m,435,71,0.0,"[0.0, 1.0]",1.0,"[0.0, 1.0]",0.4091954022988506,0.5774647887323944,-0.34133049703682333,0.4158653067832281,0.3627717843979976,0.47015906146281106,False
285,EARLY,C2,aligned_15m,434,71,0.0,"[0.0, 1.0]",1.0,"[0.0, 1.0]",0.4447004608294931,0.5211267605633803,-0.1533772843485262,0.4617868501330564,0.39400743072233235,0.531828188267251,False
285,EARLY,C2,aligned_1h,435,71,1.0,"[0.0, 1.0]",1.0,"[0.0, 1.0]",0.5149425287356322,0.5492957746478874,-0.06864377724104836,0.4828233770438724,0.4159179037171356,0.5478540714153087,False
285,EARLY,C2,trans_5m,435,71,0.0,"[0.0, 0.0]",0.0,"[0.0, 0.0]",0.01839080459770115,0.056338028169014086,-0.24983409100089077,0.4810263882143435,0.45302120394697254,0.5052712322465643,False
285,EARLY,C2,n_htf_aligned,434,71,1.0,"[0.0, 2.75]",2.0,"[1.0, 3.0]",1.3709677419354838,1.647887323943662,-0.23756228520645806,0.43215746089439866,0.3683336859590837,0.5018865296888655,False
285,EARLY,C3,mfe,339,1551,0.6283240264198835,"[0.44111971216247514, 0.7965555564494657]",0.5520093769683581,"[0.317100733341662, 0.7792005000471223]",0.6012761151388044,0.5382119081733351,0.2288368829744687,0.5625868932214253,0.5319408390917653,0.5976021845771223,False
285,EARLY,C3,mae,339,1551,0.9467600255502083,"[0.6646181767189207, 1.2686877493314528]",0.9874843692116437,"[0.703135586156763, 1.3526084694046099]",1.0112075992423106,1.0638792780113606,-0.09681530000960659,0.4665540739726392,0.43337363947372043,0.497674308922128,False
285,EARLY,C3,cur,339,1551,0.05134886172929984,"[-0.39826509602878807, 0.3779918527353642]",-0.260965158077616,"[-0.6765950124496483, 0.14077849285074634]",-0.05504111669201441,-0.2914642549907154,0.388564004486928,0.6248067190450922,0.5947184508863165,0.655580268385813,True
285,EARLY,C3,fav_share,339,1551,0.40625,"[0.2749360613810741, 0.5217391304347826]",0.3548387096774193,"[0.19999999999999998, 0.5]",0.39789138469217905,0.3585216570386653,0.1931415066328206,0.5602076117986493,0.5320089643121827,0.592147105963035,False
285,EARLY,C3,mfe_rate,339,1551,0.132278742404186,"[0.09286730782367897, 0.16769590662094014]",0.11621250041439117,"[0.06675804912456043, 0.16404221053623624]",0.12658444529237986,0.11330777014175478,0.22883688297446805,0.5625868932214253,0.5319408390917653,0.5976021845771223,False
285,EARLY,C3,mae_rate,339,1551,0.19931790011583334,"[0.13991961615135173, 0.2670921577539901]",0.20789144614981972,"[0.14802854445405536, 0.2847596777693916]",0.2128858103668022,0.22397458484449692,-0.09681530000960639,0.4665540739726392,0.43337363947372043,0.497674308922128,False
285,EARLY,C3,d_mfe,339,1551,0.0,"[0.0, 0.18466445587320576]",0.0,"[0.0, 0.0700951278936876]",0.12546675229051024,0.07416588201371625,0.31489524026491117,0.5769453145653485,0.5483404278437559,0.60511253047403,False
285,EARLY,C3,d_mae,339,1551,0.0,"[0.0, 0.17354666786284212]",0.0,"[0.0, 0.19922792206966577]",0.11324391940642253,0.13910354246975914,-0.10753670618133623,0.47825173215871764,0.4469968245813946,0.5078600495852632,False
285,EARLY,C3,fav_expand_adv_stall,339,1551,0.0,"[0.0, 1.0]",0.0,"[0.0, 0.0]",0.34513274336283184,0.24564796905222436,0.2265637696940996,0.5497423871553038,0.5232865556003606,0.5762891267295193,False
285,EARLY,C3,adv_expand_fav_stall,339,1551,0.0,"[0.0, 1.0]",0.0,"[0.0, 1.0]",0.2861356932153392,0.3617021276595745,-0.15883575171789727,0.46221678277788236,0.43508410448679213,0.4903345271516877,False
285,EARLY,C3,aligned_5m,327,1456,0.0,"[0.0, 1.0]",0.0,"[0.0, 1.0]",0.42813455657492355,0.40453296703296704,0.04798878771038117,0.5118007947709783,0.483860311560154,0.5425220911676433,False
285,EARLY,C3,aligned_15m,326,1456,0.0,"[0.0, 1.0]",0.0,"[0.0, 1.0]",0.4601226993865031,0.4519230769230769,0.01646195288350711,0.5040998112317131,0.4742864879513597,0.5331334837388119,False
285,EARLY,C3,aligned_1h,327,1456,1.0,"[0.0, 1.0]",0.0,"[0.0, 1.0]",0.5045871559633027,0.4896978021978022,0.029767391511278708,0.5074446768827503,0.4735529320779899,0.5408654554308641,False
285,EARLY,C3,trans_5m,327,1456,0.0,"[0.0, 0.0]",0.0,"[0.0, 0.0]",0.024464831804281346,0.019917582417582416,0.03188353866749786,0.5022736246933495,0.49376693021346296,0.5126785368567089,False
285,EARLY,C3,n_htf_aligned,326,1456,1.0,"[0.0, 3.0]",1.0,"[0.0, 2.0]",1.3957055214723926,1.3461538461538463,0.04401975841200862,0.5107077546686443,0.4737679589304955,0.5460784367810521,False
