tree
version=v4
num_class=1
num_tree_per_iteration=1
label_index=0
max_feature_idx=162
objective=binary sigmoid:1
feature_names=atr_change_rate atr_percentile_20d atr_percentile_session atr_ratio_short_long context_level_span_atr context_levels_above_count context_levels_below_count current_max_mfe_from_prior_regime_mae_atr__tf_1h current_max_mfe_from_prior_regime_mae_atr__tf_1m current_max_mfe_from_prior_regime_mae_atr__tf_30s current_max_mfe_from_prior_regime_mae_atr__tf_5m current_max_mfe_from_prior_regime_mfe_atr__tf_1h current_max_mfe_from_prior_regime_mfe_atr__tf_1m current_max_mfe_from_prior_regime_mfe_atr__tf_30s current_max_mfe_from_prior_regime_mfe_atr__tf_5m current_price_from_prior_mae_atr__tf_1h current_price_from_prior_mae_atr__tf_1m current_price_from_prior_mae_atr__tf_30s current_price_from_prior_mae_atr__tf_5m current_price_from_prior_mfe_atr__tf_1h current_price_from_prior_mfe_atr__tf_1m current_price_from_prior_mfe_atr__tf_30s current_price_from_prior_mfe_atr__tf_5m current_regime_start_from_prior_mae_atr__tf_1h current_regime_start_from_prior_mae_atr__tf_1m current_regime_start_from_prior_mae_atr__tf_30s current_regime_start_from_prior_mae_atr__tf_5m current_regime_start_from_prior_mfe_atr__tf_1h current_regime_start_from_prior_mfe_atr__tf_1m current_regime_start_from_prior_mfe_atr__tf_30s current_regime_start_from_prior_mfe_atr__tf_5m failed_new_extreme_attempt_count__tf_1h failed_new_extreme_attempt_count__tf_1m failed_new_extreme_attempt_count__tf_30s failed_new_extreme_attempt_count__tf_5m has_previous_pullbacks minutes_from_rth_open mtf_current_regime_mfe_mean_atr mtf_prior_mfe_displacement_count mtf_prior_range_reclaim_mean mtf_regime_direction_agreement_count nearest_context_level_above_atr nearest_context_level_below_atr nearest_level_against_trade_direction_atr nearest_level_in_trade_direction_atr previous_max_depth_ratio previous_pullbacks_avg_duration_sec previous_pullbacks_count previous_pullbacks_max_depth_atr prior_regime_duration_sec__tf_1h prior_regime_duration_sec__tf_1m prior_regime_duration_sec__tf_30s prior_regime_duration_sec__tf_5m prior_regime_max_mae_atr__tf_1h prior_regime_max_mae_atr__tf_1m prior_regime_max_mae_atr__tf_30s prior_regime_max_mae_atr__tf_5m prior_regime_max_mfe_atr__tf_1h prior_regime_max_mfe_atr__tf_1m prior_regime_max_mfe_atr__tf_30s prior_regime_max_mfe_atr__tf_5m prior_regime_range_overlap_ratio__tf_1h prior_regime_range_overlap_ratio__tf_1m prior_regime_range_overlap_ratio__tf_30s prior_regime_range_overlap_ratio__tf_5m prior_regime_range_reclaim_ratio__tf_1h prior_regime_range_reclaim_ratio__tf_1m prior_regime_range_reclaim_ratio__tf_30s prior_regime_range_reclaim_ratio__tf_5m prior_regime_total_range_atr__tf_1h prior_regime_total_range_atr__tf_1m prior_regime_total_range_atr__tf_30s prior_regime_total_range_atr__tf_5m pullback_close_location_ratio pullback_counter_bar_ratio pullback_depth_atr pullback_depth_vs_max_mfe_ratio pullback_duration_sec pullback_duration_vs_regime_age_ratio pullback_efficiency pullback_longest_counter_run_bars pullback_rebound_from_deepest_point_atr pullback_velocity_vs_expansion_velocity_ratio realized_range_15m_atr realized_range_1m_atr realized_range_5m_atr regime_age_sec__tf_1h regime_age_sec__tf_1m regime_age_sec__tf_30s regime_age_sec__tf_5m regime_current_displacement_atr__tf_1h regime_current_displacement_atr__tf_1m regime_current_displacement_atr__tf_30s regime_current_displacement_atr__tf_5m regime_distance_from_mae_atr__tf_1h regime_distance_from_mae_atr__tf_1m regime_distance_from_mae_atr__tf_30s regime_distance_from_mae_atr__tf_5m regime_distance_from_mfe_atr__tf_1h regime_distance_from_mfe_atr__tf_1m regime_distance_from_mfe_atr__tf_30s regime_distance_from_mfe_atr__tf_5m regime_expansion_rate_atr_min__tf_1h regime_expansion_rate_atr_min__tf_1m regime_expansion_rate_atr_min__tf_30s regime_expansion_rate_atr_min__tf_5m regime_max_mae_atr__tf_1h regime_max_mae_atr__tf_1m regime_max_mae_atr__tf_30s regime_max_mae_atr__tf_5m regime_max_mfe_atr__tf_1h regime_max_mfe_atr__tf_1m regime_max_mfe_atr__tf_30s regime_max_mfe_atr__tf_5m regime_new_extreme_count__tf_1h regime_new_extreme_count__tf_1m regime_new_extreme_count__tf_30s regime_new_extreme_count__tf_5m regime_progress_efficiency__tf_1h regime_progress_efficiency__tf_1m regime_progress_efficiency__tf_30s regime_progress_efficiency__tf_5m regime_recent_expansion_rate_180s_atr_min__tf_1h regime_recent_expansion_rate_180s_atr_min__tf_1m regime_recent_expansion_rate_180s_atr_min__tf_30s regime_recent_expansion_rate_180s_atr_min__tf_5m regime_recent_expansion_rate_30s_atr_min__tf_1h regime_recent_expansion_rate_30s_atr_min__tf_1m regime_recent_expansion_rate_30s_atr_min__tf_30s regime_recent_expansion_rate_30s_atr_min__tf_5m regime_recent_expansion_rate_60s_atr_min__tf_1h regime_recent_expansion_rate_60s_atr_min__tf_1m regime_recent_expansion_rate_60s_atr_min__tf_30s regime_recent_expansion_rate_60s_atr_min__tf_5m regime_time_since_mae_sec__tf_1h regime_time_since_mae_sec__tf_1m regime_time_since_mae_sec__tf_30s regime_time_since_mae_sec__tf_5m regime_time_since_mfe_sec__tf_1h regime_time_since_mfe_sec__tf_1m regime_time_since_mfe_sec__tf_30s regime_time_since_mfe_sec__tf_5m regime_total_range_atr__tf_1h regime_total_range_atr__tf_1m regime_total_range_atr__tf_30s regime_total_range_atr__tf_5m session_current_range_atr session_displacement_from_open_atr session_new_high_count session_new_low_count session_position_in_range time_near_regime_extreme_180s_ratio__tf_1h time_near_regime_extreme_180s_ratio__tf_1m time_near_regime_extreme_180s_ratio__tf_30s time_near_regime_extreme_180s_ratio__tf_5m time_near_regime_extreme_300s_ratio__tf_1h time_near_regime_extreme_300s_ratio__tf_1m time_near_regime_extreme_300s_ratio__tf_30s time_near_regime_extreme_300s_ratio__tf_5m time_near_regime_extreme_60s_ratio__tf_1h time_near_regime_extreme_60s_ratio__tf_1m time_near_regime_extreme_60s_ratio__tf_30s time_near_regime_extreme_60s_ratio__tf_5m
feature_infos=[-0.48854193548984992:1.8818429255598601] [2.5968615470073604:100] [8.3333333333333321:100] [0.62164003171148841:2.8723249754215883] [8.0315418882726295:149.51399179344526] [0:11] [3:14] [-22.296637931705327:17.166749840019097] [-13.402742285295297:8.2761885421212718] [-16.320534645948275:12.54343194278907] [-17.529186794671396:20.328386829321079] [0:21.313546516893638] [1.9481724399201543:10.271115864966186] [1.2624225149937236:17.063271944520327] [1.1406617823732241:22.57994866168259] [-24.491866767153009:17.3509520759366] [-13.707928067882666:9.3550256884302971] [-16.979633160496185:13.266827046080822] [-19.073095228601737:20.088933224004119] [-2.8608032837928916:21.497748752811141] [1.3127952388038284:12.91313374941447] [-1.3120721476667088:18.312756990957716] [-1.3554259443046481:22.337095215499385] [-24.313330959042553:3.1225041322166258] [-16.658057299560568:-0.029077241687945548] [-20.87145296068385:0.073100590183541078] [-20.806350923297124:0] [0:7.27752959888827] [0.17473983151397537:4.9974853941616768] [0:6.4844545128360798] [-0.014672528933424283:6.4703644679164398] [0:5] [0:3] [0:7] [0:7] none [9.4500000000000455:417.18333333333328] [1.0534528803007661:9.4537175631362054] [2:4] [0.52435630354153007:9.1945144970535271] [1:4] [0.016050764273382059:27.673829482362375] [0.017133132126736714:10.660147525786867] [0.016050764273382059:27.673829482362375] [0.017133132126736714:10.660147525786867] [0.11111111111111113:11.448137373092388] [0:719] [0:33] [0:2.7082778255385884] [0:568800] [120:5280] [30:3330] [300:30000] [0:5.0433283072532165] [0:4.5855674689332773] [0:5.7575555060478427] [0:6.3056002291778048] [0:29.675625879177797] [0.18271110487477604:21.643809940217348] [0.20220106064943261:26.968419993277038] [0.20341233346815765:49.508548112121431] [0:1] [0.050000000000000003:1] [0:1] [0.055555555555555552:1] [0:29.089887640449437] [0.20595744680851064:6.7750000000000004] [0.25:14.652173913043478] [0.11223203026481715:29.035087719298247] [0:25.135677711551335] [0.7572059365605599:18.107689766850573] [0.4448428681323639:23.225376226926389] [0.30859647990234362:22.284716074654952] [0:1] [0:1] [0.1122304180038403:2.3439551934243941] [0.013440860215053764:8.9397733741453322] [1:165] [0.0011185682326621924:0.46857142857142858] [0.17686315078759884:134.66795194500105] [0:12] [0:1.6614686193211452] [0.39620377440820337:728.30769230769226] [1.3793940804553595:20.068792007063308] [0.14397252526549906:10.712100308781068] [0.56301799202259573:16.789577626824205] [0:496309] [301:900] [0:2120] [0:28887] [-4.3990241449277629:19.449060470411585] [0:11.194047832309757] [-3.0296938682485819:17.178840149412345] [-2.9685856838290658:20.60279882206018] [0:19.902826954013243] [0.16524029660466619:11.313984059084504] [0:17.348927675644152] [0:21.502063618658287] [0:5.6425391401442706] [0:8.6159107534559229] [0:11.282472573376426] [0:6.5549397972516266] [0:47.610426291067334] [0.034888842476073288:1.0428403003642301] [0.13637422407082031:135.32250620110472] [0.01034450057226158:77.976977304520503] [0:4.0468146954155726] [0:2.0698387279638415] [0:2.930519289090209] [0:2.5641540167525378] [0:19.264858234494081] [0.31714435068467628:8.9368978811504984] [0.256874775836966:14.785833183958067] [0.21078310551941179:20.84302953386085] [0:29] [1:14] [1:25] [1:43] [0:1] [0:1] [0.011627906976744186:1] [0:1] [0:1.3236643614931227] [0:2.1644119877369583] [0:2.2254464492035302] [0:1.0733224704844722] [0:5.2350945919968011] [0:11.393037119236487] [0:7.1154118370228554] [0:6.4399348229068334] [0:2.6175472959984005] [0:5.6965185596182435] [0:5.9333348725817778] [0:3.2199674114534167] [0:453109] [2:900] [0:2120] [0:28887] [0:267039] [0:899] [0:1182] [0:7524] [0:19.718624718095739] [0.94820019449088544:8.983749179919025] [0.57796824563317351:15.521621091216643] [0.46330310324714197:21.743654266805457] [5.2082558582930867:83.361907470717071] [-52.49755807390514:76.703278329093223] [1:109] [1:92] [0.044676098287416234:1] [0:1] [0:1] [0:1] [0:1] [0:1] [0:1] [0:1] [0:1] [0:1] [0:1] [0:1] [0:1]
tree_sizes=1709 1521 1733 1426 1740 1100 1736 1634 1533 1636 1738 1110 1738 997 1644 1640 1110 1308 1424 1110 1629 1100 1319 1422 1107 1101 1532 1519 1104 1421 1104 998 1314 993 1433 1743 1645 1421 1099 1099 1213 1537 900 1111 1206 1630 1746 1206 1104 1532 1103 1105 1416 1212 1104 1106 1204 1738 1414 1637 997 1097 1116 1110 1518 1002 1530 1212 1316 993 1319 1521 1209 1096 893 1000 1510 895 1423 890 1422 1203 1525 1003 1423 1412 1316 1110 1000 997 1533 1537 900 1106 1756 1204 891 1635 893 1523 1315 1109 887 1429 1412 1001 1109 1314 991 1105 1529 1001 1730 1107 1007 897 1004 1100 1102 1104 1523 1743 1099 895 1530 1522 1004 1542 897 1001 1521 1007 1206 1099 1209 1519 894 1536 896 1749 1207 1746 1213 1629 1752 1214 1219 1212 896 1422 1102 888 1316 1528 1210 1747 1099 1110 989 1213 1100 1002 1004 1747 1422 1223 1102 1000 1426 1535 1639 1532 1319 1224 795 1746 1211 1108 1008 1108 1097 1425 996 1311 1105 1639 1639 1094 1424 1642 1116 1747 1110 1108 1633 1303 1736 1422 1529 1315 999 1421 1316 1098 1644 1000 1109 1747 1309 1630 1536 791 1524 1324 1631 1105 1532 1425 1518 998 895 1319 1209 1105 1639 1538 1107 998 1108 1208 794 1427 1414 1317 1527 1107 1415 1312 1636 1323 1218 1417 994 900 1211 1211 1324 1312 1538 1208 1208 1316 1743 1534 1107 1006 1000 1743 1317 1107 796 1115 1424 1000 1417 899 1104 1317 795 891 1009 1639 1527 1106 1102 1213 1208 1650 1646 1322 1107 1424 1210 1525 1429 1750 1537 1746 1315 1533 1319 1754 1112 1643 1210 1209 1204 1105 1314 998

Tree=0
num_leaves=15
num_cat=0
split_feature=76 100 161 48 65 37 121 106 62 21 58 62 101 70
split_gain=37.5528 18.3876 21.4398 14.9633 14.3931 14.6164 13.2125 12.5811 15.6824 11.0731 14.8296 10.9847 8.9901 8.61331
threshold=0.20524267399267404 0.88874886547092846 0.83333333333333337 1.0271742049256669 0.88874130672895479 3.5707225530239621 0.4692460808070818 0.075059595986557162 0.4923371647509579 2.7776035252728684 1.7025393760566112 0.39969512195121959 3.0076907500708718 3.2331529068833968
decision_type=2 2 2 2 2 2 2 2 2 2 2 2 2 2
left_child=4 9 3 -3 5 13 -7 8 -6 10 -2 -11 -9 -1
right_child=1 2 -4 -5 7 6 -8 12 -10 11 -12 -13 -14 -15
leaf_value=-0.82724976891165347 -0.7605469221169936 -0.78078846876215269 -0.73832456811512459 -0.80611097832230716 -0.77126153859196878 -0.75001188021981124 -0.79334045192499103 -0.81371861999045103 -0.81086650531662796 -0.80930360992163619 -0.79645356779369769 -0.79597211178760852 -0.84351037705730447 -0.78653473054695699
leaf_weight=14.759595572948458 15.187409937381743 77.006585597991943 8.5562872886657697 28.877469599246979 14.117874026298521 8.3423801064491254 26.310583412647247 172.19528168439865 24.813233137130737 87.701944708824158 32.513891696929932 152.08800655603409 9.6258231997489911 6.8450298309326163
leaf_count=69 71 360 40 135 66 39 123 805 116 410 152 711 45 32
internal_value=-0.800031 -0.794174 -0.784003 -0.787695 -0.80853 -0.794984 -0.782909 -0.811982 -0.796504 -0.798222 -0.785021 -0.800848 -0.815296 -0.81435
internal_weight=678.941 401.932 114.44 105.884 277.01 56.2576 34.653 220.752 38.9311 287.491 47.7013 239.79 181.821 21.6046
internal_count=3174 1879 535 495 1295 263 162 1032 182 1344 223 1121 850 101
is_linear=0
shrinkage=1


Tree=1
num_leaves=13
num_cat=0
split_feature=76 85 61 75 19 99 45 94 89 4 14 68
split_gain=35.3743 17.3691 15.5341 14.4045 15.5406 13.8292 12.0964 11.5319 8.58987 5.97111 10.8951 4.6974
threshold=0.20524267399267404 1.0103230763395026 0.90877784740090939 0.51923193008694135 2.946851374116529 0.49434641461873058 0.4058277027027028 7.0672706505638425 4692.5000000000009 26.931588515514161 4.8969254668554489 2.1682389937106925
decision_type=2 2 2 2 2 2 2 2 2 2 2 2
left_child=2 -2 6 4 -3 -5 8 -8 -1 10 -4 -11
right_child=1 3 9 5 -6 -7 7 -9 -10 11 -12 -13
leaf_value=-0.026644797770859208 0.04051899671107724 0.0090005274961413237 0.016609301811395197 0.0012188474726824072 -0.0081250113990788651 0.017425423954348648 0.0013577143256096379 -0.025060542911721165 0.0035253968407744575 -0.034962901642251042 -0.032050145851904771 -0.012399343035503921
leaf_weight=32.369968011975288 12.471676811575888 80.529910504817963 8.512732461094858 83.777799189090729 116.94189999997616 109.0908400863409 158.81397990882397 16.407104939222336 11.514363199472426 28.740248128771782 8.0647024661302549 11.678133577108381
leaf_count=152 58 376 40 391 546 508 744 77 54 135 38 55
internal_value=-1.63462e-06 0.00566781 -0.00827296 0.00455429 -0.00114114 0.0103857 -0.00464363 -0.001116 -0.0187287 -0.0222249 -0.00706287 -0.0284436
internal_weight=678.913 402.812 276.101 390.34 197.472 192.869 219.105 175.221 43.8843 56.9958 16.5774 40.4184
internal_count=3174 1879 1295 1821 922 899 1027 821 206 268 78 190
is_linear=0
shrinkage=0.03


Tree=2
num_leaves=15
num_cat=0
split_feature=76 100 161 4 65 37 121 106 88 87 37 58 23 70
split_gain=33.3232 16.3314 19.3896 14.4518 13.253 13.6939 12.0175 11.7981 17.2181 10.4019 11.7859 11.461 9.52771 8.20439
threshold=0.20524267399267404 0.88874886547092846 0.83333333333333337 21.674883065835377 0.88874130672895479 3.5707225530239621 0.4692460808070818 0.075059595986557162 832.00000000000011 339.50000000000006 4.5146431815097996 1.1105269230384536 -1.8782939690197444 3.2331529068833968
decision_type=2 2 2 2 2 2 2 2 2 2 2 2 2 2
left_child=4 9 3 -3 5 13 -7 8 -6 10 -2 -11 -9 -1
right_child=1 2 -4 -5 7 6 -8 12 -10 11 -12 -13 -14 -15
leaf_value=-0.026651559437049572 -0.017126357135877315 0.031639171965247515 0.057830905856529329 0.0054453443057742726 -0.0061663996474229854 0.047545191789916771 0.0065283948002127423 -0.025914199634088836 0.044423768581529605 0.028977604608068717 0.02659497005749745 0.0024606122040676673 -0.010408023229878336 0.013098265255533108
leaf_weight=14.595182955265047 40.90752512216568 24.636740237474442 8.7924873232841474 82.227064952254295 31.39567443728447 8.5025076717138273 26.359931603074074 49.008045330643654 7.5014123469591132 15.692768663167952 6.4199302941560736 224.98159416019917 130.97191426157951 6.8743487000465384
leaf_count=69 191 114 40 381 147 39 123 232 35 73 30 1050 618 32
internal_value=-2.84399e-06 0.00548531 0.0150076 0.0114842 -0.0080525 0.00492436 0.0165319 -0.0113923 0.00359006 0.00166135 -0.0111956 0.00418961 -0.0146303 -0.013924
internal_weight=678.867 403.658 115.656 106.864 275.209 56.332 34.8624 218.877 38.8971 288.002 47.3275 240.674 179.98 21.4695
internal_count=3174 1879 535 495 1295 263 162 1032 182 1344 221 1123 850 101
is_linear=0
shrinkage=0.03


Tree=3
num_leaves=12
num_cat=0
split_feature=76 85 45 81 102 26 58 101 51 148 104
split_gain=31.3941 15.8821 12.6216 14.9462 12.0061 17.3289 17.1082 10.5072 9.32421 8.21592 5.76823
threshold=0.20524267399267404 1.0103230763395026 0.4058277027027028 0.0771724331018072 0.0067590232169155934 -0.33124853120750058 1.1794757542767174 0.78176780397357604 885.00000000000011 47.500000000000007 0.56178393485127376
decision_type=2 2 2 2 2 2 2 2 2 2 2
left_child=2 -2 9 8 6 -6 -3 -5 -4 10 -1
right_child=1 4 3 7 5 -7 -8 -9 -10 -11 -12
leaf_value=-0.011225554894401491 0.038331466359945103 0.031195467533284494 -0.015233166620549658 0.0089346064940786542 0.0065483112272018574 0.039034027068193852 -0.0043537813355430076 -0.011579378301872292 0.015682315030732356 0.010133414270808839 -0.03302460469749878
leaf_weight=17.036004304885864 12.696483775973318 13.186106592416762 99.709681794047356 79.367751210927963 202.32367968559265 15.942945808172224 160.30353079736233 31.346591264009476 9.6279744654893857 6.7646827697753897 30.454049840569496
leaf_count=81 58 61 470 374 940 74 746 148 45 32 145
internal_value=-4.25928e-06 0.00530913 -0.0078386 -0.00464326 0.0042389 0.00892118 -0.00165186 0.00312647 -0.0125108 -0.0207986 -0.0252047
internal_weight=678.759 404.453 274.307 220.052 391.756 218.267 173.49 110.714 109.338 54.2547 47.4901
internal_count=3174 1879 1295 1037 1821 1014 807 522 515 258 226
is_linear=0
shrinkage=0.03


Tree=4
num_leaves=15
num_cat=0
split_feature=76 61 0 62 45 135 0 4 104 74 34 2 0 45
split_gain=29.5743 14.5791 14.1267 17.3521 21.4621 14.6117 12.9798 16.1445 13.9533 11.72 10.0126 9.76683 6.08147 12.7705
threshold=0.20524267399267404 0.90877784740090939 -0.060398200485388402 0.41942798624826277 0.89181286549707617 795.50000000000011 -0.085340971867528745 20.422740387940316 0.46032180504954812 0.40682870370370378 3.5000000000000004 83.18188323823837 0.12778200934994158 0.48181216931216936
decision_type=2 2 2 2 2 2 2 2 2 2 2 2 2 2
left_child=1 6 3 4 -2 -5 8 -8 -1 11 -11 -4 -3 -14
right_child=2 12 9 5 -6 -7 7 -9 -10 10 -12 -13 13 -15
leaf_value=0.042199453814610807 -0.0039709457520030605 -0.026698989262713531 -0.028071428397835954 0.020032819392393882 0.042287942341240281 -0.023530675641650612 0.030145237795654495 -0.010358059844566864 0.0016563191362171023 0.0007394646539738807 0.034443906542055445 0.0043203118931339152 -0.033193807820838105 0.026421272205920911
leaf_weight=9.4376418143510801 88.867953270673752 43.057866662740707 23.176755011081696 119.17524637281895 10.047103092074392 7.3572076112031928 9.3811210095882398 158.52832487225533 40.105592295527458 135.05606245994568 8.4275786727666837 13.120427310466765 6.4369113147258741 6.499371349811554
leaf_count=44 412 206 108 551 46 34 44 750 189 628 39 61 31 31
internal_value=-5.30293e-06 -0.00762892 0.00513909 0.0101411 0.00072771 0.0174998 -0.00411381 -0.00809514 0.0093795 -0.00113345 0.00271911 -0.0163627 -0.0212798 -0.00324235
internal_weight=678.675 273.447 405.228 225.448 98.9151 126.532 217.453 167.909 49.5432 179.781 143.484 36.2972 55.9941 12.9363
internal_count=3174 1295 1879 1043 458 585 1027 794 233 836 667 169 268 62
is_linear=0
shrinkage=0.03


Tree=5
num_leaves=9
num_cat=0
split_feature=84 83 75 48 99 95 21 36
split_gain=26.598 22.4379 17.0978 18.5117 13.9167 12.6662 12.5651 12.0766
threshold=0.39998011553061363 4.7206047792303609 0.51923193008694135 1.0266969269120882 0.58138048096398198 2.9811871481706653 5.8211188906723175 309.23333333333335
decision_type=2 2 2 2 2 2 2 2
left_child=-1 2 4 -4 -2 6 -3 -7
right_child=1 5 3 -5 -6 7 -8 -9
leaf_value=0.04552810004909532 0.00027137036707241597 0.044534510542579384 0.016590621852084628 -0.0023332824685897632 -0.022519230554690555 -0.016048625302829692 -0.0038175889632277812 0.00020589445017083995
leaf_weight=11.352154865860937 224.68238292634487 7.493626922369006 125.64827509224415 73.87681320309639 27.013143062591553 135.8392206132412 13.644019693136213 59.007257789373398
leaf_count=52 1050 35 579 343 126 645 64 280
internal_value=-6.6895e-06 -0.000781441 0.00302483 0.0095838 -0.00217462 -0.00873326 0.013324 -0.0111261
internal_weight=678.557 667.205 451.221 199.525 251.696 215.984 21.1376 194.846
internal_count=3174 3122 2098 922 1176 1024 99 925
is_linear=0
shrinkage=0.03


Tree=6
num_leaves=15
num_cat=0
split_feature=76 100 161 4 65 37 22 56 88 21 58 62 122 70
split_gain=26.4171 14.2775 17.3139 13.1103 12.2414 13.0827 11.5675 11.326 12.6785 10.1719 12.9985 10.0262 9.34036 7.62169
threshold=0.20524267399267404 0.88874886547092846 0.83333333333333337 21.674883065835377 0.88874130672895479 3.5707225530239621 2.8343442730498536 0.040981962238233464 791.50000000000011 2.7776035252728684 1.7025393760566112 0.39969512195121959 1.0000000180025095e-35 3.2331529068833968
decision_type=2 2 2 2 2 2 2 2 2 2 2 2 2 2
left_child=4 9 3 -3 5 13 -7 8 -6 10 -2 -11 -9 -1
right_child=1 2 -4 -5 7 6 -8 12 -10 11 -12 -13 -14 -15
leaf_value=-0.02579055513590078 0.036372952272158067 0.029312815900883877 0.05352276047454213 0.0045834307531154323 -0.0065445943874267313 0.041618334263102977 0.0046322958962341414 -0.013985298015459491 0.041969747742594189 -0.0093471543023054791 0.0030795963568246748 0.0033671973765227359 0.023013227616201809 0.012561063347773422
leaf_weight=14.335820674896242 15.582440763711928 25.136175602674484 9.0518994033336622 83.017781600356102 14.052778959274294 11.229978770017622 23.611603051424026 187.96895864605904 7.4015967696905127 87.777467459440231 32.706341430544853 153.32207362353802 6.3483751267194739 6.912344977259635
leaf_count=69 71 114 40 381 67 52 110 900 35 410 152 711 30 32
internal_value=-7.49714e-06 0.00483307 0.0136666 0.0103308 -0.00724702 0.00523886 0.0165535 -0.0104927 0.0101925 0.0012554 0.0138231 -0.00126174 -0.0127766 -0.0133142
internal_weight=678.456 406.594 117.206 108.154 271.861 56.0897 34.8416 215.772 21.4544 289.388 48.2888 241.1 194.317 21.2482
internal_count=3174 1879 535 495 1295 263 162 1032 102 1344 223 1121 930 101
is_linear=0
shrinkage=0.03


Tree=7
num_leaves=14
num_cat=0
split_feature=0 84 54 71 67 142 58 87 108 4 125 118 113
split_gain=25.1114 16.955 15.4639 14.854 14.8301 12.7025 11.8058 10.619 9.40467 5.66113 6.93365 3.90892 0.105151
threshold=-0.065616898025208967 0.4105005390772109 0.046085185517848119 1.9882603729843358 4.6282894736842115 6.5653737067626183 6.269801112807726 574.50000000000011 0.029726125729347231 47.704832792805313 0.10982698180110485 0.61631204914699156 2.7400258379287812
decision_type=2 2 2 2 2 2 2 2 2 2 2 2 2
left_child=1 11 7 -4 5 6 -2 -3 -7 10 -6 -1 -11
right_child=4 2 3 -5 9 8 -8 -9 -10 12 -12 -13 -14
leaf_value=0.022909522873154925 0.0013070444301853212 0.0029969200042933609 0.020320664782268238 0.0034337970886405399 0.0038872359900424466 0.0081979590872675173 -0.020258084162243003 -0.02735292849785867 -0.021148047625749122 -0.037314831838437583 -0.03127151322112371 0.055179026596712234 -0.042788012813203026
leaf_weight=6.6365734785795194 259.12132793664932 21.035906657576561 63.429160445928574 179.67965848743916 9.6333834081888217 12.182073399424551 25.056616708636284 20.474056020379066 50.872818529605865 6.1570027321577054 10.606212213635443 6.8815653771162033 6.4885091483592987
leaf_count=30 1217 97 293 834 46 57 119 96 242 30 51 31 31
internal_value=-8.59422e-06 0.00650937 0.00495021 0.00783972 -0.00512081 -0.00329724 -0.000594402 -0.0119726 -0.0154785 -0.0243759 -0.0145371 0.0393367 -0.0401232
internal_weight=678.255 298.137 284.619 243.109 380.118 347.233 284.178 41.51 63.0549 32.8851 20.2396 13.5181 12.6455
internal_count=3174 1381 1320 1127 1793 1635 1336 193 299 158 97 61 61
is_linear=0
shrinkage=0.03


Tree=8
num_leaves=13
num_cat=0
split_feature=76 85 61 75 48 0 64 106 98 0 45 104
split_gain=24.036 13.6161 13.5121 11.8298 12.796 11.5472 12.9101 12.8445 10.5832 5.97804 12.1504 3.50919
threshold=0.20524267399267404 1.0103230763395026 0.90877784740090939 0.51923193008694135 1.0279008467710604 -0.085340971867528745 0.48571333366655006 0.17492447122239144 1.5685882664277766 0.12778200934994158 0.48181216931216936 0.55640736186835549
decision_type=2 2 2 2 2 2 2 2 2 2 2 2
left_child=2 -2 5 8 -5 7 -7 -1 -3 11 -11 -4
right_child=1 3 9 4 -6 6 -8 -9 -10 10 -12 -13
leaf_value=0.028813807320270612 0.034735049394490458 -0.0057532154556377002 -0.013933523015754784 0.014644429996549144 -0.001265166648511502 -0.017206775034141586 -0.00025172897593169868 -0.0026954837498093125 0.0098999158368847425 -0.032090540529517202 0.026504020754238251 -0.032067994475464226
leaf_weight=18.639252856373787 13.055097952485083 145.41544070839882 14.819207310676573 124.30178710818291 71.768419206142426 69.57773657143116 96.440838992595673 31.022284135222435 53.057979598641396 6.2510792315006238 6.4938104301691055 27.287842780351639
leaf_count=87 58 676 72 567 332 334 460 146 246 31 31 134
internal_value=-9.45801e-06 0.00459192 -0.00694216 0.00359451 0.00882097 -0.003561 -0.00735752 0.00913076 -0.00156866 -0.020237 -0.00223528 -0.0256857
internal_weight=678.131 407.599 270.532 394.544 196.07 215.68 166.019 49.6615 198.473 54.8519 12.7449 42.1071
internal_count=3174 1879 1295 1821 899 1027 794 233 922 268 62 206
is_linear=0
shrinkage=0.03


Tree=9
num_leaves=14
num_cat=0
split_feature=0 76 53 67 114 109 54 4 107 108 108 94 55
split_gain=22.6651 19.9059 15.686 13.943 13.6997 13.0727 12.7597 11.3183 10.196 9.00902 6.06459 5.48792 4.45231
threshold=-0.065616898025208967 0.67117117117117131 1.4753034790302271 4.6282894736842115 7.5000000000000009 0.18179233663961372 0.046085185517848119 62.80700119876294 0.35103208086843379 0.029726125729347231 0.23672457629723834 1.4020061243959823 0.3300826726819508
decision_type=2 2 2 2 2 2 2 2 2 2 2 2 2
left_child=1 2 6 4 7 -4 -1 -2 10 -6 -3 -5 -13
right_child=3 8 5 11 9 -7 -8 -9 -10 -11 -12 12 -14
leaf_value=-0.014150731237111984 -0.00072460104499703437 0.029589042204811688 0.059432242129588295 -0.0045316109031027637 0.0083038784217495838 0.0033375451788398244 0.0047514354809658332 0.033620147782930709 0.010231103042995312 -0.017076360563756127 0.067958743765640595 -0.040217947566908226 -0.011235158677503474
leaf_weight=37.653998777270317 244.43073202669621 8.0183387845754641 8.0888979882001859 9.5004343539476377 15.011962026357649 6.9531632661819449 219.52877429127693 8.952092841267584 12.057906001806257 77.927892714738846 6.8956920504569998 16.138622477650646 6.7720194458961478
leaf_count=176 1151 36 37 46 70 32 1014 42 55 372 31 79 33
internal_value=-1.02878e-05 0.00616128 0.00372557 -0.00488578 -0.00312486 0.0335026 0.00198398 0.000488809 0.0307447 -0.0129769 0.0473298 -0.0237018 -0.0316511
internal_weight=677.931 299.197 272.225 378.734 346.323 15.0421 257.183 253.383 26.9719 92.9399 14.914 32.4111 22.9106
internal_count=3174 1381 1259 1793 1635 69 1190 1193 122 442 67 158 112
is_linear=0
shrinkage=0.03


Tree=10
num_leaves=15
num_cat=0
split_feature=76 61 100 161 68 0 4 104 87 60 37 0 141 4
split_gain=21.9435 12.8372 12.2715 15.7929 12.2007 10.5194 14.9403 12.4207 9.71516 11.1542 11.0116 5.72785 5.42482 4.22604
threshold=0.20524267399267404 0.90877784740090939 0.88874886547092846 0.83333333333333337 0.9123244824801281 -0.085340971867528745 20.422740387940316 0.46032180504954812 339.50000000000006 0.93740166670851865 4.5146431815097996 0.12778200934994158 190.50000000000003 26.931588515514161
decision_type=2 2 2 2 2 2 2 2 2 2 2 2 2 2
left_child=1 5 8 4 -4 7 -7 -1 10 -10 -2 13 -13 -3
right_child=2 11 3 -5 -6 6 -8 -9 9 -11 -12 12 -14 -15
leaf_value=0.039244469881023411 -0.017145511772944926 -0.010314146734800352 0.026926378887760827 0.05015118811901307 0.0036102421737580818 0.029675300919454119 -0.0092364567586403316 0.0013661123001902612 -0.020272192897845383 0.0052180190634525028 0.024825662586426881 0.016804671472300289 -0.022428895804692959 -0.03129067309034618
leaf_weight=9.6622709035873395 40.894676461815834 12.267306983470915 26.74835641682148 9.2471563369035703 82.483635365962982 9.41765049099922 155.72267243266106 40.235233098268509 16.583799228072166 226.01910774409771 6.5233035981655112 6.5910407006740552 6.1142505556344986 29.264272451400757
leaf_count=44 191 60 121 40 374 44 750 189 77 1046 30 32 30 146
internal_value=-1.11444e-05 -0.00665974 0.00437147 0.0125067 0.00931982 -0.00337009 -0.00701739 0.00870097 0.00104809 0.00347556 -0.0113715 -0.0197025 -0.00207596 -0.0250948
internal_weight=677.775 269.275 408.5 118.479 109.232 215.038 165.14 49.8975 290.021 242.603 47.418 54.2369 12.7053 41.5316
internal_count=3174 1295 1879 535 495 1027 794 233 1344 1123 221 268 62 206
is_linear=0
shrinkage=0.03


Tree=11
num_leaves=9
num_cat=0
split_feature=84 76 36 107 30 102 121 56
split_gain=21.3973 19.6181 12.2511 17.4061 12.0045 11.6833 15.7179 15.264
threshold=0.39998011553061363 0.1480177360459051 257.47500000000008 0.049471282742480381 0.6799447578518889 0.0067590232169155934 0.73151385530965241 0.055462356671569193
decision_type=2 2 2 2 2 2 2 2
left_child=-1 2 4 -4 -2 6 -3 -7
right_child=1 5 3 -5 -6 7 -8 -9
leaf_value=0.040012634621560808 0.0047358616372211925 -0.008106632350825111 0.029468615630961419 -0.0087133060447217997 -0.026617840555094006 0.021094003074250578 0.0089166463476049104 0.00286691841189598
leaf_weight=11.811626225709913 13.924127012491224 162.92254634201527 12.833979591727255 66.033431738615036 52.159916520118713 50.040515840053558 69.697190821170807 238.09847168624401
leaf_count=52 67 761 61 321 255 230 326 1101
internal_value=-1.19871e-05 -0.00072214 -0.0104836 -0.00250002 -0.0200115 0.00199493 -0.00300614 0.00603238
internal_weight=677.522 665.71 144.951 78.8674 66.084 520.759 232.62 288.139
internal_count=3174 3122 704 382 322 2418 1087 1331
is_linear=0
shrinkage=0.03


Tree=12
num_leaves=15
num_cat=0
split_feature=0 76 53 67 29 109 142 58 107 47 156 125 108 100
split_gain=19.9658 18.188 14.3891 12.935 12.2288 11.8223 11.427 10.8446 9.14861 8.74619 5.65516 6.99153 5.42408 1.84234
threshold=-0.065616898025208967 0.67117117117117131 1.4753034790302271 4.6282894736842115 1.3209800331993578 0.18179233663961372 6.5653737067626183 6.269801112807726 0.35103208086843379 8.5000000000000018 0.26666666666666672 0.10982698180110485 0.23672457629723834 0.43504752963144733
decision_type=2 2 2 2 2 2 2 2 2 2 2 2 2 2
left_child=1 2 4 6 -1 -4 7 -2 12 -8 11 -5 -3 -12
right_child=3 8 5 10 -6 -7 9 -9 -10 -11 13 -13 -14 -15
leaf_value=0.010613754450939799 0.0014452395431003024 0.027880260198141424 0.055978218323273092 0.012153340037877906 -0.0030687685146767217 0.0029729749899322258 -0.0043558527693795101 -0.019386096990494862 0.0096597084318097229 -0.02699067974708072 -0.022633238634049386 -0.031690561172830083 0.063809572027198919 -0.04169326156251673
leaf_weight=90.716510906815529 258.51356069743633 8.1271490752697009 8.2781249433755857 7.1659339964389819 167.03746885061264 6.980598956346511 34.001116812229156 24.63500127196312 12.126633808016775 28.030045494437218 7.9754596948623684 6.0260701477527618 7.0722929984331122 10.670997992157934
leaf_count=417 1217 36 37 35 773 32 161 119 55 138 40 30 31 53
internal_value=-1.25739e-05 0.00575816 0.00342252 -0.00460963 0.0017468 0.0317292 -0.002922 -0.000367166 0.0290933 -0.0145839 -0.0229062 -0.00787443 0.0445982 -0.0335409
internal_weight=677.357 300.339 273.013 377.018 257.754 15.2587 345.18 283.149 27.3261 62.0312 31.8385 13.192 15.1994 18.6465
internal_count=3174 1381 1259 1793 1190 69 1635 1336 122 299 158 65 67 93
is_linear=0
shrinkage=0.03


Tree=13
num_leaves=8
num_cat=0
split_feature=84 125 101 4 36 157 97
split_gain=19.459 14.4723 15.908 14.3201 8.07641 7.35623 4.81705
threshold=0.39998011553061363 0.27975087043625657 2.8744277633476769 22.840093110954147 379.44166666666672 0.41428571428571431 1.4621987973224979
decision_type=2 2 2 2 2 2 2
left_child=-1 2 3 -2 5 -3 -4
right_child=1 4 6 -5 -6 -7 -8
leaf_value=0.03787875923735632 0.011062151253641142 -0.012962792229905326 -0.0094213808679989436 -0.00073475382278673088 0.0095035768877086112 -0.039646090841353385 -0.041804353632500485
leaf_weight=11.981566846370695 115.53866545855999 43.285877600312233 7.2319766134023693 466.63964486122131 10.958471328020094 11.842649698257445 9.6515130102634412
leaf_count=52 532 208 35 2188 53 58 48
internal_value=-1.32893e-05 -0.000695853 0.000773928 0.00160645 -0.014019 -0.0186949 -0.0279332
internal_weight=677.13 665.149 599.062 582.178 66.087 55.1285 16.8835
internal_count=3174 3122 2803 2720 319 266 83
is_linear=0
shrinkage=0.03


Tree=14
num_leaves=14
num_cat=0
split_feature=76 61 124 85 21 102 135 137 13 48 4 14 68
split_gain=18.4187 11.9951 11.5211 14.6164 14.1849 10.5119 10.0424 10.9818 9.06056 6.24187 5.47153 10.109 4.93344
threshold=0.20524267399267404 0.90877784740090939 0.075700055152137194 1.0103230763395026 3.0994527661776501 0.0067590232169155934 736.50000000000011 410.00000000000006 10.001895700630552 0.99667036274189169 26.931588515514161 4.8969254668554489 2.1682389937106925
decision_type=2 2 2 2 2 2 2 2 2 2 2 2 2
left_child=1 6 4 -4 -2 -5 7 -1 -8 -6 11 -3 -12
right_child=2 10 3 5 9 -7 8 -9 -10 -11 12 -13 -14
leaf_value=-0.016805287546966217 0.025958999609645782 0.018685700176499804 0.043976473731356457 -0.0010634943809040122 -0.0036194689912577745 0.0094163508869173577 0.01766596522790069 -0.00074223566398679323 -0.013399531186090798 -0.027021953134624872 -0.032097381589510345 -0.029308621565505705 -0.0081010103510110072
leaf_weight=58.585694909095764 8.4377414435148221 8.3191038817167264 8.8294154703617078 151.49745024740696 18.35054187476635 199.67907676100731 33.059644430875778 110.65751425921917 11.350845262408255 23.257367536425591 26.5762869566679 7.5202281922101966 10.862455576658247
leaf_count=284 38 40 38 700 84 911 157 531 55 108 135 38 55
internal_value=-1.35298e-05 -0.00614664 0.00397895 0.00585384 -0.00950819 0.00489535 -0.00297092 -0.00630267 0.00972596 -0.0167006 -0.0188818 -0.00410114 -0.0251351
internal_weight=676.983 266.932 410.052 360.006 50.0457 351.177 213.654 169.243 44.4105 41.6079 53.2781 15.8393 37.4387
internal_count=3174 1295 1879 1649 230 1611 1027 815 212 192 268 78 190
is_linear=0
shrinkage=0.03


Tree=15
num_leaves=14
num_cat=0
split_feature=0 53 54 67 114 36 83 157 82 108 156 125 106
split_gain=17.8676 13.5107 12.9203 12.0054 12.0778 15.7779 11.8453 11.4346 10.7451 8.47185 5.53701 6.57014 1.84711
threshold=-0.065616898025208967 1.4753034790302271 0.046085185517848119 4.6282894736842115 7.5000000000000009 362.84166666666675 3.2398368556516304 0.23611111111111113 3.8298321816854819 0.029726125729347231 0.26666666666666672 0.10982698180110485 0.21472970413901296
decision_type=2 2 2 2 2 2 2 2 2 2 2 2 2
left_child=1 2 8 4 5 -2 -4 -3 -1 -6 11 -5 -12
right_child=3 7 6 10 9 -7 -8 -9 -10 -11 12 -13 -14
leaf_value=0.019538914961120129 -0.0021811190638736755 0.0074921103517369457 0.015461157135695571 0.012007745981638821 0.0085457502967218133 0.020685721069735902 0.0015836707265656012 0.055791319039816607 -0.019241007795474475 -0.016136454416146917 -0.02148019920608548 -0.030787071531934034 -0.040859906939369049
leaf_weight=7.9799008667469016 221.788599640131 9.1080750823020953 85.533550813794136 7.1764901131391543 14.961860567331312 30.945918023586273 156.90173825621605 8.5551160126924497 33.117484733462334 76.549641981720924 7.5509686619043377 5.8694701492786407 10.696511313319204
leaf_count=37 1047 41 385 35 70 146 725 38 155 372 38 30 55
internal_value=-1.4186e-05 0.00542894 0.00384306 -0.00437976 -0.00276252 0.000618797 0.00647978 0.0308857 -0.0117111 -0.012101 -0.0221703 -0.00724595 -0.0328404
internal_weight=676.735 301.196 283.533 375.539 344.246 252.735 242.435 17.6632 41.0974 91.5115 31.2934 13.046 18.2475
internal_count=3174 1381 1302 1793 1635 1193 1110 79 192 442 158 65 93
is_linear=0
shrinkage=0.03


Tree=16
num_leaves=9
num_cat=0
split_feature=84 76 36 102 30 75 48 99
split_gain=17.4106 16.1247 11.7903 13.6766 11.6667 10.4239 13.5919 12.2513
threshold=0.39998011553061363 0.1480177360459051 257.47500000000008 0.02009776391676776 0.6799447578518889 0.51923193008694135 1.0266969269120882 0.58138048096398198
decision_type=2 2 2 2 2 2 2 2
left_child=-1 2 4 -4 -2 7 -7 -3
right_child=1 5 3 -5 -6 6 -8 -9
leaf_value=0.035569557146123372 0.0054219469752252959 -0.00039340938549842859 -0.0059988224631591777 0.035355613344540258 -0.025682831591329194 0.01166673678945418 -0.0027299285427119712 -0.023658418750760857
leaf_weight=12.152496010065077 13.787745997309683 249.05349896848202 69.878982573747635 8.0238365381956083 50.980239912867546 155.1961962133646 95.238655909895897 22.185994446277618
leaf_count=52 67 1164 344 38 255 706 445 103
internal_value=-1.48302e-05 -0.000665756 -0.00960298 -0.0017394 -0.0190613 0.00177845 0.00619178 -0.00229637
internal_weight=676.498 664.345 142.671 77.9028 64.768 521.674 250.435 271.239
internal_count=3174 3122 704 382 322 2418 1151 1267
is_linear=0
shrinkage=0.03


Tree=17
num_leaves=11
num_cat=0
split_feature=0 76 53 7 143 56 56 97 111 63
split_gain=16.5206 15.877 12.2499 11.8726 11.373 10.2399 10.5768 9.58872 8.2501 9.38489
threshold=-0.065616898025208967 0.67117117117117131 1.4753034790302271 -6.6769976498981327 1.9316937660041933 2.2754214336680412 1.4235653023969885 1.9507551245226484 1.7461018999548499 0.47674278846153856
decision_type=2 2 2 2 2 2 2 2 2 2
left_child=1 2 4 -2 -1 6 -5 -4 9 -3
right_child=3 8 7 5 -6 -7 -8 -9 -10 -11
leaf_value=-0.021498962540751371 0.034842918226670037 0.037773095583877488 0.0048614988825482356 -0.0046356797442517039 0.0031845599893815905 0.028882421506144704 -0.030670219180387426 0.051919678574768147 0.053955126801557916 -0.0029499041430387321
leaf_weight=18.062575712800026 6.8727158904075614 9.9700050503015571 7.6482260972261411 345.13265341520309 240.30332580208778 7.8769133836030951 14.639929205179213 7.9455247521400452 7.3981452584266654 10.412473708391188
leaf_count=82 32 44 34 1654 1108 37 70 35 32 46
internal_value=-1.51861e-05 0.00520877 0.0030174 -0.00422395 0.00145891 -0.00495426 -0.00569508 0.0288392 0.0268191 0.0169696
internal_weight=676.262 301.74 273.96 374.522 258.366 367.649 359.773 15.5938 27.7806 20.3825
internal_count=3174 1381 1259 1793 1190 1761 1724 69 122 90
is_linear=0
shrinkage=0.03


Tree=18
num_leaves=12
num_cat=0
split_feature=45 36 36 15 36 7 139 81 107 107 5
split_gain=14.7694 18.9629 15.4667 14.8961 13.0204 13.879 12.821 10.6796 10.3781 8.25622 0.888414
threshold=0.47087104072398195 390.02500000000003 81.675000000000026 -6.1797119989369858 187.01666666666668 -0.91608655690593943 21.500000000000004 0.096381122763716534 0.093877643440159933 0.38046334892396583 5.5000000000000009
decision_type=2 2 2 2 2 2 2 2 2 2 2
left_child=2 3 9 8 6 -6 -4 -5 -2 10 -1
right_child=1 -3 4 7 5 -7 -8 -9 -10 -11 -12
leaf_value=-0.04209408991195366 -0.0021769796729341996 0.041438290836389204 -0.0096774256459538337 -0.0020651952453538663 0.016286952487195045 -0.011675016543616752 0.024536721034260082 0.0085857833345478717 0.040550016391565247 -0.0031455799736320464 -0.028338469463377283
leaf_weight=13.763432011008268 7.8315981775522259 11.231183975934981 16.075181305408478 320.51846034824848 18.483992069959641 117.73824855685234 25.483337789773941 115.17107352614403 14.756604418158529 8.9340440928935987 6.0978759974241248
leaf_count=68 36 50 76 1490 86 572 119 539 67 42 29
internal_value=-1.54865e-05 0.00292568 -0.00670021 0.00198184 -0.00339653 -0.00788086 0.0113024 0.000750306 0.0257361 -0.027097 -0.0378708
internal_weight=676.085 469.509 206.576 458.278 177.781 136.222 41.5585 435.69 22.5882 28.7954 19.8613
internal_count=3174 2182 992 2132 853 658 195 2029 103 139 97
is_linear=0
shrinkage=0.03


Tree=19
num_leaves=9
num_cat=0
split_feature=84 76 124 21 101 102 4 119
split_gain=15.7108 14.5761 11.5612 12.7341 10.652 9.86841 9.83927 4.99552
threshold=0.4105005390772109 0.20524267399267404 0.075700055152137194 2.8953132437368239 3.0076907500708718 0.0067590232169155934 48.501902756862215 0.73090185676392583
decision_type=2 2 2 2 2 2 2 2
left_child=7 4 3 -3 6 -4 -2 -1
right_child=1 2 5 -5 -6 -7 -8 -9
leaf_value=0.014131435370023787 -0.0016395964054888232 0.026583623850844833 -0.0010211844022536664 -0.017121687968936074 -0.035173290038281492 0.0091721261589443083 -0.015605547457694977 0.048606941395374158
leaf_weight=8.1516925692558271 192.48403295874596 7.0131212323904029 149.21857719123363 41.527352720499039 10.939138308167456 200.11181926727295 59.41502271592617 7.0577969253063193
leaf_count=35 935 31 690 193 57 908 295 30
internal_value=-1.60161e-05 -0.000709962 0.00291172 -0.0108072 -0.00619227 0.00481799 -0.00493372 0.0301294
internal_weight=675.919 660.709 397.871 48.5405 262.838 349.33 251.899 15.2095
internal_count=3174 3109 1822 224 1287 1598 1230 65
is_linear=0
shrinkage=0.03


Tree=20
num_leaves=14
num_cat=0
split_feature=0 53 54 71 67 36 58 24 157 82 4 141 123
split_gain=14.8728 11.6023 12.1256 11.1883 11.0493 11.1503 22.3186 14.6326 10.086 9.98608 5.50537 5.4553 0.114653
threshold=-0.065616898025208967 1.4753034790302271 0.046085185517848119 1.9882603729843358 4.6282894736842115 329.43333333333339 1.6486924944994168 -0.15483440959574279 0.23611111111111113 3.8298321816854819 47.704832792805313 119.50000000000001 0.57302842437576063
decision_type=2 2 2 2 2 2 2 2 2 2 2 2 2
left_child=1 2 9 -4 5 7 -7 -2 -3 -1 11 -6 -12
right_child=4 8 3 -5 10 6 -8 -9 -10 -11 12 -13 -14
leaf_value=0.018293018144307425 -0.0067296271105256001 0.0063368696794425623 0.01659738062796301 0.0020914799998464372 -0.029740595042921151 0.04304629137460262 0.00033233518820802827 0.035694315191296032 0.051256475764434449 -0.018972332348324118 -0.04056142536446411 0.0026179578003626336 -0.034574499031666414
leaf_weight=8.0551976859569532 253.50143750011921 9.2078477740287799 65.451476231217384 177.9843220859766 8.2754027843475395 13.119364023208616 68.460880368947983 7.5346384197473517 8.7963999509811384 32.924753129482269 5.9421901255846006 10.819733604788778 5.5843177437782288
leaf_count=37 1213 41 295 815 43 61 326 35 38 155 31 54 30
internal_value=-1.61817e-05 0.00492854 0.00345012 0.00599162 -0.0040227 -0.00247955 0.0072014 -0.00550509 0.0282834 -0.0116473 -0.0212885 -0.0114055 -0.0376609
internal_weight=675.658 302.42 284.416 243.436 373.238 342.616 81.5802 261.036 18.0042 40.98 30.6216 19.0951 11.5265
internal_count=3174 1381 1302 1110 1793 1635 387 1248 79 192 158 97 61
is_linear=0
shrinkage=0.03


Tree=21
num_leaves=9
num_cat=0
split_feature=84 76 106 12 4 30 56 119
split_gain=14.4358 13.475 11.3302 13.7891 10.5375 8.12221 9.71494 4.60461
threshold=0.4105005390772109 0.1480177360459051 0.78295317232372807 4.5952919965433301 22.840093110954147 0.38821772303650642 0.045586093737128887 0.73090185676392583
decision_type=2 2 2 2 2 2 2 2
left_child=7 5 4 -4 -3 -2 -7 -1
right_child=1 2 3 -5 -6 6 -8 -9
leaf_value=0.013414336868082209 0.022745010669587871 0.012762624802097439 0.0011341965578268312 -0.022735402523979199 0.0011811785468937397 0.013154079777951208 -0.013308608196352482 0.046376972379963854
leaf_weight=8.1904736161231977 6.9336859434843054 89.442818343639374 57.004749476909637 35.251045390963554 337.52498145401478 13.936133027076719 119.97107617557049 7.1381529271602622
leaf_count=35 34 406 264 168 1567 67 603 30
internal_value=-1.67285e-05 -0.000685106 0.00154733 -0.0079864 0.0036073 -0.0089152 -0.0105546 0.0287642
internal_weight=675.393 660.064 519.224 92.2558 426.968 140.841 133.907 15.3286
internal_count=3174 3109 2405 432 1973 704 670 65
is_linear=0
shrinkage=0.03


Tree=22
num_leaves=11
num_cat=0
split_feature=84 59 75 40 45 17 97 109 23 55
split_gain=13.7695 13.4612 12.7507 13.2722 10.9827 10.5868 10.2794 8.34056 6.23875 3.99058
threshold=0.45518051394894005 7.1538516322344945 0.61617153552323944 3.5000000000000004 0.35067567567567576 0.23652452771510588 3.4466622010520624 0.067276908012537315 -0.86321599817838368 0.17800801222255477
decision_type=2 2 2 2 2 2 2 2 2 2
left_child=5 2 4 -4 -2 -1 8 -3 -7 -9
right_child=1 7 3 -5 -6 6 -8 9 -10 -11
leaf_value=0.05030372314776084 -0.019854641727678139 0.00011580654183037185 0.02924650332564907 0.00040200567390399975 -0.00040324829284505987 -0.017922108929020027 0.038137057420018883 -0.042051431723748797 0.019032024289174495 -0.015540809414206167
leaf_weight=7.4948997646570197 27.495777010917664 12.254447326064108 26.160241052508354 31.819680660963058 523.84692266583443 10.401390537619593 7.8378102034330359 12.280945226550104 6.7994156032800701 8.7519887387752515
leaf_count=32 138 57 118 149 2466 46 35 61 30 42
internal_value=-1.68452e-05 -0.000980839 3.40183e-05 0.0134165 -0.0013733 0.0190242 0.00966119 -0.0195577 -0.00331428 -0.0310201
internal_weight=675.144 642.61 609.323 57.9799 551.343 32.5335 25.0386 33.2874 17.2008 21.0329
internal_count=3174 3031 2871 267 2604 143 111 160 76 103
is_linear=0
shrinkage=0.03


Tree=23
num_leaves=12
num_cat=0
split_feature=0 76 11 143 7 150 67 59 91 16 4
split_gain=13.3969 13.8581 12.9392 13.2432 10.5345 9.88511 9.51339 8.47418 7.48785 8.61288 5.39636
threshold=-0.065616898025208967 0.67117117117117131 2.9000302420357111 1.9057991093714082 -6.6769976498981327 0.73845299696966393 4.6282894736842115 7.1538516322344945 1.197446842513846 -0.88408526955323563 43.697003563472727
decision_type=2 2 2 2 2 2 2 2 2 2 2
left_child=1 2 5 -4 -2 -1 7 -6 9 -3 -8
right_child=4 8 3 -5 6 -7 10 -9 -10 -11 -12
leaf_value=-0.022459866225781111 0.032622859301792879 -0.0093558545759730768 -0.021198352291677349 0.0076585607318670305 -0.0020534221218300791 0.0045640338954560933 -0.0096387411098845521 -0.025321009378595098 0.049330124422706033 0.030767895074490674 -0.035274256797965933
leaf_weight=29.17405192553997 7.0001355707645407 7.9357943981885954 15.363476291298864 209.37161000072956 320.08585686981678 20.9163538813591 17.169401168823246 14.736190959811209 7.9716173112392417 12.243353232741356 12.975165635347365
leaf_count=136 32 35 70 956 1529 97 88 74 34 53 70
internal_value=-1.70437e-05 0.00466611 0.00261265 0.00568583 -0.00383159 -0.0111754 -0.00453079 -0.00307748 0.0247133 0.0149885 -0.0206731
internal_weight=674.943 302.976 274.825 224.735 371.967 50.0904 364.967 334.822 28.1508 20.1791 30.1446
internal_count=3174 1381 1259 1026 1793 233 1761 1603 122 88 158
is_linear=0
shrinkage=0.03


Tree=24
num_leaves=9
num_cat=0
split_feature=84 76 65 88 37 124 21 102
split_gain=12.7461 12.378 10.6669 12.1303 12.1205 10.2608 12.8816 9.25424
threshold=0.39998011553061363 0.20524267399267404 0.88874130672895479 957.50000000000011 3.5707225530239621 0.075700055152137194 3.0994527661776501 0.0067590232169155934
decision_type=2 2 2 2 2 2 2 2
left_child=-1 2 4 -4 -2 6 -3 -7
right_child=1 5 3 -5 -6 7 -8 -9
leaf_value=0.029986885621068805 -0.012158542972412614 0.023033710731616284 -0.011230519077097599 0.013358198454924365 0.016863986314548437 -0.001150627053662776 -0.017385171815066262 0.0086727734502440295
leaf_weight=12.50631934404373 20.684913903474808 8.628886863589285 185.09353742003441 20.00881864130497 34.635963335633278 150.13430105149746 39.960283249616623 203.02575369179249
leaf_count=52 100 38 926 99 162 694 187 916
internal_value=-1.73423e-05 -0.000584026 -0.0056785 -0.00883176 0.00601223 0.00271833 -0.0102072 0.00449668
internal_weight=674.679 662.172 260.423 205.102 55.3209 401.749 48.5892 353.16
internal_count=3174 3122 1287 1025 262 1835 225 1610
is_linear=0
shrinkage=0.03


Tree=25
num_leaves=9
num_cat=0
split_feature=101 125 4 52 61 55 132 18
split_gain=12.6775 13.0836 13.5181 14.6313 10.3292 7.57191 7.85983 5.04635
threshold=2.8744277633476769 0.27975087043625657 22.840093110954147 13650.000000000002 0.37163823834664506 0.030593149724239474 0.16723180898026138 -0.62223877554562301
decision_type=2 2 2 2 2 2 2 2
left_child=1 2 4 -4 -1 -3 -7 -2
right_child=7 5 3 -5 -6 6 -8 -9
leaf_value=0.031547528301798362 -0.0059845981012310694 0.014380758887504709 -0.00091600607376214073 0.042079504263772105 0.007243785963599824 0.006796088928511872 -0.02155675145736 -0.040108891958902562
leaf_weight=18.616244867444038 6.5651220977306393 8.4285449981689435 465.49872997403145 7.2339480966329566 101.8112481534481 10.897913441061972 45.701903596520424 9.6085581481456739
leaf_count=83 32 41 2187 33 465 53 228 52
internal_value=-1.74892e-05 0.000627304 0.00202778 -0.000258071 0.0110008 -0.0121472 -0.0160976 -0.0262574
internal_weight=674.362 658.189 593.16 472.733 120.427 65.0284 56.5998 16.1737
internal_count=3174 3090 2768 2220 548 322 281 84
is_linear=0
shrinkage=0.03


Tree=26
num_leaves=13
num_cat=0
split_feature=45 84 2 7 0 41 41 122 59 23 65 109
split_gain=12.2839 13.9226 12.0066 11.6159 10.8339 12.8291 12.3715 8.83664 6.51776 4.84858 8.59848 3.66619
threshold=0.47237484737484742 0.4105005390772109 90.919484478935715 -5.5911519463108474 -0.0024323324641017086 0.38909653355841239 2.0996413657469488 0.058656458566011434 2.2841756363755916 -1.0908970566659082 4.1909184924161185 0.58024587528200877
decision_type=2 2 2 2 2 2 2 2 2 2 2 2
left_child=2 -2 4 8 5 -1 -6 -5 -3 11 -11 -4
right_child=1 3 9 7 6 -7 -8 -9 -10 10 -12 -13
leaf_value=0.015887810836094519 0.033287133780100495 0.0072766351839415816 -0.034449798973349155 0.00015970209597752067 -0.017169157777178503 -0.0063192135198568561 0.01740447243275791 0.028307986961266587 0.043143342058008113 0.0052372897097405805 -0.036538275651244373 -0.0095699362071456073
leaf_weight=45.292940706014633 13.00822454690933 9.0932807475328463 19.666962176561359 424.71704757213593 55.749853402376175 48.466784164309502 11.183419480919836 10.280468612909315 9.1465854346752149 13.698684573173525 6.5566041469573966 7.3123049437999716
leaf_count=213 54 41 98 1982 277 229 56 47 41 66 34 36
internal_value=-1.76367e-05 0.00268665 -0.00608158 0.00180839 -0.00217311 0.00440844 -0.0113925 0.000824942 0.0252624 -0.0193783 -0.00828539 -0.0277065
internal_weight=674.173 466.246 207.928 453.237 160.693 93.7597 66.9333 434.998 18.2399 47.2346 20.2553 26.9793
internal_count=3174 2165 1009 2111 775 442 333 2029 82 234 100 134
is_linear=0
shrinkage=0.03


Tree=27
num_leaves=13
num_cat=0
split_feature=36 7 58 95 150 36 83 121 72 58 30 57
split_gain=12.2805 22.0344 15.5084 15.9249 14.9106 14.8009 15.7907 15.0475 12.5225 11.4677 11.0316 9.83914
threshold=329.43333333333339 -0.79354200600614111 1.6807817242005083 4.6919641301500974 0.499193242579486 194.88333333333341 5.4621660183510619 0.13669797007931481 2.6453728381634076 0.67209013650709915 0.6799447578518889 7.6687740901900563
decision_type=2 2 2 2 2 2 2 2 2 2 2 2
left_child=5 4 3 -3 -2 6 7 -1 -4 -7 -8 -11
right_child=1 2 8 -5 -6 9 10 -9 -10 11 -12 -13
leaf_value=0.035810614123720275 0.0047025862273152525 0.042683863893098695 0.010507930285222027 -0.013484000242913598 0.059672610770257366 0.042651205660039972 0.012774963943082982 0.0034968023758497856 -0.011812183236348988 -0.010136018610268695 -0.025049615598632266 0.010515031900281002
leaf_weight=13.708416014909742 7.2569069713354137 15.288910552859308 39.836623385548592 6.4636379182338706 11.445342168211935 4.0555261522531501 9.224973186850546 240.67946045100689 52.352526694536209 222.70065195858479 28.01159855723381 22.899283871054649
leaf_count=62 33 69 190 33 52 18 45 1105 250 1068 144 105
internal_value=-1.79803e-05 0.00816273 0.00320898 0.0259939 0.038343 -0.00202271 0.00256729 0.00523812 -0.00216725 -0.00738433 -0.015679 -0.00821055
internal_weight=673.924 132.644 113.942 21.7525 18.7022 541.28 291.624 254.388 92.1892 249.655 37.2366 245.6
internal_count=3174 627 542 102 85 2547 1356 1167 440 1191 189 1173
is_linear=0
shrinkage=0.03


Tree=28
num_leaves=9
num_cat=0
split_feature=101 125 4 52 32 36 157 18
split_gain=11.8708 11.9854 12.4121 13.4587 9.88807 7.23782 7.48377 4.85692
threshold=2.8744277633476769 0.27975087043625657 22.840093110954147 13650.000000000002 1.5000000000000002 379.44166666666672 0.41428571428571431 -0.62223877554562301
decision_type=2 2 2 2 2 2 2 2
left_child=1 2 4 -4 -1 6 -3 -2
right_child=7 5 3 -5 -6 -7 -8 -9
leaf_value=0.0063393046620131678 -0.0058604103427343989 -0.01046084950776769 -0.00089744453830478352 0.040033087138142125 0.028153782693598466 0.010788719630460155 -0.038096305127923953 -0.039579350569041251
leaf_weight=97.816468045115471 6.5462143570184717 42.569662719964981 465.074119836092 7.3443903625011435 23.121437102556229 10.743521586060522 11.123724877834318 9.3159968256950343
leaf_count=444 32 211 2187 33 104 53 58 52
internal_value=-1.86723e-05 0.000599741 0.00193422 -0.000261124 0.0105099 -0.0116886 -0.0161861 -0.0256638
internal_weight=673.656 657.793 593.356 472.419 120.938 64.4369 53.6934 15.8622
internal_count=3174 3090 2768 2220 548 322 269 84
is_linear=0
shrinkage=0.03


Tree=29
num_leaves=12
num_cat=0
split_feature=45 105 36 7 36 138 71 15 49 135 0
split_gain=11.6512 13.3175 12.9461 21.1917 13.8521 16.9688 12.5411 11.1073 7.92694 2.09153 0.0156168
threshold=0.35067567567567576 0.04753874768441501 329.43333333333339 -0.79354200600614111 194.88333333333341 9143.5000000000018 1.1015845615294355 -0.40205669668053939 102600.00000000001 413.50000000000006 0.046318105430098795
decision_type=2 2 2 2 2 2 2 2 2 2 2
left_child=1 -1 4 8 5 -2 -5 -6 -4 -3 -11
right_child=2 9 3 6 7 -7 -8 -9 -10 10 -12
leaf_value=0.0097342969644044659 0.0058961498230889571 -0.019538330926110622 0.063029222714352531 -0.030473213319653983 0.0022718643151072803 -0.0168344328612616 0.0075587034331367747 -0.01136077149671077 0.022276981097425257 -0.041421037923433851 -0.039304871928339556
leaf_weight=9.858087897300722 250.658054292202 6.6313111633062389 7.6705077439546612 8.4826043397188169 82.578456208109856 33.509244695305824 97.454923629760742 154.28444617986679 9.7641371488571149 6.2961866557598096 6.2583099901676178
leaf_count=49 1158 33 34 44 383 159 457 746 44 32 35
internal_value=-1.87581e-05 -0.0186056 0.000818972 0.00955744 -0.00125017 0.00321574 0.00451342 -0.00660797 0.0402062 -0.0331673 -0.0403661
internal_weight=673.446 29.0439 644.402 123.372 521.03 284.167 105.938 236.863 17.4346 19.1858 12.5545
internal_count=3174 149 3025 579 2446 1317 501 1129 78 100 67
is_linear=0
shrinkage=0.03


Tree=30
num_leaves=9
num_cat=0
split_feature=98 45 36 58 36 105 37 135
split_gain=11.2616 12.3526 13.1036 20.9745 12.8752 11.3549 4.39017 2.05235
threshold=0.015589519996778644 0.35067567567567576 329.43333333333339 1.5669540599416318 194.88333333333341 0.04753874768441501 3.9764109537703454 413.50000000000006
decision_type=2 2 2 2 2 2 2 2
left_child=6 5 4 -4 -3 -2 -1 -7
right_child=1 2 3 -5 -6 7 -8 -9
leaf_value=-0.011493069642258973 0.0075158980192720336 0.0037148524414729865 0.037783238388375211 0.0046641818849947015 -0.0058906456661120977 -0.019115217782255754 -0.042426382259445665 -0.039984010786853867
leaf_weight=10.187370061874391 9.6808386296033877 277.15790292620659 20.775471925735474 100.27597938477993 229.65772540867329 6.5756043344736126 6.9437731951475135 11.947591587901114
leaf_count=48 48 1283 94 471 1098 33 34 65
internal_value=-1.91494e-05 0.000607849 0.00148031 0.0103482 -0.00063777 -0.0188146 -0.0240313 -0.0325757
internal_weight=673.202 656.071 627.867 121.051 506.816 28.204 17.1311 18.5232
internal_count=3174 3092 2946 565 2381 146 82 98
is_linear=0
shrinkage=0.03


Tree=31
num_leaves=8
num_cat=0
split_feature=101 125 52 1 55 132 97
split_gain=11.1139 11.1965 10.7853 9.72288 7.16141 7.40329 4.40165
threshold=2.8744277633476769 0.27975087043625657 13350.000000000002 67.62255242327457 0.030593149724239474 0.16723180898026138 1.4621987973224979
decision_type=2 2 2 2 2 2 2
left_child=1 2 3 -1 -3 -6 -2
right_child=6 4 -4 -5 5 -7 -8
leaf_value=-0.0064575780444060087 -0.0074554467168983125 0.01444358564415147 0.033728661546657462 0.0032657334065867103 0.0069691779689869861 -0.020653142946318023 -0.039528657578950813
leaf_weight=115.32885013520718 7.0075523704290381 8.4128720909357053 9.4054912626743299 468.75634762644768 10.852723494172094 44.703041687607765 8.549225911498068
leaf_count=543 36 41 42 2183 53 228 48
internal_value=-1.92755e-05 0.000573741 0.00185904 0.00134585 -0.0113511 -0.0152572 -0.0250813
internal_weight=673.016 657.459 593.491 584.085 63.9686 55.5558 15.5568
internal_count=3174 3090 2768 2726 322 281 84
is_linear=0
shrinkage=0.03


Tree=32
num_leaves=11
num_cat=0
split_feature=84 59 75 40 121 25 109 149 109 55
split_gain=10.9133 11.8153 11.8277 11.3988 10.454 9.0115 8.53434 12.2 7.9664 3.81354
threshold=0.45518051394894005 7.1538516322344945 0.61617153552323944 3.5000000000000004 0.16084956709956713 -2.6230484752152194 0.13075636042471858 12.500000000000002 0.067276908012537315 0.17800801222255477
decision_type=2 2 2 2 2 2 2 2 2 2
left_child=5 2 4 -4 -2 -1 -7 -8 -3 -10
right_child=1 8 3 -5 -6 6 7 -9 9 -11
leaf_value=0.045042438649051227 0.013358080460092585 0.00070644220026044044 0.027434180782507506 0.00075237785083204754 -0.0024725128368368794 -0.014835179636619622 0.050139305166148326 -0.0026304399128474682 -0.041169151885318563 -0.014872654167345022
leaf_weight=7.779717653989791 40.533594220876694 12.140211835503576 26.510768547654152 31.570887759327888 508.86029037833214 9.2391837090253848 7.2453829497098914 8.6511491388082487 11.695355087518694 8.6227065771818143
leaf_count=33 187 57 118 149 2417 41 31 38 61 42
internal_value=-1.9228e-05 -0.000885736 5.65321e-05 0.012931 -0.00130455 0.0168272 0.00809435 0.0214212 -0.0185208 -0.0300093
internal_weight=672.849 639.934 607.476 58.0817 549.394 32.9154 25.1357 15.8965 32.4583 20.3181
internal_count=3174 3031 2871 267 2604 143 110 69 160 103
is_linear=0
shrinkage=0.03


Tree=33
num_leaves=8
num_cat=0
split_feature=98 45 36 81 46 39 36
split_gain=10.6967 11.6079 12.567 11.2736 6.56593 6.02439 2.841
threshold=0.015589519996778644 0.35067567567567576 391.75833333333338 0.1022446551811889 76.309523809523824 1.80969747846081 296.05000000000001
decision_type=2 2 2 2 2 2 2
left_child=5 4 3 -3 6 -1 -2
right_child=1 2 -4 -5 -6 -7 -8
leaf_value=-0.0059616400570285935 -0.039421938030314463 -0.0018255056732780224 0.032039370852440047 0.0070181160317188858 0.0020300013258196638 -0.041743770574960995 -0.015762335407677453
leaf_weight=8.6133392453193682 10.136249780654913 430.21357128024101 11.843752697110174 185.74131737649441 9.4133975356817228 8.3302039653062803 8.3144934177398664
leaf_count=40 57 2013 53 880 46 42 43
internal_value=-1.92651e-05 0.000588909 0.00142986 0.00084129 -0.0183583 -0.0235537 -0.0287602
internal_weight=672.606 655.663 627.799 615.955 27.8641 16.9435 18.4507
internal_count=3174 3092 2946 2893 146 82 100
is_linear=0
shrinkage=0.03


Tree=34
num_leaves=12
num_cat=0
split_feature=45 36 36 15 0 99 7 81 107 107 36
split_gain=10.4997 15.0469 13.693 13.0017 11.3049 19.6325 10.4411 9.82656 7.56801 7.01978 1.69487
threshold=0.47237484737484742 390.02500000000003 81.675000000000026 -6.1797119989369858 -0.0024323324641017086 0.4921151025913118 -0.026055628794087776 0.096381122763716534 0.093877643440159933 0.46117915132208481 62.650000000000041
decision_type=2 2 2 2 2 2 2 2 2 2 2
left_child=2 3 9 8 5 -4 -6 -5 -2 10 -1
right_child=1 -3 4 7 6 -7 -8 -9 -10 -11 -12
leaf_value=-0.040677999449399559 -0.00098805539435695275 0.036602260177781218 0.012190502072813327 -0.0022534635487356952 0.014781752630818091 -0.017788308479605372 -0.015781429336573942 0.0080008300258596569 0.035844221011336927 -0.00088223634688103572 -0.022470661288646152
leaf_weight=13.308247759938245 7.481715232133868 11.342679992318152 72.885781392455101 318.04090459644794 11.862569272518156 26.922237515449524 66.196883499622345 114.34644033014774 15.263713002204893 7.7834598124027243 7.0330589562654486
leaf_count=71 34 49 343 1481 56 128 341 534 67 37 33
internal_value=-1.92006e-05 0.00247186 -0.00566029 0.00162128 -0.00258461 0.00410401 -0.0111368 0.000458322 0.0237289 -0.0251116 -0.0343828
internal_weight=672.468 466.475 205.992 455.133 177.867 99.808 78.0595 432.387 22.7454 28.1248 20.3413
internal_count=3174 2165 1009 2116 868 471 397 2015 101 141 104
is_linear=0
shrinkage=0.03


Tree=35
num_leaves=15
num_cat=0
split_feature=48 75 102 102 112 55 115 139 134 36 99 73 41 73
split_gain=10.2741 17.6654 15.533 14.2047 13.4317 13.4342 13.3102 10.9786 10.517 8.87996 14.241 7.82162 7.01085 4.50298
threshold=1.0266969269120882 0.48829117740224515 0.0067590232169155934 0.0080863332083403773 1.9679746936934837 0.070051538450913706 4.5000000000000009 280.50000000000006 26635.000000000004 66.72499999999998 0.35432337610589743 0.1526806526806527 2.2905445274757095 0.18301435406698566
decision_type=2 2 2 2 2 2 2 2 2 2 2 2 2 2
left_child=1 9 7 11 6 -6 -3 12 -5 13 -11 -4 -2 -1
right_child=2 4 3 8 5 -7 -8 -9 -10 10 -12 -13 -14 -15
leaf_value=-0.0091911964192630952 -0.018250876084000209 0.04298634443311028 0.0079241260513352556 0.0015527265563135668 0.017737381179014539 0.0012014842589393785 -0.001228629995751051 0.014317086404500665 -0.030934091882198492 0.0076725500267138718 -0.011453958575783263 0.050103126022672306 0.0052403407262717246 -0.041971939367134024
leaf_weight=6.9661459475755683 97.093205034732819 17.625044882297519 7.8917945623397809 102.94470056891441 58.749279901385307 178.77306495606899 9.3932104110717756 12.376500546932219 9.8244495093822461 63.985853686928749 77.436930164694786 7.9356259107589722 12.960363894701002 8.2236464321613294
leaf_count=33 480 77 36 492 269 822 42 58 47 305 367 37 68 41
internal_value=-1.95209e-05 0.00284394 -0.00482361 0.00245784 0.00757142 0.00529151 0.0276145 -0.0124718 -0.00127753 -0.00514144 -0.00280029 0.029072 -0.0154845 -0.0269385
internal_weight=672.18 421.153 251.027 128.597 264.541 237.522 27.0183 122.43 112.769 156.613 141.423 15.8274 110.054 15.1898
internal_count=3174 1956 1218 612 1210 1091 119 606 539 746 672 73 548 74
is_linear=0
shrinkage=0.03


Tree=36
num_leaves=14
num_cat=0
split_feature=0 76 143 53 114 63 150 30 24 132 109 150 99
split_gain=10.1313 11.5056 11.1151 11.066 9.54368 9.24753 11.6133 10.548 8.89612 11.8334 7.19736 7.21689 4.74345
threshold=-0.065616898025208967 0.67117117117117131 1.9316937660041933 0.85248320980968317 7.5000000000000009 0.53614982578397219 0.98384925858749928 0.78130903288576514 -0.26279994921900035 0.62250659115603224 0.49095300497502342 0.77009395976767103 0.40939126784555896
decision_type=2 2 2 2 2 2 2 2 2 2 2 2 2
left_child=1 2 12 -4 5 6 -2 -7 9 -6 11 -3 -1
right_child=4 10 3 -5 8 7 -8 -9 -10 -11 -12 -13 -14
leaf_value=-0.006813871412215837 0.0092094352397926599 0.026073813895595044 0.0012455983951070641 0.019123252886510553 -0.023957001459778811 0.011075009178195549 -0.015897530215222614 -0.0095335389194420288 0.020710435350528415 -0.0015134396551206876 0.048414846359941921 -0.010614051604485648 -0.037455167301562002
leaf_weight=10.298383519053461 108.04734295606613 14.098520621657377 220.69050192832947 36.284278705716133 49.171442568302155 27.492365121841431 19.586731776595116 119.546037748456 7.0643131136894217 37.092496514320374 7.0739671736955634 7.3367338329553595 8.1417563557624799
leaf_count=47 511 60 1013 162 248 131 98 585 34 186 30 32 37
internal_value=-2.01207e-05 0.00403343 0.00215545 0.00376988 -0.00336787 -0.000551727 0.00535652 -0.00568028 -0.011656 -0.0143065 0.0221758 0.0135165 -0.0203427
internal_weight=671.925 303.924 275.415 256.975 368.001 274.672 127.634 147.038 93.3283 86.2639 28.5092 21.4353 18.4401
internal_count=3174 1381 1259 1175 1793 1325 609 716 468 434 122 92 84
is_linear=0
shrinkage=0.03


Tree=37
num_leaves=12
num_cat=0
split_feature=61 84 109 18 36 111 102 121 45 27 30
split_gain=10.0513 12.5359 11.6174 16.4481 11.6467 10.2163 10.0472 15.5985 9.35384 7.85916 7.54294
threshold=0.90877784740090939 0.35131629345507998 0.30153977561835543 0.36042337961037357 359.31666666666672 1.6620538578621833 0.0067590232169155934 0.17532057416267946 0.53529900332225933 0.50110262739583278 0.85987393737447615
decision_type=2 2 2 2 2 2 2 2 2 2 2
left_child=1 -1 4 9 5 -2 8 -8 -3 -4 -5
right_child=2 6 3 10 -6 -7 7 -9 -10 -11 -12
leaf_value=0.050676187551643007 0.014899241538082171 -0.0081075267155658014 0.009092522806843922 0.010031366193124558 0.018562953804828426 -0.022096904745144641 0.028424822375690037 0.0029584170620157277 0.0035993474658147684 -0.029003704130208592 0.052218165456281364
leaf_weight=4.6556562483310691 7.4962399899959555 145.74079935252666 8.8977371752262133 8.1918113827705366 8.6605120748281461 64.684490576386452 23.490894168615341 275.7125857770443 106.17606982588768 10.776254400610922 7.1383141279220572
leaf_count=19 34 711 41 38 42 327 106 1278 492 53 33
internal_value=-2.04019e-05 0.00165515 -0.008059 0.00637857 -0.0143104 -0.0182547 0.00124104 0.00495782 -0.0031734 -0.0117743 0.0296752
internal_weight=671.621 555.776 115.845 35.0041 80.8412 72.1807 551.12 299.203 251.917 19.674 15.3301
internal_count=3174 2606 568 165 403 361 2587 1384 1203 94 71
is_linear=0
shrinkage=0.03


Tree=38
num_leaves=9
num_cat=0
split_feature=98 45 36 58 36 105 39 135
split_gain=9.99295 10.3686 11.4862 19.1022 11.8842 10.8171 5.83042 2.0396
threshold=0.015589519996778644 0.35067567567567576 329.43333333333339 1.5669540599416318 194.88333333333341 0.04753874768441501 1.80969747846081 413.50000000000006
decision_type=2 2 2 2 2 2 2 2
left_child=6 5 4 -4 -3 -2 -1 -7
right_child=1 2 3 -5 -6 7 -8 -9
leaf_value=-0.0056865413968305743 0.0081085918414253184 0.0035377693781535359 0.035628672513853814 0.0041910499095652448 -0.0057018372475623703 -0.01791148345079421 -0.041147177026918884 -0.039132036962451995
leaf_weight=8.5798794627189654 9.5865257680416125 277.16012023389339 21.035770207643509 100.50956365466118 228.64043268561363 6.3798862844705608 8.124555826187132 11.2901414334774
leaf_count=40 48 1283 94 471 1098 33 42 65
internal_value=-2.06514e-05 0.000564051 0.00135105 0.00963194 -0.000638872 -0.0175498 -0.0229336 -0.0314702
internal_weight=671.307 654.602 627.346 121.545 505.801 27.2566 16.7044 17.67
internal_count=3174 3092 2946 565 2381 146 82 98
is_linear=0
shrinkage=0.03


Tree=39
num_leaves=9
num_cat=0
split_feature=101 125 4 88 110 36 132 18
split_gain=9.91226 9.92197 10.72 10.5153 9.04463 6.82145 7.19036 4.58766
threshold=2.8744277633476769 0.27975087043625657 22.840093110954147 974.50000000000011 4.063476255641767 379.44166666666672 1.0363537934521305 -0.62223877554562301
decision_type=2 2 2 2 2 2 2 2
left_child=1 2 4 -4 -1 6 -3 -2
right_child=7 5 3 -5 -6 -7 -8 -9
leaf_value=0.0059021156152906503 -0.0049721176939021778 -0.0081280487859472627 -0.0012819386154682875 0.020453956914068219 0.027412838991554136 0.011133418236709252 -0.032612926787056511 -0.038460086686089141
leaf_weight=100.35818818211555 6.4436713904142371 37.279907464981079 450.27578277885914 20.963825508952141 21.33168052136898 10.633050501346586 15.19370201230049 8.5897526964545232
leaf_count=452 32 188 2121 99 96 53 81 52
internal_value=-2.06958e-05 0.000531241 0.00173487 -0.000314984 0.00967285 -0.0107777 -0.0152176 -0.0241064
internal_weight=671.07 656.036 592.929 471.24 121.69 63.1067 52.4736 15.0334
internal_count=3174 3090 2768 2220 548 322 269 84
is_linear=0
shrinkage=0.03


Tree=40
num_leaves=10
num_cat=0
split_feature=98 61 76 18 58 60 42 56 37
split_gain=9.51241 10.1195 11.6974 10.9652 10.2447 13.1107 9.74054 7.52846 4.11497
threshold=0.015589519996778644 0.90877784740090939 0.29805897723030988 0.36042337961037357 1.735343434651538 13.476937193253054 4.0855616171194251 0.14279520019261718 3.9764109537703454
decision_type=2 2 2 2 2 2 2 2 2
left_child=8 4 7 -4 6 -6 -2 -3 -1
right_child=1 2 3 -5 5 -7 -8 -9 -10
leaf_value=-0.010379649250074433 0.011700363175632337 -0.026220077395372455 -0.0086906607990939692 0.022938709214637729 -0.0014118897902760524 0.027901347571885522 -0.011213582208510443 -0.0067609225164630728 -0.040983802065842227
leaf_weight=9.9896471202373522 133.7603570073843 29.931002780795097 21.904426246881485 17.946854755282402 372.95366591215134 14.257139325141905 19.077888265252113 44.493140295147896 6.5445820093154898
leaf_count=48 615 154 99 81 1756 64 94 229 34
internal_value=-2.06717e-05 0.000547195 -0.00756325 0.00555349 0.00226338 -0.000332574 0.00884015 -0.0145868 -0.0224934
internal_weight=670.859 654.324 114.275 39.8513 540.049 387.211 152.838 74.4241 16.5342
internal_count=3174 3092 563 180 2529 1820 709 383 82
is_linear=0
shrinkage=0.03


Tree=41
num_leaves=13
num_cat=0
split_feature=36 26 58 109 17 42 138 58 52 63 58 31
split_gain=9.31143 18.3657 14.1924 13.6473 12.0029 11.8946 13.3119 12.0092 10.9321 10.7594 9.02337 5.49497
threshold=329.43333333333339 -0.33124853120750058 1.6807817242005083 0.038039116096257965 5.1339628261194745 3.8990488810652488 9439.0000000000018 2.9430604953836252 9150.0000000000018 0.57083825265643451 2.4540577405279351 1.0000000180025095e-35
decision_type=2 2 2 2 2 2 2 2 2 2 2 2
left_child=5 2 4 -4 -2 6 8 11 -1 -9 -8 -7
right_child=1 -3 3 -5 -6 7 10 9 -10 -11 -12 -13
leaf_value=0.00079829924860616542 0.037293550879376441 0.045162134957846427 0.032707513915643735 -0.0051167413913592863 -0.0073070747683946528 -0.012756729684606638 -0.0011247148029076314 0.033708865495578992 0.019310900217696433 -0.014943092411492956 -0.019884113146566063 -0.033563071553311626
leaf_weight=350.85971069335938 17.800522819161419 10.497656419873236 9.5167996734380704 87.698123008012772 7.8147370964288703 26.166175186634064 46.772162705659866 7.7451633810997036 31.266776263713837 8.6710071042180044 45.550780735909939 20.276506274938583
leaf_count=1646 77 47 43 420 40 128 225 37 140 43 223 105
internal_value=-2.07394e-05 0.00707565 0.00382059 -0.00141396 0.0236867 -0.00178164 -0.000156943 -0.0140446 0.00231306 0.00801094 -0.0103803 -0.0218406
internal_weight=670.636 133.328 122.83 97.2149 25.6153 537.308 474.449 62.8589 382.126 16.4162 92.3229 46.4427
internal_count=3174 627 580 463 117 2547 2234 313 1786 80 448 233
is_linear=0
shrinkage=0.03


Tree=42
num_leaves=7
num_cat=0
split_feature=101 84 75 137 137 18
split_gain=9.32711 9.25604 9.61677 9.83864 8.64978 4.47237
threshold=2.8744277633476769 0.39998011553061363 0.56286107238923722 6873.0000000000009 410.00000000000006 -0.62223877554562301
decision_type=2 2 2 2 2 2
left_child=1 -1 4 -4 -3 -2
right_child=5 2 3 -5 -6 -7
leaf_value=0.026157113403861103 -0.0047839100252821953 -0.0095052004465797039 0.010591903951228462 -0.010591144308283207 0.00012040130213511207 -0.038087843465260729
leaf_weight=12.424528628587721 6.4230921864509574 106.58079136908054 115.79955303668976 23.786850675940514 396.96265216171741 8.3425066918134672
leaf_count=51 32 521 532 110 1876 52
internal_value=-2.11167e-05 0.000509982 1.45084e-05 0.00698211 -0.00191697 -0.0236005
internal_weight=670.32 655.554 643.13 139.586 503.543 14.7656
internal_count=3174 3090 3039 642 2397 84
is_linear=0
shrinkage=0.03


Tree=43
num_leaves=9
num_cat=0
split_feature=98 45 36 23 36 46 24 36
split_gain=9.02136 9.63136 10.3451 17.5367 10.6133 6.09724 4.10222 2.77009
threshold=0.015589519996778644 0.35067567567567576 329.43333333333339 -1.1162242435241105 187.01666666666668 76.309523809523824 -0.64474122865765127 296.05000000000001
decision_type=2 2 2 2 2 2 2 2
left_child=6 5 4 -4 -3 7 -1 -2
right_child=1 2 3 -5 -6 -7 -8 -9
leaf_value=-0.0099729952292754147 -0.038489460430112102 0.0035367983784195334 0.019001098014615171 -0.0039852073429663976 -0.0051715328016402355 0.0025477826625395707 -0.040764210559990181 -0.014569765275158925
leaf_weight=9.9385988265275973 9.4676044285297447 264.49190904200077 69.537867352366447 52.365560591220856 240.47905893623829 9.3189251422882062 6.4028461128473273 8.0728073865175229
leaf_count=48 57 1223 317 248 1158 46 34 43
internal_value=-2.08729e-05 0.000529479 0.00128322 0.00912696 -0.000610314 -0.0170622 -0.0220375 -0.0274806
internal_weight=670.075 653.734 626.874 121.903 504.971 26.8593 16.3414 17.5404
internal_count=3174 3092 2946 565 2381 146 82 100
is_linear=0
shrinkage=0.03


Tree=44
num_leaves=10
num_cat=0
split_feature=101 125 124 58 85 50 18 129 18
split_gain=8.89147 9.0012 10.3596 11.8214 11.1735 6.54317 7.32068 5.42993 4.35881
threshold=2.8744277633476769 0.27975087043625657 0.075700055152137194 1.4025646476110316 1.0103230763395026 450.00000000000006 -0.62223877554562301 1.7530992961542957 -0.62223877554562301
decision_type=2 2 2 2 2 2 2 2 2
left_child=1 2 3 -1 -4 7 -7 -3 -2
right_child=8 5 4 -5 -6 6 -8 -9 -10
leaf_value=0.017230275305428859 -0.0047245884266524487 -0.034012997501419062 0.034035318960495928 -0.01652259296233102 0.0023665467542327377 -0.020786695803598546 0.0054775303780221843 0.00059099980918002597 -0.037791672108610008
leaf_weight=11.529704973101614 6.416736587882041 14.607453957200052 10.223357275128363 49.145809233188629 521.90133665502071 14.60317552089691 27.609855204820633 5.6634884327650061 8.1376055628061277
leaf_count=53 32 80 43 232 2440 75 138 29 52
internal_value=-2.08429e-05 0.000494272 0.0016358 -0.0101088 0.00297498 -0.0103357 -0.00360832 -0.024345 -0.023213
internal_weight=669.839 655.284 592.8 60.6755 532.125 62.484 42.213 20.2709 14.5543
internal_count=3174 3090 2768 285 2483 322 213 109 84
is_linear=0
shrinkage=0.03


Tree=45
num_leaves=14
num_cat=0
split_feature=61 109 18 36 27 61 134 67 105 58 111 27 12
split_gain=8.74872 10.6945 14.8185 10.4188 9.40935 15.3737 13.0471 11.052 10.8656 10.8236 9.38704 7.45483 6.7281
threshold=0.90877784740090939 0.30153977561835543 0.36042337961037357 359.31666666666672 0.69830690552655961 0.74282443154587585 698.00000000000011 2.4014925373134335 0.21361077188690916 1.735343434651538 1.6620538578621833 0.50110262739583278 4.6669619829148763
decision_type=2 2 2 2 2 2 2 2 2 2 2 2 2
left_child=4 3 11 10 5 7 -6 -1 -7 -8 -2 -3 -4
right_child=1 2 12 -5 6 8 9 -9 -10 -11 -12 -13 -14
leaf_value=0.012670458200759493 0.014153637170837764 0.0090576409674266445 0.04847294220341887 0.017233958841590145 0.030437787288666179 0.016357720535667863 0.0065448184459515587 -0.014320154166779746 0.055578461997927667 -0.0039586036563397159 -0.021246603944763416 -0.02823437750302615 0.0089123404469088341
leaf_weight=27.924143761396408 7.5463597178459159 8.8905500173568743 7.5335270762443525 8.7477793544530851 12.127231925725935 34.87620235979557 121.31984587013721 26.718292742967606 7.7742719799280158 324.40202443301678 63.21096409112215 10.548708602786062 7.9542839676141739
leaf_count=127 34 41 33 42 54 162 560 133 36 1534 327 53 38
internal_value=-2.08401e-05 -0.00757389 0.00626318 -0.0136526 0.00153608 0.0100087 -0.000264359 -0.000527033 0.0235068 -0.00109971 -0.0174711 -0.0111789 0.0281553
internal_weight=669.574 114.432 34.9271 79.5051 555.142 97.2929 457.849 54.6424 42.6505 445.722 70.7573 19.4393 15.4878
internal_count=3174 568 165 403 2606 458 2148 260 198 2094 361 94 71
is_linear=0
shrinkage=0.03


Tree=46
num_leaves=15
num_cat=0
split_feature=75 41 141 146 60 137 124 62 148 28 75 75 41 26
split_gain=8.66165 10.9497 11.5808 11.0785 10.0012 8.38504 8.0796 7.93037 9.68025 9.82517 9.01048 7.77982 6.81326 9.20403
threshold=0.51923193008694135 0.41158789025153542 2077.5000000000005 11.818425618294288 2.6764843409491932 3040.5000000000005 0.84504975471342447 0.41942798624826277 28.500000000000004 1.5915541201175218 0.45886988937419887 0.5398074018753829 0.40059167728061312 -0.5958137041576218
decision_type=2 2 2 2 2 2 2 2 2 2 2 2 2 2
left_child=7 5 3 -3 -4 6 -2 12 10 -10 -9 -7 -1 -14
right_child=1 2 4 -5 -6 11 -8 8 9 -11 -12 -13 13 -15
leaf_value=-0.0023690340998475741 0.007644870872999518 0.029530578975092193 0.0030431240027506286 0.0032205261811040515 0.047967137473328855 0.0045768530484017146 -0.025733111575904567 -0.013250937262988404 0.00066109688539593486 0.023139594962655725 0.0016440221358344903 -0.022468435168978791 -0.021112704841058271 0.0068562519447147507
leaf_weight=72.887835517525673 50.58337090909481 15.812125295400618 7.3312526643276241 161.72616401314735 11.388042852282522 13.954655379056929 7.4939589798450461 58.192985743284225 45.696063458919525 28.36250963807106 98.289502307772636 30.483704447746277 53.902890786528587 13.178207859396933
leaf_count=351 232 71 33 754 50 65 38 288 225 132 466 143 262 64
internal_value=-2.12428e-05 0.0037793 0.00793012 0.00556378 0.030373 -0.00416709 0.00333797 -0.00308594 0.000333932 0.00926978 -0.00389514 -0.0139756 -0.00871877 -0.0156182
internal_weight=669.283 298.773 196.258 177.538 18.7193 102.516 58.0773 370.51 230.541 74.0586 156.482 44.4384 139.969 67.0811
internal_count=3174 1386 908 825 83 478 270 1788 1111 357 754 208 677 326
is_linear=0
shrinkage=0.03


Tree=47
num_leaves=10
num_cat=0
split_feature=84 59 71 93 15 117 17 109 99
split_gain=8.5503 10.3447 10.1977 10.8932 8.12021 7.91741 9.94312 7.49268 3.87689
threshold=0.45518051394894005 7.1538516322344945 1.1650087590382259 0.69381623127437952 -0.50546352072401246 5.5000000000000009 2.162808221979506 0.067276908012537315 0.22832485390074292
decision_type=2 2 2 2 2 2 2 2 2
left_child=5 2 4 -4 -2 6 -1 -3 -9
right_child=1 7 3 -5 -6 -7 -8 8 -10
leaf_value=0.021863466764983991 0.006642282298034527 0.001072917888297785 0.010192603611779949 -0.00084871331835156122 -0.025642123563809471 0.033439563532441013 -0.020402547088352391 -0.0076346971548765744 -0.037358779390317606
leaf_weight=11.374174833297731 9.9938812404870969 12.05367234349251 96.845538347959518 474.11021462827921 23.497793138027191 12.703719452023504 8.9519350230693799 5.4936037585139301 14.047761365771292
leaf_count=48 47 57 444 2261 119 55 40 31 72
internal_value=-2.1522e-05 -0.000794355 8.036e-05 0.00102412 -0.0160085 0.0148606 0.00324886 -0.0175286 -0.0290025
internal_weight=669.072 636.042 604.447 570.956 33.4917 33.0298 20.3261 31.595 19.5414
internal_count=3174 3031 2871 2705 166 143 88 160 103
is_linear=0
shrinkage=0.03


Tree=48
num_leaves=9
num_cat=0
split_feature=98 45 105 81 84 2 5 135
split_gain=8.45271 8.81561 10.2311 9.78943 11.1881 9.98874 4.03743 2.0247
threshold=0.015589519996778644 0.35067567567567576 0.04753874768441501 0.061061871621297052 0.4105005390772109 68.597347193119433 4.5000000000000009 413.50000000000006
decision_type=2 2 2 2 2 2 2 2
left_child=6 2 -2 4 -3 -5 -1 -4
right_child=1 3 7 5 -6 -7 -8 -9
leaf_value=-0.037028765111675736 0.0083785808309301494 0.029512666134951779 -0.016887033566413787 -0.017786304646921165 -0.0040433908294900348 0.0057655770869389474 -0.0069619427577840252 -0.038427250652451811
leaf_weight=7.7818477749824551 9.5327319353818911 9.2471302300691587 6.2157445922493961 17.047795444726944 271.43613462150097 328.59757539629936 8.3137253224849683 10.667664147913454
leaf_count=41 48 38 33 81 1275 1552 41 65
internal_value=-2.14299e-05 0.00050816 -0.0164681 0.00122415 -0.00293788 0.00460396 -0.0214986 -0.0304971
internal_weight=668.84 652.745 26.4161 626.329 280.683 345.645 16.0956 16.8834
internal_count=3174 3092 146 2946 1313 1633 82 98
is_linear=0
shrinkage=0.03


Tree=49
num_leaves=13
num_cat=0
split_feature=36 26 58 17 109 44 138 58 146 124 41 109
split_gain=8.28465 16.3987 12.9771 13.0378 11.6402 10.9499 12.0815 11.415 10.3665 10.1299 8.55345 4.91825
threshold=329.43333333333339 -0.33124853120750058 1.7735936427103605 4.9377756569084861 0.038039116096257965 3.8990488810652488 9439.0000000000018 2.9430604953836252 17.56728701824294 0.5752535491303733 0.38448626459231522 0.54540505658920824
decision_type=2 2 2 2 2 2 2 2 2 2 2 2
left_child=5 2 3 -2 -4 6 8 11 -1 -9 -8 -7
right_child=1 -3 4 -5 -6 7 10 9 -10 -11 -12 -13
leaf_value=0.0081117092260751238 0.032760716505443425 0.042322965268640399 0.029550824690985324 -0.010702412889504513 -0.0056709583814874859 -0.025647216075041415 0.0018708858214002402 -0.011922055282394596 -0.0019296451169182193 0.035944488410319296 -0.017067457934892883 0.00066929329019447246
leaf_weight=157.49609033763409 21.97657218575478 10.681085601449011 9.4068226516246778 8.6591222584247571 82.555537834763527 38.053317382931709 34.44371235370636 9.582580432295801 224.33059583604336 6.8047037273645392 56.954260125756264 7.6816028952598563
leaf_count=724 95 47 42 45 398 195 168 47 1062 33 280 38
internal_value=-2.13164e-05 0.00667141 0.00356535 0.0204759 -0.00206812 -0.00168753 -0.000133003 -0.0135293 0.00221222 0.00795419 -0.00993046 -0.0212271
internal_weight=668.626 133.279 122.598 30.6357 91.9624 535.347 473.225 62.1222 381.827 16.3873 91.398 45.7349
internal_count=3174 627 580 140 440 2547 2234 313 1786 80 448 233
is_linear=0
shrinkage=0.03


Tree=50
num_leaves=9
num_cat=0
split_feature=52 48 75 134 53 57 112 36
split_gain=8.38274 9.40009 14.3168 12.211 10.9065 10.7523 10.3002 8.43175
threshold=13350.000000000002 1.0266969269120882 0.48829117740224515 26001.000000000004 0.85248320980968317 8.3070768591693369 1.9679746936934837 66.72499999999998
decision_type=2 2 2 2 2 2 2 2
left_child=1 2 7 5 -5 -3 -4 -1
right_child=-2 3 6 4 -6 -7 -8 -9
leaf_value=-0.026418374010455423 0.025882756077946087 -0.0020685622602712892 0.024420931811337438 -0.01594872015811612 0.017640246518578411 0.02588215237556523 0.0045793680025365859 -0.0026760132608191494
leaf_weight=14.91958427429199 11.056993812322615 125.49327802658081 26.175731003284454 95.035434879362583 9.5770312845706922 13.743304803967474 234.46467132866383 137.80345366895199
leaf_count=74 49 608 114 487 45 61 1076 660
internal_value=-2.15938e-05 -0.000457411 0.00229827 -0.00512873 -0.0128737 0.000690305 0.00657203 -0.00499542
internal_weight=668.269 657.212 413.363 243.849 104.612 139.237 260.64 152.723
internal_count=3174 3125 1924 1201 532 669 1190 734
is_linear=0
shrinkage=0.03


Tree=51
num_leaves=9
num_cat=0
split_feature=101 125 4 88 46 55 26 18
split_gain=8.18505 8.07614 8.89643 10.0546 8.49287 6.33781 6.7597 4.19135
threshold=2.8744277633476769 0.27975087043625657 22.840093110954147 974.50000000000011 95.845238095238116 0.030593149724239474 -2.2540544981215098 -0.62223877554562301
decision_type=2 2 2 2 2 2 2 2
left_child=1 2 4 -4 -1 -3 -7 -2
right_child=7 5 3 -5 -6 6 -8 -9
leaf_value=0.0032910677754167932 -0.0045519992735173946 0.014432629928000392 -0.0012836105029408954 0.019950256434271698 0.02019008151935844 -0.027333366835142054 -0.0053255357168189906 -0.03734018326268175
leaf_weight=82.912148892879486 6.383469820022583 8.3586470335721952 448.58765867352486 21.009990930557251 39.524661362171173 20.218820333480835 33.162826836109161 7.7917532548308355
leaf_count=375 32 41 2121 99 173 108 173 52
internal_value=-2.15668e-05 0.000467435 0.0015442 -0.000333599 0.00874635 -0.00985776 -0.0136612 -0.0225748
internal_weight=667.95 653.775 592.034 469.598 122.437 61.7403 53.3816 14.1752
internal_count=3174 3090 2768 2220 548 322 281 84
is_linear=0
shrinkage=0.03


Tree=52
num_leaves=12
num_cat=0
split_feature=75 14 48 79 135 36 99 7 62 134 85
split_gain=8.06403 10.2379 11.4914 10.1317 16.0123 12.5646 15.7467 9.78903 10.5284 7.26315 6.10853
threshold=0.56286107238923722 2.1705260906532735 1.0188295554927504 6.118778613902494 254.50000000000003 361.9666666666667 0.21515449006436846 -2.8290664247047341 0.25694980694980701 1405.0000000000002 4.8160489937381863
decision_type=2 2 2 2 2 2 2 2 2 2 2
left_child=3 2 -2 5 -5 9 -7 -3 -9 -1 -6
right_child=1 7 -4 4 10 6 -8 8 -10 -11 -12
leaf_value=0.013639278986929664 0.050663270512600757 0.030215615574806412 -0.00067028740778926664 0.028916264399437255 -0.018037825015158535 -0.01827555688977393 0.028373782402261214 0.025133765560194185 -0.0024035809272232476 -0.0025208915109807342 0.012804876605594925
leaf_weight=26.823186188936234 9.2204489111900347 11.210413306951521 6.8335303515195838 8.0745369046926481 70.281314954161644 8.5765811502933484 27.058997392654419 14.192190140485762 104.53110285103321 374.60198468714952 6.2971050590276709
leaf_count=122 41 49 32 37 353 44 124 64 489 1782 37
internal_value=-2.14456e-05 0.00621108 0.0288126 -0.00176545 -0.0112649 7.44571e-05 0.0171465 0.00341854 0.000888235 -0.00144107 -0.0155016
internal_weight=667.701 145.988 16.054 521.714 84.653 437.061 35.6356 129.934 118.723 401.425 76.5784
internal_count=3174 675 73 2499 427 2072 168 602 553 1904 390
is_linear=0
shrinkage=0.03


Tree=53
num_leaves=10
num_cat=0
split_feature=98 61 27 134 101 109 18 91 11
split_gain=7.97829 8.40538 12.3518 11.8047 11.7624 9.62556 14.3495 9.94699 3.91488
threshold=0.015589519996778644 0.90877784740090939 0.69830690552655961 698.00000000000011 0.15057047698725129 0.30153977561835543 0.36042337961037357 1.3544389023753916 3.5113148783801145
decision_type=2 2 2 2 2 2 2 2 2
left_child=8 2 4 -4 -2 7 -7 -3 -1
right_child=1 5 3 -5 -6 6 -8 -9 -10
leaf_value=-0.0070218999459679687 -0.0083093392522639604 0.015675472271739779 0.02921015479121462 -0.00077768810948938534 0.01807124017636506 -0.011063497675998672 0.027752566287173385 -0.016888401061976976 -0.036868008251956227
leaf_weight=8.4270166456699354 19.493730008602142 9.6389786154031736 12.141590163111685 438.29300952702761 69.246006563305855 19.322864562273026 15.405167788267134 68.002443507313728 7.4540366381406775
leaf_count=43 93 43 53 2063 320 94 70 356 39
internal_value=-2.15875e-05 0.000490498 0.00204606 3.06426e-05 0.0122761 -0.00697345 0.0061551 -0.0128457 -0.0210307
internal_weight=667.425 651.544 539.174 450.435 88.7397 112.369 34.728 77.6414 15.8811
internal_count=3174 3092 2529 2116 413 563 164 399 82
is_linear=0
shrinkage=0.03


Tree=54
num_leaves=9
num_cat=0
split_feature=52 48 31 75 81 112 36 64
split_gain=7.78869 8.6608 13.7542 13.0505 10.5923 9.51249 8.0519 5.5072
threshold=13350.000000000002 1.0266969269120882 1.5000000000000002 0.48829117740224515 0.077824871480556404 1.9679746936934837 66.72499999999998 0.56216475495307627
decision_type=2 2 2 2 2 2 2 2
left_child=1 3 4 6 -3 -5 -1 -4
right_child=-2 2 7 5 -6 -7 -8 -9
leaf_value=-0.025875344989257348 0.024861800586004356 -0.0086653167448581224 -0.027175674735558274 0.02335488377091427 0.0052560619014118985 0.0043483988569565845 -0.0025280291894763207 -0.005197322902648383
leaf_weight=14.718464791774748 11.132152676582335 95.514992132782936 30.335048280656338 26.359907016158104 101.41715157777071 234.786830291152 137.39928592741489 15.50563010573387
leaf_count=74 49 459 163 114 500 1076 660 79
internal_value=-2.16228e-05 -0.000443864 -0.00494115 0.00219807 -0.00149601 0.0062669 -0.00478705 -0.0197415
internal_weight=667.169 656.037 242.773 413.264 196.932 261.147 152.118 45.8407
internal_count=3174 3125 1201 1924 959 1190 734 242
is_linear=0
shrinkage=0.03


Tree=55
num_leaves=9
num_cat=0
split_feature=101 125 75 89 85 36 157 18
split_gain=7.64257 7.60747 8.97219 13.7138 7.87092 6.76356 7.18792 4.09442
threshold=2.8744277633476769 0.27975087043625657 0.60466557898226447 6844.0000000000009 1.0103230763395026 379.44166666666672 0.41428571428571431 -0.62223877554562301
decision_type=2 2 2 2 2 2 2 2
left_child=1 2 4 -4 -1 6 -3 -2
right_child=7 5 3 -5 -6 -7 -8 -9
leaf_value=0.022349463638186327 -0.0043130906017623486 -0.0084470633288815222 0.019762006768679646 -0.014305789317093918 -0.0003796630419623614 0.012494391493892953 -0.036548508499733505 -0.037009104520424038
leaf_weight=14.086758822202681 6.3564562946557999 40.751495584845543 48.43244406580925 13.626337468624113 515.50215615332127 10.357531204819677 10.253078565001486 7.5309975668787938
leaf_count=60 32 211 215 63 2430 53 58 52
internal_value=-2.15692e-05 0.000446773 0.00148957 0.0122817 0.000224919 -0.00960779 -0.0140961 -0.0220437
internal_weight=666.897 653.01 591.648 62.0588 529.589 61.3621 51.0046 13.8875
internal_count=3174 3090 2768 278 2490 322 269 84
is_linear=0
shrinkage=0.03


Tree=56
num_leaves=10
num_cat=0
split_feature=98 36 58 72 121 60 42 91 39
split_gain=7.58095 7.91238 18.0002 15.2238 10.3478 15.2521 9.97983 8.17302 5.32156
threshold=0.015589519996778644 329.43333333333339 1.6486924944994168 2.6453728381634076 0.11804388215518005 3.9790640085784985 3.9588596219963512 2.4744195656404853 1.80969747846081
decision_type=2 2 2 2 2 2 2 2 2
left_child=8 4 7 -4 5 -2 -6 -3 -1
right_child=1 2 3 -5 6 -7 -8 -9 -10
leaf_value=-0.0042883385437156359 0.0017963462602769698 0.010588046980367987 0.014593139970307289 -0.00826591332623694 -0.00068193503842296104 0.049729060746058491 -0.014288676630171677 0.045912392207546407 -0.039276063867035652
leaf_weight=8.3884283751249296 19.418457508087162 10.426932603120806 46.822570979595184 59.594401597976685 437.85328062623739 8.6297666728496534 54.55775274336338 13.562519729137419 7.3323723375797263
leaf_count=40 90 44 220 285 2075 38 279 61 42
internal_value=-2.14488e-05 0.000475769 0.00708381 0.00179188 -0.00117994 0.0165441 -0.00218952 0.0305588 -0.020607
internal_weight=666.586 650.866 130.406 106.417 520.459 28.0482 492.411 23.9895 15.7208
internal_count=3174 3092 610 505 2482 128 2354 105 82
is_linear=0
shrinkage=0.03


Tree=57
num_leaves=15
num_cat=0
split_feature=61 20 18 98 27 87 98 137 23 107 136 155 144 60
split_gain=7.41381 9.56103 8.719 9.72129 8.27124 13.8964 17.1046 8.49335 11.0542 10.186 8.17604 7.16333 6.89257 3.50776
threshold=0.90877784740090939 4.5115490724428264 0.27780860440392496 1.398484692433456 0.69830690552655961 339.50000000000006 0.10604613704428474 311.50000000000006 -4.6253991375487695 1.0636999085551235 331.50000000000006 1.0000000180025095e-35 6.0614216508374188 3.6953167506826339
decision_type=2 2 2 2 2 2 2 2 2 2 2 2 2 2
left_child=4 2 3 -2 5 13 -7 8 -6 -9 -4 -3 -13 -1
right_child=1 11 10 -5 7 6 -8 9 -10 -11 -12 12 -14 -15
leaf_value=-0.034803311175277366 -0.027291301539940478 0.013606319744293605 0.030893414217166786 0.0068479873491279304 0.013766509418036747 -0.020961442891516392 0.019063280077361744 0.0026130518571565249 -0.014006032418836155 -0.02456225065606777 -0.001543532375922627 -0.035423986724935179 -0.011648989036356071 -0.0038662372055789118
leaf_weight=6.5798478424549085 14.670525997877123 6.4516230449080458 12.979524463415148 15.373282164335249 15.849155277013777 11.059798777103422 73.277341470122337 358.16497330367565 69.2830690741539 12.859253838658331 15.1648763269186 16.985449321568012 31.010784976184368 6.6141613125801086
leaf_count=31 71 35 61 70 73 57 339 1672 341 62 71 92 168 31
internal_value=-2.14886e-05 -0.00703754 0.00141734 -0.00982238 0.00140578 0.00933553 0.0138145 -0.000289686 -0.00883559 0.00167119 0.0134156 -0.0160732 -0.0200628 -0.0192945
internal_weight=666.324 112.636 58.1882 30.0438 553.688 97.5311 84.3371 456.156 85.1322 371.024 28.1444 54.4479 47.9962 13.194
internal_count=3174 568 273 141 2606 458 396 2148 414 1734 132 295 260 62
is_linear=0
shrinkage=0.03


Tree=58
num_leaves=12
num_cat=0
split_feature=71 36 26 57 8 60 42 157 136 7 76
split_gain=7.42809 9.43043 12.835 11.7468 11.3661 12.0229 8.4392 7.67131 7.60491 4.45171 0.327005
threshold=1.1650087590382259 329.43333333333339 -0.33124853120750058 3.274176370481467 2.463170094524826 6.4529187278536959 1.1397906531514621 0.38750000000000007 354.50000000000006 0.59843656103046128 0.194537658463833
decision_type=2 2 2 2 2 2 2 2 2 2 2
left_child=6 4 3 -3 5 -2 8 -6 -1 -8 -11
right_child=1 2 -4 -5 7 -7 9 -9 -10 10 -12
leaf_value=-0.016951644595529933 -0.00092535202148310235 -0.0034168132730274851 0.039261784144657932 0.016020338966584977 -0.00388499020014927 0.013063722954547481 -0.0063437412745099139 -0.019425836653285511 0.024317833520238682 -0.033178648293564164 -0.043210233463721347
leaf_weight=8.8220536857843417 302.94004189968109 63.632896944880486 10.864664718508719 49.948356777429581 96.77369362860918 67.638847127556801 5.6650584489107159 40.571198776364326 7.3807136118412009 5.3218230158090574 6.4922959357500076
leaf_count=42 1423 306 47 225 488 304 28 212 37 31 31
internal_value=-2.18885e-05 0.000709282 0.00811062 0.00513085 -0.00110411 0.00162796 -0.0137494 -0.0084757 0.0018475 -0.0282074 -0.0386914
internal_weight=666.052 632.37 124.446 113.581 507.924 370.579 33.6819 137.345 16.2028 17.4792 11.8141
internal_count=3174 3005 578 531 2427 1727 169 700 79 90 62
is_linear=0
shrinkage=0.03


Tree=59
num_leaves=14
num_cat=0
split_feature=0 71 62 107 106 89 114 4 41 86 113 106 91
split_gain=7.32524 9.82767 14.2267 12.7019 11.0903 10.3591 7.5604 8.20069 7.68167 8.51105 7.25183 6.62108 6.21067
threshold=-0.065616898025208967 1.9882603729843358 0.68801229508196726 0.0256472095490753 0.92281706520969742 7908.0000000000009 7.5000000000000009 62.80700119876294 0.30431444496049626 284589.50000000006 0.54631053177650912 0.07682792120457467 1.8415557196264556
decision_type=2 2 2 2 2 2 2 2 2 2 2 2 2
left_child=1 2 3 -1 5 -3 7 10 11 -10 -2 -8 -6
right_child=6 4 -4 -5 12 -7 8 -9 9 -11 -12 -13 -14
leaf_value=-0.032258120585901551 0.036809239945922341 0.0056016920147509671 0.047725602552460146 0.011970829650932231 0.0065180532960025543 -0.014605066488562187 0.0030386955367492931 0.026548912286874414 -0.0085119050869793666 0.028013245190776633 -0.0020607889766581511 -0.032873663262221228 -0.024607149990523495
leaf_weight=6.4344177544116965 4.3934427946805945 167.45977286994457 9.1292016059160215 63.666862010955811 7.7485704571008709 26.438362509012222 6.0574765652418163 9.7954869121313077 58.59368983656168 6.365484118461608 257.597177952528 19.476324588060379 22.592865437269211
leaf_count=29 20 761 40 285 35 121 31 47 301 31 1258 105 110
internal_value=-2.19134e-05 0.00341636 0.0124987 0.00791117 0.000207294 0.00284646 -0.00290205 -0.000401325 -0.0104127 -0.00493273 -0.00140896 -0.024354 -0.0166584
internal_weight=665.749 303.47 79.2305 70.1013 224.24 193.898 362.279 271.786 90.493 64.9592 261.991 25.5338 30.3414
internal_count=3174 1381 354 314 1027 882 1793 1325 468 332 1278 136 145
is_linear=0
shrinkage=0.03


Tree=60
num_leaves=8
num_cat=0
split_feature=101 101 23 83 24 50 57
split_gain=7.27236 7.07668 12.0197 11.0048 7.83948 8.75669 3.9486
threshold=2.8744277633476769 2.1490629686548872 -3.2423275574110355 5.5158699392768709 -0.10569367406074906 270.00000000000006 3.4264262323769707
decision_type=2 2 2 2 2 2 2
left_child=1 4 -3 -4 5 -1 -2
right_child=6 2 3 -5 -6 -7 -8
leaf_value=-0.0094432148788193195 -0.034305175071767301 0.043402389405144327 0.014015625471556497 -0.02865878917800831 0.032366101144405357 0.00078227006158954895 -0.0010706603190312231
leaf_weight=88.194101542234421 8.4732207730412465 8.9309699684381467 22.516444638371471 7.1706678867340079 6.5207092761993399 518.46667639166117 5.186998985707759
leaf_count=428 55 40 103 37 30 2452 29
internal_value=-2.21335e-05 0.000431881 0.0128879 0.00370799 -0.000352595 -0.000704273 -0.0216855
internal_weight=665.46 651.8 38.6181 29.6871 613.181 606.661 13.6602
internal_count=3174 3090 180 140 2910 2880 84
is_linear=0
shrinkage=0.03


Tree=61
num_leaves=9
num_cat=0
split_feature=84 75 146 63 14 79 135 86
split_gain=7.24495 7.28859 9.29244 15.0174 9.5824 8.66585 14.644 10.4656
threshold=0.35131629345507998 0.56286107238923722 15.547515697244087 0.76354105998835187 2.153615203561011 6.118778613902494 254.50000000000003 271859.50000000006
decision_type=2 2 2 2 2 2 2 2
left_child=-1 5 3 -3 -4 7 -7 -2
right_child=1 2 4 -5 -6 6 -8 -9
leaf_value=0.032079085366070952 -0.0011623049287551182 0.03074456059613595 0.026492521501641667 -0.018540380931510874 -0.0015071697599491375 0.027313541392107989 -0.01496254169640817 0.024696704138178097
leaf_weight=6.2680085450410834 415.505221106112 25.088250830769539 12.350470066070555 7.1500962749123564 100.63572875410318 8.1718952506780607 75.540720596909523 14.580112606287001
leaf_count=26 1981 110 56 35 471 37 390 68
internal_value=-2.1926e-05 -0.000327241 0.00560705 0.0198137 0.00155346 -0.00200456 -0.0108356 -0.000285671
internal_weight=665.291 659.022 145.225 32.2383 112.986 513.798 83.7126 430.085
internal_count=3174 3148 672 145 527 2476 427 2049
is_linear=0
shrinkage=0.03


Tree=62
num_leaves=9
num_cat=0
split_feature=130 75 162 0 99 18 124 64
split_gain=7.05607 7.13615 10.5172 9.59075 8.68328 9.98446 9.53595 8.11809
threshold=0.35594406133118534 0.51923193008694135 1.0000000180025095e-35 -0.055965618186342499 0.5627311014084736 3.0331859040555105 0.093258700873336112 0.60669749194339373
decision_type=2 2 2 2 2 2 2 2
left_child=1 4 7 -4 6 -6 -1 -3
right_child=-2 2 3 -5 5 -7 -8 -9
leaf_value=-0.015982864154086202 0.030665743823335218 -0.00078840039785792399 0.010578981463340423 -0.00075861405489048345 -0.021953623753402447 0.01225296238237711 0.000516591965387707 -0.034199899982874406
leaf_weight=35.534007988870144 6.6757447719573966 15.656682990491392 134.51294527947903 134.0922058224678 38.161341555416584 9.6146543249487859 279.49222751706839 11.246096357703207
leaf_count=174 31 71 599 652 189 48 1358 52
internal_value=-2.17752e-05 -0.000332969 0.00312792 0.00491906 -0.00315192 -0.0150697 -0.0013445 -0.0147553
internal_weight=664.986 658.31 295.508 268.605 362.802 47.776 315.026 26.9028
internal_count=3174 3143 1374 1251 1769 237 1532 123
is_linear=0
shrinkage=0.03


Tree=63
num_leaves=9
num_cat=0
split_feature=52 48 31 75 55 73 41 123
split_gain=7.09349 7.7341 12.7678 11.4385 11.0384 8.47913 7.56076 6.99171
threshold=13350.000000000002 1.0266969269120882 1.5000000000000002 0.48829117740224515 0.070051538450913706 0.13840996168582378 2.2905445274757095 0.079700106147058511
decision_type=2 2 2 2 2 2 2 2
left_child=1 3 5 7 -5 -3 -4 -1
right_child=-2 2 6 4 -6 -7 -8 -9
leaf_value=-0.015682432220381803 0.023647563202666071 -0.0083835198789924785 -0.024102863847672348 0.016885727237613782 0.0024170592481210442 0.0041751229031415102 0.011145919187263539 -0.00077819463579152453
leaf_weight=37.764873757958412 11.203527167439459 86.86661646515131 38.629560559988022 62.306678652763367 199.10292102396488 109.22072065621614 6.3814371451735488 113.35398636758327
leaf_count=178 49 419 205 281 909 540 37 556
internal_value=-2.16257e-05 -0.000427329 -0.00469598 0.00206745 0.00586565 -0.00138835 -0.0191055 -0.00450279
internal_weight=664.83 653.627 241.098 412.528 261.41 196.087 45.011 151.119
internal_count=3174 3125 1201 1924 1190 959 242 734
is_linear=0
shrinkage=0.03


Tree=64
num_leaves=13
num_cat=0
split_feature=71 36 58 60 8 60 31 44 71 136 7 76
split_gain=7.04037 9.00777 12.0408 12.8358 10.3782 12.1862 8.73569 7.89318 7.74532 7.02651 4.32485 0.31706
threshold=1.1650087590382259 329.43333333333339 1.6486924944994168 1.8336920581832981 2.3784284438159822 6.4529187278536959 1.5000000000000002 1.1397906531514621 2.1203576089186273 354.50000000000006 0.59843656103046128 0.194537658463833
decision_type=2 2 2 2 2 2 2 2 2 2 2 2
left_child=7 4 8 -4 5 -2 -6 9 -3 -1 -9 -12
right_child=1 2 3 -5 6 -7 -8 10 -10 -11 11 -13
leaf_value=-0.016652573118162664 -0.00093282245400986598 0.0064841093229203034 0.018101158881042165 -0.004480316329378487 -0.0047257983640823847 0.013400186310313381 -0.025244586469285131 -0.0060597860201981636 0.040977893728327795 0.022982052044713257 -0.032624800870368634 -0.042623187558318038
leaf_weight=8.7583480179309863 292.63642705976963 9.903202027082445 34.632404252886772 65.504572473466396 127.0211583673954 65.299992129206657 21.892456538975239 5.6260675191879299 14.345302894711493 7.4497747272253028 5.175114654004572 6.3655287027359009
leaf_count=42 1375 45 161 311 638 292 122 28 61 37 31 31
internal_value=-2.15402e-05 0.000688445 0.00792262 0.00332949 -0.00108689 0.00168201 -0.00774236 -0.0134499 0.0268905 0.00156478 -0.0276261 -0.0381397
internal_weight=664.61 631.236 124.385 100.137 506.85 357.936 148.914 33.3748 24.2485 16.2081 17.1667 11.5406
internal_count=3174 3005 578 472 2427 1667 760 169 106 79 90 62
is_linear=0
shrinkage=0.03


Tree=65
num_leaves=8
num_cat=0
split_feature=98 134 108 11 136 53 81
split_gain=7.06716 7.41987 11.6425 8.48208 7.98872 8.83319 3.91109
threshold=0.015589519996778644 1405.0000000000002 0.45253684144437961 2.6687203843822025 1049.0000000000002 0.85248320980968317 0.082764941191268135
decision_type=2 2 2 2 2 2 2
left_child=6 2 3 -2 5 -3 -1
right_child=1 4 -4 -5 -6 -7 -8
leaf_value=-0.034447909785493599 0.0022430858621791455 -0.0021306226099621598 -0.019428040473890826 0.038597242808789692 0.024783082374897528 0.0086408013118559387 -0.0042299858395430847
leaf_weight=8.1019484624266607 9.4332669526338631 527.47106375545263 6.9886597692966452 14.899011239409445 11.249460175633429 78.74904940277338 7.3538014590740195
leaf_count=42 43 2531 33 65 54 366 40
internal_value=-2.16002e-05 0.000456008 0.0147009 0.0245033 -0.000266557 -0.000731396 -0.0200703
internal_weight=664.246 648.791 31.3209 24.3323 617.47 606.22 15.4557
internal_count=3174 3092 141 108 2951 2897 82
is_linear=0
shrinkage=0.03


Tree=66
num_leaves=13
num_cat=0
split_feature=81 84 73 7 57 134 15 67 125 55 106 36
split_gain=6.95055 10.8975 9.89791 10.6676 8.87541 11.7083 14.4413 10.9756 8.3215 10.6394 7.78339 2.4756
threshold=0.061061871621297052 0.4105005390772109 0.061553030303030311 3.6069162515528341 1.2364664577279607 13437.000000000002 0.69929953457795146 2.3485759080219499 0.10982698180110485 0.16431840042923715 0.21099163472179827 265.7166666666667
decision_type=2 2 2 2 2 2 2 2 2 2 2 2
left_child=1 -1 3 -3 8 6 -6 -7 9 -2 -4 -10
right_child=4 2 10 -5 5 7 -8 -9 11 -11 -12 -13
leaf_value=0.028147713916253547 0.020990757363779124 -0.0030974202002078343 -0.0015900100456142194 0.017850475684276845 0.005413754978520033 -0.0060020921135117934 0.027611810515550447 0.0090825452476122476 -0.03716613835240519 -0.010930552175518801 -0.015780378104771484 -0.011429217741638794
leaf_weight=9.436073422431944 13.257331848144529 103.87622600793839 58.302104994654655 27.717075943946838 98.18311208486557 114.25878914445639 36.065353631973267 70.010458543896675 9.1824622526764852 32.273986876010895 86.252389021217823 5.308034047484397
leaf_count=39 63 484 279 130 453 550 166 353 50 160 417 30
internal_value=-2.13239e-05 -0.00355474 -0.00463803 0.00131477 0.00264442 0.00463852 0.0113772 -0.0002709 -0.00793769 -0.00163604 -0.0100571 -0.0277384
internal_weight=664.123 285.584 276.148 131.593 378.54 318.518 134.248 184.269 60.0218 45.5313 144.554 14.4905
internal_count=3174 1349 1310 614 1825 1522 619 903 303 223 696 80
is_linear=0
shrinkage=0.03


Tree=67
num_leaves=10
num_cat=0
split_feature=101 87 125 124 48 27 59 107 57
split_gain=6.76618 6.74589 7.9832 8.63537 7.42904 7.23247 6.86145 5.72452 4.68743
threshold=2.8744277633476769 338.50000000000006 0.27975087043625657 0.075700055152137194 0.7501717604817657 1.5890114968045312 4.9991970088910742 0.31216136306495162 3.7302560578689548
decision_type=2 2 2 2 2 2 2 2 2
left_child=1 4 3 -3 5 -1 -6 -4 -2
right_child=8 2 7 -5 6 -7 -8 -9 -10
leaf_value=-0.0046323605392284582 -0.034322516027509277 -0.0090204536676435857 -0.0042882976235619772 0.0039538988164006163 -0.0097759053505563544 0.03309309492117081 -0.043093844413129849 -0.028068746145492585 0.0028192837576175166
leaf_weight=14.262838765978815 8.6246760040521604 51.22227568924427 40.794436685740948 468.00559239089489 51.536490187048912 6.732511192560195 6.2360391169786444 11.730147764086722 4.7381222173571578
leaf_count=65 57 245 219 2194 243 30 30 64 27
internal_value=-2.1502e-05 0.000412574 0.00154649 0.00267397 -0.00781818 0.00746494 -0.0133723 -0.00959911 -0.0211529
internal_weight=663.883 650.52 571.752 519.228 78.7679 20.9953 57.7725 52.5246 13.3628
internal_count=3174 3090 2722 2439 368 95 273 283 84
is_linear=0
shrinkage=0.03


Tree=68
num_leaves=11
num_cat=0
split_feature=76 36 26 136 121 60 48 36 146 118
split_gain=6.70823 8.67311 12.8833 12.9948 9.22015 12.255 9.15158 9.13364 3.94793 1.82253
threshold=0.072476697546283761 329.43333333333339 -0.52746906121071746 753.50000000000011 0.11804388215518005 3.9790640085784985 1.0266969269120882 371.00000000000006 29.205129630201387 0.43667269101333667
decision_type=2 2 2 2 2 2 2 2 2 2
left_child=8 4 3 -3 5 -2 -6 -4 9 -1
right_child=1 2 7 -5 6 -7 -8 -9 -10 -11
leaf_value=-0.014348477007699706 0.0019536707124491117 -0.00072916964421106383 0.053845090816500345 0.026640374733452106 0.0008103404978719881 0.044347221014807793 -0.0077683804590115875 0.0078619315012087854 0.0022182310297056574 -0.038233314656917025
leaf_weight=4.9457663893699664 19.348243758082393 91.953765511512756 8.5634376406669599 18.805652871727943 319.04599444568157 8.9877819269895536 172.38707856833935 7.1200553476810446 5.6707717925310126 6.8678705096244812
leaf_count=32 90 432 36 89 1490 39 860 32 32 42
internal_value=-2.13948e-05 0.000474716 0.00752131 0.00391786 -0.00123949 0.0154003 -0.00219894 0.0329695 -0.0183573 -0.028234
internal_weight=663.696 646.212 126.443 110.759 519.769 28.336 491.433 15.6835 17.4844 11.8136
internal_count=3174 3068 589 521 2479 129 2350 68 106 74
is_linear=0
shrinkage=0.03


Tree=69
num_leaves=8
num_cat=0
split_feature=98 45 36 15 46 39 36
split_gain=6.69298 7.17158 7.70432 8.23666 5.82444 5.18245 2.60148
threshold=0.015589519996778644 0.35067567567567576 391.75833333333338 -7.3920577810316486 76.309523809523824 1.80969747846081 296.05000000000001
decision_type=2 2 2 2 2 2 2
left_child=5 4 3 -3 6 -1 -2
right_child=1 2 -4 -5 -6 -7 -8
leaf_value=-0.003574104749370114 -0.037379879115858071 0.020089923967473392 0.024901232322237614 -1.1890153455991512e-05 0.004082582303866677 -0.038623349672533093 -0.013392999546645626
leaf_weight=8.2845050841569883 8.5092428624630028 18.932090893387794 11.982860341668127 591.81129132211208 9.0683450549840909 7.009146384894847 7.7987688556313506
leaf_count=40 57 83 53 2810 46 42 43
internal_value=-2.13025e-05 0.000441588 0.00107864 0.000611235 -0.0151913 -0.0196373 -0.0259089
internal_weight=663.396 648.103 622.726 610.743 25.3764 15.2937 16.308
internal_count=3174 3092 2946 2893 146 82 100
is_linear=0
shrinkage=0.03


Tree=70
num_leaves=11
num_cat=0
split_feature=81 75 8 84 75 72 24 48 2 36
split_gain=6.68441 11.5645 11.9225 10.0865 10.4997 10.7913 8.97339 8.53613 7.51503 7.73372
threshold=0.061061871621297052 0.45443107685493189 -4.2085558018510794 0.4105005390772109 0.50275458219666747 2.5465312302496685 -0.30373943527989233 1.216723254901473 67.721325813015397 71.250000000000014
decision_type=2 2 2 2 2 2 2 2 2 2
left_child=3 8 -3 -1 6 -6 -5 -4 -2 -10
right_child=1 2 7 4 5 -7 -8 -9 9 -11
leaf_value=0.027032945557130237 -0.041551658373547989 -0.033911713967436495 0.0087323364230011621 -0.018374852779115349 0.0059550929577505442 -0.0077504889230328366 0.017650445135925483 -0.014868927320424254 -0.027382270435914232 -0.00098366825540812763
leaf_weight=9.4210540503263456 4.8342882096767417 6.4739666432142249 232.18990275263786 61.460259266197681 99.45728125423193 107.68316374719143 6.923795834183692 14.663176134228705 10.994873508810995 109.04128256440163
leaf_count=39 25 32 1082 303 469 504 34 79 60 547
internal_value=-2.1055e-05 0.00259334 0.00627644 -0.00349104 -0.00453475 -0.00116983 -0.0147273 0.00733041 -0.00487864 -0.00340168
internal_weight=663.143 378.197 253.327 284.946 275.525 207.14 68.3841 246.853 124.87 120.036
internal_count=3174 1825 1193 1349 1310 973 337 1161 632 607
is_linear=0
shrinkage=0.03


Tree=71
num_leaves=13
num_cat=0
split_feature=71 71 64 30 29 52 89 42 104 115 7 76
split_gain=6.54423 8.50236 14.7578 11.5173 10.0741 9.83629 8.97015 7.4737 8.06469 4.27422 4.23797 0.303501
threshold=1.1650087590382259 2.0076418839962793 0.9935691318327976 0.63530094181754893 0.76848596167484462 13050.000000000002 324.50000000000006 1.1397906531514621 0.72647380568276076 5.5000000000000009 0.59843656103046128 0.194537658463833
decision_type=2 2 2 2 2 2 2 2 2 2 2 2
left_child=7 2 4 6 -2 -5 -3 8 -1 -4 -9 -12
right_child=1 3 9 5 -6 -7 -8 10 -10 -11 11 -13
leaf_value=0.028082669652420109 -0.0045683588853926323 -0.025675665485314671 -0.0066467964725203041 -0.0038021464539210945 0.014255193161355848 0.028476260976514116 0.014068462803861249 -0.0056256841763383638 -0.015381308480041942 -0.041552683838424587 -0.032139339509221043 -0.042043406195007405
leaf_weight=6.2880839407444027 33.819110967218876 5.6036941260099402 6.2792819738388044 405.86281532794237 105.14297529309988 8.678364232182501 58.115778408944607 5.5690986812114742 9.8773345053195936 6.3499025106430054 5.0348897501826269 6.2307782769203186
leaf_count=29 167 29 30 1950 488 38 270 28 50 33 31 31
internal_value=-2.11355e-05 0.000661174 0.00685226 -0.00130118 0.00967412 -0.0031264 0.0105732 -0.0130439 0.00152547 -0.0241973 -0.027034 -0.037617
internal_weight=662.852 629.852 151.591 478.261 138.962 414.541 63.7195 33.0002 16.1654 12.6292 16.8348 11.2657
internal_count=3174 3005 718 2287 655 1988 299 169 79 63 90 62
is_linear=0
shrinkage=0.03


Tree=72
num_leaves=10
num_cat=0
split_feature=98 61 27 87 58 20 18 107 39
split_gain=6.35929 6.57915 10.6453 15.8803 11.3779 8.63997 8.676 7.26965 5.00315
threshold=0.015589519996778644 0.90877784740090939 0.69830690552655961 339.50000000000006 1.735343434651538 4.5115490724428264 0.36042337961037357 0.057358347263266107 1.80969747846081
decision_type=2 2 2 2 2 2 2 2 2
left_child=8 2 3 -2 -4 6 -3 -7 -1
right_child=1 5 4 -5 -6 7 -8 -9 -10
leaf_value=-0.00357834464012352 -0.021329979336075805 -0.0092145071245955182 0.0076192224606502811 0.016183904948985334 -0.0030509555322425306 0.0025644456551375985 0.01414039958383469 -0.022101281028507093 -0.038263534695331211
leaf_weight=8.2782250642776471 11.688541412353514 30.383598893880844 124.54322175681591 77.450917892158031 323.73203816264868 15.070055939257143 27.069488801062107 37.548480100929737 6.8315322250127783
leaf_count=40 55 144 574 358 1542 82 127 210 42
internal_value=-2.12319e-05 0.000427735 0.00179633 0.0112648 -8.6486e-05 -0.00625429 0.00178935 -0.015037 -0.0192605
internal_weight=662.596 647.486 537.415 89.1395 448.275 110.072 57.4531 52.6185 15.1098
internal_count=3174 3092 2529 413 2116 563 271 292 82
is_linear=0
shrinkage=0.03


Tree=73
num_leaves=9
num_cat=0
split_feature=101 101 23 83 81 75 95 57
split_gain=6.30231 6.63441 10.704 10.137 7.70191 14.1073 8.51946 4.52012
threshold=2.8744277633476769 2.1490629686548872 -3.2423275574110355 5.5158699392768709 0.1022446551811889 0.44767042685064823 4.4747325723547791 3.7302560578689548
decision_type=2 2 2 2 2 2 2 2
left_child=1 4 -3 -4 6 -6 -1 -2
right_child=7 2 3 -5 5 -7 -8 -9
leaf_value=-0.0010975569663309733 -0.033892863706431853 0.041048788498574927 0.013513866550465548 -0.027840379446180039 -0.0057005852730362058 0.010793343374090606 -0.014290692916020344 0.0028400924971181836
leaf_weight=362.78041145205498 8.3585272431373578 9.0289879292249662 22.529313147068027 6.9898220002651206 75.463189698755741 122.31699877977371 50.13957180082798 4.7160567566752425
leaf_count=1686 57 40 103 37 386 572 266 27
internal_value=-2.1272e-05 0.000394012 0.0124646 0.00372161 -0.0003679 0.00450007 -0.00269956 -0.0206431
internal_weight=662.323 649.248 38.5481 29.5191 610.7 197.78 412.92 13.0746
internal_count=3174 3090 180 140 2910 958 1952 84
is_linear=0
shrinkage=0.03


Tree=74
num_leaves=7
num_cat=0
split_feature=130 98 37 36 2 63
split_gain=6.37543 6.61792 7.91433 7.43793 7.6545 5.99867
threshold=0.35594406133118534 0.033054948297487334 3.9764109537703454 391.75833333333338 68.597347193119433 0.4152394775036285
decision_type=2 2 2 2 2 2
left_child=1 2 5 4 -3 -1
right_child=-2 3 -4 -5 -6 -7
leaf_value=-0.021305411547472078 0.029011099571237341 -0.0154028813638312 -0.040140870515577062 0.022986899432391628 0.00050099510094943974 0.019057127755073629
leaf_weight=7.1178411617875117 6.7382364720106116 28.548578456044197 8.0848801210522634 12.672463089227675 592.67453011870384 6.2009092271327972
leaf_count=37 31 139 46 58 2833 30
internal_value=-2.11924e-05 -0.000319722 -0.0167267 0.000234261 -0.000229874 -0.00251353
internal_weight=662.037 655.299 21.4036 633.896 621.223 13.3188
internal_count=3174 3143 113 3030 2972 67
is_linear=0
shrinkage=0.03


Tree=75
num_leaves=8
num_cat=0
split_feature=136 59 53 93 47 48 123
split_gain=6.25804 7.16416 8.55737 10.192 9.52196 7.30293 3.45951
threshold=1049.0000000000002 7.1538516322344945 0.85248320980968317 0.69381623127437952 12.500000000000002 0.95122250542175812 0.22125986346978255
decision_type=2 2 2 2 2 2 2
left_child=1 2 3 -1 -4 -3 -7
right_child=-2 5 4 -5 -6 6 -8
leaf_value=0.007561754880187877 0.021754760539362587 0.005483861340957426 0.013296902198270594 -0.0030325261005246834 -0.019086094743910174 -0.034492608781779302 -0.0066880723324859925
leaf_weight=100.27315033972263 11.668486997485159 10.231523871421816 69.683058053255081 441.83523552119732 9.2578433603048307 13.138234160840513 5.807717189192771
leaf_count=460 56 49 316 2141 48 72 32
internal_value=-2.08857e-05 -0.000411655 0.000270891 -0.00107291 0.00949917 -0.0149398 -0.0259694
internal_weight=661.895 650.227 621.049 542.108 78.9409 29.1775 18.946
internal_count=3174 3118 2965 2601 364 153 104
is_linear=0
shrinkage=0.03


Tree=76
num_leaves=13
num_cat=0
split_feature=71 71 45 64 30 137 52 90 42 136 7 76
split_gain=6.14121 7.80326 14.9337 13.1441 10.7944 9.78536 9.14649 8.97917 7.15739 6.47387 4.13378 0.295378
threshold=1.1650087590382259 2.0076418839962793 0.65954545454545477 0.9935691318327976 0.63530094181754893 322.00000000000006 13050.000000000002 2.2579233680781408 1.1397906531514621 354.50000000000006 0.59843656103046128 0.194537658463833
decision_type=2 2 2 2 2 2 2 2 2 2 2 2
left_child=8 2 3 -2 5 -3 -6 -4 9 -1 -10 -12
right_child=1 4 7 -5 6 -7 -8 -9 10 -11 11 -13
leaf_value=-0.016099904940512763 0.0058898773826307612 -0.026422774309779854 0.012733477501953963 -0.028449166801918831 -0.0036753302998042171 0.013998452252852022 0.027335873431431876 0.05493207594190623 -0.005406736947873172 0.02206171760496977 -0.031690397614380923 -0.04157255330527454
leaf_weight=8.654633581638338 122.56985738873482 5.9435077756643286 9.948913976550104 10.926517114043234 404.68283225595951 57.894056752324104 8.7446922659873945 8.3445444107055646 5.5384892821311977 7.4403897374868384 4.9042317569255811 6.1182236969470978
leaf_count=42 582 31 43 56 1950 268 38 37 28 37 31 31
internal_value=-2.0675e-05 0.000637818 0.00656262 0.00307927 -0.00124651 0.0102351 -0.00301939 0.0319823 -0.0127053 0.00154141 -0.0265512 -0.0371757
internal_weight=661.711 629.055 151.79 133.496 477.265 63.8376 413.428 18.2935 32.656 16.095 16.5609 11.0225
internal_count=3174 3005 718 638 2287 299 1988 80 169 79 90 62
is_linear=0
shrinkage=0.03


Tree=77
num_leaves=7
num_cat=0
split_feature=24 50 84 63 104 112
split_gain=6.05709 7.4668 9.14706 8.87965 8.44907 8.70151
threshold=-0.10569367406074906 270.00000000000006 0.39998011553061363 0.54964788732394376 1.27931970818431 7.6937246150897698
decision_type=2 2 2 2 2 2
left_child=1 4 -3 -4 5 -1
right_child=-2 2 3 -5 -6 -7
leaf_value=-0.013790029173334752 0.028130896880679733 0.028930781187201302 0.0047139368100369483 -0.0029500334357874217 0.02173624918733022 0.02035195181337305
leaf_weight=78.532932907342911 6.8077867478132239 10.354690328240393 245.73422396928072 304.85448956489563 7.8025432825088492 7.3468021675944319
leaf_count=381 31 43 1167 1476 35 41
internal_value=-2.07558e-05 -0.000313519 0.000995847 0.000470487 -0.00815364 -0.0108693
internal_weight=661.433 654.626 560.943 550.589 93.6823 85.8797
internal_count=3174 3143 2686 2643 457 422
is_linear=0
shrinkage=0.03


Tree=78
num_leaves=12
num_cat=0
split_feature=81 75 8 58 50 137 68 76 42 2 62
split_gain=6.07604 10.2673 11.0459 9.14131 9.49942 8.62062 15.0091 8.8736 8.1502 7.12635 7.17354
threshold=0.061061871621297052 0.45443107685493189 -4.2085558018510794 1.0501015798629945 270.00000000000006 5587.0000000000009 1.1731514058480916 0.56594202898550738 0.76248409508614234 67.721325813015397 0.63472022955523688
decision_type=2 2 2 2 2 2 2 2 2 2 2
left_child=3 9 -3 4 -1 6 -5 -7 -4 -2 -11
right_child=1 2 8 5 -6 7 -8 -9 -10 10 -12
leaf_value=-0.0079115489656379316 -0.040852948659790826 -0.033218667377254193 -0.0020383987978504917 -0.010736171905323005 0.037507615421532373 -0.020815503547926696 0.0052160192694977589 0.013589809151369399 0.010237529179293742 0.0010877613078245233 -0.015860918692213732
leaf_weight=7.2530403137207058 4.6955431252717963 6.3247235715389243 66.616774342954159 97.234210446476936 9.6696530282497388 44.491654880344868 116.90596153587103 7.9526369720697394 180.72168216854334 89.36369901150465 30.027168534696102
leaf_count=35 25 32 314 461 44 222 551 36 847 451 156
internal_value=-2.04215e-05 0.00247088 0.00593012 -0.00333987 0.018041 -0.00469713 -0.00202736 -0.0155983 0.0069312 -0.00460066 -0.00317488
internal_weight=661.257 377.75 253.663 283.507 16.9227 266.584 214.14 52.4443 247.338 124.086 119.391
internal_count=3174 1825 1193 1349 79 1270 1012 258 1161 632 607
is_linear=0
shrinkage=0.03


Tree=79
num_leaves=7
num_cat=0
split_feature=130 98 39 36 15 7
split_gain=5.90927 6.21745 7.86924 6.78931 7.16552 2.32682
threshold=0.35594406133118534 0.033054948297487334 1.4630446068387484 391.75833333333338 -7.3920577810316486 1.1124133307403199
decision_type=2 2 2 2 2 2
left_child=1 2 -1 4 -3 -4
right_child=-2 3 5 -5 -6 -7
leaf_value=0.011048792385536056 0.027805917637012054 0.017425176607942496 -0.015848837675010958 0.021970214701572989 -0.000807975174680502 -0.039823204045990782
leaf_weight=6.5404714643955257 6.7978306561708441 20.046163856983185 6.8835791870951635 12.66385096311569 600.36397983133793 7.7403805106878281
leaf_count=31 31 88 38 58 2884 44
internal_value=-2.05783e-05 -0.000309708 -0.0163047 0.000225023 -0.000218841 -0.0285383
internal_weight=661.036 654.238 21.1644 633.074 620.41 14.624
internal_count=3174 3143 113 3030 2972 82
is_linear=0
shrinkage=0.03


Tree=80
num_leaves=12
num_cat=0
split_feature=87 102 121 8 110 139 139 145 134 10 61
split_gain=6.09375 7.49547 12.4471 18.2638 12.7098 8.59866 16.7288 10.3249 5.7353 9.1708 8.49896
threshold=338.50000000000006 0.0067590232169155934 0.17532057416267946 0.097574320011928894 1.4738868388343291 277.50000000000006 406.50000000000006 5.6454003386075025 130983.00000000001 4.6690455408870566 0.43171521035598709
decision_type=2 2 2 2 2 2 2 2 2 2 2
left_child=8 5 3 -3 -4 7 -7 -2 9 10 -1
right_child=1 2 4 -5 -6 6 -8 -9 -10 -11 -12
leaf_value=0.0040024647775622679 -0.0017634489213631894 -0.011885090533509234 0.020449628543339742 0.044091615229476515 0.00032528173173594372 0.036756259194085733 -0.012994822842977628 -0.01885385610643853 0.017286444548574847 0.016931341497003746 -0.021173560928420807
leaf_weight=16.342202916741371 195.24888484179974 7.9298994988203075 31.563934579491615 15.499058485031126 268.58593831211329 13.371394366025926 11.159194976091383 38.007550433278084 7.4291026294231406 9.581448942422865 46.140771597623825
leaf_count=76 965 37 144 67 1272 61 52 201 35 45 219
internal_value=-2.02277e-05 0.00104502 0.00408546 0.0251454 0.00244157 -0.00277139 0.014124 -0.00454821 -0.00781077 -0.010398 -0.0145889
internal_weight=660.859 581.366 323.579 23.429 300.15 257.787 24.5306 233.256 79.4935 72.0644 62.483
internal_count=3174 2799 1520 104 1416 1279 113 1166 375 340 295
is_linear=0
shrinkage=0.03


Tree=81
num_leaves=10
num_cat=0
split_feature=101 101 23 83 71 71 143 121 60
split_gain=5.85562 6.11261 9.59663 9.43 6.36193 9.12636 6.19739 5.05748 0.172891
threshold=2.8744277633476769 2.1490629686548872 -3.2423275574110355 5.5158699392768709 1.1650087590382259 2.0076418839962793 3.6610704049139211 0.24279892994898597 2.1154450489001553
decision_type=2 2 2 2 2 2 2 2 2
left_child=1 4 -3 -4 6 -6 -1 -2 -9
right_child=7 2 3 -5 5 -7 -8 8 -10
leaf_value=-0.025180949990409332 0.0060767721759856334 0.038813436607623999 0.012964007613962507 -0.027217603656441193 0.0069790700016425997 -0.0018004151745263678 0.0032792706547270798 -0.029250918437363962 -0.037853826212535351
leaf_weight=17.659222543239597 4.366494692862033 9.1377005726098997 22.611337646842006 6.8486667126417151 140.65569502860308 439.62632243335247 11.287693262100218 4.0567345023155195 4.3642667829990387
leaf_count=88 23 40 103 37 660 2100 62 32 29
internal_value=-2.03794e-05 0.000376444 0.0119539 0.00362285 -0.000357049 0.000327661 -0.014083 -0.0201238 -0.0337095
internal_weight=660.614 647.827 38.5977 29.46 609.229 580.282 28.9469 12.7875 8.421
internal_count=3174 3090 180 140 2910 2760 150 84 61
is_linear=0
shrinkage=0.03


Tree=82
num_leaves=13
num_cat=0
split_feature=75 137 62 78 79 135 36 99 78 105 135 85
split_gain=5.86728 8.39164 9.32362 10.3964 8.03054 13.1322 9.80704 13.4481 9.36301 7.49544 8.0136 6.26616
threshold=0.56286107238923722 6873.0000000000009 0.25694980694980701 0.0026666856297644786 6.118778613902494 254.50000000000003 361.9666666666667 0.21515449006436846 0.0071446072592885011 0.0459298815384366 485.50000000000006 4.8160489937381863
decision_type=2 2 2 2 2 2 2 2 2 2 2 2
left_child=4 2 -2 -4 6 -6 8 -8 -1 -3 -11 -7
right_child=1 9 3 -5 5 11 7 -9 -10 10 -12 -13
leaf_value=0.03624136922859672 0.032256162834126918 -0.031873115974161613 -0.023721602200087552 0.0085171271144407062 0.025783786958360661 -0.016745726173349944 -0.01810200144677852 0.025507315406037234 -0.0018067962868875285 0.025814838394148071 -0.018949073660938922 0.015197882609673289
leaf_weight=5.9087955877184859 13.226427063345907 9.3813742995262164 9.9049549475312215 98.820427566766739 8.2427503019571287 67.785406917333603 8.3227949291467649 27.044465430080891 391.32822534441948 6.9340130239725095 7.4840447753667831 6.0174533352255812
leaf_count=28 58 44 53 452 37 353 44 124 1876 31 37 37
internal_value=-2.02293e-05 0.00529333 0.00847333 0.00558016 -0.00152505 -0.0101301 0.000106945 0.015245 -0.00124084 -0.0110015 0.00257904 -0.0141412
internal_weight=660.401 145.751 121.952 108.725 514.65 82.0456 432.604 35.3673 397.237 23.7994 14.4181 73.8029
internal_count=3174 675 563 505 2499 427 2072 168 1904 112 68 390
is_linear=0
shrinkage=0.03


Tree=83
num_leaves=8
num_cat=0
split_feature=136 53 47 17 93 145 134
split_gain=5.78505 6.59139 10.2797 10.3308 7.73925 11.0788 10.5075
threshold=1049.0000000000002 0.85248320980968317 12.500000000000002 3.3480084000958485 0.69381623127437952 1.3889922839421862 15220.000000000002
decision_type=2 2 2 2 2 2 2
left_child=1 4 3 -3 6 -6 -1
right_child=-2 2 -4 -5 5 -7 -8
leaf_value=0.015328351308631529 0.020852715782071499 0.0047866331525306272 -0.020872051792806767 0.030439653168809082 -0.016317373439293233 -0.0016079927868391096 -0.0034533330129861376
leaf_weight=52.109652668237686 11.737717166543005 56.909891605377197 10.23937803506851 18.794577643275261 52.033686265349388 403.00539103150368 55.214708507061005
leaf_count=237 56 258 54 87 270 1951 261
internal_value=-2.03758e-05 -0.000398287 0.00733956 0.0111553 -0.00158083 -0.00329001 0.00566582
internal_weight=660.045 648.307 85.9438 75.7045 562.363 455.039 107.324
internal_count=3174 3118 399 345 2719 2221 498
is_linear=0
shrinkage=0.03


Tree=84
num_leaves=12
num_cat=0
split_feature=81 75 8 39 61 83 61 113 55 148 127
split_gain=5.78783 9.44093 10.3968 8.68039 9.53199 10.6423 8.92512 8.0425 7.3189 9.61516 9.41985
threshold=0.061061871621297052 0.45443107685493189 -4.2085558018510794 4.0114597997717043 0.68557769663964363 2.4040973980310905 0.1721722405550446 0.54631053177650912 0.068585508536313261 29.500000000000004 0.27881235701813317
decision_type=2 2 2 2 2 2 2 2 2 2 2
left_child=3 8 -3 4 6 -6 -1 -4 10 -10 -2
right_child=1 2 7 -5 5 -7 -8 -9 9 -11 -12
leaf_value=-0.029614225866963544 -0.032529356856902558 -0.032623221190302927 0.038757087305762911 0.024062529461128895 0.022813680209304063 -0.012953814994254952 0.0024640500912846068 0.0057724507191813214 -0.0071984195434940902 0.013034796032032399 0.0017337506943267147
leaf_weight=8.2546362951397878 16.441851973533634 6.2080264165997496 6.8420017957687369 10.086728453636168 8.0202599912881833 112.5798307210207 143.66289145499468 240.69974891841412 62.145916372537613 32.034397855401039 12.8777654543519
leaf_count=40 85 32 30 51 35 550 673 1131 322 160 65
internal_value=-2.02248e-05 0.00241159 0.00572248 -0.00326646 -0.00427799 -0.0105752 0.000721035 0.00668414 -0.00439115 -0.000316314 -0.0174803
internal_weight=659.854 377.25 253.75 282.604 272.518 120.6 151.918 247.542 123.5 94.1803 29.3196
internal_count=3174 1825 1193 1349 1298 585 713 1161 632 482 150
is_linear=0
shrinkage=0.03


Tree=85
num_leaves=12
num_cat=0
split_feature=87 45 116 18 52 63 82 102 56 48 11
split_gain=5.70921 8.73482 10.3059 10.6739 7.86798 7.65369 7.44539 6.75419 12.085 8.52225 3.71906
threshold=338.50000000000006 0.57587878787878799 7.5000000000000009 0.1241640147491362 13350.000000000002 0.73235049833887056 4.643642985140608 0.0067590232169155934 0.05694063601800315 1.0296401977806158 2.8758833802848995
decision_type=2 2 2 2 2 2 2 2 2 2 2
left_child=1 6 3 -3 7 -4 -1 9 -9 -2 -8
right_child=4 2 5 -5 -6 -7 10 8 -10 -11 -12
leaf_value=0.0090356664637209587 0.001421081398056225 -0.0048349776360117093 -0.021290004411382905 0.044157300922669271 0.028266239322392177 0.014614784169436911 -0.0051273410361015997 0.016441374396246596 0.00083566921738551664 -0.0097843905744188844 -0.030033977867576302
leaf_weight=7.4459410756826392 152.04358200728893 7.6483561396598843 17.06009525060654 8.3956586718559247 9.3778486996889097 7.7800169438123694 6.9754241183400181 53.78811602294445 263.18135884404182 102.10862173885107 23.82462352514267
leaf_count=37 727 34 80 37 40 35 34 242 1250 540 118
internal_value=-2.03682e-05 -0.0075798 0.00206055 0.0208021 0.00101009 -0.0100445 -0.0178851 0.00056254 0.00348388 -0.00308085 -0.0243933
internal_weight=659.63 79.1301 40.8841 16.044 580.5 24.8401 38.246 571.122 316.969 254.152 30.8
internal_count=3174 375 186 71 2799 115 189 2759 1492 1267 152
is_linear=0
shrinkage=0.03


Tree=86
num_leaves=11
num_cat=0
split_feature=124 99 74 85 125 13 55 118 75 139
split_gain=5.6746 8.85522 10.0519 8.17507 6.91353 7.87515 7.07205 6.43361 6.35218 4.89815
threshold=0.075700055152137194 0.44503111443703086 0.5594117647058825 1.0103230763395026 0.27975087043625657 1.8925093970387161 0.030593149724239474 0.33548131530231246 0.54192042546612196 277.50000000000006
decision_type=2 2 2 2 2 2 2 2 2 2
left_child=1 7 8 -2 5 -5 -6 -1 -3 -9
right_child=3 2 -4 4 6 -7 -8 9 -10 -11
leaf_value=0.0092929858806642049 0.027635194550784233 0.0062479523791249859 0.02839779255003946 -0.03740316522453787 0.01651264193971326 0.0018344828218386366 -0.013911826123218072 -0.031960377203627349 -0.029712674793462856 -0.004831957259748919
leaf_weight=6.2223717570304862 10.110945135354994 10.27990254759789 9.9054607599973661 4.6443280875682822 8.0197625756263715 524.68034187331796 48.217285804450512 21.144298680126671 7.7566886693239203 8.3576154559850675
leaf_count=30 43 48 45 22 40 2493 267 109 37 40
internal_value=-2.03689e-05 -0.00853339 0.00411744 0.000889514 0.000427694 0.00149021 -0.0095731 -0.0184283 -0.00921702 -0.0242752
internal_weight=659.339 63.6663 27.9421 595.673 585.562 529.325 56.237 35.7243 18.0366 29.5019
internal_count=3174 309 130 2865 2822 2515 307 179 85 149
is_linear=0
shrinkage=0.03


Tree=87
num_leaves=9
num_cat=0
split_feature=24 50 106 106 20 128 125 30
split_gain=5.61828 6.97492 8.16493 11.5424 10.7406 8.14081 8.73672 7.23353
threshold=-0.10569367406074906 270.00000000000006 0.41026958713487677 0.39060167234572124 3.5306444016208496 1.2799253868285903 0.044398201146499325 2.3493417616733314
decision_type=2 2 2 2 2 2 2 2
left_child=1 5 3 -3 -4 7 -7 -1
right_child=-2 2 4 -5 -6 6 -8 -9
leaf_value=-0.015766137140906696 0.027005596427657527 0.0028814078153358014 0.0066235593532350699 0.034834911379699171 -0.0079032615120951406 0.022631413616173952 -0.018103259764979323 0.016643802592459667
leaf_weight=65.283992081880569 6.8509004116058341 330.0086017921567 65.326687648892403 10.49788539111614 153.30199224129319 13.711490973830225 7.2413786277174941 6.8478881716728202
leaf_count=321 31 1570 297 47 772 64 39 33
internal_value=-2.03001e-05 -0.000304179 0.000961649 0.00386654 -0.00356262 -0.00790767 0.00855338 -0.0126893
internal_weight=659.071 652.22 559.135 340.506 218.629 93.0847 20.9529 72.1319
internal_count=3174 3143 2686 1617 1069 457 103 354
is_linear=0
shrinkage=0.03


Tree=88
num_leaves=8
num_cat=0
split_feature=76 136 53 15 3 146 99
split_gain=5.51075 5.88772 6.71013 7.65112 7.4726 3.83148 1.91428
threshold=0.072476697546283761 1049.0000000000002 0.85248320980968317 -2.0106384637462047 1.0459013680879614 29.205129630201387 0.61627897429679002
decision_type=2 2 2 2 2 2 2
left_child=5 2 4 -4 -2 6 -1
right_child=1 -3 3 -5 -6 -7 -8
leaf_value=-0.037605341593208622 -0.0042008827240871717 0.022279780465148315 0.02924411629140242 0.0040924691459372437 0.0028886279751351054 0.0034312696948543739 -0.012447908885827367
leaf_weight=6.5252869278192538 313.08556490391493 10.903339087963102 12.834850788116453 71.657071851193905 233.6784907951951 5.5191732943058005 4.6706235185265541
leaf_count=43 1506 51 56 334 1121 32 31
internal_value=-2.01718e-05 0.000422476 4.49464e-05 0.00791316 -0.00117094 -0.0170258 -0.0271104
internal_weight=658.874 642.159 631.256 84.4919 546.764 16.7151 11.1959
internal_count=3174 3068 3017 390 2627 106 74
is_linear=0
shrinkage=0.03


Tree=89
num_leaves=8
num_cat=0
split_feature=101 139 106 102 87 121 60
split_gain=5.51319 6.26945 7.58052 7.15743 6.62887 4.86036 0.172026
threshold=2.8744277633476769 418.00000000000006 0.289964330988355 0.14064115065067129 338.50000000000006 0.24279892994898597 2.1154450489001553
decision_type=2 2 2 2 2 2 2
left_child=1 3 -3 4 -1 -2 -7
right_child=5 2 -4 -5 -6 6 -8
leaf_value=-0.0077234247441861064 0.0058002067046175176 0.0024064611587465636 -0.033645532942539073 0.030844937395122136 0.001725133587868912 -0.028876266082941238 -0.037590385759693062
leaf_weight=76.227964773774147 4.3733462542295447 10.415978178381922 10.58162961900234 7.1040368378162375 541.86010306328535 3.9359747916460019 4.2301023676991463
leaf_count=362 23 47 49 31 2601 32 29
internal_value=-1.98812e-05 0.00036244 -0.0157617 0.000903984 0.000559856 -0.0197219 -0.0333903
internal_weight=658.729 646.19 20.9976 625.192 618.088 12.5394 8.16608
internal_count=3174 3090 96 2994 2963 84 61
is_linear=0
shrinkage=0.03


Tree=90
num_leaves=13
num_cat=0
split_feature=81 75 8 58 50 81 137 131 36 147 30 68
split_gain=5.5686 8.67201 9.81965 8.52475 8.48268 8.47317 8.36299 7.84936 7.06924 7.57673 5.34385 2.36182
threshold=0.061061871621297052 0.45443107685493189 -4.2085558018510794 1.0501015798629945 270.00000000000006 0.053827719693137523 5587.0000000000009 0.64831841096308684 71.250000000000014 -9.1762384789466775 1.7578733127388302 1.6588867719107243
decision_type=2 2 2 2 2 2 2 2 2 2 2 2
left_child=3 8 -3 4 -1 6 -5 -4 11 -10 -7 -2
right_child=1 2 7 5 -6 10 -8 -9 9 -11 -12 -13
leaf_value=-0.0073379723374606774 -0.01249427727059556 -0.032064973525664821 0.0039605196748021317 0.0002074598606837751 0.035649378866066221 -0.011429936644953814 -0.013994625892687674 0.017869501997881544 -0.017423569924355734 0.002020014815432953 -0.039280424505586949 -0.040249367338162687
leaf_weight=7.1682841032743481 5.2613506913185102 6.101255662739276 203.19643358141184 188.38152318447828 9.7516186535358411 21.371661163866523 46.534351818263531 44.516183353960514 22.609085649251938 89.201074920594692 8.7347975969314557 5.8024263307452202
leaf_count=35 29 32 944 891 44 105 231 217 122 448 43 33
internal_value=-1.96004e-05 0.00236691 0.00553401 -0.00320808 0.0174374 -0.00452616 -0.00260582 0.00646009 -0.00417521 -0.00191166 -0.0195102 -0.0270505
internal_weight=658.63 376.688 253.814 281.942 16.9199 265.022 234.916 247.713 122.874 111.81 30.1065 11.0638
internal_count=3174 1825 1193 1349 79 1270 1122 1161 632 570 148 62
is_linear=0
shrinkage=0.03


Tree=91
num_leaves=13
num_cat=0
split_feature=36 26 69 102 42 109 56 138 146 41 147 81
split_gain=5.51017 11.6689 9.77812 11.8879 8.53897 10.3488 10.2691 10.0381 8.27289 7.88367 6.78186 4.77366
threshold=329.43333333333339 -0.33124853120750058 5.6786017381114124 0.015332056390708134 3.8990488810652488 0.26609099254439578 0.15056976854248569 9439.0000000000018 17.56728701824294 0.38448626459231522 4.8190989012400562 0.096381122763716534
decision_type=2 2 2 2 2 2 2 2 2 2 2 2
left_child=4 2 3 -2 7 11 -7 8 -1 -9 -4 -6
right_child=1 -3 10 -5 5 6 -8 9 -10 -11 -12 -13
leaf_value=0.0073796863647661911 -0.005652565167920726 0.035068219691265771 0.0063723041028131014 0.020799002412234823 -0.030149708470536711 0.031653091713012692 -0.011267022704002915 0.0023160675461642434 -0.0016309326400202079 -0.016087117297962548 0.042963399961895597 -0.0084193233106301876
leaf_weight=156.66466853767633 83.977153450250626 10.982939422130583 10.086610212922098 18.695504546165466 22.894879207015038 7.9293346852064159 13.66032864153385 33.781190682202578 221.16400147229433 55.156191222369671 8.3181114345788938 15.098218552768229
leaf_count=724 414 47 44 85 124 38 71 168 1062 280 37 80
internal_value=-1.97189e-05 0.00545935 0.00277352 -0.00083604 -0.00139441 -0.0120893 0.00449644 -2.92054e-05 0.00210527 -0.00909701 0.0229098 -0.0215142
internal_weight=658.409 132.06 121.077 102.673 526.349 59.5828 21.5897 466.766 377.829 88.9374 18.4047 37.9931
internal_count=3174 627 580 499 2547 313 109 2234 1786 448 81 204
is_linear=0
shrinkage=0.03


Tree=92
num_leaves=7
num_cat=0
split_feature=144 76 130 24 105 19
split_gain=5.44566 8.29484 6.27316 5.85232 3.93279 0.262542
threshold=11.080635144769284 0.072476697546283761 0.35594406133118534 -0.10569367406074906 0.054864086793599574 4.2268331100712926
decision_type=2 2 2 2 2 2
left_child=1 4 3 -3 -1 -6
right_child=-2 2 -4 -5 5 -7
leaf_value=-0.00023409663132964879 0.027510558496203659 -0.00039037800197201097 0.029505896906371749 0.027764744809497449 -0.038257624318012239 -0.028070131156445004
leaf_weight=4.5612779781222335 6.4035394042730323 624.36421621590853 6.5118173360824576 6.7158657908439627 5.6437589600682241 3.8161574937403202
leaf_count=26 33 2990 29 30 35 31
internal_value=-1.98725e-05 -0.00029042 0.00021152 -9.07551e-05 -0.0231153 -0.034148
internal_weight=658.017 651.613 637.592 631.08 14.0212 9.45992
internal_count=3174 3141 3049 3020 92 66
is_linear=0
shrinkage=0.03


Tree=93
num_leaves=9
num_cat=0
split_feature=98 45 105 36 123 125 39 103
split_gain=5.42632 5.70857 9.63184 6.15141 13.9072 7.38564 4.76115 2.12075
threshold=0.015589519996778644 0.35067567567567576 0.04753874768441501 379.44166666666672 0.0094069315882276232 0.27975087043625657 1.80969747846081 0.48938645625222948
decision_type=2 2 2 2 2 2 2 2
left_child=6 2 -2 5 -5 -3 -1 -4
right_child=1 3 7 4 -6 -7 -8 -9
leaf_value=-0.0029641633070308553 0.010359412275901704 0.0011679623997488018 -0.035861242135592226 -0.02795220809619172 0.020560960190150475 -0.011412151034757933 -0.037542839584318408 -0.011358424020145273
leaf_weight=8.1688061356544477 9.2055168151855487 534.81114051491022 10.637617301195858 6.3698956817388526 32.209824420511723 45.580874375998974 6.3848521262407294 4.5340959206223479
leaf_count=40 48 2520 66 30 150 246 42 32
internal_value=-1.9544e-05 0.000390241 -0.0138496 0.000951054 0.012551 0.000179988 -0.0181342 -0.0285385
internal_weight=657.903 643.349 24.3772 618.972 38.5797 580.392 14.5537 15.1717
internal_count=3174 3092 146 2946 180 2766 82 98
is_linear=0
shrinkage=0.03


Tree=94
num_leaves=15
num_cat=0
split_feature=81 7 48 108 142 54 30 75 128 57 134 131 105 98
split_gain=5.27381 8.44507 11.3388 10.5601 9.43567 9.38047 9.20286 8.0253 7.85465 10.9003 10.0109 7.53136 8.00131 5.21371
threshold=0.061061871621297052 3.3472062602259247 1.0796590629593361 0.050811924415226341 3.3100403431971905 0.036604928100504107 0.6799447578518889 0.40822039894639001 0.30811644627296714 1.5204541519986197 9541.5000000000018 0.17451929062827246 0.038490757887512855 0.52522223305611238
decision_type=2 2 2 2 2 2 2 2 2 2 2 2 2 2
left_child=1 3 5 4 -1 -3 -5 11 10 -10 -9 13 -13 -2
right_child=7 2 -4 6 -6 -7 -8 8 9 -11 -12 12 -14 -15
leaf_value=-0.0061405376135089309 -0.0042289518845572034 -0.021123311215297945 -0.02160699840744609 0.012359997989919165 -0.033215996603142277 0.017053102100211524 -0.0057415367882548661 0.0099583810090152439 -0.0058497805592944742 0.011690539552766967 -0.0074830073786241952 0.029586404189012552 -0.0070454181522583417 -0.032903272737735183
leaf_weight=25.203038841485977 9.6792848184704798 6.6274017691612235 10.719677507877348 30.825481943786144 21.437514461576939 45.989557512104511 140.44695671647787 44.90888150036335 40.456980928778648 150.52003104239702 86.9849948361516 7.0079570263624218 22.910398326814175 13.905871286988257
leaf_count=121 51 32 58 144 108 216 670 206 202 703 426 35 127 75
internal_value=-1.94699e-05 -0.00312731 0.00651522 -0.00592992 -0.0185853 0.0122446 -0.00248364 0.0023029 0.00408617 0.00797476 -0.00154434 -0.00845842 0.00153507 -0.0211354
internal_weight=657.624 281.25 63.3366 217.913 46.6406 52.617 171.272 376.374 322.871 190.977 131.894 53.5035 29.9184 23.5852
internal_count=3174 1349 306 1043 229 248 814 1825 1537 905 632 288 162 126
is_linear=0
shrinkage=0.03


Tree=95
num_leaves=10
num_cat=0
split_feature=84 59 37 117 75 93 2 17 132
split_gain=5.24696 7.64699 9.19581 7.58184 7.5343 10.4795 7.60787 7.41938 4.1328
threshold=0.45518051394894005 7.1538516322344945 4.591101238179256 5.5000000000000009 0.62669512946085593 0.49791906721488527 67.252012167417064 2.162808221979506 0.69654614183572117
decision_type=2 2 2 2 2 2 2 2 2
left_child=3 4 8 7 6 -6 -2 -1 -3
right_child=1 2 -4 -5 5 -7 -8 -9 -10
leaf_value=0.016414824518539907 -0.020450326722103868 -0.034742336639789373 0.010942953718407944 0.029699856822069506 0.046118796074599178 0.0058468334303187156 -0.00027962214199421011 -0.02048583857730777 -0.0058328607066136995
leaf_weight=11.092627435922624 17.384567752480507 14.823499448597437 8.4560645557939988 12.805744305253027 6.6977057456970206 44.145389758050442 526.80097652226686 8.7897175401449186 6.3599206730723372
leaf_count=48 88 80 49 55 28 206 2549 40 31
internal_value=-1.98402e-05 -0.00063296 -0.0155052 0.0116968 0.000107853 0.011152 -0.000923996 0.000101537 -0.0260628
internal_weight=657.356 624.668 29.6395 32.6881 595.029 50.8431 544.186 19.8823 21.1834
internal_count=3174 3031 160 143 2871 234 2637 88 111
is_linear=0
shrinkage=0.03


Tree=96
num_leaves=7
num_cat=0
split_feature=52 101 139 139 96 69
split_gain=5.23736 5.86563 6.02491 7.39557 6.11572 3.36845
threshold=13350.000000000002 2.8744277633476769 393.50000000000006 296.00000000000006 1.8347599844331854 4.7716106244274572
decision_type=2 2 2 2 2 2
left_child=1 2 3 -1 -4 -3
right_child=-2 5 4 -5 -6 -7
leaf_value=4.5051064451546462e-05 0.02019874064035123 -0.033006310728911317 0.0037572030792372732 0.019343485787085751 -0.02568760857036587 5.6112569052174205e-05
leaf_weight=588.76959278434515 11.331992164254187 7.7114377841353399 10.53841380774975 18.431335255503654 15.967792123556135 4.330908790230751
leaf_count=2837 49 57 47 83 75 26
internal_value=-1.96621e-05 -0.000374467 1.96803e-05 0.000630847 -0.0139809 -0.0211157
internal_weight=657.081 645.749 633.707 607.201 26.5062 12.0423
internal_count=3174 3125 3042 2920 122 83
is_linear=0
shrinkage=0.03


Tree=97
num_leaves=14
num_cat=0
split_feature=87 45 27 82 115 110 15 42 108 58 97 64 11
split_gain=5.22719 8.04348 7.31691 7.07158 6.82199 6.25085 10.4411 11.1473 8.53781 11.0308 9.62812 7.77579 3.55772
threshold=338.50000000000006 0.57587878787878799 1.8045780359073877 4.643642985140608 4.5000000000000009 6.5082634109666175 4.7622787694773079 2.8924302872239425 0.082045808085600594 1.8896155300851918 0.93070163834578967 0.75876425915421952 2.8758833802848995
decision_type=2 2 2 2 2 2 2 2 2 2 2 2 2
left_child=1 3 4 -1 -3 6 11 -8 9 -7 -10 -2 -5
right_child=5 2 -4 12 -6 8 7 -9 10 -11 -12 -13 -14
leaf_value=0.0089528484542481957 -0.00045340820724388983 0.0093469473574618669 0.025252927513272128 -0.0048280659938511076 -0.018617335684572172 0.041012778393352309 0.051745366500746112 -0.002497392096535152 0.018031674240713925 -0.0034894044619309082 -0.017485467479302477 0.0089092590251968785 -0.029315538391540889
leaf_weight=7.4283756315708152 376.7921506203711 15.323635697364809 9.3467917889356595 6.9239024668931988 16.101125702261925 6.6775449365377453 7.7742901593446714 6.0737478584051132 7.9186861664056769 20.108563452959061 51.831933788955212 101.29652918875217 23.339908175170422
leaf_count=37 1818 68 41 34 77 32 35 32 36 98 273 475 118
internal_value=-1.93508e-05 -0.00728544 0.00194996 -0.0172754 -0.00498113 0.000966217 0.00227418 0.0279545 -0.00646917 0.0076046 -0.0127784 0.00153034 -0.0237132
internal_weight=656.937 78.4637 40.7716 37.6922 31.4248 578.473 491.937 13.848 86.5367 26.7861 59.7506 478.089 30.2638
internal_count=3174 375 186 189 145 2799 2360 67 439 130 309 2293 152
is_linear=0
shrinkage=0.03


Tree=98
num_leaves=7
num_cat=0
split_feature=98 144 76 36 39 105
split_gain=5.21763 5.85076 7.10811 6.87044 4.63054 3.61358
threshold=0.015589519996778644 11.080635144769284 0.072476697546283761 361.9666666666667 1.80969747846081 0.054864086793599574
decision_type=2 2 2 2 2 2
left_child=4 2 5 -4 -1 -2
right_child=1 -3 3 -5 -6 -7
leaf_value=-0.002993911842799023 -0.00041530140211593829 0.029447001309723039 -0.00052460873700853133 0.0097350483860195892 -0.03731756591199125 -0.033553965012322474
leaf_weight=8.1584541201591474 4.5729173496365538 6.1728882789611808 557.4593079611659 65.663162373006344 6.2453441545367232 8.404143061488865
leaf_count=40 26 31 2667 308 42 60
internal_value=-1.95212e-05 0.000380941 9.88754e-05 0.00055653 -0.0178763 -0.0218764
internal_weight=656.676 642.272 636.1 623.122 14.4038 12.9771
internal_count=3174 3092 3061 2975 82 86
is_linear=0
shrinkage=0.03


Tree=99
num_leaves=13
num_cat=0
split_feature=71 42 104 36 72 41 123 8 60 31 7 76
split_gain=5.17548 6.69735 6.78573 6.57598 11.5925 12.085 10.4662 8.51629 10.1724 7.72738 3.99483 0.261721
threshold=1.1650087590382259 1.1397906531514621 0.72647380568276076 329.43333333333339 2.0422275973267161 0.3008917762752959 0.012962939756834825 2.3784284438159822 6.4529187278536959 1.5000000000000002 0.59843656103046128 0.194537658463833
decision_type=2 2 2 2 2 2 2 2 2 2 2 2
left_child=1 2 -1 7 5 -5 -6 8 -2 -9 -3 -12
right_child=3 10 -4 4 6 -7 -8 9 -10 -11 11 -13
leaf_value=0.026161528185793072 -0.00085552960294544428 -0.0046309568022101797 -0.013978203628090028 -0.012951663914378457 -0.021221288766079913 0.03315309722687465 0.0059900395599753213 -0.0042407870405228865 0.012242426421286116 -0.02400709916366113 -0.03105512455694474 -0.040572022721757112
leaf_weight=6.296752184629443 289.86956807598472 5.4221016392111769 9.5229771062731725 6.5536993369460133 15.172819241881369 23.337207660079002 78.734046392142773 124.89357773959637 65.407037109136581 20.758726015686989 4.6943649351596815 5.831228643655777
leaf_count=29 1375 28 50 32 70 105 371 638 292 122 31 31
internal_value=-1.92875e-05 -0.0118316 0.00199868 0.00058137 0.00677276 0.0230444 0.00159342 -0.000948747 0.00155583 -0.00705793 -0.0255509 -0.0363275
internal_weight=656.494 31.7674 15.8197 624.727 123.798 29.8909 93.9069 500.929 355.277 145.652 15.9477 10.5256
internal_count=3174 169 79 3005 578 137 441 2427 1667 760 90 62
is_linear=0
shrinkage=0.03


Tree=100
num_leaves=11
num_cat=0
split_feature=81 39 119 61 2 2 15 45 112 141
split_gain=5.08826 8.15291 8.83181 8.76711 7.74998 10.7028 11.7687 9.26282 6.78002 6.41631
threshold=0.061061871621297052 4.0114597997717043 0.33964285714285719 0.68557769663964363 68.597347193119433 72.45498717481216 -1.3373020845754058 0.36788399570354463 2.1482590842133393 158.50000000000003
decision_type=2 2 2 2 2 2 2 2 2 2
left_child=1 2 8 -4 9 6 -6 -7 -1 -2
right_child=4 -3 3 -5 5 7 -8 -9 -10 -11
leaf_value=0.030943891794458774 0.007808710288487457 0.023406510253851445 -0.00067355809530546739 -0.012034751353353171 0.055990895188168223 -0.014276926739573224 0.0088467979111198757 0.0034184911392110451 -0.0019918440267584943 -0.030181104131076761
leaf_weight=10.882591962814333 6.1022504121065166 10.085238635540007 138.16260004043579 109.6387884542346 6.869503632187846 29.157227896153927 15.560318797826765 306.36320842802525 11.643994837999342 11.62128299474716
leaf_count=48 30 51 654 541 29 174 74 1460 55 58
internal_value=-1.93551e-05 -0.00307731 -0.00406536 -0.00570028 0.00226319 0.00322199 0.0232855 0.00188073 0.0139194 -0.0171011
internal_weight=656.087 280.413 270.328 247.801 375.674 357.95 22.4298 335.52 22.5266 17.7235
internal_count=3174 1349 1298 1195 1825 1737 103 1634 103 88
is_linear=0
shrinkage=0.03


Tree=101
num_leaves=9
num_cat=0
split_feature=98 134 57 78 75 99 54 39
split_gain=5.02698 6.1185 8.64978 7.8867 5.86737 8.43588 6.01223 4.47327
threshold=0.015589519996778644 1405.0000000000002 1.3302469611246748 0.019970373681661706 0.60466557898226447 0.50021156270917222 0.036604928100504107 1.80969747846081
decision_type=2 2 2 2 2 2 2 2
left_child=7 2 -2 -4 6 -6 -3 -1
right_child=1 4 3 -5 5 -7 -8 -9
leaf_value=-0.0031160902164066042 -0.015627392735735619 -0.0099706857436056822 -0.0010921805613346622 0.034644010553453147 -0.0065525773372256775 0.015179026852233303 -0.00019705830216870616 -0.037065888552963944
leaf_weight=8.1709621250629407 7.1788223832845715 64.329032227396965 8.6497635319829005 15.549790441989897 24.379891239106655 47.202092871069908 474.26635723561049 6.1010700091719618
leaf_count=40 34 325 40 67 118 212 2296 42
internal_value=-1.93058e-05 0.000372441 0.0132918 0.0218707 -0.000291935 0.00777753 -0.00136441 -0.0176291
internal_weight=655.828 641.556 31.3784 24.1996 610.177 71.582 538.595 14.272
internal_count=3174 3092 141 107 2951 330 2621 82
is_linear=0
shrinkage=0.03


Tree=102
num_leaves=7
num_cat=0
split_feature=51 52 149 15 4 150
split_gain=5.03833 6.2466 6.02356 5.28501 12.1658 5.96688
threshold=45.000000000000007 13350.000000000002 18.500000000000004 -7.3920577810316486 40.173167632993611 0.10625249103228379
decision_type=2 2 2 2 2 2
left_child=2 3 -1 4 -2 -5
right_child=1 -3 -4 5 -6 -7
leaf_value=-0.033068254727751788 0.031802541872203945 0.023057029358399653 0.0063927774888563977 0.027742317904541697 -0.01693746800522352 -0.00082357780731490853
leaf_weight=8.8059222325682622 13.37610247731209 10.746555119752882 5.7577915489673606 6.65362524986267 7.032167673110961 603.19983234629035
leaf_count=50 57 46 27 30 32 2932
internal_value=-1.90866e-05 0.000377336 -0.0174673 -9.37399e-06 0.015008 -0.000511918
internal_weight=655.572 641.008 14.5637 630.262 20.4083 609.853
internal_count=3174 3097 77 3051 89 2962
is_linear=0
shrinkage=0.03


Tree=103
num_leaves=12
num_cat=0
split_feature=124 58 116 125 60 149 22 81 67 119 148
split_gain=5.0481 10.1918 8.90774 6.46507 6.38489 9.97353 6.22355 6.20199 7.91598 7.69604 5.80993
threshold=0.075700055152137194 1.4025646476110316 3.5000000000000004 0.27975087043625657 2.4433546712802676 26.500000000000004 2.6931772595210561 0.061061871621297052 6.0098039215686283 0.33964285714285719 4.5000000000000009
decision_type=2 2 2 2 2 2 2 2 2 2 2
left_child=1 -1 -3 7 5 -5 -4 9 -9 -2 -6
right_child=3 2 6 4 10 -7 -8 8 -10 -11 -12
leaf_value=0.01628888965677831 0.016343741938747752 0.015648990241500307 -0.0037984996818988316 0.015150726022736476 0.0094803592871061399 -0.026745673936124082 -0.027815070852380264 0.0054185540729809129 -0.025217486545077442 -0.0035166152500672268 -0.024178977541157311
leaf_weight=12.376299500465391 19.147894367575645 7.6827143132686606 14.913215652108191 17.003328777849678 5.6511710286140469 7.3131574317812911 27.837620228528976 298.67591452226043 7.7886425703763953 211.8157574236393 25.179467402398586
leaf_count=58 87 36 74 88 28 44 141 1417 44 1010 147
internal_value=-1.87618e-05 -0.0081059 -0.0140923 0.000838432 -0.00894373 0.00255043 -0.0194371 0.00184221 0.00463995 -0.0018701 -0.0180093
internal_weight=655.385 62.8098 50.4336 592.575 55.1471 24.3165 42.7508 537.428 306.465 230.964 30.8306
internal_count=3174 309 251 2865 307 132 215 2558 1461 1097 175
is_linear=0
shrinkage=0.03


Tree=104
num_leaves=12
num_cat=0
split_feature=87 45 116 18 25 46 52 81 45 135 59
split_gain=5.00856 7.51289 9.05653 9.6863 7.21076 6.99712 6.51339 6.20627 10.9171 7.78022 3.72455
threshold=338.50000000000006 0.57587878787878799 7.5000000000000009 0.1241640147491362 -3.2918555870383162 31.897368421052636 13350.000000000002 0.1022446551811889 0.40161290322580651 223.50000000000003 4.097418638034628
decision_type=2 2 2 2 2 2 2 2 2 2 2
left_child=1 5 3 -3 -4 -1 7 9 -9 -2 -7
right_child=6 2 4 -5 -6 10 -8 8 -10 -11 -12
leaf_value=0.013183320561028403 0.015266898776887498 -0.0052734735041097703 0.014813644073834821 0.04126277650950972 -0.020476263966675602 -0.016775128714512453 0.02563781871047642 -0.0074825567121650097 0.0092198473178555854 -0.0027497432983389449 -0.041146416778628493
leaf_weight=5.8736574798822394 22.955945312976837 7.6500871330499676 7.4994167834520367 8.496174752712248 17.077290594577789 24.080187968909744 9.4571386575698835 47.081777468323708 139.79794638603926 357.769202940166 7.3712141066789618
leaf_count=31 101 34 34 37 81 120 40 263 663 1732 38
internal_value=-1.89106e-05 -0.00715156 0.0017594 0.0192139 -0.00970779 -0.0168737 0.000945785 0.000534379 0.00501191 -0.00166342 -0.022487
internal_weight=655.11 78.048 40.723 16.1463 24.5767 37.3251 577.062 567.605 186.88 380.725 31.4514
internal_count=3174 375 186 71 115 189 2799 2759 926 1833 158
is_linear=0
shrinkage=0.03


Tree=105
num_leaves=8
num_cat=0
split_feature=136 53 52 0 53 148 4
split_gain=4.91074 5.62789 8.58182 7.42196 7.03674 9.69627 7.81364
threshold=1049.0000000000002 0.85248320980968317 7950.0000000000009 -0.069398942622340976 0.62901263895932824 14.500000000000002 19.802276535869868
decision_type=2 2 2 2 2 2 2
left_child=1 4 3 -3 6 -6 -1
right_child=-2 2 -4 -5 5 -7 -8
leaf_value=0.0089657404007097239 0.019140695829842153 0.01277304695129727 0.03540484886272198 -0.0058165911809928009 -0.030501844546926636 -0.002188220355080173 -0.0019148323990364096
leaf_weight=68.629534587264061 11.822386056184767 39.326822564005852 8.4932311773300153 38.013203576207161 17.221659693866968 29.588226929306984 441.73631829768419
leaf_count=313 56 174 38 187 92 142 2172
internal_value=-1.88873e-05 -0.000371156 0.00677963 0.0036361 -0.00147274 -0.012605 -0.000451708
internal_weight=654.831 643.009 85.8333 77.34 557.176 46.8099 510.366
internal_count=3174 3118 399 361 2719 234 2485
is_linear=0
shrinkage=0.03


Tree=106
num_leaves=9
num_cat=0
split_feature=24 50 128 23 101 63 39 68
split_gain=4.97269 6.28627 7.53562 9.05984 8.32067 6.85959 10.8801 9.77492
threshold=-0.10569367406074906 270.00000000000006 1.2653508678800021 -0.62157997293638589 0.15842750167904721 0.54964788732394376 4.2587448363181135 6.1038820992092022
decision_type=2 2 2 2 2 2 2 2
left_child=1 2 3 -1 -4 7 -7 -3
right_child=-2 5 4 -5 -6 6 -8 -9
leaf_value=-0.018397233582703808 0.025306978279741318 0.0060481592460026844 -0.023301616808087282 0.006673610498898465 0.019077206418849073 -0.0031290796929961434 0.029136348156675731 -0.019622351680903049
leaf_weight=53.331066831946373 6.9041190296411505 236.09439596533775 5.650756940245631 17.142350345849991 15.908621594309805 295.72670720145106 9.7148726135492307 14.150305479764937
leaf_count=269 31 1118 28 82 78 1446 48 74
internal_value=-1.86708e-05 -0.00028862 -0.00755081 -0.0122989 0.00796963 0.000914145 -0.00210285 0.0045966
internal_weight=654.623 647.719 92.0328 70.4734 21.5594 555.686 305.442 250.245
internal_count=3174 3143 457 351 106 2686 1494 1192
is_linear=0
shrinkage=0.03


Tree=107
num_leaves=11
num_cat=0
split_feature=101 101 127 55 50 81 2 137 121 60
split_gain=4.84334 5.3844 8.51604 10.9094 7.93023 6.52618 11.3727 7.56508 4.55969 0.166837
threshold=2.8744277633476769 2.1490629686548872 0.14099204411391056 0.1197945475898209 810.00000000000011 0.1022446551811889 67.252012167417064 6873.0000000000009 0.24279892994898597 2.1154450489001553
decision_type=2 2 2 2 2 2 2 2 2 2
left_child=1 5 3 -3 -4 7 -7 -1 -2 -10
right_child=8 2 4 -5 -6 6 -8 -9 9 -11
leaf_value=-0.00073657065008031031 0.0056341343922738903 -0.0071374151624785769 -0.023590318000588965 0.039183172846021963 0.016728348253597577 -0.030557139932938682 0.0056386349360404708 -0.011872951049777576 -0.028215490847202832 -0.037075499645351138
leaf_weight=342.31738902628422 4.3516197279095632 6.7711654156446484 9.1134522408247012 14.116091594099997 8.472020670771597 8.1510241478681547 188.13162749260664 65.38577613979578 3.6821128651499748 3.9806586503982544
leaf_count=1631 23 33 42 65 40 43 915 321 32 29
internal_value=-1.85968e-05 0.000334323 0.0112162 0.0241671 -0.0041663 -0.000358832 0.00413553 -0.00252258 -0.0188907 -0.0328181
internal_weight=654.473 642.459 38.4727 20.8873 17.5855 603.986 196.283 407.703 12.0144 7.66277
internal_count=3174 3090 180 98 82 2910 958 1952 84 61
is_linear=0
shrinkage=0.03


Tree=108
num_leaves=8
num_cat=0
split_feature=98 64 93 52 26 39 98
split_gain=4.80783 5.43916 10.2531 10.0594 7.94191 4.32049 2.27155
threshold=0.015589519996778644 0.14671180310515178 0.7248684385318469 13650.000000000002 -0.13209280476675567 1.80969747846081 0.34000281324849774
decision_type=2 2 2 2 2 2 2
left_child=5 2 -2 4 -3 -1 -4
right_child=1 3 6 -5 -6 -7 -8
leaf_value=-0.0031808232942383309 0.012040483126200032 8.1795185377361911e-06 -0.016511301341128222 0.03511204619062043 0.026804518759649409 -0.036799387942007461 -0.041427898062090351
leaf_weight=8.1695571690797788 8.1716361641883868 600.87287909537554 5.8254503309726697 7.6304172873497 10.122116655111311 5.9434515684843054 7.5747967883944511
leaf_count=40 36 2906 31 32 46 42 41
internal_value=-1.85717e-05 0.000363247 -0.0144449 0.000879616 0.000452104 -0.0173387 -0.030596
internal_weight=654.31 640.197 21.5719 618.625 610.995 14.113 13.4002
internal_count=3174 3092 108 2984 2952 82 72
is_linear=0
shrinkage=0.03


Tree=109
num_leaves=9
num_cat=0
split_feature=124 58 18 85 119 125 13 55
split_gain=4.81017 9.61627 8.14318 6.96779 5.97662 5.4975 7.43375 6.50857
threshold=0.075700055152137194 1.4025646476110316 -1.9377684815894243 1.0103230763395026 0.89431966246820138 0.27975087043625657 1.8925093970387161 0.030593149724239474
decision_type=2 2 2 2 2 2 2 2
left_child=1 -1 -3 -2 -4 6 -5 -7
right_child=3 2 4 5 -6 7 -8 -9
leaf_value=0.015707296463243214 0.02561589428752576 0.01614653732489893 -0.024479035802770156 -0.036888254553424302 0.0028687195443407188 0.016431086382412096 0.0016626390081244801 -0.01292472597732815
leaf_weight=12.409407481551169 10.02480538189411 7.0286989510059348 33.922304391860962 4.5408897995948783 9.1272009462118131 7.9529773741960517 522.31614756584167 46.779345914721489
leaf_count=58 43 32 173 22 46 40 2493 267
internal_value=-1.83712e-05 -0.00793429 -0.0137927 0.000817725 -0.0186809 0.000390281 0.00133038 -0.00865913
internal_weight=654.102 62.4876 50.0782 591.614 43.0495 581.589 526.857 54.7323
internal_count=3174 309 251 2865 219 2822 2515 307
is_linear=0
shrinkage=0.03


Tree=110
num_leaves=13
num_cat=0
split_feature=113 56 92 2 121 21 51 147 150 42 100 100
split_gain=4.76621 14.8542 12.2416 9.58874 8.69395 11.8471 8.58002 10.5423 7.73854 7.54251 6.81793 0.642433
threshold=1.3584594925743272 0.055462356671569193 3.8976095846183001 67.252012167417064 0.13211600429645545 5.240437597588353 435.00000000000006 -24.005290028087824 0.10625249103228379 2.8705455917046634 0.86440608341851954 0.64432942475231514
decision_type=2 2 2 2 2 2 2 2 2 2 2 2
left_child=1 2 -1 10 5 -5 7 -3 -6 -8 11 -2
right_child=3 6 -4 4 8 -7 9 -9 -10 -11 -12 -13
leaf_value=-0.0062211382270117742 -0.027201839864683278 -0.039875228491994097 0.039373819225577193 0.04594011377752142 0.035103945508731478 -0.0031838571474539553 -0.028887966076031529 -0.00089202664227337508 0.001010615168127406 0.0009535927607092139 0.00085132788069090641 -0.041887115893398413
leaf_weight=9.7137243896722811 4.9592605978250521 6.7038662433624259 11.662583395838736 9.4057031124830264 6.0719716250896445 8.3328386843204481 26.93239888548851 90.906996637582779 454.24002191796899 10.632063366472719 8.4398300349712354 5.8362123966217041
leaf_count=44 30 40 53 41 27 40 141 431 2203 55 39 30
internal_value=-1.8232e-05 -0.0045833 0.0186548 0.00141891 0.00225453 0.0228637 -0.00825811 -0.00356937 0.00146034 -0.0204418 -0.0193487 -0.0351409
internal_weight=653.837 156.552 21.3763 497.286 478.051 17.7385 135.175 97.6109 460.312 37.5645 19.2353 10.7955
internal_count=3174 764 97 2410 2311 81 667 471 2230 196 99 60
is_linear=0
shrinkage=0.03


Tree=111
num_leaves=8
num_cat=0
split_feature=144 76 36 65 36 105 19
split_gain=4.81712 6.86076 5.97905 11.8498 8.12045 3.67073 0.266668
threshold=11.080635144769284 0.072476697546283761 329.43333333333339 1.9074095764617693 194.88333333333341 0.054864086793599574 4.2268331100712926
decision_type=2 2 2 2 2 2 2
left_child=1 5 4 -4 -3 -1 -7
right_child=-2 2 3 -5 -6 6 -8
leaf_value=0.00025019586992398038 0.025703564370801193 0.0021260190783614677 0.013341584090959121 -0.0057096700514352085 -0.0054941071786889966 -0.03741464596755624 -0.026670319936898213
leaf_weight=4.5092158392071715 6.487649753689765 282.32325600087643 76.915701851248741 47.548073686659336 227.1126908287406 5.2057392150163633 3.461364321410656
leaf_count=26 33 1324 353 233 1139 35 31
internal_value=-1.84619e-05 -0.000276354 0.000169012 0.00606356 -0.00127113 -0.0217024 -0.0331237
internal_weight=653.564 647.076 633.9 124.464 509.436 13.1763 8.6671
internal_count=3174 3141 3049 586 2463 92 66
is_linear=0
shrinkage=0.03


Tree=112
num_leaves=15
num_cat=0
split_feature=87 45 116 39 63 82 110 15 53 136 63 1 121 11
split_gain=4.8443 7.09051 8.41197 9.58303 7.07707 6.7042 5.57158 9.78712 11.0951 8.47601 9.75456 8.29575 6.68959 3.47858
threshold=338.50000000000006 0.57587878787878799 7.5000000000000009 1.648060537014385 0.73235049833887056 4.643642985140608 6.5082634109666175 4.7622787694773079 0.20426326814446641 757.50000000000011 0.73024948024948033 62.345507568393288 0.16084956709956713 2.8758833802848995
decision_type=2 2 2 2 2 2 2 2 2 2 2 2 2 2
left_child=1 5 3 -3 -4 -1 7 12 -9 11 -11 -8 -2 -7
right_child=6 2 4 -5 -6 13 9 8 -10 10 -12 -13 -14 -15
leaf_value=0.0090355407542112385 0.013687778356908037 -0.0047523586645165398 -0.020499054853064032 0.041398621034155508 0.014192962791591214 -0.0041491547452703996 0.024311727786998454 0.0014945430226815885 0.055176474995793645 0.033431395720106484 -0.016008600143028965 -0.013554417569738271 0.00040728875015586143 -0.028548577819448202
leaf_weight=7.3795168548822394 37.012880258262157 8.0834566652774829 16.705364987254146 8.113931864500044 7.746174491941928 6.8352455943822887 5.6623845100402823 7.2984126508235914 6.5973718017339706 9.2542012408375722 5.8697539344429961 64.761246383190155 439.19337285682559 22.801211439073086
leaf_count=37 167 36 80 35 35 34 28 38 29 46 31 334 2126 118
internal_value=-1.82635e-05 -0.00705129 0.00159874 0.0183665 -0.00950873 -0.0165503 0.000930611 0.00216369 0.0269814 -0.00613371 0.0142433 -0.0105098 0.00143951 -0.0229212
internal_weight=653.315 77.6649 40.6489 16.1974 24.4515 37.016 575.65 490.102 13.8958 85.5476 15.124 70.4236 476.206 29.6365
internal_count=3174 375 186 71 115 189 2799 2360 67 439 77 362 2293 152
is_linear=0
shrinkage=0.03


Tree=113
num_leaves=9
num_cat=0
split_feature=84 113 56 10 2 51 121 100
split_gain=4.73195 5.07785 13.1061 12.2614 10.5379 8.82481 7.93481 5.15066
threshold=0.35131629345507998 1.3584594925743272 0.055462356671569193 -0.14774704298570859 67.252012167417064 435.00000000000006 0.13211600429645545 0.86440608341851954
decision_type=2 2 2 2 2 2 2 2
left_child=-1 2 3 -2 7 -4 -6 -3
right_child=1 4 5 -5 6 -7 -8 -9
leaf_value=0.026628345263779146 -0.0070009057042260915 -0.034710815372813376 -0.0037209013648850228 0.039082496722596581 0.021683049956333921 -0.021026447459426612 0.0013044898569302907 -0.002062052428255079
leaf_weight=5.9432303309440604 9.9397372454404849 10.609198980033399 95.855066023766994 10.888670951128004 17.867149278521538 36.664085455238819 457.91585483774543 7.3697798103094092
leaf_count=26 46 60 464 48 81 194 2221 34
internal_value=-1.84441e-05 -0.000263175 -0.00503179 0.0170906 0.00121781 -0.00850883 0.00206977 -0.0213277
internal_weight=653.053 647.11 153.348 20.8284 493.762 132.519 475.783 17.979
internal_count=3174 3148 752 94 2396 658 2302 94
is_linear=0
shrinkage=0.03


Tree=114
num_leaves=8
num_cat=0
split_feature=101 136 2 113 110 121 60
split_gain=4.68398 4.93049 5.58088 9.13246 8.01901 4.20913 0.164832
threshold=2.8744277633476769 1049.0000000000002 81.736694677871157 1.2766177487949377 1.3139191691033427 0.24279892994898597 2.1154450489001553
decision_type=2 2 2 2 2 2 2
left_child=1 2 4 -4 -1 -2 -7
right_child=5 -3 3 -5 -6 6 -8
leaf_value=0.011156667909518473 0.0045218953221683629 0.019728035943171084 -0.0072423473262676419 0.0047614727182851901 -0.0051713413207595668 -0.027877144382773302 -0.036817541381791427
leaf_weight=30.553500637412071 4.4036867022514325 11.576190754771231 70.987914867699146 290.34572043269873 237.47038874030113 3.5960514917969704 3.8355343639850616
leaf_count=145 23 54 350 1376 1165 32 29
internal_value=-1.83605e-05 0.000326967 -2.98893e-05 0.00240319 -0.00331002 -0.0187194 -0.0324914
internal_weight=652.769 640.934 629.358 361.334 268.024 11.8353 7.43159
internal_count=3174 3090 3036 1726 1310 84 61
is_linear=0
shrinkage=0.03


Tree=115
num_leaves=7
num_cat=0
split_feature=139 106 102 87 76 45
split_gain=4.68429 6.20258 5.95509 5.40684 7.5612 6.17005
threshold=418.00000000000006 0.289964330988355 0.14064115065067129 338.50000000000006 0.67117117117117131 0.57587878787878799
decision_type=2 2 2 2 2 2
left_child=2 -2 3 5 -5 -1
right_child=1 -3 -4 4 -6 -7
leaf_value=-0.016400487963129037 0.0024999151006910403 -0.030199666334885005 0.027555907471578413 0.00030493424731902033 0.015507418422446961 0.0007188347982328828
leaf_weight=35.906492866575718 10.348405361175539 10.53615543246269 7.2081996798515311 517.28068017959595 31.221689864993095 40.117816738784313
leaf_count=185 47 50 31 2540 137 184
internal_value=-1.81289e-05 -0.0139969 0.000443995 0.000131073 0.00117029 -0.00736667
internal_weight=652.619 20.8846 631.735 624.527 548.502 76.0243
internal_count=3174 97 3077 3046 2677 369
is_linear=0
shrinkage=0.03


Tree=116
num_leaves=8
num_cat=0
split_feature=24 50 4 124 106 106 20
split_gain=4.64109 5.90949 7.2092 10.1526 7.17704 10.0077 9.54701
threshold=-0.10569367406074906 270.00000000000006 20.680797571844789 0.63461342262168541 0.41026958713487677 0.39060167234572124 3.5306444016208496
decision_type=2 2 2 2 2 2 2
left_child=1 2 -1 -4 5 -3 -6
right_child=-2 4 3 -5 6 -7 -8
leaf_value=0.01899304564168838 0.024395698639209401 0.0026882332779396678 -0.016824277570189203 0.0061807658704050531 0.0062275924236926865 0.032338041745039327 -0.0075231870213181657
leaf_weight=8.4866140037775022 6.9336475729942313 327.44056651741266 58.512679450213909 24.492007561028004 65.004313781857491 10.576401263475416 150.99836770445108
leaf_count=38 31 1570 293 126 297 47 772
internal_value=-1.78226e-05 -0.000280056 -0.00734351 -0.0100362 0.000886409 0.00361596 -0.003385
internal_weight=652.445 645.511 91.4913 83.0047 554.02 338.017 216.003
internal_count=3174 3143 457 419 2686 1617 1069
is_linear=0
shrinkage=0.03


Tree=117
num_leaves=9
num_cat=0
split_feature=98 134 108 11 64 52 97 39
split_gain=4.60844 5.15976 9.48613 6.62559 6.2829 9.60534 6.87758 4.16653
threshold=0.015589519996778644 1405.0000000000002 0.45253684144437961 2.6687203843822025 0.14671180310515178 13650.000000000002 0.87797175582211662 1.80969747846081
decision_type=2 2 2 2 2 2 2 2
left_child=7 2 3 -2 6 -6 -3 -1
right_child=1 4 -4 -5 5 -7 -8 -9
leaf_value=-0.0032899875440179304 0.0010679523057162694 0.0055192992100952798 -0.019267554800107171 0.033029244383318494 -0.00014010594684576316 0.03370759598371606 -0.030866383870329174 -0.036584137510126874
leaf_weight=8.1672621220350248 9.4494245201349312 7.5894901603460339 6.7703650370240203 15.271120667457579 579.37750267237425 7.6452215313911429 12.176535129547117 5.7746769636869422
leaf_count=40 43 34 33 65 2817 32 68 42
internal_value=-1.76691e-05 0.000355029 0.0121952 0.020812 -0.000259446 0.000300717 -0.0168955 -0.0170802
internal_weight=652.222 638.28 31.4909 24.7205 606.789 587.023 19.766 13.9419
internal_count=3174 3092 141 108 2951 2849 102 82
is_linear=0
shrinkage=0.03


Tree=118
num_leaves=9
num_cat=0
split_feature=124 58 116 85 22 48 4 88
split_gain=4.60712 9.18489 8.32966 6.2978 5.90362 5.27188 6.6479 5.59912
threshold=0.075700055152137194 1.4025646476110316 3.5000000000000004 1.0103230763395026 2.6931772595210561 0.68897953091647834 23.805067089106704 982.00000000000011
decision_type=2 2 2 2 2 2 2 2
left_child=1 -1 -3 -2 -4 6 -5 -7
right_child=3 2 4 5 -6 7 -8 -9
leaf_value=0.015305532058458018 0.024426388332803649 0.015226736482271902 -0.0035501249647899961 0.008680241815394998 -0.027085961904764654 0.00050525006307704668 -0.018209581500969903 0.015247483167061883
leaf_weight=12.402133688330649 9.9827910512685758 7.6560221165418616 14.807789251208304 11.795427262783049 27.230600595474243 516.06926240772009 27.722384817898273 24.277303531765938
leaf_count=58 43 36 74 52 141 2522 131 117
internal_value=-1.75008e-05 -0.00779011 -0.013554 0.000800766 -0.0187956 0.000394033 -0.0101834 0.00116761
internal_weight=651.944 62.0965 49.6944 589.847 42.0384 579.864 39.5178 540.347
internal_count=3174 309 251 2865 215 2822 183 2639
is_linear=0
shrinkage=0.03


Tree=119
num_leaves=9
num_cat=0
split_feature=51 61 103 18 107 61 45 71
split_gain=4.57115 5.01453 9.26724 8.69191 7.84444 9.61412 5.64125 5.01
threshold=45.000000000000007 0.90877784740090939 0.17096284704544884 0.27780860440392496 1.0228842278210335 0.86192925192546743 0.5131670131670133 0.93954717286045897
decision_type=2 2 2 2 2 2 2 2
left_child=7 4 -3 -4 5 -2 -6 -1
right_child=1 2 3 -5 6 -7 -8 -9
leaf_value=0.0020029104156117764 0.0013307159618055142 0.029777492496880296 -0.018113477095595191 -0.00014831152544697782 -0.030174236177192029 0.020314748950100926 0.0018028357938056063 -0.033640616841121039
leaf_weight=6.7182864248752576 486.72927520424128 6.2575835287570944 42.501093000173569 56.405225582420826 11.797479674220087 25.254815101623535 8.5736764818429929 7.5236890017986298
leaf_count=35 2322 28 224 305 60 119 39 42
internal_value=-1.73342e-05 0.000358182 -0.0056281 -0.00786813 0.00154074 0.00226715 -0.0167159 -0.0168267
internal_weight=651.761 637.519 105.164 98.9063 532.355 511.984 20.3712 14.242
internal_count=3174 3097 557 529 2540 2441 99 77
is_linear=0
shrinkage=0.03


Tree=120
num_leaves=13
num_cat=0
split_feature=75 14 48 146 22 4 79 135 134 119 78 82
split_gain=4.51452 8.31616 8.3723 7.52676 11.4252 8.6581 6.48465 11.4765 7.29361 14.2923 8.59277 5.71731
threshold=0.56286107238923722 2.1705260906532735 1.0188295554927504 15.547515697244087 3.9641499520189258 54.709586209402921 6.118778613902494 254.50000000000003 244545.00000000003 0.7406873732522149 0.0071446072592885011 17.209846605007897
decision_type=2 2 2 2 2 2 2 2 2 2 2 2
left_child=6 2 -2 4 -3 -5 8 -8 10 -10 -1 -9
right_child=1 3 -4 5 -6 -7 7 11 9 -11 -12 -13
leaf_value=0.031286500119703665 0.04295257279284128 0.0011467521404759317 -0.00087707732007030889 -0.0056869742420201557 0.039963942330841183 0.018631842169912278 0.024240416444090855 -0.031766900610290638 -0.0055190487577589185 0.043739307185908516 -0.0013787763427219335 -0.0092287106929843012
leaf_weight=7.3819482773542395 9.5312179476022738 18.513412922620777 6.6654255688190451 83.451840780675411 10.808445557951925 15.646219998598097 8.2707030028104764 12.224716305732725 11.488063290715219 9.843922406435011 398.67121604830027 59.107956510037184
leaf_count=36 41 85 32 397 47 73 37 77 56 46 1934 313
internal_value=-1.72715e-05 0.00465819 0.0249153 0.00210332 0.0154553 -0.00184737 -0.00135093 -0.0092125 0.000113341 0.0172119 -0.00078493 -0.0130912
internal_weight=651.605 144.617 16.1966 128.42 29.3219 99.0981 506.989 79.6034 427.385 21.332 406.053 71.3327
internal_count=3174 675 73 602 132 470 2499 427 2072 102 1970 390
is_linear=0
shrinkage=0.03


Tree=121
num_leaves=15
num_cat=0
split_feature=36 23 72 102 88 42 58 138 124 58 9 99 101 22
split_gain=4.45409 11.5134 15.6615 10.5948 9.25169 7.48224 9.46166 8.31925 8.04698 7.89812 7.59623 7.43787 4.5332 4.20653
threshold=329.43333333333339 -1.1162242435241105 2.0422275973267161 0.015332056390708134 748.50000000000011 3.8990488810652488 2.9430604953836252 9439.0000000000018 0.5752535491303733 2.4540577405279351 7.0760160484095751 0.36971344039537274 0.51536992138067761 5.2834343240237098
decision_type=2 2 2 2 2 2 2 2 2 2 2 2 2 2
left_child=5 2 12 11 -4 7 13 10 -8 -9 -1 -3 -2 -7
right_child=1 3 4 -5 -6 6 8 9 -10 -11 -12 -13 -14 -15
leaf_value=0.0012006311331278197 0.051076657506945677 0.0021551861005304346 -0.00082697047625317026 0.027935963273226488 0.030940280145049133 -0.028170842118645525 -0.010291005701908546 0.00043044733062344895 0.032778082341088623 -0.017644713600181203 0.026160596857127981 -0.021410934262097177 0.021216366762370629 -0.0092305550846360166
leaf_weight=363.95035452395678 9.5191495716571826 22.470729693770409 46.486557774245739 7.4522640705108634 10.031453892588614 21.409876927733421 9.0401975959539396 44.849938832223415 6.8723672106862059 42.255858208984137 11.314842730760573 26.000502996146679 8.8110664561390859 20.812276512384415
leaf_count=1726 41 118 219 33 45 117 47 225 33 223 60 132 39 116
internal_value=-1.73947e-05 0.00493224 0.0126266 -0.00536591 0.00481144 -0.00126094 -0.0114048 1.44607e-05 0.0083098 -0.00833799 0.00195321 -0.0104859 0.0367233 -0.0188347
internal_weight=651.277 130.772 74.8482 55.9235 56.518 520.506 58.1347 462.371 15.9126 87.1058 375.265 48.4712 18.3302 42.2222
internal_count=3174 627 344 283 264 2547 313 2234 80 448 1786 250 80 233
is_linear=0
shrinkage=0.03


Tree=122
num_leaves=9
num_cat=0
split_feature=101 101 69 39 81 2 137 97
split_gain=4.43063 4.71293 8.13214 10.7146 6.48181 10.164 7.05114 3.71674
threshold=2.8744277633476769 2.1490629686548872 4.5542556971088066 2.0672568629898067 0.1022446551811889 67.252012167417064 6873.0000000000009 1.4621987973224979
decision_type=2 2 2 2 2 2 2 2
left_child=1 4 3 -3 6 -6 -1 -2
right_child=7 2 -4 -5 5 -7 -8 -9
leaf_value=-0.00077378569353881582 -0.0019134853416914737 -0.01470204400551754 0.030958282736153316 0.024072464926046335 -0.02939226729236466 0.0055518334123999891 -0.011572137653817836 -0.035867952473878022
leaf_weight=340.78720080852509 5.9830920919775945 15.632042095065119 12.017553150653837 10.876737251877783 7.8032259345054618 187.41551618278027 64.766736112535 5.6331427507102489
leaf_count=1631 36 76 53 51 43 915 321 48
internal_value=-1.76502e-05 0.000315985 0.0104876 0.00120741 -0.000336301 0.00415506 -0.00249828 -0.0183793
internal_weight=650.915 639.299 38.5263 26.5088 600.773 195.219 405.554 11.6162
internal_count=3174 3090 180 127 2910 958 1952 84
is_linear=0
shrinkage=0.03


Tree=123
num_leaves=7
num_cat=0
split_feature=24 50 118 17 84 98
split_gain=4.41406 5.55466 7.28259 7.37914 6.97912 6.68021
threshold=-0.10569367406074906 270.00000000000006 0.13883818140931523 0.41357319202414461 0.39998011553061363 0.02060853667402476
decision_type=2 2 2 2 2 2
left_child=1 2 -1 -4 -3 -6
right_child=-2 4 3 -5 5 -7
leaf_value=0.0264045029871126 0.023778522073898883 0.025669942393119125 0.017297491281873092 -0.012207521614761348 -0.020565664744303703 0.00092715619938839604
leaf_weight=5.474211871623992 6.940840318799018 10.016929075121878 8.4667249172925931 77.08537919074297 13.343090415000914 529.39135701581836
leaf_count=26 31 43 38 393 79 2564
internal_value=-1.75631e-05 -0.000274119 -0.00714106 -0.00928754 0.00085672 0.000398757
internal_weight=650.719 643.778 91.0263 85.5521 552.751 542.734
internal_count=3174 3143 457 431 2686 2643
is_linear=0
shrinkage=0.03


Tree=124
num_leaves=13
num_cat=0
split_feature=87 45 61 49 81 45 63 135 100 12 82 138
split_gain=4.42839 6.61851 7.71556 6.71068 5.40831 9.62285 10.6183 7.9332 7.30703 7.72543 5.29496 3.46076
threshold=339.50000000000006 0.57587878787878799 0.80111474034341212 99000.000000000015 0.1022446551811889 0.40161290322580651 0.60289658057095064 429.50000000000006 1.3201181644426578 4.156563205152926 4.643642985140608 5144.5000000000009
decision_type=2 2 2 2 2 2 2 2 2 2 2 2
left_child=1 10 3 -3 8 7 -7 -6 9 -2 -1 -12
right_child=4 2 -4 -5 5 6 -8 -9 -10 -11 11 -13
leaf_value=0.0064469694491527301 0.0040774219243825084 0.017255373678000174 -0.018707677346514986 -0.016960105099883119 0.0091405935737513162 0.015951796779541946 -0.00071083477046184128 -0.016352962442941522 0.024864881687957863 -0.0049750701729630448 -0.013079033281404065 -0.033765463379900329
leaf_weight=7.7580985575914374 130.65941230207682 23.420157924294475 12.037640109658239 6.6164518594741812 17.651139937341213 82.202727876603603 59.213983617722988 29.092277646064758 9.4839367121458036 241.976028829813 18.262732274830345 12.101520106196402
leaf_count=39 598 105 58 30 91 382 288 173 45 1207 94 64
internal_value=-1.72718e-05 -0.00661804 0.00158557 0.0097184 0.000910974 0.00507433 0.00897482 -0.00672615 -0.00113911 -0.00180094 -0.0156721 -0.0213235
internal_weight=650.476 80.1966 42.0742 30.0366 570.28 188.16 141.417 46.7434 382.119 372.635 38.1224 30.3643
internal_count=3174 390 193 135 2784 934 670 264 1850 1805 197 158
is_linear=0
shrinkage=0.03


Tree=125
num_leaves=13
num_cat=0
split_feature=71 51 12 134 103 10 146 36 42 95 65 76
split_gain=4.32866 6.48132 13.4466 12.7764 10.7829 6.18147 12.5535 6.21132 6.12172 6.58054 3.89561 0.251899
threshold=1.1650087590382259 105.00000000000001 4.6069865187993804 3081.0000000000005 0.26948230349183155 -2.5377696111772283 17.762145635717829 329.43333333333339 1.1397906531514621 3.7316901863397698 1.185340174431756 0.194537658463833
decision_type=2 2 2 2 2 2 2 2 2 2 2 2
left_child=8 2 3 -2 -4 6 -3 -7 9 -1 -10 -12
right_child=1 5 4 -5 -6 7 -8 -9 10 -11 11 -13
leaf_value=-0.013344963091290104 -0.01551954766309859 0.046644637200775593 0.026537172117129294 0.022746797708149125 -0.014669071544098146 -0.0035822271642576412 0.0030211948894032577 0.0046656769047914619 -0.0035837822540306461 0.02670131919938588 -0.030153325218528509 -0.039737514208924532
leaf_weight=9.4752472490072268 9.3439597785472852 7.0444878786802283 7.1070234403014174 49.202813811600208 29.190239496529102 374.41711005568504 37.763667814433575 105.28158202767372 5.2555801942944518 6.0516538843512526 4.4359947741031629 5.5634382218122482
leaf_count=45 42 30 33 223 154 1846 180 497 28 34 31 31
internal_value=-1.73673e-05 0.000528361 0.00774534 0.0166396 -0.00660087 -0.00077665 0.00987943 -0.00177202 -0.0109977 0.00226319 -0.024495 -0.0354857
internal_weight=650.133 619.351 94.844 58.5468 36.2973 524.507 44.8082 479.699 30.7819 15.5269 15.255 9.99943
internal_count=3174 3005 452 265 187 2553 210 2343 169 79 90 62
is_linear=0
shrinkage=0.03


Tree=126
num_leaves=8
num_cat=0
split_feature=139 106 101 134 156 108 57
split_gain=4.46768 5.88325 5.40004 5.05338 12.7607 5.87499 5.01258
threshold=418.00000000000006 0.289964330988355 2.8744277633476769 1405.0000000000002 1.0000000180025095e-35 0.1594607819324427 3.7302560578689548
decision_type=2 2 2 2 2 2 2
left_child=2 -2 3 4 -1 -5 -4
right_child=1 -3 6 5 -6 -7 -8
leaf_value=0.048952277167210838 0.0023071777799789635 -0.029653282466121329 -0.036169686202887692 -0.0031522607998272314 0.0030885882944323324 0.0028975825634007233 0.0049443384628335913
leaf_weight=6.740077704191207 10.337487176060678 10.397204026579855 6.8633302524685842 265.53506904095411 28.743947438895702 316.84405087679625 4.3669657334685326
leaf_count=28 47 50 56 1297 138 1531 27
internal_value=-1.74618e-05 -0.0137191 0.000434138 0.000808863 0.0118003 0.000139164 -0.0201823
internal_weight=649.828 20.7347 629.093 617.863 35.484 582.379 11.2303
internal_count=3174 97 3077 2994 166 2828 83
is_linear=0
shrinkage=0.03


Tree=127
num_leaves=13
num_cat=0
split_feature=75 99 18 162 124 83 70 61 109 61 29 68
split_gain=4.31412 9.21048 9.28682 7.51573 7.23635 7.1406 7.13143 6.72356 6.52149 6.27877 5.01182 2.62169
threshold=0.51923193008694135 0.56146165672053439 3.0331859040555105 1.0000000180025095e-35 0.093258700873336112 2.4040973980310905 4.1433238127717127 0.87417576047418233 0.046057154084473251 0.60636974789915976 1.900835135358838 2.1682389937106925
decision_type=2 2 2 2 2 2 2 2 2 2 2 2
left_child=1 4 10 9 7 -5 -6 -1 -7 -2 -3 -11
right_child=3 2 -4 5 6 8 -8 -9 -10 11 -12 -13
leaf_value=-0.0067427551162730758 0.0035683506365033458 -0.027075565676658812 0.01178382857331743 0.027994151621792918 -0.0016278592713577158 0.014763803424463534 0.009365655924120881 -0.040086130219739571 0.0012043015316505186 -0.014184577089975555 0.00030975519410868615 -0.039603498903227646
leaf_weight=26.994411200284958 12.098918408155443 29.439727954566479 9.4911178648471815 10.882647708058355 203.55778051167727 37.375726334750652 71.851657822728157 6.817367658019065 218.81064231693745 8.1437878459691984 7.5588058531284323 6.6206476539373389
leaf_count=136 55 158 49 47 1016 175 354 39 1038 38 36 33
internal_value=-1.72553e-05 -0.00223957 -0.0146896 0.00267214 -0.000367776 0.00419357 0.00124024 -0.0134657 0.00318253 -0.0124535 -0.0214807 -0.0255829
internal_weight=649.643 355.711 46.4897 293.932 309.221 267.069 275.409 33.8118 256.186 26.8634 36.9985 14.7644
internal_count=3174 1788 243 1386 1545 1260 1370 175 1213 126 194 71
is_linear=0
shrinkage=0.03


Tree=128
num_leaves=7
num_cat=0
split_feature=144 76 130 70 105 90
split_gain=4.26718 6.20446 5.23704 6.35412 3.63063 0.247843
threshold=11.080635144769284 0.072476697546283761 0.35594406133118534 1.3676716539928477 0.054864086793599574 2.8670028533597125
decision_type=2 2 2 2 2 2
left_child=1 4 3 -3 -1 -6
right_child=-2 2 -4 -5 5 -7
leaf_value=0.00088195645527686377 0.024063945736035756 -0.023189847200086947 0.026886230559926047 0.00027372632321169831 -0.0370069249245564 -0.026436662702460142
leaf_weight=4.4430330023169509 6.5556804463267317 10.56649938225746 6.5282963365316382 613.03656953200698 4.9336205720901471 3.3533383905887604
leaf_count=26 33 58 29 2962 35 31
internal_value=-1.73465e-05 -0.000262919 0.000155983 -0.000123847 -0.0209985 -0.0327296
internal_weight=649.417 642.861 630.131 623.603 12.73 8.28696
internal_count=3174 3141 3049 3020 92 66
is_linear=0
shrinkage=0.03


Tree=129
num_leaves=8
num_cat=0
split_feature=139 106 101 98 134 81 45
split_gain=4.23934 5.59067 5.11964 4.95847 8.01802 5.13431 4.30271
threshold=418.00000000000006 0.289964330988355 2.8744277633476769 0.015589519996778644 1405.0000000000002 0.082764941191268135 0.52667140825035574
decision_type=2 2 2 2 2 2 2
left_child=2 -2 3 5 -5 -1 -4
right_child=1 -3 6 4 -6 -7 -8
leaf_value=-0.035759631950016586 0.0021614798126083027 -0.029079830655675779 -0.036108251864926541 0.016654981661488488 0.00040682944282226279 0.0019862495763286227 0.0017083227055212397
leaf_weight=6.7248471826314908 10.348540499806406 10.272637277841566 6.2881766669452173 28.695810779929161 575.93779589980841 6.2646171003580093 4.755747102200985
leaf_count=40 47 50 54 126 2790 38 29
internal_value=-1.70763e-05 -0.0134017 0.000421958 0.000783976 0.00117796 -0.0175554 -0.0198236
internal_weight=649.288 20.6212 628.667 617.623 604.634 12.9895 11.0439
internal_count=3174 97 3077 2994 2916 78 83
is_linear=0
shrinkage=0.03


Tree=130
num_leaves=13
num_cat=0
split_feature=87 45 116 29 63 46 81 2 97 100 12 135
split_gain=4.19739 6.24934 8.32622 7.38184 6.69417 6.12807 5.08778 8.8723 9.86388 6.86797 7.17413 4.55583
threshold=339.50000000000006 0.57587878787878799 7.5000000000000009 1.6924602620676397 0.73235049833887056 31.897368421052636 0.1022446551811889 67.252012167417064 7.7666113849295844 1.3201181644426578 4.156563205152926 266.50000000000006
decision_type=2 2 2 2 2 2 2 2 2 2 2 2
left_child=1 5 3 -3 -4 -1 9 -8 -9 10 -2 -7
right_child=6 2 4 -5 -6 11 7 8 -10 -11 -12 -13
leaf_value=0.012770244635957604 0.0039105502562614856 0.038585786082068266 -0.01978987020452621 -0.0010908495231265558 0.013762002510066693 -0.0048372590899278169 -0.028259494091327154 0.0041688144598290349 0.030287845795481105 0.024077505118188899 -0.0048178948264562642 -0.028709410869160908
leaf_weight=5.9025456085801116 130.7063394933939 8.0425111353397387 17.381694205105308 8.8799008280038816 7.7328263446688643 10.962103739380838 6.9817974418401709 166.91635802015662 14.113245002925394 9.5039616897702199 241.0383045040071 20.93663876503706
leaf_count=32 598 34 84 40 35 55 38 831 65 45 1207 110
internal_value=-1.69177e-05 -0.00645869 0.00150053 0.0177658 -0.00945916 -0.0153097 0.000886536 0.00492524 0.00620508 -0.00110514 -0.00174895 -0.0205057
internal_weight=649.098 79.8382 42.0369 16.9224 25.1145 37.8013 569.26 188.011 181.03 381.249 371.745 31.8987
internal_count=3174 390 193 74 119 197 2784 934 896 1850 1805 165
is_linear=0
shrinkage=0.03


Tree=131
num_leaves=8
num_cat=0
split_feature=24 50 112 49 106 106 20
split_gain=4.15471 5.25374 7.31587 7.78139 6.53177 8.93022 8.54827
threshold=-0.10569367406074906 270.00000000000006 7.6937246150897698 99000.000000000015 0.41026958713487677 0.39060167234572124 3.5306444016208496
decision_type=2 2 2 2 2 2 2
left_child=1 2 3 -1 5 -3 -6
right_child=-2 4 -4 -5 6 -7 -8
leaf_value=-0.014380174224804363 0.023019722296469286 0.0025550769539417167 0.02236675851738236 0.0075640856113082687 0.0058261923773930474 0.030477756727894906 -0.0072101957917179646
leaf_weight=64.685803405940533 6.9703172147274008 326.29655286669731 7.0557489469647399 18.761144489049911 64.94222503900528 10.644671678543089 149.44096621870995
leaf_count=325 31 1570 41 91 297 47 772
internal_value=-1.69659e-05 -0.000267147 -0.00696629 -0.00944651 0.000832551 0.00343721 -0.00326114
internal_weight=648.797 641.827 90.5027 83.4469 551.324 336.941 214.383
internal_count=3174 3143 457 416 2686 1617 1069
is_linear=0
shrinkage=0.03


Tree=132
num_leaves=10
num_cat=0
split_feature=124 143 56 1 85 48 86 45 116
split_gain=4.15125 7.59125 9.01622 6.59126 5.6817 5.023 11.5581 6.8464 4.58215
threshold=0.075700055152137194 2.1416739458382614 0.51254276930378118 81.169282044160539 1.0103230763395026 0.68897953091647834 5395.0000000000009 0.79361054766734285 4.5000000000000009
decision_type=2 2 2 2 2 2 2 2 2
left_child=1 8 3 -3 -2 6 -6 -7 -1
right_child=4 2 -4 -5 5 7 -8 -9 -10
leaf_value=-0.0062303158915334306 0.023302291160478449 -0.020644056598867942 0.02363267637922882 0.0069121776783138177 0.022889533372188867 0.00052302060768124356 -0.018056246037774389 0.020048807985374124 -0.035866839061527322
leaf_weight=8.2449697852134722 9.8925183862447721 17.519409202039245 10.584397234022616 14.099185816943644 7.726369433104991 521.45117918401957 31.500791728496552 16.678668826818466 10.905647151172159
leaf_count=37 43 95 54 68 34 2565 149 74 55
internal_value=-1.67982e-05 -0.00744207 -0.000333577 -0.00835634 0.000758966 0.000372705 -0.00999137 0.0011282 -0.0231073
internal_weight=648.603 61.3536 42.203 31.6186 587.25 577.357 39.2272 538.13 19.1506
internal_count=3174 309 217 163 2865 2822 183 2639 92
is_linear=0
shrinkage=0.03


Tree=133
num_leaves=9
num_cat=0
split_feature=51 71 59 15 59 53 47 136
split_gain=4.1111 4.79404 4.36263 7.3346 6.74314 5.53956 8.27387 8.04615
threshold=45.000000000000007 0.93954717286045897 7.1538516322344945 1.547663459527985 8.1520668336087727 0.86494467913339113 12.500000000000002 1049.0000000000002
decision_type=2 2 2 2 2 2 2 2
left_child=1 -1 5 4 -4 7 -7 -2
right_child=2 -3 3 -5 -6 6 -8 -9
leaf_value=0.0022638424229783254 -0.00061377473272420258 -0.032935723135105663 -0.038039191585051917 0.017471357656363776 -0.005509172184836807 0.012162694116121205 -0.020033511292045631 0.030725742560650873
leaf_weight=6.6667769178748113 523.08709456026554 7.2903803288936615 9.5049638226628357 6.5220756456255904 14.459479764103888 65.317455917596817 8.0712667256593686 7.4784369617700568
leaf_count=35 2556 42 57 33 78 295 43 35
internal_value=-1.67019e-05 -0.0161223 0.000337607 -0.010735 -0.0184115 0.00089653 0.00862177 -0.000172037
internal_weight=648.398 13.9572 634.441 30.4865 23.9644 603.954 73.3887 530.566
internal_count=3174 77 3097 168 135 2929 338 2591
is_linear=0
shrinkage=0.03


Tree=134
num_leaves=10
num_cat=0
split_feature=139 27 19 139 26 86 123 36 138
split_gain=4.07399 6.07304 6.72705 5.4956 18.0773 13.6083 9.28554 8.12943 7.72816
threshold=403.50000000000006 1.2964184283407085 2.9630890357214232 277.50000000000006 -0.79703293527486185 26635.000000000004 0.012962939756834825 328.29166666666674 2548.0000000000005
decision_type=2 2 2 2 2 2 2 2 2
left_child=3 2 -2 6 5 -5 8 -8 -1
right_child=1 -3 -4 4 -6 -7 7 -9 -10
leaf_value=0.00408370364738496 0.022333561385552706 -0.030108127775814477 -0.018497589925790373 0.0070724604528135566 -0.023857149714473478 0.056281134325210591 -0.00096702254292032859 0.008090551776713464 -0.023083789517527539
leaf_weight=14.324793837964533 6.7278147935867327 9.9304880201816541 7.8906174749135971 11.710221096873289 8.4130273312330228 8.9032305628061277 440.96518342196941 111.79141988232732 27.543016791343689
leaf_count=67 31 47 38 52 41 39 2182 540 137
internal_value=-1.66069e-05 -0.0120042 0.000294057 0.000455263 0.0132015 0.0283264 -0.000166942 0.000864813 -0.0137886
internal_weight=648.2 24.5489 14.6184 623.651 29.0265 20.6135 594.624 552.757 41.8678
internal_count=3174 116 69 3058 132 91 2926 2722 204
is_linear=0
shrinkage=0.03


Tree=135
num_leaves=13
num_cat=0
split_feature=71 146 143 51 46 55 87 10 146 68 139 94
split_gain=4.03204 6.02334 9.5826 5.97248 12.6924 9.07449 6.08426 5.69353 11.7449 5.55806 4.1702 2.05092
threshold=1.1650087590382259 24.239356838423607 3.6610704049139211 105.00000000000001 52.612500000000004 0.11698164961081055 384.50000000000006 -2.5377696111772283 17.762145635717829 0.58753961854982217 44.500000000000007 2.1761816681202313
decision_type=2 2 2 2 2 2 2 2 2 2 2 2
left_child=1 2 10 4 6 -6 -2 8 -5 -9 -1 -3
right_child=3 11 -4 7 5 -7 -8 9 -10 -11 -12 -13
leaf_value=-0.031430320422215677 0.011356250422294611 -0.011754792880200019 0.029725256683079633 0.04491184152656353 -0.005430375827213528 0.019119227101033393 -0.024133487003299436 -0.025601345488086867 0.002821506570901158 -0.0012685201040970168 0.0024432913803510009 -0.038437289955525873
leaf_weight=6.8461730927228981 6.2335231155157116 4.1632582023739797 6.3201792985200873 7.0866719633340827 17.838580824434757 56.381536334753036 14.369569696485994 8.6034163609147054 37.749870434403419 469.27651722356677 6.2635991126298904 6.8722041174769402
leaf_count=36 30 27 32 30 87 254 81 44 180 2299 31 43
internal_value=-1.65858e-05 -0.0106708 -0.000617843 0.000509027 0.00743597 0.0132188 -0.013396 -0.000747554 0.00947412 -0.00170659 -0.0152462 -0.028371
internal_weight=648.005 30.4654 19.43 617.54 94.8232 74.2201 20.6031 522.716 44.8365 477.88 13.1098 11.0355
internal_count=3174 169 99 3005 452 341 111 2553 210 2343 67 70
is_linear=0
shrinkage=0.03


Tree=136
num_leaves=7
num_cat=0
split_feature=64 52 113 24 26 61
split_gain=4.11476 8.38258 6.3676 6.2077 6.01243 2.90883
threshold=0.14671180310515178 13650.000000000002 0.79012902017953202 -0.10569367406074906 -0.13209280476675567 0.67907837906037261
decision_type=2 2 2 2 2 2
left_child=2 3 -1 4 -2 -4
right_child=1 -3 5 -5 -6 -7
leaf_value=0.01320770338550652 -0.00066132768362316921 0.031667245975543018 -0.033954192811172727 0.029788223033077134 0.022022081427529226 -0.0072386663101011934
leaf_weight=5.9971210807561901 601.81335433200002 7.6345524191856375 9.1710070446133596 6.2488630861043921 10.703661054372786 6.1129651740193358
leaf_count=27 2956 32 48 27 49 35
internal_value=-1.66854e-05 0.000424056 -0.0129897 3.85664e-05 -0.000264938 -0.0232691
internal_weight=647.682 626.4 21.2811 618.766 612.517 15.284
internal_count=3174 3064 110 3032 3005 83
is_linear=0
shrinkage=0.03


Tree=137
num_leaves=13
num_cat=0
split_feature=75 99 18 41 136 20 62 58 41 97 162 29
split_gain=4.01488 8.68522 8.7533 8.14267 6.85507 7.75995 6.78201 8.39607 7.17018 6.65561 6.99987 4.75603
threshold=0.51923193008694135 0.56146165672053439 3.0331859040555105 0.41158789025153542 972.00000000000011 5.7537354459501566 0.41942798624826277 1.735343434651538 0.29666245574058198 0.3610063273660169 1.0000000180025095e-35 1.900835135358838
decision_type=2 2 2 2 2 2 2 2 2 2 2 2
left_child=1 6 11 9 5 -5 8 -8 -1 -2 -11 -3
right_child=3 2 -4 4 -6 -7 7 -9 -10 10 -12 -13
leaf_value=0.0038508922041066537 0.024568769329131865 -0.026544943648523649 0.011299152377480122 0.0074546533955047048 0.03250820740207741 -0.010185258976197115 0.015126197361574821 -0.00016441328485536439 -0.011648111480246753 -0.030015433220083824 -0.0035806799792464511 0.00023267509856654621
leaf_weight=42.008703239262104 6.6714552491903296 28.928090013563633 9.5105505734682065 158.75515440106392 8.5039485991001111 26.140032324939966 41.148040041327477 150.64168958738446 74.51328356564045 10.112943574786184 83.064471706748009 7.521752029657363
leaf_count=214 30 158 49 727 39 142 195 759 377 49 399 36
internal_value=-1.63668e-05 -0.00216558 -0.0143315 0.00258009 0.00617205 0.00496077 -0.000351988 0.00311615 -0.00606038 -0.00437724 -0.00644976 -0.0210191
internal_weight=647.52 354.272 45.9604 293.248 193.399 184.895 308.312 191.79 116.522 99.8489 93.1774 36.4498
internal_count=3174 1788 243 1386 908 869 1545 954 591 478 448 194
is_linear=0
shrinkage=0.03


Tree=138
num_leaves=7
num_cat=0
split_feature=98 144 76 42 39 105
split_gain=3.98021 4.55728 5.35553 4.74237 4.05515 3.4325
threshold=0.015589519996778644 11.080635144769284 0.072476697546283761 4.4024512609074042 1.80969747846081 0.054864086793599574
decision_type=2 2 2 2 2 2
left_child=4 2 5 -4 -1 -2
right_child=1 -3 3 -5 -6 -7
leaf_value=-0.0026031703234216225 0.0010509191666426099 0.025652879869562061 0.0011848519858251897 -0.0090602465504342443 -0.036124955995900196 -0.032302915302251253
leaf_weight=8.0420290827751142 4.425190255045889 6.3306670933961859 571.77316286042333 43.776957377791405 5.4481104165315619 7.4552517384290695
leaf_count=40 26 31 2735 240 42 60
internal_value=-1.65113e-05 0.000326717 7.11803e-05 0.000456237 -0.0161412 -0.0198794
internal_weight=647.251 633.761 627.431 615.55 13.4901 11.8804
internal_count=3174 3092 3061 2975 82 86
is_linear=0
shrinkage=0.03


Tree=139
num_leaves=15
num_cat=0
split_feature=87 45 116 143 63 46 102 110 86 121 119 26 139 53
split_gain=4.02409 5.89371 7.66529 7.1258 6.30968 5.83888 4.92599 9.45274 12.9914 9.52212 7.42085 12.1658 7.51204 4.79206
threshold=339.50000000000006 0.57587878787878799 7.5000000000000009 2.298909039843815 0.73235049833887056 31.897368421052636 0.0067590232169155934 1.3781356451734101 5503.5000000000009 0.090205479452054801 0.76029373410706147 -1.4219614940765648 277.50000000000006 0.20185901936901865
decision_type=2 2 2 2 2 2 2 2 2 2 2 2 2 2
left_child=1 5 3 -3 -4 -1 10 8 -8 -9 12 -12 -2 -7
right_child=6 2 4 -5 -6 13 7 9 -10 -11 11 -13 -14 -15
leaf_value=0.012348251232646029 -0.008973101047295283 -0.0028417543213557547 -0.019294652649272711 0.036096836253950999 0.013321892261572517 -0.033845523824572316 0.0064467993147730275 0.028836039473153226 0.051539374209526444 0.00068137379664538007 -0.010261448503899479 0.012345585248826573 0.010062830158153766 -0.010160751923023846
leaf_weight=5.9214294329285613 133.6435476988554 8.3113729208707827 17.214592307806019 8.6130547821521741 7.7370721548795691 13.263980738818647 18.684094145894054 11.244939669966696 8.3068151921033841 280.31264978647232 33.102183736860752 60.725540660321712 21.684761226177216 18.289247691631317
leaf_count=32 683 37 84 37 35 73 86 49 36 1342 175 311 102 92
internal_value=-1.63274e-05 -0.00634438 0.00139001 0.0169746 -0.00918084 -0.0149872 0.000868175 0.00333964 0.0203246 0.00176726 -0.00229162 0.00436988 -0.00631557 -0.0201171
internal_weight=647.055 79.3508 41.8761 16.9244 24.9517 37.4747 567.705 318.548 26.9909 291.558 249.156 93.8277 155.328 31.5532
internal_count=3174 390 193 74 119 197 2784 1513 122 1391 1271 486 785 165
is_linear=0
shrinkage=0.03


Tree=140
num_leaves=10
num_cat=0
split_feature=139 106 139 118 149 123 36 36 55
split_gain=3.99962 6.29446 4.89819 15.518 11.11 8.78893 7.71305 6.54856 2.95916
threshold=403.50000000000006 0.289964330988355 277.50000000000006 0.60032487574832871 11.500000000000002 0.012962939756834825 329.43333333333339 151.58333333333334 0.24654975724076403
decision_type=2 2 2 2 2 2 2 2 2
left_child=2 -2 5 4 -4 7 -7 -1 -3
right_child=1 8 3 -5 -6 6 -8 -9 -10
leaf_value=0.0050930378113316424 0.0035526651630793191 -0.042272562524025288 0.060493737808258494 -0.01394578664359248 0.011208846113245628 -0.0009042059060785215 0.0079813081129099708 -0.021100256442310419 -0.012968604894656122
leaf_weight=12.136753574013708 12.036901742219927 5.9041871130466443 6.7963621467351976 11.857802867889403 10.439853355288504 441.83975747227669 109.7658510170877 29.397787116467953 6.5332504063844681
leaf_count=57 55 30 29 55 48 2192 530 147 31
internal_value=-1.65244e-05 -0.0119124 0.000451378 0.0124696 0.0306422 -0.000138124 0.000863952 -0.0134463 -0.0268795
internal_weight=646.709 24.4743 622.234 29.094 17.2362 593.14 551.606 41.5345 12.4374
internal_count=3174 116 3058 132 77 2926 2722 204 61
is_linear=0
shrinkage=0.03


Tree=141
num_leaves=15
num_cat=0
split_feature=113 2 67 107 67 86 132 145 105 120 63 108 100 100
split_gain=3.92627 8.26023 7.56138 11.4958 11.375 8.87642 9.69069 8.77459 7.03166 8.96577 6.25364 6.18847 5.92555 0.665435
threshold=1.3584594925743272 67.252012167417064 2.2165418430478678 0.30580159536725221 2.7168690958164645 9831.5000000000018 1.4883849955894821 1.3435947633800696 0.029327197636820335 0.74332264957264971 0.31427015250544671 0.1594607819324427 0.86440608341851954 0.64432942475231514
decision_type=2 2 2 2 2 2 2 2 2 2 2 2 2 2
left_child=2 12 5 4 -4 7 -7 -1 9 -3 -5 -10 13 -2
right_child=1 8 3 10 -6 6 -8 -9 11 -11 -12 -13 -14 -15
leaf_value=-0.0060371839608602904 -0.025454676385259972 0.033612265874898531 0.032951037081538029 0.013964939583658013 0.0010909979518851068 -0.019533084246822915 0.016379151366285205 0.034364099364698815 -0.0026547099235456873 -0.0045698866905169626 -0.024938734343671155 0.0044070252848507916 0.00038297390927083955 -0.040917835448252601
leaf_weight=15.867368161678316 4.6022498831152934 13.740404903888704 15.397400707006453 4.942492417991164 29.235078454017639 58.795758344233036 7.6414877325296393 6.9604735374450675 203.0442662499845 9.2683738619089109 15.018986165523527 248.22823955863714 8.2664123177528364 5.4954767599701881
leaf_count=76 30 61 72 24 154 291 36 31 1008 43 80 1199 39 30
internal_value=-1.64162e-05 0.00129011 -0.00419983 0.00361834 0.0120821 -0.00985722 -0.0154025 0.00628164 0.00205451 0.0182318 -0.0153061 0.00122969 -0.0184515 -0.0338702
internal_weight=646.504 492.645 153.859 64.594 44.6325 89.2651 66.4372 22.8278 474.281 23.0088 19.9615 451.273 18.3641 10.0977
internal_count=3174 2410 764 330 226 434 327 107 2311 104 104 2207 99 60
is_linear=0
shrinkage=0.03


Tree=142
num_leaves=10
num_cat=0
split_feature=84 117 59 37 17 75 80 56 132
split_gain=3.89516 6.68377 6.30766 8.33945 5.93894 5.61566 9.14193 5.87642 3.83857
threshold=0.45518051394894005 5.5000000000000009 7.1538516322344945 4.591101238179256 2.162808221979506 0.62669512946085593 3.5000000000000004 0.055462356671569193 0.69654614183572117
decision_type=2 2 2 2 2 2 2 2 2
left_child=1 4 5 8 -1 7 -7 -2 -4
right_child=2 -3 3 -5 -6 6 -8 -9 -10
leaf_value=0.013800716152134891 0.006262522375515416 0.027011966498063131 -0.033452143946526187 0.011188503694884853 -0.019618195915682708 0.0015718307408833269 0.029760423385606135 -0.0021861907173455122 -0.0051083187116960846
leaf_weight=10.856731250882151 88.840707778930664 12.771503224968908 13.966080442070966 8.1774187721312028 8.5589531660079938 36.008368015289307 14.534021049737929 446.32182069122791 6.2134213447570792
leaf_count=48 419 55 80 49 40 171 63 2218 31
internal_value=-1.66802e-05 0.0101563 -0.000549916 -0.0143684 -0.000931234 0.000119104 0.00967777 -0.000783645 -0.0247249
internal_weight=646.249 32.1872 614.062 28.3569 19.4157 585.705 50.5424 535.163 20.1795
internal_count=3174 143 3031 160 88 2871 234 2637 111
is_linear=0
shrinkage=0.03


Tree=143
num_leaves=14
num_cat=0
split_feature=87 45 83 95 46 101 54 46 97 117 30 121 37
split_gain=3.8425 5.50185 7.06641 6.08181 5.52122 5.11669 4.80569 12.1856 11.7167 7.89751 6.44664 6.30403 4.42694
threshold=339.50000000000006 0.57587878787878799 3.7131986208922583 1.6522383609031517 31.897368421052636 0.20515990354481561 0.80882866827853428 36.408333333333339 1.5772668791392033 21.500000000000004 2.8579015212978081 0.75912603250732757 2.2314664936070789
decision_type=2 2 2 2 2 2 2 2 2 2 2 2 2
left_child=1 4 3 -3 -1 -4 9 11 -9 10 -2 -8 -6
right_child=6 2 5 -5 12 -7 7 8 -10 -11 -12 -13 -14
leaf_value=0.011867338338015412 -0.00032807490219358951 -0.0036905604670604024 0.010155672621518829 0.029946954172309515 0.0024027264468805616 -0.020364162184148406 -0.036065062023608166 -0.0046549488048209494 0.021854686821622948 -0.024937431370602187 0.019459644439298214 0.0042215981726333616 -0.025454300432289863
leaf_weight=5.9493303298950186 458.98608057200909 8.9665032625198382 7.38758356869221 10.505428612232206 6.4801818951964405 14.945801019668577 7.6915733180940133 22.630523487925529 44.531962864100933 11.418361932039259 15.31217101216316 6.4081707969307899 24.71958264708519
leaf_count=32 2244 40 35 46 32 72 51 109 210 58 75 37 133
internal_value=-1.65323e-05 -0.00621708 0.0012482 0.0144574 -0.014618 -0.0102686 0.000846922 0.0075994 0.0129222 -0.000282793 0.000310749 -0.0177552 -0.0196684
internal_weight=645.933 78.9544 41.8053 19.4719 37.1491 22.3334 566.979 81.2622 67.1625 485.717 474.298 14.0997 31.1998
internal_count=3174 390 193 86 197 107 2784 407 319 2377 2319 88 165
is_linear=0
shrinkage=0.03


Tree=144
num_leaves=15
num_cat=0
split_feature=81 7 48 108 142 23 0 57 134 15 67 125 71 76
split_gain=3.88379 7.66928 9.63925 9.03864 8.98447 8.32419 8.13771 6.35106 7.41163 12.2074 9.64633 6.34433 8.20701 3.30364
threshold=0.061061871621297052 3.3472062602259247 1.0796590629593361 0.050811924415226341 3.3100403431971905 -0.67974242896968551 0.053688258131036497 1.2364664577279607 13437.000000000002 0.69929953457795146 2.3485759080219499 0.10982698180110485 2.9704881928304299 0.12684182015167936
decision_type=2 2 2 2 2 2 2 2 2 2 2 2 2 2
left_child=1 3 5 4 -1 -3 -5 11 9 -9 -10 12 -2 -13
right_child=7 2 -4 6 -6 -7 -8 8 10 -11 -12 13 -14 -15
leaf_value=-0.0051190810408377673 -0.012062742460273062 0.0031461301192530272 -0.020169407643732731 -0.0049879029141068039 -0.032050589203950687 0.028464806009263811 0.01357702083245785 0.0034807325998724944 -0.0058025525432091173 0.023821541997755186 0.0085435400612496586 -0.0096140831071270059 0.014409905200182899 -0.039825900706978917
leaf_weight=24.501699306070805 27.112065613269806 34.32305384427309 10.167389906942843 142.88078575953841 20.456074561923742 17.72096049040556 24.962546192109585 98.044370919466019 110.64021305367351 36.416960559785366 68.175974559038877 6.174056760966776 17.24302040040493 6.8957021087408066
leaf_count=121 139 167 58 688 108 81 126 453 550 166 353 41 84 39
internal_value=-1.6716e-05 -0.00271797 0.00654765 -0.00542673 -0.0173731 0.0117671 -0.00222683 0.00198726 0.00366845 0.00898975 -0.00033292 -0.00718436 -0.00177151 -0.0255541
internal_weight=645.715 275.013 62.2114 212.801 44.9578 52.044 167.843 370.702 313.278 134.461 178.816 57.4248 44.3551 13.0698
internal_count=3174 1349 306 1043 229 248 814 1825 1522 619 903 303 223 80
is_linear=0
shrinkage=0.03


Tree=145
num_leaves=10
num_cat=0
split_feature=107 27 123 103 162 144 61 18 61
split_gain=3.83113 6.80212 7.22122 5.42568 10.173 8.99767 6.04552 7.76219 6.57543
threshold=1.0228842278210335 1.1301207794628618 0.13875871322429242 0.16848900309036605 1.0000000180025095e-35 2.4508623013155217 0.90877784740090939 0.27780860440392496 0.86192925192546743
decision_type=2 2 2 2 2 2 2 2 2
left_child=3 2 -2 4 -1 -6 8 -8 -5
right_child=1 -3 -4 6 5 -7 7 -9 -10
leaf_value=-0.018078665372975002 -0.021367119505093433 -0.02913021694590805 0.023057601823233503 0.00029960289526480716 0.040169090430673654 0.0057476443076243241 -0.017013788432032387 0.00019797702403484796 0.016244513645100944
leaf_weight=8.0097204148769361 6.0635439008474368 11.017117060720919 7.2074199393391609 464.11032420769334 11.815619587898256 16.212654381990433 41.015078295022249 55.480338040739298 24.50582530349493
leaf_count=37 29 56 34 2247 51 74 222 305 119
internal_value=-1.70543e-05 -0.0117056 0.00275981 0.000439988 0.0117377 0.0202584 -0.000255856 -0.00711783 0.0010993
internal_weight=645.438 24.2881 13.271 621.15 36.038 28.0283 585.112 96.4954 488.616
internal_count=3174 119 63 3055 162 125 2893 527 2366
is_linear=0
shrinkage=0.03


Tree=146
num_leaves=10
num_cat=0
split_feature=98 98 21 150 54 0 6 66 63
split_gain=3.81213 4.57776 10.0554 9.95398 7.80455 5.74182 10.7262 7.56935 4.22453
threshold=0.02060853667402476 0.13455997867935252 4.8200609838820192 0.97366596101905267 0.10384660694275095 -0.060398200485388402 4.5000000000000009 1.2303578774167012 0.34266144814090022
decision_type=2 2 2 2 2 2 2 2 2
left_child=8 2 4 -4 -2 6 -3 -7 -1
right_child=1 5 3 -5 -6 7 -8 -9 -10
leaf_value=-0.035088610023761492 -0.0072338685921292624 0.020885948097465707 0.018800124022220342 -0.014393455023919446 0.032103067919650473 -0.011520584726287251 0.00069483104589874035 -0.00052784533502255688 -0.002830938599364884
leaf_weight=5.7476093247532836 5.9565497785806683 26.105704367160797 12.872897349297999 22.071576349437237 19.078304305672646 76.822023343294859 254.76184210181236 211.81309090182185 10.030533846467732
leaf_count=36 29 115 58 112 87 393 1185 1100 59
internal_value=-1.69587e-05 0.00034811 0.00823132 -0.00216555 0.0227436 -0.000482141 0.00257153 -0.00345363 -0.0145817
internal_weight=645.26 629.482 59.9793 34.9445 25.0349 569.503 280.868 288.635 15.7781
internal_count=3174 3079 286 170 116 2793 1300 1493 95
is_linear=0
shrinkage=0.03


Tree=147
num_leaves=10
num_cat=0
split_feature=139 147 121 139 26 86 123 138 36
split_gain=3.82941 5.40403 5.58247 5.20407 13.5877 8.1403 7.29027 7.47207 7.43467
threshold=393.50000000000006 4.4655739550806741 0.52222247770505814 287.50000000000006 -0.79703293527486185 26635.000000000004 0.012962939756834825 2642.5000000000005 361.9666666666667
decision_type=2 2 2 2 2 2 2 2 2
left_child=3 2 -2 6 5 -5 7 -1 -8
right_child=1 -3 -4 4 -6 -7 8 -9 -10
leaf_value=0.0045842256826328989 0.016777963747820836 -0.027615912948581518 -0.018968398422113942 0.010889764223428045 -0.020361982428277001 0.052886759743149596 -0.00034919576699643062 -0.021192188952059019 0.011033727733622588
leaf_weight=15.857502646744249 8.3682340681552905 10.723879247903822 7.416815146803855 9.7708697319030815 7.2281302809715262 7.2255474627017966 492.72414852306247 27.980271466076374 57.687304299324751
leaf_count=75 38 52 36 43 36 31 2437 141 285
internal_value=-1.68899e-05 -0.0111824 -1.79396e-05 0.000461684 0.0140915 0.0287436 -9.39337e-05 -0.011868 0.000843821
internal_weight=644.983 26.5089 15.785 618.474 24.2245 16.9964 594.249 43.8378 550.411
internal_count=3174 126 74 3048 110 74 2938 216 2722
is_linear=0
shrinkage=0.03


Tree=148
num_leaves=7
num_cat=0
split_feature=64 52 93 24 26 146
split_gain=3.80096 7.60118 7.04283 5.83764 5.49246 3.20289
threshold=0.14671180310515178 13350.000000000002 0.7248684385318469 -0.10569367406074906 -0.13209280476675567 27.193944474378718
decision_type=2 2 2 2 2 2
left_child=2 3 -1 4 -2 -4
right_child=1 -3 5 -5 -6 -7
leaf_value=0.0088268585528053604 -0.00066265997373484472 0.028495739616630319 -0.0085066373017301852 0.028816426584967303 0.020998716799778258 -0.039226380470732604
leaf_weight=8.3389597982168215 598.2455542460084 8.5511537790298444 5.160814665257929 6.2692027240991584 10.723922118544577 7.4844212383031845
leaf_count=37 2952 36 27 27 49 46
internal_value=-1.67476e-05 0.000405718 -0.0125752 1.52969e-05 -0.000281204 -0.0266889
internal_weight=644.774 623.79 20.9842 615.239 608.969 12.6452
internal_count=3174 3064 110 3028 3001 73
is_linear=0
shrinkage=0.03


Tree=149
num_leaves=12
num_cat=0
split_feature=71 42 143 51 46 134 12 63 106 27 25
split_gain=3.73745 5.80615 7.32353 5.5799 11.7196 8.25301 7.07276 5.29433 10.59 6.93268 3.72043
threshold=1.1650087590382259 3.3542977236189855 3.6610704049139211 105.00000000000001 52.612500000000004 3081.0000000000005 4.5800463715216866 0.74090608465608476 0.15497001915899797 3.4475120734313096 -0.52711146278411658
decision_type=2 2 2 2 2 2 2 2 2 2 2
left_child=1 2 10 4 6 -6 -2 9 -9 -5 -1
right_child=3 -3 -4 7 5 -7 -8 8 -10 -11 -12
leaf_value=-0.03416837561982651 0.0086746190607873419 -0.037716000634801662 0.01831315789320636 -0.0016456624688508067 -0.0088634643479317387 0.017363162324595494 -0.027448640626148501 0.020884884125582565 -0.00083897432681248835 -0.029863067237506737 -0.0043725104437463162
leaf_weight=6.2241810113191631 8.1337863504886645 5.661933470517396 8.5832829028367978 415.17572133988142 13.118931993842123 61.056335859000683 12.187584124505518 28.697498142719269 68.173742078244686 7.9870255887508383 9.5714659765362757
leaf_count=33 38 38 48 2025 59 282 73 137 349 42 50
internal_value=-1.64628e-05 -0.0103486 -0.00399257 0.000488614 0.00719472 0.0127246 -0.01299 -0.000729968 0.00559658 -0.00217825 -0.0161134
internal_weight=644.571 30.0409 24.3789 614.531 94.4966 74.1753 20.3214 520.034 96.8712 423.163 15.7956
internal_count=3174 169 131 3005 452 341 111 2553 486 2067 83
is_linear=0
shrinkage=0.03


Tree=150
num_leaves=9
num_cat=0
split_feature=124 58 116 22 85 48 86 24
split_gain=3.70571 7.84213 6.98179 5.86874 5.11639 4.74926 10.3589 6.46902
threshold=0.075700055152137194 1.4025646476110316 3.5000000000000004 2.6931772595210561 1.0103230763395026 0.68897953091647834 5395.0000000000009 -0.10569367406074906
decision_type=2 2 2 2 2 2 2 2
left_child=1 -1 -3 -4 -2 6 -6 -7
right_child=4 2 3 -5 5 7 -8 -9
leaf_value=0.01427263405258416 0.022210377959175874 0.013803370895130488 -0.0020907640916762948 -0.025979746514472234 0.021256424623828762 0.00073277227793827333 -0.017512283244329154 0.032117310240176659
leaf_weight=12.310782745480536 9.7986923754215223 7.6084977462887755 14.330008707940577 26.135437771677971 7.7482515275478354 529.29090690240264 31.100507117807865 5.9775966405868521
leaf_count=58 43 36 74 141 34 2613 149 26
internal_value=-1.66018e-05 -0.00709157 -0.0125625 -0.01752 0.000715045 0.000348175 -0.00978 0.00108326
internal_weight=644.301 60.3847 48.0739 40.4654 583.916 574.117 38.8488 535.269
internal_count=3174 309 251 215 2865 2822 183 2639
is_linear=0
shrinkage=0.03


Tree=151
num_leaves=7
num_cat=0
split_feature=64 52 113 24 26 150
split_gain=3.67584 7.16984 5.8221 5.1529 5.10486 2.9481
threshold=0.14671180310515178 13650.000000000002 0.79012902017953202 -0.10569367406074906 -0.13209280476675567 0.9081739577282274
decision_type=2 2 2 2 2 2
left_child=2 3 -1 4 -2 -4
right_child=1 -3 5 -5 -6 -7
leaf_value=0.012607339031260838 -0.0006077344324747231 0.029321608096809813 -0.037786544013909011 0.02700603201546924 0.020229073683710887 -0.0108166652371895
leaf_weight=5.972875282168391 598.50631718337536 7.6191321909427634 6.4187939986586562 6.3122683614492408 10.772359326481817 8.449685797095297
leaf_count=27 2956 32 35 27 49 48
internal_value=-1.64318e-05 0.00039803 -0.0124099 4.00449e-05 -0.000239329 -0.0224597
internal_weight=644.051 623.21 20.8414 615.591 609.279 14.8685
internal_count=3174 3064 110 3032 3005 83
is_linear=0
shrinkage=0.03


Tree=152
num_leaves=11
num_cat=0
split_feature=107 71 107 142 150 41 110 150 106 45
split_gain=3.64886 5.71962 4.84422 13.286 8.49516 6.69469 6.69467 11.0333 7.46739 4.6019
threshold=1.0228842278210335 1.961204805434944 0.66985749623291757 4.0633225520272136 0.70334190742631375 0.40920474136543367 1.3781356451734101 0.27638180155821429 0.13084333205918072 0.5131670131670133
decision_type=2 2 2 2 2 2 2 2 2 2
left_child=2 -2 6 4 -4 -5 7 -1 -8 -3
right_child=1 9 3 5 -6 -7 8 -9 -10 -11
leaf_value=-0.023825005174037968 0.0095576930074474167 -0.035306937497288859 0.013313337438109436 0.011182326476646631 -0.020445103598220101 0.048668182955067252 0.0040874894571438529 0.01391149925531889 -0.0037980984776107298 -0.0030366773937075264
leaf_weight=8.0110073611140233 7.8594276905059841 9.3675773516297358 13.748538196086885 8.2663309127092379 13.102477416396139 8.9090684950351697 154.57758504897356 53.821360036730766 359.29693270847201 6.9116472303867331
leaf_count=45 37 50 63 39 65 40 751 253 1799 32
internal_value=-1.60993e-05 -0.0114593 0.000429612 0.0100209 -0.00315975 0.0306267 -0.000303865 0.00902235 -0.00142605 -0.021606
internal_weight=643.872 24.1387 619.733 44.0264 26.851 17.1754 575.707 61.8324 513.875 16.2792
internal_count=3174 119 3055 207 128 79 2848 298 2550 82
is_linear=0
shrinkage=0.03


Tree=153
num_leaves=13
num_cat=0
split_feature=81 72 75 3 141 46 142 8 8 75 119 112
split_gain=3.66792 7.48446 9.20964 8.98331 7.73391 9.2096 7.97629 6.01353 7.53728 6.67952 5.45273 4.22548
threshold=0.061061871621297052 2.4389241892898874 0.48273541351934873 1.0505452321802193 2077.5000000000005 80.944444444444457 1.7672420220775025 -4.2085558018510794 -2.9270847737892658 0.40822039894639001 0.60023640661938538 4.4263042654266034
decision_type=2 2 2 2 2 2 2 2 2 2 2 2
left_child=1 2 11 -4 6 -6 -3 10 -9 -10 -2 -1
right_child=7 4 3 -5 5 -7 -8 8 9 -11 -12 -13
leaf_value=-0.041014479081364831 -0.041675062107031535 0.016487074724465277 -0.0018750113404533738 0.015766923586453815 -0.010194255231679048 0.031765754757684748 -0.011474039316141254 0.027021505668333376 -0.0084593841566501203 0.0035270235910155106 -0.00045547644428488331 -0.0064412400289849576
leaf_weight=5.395631365478037 5.3180865794420225 9.8980300053954107 58.172073669731617 46.936399877071381 9.296741724014284 9.5372666344046575 126.91558633744717 11.043758936226366 48.665267985314131 298.41577142849565 6.3218593001365662 7.7532931044697762
leaf_count=29 28 50 285 225 44 43 629 51 273 1439 34 44
internal_value=-1.61279e-05 -0.00264738 0.00304192 0.00600303 -0.00696997 0.0110537 -0.00945114 0.00193298 0.00262272 0.00184637 -0.019288 -0.0206283
internal_weight=643.67 273.905 118.257 105.108 155.648 18.834 136.814 369.765 358.125 347.081 11.6399 13.1489
internal_count=3174 1349 583 510 766 87 679 1825 1763 1712 62 73
is_linear=0
shrinkage=0.03


Tree=154
num_leaves=10
num_cat=0
split_feature=15 107 15 7 5 75 10 90 73
split_gain=3.6381 11.0813 4.83699 12.4971 9.57244 10.096 8.74641 7.60871 1.32318
threshold=-7.3920577810316486 0.11233124677280153 0.8186517036955161 2.5275424284513481 3.5000000000000004 0.46142831363091902 -2.4605824344069167 -0.39701034405837238 0.12973352033660593
decision_type=2 2 2 2 2 2 2 2 2
left_child=1 -1 3 7 6 -6 -4 -2 -5
right_child=2 -3 4 8 5 -7 -8 -9 -10
leaf_value=-0.016431594006674096 0.013424023290701184 0.029083504156722926 0.029200272609039152 -0.021812846841155701 -0.0074151987019860869 0.0123136763334046 -0.0047513141991756694 -0.0030801626245671658 -0.041639530818769623
leaf_weight=7.6121186316013363 27.409387990832329 13.097407475113867 7.197295516729354 5.5616103559732419 29.699909262359142 109.09653721749783 133.42443202808499 303.63688184320927 6.6537280157208443
leaf_count=35 128 56 31 28 162 522 696 1479 37
internal_value=-1.62729e-05 0.0123537 -0.000427682 -0.00281325 0.00250295 0.00809206 -0.00301361 -0.00171368 -0.0326125
internal_weight=643.389 20.7095 622.68 343.262 279.418 138.796 140.622 331.046 12.2153
internal_count=3174 91 3083 1672 1411 684 727 1607 65
is_linear=0
shrinkage=0.03


Tree=155
num_leaves=15
num_cat=0
split_feature=87 45 116 143 0 46 81 45 102 135 89 54 145 135
split_gain=3.61986 5.14072 6.83381 6.56827 6.33993 5.18239 4.72516 8.08186 9.42504 8.64936 6.56443 13.5847 8.9996 4.28346
threshold=339.50000000000006 0.57587878787878799 7.5000000000000009 2.298909039843815 -0.063999446350479786 31.897368421052636 0.1022446551811889 0.39811320754716989 0.017304058680705402 429.50000000000006 5636.0000000000009 0.86176208867258264 2.072174121993172 266.50000000000006
decision_type=2 2 2 2 2 2 2 2 2 2 2 2 2 2
left_child=1 5 3 -3 -4 -1 10 9 -9 -8 12 -12 -2 -7
right_child=6 2 4 -5 -6 13 7 8 -10 -11 11 -13 -14 -15
leaf_value=0.011350991324841705 -0.0052043808869459088 -0.0033260577387245012 0.0043371629437928454 0.034049245520469167 -0.026346185463436096 -0.0038908539787726412 0.010511530389390802 0.0038528400823621841 0.021929569857288302 -0.017631830232690188 -0.012437359781607439 0.02492737627673523 0.0055306788114451791 -0.027394800787705554
leaf_weight=5.9631297737359992 120.13550661504269 8.2553946971893328 14.040710099041464 8.682537838816641 10.663660556077955 10.707989335060121 15.867899999022482 111.39700875431299 33.846055313944817 25.821365982294083 78.466070111840963 9.8574214540421945 169.37552641704679 20.035634316504002
leaf_count=32 592 37 65 37 54 55 82 539 152 161 399 48 811 110
internal_value=-1.62336e-05 -0.00605906 0.0011557 0.0158329 -0.00890733 -0.0142439 0.000822077 0.00472333 0.00806527 -0.00691982 -0.00110805 -0.00826724 0.00107606 -0.0192084
internal_weight=643.116 78.3491 41.6423 16.9379 24.7044 36.7068 564.767 186.932 145.243 41.6893 377.835 88.3235 289.511 30.7436
internal_count=3174 390 193 74 119 197 2784 934 691 243 1850 447 1403 165
is_linear=0
shrinkage=0.03


Tree=156
num_leaves=9
num_cat=0
split_feature=139 106 101 57 101 52 139 55
split_gain=3.62437 5.86209 4.71288 4.72 4.58307 6.90182 5.25662 2.8178
threshold=403.50000000000006 0.289964330988355 2.8744277633476769 3.7302560578689548 2.1490629686548872 4650.0000000000009 277.50000000000006 0.24654975724076403
decision_type=2 2 2 2 2 2 2 2
left_child=2 -2 4 -4 6 -6 -1 -3
right_child=1 7 3 -5 5 -7 -8 -9
leaf_value=-0.00052734072431481814 0.0034812737950573221 -0.041476650038401487 -0.03573211970297048 0.0049566467806090239 0.020662692195596494 -0.0064074769687849087 0.013061711609144773 -0.012528530989219281
leaf_weight=544.09996300190687 11.962806716561319 5.6980768442153913 6.3692967332899553 4.2968724295496941 23.782161429524422 13.171278059482573 26.885439328849316 6.4541569948196411
leaf_count=2680 55 30 56 27 109 65 121 31
internal_value=-1.64772e-05 -0.0114266 0.000428322 -0.0193406 0.000775164 0.0110141 0.000112514 -0.0261021
internal_weight=642.72 24.115 618.605 10.6662 607.939 36.9534 570.985 12.1522
internal_count=3174 116 3058 83 2975 174 2801 61
is_linear=0
shrinkage=0.03


Tree=157
num_leaves=9
num_cat=0
split_feature=144 42 53 75 63 1 108 29
split_gain=3.59766 4.32061 9.65964 9.86172 7.72907 7.3685 8.3518 7.34773
threshold=11.080635144769284 0.76248409508614234 0.86494467913339113 0.50904426642515055 0.53290043290043299 67.62255242327457 0.16628344117298513 0.82481982705955059
decision_type=2 2 2 2 2 2 2 2
left_child=1 2 4 -4 -1 7 -7 -3
right_child=-2 5 3 -5 -6 6 -8 -9
leaf_value=8.9272083446060522e-05 0.021950700003169343 -0.031823446462054407 -0.0062976686390659462 0.031837050408661381 -0.013299530484805975 -0.0016545718260696798 0.0073404951509614081 -0.0035952210475438777
leaf_weight=73.969796948134899 6.640617072582244 9.3534687757492048 11.842973642051222 12.592636480927466 81.626568458974361 175.47868180833757 197.40962930768728 73.618945509195328
leaf_count=365 33 50 59 56 420 868 957 366
internal_value=-1.63257e-05 -0.000245727 -0.00418071 0.0133547 -0.00693456 0.00130831 0.00310748 -0.00677738
internal_weight=642.533 635.893 180.032 24.4356 155.596 455.861 372.888 82.9724
internal_count=3174 3141 900 115 785 2241 1825 416
is_linear=0
shrinkage=0.03


Tree=158
num_leaves=8
num_cat=0
split_feature=98 139 134 57 64 65 39
split_gain=3.59688 4.04373 5.99973 8.10589 5.40406 4.8589 3.95108
threshold=0.015589519996778644 418.00000000000006 1405.0000000000002 1.3302469611246748 0.14671180310515178 1.4894573643410853 1.80969747846081
decision_type=2 2 2 2 2 2 2
left_child=6 2 3 -2 -4 -3 -1
right_child=1 5 4 -5 -6 -7 -8
leaf_value=-0.0022131682418103848 -0.014675328812471777 -0.028880809801245268 -0.015759290020733178 0.022564266366095775 0.00059824530451854413 0.0010119799991393221 -0.035816306358754775
leaf_weight=7.9413325190544111 6.8485584110021618 9.264718137681486 18.7856340482831 22.687547758221626 561.22039216198027 10.373083397746084 5.2187064103782177
leaf_count=40 33 46 102 99 2763 49 42
internal_value=-1.62582e-05 0.000308413 0.0007401 0.0139295 6.84462e-05 -0.0130908 -0.0155387
internal_weight=642.34 629.18 609.542 29.5361 580.006 19.6378 13.16
internal_count=3174 3092 2997 132 2865 95 82
is_linear=0
shrinkage=0.03


Tree=159
num_leaves=10
num_cat=0
split_feature=107 27 103 157 29 36 153 2 154
split_gain=3.52847 6.39692 4.78513 7.46076 6.7294 5.45038 9.88754 6.5008 2.92872
threshold=1.0228842278210335 0.53200600196686254 0.16848900309036605 0.10555555555555557 1.5895872400086857 379.44166666666672 0.36666666666666675 99.791875341776006 1.0000000180025095e-35
decision_type=2 2 2 2 2 2 2 2 2
left_child=2 -2 3 -1 -5 7 -7 -4 -3
right_child=1 8 5 4 -6 6 -8 -9 -10
leaf_value=-0.007578866020078354 0.013491790726871662 -0.0077635935221243967 -0.00064530467784527056 0.010747589516186156 0.046169939019654174 0.00066890562410858254 0.033693727561782162 -0.030619800197321707 -0.032554229211586384
leaf_weight=12.589132279157637 6.7304848134517696 8.0347637981176376 536.92406841926277 16.569139242172245 6.8110040724277487 27.01661603525281 11.689599424600599 6.5918150581419459 9.199535146355629
leaf_count=59 31 40 2653 73 30 142 54 44 48
internal_value=-1.60513e-05 -0.0113106 0.000421793 0.0110408 0.0210667 -0.000234244 0.0106427 -0.00100884 -0.0209966
internal_weight=642.156 23.9648 618.191 35.9693 23.3801 582.222 38.7062 543.516 17.2343
internal_count=3174 119 3055 162 103 2893 196 2697 88
is_linear=0
shrinkage=0.03


Tree=160
num_leaves=9
num_cat=0
split_feature=84 87 153 153 84 48 39 45
split_gain=3.56304 4.25092 5.03712 8.54305 6.08807 4.73697 11.8709 7.2053
threshold=0.39998011553061363 339.50000000000006 0.2678571428571429 0.46428571428571436 1.3429290396127749 0.74225632809296593 2.4482128665091407 0.68237250554323736
decision_type=2 2 2 2 2 2 2 2
left_child=-1 2 4 -4 -2 6 -3 -7
right_child=1 5 3 -5 -6 7 -8 -9
leaf_value=0.016300237241052812 -0.019362479722636355 -0.015649850633716916 0.014953475826091848 -0.014889497198620191 0.010710164258057831 0.00038723340275870053 0.023604296488242034 0.013637596408618283
leaf_weight=11.823733776807783 34.11798670142889 38.298149362206459 19.078819900751114 15.76840817928314 7.3669142127037039 466.92018645629287 8.4662522077560407 40.107772830873728
leaf_count=52 173 186 91 83 36 2331 40 182
internal_value=-1.59e-05 -0.000322058 -0.00695902 0.0014495 -0.0140222 0.00059275 -0.00854326 0.00143539
internal_weight=641.948 630.124 76.3321 34.8472 41.4849 553.792 46.7644 507.028
internal_count=3174 3122 383 174 209 2739 226 2513
is_linear=0
shrinkage=0.03


Tree=161
num_leaves=8
num_cat=0
split_feature=51 71 86 54 61 103 27
split_gain=3.53731 4.65699 4.0688 10.4089 4.69094 8.91157 8.035
threshold=45.000000000000007 0.93954717286045897 271859.50000000006 0.19367039844878442 0.90877784740090939 0.17096284704544884 0.69830690552655961
decision_type=2 2 2 2 2 2 2
left_child=1 -1 4 -4 6 -6 -2
right_child=2 -3 3 -5 5 -7 -8
leaf_value=0.0029530354699132907 0.0090946899091689255 -0.032276754753890635 -0.0065056927784429789 0.034396454565318466 0.028765028866010647 -0.0085583100721015742 -0.00075664705265217184
leaf_weight=6.5544077232480031 90.67952424287796 6.9660080075263977 11.833795115351679 10.629113614559172 6.1465718597173682 90.962986961007118 417.98182282224298
leaf_count=35 436 42 58 49 27 506 2021
internal_value=-1.57594e-05 -0.0151981 0.000310985 0.0128486 -0.000153929 -0.00619592 0.00099956
internal_weight=641.754 13.5204 628.234 22.4629 605.771 97.1096 508.661
internal_count=3174 77 3097 107 2990 533 2457
is_linear=0
shrinkage=0.03


Tree=162
num_leaves=8
num_cat=0
split_feature=136 59 48 4 121 123 15
split_gain=3.5004 4.47294 6.1563 4.83106 10.664 5.73367 3.24498
threshold=1049.0000000000002 7.1538516322344945 0.95122250542175812 22.840093110954147 0.18652177438974946 0.015074176970052795 -0.9857669609597991
decision_type=2 2 2 2 2 2 2
left_child=1 3 -3 4 -1 -5 -4
right_child=-2 2 6 5 -6 -7 -8
leaf_value=0.03241248937241703 0.016120320419755439 0.0065234502421083196 -0.00011236072247376895 -0.0089930512081075834 0.0026078090897863684 0.00020458992652295892 -0.030904004236179394
leaf_weight=11.901802092790602 11.875664383172987 9.7907450050115603 4.0688820481300381 71.904901914298534 117.15664873272181 402.17751940339804 12.677589846774934
leaf_count=52 56 49 21 352 545 2016 83
internal_value=-1.56032e-05 -0.000319925 -0.0123742 0.000210442 0.0053564 -0.00119043 -0.0234226
internal_weight=641.554 629.678 26.5372 603.141 129.058 474.082 16.7465
internal_count=3174 3118 153 2965 597 2368 104
is_linear=0
shrinkage=0.03


Tree=163
num_leaves=15
num_cat=0
split_feature=81 29 133 4 9 36 136 57 114 63 67 125 55 76
split_gain=3.49598 7.56434 9.2504 8.78147 7.95682 6.79779 6.40734 5.71682 7.13308 8.9632 7.80128 5.90497 8.61728 3.16872
threshold=0.061061871621297052 2.0764118445520823 0.33546373813834901 19.18508077028913 1.6034308936275437 385.28333333333336 409.50000000000006 1.2364664577279607 3.5000000000000004 0.48620624048706246 2.3485759080219499 0.10982698180110485 0.16431840042923715 0.12684182015167936
decision_type=2 2 2 2 2 2 2 2 2 2 2 2 2 2
left_child=1 3 6 4 -1 -5 -3 11 9 -9 -10 12 -2 -13
right_child=7 2 -4 5 -6 -7 -8 8 10 -11 -12 13 -14 -15
leaf_value=-0.0031864423115172224 0.018629416997523393 0.0010379508616124608 0.021858657398873934 -0.0036545220653747585 0.027688036132435329 0.02585259657339746 -0.022770470816353368 0.017789771592723182 -0.0057329202368831588 0.0023898499771436454 0.0075365172087649224 -0.0092335455945707218 -0.010345490171808063 -0.039195635599265768
leaf_weight=12.889151692390444 13.189196124672888 13.903700850903986 6.3956245183944693 176.25053665414453 18.009158506989479 7.3185677379369727 37.916352450847626 55.91295813024044 104.81208058446646 86.850887790322304 64.361102070659399 6.0898038074374181 30.834415934979916 6.6410227864980698
leaf_count=59 63 66 30 887 81 34 192 252 518 418 334 41 160 39
internal_value=-1.54091e-05 -0.00259085 -0.0121813 1.24037e-05 0.0148088 -0.00247813 -0.0163825 0.00188938 0.00348281 0.00842118 -0.000684628 -0.00686853 -0.00166479 -0.0248632
internal_weight=641.375 272.683 58.2157 214.467 30.8983 183.569 51.8201 368.691 311.937 142.764 169.173 56.7544 44.0236 12.7308
internal_count=3174 1349 288 1061 140 921 258 1825 1522 670 852 303 223 80
is_linear=0
shrinkage=0.03


Tree=164
num_leaves=12
num_cat=0
split_feature=71 42 143 51 46 55 12 63 106 0 15
split_gain=3.52636 5.53271 6.99537 4.96523 10.7332 7.92157 6.63029 5.03531 9.52547 6.69 3.53273
threshold=1.1650087590382259 3.3542977236189855 3.6610704049139211 105.00000000000001 52.612500000000004 0.11698164961081055 4.5800463715216866 0.74090608465608476 0.15497001915899797 -0.14837193143126765 -0.44752992957838006
decision_type=2 2 2 2 2 2 2 2 2 2 2
left_child=1 2 10 4 6 -6 -2 9 -9 -5 -1
right_child=3 -3 -4 7 5 -7 -8 8 -10 -11 -12
leaf_value=0.0018308628610389007 0.008214830802937367 -0.037368097931914424 0.017792066451388797 -0.011290820178100017 -0.0055005089667357621 0.01753652266244168 -0.026927530639264168 0.019951290434091818 -0.00064829926811036363 -0.00054048328986490586 -0.027400843967079598
leaf_weight=6.1259940713644054 8.1290334537625331 5.4691490679979315 8.5857346430420858 60.921882823109627 17.615136109292507 56.594981715083122 11.912660796195267 28.801750876009464 67.668297249823809 359.71499169617891 9.4772539436817187
leaf_count=29 38 38 48 287 87 254 73 137 349 1780 54
internal_value=-1.5617e-05 -0.0101181 -0.0039568 0.000474471 0.00680716 0.0120683 -0.0126736 -0.000679773 0.00550184 -0.00209748 -0.0159242
internal_weight=641.017 29.6581 24.189 611.359 94.2518 74.2101 20.0417 517.107 96.47 420.637 15.6032
internal_count=3174 169 131 3005 452 341 111 2553 486 2067 83
is_linear=0
shrinkage=0.03


Tree=165
num_leaves=10
num_cat=0
split_feature=98 98 21 107 102 0 5 66 81
split_gain=3.44367 4.35095 8.92354 9.13117 6.52536 5.2603 8.43402 7.03305 4.19101
threshold=0.02060853667402476 0.13455997867935252 4.8200609838820192 0.36899467604377406 0.0066347527656446864 -0.060398200485388402 9.5000000000000018 1.2303578774167012 0.082764941191268135
decision_type=2 2 2 2 2 2 2 2 2
left_child=8 2 4 -4 -2 6 -3 -7 -1
right_child=1 5 3 -5 -6 7 -8 -9 -10
leaf_value=-0.031102728094345031 -0.0033560665499578844 0.00078736124172699019 0.0068885467728570593 -0.029049094360666033 0.031015176860118725 -0.011177557867759879 0.018829944789414303 -0.00051934197573648921 0.00027609736263241704
leaf_weight=7.0320341400802127 6.8313172906637218 253.70524687319994 26.181195944547653 8.4061654508113843 18.256090700626373 75.7828025277704 25.677313566207886 210.4814202003181 8.4149048104882223
leaf_count=45 37 1187 128 42 79 393 113 1100 50
internal_value=-1.57032e-05 0.000329958 0.00803436 -0.00184579 0.0216559 -0.000482843 0.00244561 -0.00334089 -0.0140087
internal_weight=640.768 625.322 59.6748 34.5874 25.0874 565.647 279.383 286.264 15.4469
internal_count=3174 3079 286 170 116 2793 1300 1493 95
is_linear=0
shrinkage=0.03


Tree=166
num_leaves=9
num_cat=0
split_feature=107 71 103 162 144 2 81 29
split_gain=3.39927 5.29555 4.33931 9.30039 7.79585 5.18748 5.02642 4.32689
threshold=1.0228842278210335 1.961204805434944 0.16848900309036605 1.0000000180025095e-35 2.4508623013155217 99.791875341776006 0.1022446551811889 1.6432586288295545
decision_type=2 2 2 2 2 2 2 2
left_child=2 -2 3 -1 -5 6 -4 -3
right_child=1 7 5 4 -6 -7 -8 -9
leaf_value=-0.01817928756482292 0.009061860969002182 -0.037826575599709075 -0.0018493788831798949 0.037039114596511519 0.0050572043223668772 -0.026439907002028213 0.0041501661422713478 -0.0065083757386186847
leaf_weight=7.926571622490882 7.8323016092181232 7.4144352301955214 388.08683145046234 11.908907249569895 16.178372323513031 6.70901921018958 185.87356900237501 8.5472003445029241
leaf_count=37 37 40 1917 51 74 45 931 42
internal_value=-1.56162e-05 -0.0111422 0.000413687 0.0105185 0.0186174 -0.000213029 9.35371e-05 -0.0210562
internal_weight=640.477 23.7939 616.683 36.0139 28.0873 580.669 573.96 15.9616
internal_count=3174 119 3055 162 125 2893 2848 82
is_linear=0
shrinkage=0.03


Tree=167
num_leaves=8
num_cat=0
split_feature=84 87 81 2 89 68 4
split_gain=3.38257 4.08143 4.65399 7.85382 6.94963 4.61851 6.40677
threshold=0.39998011553061363 339.50000000000006 0.1022446551811889 67.252012167417064 5636.0000000000009 3.9579991980753815 41.533414266562851
decision_type=2 2 2 2 2 2 2
left_child=-1 5 4 -4 -3 6 -2
right_child=1 2 3 -5 -6 -7 -8
leaf_value=0.015901319734048298 -0.0037810587858073176 0.00091028016131628278 -0.027387505130538174 0.0056573985402020074 -0.0088307565301436516 0.015471240880353395 -0.024588529988737208
leaf_weight=11.795216411352156 50.328292161226273 281.21655882149935 6.716672755777835 178.52496453560889 86.097529474645853 7.5268097668886176 18.110650345683098
leaf_count=52 247 1371 38 889 441 37 99
internal_value=-1.54399e-05 -0.000314143 0.000582228 0.00445922 -0.001373 -0.00683412 -0.00928723
internal_weight=640.317 628.521 552.556 185.242 367.314 75.9658 68.4389
internal_count=3174 3122 2739 927 1812 383 346
is_linear=0
shrinkage=0.03


Tree=168
num_leaves=12
num_cat=0
split_feature=75 23 81 131 95 137 98 150 39 53 146
split_gain=3.39927 8.24769 5.14731 7.56236 10.7558 6.59663 8.94349 6.6248 6.43666 3.04268 0.539872
threshold=0.36671174884916097 -0.82001079428755042 0.1022446551811889 0.4332963484332642 3.0104793423035909 5587.0000000000009 0.21334597206803649 0.95965843857634914 0.92980886594056955 0.11496169677921081 22.880454671427319
decision_type=2 2 2 2 2 2 2 2 2 2 2
left_child=1 9 5 8 -5 6 -2 -7 -4 -1 -11
right_child=2 -3 3 4 -6 7 -8 -9 -10 10 -12
leaf_value=-0.0042097057844858957 0.013854935465791255 0.01597038916238213 0.037169998803021694 0.031073463033664431 0.0044410343178771447 -0.0011758592731256877 -0.001280879755973844 -0.017531222403792984 -0.00093329625056392954 -0.039406995288892285 -0.02552588636488138
leaf_weight=4.7408152818679836 39.793045416474342 6.7000499106943598 4.124596655368804 20.202820606529713 42.06316776573658 48.772455517202616 300.14009891822934 41.048622131347656 122.31353785842657 5.7171709816902858 4.5115432254970074
leaf_count=27 196 38 18 91 222 240 1460 222 594 36 30
internal_value=-1.5272e-05 -0.0116944 0.000393942 0.00452418 0.0130822 -0.00141964 0.00049094 -0.00865033 0.000309689 -0.0240766 -0.0332845
internal_weight=640.128 21.6696 618.458 188.704 62.266 429.754 339.933 89.8211 126.438 14.9695 10.2287
internal_count=3174 131 3043 925 313 2118 1656 462 612 93 66
is_linear=0
shrinkage=0.03


Tree=169
num_leaves=13
num_cat=0
split_feature=15 7 24 15 68 54 146 69 67 112 37 123
split_gain=3.36174 12.4336 8.16265 8.27019 13.3504 10.5617 7.84021 11.9969 6.48898 8.31996 5.52205 1.5239
threshold=0.8186517036955161 2.5275424284513481 -3.6410253007926854 1.8202074717168617 3.0889786347055765 0.25886045192636531 34.953688836870235 3.2472636096077347 0.97282341367437297 1.3559453058150355 3.0677359495226173 0.24759308032376201
decision_type=2 2 2 2 2 2 2 2 2 2 2 2
left_child=1 8 6 4 -4 -5 7 -2 10 -10 -1 -3
right_child=2 11 3 5 -6 -7 -8 -9 9 -11 -12 -13
leaf_value=-0.025881806323052394 0.040584651299020703 -0.042435813493020093 0.0048289522657864138 -0.010246686051947753 0.047521566620991364 0.0044487141410130817 -0.011405901983653358 -0.0017685164670611978 0.025876753949402635 -0.00057427549592890717 0.00042031464114575994 -0.021004779760497996
leaf_weight=16.495575055480007 15.697717823088171 6.1370348744094354 61.924882736057043 87.572128102183342 7.3776150066405526 88.497177623212337 7.0495047681033602 9.7626757025718671 11.085321411490439 309.77184297889471 12.726269915699957 5.8162006065249443
leaf_count=82 70 33 314 449 39 444 43 52 48 1502 66 32
internal_value=-1.53285e-05 -0.00192034 0.00246658 0.000595026 0.00937381 -0.00286038 0.0165923 0.0243445 -0.000893023 0.000339583 -0.0144271 -0.0320079
internal_weight=639.914 362.032 277.882 245.372 69.3025 176.069 32.5099 25.4604 350.079 320.857 29.2218 11.9532
internal_count=3174 1763 1411 1246 353 893 165 122 1698 1550 148 65
is_linear=0
shrinkage=0.03


Tree=170
num_leaves=14
num_cat=0
split_feature=36 137 118 148 56 1 24 146 10 113 137 17 132
split_gain=3.35106 7.78012 8.69049 7.80055 7.57739 9.43827 11.4851 11.0557 7.063 5.43382 7.878 6.38412 4.57483
threshold=70.400000000000048 511.50000000000006 0.55129396053795865 11.500000000000002 0.055462356671569193 88.883488404388302 -0.96200104278572118 35.868946859163664 0.60348373950357359 1.3584594925743272 587.50000000000011 -0.28539306311284102 0.52951648705198739
decision_type=2 2 2 2 2 2 2 2 2 2 2 2 2
left_child=1 12 3 -3 5 7 -7 -2 -4 11 -11 -6 -1
right_child=4 2 8 -5 9 6 -8 -9 -10 10 -12 -13 -14
leaf_value=-0.040694459866797421 -0.0015004656947970423 -0.0070154883023802427 0.023930164069947461 0.03273156747268071 -0.029943821190904059 0.046582200894031679 -0.0029274905722435477 0.029462349081610061 -0.014735269371855417 0.015144540250526235 -0.00029773429663801625 -0.0042208366136294419 -0.005642914936989484
leaf_weight=8.1905368492007238 59.860020376741886 7.7501886375248459 4.9056623727083197 10.416477084159849 9.3952712193131429 11.31046035885811 6.7237754240632048 12.555847607553003 31.906925514340401 32.74181891232729 323.53034610673785 114.64282284677029 5.6719389632344237
leaf_count=47 282 43 23 47 48 49 32 58 163 165 1600 587 30
internal_value=-1.54773e-05 -0.00626805 -0.00120386 0.0157748 0.000738671 0.00870413 0.0281233 0.00386803 -0.0095827 -0.000761352 0.00112143 -0.00616923 -0.0263528
internal_weight=639.602 68.8417 54.9793 18.1667 570.76 90.4501 18.0342 72.4159 36.8126 480.31 356.272 124.038 13.8625
internal_count=3174 353 276 90 2821 421 81 340 186 2400 1765 635 77
is_linear=0
shrinkage=0.03


Tree=171
num_leaves=13
num_cat=0
split_feature=75 137 10 116 105 132 135 86 119 87 137 102
split_gain=3.35088 6.57673 7.72031 7.60361 6.46054 6.32139 6.25714 5.93996 14.6192 5.33032 5.07373 2.24051
threshold=0.56286107238923722 6873.0000000000009 -0.089547309093068184 8.5000000000000018 0.0459298815384366 0.54092127245997967 485.50000000000006 271859.50000000006 0.7406873732522149 306.50000000000006 301.00000000000006 0.011090881990411099
decision_type=2 2 2 2 2 2 2 2 2 2 2 2
left_child=7 2 5 -4 -3 -2 -6 9 -9 11 -11 -1
right_child=1 4 3 -5 6 -7 -8 8 -10 10 -12 -13
leaf_value=-0.0082411226742312455 -0.017111264617784724 -0.030681989010295663 0.0025886192046475332 0.020858943436721216 0.02247947015226481 0.0074622465018897247 -0.01763987611626534 -0.0082009231867417823 0.046691867525237164 -0.0080165694185619762 0.00014981338545736085 -0.03435736733610905
leaf_weight=5.7398227825760824 18.185507625341415 8.8991206884384173 39.738292880356312 42.347726181149483 6.8569021970033628 19.549852013587952 7.14391228556633 9.9579246789217013 7.7764993086457244 83.344323225319386 383.70430352725089 6.0966846123337746
leaf_count=30 87 44 183 199 31 94 37 52 36 441 1910 30
internal_value=-1.56427e-05 0.00403573 0.00685107 0.0120142 -0.0106953 -0.00438027 0.00200858 -0.00117995 0.0158694 -0.00181133 -0.00130747 -0.0216929
internal_weight=639.341 142.721 119.821 82.086 22.8999 37.7354 14.0008 496.62 17.7344 478.885 467.049 11.8365
internal_count=3174 675 563 382 112 181 68 2499 88 2411 2351 60
is_linear=0
shrinkage=0.03


Tree=172
num_leaves=11
num_cat=0
split_feature=101 121 50 52 124 30 15 30 7 54
split_gain=3.37579 4.49793 3.78516 8.1289 8.50803 7.69037 5.35417 9.36964 9.21991 0.195074
threshold=2.8744277633476769 0.2372189175791988 270.00000000000006 6750.0000000000009 0.65379093655384701 1.7881046041341635 0.8186517036955161 2.1339041150879559 2.6235227998719655 0.3514134490689596
decision_type=2 2 2 2 2 2 2 2 2 2
left_child=2 -2 3 4 -1 -5 8 -8 -4 -3
right_child=1 9 6 5 -6 -7 7 -9 -10 -11
leaf_value=-0.0071940343658257961 0.008907611394233992 -0.026323885787024111 -0.00041930635967264582 -0.035471092764017248 0.015179761985238403 0.0051003843134624412 0.0073052207891169431 -0.010186953815563301 -0.031557093656274737 -0.036553256598597303
leaf_weight=53.448073819279671 3.8826700896024686 3.2234133258461952 301.88016913086176 13.235626593232157 21.429485209286213 6.1626356765627852 191.36204770207405 32.196906767785549 8.8081355690956098 3.4991518650203943
leaf_count=269 21 32 1456 69 110 32 937 170 47 31
internal_value=-1.56804e-05 -0.0168005 0.000267534 -0.00527456 -0.000790795 -0.0225819 0.00124552 0.004786 -0.00130207 -0.0316484
internal_weight=639.128 10.6052 628.523 94.2758 74.8776 19.3983 534.247 223.559 310.688 6.72257
internal_count=3174 84 3090 480 379 101 2610 1107 1503 63
is_linear=0
shrinkage=0.03


Tree=173
num_leaves=10
num_cat=0
split_feature=98 39 98 150 102 16 0 6 102
split_gain=3.32756 4.09657 3.97115 7.90118 8.54521 6.45357 4.87015 8.84396 6.77664
threshold=0.02060853667402476 1.8798436741510376 0.13455997867935252 0.98384925858749928 0.0062517166816013414 1.6993753053361258 -0.060398200485388402 4.5000000000000009 0.0034624099232403783
decision_type=2 2 2 2 2 2 2 2 2
left_child=1 -1 3 4 -2 -5 7 -4 -8
right_child=2 -3 6 5 -6 -7 8 -9 -10
leaf_value=-0.00084327201653759285 -0.011701983645433088 -0.032347232235720232 0.018946890001081709 -0.023726558592811291 0.023996297157467924 0.0080092952660519752 0.0073730746190357153 0.00064251529707253755 -0.0052338533591563628
leaf_weight=9.0170697793364507 7.6496013700962058 6.317336566746234 26.221824437379837 10.263390615582468 28.590306796133518 13.163121461868284 45.701412655413151 252.66197590529919 239.34560517594218
leaf_count=46 40 49 115 53 127 66 243 1185 1250
internal_value=-1.57646e-05 -0.013822 0.000323734 0.00768369 0.016461 -0.0058945 -0.000454983 0.00236357 -0.00321259
internal_weight=638.932 15.3344 623.597 59.6664 36.2399 23.4265 563.931 278.884 285.047
internal_count=3174 95 3079 286 167 119 2793 1300 1493
is_linear=0
shrinkage=0.03


Tree=174
num_leaves=6
num_cat=0
split_feature=15 107 136 98 90
split_gain=3.31271 10.1359 4.30466 4.31989 7.10308
threshold=-7.3920577810316486 0.11233124677280153 1089.5000000000002 3.1951935560964331 -0.39701034405837238
decision_type=2 2 2 2 2
left_child=1 -1 3 4 -2
right_child=2 -3 -4 -5 -6
leaf_value=-0.015923551131508153 0.015805173339594431 0.027739186917923691 0.025164518758614016 -0.020138417334566699 -0.00098785330203448956
leaf_weight=7.5346793085336712 23.593582347035408 13.112072393298147 5.8668144792318335 10.074211105704306 578.43668133951724
leaf_count=35 109 56 28 56 2890
internal_value=-1.56802e-05 0.0118052 -0.000410623 -0.000655752 -0.000329734
internal_weight=638.618 20.6468 617.971 612.104 602.03
internal_count=3174 91 3083 3055 2999
is_linear=0
shrinkage=0.03


Tree=175
num_leaves=15
num_cat=0
split_feature=36 23 72 136 102 99 42 109 58 138 43 65 100 79
split_gain=3.27033 10.3194 13.1646 9.30751 8.24254 6.90608 6.30786 8.63858 12.6886 6.65819 7.14301 6.99503 5.18837 4.43276
threshold=329.43333333333339 -1.1162242435241105 2.0422275973267161 745.50000000000011 0.015332056390708134 0.36971344039537274 3.8990488810652488 0.26609099254439578 2.2722058284683624 9439.0000000000018 0.39595580165428251 5.9127702362996493 0.48712020888737068 2.7950605084310181
decision_type=2 2 2 2 2 2 2 2 2 2 2 2 2 2
left_child=6 2 12 -4 5 -3 9 13 -9 11 -11 -1 -2 -8
right_child=1 4 3 -5 -6 -7 7 8 -10 10 -12 -13 -14 -15
leaf_value=0.00094874112327027118 0.013664597351943437 0.0019498575650360034 -0.0009660331021090798 0.032801231999810235 0.023612659916918532 -0.021063073260907859 -0.03038864786976176 -0.019825260683658179 0.026909048861266133 0.0030531635891087395 -0.014718355941304398 0.021446681787298427 0.046448418199352789 -0.0090699098509161146
leaf_weight=353.73629628866911 7.1209648475050953 22.094545811414719 46.969875909388065 8.7086947187781316 7.486284226179122 25.033896863460541 17.481580272316933 9.9821895584464091 10.979587614536284 34.215170798823237 50.249273654073477 15.646189674735067 11.143540292978285 17.630935978144407
leaf_count=1712 33 118 225 39 33 132 101 56 53 178 270 74 47 103
internal_value=-1.53695e-05 0.00426071 0.0115655 0.00431551 -0.00562922 -0.0102743 -0.00109343 -0.010586 0.00465374 7.94119e-05 -0.0075194 0.00181699 0.0336667 -0.0196839
internal_weight=638.479 128.558 73.9431 55.6786 54.6147 47.1284 509.921 56.0743 20.9618 453.847 84.4644 369.382 18.2645 35.1125
internal_count=3174 627 344 264 283 250 2547 313 109 2234 448 1786 80 204
is_linear=0
shrinkage=0.03


Tree=176
num_leaves=10
num_cat=0
split_feature=139 42 65 139 118 123 138 149 14
split_gain=3.27298 4.46343 6.97731 4.35291 13.6963 7.51485 6.32583 6.17796 5.22699
threshold=393.50000000000006 2.1542048896707047 1.4894573643410853 277.50000000000006 0.57237882663006368 0.012962939756834825 2548.0000000000005 13.500000000000002 2.0545670704923737
decision_type=2 2 2 2 2 2 2 2 2
left_child=3 2 -2 5 7 6 -1 -5 -7
right_child=1 -3 -4 4 -6 8 -8 -9 -10
leaf_value=0.0035902468790042419 -0.022626183481635993 -0.028956674689395872 0.01505309872035988 0.051700011298544936 -0.012098686327046717 0.010627980881566515 -0.021313299226146418 0.013163020432290475 -6.8146063353666871e-05
leaf_weight=14.117004387080668 8.1111325919628197 8.0793097168207151 9.7277124524116498 7.0380785316228884 11.683714501559733 44.801977686583996 26.248705744743347 7.9992098659276962 500.17486448772252
leaf_count=67 40 41 45 30 55 218 137 37 2504
internal_value=-1.5565e-05 -0.0104576 -0.00207927 0.000426609 0.0122677 -0.000113939 -0.0126038 0.0311999 0.000811171
internal_weight=637.982 25.9182 17.8388 612.064 26.721 585.343 40.3657 15.0373 544.977
internal_count=3174 126 85 3048 122 2926 204 67 2722
is_linear=0
shrinkage=0.03


Tree=177
num_leaves=9
num_cat=0
split_feature=30 15 7 4 84 138 67 29
split_gain=4.10887 3.6247 11.2839 7.85123 13.4063 11.4663 6.05806 1.46914
threshold=0.027643161261348966 0.8186517036955161 2.5275424284513481 37.065579361226675 0.62381173432721782 5144.5000000000009 0.97282341367437297 1.731279279361293
decision_type=2 2 2 2 2 2 2 2
left_child=-1 2 6 5 -5 -3 -2 -4
right_child=1 3 7 4 -6 -7 -8 -9
leaf_value=-0.031175595380419103 -0.013988290698471725 0.013843767673526889 -0.020075159762336845 -0.022612332197252415 0.002028644650066443 -0.0053662613869517005 0.00034969457363779997 -0.041457942999742668
leaf_weight=3.7859892547130576 28.918941259384155 92.27754619717598 5.6852441690862161 23.926633305847645 117.25870240479708 40.124472681432962 319.92910069972277 5.8856764286756516
leaf_count=22 148 431 34 120 622 216 1550 31
internal_value=-1.54126e-05 0.000170661 -0.00180565 0.00277421 -0.00214725 0.00802216 -0.000838901 -0.0309517
internal_weight=637.792 634.006 360.419 273.587 141.185 132.402 348.848 11.5709
internal_count=3174 3152 1763 1389 742 647 1698 65
is_linear=0
shrinkage=0.03


Tree=178
num_leaves=8
num_cat=0
split_feature=30 30 155 162 107 7 27
split_gain=3.9339 3.45091 7.22987 9.15246 4.54585 4.76988 4.00465
threshold=0.027643161261348966 0.63530094181754893 1.0000000180025095e-35 1.0000000180025095e-35 1.0228842278210335 3.3472062602259247 1.1301207794628618
decision_type=2 2 2 2 2 2 2
left_child=-1 2 -2 -4 5 -3 -6
right_child=1 4 3 -5 6 -7 -8
leaf_value=-0.030766616459229224 0.03291465541987957 -0.00176648313056349 -0.027812505167411329 0.0062421557616975246 -0.00096359478926512734 0.0050122504334592574 -0.027605848049725192
leaf_weight=3.72219593822956 7.9595974683761588 402.36065391823649 7.8602811321616164 73.701064631342888 9.88257545232773 121.67379641532898 10.443629540503023
leaf_count=22 37 2002 38 360 48 611 56
internal_value=-1.54083e-05 0.000165165 0.00562356 0.00296022 -0.000732477 -0.000192552 -0.0146524
internal_weight=637.604 633.882 89.5209 81.5613 544.361 524.034 20.3262
internal_count=3174 3152 435 398 2717 2613 104
is_linear=0
shrinkage=0.03


Tree=179
num_leaves=9
num_cat=0
split_feature=30 125 60 37 118 1 1 1
split_gain=3.76682 3.46634 5.71374 7.80488 5.37967 5.00333 8.03279 6.65855
threshold=0.027643161261348966 0.27975087043625657 2.4433546712802676 5.050027918373786 0.99498746867167931 67.442021941397044 62.345507568393288 78.426607415636724
decision_type=2 2 2 2 2 2 2 2
left_child=-1 5 3 -3 -4 6 -2 -7
right_child=1 2 4 -5 -6 7 -8 -9
leaf_value=-0.030366039123970682 0.0039193331576312801 -0.0055257534922716995 -0.025596127429881151 0.034261666822742391 0.0012487978097191492 0.0069139554434261997 -0.012727618137034822 -0.00050194378890445156
leaf_weight=3.6591172441840163 48.262236088514328 20.026946060359482 18.945935651659966 5.700270250439643 10.410096786916258 169.90671652555466 56.780216313898563 303.81160379201174
leaf_count=22 246 112 116 30 62 816 290 1480
internal_value=-1.52291e-05 0.000159983 -0.00703128 0.00328978 -0.0160765 0.000844408 -0.0050791 0.00215789
internal_weight=637.503 633.844 55.0832 25.7272 29.356 578.761 105.042 473.718
internal_count=3174 3152 320 142 178 2832 536 2296
is_linear=0
shrinkage=0.03


Tree=180
num_leaves=9
num_cat=0
split_feature=51 71 36 3 86 113 79 144
split_gain=3.24612 4.33532 3.5346 7.71751 8.24213 7.4206 6.38054 5.3191
threshold=45.000000000000007 0.93954717286045897 70.400000000000048 1.5296529789404818 85784.000000000015 1.3211353454520667 1.733708416373607 11.080635144769284
decision_type=2 2 2 2 2 2 2 2
left_child=1 -1 5 7 -5 -2 -7 -4
right_child=2 -3 3 4 -6 6 -8 -9
leaf_value=0.002579014334041659 -0.036937005275130753 -0.031763885580466521 1.0317285359080061e-05 0.031430914037450068 -0.0048375166582022315 -0.017203132715261044 0.0037788888929249603 0.028693333543375079
leaf_weight=6.5681921690702421 6.4087133407592765 6.6652439087629318 528.02949038892984 14.918942570686342 9.0663219057023507 19.227705083787441 40.557599637657404 5.8836063742637625
leaf_count=35 34 42 2603 71 55 98 207 29
internal_value=-1.51912e-05 -0.0147184 0.000296579 0.00107426 0.0177216 -0.00625786 -0.00296919 0.000326398
internal_weight=637.326 13.2334 624.092 557.898 23.9853 66.194 59.7853 533.913
internal_count=3174 77 3097 2758 126 339 305 2632
is_linear=0
shrinkage=0.03


Tree=181
num_leaves=12
num_cat=0
split_feature=75 105 81 131 95 137 86 54 145 59 30
split_gain=3.20913 5.59097 4.96303 6.81361 9.63731 6.15997 7.31865 7.21296 5.94564 3.40692 0.558264
threshold=0.36671174884916097 0.048722009752992658 0.1022446551811889 0.4332963484332642 3.0104793423035909 5587.0000000000009 163654.50000000003 0.86176208867258264 7.714559019397905 1.9127191418706992 1.2885585430384809
decision_type=2 2 2 2 2 2 2 2 2 2 2
left_child=1 -1 5 8 -5 6 -2 -7 -4 -3 -11
right_child=2 9 3 4 -6 7 -8 -9 -10 10 -12
leaf_value=0.0095019047042025125 -0.00080506411208129832 -0.0011935559563369784 -0.0017316018477059997 0.029493650031886962 0.0043375565386822293 -0.011569850870427898 0.016029552067837776 0.014734896062541669 0.020172872964400516 -0.025106274586754566 -0.03973282719391865
leaf_weight=7.475008204579356 313.57296668738127 4.5054389238357535 113.34458027034998 20.356578528881073 41.952623058110476 78.426851700991392 25.102181263267994 10.656634304672478 12.369703210890291 4.4054777845740301 5.0300206393003464
leaf_count=40 1537 29 555 91 222 408 119 54 57 29 33
internal_value=-1.5095e-05 -0.0114313 0.000381944 0.00444427 0.0125561 -0.00140367 0.000442697 -0.00842314 0.000423697 -0.0226555 -0.0329036
internal_weight=637.198 21.4159 615.782 188.023 62.3092 427.759 338.675 89.0835 125.714 13.9409 9.4355
internal_count=3174 131 3043 925 313 2118 1656 462 612 91 62
is_linear=0
shrinkage=0.03


Tree=182
num_leaves=8
num_cat=0
split_feature=98 39 64 93 52 24 146
split_gain=3.18039 3.81567 3.68976 7.39982 6.12343 4.58897 2.27211
threshold=0.015589519996778644 1.80969747846081 0.14671180310515178 0.7248684385318469 13650.000000000002 -0.10569367406074906 27.193944474378718
decision_type=2 2 2 2 2 2 2
left_child=1 -1 3 -2 5 -4 -5
right_child=2 -3 4 6 -6 -7 -8
leaf_value=-0.0017871497370213832 0.009732412208439024 -0.035435405045208361 9.5224275619657382e-05 -0.011621110518729055 0.027558271961841706 0.025873710560082627 -0.038446950716203049
leaf_weight=7.8240460455417615 8.0494789183139819 4.953348558396101 590.53856075927615 4.7767136320471746 7.5478099137544623 6.2811364382505408 7.0144191533327103
leaf_count=40 36 42 2925 26 32 27 46
internal_value=-1.50789e-05 -0.0148314 0.000288208 -0.0124418 0.000706118 0.000366526 -0.0275795
internal_weight=636.986 12.7774 624.208 19.8406 604.368 596.82 11.7911
internal_count=3174 82 3092 108 2984 2952 72
is_linear=0
shrinkage=0.03


Tree=183
num_leaves=11
num_cat=0
split_feature=90 157 63 55 19 19 7 30 4 101
split_gain=3.20011 8.69504 8.79466 5.85556 5.54703 10.2792 8.50775 9.72386 8.08253 5.18041
threshold=-0.39701034405837238 0.44949494949494956 0.4778691735213475 0.27317792299712079 2.0512129819374052 2.1279448223274962 -6.3944059384591521 1.763997880835072 19.802276535869868 0.42882617205031137
decision_type=2 2 2 2 2 2 2 2 2 2
left_child=1 2 3 -1 6 -6 -2 -8 -7 -4
right_child=4 -3 9 -5 5 8 7 -9 -10 -11
leaf_value=0.019120899875097463 0.023490022410679406 -0.022641116959557873 0.014740101991068108 -0.020259200292953489 0.034044186248002317 0.011262211515326276 -0.01494843761247863 0.0058979217934448623 -0.0011022950617787766 0.050831921777932318
leaf_weight=6.6022021919488925 7.7871666103601447 6.4013266488909712 7.2597276270389539 7.0026433169841766 8.240174822509287 53.448510307818651 71.433281667530537 28.044358670711517 433.45017416216433 7.0599507838487625
leaf_count=30 33 33 34 35 39 244 368 137 2189 32
internal_value=-1.48955e-05 0.00889472 0.0161239 -0.0011487 -0.000522579 0.000817323 -0.00670762 -0.00907151 0.000254999 0.0325342
internal_weight=636.73 34.3259 27.9245 13.6048 602.404 495.139 107.265 99.4776 486.899 14.3197
internal_count=3174 164 131 65 3010 2472 538 505 2433 66
is_linear=0
shrinkage=0.03


Tree=184
num_leaves=9
num_cat=0
split_feature=101 121 139 106 134 109 42 54
split_gain=3.17677 4.27473 3.80121 5.59263 4.07089 10.6079 4.81904 0.193851
threshold=2.8744277633476769 0.2372189175791988 418.00000000000006 0.289964330988355 1405.0000000000002 0.093925395716484741 4.4024512609074042 0.3514134490689596
decision_type=2 2 2 2 2 2 2 2
left_child=2 -2 4 -4 5 -1 -6 -3
right_child=1 7 3 -5 6 -7 -8 -9
leaf_value=-0.014435678450259634 0.0084301665327540902 -0.025935827476342183 0.002655724362680717 -0.029484585860944785 0.00083885816816612507 0.021545645152415437 -0.0098038552575115331 -0.036292228245652668
leaf_weight=10.587102241814135 3.8902769237756711 3.133991863578558 10.151098415255548 9.3704114481806737 530.40902400016785 24.299963317811489 41.270504556596279 3.3820448536425829
leaf_count=59 21 32 47 49 2592 107 236 31
internal_value=-1.49237e-05 -0.0164543 0.000258318 -0.0127718 0.000677674 0.0106265 7.05428e-05 -0.0313112
internal_weight=636.494 10.4063 626.088 19.5215 606.567 34.8871 571.68 6.51604
internal_count=3174 84 3090 96 2994 166 2828 63
is_linear=0
shrinkage=0.03


Tree=185
num_leaves=14
num_cat=0
split_feature=42 53 128 131 131 139 84 59 97 9 30 137 59
split_gain=3.1905 7.67696 8.78917 7.91497 8.57651 6.66845 6.658 7.56747 7.42952 6.34028 6.24333 5.53167 4.3944
threshold=0.76248409508614234 0.86494467913339113 0.26487479862622682 0.11581651671171202 0.16671853244279669 41.500000000000007 0.45518051394894005 7.1538516322344945 3.2948181499305513 3.0671535832864532 0.6799447578518889 3610.5000000000005 8.1520668336087727
decision_type=2 2 2 2 2 2 2 2 2 2 2 2 2
left_child=1 3 -3 11 -5 -4 8 10 9 -2 -8 -1 -9
right_child=6 2 5 4 -6 -7 7 12 -10 -11 -12 -13 -14
leaf_value=-0.007543386773534738 0.021999353596328371 0.037588934219944685 -0.016652132485747446 0.028113484184646757 -0.0031286618256240323 0.022128172384281091 0.0094449937641784606 -0.035836801262800935 0.038531300584534127 -0.017710801453136742 -0.00033506514551861702 -0.025986444841859933 -0.0066541750959619363
leaf_weight=43.016794800758362 7.8572749644517916 8.1827099248766917 9.5650136098265666 8.7504233643412572 82.151162955909967 6.8475737646222106 70.956394176930189 7.4513726290315416 8.8753271996974927 6.7080478593707085 341.37173916772008 22.184581723064184 12.326261669397352
leaf_count=219 35 37 48 43 421 31 344 45 38 31 1697 114 71
internal_value=-1.47881e-05 -0.00338788 0.0121904 -0.00584236 -0.000121212 -0.000472417 0.00132319 0.000478463 0.0168949 0.00371087 0.00134796 -0.0138186 -0.0176489
internal_weight=636.245 180.698 24.5953 156.103 90.9016 16.4126 455.546 432.106 23.4407 14.5653 412.328 65.2014 19.7776
internal_count=3174 913 116 797 464 79 2261 2157 104 66 2041 333 116
is_linear=0
shrinkage=0.03


Tree=186
num_leaves=14
num_cat=0
split_feature=87 45 61 139 11 51 102 121 8 110 121 83 86
split_gain=3.16262 4.53166 6.59544 5.60302 4.8595 6.1585 4.3058 7.8998 13.4523 7.90651 6.84803 9.79468 8.90195
threshold=339.50000000000006 0.57587878787878799 0.80111474034341212 35.500000000000007 2.7909406748237489 255.00000000000003 0.0067590232169155934 0.17532057416267946 0.097574320011928894 1.3781356451734101 0.75056561085972862 2.4040973980310905 163654.50000000003
decision_type=2 2 2 2 2 2 2 2 2 2 2 2 2
left_child=1 4 3 -3 -1 -6 10 8 -8 -9 11 -2 -12
right_child=6 2 -4 -5 5 -7 7 9 -10 -11 12 -13 -14
leaf_value=0.007802217401947511 0.024427593190162005 0.00099710138760560584 -0.018159155149109062 0.031061489053846009 -0.0029196539380847717 -0.031282560998398552 -0.012668974573829898 0.017896316664751735 0.035999471551939437 0.00023820055525516947 0.00094537251126303862 -0.0076996917488591317 0.030001727847391677
leaf_weight=7.5795461982488623 9.0540095120668393 22.121950522065166 11.542065188288687 7.4605610817670813 11.96347612142563 16.246630653738976 7.6226982027292278 24.96260441839695 15.515367612242697 266.02846928313375 74.321256659924984 150.59094868972898 10.878549709916113
leaf_count=40 40 101 58 34 63 94 37 113 66 1297 400 781 50
internal_value=-1.48579e-05 -0.00571843 0.00107478 0.00857919 -0.0135242 -0.0192543 0.000769947 0.00309452 0.0199659 0.001753 -0.00221242 -0.00587764 0.00465537
internal_weight=635.888 76.9142 41.1246 29.5825 35.7897 28.2101 558.974 314.129 23.1381 290.991 244.845 159.645 85.1998
internal_count=3174 390 193 135 197 157 2784 1513 103 1410 1271 821 450
is_linear=0
shrinkage=0.03


Tree=187
num_leaves=9
num_cat=0
split_feature=30 15 7 6 85 10 59 29
split_gain=3.5848 3.29593 10.6254 7.1626 9.8652 7.03955 6.09274 1.45915
threshold=0.027643161261348966 0.8186517036955161 2.5275424284513481 10.500000000000002 3.1202015591036125 -2.4605824344069167 3.064545678714 1.731279279361293
decision_type=2 2 2 2 2 2 2 2
left_child=-1 2 6 4 -3 -5 -2 -4
right_child=1 3 7 5 -6 -7 -8 -9
leaf_value=-0.029933279299426001 0.002377837243140678 0.0044789777775086081 -0.019413980457533699 0.026352550072480378 0.029353437123451721 -0.0040586237836626954 -0.0057628765754629109 -0.040960886735432404
leaf_weight=3.5840634927153578 211.72697501629591 124.89706866629422 5.5771004036068899 7.248869076371192 16.212308973073959 124.64625952392817 135.82182974368334 5.739663653075695
leaf_count=22 1021 608 34 31 91 659 677 31
internal_value=-1.49472e-05 0.000154754 -0.00173504 0.0026389 0.00733685 -0.00238725 -0.000803548 -0.0303422
internal_weight=635.454 631.87 358.866 273.005 141.109 131.895 347.549 11.3168
internal_count=3174 3152 1763 1389 699 690 1698 65
is_linear=0
shrinkage=0.03


Tree=188
num_leaves=12
num_cat=0
split_feature=71 42 8 51 12 134 103 63 63 0 15
split_gain=3.15819 5.32923 6.19334 4.39946 9.47323 10.9832 9.10519 4.57778 7.87793 6.29962 3.95859
threshold=1.1650087590382259 3.3542977236189855 1.1852907097625791 105.00000000000001 4.6069865187993804 3081.0000000000005 0.26948230349183155 0.74090608465608476 0.77635665250081731 -0.14837193143126765 0.45714294011986939
decision_type=2 2 2 2 2 2 2 2 2 2 2
left_child=1 2 10 4 5 -2 -6 9 -9 -5 -1
right_child=3 -3 -4 7 6 -7 -8 8 -10 -11 -12
leaf_value=-0.0014368079474386252 -0.016146462349652571 -0.037020906940925379 0.013100718218299025 -0.010986295138163864 0.024496423846190177 0.019402412074186866 -0.013670518949491743 0.0220092300514593 0.00084801396711895155 -0.00048856411638013874 -0.03453635266678394
leaf_weight=6.6610600501298958 9.2913870811462385 5.2533701509237281 10.844278208911417 60.121070794761181 7.0505347326397887 49.462041825056076 27.831407554447651 20.016392216086388 75.765122326090932 356.61896419525146 6.3538407385349274
leaf_count=33 42 38 58 287 33 223 154 97 389 1780 40
internal_value=-1.49018e-05 -0.00966682 -0.00364394 0.000448661 0.00642816 0.0137806 -0.005956 -0.000643766 0.00527028 -0.00200302 -0.0175959
internal_weight=635.269 29.1125 23.8592 606.157 93.6354 58.7534 34.8819 512.522 95.7815 416.74 13.0149
internal_count=3174 169 131 3005 452 265 187 2553 486 2067 73
is_linear=0
shrinkage=0.03


Tree=189
num_leaves=14
num_cat=0
split_feature=36 23 26 136 102 99 42 58 56 52 14 140 55
split_gain=3.19152 9.54837 12.3956 9.86863 7.46821 6.4656 5.69897 8.29307 8.9848 6.02527 7.71105 6.63931 3.8677
threshold=329.43333333333339 -1.1162242435241105 -0.52746906121071746 745.50000000000011 0.015332056390708134 0.36971344039537274 3.8990488810652488 2.1707282211484418 0.39835338652799551 750.00000000000011 3.2071922050743766 9.5000000000000018 0.11816120771421962
decision_type=2 2 2 2 2 2 2 2 2 2 2 2 2
left_child=6 2 3 -2 5 -3 9 12 -9 10 -1 -11 -8
right_child=1 4 -4 -5 -6 -7 7 8 -10 11 -12 -13 -14
leaf_value=-0.026791534693842708 0.00083219091552563156 0.0020024303049529344 0.041265049819348511 0.032393193218292475 0.022428346551561253 -0.02037557415949455 -0.0054547999556648378 0.014363122171130178 -0.022149970970292605 0.0068829653310794351 -0.00078972035216454736 -0.0013961120196768686 -0.029114434476477314
leaf_weight=16.429589122533798 52.376708626747131 22.000670772045851 10.59988012909889 10.745945625007151 7.5048264861106864 24.627554059028625 9.1877670064568537 17.600237123668197 9.2545972615480405 126.20520142838359 27.356147646903992 281.90254923701286 19.240888863801956
leaf_count=83 251 118 45 48 33 132 52 92 53 619 134 1398 116
internal_value=-1.49855e-05 0.00422088 0.0112461 0.00620511 -0.00534655 -0.00981692 -0.00108282 -0.0101748 0.00178014 2.94779e-05 -0.0105463 0.00116415 -0.021468
internal_weight=635.033 127.856 73.7225 63.1227 54.1331 46.6282 507.177 55.2835 26.8548 451.893 43.7857 408.108 28.4287
internal_count=3174 627 344 299 283 250 2547 313 145 2234 217 2017 168
is_linear=0
shrinkage=0.03


Tree=190
num_leaves=9
num_cat=0
split_feature=30 125 60 37 118 124 102 141
split_gain=3.43506 3.2612 5.24035 6.98314 5.16809 4.73555 6.93207 4.77297
threshold=0.027643161261348966 0.27975087043625657 2.4433546712802676 5.050027918373786 0.99498746867167931 0.075700055152137194 0.015466796359492845 214.50000000000003
decision_type=2 2 2 2 2 2 2 2
left_child=-1 5 3 -3 -4 6 -2 -7
right_child=1 2 4 -5 -6 7 -8 -9
leaf_value=-0.029567318974921087 -0.0023713343456374892 -0.0054339992913174269 -0.025102692794670117 0.032002293099922509 0.0013724022470283075 0.0061805745241359259 -0.029357834490374976 -0.00013969970733643096
leaf_weight=3.5203191861510268 44.948639027774334 19.922966077923778 18.544599875807762 5.7870260998606673 10.333555199205877 151.72669579461217 10.583832062780855 369.23582729324698
leaf_count=22 237 112 116 30 62 753 54 1788
internal_value=-1.51558e-05 0.000149693 -0.00685865 0.00299248 -0.015629 0.00081331 -0.00751464 0.00170104
internal_weight=634.603 631.083 54.5881 25.71 28.8782 576.495 55.5325 520.963
internal_count=3174 3152 320 142 178 2832 291 2541
is_linear=0
shrinkage=0.03


Tree=191
num_leaves=15
num_cat=0
split_feature=75 99 18 43 136 20 148 89 123 120 62 58 109 29
split_gain=3.15209 7.93119 7.54505 6.69665 6.22066 8.44299 7.38429 6.05938 9.10018 6.72748 5.8254 7.6747 6.42147 4.24898
threshold=0.51923193008694135 0.56146165672053439 3.0331859040555105 0.41158789025153542 893.50000000000011 5.7537354459501566 26.500000000000004 2162.5000000000005 0.366512685690841 0.55059735457260717 0.41942798624826277 1.735343434651538 0.058759838368958886 1.900835135358838
decision_type=2 2 2 2 2 2 2 2 2 2 2 2 2 2
left_child=1 10 13 7 5 -5 -6 8 -2 -9 12 -12 -1 -3
right_child=3 2 -4 4 6 -7 -8 9 -10 -11 11 -13 -14 -15
leaf_value=-0.019815866213809569 0.011805189073881391 -0.025557985067398963 0.010037434028408213 0.006528281258854191 0.044576329484960202 -0.013062820723635125 0.0025609506325101621 -0.021565366490892055 -0.021265452455329029 -0.00052950329792368677 0.014566762528558083 -0.00014571518931984928 -0.0019924848515766036 1.7871204467601215e-05
leaf_weight=22.772645071148872 33.255189701914787 27.705817714333534 9.4498662911355478 152.71587885916233 7.7154684886336309 22.746882267296314 7.3522373139858246 26.477867588400841 9.6652240082621557 28.314802035689354 40.70412965118885 147.70600279048085 90.458606421947479 7.4095720350742331
leaf_count=122 154 158 49 708 34 129 37 135 52 137 195 759 469 36
internal_value=-1.50875e-05 -0.00194454 -0.0137578 0.00230236 0.00557701 0.0039885 0.0240751 -0.00408286 0.00435803 -0.0106948 -0.000199219 0.00303277 -0.00557706 -0.0201613
internal_weight=634.45 346.207 44.5653 288.244 190.53 175.463 15.0677 97.7131 42.9204 54.7927 301.641 188.41 113.231 35.1154
internal_count=3174 1788 243 1386 908 837 71 478 206 272 1545 954 591 194
is_linear=0
shrinkage=0.03


Tree=192
num_leaves=9
num_cat=0
split_feature=30 113 56 10 60 2 121 100
split_gain=3.26904 3.22953 10.3902 11.3558 7.40167 6.78827 5.75209 5.36003
threshold=0.027643161261348966 1.3584594925743272 0.079900502044876628 -0.14774704298570859 1.4528102207296205 67.252012167417064 0.13211600429645545 0.86440608341851954
decision_type=2 2 2 2 2 2 2 2
left_child=-1 2 3 -2 -4 7 -7 -3
right_child=1 5 4 -5 -6 6 -8 -9
leaf_value=-0.029133959864800604 -0.0050555966034297219 -0.032536349120762573 0.0036466819403713924 0.031919731694613339 -0.012578399157216563 0.018754575555553012 0.0013644068414629294 0.00090590450786303723
leaf_weight=3.4510450065135947 16.143518641591076 9.3322444632649439 36.314163893461227 13.922214731574057 83.464698992669582 17.802209764719009 445.59348716028035 8.0204798355698568
leaf_count=22 81 60 181 62 440 81 2208 39
internal_value=-1.53272e-05 0.00014403 -0.00370149 0.0120662 -0.00765933 0.00134264 0.00203248 -0.0170792
internal_weight=634.044 630.593 149.845 30.0657 119.779 480.748 463.396 17.3527
internal_count=3174 3152 764 143 621 2388 2289 99
is_linear=0
shrinkage=0.03


Tree=193
num_leaves=9
num_cat=0
split_feature=84 87 61 128 37 54 46 117
split_gain=3.14193 3.76344 4.66992 5.86938 5.50592 4.42204 10.1594 6.93323
threshold=0.39998011553061363 339.50000000000006 0.4213142527575518 0.083207589005595231 4.4986692003100783 0.80882866827853428 29.025000000000002 21.500000000000004
decision_type=2 2 2 2 2 2 2 2
left_child=-1 2 3 -2 -4 7 -7 -3
right_child=1 5 4 -5 -6 6 -8 -9
leaf_value=0.015405458045486937 -0.019903344858904156 2.0771761795551904e-05 -0.015797888582234264 0.017221432182854927 0.0071467783828970738 -0.027444872943277996 0.010526128895026158 -0.024095280453108492
leaf_weight=11.672308266162871 5.4046065062284496 457.92147494480014 44.296410225331783 13.178016200661657 11.952356323599814 6.9597373642027369 71.414528794586658 10.986582346260546
leaf_count=52 29 2282 231 63 60 50 349 58
internal_value=-1.52743e-05 -0.000304603 -0.0066148 0.00642399 -0.0109224 0.000558206 0.00715425 -0.000544271
internal_weight=633.786 622.114 74.8314 18.5826 56.2488 547.282 78.3743 468.908
internal_count=3174 3122 383 92 291 2739 399 2340
is_linear=0
shrinkage=0.03


Tree=194
num_leaves=14
num_cat=0
split_feature=42 53 75 131 7 109 128 84 59 97 1 9 109
split_gain=3.04813 7.18911 8.90818 7.54218 8.25005 8.04909 6.56673 6.19924 6.9812 6.97328 5.99777 5.92374 4.98208
threshold=0.76248409508614234 0.86494467913339113 0.50195471280506543 0.11581651671171202 3.2293161599862414 0.10415347738472208 0.56708626503784931 0.45518051394894005 7.1538516322344945 3.2948181499305513 67.62255242327457 3.0671535832864532 0.067276908012537315
decision_type=2 2 2 2 2 2 2 2 2 2 2 2 2
left_child=1 3 -3 5 -5 -1 -4 9 10 11 -9 -2 -10
right_child=7 2 6 4 -6 -7 -8 8 12 -11 -12 -13 -14
leaf_value=0.0026847937586281664 0.021199610222936448 -0.010493166796013155 0.047521908648832968 -0.0048437178425723808 0.017233894617361353 -0.020440819206407831 0.0075186492753378797 -0.0064249102654868493 0.0017580985142762156 0.037282418061789308 0.0030079516776853419 -0.017302090841933852 -0.029307149253079263
leaf_weight=19.314937256276608 7.8292356580495852 9.7648550719022769 6.9990364015102369 71.204669177532196 19.379290789365768 45.350331462919712 7.8190749287605286 73.987977512180805 7.663056984543803 8.8770937174558622 336.92777367681265 6.6523523703217506 11.802095279097555
leaf_count=100 35 50 30 368 96 233 36 379 40 38 1662 31 76
internal_value=-1.51587e-05 -0.00332045 0.0117533 -0.00570731 -0.000120492 -0.0135334 0.0264134 0.00129484 0.000477909 0.0163467 0.00130951 0.00351323 -0.0170774
internal_weight=633.572 179.832 24.583 155.249 90.584 64.6653 14.8181 453.74 430.381 23.3587 410.916 14.4816 19.4652
internal_count=3174 913 116 797 464 333 66 2261 2157 104 2041 66 116
is_linear=0
shrinkage=0.03


Tree=195
num_leaves=11
num_cat=0
split_feature=90 157 63 84 19 19 1 4 67 101
split_gain=3.07056 7.97127 7.92761 5.67301 4.9777 9.44434 9.036 7.46192 7.12267 4.75922
threshold=-0.39701034405837238 0.44949494949494956 0.4778691735213475 0.73891172424047535 2.0512129819374052 2.1279448223274962 61.803916122760732 19.802276535869868 4.3038461538461545 0.42882617205031137
decision_type=2 2 2 2 2 2 2 2 2 2
left_child=1 2 3 -1 6 -6 -2 -7 -8 -4
right_child=4 -3 9 -5 5 7 8 -9 -10 -11
leaf_value=-0.022459947158712513 0.037584845297485507 -0.021860943474098695 0.013950242357034442 0.01665167669612316 0.032520045962900423 0.010793725620388342 -0.010608945114455296 -0.0010973963532931047 0.017309217862765926 0.048413215050777232
leaf_weight=6.0666834264993685 4.042778253555297 6.261170119047164 7.2676052302122098 7.4197689592838287 8.2826359644532186 53.374740660190582 93.169097349047661 431.14476085454226 9.020858842879532 7.1587857604026794
leaf_count=30 18 33 34 35 39 244 465 2189 55 32
internal_value=-1.5198e-05 0.00873131 0.0155935 -0.000942115 -0.000514173 0.000755531 -0.00640419 0.000212531 -0.00814446 0.0310518
internal_weight=633.209 34.174 27.9128 13.4865 599.035 492.802 106.233 484.52 102.19 14.4264
internal_count=3174 164 131 65 3010 2472 538 2433 520 66
is_linear=0
shrinkage=0.03


Tree=196
num_leaves=15
num_cat=0
split_feature=36 23 72 92 79 57 154 93 42 58 84 138 113 65
split_gain=3.04197 8.9625 11.2494 14.0664 8.57192 9.09303 7.08339 5.86169 5.43808 7.99872 9.18724 5.86546 7.09882 6.16981
threshold=329.43333333333339 -1.4667665175440705 2.6453728381634076 3.1075718663521887 6.118778613902494 3.274176370481467 1.0000000180025095e-35 2.9269857848599563 3.8990488810652488 2.1707282211484418 1.0149478912071193 9439.0000000000018 1.9834883723531256 5.9127702362996493
decision_type=2 2 2 2 2 2 2 2 2 2 2 2 2 2
left_child=8 2 6 -4 5 -3 -2 -6 11 -10 -11 13 -13 -1
right_child=1 4 3 -5 7 -7 -8 -9 9 10 -12 12 -14 -15
leaf_value=0.00083393987588052535 0.0090607655950007311 -0.0022853939121685175 -0.026089939320559228 0.015002055462990497 -0.028581726203583801 0.031809247592035919 0.040734354075217964 0.0022738037118487406 -0.021157867708165374 -0.014297939511984463 0.020985050646869518 -0.016584477890737855 0.00097446457743745026 0.020031623808393
leaf_weight=351.6799655482173 10.976584069430828 34.768190637230873 11.322159118950365 22.19419489055872 15.630021348595621 8.8275659680366498 15.091388314962387 8.5845213904976827 28.096187900751829 14.598786160349848 12.186361264437435 38.603157367557287 44.736208515241742 15.741023041307924
leaf_count=1712 50 179 56 102 90 40 66 44 168 81 64 205 243 74
internal_value=-1.5155e-05 0.00412799 0.0126167 0.00112077 -0.00333097 0.00461832 0.0273974 -0.0176428 -0.00105901 -0.00997528 0.00175466 2.65747e-05 -0.00715891 0.00165641
internal_weight=633.036 127.395 59.5843 33.5164 67.8103 43.5958 26.068 24.2145 505.642 54.8813 26.7851 450.76 83.3394 367.421
internal_count=3174 627 274 158 353 219 116 134 2547 313 145 2234 448 1786
is_linear=0
shrinkage=0.03


Tree=197
num_leaves=12
num_cat=0
split_feature=75 137 68 116 105 81 135 86 119 101 109
split_gain=3.01918 5.83488 6.54937 6.675 6.18511 5.54693 5.49389 4.90262 13.1308 5.06807 4.64643
threshold=0.56286107238923722 6873.0000000000009 0.97306184012066377 8.5000000000000018 0.0459298815384366 0.067217045762367991 485.50000000000006 271859.50000000006 0.7406873732522149 2.8744277633476769 1.1779135562337475
decision_type=2 2 2 2 2 2 2 2 2 2 2
left_child=7 2 5 -4 -3 -2 -6 9 -9 10 -1
right_child=1 4 3 -5 6 -7 -8 8 -10 -11 -12
leaf_value=-0.0018972074754109898 -0.017183166528256428 -0.030001183617676223 0.0023935482291734924 0.019583991780136804 0.021417798785397617 0.0061388243206876806 -0.01649234086274828 -0.0086121646173812211 0.043337657938452512 -0.028470088366616582 0.014935620322147999
leaf_weight=451.9204911030829 16.095643021166325 8.6854368671774882 39.34898404031992 42.057889595627785 6.8334731161594373 21.356717608869076 6.9288632571697235 9.9069363698363322 7.8475875928997985 6.2838401701301327 15.256928116083143
leaf_count=2285 79 44 183 198 31 103 37 52 36 56 70
internal_value=-1.54198e-05 0.00384898 0.00649824 0.0112748 -0.0101787 -0.00388411 0.00233135 -0.00112708 0.0143499 -0.00170746 -0.00134749
internal_weight=632.523 141.307 118.859 81.4069 22.4478 37.4524 13.7623 491.216 17.7545 473.461 467.177
internal_count=3174 675 563 381 112 182 68 2499 88 2411 2355
is_linear=0
shrinkage=0.03


Tree=198
num_leaves=13
num_cat=0
split_feature=48 88 31 86 54 83 109 48 6 93 147 81
split_gain=2.97596 8.76231 8.85084 8.45963 12.0215 10.4657 8.03588 9.9164 6.85539 6.64729 4.84942 4.77913
threshold=1.0266969269120882 957.50000000000011 1.5000000000000002 163654.50000000003 0.21639242895520644 3.9492531099203849 0.29860679078522329 0.95712794716624605 4.5000000000000009 0.35219286399360417 -16.432579040411497 0.091624040254219039
decision_type=2 2 2 2 2 2 2 2 2 2 2 2
left_child=3 2 9 6 5 -5 8 -8 -1 -2 -4 -3
right_child=1 11 10 4 -6 -7 7 -9 -10 -11 -12 -13
leaf_value=0.011339565163984339 0.014447526142632207 0.0021626162871790366 0.014931909651847026 -0.02679358816669021 0.039225709774482247 0.02545237578165151 -0.0010883029290367275 0.016260733896088685 -0.0043201828446888012 -0.0035027865233345228 -0.021311806915987871 0.039859719017256268
leaf_weight=28.264964804053307 21.013200029730797 5.7366713732480985 3.6982538700103751 7.0834757536649722 12.545323580503462 6.7283859848976135 65.104101896286011 54.450923103839159 229.00857731699944 159.49758077785373 32.701967731118202 6.4073349237442017
leaf_count=137 101 31 22 36 55 31 308 254 1135 830 204 30
internal_value=-1.54041e-05 -0.00274612 -0.00413448 0.00153595 0.0179671 -0.0013422 0.000386681 0.00681326 -0.00259975 -0.0014132 -0.0176295 0.0220521
internal_weight=632.241 229.055 216.911 403.186 26.3572 13.8119 376.829 119.555 257.274 180.511 36.4002 12.144
internal_count=3174 1218 1157 1956 122 67 1834 562 1272 931 226 61
is_linear=0
shrinkage=0.03


Tree=199
num_leaves=11
num_cat=0
split_feature=107 27 123 107 142 150 36 141 81 41
split_gain=2.9817 5.60271 6.05458 3.8802 11.2704 7.21516 6.01234 10.917 6.31719 5.94956
threshold=1.0228842278210335 1.1301207794628618 0.13875871322429242 0.66985749623291757 4.0633225520272136 0.70334190742631375 48.88333333333339 112.50000000000001 0.061061871621297052 0.40920474136543367
decision_type=2 2 2 2 2 2 2 2 2 2
left_child=3 2 -2 6 5 -5 7 -1 -8 -6
right_child=1 -3 -4 4 9 -7 8 -9 -10 -11
leaf_value=0.017205168454748867 -0.020230961056249355 -0.027158001090534567 0.020878499232253926 0.011832257664491121 0.0094265794800566342 -0.019584124972850402 -0.0032807320238589458 -0.023522644303148054 0.0033090669805643192 0.044680976567629156
leaf_weight=7.9606745019555119 5.8340598717331904 10.241767458617685 7.2081424593925476 13.626260101795198 8.2457232177257556 12.721781112253664 230.08832137659192 23.144448179751635 303.78404665365815 9.0221987068653089
leaf_count=41 29 56 34 63 39 65 1159 136 1512 40
internal_value=-1.55339e-05 -0.0105514 0.00248935 0.000387556 0.00900895 -0.0033367 -0.000278012 -0.0130993 0.000468995 0.0278464
internal_weight=631.877 23.284 13.0422 608.593 43.616 26.348 564.977 31.1051 533.872 17.2679
internal_count=3174 119 63 3055 207 128 2848 177 2671 79
is_linear=0
shrinkage=0.03


Tree=200
num_leaves=8
num_cat=0
split_feature=98 39 87 26 98 21 53
split_gain=2.9656 3.69569 3.60017 7.35396 3.73785 7.63359 4.69792
threshold=0.015589519996778644 1.80969747846081 306.50000000000006 -1.0425009882961351 0.13455997867935252 4.7926825137730766 1.4753034790302271
decision_type=2 2 2 2 2 2 2
left_child=1 -1 3 -2 5 -4 -6
right_child=2 -3 4 -5 6 -7 -8
leaf_value=-0.0016926467164390094 -0.029587604615816155 -0.035257854495947948 0.020478879772157576 0.0095934617684544123 -0.00079065972481119227 -0.0012481800800334033 0.011485346647911692
leaf_weight=7.7558894604444486 10.224576182663442 4.7667678669095039 24.897027738392353 7.4547112658619872 511.82864405214787 35.030926153063774 29.683674067258835
leaf_count=40 53 42 116 35 2572 176 140
internal_value=-1.55387e-05 -0.0144693 0.000276811 -0.0130664 0.000669033 0.00777831 -0.000117735
internal_weight=631.642 12.5227 619.12 17.6793 601.44 59.928 541.512
internal_count=3174 82 3092 88 3004 292 2712
is_linear=0
shrinkage=0.03


Tree=201
num_leaves=12
num_cat=0
split_feature=132 119 124 124 87 26 3 54 135 93 21
split_gain=2.9646 8.3578 6.58066 4.60033 4.01334 5.89398 6.83098 4.42672 9.19706 6.59678 4.42436
threshold=1.9706018338861913 0.46725141719013336 0.93275772623980402 1.2346732455671916 316.50000000000006 -1.0425009882961351 1.1632636884257945 0.80882866827853428 742.00000000000011 0.69381623127437952 4.2757926763617862
decision_type=2 2 2 2 2 2 2 2 2 2 2
left_child=4 -2 -3 -4 5 10 -7 9 -9 -6 -1
right_child=1 2 3 -5 7 6 -8 8 -10 -11 -12
leaf_value=-0.0030439063862807876 -0.038316411705015964 0.016794301467744712 -0.031810759908975951 0.0046962241329239589 0.0070594821478391937 -0.013332340210043534 0.026749093537752053 0.0039468930294836238 0.035942913288673654 -0.0017589785777807135 -0.032314381971653601
leaf_weight=7.79118783771992 6.8545482158660915 10.60409736633301 6.8734399788081628 5.6685503572225571 94.908279843628407 8.6885141357779485 6.8390815183520308 72.246043540537357 9.1042585074901563 390.36689420044422 11.519068263471125
leaf_count=38 37 51 44 36 446 45 32 365 46 1971 63
internal_value=-1.53465e-05 -0.0092192 -0.000602268 -0.0153109 0.000443736 -0.00943934 0.0043214 0.00105138 0.0075277 -3.42974e-05 -0.0205045
internal_weight=631.464 30.0006 23.1461 12.542 601.463 34.8379 15.5276 566.625 81.3503 485.275 19.3103
internal_count=3174 168 131 80 3006 178 77 2828 411 2417 101
is_linear=0
shrinkage=0.03


Tree=202
num_leaves=11
num_cat=0
split_feature=90 28 39 144 106 103 8 4 9 56
split_gain=2.93581 7.61018 7.23144 8.89825 5.05527 8.21798 8.74539 5.78593 12.3155 6.89734
threshold=-0.39701034405837238 1.1215664540659385 1.8473933081976015 3.9639941533388932 0.78295317232372807 0.1860332244864456 3.462660348279559 19.802276535869868 1.5620409136861821 0.36024757334292407
decision_type=2 2 2 2 2 2 2 2 2 2
left_child=1 -1 3 -3 7 -6 -7 8 -2 -9
right_child=4 2 -4 -5 5 6 -8 9 -10 -11
leaf_value=0.037027255409394846 -0.0067098762631543647 -0.0059840577734970807 -0.018850043380637338 0.037201223358173004 0.021710925977021317 -0.014066386180583748 0.015264092048216077 0.0022467913573120842 0.020145215636051657 -0.0055035903157035762
leaf_weight=6.7671780139207831 26.09140557795763 9.6769469082355553 9.9855291470885259 7.7197816222906104 8.0345208942890149 68.303805071860552 10.564275555312632 284.36127786338329 37.397486135363579 162.33953724429011
leaf_count=29 122 47 53 35 37 369 60 1420 165 837
internal_value=-1.53919e-05 0.00853953 0.00149916 0.0131794 -0.000504673 -0.00719307 -0.0101376 0.000634588 0.00910884 -0.000569844
internal_weight=631.242 34.1494 27.3823 17.3967 597.092 86.9026 78.8681 510.19 63.4889 446.701
internal_count=3174 164 135 82 3010 466 429 2544 287 2257
is_linear=0
shrinkage=0.03


Tree=203
num_leaves=9
num_cat=0
split_feature=139 106 101 57 139 26 123 55
split_gain=2.94334 5.29854 3.74387 4.09293 4.00657 14.4827 7.41896 2.57877
threshold=403.50000000000006 0.289964330988355 2.8744277633476769 3.7302560578689548 277.50000000000006 -0.79703293527486185 0.012962939756834825 0.24654975724076403
decision_type=2 2 2 2 2 2 2 2
left_child=2 -2 4 -4 6 -6 -1 -3
right_child=1 7 3 -5 5 -7 -8 -9
leaf_value=-0.012478924946391901 0.0037830746209864771 -0.04021416969396336 -0.03498540849446901 0.0042892607488148058 0.0251908766062061 -0.022909602484467998 0.001070855238090676 -0.011870520414146398
leaf_weight=39.043096877634525 11.71094833314419 5.3102601021528226 5.5430078748613578 4.1957524865865707 20.185481369495395 7.8148033767938605 530.82210164889693 6.3359532654285431
leaf_count=201 55 30 56 27 89 39 2646 31
internal_value=-1.53883e-05 -0.010466 0.000386347 -0.0180647 0.0006869 0.0117662 0.000142521 -0.0247942
internal_weight=630.961 23.3572 607.604 9.73876 597.865 28.0003 569.865 11.6462
internal_count=3174 116 3058 83 2975 128 2847 61
is_linear=0
shrinkage=0.03


Tree=204
num_leaves=14
num_cat=0
split_feature=42 24 39 124 141 144 42 1 82 108 100 29 72
split_gain=2.92185 6.03485 7.19047 6.86513 7.26166 6.91974 6.47214 5.70098 7.37053 8.21434 7.39198 6.67321 6.20419
threshold=0.76248409508614234 -0.38111872365105298 1.7583669892698954 0.41673418358430853 24.500000000000004 3.4548610283607055 0.20953834713255962 67.62255242327457 13.802807486631016 0.39521375414388621 0.17041572485288348 0.82481982705955059 2.0422275973267161
decision_type=2 2 2 2 2 2 2 2 2 2 2 2 2
left_child=1 3 -3 5 -5 -1 -4 11 9 -9 -10 -2 -13
right_child=7 2 6 4 -6 -7 -8 8 10 -11 -12 12 -14
leaf_value=0.0078956364077259217 -0.030527144715830366 -0.043346726161647302 0.020514213102731934 -0.027655270610877535 0.006864385796491821 -0.013808061769130842 -0.019529944861007852 -0.0034676046376244606 -0.014248726470262344 0.010009090747160727 0.010448745069871104 0.0099449525102593625 -0.0089698292587583797
leaf_weight=17.848389163613319 8.8577632978558523 6.8283214792609241 5.3199410811066654 5.8851130604743949 80.591747559607029 50.995164047926664 11.452623240649698 180.06512263789773 11.935468040406702 52.594415389001369 126.5530471932143 22.931579150259495 48.863855101168156
leaf_count=85 50 34 26 32 407 264 65 908 64 257 616 112 254
internal_value=-1.52965e-05 -0.00325999 -0.0173943 -0.00111229 0.00451518 -0.00818116 -0.00682869 0.00126966 0.0028406 -0.000421098 0.00832022 -0.00595946 -0.00292842
internal_weight=630.723 178.921 23.6009 155.32 86.4769 68.8436 16.7726 451.801 371.148 232.66 138.489 80.6532 71.7954
internal_count=3174 913 125 788 439 349 91 2261 1845 1165 680 416 366
is_linear=0
shrinkage=0.03


Tree=205
num_leaves=8
num_cat=0
split_feature=64 93 18 56 24 132 146
split_gain=2.87786 5.62782 4.24409 8.28573 4.41057 5.07476 3.0273
threshold=0.14671180310515178 0.7248684385318469 -5.1313136144758751 0.34779396529183354 -0.10569367406074906 1.9706018338861913 27.193944474378718
decision_type=2 2 2 2 2 2 2
left_child=1 -1 3 -2 5 -4 -3
right_child=2 6 4 -5 -6 -7 -8
leaf_value=0.0077261528638521895 0.029126874903121883 -0.0069201596824782722 0.00018731616283186857 -0.0061994370974517094 0.024939919564423669 -0.013243763528419768 -0.037975417092272166
leaf_weight=8.1991663873195666 12.85717459022999 4.9152389615774137 553.90265619009733 11.164262622594832 6.235274761915206 26.531096026301384 6.6433557495474815
leaf_count=37 59 27 2772 57 27 149 46
internal_value=-1.5517e-05 -0.0112842 0.00034906 0.0127085 -0.000157004 -0.000426606 -0.0247693
internal_weight=630.448 19.7578 610.69 24.0214 586.669 580.434 11.5586
internal_count=3174 110 3064 116 2948 2921 73
is_linear=0
shrinkage=0.03


Tree=206
num_leaves=9
num_cat=0
split_feature=84 81 75 69 72 9 17 60
split_gain=2.87089 3.46776 7.35909 7.42602 7.03255 5.59022 15.4745 8.54377
threshold=0.39998011553061363 0.061061871621297052 0.50275458219666747 2.2428860166977991 2.5465312302496685 1.478344562882999 0.8723704536806719 6.1386709923638358
decision_type=2 2 2 2 2 2 2 2
left_child=-1 2 3 -2 -4 7 -7 -3
right_child=1 5 4 -5 -6 6 -8 -9
leaf_value=0.014792388852528515 0.0022939230102831864 -0.0094634497494196605 0.0057878277634454351 -0.019339634864286245 -0.005577220018788312 0.042944426639628087 0.0024390985345867141 0.014349835797214334
leaf_weight=11.567496985197065 21.843493573367596 71.466047909110785 95.063200820237398 41.24479828774929 101.13193166255951 8.7723360508680326 262.42078678496182 16.735072284936905
leaf_count=52 120 355 469 219 506 38 1340 75
internal_value=-1.53011e-05 -0.000292162 -0.00293647 -0.0118493 -7.04686e-05 0.00161556 0.00374933 -0.00494517
internal_weight=630.245 618.678 259.283 63.0883 196.195 359.394 271.193 88.2011
internal_count=3174 3122 1314 339 975 1808 1378 430
is_linear=0
shrinkage=0.03


Tree=207
num_leaves=15
num_cat=0
split_feature=113 56 10 51 108 42 70 162 2 10 88 60 98 88
split_gain=2.87695 9.50169 10.1466 7.01009 8.55902 7.08543 6.71564 6.0116 6.07959 7.3598 6.97041 5.51699 5.83453 5.0156
threshold=1.3584594925743272 0.079900502044876628 -0.14774704298570859 435.00000000000006 0.52742454237712189 2.2334948649744724 3.0235936570419994 1.0000000180025095e-35 80.940482874789453 -2.4605824344069167 982.00000000000011 3.5361577336024781 0.59781359430827041 396.50000000000006
decision_type=2 2 2 2 2 2 2 2 2 2 2 2 2 2
left_child=1 2 6 4 -3 -5 -1 11 10 -10 -9 13 -13 -2
right_child=7 3 -4 5 -6 -7 -8 8 9 -11 -12 12 -14 -15
leaf_value=-0.025653878586448523 -0.031257138321043564 0.00045359912701226659 0.030050986216944638 -0.031224159574478487 -0.028940027110778917 -0.0028772827635192661 0.013273037498476173 -0.0038061048831344434 0.02064434813357437 0.0034222318311417851 0.026540719436258797 0.024717692654997236 -0.0084286669992929778 -0.0062924364636103691
leaf_weight=7.4796658866107526 12.710667587816717 76.061695672571659 14.018742725253103 18.909104485064745 10.099657513201235 13.675300378352402 8.5460380464792234 150.36947043985128 24.537575595080853 248.49814223870635 7.1352298110723487 7.3108843937516239 13.803165778517721 16.837230974808335
leaf_count=41 63 376 62 110 57 78 40 774 115 1235 33 35 66 89
internal_value=-1.51949e-05 -0.00366103 0.0114106 -0.00747438 -0.00299186 -0.0193273 -0.0048953 0.00111211 0.00226235 0.00496997 -0.00243134 -0.00866292 0.00304849 -0.0170315
internal_weight=629.993 148.79 30.0444 118.746 86.1614 32.5844 16.0257 481.202 430.54 273.036 157.505 50.6619 21.1141 29.5479
internal_count=3174 764 143 621 433 188 81 2410 2157 1350 807 253 101 152
is_linear=0
shrinkage=0.03


Tree=208
num_leaves=11
num_cat=0
split_feature=36 102 108 36 60 3 139 62 144 7
split_gain=2.89308 8.34428 9.76359 6.53741 7.75678 6.51009 10.9216 9.85648 4.80521 4.84487
threshold=70.400000000000048 0.0044584629676475895 0.35021708224752818 60.000000000000007 6.7669451923805291 1.5296529789404818 14.500000000000002 0.54642114080358839 11.080635144769284 -6.6769976498981327
decision_type=2 2 2 2 2 2 2 2 2 2
left_child=1 2 -1 4 -3 8 -7 -8 9 -2
right_child=5 3 -4 -5 -6 6 7 -9 -10 -11
leaf_value=0.037164089206978189 0.01792217010560632 -0.01314090448375076 -0.013514331208656158 -0.034520854035809442 0.017443791422740378 0.045805420821642642 0.021723643091729108 -0.024241817957015837 0.027007129090632218 -0.00075409900688600071
leaf_weight=7.7566223144531232 12.809470623731611 34.603816835209727 6.1216585040092468 9.0614495873451215 9.5151869803667051 7.5502831973135498 10.06503911316395 7.2034383565187445 5.8617160096764556 519.09865671396255
leaf_count=35 55 193 37 44 44 37 47 48 29 2605
internal_value=-1.54327e-05 -0.00590551 0.01481 -0.0113116 -0.00654467 0.000686645 0.0157086 0.00254944 -6.6388e-06 -0.000304335
internal_weight=629.647 67.0587 13.8783 53.1805 44.119 562.589 24.8188 17.2685 537.77 531.908
internal_count=3174 353 72 281 237 2821 132 95 2689 2660
is_linear=0
shrinkage=0.03


Tree=209
num_leaves=14
num_cat=0
split_feature=36 23 52 136 24 110 121 46 118 55 145 46 95
split_gain=2.87602 8.45679 10.8695 11.7517 6.07347 7.87536 5.31974 9.80976 7.92594 6.2197 4.97928 4.90083 3.51223
threshold=329.43333333333339 -1.1162242435241105 7050.0000000000009 745.50000000000011 -1.0138988028347089 3.2947583202350055 0.092586713231208831 97.225000000000009 0.46552255690506089 1.2400425137983553 2.1646232264943106 29.935416666666672 3.2421621906804403
decision_type=2 2 2 2 2 2 2 2 2 2 2 2 2
left_child=6 2 3 -2 5 -3 7 8 -1 10 -8 -6 -11
right_child=1 4 -4 -5 11 -7 9 -9 -10 12 -12 -13 -14
leaf_value=-0.027395594219208508 0.010156873368309616 0.0032103697102059789 -0.016576751706381319 0.047144588579507339 -0.019449466649994761 -0.028913477381755894 -0.0056722315842377396 0.039792842639265094 0.017095694403560322 -0.0070593056805006334 0.00096627628109138266 0.012410390099878916 -0.039249157162332522
leaf_weight=6.1568106859922436 53.015203610062599 12.29068097472191 11.185796685516832 9.0506243184208852 5.5483771897852447 15.56878801807761 149.46064682304859 8.0376330912113172 8.6900504231452924 6.2197125107049924 318.13492337428033 20.040812447667122 5.9871751889586449
leaf_count=32 247 61 57 40 35 92 773 35 40 30 1601 95 36
internal_value=-1.53971e-05 0.00402401 0.0106446 0.0155505 -0.0050495 -0.0147415 -0.00103351 0.0130977 -0.0013543 -0.00170751 -0.00115563 0.00550238 -0.0228476
internal_weight=629.387 126.7 73.2516 62.0658 53.4487 27.8595 502.687 22.8845 14.8469 479.802 467.596 25.5892 12.2069
internal_count=3174 627 344 287 283 153 2547 107 72 2440 2374 130 66
is_linear=0
shrinkage=0.03


Tree=210
num_leaves=13
num_cat=0
split_feature=124 143 118 99 116 63 39 84 39 144 71 119
split_gain=2.87922 7.47448 9.74122 6.58687 5.16193 4.16989 8.47672 6.97328 7.01757 6.51176 6.36319 0.775351
threshold=0.075700055152137194 2.1416739458382614 0.33548131530231246 0.44503111443703086 3.5000000000000004 0.54964788732394376 3.2446108608379598 0.3802320343170687 4.2587448363181135 6.0614216508374188 2.9385415499157039 0.54778212654924996
decision_type=2 2 2 2 2 2 2 2 2 2 2 2
left_child=1 4 -3 -4 -1 6 9 -7 -9 -2 -8 -6
right_child=5 2 3 -5 11 7 10 8 -10 -11 -12 -13
leaf_value=0.00010592820137865132 0.0027557750525064252 0.030549372180911822 -0.018479490107048576 0.0089289435612803624 -0.041326014581405959 0.041171588281217412 -0.020059185864335392 -0.0032570387170947363 0.02394531870699074 0.01540709825508358 0.013281435705948898 -0.026017457615029913
leaf_weight=6.0540255308151272 209.84979725629091 7.9550663083791724 18.107782527804375 13.986865863204001 6.1462732553482038 3.3422326296567908 21.962682269513611 275.84510100260377 8.807778447866438 44.35521987080574 6.7308217436075202 5.7757988348603249
leaf_count=28 1005 39 107 71 33 15 135 1408 45 223 34 31
internal_value=-1.54968e-05 -0.0063824 0.000831158 -0.00653488 -0.0224538 0.000631637 0.00321856 -0.0019095 -0.00241534 0.00496325 -0.0122383 -0.0339096
internal_weight=628.919 58.0258 40.0497 32.0946 17.9761 570.894 282.899 287.995 284.653 254.205 28.6935 11.9221
internal_count=3174 309 217 178 92 2865 1397 1468 1453 1228 169 64
is_linear=0
shrinkage=0.03


Tree=211
num_leaves=6
num_cat=0
split_feature=51 149 149 150 138
split_gain=2.84234 4.68759 3.29927 4.96389 4.26723
threshold=45.000000000000007 18.500000000000004 72.500000000000014 0.11255513751946032 1994.0000000000002
decision_type=2 2 2 2 2
left_child=1 -1 3 -2 -5
right_child=2 -3 -4 4 -6
leaf_value=-0.029748297221265371 0.025449338825705346 0.0068769529392119387 -0.016826217978643618 -0.0038410851474606662 0.0018251156790906175
leaf_weight=7.3102034181356412 7.1255065798759452 5.5199008733034134 9.9878282845020276 165.21757896617055 433.4334071893245
leaf_count=50 33 27 54 833 2177
internal_value=-1.55468e-05 -0.013991 0.000275647 0.000557616 0.00026134
internal_weight=628.594 12.8301 615.764 605.776 598.651
internal_count=3174 77 3097 3043 3010
is_linear=0
shrinkage=0.03


Tree=212
num_leaves=13
num_cat=0
split_feature=50 26 95 36 9 45 109 11 31 2 11 102
split_gain=2.8418 8.71786 12.0265 8.96202 6.55779 7.00731 6.85421 6.81671 7.42526 6.44046 6.66708 5.91568
threshold=390.00000000000006 -1.168917519767863 1.5974028013342954 259.9666666666667 1.478344562882999 0.36140661938534285 0.048714723621780802 12.650700731542274 1.5000000000000002 80.733378149108503 7.2088954161560714 0.0083370649316104675
decision_type=2 2 2 2 2 2 2 2 2 2 2 2
left_child=1 9 -3 -4 5 -2 -7 8 -6 11 -11 -1
right_child=4 2 3 -5 7 6 -8 -9 -10 10 -12 -13
leaf_value=-0.0087565198376010414 -0.035352454668571127 0.04486870376122129 -0.0069032570195210778 0.016858777620412473 0.0047469065921222128 0.010695171384395777 -0.0062154802098281824 0.0341084059967426 -0.0092052758498246106 0.002355779640517358 -0.020369372501940233 -0.032626116431113052
leaf_weight=22.825447902083397 6.211800552904605 6.1656109392642966 42.908201053738594 21.414273761212826 270.705024022609 27.130440555512905 105.2782989628613 6.4624157696962348 39.315507611259818 49.023623965680599 15.228018052875994 15.82182030379772
leaf_count=123 39 27 227 102 1345 128 521 30 224 236 83 89
internal_value=-1.52525e-05 -0.00328351 0.00484415 0.00100761 0.0012299 -0.00421145 -0.0027505 0.00361322 0.00297755 -0.00885114 -0.00303022 -0.0185285
internal_weight=628.49 173.387 70.4881 64.3225 455.103 138.621 132.409 316.483 310.021 102.899 64.2516 38.6473
internal_count=3174 887 356 329 2287 688 649 1599 1569 531 319 212
is_linear=0
shrinkage=0.03


Tree=213
num_leaves=11
num_cat=0
split_feature=139 106 36 18 65 0 52 55 30 55
split_gain=2.82035 5.01783 3.58782 8.84185 8.12869 6.63298 4.83528 6.23455 6.18339 1.55022
threshold=403.50000000000006 0.289964330988355 329.43333333333339 -0.2352607721695891 1.9074095764617693 -0.0031094714173695438 750.00000000000011 0.46888285159947379 1.0454475320967584 0.31470223542017928
decision_type=2 2 2 2 2 2 2 2 2 2
left_child=2 -2 6 5 -5 -4 8 -8 -1 -3
right_child=1 9 3 4 -6 -7 7 -9 -10 -11
leaf_value=-0.016434736710002056 0.0035680035172783787 -0.035553782255161787 0.0031377474868489494 0.019372831855216384 -0.00055805700956529901 -0.020840638456124744 0.0023011720006247053 -0.0059727170988830491 0.0075256078077465286 -0.013517974431406501
leaf_weight=34.906127281486988 11.672502562403681 5.6540406644344312 28.617277815937996 45.022315859794617 31.164698399603367 16.294633731245995 326.04184953682125 109.49012995138764 13.420478694140909 5.8421802818775177
leaf_count=181 55 32 138 207 162 94 1629 579 68 29
internal_value=-1.54095e-05 -0.0102876 0.000377994 0.00499609 0.01122 -0.00556193 -0.000777812 0.000221166 -0.00978086 -0.0243556
internal_weight=628.126 23.1687 604.958 121.099 76.187 44.9119 483.859 435.532 48.3266 11.4962
internal_count=3174 116 3058 601 369 232 2457 2208 249 61
is_linear=0
shrinkage=0.03


Tree=214
num_leaves=14
num_cat=0
split_feature=87 45 27 85 59 11 54 46 37 119 124 37 121
split_gain=2.81887 4.23948 10.497 8.26918 5.90843 5.19704 3.9796 9.51531 10.4217 6.41431 9.04346 7.32147 5.67349
threshold=339.50000000000006 0.69028213166144214 0.71103953606068449 1.873665235441943 4.9991970088910742 2.7909406748237489 0.80882866827853428 36.408333333333339 5.42472845313966 0.73627956989247323 0.35712702787770539 5.9366043378277569 0.75912603250732757
decision_type=2 2 2 2 2 2 2 2 2 2 2 2 2
left_child=1 4 -3 -4 5 -1 9 12 -9 11 -11 -2 -8
right_child=6 2 3 -5 -6 -7 7 8 -10 10 -12 -13 -14
leaf_value=0.013973137837857006 -0.002308309004116574 -0.02466618891398778 0.042092252573200449 -0.0018675743396945306 -0.039426610102705865 -0.011457568359961272 -0.035161499250387536 0.0069245050329300502 0.042177685358663841 -0.0048091626446144162 0.0081622426868176393 -0.025337377134437088 0.0045095855582047064
leaf_weight=8.9092163667082769 248.24801744893193 7.1304242685437229 7.444296181201933 7.9789243414998055 5.5358134955167762 38.426793918013573 6.9044555034488422 57.936858937144279 8.6775901988148672 74.911227807402611 136.54593697935343 13.079389516264198 6.1206214018166065
leaf_count=45 1228 36 32 38 34 205 51 277 42 373 703 73 37
internal_value=-1.53465e-05 -0.00545546 0.0054344 0.0193504 -0.0101008 -0.0066712 0.000727422 0.00693142 0.0115168 -0.000317628 0.00356697 -0.00346091 -0.0165196
internal_weight=627.85 75.4255 22.5536 15.4232 52.8718 47.336 552.424 79.6395 66.6144 472.785 211.457 261.327 13.0251
internal_count=3174 390 106 70 284 250 2784 407 319 2377 1076 1301 88
is_linear=0
shrinkage=0.03


Tree=215
num_leaves=9
num_cat=0
split_feature=98 24 98 59 39 51 70 70
split_gain=2.77419 3.6501 3.36821 7.33014 6.65116 5.21061 4.14272 5.28253
threshold=0.015589519996778644 -0.74378462139956369 0.13455997867935252 2.0185629799128488 2.1749051022050829 405.00000000000006 1.3676716539928477 1.8199268872238479
decision_type=2 2 2 2 2 2 2 2
left_child=1 -1 3 4 -2 -5 -4 -8
right_child=2 -3 6 5 -6 -7 7 -9
leaf_value=-0.00017045490496769649 0.037478000162886362 -0.033233012800107556 -0.020451930051206994 -0.013326101088255835 0.0052278893267426636 0.0089906233172516812 0.0097323646203331966 -0.0010178639369910144
leaf_weight=7.128613755106926 10.784256786108019 5.1954408995807153 9.1835214942693693 17.268456779420376 12.342444524168966 20.70730222016573 44.825759034603834 500.13085637800395
leaf_count=43 49 39 55 88 62 100 228 2510
internal_value=-1.55408e-05 -0.0141086 0.00026676 0.0069514 0.0202665 -0.00115731 -0.000470324 -0.000133597
internal_weight=627.567 12.3241 615.243 61.1025 23.1267 37.9758 554.14 544.957
internal_count=3174 82 3092 299 111 188 2793 2738
is_linear=0
shrinkage=0.03


Tree=216
num_leaves=13
num_cat=0
split_feature=50 26 95 1 2 112 9 45 84 11 31 102
split_gain=2.73153 8.21622 11.3403 7.41128 6.17943 6.39033 6.01105 6.74439 6.48738 6.2762 6.99444 5.74445
threshold=390.00000000000006 -1.168917519767863 1.5974028013342954 76.496319955561731 80.733378149108503 2.0702277685421202 1.478344562882999 0.36140661938534285 0.46731809578489764 12.650700731542274 1.5000000000000002 0.0083370649316104675
decision_type=2 2 2 2 2 2 2 2 2 2 2 2
left_child=1 4 -3 -4 11 -6 7 -2 -9 10 -8 -1
right_child=6 2 3 -5 5 -7 9 8 -10 -11 -12 -13
leaf_value=-0.0085591711956905774 -0.034930572106069611 0.043543415478152978 0.01215254641275053 -0.0083210876280182099 0.021045291644526246 -0.0066899849676228321 0.0045835442683002355 0.019901799802708901 -0.0045641274839048505 0.032645067248130655 -0.0089822214859142761 -0.032201039415511779
leaf_weight=22.735371626913548 6.0733069442212573 6.161015883088111 29.043670020997524 35.196808271110058 8.6417302936315519 55.450437039136887 270.94383418560028 10.606933265924452 121.31801480054855 6.5054306536912909 39.148849857971072 15.593960061669348
leaf_count=123 39 27 144 185 38 281 1345 48 601 30 224 89
internal_value=-1.5349e-05 -0.00322574 0.00466397 0.000935218 -0.00864889 -0.00295036 0.00120514 -0.00402004 -0.00259704 0.00348268 0.00287088 -0.0181777
internal_weight=627.419 172.823 70.4015 64.2405 102.421 64.0922 454.596 137.998 131.925 316.598 310.093 38.3293
internal_count=3174 887 356 329 531 319 2287 688 649 1599 1569 212
is_linear=0
shrinkage=0.03


Tree=217
num_leaves=12
num_cat=0
split_feature=71 42 143 36 123 58 106 52 63 84 139
split_gain=2.72945 5.06885 6.46531 3.63149 8.27621 9.97384 5.90573 5.05666 11.7448 7.17439 3.49189
threshold=1.1650087590382259 3.3542977236189855 3.6610704049139211 328.29166666666674 0.012962939756834825 1.6486924944994168 0.50926426362762911 8250.0000000000018 0.29758481886141469 1.3350109909490195 53.500000000000007
decision_type=2 2 2 2 2 2 2 2 2 2 2
left_child=1 2 10 7 6 -6 -5 9 -9 -2 -1
right_child=3 -3 -4 4 5 -7 -8 8 -10 -11 -12
leaf_value=-0.026947585230547168 -0.0002916966505239151 -0.036610122838181165 0.017873304192419514 -0.00085386290521838706 0.027715938290592764 0.0038725991768485068 -0.036026061412735205 -0.019454434624108757 0.016478041752917338 -0.011826804317970636 0.0025342573241275736
leaf_weight=8.9485599324107223 374.31562944501638 4.974141363054513 8.3667634949088079 12.233750984072687 19.515014737844467 82.710851889103651 6.6222751140594474 10.513287417590616 36.996182538568974 55.755302369594574 6.06720046699047
leaf_count=51 1873 38 48 59 88 407 35 50 173 320 32
internal_value=-1.54143e-05 -0.00910997 -0.00325989 0.000415365 0.00505577 0.00842432 -0.0132064 -0.000761126 0.00852661 -0.00178713 -0.0150353
internal_weight=627.019 28.3567 23.3825 598.662 121.082 102.226 18.856 477.58 47.5095 430.071 15.0158
internal_count=3174 169 131 3005 589 495 94 2416 223 2193 83
is_linear=0
shrinkage=0.03


Tree=218
num_leaves=13
num_cat=0
split_feature=87 45 61 49 57 50 70 8 8 108 123 36
split_gain=2.72784 4.1238 5.91912 5.52698 4.7652 3.84859 5.84102 5.62111 10.994 5.07521 3.61546 3.47816
threshold=339.50000000000006 0.57587878787878799 0.80111474034341212 99000.000000000015 1.3929471187544087 2190.0000000000005 9.3234450736275001 -2.9270847737892658 -4.2085558018510794 0.1594607819324427 0.12819185398032046 245.26666666666668
decision_type=2 2 2 2 2 2 2 2 2 2 2 2
left_child=1 4 3 -3 -1 7 11 8 -2 -9 -6 -7
right_child=5 2 -4 -5 10 6 -8 9 -10 -11 -12 -13
leaf_value=0.0099654556336120862 -0.013832255857753037 0.015125240227443191 -0.017414171282166518 -0.016639357862193855 -0.030887931277543801 -0.010622919588832689 0.0047119556001812713 -0.0026625843666091371 0.032109354374345069 0.0033682992908826339 -0.0091177543240860866 -0.041889525892562299
leaf_weight=6.6066649779677382 7.1004466786980656 22.83676648885012 11.176194101572035 6.2872375547885886 11.920101322233679 7.0844140313565749 11.387064825743435 230.49218507856131 13.797698467969893 275.91926060989499 16.191537335515022 5.8430630192160606
leaf_count=37 38 105 58 30 69 37 57 1180 64 1376 91 32
internal_value=-1.54453e-05 -0.00538277 0.0011457 0.00826796 -0.0129609 0.000714488 -0.010955 0.00125257 0.0165 0.000623354 -0.0183489 -0.024755
internal_weight=626.643 75.0185 40.3002 29.124 34.7183 551.624 24.3145 527.31 20.8981 506.411 28.1116 12.9275
internal_count=3174 390 193 135 197 2784 126 2658 102 2556 160 69
is_linear=0
shrinkage=0.03


Tree=219
num_leaves=8
num_cat=0
split_feature=64 79 123 24 132 44 104
split_gain=2.73802 6.10491 3.90092 3.82523 3.84389 8.64197 4.03338
threshold=0.14671180310515178 1.6104034762880308 0.2957412993904191 -0.10569367406074906 1.9706018338861913 2.7299038825419841 2.2411050879156873
decision_type=2 2 2 2 2 2 2
left_child=1 -1 -3 4 6 -6 -2
right_child=3 2 -4 -5 5 -7 -8
leaf_value=0.014557486619280935 0.00017576153855824287 -0.035058626431561594 -0.0022936755994751802 0.023753528093374606 -0.019789249741851096 0.020251664029124181 0.014670278214083782
leaf_weight=5.854125268757346 554.98803330212831 8.2419347390532476 5.4215372055768958 6.2159068286418906 21.580591224133972 6.2579231448471537 17.833660416305065
leaf_count=30 2795 48 32 27 127 33 82
internal_value=-1.54458e-05 -0.0110754 -0.0220578 0.00034025 9.79588e-05 -0.0107883 0.000627019
internal_weight=626.394 19.5176 13.6635 606.876 600.66 27.8385 572.822
internal_count=3174 110 80 3064 3037 160 2877
is_linear=0
shrinkage=0.03


Tree=220
num_leaves=7
num_cat=0
split_feature=130 70 70 61 50 146
split_gain=2.68437 3.79542 4.88945 9.82958 5.20318 2.67287
threshold=0.35594406133118534 1.3676716539928477 1.8199268872238479 0.58983739837398386 390.00000000000006 27.933052875378575
decision_type=2 2 2 2 2 2
left_child=1 5 3 -3 -4 -1
right_child=-2 2 4 -5 -6 -7
leaf_value=-0.03403026026267908 0.018769266212715238 -0.010824186739981196 -0.0062842199410655499 0.017801513827350544 0.00078712499998891702 -0.0038606406094025265
leaf_weight=4.9761985987424833 6.7727126851677886 15.583699144423006 119.03848093003035 35.14103202521801 439.09172030724585 5.6364594399929047
leaf_count=30 31 78 606 183 2212 34
internal_value=-1.52402e-05 -0.000220613 8.94117e-05 0.0090071 -0.000721057 -0.018007
internal_weight=626.24 619.468 608.855 50.7247 558.13 10.6127
internal_count=3174 3143 3079 261 2818 64
is_linear=0
shrinkage=0.03


Tree=221
num_leaves=11
num_cat=0
split_feature=90 150 110 59 106 103 16 4 67 50
split_gain=2.69745 7.22557 11.5255 9.52241 4.63595 7.74089 8.81726 5.33941 11.0831 6.45012
threshold=-0.39701034405837238 0.41215298000388279 1.3370410210355408 2.6742509544016064 0.78295317232372807 0.1860332244864456 3.7626560454026827 19.802276535869868 1.8464345873104999 390.00000000000006
decision_type=2 2 2 2 2 2 2 2 2 2
left_child=1 -1 -3 -4 7 -6 -7 8 -2 -9
right_child=4 2 3 -5 5 6 -8 9 -10 -11
leaf_value=-0.022376562016611631 -0.0019015554097446899 0.040042620873329625 -0.0185963532926651 0.025447889762815444 0.021116791491685338 -0.013150699406153111 0.020744537704827107 -0.0065928882004002787 0.023574976201356051 0.0016142854039612744
leaf_weight=5.7740884721279135 36.692436769604683 10.148465275764467 10.409429222345354 7.6753245741128913 8.0299927294254285 70.263404976576567 7.6601674258708945 117.16954869031906 26.443961590528488 325.88749679736793
leaf_count=29 172 45 55 35 37 385 44 617 115 1640
internal_value=-1.50052e-05 0.00820148 0.0144551 9.64011e-05 -0.000486882 -0.00692861 -0.00981868 0.000606947 0.008769 -0.000556159
internal_weight=626.154 34.0073 28.2332 18.0848 592.147 85.9536 77.9236 506.193 63.1364 443.057
internal_count=3174 164 135 90 3010 466 429 2544 287 2257
is_linear=0
shrinkage=0.03


Tree=222
num_leaves=10
num_cat=0
split_feature=139 19 11 139 26 134 123 132 36
split_gain=2.6635 4.76645 4.50074 3.49637 13.0175 9.55842 5.88636 5.67717 5.53857
threshold=403.50000000000006 2.8520993911290771 5.440598065473174 277.50000000000006 -0.79703293527486185 24573.000000000004 0.012962939756834825 0.67188181145020309 328.29166666666674
decision_type=2 2 2 2 2 2 2 2 2
left_child=3 -2 -3 6 5 -5 7 -1 -8
right_child=1 2 -4 4 -6 -7 8 -9 -10
leaf_value=-0.0037537737611564059 0.005822173555636921 -0.037897510455219038 -0.0027318642290222973 0.0080082919193982128 -0.022309664017504355 0.05083593094314591 -0.00086191153819198494 -0.028613602535606259 0.0067229390382599523
leaf_weight=26.755177937448025 9.791059076786043 7.1573299393057805 6.0396700948476791 13.192446835339075 7.8006671220064154 7.277229204773902 427.14718229696155 11.964791893959044 108.69380972534418
leaf_count=144 48 38 30 60 41 31 2182 60 540
internal_value=-1.49976e-05 -0.0100374 -0.0218038 0.00036719 0.0106671 0.0232341 -0.000139602 -0.0114357 0.000676654
internal_weight=625.819 22.9881 13.197 602.831 28.2703 20.4697 574.561 38.72 535.841
internal_count=3174 116 68 3058 132 91 2926 204 2722
is_linear=0
shrinkage=0.03


Tree=223
num_leaves=9
num_cat=0
split_feature=76 36 123 153 46 145 142 1
split_gain=2.68916 3.63182 8.3494 6.56501 6.17064 4.33731 3.5254 5.62748
threshold=0.072476697546283761 361.9666666666667 0.011806940338304836 0.63333333333333341 25.098086124401917 2.072174121993172 2.6734518552720146 84.502802573403315
decision_type=2 2 2 2 2 2 2 2
left_child=6 4 -3 -4 -2 -6 -1 -8
right_child=1 2 3 -5 5 -7 7 -9
leaf_value=-0.036478381493981256 -0.030214277567261357 -0.016584442978090391 0.0081852738166366835 0.041347489694538268 -0.0041343802750776239 0.0016507743858408836 0.019029409995698607 -0.026219722684364972
leaf_weight=4.0833018198609343 6.2229518219828597 11.155513092875479 47.249287657439709 6.0619849264621726 170.17474622279406 370.73157718032598 5.0020484626293165 4.8936911430209875
leaf_count=33 41 57 235 26 862 1847 30 43
internal_value=-1.48409e-05 0.000282529 0.00701738 0.0119561 -0.000511022 -0.000169295 -0.013025 -0.00334742
internal_weight=625.575 611.596 64.4668 53.3113 547.129 540.906 13.979 9.89574
internal_count=3174 3068 318 261 2750 2709 106 73
is_linear=0
shrinkage=0.03


Tree=224
num_leaves=14
num_cat=0
split_feature=81 75 0 0 81 68 128 137 98 92 54 42 145
split_gain=2.68548 7.52005 7.50361 7.26455 6.2408 10.787 6.37569 5.18921 7.45821 8.04646 6.32114 6.2101 6.1192
threshold=0.1022446551811889 0.44767042685064823 -0.13157367587327665 -0.11248420851947641 0.11346183463594077 1.1558691259857918 0.083207589005595231 5587.0000000000009 0.21334597206803649 1.5517888162732689 0.86176208867258264 3.1542409983807915 2.072174121993172
decision_type=2 2 2 2 2 2 2 2 2 2 2 2 2
left_child=7 2 -2 -4 5 -3 -6 8 9 -1 11 -9 -10
right_child=1 4 3 -5 6 -7 -8 10 12 -11 -12 -13 -14
leaf_value=0.046943982265565683 -0.031261296535590004 -0.0048145293429143676 0.030202434098685834 -0.0044208507916971155 -0.0068940854712843079 0.042214022068212544 0.0090408205560615369 -0.0050844761985828881 -0.0064419725483083334 0.0072230825736669078 0.013824609033615752 -0.023470968318347996 0.0023358905981688363
leaf_weight=5.308346912264823 8.4992400221526605 7.3095857948064831 5.9845993742346755 61.514713874086738 31.547993496060371 10.988178431987761 79.656499654054642 51.87096905708313 122.6973233371973 33.916557896882296 10.558668922632931 24.267357263714075 171.21534022316337
leaf_count=23 44 34 28 356 160 48 386 264 624 173 54 144 836
internal_value=-1.47244e-05 0.00279529 -0.00469608 -0.00135109 0.0071916 0.0234271 0.00452019 -0.00139017 0.000311296 0.0125986 -0.00792814 -0.0109448 -0.00132853
internal_weight=625.335 205.501 75.9986 67.4993 129.502 18.2978 111.204 419.835 333.138 39.2249 86.697 76.1383 293.913
internal_count=3174 1056 428 384 628 82 546 2118 1656 196 462 408 1460
is_linear=0
shrinkage=0.03


Tree=225
num_leaves=13
num_cat=0
split_feature=42 118 23 152 118 74 84 56 4 49 27 141
split_gain=2.64504 7.14665 8.34035 7.72385 6.16444 5.79032 5.99299 5.82767 5.25094 5.35635 4.18419 1.85574
threshold=0.65812167908259311 0.26009283276450518 -0.26477603741829758 0.83333333333333337 0.056119324643513262 0.30217391304347835 0.41978240644453191 0.32026582749400839 44.538303757693718 70200.000000000015 0.68052370959262731 650.50000000000011
decision_type=2 2 2 2 2 2 2 2 2 2 2 2
left_child=1 4 3 -3 -1 8 -7 -8 9 -2 -6 -10
right_child=5 2 -4 -5 10 6 7 -9 11 -11 -12 -13
leaf_value=0.0077408142582966683 -0.016285721675137026 -0.00047533858546882122 -0.032167969705269799 0.029834765521383269 -0.0011857806554552766 0.02439238768418002 0.0043323124024191879 -0.0027826505224238102 -0.013290828449496398 0.021607057795934144 -0.031226294534018803 -0.037665722515131658
leaf_weight=7.2006731778383282 7.9362876191735285 116.37774219363928 6.9961995407938948 8.092788599431513 5.4783318266272572 10.449026510119436 251.09910845384002 176.38862073421478 4.7716175019741041 5.8190645128488541 17.512073367834091 6.8417391031980515
leaf_count=35 43 599 42 39 28 46 1262 896 29 28 92 35
internal_value=-1.48242e-05 -0.00331886 -0.000296089 0.00149535 -0.0164815 0.00113803 0.00194523 0.00139656 -0.0127966 -0.000255559 -0.024068 -0.0276507
internal_weight=624.963 161.658 131.467 124.471 30.1911 463.305 437.937 427.488 25.3687 13.7554 22.9904 11.6134
internal_count=3174 835 680 638 155 2339 2204 2158 135 71 120 64
is_linear=0
shrinkage=0.03


Tree=226
num_leaves=9
num_cat=0
split_feature=42 85 102 101 130 138 4 72
split_gain=2.65641 5.79152 7.23279 7.40678 4.92405 3.68677 6.79272 6.01412
threshold=4.4024512609074042 2.2124097777713594 0.017521055218004643 0.73119726519460326 0.30434453890882601 1972.0000000000002 37.298228823722532 9.0730743856363087
decision_type=2 2 2 2 2 2 2 2
left_child=4 -2 3 -3 5 6 -1 -7
right_child=1 2 -4 -5 -6 7 -8 -9
leaf_value=0.0011597427210102869 -0.027737998444971615 -0.00077973539898120554 0.021335937868471377 -0.03904410041834968 0.026835745607086917 0.00094343139051895366 -0.012031407642017749 0.019363639116883383
leaf_weight=93.1941700540483 9.5829582884907705 19.7311040237546 9.2490232065319997 5.9185117408633223 6.3327329605817786 407.70702411048114 56.393226191401482 16.601965464651585
leaf_count=445 59 116 48 40 28 2052 308 78
internal_value=-1.48716e-05 -0.00708031 -0.00140783 -0.00960903 0.00052678 0.00023647 -0.00381321 0.00166416
internal_weight=624.711 44.4816 34.8986 25.6496 580.229 573.896 149.587 424.309
internal_count=3174 263 204 156 2911 2883 753 2130
is_linear=0
shrinkage=0.03


Tree=227
num_leaves=8
num_cat=0
split_feature=87 26 97 25 118 42 124
split_gain=2.68156 6.34213 5.94367 4.00286 3.90475 3.77133 3.54575
threshold=316.50000000000006 -1.0425009882961351 1.4621987973224979 -1.1968203371708341 0.02213884161122286 0.041803034400998286 0.075700055152137194
decision_type=2 2 2 2 2 2 2
left_child=1 3 -3 -1 -2 -6 -7
right_child=4 2 -4 -5 5 6 -8
leaf_value=-0.033176422008014572 0.025267401913655074 -0.018878133758185058 0.019080152988571346 -0.0060407131064848171 -0.017208160757995146 -0.0068908399973658099 0.001312375759033904
leaf_weight=9.702202185988428 5.6604904532432547 5.7045838013291386 10.632416263222693 9.869218245148657 10.952122446149586 52.183459199965 519.75389871187508
leaf_count=54 26 29 53 51 59 283 2619
internal_value=-1.47979e-05 -0.00797376 0.00582581 -0.0194928 0.000470792 0.00022999 0.000563916
internal_weight=624.458 35.9084 16.337 19.5714 588.55 582.889 571.937
internal_count=3174 187 82 105 2987 2961 2902
is_linear=0
shrinkage=0.03


Tree=228
num_leaves=9
num_cat=0
split_feature=107 27 123 103 162 144 2 111
split_gain=2.64574 5.17428 5.45839 3.44862 8.17691 6.4301 4.19822 3.94817
threshold=1.0228842278210335 1.1301207794628618 0.13875871322429242 0.16848900309036605 1.0000000180025095e-35 2.4508623013155217 99.791875341776006 1.9221710365737723
decision_type=2 2 2 2 2 2 2 2
left_child=3 2 -2 4 -1 -6 7 -5
right_child=1 -3 -4 6 5 -7 -8 -9
leaf_value=-0.017965324843150436 -0.01947114486890902 -0.026373442510676512 0.019827847706358422 -0.0062974858336173091 0.033800579210781834 0.0045708413448724543 -0.024959288460790256 0.0010641860315434145
leaf_weight=7.6650109142065039 5.6975028142333048 9.8901095986366254 7.2012340575456619 75.834288962185383 11.818052515387537 15.868264980614184 6.0981954745948306 484.27805589139462
leaf_count=37 29 56 34 368 51 74 45 2480
internal_value=-1.4598e-05 -0.0100483 0.00246908 0.000365505 0.00945605 0.0170477 -0.000202063 6.74804e-05
internal_weight=624.351 22.7888 12.8987 601.562 35.3513 27.6863 566.211 560.112
internal_count=3174 119 63 3055 162 125 2893 2848
is_linear=0
shrinkage=0.03


Tree=229
num_leaves=10
num_cat=0
split_feature=85 45 42 124 48 74 84 95 28
split_gain=2.64237 4.35759 3.423 6.29084 6.90707 5.72984 6.08574 5.63028 4.7437
threshold=1.0103230763395026 0.6641025641025643 0.76248409508614234 0.41862288160460143 1.0555665184197978 0.30217391304347835 0.41978240644453191 3.6911261496037162 1.8701774500550699
decision_type=2 2 2 2 2 2 2 2 2
left_child=1 -1 3 7 -5 8 -7 -2 -4
right_child=2 -3 5 4 -6 6 -8 -9 -10
leaf_value=-0.0028730458232691966 -0.0063043798745514553 0.030745374687724598 -0.0047688392809678414 -0.0039794418821523566 0.013578366439250249 0.026928403815033856 0.0013726757789430538 -0.026822733231465546 -0.034892350189160613
leaf_weight=7.3942650556564313 57.460384238511324 6.538465142250061 16.128019496798519 70.819520801305771 28.192237138748169 8.5628210157155973 407.22949345223606 15.225386679172514 6.6426932513713828
leaf_count=35 286 30 85 359 154 37 2059 92 37
internal_value=-1.43972e-05 0.0129037 -0.000309327 -0.00390021 0.0010199 0.0010965 0.00189897 -0.0106023 -0.0135565
internal_weight=624.193 13.9327 610.261 171.698 99.0118 438.563 415.792 72.6858 22.7707
internal_count=3174 65 3109 891 513 2218 2096 378 122
is_linear=0
shrinkage=0.03


Tree=230
num_leaves=6
num_cat=0
split_feature=51 149 149 150 138
split_gain=2.61621 4.28119 2.98628 5.53158 3.65358
threshold=45.000000000000007 18.500000000000004 72.500000000000014 0.10625249103228379 1994.0000000000002
decision_type=2 2 2 2 2
left_child=1 -1 3 -2 -5
right_child=2 -3 -4 4 -6
leaf_value=-0.029129860352812481 0.029836539434405011 0.0061873160753263415 -0.016163119292550838 -0.0035542220287103571 0.0017000569725023626
leaf_weight=7.0166051462292653 5.7417222559452048 5.5188422948122025 9.8002621680498105 164.54415648058057 431.32091932557523
leaf_count=50 25 27 54 839 2179
internal_value=-1.42512e-05 -0.0135812 0.000263906 0.000531505 0.000249123
internal_weight=623.943 12.5354 611.407 601.607 595.865
internal_count=3174 77 3097 3043 3018
is_linear=0
shrinkage=0.03


Tree=231
num_leaves=12
num_cat=0
split_feature=81 58 81 50 72 8 58 153 19 119 30
split_gain=2.60844 6.10004 6.32217 5.51041 5.3794 4.66628 6.7784 9.18635 5.25426 5.21597 4.36903
threshold=0.061061871621297052 1.0501015798629945 0.053827719693137523 270.00000000000006 2.2694250468650803 -4.2085558018510794 4.6244532858285972 1.0000000180025095e-35 5.6915389138082437 0.60023640661938538 1.7578733127388302
decision_type=2 2 2 2 2 2 2 2 2 2 2
left_child=1 3 4 -1 -3 9 8 -8 -7 -2 -4
right_child=5 2 10 -5 -6 6 7 -9 -10 -11 -12
leaf_value=-0.0057051004106278185 -0.040584504443055676 0.0039563726764925812 -0.0095901948503123516 0.030008121272381481 -0.0055956281294203547 0.0029545159959245867 -0.018418004154162136 0.019188345417780927 -0.006111198282796544 0.0011102606511330779 -0.036317115125795947
leaf_weight=6.5219226330518749 4.9139954373240453 88.780999887734652 19.769686825573448 9.6295042783021909 131.89086724817753 227.68336284905672 6.9404865913093081 37.073623318225145 76.994563180953264 5.9942544512450695 7.6288036629557601
leaf_count=35 28 450 105 44 672 1115 43 186 419 34 43
internal_value=-1.3975e-05 -0.00227709 -0.0034402 0.0155872 -0.00175265 0.00164889 0.00225333 0.0132583 0.000663537 -0.0176726 -0.017032
internal_weight=623.822 264.222 248.07 16.1514 220.672 359.6 348.692 44.0141 304.678 10.9082 27.3985
internal_count=3174 1349 1270 79 1122 1825 1763 229 1534 62 148
is_linear=0
shrinkage=0.03


Tree=232
num_leaves=12
num_cat=0
split_feature=75 14 65 72 48 79 82 81 78 36 85
split_gain=2.58474 6.73845 6.87302 6.90961 6.00263 4.48569 6.2462 6.26049 5.62827 5.34856 1.94326
threshold=0.56286107238923722 2.1705260906532735 0.47137374854161962 1.2867294801953408 1.0188295554927504 6.118778613902494 17.209846605007897 0.18872604352936706 0.0071446072592885011 361.9666666666667 4.0476300547166
decision_type=2 2 2 2 2 2 2 2 2 2 2
left_child=5 4 -3 -4 -2 8 10 -8 -1 -10 -7
right_child=1 2 3 -5 -6 6 7 -9 9 -11 -12
leaf_value=0.02595799508880826 0.03703898518434439 0.028473380004210611 -0.026111583582226768 0.0014994876535146017 -0.00084836368642789118 -0.03829783152417348 -0.0092007074797969234 0.013561583615839834 -0.0013131387995163701 0.01151660589844089 -0.012416969685176603
leaf_weight=7.4834648221731177 9.52417194098234 7.8097602725028983 8.8289214521646482 107.17811146378517 6.2223146855831137 6.9382703304290754 49.331564869731665 13.949870172888039 370.3367767110467 31.751764629036188 4.1865627691149712
leaf_count=37 41 34 47 521 32 47 272 77 1876 159 31
internal_value=-1.40345e-05 0.00358284 0.00123203 -0.000601902 0.0220676 -0.00105125 -0.00782741 -0.00418295 0.00017976 -0.000300011 -0.0285582
internal_weight=623.542 139.563 123.817 116.007 15.7465 483.978 74.4063 63.2814 409.572 402.089 11.1248
internal_count=3174 675 602 568 73 2499 427 349 2072 2035 78
is_linear=0
shrinkage=0.03


Tree=233
num_leaves=11
num_cat=0
split_feature=125 93 16 149 47 133 119 11 1 138
split_gain=2.61781 5.08834 8.34074 7.53882 4.2252 4.02057 8.74022 4.43519 7.73719 6.54395
threshold=0.27975087043625657 0.8662599740423288 2.7849660570992385 21.500000000000004 17.500000000000004 0.5829978614966419 0.89893979184904205 3.3293952267537636 68.191917789195955 15753.500000000002
decision_type=2 2 2 2 2 2 2 2 2 2
left_child=5 -2 3 -3 -4 7 -7 8 -1 -9
right_child=1 2 4 -5 -6 6 -8 9 -10 -11
leaf_value=-0.0083222285307333645 -0.029576151707262546 0.023937133598976375 -0.022689994268345344 -0.012441227420371322 0.0053129174490464583 -0.0068132168577186882 0.038237267337657845 -0.00049064915505844082 0.008012395213398792 -0.01601508507361029
leaf_weight=33.287350371479988 7.3307020962238303 14.023403868079187 17.381092723459009 8.0815896764397603 6.7258844375610343 7.7730085104703885 7.7304775714874268 373.89215497113764 120.83615013584495 26.146035619080067
leaf_count=175 40 73 118 50 41 40 40 1888 573 136
internal_value=-1.39716e-05 -0.00635608 -0.00267263 0.0106372 -0.0148771 0.000582121 0.0156502 0.000160569 0.00448447 -0.00150531
internal_weight=623.208 53.5427 46.212 22.105 24.107 569.665 15.5035 554.162 154.124 400.038
internal_count=3174 322 282 123 159 2852 80 2772 748 2024
is_linear=0
shrinkage=0.03


Tree=234
num_leaves=13
num_cat=0
split_feature=15 7 15 88 134 78 141 59 25 90 28 29
split_gain=2.71223 9.55188 6.79392 13.7738 11.273 10.2205 8.22764 5.58635 8.68407 8.31635 4.37129 1.42306
threshold=0.8186517036955161 2.5275424284513481 1.8202074717168617 992.50000000000011 64842.500000000007 0.010922996158159736 3358.5000000000005 3.064545678714 -1.4924572440071049 -0.44844762597023879 1.5769395549047707 1.731279279361293
decision_type=2 2 2 2 2 2 2 2 2 2 2 2
left_child=1 7 4 6 5 -2 -4 8 -1 -9 -6 -3
right_child=2 11 3 -5 10 -7 -8 9 -10 -11 -12 -13
leaf_value=0.016606934153665792 -0.0059951067114636337 -0.018478413898265402 -0.0034770739758264845 0.039956157516549837 -0.034637512098154792 0.021285373864858698 0.031888457867157702 0.020995230045770464 -0.00040600092314521918 -0.0077826561115262845 0.0038414247780683189 -0.04021781056642583
leaf_weight=31.880153372883797 16.478401515632868 5.3588660173118097 180.61537428200245 7.2042948305606833 6.3205878958106023 49.450370967388153 6.121137559413909 9.7528004944324476 176.49600395560265 123.25691197067499 4.5842364765703678 5.4825738593935966
leaf_count=152 91 34 948 33 45 236 27 44 869 633 31 31
internal_value=-1.40502e-05 -0.00174958 0.00224355 -0.000747462 0.00979338 0.0144668 -0.00231781 -0.000869192 0.00219686 -0.00567255 -0.0184615 -0.0294721
internal_weight=623.002 352.227 270.774 193.941 76.8336 65.9288 186.737 341.386 208.376 133.01 10.9048 10.8414
internal_count=3174 1763 1411 1008 403 327 975 1698 1021 677 76 65
is_linear=0
shrinkage=0.03


Tree=235
num_leaves=9
num_cat=0
split_feature=98 81 98 45 11 0 53 2
split_gain=2.58709 3.9267 3.40561 6.53995 7.78862 3.98447 6.63064 6.28036
threshold=0.02060853667402476 0.082764941191268135 0.11467139620329775 0.61167800453514742 2.9773409695405562 -0.064419526979667005 1.4753034790302271 81.736694677871157
decision_type=2 2 2 2 2 2 2 2
left_child=1 -1 3 4 -2 6 -4 -7
right_child=2 -3 5 -5 -6 7 -8 -9
leaf_value=-0.029966481559009887 0.045558132593660948 0.0015095262809325942 0.0010766617348065596 -0.011998170155969927 0.0080329870930879194 -0.0081276894268123203 0.020616234744013341 0.00081785054445958371
leaf_weight=6.4537988118827325 6.0450353771448126 7.9747834578156471 252.16303157433867 10.928099468350409 28.202877096831799 117.82110431790352 16.663187898695469 176.36537518538535
leaf_count=45 26 50 1202 54 141 644 74 938
internal_value=-1.4245e-05 -0.0125695 0.000283613 0.00820871 0.0146565 -0.000352295 0.00228782 -0.00276482
internal_weight=622.617 14.4286 608.189 45.176 34.2479 563.013 268.826 294.186
internal_count=3174 95 3079 221 167 2858 1276 1582
is_linear=0
shrinkage=0.03


Tree=236
num_leaves=12
num_cat=0
split_feature=36 102 108 36 60 3 139 19 99 75 82
split_gain=2.55334 8.3191 8.56374 6.33888 7.21379 6.13458 10.0189 8.13 4.93344 9.80766 7.91702
threshold=70.400000000000048 0.0044584629676475895 0.35021708224752818 60.000000000000007 6.7669451923805291 1.5296529789404818 14.500000000000002 5.1135287157534259 0.37193898487533966 0.58756515157620393 2.6693171519202448
decision_type=2 2 2 2 2 2 2 2 2 2 2
left_child=1 2 -1 4 -3 8 -7 -8 10 -10 -2
right_child=5 3 -4 -5 -6 6 7 -9 9 -11 -12
leaf_value=0.036023710171910632 -0.028683547223564476 -0.01275630045208539 -0.012103736324393837 -0.034028801198235162 0.016845923260921637 0.044110689675397372 0.018893289060741943 -0.023773863491164022 -0.004914899459331149 0.0083884247446227751 0.004598568612150555
leaf_weight=7.7380282878875715 6.6425540223717681 33.902218725532293 5.8379698693752289 8.940573610365389 9.4809130132198316 7.5342350378632572 10.495855115354063 6.5135318450629702 260.09943575039506 61.708485893905163 203.45639861002564
leaf_count=35 39 193 37 44 44 37 51 44 1309 288 1053
internal_value=-1.40718e-05 -0.00559787 0.0153279 -0.0110273 -0.00628706 0.00064721 0.0153111 0.00255444 -2.94213e-05 -0.00236391 0.00354631
internal_weight=622.35 65.8997 13.576 52.3237 43.3831 556.45 24.5436 17.0094 531.907 321.808 210.099
internal_count=3174 353 72 281 237 2821 132 95 2689 1597 1092
is_linear=0
shrinkage=0.03


Tree=237
num_leaves=11
num_cat=0
split_feature=71 42 143 14 21 138 113 19 2 15
split_gain=2.55423 4.82554 6.1208 3.54142 9.07704 8.58692 4.95736 8.55653 5.14571 3.33099
threshold=1.1650087590382259 3.3542977236189855 3.6610704049139211 2.0545670704923737 4.4499144238403963 5414.5000000000009 1.3584594925743272 3.3834037861565673 67.252012167417064 -0.44752992957838006
decision_type=2 2 2 2 2 2 2 2 2 2
left_child=1 2 9 4 -2 -6 7 -5 -8 -1
right_child=3 -3 -4 6 5 -7 8 -9 -10 -11
leaf_value=0.0024974823192891776 -0.014696157781409579 -0.036304142670020044 0.017328235194937976 0.0015956069305415391 0.029554773642824862 -0.00092359415799872762 -0.015557670908759699 -0.016134580749924871 0.0016945859425584425 -0.026534537827726207
leaf_weight=5.96613281965256 11.3871858343482 4.7858157232403746 8.3461930491030198 54.753954119980335 19.086031004786491 14.748095355927942 16.138475969433784 44.330663956701756 433.71750388480723 8.8076800592243689
leaf_count=29 54 38 48 276 90 78 97 242 2168 54
internal_value=-1.41621e-05 -0.00888444 -0.00320859 0.000402446 0.00847198 0.0162694 -0.000262317 -0.00633692 0.00107567 -0.0148105
internal_weight=622.068 27.9058 23.12 594.162 45.2213 33.8341 548.941 99.0846 449.856 14.7738
internal_count=3174 169 131 3005 222 168 2783 518 2265 83
is_linear=0
shrinkage=0.03


Tree=238
num_leaves=14
num_cat=0
split_feature=15 7 24 10 44 15 141 2 98 116 90 128 123
split_gain=2.5916 9.13027 6.36726 6.63719 7.34269 6.35926 8.95606 8.56127 5.03781 10.2332 6.35743 4.63666 1.54335
threshold=0.8186517036955161 2.5275424284513481 -3.6410253007926854 1.5605229404156642 2.4502010925152322 1.8202074717168617 3358.5000000000005 83.700106541800139 1.9483875475032144 6.5000000000000009 -0.50535663529556529 0.58460728817700247 0.24759308032376201
decision_type=2 2 2 2 2 2 2 2 2 2 2 2 2
left_child=1 8 3 11 -5 7 -7 -4 10 -10 -1 -2 -3
right_child=2 12 5 4 -6 6 -8 -9 9 -11 -12 -13 -14
leaf_value=0.028790806218997479 0.012258458788674027 -0.040194279485688579 -0.0032800208819909358 0.018931761278671213 -0.024223178429861988 -0.0038794476994393739 0.033632826846614089 0.018112563516503144 -0.010730402534551608 0.012980652367048529 -0.0035296348960920389 0.043178480548513365 -0.017367944530788579
leaf_weight=5.5964298695325843 9.0258743688464218 5.4558052457869035 31.142969444394112 7.9560991525650007 6.4051408804953098 164.76107471436262 5.9344442486762992 36.650871027261019 23.433164782822132 54.436498321592808 257.38464069366455 8.4523047395050508 5.2130853831768036
leaf_count=25 46 33 169 40 40 867 26 184 114 271 1288 39 32
internal_value=-1.4206e-05 -0.00171258 0.00219426 0.0147952 -0.000315425 0.00051198 -0.00257529 0.00828529 -0.000857191 0.00584533 -0.00284183 0.0272111 -0.0290408
internal_weight=621.848 351.52 270.329 31.8394 14.3612 238.489 170.696 67.7938 340.851 77.8697 262.981 17.4782 10.6689
internal_count=3174 1763 1411 165 80 1246 893 353 1698 385 1313 85 65
is_linear=0
shrinkage=0.03


Tree=239
num_leaves=11
num_cat=0
split_feature=63 68 124 160 60 39 56 56 42 83
split_gain=2.56505 7.59054 7.21581 9.77192 9.68213 7.21055 8.1432 12.0228 11.5509 3.82268
threshold=0.54964788732394376 6.1038820992092022 0.51996594805177709 0.75000000000000011 1.651806084381904 4.2587448363181135 0.34302201670810445 0.45651678196823614 0.39151044277944053 3.4753903125512133
decision_type=2 2 2 2 2 2 2 2 2 2
left_child=1 2 4 -4 -1 6 8 -8 -2 -3
right_child=5 9 3 -5 -6 -7 7 -9 -10 -11
leaf_value=0.010205941808645756 -0.014337424142394863 -0.0023723649336470256 0.018742959562440702 0.0011849732449822124 -0.0053179871779518743 0.022749220081662015 -0.026274130983816101 -0.0034399941882057778 0.004359410077111851 -0.032972662282786246
leaf_weight=50.856775857508183 36.532378286123276 6.7554939836263648 50.39237418025732 65.751013290137053 125.10974779352546 10.315752141177652 28.044352605938911 79.820978095754981 159.91678029671311 8.0552504789084178
leaf_count=251 194 32 251 338 623 52 151 424 806 52
internal_value=-1.43055e-05 0.00193697 0.0029993 0.00880304 -0.000831356 -0.00191776 -0.00275393 -0.00937674 0.000882481 -0.0190152
internal_weight=621.551 306.921 292.11 116.143 175.967 314.63 304.314 107.865 196.449 14.8107
internal_count=3174 1547 1463 589 874 1627 1575 575 1000 84
is_linear=0
shrinkage=0.03


Tree=240
num_leaves=10
num_cat=0
split_feature=132 103 124 93 87 26 44 51 75
split_gain=2.58103 6.35276 5.01627 4.54644 3.73292 5.19342 3.61145 8.43562 3.84795
threshold=1.9706018338861913 0.25413577990777664 0.93275772623980402 4.266990349933125 306.50000000000006 -1.0425009882961351 4.4024512609074042 165.00000000000003 0.50904426642515055
decision_type=2 2 2 2 2 2 2 2 2
left_child=4 -2 -3 -4 5 -1 8 -8 -6
right_child=1 2 3 -5 6 -7 7 -9 -10
leaf_value=-0.027829347985574349 -0.037187960268655562 0.012759700668420118 -0.029090916465832686 0.0087398860625834893 -0.0012263459149842659 0.0067404125012805217 -0.032063222577697448 -0.00017923354119249237 0.0038724632622380889
leaf_weight=9.6254846453666705 5.6843050979077843 11.123019672930242 7.7119474187493307 4.5434499345719814 251.55373125895858 6.5880943015217772 9.7866988964378816 31.523797139525414 283.15063704177737
leaf_count=52 31 55 53 29 1307 31 71 176 1369
internal_value=-1.45002e-05 -0.00874315 -0.00182698 -0.0150659 0.000413845 -0.0137826 0.000813443 -0.00773274 0.00147371
internal_weight=621.291 29.0627 23.3784 12.2554 592.228 16.2136 576.015 41.3105 534.704
internal_count=3174 168 137 82 3006 83 2923 247 2676
is_linear=0
shrinkage=0.03


Tree=241
num_leaves=12
num_cat=0
split_feature=117 14 144 13 51 28 137 124 2 1 104
split_gain=2.50408 14.2271 8.54086 10.49 7.64038 5.74928 8.48106 5.61465 4.44675 6.27197 5.49095
threshold=1.5000000000000002 2.0319216908821733 4.9713909558018914 10.001895700630552 495.00000000000006 1.4631672000959641 268.50000000000006 0.67400489318685541 67.252012167417064 57.936397722538544 0.44644673148447639
decision_type=2 2 2 2 2 2 2 2 2 2 2
left_child=2 -2 5 4 -4 7 -7 -1 10 -10 -3
right_child=1 8 3 -5 -6 6 -8 -9 9 -11 -12
leaf_value=-0.03836062358382844 0.040981690277171731 -0.034519471867824919 0.012964277301036373 -0.032683343499568071 -0.0094251096277399131 -0.016568768968367061 0.023986435277954892 -0.0042613005284046516 0.021686897152950604 0.0002527834142556753 -0.0012574159352710004
leaf_weight=12.817411825060846 7.8403886556625357 7.2495638057589558 44.365607805550098 6.9797317236661902 19.857059568166733 15.494297169148924 6.6252875924110404 6.5752190873026839 12.6172788888216 468.96972945332527 11.636424571275709
leaf_count=66 36 44 231 41 109 80 30 36 61 2372 68
internal_value=-1.45055e-05 0.00088254 -0.00405995 0.0022456 0.00604168 -0.0148753 -0.00442162 -0.026799 0.000254348 0.000814344 -0.0140254
internal_weight=621.028 508.313 112.715 71.2024 64.2227 41.5122 22.1196 19.3926 500.473 481.587 18.886
internal_count=3174 2581 593 381 340 212 110 102 2545 2433 112
is_linear=0
shrinkage=0.03


Tree=242
num_leaves=8
num_cat=0
split_feature=64 79 24 132 42 10 92
split_gain=2.50253 5.71117 3.52596 3.62927 7.89503 3.72508 3.06042
threshold=0.14671180310515178 1.6104034762880308 -0.10569367406074906 1.9706018338861913 2.7299038825419841 -6.392479352386375 4.7837824984523367
decision_type=2 2 2 2 2 2 2
left_child=1 -1 3 5 -5 -2 -3
right_child=2 6 -4 4 -6 -7 -8
leaf_value=0.014099867086792296 0.020029572329617693 -0.032662854763217779 0.02285411803955361 -0.01936158970614996 0.019024860335203522 0.00030123029342437382 -0.0030134196928177236
leaf_weight=5.8254723548889187 8.7485613189637643 8.3229067474603635 6.188067138195037 21.090325132012371 6.2515084743499747 559.3468471840024 5.0248731821775428
leaf_count=30 41 45 27 127 33 2836 35
internal_value=-1.46855e-05 -0.0106843 0.000325347 9.1217e-05 -0.0105848 0.000605043 -0.0215011
internal_weight=620.799 19.1733 601.625 595.437 27.3418 568.095 13.3478
internal_count=3174 110 3064 3037 160 2877 80
is_linear=0
shrinkage=0.03


Tree=243
num_leaves=7
num_cat=0
split_feature=47 7 121 76 53 143
split_gain=2.48232 2.98804 10.4304 3.68252 8.26343 6.25676
threshold=1.5000000000000002 -6.6769976498981327 0.37246269659900527 0.67117117117117131 0.21505511543052083 1.9316937660041933
decision_type=2 2 2 2 2 2
left_child=-1 2 -2 5 -5 -3
right_child=1 3 -4 4 -6 -7
leaf_value=-0.015714318536622859 -0.015670975763354703 -0.01477850902298988 0.034089199449851899 -0.0082449801700782005 0.020064171842848855 -2.5776907454695285e-05
leaf_weight=8.9333150237798673 6.5362827926874152 27.200388111174107 9.0274236947298032 15.396602861583231 23.359622031450272 530.18284067884088
leaf_count=43 30 134 39 75 107 2746
internal_value=-1.44595e-05 0.000214821 0.0131914 -0.000123966 0.00881786 -0.000745713
internal_weight=620.636 611.703 15.5637 596.139 38.7562 557.383
internal_count=3174 3131 69 3062 182 2880
is_linear=0
shrinkage=0.03


Tree=244
num_leaves=10
num_cat=0
split_feature=107 128 27 107 101 142 36 141 2
split_gain=2.45612 4.98419 7.02467 3.33804 9.9583 7.7295 5.24379 9.72374 5.47873
threshold=1.0228842278210335 0.33261668243592185 1.1301207794628618 0.66985749623291757 0.25569186583548448 4.0633225520272136 48.88333333333339 112.50000000000001 94.782196969696983
decision_type=2 2 2 2 2 2 2 2 2
left_child=3 -2 -3 6 -5 -6 7 -1 -8
right_child=1 2 -4 4 5 -7 8 -9 -10
leaf_value=0.016109740275998138 -0.030171946577666382 0.017798863468743022 -0.023274079687701441 -0.017268540551492077 0.0044511004031877101 0.034150075721394044 -0.00034283248392143201 -0.022681129186670007 0.012656365727713443
leaf_weight=7.8931891880929497 7.2743699848651913 8.6498396322131139 6.6126190647482863 10.334874860942362 19.416932381689548 13.28200940787792 493.91333803348243 22.098975682631135 31.012465469539165
leaf_count=41 40 41 38 52 95 60 2506 136 165
internal_value=-1.41566e-05 -0.00973638 3.58341e-06 0.000352275 0.0084013 0.0165146 -0.000271927 -0.0124723 0.000425156
internal_weight=620.489 22.5368 15.2625 597.952 43.0338 32.6989 554.918 29.9922 524.926
internal_count=3174 119 79 3055 207 155 2848 177 2671
is_linear=0
shrinkage=0.03


Tree=245
num_leaves=10
num_cat=0
split_feature=85 45 84 108 87 84 84 63 63
split_gain=2.47547 3.9214 3.55024 7.24305 8.71002 7.90294 5.55401 9.31052 8.63491
threshold=1.0103230763395026 0.6641025641025643 0.62381173432721782 0.36177465389668823 597.50000000000011 0.45518051394894005 0.83038774834979312 0.53614982578397219 0.34127434297598797
decision_type=2 2 2 2 2 2 2 2 2
left_child=1 -1 3 5 -5 -2 8 -8 -4
right_child=2 -3 6 4 -6 -7 7 -9 -10
leaf_value=-0.0025241945752894454 0.0072678632595517892 0.02949071603859078 -0.0099431183543109182 0.016953981049879285 -0.013551493597870862 -0.015223183713969119 0.00408109038556515 -0.0057941950913676038 0.009194489887621447
leaf_weight=7.317941986024378 18.22635256499052 6.5033863633871078 25.853411123156548 23.523052826523781 13.123299323022364 61.523935653269291 159.34333747625351 186.48505800589919 118.3720597922802
leaf_count=35 83 30 129 110 65 310 823 1005 584
internal_value=-1.41324e-05 0.0125399 -0.000300245 -0.00501006 0.00602977 -0.010083 0.000818422 -0.00124407 0.00576394
internal_weight=620.272 13.8213 606.451 116.397 36.6464 79.7503 490.054 345.828 144.225
internal_count=3174 65 3109 568 175 393 2541 1828 713
is_linear=0
shrinkage=0.03


Tree=246
num_leaves=11
num_cat=0
split_feature=29 110 124 110 15 69 0 11 127 109
split_gain=2.48797 9.13399 7.26003 7.05155 6.44249 11.6184 7.22861 5.47002 6.07301 4.55225
threshold=1.8059609407995911 1.3508954736685832 0.34046275444019031 10.966515084368586 0.8186517036955161 3.6109972912155301 -0.11313491858156734 9.1679929852997688 0.8929840612086718 0.29860679078522329
decision_type=2 2 2 2 2 2 2 2 2 2
left_child=3 2 -2 7 5 -3 -6 9 -9 -1
right_child=1 4 -4 -5 6 -7 -8 8 -10 -11
leaf_value=-0.00079233836914293471 -0.0015651529022129946 -0.021828401995543929 0.036321620677889278 0.025728088940666426 -0.011108802579696314 -0.00040553781776653735 0.0073614473316263021 -0.020065412427913029 0.014952500339725349 0.0060413730324901278
leaf_weight=255.00181359238923 9.0919390916824359 42.839569751173258 9.1162353456020337 10.351660937070845 28.980856202542782 48.668623358011246 55.76391476392746 20.755080610513691 5.6762301325798026 133.74576429463923
leaf_count=1328 45 229 40 49 143 236 290 125 30 659
internal_value=-1.40426e-05 -0.00282529 0.0174035 0.00127066 -0.00491507 -0.0104347 0.00104503 0.00066086 -0.0125452 0.00155875
internal_weight=619.992 194.461 18.2082 425.531 176.253 91.5082 84.7448 415.179 26.4313 388.748
internal_count=3174 983 85 2191 898 465 433 2142 155 1987
is_linear=0
shrinkage=0.03


Tree=247
num_leaves=11
num_cat=0
split_feature=81 39 61 61 83 8 58 9 57 119
split_gain=2.46727 6.66463 6.5417 8.00379 6.1123 4.32753 6.26506 6.5017 5.06848 5.03722
threshold=0.061061871621297052 4.0114597997717043 0.67547585886722394 0.65841139701522888 2.4040973980310905 -4.2085558018510794 4.6244532858285972 1.3212190124098442 1.2364664577279607 0.60023640661938538
decision_type=2 2 2 2 2 2 2 2 2 2
left_child=1 2 3 -1 -4 9 8 -8 -7 -2
right_child=5 -3 4 -5 -6 6 7 -9 -10 -11
leaf_value=-0.00053996308824056153 -0.040035917889795783 0.022522884845020096 0.017607330524233234 0.029784361955301673 -0.010177154577180336 -0.008593298594322861 -0.0045338728154019703 0.020485853027847622 0.0022831401330115409 0.0013061010084880894
leaf_weight=127.99053966626525 4.7922120466828328 9.442887391895054 7.6242052987217894 8.34420248121023 109.03744165599346 45.356520444154739 13.504837717860935 30.366677403450012 257.36846629530191 5.940527405589819
leaf_count=643 28 51 35 38 582 253 74 155 1281 34
internal_value=-1.41162e-05 -0.00222281 -0.00314642 0.001316 -0.00836135 0.00160805 0.00218901 0.0127841 0.000653551 -0.0171533
internal_weight=619.769 262.439 252.996 136.335 116.662 357.329 346.597 43.8715 302.725 10.7327
internal_count=3174 1349 1298 681 617 1825 1763 229 1534 62
is_linear=0
shrinkage=0.03


Tree=248
num_leaves=13
num_cat=0
split_feature=87 150 150 138 55 60 48 39 100 102 121 121
split_gain=2.47876 3.81866 7.11767 6.32531 4.39169 4.84305 3.81561 9.84666 7.75004 5.23113 9.07783 6.06157
threshold=339.50000000000006 0.661709527292907 0.52966629996332981 2844.5000000000005 0.47933848762874914 5.2550389864785707 0.74225632809296593 2.4482128665091407 1.1190803685405608 0.0067590232169155934 0.17532057416267946 0.63913916960915629
decision_type=2 2 2 2 2 2 2 2 2 2 2 2
left_child=1 2 3 -1 5 -3 7 8 -2 11 -11 -8
right_child=6 4 -4 -5 -6 -7 9 -9 -10 10 -12 -13
leaf_value=0.0098741103734421055 -0.019794068745463352 0.00018076854266200638 0.023506073362045271 -0.01886985864778434 -0.033741033615649105 -0.027680018396541554 -0.0060946112702742819 0.021434367625026613 0.017522125538735164 0.023894021724845976 0.0027099124301040033 0.0039610587971864409
leaf_weight=12.308454841375353 32.372532062232494 21.553801216185096 9.7900203019380552 15.652129925787447 6.8700147941708556 7.5936661064624777 131.3628801908344 8.6405515819787961 5.9259262830018988 19.5977668389678 256.27758611366153 91.553396914154291
leaf_count=62 166 113 48 87 39 41 694 41 29 88 1268 498
internal_value=-1.40985e-05 -0.00517556 0.00149154 -0.00621655 -0.0121635 -0.00707768 0.000683593 -0.00749365 -0.0140201 0.00145312 0.0042148 -0.00196467
internal_weight=619.499 73.7681 37.7506 27.9606 36.0175 29.1475 545.731 46.939 38.2985 498.792 275.875 222.916
internal_count=3174 390 197 149 193 154 2784 236 195 2548 1356 1192
is_linear=0
shrinkage=0.03


Tree=249
num_leaves=10
num_cat=0
split_feature=139 147 65 139 86 90 123 36 36
split_gain=2.46044 4.20735 4.04497 3.76961 8.4882 6.2914 5.23475 5.4319 5.20931
threshold=393.50000000000006 4.4655739550806741 1.4894573643410853 277.50000000000006 24560.000000000004 1.4001615078402787 0.012962939756834825 151.58333333333334 328.29166666666674
decision_type=2 2 2 2 2 2 2 2 2
left_child=3 2 -2 6 5 -5 7 -1 -8
right_child=1 -3 -4 4 -6 -7 8 -9 -10
leaf_value=0.0065131422495611751 -0.015695546277820018 -0.024661991487457974 0.015521376182548218 0.017001807773074924 0.030450649484283436 -0.023085683733128845 -0.00086752898399943738 -0.018289663099677552 0.0065238295480914621
leaf_weight=11.321243837475775 7.1204996556043643 9.7206030786037427 7.8588858842849731 6.6999719515442866 11.720672365278004 7.4318626001477242 422.99810098670423 26.661510922014713 107.65881920605898
leaf_count=57 38 52 36 31 55 36 2182 147 540
internal_value=-1.41689e-05 -0.00929186 0.000682311 0.000371301 0.0115751 -0.00408001 -0.000138064 -0.0108969 0.000632018
internal_weight=619.192 24.7 14.9794 594.492 25.8525 14.1318 568.64 37.9828 530.657
internal_count=3174 126 74 3048 122 67 2926 204 2722
is_linear=0
shrinkage=0.03


Tree=250
num_leaves=10
num_cat=0
split_feature=42 51 51 143 130 54 102 9 142
split_gain=2.47324 6.61726 8.39834 6.58883 4.40431 4.1662 12.0552 4.09253 2.231
threshold=4.4024512609074042 165.00000000000003 465.00000000000006 3.9863035063029177 0.30434453890882601 0.036604928100504107 0.027271896413390281 4.5997012885679149 5.2417534040076115
decision_type=2 2 2 2 2 2 2 2 2
left_child=4 8 3 -3 5 6 -1 -7 -2
right_child=1 2 -4 -5 -6 7 -8 -9 -10
leaf_value=-0.01118202295739496 -0.038008755741901386 -0.01542394784267434 -0.023752473372251049 0.019606396142807337 0.025404767887188418 -0.00023949077737351373 0.032500715212171023 0.0064009886448915775 -0.0097125705728332463
leaf_weight=58.436260301619768 6.6861699335277063 6.8074760064482716 9.693034637719391 16.655675955116749 6.32541350275278 398.34320716746151 6.2987430319190016 105.69102564454079 4.0128428041934967
leaf_count=317 49 39 59 87 28 1973 28 565 29
internal_value=-1.40249e-05 -0.00688133 -0.000261608 0.00944288 0.000509657 0.000232793 -0.00693167 0.00115295 -0.0273958
internal_weight=618.95 43.8552 33.1562 23.4632 575.095 568.769 64.735 504.034 10.699
internal_count=3174 263 185 126 2911 2883 345 2538 78
is_linear=0
shrinkage=0.03


Tree=251
num_leaves=11
num_cat=0
split_feature=76 146 36 136 26 46 121 46 55 118
split_gain=2.49855 3.38645 3.28424 7.07736 8.7386 5.4736 4.95712 8.76444 5.15289 2.55479
threshold=0.072476697546283761 30.195884480144198 329.43333333333339 745.50000000000011 -0.52746906121071746 37.39802631578948 0.092586713231208831 97.225000000000009 1.2400425137983553 0.5376959658831022
decision_type=2 2 2 2 2 2 2 2 2 2
left_child=1 9 6 4 -4 -5 7 -2 -8 -1
right_child=2 -3 3 5 -6 -7 8 -9 -10 -11
leaf_value=-0.0053293554014881917 -0.0009199271285808882 0.010820156887181798 -0.0021263112055406016 -0.0039818029407706458 0.023880145584717356 0.030588043633707835 -0.00098561223365833234 0.038287039424108819 -0.021369844434193732 -0.036172007671789484
leaf_weight=4.4273654874414188 14.50978806614876 3.9294499941170207 85.350420039147139 5.7407124191522625 13.462651327252386 14.620071299374102 451.96135384216905 7.9391745775938025 11.44363736361265 5.3233625404536724
leaf_count=36 72 27 429 31 60 69 2309 35 63 43
internal_value=-1.40176e-05 -0.0126924 0.000272651 0.00473551 0.0014169 0.0208411 -0.000822033 0.0129458 -0.00148899 -0.0221678
internal_weight=618.708 13.6802 605.028 119.174 98.8131 20.3608 485.854 22.449 463.405 9.75073
internal_count=3174 106 3068 589 489 100 2479 107 2372 79
is_linear=0
shrinkage=0.03


Tree=252
num_leaves=15
num_cat=0
split_feature=113 56 10 51 108 42 70 162 2 65 28 69 104 13
split_gain=2.48462 8.27207 8.45865 6.19635 7.61516 6.62053 5.75388 5.09679 5.4036 7.9384 6.96455 4.62998 5.17915 3.86836
threshold=1.3584594925743272 0.079900502044876628 -0.14774704298570859 435.00000000000006 0.52742454237712189 2.2334948649744724 3.0235936570419994 1.0000000180025095e-35 81.061875234476773 0.35282292829462647 1.1609986928787897 1.0073901506419285 0.50634433947858393 6.2291935556977451
decision_type=2 2 2 2 2 2 2 2 2 2 2 2 2 2
left_child=1 2 6 4 -3 -5 -1 11 10 -10 -9 -2 -13 -4
right_child=7 3 13 5 -6 -7 -8 8 9 -11 -12 12 -14 -15
leaf_value=-0.024376271949322254 0.022533348211161316 0.00039292939015881235 0.010671043309015023 -0.030280783220835602 -0.027993397600814957 -0.0024034775704695698 0.012235277160825762 0.011914982953202907 0.029678475092494098 0.0036208965063493723 -0.0051622336228270326 0.00061475332869064187 -0.019826178284564018 0.042261578685034489
leaf_weight=7.1205248273909119 4.0783862024545661 74.91006214171648 6.5066548585891706 18.053050685673956 9.5950250774621946 13.327245373278855 8.4458154737949354 25.750475890934467 10.971789319068192 256.79654108546674 130.004120670259 19.908339373767376 25.374616095796227 7.5212777554988861
leaf_count=41 20 376 29 110 57 78 40 134 52 1292 679 101 132 33
internal_value=-1.38673e-05 -0.00344238 0.0107135 -0.00705745 -0.00283016 -0.0184413 -0.00451198 0.00104089 0.00210417 0.0046886 -0.0023389 -0.0080821 -0.0108395 0.0276088
internal_weight=618.364 145.48 29.5943 115.885 84.5051 31.3803 15.5663 472.884 423.523 267.768 155.755 49.3613 45.283 14.0279
internal_count=3174 764 143 621 433 188 81 2410 2157 1344 813 253 233 62
is_linear=0
shrinkage=0.03


Tree=253
num_leaves=13
num_cat=0
split_feature=125 93 97 115 148 124 143 56 116 124 101 141
split_gain=2.46566 8.67771 8.87299 6.31479 4.77751 3.47645 6.46942 9.53402 4.65036 4.07475 6.80057 4.50881
threshold=0.28804607054699899 0.8662599740423288 1.4503563842505185 9.5000000000000018 25.500000000000004 0.075700055152137194 2.1416739458382614 0.51254276930378118 3.5000000000000004 0.10209549408564957 0.34950116348116311 214.50000000000003
decision_type=2 2 2 2 2 2 2 2 2 2 2 2
left_child=5 -2 4 -4 -3 6 8 -8 -1 10 -7 -11
right_child=1 2 3 -5 -6 9 7 -9 -10 11 -12 -13
leaf_value=-0.00021065324305996361 -0.040519524114676318 0.0024975255255357785 -0.017133866095323112 0.015445833213476697 0.039571175925219075 -0.0057049851521343183 -0.0084266375003588991 0.026894943874109119 -0.033043923229734241 0.0052553735777879649 0.037269759850431919 -0.00097680251493279251
leaf_weight=5.8947378769516972 5.9112929031252852 6.8261662274599058 25.25273559242487 6.79513145238161 5.774892196059227 6.0945327132940275 27.381988681852818 9.1845264136791211 11.37273298949003 148.65148604288697 7.2641371041536331 351.58817169256508
leaf_count=28 34 41 169 37 28 30 154 49 64 754 35 1751
internal_value=-1.40575e-05 -0.00636223 -0.00183997 -0.010226 0.0194879 0.000551587 -0.00670138 0.000445195 -0.0218354 0.00131182 0.0176637 0.000875154
internal_weight=617.993 50.5602 44.6489 32.0479 12.6011 567.432 53.834 36.5665 17.2675 513.598 13.3587 500.24
internal_count=3174 309 275 206 69 2865 295 203 92 2570 65 2505
is_linear=0
shrinkage=0.03


Tree=254
num_leaves=9
num_cat=0
split_feature=98 63 98 21 107 54 70 70
split_gain=2.49772 3.7477 3.15604 7.03992 7.89614 6.15347 3.58999 4.6996
threshold=0.02060853667402476 0.34266144814090022 0.13455997867935252 4.8200609838820192 0.36899467604377406 0.10384660694275095 1.3676716539928477 1.8199268872238479
decision_type=2 2 2 2 2 2 2 2
left_child=1 -1 3 5 -5 -2 -4 -8
right_child=2 -3 6 4 -6 -7 7 -9
leaf_value=-0.033447284885292618 -0.0082602778817017792 -0.0011773755751620066 -0.019490969427081464 0.0061035130798091477 -0.028108837850519975 0.02729430166714732 0.0092352915416283685 -0.00096123814636049556
leaf_weight=4.9709505178034297 5.6964139193296459 9.2964442912489158 8.7496653869748098 25.519229501485825 7.966883271932601 18.971613496541977 44.346727624535561 492.2382757794112
leaf_count=36 29 59 55 128 42 87 228 2510
internal_value=-1.42011e-05 -0.0124206 0.000279106 0.00692264 -0.00203615 0.0190839 -0.000429356 -0.000118533
internal_weight=617.756 14.2674 603.489 58.1541 33.4861 24.668 545.335 536.585
internal_count=3174 95 3079 286 170 116 2793 2738
is_linear=0
shrinkage=0.03


Tree=255
num_leaves=8
num_cat=0
split_feature=136 53 47 17 53 148 118
split_gain=2.39427 3.18748 7.29823 7.35124 5.44662 7.92066 4.67221
threshold=1049.0000000000002 0.85248320980968317 12.500000000000002 3.3480084000958485 0.62901263895932824 14.500000000000002 0.039258599847940362
decision_type=2 2 2 2 2 2 2
left_child=1 4 3 -3 6 -6 -1
right_child=-2 2 -4 -5 5 -7 -8
leaf_value=0.024126817384585032 0.013456665371577121 0.0027888645327306893 -0.019892982424284104 0.024536292501961595 -0.029043777694810133 -0.001932518192177496 -0.00058460785874796446
leaf_weight=6.9875982105731955 11.650962717831133 54.420437105000019 9.2559555321931821 18.829142808914185 14.912290830165146 27.73931660503149 473.78306592255831
leaf_count=33 56 258 54 87 92 142 2452
internal_value=-1.40576e-05 -0.000273077 0.00520741 0.00837914 -0.00113695 -0.0114114 -0.000225448
internal_weight=617.579 605.928 82.5055 73.2496 523.422 42.6516 480.771
internal_count=3174 3118 399 345 2719 234 2485
is_linear=0
shrinkage=0.03


Tree=256
num_leaves=8
num_cat=0
split_feature=87 26 97 25 118 42 123
split_gain=2.40863 5.57418 5.42287 3.75603 3.32046 3.59361 3.26859
threshold=316.50000000000006 -1.0425009882961351 1.4621987973224979 -1.1968203371708341 0.02213884161122286 0.041803034400998286 0.079700106147058511
decision_type=2 2 2 2 2 2 2
left_child=1 3 -3 -1 -2 -6 -7
right_child=4 2 -4 -5 5 6 -8
leaf_value=-0.03230354468230507 0.023257460445187377 -0.018550236819641106 0.01792725857005617 -0.0056037250730175021 -0.016947955733816692 -0.0031500715078607929 0.0019542164295330601
leaf_weight=9.2874602302908915 5.6871706694364539 5.612599894404414 10.586210422217844 9.688759505748747 10.766313344240187 155.82960601896048 409.94693165831268
leaf_count=54 26 29 53 51 59 792 2110
internal_value=-1.39156e-05 -0.00763736 0.00528845 -0.0186713 0.00044665 0.000221638 0.000548362
internal_weight=617.405 35.175 16.1988 18.9762 582.23 576.543 565.777
internal_count=3174 187 82 105 2987 2961 2902
is_linear=0
shrinkage=0.03


Tree=257
num_leaves=15
num_cat=0
split_feature=113 67 142 51 107 67 131 2 121 21 65 140 100 100
split_gain=2.39638 5.88547 8.93258 9.05128 8.51846 9.07565 7.68347 5.02423 4.88786 8.32654 5.064 4.86489 4.71144 0.646958
threshold=1.3584594925743272 2.2165418430478678 3.7996052615651421 375.00000000000006 0.30580159536725221 2.7168690958164645 0.58328253200487246 67.252012167417064 0.13211600429645545 5.240437597588353 0.37418760360946635 21.500000000000004 0.86440608341851954 0.64813504230120289
decision_type=2 2 2 2 2 2 2 2 2 2 2 2 2 2
left_child=1 2 3 -1 5 -3 -4 12 9 -9 -10 -6 13 -2
right_child=7 4 6 -5 11 -7 -8 8 10 -11 -12 -13 -14 -15
leaf_value=0.012214483331534139 -0.022040191144927571 0.029496860145842886 -0.026119931092380672 -0.013881495233825989 -0.0023614997134622827 0.0007393213431512414 0.01191533312529194 0.036067697461518632 0.016192764798340777 -0.0054855535134635466 0.00030070374993423861 -0.034960957243089633 0.0015062241771676831 -0.038692671666922869
leaf_weight=25.258705362677574 3.9386447370052355 15.294899210333822 29.732902623713017 22.723428666591644 12.076438471674921 27.881592687219381 5.6956473439931861 9.5337906926870364 18.856189124286175 7.9668000787496558 419.8820331171155 6.2533665895462027 7.7284244373440734 4.4972082227468491
leaf_count=117 31 72 164 123 67 154 30 41 90 40 2140 37 39 29
internal_value=-1.37197e-05 -0.00338847 -0.00858006 -0.000144077 0.00365203 0.0109264 -0.0200052 0.00102154 0.00160388 0.0171514 0.000983716 -0.0134831 -0.0154153 -0.0309177
internal_weight=617.32 144.917 83.4107 47.9821 61.5063 43.1765 35.4285 472.403 456.239 17.5006 438.738 18.3298 16.1643 8.43585
internal_count=3174 764 434 240 330 226 194 2410 2311 81 2230 104 99 60
is_linear=0
shrinkage=0.03


Tree=258
num_leaves=11
num_cat=0
split_feature=101 121 101 127 55 50 42 99 156 54
split_gain=2.40342 3.51291 3.25882 7.83265 8.07093 6.26044 3.70328 7.15772 6.48447 0.196267
threshold=2.8744277633476769 0.2372189175791988 2.1490629686548872 0.14099204411391056 0.1197945475898209 810.00000000000011 0.65812167908259311 0.37543931661968383 0.70000000000000007 0.3514134490689596
decision_type=2 2 2 2 2 2 2 2 2 2
left_child=2 -2 6 4 -4 -5 7 -1 -8 -3
right_child=1 9 3 5 -6 -7 8 -9 -10 -11
leaf_value=0.0017373308674779398 0.0072014876000189064 -0.02436283767051382 -0.006887467228854925 -0.023764397501250027 0.034279789361159503 0.012718703314765574 0.0019029691928152178 -0.011545421907284397 -0.015680861045831457 -0.035610708388546325
leaf_weight=78.406080469489098 3.794675409793852 2.6926570944488049 6.2077770158648518 8.7750728726387042 13.845774807035921 8.1785311549901945 404.00687266886234 68.334976568818092 19.800204373896122 2.899831285700202
leaf_count=415 21 32 33 42 65 40 2037 350 108 31
internal_value=-1.39212e-05 -0.0150779 0.000218828 0.00884587 0.0215361 -0.00616471 -0.000340743 -0.00444824 0.00108146 -0.0301951
internal_weight=616.942 9.38716 607.555 37.0072 20.0536 16.9536 570.548 146.741 423.807 5.59249
internal_count=3174 84 3090 180 98 82 2910 765 2145 63
is_linear=0
shrinkage=0.03


Tree=259
num_leaves=9
num_cat=0
split_feature=98 39 98 81 107 81 146 75
split_gain=2.42166 3.6749 2.94322 6.06154 7.20754 3.47933 6.02033 5.31435
threshold=0.02060853667402476 1.8798436741510376 0.11467139620329775 0.18191144878281454 0.04139336458746707 0.18872604352936706 41.816335843018933 0.62669512946085593
decision_type=2 2 2 2 2 2 2 2
left_child=1 -1 3 4 -2 7 -7 -4
right_child=2 -3 5 -5 -6 6 -8 -9
leaf_value=-2.6570418787228055e-05 0.042239497446223358 -0.031319363090488508 -0.0019955029459593136 -0.019495365629026932 0.006547080914541612 0.0031899069575800688 0.033871846350926396 0.0093977601582550391
leaf_weight=8.6345428153872472 6.0350094363093367 5.5475440118461838 464.28405973874032 6.3539772108197203 32.582415871322155 46.739574074745178 6.5640079677104941 40.022794388234615
leaf_count=46 28 49 2376 32 161 256 33 193
internal_value=-1.38436e-05 -0.0122672 0.000274547 0.00765736 0.012125 -0.000320879 0.0069682 -0.00109131
internal_weight=616.764 14.1821 602.582 44.9714 38.6174 557.61 53.3036 504.307
internal_count=3174 95 3079 221 189 2858 289 2569
is_linear=0
shrinkage=0.03


Tree=260
num_leaves=6
num_cat=0
split_feature=4 84 84 134 84
split_gain=2.5193 2.71624 3.3333 9.57926 4.83704
threshold=12.040860236512403 0.39998011553061363 0.62381173432721782 13699.000000000002 0.83038774834979312
decision_type=2 2 2 2 2
left_child=-1 -2 3 -3 -4
right_child=1 2 4 -5 -6
leaf_value=-0.020467357192230005 0.014956741774703308 0.0040772838503354333 0.0055375464669169677 -0.013469389022068082 -0.00098412003698781537
leaf_weight=5.3725404739379874 10.974091053009031 55.525057733058929 146.03180900216103 56.490219287574291 342.21011332422495
leaf_count=26 51 265 723 290 1819
internal_value=-1.36883e-05 0.000166093 -0.000104314 -0.00477165 0.000966492
internal_weight=616.604 611.231 600.257 112.015 488.242
internal_count=3174 3148 3097 555 2542
is_linear=0
shrinkage=0.03


Tree=261
num_leaves=9
num_cat=0
split_feature=42 85 102 101 130 54 102 48
split_gain=2.38024 5.32445 6.26103 6.86807 4.10831 3.83287 11.2836 3.98834
threshold=4.4024512609074042 2.2124097777713594 0.017521055218004643 0.73119726519460326 0.30434453890882601 0.036604928100504107 0.027271896413390281 0.68897953091647834
decision_type=2 2 2 2 2 2 2 2
left_child=4 -2 3 -3 5 6 -1 -7
right_child=1 2 -4 -5 -6 7 -8 -9
leaf_value=-0.010818717286285345 -0.026977434691672676 -0.00068780984853425713 0.019792189150100812 -0.03842409708865635 0.024577159306020713 -0.00916266824491376 0.031478700834601393 0.0018091701085145547
leaf_weight=57.88937846571207 9.2483230754733068 19.438928149640564 9.2309946194291097 5.5886302310973397 6.3080795481801024 31.834698289632797 6.2933679521083823 470.64054470509291
leaf_count=317 59 116 48 40 28 156 28 2382
internal_value=-1.34181e-05 -0.0067783 -0.00132541 -0.00911429 0.000500258 0.000232232 -0.00667129 0.00111404
internal_weight=616.473 43.5069 34.2586 25.0276 572.966 566.658 64.1827 502.475
internal_count=3174 263 204 156 2911 2883 345 2538
is_linear=0
shrinkage=0.03


Tree=262
num_leaves=12
num_cat=0
split_feature=75 23 81 131 81 39 137 98 124 46 112
split_gain=2.35796 6.78754 3.90222 5.74748 7.95063 6.1587 4.76108 6.57695 6.2165 3.07679 0.61773
threshold=0.36671174884916097 -0.82001079428755042 0.1022446551811889 0.4332963484332642 0.11883091135474137 0.92980886594056955 5587.0000000000009 0.21334597206803649 0.78278233339043524 76.309523809523824 5.353199335040391
decision_type=2 2 2 2 2 2 2 2 2 2 2
left_child=1 9 6 5 -5 -4 7 -2 -8 10 -1
right_child=2 -3 3 4 -6 -7 8 -9 -10 -11 -12
leaf_value=-0.039010984514892363 0.011952501091142771 0.014874880177286477 0.036686781481612862 0.029707231946070209 0.0050608428084059536 -0.0010444341727742813 -0.0045524566481054615 -0.0012015818472714732 -0.029115133512003542 -0.0018201568409448705 -0.023248318322734732
leaf_weight=5.184697665274145 38.793634012341499 6.5947601720690718 4.0267854034900656 15.929097153246401 45.222248811274767 117.54395269602537 74.435796707868576 289.49566955864429 10.593071196228264 4.4674469567835322 3.9365040324628353
leaf_count=34 196 38 18 77 236 594 395 1460 67 27 32
internal_value=-1.33615e-05 -0.010098 0.00032813 0.00397891 0.0114809 0.000205336 -0.00128583 0.000352824 -0.00761253 -0.0222177 -0.0322082
internal_weight=616.224 20.1834 596.04 182.722 61.1513 121.571 413.318 328.289 85.0289 13.5886 9.1212
internal_count=3174 131 3043 925 313 612 2118 1656 462 93 66
is_linear=0
shrinkage=0.03


Tree=263
num_leaves=8
num_cat=0
split_feature=98 39 87 26 134 147 42
split_gain=2.40704 3.37809 3.00545 5.56191 3.18552 5.52193 3.74823
threshold=0.015589519996778644 1.80969747846081 306.50000000000006 -1.0425009882961351 1405.0000000000002 2.3012823922290058 4.4024512609074042
decision_type=2 2 2 2 2 2 2
left_child=1 -1 3 -2 5 -4 -6
right_child=2 -3 4 -5 6 -7 -8
leaf_value=-0.0013393986449420602 -0.027525836366696036 -0.034732018691115266 -0.0014179571873955857 0.0072719065200516561 0.00077577354278053309 0.024905956538617376 -0.0088719677604273718
leaf_weight=7.5304257422685605 9.4270935282111186 4.2740465756505728 16.119960814714435 7.3625434786081305 519.41991886310279 12.92012696713209 38.960909493267536
leaf_count=40 53 42 78 35 2631 58 237
internal_value=-1.34062e-05 -0.0134299 0.000248711 -0.0122664 0.000606419 0.0102937 0.000102604
internal_weight=616.015 11.8045 604.211 16.7896 587.421 29.0401 558.381
internal_count=3174 82 3092 88 3004 136 2868
is_linear=0
shrinkage=0.03


Tree=264
num_leaves=12
num_cat=0
split_feature=117 14 144 96 28 98 28 137 124 85 84
split_gain=2.35095 12.9643 7.76923 9.4805 8.1278 7.84093 5.51993 7.63166 5.34023 4.11423 5.66718
threshold=1.5000000000000002 2.0319216908821733 4.9713909558018914 5.7321560124455173 1.2309702877433006 0.15198194875902316 1.4631672000959641 268.50000000000006 0.67400489318685541 5.2687606915247382 1.620436959413041
decision_type=2 2 2 2 2 2 2 2 2 2 2
left_child=2 -2 6 4 -4 -5 8 -8 -1 10 -3
right_child=1 9 3 5 -6 -7 7 -9 -10 -11 -12
leaf_value=-0.037718538033434397 0.039138383338431594 0.00076658358983833035 0.043225026481511497 0.02912989640672952 0.0062155135410913833 -0.011767028797495747 -0.015788516603925395 0.022835142920701948 -0.0041998100294371923 0.022456383032928177 -0.012364464974660191
leaf_weight=12.463505357503893 7.8384885638952246 457.55127038620412 7.069115616381171 4.7636705711483947 21.841191105544567 36.913633223623037 15.195389643311502 6.6057444810867301 6.5135067552328101 7.3993304520845404 31.625436674803495
leaf_count=66 36 2312 33 28 108 212 80 30 36 49 184
internal_value=-1.32258e-05 0.000857762 -0.00395824 0.00206436 0.015265 -0.00709255 -0.0143834 -0.00408555 -0.0262139 0.0002535 -8.23431e-05
internal_weight=615.78 504.415 111.366 70.5876 28.9103 41.6773 40.7781 21.8011 18.977 496.576 489.177
internal_count=3174 2581 593 381 141 240 212 110 102 2545 2496
is_linear=0
shrinkage=0.03


Tree=265
num_leaves=7
num_cat=0
split_feature=64 93 52 24 26 98
split_gain=2.31713 5.19596 4.47147 3.43791 3.43309 2.80319
threshold=0.14671180310515178 0.7248684385318469 13650.000000000002 -0.10569367406074906 -0.3430451046814364 0.34000281324849774
decision_type=2 2 2 2 2 2
left_child=1 -1 3 4 -2 -3
right_child=2 5 -4 -5 -6 -7
leaf_value=0.0080827331110588339 -0.00096320680420053915 -0.0076479594622891455 0.023624514720492391 0.022360216982069376 0.0068323043976981556 -0.038187258829534193
leaf_weight=7.9255206286907223 526.97050852514803 5.0945146381854993 7.3148507475852957 6.1372035741806021 56.273247912526131 5.7674260474741459
leaf_count=37 2710 32 32 27 295 41
internal_value=-1.33417e-05 -0.010387 0.000313281 2.39634e-05 -0.000211071 -0.0238636
internal_weight=615.483 18.7875 596.696 589.381 583.244 10.8619
internal_count=3174 110 3064 3032 3005 73
is_linear=0
shrinkage=0.03


Tree=266
num_leaves=9
num_cat=0
split_feature=85 72 84 134 74 109 13 84
split_gain=2.35728 3.66236 3.06667 6.77239 6.79953 5.5303 5.3799 4.7683
threshold=1.0103230763395026 2.8681968352216063 0.62381173432721782 13699.000000000002 0.64495798319327746 0.01715162202801249 1.8925093970387161 0.83038774834979312
decision_type=2 2 2 2 2 2 2 2
left_child=1 -1 3 4 -2 -5 -4 -8
right_child=2 -3 6 5 -6 -7 7 -9
leaf_value=0.027702836034739702 0.0080426401295834952 -0.0033487798064018078 -0.035082380108056518 0.019491735663754142 -0.017933357054661425 -0.014500009456429248 0.0056221178932839367 -0.00090773892929136429
leaf_weight=6.8930647894740087 44.654422163963318 6.781828872859478 3.7424991428852072 4.6792809069156638 11.380826145410536 54.245107755064964 142.98154915869236 339.92139767110348
leaf_count=33 211 32 21 21 56 280 709 1811
internal_value=-1.30903e-05 0.0123033 -0.000293051 -0.00469995 0.00276688 -0.0118007 0.000747985 0.00102567
internal_weight=615.28 13.6749 601.605 114.96 56.0352 58.9244 486.645 482.903
internal_count=3174 65 3109 568 267 301 2541 2520
is_linear=0
shrinkage=0.03


Tree=267
num_leaves=11
num_cat=0
split_feature=36 102 2 78 36 60 132 51 66 141
split_gain=2.33909 7.82898 6.34727 6.51314 6.01138 6.6067 5.42094 5.07607 5.06307 3.45747
threshold=70.400000000000048 0.0044584629676475895 94.369610945255857 0.0047087320789648002 60.000000000000007 6.7669451923805291 0.27831897305188807 45.000000000000007 1.8607626514611548 2420.0000000000005
decision_type=2 2 2 2 2 2 2 2 2 2
left_child=1 6 7 -4 5 -3 -1 -2 -5 -9
right_child=2 4 3 8 -6 -7 -8 9 -10 -11
leaf_value=-0.0093608709854662471 -0.021873728314833002 -0.012399561675602803 -0.012717877592539511 0.010619113099733318 -0.033392839013795472 0.016031186030786227 0.029924317647621011 -0.00040180372989630019 0.044177306986494601 0.0081529256390298951
leaf_weight=5.0985794812440863 9.4023885130882245 33.131673043593764 5.175716761499646 8.8820482566952723 8.7464896962046605 9.4555371701717359 8.3196604251861555 472.75058696977794 7.4320586919784537 46.721752040088177
leaf_count=31 57 193 37 47 44 44 41 2422 37 221
internal_value=-1.29202e-05 -0.00540635 0.000621632 0.0166043 -0.0107396 -0.00608715 0.014997 -2.77935e-05 0.0259069 0.000367615
internal_weight=615.116 64.7519 550.365 21.4898 51.3337 42.5872 13.4182 528.875 16.3141 519.472
internal_count=3174 353 2821 121 281 237 72 2700 84 2643
is_linear=0
shrinkage=0.03


Tree=268
num_leaves=6
num_cat=0
split_feature=4 84 84 150 0
split_gain=2.42318 2.58134 3.02285 7.06494 5.48079
threshold=12.040860236512403 0.39998011553061363 0.62381173432721782 0.73845299696966393 -0.078960793034390062
decision_type=2 2 2 2 2
left_child=-1 -2 3 -3 -4
right_child=1 2 4 -5 -6
leaf_value=-0.020141245599328058 0.01461698143363402 0.0024783844864093071 0.0053197218445155256 -0.012671739670487453 -0.001381446418225719
leaf_weight=5.3361333459615699 10.921434141695498 59.633928075432777 167.25931406021118 51.735996678471565 320.00961272977293
leaf_count=26 51 291 806 264 1736
internal_value=-1.28971e-05 0.000163308 -0.000100382 -0.00455948 0.000918788
internal_weight=614.896 609.56 598.639 111.37 487.269
internal_count=3174 3148 3097 555 2542
is_linear=0
shrinkage=0.03


Tree=269
num_leaves=7
num_cat=0
split_feature=98 39 87 26 13 117
split_gain=2.30675 3.27485 2.85705 5.30567 4.05222 3.33661
threshold=0.015589519996778644 1.80969747846081 306.50000000000006 -1.0425009882961351 1.8925093970387161 1.5000000000000002
decision_type=2 2 2 2 2 2
left_child=1 -1 3 -2 -4 -6
right_child=2 -3 4 -5 5 -7
leaf_value=-0.0014049895781877359 -0.027071155711875468 -0.034558377469952585 -0.02707769075743427 0.0070379386948732072 -0.0039921091453620113 0.0018897052706839295
leaf_weight=7.5317811891436559 9.2968830242753047 4.1639866698533297 4.7253920808434478 7.3484959080815306 106.18550159409642 475.48920900374651
leaf_count=40 53 42 26 35 563 2415
internal_value=-1.263e-05 -0.0132084 0.000243296 -0.0120129 0.000591196 0.000815972
internal_weight=614.741 11.6958 603.045 16.6454 586.4 581.675
internal_count=3174 82 3092 88 3004 2978
is_linear=0
shrinkage=0.03


Tree=270
num_leaves=8
num_cat=0
split_feature=144 76 105 81 81 9 19
split_gain=2.3049 4.20381 3.24968 2.65063 6.6023 4.34603 0.220947
threshold=11.080635144769284 0.072476697546283761 0.054864086793599574 0.061061871621297052 0.053827719693137523 1.478344562882999 3.631564166175361
decision_type=2 2 2 2 2 2 2
left_child=1 2 -1 4 -3 -5 -4
right_child=-2 3 6 5 -6 -7 -8
leaf_value=0.0020470503144990526 0.017652238293136328 -0.00048367081352669692 -0.036110658738546526 -0.0039629437467141593 -0.015918014952580009 0.0038408730563973068 -0.025108407270453936
leaf_weight=4.2202276736497861 6.5767025500535956 228.73084256611764 3.9295979514718056 85.918363723903894 27.996847443282604 254.40778430178761 2.8227615188807249
leaf_count=26 33 1173 33 432 156 1288 33
internal_value=-1.24783e-05 -0.000203548 -0.0186042 0.000134617 -0.00216683 0.00187073 -0.0315113
internal_weight=614.603 608.026 10.9726 597.054 256.728 340.326 6.75236
internal_count=3174 3141 92 3049 1329 1720 66
is_linear=0
shrinkage=0.03


Tree=271
num_leaves=14
num_cat=0
split_feature=108 24 71 94 150 124 119 103 58 30 105 56 94
split_gain=2.3021 7.70573 8.75028 8.11779 7.46582 6.76872 8.43146 9.40454 7.93213 7.44538 6.86124 6.26036 4.14242
threshold=0.1594607819324427 -5.5145271315999986 4.8173986895502301 5.3508405872128382 0.41215298000388279 0.48176228269427362 0.4336336096938776 0.3815821086165902 6.0536463841269743 2.6366342437416788 0.052652204594239312 1.3502711717205573 2.146330047956917
decision_type=2 2 2 2 2 2 2 2 2 2 2 2 2
left_child=1 4 11 -4 -1 8 10 -8 9 -2 -7 -3 -10
right_child=5 2 3 -5 -6 6 7 -9 12 -11 -12 -13 -14
leaf_value=0.0017451205743398712 -0.001467592207988823 0.00020459688527432816 -0.023033347890276109 0.013643767202162576 0.041168735834008548 0.0053653166121712028 0.019092497793328483 0.0020746395922721012 -0.03424644217442481 0.024738506733277356 -0.028689241546607479 -0.020990977464933905 -0.0060551191172266445
leaf_weight=11.369018264114858 170.65299632400274 205.93233901076019 31.389253441244364 6.5674593821167937 6.9758887179195872 11.353187501430513 53.941425163298845 63.786066889762878 9.5898777768015879 10.348894629627464 10.027753066271542 13.35488899797201 9.1829749494791013
leaf_count=58 852 1068 174 34 35 52 268 342 58 50 56 73 54
internal_value=-1.23464e-05 -0.00204858 -0.0033882 -0.0166873 0.0167365 0.00164357 0.0067245 0.00987203 -0.00189441 3.07576e-05 -0.0106064 -0.00108624 -0.0204563
internal_weight=614.472 275.589 257.244 37.9567 18.3449 338.883 139.108 117.727 199.775 181.002 21.3809 219.287 18.7729
internal_count=3174 1442 1349 208 93 1732 718 610 1014 902 108 1141 112
is_linear=0
shrinkage=0.03


Tree=272
num_leaves=13
num_cat=0
split_feature=48 88 31 86 54 83 48 75 119 120 147 62
split_gain=2.27293 7.05177 7.12868 6.74939 9.56203 9.22985 5.78631 5.6531 6.83807 6.81079 4.23675 3.76322
threshold=1.0266969269120882 957.50000000000011 1.5000000000000002 163654.50000000003 0.21639242895520644 3.9492531099203849 1.0506786707060478 0.48997414767278386 0.37544326241134757 0.38223338115734101 -10.472223740975389 0.50471740097908324
decision_type=2 2 2 2 2 2 2 2 2 2 2 2
left_child=3 2 6 7 5 -5 -2 9 -9 -1 -4 -3
right_child=1 11 10 4 -6 -7 -8 8 -10 -11 -12 -13
leaf_value=0.011650811038849913 -0.010106265911423088 0.037976608741132012 0.0069845132650243596 -0.026399460906885178 0.035030058036728096 0.02340257162843019 0.0020842189132344565 0.02053926468831491 0.0016219776687168925 -0.0073997629157451046 -0.021048646489941033 0.0043171774172178446
leaf_weight=19.814174700528383 48.399866502732038 5.5668436512351018 5.8539160415530196 6.6852753385901469 12.501567184925078 6.711635135114193 126.98286614194512 18.702198438346386 213.70764622464776 114.43658889085054 28.353055009618402 6.4567320644855499
leaf_count=95 260 27 33 36 55 31 671 85 1037 617 193 34
internal_value=-1.26761e-05 -0.00244166 -0.00372341 0.00135857 0.0161597 -0.00144945 -0.00127995 0.000313112 0.00314427 -0.00458807 -0.0162513 0.0199013
internal_weight=614.172 221.613 209.59 392.559 25.8985 13.3969 175.383 366.661 232.41 134.251 34.207 12.0236
internal_count=3174 1218 1157 1956 122 67 931 1834 1122 712 226 61
is_linear=0
shrinkage=0.03


Tree=273
num_leaves=9
num_cat=0
split_feature=47 76 0 20 50 135 162 91
split_gain=2.29366 2.63714 7.20275 4.63592 3.74927 7.01949 5.6723 3.58198
threshold=1.5000000000000002 0.67117117117117131 -0.065616898025208967 2.4985273928078962 390.00000000000006 254.50000000000003 1.0000000180025095e-35 1.197446842513846
decision_type=2 2 2 2 2 2 2 2
left_child=-1 4 7 -4 5 -2 -6 -3
right_child=1 2 3 -5 6 -7 -8 -9
leaf_value=-0.01521786173120337 0.017566846202784019 0.010258753884666556 -0.025593946773251271 0.0070431961741812335 -0.0097285130402218929 -0.0062032612751963239 0.0023108837858219636 0.035423548925063386
leaf_weight=8.8007575720548612 12.143340922892092 15.989421740174295 7.2440690845251074 8.5285480767488462 38.886944934725761 141.10963592305779 373.52640394866467 7.4685648530721656
leaf_count=43 57 73 39 42 204 762 1922 32
internal_value=-1.27521e-05 0.00020847 0.00773015 -0.00794644 -0.000313181 -0.00431978 0.00117567 0.0182707
internal_weight=613.698 604.897 39.2306 15.7726 565.666 153.253 412.413 23.458
internal_count=3174 3131 186 81 2945 819 2126 105
is_linear=0
shrinkage=0.03


Tree=274
num_leaves=9
num_cat=0
split_feature=4 4 66 11 45 50 17 101
split_gain=2.27522 2.51984 8.36952 7.73406 6.30924 4.79631 10.0457 7.14808
threshold=12.040860236512403 19.802276535869868 2.0361339600470041 3.705330213606159 0.53158244680851086 390.00000000000006 1.1322988218391219 0.011020547353783803
decision_type=2 2 2 2 2 2 2 2
left_child=-1 2 3 -2 -4 6 -3 -7
right_child=1 5 4 -5 -6 7 -8 -9
leaf_value=-0.019605942781060016 -0.0078533642553195778 0.0089150798464191477 0.0034703593547151814 0.012755336297376099 0.042677454562425353 -0.032496594385202991 -0.0098331291308546027 0.0016262909683709293
leaf_weight=5.2879351675510398 40.229866594076157 33.832501955330372 6.6277640722692004 27.65497975051403 8.3449546694755536 5.6069335192441931 107.29799197614193 378.5836915448308
leaf_count=26 194 163 36 131 36 30 601 1957
internal_value=-1.25493e-05 0.000157809 0.00502007 0.000542224 0.0253222 -0.000609103 -0.00533872 0.0011283
internal_weight=613.467 608.179 82.8576 67.8848 14.9727 525.321 141.13 384.191
internal_count=3174 3148 397 325 72 2751 764 1987
is_linear=0
shrinkage=0.03


Tree=275
num_leaves=10
num_cat=0
split_feature=139 27 94 139 26 86 123 132 36
split_gain=2.25975 4.6991 6.64382 3.01455 11.3704 8.56501 4.72513 5.33716 4.85748
threshold=403.50000000000006 1.2964184283407085 2.3043563979176107 277.50000000000006 -0.79703293527486185 26635.000000000004 0.012962939756834825 0.67188181145020309 328.29166666666674
decision_type=2 2 2 2 2 2 2 2 2
left_child=3 2 -2 6 5 -5 7 -1 -8
right_child=1 -3 -4 4 -6 -7 8 -9 -10
leaf_value=-0.002916466947993144 0.024700615821033316 -0.026770139844688616 -0.017346593056725718 0.0043912531791242548 -0.02149791817328283 0.043777800697201698 -0.00085664463447043208 -0.027546464214423957 0.0063127960684577211
leaf_weight=25.872305497527122 6.1389356404542941 8.5985613539814931 7.5312646552920341 11.277143187820917 7.5109356194734564 8.8833466693758947 419.27093320339918 11.410239972174166 106.69543338380754
leaf_count=144 29 47 40 52 41 39 2182 60 540
internal_value=-1.24488e-05 -0.00939392 0.00153573 0.000341091 0.0100083 0.0217462 -0.000133843 -0.0104544 0.000597719
internal_weight=613.189 22.2688 13.6702 590.92 27.6714 20.1605 563.249 37.2825 525.966
internal_count=3174 116 69 3058 132 91 2926 204 2722
is_linear=0
shrinkage=0.03


Tree=276
num_leaves=10
num_cat=0
split_feature=107 27 55 107 101 142 36 141 2
split_gain=2.23857 4.50806 3.72835 3.09003 9.33586 6.94992 4.65094 9.01485 4.88112
threshold=1.0228842278210335 1.1301207794628618 0.24217941368683679 0.66985749623291757 0.25569186583548448 4.0633225520272136 48.88333333333339 153.00000000000003 94.782196969696983
decision_type=2 2 2 2 2 2 2 2 2
left_child=3 2 -2 6 -5 -6 7 -1 -8
right_child=1 -3 -4 4 5 -7 8 -9 -10
leaf_value=0.010722789342394106 -0.014295503387580243 -0.025183097865772688 0.018235635224121385 -0.016924960777246284 0.0044418363400267283 0.03271648290049637 -0.00034095505237407284 -0.02416235247240401 0.011976077235046987
leaf_weight=10.278181407600643 6.2314129658043402 9.3661917224526388 6.4555054754018784 10.184477463364599 19.125787556171417 13.240341857075689 488.27465973980725 18.974404782056808 30.782299406826496
leaf_count=56 34 56 29 52 95 60 2506 121 165
internal_value=-1.23272e-05 -0.00939689 0.00225737 0.00033794 0.00812583 0.0160084 -0.000266426 -0.0119051 0.000389498
internal_weight=612.913 22.0531 12.6869 590.86 42.5506 32.3661 548.31 29.2526 519.057
internal_count=3174 119 63 3055 207 155 2848 177 2671
is_linear=0
shrinkage=0.03


Tree=277
num_leaves=14
num_cat=0
split_feature=102 54 81 121 2 108 56 138 39 48 42 36 75
split_gain=2.21807 6.62561 7.52931 6.12058 8.18654 7.84139 9.89213 8.83873 5.67855 14.1002 7.76326 3.2082 2.65483
threshold=0.0070257302715389224 0.036604928100504107 0.090925428556729512 0.090205479452054801 80.381098088026832 0.15444637389407812 0.25763651673080751 1957.5000000000002 1.7869383604687734 1.0774307944626347 0.50224228147159111 146.25833333333335 0.46844510909172582
decision_type=2 2 2 2 2 2 2 2 2 2 2 2 2
left_child=1 2 11 4 -2 6 -5 -7 10 -10 -3 -1 -4
right_child=3 8 12 5 -6 7 -8 -9 9 -11 -12 -13 -14
leaf_value=-0.037366525151006733 -0.0059489600728094404 -0.019749204114002373 -0.010197538303663064 0.0036204326369100042 0.03947198472083556 -0.0036964752916112467 -0.012142832429584022 0.010135162691508316 0.0093262631613965207 -0.013549368235666413 -0.00075043882064977413 -0.015019104028176264 0.016979583637916896
leaf_weight=9.309173136949541 6.1194899678230277 25.617351621389389 5.9006670415401441 69.908944353461266 8.5766957998275739 66.35197601094842 73.498682282865047 111.37295104935765 102.65249527990818 31.751520648598671 79.207205899059772 15.257580175995825 7.1608586236834526
leaf_count=52 29 136 38 347 38 330 390 546 528 218 399 89 34
internal_value=-1.22971e-05 -0.00200032 -0.0137022 0.00162663 0.0205587 0.000760225 -0.00445849 0.00497125 -0.000159727 0.00392214 -0.00539342 -0.0234873 0.00470206
internal_weight=612.686 276.857 37.6283 335.829 14.6962 321.133 143.408 177.725 239.229 134.404 104.825 24.5668 13.0615
internal_count=3174 1494 213 1680 67 1613 737 876 1281 746 535 141 72
is_linear=0
shrinkage=0.03


Tree=278
num_leaves=14
num_cat=0
split_feature=124 143 118 118 116 104 34 98 116 89 99 51 87
split_gain=2.21818 6.8299 8.4387 6.16729 4.21643 3.60742 8.83992 8.71703 7.00585 4.97803 6.14649 5.09728 0.732536
threshold=0.075700055152137194 2.1416739458382614 0.33548131530231246 0.46552255690506089 3.5000000000000004 0.58042596515430556 1.5000000000000002 0.27126775585136931 13.500000000000002 6579.0000000000009 0.39246682379481218 105.00000000000001 382.50000000000006
decision_type=2 2 2 2 2 2 2 2 2 2 2 2 2
left_child=1 4 -3 -4 -1 6 8 -8 -2 10 -7 -11 -6
right_child=5 2 3 -5 12 9 7 -9 -10 11 -12 -13 -14
leaf_value=-0.0010517044211911133 -0.0022244569359726771 0.028887477980570966 -0.029609790695685197 0.0017221596165089049 -0.024689663886796075 0.0052853742591579787 -0.00091550947691836505 0.022674082666143174 0.01414590618058275 0.0066825105870007302 -0.0042177602145661635 -0.014304425133257085 -0.04013820925565862
leaf_weight=5.8568356260657337 165.35444877669215 7.8988268524408332 7.4626132398843792 23.3305923640728 5.4389393776655179 115.32082672230899 23.275909803807735 35.756320029497147 27.431253299117088 13.526406479999421 130.65139462053776 45.288305662572384 5.613672636449337
leaf_count=28 827 39 48 130 31 619 119 171 141 74 669 245 33
internal_value=-1.25857e-05 -0.00572607 0.00122479 -0.00587102 -0.021631 0.000558157 0.00321521 0.0133729 0.000104863 -0.00163713 0.000237659 -0.00947778 -0.0325361
internal_weight=612.206 55.6015 38.692 30.7932 16.9094 556.605 251.818 59.0322 192.786 304.787 245.972 58.8147 11.0526
internal_count=3174 309 217 178 92 2865 1258 290 968 1607 1288 319 64
is_linear=0
shrinkage=0.03


Tree=279
num_leaves=11
num_cat=0
split_feature=63 68 39 56 44 56 81 0 26 4
split_gain=2.27404 6.98784 6.3156 7.40413 10.5115 9.3029 5.35312 5.04842 6.55776 6.0315
threshold=0.54964788732394376 6.1038820992092022 4.2587448363181135 0.32026582749400839 0.37831868454299855 0.47667618581824439 0.054671715073334536 -0.14837193143126765 -0.57425937772473479 20.680797571844789
decision_type=2 2 2 2 2 2 2 2 2 2
left_child=1 7 3 4 -2 -5 -3 8 -1 -9
right_child=2 6 -4 5 -6 -7 -8 9 -10 -11
leaf_value=-0.013661402345377391 -0.014055973340345357 0.00012044069521607998 0.021377056390390229 -0.021272202152059553 0.0043292891877044571 -0.0027231113912151734 -0.036406066832821132 0.016553697239851568 0.016480095775538616 0.0026298324110464576
leaf_weight=30.412903666496277 34.171134911477566 7.0766915250569564 10.215919531881807 36.094999622553587 154.66876743361354 74.683147836476564 7.3736104033887386 32.149368710815907 8.2608990371227247 216.90730096027255
leaf_count=152 186 38 52 196 788 405 46 148 38 1125
internal_value=-1.27786e-05 0.00183892 -0.00181874 -0.00260963 0.00100242 -0.00876699 -0.0185181 0.00286128 -0.00722304 0.00442719
internal_weight=612.015 302.181 309.834 299.618 188.84 110.778 14.4503 287.73 38.6738 249.057
internal_count=3174 1547 1627 1575 974 601 84 1463 190 1273
is_linear=0
shrinkage=0.03


Tree=280
num_leaves=9
num_cat=0
split_feature=85 72 48 86 21 68 113 119
split_gain=2.23214 3.41724 2.86723 7.03034 5.07749 3.57901 8.81634 4.51409
threshold=1.0103230763395026 2.8681968352216063 0.68897953091647834 5395.0000000000009 6.684503021903609 5.4483516483516494 9.5041176371156109 0.77988926002828696
decision_type=2 2 2 2 2 2 2 2
left_child=1 -1 3 -2 -5 7 -7 -4
right_child=2 -3 5 4 -6 6 -8 -9
leaf_value=0.027017430784889822 0.017701081809571719 -0.0031414165251330783 -0.0014505825667075413 -0.027580768630752425 -0.0028083304398504867 -0.021009337610165931 0.012349633112171458 0.0041928969299155376
leaf_weight=6.8081096336245519 7.4607544839382163 6.7178242728114128 314.87216086313128 14.503581851720812 15.304036460816858 20.763827759772543 10.859334737062452 214.4322223328054
leaf_count=33 34 32 1610 72 81 129 53 1130
internal_value=-1.28857e-05 0.0120387 -0.000285386 -0.00834314 -0.0148619 0.000249976 -0.00955393 0.000835708
internal_weight=611.722 13.5259 598.196 37.2684 29.8076 560.928 31.6232 529.304
internal_count=3174 65 3109 187 153 2922 182 2740
is_linear=0
shrinkage=0.03


Tree=281
num_leaves=12
num_cat=0
split_feature=125 144 16 17 90 124 58 9 124 131 141
split_gain=2.25299 4.12734 5.99851 6.86277 4.12397 3.09717 5.99942 7.11048 3.68325 5.8297 4.18154
threshold=0.28804607054699899 4.9713909558018914 2.7849660570992385 3.2470365753008061 1.6131754814786716 0.075700055152137194 1.4025646476110316 4.0831955391869581 0.10209549408564957 0.082608633942938839 219.00000000000003
decision_type=2 2 2 2 2 2 2 2 2 2 2
left_child=5 -2 3 -3 -4 6 -1 -8 9 -7 -10
right_child=1 2 4 -5 -6 8 7 -9 10 -11 -12
leaf_value=0.013132236839531906 -0.026970732637361165 -0.010064996852264887 -0.030424025644817276 0.025134247787053483 -0.0035441528358259125 -0.004469769768093896 -0.0061665409048200703 -0.039784819684510725 0.0050069832117074584 0.03540963474743683 -0.00098783427870907528
leaf_weight=11.179201520979403 7.30040219426155 9.0573357343673724 8.061346825212242 11.08776969462633 14.160293530672787 6.1709193922579271 34.923461683094501 6.7579603120684615 150.2580829039216 7.0889079198241234 345.52855134382844
leaf_count=55 49 52 59 59 90 32 200 40 767 33 1738
internal_value=-1.27324e-05 -0.00613728 -0.00254738 0.0093085 -0.0132954 0.000528619 -0.00638307 -0.0116172 0.00124635 0.0168504 0.000829015
internal_weight=611.574 49.6671 42.3667 20.1451 22.2216 561.907 52.8606 41.6814 509.046 13.2598 495.787
internal_count=3174 309 260 111 149 2865 295 240 2570 65 2505
is_linear=0
shrinkage=0.03


Tree=282
num_leaves=10
num_cat=0
split_feature=132 119 124 93 104 63 87 17 64
split_gain=2.19605 6.74237 5.23434 4.64899 3.40509 8.5881 3.28334 4.04023 3.78263
threshold=1.9706018338861913 0.46725141719013336 0.93275772623980402 4.266990349933125 2.2411050879156873 0.34266144814090022 306.50000000000006 1.1322988218391219 0.23370554678965896
decision_type=2 2 2 2 2 2 2 2 2
left_child=4 -2 -3 -4 6 -6 7 -1 -8
right_child=1 2 3 -5 5 -7 8 -9 -10
leaf_value=0.0061135617749313361 -0.036228066114813148 0.014933715080340424 -0.028647523130397007 0.010701231095700333 0.039340123069367759 -0.0034203768803761033 -0.0074456589032950394 -0.025884851459398967 0.0011482655189382432
leaf_weight=5.7018036022782317 6.0601083114743259 10.431134022772314 7.4177365973591787 4.2510134764015675 6.9476479142904308 10.795751221477984 50.781387954950333 9.4160727709531766 499.47674839198589
leaf_count=29 37 51 53 27 31 52 278 52 2564
internal_value=-1.28053e-05 -0.00819528 -0.000508289 -0.0143125 0.000382343 0.013323 -2.37794e-05 -0.0138164 0.000355162
internal_weight=611.279 28.16 22.0999 11.6688 583.119 17.7434 565.376 15.1179 550.258
internal_count=3174 168 131 80 3006 83 2923 81 2842
is_linear=0
shrinkage=0.03


Tree=283
num_leaves=13
num_cat=0
split_feature=75 131 72 2 73 72 78 56 98 79 112 48
split_gain=2.17415 6.14735 7.8055 7.19668 4.78345 6.98612 5.10287 5.96771 4.64898 3.96473 3.86199 2.08967
threshold=0.40822039894639001 0.17451929062827246 1.6416539050699077 85.851929268861099 0.43095238095238103 2.0849686494956701 0.0026666856297644786 0.18053829399193871 0.52522223305611238 16.486579290082588 4.9272011560012627 1.0575604920266832
decision_type=2 2 2 2 2 2 2 2 2 2 2 2
left_child=1 8 -3 -4 6 -6 7 -2 -1 -8 -7 -10
right_child=4 2 3 -5 5 10 9 -9 11 -11 -12 -13
leaf_value=-0.0022266256394381243 -0.039985411910530198 -0.029579189208811644 0.023404871330425861 -0.012389741891246892 -0.014757620817658395 0.040277452969709013 7.1573941921959904e-05 0.0023786204074878565 -0.040906130779809695 0.019230003557808836 0.0084191932010196299 -0.014414455169456997
leaf_weight=8.7884278483688849 6.1501131877303106 5.3143106251955059 14.460344094783069 7.7723558694124213 5.0926512442529228 7.8118283897638303 522.34104978665709 5.8290761038661003 7.3049042895436269 9.9059409163892251 6.0977910570800304 4.2324585802853107
leaf_count=51 37 32 80 50 30 36 2665 34 46 49 35 29
internal_value=-1.27462e-05 -0.00615048 0.00308389 0.0108914 0.000508943 0.0153047 -7.6666e-06 -0.0193711 -0.0186656 0.000428142 0.0263112 -0.0311877
internal_weight=611.101 47.8728 27.547 22.2327 563.228 19.0023 544.226 11.9792 20.3258 532.247 13.9096 11.5374
internal_count=3174 288 162 130 2886 101 2785 71 126 2714 71 75
is_linear=0
shrinkage=0.03


Tree=284
num_leaves=12
num_cat=0
split_feature=79 82 85 78 57 60 119 103 77 49 53
split_gain=2.17138 7.84626 6.70165 5.65601 5.31484 6.30786 3.90304 8.45259 7.82785 2.78783 1.0931
threshold=6.0178355255059177 18.607559681697619 4.5623633138825976 0.0080321609012794209 8.5963178078493474 2.013681939609445 0.76029373410706147 0.3978661966229759 17.500000000000004 27000.000000000004 0.071742499012436095
decision_type=2 2 2 2 2 2 2 2 2 2 2
left_child=3 2 10 9 5 -3 7 -5 -8 -1 -2
right_child=1 4 -4 6 -6 -7 8 -9 -10 -11 -12
leaf_value=0.037408331285879108 -0.019395851032779427 0.0063918152385668715 0.0097545088715599634 -0.00061943912975435163 0.02352839857965008 -0.0094666188943182648 0.0085777405934992258 -0.021685409559345149 -0.0028089570487799037 0.0075829337737243121 -0.038557938191610623
leaf_weight=5.4007909856736642 3.7647262327373054 40.520776581019163 4.4062621854245654 245.84139147773385 7.6875896081328383 50.966962568461895 117.89390397444367 18.427220948040485 100.78889292106032 5.9038409814238548 9.2924827076494676
leaf_count=27 26 219 30 1229 35 285 617 104 505 33 64
internal_value=-1.28924e-05 -0.0036947 -0.0222372 0.000855971 -0.000429611 -0.00244277 0.000364977 -0.00208835 0.00332972 0.021832 -0.033033
internal_weight=610.895 116.639 17.4635 494.256 99.1753 91.4877 482.951 264.269 218.683 11.3046 13.0572
internal_count=3174 659 120 2515 539 504 2455 1333 1122 60 90
is_linear=0
shrinkage=0.03


Tree=285
num_leaves=15
num_cat=0
split_feature=145 107 135 83 142 142 128 145 98 109 106 124 82 124
split_gain=2.18587 6.57758 6.47018 6.57196 6.08576 12.8062 11.9997 5.99093 10.1078 7.82362 5.64692 8.0555 5.60087 5.29075
threshold=2.072174121993172 0.27126453609131518 583.50000000000011 2.8125357015511621 3.6670320717132499 3.0974607067522348 0.66590545073158991 2.4344948043251766 0.67061320236441069 0.6899871860072454 0.13084333205918072 0.85971454472386488 10.367441297506659 0.51332992441452718
decision_type=2 2 2 2 2 2 2 2 2 2 2 2 2 2
left_child=1 4 3 -3 5 -1 -6 8 12 -10 11 -9 -2 -12
right_child=7 2 -4 -5 6 -7 -8 10 9 -11 13 -13 -14 -15
leaf_value=-0.00045182706638712965 0.01324170761154389 -0.027299271047363471 -0.025763231256600582 0.00072395370091441109 -0.017277436167928664 0.029239370007360908 0.0086971199682743649 0.0090002382971961625 0.029365848967410402 -0.0071884911771719958 -0.0059379227227496301 -0.015545677134336898 -0.022006480407916119 0.0027725546572996487
leaf_weight=47.256385486572981 6.8842136636376408 9.3120539598166925 17.811873480677605 39.398109767585993 34.52544979378581 18.07437738776207 29.844054874032736 91.677666841074824 24.175240457057956 6.7383003234863272 156.46925625391304 13.85108560323715 9.8798137530684453 104.78953591547906
leaf_count=237 34 49 104 206 189 86 163 456 118 32 817 78 55 550
internal_value=-1.30144e-05 -0.00262153 -0.010291 -0.00463332 0.00131208 0.00776253 -0.00523468 0.00122195 0.011226 0.021398 -7.84413e-05 0.00577849 -0.00753167 -0.0024442
internal_weight=610.687 196.222 66.522 48.7102 129.7 65.3308 64.3695 414.465 47.6776 30.9135 366.788 105.529 16.764 261.259
internal_count=3174 1034 359 255 675 323 352 2140 239 150 1901 534 89 1367
is_linear=0
shrinkage=0.03


Tree=286
num_leaves=13
num_cat=0
split_feature=15 7 15 136 134 78 109 139 108 0 28 123
split_gain=2.20989 7.98056 5.71993 10.1883 9.5485 8.50925 6.45982 4.97941 9.12492 6.4305 4.45182 1.50259
threshold=0.8186517036955161 2.5275424284513481 1.8202074717168617 960.00000000000011 64842.500000000007 0.010922996158159736 0.010920480769427336 16.500000000000004 0.036124021529532181 0.17424348307206258 1.5769395549047707 0.24759308032376201
decision_type=2 2 2 2 2 2 2 2 2 2 2 2
left_child=1 7 4 6 5 -2 -4 8 -1 -9 -6 -3
right_child=2 11 3 -5 10 -7 -8 9 -10 -11 -12 -13
leaf_value=-0.025351474116834947 -0.0056539990006625913 -0.039238696156935225 0.023092364764271948 0.034600553797647926 -0.034253730579020883 0.019493895248285566 -0.003362914659794668 0.0028657731624751738 -0.0020871582229849707 -0.018001992221450339 0.0054014753121253613 -0.016102195906136235
leaf_weight=18.595914430916309 16.074415467679501 5.1370599884539825 8.7229898869991285 7.0705260783433905 6.0631198063492757 49.095845639705658 174.14129590056837 219.48315205797553 82.451448261737823 14.146956410259007 4.3946275869384408 4.9709061644971371
leaf_count=100 91 33 41 33 45 236 934 1105 405 88 31 32
internal_value=-1.33166e-05 -0.00159758 0.00204356 -0.000734693 0.00902096 0.0132911 -0.00210095 -0.000804379 -0.00636853 0.00160217 -0.0175895 -0.0278606
internal_weight=610.348 344.785 265.563 189.935 75.628 65.1703 182.864 334.677 101.047 233.63 10.4577 10.108
internal_count=3174 1763 1411 1008 403 327 975 1698 505 1193 76 65
is_linear=0
shrinkage=0.03


Tree=287
num_leaves=15
num_cat=0
split_feature=87 146 149 141 150 41 68 54 61 4 119 93 101 25
split_gain=2.1863 5.95845 7.22129 7.85309 5.84819 4.80488 4.78009 4.15562 6.50665 7.91219 5.54178 8.38923 6.50737 3.90296
threshold=412.50000000000006 28.543377534060788 9.5000000000000018 523.00000000000011 0.20017574692442885 0.30908728114911588 2.0437979539641948 0.80882866827853428 0.84739159891598925 57.777658732994148 0.82684684684684695 0.73562611811206169 0.20515990354481561 -0.8303061816584657
decision_type=2 2 2 2 2 2 2 2 2 2 2 2 2 2
left_child=1 2 3 -1 -4 -3 -7 10 9 -9 12 -12 -2 -10
right_child=7 5 4 -5 -6 6 -8 8 13 -11 11 -13 -14 -15
leaf_value=0.028591793933705287 -0.0093808442683455066 -0.027534395597472727 0.017844605453299828 0.001141319463878422 -0.0071035219500907437 -0.013992373901697851 0.0080774039182021414 0.019264288981739455 0.0027538185683223691 -0.014516079345603849 0.025603834803221637 0.0021787967988443615 0.00077672774598801252 -0.03040989043106088
leaf_weight=14.724567890167235 82.471259780228138 12.597343664616345 9.5306554436683637 25.839217871427536 75.028540976345539 25.01976665481925 13.651882164180277 38.81650273501873 8.4491507504135352 7.4357969388365737 16.148710705339909 93.002827368676662 182.09759781882167 5.1348046362400046
leaf_count=70 445 76 46 129 388 133 67 183 57 45 76 502 927 30
internal_value=-1.34966e-05 -0.00282937 0.000700083 0.0111058 -0.00429162 -0.0114431 -0.00620129 0.00113214 0.00847233 0.0138336 -4.3098e-05 0.00564448 -0.00238959 -0.00978223
internal_weight=609.949 176.392 125.123 40.5638 84.5592 51.269 38.6716 433.557 59.8363 46.2523 373.72 109.152 264.569 13.584
internal_count=3174 909 633 199 434 276 200 2265 315 228 1950 578 1372 87
is_linear=0
shrinkage=0.03


Tree=288
num_leaves=11
num_cat=0
split_feature=29 110 124 110 15 57 0 11 127 98
split_gain=2.20915 8.00447 6.33092 6.1972 5.70454 7.93867 6.70024 4.76156 6.10324 4.15544
threshold=1.8059609407995911 1.3508954736685832 0.34046275444019031 10.966515084368586 0.8186517036955161 5.2761676998269467 -0.11313491858156734 9.1679929852997688 0.90965047124405374 0.015589519996778644
decision_type=2 2 2 2 2 2 2 2 2 2
left_child=3 2 -2 7 5 -3 -6 9 -9 -1
right_child=1 4 -4 -5 6 -7 -8 8 -10 -11
leaf_value=-0.020795443489016331 -0.0015919818328008189 -0.016946642108338149 0.033876130104086993 0.02415364395316176 -0.010857499675442655 0.0014690360756242555 0.0070664822515030378 -0.019433467797710571 0.016625540563734869 0.001902802366782411
leaf_weight=7.4021726511418811 8.9863605946302432 55.386788669973612 9.1320953518152219 10.330762200057505 28.466720405966043 34.00039529055357 55.103165563195944 20.237356144934896 5.3390071839094153 375.19771441817284
leaf_count=57 45 301 40 49 143 164 290 127 28 1930
internal_value=-1.36276e-05 -0.00268643 0.0162847 0.00120668 -0.00467378 -0.00994183 0.00096097 0.0006259 -0.0119062 0.00146366
internal_weight=609.583 191.076 18.1185 418.507 172.957 89.3872 83.5699 408.176 25.5764 382.6
internal_count=3174 983 85 2191 898 465 433 2142 155 1987
is_linear=0
shrinkage=0.03


Tree=289
num_leaves=13
num_cat=0
split_feature=81 97 24 58 59 15 95 99 96 102 102 62
split_gain=2.16525 6.41112 9.09766 7.15747 10.4117 6.02934 4.59038 8.21056 7.41758 7.0255 6.70432 6.68715
threshold=0.1022446551811889 7.7666113849295844 -1.4673336527526208 4.6244532858285972 3.2727861031405392 -7.3920577810316486 4.4747325723547791 0.12652717198147828 6.9442105906806413 0.0034624099232403783 0.0095531745009132633 0.39969512195121959
decision_type=2 2 2 2 2 2 2 2 2 2 2 2
left_child=6 3 -3 5 -5 -2 8 -8 11 -9 -10 -1
right_child=1 2 -4 4 -6 -7 7 9 10 -11 -12 -13
leaf_value=-0.0066369521253458715 0.026500037245984199 -0.012739130646465723 0.034400905001706117 0.030101855163917234 -0.0048029837343419833 -0.0030433703609927757 0.016002559092077935 0.011995634790457113 0.0043212511257383658 -0.022209249994359217 0.045319436877323163 0.0020637887143788222
leaf_weight=123.19978304207325 6.4940060973167411 5.3101345151662853 12.036651238799093 16.712611064314846 14.248139856383203 145.82822165638208 8.7572411596775037 6.5437740348279467 9.0921642072498781 31.037391318008304 5.9317718148231497 224.13488085381687
leaf_count=633 29 26 57 82 89 773 51 39 50 196 28 1121
internal_value=-1.36508e-05 0.00253878 0.0199706 0.000888949 0.0140386 -0.00178384 -0.00126664 -0.0101575 -0.000129678 -0.0162534 0.0205082 -0.00102237
internal_weight=609.327 200.63 17.3468 183.283 30.9608 152.322 408.697 46.3384 362.359 37.5812 15.0239 347.335
internal_count=3174 1056 83 973 171 802 2118 286 1832 235 78 1754
is_linear=0
shrinkage=0.03


Tree=290
num_leaves=11
num_cat=0
split_feature=63 68 50 66 26 39 0 30 42 81
split_gain=2.17758 6.42276 5.98379 8.84251 7.17698 5.6713 5.49039 6.97392 6.57452 5.19398
threshold=0.54964788732394376 6.1038820992092022 450.00000000000006 2.258778376612772 -1.2448332773861501 4.2587448363181135 0.0065350883146109992 0.79919703392630026 0.39151044277944053 0.054671715073334536
decision_type=2 2 2 2 2 2 2 2 2 2
left_child=1 2 4 -4 -1 6 8 -8 -2 -3
right_child=5 9 3 -5 -6 -7 7 -9 -10 -11
leaf_value=-0.0086415151712688765 -0.011331042200121048 0.00040606626661597416 0.0047388306521784261 0.034212020106730218 0.0061832469574984996 0.020191854832966424 0.0079886156120654254 -0.013183036285419654 0.002524973822779782 -0.035895663530856887
leaf_weight=68.954046465456486 37.459280431270599 7.0347153320908529 156.63946900516748 9.7305584326386434 51.224165763705969 10.217195443809031 17.558093793690205 69.149873590096831 173.88186259940267 7.1552009135484695
leaf_count=371 198 38 773 48 271 52 99 413 865 46
internal_value=-1.37466e-05 0.00180247 0.00277808 0.00646264 -0.00232268 -0.0017856 -0.002539 -0.00889584 6.90564e-05 -0.0178989
internal_weight=609.004 300.738 286.548 166.37 120.178 308.266 298.049 86.708 211.341 14.1899
internal_count=3174 1547 1463 821 642 1627 1575 512 1063 84
is_linear=0
shrinkage=0.03


Tree=291
num_leaves=15
num_cat=0
split_feature=145 107 135 83 1 64 145 150 121 2 125 141 135 118
split_gain=2.11325 6.19547 6.18434 6.21087 5.75555 6.39652 5.61715 9.37341 11.3584 9.59658 5.36405 5.81023 4.49691 3.62207
threshold=2.072174121993172 0.27126453609131518 583.50000000000011 2.8125357015511621 62.345507568393288 0.43038330323098539 2.4344948043251766 0.62617781716142384 0.75731550596566599 75.382578959502055 0.25894484015834207 214.50000000000003 472.50000000000006 0.80679210214683728
decision_type=2 2 2 2 2 2 2 2 2 2 2 2 2 2
left_child=1 4 3 -3 -1 -6 7 9 -9 -2 11 -8 -12 -4
right_child=6 2 13 -5 5 -7 10 8 -10 -11 12 -13 -14 -15
leaf_value=0.023069721055643366 -0.0099237025320349573 -0.026740476824875004 -0.035168855329749546 0.00065256944290073224 0.005383498955534867 -0.0086696856138243471 0.0083451677688052804 -0.013785377030575845 0.02915014656567172 0.037236605822616703 -0.038115476692556348 -0.0012043575578203293 -0.0061796031034385837 -0.0065061889253485439
leaf_weight=10.02347059547901 5.1273657977581051 9.1887813881039602 11.526070460677149 39.350285120308399 68.468768287450075 50.760794948786497 72.524755876511335 18.608521066606048 7.8992745652794829 16.00560237467289 5.6013789810240295 273.90938818175346 13.610481508076189 6.0511007234454146
leaf_count=48 27 49 69 206 350 277 376 97 38 77 38 1398 89 35
internal_value=-1.38184e-05 -0.00258486 -0.0100544 -0.00453312 0.00123603 -0.000599504 0.00120157 0.0108909 -0.00099067 0.0257944 -6.08791e-05 0.000794802 -0.0154908 -0.0253015
internal_weight=608.656 195.369 66.1162 48.5391 129.253 119.23 413.287 47.6408 26.5078 21.133 365.646 346.434 19.2119 17.5772
internal_count=3174 1034 359 255 675 627 2140 239 135 104 1901 1774 127 104
is_linear=0
shrinkage=0.03


Tree=292
num_leaves=9
num_cat=0
split_feature=24 62 62 109 102 119 110 107
split_gain=2.12593 2.78766 8.79945 7.5834 5.40946 7.75 7.17922 1.66214
threshold=-0.10569367406074906 0.37176079734219275 0.35917467948717957 0.66977329766232285 0.0067590232169155934 0.77270524377241456 1.3781356451734101 0.18828282081438605
decision_type=2 2 2 2 2 2 2 2
left_child=1 2 3 -1 5 -3 -6 -4
right_child=-2 4 7 -5 6 -7 -8 -9
leaf_value=-0.0036228447937848253 0.016941853510387812 -0.0075696844412297066 -0.039876419132038363 0.02071410330681385 0.019433669958960034 0.0050315974246483708 0.0022752348397359931 -0.01684135604577296
leaf_weight=141.49382212385535 6.5829962491989127 116.14190614409745 5.9974835366010648 12.544885523617266 24.315045043826103 70.642566027119756 225.29462585225701 5.3199903517961502
leaf_count=750 31 643 34 59 111 375 1137 34
internal_value=-1.40776e-05 -0.000199571 -0.0035167 -0.00164085 0.00105734 -0.00280383 0.00394668 -0.0290484
internal_weight=608.333 601.75 165.356 154.039 436.394 186.784 249.61 11.3175
internal_count=3174 3143 877 809 2266 1018 1248 68
is_linear=0
shrinkage=0.03


Tree=293
num_leaves=14
num_cat=0
split_feature=87 146 149 141 61 42 64 106 54 127 150 117 42
split_gain=2.13745 5.658 6.69804 7.2078 5.62561 4.61098 5.62553 5.45062 3.91722 6.21078 6.64032 6.08448 5.7191
threshold=412.50000000000006 28.543377534060788 9.5000000000000018 523.00000000000011 0.30360042117276925 2.1542048896707047 0.41722205058039463 0.13630775441180595 0.80882866827853428 1.1256959446704133 0.29303396232037376 21.500000000000004 0.67251570086699719
decision_type=2 2 2 2 2 2 2 2 2 2 2 2 2
left_child=1 2 3 -1 -4 7 -7 -3 11 10 -10 12 -2
right_child=8 5 4 -5 -6 6 -8 -9 9 -11 -12 -13 -14
leaf_value=0.027322223298302806 -0.0057711540845978987 0.019512143389799265 0.014450910881628013 0.0010653151973337481 -0.0074173779803364936 -0.00013500999754448065 -0.027489809409323135 -0.012490890427524473 -0.023290229352465611 -0.015057507728146183 0.015570542406741049 -0.025061428951814881 0.0027956858602109381
leaf_weight=14.811420500278471 94.840738039463758 7.8203727081418064 12.419023647904394 25.7983518242836 71.778699483722448 10.053789965808393 20.690861612558365 12.359210126101969 4.3246193826198569 8.7741140779107791 46.602976602502167 8.5347026214003545 269.22186197340488
leaf_count=70 513 42 59 129 375 54 113 67 23 49 243 49 1388
internal_value=-1.39572e-05 -0.00280376 0.000634744 0.0106419 -0.00419184 -0.011231 -0.0185445 -8.84709e-05 0.00112011 0.0082543 0.0122706 -2.30077e-05 0.000563967
internal_weight=608.031 175.732 124.807 40.6098 84.1977 50.9242 30.7447 20.1796 432.299 59.7017 50.9276 372.597 364.063
internal_count=3174 909 633 199 434 276 167 109 2265 315 266 1950 1901
is_linear=0
shrinkage=0.03


Tree=294
num_leaves=10
num_cat=0
split_feature=44 51 51 61 130 36 139 54 142
split_gain=2.15519 6.05523 7.30372 6.08571 3.6511 3.6385 9.96513 4.579 2.08793
threshold=4.4024512609074042 165.00000000000003 465.00000000000006 0.68485096325051564 0.35594406133118534 379.44166666666672 135.50000000000003 0.036604928100504107 5.2417534040076115
decision_type=2 2 2 2 2 2 2 2 2
left_child=4 8 3 -3 5 7 -7 -1 -2
right_child=1 2 -4 -5 -6 6 -8 -9 -10
leaf_value=-0.0081689756463508983 -0.037517333015647518 0.021954516106002464 -0.02276579614267546 -0.0091066196437950726 0.024241206243479196 0.018821194496913496 -0.021706415978919941 0.00063590322507731817 -0.0094639250701988517
leaf_weight=59.980659674853086 6.2468688730150443 13.367192104458811 9.243201442062853 9.8678387179970724 5.759004980325698 25.173519600182772 6.9728756695985785 467.31121162604541 3.8651101589202881
leaf_count=331 49 70 59 56 26 127 41 2386 29
internal_value=-1.40465e-05 -0.00652183 -0.000210026 0.00876296 0.000476345 0.000231703 0.0100303 -0.000365672 -0.0267945
internal_weight=607.787 42.5902 32.4782 23.235 565.197 559.438 32.1464 527.292 10.112
internal_count=3174 263 185 126 2911 2885 168 2717 78
is_linear=0
shrinkage=0.03


Tree=295
num_leaves=10
num_cat=0
split_feature=132 119 124 93 104 63 87 17 64
split_gain=2.12468 6.45952 4.7794 4.42789 3.15203 7.87091 3.04809 3.74543 3.65021
threshold=1.9706018338861913 0.46725141719013336 0.93275772623980402 4.266990349933125 2.2411050879156873 0.34266144814090022 306.50000000000006 1.1322988218391219 0.23370554678965896
decision_type=2 2 2 2 2 2 2 2 2
left_child=4 -2 -3 -4 6 -6 7 -1 -8
right_child=1 2 3 -5 5 -7 8 -9 -10
leaf_value=0.005794008597343971 -0.035908783246397777 0.014098662103107064 -0.028180951028474975 0.010467700215623668 0.037651239635138202 -0.0032925525229372983 -0.0073444272989131414 -0.025197415269575335 0.0011274794578136887
leaf_weight=5.6639531329274169 5.9225010313093689 10.4328730404377 7.2504325006157142 4.2211423330008984 6.9734096303582218 10.723950654268263 50.418467920273542 9.2272217124700529 496.64614979550242
leaf_count=29 37 51 53 27 31 52 278 52 2564
internal_value=-1.39789e-05 -0.00811151 -0.000595718 -0.0139596 0.000374753 0.0128408 -1.78334e-05 -0.0134096 0.000346693
internal_weight=607.48 27.8269 21.9044 11.4716 579.653 17.6974 561.956 14.8912 547.065
internal_count=3174 168 131 80 3006 83 2923 81 2842
is_linear=0
shrinkage=0.03


Tree=296
num_leaves=10
num_cat=0
split_feature=85 45 48 146 19 45 45 56 103
split_gain=2.08992 3.45206 2.85355 6.5762 6.18134 4.69285 7.75132 6.61269 4.53866
threshold=1.0103230763395026 0.6641025641025643 0.68897953091647834 18.188267997212048 2.5154091424574285 0.79361054766734285 0.7633053221288516 0.17285248135043244 0.48672970417156475
decision_type=2 2 2 2 2 2 2 2 2
left_child=1 -1 3 4 -2 6 -4 -7 -5
right_child=2 -3 5 8 -6 7 -8 -9 -10
leaf_value=-0.0026982710828633008 -0.012491805660389092 0.027769481801658447 0.00014973747802753812 -0.030285326870320779 0.02773394295272889 -0.0048070448868507221 -0.03402805126355668 0.032704979173491772 -0.0036418314631215423
leaf_weight=7.087412513792513 6.7235043421387655 6.3415177017450333 533.80405297502875 12.584376253187658 7.0359434485435486 7.720654837787154 6.039718657732009 9.3530623465776426 10.602073095738886
leaf_count=35 34 30 2812 65 32 38 30 42 56
internal_value=-1.38673e-05 0.0116895 -0.000278512 -0.00835241 0.00807778 0.00025711 -0.00023264 0.0157422 -0.0181025
internal_weight=607.292 13.4289 593.863 36.9459 13.7594 556.917 539.844 17.0737 23.1864
internal_count=3174 65 3109 187 66 2922 2842 80 121
is_linear=0
shrinkage=0.03


Tree=297
num_leaves=9
num_cat=0
split_feature=101 97 101 23 83 5 150 43
split_gain=2.08729 3.25693 2.93047 5.18046 6.24656 2.9302 9.24056 8.21021
threshold=2.8744277633476769 1.4621987973224979 2.1490629686548872 -3.2423275574110355 5.5158699392768709 9.5000000000000018 0.27638180155821429 0.4761527193108423
decision_type=2 2 2 2 2 2 2 2
left_child=2 -2 5 -4 -5 6 -1 -7
right_child=1 -3 3 4 -6 7 -8 -9
leaf_value=-0.015154629547808489 0.001720123311713651 -0.034781590459672961 0.028265019011437229 0.0095338665255425125 -0.025031746962022317 -0.0036650664099641644 0.00012910091379862983 0.020539555195475921
leaf_weight=38.512165535241365 4.9756879042834026 3.9437432698905468 8.950453191995619 21.591744065284733 6.016537018120288 30.147040478885174 471.25479000434279 21.684524089097977
leaf_count=215 36 48 40 103 37 161 2432 102
internal_value=-1.36331e-05 -0.0144192 0.000201175 0.00843118 0.00200115 -0.000334578 -0.00102556 0.00646131
internal_weight=607.077 8.91943 598.157 36.5587 27.6083 561.599 509.767 51.8316
internal_count=3174 84 3090 180 140 2910 2647 263
is_linear=0
shrinkage=0.03


Tree=298
num_leaves=11
num_cat=0
split_feature=36 102 108 36 42 2 78 113 51 99
split_gain=2.08792 7.04307 6.45384 5.70085 5.9677 5.6536 5.54207 5.77255 4.64218 4.48234
threshold=70.400000000000048 0.0044584629676475895 0.32174511246663134 60.000000000000007 1.8542025272079294 94.369610945255857 0.0047087320789648002 4.3170120423265956 45.000000000000007 0.37193898487533966
decision_type=2 2 2 2 2 2 2 2 2 2
left_child=1 2 -1 4 -3 8 -7 -8 -2 -10
right_child=5 3 -4 -5 -6 6 7 -9 9 -11
leaf_value=0.033281266335289585 -0.021180530257851111 -0.0145160535077148 -0.0088714856145436383 -0.032656518392651289 0.0089579751021909293 -0.011942364236318866 0.039119528339906506 0.0027634176832626598 0.003833090797246458 -0.001908223513963195
leaf_weight=7.2674370408058149 9.1751165241003019 26.025529223494232 5.9414780959486961 8.5225679203867895 15.583354745060204 4.9757695794105556 9.6043755859136599 6.653493881225585 201.64678619429469 311.34783823043108
leaf_count=33 57 155 39 44 82 37 45 39 1064 1579
internal_value=-1.35022e-05 -0.00516811 0.0143206 -0.0103031 -0.00572456 0.000587331 0.0157619 0.0242409 -2.97311e-05 0.00034856
internal_weight=606.744 63.3404 13.2089 50.1315 41.6089 543.403 21.2336 16.2579 522.17 512.995
internal_count=3174 353 72 281 237 2821 121 84 2700 2643
is_linear=0
shrinkage=0.03


Tree=299
num_leaves=8
num_cat=0
split_feature=85 65 76 138 21 79 106
split_gain=2.08748 5.09583 4.0149 5.55407 4.08535 3.58736 3.40693
threshold=5.2687606915247382 1.7362661587071906 0.1001519756838906 12753.000000000002 10.96669850917433 4.6870556846754132 0.73496355664398172
decision_type=2 2 2 2 2 2 2
left_child=2 -2 3 5 6 -1 -4
right_child=1 -3 4 -5 -6 -7 -8
leaf_value=-0.0062058714354466717 -0.0077264784993233892 0.039250071812773235 0.0012425551741687337 0.017981495024339871 0.022445863433289616 -0.027537570611131303 -0.0046888539836283461
leaf_weight=16.523328479379419 4.3135522399097663 4.010433204472065 448.28069948405027 5.3209541821852318 7.4549458473920813 12.434841286391018 108.18833225592971
leaf_count=109 40 20 2265 34 38 89 579
internal_value=-1.34209e-05 0.0149065 -0.000221031 -0.0101895 0.000384922 -0.0153659 8.93746e-05
internal_weight=606.527 8.32399 598.203 34.2791 563.924 28.9582 556.469
internal_count=3174 60 3114 232 2882 198 2844
is_linear=0
shrinkage=0.03


end of trees

feature_importances:
minutes_from_rth_open=93
regime_distance_from_mfe_atr__tf_1h=58
pullback_rebound_from_deepest_point_atr=54
pullback_depth_atr=53
regime_distance_from_mfe_atr__tf_5m=51
previous_max_depth_ratio=50
realized_range_1m_atr=49
nearest_context_level_below_atr=48
prior_regime_max_mfe_atr__tf_1m=43
pullback_depth_vs_max_mfe_ratio=43
regime_recent_expansion_rate_180s_atr_min__tf_30s=43
regime_time_since_mfe_sec__tf_1m=41
context_level_span_atr=40
regime_age_sec__tf_1m=40
regime_expansion_rate_atr_min__tf_1h=40
atr_change_rate=39
mtf_prior_range_reclaim_mean=38
atr_percentile_session=37
current_price_from_prior_mae_atr__tf_1h=35
previous_pullbacks_max_depth_atr=35
prior_regime_range_overlap_ratio__tf_1h=35
regime_max_mae_atr__tf_1m=35
regime_progress_efficiency__tf_5m=35
prior_regime_range_overlap_ratio__tf_30s=33
current_regime_start_from_prior_mae_atr__tf_5m=32
regime_max_mae_atr__tf_1h=32
prior_regime_total_range_atr__tf_30s=31
current_max_mfe_from_prior_regime_mae_atr__tf_1h=30
current_regime_start_from_prior_mae_atr__tf_1m=30
prior_regime_duration_sec__tf_30s=29
prior_regime_max_mae_atr__tf_5m=29
regime_max_mae_atr__tf_5m=29
current_regime_start_from_prior_mfe_atr__tf_5m=28
prior_regime_max_mae_atr__tf_1m=28
prior_regime_max_mae_atr__tf_30s=28
prior_regime_duration_sec__tf_5m=27
regime_time_since_mae_sec__tf_1h=27
prior_regime_max_mae_atr__tf_1h=26
prior_regime_max_mfe_atr__tf_5m=26
realized_range_5m_atr=26
regime_recent_expansion_rate_180s_atr_min__tf_1m=26
regime_recent_expansion_rate_180s_atr_min__tf_5m=26
current_price_from_prior_mae_atr__tf_5m=25
regime_distance_from_mfe_atr__tf_1m=25
regime_max_mae_atr__tf_30s=24
regime_progress_efficiency__tf_1m=24
regime_time_since_mae_sec__tf_30s=24
session_position_in_range=24
prior_regime_max_mfe_atr__tf_30s=23
regime_time_since_mae_sec__tf_1m=23
regime_time_since_mae_sec__tf_5m=23
previous_pullbacks_avg_duration_sec=22
prior_regime_duration_sec__tf_1m=22
session_current_range_atr=22
current_regime_start_from_prior_mfe_atr__tf_1h=21
prior_regime_range_overlap_ratio__tf_5m=21
prior_regime_max_mfe_atr__tf_1h=20
regime_progress_efficiency__tf_1h=20
regime_time_since_mfe_sec__tf_1h=20
current_regime_start_from_prior_mae_atr__tf_1h=19
prior_regime_range_reclaim_ratio__tf_30s=19
regime_age_sec__tf_1h=19
regime_expansion_rate_atr_min__tf_5m=19
regime_max_mfe_atr__tf_5m=19
regime_recent_expansion_rate_60s_atr_min__tf_30s=19
regime_time_since_mfe_sec__tf_5m=19
regime_total_range_atr__tf_30s=19
current_max_mfe_from_prior_regime_mfe_atr__tf_1h=18
mtf_current_regime_mfe_mean_atr=18
regime_current_displacement_atr__tf_5m=18
regime_distance_from_mfe_atr__tf_30s=18
current_max_mfe_from_prior_regime_mae_atr__tf_1m=17
prior_regime_range_reclaim_ratio__tf_1h=17
prior_regime_range_reclaim_ratio__tf_5m=17
prior_regime_total_range_atr__tf_5m=17
realized_range_15m_atr=17
regime_distance_from_mae_atr__tf_5m=17
regime_new_extreme_count__tf_30s=17
regime_total_range_atr__tf_1m=17
atr_percentile_20d=16
current_price_from_prior_mfe_atr__tf_30s=16
current_regime_start_from_prior_mfe_atr__tf_30s=16
prior_regime_range_overlap_ratio__tf_1m=16
current_price_from_prior_mae_atr__tf_30s=15
nearest_context_level_above_atr=15
regime_expansion_rate_atr_min__tf_1m=15
regime_max_mfe_atr__tf_1h=15
regime_total_range_atr__tf_1h=15
current_max_mfe_from_prior_regime_mae_atr__tf_5m=14
current_price_from_prior_mfe_atr__tf_1h=14
prior_regime_total_range_atr__tf_1m=14
pullback_efficiency=13
regime_expansion_rate_atr_min__tf_30s=13
current_max_mfe_from_prior_regime_mae_atr__tf_30s=12
pullback_velocity_vs_expansion_velocity_ratio=12
regime_age_sec__tf_30s=12
regime_current_displacement_atr__tf_1h=12
regime_distance_from_mae_atr__tf_1m=12
regime_total_range_atr__tf_5m=12
session_new_low_count=12
current_max_mfe_from_prior_regime_mfe_atr__tf_5m=11
pullback_duration_vs_regime_age_ratio=11
regime_max_mfe_atr__tf_30s=11
regime_recent_expansion_rate_60s_atr_min__tf_1m=11
regime_recent_expansion_rate_30s_atr_min__tf_30s=10
regime_recent_expansion_rate_60s_atr_min__tf_1h=10
time_near_regime_extreme_60s_ratio__tf_5m=10
current_regime_start_from_prior_mfe_atr__tf_1m=9
failed_new_extreme_attempt_count__tf_1h=9
regime_new_extreme_count__tf_5m=9
session_new_high_count=9
time_near_regime_extreme_300s_ratio__tf_30s=9
current_max_mfe_from_prior_regime_mfe_atr__tf_1m=8
current_price_from_prior_mfe_atr__tf_1m=8
previous_pullbacks_count=8
regime_age_sec__tf_5m=8
session_displacement_from_open_atr=8
current_max_mfe_from_prior_regime_mfe_atr__tf_30s=7
current_regime_start_from_prior_mae_atr__tf_30s=7
nearest_level_in_trade_direction_atr=7
prior_regime_total_range_atr__tf_1h=7
atr_ratio_short_long=6
current_price_from_prior_mfe_atr__tf_5m=6
prior_regime_duration_sec__tf_1h=6
pullback_close_location_ratio=6
regime_distance_from_mae_atr__tf_1h=6
regime_recent_expansion_rate_30s_atr_min__tf_1m=6
context_levels_above_count=5
current_price_from_prior_mae_atr__tf_1m=5
prior_regime_range_reclaim_ratio__tf_1m=5
pullback_counter_bar_ratio=5
regime_current_displacement_atr__tf_1m=5
regime_new_extreme_count__tf_1h=5
time_near_regime_extreme_180s_ratio__tf_30s=5
context_levels_below_count=4
regime_current_displacement_atr__tf_30s=4
regime_max_mfe_atr__tf_1m=4
regime_new_extreme_count__tf_1m=4
time_near_regime_extreme_300s_ratio__tf_1m=4
time_near_regime_extreme_60s_ratio__tf_30s=4
nearest_level_against_trade_direction_atr=3
regime_distance_from_mae_atr__tf_30s=3
regime_progress_efficiency__tf_30s=3
failed_new_extreme_attempt_count__tf_5m=2
mtf_regime_direction_agreement_count=2
regime_recent_expansion_rate_180s_atr_min__tf_1h=2
regime_recent_expansion_rate_60s_atr_min__tf_5m=2
regime_time_since_mfe_sec__tf_30s=2
time_near_regime_extreme_180s_ratio__tf_5m=2
time_near_regime_extreme_300s_ratio__tf_1h=2
failed_new_extreme_attempt_count__tf_1m=1
pullback_duration_sec=1
pullback_longest_counter_run_bars=1
regime_recent_expansion_rate_30s_atr_min__tf_5m=1
time_near_regime_extreme_180s_ratio__tf_1m=1
time_near_regime_extreme_60s_ratio__tf_1m=1

parameters:
[boosting: gbdt]
[objective: binary]
[metric: binary_logloss]
[tree_learner: serial]
[device_type: cpu]
[data_sample_strategy: bagging]
[data: ]
[valid: ]
[num_iterations: 300]
[learning_rate: 0.03]
[num_leaves: 15]
[num_threads: 20]
[seed: 42]
[deterministic: 0]
[force_col_wise: 0]
[force_row_wise: 0]
[histogram_pool_size: -1]
[max_depth: 4]
[min_data_in_leaf: 30]
[min_sum_hessian_in_leaf: 0.001]
[bagging_fraction: 0.8]
[pos_bagging_fraction: 1]
[neg_bagging_fraction: 1]
[bagging_freq: 0]
[bagging_seed: 400]
[bagging_by_query: 0]
[feature_fraction: 0.8]
[feature_fraction_bynode: 1]
[feature_fraction_seed: 30056]
[extra_trees: 0]
[extra_seed: 12879]
[early_stopping_round: 0]
[early_stopping_min_delta: 0]
[first_metric_only: 0]
[max_delta_step: 0]
[lambda_l1: 0]
[lambda_l2: 0]
[linear_lambda: 0]
[min_gain_to_split: 0]
[drop_rate: 0.1]
[max_drop: 50]
[skip_drop: 0.5]
[xgboost_dart_mode: 0]
[uniform_drop: 0]
[drop_seed: 17869]
[top_rate: 0.2]
[other_rate: 0.1]
[min_data_per_group: 100]
[max_cat_threshold: 32]
[cat_l2: 10]
[cat_smooth: 10]
[max_cat_to_onehot: 4]
[top_k: 20]
[monotone_constraints: ]
[monotone_constraints_method: basic]
[monotone_penalty: 0]
[feature_contri: ]
[forcedsplits_filename: ]
[refit_decay_rate: 0.9]
[cegb_tradeoff: 1]
[cegb_penalty_split: 0]
[cegb_penalty_feature_lazy: ]
[cegb_penalty_feature_coupled: ]
[path_smooth: 0]
[interaction_constraints: ]
[verbosity: -1]
[saved_feature_importance_type: 0]
[use_quantized_grad: 0]
[num_grad_quant_bins: 4]
[quant_train_renew_leaf: 0]
[stochastic_rounding: 1]
[linear_tree: 0]
[max_bin: 255]
[max_bin_by_feature: ]
[min_data_in_bin: 3]
[bin_construct_sample_cnt: 200000]
[data_random_seed: 175]
[is_enable_sparse: 1]
[enable_bundle: 1]
[use_missing: 1]
[zero_as_missing: 0]
[feature_pre_filter: 1]
[pre_partition: 0]
[two_round: 0]
[header: 0]
[label_column: ]
[weight_column: ]
[group_column: ]
[ignore_column: ]
[categorical_feature: ]
[forcedbins_filename: ]
[precise_float_parser: 0]
[parser_config_file: ]
[objective_seed: 16083]
[num_class: 1]
[is_unbalance: 0]
[scale_pos_weight: 1]
[sigmoid: 1]
[boost_from_average: 1]
[reg_sqrt: 0]
[alpha: 0.9]
[fair_c: 1]
[poisson_max_delta_step: 0.7]
[tweedie_variance_power: 1.5]
[lambdarank_truncation_level: 30]
[lambdarank_norm: 1]
[label_gain: ]
[lambdarank_position_bias_regularization: 0]
[eval_at: ]
[multi_error_top_k: 1]
[auc_mu_weights: ]
[num_machines: 1]
[local_listen_port: 12400]
[time_out: 120]
[machine_list_filename: ]
[machines: ]
[gpu_platform_id: -1]
[gpu_device_id: -1]
[gpu_use_dp: 0]
[num_gpu: 1]

end of parameters

pandas_categorical:[]
