tree
version=v4
num_class=1
num_tree_per_iteration=1
label_index=0
max_feature_idx=163
objective=regression_l1
feature_names=atr_change_rate atr_percentile_20d atr_percentile_session atr_ratio_short_long context_level_span_atr context_levels_above_count context_levels_below_count current_max_mfe_from_prior_regime_mae_atr__tf_1h current_max_mfe_from_prior_regime_mae_atr__tf_1m current_max_mfe_from_prior_regime_mae_atr__tf_30s current_max_mfe_from_prior_regime_mae_atr__tf_5m current_max_mfe_from_prior_regime_mfe_atr__tf_1h current_max_mfe_from_prior_regime_mfe_atr__tf_1m current_max_mfe_from_prior_regime_mfe_atr__tf_30s current_max_mfe_from_prior_regime_mfe_atr__tf_5m current_price_from_prior_mae_atr__tf_1h current_price_from_prior_mae_atr__tf_1m current_price_from_prior_mae_atr__tf_30s current_price_from_prior_mae_atr__tf_5m current_price_from_prior_mfe_atr__tf_1h current_price_from_prior_mfe_atr__tf_1m current_price_from_prior_mfe_atr__tf_30s current_price_from_prior_mfe_atr__tf_5m current_regime_start_from_prior_mae_atr__tf_1h current_regime_start_from_prior_mae_atr__tf_1m current_regime_start_from_prior_mae_atr__tf_30s current_regime_start_from_prior_mae_atr__tf_5m current_regime_start_from_prior_mfe_atr__tf_1h current_regime_start_from_prior_mfe_atr__tf_1m current_regime_start_from_prior_mfe_atr__tf_30s current_regime_start_from_prior_mfe_atr__tf_5m direction_is_long failed_new_extreme_attempt_count__tf_1h failed_new_extreme_attempt_count__tf_1m failed_new_extreme_attempt_count__tf_30s failed_new_extreme_attempt_count__tf_5m has_previous_pullbacks minutes_from_rth_open mtf_current_regime_mfe_mean_atr mtf_prior_mfe_displacement_count mtf_prior_range_reclaim_mean mtf_regime_direction_agreement_count nearest_context_level_above_atr nearest_context_level_below_atr nearest_level_against_trade_direction_atr nearest_level_in_trade_direction_atr previous_max_depth_ratio previous_pullbacks_avg_duration_sec previous_pullbacks_count previous_pullbacks_max_depth_atr prior_regime_duration_sec__tf_1h prior_regime_duration_sec__tf_1m prior_regime_duration_sec__tf_30s prior_regime_duration_sec__tf_5m prior_regime_max_mae_atr__tf_1h prior_regime_max_mae_atr__tf_1m prior_regime_max_mae_atr__tf_30s prior_regime_max_mae_atr__tf_5m prior_regime_max_mfe_atr__tf_1h prior_regime_max_mfe_atr__tf_1m prior_regime_max_mfe_atr__tf_30s prior_regime_max_mfe_atr__tf_5m prior_regime_range_overlap_ratio__tf_1h prior_regime_range_overlap_ratio__tf_1m prior_regime_range_overlap_ratio__tf_30s prior_regime_range_overlap_ratio__tf_5m prior_regime_range_reclaim_ratio__tf_1h prior_regime_range_reclaim_ratio__tf_1m prior_regime_range_reclaim_ratio__tf_30s prior_regime_range_reclaim_ratio__tf_5m prior_regime_total_range_atr__tf_1h prior_regime_total_range_atr__tf_1m prior_regime_total_range_atr__tf_30s prior_regime_total_range_atr__tf_5m pullback_close_location_ratio pullback_counter_bar_ratio pullback_depth_atr pullback_depth_vs_max_mfe_ratio pullback_duration_sec pullback_duration_vs_regime_age_ratio pullback_efficiency pullback_longest_counter_run_bars pullback_rebound_from_deepest_point_atr pullback_velocity_vs_expansion_velocity_ratio realized_range_15m_atr realized_range_1m_atr realized_range_5m_atr regime_age_sec__tf_1h regime_age_sec__tf_1m regime_age_sec__tf_30s regime_age_sec__tf_5m regime_current_displacement_atr__tf_1h regime_current_displacement_atr__tf_1m regime_current_displacement_atr__tf_30s regime_current_displacement_atr__tf_5m regime_distance_from_mae_atr__tf_1h regime_distance_from_mae_atr__tf_1m regime_distance_from_mae_atr__tf_30s regime_distance_from_mae_atr__tf_5m regime_distance_from_mfe_atr__tf_1h regime_distance_from_mfe_atr__tf_1m regime_distance_from_mfe_atr__tf_30s regime_distance_from_mfe_atr__tf_5m regime_expansion_rate_atr_min__tf_1h regime_expansion_rate_atr_min__tf_1m regime_expansion_rate_atr_min__tf_30s regime_expansion_rate_atr_min__tf_5m regime_max_mae_atr__tf_1h regime_max_mae_atr__tf_1m regime_max_mae_atr__tf_30s regime_max_mae_atr__tf_5m regime_max_mfe_atr__tf_1h regime_max_mfe_atr__tf_1m regime_max_mfe_atr__tf_30s regime_max_mfe_atr__tf_5m regime_new_extreme_count__tf_1h regime_new_extreme_count__tf_1m regime_new_extreme_count__tf_30s regime_new_extreme_count__tf_5m regime_progress_efficiency__tf_1h regime_progress_efficiency__tf_1m regime_progress_efficiency__tf_30s regime_progress_efficiency__tf_5m regime_recent_expansion_rate_180s_atr_min__tf_1h regime_recent_expansion_rate_180s_atr_min__tf_1m regime_recent_expansion_rate_180s_atr_min__tf_30s regime_recent_expansion_rate_180s_atr_min__tf_5m regime_recent_expansion_rate_30s_atr_min__tf_1h regime_recent_expansion_rate_30s_atr_min__tf_1m regime_recent_expansion_rate_30s_atr_min__tf_30s regime_recent_expansion_rate_30s_atr_min__tf_5m regime_recent_expansion_rate_60s_atr_min__tf_1h regime_recent_expansion_rate_60s_atr_min__tf_1m regime_recent_expansion_rate_60s_atr_min__tf_30s regime_recent_expansion_rate_60s_atr_min__tf_5m regime_time_since_mae_sec__tf_1h regime_time_since_mae_sec__tf_1m regime_time_since_mae_sec__tf_30s regime_time_since_mae_sec__tf_5m regime_time_since_mfe_sec__tf_1h regime_time_since_mfe_sec__tf_1m regime_time_since_mfe_sec__tf_30s regime_time_since_mfe_sec__tf_5m regime_total_range_atr__tf_1h regime_total_range_atr__tf_1m regime_total_range_atr__tf_30s regime_total_range_atr__tf_5m session_current_range_atr session_displacement_from_open_atr session_new_high_count session_new_low_count session_position_in_range time_near_regime_extreme_180s_ratio__tf_1h time_near_regime_extreme_180s_ratio__tf_1m time_near_regime_extreme_180s_ratio__tf_30s time_near_regime_extreme_180s_ratio__tf_5m time_near_regime_extreme_300s_ratio__tf_1h time_near_regime_extreme_300s_ratio__tf_1m time_near_regime_extreme_300s_ratio__tf_30s time_near_regime_extreme_300s_ratio__tf_5m time_near_regime_extreme_60s_ratio__tf_1h time_near_regime_extreme_60s_ratio__tf_1m time_near_regime_extreme_60s_ratio__tf_30s time_near_regime_extreme_60s_ratio__tf_5m
feature_infos=[-0.48854193548984992:3.5302570484845255] [2.3052353839744479:100] [0.45413260672116262:100] [0.29797296936340512:3.4753800718169532] [7.1810960453943595:260.61669077240163] [0:14] [0:14] [-24.237926232261838:19.742569660217814] [-23.318023156699738:20.908342937309857] [-23.029905128844451:27.888071475735625] [-23.00221227709832:28.323798814200352] [0:22.210888489831348] [1.2155210030973711:26.404286228455764] [1.1286570160443596:32.590130038505002] [1.0629102693899026:29.86306512524407] [-25.097806479527904:17.580356388158744] [-23.977967208304445:20.217493899536745] [-24.350932191684475:26.915231773093684] [-23.340430150603886:27.696388019857743] [-6.3260926762442296:21.632971010104427] [-5.4029056238020567:26.404286228455764] [-6.3584146576569216:31.617290335863061] [-3.3528201120616168:29.770989898753083] [-25.320525785497068:3.1225041322166258] [-27.860408425783049:0] [-24.791274545964484:0.26629564714334281] [-24.711836162558328:0] [0:7.27752959888827] [0.026423540579673725:9.9760161060029535] [0:6.4844545128360798] [-0.01507833644959878:7.135912853381055] [0:1] [0:5] [0:12] [0:11] [0:8] [0:1] [4.2333333333333485:522] [0.78545365633605391:14.65918975037467] [2:4] [0.31223744850022794:16.35771033421701] [0:4] [0.009552043052782443:35.153634112489918] [0.0048269416458378966:64.52033289453091] [0.0048269416458378966:64.52033289453091] [0.009552043052782443:20.827767495375063] [0:176.00418780543498] [0:17922.900000000001] [0:88] [0:4.7636507311715546] [0:568800] [120:7380] [30:3810] [300:30000] [0:5.3585627846841488] [0:8.0116289747861487] [0:5.7575555060478427] [0:7.5325812154752736] [0:29.675625879177797] [0.10319711096570654:66.367706225139472] [0.11992299541028036:28.06404570222762] [0.20341233346815765:49.508548112121431] [0:1] [0.023911187019641331:1] [0:1] [0.0068965517241379309:1] [0:29.089887640449437] [0.095121951219512196:27.820512820512821] [0.11166666666666666:26.53846153846154] [0.078178110129163828:46.328767123287669] [0:27.315625743516009] [0.53248987474365583:35.502120451140684] [0.36895559875843403:27.671416589537586] [0.24491651316371674:25.884553373245772] [0:1] [0:1] [0:8.8002093902717498] [0:28.137756746417065] [1:176421] [2.2244714099812034e-05:1] [0:528.01256341630494] [0:13] [0:4.555023691850173] [0:1406887.8373208535] [0.58977064802483825:33.82341035936556] [0.11930649658879723:12.77670034179331] [0.32970795722717389:26.064468697258352] [0:566673] [0:180429] [0:177699] [0:177669] [-7.7193811633369522:20.548576755454729] [-5.6257058557114199:22.208764655471018] [-8.4538013062029513:29.428401004918697] [-4.6071968672734807:28.274287924445193] [0:21.201246713875932] [0:22.757380067820254] [0:29.509470980138857] [0:28.531132326484059] [0:9.43088706373638] [0:10.674113639817245] [0:11.282472573376426] [0:7.1276735249421783] [0:57.283094629754807] [0.0032354646725713723:224.75270652227874] [0.00080265032446261825:224.02310889060215] [0.00020528288595694793:113.31017137552676] [0:4.2488130794899801] [0:5.5853213706423928] [0:7.3532816722514944] [0:2.8639682049324997] [0:20.39635410212481] [0.034399036988568846:22.899613693244131] [0.11540677135069627:30.401240707560635] [0.13162866870012824:28.906237936807671] [0:35] [1:37] [1:44] [1:44] [0:1] [0:1] [0:1] [0:1] [0:1.6502300808898547] [0:2.1644119877369583] [0:2.503336633434551] [0:1.5903002132493336] [0:5.4971835684361761] [0:11.393037119236487] [0:11.054318634855397] [0:9.541801279496001] [0:4.2392761707767077] [0:5.6965185596182435] [0:6.8925865702659905] [0:4.7709006397480005] [0:523473] [0:180429] [0:177031] [0:177188] [0:268325] [0:176458] [0:176458] [0:176588] [0:21.015728836563017] [0.37274302259007774:23.44822910559337] [0.34842451937758523:30.482310682780799] [0.36197883892535265:29.165099769077592] [2.2793741204797984:183.2525407314555] [-70.390782949647985:172.81321200618399] [1:112] [1:92] [0:1] [0:1] [0:1] [0:1] [0:1] [0:1] [0:1] [0:1] [0:1] [0:1] [0:1] [0:1] [0:1]
tree_sizes=1409 1490 1482 1487 1498 1494 1493 1480 1498 1494 1501 1495 1488 1495 1486 1510 1501 1507 1492 1494 1410 1489 1482 1511 1500 1501 1400 1501 1506 1523 1482 1481 1500 1474 1393 1390 1488 1477 1466 1478 1406 1493 1504 1490 1407 1482 1478 1482 1478 1490 1485 1483 1493 1505 1402 1506 1397 1399 1385 1499 1479 1392 1484 1482 1487 1479 1370 1398 1290 1364 1299 1404 1489 1494 1405 1402 1477 1488 1303 1500 1497 1399 1304 1211 1220 1290 1303 1502 1404 1315 1524 1398 1317 1516 1224 1067 1500 971 1400 1484 1412 1507 1501 1510 1139 1235 1393 1307 1315 1044 1419 1310 1314 1508 1403 774 1415 961 967 969 976 1509 1031 980 968 961 782 1230 695 697 1235 1398 1053 1053 1214 1044 784 979 954 783 978 1499 1046 1291 871 964 1041 959 960 775 979 1310 1058 774 867 777 788 1495 857 790 789 1312 1509 767 765 768 965 861 860 868 1415 1425 1036 1071 1488 1496 1063 1300 1022 1318 1061 1216 1220 1325 974 1056 1299 1495 1392 1301 1412 1308 859 980 878 963 941 952 945 1236 1491 1222 1222 1057 1068 1064 1230 963 1506 1134 1031 1334 1320 1242 1045 610 1514 1503 1398 859 1133 861 704 1304 1235 1404 1499 1228 1508 1497 1496 705 1248 1506 1295 1310 1514 1510 706 1488 1205 699 1231 1517 965 1502 864 1312 1494 1300 1500 862 1502 1493 1505 1122 1243 858 1234 1061 878 1048 1214 1231 1205 1428 1408 1223 1313 1055 698 1231 800 951 1241 1139 1119 1319 1124 1218 1208 1303 1402 1129 1136 1138 1302 1224 1195 1226 1513 1511 1225 1055 1044 1051 1517 1235 1332 958

Tree=0
num_leaves=15
num_cat=0
split_feature=84 101 37 37 84 44 97 4 4 150 60 87 90 4
split_gain=292.766 124.033 80.3941 57.9994 41.8191 40.2535 31.6674 21.0338 20.993 18.623 17.9285 17.3561 12.8789 12.5398
threshold=5.5839535876069641 0.70225308034482936 381.64166666666671 395.36666666666673 11.636681485645047 2.6264972319873938 2.0890388680213436 32.12930255470728 37.756822403624774 16.500000000000004 1.8002135996688018 26818.500000000004 1816.5000000000002 49.742543795384641
decision_type=2 2 2 2 2 2 2 2 2 2 2 2 2 2
left_child=1 6 4 5 7 -3 11 -2 -8 -6 13 -1 -12 -4
right_child=2 3 10 -5 9 -7 8 -9 -10 -11 12 -13 -14 -15
leaf_value=0.9561038464307785 0.97895195782184596 0.956016281247139 0.95430173635482785 0.93544827818870546 1.15812145113945 0.975378406047821 0.96624233186244968 1.0008054578304291 0.97391765713691714 0.98572409570217134 0.94821775808930397 0.96580421268939975 0.96243163883686067 1.0301064670085907
leaf_weight=1257 868 8775 50 183 255 462 4314 1204 2727 50 138 1032 129 49
leaf_count=1257 868 8775 50 183 255 462 4314 1204 2727 50 138 1032 129 49
internal_value=0.96438 0.96304 0.973534 0.960612 0.975549 0.960943 0.965492 0.974023 0.966489 0.985921 0.960445 0.962427 0.956402 0.971349
internal_weight=21493 18750 2743 9420 2377 9237 9330 2072 7041 305 366 2289 267 99
internal_count=21493 18750 2743 9420 2377 9237 9330 2072 7041 305 366 2289 267 99
is_linear=0
shrinkage=1


Tree=1
num_leaves=15
num_cat=0
split_feature=84 101 0 84 42 97 150 85 108 64 87 23 64 15
split_gain=272.758 113.391 52.5804 51.2812 34.4827 29.6959 26.2955 24.8255 20.1557 17.541 17.0419 16.1803 15.3804 9.01659
threshold=5.5839535876069641 0.70225308034482936 -0.21360860486835781 11.636681485645047 3.4904055708426291 2.0890388680213436 18.500000000000004 1.3548024989622462 0.015692722580642655 0.23055315471045812 26818.500000000004 -0.8304234163832932 0.61671656686626763 3.9383997865623175
decision_type=2 2 2 2 2 2 2 2 2 2 2 2 2 2
left_child=1 5 12 7 -4 10 13 11 -9 -7 -1 -2 -3 -5
right_child=3 2 4 6 -6 9 -8 8 -10 -11 -12 -13 -14 -15
leaf_value=-0.0080275471508502953 0.017191524893045425 -0.028063448345661164 -0.0078932265669107438 0.19866322921514512 0.012327957183122634 0.028433478516340253 -0.0085847516119480129 -0.0070396451264619813 0.031988374444842337 0.0041022838264703739 0.0013818081200122822 -0.0046472640931606276 -0.01301740837097168 0.02289374874830246
leaf_weight=1257 823 202 8730 239 408 369 47 106 1152 6672 1032 341 80 35
leaf_count=1257 823 202 8730 239 408 369 47 106 1152 6672 1032 341 80 35
internal_value=-9.77062e-06 -0.0013024 -0.0036242 0.0088261 -0.00323047 0.0010418 0.0200935 0.00733278 0.0102544 0.00200682 -0.00192661 0.00417526 -0.016383 0.0236496
internal_weight=21493 18750 9420 2743 9138 9330 321 2422 1258 7041 2289 1164 282 274
internal_count=21493 18750 9420 2743 9138 9330 321 2422 1258 7041 2289 1164 282 274
is_linear=0
shrinkage=0.03


Tree=2
num_leaves=15
num_cat=0
split_feature=84 101 37 0 44 84 93 64 60 47 15 80 91 64
split_gain=258.944 109.087 77.4625 51.3589 36.6221 34.3775 27.8505 19.905 19.0229 24.028 18.9196 18.7216 15.8372 14.7982
threshold=5.5839535876069641 0.70225308034482936 381.64166666666671 -0.21360860486835781 2.6264972319873938 11.636681485645047 1.9409085450043622 0.23055315471045812 1.8002135996688018 48.172619047619058 -4.2725707411599831 1.1448474278732566 5.4314086131741837 0.61671656686626763
decision_type=2 2 2 2 2 2 2 2 2 2 2 2 2 2
left_child=1 6 5 13 -5 10 11 -8 9 -4 -2 -1 -7 -3
right_child=2 3 8 4 -6 12 7 -9 -10 -11 -12 -13 -14 -15
leaf_value=-0.019704901340022684 -0.0049387822286188609 -0.027221544895291327 0.050870657467201354 -0.0077665405564606204 0.010619056075707078 0.16921742383038998 0.029052388946950437 0.0040472749438583838 -0.010740482334494591 -0.015851789486110209 0.027673329739183187 -0.0027937581240534801 -0.0015061678429841984 -0.01262688611984253
leaf_weight=170 139 202 62 8672 466 273 380 6433 267 37 1933 2347 32 80
leaf_count=170 139 202 62 8672 466 273 380 6433 267 37 1933 2347 32 80
internal_value=-2.37287e-05 -0.0012832 0.00858549 -0.00356051 -0.00317137 0.0105637 0.00101608 0.00201233 -0.0042623 0.0069697 0.00917954 -0.00168057 0.0199672 -0.0161702
internal_weight=21493 18750 2743 9420 9138 2377 9330 6813 366 99 2072 2517 305 282
internal_count=21493 18750 2743 9420 9138 2377 9330 6813 366 99 2072 2517 305 282
is_linear=0
shrinkage=0.03


Tree=3
num_leaves=15
num_cat=0
split_feature=84 101 37 78 37 97 86 41 15 73 70 68 85 110
split_gain=240.23 103.14 69.7544 48.3884 43.0562 40.7192 38.3024 33.888 20.5574 19.2713 18.5982 17.395 15.1578 14.5749
threshold=5.5839535876069641 0.83663774697927618 381.64166666666671 5.5000000000000009 389.94166666666672 2.2293242594125582 4.5708514113004233 2.5000000000000004 -4.2725707411599831 7.9141699878352272 0.91063395957760718 4.2110323886639689 1.3020282286989473 0.24927397376430929
decision_type=2 2 2 2 2 2 2 2 2 2 2 2 2 2
left_child=1 5 6 -3 -5 7 8 -1 -2 -7 -8 12 -4 -13
right_child=2 3 11 4 -6 9 10 -9 -10 -11 -12 13 -14 -15
leaf_value=-0.012002460398307145 -0.012125268773672282 0.0053647857526633131 -0.021468305686587096 -0.010288174786200822 -0.026404898548432587 0.0022420034656620018 -0.0072375775838318442 -0.0018575795640850073 0.02127580290194124 0.016189982042680084 0.068943460038858359 0.029888271970873254 -0.0051971840241193798 -0.014261131543466447
leaf_weight=1073 90 926 94 4657 161 8294 37 2922 1415 717 835 78 158 36
leaf_count=1073 90 926 94 4657 161 8294 37 2922 1415 717 835 78 158 36
internal_value=-3.48951e-05 -0.001248 0.00825738 -0.0045961 -0.00580324 0.000230663 0.0101346 -0.00229036 0.00723588 0.00134835 0.0151376 -0.00393443 -0.00833333 0.00578947
internal_weight=21493 18750 2743 5744 4818 13006 2377 3995 1505 9011 872 366 252 114
internal_count=21493 18750 2743 5744 4818 13006 2377 3995 1505 9011 872 366 252 114
is_linear=0
shrinkage=0.03


Tree=4
num_leaves=15
num_cat=0
split_feature=84 101 37 37 84 97 41 86 4 15 150 68 47 90
split_gain=217.984 98.917 63.2804 39.004 38.443 38.0041 31.9317 30.6122 25.4772 19.9289 16.9552 16.8134 16.412 16.1583
threshold=5.5839535876069641 0.83663774697927618 381.64166666666671 395.36666666666673 11.636681485645047 2.2293242594125582 2.5000000000000004 2.3177945645161384 37.756822403624774 -4.2725707411599831 16.500000000000004 4.2110323886639689 46.01219512195123 1816.5000000000002
decision_type=2 2 2 2 2 2 2 2 2 2 2 2 2 2
left_child=1 5 4 7 9 6 -1 -3 -7 -2 -6 13 -13 -4
right_child=2 3 11 -5 10 8 -8 -9 -10 -11 -12 12 -14 -15
leaf_value=-0.011642386586357932 -0.0047317798858872847 -0.010853064222027638 -0.016384566230435105 -0.025612751591979611 0.17482480602402931 0.00014644540391446135 -0.0018018521771624556 -0.0013081963488358061 0.0074324791713762384 0.025752335754931938 0.011880032761528559 0.049234835830396236 -0.0097116509558931308 -0.00032607910867426035
leaf_weight=1073 139 3992 134 163 255 5616 2922 1589 3395 1933 50 59 55 118
leaf_count=1073 139 3992 134 163 255 5616 2922 1589 3395 1933 50 59 55 118
internal_value=-5.72279e-05 -0.0012128 0.00784178 -0.00449164 0.00962979 0.000235276 -0.00220025 -0.00406916 0.00131506 0.00816602 0.0195738 -0.00377049 0.00578947 -0.00809524
internal_weight=21493 18750 2743 5744 2377 13006 3995 5581 9011 2072 305 366 114 252
internal_count=21493 18750 2743 5744 2377 13006 3995 5581 9011 2072 305 366 114 252
is_linear=0
shrinkage=0.03


Tree=5
num_leaves=15
num_cat=0
split_feature=84 101 0 84 80 97 150 85 76 50 138 15 88 64
split_gain=206.528 95.2643 49.8603 43.8105 34.8768 24.9376 22.7395 20.0936 20.8717 18.4283 18.1974 16.5637 15.9369 13.3428
threshold=5.5839535876069641 0.69060539986320646 -0.21360860486835781 11.636681485645047 6.0731906081361595 2.0890388680213436 16.500000000000004 1.3548024989622462 0.53104317197141071 73800.000000000015 2677.5000000000005 3.9383997865623175 4.5000000000000009 0.61671656686626763
decision_type=2 2 2 2 2 2 2 2 2 2 2 2 2 2
left_child=1 5 13 7 -4 12 11 8 -2 -9 -7 -5 -1 -3
right_child=3 2 4 6 -6 10 -8 9 -10 -11 -12 -13 -14 -15
leaf_value=0.028635502903290103 0.015424044643704039 -0.024844369044220219 -0.0075932864738279676 0.19482703241935634 0.0042279596733277936 0.0011436389558595261 0.0095501940697386226 0.032357019802902086 -0.0050962737631162613 0.0072226221176870595 0.0081948481672090134 0.0098173655890550528 -0.0056408933813110037 -0.011636537122930142
leaf_weight=115 741 204 8116 228 1334 3619 58 935 423 323 3193 35 2089 80
leaf_count=115 741 204 8116 228 1334 3619 58 935 423 323 3193 35 2089 80
internal_value=-6.56028e-05 -0.0011904 -0.00324841 0.00762304 -0.00287619 0.0010315 0.0180374 0.00624277 0.00340206 0.00887122 0.00192895 0.0217871 -0.00174229 -0.0156338
internal_weight=21493 18750 9734 2743 9450 9016 321 2422 1164 1258 6812 263 2204 284
internal_count=21493 18750 9734 2743 9450 9016 321 2422 1164 1258 6812 263 2204 284
is_linear=0
shrinkage=0.03


Tree=6
num_leaves=15
num_cat=0
split_feature=84 101 37 78 37 85 93 98 57 41 72 64 102 61
split_gain=185.514 90.5512 61.7365 44.634 45.1192 36.323 36.1186 21.7148 19.9018 18.2529 17.0254 19.8324 15.8188 14.2546
threshold=5.5839535876069641 0.83663774697927618 381.64166666666671 5.5000000000000009 389.94166666666672 2.9744146609346909 1.9409085450043622 0.48083982321647284 0.87785466511167554 2.5000000000000004 1.5867243894360352 0.78215467328370558 2.168839292636541 1.944175848941722
decision_type=2 2 2 2 2 2 2 2 2 2 2 2 2 2
left_child=1 6 5 -3 -5 8 9 -8 -2 -1 11 -4 -7 -12
right_child=2 3 10 4 -6 12 7 -9 -10 -11 13 -13 -14 -15
leaf_value=-0.0094196222379693256 0.024726548621215445 0.0054025953165444084 0.036025651488653672 -0.0094261390217391314 -0.024099037972893613 0.099463943879150599 -0.0044595940777173246 0.0037840143117198722 -0.0017984613413261563 -0.0030333934052994144 -0.019158086850293625 -0.023635338166122063 0.067867786602616317 -0.0086213483529274468
leaf_weight=1022 1843 926 69 4657 161 223 907 8255 193 2822 77 30 118 190
leaf_count=1022 1843 926 69 4657 161 223 907 8255 193 2822 77 30 118 190
internal_value=-7.95608e-05 -0.0011456 0.00720744 -0.00428273 -0.00544209 0.0089735 0.000239889 0.00126392 0.0074558 -0.00220083 -0.0042623 0.00636364 0.0180352 -0.00820225
internal_weight=21493 18750 2743 5744 4818 2377 13006 9162 2036 3844 366 99 341 267
internal_count=21493 18750 2743 5744 4818 2377 13006 9162 2036 3844 366 99 341 267
is_linear=0
shrinkage=0.03


Tree=7
num_leaves=15
num_cat=0
split_feature=84 101 37 37 42 85 51 18 151 56 68 47 85 42
split_gain=179.978 86.2772 62.1229 52.0975 36.9195 34.259 24.6093 22.0535 23.811 21.9222 18.9947 16.412 13.9307 10.6528
threshold=5.6551992080693614 0.6782460983749824 381.64166666666671 395.36666666666673 4.075322230620297 2.1372306928786169 390.00000000000006 15.964092694253287 0.98609259781601333 0.060460786850625871 4.2110323886639689 46.01219512195123 1.3020282286989473 2.3077685560110472
decision_type=2 2 2 2 2 2 2 2 2 2 2 2 2 2
left_child=1 7 5 4 -3 9 -7 8 -1 -2 12 -12 -4 -5
right_child=2 3 10 13 -6 6 -8 -9 -10 -11 11 -13 -14 -15
leaf_value=0.0017691822112027528 -4.667707566016976e-05 -0.0064953002464885022 -0.020440934639735751 -0.023376066833706806 0.017835896864265729 0.012312574560910445 0.077151291142753292 -0.02044661639200621 0.017575115912729724 0.025743423025684189 0.047045720611985101 -0.009984636279247493 -0.0066514337853618823 -0.0046076413915019272
leaf_weight=8076 344 9581 92 152 290 126 541 49 652 1288 59 55 154 34
leaf_count=8076 344 9581 92 152 290 126 541 49 652 1288 59 55 154 34
internal_value=-5.16447e-05 -0.00108315 0.00725461 -0.00298001 -0.00268362 0.00906916 0.0147976 0.00109035 0.00120302 0.00672794 -0.00433333 0.00578947 -0.00902439 -0.0187097
internal_weight=21493 18834 2659 10057 9871 2299 667 8777 8728 1632 360 114 246 186
internal_count=21493 18834 2659 10057 9871 2299 667 8777 8728 1632 360 114 246 186
is_linear=0
shrinkage=0.03


Tree=8
num_leaves=15
num_cat=0
split_feature=84 101 37 37 86 38 86 18 23 68 148 56 85 110
split_gain=168.622 83.0017 57.7542 41.327 34.5364 29.5685 29.0996 28.3534 26.1239 18.3743 17.9792 17.1793 14.6761 14.5749
threshold=5.6551992080693614 0.83663774697927618 381.64166666666671 395.36666666666673 4.5708514113004233 2.065131442325594 2.3177945645161384 15.964092694253287 -0.25319257479476537 4.2110323886639689 -19.759806074274945 1.0676626974784453 1.3020282286989473 0.24927397376430929
decision_type=2 2 2 2 2 2 2 2 2 2 2 2 2 2
left_child=1 5 4 6 11 10 -3 -7 -6 12 -1 -2 -4 -11
right_child=2 3 9 -5 8 7 -8 -9 -10 13 -12 -13 -14 -15
leaf_value=0.036808437480789484 0.013482183289163353 -0.0098924796369509686 -0.019827706600543678 -0.022674784828695598 0.059701053661090103 0.0020106735236466566 -0.00056181098906564421 -0.020363771131124791 -0.022907295098987542 0.026607173665770013 -0.0073680184315274688 0.057351349550250848 -0.0064518907718010251 -0.014140327264120843
leaf_weight=47 1354 3996 92 163 832 11435 1595 68 30 78 1530 83 154 36
leaf_count=47 1354 3996 92 163 832 11435 1595 68 30 78 1530 83 154 36
internal_value=-6.56028e-05 -0.00106403 0.00700639 -0.00406674 0.00875598 0.000256881 -0.00363262 0.000785013 0.0135035 -0.00416667 -0.00359543 0.00590814 -0.00878049 0.00578947
internal_weight=21493 18834 2659 5754 2299 13080 5591 11503 862 360 1577 1437 246 114
internal_count=21493 18834 2659 5754 2299 13080 5591 11503 862 360 1577 1437 246 114
is_linear=0
shrinkage=0.03


Tree=9
num_leaves=15
num_cat=0
split_feature=86 86 37 92 101 37 4 30 142 4 42 69 80 45
split_gain=145.327 81.1633 63.4183 43.0049 40.2133 35.8654 27.7708 23.5841 22.9007 22.8296 22.0774 15.5391 11.0264 7.00519
threshold=2.1354969257671077 4.5708514113004233 390.30833333333339 2.0804485845341616 0.8281383719562031 384.03333333333336 37.907083983445126 0.85841541926157061 2183.5000000000005 25.582699774933435 0.090399354053059031 2.8357186669392767 2.1457495414369476 2.1583332582039949
decision_type=2 2 2 2 2 2 2 2 2 2 2 2 2 2
left_child=2 3 4 8 10 7 -5 -3 -2 -6 -1 -7 13 -4
right_child=1 5 12 6 9 11 -8 -9 -10 -11 -12 -13 -14 -15
leaf_value=0.012962722239705867 -0.0025120219583631173 0.084634010367406046 -0.021994541283834733 0.0029921233463709737 -0.014150958932363162 -0.012311553862611947 0.014371586229729595 0.023893636444555149 0.010322680534905933 -0.0062677231201759675 -0.0033777506175049314 0.051311323343603749 -0.013343076657171531 -0.01543328716992215
leaf_weight=364 4923 458 125 3395 1405 133 2365 533 540 2192 4908 35 56 61
leaf_count=364 4923 458 125 3395 1405 133 2365 533 540 2192 4908 35 56 61
internal_value=-7.1186e-05 0.0020449 -0.00294699 0.00126437 -0.00253354 0.00960311 0.00307292 0.011776 -0.000642504 -0.00497915 -0.000864947 -0.00321429 -0.0180992 -0.0216129
internal_weight=21493 12382 9111 11223 8869 1159 5760 991 5463 3597 5272 168 242 186
internal_count=21493 12382 9111 11223 8869 1159 5760 991 5463 3597 5272 168 242 186
is_linear=0
shrinkage=0.03


Tree=10
num_leaves=15
num_cat=0
split_feature=84 101 37 37 85 4 42 4 65 56 9 151 138 34
split_gain=148.287 76.7372 53.1829 49.2335 35.4083 30.4423 21.5128 20.3699 20.3187 18.9863 18.3743 18.6485 16.0482 12.9871
threshold=5.6551992080693614 0.69664063215769489 381.64166666666671 395.36666666666673 2.9744146609346909 25.724996552979494 0.7910157735851413 37.907083983445126 0.70721666755692392 0.060460786850625871 5.6978345986715908 0.75910749834107505 5256.5000000000009 2.5000000000000004
decision_type=2 2 2 2 2 2 2 2 2 2 2 2 2 2
left_child=1 6 4 5 9 -3 7 -1 -8 -2 11 -4 -6 -12
right_child=2 3 10 -5 12 -7 8 -9 -10 -11 13 -13 -14 -15
leaf_value=0.0019009782546664964 0.003690649298962183 -0.0093094022820933309 -0.017809812833638819 -0.021334705045319691 0.10589971199717479 -0.0032609107443648312 -0.0034090724938033879 0.011501528870458565 0.0058061420170525046 0.025358385963418242 0.021792340109254897 0.0032346565035369585 -0.0051292113941698971 -0.013572208569149645
leaf_weight=3079 411 3200 146 184 308 6211 3175 1829 1156 1547 68 100 33 46
leaf_count=3079 411 3200 146 184 308 6211 3175 1829 1156 1547 68 100 33 46
internal_value=-7.67692e-05 -0.00101306 0.0065551 -0.00289213 0.00823401 -0.00259165 0.000938413 0.00229829 -0.000602632 0.00668029 -0.00416667 -0.00878049 0.0171554 0.00578947
internal_weight=21493 18834 2659 9595 2299 9411 9239 4908 4331 1958 360 246 341 114
internal_count=21493 18834 2659 9595 2299 9411 9239 4908 4331 1958 360 246 341 114
is_linear=0
shrinkage=0.03


Tree=11
num_leaves=15
num_cat=0
split_feature=84 37 86 37 85 4 96 79 108 9 151 138 110 69
split_gain=140.81 68.1511 56.0078 53.0455 35.4618 35.0391 26.811 21.3309 19.8997 17.0708 18.6485 15.7654 13.4817 10.2395
threshold=5.6551992080693614 395.36666666666673 2.1354969257671077 381.64166666666671 2.9744146609346909 25.582699774933435 1.0102768411251049 0.0055881535516548999 0.063679553585032259 5.6978345986715908 0.75910749834107505 5256.5000000000009 0.24927397376430929 2.6845710165825527
decision_type=2 2 2 2 2 2 2 2 2 2 2 2 2 2
left_child=1 2 5 4 8 -1 -4 -3 -2 10 -5 -6 -11 -9
right_child=3 7 6 9 11 -7 -8 13 -10 12 -12 -13 -14 -15
leaf_value=-0.0099952371829388972 0.0040603181773298689 0.0059467452425763729 -0.0058199117359423458 -0.017275518448629654 0.10272272063725954 -0.0030013174509690211 0.0031597624149198589 -0.020694663893960102 0.025992924014376972 0.014422293742386228 0.0031376168084308502 -0.0049753350523448004 -0.010134223005659318 -0.013959012450069763
leaf_weight=2977 505 32 1669 146 308 5763 8192 166 1453 84 100 33 30 35
leaf_count=2977 505 32 1669 146 308 5763 8192 166 1453 84 100 33 30 35
internal_value=-8.79356e-05 -0.00100032 -0.000798344 0.00637458 0.00805133 -0.00254691 0.000751445 -0.0171245 0.00649642 -0.00433333 -0.00878049 0.0169795 0.00526316 -0.0207463
internal_weight=21493 18834 18601 2659 2299 8740 9861 233 1958 360 246 341 114 201
internal_count=21493 18834 18601 2659 2299 8740 9861 233 1958 360 246 341 114 201
is_linear=0
shrinkage=0.03


Tree=12
num_leaves=15
num_cat=0
split_feature=84 37 86 37 4 84 96 4 79 91 29 71 57 69
split_gain=136.305 66.2304 53.2967 47.3586 34.1925 31.5186 26.4816 23.6915 20.8507 18.3574 16.6424 20.2583 13.183 9.82912
threshold=5.6551992080693614 395.36666666666673 2.1354969257671077 381.64166666666671 25.582699774933435 13.332837829598867 1.0420492566539288 30.13381131958614 0.0055881535516548999 5.1334871137476901 0.83649897636602999 1.8585211051837092 0.067244105945750143 2.6845710165825527
decision_type=2 2 2 2 2 2 2 2 2 2 2 2 2 2
left_child=1 2 4 5 -1 7 -4 -2 -3 -7 11 -5 -12 -10
right_child=3 8 6 10 -6 9 -8 -9 13 -11 12 -13 -14 -15
leaf_value=-0.009695380067450729 0.0069328424112293525 0.0057683428852990815 -0.0055764167301384105 -0.021915544009725941 -0.0029112779274399511 0.17842042422718751 0.0030748584970798462 0.027156804976881273 -0.020073823977141299 -0.0097183504269385216 0.010950052707638691 0.029741662735526805 -0.013239873863355921 -0.013540242076567668
leaf_weight=2977 764 32 1744 36 5763 194 8117 1310 166 31 48 102 174 35
leaf_count=2977 764 32 1744 36 5763 194 8117 1310 166 31 48 102 174 35
internal_value=-7.39776e-05 -0.000971647 -0.000772539 0.00628432 -0.00247826 0.00786864 0.000739276 0.00671167 -0.016867 0.0185333 -0.00383333 0.00434783 -0.00891892 -0.0204478
internal_weight=21493 18834 18601 2659 8740 2299 9861 2074 233 225 360 138 222 201
internal_count=21493 18834 18601 2659 8740 2299 9861 2074 233 225 360 138 222 201
is_linear=0
shrinkage=0.03


Tree=13
num_leaves=15
num_cat=0
split_feature=84 101 37 84 119 62 4 150 97 41 110 30 15 42
split_gain=127.779 72.9805 44.1131 43.4777 37.6519 37.8104 30.8988 22.2764 20.0696 19.1576 18.6861 18.0637 16.7206 13.9347
threshold=5.2645045457076298 0.6782460983749824 395.36666666666673 11.636681485645047 0.27947640232211624 0.99798792756539245 25.582699774933435 16.500000000000004 2.1966575042633232 2.5000000000000004 0.55826350757749943 0.55121135642196795 3.8709911966919504 2.3077685560110472
decision_type=2 2 2 2 2 2 2 2 2 2 2 2 2 2
left_child=1 8 6 4 10 -6 -3 12 9 -1 -2 -10 -5 -4
right_child=3 2 13 7 5 -7 -8 -9 11 -11 -12 -13 -14 -15
leaf_value=-0.0090693357406135596 -0.01138006880850378 -0.0092345296162101662 -0.019471609257827059 0.1730678115003719 0.010835501716641358 0.045054393749987036 -0.0030746438780994189 -0.0013863038021569084 0.015110197891627538 0.00092059112963492498 0.034182353651265936 0.0029474589567630959 0.00088746872108375508 -0.0023701404571162214
leaf_weight=638 310 3225 151 226 2359 286 6423 58 734 1650 59 5303 37 34
leaf_count=638 310 3225 151 226 2359 286 6423 58 734 1650 59 5303 37 34
internal_value=-9.9102e-05 -0.00109043 -0.00284044 0.00529835 0.00418049 0.00543289 -0.00256219 0.0157944 0.000976577 -0.00141608 -0.00479675 0.00188339 0.0195057 -0.0173514
internal_weight=21493 18158 9833 3335 3014 2645 9648 321 8325 2288 369 6037 263 185
internal_count=21493 18158 9833 3335 3014 2645 9648 321 8325 2288 369 6037 263 185
is_linear=0
shrinkage=0.03


Tree=14
num_leaves=15
num_cat=0
split_feature=84 101 84 37 119 78 37 97 15 15 60 135 73 110
split_gain=121.685 71.167 41.3028 38.5772 36.9869 29.741 28.9425 28.3529 23.4996 33.3863 22.1369 18.3342 18.2402 16.3108
threshold=5.2645045457076298 0.83663774697927618 11.636681485645047 395.36666666666673 0.27947640232211624 5.5000000000000009 386.27500000000003 2.2293242594125582 0.29668865168886288 3.9981407993993616 1.6053592470971227 343046.50000000006 7.9141699878352272 0.55826350757749943
decision_type=2 2 2 2 2 2 2 2 2 2 2 2 2 2
left_child=1 7 4 5 13 -3 -6 11 10 -10 -4 -1 -9 -2
right_child=2 3 8 -5 6 -7 -8 12 9 -11 -12 -13 -14 -15
leaf_value=-0.0046068065966822043 -0.011038666744248669 0.0045642111554528774 0.1009997942495023 -0.018887460980092245 0.017830767659085325 -0.0082430633542378302 -0.0067809460243407399 0.001761551852448957 0.18450672139418786 -0.01989721886914686 -0.020530667911863195 -0.019880813767461564 0.016015701055737019 0.033156883041727959
leaf_weight=3880 310 884 72 163 2383 4604 262 7881 167 31 51 64 682 59
leaf_count=3880 310 884 72 163 2383 4604 262 7881 167 31 51 64 682 59
internal_value=-7.67692e-05 -0.00104417 0.0051904 -0.00383826 0.00410086 -0.00341108 0.00534216 0.000218278 0.0154206 0.0218182 0.00512195 -0.00188641 0.00118767 -0.00479675
internal_weight=21493 18158 3335 5651 3014 5488 2645 12507 321 198 123 3944 8563 369
internal_count=21493 18158 3335 5651 3014 5488 2645 12507 321 198 123 3944 8563 369
is_linear=0
shrinkage=0.03


Tree=15
num_leaves=15
num_cat=0
split_feature=86 84 37 37 4 57 57 63 81 9 108 24 45 81
split_gain=115.245 69.3289 54.152 44.8592 35.8638 30.7714 29.5269 25.4163 27.8743 21.8875 18.7517 18.5843 11.5342 6.91577
threshold=2.1354969257671077 5.7234970105051852 395.36666666666673 381.64166666666671 25.582699774933435 0.26935092475685507 0.40063389481722439 0.48488999584890002 2.5000000000000004 5.6978345986715908 0.022348007441358817 -0.99866948023838553 2.3048629463249855 2.5000000000000004
decision_type=2 2 2 2 2 2 2 2 2 2 2 2 2 2
left_child=2 7 4 5 11 -3 -6 8 -2 -5 -9 -1 13 -4
right_child=1 3 12 9 6 -7 -8 10 -10 -11 -12 -13 -14 -15
leaf_value=-0.010973850018196434 0.0044765799981119877 0.041261288641313905 -0.018320837150689481 -0.011393506557699986 0.00080846615594095891 0.0076776975584431613 -0.008831062072521512 -0.004899513952273042 -0.0047159942301656628 0.0082433028461028467 0.0075217122028051787 -0.0047954243691650236 -0.011260848893017815 -0.01851987565085644
leaf_weight=1952 2214 1222 78 227 4182 853 1687 476 3549 104 3737 1083 59 70
leaf_count=1952 2214 1222 78 227 4182 853 1687 476 3549 104 3737 1083 59 70
internal_value=-9.63104e-05 0.00178808 -0.00265723 0.0063591 -0.00230458 0.00799518 -0.000935423 0.000685646 -0.000609058 -0.00389728 0.00245668 -0.00495222 -0.0178261 -0.0222973
internal_weight=21493 12382 9111 2406 8904 2075 5869 9976 5763 331 4213 3035 207 148
internal_count=21493 12382 9111 2406 8904 2075 5869 9976 5763 331 4213 3035 207 148
is_linear=0
shrinkage=0.03


Tree=16
num_leaves=15
num_cat=0
split_feature=86 85 37 96 150 4 92 73 142 24 67 68 4 79
split_gain=109.796 58.0677 54.6705 43.0538 35.1572 33.6234 29.9335 28.4173 24.1791 23.9699 23.8882 17.6497 9.59103 6.12874
threshold=2.1354969257671077 1.6763583955352266 395.36666666666673 5.0999863927334976 15.500000000000002 25.582699774933435 2.0216948205304246 2.1240987600157486 2183.5000000000005 -2.5019888333037152 0.6019322622666089 5.6702898550724647 52.575669591903136 0.037182401917109593
decision_type=2 2 2 2 2 2 2 2 2 2 2 2 2 2
left_child=2 6 5 7 -5 11 8 -3 -2 -7 -8 -1 13 -4
right_child=1 3 12 4 -6 9 10 -9 -10 -11 -12 -13 -14 -15
leaf_value=-0.0080517778331004857 -0.0038831625696366745 0.020935372770186391 -0.017771212036168795 0.063166789402600551 0.0045028955029963267 -0.0066497300526644834 0.024066652845617063 0.00014312059580666502 0.010905407877724056 0.00072885489474944437 0.0043600857817633369 -0.024349078257426285 -0.010695681264947776 -0.017771212036168795
leaf_weight=2986 4220 600 44 538 307 1710 204 1105 484 4159 4924 49 55 108
leaf_count=2986 4220 600 44 538 307 1710 204 1105 484 4159 4924 49 55 108
internal_value=-8.5144e-05 0.00175416 -0.00258479 0.00578824 0.0113254 -0.00223046 0.000707893 0.00304399 -0.00102041 -0.000904754 0.00229329 -0.00479407 -0.0178261 -0.0217105
internal_weight=21493 12382 9111 2550 845 8904 9832 1705 4704 5869 5128 3035 207 152
internal_count=21493 12382 9111 2550 845 8904 9832 1705 4704 5869 5128 3035 207 152
is_linear=0
shrinkage=0.03


Tree=17
num_leaves=15
num_cat=0
split_feature=86 86 101 65 92 4 93 1 12 122 66 71 111 107
split_gain=105.303 56.1707 43.6499 35.417 30.8801 23.9002 22.5634 27.6004 20.791 20.6614 19.8934 18.8834 22.1601 21.0064
threshold=2.1354969257671077 4.5708514113004233 0.86283628197046713 0.71764959369613412 2.0804485845341616 37.907083983445126 2.0948488438594062 69.482249324560357 3.8943444310882405 0.32229062803225489 0.88807078812067808 3.8176038683452744 1.0097012383920074 1.1140258825484912
decision_type=2 2 2 2 2 2 2 2 2 2 2 2 2 2
left_child=2 4 6 9 8 -6 -1 -8 -2 -3 -5 13 -13 -4
right_child=1 3 11 10 5 -7 7 -9 -10 -11 -12 12 -14 -15
leaf_value=-0.006886629716306044 4.9099825477268983e-05 -0.014904299858130882 -0.0049436033882411003 -0.001948141431066247 0.0020505243805119398 0.012222410402930919 0.009245873424978077 -0.0019066287383568881 -0.011306744725469794 0.011666999253089363 0.071324898653615035 0.017645520671573503 -0.013582562393185277 -0.017345954192843866
leaf_weight=2574 4967 80 1695 68 3395 2365 797 2453 496 521 490 78 1372 142
leaf_count=2574 4967 80 1695 68 3395 2365 797 2453 496 521 490 78 1372 142
internal_value=-9.07272e-05 0.00171055 -0.00253869 0.00799827 0.00106121 0.00259375 -0.000978709 0.000683077 -0.00055464 0.00294509 0.0134409 -0.00530271 -0.00786207 -0.00328253
internal_weight=21493 12382 9111 1159 11223 5760 5824 3250 5463 601 558 3287 1450 1837
internal_count=21493 12382 9111 1159 11223 5760 5824 3250 5463 601 558 3287 1450 1837
is_linear=0
shrinkage=0.03


Tree=18
num_leaves=15
num_cat=0
split_feature=84 101 0 84 80 89 138 95 112 63 52 106 64 138
split_gain=99.0992 61.6238 42.4335 31.399 30.1247 24.9378 36.7876 23.938 23.9587 19.1192 21.4103 20.4237 12.8587 11.7849
threshold=5.6551992080693614 0.68747071349441324 -0.21360860486835781 11.636681485645047 6.0731906081361595 611.50000000000011 3727.5000000000005 10.159104985406303 9.4704022417463261 0.48488999584890002 345.00000000000006 0.052637629913480082 0.61671656686626763 2466.5000000000005
decision_type=2 2 2 2 2 2 2 2 2 2 2 2 2 2
left_child=1 9 12 7 -4 13 -7 8 -2 11 -11 -1 -3 -5
right_child=3 2 4 5 -6 6 -8 -9 -10 10 -12 -13 -14 -15
leaf_value=0.004567273346744046 0.010078671086446002 -0.016830598803288174 -0.0057573126715339358 0.15799950083055384 0.0046447370228381709 -0.012850774825285752 0.46353806348953724 0.066860644910477163 -0.017794651594386011 0.0013381774730289253 0.013765383218065487 -0.0037617161848568113 -0.0093809067663271854 0.07791951862456882
leaf_weight=1949 2118 204 8195 117 1345 109 52 133 87 2388 1482 3191 80 43
leaf_count=1949 2118 204 8195 117 1345 109 52 133 87 2388 1482 3191 80 43
internal_value=-0.000107477 -0.000872889 -0.00251629 0.00531403 -0.0021761 0.0141121 0.0057764 0.00410607 0.00336054 0.000918979 0.00251163 -0.000280156 -0.0139437 0.0225
internal_weight=21493 18834 9824 2659 9540 321 161 2338 2205 9010 3870 5140 284 160
internal_count=21493 18834 9824 2659 9540 321 161 2338 2205 9010 3870 5140 284 160
is_linear=0
shrinkage=0.03


Tree=19
num_leaves=15
num_cat=0
split_feature=101 37 97 82 38 149 2 22 37 56 87 108 45 63
split_gain=83.0403 45.3822 33.9082 41.2742 31.0055 24.7017 42.9328 24.3814 23.8022 20.2987 18.1586 12.9828 12.1894 11.3108
threshold=0.69664063215769489 395.36666666666673 3.1187953923243255 0.31694129837526275 3.2701648449712399 29.500000000000004 99.369333760903686 7.3119366126377958 391.47500000000008 1.7315462697288424 3164.0000000000005 0.11330140648732133 2.1583332582039949 0.30519724013799315
decision_type=2 2 2 2 2 2 2 2 2 2 2 2 2 2
left_child=4 2 10 -4 8 7 -7 -6 9 -1 -2 -3 -13 -10
right_child=1 11 3 -5 5 6 -8 -9 13 -11 -12 12 -14 -15
leaf_value=0.00077805708398204882 0.0064761441048962155 -0.01676571682140577 -0.00088351288682818883 0.047218651126813657 0.00025292078167868436 0.0096505071567368136 0.065461303469632706 0.0158352130265496 0.0013594556727518031 -0.025497219167580045 -0.0073310960408727492 -0.016325680839189529 -1.343965321386198e-05 -0.02039196043176689
leaf_weight=4882 515 64 4126 169 2784 2602 240 691 30 34 5148 89 56 63
leaf_count=4882 515 64 4126 169 2784 2602 240 691 30 34 5148 89 56 63
internal_value=-0.00012981 -0.00209796 -0.00180759 0.000202561 0.00163694 0.00303467 0.00510908 0.00133813 -0.000125774 0.000158666 -0.00333216 -0.015933 -0.0109655 -0.0151613
internal_weight=21493 10167 9958 4295 11326 6317 2842 3475 5009 4916 5663 209 145 93
internal_count=21493 10167 9958 4295 11326 6317 2842 3475 5009 4916 5663 209 145 93
is_linear=0
shrinkage=0.03


Tree=20
num_leaves=14
num_cat=0
split_feature=86 84 37 37 101 57 18 63 148 42 143 80 45
split_gain=93.5493 54.9836 49.8056 46.4756 31.2245 27.9995 25.5468 21.94 19.1358 18.5661 15.0687 12.9619 8.816
threshold=2.1354969257671077 5.7234970105051852 390.30833333333339 381.64166666666671 0.8281383719562031 0.26935092475685507 15.964092694253287 0.48488999584890002 6.5698847733551098 0.090399354053059031 1.7188229607124248 2.1457495414369476 2.1583332582039949
decision_type=2 2 2 2 2 2 2 2 2 2 2 2 2
left_child=2 6 4 5 9 -3 7 -2 -6 -1 -5 12 -4
right_child=1 3 11 10 8 -7 -8 -9 -10 -11 -12 -13 -14
leaf_value=0.012116909078681648 -0.00099191142406555009 0.037675285675224539 -0.016075906949690671 0.031054989348225814 -0.010407634746417696 0.0064871606941295009 -0.024864771654470635 0.0052473222188678288 -0.0031024432626463611 -0.0028057255494059494 -0.010634878505220793 -0.0095168604890712005 -0.012373113922951888
leaf_weight=364 5729 1222 125 45 2307 853 48 4199 1290 4908 286 56 61
leaf_count=364 5729 1222 125 45 2307 853 48 4199 1290 4908 286 56 61
internal_value=-0.000132601 0.00156518 -0.00243991 0.00563591 -0.00207351 0.0073012 0.0005834 0.000688961 -0.00422852 -0.000603187 -0.00480363 -0.0158678 -0.0196774
internal_weight=21493 12382 9111 2406 8869 2075 9976 9928 3597 5272 331 242 186
internal_count=21493 12382 9111 2406 8869 2075 9976 9928 3597 5272 331 242 186
is_linear=0
shrinkage=0.03


Tree=21
num_leaves=15
num_cat=0
split_feature=86 37 84 37 4 57 56 18 4 68 99 45 83 141
split_gain=87.7842 49.9558 49.7476 42.6795 29.7017 28.7403 27.3677 19.9464 20.4499 18.3202 18.2001 14.6947 12.6882 4.11234
threshold=2.1354969257671077 395.36666666666673 5.6551992080693614 381.64166666666671 25.582699774933435 0.40063389481722439 1.0676626974784453 15.964092694253287 37.907083983445126 5.6702898550724647 2.0016983451387529 1.8334503556823167 7.3585714285714294 103.50000000000001
decision_type=2 2 2 2 2 2 2 2 2 2 2 2 2 2
left_child=1 4 7 6 9 -6 -4 8 -2 -1 -5 13 -13 -3
right_child=2 11 3 10 5 -7 -8 -9 -10 -11 -12 12 -14 -15
leaf_value=-0.0073745671662128302 -0.00087331456394258429 -0.015599600896204961 0.018055542267178454 -0.0030478713685981223 0.0012100056602166952 -0.0080254259662589575 0.077248113742239805 -0.024118828504836518 0.0054937720960673564 -0.022776766419829522 -0.020047900249972512 -0.01528461063378999 0.003430009874475609 -0.01560683082066644
leaf_weight=2986 6093 87 1942 290 4182 1687 197 48 3766 49 46 52 37 31
leaf_count=2986 6093 87 1942 290 4182 1687 197 48 3766 49 46 52 37 31
internal_value=-0.000152143 -0.00238722 0.00149249 0.00529697 -0.00204852 -0.000802522 0.00685835 0.000542041 0.000635967 -0.00445799 -0.00464286 -0.0169565 -0.00775281 -0.0238983
internal_weight=21493 9111 12382 2475 8904 5869 2139 9907 9859 3035 336 207 89 118
internal_count=21493 9111 12382 2475 8904 5869 2139 9907 9859 3035 336 207 89 118
is_linear=0
shrinkage=0.03


Tree=22
num_leaves=15
num_cat=0
split_feature=86 84 37 27 101 92 104 4 93 147 147 45 95 83
split_gain=83.4807 47.21 46.407 30.6276 29.4663 27.7899 24.5942 20.0868 20.0343 17.5102 15.0539 14.9979 13.7713 11.4462
threshold=2.1354969257671077 11.636681485645047 395.36666666666673 0.93147045805218165 0.86283628197046713 2.0988946558217365 16.655665988476994 37.907083983445126 2.0948488438594062 24.491530763753413 14.21480194655391 1.8334503556823167 1.2002457995532301 7.3585714285714294
decision_type=2 2 2 2 2 2 2 2 2 2 2 2 2 2
left_child=2 5 4 12 8 6 -2 -7 -1 -5 -6 -4 -3 -13
right_child=1 3 11 9 10 7 -8 -9 -10 -11 -12 13 -14 -15
leaf_value=-0.0060235789653671707 -0.001854585646154156 0.027434178717258308 -0.015135119382682631 0.031175929875978028 -0.01315492205887305 0.0022364242171520931 0.019657593655124355 0.012120115853261648 0.0018633466513755241 -0.024485198751255041 -0.0048414646771702437 -0.014826072314776291 0.28895931954419674 0.0033271095782413406
leaf_weight=2545 5312 40 118 87 857 3764 279 2706 3218 38 2284 52 156 37
leaf_count=2545 5312 40 118 87 857 3764 279 2706 3218 38 2284 52 156 37
internal_value=-0.000154934 0.00144888 -0.00233454 0.0128037 -0.00200809 0.00114667 -0.000402432 0.00248532 -0.000733993 0.0012 -0.00434575 -0.0163768 0.0202041 -0.00707865
internal_weight=21493 12382 9111 321 8904 12061 5591 6470 5763 125 3141 207 196 89
internal_count=21493 12382 9111 321 8904 12061 5591 6470 5763 125 3141 207 196 89
is_linear=0
shrinkage=0.03


Tree=23
num_leaves=15
num_cat=0
split_feature=86 85 101 20 30 92 84 67 0 93 1 85 78 139
split_gain=80.1533 43.7414 37.4879 31.8058 26.6199 22.8322 26.602 24.2909 20.1406 19.8525 24.2796 18.0069 16.6417 9.30909
threshold=2.1354969257671077 1.7350354241149353 0.86283628197046713 10.317250094029189 1.3601852521388431 2.0216948205304246 3.5033589490859929 0.6019322622666089 -0.23985770178100291 2.0948488438594062 69.482249324560357 0.56396258537286004 5.5000000000000009 6972.0000000000009
decision_type=2 2 2 2 2 2 2 2 2 2 2 2 2 2
left_child=2 5 9 4 -3 6 -2 -7 -4 11 -11 -1 -10 -5
right_child=1 3 8 13 -6 7 -8 -9 12 10 -12 -13 -14 -15
leaf_value=-0.016712672543144902 0.0017874049633034373 0.018490784358961627 -0.014431591597156498 0.020331608393824415 -0.00040263740264877778 0.023530278319941447 -0.0066420461934346047 0.0034601131607058344 0.0072523799656817583 0.0090078922986962986 -0.0017679489060455278 -0.0049949019876149416 -0.0086937841397744988 0.31890240606772774
leaf_weight=229 2738 1353 132 72 814 209 2051 5057 377 797 2453 2345 2778 88
leaf_count=229 2738 1353 132 72 814 209 2051 5057 377 797 2453 2345 2778 88
internal_value=-0.000185642 0.00138588 -0.00232137 0.00509239 0.00413936 0.000528095 -0.000970975 0.00189138 -0.00488287 -0.000875687 0.000683077 -0.00284382 -0.00440254 0.018
internal_weight=21493 12382 9111 2327 2167 10055 4789 5266 3287 5824 3250 2574 3155 160
internal_count=21493 12382 9111 2327 2167 10055 4789 5266 3287 5824 3250 2574 3155 160
is_linear=0
shrinkage=0.03


Tree=24
num_leaves=15
num_cat=0
split_feature=86 37 85 18 4 76 57 95 7 135 68 151 4 79
split_gain=74.2022 46.9746 41.4481 29.9108 28.0091 27.4293 27.2672 26.1801 25.869 24.0773 18.7205 18.6018 13.126 7.29049
threshold=2.1354969257671077 395.36666666666673 1.8909483687999855 3.1685745865998292 25.582699774933435 0.42116798674820793 0.40063389481722439 5.4013498676683849 11.082178749978231 104643.50000000001 5.6702898550724647 0.98862989967938786 52.575669591903136 0.039507329008919685
decision_type=2 2 2 2 2 2 2 2 2 2 2 2 2 2
left_child=1 4 5 8 10 9 -6 -5 -4 -2 -1 -7 13 -3
right_child=2 12 3 7 6 11 -8 -9 -10 -11 -12 -13 -14 -15
leaf_value=-0.0068567358927350544 0.015160595921564509 -0.014090054125683114 0.0039295284643553266 0.06463281478376845 0.0015018351642674325 -0.00045958433322156712 -0.0076825344228128468 0.00066170363405347989 0.077013103469819613 -0.011067108879076434 -0.021438002241275213 0.013555467815195638 -0.0074423843941244299 -0.014336518845570823
leaf_weight=2986 1181 48 1190 432 4182 8744 1687 147 35 133 49 520 55 104
leaf_count=2986 1181 48 1190 432 4182 8744 1687 147 35 133 49 520 55 104
internal_value=-0.000194017 -0.00224893 0.00131804 0.00552106 -0.00192049 0.000601248 -0.000710513 0.0111399 0.00286531 0.00465753 -0.0042603 2.59067e-05 -0.0163768 -0.0209211
internal_weight=21493 9111 12382 1804 8904 10578 5869 579 1225 1314 3035 9264 207 152
internal_count=21493 9111 12382 1804 8904 10578 5869 579 1225 1314 3035 9264 207 152
is_linear=0
shrinkage=0.03


Tree=25
num_leaves=15
num_cat=0
split_feature=0 84 37 50 85 93 10 100 1 49 61 85 42 147
split_gain=70.6091 48.4163 44.2469 30.9386 31.1819 29.8781 28.9393 27.0116 25.8732 23.8338 21.0815 20.1465 9.51208 7.69705
threshold=-0.085546043306492528 7.1103787086100949 389.19166666666672 37800.000000000007 1.175300061400725 1.9409085450043622 8.0978809192547843 0.8471153483757925 76.968476600472172 0.9809892602821676 3.1704123627100951 0.55858749554650189 2.1770896316060164 30.636308911769721
decision_type=2 2 2 2 2 2 2 2 2 2 2 2 2 2
left_child=2 5 8 6 -5 11 -3 -7 10 -10 -1 -2 13 -4
right_child=1 3 12 4 -6 7 -8 -9 9 -11 -12 -13 -14 -15
leaf_value=-0.0050058575852288539 -0.015447385430985431 0.046281287317615626 -0.013987638240554701 0.023653982138217951 -0.0073761200166222772 0.0017496101805531815 -0.024999483184389038 0.015383246019409618 -0.0041700472881612272 -0.012685730399535342 0.011019951724831202 -0.0031510307147791226 -0.0027611684927332015 -0.013691532129215598
leaf_weight=1436 212 713 97 104 364 9737 35 676 1935 1095 789 4207 33 60
leaf_count=1436 212 713 97 104 364 9737 35 676 1935 1095 789 4207 33 60
internal_value=-0.000194017 0.000807577 -0.00314601 0.0065625 0.000512821 0.000335761 0.0103476 0.00121291 -0.00263178 -0.00443564 -0.000175281 -0.00173116 -0.0173684 -0.0204459
internal_weight=21493 16048 5445 1216 468 14832 748 10413 5255 3030 2225 4419 190 157
internal_count=21493 16048 5445 1216 468 14832 748 10413 5255 3030 2225 4419 190 157
is_linear=0
shrinkage=0.03


Tree=26
num_leaves=14
num_cat=0
split_feature=86 37 101 84 91 95 80 79 107 38 38 73 45
split_gain=70.0098 56.1567 43.9498 27.0179 29.9474 33.2115 22.9204 19.3455 18.7137 22.3839 18.4848 17.8148 10.9756
threshold=3.1074201830858272 395.36666666666673 0.69664063215769489 13.332837829598867 5.1334871137476901 1.2970336503020177 6.0731906081361595 0.005474906715401134 0.04634814886558912 2.6842555530959822 4.5761784143692807 7.1467533836927002 1.8334503556823167
decision_type=2 2 2 2 2 2 2 2 2 2 2 2 2
left_child=1 2 11 8 5 -5 -4 -3 10 -10 -2 -1 -9
right_child=3 7 6 4 -6 -7 -8 12 9 -11 -12 -13 -14
leaf_value=0.00061564698942340841 0.0035514089542093385 0.0066335173823561496 -0.0055105899384761689 -0.018238916258563338 -0.026702029538498744 0.15727187916632945 0.0044748200147912065 -0.01356800909333806 -0.0061979416284241237 0.011892546908282011 -0.013609192874760681 0.011944852790832737 -0.013148468022096177
leaf_weight=7225 375 35 7723 40 31 169 1148 122 495 3076 171 776 107
leaf_count=7225 375 35 7723 40 31 169 1148 122 495 3076 171 776 107
internal_value=-0.000180059 -0.00104342 -0.000828592 0.00321552 0.013 0.0170813 -0.00228272 -0.0147727 0.00264513 0.00343601 -0.00252747 0.000783652 -0.0179476
internal_weight=21493 17136 16872 4357 240 209 8871 264 4117 3571 546 8001 229
internal_count=21493 17136 16872 4357 240 209 8871 264 4117 3571 546 8001 229
is_linear=0
shrinkage=0.03


Tree=27
num_leaves=15
num_cat=0
split_feature=0 84 0 27 95 56 76 38 111 53 108 110 62 99
split_gain=65.4361 41.8151 33.97 29.9885 39.0892 28.1318 28.5632 24.2883 29.7477 17.3323 16.7819 16.2271 12.6195 12.1856
threshold=-0.085546043306492528 7.1103787086100949 -0.23985770178100291 0.74150011313110553 9.5363348671983932 1.6025469599593369 0.50575163158974568 2.1139256804085735 4.5089194966479207 2250.0000000000005 0.083376423461202595 0.29872257153259074 0.35498418009237381 1.6044924484436334
decision_type=2 2 2 2 2 2 2 2 2 2 2 2 2 2
left_child=2 5 12 10 -5 6 -2 9 -9 -4 -3 -7 -1 -14
right_child=1 3 7 4 -6 11 -8 8 -10 -11 -12 -13 13 -15
leaf_value=-0.00040030670921021276 0.0040208887815511192 0.0052858783200577155 -0.004614787755494407 0.0011536214391157761 0.12235893306767527 -0.002964948741437112 -0.0017120587406389443 -0.00038418038291675616 -0.0088061307329147659 -0.016872261405175493 0.09683432292093716 -0.022100168638244603 -0.013380076022841688 -0.012701793056182274
leaf_weight=40 6945 105 279 712 70 115 7711 3122 1486 388 329 61 100 30
leaf_count=40 6945 105 279 712 70 115 7711 3122 1486 388 329 61 100 30
internal_value=-0.000194017 0.000770189 -0.00303581 0.00611842 0.0026087 0.000331715 0.000474891 -0.00261043 -0.00183594 -0.00796102 0.0124424 -0.0115909 -0.0162353 -0.0207692
internal_weight=21493 16048 5445 1216 782 14832 14656 5275 4608 667 434 176 170 130
internal_count=21493 16048 5445 1216 782 14832 14656 5275 4608 667 434 176 170 130
is_linear=0
shrinkage=0.03


Tree=28
num_leaves=15
num_cat=0
split_feature=0 37 97 100 101 148 38 111 15 53 3 85 45 45
split_gain=63.6687 45.1427 41.1442 35.2206 25.9398 25.3265 24.5092 27.3165 21.7095 17.9166 13.7584 12.3565 12.0243 10.0747
threshold=-0.085546043306492528 389.19166666666672 2.9585304789026723 0.88142625926946183 0.75278474103646842 -1.2603678325465437 2.1139256804085735 4.5089194966479207 10.074627831921825 2250.0000000000005 1.9728500242253186 0.54614100021421585 2.1583332582039949 3.1051507996237899
decision_type=2 2 2 2 2 2 2 2 2 2 2 2 2 2
left_child=1 6 4 5 8 -4 9 -8 -2 -1 -5 -6 -3 -14
right_child=2 12 3 10 11 -7 7 -9 -10 -11 -12 -13 13 -15
leaf_value=-0.0043668169783963959 0.0016215833195088786 -0.012732781690916753 -0.00065049596419267499 0.015160389425732879 -0.012602533294697587 0.0064265654255930742 -0.00031975582954527624 -0.0085221029991494526 -0.021407180969957505 -0.016637216486128138 0.10875284781180214 -0.0053525207008901432 0.0028844333597334909 -0.014045511944827373
leaf_weight=279 4234 129 3532 632 176 4711 3122 1464 72 390 87 2604 30 31
leaf_count=279 4234 129 3532 632 176 4711 3122 1464 72 390 87 2604 30 31
internal_value=-0.0001996 -0.00300275 0.000751496 0.00210221 -0.000956816 0.00154677 -0.00248335 -0.00170083 0.000501626 -0.00784753 0.0084701 -0.00321583 -0.0173684 -0.00639344
internal_weight=21493 5445 16048 8962 7086 8243 5255 4586 4306 669 719 2780 190 61
internal_count=21493 5445 16048 8962 7086 8243 5255 4586 4306 669 719 2780 190 61
is_linear=0
shrinkage=0.03


Tree=29
num_leaves=15
num_cat=0
split_feature=85 97 100 79 101 56 138 76 62 62 84 129 4 59
split_gain=61.1824 40.4118 30.9288 27.9418 27.8267 23.3621 19.8962 18.6873 18.4643 17.9426 14.0259 14.6153 13.0039 11.8899
threshold=0.85014942693021089 3.2499173522340707 0.90080688254359709 0.99615384615384628 0.86283628197046713 0.11508557984401933 2466.5000000000005 0.5153846031272612 0.14357929763028918 0.46274614818303017 2.8871107778155638 0.44460084458194921 48.75552175508475 1.1090807365017656
decision_type=2 2 2 2 2 2 2 2 2 2 2 2 2 2
left_child=4 3 5 7 6 -3 9 -2 -8 -1 11 -6 -4 -12
right_child=1 2 12 -5 10 -7 8 -9 -10 -11 13 -13 -14 -15
leaf_value=0.0020548668807331754 0.0013161961889595897 -0.0015117044414941837 0.017653616529618707 0.024321263279941985 -0.012356178674072595 0.0081510346806679054 0.032372735939828132 -0.0053558456917409507 0.00073307808309840963 -0.0085923504528723164 -0.019066085952197772 -0.0043453396134776846 0.046492182966550229 -0.0034785125072183906
leaf_weight=788 3530 2041 448 218 777 4374 72 3150 2391 1644 82 471 159 1348
leaf_count=788 3530 2041 448 218 777 4374 72 3150 2391 1644 82 471 159 1348
internal_value=-0.000210766 0.000969828 0.00257192 -0.000661061 -0.00238083 0.00195947 -0.00103575 -0.00100599 0.000864799 -0.00296053 -0.00483943 -0.00716346 0.00904448 -0.00281119
internal_weight=21493 13920 7022 6898 7573 6415 4895 6680 2463 2432 2678 1248 607 1430
internal_count=21493 13920 7022 6898 7573 6415 4895 6680 2463 2432 2678 1248 607 1430
is_linear=0
shrinkage=0.03


Tree=30
num_leaves=15
num_cat=0
split_feature=37 84 101 62 40 107 0 44 27 56 62 69 56 10
split_gain=61.518 62.9424 34.7474 34.3921 43.0595 43.0285 26.0259 23.9957 22.2284 18.7859 15.0912 12.9662 11.4469 9.94172
threshold=391.47500000000008 4.7417413427284201 0.68747071349441324 0.87996415770609338 4.6658317278225168 0.020293646647037502 0.10305727759766449 2.8822998699368139 1.3685604041819885 1.7315462697288424 0.32454528138586008 2.6845710165825527 0.25716306756967711 -0.32123964454523701
decision_type=2 2 2 2 2 2 2 2 2 2 2 2 2 2
left_child=1 2 9 4 -3 -5 11 -4 12 -1 -10 13 -8 -2
right_child=6 3 7 5 -6 -7 8 -9 10 -11 -12 -13 -14 -15
leaf_value=0.0015435308912573819 -0.011587807772222966 0.0060556305048507482 -0.0049227105327785976 -0.025481399896925033 -0.018020136485946772 0.030602141238515883 0.010473618317517919 0.012260795601110038 0.063444862768990404 -0.022461720895501025 -0.001771314743226981 -0.0064751166365613188 -0.017663706452274979 -0.013287160289227566
leaf_weight=7517 79 3317 8536 32 217 993 34 345 34 52 50 54 80 153
leaf_count=7517 79 3317 8536 32 217 993 34 345 34 52 50 54 80 153
internal_value=-0.000210766 3.28431e-05 -0.000831611 0.00315201 0.00174873 0.00799024 -0.0107851 -0.00210449 -0.00242424 0.00066191 0.00928571 -0.0165734 -0.0110526 -0.0196552
internal_weight=21493 21009 16450 4559 3534 1025 484 8881 198 7569 84 286 114 232
internal_count=21493 21009 16450 4559 3534 1025 484 8881 198 7569 84 286 114 232
is_linear=0
shrinkage=0.03


Tree=31
num_leaves=15
num_cat=0
split_feature=37 84 62 147 40 18 147 78 90 122 158 45 92 139
split_gain=58.7623 58.6536 32.6609 37.4442 33.0246 27.1665 28.137 23.0668 15.4312 14.5391 13.3865 10.0729 9.93436 9.41447
threshold=391.47500000000008 4.7417413427284201 0.91062980115921144 27.657420856612955 4.522378090956404 15.964092694253287 14.21480194655391 14.500000000000002 2972.5000000000005 0.3965798411948625 0.47727272727272735 2.1583332582039949 1.1127850265416148 967.50000000000011
decision_type=2 2 2 2 2 2 2 2 2 2 2 2 2 2
left_child=1 5 4 -4 -3 6 -1 8 10 -10 -2 -9 -7 -13
right_child=7 2 3 -5 -6 12 -8 11 9 -11 -12 13 -14 -15
leaf_value=-0.0056891942299676108 -0.0071753900712291574 0.0064208167297492196 0.0069665078376824497 0.063842689819196052 -0.016597970902152481 -0.017292641072687499 -0.00013813805846734639 -0.011606123972163004 -0.013601432466584304 0.035443861060404688 -0.021435571599423223 -0.015857153467665634 -0.024243443689390663 -0.0039715248533259192
leaf_weight=3622 74 3424 462 420 253 32 12750 150 39 70 35 48 46 68
leaf_count=3622 74 3424 462 420 253 32 12750 150 39 70 35 48 46 68
internal_value=-0.000202391 3.5699e-05 0.00304672 0.00823129 0.0018031 -0.000798784 -0.000714635 -0.0105372 -0.00330275 0.0046789 -0.0112844 -0.0164662 -0.0184615 -0.00982759
internal_weight=21493 21009 4559 882 3677 16450 16372 484 218 109 109 266 78 116
internal_count=21493 21009 4559 882 3677 16450 16372 484 218 109 109 266 78 116
is_linear=0
shrinkage=0.03


Tree=32
num_leaves=15
num_cat=0
split_feature=85 78 37 4 84 15 10 97 40 108 51 56 60 68
split_gain=55.213 38.9494 31.7583 29.4162 23.3949 27.9537 23.3853 22.7966 21.3912 17.4726 16.7474 16.4556 16.1752 15.0078
threshold=0.85014942693021089 3.5000000000000004 390.30833333333339 37.907083983445126 11.636681485645047 -0.096417083860587893 8.8450120932867193 3.2499173522340707 0.91328097856745238 0.045318624935966591 2610.0000000000005 1.1291247532905391 6.2889566241559818 3.9518002322880377
decision_type=2 2 2 2 2 2 2 2 2 2 2 2 2 2
left_child=2 4 3 8 9 -6 -5 11 -1 -2 13 -3 -9 -4
right_child=1 7 10 6 5 -7 -8 12 -10 -11 -12 -13 -14 -15
leaf_value=-0.015459672788665835 -0.0052329515453958071 -0.0017573324894609697 -0.011369420027870364 0.0041199427327591629 -0.00082619256914256089 0.15063445919463336 -0.010987058676050281 0.0022555912607361709 -0.0051800990949820557 0.012714706485519025 0.01635930938658654 -0.011553565020609438 0.013048208537301795 0.0046985179619404771
leaf_weight=346 535 5551 193 2095 102 185 231 4540 4637 2295 41 296 416 30
leaf_count=346 535 5551 193 2095 102 185 231 4540 4637 2295 41 296 416 30
internal_value=-0.00021635 0.000905172 -0.00227783 -0.00190861 0.00385948 0.0120209 0.000877042 5.27631e-05 -0.00320891 0.0030318 -0.0125 -0.00121601 0.00154964 -0.0157399
internal_weight=21493 13920 7573 7309 3117 287 2326 10803 4983 2830 264 5847 4956 223
internal_count=21493 13920 7573 7309 3117 287 2326 10803 4983 2830 264 5847 4956 223
is_linear=0
shrinkage=0.03


Tree=33
num_leaves=15
num_cat=0
split_feature=37 4 2 3 26 143 85 60 0 27 7 69 10 56
split_gain=55.9147 55.9093 39.831 35.1241 33.4085 32.2098 30.765 25.8818 23.0304 19.5993 14.1551 11.4853 11.4411 10.6355
threshold=391.47500000000008 37.907083983445126 97.628662238702603 1.453145971451665 -2.3401363802593891 2.7142096932186113 3.1469433084276286 1.7198659245863295 0.10305727759766449 1.3685604041819885 1.7610206825400712 2.5686887254901967 -0.32123964454523701 0.25716306756967711
decision_type=2 2 2 2 2 2 2 2 2 2 2 2 2 2
left_child=1 2 7 4 -3 -5 -4 -1 11 13 -11 12 -2 -10
right_child=8 3 6 5 -6 -7 -8 -9 9 10 -12 -13 -14 -15
leaf_value=-0.0069333790412531866 -0.010550907219055276 0.012280067797739902 0.0050458827912329652 -0.016486275546860357 0.00026431534438725368 0.055645242324984114 0.087228225492382711 -0.0015811336076578197 0.010403281848817121 -0.0027366128097891648 0.051587408121915035 -0.0063560362330997199 -0.012413450864046873 -0.017001069606819141
leaf_weight=3782 79 2413 1773 53 4876 328 74 7710 34 49 35 57 150 80
leaf_count=3782 79 2413 1773 53 4876 328 74 7710 34 49 35 57 150 80
internal_value=-0.000207975 2.42753e-05 -0.00114926 0.00206519 0.00160104 0.0109449 0.0029399 -0.00180647 -0.0102893 -0.00242424 0.00857143 -0.0157343 -0.0187336 -0.0105263
internal_weight=21493 21009 13339 7670 7289 381 1847 11492 484 198 84 286 229 114
internal_count=21493 21009 13339 7670 7289 381 1847 11492 484 198 84 286 229 114
is_linear=0
shrinkage=0.03


Tree=34
num_leaves=14
num_cat=0
split_feature=37 86 101 59 28 42 80 79 151 106 51 91 69
split_gain=54.7168 47.2754 33.2989 23.5849 26.6202 20.2617 18.3479 16.9234 15.3254 11.8107 9.344 5.33339 5.06723
threshold=395.36666666666673 3.1074201830858272 0.69664063215769489 12.227847439968382 2.0114767292609108 4.1900748433685679 2.2938776290393768 0.99615384615384628 0.43757001493651987 0.074711490639127923 1650.0000000000002 2.4479371496778102 2.059886081957703
decision_type=2 2 2 2 2 2 2 2 2 2 2 2 2
left_child=1 2 7 4 -3 -4 10 -1 -5 11 12 -8 -2
right_child=6 3 5 8 -6 -7 9 -9 -10 -11 -12 -13 -14
leaf_value=0.00084381255782967676 -0.011085084644734407 0.0088300490153454553 -0.0045190276763612544 -3.5290548363774428e-05 -0.010346518764932779 0.014395907729365311 0.039040429240786004 0.019780852204917154 0.087645331784152139 -0.014286287257009554 -0.010121551962618722 -0.0040697563015870348 -0.01121506529388031
leaf_weight=7830 114 3777 8641 37 394 230 31 171 91 46 55 35 41
leaf_count=7830 114 3777 8641 37 394 230 31 171 91 46 55 35 41
internal_value=-0.000210766 -2.40896e-05 -0.000739687 0.00278437 0.00239511 -0.00200541 -0.0124845 0.000663667 0.0154687 -0.00267857 -0.0177143 0.00545455 -0.0214839
internal_weight=21493 21171 16872 4299 4171 8871 322 8001 128 112 210 66 155
internal_count=21493 21171 16872 4299 4171 8871 322 8001 128 112 210 66 155
is_linear=0
shrinkage=0.03


Tree=35
num_leaves=14
num_cat=0
split_feature=37 84 4 26 137 90 85 3 18 51 51 37 42
split_gain=57.2983 50.6416 35.9221 28.9543 24.6112 28.3569 23.8414 21.1708 18.2375 15.2296 12.2451 7.69475 4.24997
threshold=391.47500000000008 5.6551992080693614 37.907083983445126 -2.3401363802593891 1698.5000000000002 13491.500000000002 0.78942292794818447 0.96602725356866082 5.1798295512521886 3030.0000000000005 1650.0000000000002 325.45000000000005 0.58602766652093718
decision_type=2 2 2 2 2 2 2 2 2 2 2 2 2
left_child=1 2 6 -4 5 -3 -1 10 9 -9 12 -6 -2
right_child=7 4 3 -5 11 -7 -8 8 -10 -11 -12 -13 -14
leaf_value=-0.0065058203939440482 -0.010214060534961723 0.011796401900982446 0.010571010311744846 -0.00013647535330574945 0.21791763272133216 -0.028230488700604333 -0.0013265254703824468 -0.011907292710380801 0.017345739086790758 0.040080985839931922 -0.010566529486708455 0.043265579916077129 -0.01170560692340415
leaf_weight=4013 57 2381 2103 4381 40 41 8016 242 33 30 50 34 72
leaf_count=4013 57 2381 2103 4381 40 41 8016 242 33 30 50 34 72
internal_value=-0.000207975 2.71312e-05 -0.000513693 0.00128624 0.00403846 0.00351775 -0.00148391 -0.0104132 -0.00560656 -0.00816176 -0.0186034 0.0210811 -0.0234884
internal_weight=21493 21009 18513 6484 2496 2422 12029 484 305 272 179 74 129
internal_count=21493 21009 18513 6484 2496 2422 12029 484 305 272 179 74 129
is_linear=0
shrinkage=0.03


Tree=36
num_leaves=15
num_cat=0
split_feature=37 86 4 99 56 99 25 76 3 62 59 15 57 5
split_gain=53.2889 48.8872 29.563 27.2627 26.7459 27.3394 25.1148 22.7932 21.361 17.9541 13.0351 12.5776 10.5056 10.2064
threshold=391.47500000000008 3.1074201830858272 37.907083983445126 0.0085002780200049508 0.37566884608344536 1.6309839948974856 -0.20131876242637323 0.50375425506826443 0.96602725356866082 0.32454528138586008 3.2791623941660926 1.4597680163477258 0.20015425838770751 8.5000000000000018
decision_type=2 2 2 2 2 2 2 2 2 2 2 2 2 2
left_child=1 2 7 -4 6 -6 -3 -1 10 12 -2 -11 -10 -12
right_child=8 4 3 -5 5 -7 -8 -9 9 11 13 -13 -14 -15
leaf_value=-0.00037266971363383861 -0.011499846928979124 0.00083004756328162836 0.03388679698760589 0.0016060843109361488 0.0079291459270917023 0.0416595419919897 0.083650963853083862 -0.0056168230155475476 -0.0070641381624261274 -0.015571848189386896 -0.010722991110420906 -0.0015785215637557836 0.040862986836123313 0.0013381341997767337
leaf_weight=5070 82 2527 110 5750 1020 549 101 5882 31 130 64 114 30 33
leaf_count=5070 82 2527 110 5750 1020 549 101 5882 31 130 64 114 30 33
internal_value=-0.0001996 2.71312e-05 -0.000695931 0.00102389 0.00292352 0.00602294 0.00107306 -0.00161614 -0.0100413 -0.00521311 -0.0182682 -0.00885246 0.00934426 -0.0108247
internal_weight=21493 21009 16812 5860 4197 1569 2628 10952 484 305 179 244 61 97
internal_count=21493 21009 16812 5860 4197 1569 2628 10952 484 305 179 244 61 97
is_linear=0
shrinkage=0.03


Tree=37
num_leaves=15
num_cat=0
split_feature=37 4 77 81 85 29 56 0 80 90 54 77 16 7
split_gain=54.0564 46.6755 35.7106 30.7236 29.7838 23.3695 21.8459 20.0673 17.5807 13.2934 11.1053 9.20072 15.0869 5.31341
threshold=392.97500000000008 37.907083983445126 0.17658115877930122 2.5000000000000004 1.8909483687999855 1.169126406183856 1.1029106227624468 -0.035731823528512223 2.2938776290393768 2972.5000000000005 0.43401185065945763 0.42607771706132369 1.9036819689401374 2.8214404877630068
decision_type=2 2 2 2 2 2 2 2 2 2 2 2 2 2
left_child=1 3 5 4 -1 -3 -4 -5 11 -10 -11 12 -2 -13
right_child=8 2 6 7 -6 -7 -8 -9 9 10 -12 13 -14 -15
leaf_value=7.0360326020616479e-05 -0.0049620685537433819 0.022136062486227064 0.0016050208475072835 -0.0062479006709328143 0.020306605553605601 0.0042051325752526453 -0.012182028982462184 -0.0012967063639579422 -0.014236762402850508 -0.01525203313437375 0.043664181847599307 -0.011001699458255207 -0.010653401903243048 -0.0095959797463161488
leaf_weight=3836 65 1410 4831 4676 552 1248 235 4302 68 38 51 77 74 30
leaf_count=3836 65 1410 4831 4676 552 1248 235 4302 68 38 51 77 74 30
internal_value=-0.000207975 0 0.00185655 -0.00107287 0.000984503 0.00467269 0.000378997 -0.00207841 -0.0110918 -0.00324841 0.00438202 -0.0160976 -0.0110072 -0.0227103
internal_weight=21493 21090 7724 13366 4388 2658 5066 8978 403 157 89 246 139 107
internal_count=21493 21090 7724 13366 4388 2658 5066 8978 403 157 89 246 139 107
is_linear=0
shrinkage=0.03


Tree=38
num_leaves=15
num_cat=0
split_feature=37 4 45 18 77 81 0 122 19 9 2 51 149 147
split_gain=57.0478 43.2446 35.1229 32.9066 29.4172 26.8286 18.6619 16.2912 23.003 13.8452 11.156 12.9067 11.6539 10.1515
threshold=391.47500000000008 37.907083983445126 4.8115419079044548 15.964092694253287 0.17425273749630071 2.5000000000000004 0.10305727759766449 0.41487812773415617 2.6480097155086573 7.9181050915876066 81.801385247692409 1650.0000000000002 23.500000000000004 54.453657081149821
decision_type=2 2 2 2 2 2 2 2 2 2 2 2 2 2
left_child=1 2 5 4 -3 -1 10 -8 -9 -4 11 -2 -12 -5
right_child=6 3 9 13 -6 -7 7 8 -10 -11 12 -13 -14 -15
leaf_value=0.0011711610983429416 -0.010803820357287624 0.012334197942578454 0.030266783926254995 -0.0079095411667764945 0.001314760832077022 -0.004308265601851176 -0.017407634907970513 -0.018348948491131268 0.011904094052430527 -0.004864120175663538 -0.013785719347876505 -0.0098089859098930143 0.0018127926501070345 -0.023143225903744867
leaf_weight=4270 150 2589 209 36 4998 8800 61 31 106 60 32 50 54 47
leaf_count=4270 150 2589 209 36 4998 8800 61 31 106 60 32 50 54 47
internal_value=-0.000230308 4.28388e-06 -0.00102781 0.00179922 0.00200474 -0.00124866 -0.0104132 -0.00333333 0.00240876 0.0097026 -0.0153147 -0.0192 -0.00627907 -0.016988
internal_weight=21493 21009 13339 7670 7587 13070 484 198 137 269 286 200 86 83
internal_count=21493 21009 13339 7670 7587 13070 484 198 137 269 286 200 86 83
is_linear=0
shrinkage=0.03


Tree=39
num_leaves=15
num_cat=0
split_feature=37 84 62 40 146 101 42 3 56 18 59 148 84 42
split_gain=57.0478 43.1236 30.0977 45.4471 42.9305 26.3996 22.8094 19.4734 18.637 18.5798 13.0351 12.42 11.7904 1.35285
threshold=391.47500000000008 4.7417413427284201 0.87996415770609338 4.6658317278225168 1.8604897795567013 0.68747071349441324 4.1900748433685679 0.96602725356866082 1.7315462697288424 5.1798295512521886 3.2791623941660926 -7.3262496958815495 4.8369690690703919 0.57149967054319817
decision_type=2 2 2 2 2 2 2 2 2 2 2 2 2 2
left_child=1 5 3 -3 -4 8 -7 10 -1 12 13 -12 -9 -2
right_child=7 2 4 -5 -6 6 -8 9 -10 -11 11 -13 -14 -15
leaf_value=0.001588654991903946 -0.009788190874059197 0.0050883169452558526 -0.014516461995123624 -0.018223982797444357 0.035584881235414173 -0.004106663326367499 0.014563580783877797 -0.0011901788900327524 -0.02192863512917851 0.017137940838693789 0.0049783848237610947 -0.0097980666117429196 -0.013540462369055347 -0.01071152826619986
leaf_weight=7517 30 3317 121 217 904 8714 167 106 52 33 31 66 166 52
leaf_count=7517 30 3317 121 217 904 8714 167 106 52 33 31 66 166 52
internal_value=-0.000230308 4.28388e-06 0.00258609 0.00127334 0.0071122 -0.000711246 -0.00182074 -0.0104132 0.000590567 -0.00580328 -0.0182682 -0.0108247 -0.00838235 -0.0270732
internal_weight=21493 21009 4559 3534 1025 16450 8881 484 7569 305 179 97 272 82
internal_count=21493 21009 4559 3534 1025 16450 8881 484 7569 305 179 97 272 82
is_linear=0
shrinkage=0.03


Tree=40
num_leaves=14
num_cat=0
split_feature=78 101 2 70 4 70 45 18 99 108 84 72 111
split_gain=44.4519 43.9723 34.7261 30.0098 21.0364 20.0525 19.5965 19.5004 16.6685 17.8624 15.6768 15.5224 13.5535
threshold=3.5000000000000004 0.8746886589454409 99.369333760903686 1.2630922490412841 37.756822403624774 2.9791711427556682 4.8115419079044548 15.964092694253287 3.751819768368049 0.045318624935966591 2.8027356981936609 1.9206023679990987 1.8609073722378919
decision_type=2 2 2 2 2 2 2 2 2 2 2 2 2
left_child=2 4 8 -4 6 -5 -2 -6 9 -1 11 -3 -12
right_child=1 10 3 5 7 -7 -8 -9 -10 -11 12 -13 -14
leaf_value=-0.0062333578575889878 -0.0020595494458751705 -0.0039998219670383164 -0.019612425225860076 0.14170071894472994 0.0039659165133666113 0.026850376935676146 0.020648632192977929 -0.021009757023188948 -0.018422001967074789 0.0086510411174663387 -0.010737785956775112 -0.008995118575300054 -0.0023187268425639072
leaf_weight=662 8209 438 42 243 4882 222 179 56 31 2644 507 1135 2243
leaf_count=662 8209 438 42 243 4882 222 179 56 31 2644 507 1135 2243
internal_value=-0.000238682 -0.000875404 0.0026847 0.01 -2.25124e-05 0.0121935 -0.000937053 0.00153098 0.00157327 0.00177858 -0.00350451 -0.0058932 -0.00213818
internal_weight=21493 17649 3844 507 13326 465 8388 4938 3337 3306 4323 1573 2750
internal_count=21493 17649 3844 507 13326 465 8388 4938 3337 3306 4323 1573 2750
is_linear=0
shrinkage=0.03


Tree=41
num_leaves=15
num_cat=0
split_feature=37 85 4 45 30 149 142 26 78 110 105 45 104 64
split_gain=53.7241 39.6563 31.3491 27.7889 24.9282 30.206 26.2225 23.8239 15.3472 12.3384 10.1556 9.60959 7.76219 4.87464
threshold=392.97500000000008 1.8173413882875515 37.907083983445126 4.8115419079044548 1.3680331295464223 19.500000000000004 357.50000000000006 -2.2844856456469436 14.500000000000002 0.073444621079870542 0.61111761872766734 2.1583332582039949 0.30673963095234258 0.37524703557312261
decision_type=2 2 2 2 2 2 2 2 2 2 2 2 2 2
left_child=1 2 3 -1 5 -3 -6 -4 9 -2 -11 13 -13 -10
right_child=8 4 7 -5 6 -7 -8 -9 11 10 -12 12 -14 -15
leaf_value=-0.0030131902779022006 0.033593147102554302 0.0015693290446115182 0.0095490740459758909 0.021215048535311355 0.0083395879989651579 0.032365774494006495 -0.010813128414425065 -0.00015159660111688233 -0.0099117149062921787 -0.0017760473569806345 -0.014908439140354949 0.00090032205607834146 -0.012782481609257077 -0.0083836316046202279
leaf_weight=12052 42 490 2277 194 424 798 328 4527 48 63 59 35 64 92
leaf_count=12052 42 490 2277 194 424 798 328 4527 48 63 59 35 64 92
internal_value=-0.000241474 -3.41394e-05 -0.000459843 -0.00136698 0.00394118 0.00647516 -0.000398936 0.00117284 -0.0110918 -0.00402439 -0.00885246 -0.0159414 -0.00878788 -0.021
internal_weight=21493 21090 19050 12246 2040 1288 752 6804 403 164 122 239 99 140
internal_count=21493 21090 19050 12246 2040 1288 752 6804 403 164 122 239 99 140
is_linear=0
shrinkage=0.03


Tree=42
num_leaves=15
num_cat=0
split_feature=86 81 3 63 9 71 51 63 148 59 45 99 59 19
split_gain=41.7228 26.6848 32.8661 25.121 24.6576 24.4956 23.0884 23.0219 21.5257 18.9436 16.5856 16.2527 14.6549 14.3668
threshold=2.1354969257671077 1.5000000000000002 1.9209942046140536 0.48488999584890002 10.442595015225548 3.8176038683452744 930.00000000000011 0.5180289503337091 -0.14266467024819404 3.3996427476406708 0.64289782807013629 2.3193205329239164 2.9960079435722471 5.391175737854188
decision_type=2 2 2 2 2 2 2 2 2 2 2 2 2 2
left_child=5 2 -2 4 -3 8 12 -5 10 -10 -1 -8 -7 -4
right_child=1 3 13 7 -6 6 11 -9 9 -11 -12 -13 -14 -15
leaf_value=0.0031743191342130175 0.0082223833793560724 -0.0013791433565967747 0.12757460521962827 0.015358320217481545 -0.020949412470651831 -0.014394783269369917 -0.00621992196692413 0.0026245726744444464 0.0018597383377729625 0.049253006044919556 -0.0066493039601795327 0.0070832664560210945 -0.0092626880541573885 0.013396340153356997
leaf_weight=588 1360 5885 160 761 41 112 2535 4084 3297 59 1850 268 402 91
leaf_count=588 1360 5885 160 761 41 112 2535 4084 3297 59 1850 268 402 91
internal_value=-0.000247057 0.000886771 0.0044879 0.000348157 -0.000961863 -0.00178795 -0.00384383 0.00195046 -0.000610977 0.000947557 -0.00275636 -0.00277203 -0.00968872 0.0144622
internal_weight=21493 12382 1611 10771 5926 9111 3317 4845 5794 3356 2438 2803 514 251
internal_count=21493 12382 1611 10771 5926 9111 3317 4845 5794 3356 2438 2803 514 251
is_linear=0
shrinkage=0.03


Tree=43
num_leaves=15
num_cat=0
split_feature=37 81 3 69 42 0 4 3 18 1 59 66 54 42
split_gain=55.3895 37.0645 32.5476 28.1482 27.4503 25.9652 20.6936 18.4401 18.5798 17.0985 14.0464 12.7699 12.0379 1.35285
threshold=391.47500000000008 2.5000000000000004 1.9209942046140536 2.0246315364425604 0.7910157735851413 -0.085546043306492528 37.756822403624774 0.96602725356866082 5.1798295512521886 93.021802527426772 3.2791623941660926 1.4689404528934864 0.26371621947814955 0.57149967054319817
decision_type=2 2 2 2 2 2 2 2 2 2 2 2 2 2
left_child=1 2 4 -4 -1 9 -7 10 11 -3 13 -9 -12 -2
right_child=7 5 3 -5 -6 6 -8 8 -10 -11 12 -13 -14 -15
leaf_value=0.0060047167507087298 -0.0087730546389408175 -0.0041232574497379465 0.00057963182034755035 0.060029763668131106 -0.0016956940944294584 -0.0020933851940081326 0.0047120028189026183 -0.01415002564350067 0.013443731728576947 -0.010791120490720341 -0.0096719059639039373 -0.0029805557522117137 -0.0050717826402283056 -0.0097343889626675187
leaf_weight=3623 30 3037 289 473 3613 6063 3285 124 33 626 30 148 67 52
leaf_count=3623 30 3037 289 473 3613 6063 3285 124 33 626 30 148 67 52
internal_value=-0.000255432 -2.42753e-05 0.0015829 0.00748031 0.000961857 -0.00101222 -0.000173299 -0.0102893 -0.00580328 -0.00315315 -0.017933 -0.00838235 -0.0102062 -0.0270732
internal_weight=21493 21009 7998 762 7236 13011 9348 484 305 3663 179 272 97 82
internal_count=21493 21009 7998 762 7236 13011 9348 484 305 3663 179 272 97 82
is_linear=0
shrinkage=0.03


Tree=44
num_leaves=14
num_cat=0
split_feature=37 78 3 101 85 73 122 50 26 54 44 65 40
split_gain=50.7084 36.7546 32.8298 30.3365 27.6861 21.7348 18.6909 16.1539 14.8346 14.6858 24.4871 9.03111 5.37209
threshold=392.97500000000008 3.5000000000000004 1.5631824051883962 0.8746886589454409 2.9744146609346909 5.3683071490931189 0.25966050896990128 77400.000000000015 -10.08750980468424 0.43401185065945763 1.9645888236461715 0.36605958696475943 1.4039653408978459
decision_type=2 2 2 2 2 2 2 2 2 2 2 2 2
left_child=1 2 6 5 -4 -3 -1 9 -5 11 -11 -2 -9
right_child=7 3 4 8 -6 -7 -8 12 -10 10 -12 -13 -14
leaf_value=-0.0098513443656730679 -0.004741030011364048 -0.00073137913460988801 0.017000290671414019 -0.019296131017585545 0.097215519438004827 0.0052433175261562834 0.0065725729868306064 -0.0095099487737663434 -0.0047263349442162334 -0.0073876466914849911 0.049551477466949975 -0.011594981220469354 -0.0093186438984726276
leaf_weight=399 43 10840 586 68 240 2313 2548 42 4096 116 37 121 44
leaf_count=399 43 10840 586 68 240 2313 2548 42 4096 116 37 121 44
internal_value=-0.00025264 -5.12091e-05 0.00263186 -0.000635791 0.00791768 7.07063e-05 0.00115032 -0.010794 -0.00286744 -0.00766562 -0.000980392 -0.0139024 -0.0223256
internal_weight=21493 21090 3773 17317 826 13153 2947 403 4164 317 153 164 86
internal_count=21493 21090 3773 17317 826 13153 2947 403 4164 317 153 164 86
is_linear=0
shrinkage=0.03


Tree=45
num_leaves=15
num_cat=0
split_feature=37 4 65 4 45 104 37 3 18 48 100 59 54 42
split_gain=51.419 38.1341 31.2352 35.8338 30.686 25.8141 24.1483 20.2782 17.5624 15.3627 14.502 14.0464 12.0379 1.35285
threshold=391.47500000000008 37.907083983445126 0.65319727891156465 40.138371812625671 4.8115419079044548 16.655665988476994 216.85833333333338 0.96602725356866082 5.1798295512521886 26.500000000000004 0.7393897176372265 3.2791623941660926 0.26371621947814955 0.57149967054319817
decision_type=2 2 2 2 2 2 2 2 2 2 2 2 2 2
left_child=1 4 6 -4 5 -1 -3 11 10 -6 -9 13 -13 -2
right_child=7 2 3 -5 9 -7 -8 8 -10 -11 -12 12 -14 -15
leaf_value=-0.0025737668093118986 -0.0083676320994316728 -0.0053676507237879686 0.050378762171017701 0.0068677886672014353 0.025694871148912411 0.022418013758269646 0.0039105330514991963 -0.010428582928264693 0.010463148002119832 -0.014302285314894693 0.020670462749913337 -0.0091679841032098613 -0.004697999760276907 -0.0092314621851399426
leaf_weight=12816 30 1372 336 2081 232 254 3881 240 33 37 32 30 67 52
leaf_count=12816 30 1372 336 2081 232 254 3881 240 33 37 32 30 67 52
internal_value=-0.000249849 -2.71312e-05 0.00165841 0.00448076 -0.000996327 -0.00120275 0.000359794 -0.00991736 -0.00521311 0.00903346 -0.00772059 -0.017933 -0.0102062 -0.0270732
internal_weight=21493 21009 7670 2417 13339 13070 5253 484 305 269 272 179 97 82
internal_count=21493 21009 7670 2417 13339 13070 5253 484 305 269 272 179 97 82
is_linear=0
shrinkage=0.03


Tree=46
num_leaves=15
num_cat=0
split_feature=37 84 62 48 38 56 101 10 80 132 106 45 59 53
split_gain=53.6412 34.8381 33.7916 34.0128 33.0498 24.6005 21.9264 16.3227 15.9092 11.0965 12.9903 9.56879 8.33838 5.38788
threshold=392.97500000000008 4.64633700367692 0.99587227171207793 26.500000000000004 6.2463672966623145 1.7315462697288424 0.6782460983749824 4.8602642686656594 2.2938776290393768 0.80621956068938494 0.074711490639127923 2.1583332582039949 3.6208812370276826 3150.0000000000005
decision_type=2 2 2 2 2 2 2 2 2 2 2 2 2 2
left_child=1 5 3 -3 -4 6 -1 -7 11 10 -10 13 -13 -2
right_child=8 2 4 -5 -6 7 -8 -9 9 -11 -12 12 -14 -15
leaf_value=0.0016133805648515043 -0.0083028773726073844 0.0049320996438927331 0.0094664970376729021 -0.012574613546885232 0.1109123254279324 -0.02158245172764104 -0.0032139598099848749 0.01052636790390341 0.021830462903245522 -0.012465071944788289 -0.01186916132693718 -0.0092503158081293606 0.0016222808381673975 -0.0074302057783034057
leaf_weight=7124 65 3973 388 383 196 84 8910 32 71 33 53 60 42 79
leaf_count=7124 65 3973 388 383 196 84 8910 32 71 33 53 60 42 79
internal_value=-0.000249849 -4.26743e-05 0.00216194 0.00125344 0.00893836 -0.000717028 -0.000617438 -0.0144828 -0.0110918 -0.00363057 0.000483871 -0.0158537 -0.00882353 -0.0208333
internal_weight=21493 21090 4940 4356 584 16150 16034 116 403 157 124 246 102 144
internal_count=21493 21090 4940 4356 584 16150 16034 116 403 157 124 246 102 144
is_linear=0
shrinkage=0.03


Tree=47
num_leaves=15
num_cat=0
split_feature=37 38 4 86 18 20 3 107 105 59 69 53 54 42
split_gain=50.8966 33.5739 32.1647 29.3464 28.5606 17.7233 16.6886 18.4331 16.2873 14.4514 11.6035 10.3843 9.2637 1.34321
threshold=392.97500000000008 2.065131442325594 37.756822403624774 9.2338318046424543 15.964092694253287 1.6900023185722546 0.96602725356866082 0.42129275020660151 0.35195053385030567 3.2791623941660926 3.4515204825333003 3150.0000000000005 0.84828568564944218 0.58602766652093718
decision_type=2 2 2 2 2 2 2 2 2 2 2 2 2 2
left_child=1 5 3 -3 -4 11 9 10 -7 13 -8 -1 -11 -2
right_child=6 2 4 -5 -6 8 7 -9 -10 12 -12 -13 -14 -15
leaf_value=-0.0071054504809379658 -0.0073807237055165736 -0.0011846523909465679 0.0048616247420883874 0.17425375585508421 -0.019684772648450245 0.021389324859443261 -0.0042197026813707659 -0.012849994627913064 -0.0054132410730369698 -0.0080138360605129712 0.026008404020936054 -0.018617416950738021 0.0020757129223834842 -0.00878810757358282
leaf_weight=147 30 11555 7146 39 83 134 138 56 1855 65 33 131 30 51
leaf_count=147 30 11555 7146 39 83 134 138 56 1855 65 33 131 30 51
internal_value=-0.000233099 -3.12945e-05 0.000384105 -0.000595135 0.00195463 -0.00348037 -0.010794 -0.0054185 -0.00248869 -0.0177273 -0.000526316 -0.0105755 -0.00978947 -0.027037
internal_weight=21493 21090 18823 11594 7229 2267 403 227 1989 176 171 278 95 81
internal_count=21493 21090 18823 11594 7229 2267 403 227 1989 176 171 278 95 81
is_linear=0
shrinkage=0.03


Tree=48
num_leaves=15
num_cat=0
split_feature=37 86 90 50 4 62 51 3 69 100 59 54 29 42
split_gain=51.3596 33.4084 37.0799 30.2245 26.9173 27.3988 23.4308 20.2782 14.6488 16.6521 14.0464 12.0379 8.76465 1.35285
threshold=391.47500000000008 5.4108688342296833 5120.5000000000009 59400.000000000007 37.907083983445126 0.21430242663279633 1290.0000000000002 0.96602725356866082 3.4515204825333003 0.69027377229378228 3.2791623941660926 0.26371621947814955 0.83649897636602999 0.57149967054319817
decision_type=2 2 2 2 2 2 2 2 2 2 2 2 2 2
left_child=1 4 3 -3 6 -6 -1 10 9 -9 13 -12 -4 -2
right_child=7 2 12 -5 5 -7 -8 8 -10 -11 11 -13 -14 -15
leaf_value=-0.00068301416419176589 -0.007644973601486733 0.064119601815957439 -0.035214076975230213 -0.0057902900953544336 0.022396813813354642 0.0014623909323101991 -0.0052424250951055365 -0.010420657192382842 0.012464424520416921 0.017420102124182782 -0.0085523205502815794 -0.0043964249817910004 -0.012011658729173678 -0.0084417887712000383
leaf_weight=10030 30 397 37 141 599 6744 3026 218 48 39 30 67 35 52
leaf_count=10030 30 397 37 141 599 6744 3026 218 48 39 30 67 35 52
internal_value=-0.000255432 -3.28431e-05 0.00688525 0.00959108 -0.000239718 0.0012134 -0.00105699 -0.00991736 -0.00521311 -0.00805447 -0.017933 -0.0102062 -0.0133333 -0.0270732
internal_weight=21493 21009 610 538 20399 7343 13056 484 305 257 179 97 72 82
internal_count=21493 21009 610 538 20399 7343 13056 484 305 257 179 97 72 82
is_linear=0
shrinkage=0.03


Tree=49
num_leaves=15
num_cat=0
split_feature=37 38 78 65 67 55 0 122 58 56 106 29 7 84
split_gain=51.3299 32.482 30.8237 23.3999 22.2651 20.7946 17.6591 19.7041 22.8898 17.0048 15.3433 10.8896 11.2203 7.3107
threshold=391.47500000000008 2.065131442325594 3.5000000000000004 0.72391950464396293 0.28533895657607006 0.38389587548654824 0.10305727759766449 0.41487812773415617 1.9137162504795489 1.0841760033380348 0.021834144166417931 0.95511102383644464 1.8410675405933115 2.9207434213277161
decision_type=2 2 2 2 2 2 2 2 2 2 2 2 2 2
left_child=1 5 3 -3 -4 10 11 -8 -9 -7 -1 13 -13 -2
right_child=6 2 4 -5 -6 9 7 8 -10 -11 -12 12 -14 -15
leaf_value=0.016282085478941132 -0.0078947901114398405 0.0047875861361569225 -0.010802389310788727 0.021020319325057896 -7.0023315748227725e-05 0.0019325739145109322 -0.01638867056866649 -0.014824608378677381 0.015456122444358521 -0.01654433658589545 -0.010754544318573263 -0.0084252202369203451 -0.0063923725246802943 0.0092441550269938763
leaf_weight=45 30 2381 252 1077 15032 892 61 39 98 64 1266 120 105 31
leaf_count=45 30 2381 252 1077 15032 892 61 39 98 64 1266 120 105 31
internal_value=-0.000258224 -3.5699e-05 0.00037456 0.00293233 -0.000204135 -0.00342744 -0.00991736 -0.0030303 0.00328467 -6.27615e-05 -0.00588101 -0.0146853 -0.0177333 -0.00344262
internal_weight=21493 21009 18742 3458 15284 2267 484 198 137 956 1311 286 225 61
internal_count=21493 21009 18742 3458 15284 2267 484 198 137 956 1311 286 225 61
is_linear=0
shrinkage=0.03


Tree=50
num_leaves=15
num_cat=0
split_feature=0 43 76 0 38 143 2 91 40 139 62 53 2 58
split_gain=39.167 27.8734 27.4963 23.8551 23.6273 30.6185 19.9189 21.3125 19.2336 18.001 16.3348 15.7506 15.006 9.65026
threshold=-0.097416140670713233 4.9078591415772692 0.50892140507895534 -0.23985770178100291 2.1441392078078363 4.3936734788120893 97.010017825890273 5.0759129878499376 3.9626684957945604 22313.500000000004 0.35498418009237381 2250.0000000000005 56.064441437698214 1.4020190887923889
decision_type=2 2 2 2 2 2 2 2 2 2 2 2 2 2
left_child=3 2 12 10 11 -6 8 -8 -3 -4 -1 -5 -2 -12
right_child=1 6 9 4 5 -7 7 -9 -10 -11 13 -13 -14 -15
leaf_value=0.0030032671428417315 0.068091637545833902 0.013340596748408052 -0.0018724483423429416 -0.0033213361303737754 0.0014831093503741488 -0.00635536026752295 0.1020435468614594 -0.0090032546745270545 -0.012848033162451049 -0.011424685562517274 -0.00321106957779029 -0.013417790457711408 0.0028480459409562786 -0.007552803031861623
leaf_weight=40 72 622 7866 245 2260 1491 196 50 127 266 30 344 7784 100
leaf_count=40 72 622 7866 245 2260 1491 196 50 127 266 30 344 7784 100
internal_value=-0.000255432 0.000404522 0.000101326 -0.00274058 -0.00230876 -0.00143162 0.00527638 0.0126829 0.00284379 -0.0011215 -0.0137647 -0.00789474 0.00136711 -0.0189231
internal_weight=21493 16983 15988 4510 4340 3751 995 246 749 8132 170 589 7856 130
internal_count=21493 16983 15988 4510 4340 3751 995 246 749 8132 170 589 7856 130
is_linear=0
shrinkage=0.03


Tree=51
num_leaves=15
num_cat=0
split_feature=37 38 78 2 101 55 56 78 138 110 45 113 104 64
split_gain=50.7084 32.1707 30.0023 30.8136 22.3428 19.272 16.7202 15.6444 15.0265 14.2792 10.5871 9.8292 9.35065 5.86628
threshold=392.97500000000008 2.065131442325594 3.5000000000000004 96.668348469559376 0.88192514208386441 0.38389587548654824 1.0841760033380348 14.500000000000002 3600.0000000000005 0.073444621079870542 2.1583332582039949 2.2249235602433548 0.30673963095234258 0.3954236147461303
decision_type=2 2 2 2 2 2 2 2 2 2 2 2 2 2
left_child=1 5 3 -3 -4 8 -7 9 -1 -2 13 -11 -12 -9
right_child=7 2 4 -5 -6 6 -8 10 -10 11 12 -13 -14 -15
leaf_value=-0.010602882078410271 0.029541465968670379 0.0045334430377654659 0.00077682947299304581 0.036590526183742138 -0.0040386693387864476 0.0019307701473458903 -0.016034208461255282 -0.0073394517318452696 0.011285775220799878 0.0066190004495246414 0.0020693008291837174 -0.0116230007424759 -0.011139106220644089 -0.0062621886489589943
leaf_weight=1213 42 2752 11835 729 3507 892 64 53 98 37 35 85 64 87
leaf_count=1213 42 2752 11835 729 3507 892 64 53 98 37 35 85 64 87
internal_value=-0.00025264 -5.12091e-05 0.000355416 0.00286986 -0.000215096 -0.00342744 -0.000188285 -0.010794 -0.00578947 -0.00365854 -0.0156904 -0.00885246 -0.00818182 -0.021
internal_weight=21493 21090 18823 3481 15342 2267 956 403 1311 164 239 122 99 140
internal_count=21493 21090 18823 3481 15342 2267 956 403 1311 164 239 122 99 140
is_linear=0
shrinkage=0.03


Tree=52
num_leaves=15
num_cat=0
split_feature=37 38 37 2 28 3 18 97 59 151 66 54 109 42
split_gain=51.2706 30.8723 30.0199 42.4557 31.2929 18.6176 17.8984 16.7132 15.0955 14.981 14.2793 12.9993 9.80448 1.35285
threshold=391.47500000000008 2.065131442325594 191.15833333333333 99.369333760903686 2.4432400341879883 0.96602725356866082 5.1798295512521886 1.483694277401773 3.2791623941660926 0.26833437565144885 1.3931020085263484 0.26371621947814955 0.038608272884583052 0.57149967054319817
decision_type=2 2 2 2 2 2 2 2 2 2 2 2 2 2
left_child=1 7 4 -4 -3 8 10 12 13 -9 -7 -10 -1 -2
right_child=5 2 3 -5 -6 6 -8 9 11 -11 -12 -13 -14 -15
leaf_value=-0.0012725742301114705 -0.0068193373469779767 -0.0011525626711197433 0.0021694377010208219 0.089442636637403983 -0.013061413292718576 -0.013027713483579596 0.0090692546574241348 0.018133456144045108 -0.007565227182446994 -0.0040891716165121121 -0.0010488261732594793 -0.00328918775463266 -0.011490646836611679 -0.0074649095387929083
leaf_weight=207 30 7309 10771 270 392 121 33 249 30 1100 151 67 711 52
leaf_count=207 30 7309 10771 270 392 121 33 249 30 1100 151 67 711 52
internal_value=-0.000263807 -4.14108e-05 0.000358553 0.00136129 -0.00107908 -0.00991736 -0.00540984 -0.00334804 -0.0175978 -0.00122313 -0.00794118 -0.00958763 -0.00647059 -0.0270732
internal_weight=21493 21009 18742 11041 7701 484 305 2267 179 1349 272 97 918 82
internal_count=21493 21009 18742 11041 7701 484 305 2267 179 1349 272 97 918 82
is_linear=0
shrinkage=0.03


Tree=53
num_leaves=15
num_cat=0
split_feature=0 100 76 86 38 111 73 67 87 65 29 111 100 62
split_gain=33.5976 28.4232 27.1512 22.2976 20.1068 31.9398 19.7388 17.2719 15.1641 17.9139 16.6514 14.6003 12.9832 9.51099
threshold=-0.097416140670713233 1.0909455758023185 0.50575163158974568 1.0214472375980184 2.1441392078078363 4.2331294630927578 4.3225947210431963 0.24169696474529193 13103.500000000002 0.67023264683447759 1.3723887663166359 2.2921416432111772 0.69027377229378228 0.38697635653814105
decision_type=2 2 2 2 2 2 2 2 2 2 2 2 2 2
left_child=3 2 7 12 11 -6 -4 -2 10 -10 -3 -5 13 -1
right_child=1 8 6 4 5 -7 -8 -9 9 -11 -12 -13 -14 -15
leaf_value=0.011536947994198809 -0.011196467530182601 0.014528212146568301 -0.003857379220290631 -0.0046702991554500341 0.0015592331704063578 -0.0059906130671064884 0.0027031344932394907 0.0034639270598201951 0.014030884432235788 0.060010217165726479 -0.021491456978516812 -0.016304918241040078 -0.0072587605793615765 -0.008461874948880347
leaf_weight=38 59 114 6249 357 2330 1318 2443 7653 247 171 47 222 118 127
leaf_count=38 59 114 6249 357 2330 1318 2443 7653 247 171 47 222 118 127
internal_value=-0.00025264 0.000358594 0.000128018 -0.00255432 -0.00200852 -0.00118421 -0.00102163 0.00142376 0.00689119 0.00990431 -0.000931677 -0.00720207 -0.0107067 -0.00527273
internal_weight=21493 16983 16404 4510 4227 3648 8692 7712 579 418 161 579 283 165
internal_count=21493 16983 16404 4510 4227 3648 8692 7712 579 418 161 579 283 165
is_linear=0
shrinkage=0.03


Tree=54
num_leaves=14
num_cat=0
split_feature=37 97 25 2 147 40 87 141 87 58 24 114 8
split_gain=48.7576 28.5845 24.7657 23.9168 20.4994 17.9013 17.3876 22.2792 16.8073 15.9242 15.4329 9.6906 2.03463
threshold=391.47500000000008 1.8373750047446411 -0.14030753476066032 99.369333760903686 37.918070245588133 1.3315081244234241 27917.500000000004 4.5000000000000009 19035.500000000004 1.2780909867836787 -0.66457338123487408 1.5282715090518504 -2.6290639780784493
decision_type=2 2 2 2 2 2 2 2 2 2 2 2 2
left_child=1 6 3 -3 -4 11 8 -8 -1 -7 -11 -2 -13
right_child=5 2 4 -5 -6 9 7 -9 -10 10 -12 12 -14
leaf_value=-0.0044164749834374678 -0.005440027186647994 0.00013714413680299963 0.011181653750071031 0.015198770129174796 0.097109288892987186 -0.015038469827075426 0.017457171882873743 -0.002573969671413484 -0.01168246964692618 -0.0012026062222133343 -0.011390785271636497 -0.008941343513373997 -0.0087359070636282739
leaf_weight=2099 41 14996 295 963 93 48 286 1701 576 274 44 30 47
leaf_count=2099 41 14996 295 963 93 48 286 1701 576 274 44 30 47
internal_value=-0.000255432 -3.85549e-05 0.000552395 0.000370324 0.00804124 -0.00966942 -0.00211068 1.50981e-05 -0.00368972 -0.00639344 -0.00396226 -0.0198305 -0.0261039
internal_weight=21493 21009 16347 15959 388 484 4662 1987 2675 366 318 118 77
internal_count=21493 21009 16347 15959 388 484 4662 1987 2675 366 318 118 77
is_linear=0
shrinkage=0.03


Tree=55
num_leaves=15
num_cat=0
split_feature=0 76 86 38 111 97 135 77 135 1 59 85 40 99
split_gain=32.2027 25.342 20.2459 20.2169 30.6757 20.1918 26.7792 18.3639 16.7336 15.5987 14.5927 13.1264 10.2037 10.1172
threshold=-0.097416140670713233 0.48987447158237191 1.0214472375980184 2.1441392078078363 4.2331294630927578 3.06157899678916 2313.5000000000005 0.030740259097433775 352913.00000000006 92.091376197750336 0.95790629748622036 0.45608372077268161 2.128691959155756 1.5071561289832514
decision_type=2 2 2 2 2 2 2 2 2 2 2 2 2 2
left_child=2 7 11 9 -5 8 -7 -2 -3 -4 -9 13 -13 -1
right_child=1 5 3 4 -6 6 -8 10 -10 -11 -12 12 -14 -15
leaf_value=-0.0075227219570746257 0.053622132191202466 -0.0033570680219276137 -0.0071096716283904461 0.0015295766549934307 -0.0058150089991973845 -0.0099138360275251424 0.0030077023993418648 -0.006016551303123896 -0.015409874084761148 -0.016550635026412831 0.0039073539791653501 0.00019850756717668339 -0.016385701564867867 -0.0051814587911333263
leaf_weight=91 159 5023 499 2330 1318 492 4953 282 62 80 6012 105 56 31
leaf_count=91 159 5023 499 2330 1318 492 4953 282 62 80 6012 105 56 31
internal_value=-0.000261015 0.000337396 -0.00251441 -0.00199432 -0.00116776 -0.000569801 0.000699725 0.00181776 -0.0019292 -0.00720207 0.00156339 -0.0102827 -0.00465839 -0.0177049
internal_weight=21493 16983 4510 4227 3648 10530 5445 6453 5085 579 6294 283 161 122
internal_count=21493 16983 4510 4227 3648 10530 5445 6453 5085 579 6294 283 161 122
is_linear=0
shrinkage=0.03


Tree=56
num_leaves=14
num_cat=0
split_feature=37 38 37 2 40 40 55 69 85 19 14 114 8
split_gain=46.1669 29.7345 28.5386 36.7358 27.7587 18.7855 17.7295 16.7202 15.1484 16.4454 14.489 9.6906 2.03463
threshold=391.47500000000008 2.065131442325594 199.37500000000003 99.369333760903686 6.3689538058614241 1.3315081244234241 0.38389587548654824 2.2030513755889958 0.32808813709706253 2.5702018387839218 2.1692814326573768 1.5282715090518504 -2.6290639780784493
decision_type=2 2 2 2 2 2 2 2 2 2 2 2 2
left_child=1 6 4 -4 -3 11 10 -8 -7 -10 -1 -2 -13
right_child=5 2 3 -5 -6 8 7 -9 9 -11 -12 12 -14
leaf_value=0.0032643271777577365 -0.0051023761010726334 -0.0015319311672121383 0.002283431292505128 0.080409748224834127 -0.017486918714502833 -0.006435034738601019 0.0020876755306045063 -0.017812804895203489 -0.014874552489858552 -0.00130910186040786 -0.01020354812309265 -0.0085355220526559007 -0.0084017020676408864
leaf_weight=217 41 7960 10411 263 108 31 892 64 46 289 1094 30 47
leaf_count=217 41 7960 10411 263 108 31 892 64 46 289 1094 30 47
internal_value=-0.000261015 -4.99786e-05 0.000342546 0.00136031 -0.00100397 -0.00942149 -0.0032951 -0.000188285 -0.00606557 -0.00420896 -0.00556064 -0.0198305 -0.0261039
internal_weight=21493 21009 18742 10674 8068 484 2267 956 366 335 1311 118 77
internal_count=21493 21009 18742 10674 8068 484 2267 956 366 335 1311 118 77
is_linear=0
shrinkage=0.03


Tree=57
num_leaves=14
num_cat=0
split_feature=37 38 37 3 40 40 97 151 24 3 55 96 20
split_gain=42.6294 27.0112 27.8403 32.7782 27.7363 18.2958 15.2739 15.3685 14.4512 17.0606 13.8642 11.1529 3.02222
threshold=391.47500000000008 2.0341936787634505 199.37500000000003 1.5631824051883962 6.3689538058614241 1.3315081244234241 1.483694277401773 0.26416623344851847 -0.52364762647024443 0.99028839514538836 1.2046855038568298 2.2760850391779699 2.1193511158353813
decision_type=2 2 2 2 2 2 2 2 2 2 2 2 2
left_child=1 6 4 -4 -3 11 10 -8 9 -7 -1 12 -2
right_child=5 2 3 -5 -6 8 7 -9 -10 -11 -12 -13 -14
leaf_value=-0.010147814067561649 -0.005921254773985629 -0.0016044192008548102 0.0019159574388759903 0.054316153458191102 -0.016962311153067747 -0.0060762300289172464 0.018981081492653651 -0.0036210938688521904 -0.016106026345081372 0.0015371529541892447 0.018504378829849445 -0.0060988277906138862 -0.0087158401465432158
leaf_weight=820 30 8038 10369 395 108 131 212 1018 37 198 49 37 51
leaf_count=820 30 8038 10369 395 108 131 212 1018 37 198 49 37 51
internal_value=-0.000247057 -4.42667e-05 0.00031412 0.0013155 -0.00100908 -0.00904959 -0.00327299 -0.00112195 -0.0057377 -0.0037386 -0.00631761 -0.019322 -0.0255556
internal_weight=21493 21009 18910 10764 8146 484 2099 1230 366 329 869 118 81
internal_count=21493 21009 18910 10764 8146 484 2099 1230 366 329 869 118 81
is_linear=0
shrinkage=0.03


Tree=58
num_leaves=14
num_cat=0
split_feature=37 43 18 151 3 95 50 40 42 92 54 108 38
split_gain=40.5498 27.2814 23.535 26.4905 20.3494 27.3638 16.6979 16.4485 16.3753 13.4548 10.9703 9.57282 3.80744
threshold=395.36666666666673 4.9078591415772692 15.964092694253287 0.98862989967938786 1.8530432459912669 5.1761581408293864 77400.000000000015 3.9626684957945604 2.0983165565654045 1.1127850265416148 0.36949965166840898 0.1554137827552888 3.6774720178055471
decision_type=2 2 2 2 2 2 2 2 2 2 2 2 2
left_child=1 2 3 -1 7 -6 8 -3 11 -4 -10 -2 -8
right_child=6 4 9 -5 5 -7 12 -9 10 -11 -12 -13 -14
leaf_value=-0.00093616057648350341 -0.0070523096746616413 0.011665949789839878 -0.0087576561882833151 0.01046637816065896 0.12324655070931594 -0.014898317825574655 -0.0058381410862495941 -0.0090736556071104261 -0.0047648602550699037 -0.021205340843935532 0.022189586446464904 -0.0051715511720621561 -0.0076577870681980055
leaf_weight=19008 52 661 34 1060 158 59 38 142 41 49 38 118 35
leaf_count=19008 52 661 34 1060 158 59 38 142 41 49 38 118 35
internal_value=-0.000241474 -8.07709e-05 -0.000323061 -0.000257126 0.00470588 0.0128571 -0.0108075 0.00250311 -0.00710843 -0.0162651 0.00417722 -0.0123529 -0.0234247
internal_weight=21493 21171 20151 20068 1020 217 322 803 249 83 79 170 73
internal_count=21493 21171 20151 20068 1020 217 322 803 249 83 79 170 73
is_linear=0
shrinkage=0.03


Tree=59
num_leaves=15
num_cat=0
split_feature=0 100 42 61 1 55 106 87 107 13 63 7 102 61
split_gain=29.2242 26.0272 21.2268 25.1137 21.7202 19.846 25.0847 27.0398 24.8033 17.7148 17.6227 13.7652 17.1639 10.7651
threshold=-0.085546043306492528 1.0909455758023185 0.55212508163407936 0.49828435871641613 98.798777947507304 1.0000000180025095e-35 0.054121297460240102 13103.500000000002 0.042238452862883226 7.7248109981903292 0.51229590808304792 0.85190986396645185 2.0786453801886111 1.3138616560929468
decision_type=2 2 2 2 2 2 2 2 2 2 2 2 2 2
left_child=5 2 3 -2 -4 9 7 -7 -8 10 -1 12 -3 -13
right_child=1 11 4 -5 -6 6 8 -9 -10 -11 -12 13 -14 -15
leaf_value=0.010514339165276538 0.042681914075794351 0.0170934105751787 -0.0020753525779489712 0.0028662441499966904 0.017541180556422523 0.011437852018313537 0.0066788697587143921 -0.0040822470010583763 -0.00698583804968257 0.035235077090746844 -0.010373516374030264 0.041713955441889973 -0.021303962551196712 0.018495169000112947
leaf_weight=217 137 152 8741 6137 484 634 330 1275 2780 84 125 72 55 270
leaf_count=217 137 152 8741 6137 484 634 330 1275 2780 84 125 72 55 270
internal_value=-0.000233099 0.000411266 0.000183883 0.00153012 -0.000731707 -0.00213223 -0.00265989 4.71451e-05 -0.00432154 0.00408451 0.00105263 0.0068306 0.000724638 0.0105263
internal_weight=21493 16048 15499 6274 9225 5445 5019 1909 3110 426 342 549 207 342
internal_count=21493 16048 15499 6274 9225 5445 5019 1909 3110 426 342 549 207 342
is_linear=0
shrinkage=0.03


Tree=60
num_leaves=15
num_cat=0
split_feature=37 38 18 4 80 55 138 24 92 90 7 70 97 139
split_gain=42.0799 25.6315 25.4029 28.6482 16.8125 16.0512 16.0316 15.7411 13.4548 10.8399 9.97418 10.1123 6.53108 4.97204
threshold=395.36666666666673 2.065131442325594 15.964092694253287 37.756822403624774 2.2938776290393768 0.38389587548654824 3677.5000000000005 -0.30158874355558124 1.1127850265416148 3007.5000000000005 1.9506648951681138 2.5305951016835571 5.0759771486833749 3900.0000000000005
decision_type=2 2 2 2 2 2 2 2 2 2 2 2 2 2
left_child=1 5 3 -3 10 6 -1 -7 -4 -6 12 -12 -2 -11
right_child=4 2 8 -5 9 7 -8 -9 -10 13 11 -13 -14 -15
leaf_value=-0.0092079998242472136 -0.0060799506844283705 -0.00099596596784942096 -0.0084326659252963454 0.0040618429881851357 -0.0084175719716992232 0.002812515458372382 0.011766022549413259 -0.0084406642710062145 -0.020359605477126987 -0.0020600207610580149 -0.0063742658480150892 -0.0013770241720103531 -0.005807729194960403 0.041839058951971847
leaf_weight=1220 78 11628 34 7189 50 839 93 119 49 30 43 58 31 32
leaf_count=1220 78 11628 34 7189 50 839 93 119 49 30 43 58 31 32
internal_value=-0.000230308 -6.66005e-05 0.000295238 0.000368284 -0.0109938 -0.00307794 -0.00523229 -0.000125261 -0.0162651 -0.00160714 -0.016 -0.00920792 -0.0222936 0.00677419
internal_weight=21493 21171 18900 18817 322 2271 1313 958 83 112 210 101 109 62
internal_count=21493 21171 18900 18817 322 2271 1313 958 83 112 210 101 109 62
is_linear=0
shrinkage=0.03


Tree=61
num_leaves=14
num_cat=0
split_feature=37 86 14 67 15 30 3 18 10 66 59 148 79
split_gain=42.6835 25.8206 26.2051 19.6617 20.8149 19.4978 17.9555 16.5738 12.2921 12.1169 11.5433 10.5356 2.33335
threshold=391.47500000000008 2.3114123294833564 1.4695219228827006 10.878508771929825 -4.507458878316954 1.825254256944147 0.96602725356866082 5.1798295512521886 7.3639403855108254 1.3931020085263484 3.2791623941660926 -7.3262496958815495 0.041065281869674342
decision_type=2 2 2 2 2 2 2 2 2 2 2 2 2
left_child=1 2 -1 4 -3 -4 10 9 -5 -8 12 -12 -2
right_child=6 3 5 8 -6 -7 7 -9 -10 -11 11 -13 -14
leaf_value=0.0344320339847329 -0.0054862230531548713 -0.0068541912460972328 -0.0036180815484928696 0.35520827900821733 0.0031866236318365136 0.0015924210197789345 -0.011442808443518391 0.0087157451762070789 0.0041589389196002467 -0.00057326513459627466 0.0073878315115326722 -0.0058938215927409219 -0.0055964660711041994
leaf_weight=35 31 911 7835 42 9208 2948 121 33 30 151 31 66 51
leaf_count=35 31 911 7835 42 9208 2948 121 33 30 151 31 66 51
internal_value=-0.000241474 -3.85549e-05 -0.00105935 0.00104504 0.000933887 -0.00114347 -0.00904959 -0.00462295 0.0166667 -0.00705882 -0.0165922 -0.00958763 -0.024878
internal_weight=21493 21009 10818 10191 10119 10783 484 305 72 272 179 97 82
internal_count=21493 21009 10818 10191 10119 10783 484 305 72 272 179 97 82
is_linear=0
shrinkage=0.03


Tree=62
num_leaves=15
num_cat=0
split_feature=37 84 37 139 18 151 62 27 7 23 52 79 158 129
split_gain=40.2618 25.3565 26.4754 30.3678 21.1489 24.8243 19.7899 17.0543 14.603 18.4307 14.1498 12.6097 11.8189 6.01192
threshold=391.47500000000008 5.6551992080693614 381.64166666666671 7766.5000000000009 15.964092694253287 0.98486772469827533 0.32454528138586008 0.51481356790241206 1.7610206825400712 -1.6965170712985544 195.00000000000003 0.15736872763584925 0.15476190476190479 0.2745329169602751
decision_type=2 2 2 2 2 2 2 2 2 2 2 2 2 2
left_child=1 4 3 -3 5 -1 12 -4 10 -10 -8 -6 -2 -14
right_child=6 2 7 -5 11 -7 8 -9 9 -11 -12 -13 13 -15
leaf_value=-0.0011536587516446362 0.04108621572061151 0.0035843501667643662 0.024715783358216337 0.03027080428953299 -0.020933125541794158 0.0091191542390948767 -0.0035683157126568952 -0.014986084614755689 0.0020619736951391732 -0.0056960694946873299 -0.0094355268695571204 -0.00088551675144344809 -0.0065032630518507932 0.001009379069302646
leaf_weight=17363 34 1532 39 767 53 1067 56 158 74 131 128 30 30 31
leaf_count=17363 34 1532 39 767 53 1067 56 158 74 131 128 30 30 31
internal_value=-0.000247057 -4.99786e-05 0.00278846 0.00369291 -0.000432669 -0.000364623 -0.00880165 -0.0077665 -0.0117995 -0.00629268 -0.0179348 -0.0155422 0.00347368 -0.00442623
internal_weight=21493 21009 2496 2299 18513 18430 484 197 389 205 184 83 95 61
internal_count=21493 21009 2496 2299 18513 18430 484 197 389 205 184 83 95 61
is_linear=0
shrinkage=0.03


Tree=63
num_leaves=15
num_cat=0
split_feature=37 76 4 72 104 3 135 11 77 69 62 59 148 79
split_gain=38.974 24.769 22.3902 24.973 21.6944 19.7698 19.6953 17.4464 15.2848 14.7833 12.6142 11.5433 10.5356 2.33335
threshold=391.47500000000008 0.42116798674820793 37.907083983445126 1.2965817381695994 16.655665988476994 0.96602725356866082 104643.50000000001 11.977114754223594 0.026080534825870649 3.4515204825333003 0.32454528138586008 3.2791623941660926 -7.3262496958815495 0.041065281869674342
decision_type=2 2 2 2 2 2 2 2 2 2 2 2 2 2
left_child=1 6 4 -4 -3 11 8 -8 -1 10 -7 13 -13 -2
right_child=5 2 3 -5 -6 9 7 -9 -10 -11 -12 12 -14 -15
leaf_value=0.059614931614413363 -0.0053834955724144 -0.0025764196100219383 0.026375410033520948 0.00089645008390381469 0.025436684232935991 0.0091477855633011595 -0.013302168392545491 0.0093745475765319441 0.0077111333620991807 0.010749663113359734 -0.0082250463258612318 0.0073370786510273123 -0.0055769960889032752 -0.0054145365654783856
leaf_weight=92 31 11768 609 6019 190 51 172 69 2090 48 206 31 66 51
leaf_count=92 31 11768 609 6019 190 51 172 69 2090 48 206 31 66 51
internal_value=-0.000261015 -6.71141e-05 -0.00043904 0.000959565 -0.00121425 -0.00867769 0.0027858 -0.0053527 0.00368469 -0.00403279 -0.00688716 -0.0165922 -0.00958763 -0.024878
internal_weight=21493 21009 18586 6628 11958 484 2423 241 2182 305 257 179 97 82
internal_count=21493 21009 18586 6628 11958 484 2423 241 2182 305 257 179 97 82
is_linear=0
shrinkage=0.03


Tree=64
num_leaves=15
num_cat=0
split_feature=37 76 3 38 3 93 73 57 28 69 26 59 54 79
split_gain=38.0385 23.6306 20.1946 18.9278 18.7286 17.186 16.9227 16.0029 13.7043 12.4639 11.7357 10.4649 12.9993 3.27906
threshold=391.47500000000008 0.50892140507895534 2.0689009825995859 2.0341936787634505 0.96602725356866082 1.9409085450043622 4.1131286113698149 1.803435997518769 2.0309619456955215 3.4515204825333003 -2.0988418521247971 3.2791623941660926 0.26371621947814955 0.041065281869674342
decision_type=2 2 2 2 2 2 2 2 2 2 2 2 2 2
left_child=1 2 5 8 11 -1 -5 -4 -3 10 -6 13 -13 -2
right_child=4 3 7 6 9 -7 -8 -9 -10 -11 -12 12 -14 -15
leaf_value=-0.0022572445000119544 -0.0052219907052419674 -0.005476764402795091 0.019488153574929029 -0.0027503878914804506 0.00022447064492052136 0.0029558903209435136 0.0028744289759937 -0.015838976197765208 -0.01634606531198695 0.010427173219958943 -0.0093688832938618738 -0.0052571082511296508 -0.0035201640736809169 -0.005252100468514034
leaf_weight=2723 31 967 652 6658 114 6943 2896 34 136 48 143 30 67 51
leaf_count=2723 31 967 652 6658 114 6943 2896 34 136 48 143 30 67 51
internal_value=-0.000238682 -4.71227e-05 0.000973725 -0.00103875 -0.00855372 0.000620732 -0.000609169 0.00594752 -0.00475975 -0.00403279 -0.0066537 -0.016257 -0.00958763 -0.0241463
internal_weight=21493 21009 10352 10657 484 9666 9554 686 1103 305 257 179 97 82
internal_count=21493 21009 10352 10657 484 9666 9554 686 1103 305 257 179 97 82
is_linear=0
shrinkage=0.03


Tree=65
num_leaves=15
num_cat=0
split_feature=37 78 2 149 52 56 3 108 110 84 124 59 54 79
split_gain=33.9286 23.5216 26.497 24.5005 24.3314 21.5083 16.287 16.0623 14.125 16.5055 14.4179 12.3473 12.8565 4.83732
threshold=392.97500000000008 3.5000000000000004 96.668348469559376 106.50000000000001 285.00000000000006 1.5706808512990362 0.9804573049580767 0.045318624935966591 0.35272643945600207 3.5511298848292605 0.30953639635347002 3.2791623941660926 0.26371621947814955 0.038555695164610881
decision_type=2 2 2 2 2 2 2 2 2 2 2 2 2 2
left_child=1 2 7 5 -4 -3 11 -1 9 -8 -10 13 -13 -2
right_child=6 3 4 -5 -6 -7 8 -9 10 -11 -12 12 -14 -15
leaf_value=-0.0084509121695691726 -0.0048776668395295588 -0.00063044083944672092 0.0073285716504262171 -0.01963600545651346 0.056290105311029306 -0.016977469541680768 0.025462846255470038 0.0056072344001248317 -0.0018482111831716163 -0.0034805987883692146 -0.01473208551003446 -0.0048953926889200895 -0.0023596171615168798 -0.0051474448772350729
leaf_weight=602 30 17081 398 33 382 203 33 2391 43 108 34 31 68 56
leaf_count=602 30 17081 398 33 382 203 33 2391 43 108 34 31 68 56
internal_value=-0.000235891 -7.11238e-05 0.00207527 -0.000538777 0.007 -0.00048947 -0.00885856 0.000791848 -0.00330275 0.00234043 -0.0136364 -0.0154054 -0.00818182 -0.0237209
internal_weight=21493 21090 3773 17317 780 17284 403 2993 218 141 77 185 99 86
internal_count=21493 21090 3773 17317 780 17284 403 2993 218 141 77 185 99 86
is_linear=0
shrinkage=0.03


Tree=66
num_leaves=14
num_cat=0
split_feature=37 67 67 18 0 122 58 45 10 29 7 48 58
split_gain=35.8286 23.4355 22.2307 22.2959 17.1681 21.2087 17.1396 15.625 11.641 11.4564 10.1421 8.63741 4.44216
threshold=391.47500000000008 10.878508771929825 0.24169696474529193 15.964092694253287 0.10305727759766449 0.41487812773415617 2.2161399145377207 0.78557158032101404 7.3639403855108254 0.95511102383644464 2.0964946413516299 9.5000000000000018 2.2177701544536723
decision_type=2 2 2 2 2 2 2 2 2 2 2 2 2
left_child=1 2 7 -4 9 12 -7 -1 -3 11 -11 -2 -6
right_child=4 8 3 -5 5 6 -8 -9 -10 10 -12 -13 -14
leaf_value=0.0085683764643981423 -0.0054282501159288237 0.34271529869551082 4.799793723217982e-05 -0.017228421847129968 -0.0059269484228572835 -0.011647342757514906 0.016038038126842895 -0.017690224301751704 0.004241006026296814 -0.0060506699847631268 -0.0036996297566416641 0.0054149146101383555 -0.016390030494777576
leaf_weight=32 31 42 20690 83 30 49 88 128 34 129 96 30 31
leaf_count=32 31 42 20690 83 30 49 88 128 34 129 96 30 31
internal_value=-0.000235891 -4.99786e-05 -0.000110352 -2.45511e-05 -0.00830579 -0.00151515 0.0050365 -0.01125 0.0165789 -0.013007 -0.0161333 -0.00147541 -0.0162295
internal_weight=21493 21009 20933 20773 484 198 137 160 76 286 225 61 61
internal_count=21493 21009 20933 20773 484 198 137 160 76 286 225 61 61
is_linear=0
shrinkage=0.03


Tree=67
num_leaves=14
num_cat=0
split_feature=37 4 86 72 91 62 116 72 97 73 23 2 56
split_gain=40.2881 23.4662 29.8148 25.9879 32.7246 30.7929 21.3922 14.5991 12.5652 12.0821 10.2528 9.60784 8.80678
threshold=391.47500000000008 37.907083983445126 9.2338318046424543 1.2965817381695994 -0.034189038088223801 0.21430242663279633 18.500000000000004 3.5959210695754842 6.3935990346579645 1.665671728199664 -1.6965170712985544 89.715125227368148 0.62832315523671434
decision_type=2 2 2 2 2 2 2 2 2 2 2 2 2
left_child=1 2 6 4 -3 -5 -1 8 10 -9 -2 -10 -11
right_child=7 3 -4 5 -6 -7 -8 9 11 12 -12 -13 -14
leaf_value=-0.0014074275824156857 -0.00033812043285370321 -0.036884816909228624 0.15113926746169892 0.021097188899548612 0.028736518347012827 0.00014165628348864146 -0.013991327904144518 -0.00077508793331641866 0.020307773537885446 -0.0062882077146786935 -0.0058612496998759547 -0.0060497401333764935 -0.0052745409277739769
leaf_weight=13099 92 38 39 568 708 6356 201 46 51 106 101 34 54
leaf_count=13099 92 38 39 568 708 6356 201 46 51 106 101 34 54
internal_value=-0.000244266 -4.71227e-05 -0.000807407 0.0012751 0.00659517 0.000701906 -0.000884211 -0.00880165 -0.00431655 -0.0148544 -0.00854922 0.00529412 -0.01875
internal_weight=21493 21009 13339 7670 746 6924 13300 484 278 206 193 85 160
internal_count=21493 21009 13339 7670 746 6924 13300 484 278 206 193 85 160
is_linear=0
shrinkage=0.03


Tree=68
num_leaves=13
num_cat=0
split_feature=37 67 18 151 72 92 10 73 97 2 11 56
split_gain=36.963 23.4194 22.0657 22.1432 14.9907 12.1467 11.641 11.5683 11.4619 9.60784 9.05414 8.1497
threshold=391.47500000000008 10.878508771929825 15.964092694253287 0.98862989967938786 3.5959210695754842 1.1127850265416148 7.3639403855108254 1.665671728199664 6.3935990346579645 89.715125227368148 7.630795622946871 0.62832315523671434
decision_type=2 2 2 2 2 2 2 2 2 2 2 2
left_child=1 2 3 -1 8 -4 -3 -6 10 -10 -2 -9
right_child=4 6 5 -5 7 -7 -8 11 9 -11 -12 -13
leaf_value=-0.0005302126259446227 -0.0055322707441555416 0.33157174418423513 -0.0078156091700541299 0.010176081125922705 -0.00075183529531692658 -0.018425146773784627 0.0033205655099346676 -0.0060995614832383329 0.019698540331748882 -0.0058682479293751966 0.00016214750525223975 -0.0051163046999407576
leaf_weight=19675 125 42 34 1175 46 49 34 106 51 34 68 54
leaf_count=19675 125 42 34 1175 46 49 34 106 51 34 68 54
internal_value=-0.000233099 -4.42667e-05 -0.00010462 -4.31655e-05 -0.00842975 -0.0155422 0.0165789 -0.0145631 -0.00388489 0.00529412 -0.00792746 -0.018375
internal_weight=21493 21009 20933 20850 484 83 76 206 278 85 193 160
internal_count=21493 21009 20933 20850 484 83 76 206 278 85 193 160
is_linear=0
shrinkage=0.03


Tree=69
num_leaves=14
num_cat=0
split_feature=37 67 18 4 3 122 122 79 59 25 148 75 79
split_gain=36.0024 23.3791 22.1067 23.2246 15.3062 14.5946 18.8039 12.6097 11.8155 11.0622 9.68979 6.96511 3.94608
threshold=391.47500000000008 10.878508771929825 15.964092694253287 37.907083983445126 0.9804573049580767 0.37966005060043478 0.70021958747778956 0.15736872763584925 3.2791623941660926 -0.63793595096004452 -7.3262496958815495 0.52586975914362188 0.038555695164610881
decision_type=2 2 2 2 2 2 2 2 2 2 2 2 2
left_child=1 2 3 -1 8 11 -7 -4 12 -3 -10 -6 -2
right_child=4 9 7 -5 5 6 -8 -9 10 -11 -12 -13 -14
leaf_value=-0.0015160053260349527 -0.0046319003508892946 0.25972085786514681 -0.019652273680142995 0.0030393181821464954 -0.0053530920927227308 0.014659193315253996 -0.00638599396367775 3.5918957890681004e-05 0.0077281213853209229 0.0094715868014680731 -0.0044527767047462192 -0.018183330546023547 -0.0046028484827260897
leaf_weight=13323 31 32 53 7527 49 83 133 30 32 44 69 31 56
leaf_count=13323 31 32 53 7527 49 83 133 30 32 44 69 31 56
internal_value=-0.00021635 -2.99871e-05 -9.02881e-05 -2.8777e-05 -0.00830579 -0.00405405 0 -0.0155422 -0.015 0.0165789 -0.0080198 -0.015 -0.0231034
internal_weight=21493 21009 20933 20850 484 296 216 83 188 76 101 80 87
internal_count=21493 21009 20933 20850 484 296 216 83 188 76 101 80 87
is_linear=0
shrinkage=0.03


Tree=70
num_leaves=13
num_cat=0
split_feature=37 67 76 33 38 72 73 25 97 19 2 105
split_gain=34.9318 23.3791 22.7556 18.9044 16.9161 14.7796 11.0656 11.0622 10.9292 11.87 9.60784 8.1227
threshold=391.47500000000008 10.878508771929825 0.50892140507895534 3.5000000000000004 1.9843662930899237 3.5959210695754842 1.665671728199664 -0.63793595096004452 6.3935990346579645 8.1589265416417032 89.715125227368148 0.45430149577705653
decision_type=2 2 2 2 2 2 2 2 2 2 2 2
left_child=1 2 3 -1 -4 8 -7 -3 9 -2 -10 -8
right_child=5 7 4 -5 -6 6 11 -9 10 -11 -12 -13
leaf_value=0.0022820141959577277 -0.0051496379478702149 0.25192923212919244 -0.0077306718721557232 -0.0097737578078390848 -0.0014212315208629611 -0.00059301008062288601 -0.0021974260458644682 0.0091874391974240324 0.018875740480236786 0.0017550586593573197 -0.0055006206725836089 -0.007479280209256348
leaf_weight=9984 150 32 964 334 9651 46 37 44 51 43 34 123
leaf_count=9984 150 32 964 334 9651 46 37 44 51 43 34 123
internal_value=-0.000213558 -2.99871e-05 -9.02881e-05 0.000912968 -0.00106547 -0.00818182 -0.0142718 0.0165789 -0.00366906 -0.00761658 0.00529412 -0.018
internal_weight=21493 21009 20933 10318 10615 484 206 76 278 193 85 160
internal_count=21493 21009 20933 10318 10615 484 206 76 278 193 85 160
is_linear=0
shrinkage=0.03


Tree=71
num_leaves=14
num_cat=0
split_feature=0 100 42 119 61 7 102 158 100 64 90 79 19
split_gain=26.5443 23.5783 21.3914 23.3965 17.8049 16.1079 16.3031 12.9651 12.517 12.1233 14.1123 11.1293 5.39679
threshold=-0.21360860486835781 1.0909455758023185 0.42008001606158724 0.66891088188830039 0.49828435871641613 0.85190986396645185 2.0786453801886111 0.38750000000000007 0.6790722219717239 0.66604708798017354 4210.5000000000009 0.045497671209246172 3.0772231357224271
decision_type=2 2 2 2 2 2 2 2 2 2 2 2 2
left_child=8 2 4 -4 -2 6 -3 -7 9 10 -1 -10 -13
right_child=1 5 3 -5 -6 7 -8 -9 11 -11 -12 12 -14
leaf_value=-0.0064906607714837472 0.03309818332521642 0.0085484299759863991 -0.0041152742316778526 0.00046961377360739686 0.0019575093010987719 0.012383310737918211 -0.023681846990671773 0.036737341409815598 -0.0036526858809882343 0.018537672481800584 0.002284838726193417 -0.003620295787136817 -0.0044542474996813507
leaf_weight=101 126 191 7069 7375 5941 247 60 143 52 49 54 30 55
leaf_count=101 126 191 7069 7375 5941 247 60 143 52 49 54 30 55
internal_value=-0.000230308 -9.64448e-05 -0.000273512 -0.000901412 0.00122136 0.00556942 -0.000358566 0.00938462 -0.00853372 -0.00382353 -0.00793548 -0.0155474 -0.0222353
internal_weight=21493 21152 20511 14444 6067 641 251 390 341 204 155 137 85
internal_count=21493 21152 20511 14444 6067 641 251 390 341 204 155 137 85
is_linear=0
shrinkage=0.03


Tree=72
num_leaves=15
num_cat=0
split_feature=37 37 2 92 37 149 144 54 3 100 23 24 54 63
split_gain=35.7791 21.856 34.3005 32.0462 29.2779 27.8747 30.7729 28.6975 18.3643 13.1327 17.2922 12.1516 10.287 2.73384
threshold=391.47500000000008 191.15833333333333 99.369333760903686 7.4893317262006533 307.10833333333341 6.5000000000000009 7.750383761162289 0.038267602280455081 0.9804573049580767 0.75524864724729956 -0.55172143806585117 -2.282132016011202 0.26371621947814955 0.43226559893226563
decision_type=2 2 2 2 2 2 2 2 2 2 2 2 2 2
left_child=1 5 4 -4 -3 7 -7 -1 11 10 -10 12 -2 -13
right_child=8 2 3 -5 -6 6 -8 -9 9 -11 -12 13 -14 -15
leaf_value=-0.007549887295167701 -0.0038810304408094178 0.0035786216134542424 0.099964638391444732 0.0028780161322365227 -0.0025444441391616114 -0.0030806580839929064 -0.013966070610932309 0.0077864820655436763 -0.00056341392406339115 0.027696018240385034 -0.014105524356776462 -0.0042443536053731008 -0.002236130216167699 -0.0051604634862914295
leaf_weight=209 33 6863 139 131 5166 6705 298 1498 206 36 54 39 72 44
leaf_count=209 33 6863 139 131 5166 6705 298 1498 206 36 54 39 72 44
internal_value=-0.000241474 -5.56904e-05 0.000758598 0.0113333 0.00052124 -0.00120551 -0.00204341 0.00223199 -0.00830579 -0.00364865 -0.006 -0.0156383 -0.00885714 -0.0242169
internal_weight=21493 21009 12299 270 12029 8710 7003 1707 484 296 260 188 105 83
internal_count=21493 21009 12299 270 12029 8710 7003 1707 484 296 260 188 105 83
is_linear=0
shrinkage=0.03


Tree=73
num_leaves=15
num_cat=0
split_feature=37 86 30 148 51 95 30 75 72 24 84 108 96 107
split_gain=32.7681 22.0418 18.952 30.1827 18.3876 27.9316 21.9939 17.6076 16.0075 12.2798 13.8895 10.1582 20.623 4.93826
threshold=391.47500000000008 2.3114123294833564 0.93009711727570099 -3.8171529951001122 1950.0000000000002 2.5329091786398319 1.6115256631212718 0.75500000000000012 3.5959210695754842 -0.7995331383502996 2.4777465232520997 0.15909490182304489 3.5423243597438652 0.4255160648869199
decision_type=2 2 2 2 2 2 2 2 2 2 2 2 2 2
left_child=1 4 3 -3 6 -6 -1 -4 9 10 -2 13 -13 -10
right_child=8 2 7 -5 5 -7 -8 -9 11 -11 -12 12 -14 -15
leaf_value=-0.0033572565340554083 -0.003695035394707483 -0.001091074684162957 0.0015390419960113321 0.012122805015644889 -0.00056062206391872262 -0.011225575236574737 0.0026083324176336569 -0.007198652789805411 -0.0059599691317818561 -0.013199884924403866 0.0020519406273098559 0.00062997055829775166 -0.010593375804187172 -0.0024354184039700878
leaf_weight=6142 49 1288 5847 2001 642 566 3468 1055 59 58 171 76 41 30
leaf_count=6142 49 1288 5847 2001 642 566 3468 1055 59 58 171 76 41 30
internal_value=-0.00021635 -3.85549e-05 0.000962614 0.00283673 -0.000981697 -0.0044702 -0.000543184 6.95451e-05 -0.00793388 -0.00323741 0 -0.0142718 -0.00846154 -0.0219101
internal_weight=21493 21009 10191 3289 10818 1208 9610 6902 484 278 220 206 117 89
internal_count=21493 21009 10191 3289 10818 1208 9610 6902 484 278 220 206 117 89
is_linear=0
shrinkage=0.03


Tree=74
num_leaves=14
num_cat=0
split_feature=37 97 67 73 3 115 149 10 17 100 23 149 62
split_gain=30.6507 21.3158 20.2917 19.8776 16.7121 15.9344 13.857 13.446 12.6714 12.5132 15.8375 9.42177 12.2243
threshold=391.47500000000008 1.4031112276925706 10.878508771929825 4.3225947210431963 0.9804573049580767 6.5000000000000009 62.500000000000007 7.3639403855108254 -1.5713673992992587 0.75524864724729956 -0.55172143806585117 11.500000000000002 0.32956791813738551
decision_type=2 2 2 2 2 2 2 2 2 2 2 2 2
left_child=1 5 3 -3 11 6 -1 -4 -7 10 -6 -2 -13
right_child=4 2 7 -5 9 8 -8 -9 -10 -11 -12 12 -14
leaf_value=-0.0060885974905720676 -0.0022539974433060501 -0.00060671989141336752 0.30511936067314116 0.0042768628729890172 -0.00048789107877441061 -0.0089531257102190235 -0.018792179812451289 0.00044212566063653758 0.006301747892024076 0.027032356857629898 -0.013482912552271182 -0.00042954955100036051 -0.0043062591027632734
leaf_weight=1822 53 13233 42 4958 206 185 82 34 653 36 54 30 105
leaf_count=1822 53 13233 42 4958 206 185 82 34 653 36 54 30 105
internal_value=-0.000221933 -4.99786e-05 0.00032025 0.000255621 -0.00768595 -0.00251641 -0.00403361 0.0157895 0.000930788 -0.00324324 -0.00553846 -0.0146809 -0.0188889
internal_weight=21493 21009 18267 18191 484 2742 1904 76 838 296 260 188 135
internal_count=21493 21009 18267 18191 484 2742 1904 76 838 296 260 188 135
is_linear=0
shrinkage=0.03


Tree=75
num_leaves=14
num_cat=0
split_feature=37 38 37 40 3 3 43 76 109 69 158 76 52
split_gain=32.7681 21.0009 24.3286 30.0365 26.7071 15.5484 14.7461 14.6384 14.6317 11.8582 14.5834 10.1002 8.43509
threshold=391.47500000000008 2.065131442325594 199.37500000000003 6.3689538058614241 1.5631824051883962 0.9804573049580767 0.20259973865081896 0.48675839739178045 1.0315744253393759 3.4515204825333003 0.58571428571428574 0.46624856041153445 315.00000000000006
decision_type=2 2 2 2 2 2 2 2 2 2 2 2 2
left_child=1 6 3 -3 -4 11 7 -1 -8 10 -7 -2 -13
right_child=5 2 4 -5 -6 9 8 -9 -10 -11 -12 12 -14
leaf_value=0.02148751724090767 8.0142458313175449e-05 -0.0013543860524057988 0.0017659732389622063 -0.016593275889212774 0.044880715222853064 -0.001300769244661819 -0.0059934969436842584 -0.0020711826071611703 0.024084575378330662 0.0081679815077711684 -0.012178296259630662 -0.0032985055038035577 -0.0047759218917441046
leaf_weight=87 31 7960 10279 108 395 197 1968 143 69 48 51 83 74
leaf_count=87 31 7960 10279 108 395 197 1968 143 69 48 51 83 74
internal_value=-0.00021635 -3.85549e-05 0.000291324 -0.000951909 0.00123103 -0.00793388 -0.00276577 0.00443478 -0.00357879 -0.00364865 -0.00629032 -0.0146809 -0.0177707
internal_weight=21493 21009 18742 8068 10674 484 2267 230 2037 296 248 188 157
internal_count=21493 21009 18742 8068 10674 484 2267 230 2037 296 248 188 157
is_linear=0
shrinkage=0.03


Tree=76
num_leaves=15
num_cat=0
split_feature=37 76 62 4 86 104 135 58 73 57 7 57 52 99
split_gain=31.7006 21.081 18.6457 18.3307 23.151 21.1566 16.4705 17.0631 13.6869 12.6417 12.099 15.2749 12.92 9.01876
threshold=391.47500000000008 0.42116798674820793 0.32454528138586008 37.907083983445126 3.8597861740934749 16.655665988476994 104643.50000000001 5.8441283387727827 0.94850501082696181 0.12562198884079498 1.7610206825400712 0.10336313309551924 195.00000000000003 0.5452156081606867
decision_type=2 2 2 2 2 2 2 2 2 2 2 2 2 2
left_child=1 6 9 5 -5 -3 8 -8 -1 -2 12 -12 -4 -11
right_child=2 3 10 4 -6 -7 7 -9 -10 13 11 -13 -14 -15
leaf_value=0.03213690968436287 -0.0045733044369253052 -0.00223249336877038 -0.0017978299791335407 0.00040494059519156634 0.021539639477112654 0.024653971089145566 -0.012761842042764787 0.012920059833404333 0.0070905801647036431 0.037946545544725367 0.002072429573052014 -0.0036604628264730391 -0.007143661005414052 -1.8646234403933981e-05
leaf_weight=88 32 11768 56 5898 730 190 187 54 2094 33 94 111 128 30
leaf_count=88 32 11768 56 5898 730 190 187 54 2094 33 94 111 128 30
internal_value=-0.000219141 -4.42667e-05 -0.00780992 -0.000387388 0.000878093 -0.00108881 0.0025877 -0.00485477 0.00340972 0.00410526 -0.0107198 -0.00570732 -0.0163043 0.0119048
internal_weight=21493 21009 484 18586 6628 11958 2423 241 2182 95 389 205 184 63
internal_count=21493 21009 484 18586 6628 11958 2423 241 2182 95 389 205 184 63
is_linear=0
shrinkage=0.03


Tree=77
num_leaves=15
num_cat=0
split_feature=37 97 81 3 63 135 3 3 140 122 106 149 27 86
split_gain=32.7681 20.0207 21.4835 20.517 18.0894 17.6542 17.4873 17.0542 14.5911 14.2187 21.064 9.99119 9.39363 8.00333
threshold=391.47500000000008 1.4031112276925706 2.5000000000000004 1.9209942046140536 0.48488999584890002 27928.500000000004 2.1587634767512451 0.9804573049580767 159.50000000000003 0.37966005060043478 0.065214530815541003 11.500000000000002 2.1119788902062675 2.5598241136548343
decision_type=2 2 2 2 2 2 2 2 2 2 2 2 2 2
left_child=1 5 3 -3 -4 6 -1 11 -7 13 -11 -2 -13 -9
right_child=7 2 4 -5 -6 8 -8 9 -10 10 -12 12 -14 -15
leaf_value=-0.0077392940034533824 -0.0018817113359174678 0.0022932797350717071 -0.0029004345513623476 0.028245518274566901 0.0012771150006153796 0.0051628577151118056 0.013349943244481311 -0.00068767771954193941 -0.011823591272542717 0.014422757149003956 -0.005295565533969618 -0.0041760280619902975 -0.00075649877990154101 -0.014755410591721174
leaf_weight=1651 53 6350 6261 688 4968 863 92 30 136 71 145 104 31 50
leaf_count=1651 53 6350 6261 688 4968 863 92 30 136 71 145 104 31 50
internal_value=-0.00021635 -3.85549e-05 0.00032025 0.00161978 -0.000494256 -0.00242888 -0.00425129 -0.00793388 0.000750751 -0.00344595 0.000555556 -0.015 -0.0193333 -0.01425
internal_weight=21493 21009 18267 7038 11229 2742 1743 484 999 296 216 188 135 80
internal_count=21493 21009 18267 7038 11229 2742 1743 484 999 296 216 188 135 80
is_linear=0
shrinkage=0.03


Tree=78
num_leaves=13
num_cat=0
split_feature=37 18 4 37 86 3 100 23 92 59 148 79
split_gain=31.7239 20.2199 21.5255 26.5112 20.0479 16.125 15.7377 17.1517 11.9842 10.7598 9.68979 5.17411
threshold=391.47500000000008 15.964092694253287 37.907083983445126 213.65833333333333 9.2338318046424543 0.9804573049580767 0.61635957923741314 -0.55172143806585117 1.2391065893505062 3.2791623941660926 -7.3262496958815495 0.038555695164610881
decision_type=2 2 2 2 2 2 2 2 2 2 2 2
left_child=1 2 4 -4 -1 9 7 -7 -3 11 -11 -2
right_child=5 8 3 -5 -6 6 -8 -9 -10 10 -12 -13
leaf_value=-0.0014635605374787436 -0.0038500835044171914 -0.013102749543376377 -0.0028494128100545074 0.0053517930080314476 0.13654291987949818 -0.00096174385484914908 0.0058050473765365873 -0.013633881623835619 -0.016831761040458797 0.0079660417100498246 -0.0033329644638428308 -0.0035670653991299144
leaf_weight=13300 31 40 1944 5643 39 192 52 52 43 32 69 56
leaf_count=13300 31 40 1944 5643 39 192 52 52 43 32 69 56
internal_value=-0.00021635 -4.14108e-05 1.72035e-05 0.001293 -0.000708449 -0.00780992 -0.00344595 -0.00663934 -0.0148193 -0.0146809 -0.0080198 -0.0224138
internal_weight=21493 21009 20926 7587 13339 484 296 244 83 188 101 87
internal_count=21493 21009 20926 7587 13339 484 296 244 83 188 101 87
is_linear=0
shrinkage=0.03


Tree=79
num_leaves=15
num_cat=0
split_feature=37 76 85 51 3 107 12 135 107 107 99 112 59 148
split_gain=30.7424 20.4009 18.6799 18.0202 16.7121 15.5827 26.2255 16.2356 14.0302 22.3405 12.844 12.3639 10.7598 9.68979
threshold=391.47500000000008 0.50892140507895534 0.85487685930943103 570.00000000000011 0.9804573049580767 0.012109150843885091 8.079766690617685 8779.5000000000018 0.27434303274985994 0.11556950077240023 0.024101903807200138 4.593199330008761 3.2791623941660926 -7.3262496958815495
decision_type=2 2 2 2 2 2 2 2 2 2 2 2 2 2
left_child=1 2 10 -4 12 6 -3 -7 9 -6 -1 -10 -2 -14
right_child=4 5 3 -5 8 7 -8 -9 11 -11 -12 -13 13 -15
leaf_value=0.011111635181001424 -0.0036017507364667924 0.016575423079775869 3.9109307662730241e-05 0.0069271839611341757 -0.011904525106648127 -0.0058103985206839305 -0.026518300591724997 -0.00079674030136733678 -0.011299505417380208 0.0069894984757206203 -0.002243805675017667 0.0035367195031935747 0.0077270604587483293 -0.0032329755299275458
leaf_weight=103 87 433 2813 3925 62 3136 44 7044 85 118 3511 31 32 69
leaf_count=103 87 433 2813 3925 62 3136 44 7044 85 118 3511 31 32 69
internal_value=-0.000210766 -3.85549e-05 0.000909969 0.00184328 -0.00768595 -0.000959932 0.00433962 -0.00120825 -0.00324324 0.002 -0.000830105 -0.0113793 -0.0146809 -0.0080198
internal_weight=21493 21009 10352 6738 484 10657 477 10180 296 180 3614 116 188 101
internal_count=21493 21009 10352 6738 484 10657 477 10180 296 180 3614 116 188 101
is_linear=0
shrinkage=0.03


Tree=80
num_leaves=15
num_cat=0
split_feature=37 76 29 85 3 107 112 71 58 100 23 59 54 116
split_gain=29.799 19.9089 18.3493 17.1155 17.0698 14.48 20.1458 15.5828 14.1374 13.5687 13.2292 10.1421 8.991 3.9676
threshold=391.47500000000008 0.50892140507895534 2.8942743369546102 0.85487685930943103 0.96602725356866082 0.0073332546709436799 6.5115958817686126 3.8176038683452744 2.1441355723232816 0.7393897176372265 -0.55172143806585117 3.2791623941660926 0.26371621947814955 5.5000000000000009
decision_type=2 2 2 2 2 2 2 2 2 2 2 2 2 2
left_child=1 2 3 -1 11 6 -3 -7 -4 10 -6 13 -13 -2
right_child=4 5 8 -5 9 7 -8 -9 -10 -11 -12 12 -14 -15
leaf_value=-0.0010649067404204704 -0.0035103741510976992 0.018044677935399635 -0.018369288972463739 0.0043949504876372386 -0.00070165418128864232 -0.00094730013864391719 -0.017443969217155363 -0.0050139468517419261 -0.0064583494649580976 0.022764509232409056 -0.011355389963893191 -0.0031434473547019841 -0.0025383080723702127 -0.0032103036157512376
leaf_weight=3519 45 388 67 6624 211 7220 46 3003 142 37 57 30 67 37
leaf_count=3519 45 388 67 6624 211 7220 46 3003 142 37 57 30 67 37
internal_value=-0.000202391 -3.28431e-05 0.000904173 0.00108548 -0.00756198 -0.000943042 0.00442396 -0.00117089 -0.00789474 -0.0032459 -0.00559701 -0.0149162 -0.00835052 -0.0226829
internal_weight=21493 21009 10352 10143 484 10657 434 10223 209 305 268 179 97 82
internal_count=21493 21009 10352 10143 484 10657 434 10223 209 305 268 179 97 82
is_linear=0
shrinkage=0.03


Tree=81
num_leaves=14
num_cat=0
split_feature=37 42 86 57 139 61 30 19 62 27 0 109 0
split_gain=31.8172 20.2833 20.7934 25.0956 21.8578 16.8471 16.6581 13.9491 16.4959 17.6334 14.9485 9.00487 5.58525
threshold=391.47500000000008 0.42008001606158724 5.2128155195146979 0.45485478795448103 29537.500000000004 0.49828435871641613 0.39442854905046787 2.5702018387839218 0.32454528138586008 0.81683290343718706 0.10592769407115459 0.27990764599493495 0.17808432141359329
decision_type=2 2 2 2 2 2 2 2 2 2 2 2 2
left_child=1 5 4 -4 -3 11 -7 12 10 -10 -9 -1 -2
right_child=7 2 3 -5 -6 6 -8 8 9 -11 -12 -13 -14
leaf_value=0.013810405339625378 -0.0051771610481512742 -0.0012861674585331717 0.030948526819518755 -0.025403568453078267 -0.012768695043223513 -0.010656561083310562 0.0031539175030757768 -0.0013880100955903857 0.00029939809738519559 -0.0048770932904266956 0.045197118099926388 0.052818927686846782 -0.0072729575196922936
leaf_weight=84 59 14011 440 77 322 363 5668 47 120 193 35 44 30
leaf_count=84 59 14011 440 77 322 363 5668 47 120 193 35 44 30
internal_value=-0.000205183 -2.99871e-05 -0.000630303 0.00528046 -0.000843508 0.00141744 0.00118886 -0.00780992 -0.00539241 -0.00853035 0.00658537 0.0121875 -0.0185393
internal_weight=21493 21009 14850 517 14333 6159 6031 484 395 313 82 128 89
internal_count=21493 21009 14850 517 14333 6159 6031 484 395 313 82 128 89
is_linear=0
shrinkage=0.03


Tree=82
num_leaves=13
num_cat=0
split_feature=0 18 100 42 84 32 90 0 23 79 113 110
split_gain=23.3818 20.1032 19.8149 18.8809 15.8307 14.6211 14.4146 14.3755 12.4871 11.7773 11.1797 9.91006
threshold=-0.20434565288964412 15.964092694253287 1.0909455758023185 0.42008001606158724 2.6484768526324696 1.5000000000000002 4086.5000000000005 -0.018636743450957175 -0.7660287069963726 0.12109638704838106 3.0588102556130274 0.19689929947526374
decision_type=2 2 2 2 2 2 2 2 2 2 2 2
left_child=4 2 3 -2 8 6 -6 -4 11 -3 -10 -1
right_child=1 9 7 -5 5 -7 -8 -9 10 -11 -12 -13
leaf_value=-0.003040094472864836 0.0023324374376470082 -0.018621608439654703 -0.0044811152768944431 -0.0014148876930863085 -0.004529424191876792 0.0099842250203919982 0.0061811674273102345 0.023417407242022251 0.0185224053981764 -0.0014474644682055571 -0.0035515514254090062 -0.011890651793476311
leaf_weight=82 6015 50 207 14333 95 38 63 429 32 33 33 83
leaf_count=82 6015 50 207 14333 95 38 63 429 32 33 33 83
internal_value=-0.000224724 -8.40177e-05 -2.57339e-05 -0.000188716 -0.0071831 -0.000918367 -0.00493671 0.00518868 -0.0125217 -0.0148193 -0.00138462 -0.0169091
internal_weight=21493 21067 20984 20348 426 196 158 636 230 83 65 165
internal_count=21493 21067 20984 20348 426 196 158 636 230 83 65 165
is_linear=0
shrinkage=0.03


Tree=83
num_leaves=12
num_cat=0
split_feature=37 18 4 37 86 40 144 58 92 144 145
split_gain=31.4446 20.1262 20.3027 24.2302 20.0731 15.576 14.9996 15.6556 11.9842 7.49777 3.5846
threshold=391.47500000000008 15.964092694253287 37.907083983445126 213.65833333333333 9.2338318046424543 1.3315081244234241 10.091704151135071 1.1746276515319467 1.2391065893505062 2.7350972676954455 2.5936544539067543
decision_type=2 2 2 2 2 2 2 2 2 2 2
left_child=1 2 4 -4 -1 9 7 -7 -3 10 -2
right_child=5 8 3 -5 -6 6 -8 -9 -10 -11 -12
leaf_value=-0.0013485696220420279 -0.0026246019945419374 -0.012294254646869444 -0.0028600256107955122 0.0051066787586889978 0.1312209590758571 -0.013012375167679526 -0.0047105375747089834 -6.6955983444540456e-05 -0.015555254317706119 -0.0023080227194794442 -0.004979399585914146
leaf_weight=13300 31 40 1944 5643 39 42 32 292 43 38 49
leaf_count=13300 31 40 1944 5643 39 42 32 292 43 38 49
internal_value=-0.000249849 -7.56819e-05 -1.72035e-05 0.00122183 -0.000721943 -0.00780992 -0.0047541 -0.00287425 -0.0148193 -0.0172881 -0.0225
internal_weight=21493 21009 20926 7587 13339 484 366 334 83 118 80
internal_count=21493 21009 20926 7587 13339 484 366 334 83 118 80
is_linear=0
shrinkage=0.03


Tree=84
num_leaves=12
num_cat=0
split_feature=37 18 151 86 61 19 29 87 66 79 0
split_gain=29.5509 20.1574 19.9833 22.2042 20.5968 14.6013 11.9742 12.9643 12.201 11.7773 5.58525
threshold=391.47500000000008 15.964092694253287 0.98862989967938786 5.7109299531124265 0.70039969190972096 2.5702018387839218 0.95511102383644464 25527.500000000004 1.4845019845019847 0.12109638704838106 0.17808432141359329
decision_type=2 2 2 2 2 2 2 2 2 2 2
left_child=1 2 3 -1 -4 10 7 -7 -8 -3 -2
right_child=5 9 4 -5 -6 6 8 -9 -10 -11 -12
leaf_value=-0.00073087929622253633 -0.004830017598336722 -0.017645217551996432 0.070744681045469146 0.022561684662000907 0.0060283260529895768 0.015585812363319119 -0.0046382113562829404 -0.0035770819110529156 -0.0015628587211415322 -0.001035212894753309 -0.0069366268297685564
leaf_weight=19278 59 50 103 467 1078 48 112 64 171 33 30
leaf_count=19278 59 50 103 467 1078 48 112 64 171 33 30
internal_value=-0.000233099 -6.42582e-05 -5.73449e-06 -0.000232464 0.00378493 -0.00756198 -0.00508861 0.00321429 -0.00837456 -0.0148193 -0.0185393
internal_weight=21493 21009 20926 19745 1181 484 395 112 283 83 89
internal_count=21493 21009 20926 19745 1181 484 395 112 283 83 89
is_linear=0
shrinkage=0.03


Tree=85
num_leaves=13
num_cat=0
split_feature=37 18 4 73 86 3 84 63 112 92 64 104
split_gain=27.6724 20.173 18.9836 24.5797 19.9975 13.7338 17.3465 15.9051 15.7379 11.9842 9.38932 8.87077
threshold=391.47500000000008 15.964092694253287 37.907083983445126 0.91051988077926993 9.2338318046424543 0.96602725356866082 4.8369690690703919 0.57436275542447868 4.4996562590893383 1.2391065893505062 0.36787031012795496 0.39256871078752659
decision_type=2 2 2 2 2 2 2 2 2 2 2 2
left_child=1 2 4 -4 -1 10 7 -7 -8 -3 -2 -12
right_child=5 9 3 -5 -6 6 8 -9 -10 -11 11 -13
leaf_value=-0.001295063058767828 -0.00293819928330637 -0.011645220550762116 0.048172513989685264 0.0019064965149131806 0.12710348052199169 -0.00075571304877567131 -0.010624193286908877 0.01474265712388417 0.0023572278322323338 -0.014559240161615044 -0.00077675820189249286 -0.0079982890467234138
leaf_weight=13300 49 40 204 7383 39 82 118 34 71 43 100 30
leaf_count=13300 49 40 204 7383 39 82 118 34 71 43 100 30
internal_value=-0.000221933 -5.85463e-05 0 0.0011981 -0.00068146 -0.00731405 -0.00344262 0.00568966 -0.00904762 -0.0148193 -0.0139106 -0.00969231
internal_weight=21493 21009 20926 7587 13339 484 305 116 189 83 179 130
internal_count=21493 21009 20926 7587 13339 484 305 116 189 83 179 130
is_linear=0
shrinkage=0.03


Tree=86
num_leaves=13
num_cat=0
split_feature=37 67 59 15 45 3 15 158 64 149 73 15
split_gain=24.9082 20.9588 19.592 18.596 15.0063 14.2632 14.5609 14.112 10.9931 9.55771 7.85105 7.81785
threshold=391.47500000000008 0.24169696474529193 21.81437689978679 -4.507458878316954 0.78557158032101404 0.9804573049580767 0.7922815952029052 0.41428571428571431 0.36787031012795496 10.500000000000002 2.2902199116146673 -1.24989178219442
decision_type=2 2 2 2 2 2 2 2 2 2 2 2
left_child=1 4 3 -3 -1 8 11 -8 -2 -6 -10 -7
right_child=5 2 -4 -5 9 6 7 -9 10 -11 -12 -13
leaf_value=0.0090581217625849888 -0.0030454413381986278 -0.0053890999535359408 0.37039268870958975 0.00040164978051830392 -0.00012601022838419238 -0.00019394050215515934 0.0065034379314613013 -0.0043597556075276002 -0.0036807273630478578 -0.017169530830907994 -0.0019746099412825038 -0.0099712183076375253
leaf_weight=32 51 1919 40 18890 31 44 116 49 31 97 106 87
leaf_count=32 51 1919 40 18890 31 44 116 49 31 97 106 87
internal_value=-0.000213558 -5.85463e-05 2.44616e-05 -1.58585e-05 -0.010875 -0.00694215 -0.00283784 0.00309091 -0.0134043 -0.0154687 -0.0089781 -0.0103053
internal_weight=21493 21009 20849 20809 160 484 296 165 188 128 137 131
internal_count=21493 21009 20849 20809 160 484 296 165 188 128 137 131
is_linear=0
shrinkage=0.03


Tree=87
num_leaves=15
num_cat=0
split_feature=85 139 78 38 144 57 106 105 145 103 68 42 92 24
split_gain=20.429 20.2277 19.117 17.126 20.7053 16.9759 16.9301 14.7445 13.9449 13.7007 13.2035 13.0046 12.2182 10.7744
threshold=0.55858749554650189 66322.500000000015 27.500000000000004 2.065131442325594 0.96640027015315066 0.51613176713849118 0.021834144166417931 0.72504129498180869 3.0921473003369351 0.0038537748555542302 1.2240092640247042 0.30626461412439604 1.8414833936032695 -1.0126270874791554
decision_type=2 2 2 2 2 2 2 2 2 2 2 2 2 2
left_child=2 3 7 6 -5 9 -2 8 -1 -3 -4 -12 -7 -9
right_child=1 5 10 4 -6 12 -8 13 -10 -11 11 -13 -14 -15
leaf_value=-0.013288291248580142 0.017902708405531927 -0.020085214100817421 -0.007178266518528275 0.0094391272337123501 0.00041603365295633576 0.019136328930323358 -0.0042368447313104575 0.00074600590750443336 -0.00033078391762694727 0.0044501364019751306 0.023581596328132448 -0.0038377751078059064 -0.016782291810221721 0.018011060710260866
leaf_weight=227 89 101 229 728 16549 42 2047 227 550 30 49 450 35 140
leaf_count=227 89 101 229 728 16549 42 2047 227 550 30 49 450 35 140
internal_value=-0.000210766 7.49197e-05 -0.00320513 0.000174625 0.000487932 -0.00923077 -0.00235955 -0.000786713 -0.00312741 -0.0158015 -0.00700549 -0.00426854 0.00194805 0.00416894
internal_weight=21493 19621 1872 19413 17277 208 2136 1144 777 131 728 499 77 367
internal_count=21493 19621 1872 19413 17277 208 2136 1144 777 131 728 499 77 367
is_linear=0
shrinkage=0.03


Tree=88
num_leaves=14
num_cat=0
split_feature=37 2 73 73 37 116 35 146 79 18 107 107 28
split_gain=22.2699 19.7447 26.3294 24.2589 27.0553 24.092 22.73 22.39 10.8834 11.7359 8.89551 9.54123 3.20861
threshold=391.47500000000008 97.628662238702603 2.768637635436042 4.3225947210431963 139.04166666666666 20.500000000000004 2.5000000000000004 2.1453529945340191 0.005474906715401134 -0.098826021131761879 0.62530658317797183 0.05657497560354411 1.7276395074245736
decision_type=2 2 2 2 2 2 2 2 2 2 2 2 2
left_child=1 3 6 5 -5 -1 -3 -4 9 -2 11 -10 -12
right_child=8 2 7 4 -6 -7 -8 -9 10 -11 12 -13 -14
leaf_value=-0.0015760985663591008 0.023985288117749852 0.016674984160660999 0.033026157098453461 -0.0062274776110995411 0.0051814628533756422 -0.015745749500234489 -0.019846663574264619 -0.0082082737953021595 -0.0095955048462770687 -0.0064455504628069928 -0.0052523508058146219 -0.0014938010171331052 -0.0057040973614360547
leaf_weight=13295 40 1331 126 942 4536 133 53 593 35 45 33 296 35
leaf_count=13295 40 1331 126 942 4536 133 53 593 35 45 33 296 35
internal_value=-0.000207975 -6.14023e-05 0.00269615 -0.000368137 0.00131435 -0.00105451 0.00511561 -0.00196106 -0.00657025 0.00317647 -0.00864662 -0.00661631 -0.0185294
internal_weight=21493 21009 2103 18906 5478 13428 1384 719 484 85 399 331 68
internal_count=21493 21009 2103 18906 5478 13428 1384 719 484 85 399 331 68
is_linear=0
shrinkage=0.03


Tree=89
num_leaves=13
num_cat=0
split_feature=37 38 58 136 37 90 148 55 19 144 17 83
split_gain=20.6809 18.552 21.2422 20.975 19.1521 15.9771 21.7956 13.3068 12.5931 10.661 13.2365 5.46846
threshold=391.47500000000008 2.1139256804085735 0.33323339219431153 802.50000000000011 199.37500000000003 2401.5000000000005 -10.473969743286691 0.38389587548654824 2.5702018387839218 10.091704151135071 6.0068785563707499 11.12982641298481
decision_type=2 2 2 2 2 2 2 2 2 2 2 2
left_child=1 5 3 -3 -4 7 -7 -1 11 10 -10 -2
right_child=8 2 4 -5 -6 6 -8 -9 9 -11 -12 -13
leaf_value=-0.0092173046369488122 -0.0064035152373254235 0.050766965043840484 -0.001787288449521438 -0.0078204678722758308 0.0018901564432295592 0.042147184644937073 -0.00059847999204494463 -0.00095040318352523131 -0.0013973328559987871 -0.0043444179844460027 0.018835687288539123 -0.0028729777742787788
leaf_weight=1074 55 159 7849 61 10421 59 649 737 318 32 45 34
leaf_count=1074 55 159 7849 61 10421 59 649 737 318 32 45 34
internal_value=-0.000191225 -4.99786e-05 0.00027907 0.00954545 0.000167488 -0.00246526 0.00135593 -0.00395914 -0.00632231 -0.00402532 -0.00256198 -0.0165169
internal_weight=21493 21009 18490 220 18270 2519 708 1811 484 395 363 89
internal_count=21493 21009 18490 220 18270 2519 708 1811 484 395 363 89
is_linear=0
shrinkage=0.03


Tree=90
num_leaves=15
num_cat=0
split_feature=81 30 31 79 150 15 16 55 30 106 48 27 149 63
split_gain=17.5386 20.6829 19.7107 19.7086 19.6807 33.8939 18.7234 22.2347 22.0108 20.2784 17.6904 16.1217 14.772 17.0256
threshold=2.5000000000000004 0.93778981415109708 1.0000000180025095e-35 0.97700845665961955 9.5000000000000018 0.55385476246056331 6.4494658415615573 1.0000000180025095e-35 0.34921234797672379 0.053603449849683564 27.500000000000004 0.66778624064745384 17.500000000000004 0.30519724013799315
decision_type=2 2 2 2 2 2 2 2 2 2 2 2 2 2
left_child=1 4 11 -4 5 -1 7 8 -2 -9 -6 -3 -8 -14
right_child=6 2 3 -5 10 -7 12 9 -10 -11 -12 -13 13 -15
leaf_value=0.00023220145991883489 -0.012974645870193148 -0.0034295147712160774 -0.0036191594590273598 0.023811871283277546 0.0025795665781190901 0.046812945586891849 -0.017759787450429068 0.00086807305491634233 0.01044847788710165 -0.0031904723362454045 -0.020351799780811176 0.0054097588653001958 -0.012781107553709469 -0.0013567256530794757
leaf_weight=419 40 682 2771 118 1449 504 149 4186 912 7529 82 2227 69 356
leaf_count=419 40 682 2771 118 1449 504 149 4186 912 7529 82 2227 69 356
internal_value=-0.000191225 0.000894329 -8.27872e-05 -0.00183801 0.00320293 0.00666306 -0.000867759 -0.000627615 0.00378151 -0.000985915 0.00111692 0.00166036 -0.00616725 -0.00331765
internal_weight=21493 8252 5798 2889 2454 923 13241 12667 952 11715 1531 2909 574 425
internal_count=21493 8252 5798 2889 2454 923 13241 12667 952 11715 1531 2909 574 425
is_linear=0
shrinkage=0.03


Tree=91
num_leaves=14
num_cat=0
split_feature=37 76 3 56 28 38 144 28 19 144 68 46 149
split_gain=19.0602 18.0926 15.8382 17.0336 15.5622 15.4582 16.4148 13.4246 10.1439 10.863 11.6989 7.74078 4.76471
threshold=391.47500000000008 0.50892140507895534 2.0116336621261897 1.5706808512990362 2.2094372776476789 1.9843662930899237 0.96640027015315066 2.0521412565169634 2.6480097155086573 10.091704151135071 4.4124040920716121 1.3060200668896325 14.500000000000002
decision_type=2 2 2 2 2 2 2 2 2 2 2 2 2
left_child=1 2 3 -1 -4 7 -7 -3 11 10 -10 12 -2
right_child=8 5 4 -5 -6 6 -8 -9 9 -11 -12 -13 -14
leaf_value=0.001110804666544527 -0.0047071992103919118 -0.0048499628132991114 0.016725980002248744 -0.017274705436844198 -0.018768793809701562 0.0082951252007492128 -0.0016004685400803974 -0.01604328727844492 -0.0012532683933897315 -0.0039758831524408225 0.015973115171612116 -0.0009593596508274281 -0.0075792859503282716
leaf_weight=9471 34 850 737 109 35 415 9278 114 308 32 46 30 34
leaf_count=9471 34 850 737 109 35 415 9278 114 308 32 46 30 34
internal_value=-0.000188433 -5.28345e-05 0.000840417 0.000507307 0.00497409 -0.000920522 -0.000560198 -0.00454357 -0.00607438 -0.00388601 -0.00237288 -0.0146939 -0.0202941
internal_weight=21493 21009 10352 9580 772 10657 9693 964 484 386 354 98 68
internal_count=21493 21009 10352 9580 772 10657 9693 964 484 386 354 98 68
is_linear=0
shrinkage=0.03


Tree=92
num_leaves=13
num_cat=0
split_feature=86 72 28 40 151 52 39 91 147 69 71 148
split_gain=17.6612 21.8765 21.7223 16.7633 24.4309 18.9529 16.1098 24.1598 21.2845 14.1807 15.7503 10.6778
threshold=2.1063915745794843 13.841939871873713 0.67684890640606399 2.2119742920606256 0.9630139065909501 765.00000000000011 3.5000000000000004 0.49980822494599331 33.62763945867249 1.6538352272727275 2.1812876509054866 4.8533053604861118
decision_type=2 2 2 2 2 2 2 2 2 2 2 2
left_child=2 6 9 4 -4 -5 8 -8 -2 11 -11 -1
right_child=1 -3 3 5 -6 -7 7 -9 -10 10 -12 -13
leaf_value=-0.018038613133156845 0.0044568606383433218 -0.020642233077543853 -0.00088864434364604777 -0.003556180640171006 0.016185347686845285 -0.014655205550931119 -0.0052688293803340317 0.0016393265252035382 0.047677824996524593 0.025272290272742984 -0.012933570807037297 -0.00064219147685187663
leaf_weight=90 422 35 5921 2174 379 93 1578 10571 116 30 54 30
leaf_count=90 422 35 5921 2174 379 93 1578 10571 116 30 54 30
internal_value=-0.000171684 0.000542368 -0.00120739 -0.000977005 -0.000180952 -0.00318924 0.000607709 0.000382748 0.00568773 -0.0108824 -0.00142857 -0.0175
internal_weight=21493 12722 8771 8567 6300 2267 12687 12149 538 204 84 120
internal_count=21493 12722 8771 8567 6300 2267 12687 12149 538 204 84 120
is_linear=0
shrinkage=0.03


Tree=93
num_leaves=15
num_cat=0
split_feature=0 122 99 107 108 119 15 62 94 114 48 110 59 56
split_gain=17.7755 22.6383 26.5069 25.9952 23.9028 21.8958 19.0857 18.8383 18.8089 45.7027 54.0309 32.4787 20.0018 17.1456
threshold=-0.085546043306492528 0.45025736560041679 0.28997055243049752 0.040452068537268702 1.357222537908809 0.37329669136511617 2.5965255065838959 0.99798792756539245 5.2960409127272579 7.1185639726900396 26.500000000000004 0.085110886692013651 21.81437689978679 1.6025469599593369
decision_type=2 2 2 2 2 2 2 2 2 2 2 2 2 2
left_child=1 2 7 5 -5 -3 -4 -1 12 10 -10 -11 13 -2
right_child=8 3 6 4 -6 -7 -8 -9 9 11 -12 -13 -14 -15
leaf_value=0.010333894048992839 -0.00020873743863183969 0.055613052640524047 0.00078255821445363631 -0.0051281006449731123 -0.013308795801041754 0.002471391396547856 -0.010357852695725178 0.047004483344216065 0.029909380674838899 -0.012682287755623056 -0.016424537840922265 0.0038534640362805558 0.35781713269505816 -0.015647152649819709
leaf_weight=335 12716 51 1366 3014 36 274 332 37 923 534 194 1489 40 152
leaf_count=335 12716 51 1366 3014 36 274 332 37 923 534 194 1489 40 152
internal_value=-0.000177267 -0.0016584 0.000811594 -0.00317333 -0.00403279 0.00489231 -0.000777385 0.00806452 0.000325274 0.00240764 0.00727842 -0.00028176 -0.000181283 -0.000247125
internal_weight=21493 5445 2070 3375 3050 325 1698 372 16048 3140 1117 2023 12908 12868
internal_count=21493 5445 2070 3375 3050 325 1698 372 16048 3140 1117 2023 12908 12868
is_linear=0
shrinkage=0.03


Tree=94
num_leaves=12
num_cat=0
split_feature=67 37 105 37 55 28 147 45 141 149 1
split_gain=17.8197 17.5064 36.254 32.0238 32.0125 30.8461 20.5311 13.2341 9.4669 9.07836 8.91698
threshold=0.24169696474529193 326.66666666666669 0.26921749353383356 191.15833333333333 0.65028080863233395 2.4432400341879883 14.868785301884065 0.78557158032101404 15.500000000000002 12.500000000000002 71.577376200508624
decision_type=2 2 2 2 2 2 2 2 2 2 2
left_child=7 3 10 5 -5 -2 -4 -1 -9 -10 -3
right_child=1 2 6 4 -6 -7 -8 8 9 -11 -12
leaf_value=0.009407314026338388 -0.00094467140737700453 0.0047406486023071383 -0.014848774776281473 0.00095479710093061886 0.011393184693123769 -0.010575750233950241 -0.0023696112389139587 -0.0059793422983075509 -0.0035126154517538832 -0.017403079771041729 0.047739617721916892
leaf_weight=32 8203 48 152 6048 2028 418 4359 53 32 53 67
leaf_count=32 8203 48 152 6048 2028 418 4359 53 32 53 67
internal_value=-0.000207975 -0.000130845 -0.00176394 0.000321615 0.00167905 -0.000950006 -0.00218798 -0.00988235 -0.013913 -0.0201176 0.0148696
internal_weight=21493 21323 4626 16697 8076 8621 4511 170 138 85 115
internal_count=21493 21323 4626 16697 8076 8621 4511 170 138 85 115
is_linear=0
shrinkage=0.03


Tree=95
num_leaves=10
num_cat=0
split_feature=18 81 8 55 30 86 31 63 96
split_gain=19.7649 17.948 20.3333 22.1594 19.9016 20.3035 17.5203 16.7204 11.7773
threshold=15.964092694253287 2.5000000000000004 6.4678006576631555 1.0000000180025095e-35 0.93778981415109708 2.2970902951740673 1.0000000180025095e-35 0.31951603665521194 1.4041132567470511
decision_type=2 2 2 2 2 2 2 2 2
left_child=1 4 3 -3 5 -1 -6 -4 -2
right_child=8 2 7 -5 6 -7 -8 -9 -10
leaf_value=-0.00060315190241145623 -0.00073845153428086065 0.0078860614216083591 -0.014296791970610805 -0.0015377573845721025 0.0032753308500193166 0.014440557700150243 -0.0024142079915629999 -0.006622979245583911 -0.015217411517853149
leaf_weight=897 33 945 139 11641 2892 1543 2880 473 50
leaf_count=897 33 945 139 11641 2892 1543 2880 473 50
internal_value=-0.000207975 -0.000151331 -0.00083649 -0.000576831 0.00094983 0.00322131 -1.0395e-05 -0.00617647 -0.0148193
internal_weight=21493 21410 13198 12586 8212 2440 5772 612 83
internal_count=21493 21410 13198 12586 8212 2440 5772 612 83
is_linear=0
shrinkage=0.03


Tree=96
num_leaves=15
num_cat=0
split_feature=78 2 15 67 15 51 23 23 8 30 63 51 108 13
split_gain=17.2 19.6611 21.6239 40.2575 32.5769 17.5777 34.3468 28.8333 19.4245 25.1308 17.7634 17.1345 16.3468 19.6731
threshold=3.5000000000000004 96.668348469559376 3.6609353639938305 3.6129842762198092 -0.096417083860587893 1950.0000000000002 -2.0911732089447859 -1.2729078653557357 6.4678006576631555 3.3782450756513804 0.49657518179685672 2670.0000000000005 0.045318624935966591 7.914458732903781
decision_type=2 2 2 2 2 2 2 2 2 2 2 2 2 2
left_child=1 12 4 -4 -3 8 11 -8 9 -2 -10 -7 13 -1
right_child=5 2 3 -5 -6 6 7 -9 10 -11 -12 -13 -14 -15
leaf_value=-0.0033815440434420575 -0.00027379966985091039 0.0035345719030311093 0.027370127605289219 -0.037112262859879543 0.068763589028457403 -0.0062231487368923566 0.01181216345050911 -0.0039465410133849629 -0.012477442401255045 0.021094520972622623 -0.00045841994612450421 -0.014612844854437748 0.0044874720842361876 -0.02849033143132209
leaf_weight=527 14803 334 85 56 330 453 408 745 374 262 377 227 2430 82
leaf_count=527 14803 334 85 56 330 453 408 745 374 262 377 227 2430 82
internal_value=-0.000210766 0.0016077 0.0057764 -0.00489362 0.00804217 -0.000606833 -0.00338789 -0.000234172 -0.000284522 -4.97843e-05 -0.00499334 -0.00873529 0.000503455 -0.00389163
internal_weight=21493 3844 805 141 664 17649 1833 1153 15816 15065 751 680 3039 609
internal_count=21493 3844 805 141 664 17649 1833 1153 15816 15065 751 680 3039 609
is_linear=0
shrinkage=0.03


Tree=97
num_leaves=9
num_cat=0
split_feature=149 28 8 107 107 90 97 137
split_gain=16.7912 16.6711 25.3122 27.5941 22.8207 39.0754 23.5425 16.6233
threshold=106.50000000000001 2.2930579649390128 3.2498468155851454 0.74467750890178641 0.31500951010134609 2455.5000000000005 10.872423002982911 1512.5000000000002
decision_type=2 2 2 2 2 2 2 2
left_child=1 4 3 -3 6 -6 -1 -4
right_child=-2 2 7 -5 5 -7 -8 -9
leaf_value=0.0021398377777610555 -0.016344685857975969 -0.004128617818736865 -0.013011515117106324 0.017365418919338196 -0.0058088969374869787 0.001500160193675386 -0.012764865108611594 0.0062239699453115974
leaf_weight=10598 49 1096 311 297 3972 4907 213 50
leaf_count=10598 49 1096 311 297 3972 4907 213 50
internal_value=-0.000213558 -0.000173475 -0.00297605 -0.00114142 7.61808e-05 -0.00105079 0.00100176 -0.0100554
internal_weight=21493 21444 1754 1393 19690 8879 10811 361
internal_count=21493 21444 1754 1393 19690 8879 10811 361
is_linear=0
shrinkage=0.03


Tree=98
num_leaves=14
num_cat=0
split_feature=37 105 37 2 92 28 40 97 119 22 73 3 95
split_gain=16.1702 32.248 31.6553 27.7825 41.1849 27.1229 26.8622 25.9357 22.5022 20.6736 20.0169 10.3341 3.26667
threshold=326.66666666666669 0.26921749353383356 191.15833333333333 99.369333760903686 7.4893317262006533 2.4432400341879883 6.3689538058614241 4.3349107176033099 0.34827148614539322 1.0000000180025095e-35 4.0510636170511534 0.99238854494809192 3.1100788151565752
decision_type=2 2 2 2 2 2 2 2 2 2 2 2 2
left_child=2 11 5 7 -5 6 -1 -4 -7 -3 -11 12 -2
right_child=1 9 3 4 -6 8 -8 -9 -10 10 -12 -13 -14
leaf_value=-0.00076859344756585735 0.033989781952275235 0.027280154925346651 5.5677395128210793e-05 0.10905174778923403 -0.0011189644344289551 0.0037125509459167041 -0.015207616276018387 0.0090017316776663716 -0.013551059506975291 -0.005156760595884706 0.0005652769216269993 0.049715057562389468 -0.0006571271066465299
leaf_weight=8187 30 31 5234 110 111 120 105 2676 298 3017 1486 58 30
leaf_count=8187 30 31 5234 110 111 120 105 2676 298 3017 1486 58 30
internal_value=-0.000188433 -0.00175408 0.000244047 0.00159021 0.0120814 -0.00101263 -0.000636758 0.00129709 -0.0084689 -0.00215704 -0.00232512 0.0137288 0.005
internal_weight=21493 4652 16841 8131 221 8710 8292 7910 418 4534 4503 118 60
internal_count=21493 4652 16841 8131 221 8710 8292 7910 418 4534 4503 118 60
is_linear=0
shrinkage=0.03


Tree=99
num_leaves=15
num_cat=0
split_feature=76 3 108 110 56 100 8 77 54 107 55 64 91 38
split_gain=16.3487 15.423 18.4846 21.6467 15.2968 15.2604 14.9487 14.4416 13.9086 13.634 13.4698 12.2052 11.89 10.4143
threshold=0.50892140507895534 2.0116336621261897 0.40942900470874871 0.3309173421702119 1.5706808512990362 1.3937764188528481 -0.72265828014314459 9.392777972711345 0.91029705388189142 0.012109150843885091 1.0000000180025095e-35 0.63661757237176242 1.0466678671667153 4.3315530628939412
decision_type=2 2 2 2 2 2 2 2 2 2 2 2 2 2
left_child=1 4 6 -4 10 7 -3 9 12 -2 -1 -9 -7 -6
right_child=5 2 3 -5 13 8 -8 11 -10 -11 -12 -13 -14 -15
leaf_value=0.007808893809271765 0.0081092222424492821 0.04471500322453182 0.017816241852867429 -0.017561953016269019 -0.017274932291804903 -0.0041442999080148193 0.014800736907931654 0.0043505190195659658 -0.023101794653458827 -0.0026634087017276542 0.00011019723966361305 0.026439054565250242 0.041027535528859002 0.0023479549922878922
leaf_weight=799 469 104 67 79 80 53 530 203 32 9976 8890 53 126 32
leaf_count=799 469 104 67 79 80 53 530 203 32 9976 8890 53 126 32
internal_value=-0.000207975 0.000632265 0.00469231 -0.00493151 0.000309152 -0.00102273 0.00690852 -0.00118026 0.00696682 -0.0013528 0.000436578 0.00585938 0.0102235 -0.0107143
internal_weight=21493 10581 780 146 9801 10912 634 10701 211 10445 9689 256 179 112
internal_count=21493 10581 780 146 9801 10912 634 10701 211 10445 9689 256 179 112
is_linear=0
shrinkage=0.03


Tree=100
num_leaves=14
num_cat=0
split_feature=42 149 73 4 30 143 114 55 68 55 58 0 49
split_gain=16.9758 19.292 23.7394 33.7855 22.474 21.8474 24.2985 20.8909 16.3097 15.0306 16.3327 13.4383 7.60415
threshold=0.42008001606158724 62.500000000000007 4.3225947210431963 36.068159722727792 2.7991855885541042 5.0392937913187472 1.0444063546833176 0.97056874939066484 0.46687898089171981 0.036764176760516694 1.8299660480398929 -0.027508721745435716 0.53425984039853935
decision_type=2 2 2 2 2 2 2 2 2 2 2 2 2
left_child=8 2 4 -4 -2 7 -7 -3 12 10 -10 -11 -1
right_child=1 5 3 -5 -6 6 -8 -9 9 11 -12 -13 -14
leaf_value=0.010850595171792061 -0.0016006467957437609 -0.017277420467260152 -0.0015430792952720461 0.012176450352047622 -0.014561771877488054 0.029379844922202122 -0.0033372991515161175 0.011054775761941407 -0.0050449423576168773 -0.0016260108929273419 0.015823289899607709 0.0037189832281557898 0.04224026659108799
leaf_weight=33 10292 319 2136 1690 147 46 571 39 185 2737 553 2705 40
leaf_count=33 10292 319 2136 1690 147 46 571 39 185 2737 553 2705 40
internal_value=-0.000207975 -0.000748031 -0.00046898 0.00155254 -0.00120989 -0.00483077 -0.00141005 -0.0107263 0.00110827 0.000941748 0.00495935 0.000396913 0.0152055
internal_weight=21493 15240 14265 3826 10439 975 617 358 6253 6180 738 5442 73
internal_count=21493 15240 14265 3826 10439 975 617 358 6253 6180 738 5442 73
is_linear=0
shrinkage=0.03


Tree=101
num_leaves=15
num_cat=0
split_feature=76 135 42 87 25 120 59 146 58 86 110 51 100 147
split_gain=16.3306 16.9669 16.905 17.2312 17.1998 16.8706 15.2328 14.7088 14.5745 14.229 12.6191 12.5175 10.6843 9.68508
threshold=0.42116798674820793 104643.50000000001 0.42823385264251862 36913.500000000007 -10.492906186421509 0.37123314162714832 12.227847439968382 2.7030721645188565 5.8441283387727827 1.4648978482756914 0.41211057732775952 1770.0000000000002 0.16103493526120669 13.171076449475061
decision_type=2 2 2 2 2 2 2 2 2 2 2 2 2 2
left_child=1 9 3 5 11 -2 -6 -5 13 12 -11 -4 -1 -3
right_child=2 8 4 7 6 -7 -8 -9 -10 10 -12 -13 -14 -15
leaf_value=0.013307616992605513 -0.0093107841086734981 0.0048030804928709805 0.00063253356937717367 0.011945553139292126 -0.0016785236413230276 0.00055745847058204397 0.028583578086538591 0.00089697162343954303 0.010471799783272229 0.010048912988479703 -0.00087945054259031203 -0.015096274599580456 -0.011602180263707738 -0.016838489361898846
leaf_weight=32 386 46 45 817 13302 3209 144 1037 55 1553 524 82 118 143
leaf_count=32 386 46 45 817 13302 3209 144 1037 55 1553 524 82 118 143
internal_value=-0.000194017 0.00210036 -0.000492062 0.000919435 -0.00105872 -0.000292072 -0.000954931 0.00326861 -0.00540984 0.00292322 0.00356765 -0.0120472 -0.006 -0.00936508
internal_weight=21493 2471 19022 5449 13573 3595 13446 1854 244 2227 2077 127 150 189
internal_count=21493 2471 19022 5449 13573 3595 13446 1854 244 2227 2077 127 150 189
is_linear=0
shrinkage=0.03


Tree=102
num_leaves=15
num_cat=0
split_feature=15 61 62 108 59 110 23 114 119 39 52 138 9 110
split_gain=16.6455 24.1519 20.5401 29.9634 29.5624 25.7515 25.0412 21.9906 18.7988 17.321 16.5717 13.0687 18.0536 13.9149
threshold=-4.507458878316954 1.2499544797013893 0.505848850692313 0.33587841345685626 21.81437689978679 0.49350534852219607 -4.2118660693625687 4.1797676466972442 0.76294376084084159 3.5000000000000004 675.00000000000011 2677.5000000000005 3.0336173807096478 0.040900421449605893
decision_type=2 2 2 2 2 2 2 2 2 2 2 2 2 2
left_child=1 11 4 7 5 -2 -5 -4 9 -3 -10 13 -13 -1
right_child=2 8 3 6 -6 -7 -8 -9 10 -11 -12 12 -14 -15
leaf_value=-0.0011285724170649802 0.0042329795982736047 0.018669067648507866 -0.0012902291364912922 0.0040917101980168444 0.43932379304704239 -0.004022135901501727 -0.0062547428242855059 0.0045239844469717556 0.0014246470278724331 -0.0084496924597043613 0.03914724288260512 0.0049427444099839398 -0.01722516071107531 -0.018305900342492513
leaf_weight=51 4181 79 7057 603 33 1062 2869 3733 545 915 113 78 30 144
leaf_count=51 4181 79 7057 603 33 1062 2869 3733 545 915 113 78 30 144
internal_value=-0.000168892 -0.00280818 9.51991e-05 -0.000496424 0.00169447 0.00151631 -0.00292051 0.000283596 -0.00138015 -0.0039839 0.00255319 -0.0105941 -0.00222222 -0.0152308
internal_weight=21493 1955 19538 14262 5276 5243 3472 10790 1652 994 658 303 108 195
internal_count=21493 1955 19538 14262 5276 5243 3472 10790 1652 994 658 303 108 195
is_linear=0
shrinkage=0.03


Tree=103
num_leaves=15
num_cat=0
split_feature=81 3 69 10 8 55 106 147 24 111 146 107 63 10
split_gain=15.8986 20.723 27.168 28.2444 17.7574 18.5684 18.5139 18.4238 17.7239 24.4886 14.6435 13.7998 16.3457 13.559
threshold=2.5000000000000004 1.9209942046140536 2.0246315364425604 6.545803792301454 6.4678006576631555 1.0000000180025095e-35 0.053603449849683564 39.585927636907449 -0.45309824282757033 4.5844370313034091 2.0503173258753322 0.9753714038737159 0.31951603665521194 -0.66604631799536596
decision_type=2 2 2 2 2 2 2 2 2 2 2 2 2 2
left_child=1 8 10 -4 5 7 -7 -2 13 -10 -3 12 -6 -1
right_child=4 2 3 -5 11 6 -8 -9 9 -11 -12 -13 -14 -15
leaf_value=0.0038894140182410583 0.0034640137152229722 0.063513137015033264 0.054285936690220353 -0.012405886502350926 -0.012195820678752715 0.00084806863297924118 -0.0027698541566356159 0.053499310007207881 0.0015566895619914089 0.027787702221607719 -0.0072827557169099161 -0.018106284896723182 -0.0038138452391619179 -0.0013705144562495845
leaf_weight=1444 842 50 386 95 138 4174 7507 103 928 471 248 48 429 4630
leaf_count=1444 842 50 386 95 138 4174 7507 103 928 471 248 48 429 4630
internal_value=-0.00018285 0.000850703 0.00550706 0.00991684 -0.000826977 -0.000584508 -0.000911737 0.00346032 0.000365315 0.00340958 -0.00161074 -0.00580488 -0.00449735 -0.000335858
internal_weight=21493 8252 779 481 13241 12626 11681 945 7473 1399 298 615 567 6074
internal_count=21493 8252 779 481 13241 12626 11681 945 7473 1399 298 615 567 6074
is_linear=0
shrinkage=0.03


Tree=104
num_leaves=11
num_cat=0
split_feature=139 111 56 110 114 85 100 40 67 11
split_gain=15.3669 17.8943 17.1945 20.5331 18.6326 16.4479 20.4834 17.0274 14.6234 9.18528
threshold=66322.500000000015 10.238049260930277 1.7315462697288424 0.29872257153259074 4.8067510204471775 0.85014942693021089 0.90080688254359709 0.91328097856745238 0.65589433016602283 5.8560568910898096
decision_type=2 2 2 2 2 2 2 2 2 2
left_child=2 8 5 4 -4 7 -7 -1 -2 -10
right_child=1 -3 3 -5 -6 6 -8 -9 9 -11
leaf_value=-0.0077623041035925801 0.006345304680005665 0.015276388675095271 -0.019103609835052944 -0.016510415538125125 0.01926882453797743 0.00048787092638248537 0.010684027432842259 -0.0010963673425771559 -0.0040697253273289935 -0.019320546868415021
leaf_weight=450 36 30 54 59 55 12899 763 6971 56 120
leaf_count=450 36 30 54 59 55 12899 763 6971 56 120
internal_value=-0.000168892 -0.00768595 -8.32902e-05 -0.00964286 -0.00192661 -7.11474e-06 0.000610452 -0.00114405 -0.0107547 -0.0143182
internal_weight=21493 242 21251 168 109 21083 13662 7421 212 176
internal_count=21493 242 21251 168 109 21083 13662 7421 212 176
is_linear=0
shrinkage=0.03


Tree=105
num_leaves=12
num_cat=0
split_feature=139 81 3 69 42 8 55 111 67 111 122
split_gain=15.3783 15.475 20.6994 24.3416 22.143 17.1483 17.1571 14.7459 14.1521 13.2333 10.5924
threshold=66322.500000000015 2.5000000000000004 1.9209942046140536 2.0246315364425604 0.83498300945469639 6.4678006576631555 1.0000000180025095e-35 10.238049260930277 0.65589433016602283 1.9357751478159193 0.64685439009003853
decision_type=2 2 2 2 2 2 2 2 2 2 2
left_child=1 2 4 -4 -1 6 -3 8 -2 -7 -10
right_child=7 5 3 -5 -6 9 -8 -9 10 -11 -12
leaf_value=0.0035508299707565846 0.0061549455396054942 0.0072246023586212023 -0.0035227424161445729 0.039637353617860978 -0.0013242583583989952 -0.015034410852566963 -0.0013555743585297541 0.014818097014842414 -0.014308289957402284 -0.0068554671938869946 -0.018583629071889478
leaf_weight=3780 36 937 288 478 3609 82 11544 30 129 533 47
leaf_count=3780 36 937 288 478 3609 82 11544 30 129 533 47
internal_value=-0.000166101 -8.04668e-05 0.000945432 0.00563969 0.00045879 -0.000719304 -0.000478327 -0.00768595 -0.0104717 -0.00560976 -0.0139773
internal_weight=21493 21251 8155 766 7389 13096 12481 242 212 615 176
internal_count=21493 21251 8155 766 7389 13096 12481 242 212 615 176
is_linear=0
shrinkage=0.03


Tree=106
num_leaves=14
num_cat=0
split_feature=139 56 10 139 85 100 40 57 76 103 28 51 109
split_gain=16.3737 15.924 19.1015 17.1696 15.5928 19.3392 15.5991 14.5569 17.1004 13.7523 11.5896 8.03099 6.23523
threshold=66322.500000000015 1.7315462697288424 3.9263260752119198 2737.5000000000005 0.85014942693021089 0.90080688254359709 0.91328097856745238 0.51613176713849118 0.54912811235596737 0.0038771429868463838 1.888143904223569 1050.0000000000002 0.11134443493128701
decision_type=2 2 2 2 2 2 2 2 2 2 2 2 2
left_child=1 4 12 -4 6 -6 -1 9 11 10 -2 -9 -3
right_child=7 2 3 -5 5 -7 -8 8 -10 -11 -12 -13 -14
leaf_value=-0.0074887677497289112 -0.022403535707164527 -0.019967268193409795 -0.015956234265325157 0.052134065981266006 0.00046450086293188807 0.010403234360608958 -0.0010449445666159184 -0.0094592906271258933 -0.014996694864599574 0.0060636530750070696 -0.0047580732582415538 0.014390880094207642 -0.012481601689844718
leaf_weight=450 69 39 37 30 12899 763 6971 32 30 30 44 37 62
leaf_count=450 69 39 37 30 12899 763 6971 32 30 30 44 37 62
internal_value=-0.000174475 -8.61136e-05 -0.00928571 0.00313433 -1.28065e-05 0.000588494 -0.0011198 -0.00793388 0.000909091 -0.0140559 -0.0188496 0.00913043 -0.0175248
internal_weight=21493 21251 168 67 21083 13662 7421 242 99 143 113 69 101
internal_count=21493 21251 168 67 21083 13662 7421 242 99 143 113 69 101
is_linear=0
shrinkage=0.03


Tree=107
num_leaves=13
num_cat=0
split_feature=139 56 110 114 2 90 3 57 76 103 16 108
split_gain=15.3099 15.8849 18.6763 15.4717 15.1444 23.3771 21.198 13.7521 17.1004 13.1206 11.0944 9.76767
threshold=66322.500000000015 1.7315462697288424 0.29872257153259074 4.8067510204471775 97.628662238702603 10153.000000000002 1.7834674085888611 0.51613176713849118 0.54912811235596737 0.0038771429868463838 -0.58522391958335818 0.11470207619929657
decision_type=2 2 2 2 2 2 2 2 2 2 2 2
left_child=1 4 3 -3 6 -6 -1 9 11 10 -2 -9
right_child=7 2 -4 -5 5 -7 -8 8 -10 -11 -12 -13
leaf_value=-0.00014624228782111502 -0.0039470157718727063 -0.018148221564957694 -0.015804394261616107 0.019210114060553757 0.0074841650717341534 -0.018678410628496522 -0.0094790658605435636 0.01486052081113275 -0.014546794018661586 0.0058817434827568562 -0.021521404366148984 -0.0081951972041192436
leaf_weight=18538 35 54 59 55 2005 80 460 30 30 30 78 39
leaf_count=18538 35 54 59 55 2005 80 460 30 30 30 78 39
internal_value=-0.00018285 -9.74072e-05 -0.00928571 -0.00192661 -2.41901e-05 0.00240288 -0.000290557 -0.00768595 0.000909091 -0.0136364 -0.0183186 0.00913043
internal_weight=21493 21251 168 109 21083 2085 18998 242 99 143 113 69
internal_count=21493 21251 168 109 21083 2085 18998 242 99 143 113 69
is_linear=0
shrinkage=0.03


Tree=108
num_leaves=13
num_cat=0
split_feature=79 15 87 62 110 71 64 61 57 154 18 162
split_gain=15.7177 15.7406 31.0252 18.5725 26.3788 25.1231 18.3339 16.0228 15.7278 16.9508 10.9524 10.8607
threshold=0.99615384615384628 -4.507458878316954 10796.500000000002 0.505848850692313 0.49350534852219607 3.6020088961507377 0.66054582210242596 1.2499544797013893 0.0957367055278672 0.46428571428571436 -1.0413665498093272 0.83333333333333337
decision_type=2 2 2 2 2 2 2 2 2 2 2 2
left_child=1 2 7 4 -3 -5 -4 -1 9 -2 -10 -12
right_child=8 3 6 5 -6 -7 -8 -9 10 -11 11 -13
leaf_value=-0.015067553114060292 0.0071167919702052312 0.0047204604365065879 -0.01148033234736325 0.00046946190635843043 -0.004069156605960909 -0.0034213481720289708 1.0463694179363992e-05 0.0078147378487312923 -0.00030070657518068474 -0.017826551044221411 0.016253449510090244 0.071899960218927722
leaf_weight=60 58 4169 833 9475 1036 4577 334 693 57 36 115 50
leaf_count=60 58 4169 833 9475 1036 4577 334 693 57 36 115 50
internal_value=-0.000185642 -0.000284743 -0.002875 -2.64839e-05 0.00150432 -0.00059351 -0.0059383 0.00187251 0.0064557 -0.00382979 0.0108108 0.0147273
internal_weight=21493 21177 1920 19257 5205 14052 1167 753 316 94 222 165
internal_count=21493 21177 1920 19257 5205 14052 1167 753 316 94 222 165
is_linear=0
shrinkage=0.03


Tree=109
num_leaves=10
num_cat=0
split_feature=18 76 148 25 51 135 58 86 149
split_gain=16.1287 15.2693 14.9244 13.96 15.6005 13.8564 15.4641 14.6759 13.3286
threshold=15.964092694253287 0.42116798674820793 47.88499341070456 -11.970697403193705 2070.0000000000005 104643.50000000001 5.8441283387727827 1.4648978482756914 106.50000000000001
decision_type=2 2 2 2 2 2 2 2 2
left_child=1 5 -2 4 -3 7 -7 -1 -5
right_child=2 3 -4 8 -6 6 -8 -9 -10
leaf_value=-0.0050245757475330917 0.00018066560555826338 -0.0012274263168452525 -0.018201189922994292 -0.00044048727158163211 -0.020318556250557989 -0.012653575234617897 0.0090435025483584369 0.0080621507314775701 -0.015586581408047747
leaf_weight=149 37 40 46 18835 38 187 55 2061 45
leaf_count=149 37 40 46 18835 38 187 55 2061 45
internal_value=-0.000174475 -0.000123307 -0.0133735 -0.000411436 -0.0130769 0.0021044 -0.00471074 0.00285068 -0.00035911
internal_weight=21493 21410 83 18958 78 2452 242 2210 18880
internal_count=21493 21410 83 18958 78 2452 242 2210 18880
is_linear=0
shrinkage=0.03


Tree=110
num_leaves=14
num_cat=0
split_feature=42 149 73 4 92 144 49 131 120 107 26 44 62
split_gain=15.1594 19.716 22.4892 31.0425 20.4439 20.2925 19.7428 14.6377 13.2104 17.0241 13.5294 11.3624 9.49236
threshold=0.42464726510645961 62.500000000000007 4.3225947210431963 35.048241715942034 0.84861205772011117 1.1259826022652299 1.045399501480756 0.17165278132299791 0.37123314162714832 0.47742186339359344 -0.40422679713114157 0.53534629766753661 0.52158279330156454
decision_type=2 2 2 2 2 2 2 2 2 2 2 2 2
left_child=7 2 5 -4 11 -2 -6 8 9 -1 -10 -3 -9
right_child=1 4 3 -5 6 -7 -8 12 10 -11 -12 -13 -14
leaf_value=0.00043819414916838049 0.0034546550425032783 -0.021363146665153675 -0.0015432974034129748 0.011773362136453294 0.001984510648579213 -0.0024770169118032781 -0.011100843493450989 -0.024001208423099447 0.001838262050628594 -0.012904458149315259 0.0092641927233155889 -0.014885530510444639 -0.0060929279328480425
leaf_weight=455 1293 49 2050 1753 496 9091 219 32 4853 239 710 206 47
leaf_count=455 1293 49 2050 1753 496 9091 219 32 4853 239 710 206 47
internal_value=-0.000171684 -0.000686811 -0.000403891 0.00156981 -0.00482474 -0.00112673 -0.00222378 0.00106061 0.00122263 -0.00268012 0.00170951 -0.0121176 -0.0117722
internal_weight=21493 15157 14187 3803 970 10384 715 6336 6257 694 5563 255 79
internal_count=21493 15157 14187 3803 970 10384 715 6336 6257 694 5563 255 79
is_linear=0
shrinkage=0.03


Tree=111
num_leaves=13
num_cat=0
split_feature=51 23 59 14 59 58 9 139 98 42 123 73
split_gain=15.1409 36.1926 29.7079 27.892 26.1836 16.7494 21.6252 18.0498 16.7491 15.9428 18.9353 17.6162
threshold=1950.0000000000002 -2.3790034107306997 3.3996427476406708 10.921069941491472 9.8822529948722622 12.062890215245726 2.2788614201646942 803.50000000000011 3.4823384483975777 0.42464726510645961 1.0000000180025095e-35 4.3225947210431963
decision_type=2 2 2 2 2 2 2 2 2 2 2 2
left_child=4 5 -3 -4 9 7 -7 -2 -6 10 -1 -11
right_child=1 2 3 -5 8 6 -8 -9 -10 11 -12 -13
leaf_value=0.002905319701661524 0.020495479854417332 -0.018662748456515211 0.0027745432571397262 -0.017952261567044724 0.18726170369682751 0.03085470428072138 -0.013459993786772163 -0.012412965439991057 -0.0033558551610265619 -0.0018753944091084063 -0.011900470693545684 0.0026762542121318081
leaf_weight=5569 57 40 1454 61 58 63 39 523 33 9879 195 3522
leaf_count=5569 57 40 1454 61 58 63 39 523 33 9879 195 3522
internal_value=-0.000171684 -0.00250782 1.92926e-05 0.000693069 9.97092e-05 -0.00826979 0.00294118 -0.0102414 0.0161538 2.34803e-05 0.00134282 -0.000543989
internal_weight=21493 2237 1555 1515 19256 682 102 580 91 19165 5764 13401
internal_count=21493 2237 1555 1515 19256 682 102 580 91 19165 5764 13401
is_linear=0
shrinkage=0.03


Tree=112
num_leaves=13
num_cat=0
split_feature=51 23 59 59 98 51 17 98 120 103 73 3
split_gain=14.9746 35.4284 29.7079 26.143 25.6747 17.6816 21.3829 16.7491 15.0572 26.8824 21.7445 11.3527
threshold=1950.0000000000002 -2.3790034107306997 3.3996427476406708 9.8822529948722622 8.3195041190088439 2670.0000000000005 2.296257927832249 3.4823384483975777 0.52946282679738566 0.0024928768580925686 8.3886870363753925 1.03439646891195
decision_type=2 2 2 2 2 2 2 2 2 2 2 2
left_child=3 5 -3 8 -4 6 -2 -5 9 -1 -10 -7
right_child=1 2 4 7 -6 11 -8 -9 10 -11 -12 -13
leaf_value=0.0098145004317893286 -0.001222010268665138 -0.018102866002819757 0.0026695403404313812 0.18164385258592269 -0.017265705179150076 -0.011087446142742719 -0.015363248377588882 -0.0032551795061957654 0.0002814677572784796 -0.0037913709822623085 0.012043717047573009 -0.016006792689163288
leaf_weight=481 350 40 1448 58 67 119 110 33 13907 3881 896 103
leaf_count=481 350 40 1448 58 67 119 110 33 13907 3881 896 103
internal_value=-0.000157726 -0.002481 1.92926e-05 0.000112173 0.000693069 -0.00818182 -0.00482609 0.0161538 3.60031e-05 -0.00151307 0.000492468 -0.0151351
internal_weight=21493 2237 1555 19256 1515 682 460 91 19165 4362 14803 222
internal_count=21493 2237 1555 19256 1515 682 460 91 19165 4362 14803 222
is_linear=0
shrinkage=0.03


Tree=113
num_leaves=15
num_cat=0
split_feature=81 3 89 73 42 63 63 12 66 99 7 7 20 17
split_gain=15.7969 17.8906 24.4172 25.9322 21.9658 19.4823 15.1012 26.3689 17.0887 27.1331 19.6166 16.608 14.0345 13.6795
threshold=2.5000000000000004 1.9209942046140536 536.50000000000011 2.4655338411944969 0.7910157735851413 0.73658025661167847 0.48488999584890002 8.6707955220093051 1.0058324175824178 1.1460087285022769 1.2429882133997896 -0.6525991215751471 9.8406221621315275 -6.1766813519876651
decision_type=2 2 2 2 2 2 2 2 2 2 2 2 2 2
left_child=1 4 3 -3 13 -4 7 11 9 -8 -10 -2 -6 -1
right_child=6 2 5 -5 12 -7 8 -9 10 -11 -12 -13 -14 -15
leaf_value=0.031270613420783522 -0.0059568545039394606 0.050416432991157681 0.0011591218240444244 -0.0027180590474072007 -0.0022117363422476288 -0.037733765312740024 0.012763194358006429 -0.011545125796019092 -0.0053347357848185983 -0.0047992250940769648 0.00083223523678155385 -0.00090593962026148272 0.018385232360945813 0.0028706986614456275
leaf_weight=40 1665 391 138 209 3560 41 1045 354 1047 626 2864 5640 182 3691
leaf_count=40 1665 391 138 209 3560 41 1045 354 1047 626 2864 5640 182 3691
internal_value=-0.000157726 0.000872516 0.00519897 0.0081 0.000421517 -0.00452514 -0.000799789 -0.00166471 0.000386958 0.00292639 -0.000698031 -0.00127721 -0.00120257 0.00205039
internal_weight=21493 8252 779 600 7473 179 13241 7659 5582 1671 3911 7305 3742 3731
internal_count=21493 8252 779 600 7473 179 13241 7659 5582 1671 3911 7305 3742 3731
is_linear=0
shrinkage=0.03


Tree=114
num_leaves=14
num_cat=0
split_feature=37 105 37 73 40 149 84 56 22 115 104 146 1
split_gain=15.0972 33.9549 28.5541 28.7854 27.6959 29.9358 22.1798 22.021 20.7053 21.0371 14.8177 8.74423 2.46564
threshold=330.93333333333339 0.26921749353383356 191.15833333333333 0.78923761820107463 6.3689538058614241 6.5000000000000009 5.4428802548624811 0.22885655520544199 1.0000000180025095e-35 15.500000000000002 0.76187357035203196 3.9152657987619883 81.079016803221791
decision_type=2 2 2 2 2 2 2 2 2 2 2 2 2
left_child=2 11 4 7 5 -1 -5 -4 -3 -10 -6 -2 -13
right_child=1 8 3 6 10 -7 -8 -9 9 -11 -12 12 -14
leaf_value=0.0058587251574068527 0.006583812925073141 0.026487286294257641 -0.0038264802476851976 0.00076025420285322665 -0.017837907470847573 -0.0026951208230930048 0.013450335391653164 0.098853595862881796 -0.0034880242524258165 0.0068530392423733818 0.00083378166899945926 0.047068808894257012 0.061272714368083132
leaf_weight=1667 54 31 43 6956 71 6938 1280 105 4017 236 34 30 31
leaf_count=1667 54 31 43 6956 71 6938 1280 105 4017 236 34 30 31
internal_value=-0.000171684 -0.00173903 0.00023166 0.00148139 -0.000971297 -0.000784428 0.00124575 0.0145946 -0.00217087 -0.00234893 -0.0162857 0.0143478 0.0221311
internal_weight=21493 4399 17094 8384 8710 8605 8236 148 4284 4253 105 115 61
internal_count=21493 4399 17094 8384 8710 8605 8236 148 4284 4253 105 115 61
is_linear=0
shrinkage=0.03


Tree=115
num_leaves=7
num_cat=0
split_feature=25 51 59 99 38 99
split_gain=15.8089 21.0826 14.7237 14.7709 16.9888 15.0857
threshold=-11.970697403193705 2070.0000000000005 21.81437689978679 4.3206542881620855 9.508322242933831 3.751819768368049
decision_type=2 2 2 2 2 2
left_child=1 -1 3 5 -5 -2
right_child=2 -3 -4 4 -6 -7
leaf_value=0.0021708153212326668 -0.00020370355314916876 -0.019248528695831817 0.25866496112841431 0.040280473595387493 -0.017912746544240511 -0.015778176910911039
leaf_weight=44 21050 41 43 122 33 160
leaf_count=44 21050 41 43 122 33 160
internal_value=-0.000146559 -0.0130588 -9.52915e-05 -0.000130587 0.00909677 -0.00019802
internal_weight=21493 85 21408 21365 155 21210
internal_count=21493 85 21408 21365 155 21210
is_linear=0
shrinkage=0.03


Tree=116
num_leaves=14
num_cat=0
split_feature=76 100 77 54 105 37 25 93 37 135 146 7 90
split_gain=15.8435 13.8912 13.5942 13.4777 13.3003 16.1371 23.8188 18.1972 13.8293 18.6953 13.2146 11.8735 11.0181
threshold=0.50892140507895534 1.3937764188528481 8.9296797791065625 0.91029705388189142 0.26921749353383356 334.24166666666673 -0.17994998379435415 1.9409085450043622 341.52500000000003 4225.0000000000009 17.601679068768302 -0.72526728807550167 2704.5000000000005
decision_type=2 2 2 2 2 2 2 2 2 2 2 2 2
left_child=4 2 10 11 8 7 -7 -6 9 -1 -2 -3 -4
right_child=1 3 12 -5 5 6 -8 -9 -10 -11 -12 -13 -14
leaf_value=0.019675091170059812 -0.0019134506792342859 -0.0040677469186260005 -0.0014887071892707292 -0.022244443130206296 -0.0015080811407007988 -0.0032720954757866185 0.041410719288594827 0.0035182068743538496 0.041529520354137872 -0.0043207245406189781 -0.014338508341176705 0.034627253549223885 0.020261042458622293
leaf_weight=35 10362 33 131 32 2327 1860 99 6086 51 123 69 146 139
leaf_count=35 10362 33 131 32 2327 1860 99 6086 51 123 69 146 139
internal_value=-0.000138185 -0.000940249 -0.00109055 0.00668246 0.000688971 0.000537987 -0.00191424 0.001109 0.00818182 0.00379747 -0.00126258 0.00988827 0.00555556
internal_weight=21493 10912 10701 211 10581 10372 1959 8413 209 158 10431 179 270
internal_count=21493 10912 10701 211 10581 10372 1959 8413 209 158 10431 179 270
is_linear=0
shrinkage=0.03


Tree=117
num_leaves=9
num_cat=0
split_feature=51 51 23 59 59 106 94 28
split_gain=14.4447 16.2717 26.5167 25.3923 24.0479 17.7666 15.2193 14.8071
threshold=5190.0000000000009 1950.0000000000002 -2.3790034107306997 3.3996427476406708 9.8822529948722622 0.041053838451403146 3.3406746953599624 2.2930579649390128
decision_type=2 2 2 2 2 2 2 2
left_child=1 4 5 -4 7 -3 -6 -1
right_child=-2 2 3 -5 6 -7 -8 -9
leaf_value=0.00034349470934901482 0.058521849849709616 0.001879640412901397 -0.017478388425489624 0.00037801606899731107 0.17507201394101027 -0.010689802433339666 -0.0081248629960719611 -0.0035107886294080213
leaf_weight=17741 31 98 40 1485 61 583 30 1424
leaf_count=17741 31 98 40 1485 61 583 30 1424
internal_value=-0.000140976 -0.000170534 -0.00261106 -0.000413115 0.000109057 -0.00753304 0.0154945 3.60031e-05
internal_weight=21493 21462 2206 1525 19256 681 91 19165
internal_count=21493 21462 2206 1525 19256 681 91 19165
is_linear=0
shrinkage=0.03


Tree=118
num_leaves=9
num_cat=0
split_feature=149 76 90 1 78 100 139 28
split_gain=15.6136 15.2016 13.5903 25.4672 17.9077 12.7314 12.3671 9.38424
threshold=105.50000000000001 0.50892140507895534 5943.5000000000009 98.798777947507304 1.5000000000000002 1.3937764188528481 66322.500000000015 1.2450201696692103
decision_type=2 2 2 2 2 2 2 2
left_child=1 2 4 -4 -1 6 -3 -7
right_child=-2 5 3 -5 -6 7 -8 -9
leaf_value=0.017662867680539988 -0.015127693266263401 -0.0014511630486853532 0.0033485942741831539 0.067829000718886742 -0.00036900664678070013 -0.0014716460919596774 -0.011238061952009376 0.033577613281071977
leaf_weight=550 53 10537 2313 73 7628 77 128 134
leaf_count=550 53 10537 2313 73 7628 77 128 134
internal_value=-0.000152143 -0.00011194 0.000698599 0.0026907 0.000117388 -0.000899228 -0.0010436 0.0063981
internal_weight=21493 21440 10564 2386 8178 10876 10665 211
internal_count=21493 21440 10564 2386 8178 10876 10665 211
is_linear=0
shrinkage=0.03


Tree=119
num_leaves=9
num_cat=0
split_feature=51 51 23 98 51 114 40 94
split_gain=14.4486 15.1659 25.507 23.5954 15.9559 15.3081 28.509 19.6877
threshold=5190.0000000000009 1950.0000000000002 -2.3790034107306997 8.3195041190088439 2670.0000000000005 4.1797676466972442 1.9266165283385266 5.5655745815612807
decision_type=2 2 2 2 2 2 2 2
left_child=1 5 4 -4 -3 7 -7 -1
right_child=-2 2 3 -5 -6 6 -8 -9
leaf_value=-0.00079951038899630004 0.056809729245678883 -0.0045726546825650641 0.00042948551864140701 -0.016463855254184718 -0.012572540562400524 0.011150113328833595 -0.00014096061289643912 0.11380974045936358
leaf_weight=12994 31 460 1457 68 221 2018 4208 36
leaf_count=12994 31 460 1457 68 221 2018 4208 36
internal_value=-0.000143768 -0.00017333 -0.00252947 -0.00037377 -0.00735683 9.65933e-05 0.00132027 -0.000488104
internal_weight=21493 21462 2206 1525 681 19256 6226 13030
internal_count=21493 21462 2206 1525 681 19256 6226 13030
is_linear=0
shrinkage=0.03


Tree=120
num_leaves=9
num_cat=0
split_feature=51 76 111 13 111 33 48 90
split_gain=14.4486 14.5171 13.2036 20.4693 13.7153 12.7681 21.4673 13.4408
threshold=5190.0000000000009 0.50892140507895534 1.8609073722378919 10.685992083723974 2.3375484200832735 3.5000000000000004 21.500000000000004 5943.5000000000009
decision_type=2 2 2 2 2 2 2 2
left_child=1 5 3 -3 -4 7 -7 -1
right_child=-2 2 4 -5 -6 6 -8 -9
leaf_value=0.00026758159654761412 0.055105437368308523 -0.004490974834337959 0.0046621445696484248 -0.021305256441817404 -0.001277217869007381 -0.013823576854378862 0.0010703067213427464 0.0050908514680328134
leaf_weight=7914 31 1954 1331 86 7523 150 207 2297
leaf_count=7914 31 1954 1331 86 7523 150 207 2297
internal_value=-0.000143768 -0.00017333 -0.000941803 -0.00311765 -0.000440479 0.000618849 -0.00495798 0.000813828
internal_weight=21493 21462 10894 2040 8854 10568 357 10211
internal_count=21493 21462 10894 2040 8854 10568 357 10211
is_linear=0
shrinkage=0.03


Tree=121
num_leaves=15
num_cat=0
split_feature=42 55 58 25 65 61 65 150 49 68 137 151 62 24
split_gain=13.8855 22.657 23.5489 27.5816 21.5575 20.9701 19.5878 30.5444 20.6458 17.0672 16.8136 30.1924 17.8448 15.0463
threshold=0.55212508163407936 0.037931450873162 1.6996882588122917 -0.45194726542668062 0.88859982245018754 0.49828435871641613 0.72391950464396293 10.500000000000002 1.0624687754983373 0.46687898089171981 829.50000000000011 0.72045601761886269 0.22261904761904763 -0.67305825992150592
decision_type=2 2 2 2 2 2 2 2 2 2 2 2 2 2
left_child=1 2 3 -1 -4 -3 10 8 -8 -7 12 -12 -2 -9
right_child=6 5 4 -5 -6 9 7 13 -10 -11 11 -13 -14 -15
leaf_value=-0.011190582152695389 0.0090521605243117382 0.035579398658007702 0.015589483583253303 0.064864390069098013 -0.0078645567133276695 0.015599564738089445 0.0042971103125052697 -0.0024913200448438153 0.050374713595633565 -0.00030844526471026198 -0.013447994928578028 0.0047365201680458482 -0.0025647530110348635 0.0075021471301572641
leaf_weight=194 523 170 821 49 67 91 849 1473 352 7855 430 243 7787 589
leaf_count=194 523 170 821 49 67 91 849 1473 352 7855 430 243 7787 589
internal_value=-0.000160517 0.000716989 0.00469496 -0.00358025 0.00695946 0.000162642 -0.000823126 0.00116764 0.00497086 -6.04078e-05 -0.00154625 -0.00610698 -0.0011769 -0.00104753
internal_weight=21493 9247 1131 243 888 8116 12246 3263 1201 7946 8983 673 8310 2062
internal_count=21493 9247 1131 243 888 8116 12246 3263 1201 7946 8983 673 8310 2062
is_linear=0
shrinkage=0.03


Tree=122
num_leaves=10
num_cat=0
split_feature=24 94 67 48 151 40 54 98 40
split_gain=13.5896 32.7813 16.7461 19.5104 16.8087 12.8729 12.0479 8.35381 6.51905
threshold=-0.11075979218231076 1.575358253976199 10.878508771929825 48.500000000000007 0.98983308970534667 1.4713525081001511 0.18180319955623389 5.8595329649170482 8.9916023330344892
decision_type=2 2 2 2 2 2 2 2 2
left_child=2 6 3 4 -1 -3 -2 -7 -4
right_child=1 5 8 -5 -6 7 -8 -9 -10
leaf_value=-0.00038585210704287663 0.04332464283542941 0.0098199911004303395 0.27925604479981553 -0.039163954231353409 0.0085401528770112749 -0.018395718670850787 -0.0094897902896060576 -0.029066360186300315 0.016753607927467953
leaf_weight=20033 41 34 40 37 1097 86 46 49 30
leaf_count=20033 41 34 40 37 1097 86 46 49 30
internal_value=-0.000160517 -0.00703125 -7.76946e-05 -0.00012614 -8.80265e-05 -0.0147337 0.00793103 -0.0188889 0.0145714
internal_weight=21493 256 21237 21167 21130 169 87 135 70
internal_count=21493 256 21237 21167 21130 169 87 135 70
is_linear=0
shrinkage=0.03


Tree=123
num_leaves=9
num_cat=0
split_feature=149 43 150 28 108 122 122 96
split_gain=15.5547 14.5031 16.9192 26.5748 20.0702 14.7699 29.3325 16.7677
threshold=105.50000000000001 4.9078591415772692 9.5000000000000018 1.0267339068271051 0.082339877043032278 0.75889338780232107 0.94705699159140455 0.99662529724030069
decision_type=2 2 2 2 2 2 2 2
left_child=1 5 4 -4 -3 7 -7 -1
right_child=-2 2 3 -5 -6 6 -8 -9
leaf_value=-0.0025323451558550212 -0.014786945730084848 -0.0087443718045167873 -0.019228051985759772 0.0092335361090548646 0.061281979557290464 -0.0075708488030913988 -0.00081498352571951038 0.0010717980593981213
leaf_weight=2773 53 84 133 549 277 1386 5166 11072
leaf_count=2773 53 84 133 549 277 1386 5166 11072
internal_value=-0.00018285 -0.000142724 0.00330777 0.000527859 0.00855956 -0.000319165 -0.00149267 0.000236186
internal_weight=21493 21440 1043 682 361 20397 6552 13845
internal_count=21493 21440 1043 682 361 20397 6552 13845
is_linear=0
shrinkage=0.03


Tree=124
num_leaves=9
num_cat=0
split_feature=51 28 8 3 107 90 97 137
split_gain=14.4762 14.9322 21.571 22.515 20.9711 29.8183 25.944 15.2751
threshold=5190.0000000000009 2.2930579649390128 3.2498468155851454 0.79271962165231791 0.31500951010134609 2401.5000000000005 10.872423002982911 1512.5000000000002
decision_type=2 2 2 2 2 2 2 2
left_child=1 4 3 -3 6 -6 -1 -4
right_child=-2 2 7 -5 5 -7 -8 -9
leaf_value=0.0018164683632390004 0.053325098441525408 0.012717882031322965 -0.011673722243038838 -0.0032687121748425215 -0.0053343707285823183 0.00065997093343712725 -0.013114300475460578 0.006430336096341264
leaf_weight=10596 31 196 311 1168 3913 5015 213 50
leaf_count=10596 31 196 311 1168 3913 5015 213 50
internal_value=-0.000163309 -0.000192899 -0.00286957 -0.0011437 4.10397e-05 -0.00103495 0.000929781 -0.00939058
internal_weight=21493 21462 1725 1364 19737 8928 10809 361
internal_count=21493 21462 1725 1364 19737 8928 10809 361
is_linear=0
shrinkage=0.03


Tree=125
num_leaves=9
num_cat=0
split_feature=51 51 23 98 59 95 98 24
split_gain=14.4881 14.4642 24.5921 24.1506 20.2361 17.1106 16.4368 15.1992
threshold=5190.0000000000009 1950.0000000000002 -2.8556662436332689 8.3195041190088439 9.8822529948722622 0.87962476401113376 3.4823384483975777 -0.11075979218231076
decision_type=2 2 2 2 2 2 2 2
left_child=1 4 5 -4 7 -3 -6 -1
right_child=-2 2 3 -5 6 -7 -8 -9
leaf_value=9.0611327521308296e-05 0.051725345488279645 -0.018720457053664215 0.00042971958625809433 -0.015539093121956882 0.16982698557198941 -0.0079603102428863516 -0.0041920288725170981 -0.012722128772852552
leaf_weight=18909 31 39 1536 75 58 556 33 256
leaf_count=18909 31 39 1536 75 58 556 33 256
internal_value=-0.000171684 -0.000201286 -0.00250227 -0.000577281 6.23182e-05 -0.00771429 0.0141758 -4.69606e-06
internal_weight=21493 21462 2206 1611 19256 595 91 19165
internal_count=21493 21462 2206 1611 19256 595 91 19165
is_linear=0
shrinkage=0.03


Tree=126
num_leaves=7
num_cat=0
split_feature=72 51 24 10 25 51
split_gain=16.1492 14.408 13.6538 32.8385 15.7719 11.2493
threshold=13.841939871873713 5190.0000000000009 -0.11075979218231076 2.4856434357953687 -0.14030753476066032 2070.0000000000005
decision_type=2 2 2 2 2 2
left_child=1 2 4 -4 -1 -2
right_child=5 -3 3 -5 -6 -7
leaf_value=-0.00027757980909311029 -0.0031112059619472208 0.050173585123631258 0.00043150210728748527 -0.024141905710532072 0.015161767073393709 -0.017449415932836828
leaf_weight=20583 41 31 174 82 540 42
leaf_count=20583 41 31 174 82 540 42
internal_value=-0.000166101 -0.0001149 -0.000144534 -0.00703125 -6.10709e-05 -0.0133735
internal_weight=21493 21410 21379 256 21123 83
internal_count=21493 21410 21379 256 21123 83
is_linear=0
shrinkage=0.03


Tree=127
num_leaves=12
num_cat=0
split_feature=52 60 54 114 89 108 108 150 71 135 18
split_gain=14.7736 18.1868 25.0146 20.6649 16.1501 18.4393 15.9883 22.5019 21.3371 12.2418 10.5521
threshold=1425.0000000000002 7.4324152203812126 0.034566874591408468 7.8202885846174484 668.50000000000011 0.3611321173147734 0.048558226072547971 5.5000000000000009 4.1910095432501544 45891.000000000007 -0.32684160810561441
decision_type=2 2 2 2 2 2 2 2 2 2 2
left_child=1 6 10 -4 5 9 7 -1 -8 -2 -3
right_child=4 2 3 -5 -6 -7 8 -9 -10 -11 -12
leaf_value=-0.010499027843170361 -0.0079784951559448685 0.0072162727244795572 0.0071802514393783717 -0.019086468176478941 -0.019291475739996729 -0.016840681918850624 0.0013276615876597431 -0.0013012228274354332 -0.0020878288124371947 0.017494151678346601 0.038960628530953563
leaf_weight=716 223 39 556 41 44 34 12400 3585 3719 66 70
leaf_count=716 223 39 556 41 44 34 12400 3585 3719 66 70
internal_value=-0.000163309 -5.96421e-05 0.00467422 0.00226131 -0.00613079 -0.00380805 -0.00022331 -0.00184841 0.000210311 -0.00134948 0.0178899
internal_weight=21493 21126 706 597 367 323 20420 4301 16119 289 109
internal_count=21493 21126 706 597 367 323 20420 4301 16119 289 109
is_linear=0
shrinkage=0.03


Tree=128
num_leaves=6
num_cat=0
split_feature=51 72 149 56 52
split_gain=14.4881 14.3486 13.5143 13.7287 11.5618
threshold=5190.0000000000009 13.841939871873713 105.50000000000001 1.6025469599593369 1845.0000000000002
decision_type=2 2 2 2 2
left_child=1 2 3 -1 -3
right_child=-2 4 -4 -5 -6
leaf_value=-3.4856808338816211e-05 0.048731012434295437 -0.0028615312010383566 -0.014397357279368063 -0.009552943652049865 -0.015982851941808339
leaf_weight=21086 31 46 53 240 37
leaf_count=21086 31 46 53 240 37
internal_value=-0.000171684 -0.000201286 -0.000152954 -0.000115352 -0.0126506
internal_weight=21493 21462 21379 21326 83
internal_count=21493 21462 21379 21326 83
is_linear=0
shrinkage=0.03


Tree=129
num_leaves=6
num_cat=0
split_feature=51 72 149 119 52
split_gain=14.4802 14.3615 13.5243 13.3341 11.5618
threshold=5190.0000000000009 13.841939871873713 105.50000000000001 0.034521409200126266 1845.0000000000002
decision_type=2 2 2 2 2
left_child=1 2 3 -1 -3
right_child=-2 4 -4 -5 -6
leaf_value=-0.006530728716676132 0.047269082061266572 -0.0027756852650072062 -0.01396543656098702 -1.7847471487104638e-05 -0.015503366383554087
leaf_weight=320 31 46 53 21006 37
leaf_count=320 31 46 53 21006 37
internal_value=-0.000166101 -0.000195695 -0.000147341 -0.000109725 -0.0126506
internal_weight=21493 21462 21379 21326 83
internal_count=21493 21462 21379 21326 83
is_linear=0
shrinkage=0.03


Tree=130
num_leaves=12
num_cat=0
split_feature=52 60 54 91 24 64 108 108 116 107 90
split_gain=13.2513 16.8621 23.595 17.5915 15.8904 31.9716 24.0311 15.7834 15.9776 16.1351 11.7197
threshold=1425.0000000000002 7.4324152203812126 0.034566874591408468 1.1870251163273993 -2.9182500350385414 0.55758178603006203 0.048558226072547971 0.3611321173147734 5.5000000000000009 0.014452761784503271 1474.5000000000002
decision_type=2 2 2 2 2 2 2 2 2 2 2
left_child=1 4 10 -4 5 -1 -6 8 9 -2 -3
right_child=7 2 3 -5 6 -7 -8 -9 -10 -11 -12
leaf_value=-0.0059566887679753378 0.020439067251089238 0.0055842044794775442 0.035633506404223629 -0.0016263420359260193 -0.0034897461177273454 0.00070099976756671342 0.0012427051103748427 -0.01663166655609058 -0.011316594078927223 -0.0060403843185292978 0.046222272531449816
leaf_weight=1955 33 48 187 410 3410 2035 13020 39 59 236 61
leaf_count=1955 33 48 187 410 3410 2035 13020 39 59 236 61
internal_value=-0.000152143 -5.39619e-05 0.00450425 0.0021608 -0.000211557 -0.00190977 0.000200852 -0.00580381 -0.00365854 -0.000557621 0.0173394
internal_weight=21493 21126 706 597 20420 3990 16430 367 328 269 109
internal_count=21493 21126 706 597 20420 3990 16430 367 328 269 109
is_linear=0
shrinkage=0.03


Tree=131
num_leaves=14
num_cat=0
split_feature=37 105 37 40 73 97 22 46 148 56 67 87 29
split_gain=13.6762 31.5533 26.357 25.9321 24.9472 20.8174 20.3833 23.7368 19.9649 19.2296 14.8258 9.16008 6.0003
threshold=326.66666666666669 0.26921749353383356 191.15833333333333 6.3689538058614241 0.78923761820107463 4.3349107176033099 1.0000000180025095e-35 0.34514106583072107 20.246497225822385 0.17668559490155075 1.8555161943319842 75342.000000000015 1.3581545448748111
decision_type=2 2 2 2 2 2 2 2 2 2 2 2 2
left_child=2 11 3 8 9 -6 -3 -8 -1 -4 -5 12 -2
right_child=1 6 4 10 5 -7 7 -9 -10 -11 -12 -13 -14
leaf_value=-0.00042619189118595411 0.040500650824688039 0.025793326940413558 -0.010175002854686402 -0.0009429058262857492 0.00015727489928547443 0.0079224605387795324 -0.013053304424978903 -0.0020619024916233995 -0.0081843993112541945 0.093777664989197082 -0.019176502231342197 0.00041547088118173796 0.0521465263642618
leaf_weight=7965 31 31 36 47 5206 2783 210 4293 640 106 58 35 52
leaf_count=7965 31 31 36 47 5206 2783 210 4293 640 106 58 35 52
internal_value=-0.000146559 -0.00158641 0.000251173 -0.000895522 0.00147952 0.00125798 -0.001985 -0.0021519 -0.000714701 0.0139437 -0.0157143 0.0137288 0.0191566
internal_weight=21493 4652 16841 8710 8131 7989 4534 4503 8605 142 105 118 83
internal_count=21493 4652 16841 8710 8131 7989 4534 4503 8605 142 105 118 83
is_linear=0
shrinkage=0.03


Tree=132
num_leaves=10
num_cat=0
split_feature=18 38 76 25 42 52 86 110 69
split_gain=14.4491 16.4386 13.1442 14.0369 12.3896 12.0628 10.8793 12.9985 11.7521
threshold=15.964092694253287 7.8791847670682795 0.42116798674820793 -11.970697403193705 0.57149967054319817 1845.0000000000002 1.4648978482756914 0.41211057732775952 1.8961280268520742
decision_type=2 2 2 2 2 2 2 2 2
left_child=2 -2 6 5 -5 -4 8 -8 -1
right_child=1 -3 3 4 -6 -7 7 -9 -10
leaf_value=9.3920745295121564e-07 -0.00040156749216796515 -0.017251104934987192 -0.0045715866156524655 0.00063947033326054443 -0.0014588286116564769 -0.01510104079965739 0.0075290138358094609 -0.001560726657790864 -0.016826449257059485
leaf_weight=110 48 35 48 8348 10532 30 1688 602 52
leaf_count=110 48 35 48 8348 10532 30 1688 602 52
internal_value=-0.000157726 -0.0126506 -0.000109295 -0.000376622 -0.000324153 -0.0130769 0.00195759 0.00248908 -0.00555556
internal_weight=21493 83 21410 18958 18880 78 2452 2290 162
internal_count=21493 83 21410 18958 18880 78 2452 2290 162
is_linear=0
shrinkage=0.03


Tree=133
num_leaves=10
num_cat=0
split_feature=18 38 15 87 23 24 52 62 56
split_gain=14.4426 16.4386 12.9533 30.0397 18.4862 30.3632 17.6466 17.4841 16.8767
threshold=15.964092694253287 7.8791847670682795 -4.507458878316954 10796.500000000002 -5.511100035463774 -4.3261836855925759 495.00000000000006 0.505848850692313 0.54067493276542944
decision_type=2 2 2 2 2 2 2 2 2
left_child=2 -2 3 8 5 -4 -5 -6 -1
right_child=1 -3 4 6 7 -7 -8 -9 -10
leaf_value=0.0076130520586081985 -0.00038952046740292455 -0.016733571786937573 -0.011329568304143766 -0.010641858619910001 0.0018266759095410489 0.010340444850471881 0.0017853112769821732 -0.001111872196999833 -0.011832823045311473
leaf_weight=639 48 35 144 892 4997 1244 297 13070 127
leaf_count=639 48 35 144 892 4997 1244 297 13070 127
internal_value=-0.000160517 -0.0126506 -0.000112097 -0.0024399 0.00012182 0.00345821 -0.00542473 -0.000134499 0.00219321
internal_weight=21493 83 21410 1955 19455 1388 1189 18067 766
internal_count=21493 83 21410 1955 19455 1388 1189 18067 766
is_linear=0
shrinkage=0.03


Tree=134
num_leaves=12
num_cat=0
split_feature=139 111 67 79 57 18 119 92 10 122 111
split_gain=13.4384 17.0853 16.5295 13.6745 16.473 14.1136 14.0907 13.2071 11.7857 10.5924 9.20429
threshold=66322.500000000015 10.238049260930277 0.65589433016602283 0.99615384615384628 0.16261398135073526 15.964092694253287 0.034521409200126266 1.5364025369870442 0.74756643418384761 0.64685439009003853 3.268617823897578
decision_type=2 2 2 2 2 2 2 2 2 2 2
left_child=3 2 -2 5 10 6 -1 -7 -6 -4 -5
right_child=1 -3 9 4 8 7 -8 -9 -10 -11 -12
leaf_value=-0.0073604512439328779 0.0061889394717604736 0.014926974659868036 -0.012727521785502625 -0.0078064988206170112 0.01643580758655128 -0.0077060781017046394 -3.4239840791689956e-05 -0.016231564633329441 0.037232746764189202 -0.015656192855696215 0.013953044534580508
leaf_weight=311 36 30 129 84 73 45 20548 35 105 47 50
leaf_count=311 36 30 129 84 73 45 20548 35 105 47 50
internal_value=-0.000160517 -0.00719008 -0.0101887 -8.04668e-05 0.00615385 -0.000173361 -0.000125126 -0.01275 0.0121348 -0.0139773 -0.00179104
internal_weight=21493 242 212 21251 312 20939 20859 80 178 176 134
internal_count=21493 242 212 21251 312 20939 20859 80 178 176 134
is_linear=0
shrinkage=0.03


Tree=135
num_leaves=10
num_cat=0
split_feature=79 2 91 15 61 62 69 84 162
split_gain=13.7854 18.1342 13.3189 12.8586 23.9603 15.4032 11.279 9.82957 8.44444
threshold=0.99615384615384628 71.740836802948621 15.505026049250803 -4.507458878316954 1.2499544797013893 0.505848850692313 0.71579439194499639 3.6098152014375589 0.83333333333333337
decision_type=2 2 2 2 2 2 2 2 2
left_child=2 -2 3 4 -1 -5 -3 -4 -8
right_child=1 6 7 5 -6 -7 8 -9 -10
leaf_value=-0.011315220999848304 -0.016602542900904946 -0.011812978231261446 -0.0039612599711755436 0.0019483114212392948 -0.0016835006622053683 -0.00067214668815498871 0.013238872724828588 -0.022115833294316635 0.045469578765353687
leaf_weight=299 39 49 45 5187 1621 13991 171 34 57
leaf_count=299 39 49 45 5187 1621 13991 171 34 57
internal_value=-0.000143768 0.00607595 -0.000236577 -0.000190539 -0.00253125 4.38002e-05 0.00877256 -0.0125316 0.0115789
internal_weight=21493 316 21177 21098 1920 19178 277 79 228
internal_count=21493 316 21177 21098 1920 19178 277 79 228
is_linear=0
shrinkage=0.03


Tree=136
num_leaves=7
num_cat=0
split_feature=114 148 149 149 62 104
split_gain=13.2036 21.9661 12.95 18.2321 18.2633 12.6589
threshold=19.169819215419004 43.957815465716273 107.50000000000001 91.500000000000014 0.67703632065334207 0.55527411629558576
decision_type=2 2 2 2 2 2
left_child=2 -2 3 5 -5 -1
right_child=1 -3 -4 4 -6 -7
leaf_value=-0.0010424337613038003 0.017715784874405435 -0.016190902031942643 -0.013952751580646695 -0.00066343612713378407 0.052237967281914557 0.00097471749211563649
leaf_weight=11749 34 42 44 49 64 9511
leaf_count=11749 34 42 44 49 64 9511
internal_value=-0.000149351 -0.0126316 -0.000105057 -7.15856e-05 0.0119469 -0.000135466
internal_weight=21493 76 21417 21373 113 21260
internal_count=21493 76 21417 21373 113 21260
is_linear=0
shrinkage=0.03


Tree=137
num_leaves=9
num_cat=0
split_feature=149 135 87 63 147 61 73 120
split_gain=15.6512 12.5356 35.7397 31.6627 29.0639 17.8127 21.6599 20.384
threshold=105.50000000000001 6560.5000000000009 5531.5000000000009 0.5180289503337091 39.432296784639867 14.295057993490589 4.0783424910129442 0.60111566379694004
decision_type=2 2 2 2 2 2 2 2
left_child=1 2 4 -4 -1 6 -3 -7
right_child=-2 5 3 -5 -6 7 -8 -9
leaf_value=-5.0013523599135019e-06 -0.012675260317171795 -0.0002139032161289972 -0.0031910416033744055 -0.011815033535695648 0.04846135360542618 -0.017384983708503124 0.0052003116415554112 -0.0033227190593195211
leaf_weight=3155 53 11512 1455 658 152 128 3961 419
leaf_count=3155 53 11512 1455 658 152 128 3961 419
internal_value=-0.000132601 -9.23507e-05 -0.00133948 -0.00438713 0.000607802 0.000329588 0.000517676 -0.00499086
internal_weight=21493 21440 5420 2113 3307 16020 15473 547
internal_count=21493 21440 5420 2113 3307 16020 15473 547
is_linear=0
shrinkage=0.03


Tree=138
num_leaves=9
num_cat=0
split_feature=149 43 37 115 149 79 57 91
split_gain=15.6458 13.6331 17.0834 16.8994 15.879 12.8241 15.2049 12.765
threshold=105.50000000000001 4.9078591415772692 64.766666666666666 4.5000000000000009 29.500000000000004 0.99615384615384628 0.16261398135073526 15.505026049250803
decision_type=2 2 2 2 2 2 2 2
left_child=1 5 3 -3 -4 7 -7 -1
right_child=-2 2 4 -5 -6 6 -8 -9
leaf_value=-0.00045500087721042745 -0.01229500250765664 0.10214308564712889 -0.003926163760842467 -0.0035507599516211804 0.018541894839014368 -0.0010052003162137075 0.020949954527427483 -0.011745605359483808
leaf_weight=20009 53 74 452 40 477 136 176 76
leaf_count=20009 53 74 452 40 477 136 176 76
internal_value=-0.000135393 -9.51493e-05 0.00325024 0.0142105 0.00190527 -0.000266216 0.00576923 -0.00035997
internal_weight=21493 21440 1043 114 929 20397 312 20085
internal_count=21493 21440 1043 114 929 20397 312 20085
is_linear=0
shrinkage=0.03


Tree=139
num_leaves=7
num_cat=0
split_feature=149 114 148 149 62 81
split_gain=15.6673 13.3425 21.9661 17.1553 17.6932 13.0891
threshold=105.50000000000001 19.169819215419004 43.957815465716273 91.500000000000014 0.67703632065334207 1.5000000000000002
decision_type=2 2 2 2 2 2
left_child=1 3 -3 5 -5 -1
right_child=-2 2 -4 4 -6 -7
leaf_value=0.0037024835885948945 -0.011926152432426939 0.017251010688621313 -0.015766321071049447 -0.00036134727973273441 0.060836062925782385 -0.00050924187445546335
leaf_weight=2290 53 34 42 48 56 18970
leaf_count=2290 53 34 42 48 56 18970
internal_value=-0.000124226 -8.39552e-05 -0.0126316 -3.93185e-05 0.0121154 -9.8777e-05
internal_weight=21493 21440 76 21364 104 21260
internal_count=21493 21440 76 21364 104 21260
is_linear=0
shrinkage=0.03


Tree=140
num_leaves=9
num_cat=0
split_feature=51 76 33 96 65 111 13 73
split_gain=14.4171 12.7555 13.2774 24.5335 14.0021 12.8118 20.0535 14.5496
threshold=5190.0000000000009 0.50961428788997298 3.5000000000000004 9.0692382332339125 0.60041152263374498 1.8609073722378919 10.685992083723974 11.932043458136604
decision_type=2 2 2 2 2 2 2 2
left_child=1 2 4 -4 -1 6 -3 -7
right_child=-2 5 3 -5 -6 7 -8 -9
leaf_value=-0.00024031682429803691 0.046341851634390807 -0.0041297194382777271 -0.013055528687744095 0.0041163950000118257 0.0030966615743651727 -0.00029676969101558368 -0.020479493577194873 -0.010046421345872658
leaf_weight=5948 31 1933 196 165 4343 8661 85 131
leaf_count=5948 31 1933 196 165 4343 8661 85 131
internal_value=-0.000121435 -0.000150964 0.000585805 -0.00506925 0.00078418 -0.000876966 -0.00303271 -0.000382166
internal_weight=21493 21462 10652 361 10291 10810 2018 8792
internal_count=21493 21462 10652 361 10291 10810 2018 8792
is_linear=0
shrinkage=0.03


Tree=141
num_leaves=15
num_cat=0
split_feature=37 105 37 55 150 27 40 149 147 126 112 67 2 76
split_gain=12.9706 29.2877 24.344 29.8701 30.8266 27.1774 26.1012 26.8593 17.2076 17.8061 16.6749 14.8258 10.6633 7.38608
threshold=326.66666666666669 0.26921749353383356 191.15833333333333 0.65028080863233395 3.5000000000000004 0.83668466283991461 6.3689538058614241 6.5000000000000009 14.868785301884065 0.42917485113681292 1.1198263454928641 1.8555161943319842 83.226102125898123 0.51202539154213655
decision_type=2 2 2 2 2 2 2 2 2 2 2 2 2 2
left_child=2 12 6 5 -5 -4 7 -1 10 -10 -3 -8 13 -2
right_child=1 8 3 4 -6 -7 11 -9 9 -11 -12 -13 -14 -15
leaf_value=0.0056074970836711537 0.037523958880356201 0.0047740574173006757 -0.003788854406999768 0.069309208270534967 0.0062007179490584556 0.002990650243798223 -0.001172738297753647 -0.0023103388010189099 -0.0014624643555693753 -0.016562371887431995 -0.014532423462407797 -0.018420333334795442 0.042565012237779344 -0.0033561256892375214
leaf_weight=1667 30 37 2046 287 1750 4048 47 6938 4221 161 115 58 53 35
leaf_count=1667 30 37 2046 287 1750 4048 47 6938 4221 161 115 58 53 35
internal_value=-0.000132601 -0.00153482 0.000254735 0.00143525 0.00458027 0.000383984 -0.000847302 -0.000665892 -0.00191884 -0.00157462 -0.0118421 -0.0157143 0.0132203 0.00507692
internal_weight=21493 4652 16841 8131 2037 6094 8710 8605 4534 4382 152 105 118 65
internal_count=21493 4652 16841 8131 2037 6094 8710 8605 4534 4382 152 105 118 65
is_linear=0
shrinkage=0.03


Tree=142
num_leaves=10
num_cat=0
split_feature=72 47 54 2 110 54 148 116 52
split_gain=12.8862 12.1489 18.4266 39.1962 20.824 14.8953 26.8975 18.3514 9.95707
threshold=13.841939871873713 83.20714285714287 1.586778757970231 71.099640175297935 0.55191249040235235 0.28797163565625589 51.77485942444175 19.500000000000004 1845.0000000000002
decision_type=2 2 2 2 2 2 2 2 2
left_child=1 5 4 -4 -3 6 -1 -7 -2
right_child=8 2 3 -5 -6 7 -8 -9 -10
leaf_value=-0.00052315057277285909 -0.0029458022499534208 -7.5161056043724614e-05 0.045902443988268572 -0.012135071219725336 -0.006845351676980021 0.0024387895235423751 -0.01762719080906669 -0.011825138287000764 -0.014811749353133398
leaf_weight=8567 46 3914 36 228 834 7645 88 98 37
leaf_count=8567 46 3914 36 228 834 7645 88 98 37
internal_value=-0.00012981 -8.40729e-05 -0.0013767 -0.00909091 -0.000947767 0.000311014 -0.000544194 0.00126695 -0.0119277
internal_weight=21493 21410 5012 264 4748 16398 8655 7743 83
internal_count=21493 21410 5012 264 4748 16398 8655 7743 83
is_linear=0
shrinkage=0.03


Tree=143
num_leaves=13
num_cat=0
split_feature=79 24 94 71 56 8 2 18 151 18 9 55
split_gain=12.9565 14.175 29.5818 14.8891 31.7907 20.8443 12.4756 12.2706 11.4449 10.5425 8.30017 7.68421
threshold=0.99615384615384628 -0.11075979218231076 1.575358253976199 1.380442217615383 1.0478846845584442 6.4678006576631555 71.740836802948621 4.4955319699025607 0.4061116140934386 -1.7376315491920546 1.6866839635363233 0.44013587382533631
decision_type=2 2 2 2 2 2 2 2 2 2 2 2
left_child=1 3 8 4 -1 -5 -2 -4 -3 11 -11 -8
right_child=6 2 7 5 -6 -7 9 -9 -10 10 -12 -13
leaf_value=0.0019259549314936807 -0.016294572243896296 0.039793010352462535 -0.016180165203709112 -7.6499008082152041e-05 0.19204656036951859 -0.0073236470025047507 -0.016833957772713515 -0.027452639307884299 -0.0045748239899526316 0.023975626843865568 -0.0026521563206255649 0.018688751206221786
leaf_weight=424 39 33 117 19464 92 948 36 48 51 179 31 31
leaf_count=424 39 33 117 19464 92 948 36 48 51 179 31 31
internal_value=-0.000143768 -0.000233744 -0.0073494 -0.000149083 0.00488372 -0.000276308 0.00588608 -0.0147273 0.00714286 0.00812274 0.0114286 -0.00223881
internal_weight=21493 21177 249 20928 516 20412 316 165 84 277 210 67
internal_count=21493 21177 249 20928 516 20412 316 165 84 277 210 67
is_linear=0
shrinkage=0.03


Tree=144
num_leaves=8
num_cat=0
split_feature=18 38 72 76 49 7 52
split_gain=12.8618 14.42 12.9619 12.2857 16.8966 16.6996 9.95707
threshold=15.964092694253287 7.8791847670682795 13.841939871873713 0.55094731091947502 0.96440957273530736 -2.8589694258493776 1845.0000000000002
decision_type=2 2 2 2 2 2 2
left_child=2 -2 3 4 -1 -5 -4
right_child=1 -3 6 5 -6 -7 -8
leaf_value=0.0017435748202052988 -0.00018433407805012013 -0.014994159208673532 -0.0028551332122123537 -0.0099394253827244754 -0.0011455083923144237 -0.0010792602140350372 -0.01436510190229693
leaf_weight=8614 48 35 46 559 7074 5080 37
leaf_count=8614 48 35 46 559 7074 5080 37
internal_value=-0.000140976 -0.0119277 -9.52826e-05 -4.92334e-05 0.000382458 -0.00125022 -0.0119277
internal_weight=21493 83 21410 21327 15688 5639 83
internal_count=21493 83 21410 21327 15688 5639 83
is_linear=0
shrinkage=0.03


Tree=145
num_leaves=9
num_cat=0
split_feature=18 38 52 108 116 60 54 35
split_gain=12.8375 14.42 11.9657 16.3606 16.8152 15.9441 23.9085 14.1488
threshold=15.964092694253287 7.8791847670682795 1425.0000000000002 0.3611321173147734 5.5000000000000009 7.4324152203812126 0.034566874591408468 1.0000000180025095e-35
decision_type=2 2 2 2 2 2 2 2
left_child=2 -2 5 4 -4 7 -7 -1
right_child=1 -3 3 -5 -6 6 -8 -9
leaf_value=-0.0016640059667554863 -0.00017880405570861789 -0.014544334432413326 -0.00021563885443618867 -0.015751235102491237 -0.010813935041043454 0.019319413773529574 0.003210258490558524 0.00070333126393485538
leaf_weight=8728 48 35 269 39 59 109 597 11609
leaf_count=8728 48 35 269 39 59 109 597 11609
internal_value=-0.000152143 -0.0119277 -0.000106492 -0.00547684 -0.00329268 -1.28309e-05 0.00441926 -0.000166691
internal_weight=21493 83 21410 367 328 21043 706 20337
internal_count=21493 83 21410 367 328 21043 706 20337
is_linear=0
shrinkage=0.03


Tree=146
num_leaves=10
num_cat=0
split_feature=72 24 94 25 107 150 18 54 52
split_gain=12.8375 11.9991 30.7595 14.5273 20.8429 14.7486 13.5283 12.0479 9.95707
threshold=13.841939871873713 -0.11075979218231076 1.575358253976199 -0.14030753476066032 0.05657497560354411 45.500000000000007 4.4955319699025607 0.18180319955623389 1845.0000000000002
decision_type=2 2 2 2 2 2 2 2 2
left_child=1 3 7 5 -5 -1 -4 -3 -2
right_child=8 2 6 4 -6 -7 -8 -9 -10
leaf_value=6.0308584285674313e-05 -0.0025823101007289998 0.042548873934748661 -0.01368483401671634 0.064705080444313598 0.0061201084407213864 -0.0050445486112557242 -0.026545768420549856 -0.0086168691651473828 -0.013927679679594938
leaf_weight=19401 46 41 121 87 454 1212 48 46 37
leaf_count=19401 46 41 121 87 454 1212 48 46 37
internal_value=-0.000152143 -0.000106492 -0.0065625 -2.83634e-05 0.0048244 -0.000155727 -0.0140237 0.00793103 -0.0119277
internal_weight=21493 21410 256 21154 541 20613 169 87 83
internal_count=21493 21410 256 21154 541 20613 169 87 83
is_linear=0
shrinkage=0.03


Tree=147
num_leaves=9
num_cat=0
split_feature=72 24 98 45 43 53 108 24
split_gain=12.8375 12.8862 28.2576 15.9891 14.2082 18.9097 13.3763 9.18921
threshold=13.841939871873713 -0.11075979218231076 5.8595329649170482 3.0801741264240987 5.0004593919967339 2250.0000000000005 1.0858174633017192 -9.661484798322542
decision_type=2 2 2 2 2 2 2 2
left_child=1 4 3 -3 6 -6 -1 -2
right_child=7 2 -4 -5 5 -7 -8 -9
leaf_value=-5.4121733667650272e-05 -0.013512489530070825 -0.0083346279149286336 -0.023739971628339043 0.021652422862015862 -0.0080039238358778821 0.019066556267879623 -0.0056093699538690544 -0.0040262529457953875
leaf_weight=20036 36 166 52 38 198 495 425 47
leaf_count=20036 36 166 52 38 198 495 425 47
internal_value=-0.000152143 -0.000106492 -0.00679687 -0.00176471 -2.55271e-05 0.00419913 -0.000168613 -0.0119277
internal_weight=21493 21410 256 204 21154 693 20461 83
internal_count=21493 21410 256 204 21154 693 20461 83
is_linear=0
shrinkage=0.03


Tree=148
num_leaves=9
num_cat=0
split_feature=25 52 24 18 43 108 122 106
split_gain=12.5714 12.1599 12.0721 28.7756 14.68 18.307 12.8197 12.1713
threshold=-11.970697403193705 1845.0000000000002 -0.11075979218231076 4.4955319699025607 5.0004593919967339 0.017332088273834163 0.75889338780232107 0.040321767384235978
decision_type=2 2 2 2 2 2 2 2
left_child=1 -1 4 7 6 -6 -2 -4
right_child=2 -3 3 -5 5 -7 -8 -9
leaf_value=-0.0035791444906548213 0.00042476952873489568 -0.0131071148441687 -0.017240035044681357 -0.025037196219083194 -0.025126048650613287 0.013873679684085661 -0.0017852291982588086 0.00081599452157306957
leaf_weight=53 13878 32 32 48 50 643 6581 176
leaf_count=53 13878 32 32 48 50 643 6581 176
internal_value=-0.000132601 -0.0116471 -8.68834e-05 -0.0065625 -8.50983e-06 0.00428571 -0.000153966 -0.00173077
internal_weight=21493 85 21408 256 21152 693 20459 208
internal_count=21493 85 21408 256 21152 693 20459 208
is_linear=0
shrinkage=0.03


Tree=149
num_leaves=7
num_cat=0
split_feature=149 114 148 149 62 72
split_gain=15.6458 13.3187 21.9661 15.2527 15.0599 12.9486
threshold=105.50000000000001 19.169819215419004 43.957815465716273 93.500000000000014 0.67703632065334207 13.841939871873713
decision_type=2 2 2 2 2 2
left_child=1 3 -3 5 -5 -1
right_child=-2 2 -4 4 -6 -7
leaf_value=-5.7443421536879091e-05 -0.011442922585522809 0.016693941560046437 -0.01416137922047552 -0.004319200304553618 0.055503501334428641 -0.008569775188820062
leaf_weight=21195 53 34 42 32 54 83
leaf_count=21195 53 34 42 32 54 83
internal_value=-0.000135393 -9.51493e-05 -0.0126316 -5.05523e-05 0.0125581 -0.000101513
internal_weight=21493 21440 76 21364 86 21278
internal_count=21493 21440 76 21364 86 21278
is_linear=0
shrinkage=0.03


Tree=150
num_leaves=9
num_cat=0
split_feature=149 148 55 135 125 48 17 29
split_gain=12.9193 12.0701 23.3853 23.7075 20.7177 25.8517 19.1138 18.3588
threshold=107.50000000000001 -1.2603678325465437 1.0000000180025095e-35 28451.500000000004 0.72091301264517582 27.500000000000004 4.9749819358466558 2.2800459000035458
decision_type=2 2 2 2 2 2 2 2
left_child=1 4 6 -4 5 -1 -3 -6
right_child=-2 2 3 -5 7 -7 -8 -9
leaf_value=-0.0022114710659879382 -0.011929491189367564 0.0061868484441546159 -0.0011417654458278892 0.002988684820215106 0.0037731050219014725 -0.020938277318869367 0.029675123718861648 -0.011300578426884112
leaf_weight=5602 44 864 7498 4269 2749 192 144 131
leaf_count=5602 44 864 7498 4269 2749 192 144 131
internal_value=-0.000124226 -9.09133e-05 0.000495499 0.000119827 -0.000954577 -0.00198826 0.00488095 0.001125
internal_weight=21493 21449 12775 11767 8674 5794 1008 2880
internal_count=21493 21449 12775 11767 8674 5794 1008 2880
is_linear=0
shrinkage=0.03


Tree=151
num_leaves=13
num_cat=0
split_feature=139 67 79 57 158 57 106 25 140 18 94 9
split_gain=13.599 14.0277 12.6645 15.1816 14.2658 13.5739 33.5086 22.2731 9.89761 9.55276 9.26484 5.24895
threshold=66322.500000000015 0.65589433016602283 0.99615384615384628 0.0957367055278672 0.43650793650793657 0.40063389481722439 0.061996757995828822 -0.080944326953939674 40.500000000000007 -1.0413665498093272 1.1985493652527708 3.2323535121383995
decision_type=2 2 2 2 2 2 2 2 2 2 2 2
left_child=2 -2 5 4 -4 7 -7 -1 11 -5 -10 -3
right_child=1 8 3 9 -6 6 -8 -9 10 -11 -12 -13
leaf_value=0.00024386507765641885 0.0044569283892220458 -0.013736559315803198 0.0098449965594778008 -0.00092477302410802985 -0.016315882110226356 0.0014709622509639375 -0.0051765830523210262 0.029137394985373655 0.011296628629711813 0.022324129493716021 -0.014183396187576464 -0.022145987450886834
leaf_weight=14091 42 100 56 55 37 3092 3526 230 37 164 32 31
leaf_count=14091 42 100 56 55 37 3092 3526 230 37 164 32 31
internal_value=-0.000118643 -0.00719008 -3.81159e-05 0.00596154 -0.00419355 -0.000127513 -0.00125113 0.000391732 -0.0105 0.010274 -0.00130435 -0.0153435
internal_weight=21493 242 21251 312 93 20939 6618 14321 200 219 69 131
internal_count=21493 242 21251 312 93 20939 6618 14321 200 219 69 131
is_linear=0
shrinkage=0.03


Tree=152
num_leaves=10
num_cat=0
split_feature=114 148 76 15 67 136 56 56 98
split_gain=13.2687 21.9661 11.9462 17.3565 13.6543 13.5878 26.6044 17.099 12.2197
threshold=19.169819215419004 43.957815465716273 0.55094731091947502 -5.0010778098393205 0.2686952832735548 1344.0000000000002 1.0346027076953701 1.4838034888188856 0.53349365828984852
decision_type=2 2 2 2 2 2 2 2 2
left_child=2 -2 5 8 -5 7 -7 -1 -4
right_child=1 -3 3 4 -6 6 -8 -9 -10
leaf_value=0.0010568497233385454 0.016220060324290186 -0.013681420135210599 -0.015449590388387188 -0.014006215641906784 -0.00085698717932743856 -0.0055468230831975541 0.027833036236515778 -0.0098231826154252938 -0.0093579809031706807
leaf_weight=13961 34 42 55 60 5152 1398 199 202 390
leaf_count=13961 34 42 55 60 5152 1398 199 202 390
internal_value=-0.000118643 -0.0126316 -7.42401e-05 -0.00125685 -0.000771297 0.000350254 -0.00227301 0.00064605 -0.00694382
internal_weight=21493 76 21417 5657 5212 15760 1597 14163 445
internal_count=21493 76 21417 5657 5212 15760 1597 14163 445
is_linear=0
shrinkage=0.03


Tree=153
num_leaves=7
num_cat=0
split_feature=116 79 126 76 16 154
split_gain=12.8355 23.7458 12.8067 12.5623 8.29829 4.26667
threshold=27.500000000000004 0.00036697489864759319 0.9075476656691106 0.55094731091947502 10.211019958771352 0.22500000000000003
decision_type=2 2 2 2 2 2
left_child=1 4 3 -3 -1 -2
right_child=5 2 -4 -5 -6 -7
leaf_value=0.0054906197681338486 -0.039033289869476746 0.0002647415631063321 0.063158207620883866 -0.0022503598850848947 0.30354694246755431 -0.010704426757921005
leaf_weight=31 30 15722 46 5600 34 30
leaf_count=31 30 15722 46 5600 34 30
internal_value=-0.000143768 -0.000104978 -0.000160052 -0.000194166 0.018 -0.014
internal_weight=21493 21433 21368 21322 65 60
internal_count=21493 21433 21368 21322 65 60
is_linear=0
shrinkage=0.03


Tree=154
num_leaves=8
num_cat=0
split_feature=51 73 68 70 69 63 84
split_gain=11.8344 12.0303 36.4879 30.7676 14.6861 19.4074 12.6311
threshold=5190.0000000000009 0.97284052083783557 6.8164983164983175 1.7846937527491649 9.7646103896103913 0.45720390720390724 19.723873885250828
decision_type=2 2 2 2 2 2 2
left_child=1 2 3 -1 6 -6 -3
right_child=-2 4 -4 -5 5 -7 -8
leaf_value=0.037906374486173476 0.045289660968031296 -0.000265334911070787 -0.036175449584628983 0.00051335066361490541 0.0020338126567480156 -0.014958374241804193 -0.030705006068294367
leaf_weight=324 31 20237 36 669 70 66 60
leaf_count=324 31 20237 36 669 70 66 60
internal_value=-0.000135393 -0.000162147 0.00300292 0.00407855 -0.000321539 -0.0101471 -0.000255703
internal_weight=21493 21462 1029 993 20433 136 20297
internal_count=21493 21462 1029 993 20433 136 20297
is_linear=0
shrinkage=0.03


Tree=155
num_leaves=7
num_cat=0
split_feature=18 38 149 149 62 72
split_gain=12.8679 14.42 11.6677 16.5564 12.2449 11.3877
threshold=15.964092694253287 7.8791847670682795 105.50000000000001 91.500000000000014 0.67703632065334207 13.841939871873713
decision_type=2 2 2 2 2 2
left_child=2 -2 3 5 -5 -1
right_child=1 -3 -4 4 -6 -7
leaf_value=-8.8766053104888946e-05 -0.00096178712245114371 -0.012960284019159168 -0.010892568120873058 0.00015603729099613383 0.057429841304971273 -0.0083174326133715389
leaf_weight=21176 48 35 53 42 56 83
leaf_count=21176 48 35 53 42 56 83
internal_value=-0.000138185 -0.0119277 -9.24801e-05 -5.75924e-05 0.0122449 -0.000114305
internal_weight=21493 83 21410 21357 98 21259
internal_count=21493 83 21410 21357 98 21259
is_linear=0
shrinkage=0.03


Tree=156
num_leaves=7
num_cat=0
split_feature=18 92 51 28 54 151
split_gain=12.8923 14.42 11.7654 11.8956 20.4488 19.7139
threshold=15.964092694253287 1.5364025369870442 5190.0000000000009 2.2930579649390128 0.24731760431781044 0.98486772469827533
decision_type=2 2 2 2 2 2
left_child=2 -2 3 5 -5 -1
right_child=1 -3 -4 4 -6 -7
leaf_value=-0.00019087598980711772 -0.00084700506492199764 -0.012831185842174042 0.043933634120583501 -0.006546722370886735 0.00040543858768364848 0.0086078697598984538
leaf_weight=18403 48 35 31 787 924 1265
leaf_count=18403 48 35 31 787 924 1265
internal_value=-0.000127018 -0.0119277 -8.12704e-05 -0.00010805 -0.00250731 0.000100671
internal_weight=21493 83 21410 21379 1711 19668
internal_count=21493 83 21410 21379 1711 19668
is_linear=0
shrinkage=0.03


Tree=157
num_leaves=15
num_cat=0
split_feature=37 105 37 55 29 40 93 148 115 56 148 104 3 76
split_gain=11.8237 28.9813 21.2484 27.5426 26.268 24.3664 24.1997 20.2348 16.5978 24.1555 20.1849 15.9709 11.5307 4.26667
threshold=326.66666666666669 0.26921749353383356 191.15833333333333 0.65028080863233395 0.67199816719176242 6.3689538058614241 2.0948488438594062 25.649571737765513 15.500000000000002 0.64707171637032246 -26.995541835881642 0.76187357035203196 0.99238854494809192 0.5153846031272612
decision_type=2 2 2 2 2 2 2 2 2 2 2 2 2 2
left_child=2 12 5 6 -5 7 -4 -1 9 -3 -10 -7 13 -2
right_child=1 8 3 4 -6 11 -8 -9 10 -11 -12 -13 -14 -15
leaf_value=-0.00048533901624030706 0.033589882461766564 -0.001418418315979606 -0.0044797838668792422 -0.0066629631007045029 0.01234349211555388 -0.016404352196454898 0.0026807956620076246 -0.011350921969126975 0.070407816949267218 -0.0095666238008914068 0.00079222226843113472 0.0014085675101231498 0.042573202966560968 -0.0019026738960577912
leaf_weight=8309 30 3582 1971 273 1764 71 4123 296 43 707 202 34 58 30
leaf_count=8309 30 3582 1971 273 1764 71 4123 296 43 707 202 34 58 30
internal_value=-0.000118643 -0.00145744 0.000251173 0.00135408 0.00437408 -0.000778416 0.000344601 -0.000603138 -0.00183944 -0.00227326 0.0057551 -0.0151429 0.0132203 0.004
internal_weight=21493 4652 16841 8131 2037 8710 6094 8605 4534 4289 245 105 118 60
internal_count=21493 4652 16841 8131 2037 8710 6094 8605 4534 4289 245 105 118 60
is_linear=0
shrinkage=0.03


Tree=158
num_leaves=8
num_cat=0
split_feature=72 116 79 8 119 72 154
split_gain=12.9106 12.9673 23.5595 13.0571 10.7637 8.91429 4.26667
threshold=13.841939871873713 27.500000000000004 0.00036697489864759319 6.4678006576631555 0.99858156028368805 1.3528931371851634 0.22500000000000003
decision_type=2 2 2 2 2 2 2
left_child=1 2 5 -4 -2 -1 -3
right_child=4 6 3 -5 -6 -7 -8
leaf_value=0.3758173978243815 -0.012251455027483047 -0.037733733039765988 8.2013652713750496e-05 -0.004898463251880706 -0.0032337449083985311 0.0038427574919445429 -0.0098357415960576948
leaf_weight=35 38 30 20240 1045 45 30 30
leaf_count=35 38 30 20240 1045 45 30 30
internal_value=-0.000118643 -7.28631e-05 -3.37237e-05 -8.87949e-05 -0.0119277 0.018 -0.014
internal_weight=21493 21410 21350 21285 83 65 60
internal_count=21493 21410 21350 21285 83 65 60
is_linear=0
shrinkage=0.03


Tree=159
num_leaves=7
num_cat=0
split_feature=51 114 148 24 10 108
split_gain=11.8058 11.6053 20.0739 11.5902 25.4788 22.4662
threshold=5190.0000000000009 19.169819215419004 43.957815465716273 -2.9182500350385414 6.545803792301454 0.048558226072547971
decision_type=2 2 2 2 2 2
left_child=1 3 -3 4 -1 -5
right_child=-2 2 -4 5 -6 -7
leaf_value=-0.0010716925434677514 0.042655717236863962 0.015601705620085251 -0.012630354024924092 -0.0031516640311675449 -0.010918872942304061 0.0011939490864585739
leaf_weight=4599 31 34 42 3439 286 13062
leaf_count=4599 31 34 42 3439 286 13062
internal_value=-0.00011306 -0.000139782 -0.0118421 -9.81951e-05 -0.00138178 0.000281801
internal_weight=21493 21462 76 21386 4885 16501
internal_count=21493 21462 76 21386 4885 16501
is_linear=0
shrinkage=0.03


Tree=160
num_leaves=7
num_cat=0
split_feature=51 114 88 111 16 142
split_gain=11.8023 11.6108 11.4177 27.6115 17.4079 8.89474
threshold=5190.0000000000009 19.169819215419004 1295.5000000000002 1.8609073722378919 4.336631784070117 546.50000000000011
decision_type=2 2 2 2 2 2
left_child=1 2 4 -4 -1 -3
right_child=-2 5 3 -5 -6 -7
leaf_value=-4.5607571283682312e-05 0.041376045719758045 -0.0028261139266727874 -0.011973044103300265 -0.001076686243070163 0.009412755437273072 -0.011867278694478603
leaf_weight=17792 31 38 348 2227 1019 38
leaf_count=17792 31 38 348 2227 1019 38
internal_value=-0.000110268 -0.000136986 -9.53895e-05 -0.00196893 0.000161076 -0.0118421
internal_weight=21493 21462 21386 2575 18811 76
internal_count=21493 21462 21386 2575 18811 76
is_linear=0
shrinkage=0.03


Tree=161
num_leaves=13
num_cat=0
split_feature=43 19 148 108 122 57 122 138 48 151 84 3
split_gain=11.9063 17.901 19.4845 18.2405 13.2186 26.7811 29.6113 22.4597 21.3245 29.3347 20.5889 8.15915
threshold=5.0004593919967339 2.091261449160049 47.88499341070456 0.017332088273834163 0.75889338780232107 0.38211313285628062 0.94705699159140455 4603.0000000000009 26.500000000000004 0.99076985632962877 11.636681485645047 1.0799250768024906
decision_type=2 2 2 2 2 2 2 2 2 2 2 2
left_child=4 11 3 -3 8 6 -6 -7 10 -10 -1 -2
right_child=1 2 -4 -5 5 7 -8 -9 9 -11 -12 -13
leaf_value=0.0004348227949739858 -0.03140894469100667 -0.026766510465093596 -0.016288975349234042 0.021096111421410619 -0.0073665120017282325 -0.0059083786938444651 0.001762808604985988 -0.017213557262574578 -0.018172819660545 0.030829979142259413 0.046246535738465835 -0.0044352429388401756
leaf_weight=13825 33 39 35 552 957 2050 3629 71 136 58 57 51
leaf_count=13825 33 39 35 552 957 2050 3629 71 136 58 57 51
internal_value=-0.000101894 0.00371831 0.00546326 0.00675127 -0.000232401 -0.00132846 -3.92499e-05 -0.00411598 0.000289855 -0.00958763 0.000427892 -0.00928571
internal_weight=21493 710 626 591 20783 6707 4586 2121 14076 194 13882 84
internal_count=21493 710 626 591 20783 6707 4586 2121 14076 194 13882 84
is_linear=0
shrinkage=0.03


Tree=162
num_leaves=15
num_cat=0
split_feature=135 26 63 10 110 147 11 54 0 149 73 60 108 105
split_gain=11.6675 25.9921 33.4956 23.7229 23.4169 21.7355 20.5134 29.8558 25.9905 25.431 37.046 18.7162 17.8177 5.29166
threshold=104643.50000000001 -2.2046822653610061 0.65982888000561057 0.20460533923090019 0.82753916625223922 15.817493494446362 7.2366477558168354 0.031813099732206702 -0.043493908965493981 62.500000000000007 2.3942090297993799 0.40430677636183315 0.080330485541668356 0.913096659872768
decision_type=2 2 2 2 2 2 2 2 2 2 2 2 2 2
left_child=6 4 3 -3 12 -4 9 13 -9 11 -11 -1 -2 -8
right_child=1 2 5 -5 -6 -7 7 8 -10 10 -12 -13 -14 -15
leaf_value=-0.020489639795700371 -0.0033167595954906081 0.035787285213227417 0.00077479158237444331 0.00024922228582989204 0.094136539407830941 -0.018476651350901745 -0.01193132782474325 -0.00083699782391858887 0.013392284752409136 0.00386171994536733 -0.012785037931858034 5.5286296297005207e-05 -0.015631705651400898 -0.0057920434835272965
leaf_weight=45 200 150 75 1206 50 144 42 1000 1526 274 500 15912 332 37
leaf_count=45 200 150 75 1206 50 144 42 1000 1526 274 500 15912 332 37
internal_value=-0.000118643 -0.0022114 -0.000209524 0.00154867 -0.00762887 -0.0110959 0.000114812 0.00259117 0.00315914 -0.000270755 -0.0055814 -1.31604e-05 -0.00947368 -0.0155696
internal_weight=21493 2157 1575 1356 582 219 19336 2605 2526 16731 774 15957 532 79
internal_count=21493 2157 1575 1356 582 219 19336 2605 2526 16731 774 15957 532 79
is_linear=0
shrinkage=0.03


Tree=163
num_leaves=7
num_cat=0
split_feature=116 79 126 76 72 1
split_gain=12.8769 23.687 12.7703 12.5847 8.91429 2.4
threshold=27.500000000000004 0.00036697489864759319 0.9075476656691106 0.55094731091947502 1.3528931371851634 80.787390640188889
decision_type=2 2 2 2 2 2
left_child=1 4 3 -3 -1 -2
right_child=5 2 -4 -5 -6 -7
leaf_value=0.3644848151573099 -0.0088200747872053103 0.00028262675276221765 0.060347745445262682 -0.0021047730684277091 0.0039387035385104255 -0.038442882125386379
leaf_weight=35 30 15722 46 5600 30 30
leaf_count=35 30 15722 46 5600 30 30
internal_value=-0.000121435 -8.25829e-05 -0.000137589 -0.000171654 0.018 -0.014
internal_weight=21493 21433 21368 21322 65 60
internal_count=21493 21433 21368 21322 65 60
is_linear=0
shrinkage=0.03


Tree=164
num_leaves=7
num_cat=0
split_feature=51 116 79 126 16 154
split_gain=11.7987 11.0662 23.7279 12.7957 8.29829 5.4
threshold=5190.0000000000009 27.500000000000004 0.00036697489864759319 0.9075476656691106 10.211019958771352 0.22500000000000003
decision_type=2 2 2 2 2 2
left_child=1 2 4 -4 -1 -3
right_child=-2 5 3 -5 -6 -7
leaf_value=0.0047063596781041547 0.04014336469317964 -0.035707197995995192 -0.00024588379647948021 0.058537313081904803 0.27155537059575852 -0.0082204808685605816
leaf_weight=31 31 30 21291 46 34 30
leaf_count=31 31 30 21291 46 34 30
internal_value=-0.000107477 -0.000134191 -9.81217e-05 -0.000153255 0.018 -0.013
internal_weight=21493 21462 21402 21337 65 60
internal_count=21493 21462 21402 21337 65 60
is_linear=0
shrinkage=0.03


Tree=165
num_leaves=7
num_cat=0
split_feature=116 79 126 8 72 154
split_gain=11.117 23.6504 12.7476 12.502 8.91429 5.4
threshold=27.500000000000004 0.00036697489864759319 0.9075476656691106 6.4678006576631555 1.3528931371851634 0.22500000000000003
decision_type=2 2 2 2 2 2
left_child=1 4 3 -3 -1 -2
right_child=5 2 -4 -5 -6 -7
leaf_value=0.34540360958471789 -0.034635982056115337 1.0153970628141163e-05 0.056781193689447659 -0.0051387769655396928 0.0036793516420119865 -0.0079738664425037624
leaf_weight=35 30 20294 46 1028 30 30
leaf_count=35 30 20294 46 1028 30 30
internal_value=-0.000104685 -6.85858e-05 -0.000123549 -0.000157584 0.018 -0.013
internal_weight=21493 21433 21368 21322 65 60
internal_count=21493 21433 21368 21322 65 60
is_linear=0
shrinkage=0.03


Tree=166
num_leaves=9
num_cat=0
split_feature=51 35 61 126 111 24 10 120
split_gain=11.7845 10.9835 23.8872 20.8891 20.359 19.3219 22.2149 16.5716
threshold=5190.0000000000009 1.0000000180025095e-35 13.278419799568397 0.9075476656691106 3.4112051018947551 -0.11075979218231076 3.0015462291650929 0.93083433694634021
decision_type=2 2 2 2 2 2 2 2
left_child=1 2 3 -1 -4 7 -7 -3
right_child=-2 5 4 -5 -6 6 -8 -9
leaf_value=-0.0011187345774833644 0.038938759133265409 -0.00082515991531160017 0.015892241839289844 0.11962054247253527 -0.015215544592120109 -0.0038819776977473239 -0.021192408909315747 0.0028374564100885485
leaf_weight=8966 31 5724 62 37 274 90 47 6262
leaf_count=8966 31 5724 62 37 274 90 47 6262
internal_value=-9.63104e-05 -0.000123008 -0.000896242 -0.000603132 -0.00875 0.000472655 -0.0107299 0.000600701
internal_weight=21493 21462 9339 9003 336 12123 137 11986
internal_count=21493 21462 9339 9003 336 12123 137 11986
is_linear=0
shrinkage=0.03


Tree=167
num_leaves=8
num_cat=0
split_feature=116 79 8 73 119 72 154
split_gain=11.1411 23.6138 11.1319 26.037 17.3174 8.91429 5.4
threshold=27.500000000000004 0.00036697489864759319 6.4678006576631555 1.3183895780572399 0.66891088188830039 1.3528931371851634 0.22500000000000003
decision_type=2 2 2 2 2 2 2
left_child=1 5 4 -4 -3 -1 -2
right_child=6 2 3 -5 -6 -7 -8
leaf_value=0.33506625609463564 -0.033572147796972519 -0.0012261968602892681 -0.017798308742541732 -0.0023449084188028402 0.0014175496888823506 0.0035981295101435509 -0.0077098956517693005
leaf_weight=35 30 10237 130 915 10086 30 30
leaf_count=35 30 10237 130 915 10086 30 30
internal_value=-9.07272e-05 -5.45887e-05 -0.00010951 -0.00312919 4.5761e-05 0.018 -0.013
internal_weight=21493 21433 21368 1045 20323 65 60
internal_count=21493 21433 21368 1045 20323 65 60
is_linear=0
shrinkage=0.03


Tree=168
num_leaves=8
num_cat=0
split_feature=116 79 42 147 65 24 154
split_gain=11.1025 21.3165 11.5157 18.949 17.2191 8.54831 5.4
threshold=27.500000000000004 0.00036697489864759319 0.55212508163407936 63.009892801718856 0.72391950464396293 -0.20320095504096056 0.22500000000000003
decision_type=2 2 2 2 2 2 2
left_child=1 5 3 -3 -4 -1 -2
right_child=6 2 4 -5 -6 -7 -8
leaf_value=0.012617988590536018 -0.032564983363063349 0.00068887872931918 -0.0020791366401923615 0.046271844340464524 0.0015833652762041227 0.3783821081064776 -0.0074785987822162218
leaf_weight=33 30 9143 8945 67 3213 32 30
leaf_count=33 30 9143 8945 67 3213 32 30
internal_value=-0.00011306 -7.69841e-05 -0.000129165 0.00067101 -0.000735318 0.0170769 -0.013
internal_weight=21493 21433 21368 9210 12158 65 60
internal_count=21493 21433 21368 9210 12158 65 60
is_linear=0
shrinkage=0.03


Tree=169
num_leaves=8
num_cat=0
split_feature=116 79 76 49 15 16 154
split_gain=11.1122 19.0709 11.6128 16.9475 15.5599 11.5618 5.4
threshold=27.500000000000004 0.00036697489864759319 0.55094731091947502 0.96440957273530736 -5.0010778098393205 10.211019958771352 0.22500000000000003
decision_type=2 2 2 2 2 2 2
left_child=1 5 3 -3 -4 -1 -2
right_child=6 2 4 -5 -6 -7 -8
leaf_value=0.0022302323413066882 -0.031588033862171447 0.0015430140792474444 -0.0098959310415981331 -0.0013256738342565864 -0.0011049168325522162 0.24264082864724845 -0.0072542408187497342
leaf_weight=31 30 8693 445 7051 5179 34 30
leaf_count=31 30 8693 445 7051 5179 34 30
internal_value=-0.000107477 -7.13852e-05 -0.000120741 0.000297256 -0.0012909 0.0161538 -0.013
internal_weight=21493 21433 21368 15744 5624 65 60
internal_count=21493 21433 21368 15744 5624 65 60
is_linear=0
shrinkage=0.03


Tree=170
num_leaves=14
num_cat=0
split_feature=37 105 37 55 15 58 15 47 150 147 38 2 85
split_gain=11.3126 28.778 20.9845 24.7939 27.1843 24.256 20.1177 31.7468 31.3654 15.7504 15.1476 10.6633 5.10037
threshold=326.66666666666669 0.26921749353383356 191.15833333333333 0.65028080863233395 -0.46589231981473472 1.773936964816337 0.71960853959182713 22.018518518518523 7.5000000000000009 11.92687843646241 1.9843662930899237 83.226102125898123 0.79654518146112652
decision_type=2 2 2 2 2 2 2 2 2 2 2 2 2
left_child=2 11 6 5 -5 -4 8 -8 -1 -3 -11 12 -2
right_child=1 9 3 4 -6 -7 7 -9 -10 10 -12 -13 -14
leaf_value=-0.0056347566563944296 -0.0019644467826641135 -0.012148451517074603 -0.0049381175026071934 -0.0016292066585941278 0.016222417525818454 0.0022171371005117423 0.0035573072005587992 -0.0066093068511999644 0.0029353946631863214 -0.01095634140758517 -0.0012305731521126283 0.040864729545360558 0.024590564134571506
leaf_weight=1327 30 39 1442 630 1407 4652 1115 2513 3755 358 4137 53 35
leaf_count=1327 30 39 1442 630 1407 4652 1115 2513 3755 358 4137 53 35
internal_value=-9.63104e-05 -0.00140585 0.000265424 0.00136146 0.0042268 0.000403676 -0.00075775 -0.00246417 0.000460449 -0.0017865 -0.0016218 0.0132203 0.00507692
internal_weight=21493 4652 16841 8131 2037 6094 8710 3628 5082 4534 4495 118 65
internal_count=21493 4652 16841 8131 2037 6094 8710 3628 5082 4534 4495 118 65
is_linear=0
shrinkage=0.03


Tree=171
num_leaves=14
num_cat=0
split_feature=135 26 110 103 56 25 10 94 7 151 69 27 108
split_gain=11.1161 23.6152 22.6848 20.6468 28.0187 24.9139 18.4583 35.9235 55.7277 19.4441 18.153 18.9974 17.6251
threshold=104643.50000000001 -2.2046822653610061 0.82753916625223922 0.0030264275838466147 0.19691334519183296 -1.9545359851250208 6.545803792301454 5.2960409127272579 5.7984463033063234 0.14010080001890743 1.8621901590825012 1.2838339820689557 0.080330485541668356
decision_type=2 2 2 2 2 2 2 2 2 2 2 2 2
left_child=6 2 12 4 -3 -5 7 9 -9 -1 -8 -12 -2
right_child=1 3 -4 5 -6 -7 10 8 -10 -11 11 -13 -14
leaf_value=-0.0049690627692544516 -0.0029308739585166216 -0.0048493877445664468 0.091561646723703705 -0.014918978358511199 0.012724158409574089 -0.00033328220132848195 0.11957187419849248 0.005864767279927627 0.098265063574644776 0.00042034317601970348 -0.0011913670139707666 -0.011879005509227865 -0.014873073466830616
leaf_weight=1916 200 415 50 180 574 406 33 1827 131 13826 1066 537 332
leaf_count=1916 200 415 50 180 574 406 33 1827 131 13826 1066 537 332
internal_value=-0.00011306 -0.00215577 -0.00731959 -0.000247619 0.00239636 -0.0047099 0.000114812 0.00039661 0.0042288 -8.00407e-05 -0.00293399 -0.0033874 -0.00913534
internal_weight=21493 2157 582 1575 989 586 19336 17700 1958 15742 1636 1603 532
internal_count=21493 2157 582 1575 989 586 19336 17700 1958 15742 1636 1603 532
is_linear=0
shrinkage=0.03


Tree=172
num_leaves=10
num_cat=0
split_feature=139 111 67 91 19 77 95 151 122
split_gain=12.7763 16.6879 16.0282 12.5054 12.4636 13.9322 13.7957 9.97403 9.02907
threshold=66322.500000000015 10.238049260930277 0.65589433016602283 15.505026049250803 15.026158345495608 0.27714117338920907 12.891110129442684 0.91185009654203975 0.64685439009003853
decision_type=2 2 2 2 2 2 2 2 2
left_child=3 2 -2 4 6 -6 -1 -5 -4
right_child=1 -3 8 7 5 -7 -8 -9 -10
leaf_value=4.2477752824257028e-05 0.0060294771880710198 0.015042699504508508 -0.011683021680498989 -0.019267956323921333 -0.0044019979771590086 0.060111509779125334 -0.017204339807775419 -0.0021367448080798356 -0.014489127271904843
leaf_weight=21003 36 30 129 33 32 50 89 44 47
leaf_count=21003 36 30 129 33 32 50 89 44 47
internal_value=-8.79356e-05 -0.00694215 -0.00990566 -9.88189e-06 3.4004e-05 0.0117073 -1.13787e-05 -0.0120779 -0.0136364
internal_weight=21493 242 212 21251 21174 82 21092 77 176
internal_count=21493 242 212 21251 21174 82 21092 77 176
is_linear=0
shrinkage=0.03


Tree=173
num_leaves=10
num_cat=0
split_feature=72 108 150 102 73 24 59 103 119
split_gain=11.4472 11.2519 21.0612 24.516 23.7504 17.1723 36.1985 19.0697 9.25327
threshold=13.841939871873713 0.048558226072547971 5.5000000000000009 1.4693214333660973 6.6206070945854592 -2.9529966174748767 6.2030700095026434 0.0032061839948970259 0.99858156028368805
decision_type=2 2 2 2 2 2 2 2 2
left_child=1 2 3 -1 -4 6 -3 -7 -2
right_child=8 5 4 -5 -6 7 -8 -9 -10
leaf_value=-0.01385436149350429 -0.011721281577712642 -0.0057913983041050828 -0.0021954751327064119 0.0048539639962041732 0.0087157864589083832 0.008002561411926375 0.0027195678234256423 0.00053112852727262624 -0.0024929157609662267
leaf_weight=563 38 2036 3252 195 474 1778 1723 11389 45
leaf_count=563 38 2036 3252 195 474 1778 1723 11389 45
internal_value=-8.5144e-05 -4.20364e-05 -0.00137823 -0.00593668 -0.000450886 0.000311946 -0.00147646 0.000822511 -0.0112048
internal_weight=21493 21410 4484 758 3726 16926 3759 13167 83
internal_count=21493 21410 4484 758 3726 16926 3759 13167 83
is_linear=0
shrinkage=0.03


Tree=174
num_leaves=15
num_cat=0
split_feature=37 105 56 68 25 37 73 68 56 4 148 105 3 55
split_gain=11.9159 23.0838 17.9554 30.7873 24.6609 17.8031 24.9237 21.3596 20.4715 19.9525 18.9732 18.9152 12.0252 5.75659
threshold=333.04166666666669 0.26921749353383356 0.64707171637032246 1.4131884057971018 -0.17994998379435415 191.15833333333333 0.78923761820107463 6.0650337837837851 0.41022813789625612 65.15861922603095 19.873789242405714 1.0125215019371716 1.0444163739091479 0.38753788093668345
decision_type=2 2 2 2 2 2 2 2 2 2 2 2 2 2
left_child=5 12 4 -4 -3 7 8 10 -7 -8 -1 -9 13 -2
right_child=1 2 3 -5 -6 6 9 11 -10 -11 -12 -13 -14 -15
leaf_value=-6.2352967046117584e-05 -0.0020474033561374947 -0.0016490986282910729 0.0011288895617777416 -0.012637448482909363 0.029377013483266351 0.023156394721440994 0.00090253843887802435 -0.014455146915601571 0.134153535569384 0.014807417381784697 -0.0069353052988736542 0.015472189378671565 0.046616956609328443 0.034976733582475904
leaf_weight=7787 34 3266 263 419 167 105 7672 191 46 730 690 42 50 31
leaf_count=7787 34 3266 263 419 167 105 7672 191 46 730 690 42 50 31
internal_value=-9.07272e-05 -0.00151773 -0.00188821 -0.00633431 -0.00100495 0.000258935 0.00123115 -0.000695752 0.0133113 0.00101404 -0.000449451 -0.00965665 0.0117391 0.00323077
internal_weight=21493 4230 4115 682 3433 17263 8553 8710 151 8402 8477 233 115 65
internal_count=21493 4230 4115 682 3433 17263 8553 8710 151 8402 8477 233 115 65
is_linear=0
shrinkage=0.03


Tree=175
num_leaves=15
num_cat=0
split_feature=37 105 37 55 29 29 17 72 28 67 15 67 98 3
split_gain=11.6459 19.7689 17.9734 22.9225 28.1565 23.387 20.0645 24.0289 22.2517 15.9827 26.3173 19.5381 12.6675 4.75066
threshold=326.66666666666669 0.26921749353383356 191.15833333333333 0.65028080863233395 0.67199816719176242 0.62478882660129675 9.7099992240191195 3.620684774579765 2.4432400341879883 1.7542421627840092 0.18104429730583269 1.4188831639047488 3.19758702498007 1.049672052422582
decision_type=2 2 2 2 2 2 2 2 2 2 2 2 2 2
left_child=2 12 6 5 -5 -4 8 -8 -1 11 -11 -3 -2 -14
right_child=1 9 3 4 -6 -7 7 -9 -10 10 -12 -13 13 -15
leaf_value=-0.00023192075726824468 -3.4617633883993191e-06 -0.0019395535869798696 0.015969001504463773 -0.0065038952641481651 0.011664437400100772 -0.00038195660858863221 -0.01745347175621367 0.0076729613471525912 -0.0085604878867311281 -0.01098527861616724 -0.00095539193300004158 0.0058021444771800866 0.032959696021196513 0.052204230914491626
leaf_weight=8195 51 2603 650 273 1764 5444 70 39 406 597 797 537 31 36
leaf_count=8195 51 2603 650 273 1764 5444 70 39 406 597 797 537 31 36
internal_value=-0.000115852 -0.00144454 0.000251173 0.00126553 0.00402062 0.000344601 -0.000695752 -0.0134862 -0.000533659 -0.00176004 -0.00443329 -0.000573248 0.010678 0.0192537
internal_weight=21493 4652 16841 8131 2037 6094 8710 109 8601 4534 1394 3140 118 67
internal_count=21493 4652 16841 8131 2037 6094 8710 109 8601 4534 1394 3140 118 67
is_linear=0
shrinkage=0.03


Tree=176
num_leaves=10
num_cat=0
split_feature=18 92 108 120 68 107 1 151 124
split_gain=11.3898 12.5336 11.3669 24.5185 22.5013 15.7071 15.6633 23.355 16.0361
threshold=15.964092694253287 1.5364025369870442 0.048558226072547971 0.54290623465881205 4.4124040920716121 0.18903599214280611 54.617414248021113 0.42196670473652492 0.49939531711934015
decision_type=2 2 2 2 2 2 2 2 2
left_child=2 -2 3 5 -5 -1 7 -4 -8
right_child=1 -3 6 4 -6 -7 8 -9 -10
leaf_value=-0.0054428193240952496 -0.00047620335140044099 -0.01167120706334589 -0.0064353967597831395 -8.8610000737582122e-05 -0.014368982578413906 -0.014976575474412251 -0.00050003073922659004 0.017378125598980367 0.0038723526914488525
leaf_weight=239 48 35 85 3744 250 240 12751 516 3585
leaf_count=239 48 35 85 3744 250 240 12751 516 3585
internal_value=-0.00011306 -0.0112048 -7.00607e-05 -0.00141516 -0.000645969 -0.00782881 0.000285174 0.0050416 0.000110186
internal_weight=21493 83 21410 4473 3994 479 16937 601 16336
internal_count=21493 83 21410 4473 3994 479 16937 601 16336
is_linear=0
shrinkage=0.03


Tree=177
num_leaves=13
num_cat=0
split_feature=56 27 137 92 95 139 57 135 23 97 12 124
split_gain=13.0991 15.7119 16.7247 31.6957 13.0829 12.2998 14.3801 12.4142 11.9032 9.09914 8.25765 7.26536
threshold=1.5706808512990362 0.83668466283991461 518.50000000000011 3.3083895547496955 15.533069642181353 66322.500000000015 0.51613176713849118 6560.5000000000009 -2.7815649638517894 1.3197799157681016 3.1145892340667021 0.45557981339306669
decision_type=2 2 2 2 2 2 2 2 2 2 2 2
left_child=4 2 3 -2 5 7 -7 -1 11 -10 -6 -3
right_child=1 8 -4 -5 10 6 -8 -9 9 -11 -12 -13
leaf_value=-0.0016841704420610358 -0.0090487099072132475 0.032073574456048963 -0.013662673040662349 0.095869440105518663 -0.00057035291942224005 -0.013710732349259265 0.0022980824328409266 0.00060039457893547722 -0.0097291582446449414 -0.016490203730962039 -0.013137707039746508 -0.017854890693164628
leaf_weight=5312 46 31 37 46 33 133 98 15568 41 73 45 30
leaf_count=5312 46 31 37 46 33 133 98 15568 41 73 45 30
internal_value=-0.000132601 -0.00631579 0.00162791 0.00847826 -4.38907e-05 1.42106e-06 -0.00688312 7.75862e-05 -0.0121714 -0.0178947 -0.0123077 -0.00147541
internal_weight=21493 304 129 92 21189 21111 231 20880 175 114 78 61
internal_count=21493 304 129 92 21189 21111 231 20880 175 114 78 61
is_linear=0
shrinkage=0.03


Tree=178
num_leaves=10
num_cat=0
split_feature=56 150 10 72 91 52 19 122 95
split_gain=13.3077 18.2507 12.5129 11.5303 11.5782 11.2384 10.9359 8.04825 4.829
threshold=1.7315462697288424 37.500000000000007 3.9263260752119198 13.841939871873713 15.505026049250803 1845.0000000000002 15.026158345495608 0.5296403852428192 1.9693216223861898
decision_type=2 2 2 2 2 2 2 2 2
left_child=3 2 8 4 6 -5 -1 -6 -2
right_child=1 -3 -4 5 7 -7 -8 -9 -10
leaf_value=-6.3688256780147774e-06 -0.01107503480798468 0.024061499743960567 -0.0019136132955648855 -0.0018030913040204153 -0.001133539768375894 -0.010740908375645203 0.030843314403569185 -0.015285747082650604 -0.017733869799388739
leaf_weight=21073 34 33 52 46 35 37 82 43 58
leaf_count=21073 34 33 52 46 35 37 82 43 58
internal_value=-0.00011306 -0.00830508 -0.0129167 -4.50366e-05 -1.4129e-06 -0.0112048 4.1125e-05 -0.0115385 -0.0195652
internal_weight=21493 177 144 21316 21233 83 21155 78 92
internal_count=21493 177 144 21316 21233 83 21155 78 92
is_linear=0
shrinkage=0.03


Tree=179
num_leaves=13
num_cat=0
split_feature=37 147 105 71 43 9 109 150 66 109 64 87
split_gain=10.7645 18.1576 23.1993 17.92 16.4805 29.896 28.9642 27.6573 16.8339 20.5842 13.4274 10.2353
threshold=333.04166666666669 11.92687843646241 0.26921749353383356 1.7751550219599277 4.3170684066857437 9.1884407734961151 0.025353191129521429 7.5000000000000009 10.181182795698925 0.42248898611858005 0.66282392026578074 75342.000000000015
decision_type=2 2 2 2 2 2 2 2 2 2 2 2
left_child=4 -2 11 -4 8 7 -7 -6 10 -10 -1 -3
right_child=1 2 3 -5 5 6 -8 -9 9 -11 -12 -13
leaf_value=-0.00079296657178620886 -0.010582074634351542 0.045446479597904391 -0.011399391720348888 -0.00087555677226317072 0.054684057359137499 0.10486416298753058 -0.019315621065632314 0.0061288277942534615 -0.0090811075634129445 -0.016078592306589114 0.002150881582576519 -0.00039453371823748194
leaf_weight=11316 38 77 470 3613 291 32 78 642 127 35 4742 32
leaf_count=11316 38 77 470 3613 291 32 78 642 127 35 4742 32
internal_value=-0.000104685 -0.00146099 -0.00127385 -0.0016385 0.000227655 0.00388303 -0.0109091 0.00562701 -7.39827e-06 -0.00962963 8.96749e-05 0.0123853
internal_weight=21493 4230 4192 4083 17263 1043 110 933 16220 162 16058 109
internal_count=21493 4230 4192 4083 17263 1043 110 933 16220 162 16058 109
is_linear=0
shrinkage=0.03


Tree=180
num_leaves=10
num_cat=0
split_feature=72 149 143 40 53 149 103 22 119
split_gain=11.4013 10.8219 34.0061 27.8349 22.9924 20.1266 20.9663 16.1615 9.25327
threshold=13.841939871873713 62.500000000000007 5.0392937913187472 2.3657881855896523 750.00000000000011 42.500000000000007 0.0074637685552471382 7.3119366126377958 0.99858156028368805
decision_type=2 2 2 2 2 2 2 2 2
left_child=1 5 4 -4 -3 7 -7 -1 -2
right_child=8 2 3 -5 -6 6 -8 -9 -10
leaf_value=-0.00078846224879455806 -0.011141532628795633 0.010253632181290736 0.012556139246142831 -0.0051347432360158724 -0.01484969522797598 -0.0010359817594122723 0.009445285832865349 0.0042749878649711885 -0.0023842608332692045
leaf_weight=15020 38 77 407 450 395 1265 1836 1960 45
leaf_count=15020 38 77 407 450 395 1265 1836 1960 45
internal_value=-0.000107477 -6.44559e-05 -0.00268623 0.000875146 -0.00915254 0.000109058 0.00233151 -0.00029682 -0.0112048
internal_weight=21493 21410 1329 857 472 20081 3101 16980 83
internal_count=21493 21410 1329 857 472 20081 3101 16980 83
is_linear=0
shrinkage=0.03


Tree=181
num_leaves=12
num_cat=0
split_feature=56 150 107 139 71 22 38 144 55 63 27
split_gain=11.2712 17.0416 11.2104 11.1995 14.2695 11.455 10.6227 18.306 17.8852 9.94305 7.16541
threshold=1.7315462697288424 37.500000000000007 0.14726743109626575 66322.500000000015 4.0101143687154162 3.4949750639037052 2.065131442325594 0.9818246805509262 0.38389587548654824 0.21066161547828441 1.8101482646862048
decision_type=2 2 2 2 2 2 2 2 2 2 2
left_child=3 2 -2 6 5 -5 8 -8 -1 -4 -6
right_child=1 -3 9 4 10 -7 7 -9 -10 -11 -12
leaf_value=-0.0053708161104515026 -0.017500944219735474 0.023298782171628292 0.011750570761569991 -0.0083265847510939229 -0.01044928023580244 -0.019096820292317795 0.0063859373412148085 6.8912257603094272e-05 0.0016540977534994028 -0.013166432414422878 0.015442144350559043
leaf_weight=1308 31 33 31 118 34 44 865 17953 957 82 37
leaf_count=1308 31 33 31 118 34 44 865 17953 957 82 37
internal_value=-8.79356e-05 -0.00762712 -0.0120833 -2.53331e-05 -0.00656652 -0.0114815 4.69573e-05 0.000280582 -0.00189404 -0.00769912 0.00464789
internal_weight=21493 177 144 21316 233 162 21083 18818 2265 113 71
internal_count=21493 177 144 21316 233 162 21083 18818 2265 113 71
is_linear=0
shrinkage=0.03


Tree=182
num_leaves=12
num_cat=0
split_feature=56 110 114 139 57 57 76 79 57 25 17
split_gain=11.2545 18.9053 12.4483 11.1803 13.2709 12.1905 12.0483 11.2688 14.5518 11.5952 3.07992
threshold=1.7315462697288424 0.29872257153259074 4.8067510204471775 66322.500000000015 0.51613176713849118 0.02625204863980107 0.54912811235596737 0.99615384615384628 0.098899935648749868 -0.14030753476066032 0.19330365280987075
decision_type=2 2 2 2 2 2 2 2 2 2 2
left_child=3 2 -2 7 5 -5 -6 9 -9 -1 -3
right_child=1 10 -4 4 6 -7 -8 8 -10 -11 -12
leaf_value=-0.00019007328471810447 -0.014515120692460581 -0.0060245222882051438 0.016088623272129992 0.00055218827128277967 0.0095281661961917098 -0.018446976812175799 -0.010470629820196694 -0.0026113701714017899 0.01747539359819367 0.010979701005154613 -0.015739687655752312
leaf_weight=20224 58 31 58 35 68 100 30 93 216 550 30
leaf_count=20224 58 31 58 35 68 100 30 93 216 550 30
internal_value=-9.35188e-05 -0.00762712 -0.000517241 -3.09627e-05 -0.00656652 -0.0126667 0.00183673 4.12655e-05 0.00572816 -4.33234e-05 -0.0211475
internal_weight=21493 177 116 21316 233 135 98 21083 309 20774 61
internal_count=21493 177 116 21316 233 135 98 21083 309 20774 61
is_linear=0
shrinkage=0.03


Tree=183
num_leaves=13
num_cat=0
split_feature=108 135 62 32 92 14 54 24 59 98 142 24
split_gain=10.7095 19.3615 18.1142 20.8144 20.6053 17.2296 19.1079 17.3414 32.4278 20.8412 12.2029 6.03571
threshold=0.048558226072547971 343046.50000000006 0.16743720515109017 1.5000000000000002 6.1450551696422941 15.677488627404783 0.16549526164859715 -2.9529966174748767 6.2030700095026434 5.5527657502925862 2183.5000000000005 -0.55239968293963815
decision_type=2 2 2 2 2 2 2 2 2 2 2 2
left_child=1 2 4 -4 -1 7 11 8 -2 -9 -8 -7
right_child=5 -3 3 -5 -6 6 10 9 -10 -11 -12 -13
leaf_value=0.032236244509595544 -0.0056114374901053161 -0.015467301204707413 -0.0036626959815552174 0.0041599157016770525 -0.022731346689582564 -0.01550002263709385 0.0016362518544386323 0.00033277189389844251 0.0015899588523661794 0.0073697392616103412 -0.0067078005611008228 -0.012330996131306378
leaf_weight=193 2022 52 3594 623 30 48 125 10245 1780 2714 31 36
leaf_count=193 2022 52 3594 623 30 48 125 10245 1780 2714 31 36
internal_value=-0.00011306 -0.00141585 -0.0012027 -0.00164335 0.00713004 0.000231163 -0.00775 0.000345445 -0.00143609 0.000868123 -0.00153846 -0.0192857
internal_weight=21493 4492 4440 4217 223 17001 240 16761 3802 12959 156 84
internal_count=21493 4492 4440 4217 223 17001 240 16761 3802 12959 156 84
is_linear=0
shrinkage=0.03


Tree=184
num_leaves=9
num_cat=0
split_feature=149 35 61 31 111 59 49 99
split_gain=10.8407 10.7142 23.0539 22.1024 19.8933 18.5402 17.1793 14.8862
threshold=107.50000000000001 1.0000000180025095e-35 13.278419799568397 1.0000000180025095e-35 3.4112051018947551 0.61541114006893671 0.96178503541341531 0.57094326214586599
decision_type=2 2 2 2 2 2 2 2
left_child=1 2 3 -1 -4 7 -7 -3
right_child=-2 5 4 -5 -6 6 -8 -9
leaf_value=0.0013580703830357898 -0.010899485002716796 -0.0023531466039484381 0.0152818069738052 -0.0032336096257406352 -0.014388453675537692 0.0026062174186130124 -0.0008656817480871173 -0.022094544645685436
leaf_weight=4451 44 35 62 4576 274 6591 5424 36
leaf_count=4451 44 35 62 4576 274 6591 5424 36
internal_value=-0.000124226 -9.37107e-05 -0.000855495 -0.000568295 -0.00857143 0.000496442 0.000586767 -0.0147887
internal_weight=21493 21449 9363 9027 336 12086 12015 71
internal_count=21493 21449 9363 9027 336 12086 12015 71
is_linear=0
shrinkage=0.03


Tree=185
num_leaves=10
num_cat=0
split_feature=67 59 7 35 31 24 105 57 111
split_gain=11.1634 14.5016 11.5811 11.5729 23.1518 18.0507 9.5626 10.9974 5.0625
threshold=0.24169696474529193 21.81437689978679 -0.76152197256575882 1.0000000180025095e-35 1.0000000180025095e-35 -0.11075979218231076 0.82127801157039182 0.2407004650917873 2.9055009502509308
decision_type=2 2 2 2 2 2 2 2 2
left_child=2 3 -1 4 -2 -5 8 -8 -4
right_child=1 -3 6 5 -6 -7 7 -9 -10
leaf_value=-0.015085171433642313 0.00095292080185701287 0.28984070583115712 -0.014533823742701112 0.00068598469283207117 -0.0036811945056085403 -0.013970336082384701 -0.0073744130905572291 0.0098002853650660908 -0.0072611190904756468
leaf_weight=35 4621 40 32 11859 4666 137 30 41 32
leaf_count=35 4621 40 32 11859 4666 137 30 41 32
internal_value=-0.000107477 -4.64287e-05 -0.00776471 -8.03458e-05 -0.000875417 0.000535178 -0.00377778 0.00380282 -0.0121875
internal_weight=21493 21323 170 21283 9287 11996 135 71 64
internal_count=21493 21323 170 21283 9287 11996 135 71 64
is_linear=0
shrinkage=0.03


Tree=186
num_leaves=13
num_cat=0
split_feature=56 110 146 139 57 57 108 135 87 143 18 68
split_gain=10.2884 19.8651 11.2933 11.1995 13.2709 12.1905 12.1599 11.8161 36.2773 16.8985 6.83554 3.07992
threshold=1.7315462697288424 0.29872257153259074 5.1453434697965159 66322.500000000015 0.51613176713849118 0.02625204863980107 0.1106819949747911 6560.5000000000009 5423.0000000000009 1.8002084706724559 -0.57132478116980312 1.2679491899852726
decision_type=2 2 2 2 2 2 2 2 2 2 2 2
left_child=3 2 10 7 5 -5 -6 8 -1 -9 -2 -3
right_child=1 11 -4 4 6 -7 -8 9 -10 -11 -12 -13
leaf_value=0.001097340538309213 0.00049912263951836899 -0.0068837278869799306 0.021172087289506529 0.00042687340298398931 0.013709284592554175 -0.017816464448221703 -0.0077362385424139422 0.023788103170775239 -0.0055335405707726982 0.00029786686471329867 -0.015151060522513696 -0.015473444829397644
leaf_weight=3196 30 31 52 35 37 100 61 363 2169 15355 34 30
leaf_count=3196 30 31 52 35 37 100 61 363 2169 15355 34 30
internal_value=-8.5144e-05 -0.00728814 0 -2.53331e-05 -0.00656652 -0.0126667 0.00183673 4.69573e-05 -0.00116869 0.000461891 -0.0084375 -0.0211475
internal_weight=21493 177 116 21316 233 135 98 21083 5365 15718 64 61
internal_count=21493 177 116 21316 233 135 98 21083 5365 15718 64 61
is_linear=0
shrinkage=0.03


Tree=187
num_leaves=15
num_cat=0
split_feature=42 131 119 98 88 86 149 101 63 1 6 59 73 107
split_gain=9.9767 17.7107 17.2445 18.855 29.0032 21.5157 18.0306 17.3952 16.6989 15.4065 17.6889 17.6607 9.06805 6.96889
threshold=0.55212508163407936 0.17165278132299791 0.2018208185626813 4.8216175475379197 482.50000000000006 3.6208421440807341 62.500000000000007 0.11430119475199631 0.68217893217893233 69.482249324560357 8.5000000000000018 7.6849341229379418 4.6335384361660781 0.4255160648869199
decision_type=2 2 2 2 2 2 2 2 2 2 2 2 2 2
left_child=1 9 3 5 -5 -2 8 -8 -4 10 -1 -11 13 -3
right_child=2 12 6 4 -6 -7 7 -9 -10 11 -12 -13 -14 -15
leaf_value=0.010846038055826786 -0.006288632066674048 -0.021414652772057233 0.00055122221889816856 0.04705319463366426 -0.013002680116827646 -0.017762993558070313 0.017347942808793392 -0.0083799222257560004 -0.0051689849096070951 -0.00025982218389163038 0.00078091248182378446 0.009784325626120742 0.00062902473823608029 -0.0073288056877080753
leaf_weight=774 934 45 8961 90 67 78 53 725 1338 6735 1185 446 32 30
leaf_count=774 934 45 8961 90 67 78 53 725 1338 6735 1185 446 32 30
internal_value=-0.000104685 0.000639126 -0.00066634 -0.00413174 0.0055414 -0.00563241 -0.000300623 -0.00470437 3.20419e-05 0.000781182 0.00313936 0.000137864 -0.0114953 -0.0172
internal_weight=21493 9247 12246 1169 157 1012 11077 778 10299 9140 1959 7181 107 75
internal_count=21493 9247 12246 1169 157 1012 11077 778 10299 9140 1959 7181 107 75
is_linear=0
shrinkage=0.03


Tree=188
num_leaves=14
num_cat=0
split_feature=56 110 65 38 86 97 89 112 135 18 3 59 68
split_gain=11.8086 12.0978 15.2255 15.0103 11.2611 10.3127 16.1557 16.7992 15.8277 15.792 14.5235 13.5514 6.30794
threshold=1.6025469599593369 0.29567519290815175 0.64859210675110268 4.3315530628939412 2.388783736014426 1.4031112276925706 34.500000000000007 2.2264911323181713 27928.500000000004 15.964092694253287 2.1587634767512451 1.5641277482029383 1.2679491899852726
decision_type=2 2 2 2 2 2 2 2 2 2 2 2 2
left_child=5 2 3 -2 -4 8 7 -7 10 -8 -1 -10 -3
right_child=1 12 4 -5 -6 6 9 -9 11 -11 -12 -13 -14
leaf_value=-0.0053329740631036611 -0.015652376527953177 -0.0044052692625194418 0.048253499340781082 0.0051230346371060548 -0.0023595321879613393 0.019632010747046406 0.00016064725431175485 -0.0031345796914416567 0.013570667798444333 -0.0087699466798619383 0.012278278546865619 -0.000466647495288065 -0.015684924103405051
leaf_weight=1653 57 37 31 40 35 200 18080 149 242 66 93 768 42
leaf_count=1653 57 37 31 40 35 200 18080 149 242 66 93 768 42
internal_value=-0.000104685 -0.00669421 -0.00202454 -0.00958763 0.00909091 -2.96457e-05 0.000225466 0.00661891 -0.00174165 0.000102502 -0.00347079 0.00124752 -0.0163291
internal_weight=21493 242 163 97 66 21251 18495 349 2756 18146 1746 1010 79
internal_count=21493 242 163 97 66 21251 18495 349 2756 18146 1746 1010 79
is_linear=0
shrinkage=0.03


Tree=189
num_leaves=13
num_cat=0
split_feature=56 57 99 157 139 57 108 57 73 113 139 45
split_gain=14.5582 12.497 14.2284 14.6339 10.2934 12.47 12.1599 11.4897 11.1073 39.9138 17.3386 5.15641
threshold=1.6025469599593369 0.19024411045568648 0.35349087295583154 0.45000000000000007 66322.500000000015 0.51613176713849118 0.1106819949747911 0.02625204863980107 0.97284052083783557 8.1465022053311866 53573.500000000007 1.9806684956114455
decision_type=2 2 2 2 2 2 2 2 2 2 2 2
left_child=4 2 -2 -4 8 7 -7 -6 9 -1 -10 -3
right_child=1 11 3 -5 5 6 -8 -9 10 -11 -12 -13
leaf_value=0.0085641671433515348 -0.013642990728001268 -0.015051201133262573 -0.0047414341688860754 0.041695040864187294 0.00039271111669817338 0.013300981302664947 -0.0075011761382541287 -0.017438461662472853 -0.0001999127071199036 -0.023571819690849562 0.041378945549871343 -0.0037567332758268596
leaf_weight=935 41 53 61 43 35 37 61 100 19948 67 68 44
leaf_count=935 41 53 61 43 35 37 61 100 19948 67 68 44
internal_value=-0.000121435 -0.00743802 -0.00186207 0.00403846 -3.81159e-05 -0.00630901 0.00183673 -0.0122222 3.14017e-05 0.00311377 -0.000122902 -0.0157732
internal_weight=21493 242 145 104 21251 233 98 135 21018 1002 20016 97
internal_count=21493 242 145 104 21251 233 98 135 21018 1002 20016 97
is_linear=0
shrinkage=0.03


Tree=190
num_leaves=14
num_cat=0
split_feature=56 57 109 38 104 54 63 37 2 20 106 74 44
split_gain=11.7686 12.8754 12.5611 10.0847 15.2949 19.9476 15.497 14.1664 17.8698 14.2904 9.69055 5.72761 6.88172
threshold=1.6025469599593369 0.19024411045568648 0.072879762117030344 1.9843662930899237 0.55527411629558576 0.13653856914898324 0.68544973544973564 330.02500000000003 88.456257440309557 1.6900023185722546 0.067562972623286657 0.18257575757575759 0.54313297530630777
decision_type=2 2 2 2 2 2 2 2 2 2 2 2 2
left_child=3 2 -2 7 6 -6 -5 9 -9 -1 -4 12 -3
right_child=1 11 10 4 5 -7 -8 8 -10 -11 -12 -13 -14
leaf_value=-0.0058335233350081533 -0.011699381938731601 0.0010053092358448268 -0.0090676819920587799 -1.8198530927985289e-05 -0.0013097320448173533 0.0044066534721030502 -0.0045851962233453402 -0.010657961117389951 0.042433599673731455 0.00048212370196206719 0.054884480739237636 -0.01509374649214296 -0.011464839016321251
leaf_weight=218 59 32 45 9164 2593 5602 2043 316 37 1278 41 35 30
leaf_count=218 59 32 45 9164 2593 5602 2043 316 37 1278 41 35 30
internal_value=-0.000115852 -0.00669421 -0.00103448 -4.09392e-05 0.000160808 0.00114582 -0.000559472 -0.00215792 -0.00756374 -0.000882353 0.00627907 -0.0151546 -0.00967742
internal_weight=21493 242 145 21251 19402 8195 11207 1849 353 1496 86 97 62
internal_count=21493 242 145 21251 19402 8195 11207 1849 353 1496 86 97 62
is_linear=0
shrinkage=0.03


Tree=191
num_leaves=13
num_cat=0
split_feature=56 68 16 42 65 136 56 49 63 16 48 139
split_gain=10.7962 12.2362 23.3631 17.6213 11.2667 9.94432 34.8595 44.886 21.2091 14.0875 30.8908 16.5461
threshold=1.5706808512990362 2.8102357049323445 3.1660787162878918 2.7694211519270113 0.72676316777902994 1344.0000000000002 1.0346027076953701 1.0602774449360275 0.49657518179685672 4.336631784070117 25.500000000000004 23795.500000000004
decision_type=2 2 2 2 2 2 2 2 2 2 2 2
left_child=5 2 3 -2 -4 9 8 -8 -7 11 -11 -1
right_child=1 -3 4 -5 -6 6 7 -9 -10 10 -12 -13
leaf_value=0.00015516806301714816 -0.011386231656466924 -0.025368561809975265 0.00031920627454172398 0.021001869772759901 0.090739956650888298 -0.0094287380545582961 -0.016398966025391374 0.08090291700678405 -0.0013187443183949848 0.011990243800321163 -0.014693092531521307 -0.0052746996057873889
leaf_weight=17378 172 37 30 35 30 737 47 187 1188 967 137 548
leaf_count=17378 172 37 30 35 30 737 47 187 1188 967 137 548
internal_value=-0.000110268 -0.00572368 -0.00348315 -0.00826087 0.013 -2.97324e-05 -0.00195924 0.00897436 -0.00328831 0.000189175 0.00347826 -1.33884e-05
internal_weight=21493 304 267 207 60 21189 2159 234 1925 19030 1104 17926
internal_count=21493 304 267 207 60 21189 2159 234 1925 19030 1104 17926
is_linear=0
shrinkage=0.03


Tree=192
num_leaves=8
num_cat=0
split_feature=116 79 48 62 84 16 1
split_gain=11.1218 19.0578 11.7798 28.4326 16.7918 11.5618 3.26667
threshold=27.500000000000004 0.00036697489864759319 30.500000000000004 0.99798792756539245 13.332837829598867 10.211019958771352 80.787390640188889
decision_type=2 2 2 2 2 2 2
left_child=1 5 4 -4 -3 -1 -2
right_child=6 2 3 -5 -6 -7 -8
leaf_value=0.0006811603874489735 -0.004924985565486051 -8.703309401190295e-05 -0.014972900374128566 0.033414405802739126 0.055357862206846888 0.23240021965823035 -0.031931148683381427
leaf_weight=31 30 20840 300 117 111 34 30
leaf_count=31 30 20840 300 117 111 34 30
internal_value=-0.000101894 -6.57864e-05 -0.000115125 -0.00510791 -1.5751e-05 0.0161538 -0.013
internal_weight=21493 21433 21368 417 20951 65 60
internal_count=21493 21433 21368 417 20951 65 60
is_linear=0
shrinkage=0.03


Tree=193
num_leaves=9
num_cat=0
split_feature=51 148 55 125 48 115 30 148
split_gain=11.788 11.4806 21.5059 20.784 27.4051 19.9742 19.6798 19.2716
threshold=5190.0000000000009 -1.3827530801533199 1.0000000180025095e-35 0.72091301264517582 27.500000000000004 1.5000000000000002 0.93009711727570099 -4.6905612326466555
decision_type=2 2 2 2 2 2 2 2
left_child=1 3 5 4 -1 -3 -4 -5
right_child=-2 2 6 7 -6 -7 -8 -9
leaf_value=-0.0022273704741203443 0.036175363229109699 -0.0098521001716440487 0.0032855040833509718 0.0053553899925933368 -0.02007408387090023 0.012667476415229794 -0.00088201105390673274 -0.0060512743475733188
leaf_weight=5530 31 99 3195 2206 187 920 8683 642
leaf_count=5530 31 99 3195 2206 187 920 8683 642
internal_value=-9.9102e-05 -0.000125804 0.000439637 -0.000977233 -0.00202029 0.00462218 8.08217e-05 0.00111657
internal_weight=21493 21462 12897 8565 5717 1019 11878 2848
internal_count=21493 21462 12897 8565 5717 1019 11878 2848
is_linear=0
shrinkage=0.03


Tree=194
num_leaves=8
num_cat=0
split_feature=116 79 16 119 119 135 5
split_gain=11.0833 19.1104 11.5618 11.1312 38.4634 23.5275 3.26667
threshold=27.500000000000004 0.00036697489864759319 10.211019958771352 0.66891088188830039 0.75651508089752995 5742.0000000000009 4.5000000000000009
decision_type=2 2 2 2 2 2 2
left_child=1 2 -1 5 -5 -3 -2
right_child=6 3 -4 4 -6 -7 -8
leaf_value=0.00068718590744271774 -0.01930901144321601 -0.0054247376761995935 0.22545467340010061 0.011279180413211923 -0.00013081520177038341 -0.00024607851024446099 -0.0093896634845493567
leaf_weight=31 30 1577 34 1354 9297 9140 30
leaf_count=31 30 1577 34 1354 9297 9140 30
internal_value=-0.000124226 -8.81818e-05 0.0161538 -0.000137589 0.000549244 -0.000820192 -0.013
internal_weight=21493 21433 65 21368 10651 10717 60
internal_count=21493 21433 65 21368 10651 10717 60
is_linear=0
shrinkage=0.03


Tree=195
num_leaves=9
num_cat=0
split_feature=149 148 91 66 55 149 98 22
split_gain=10.8285 10.2823 18.7669 21.7411 18.5524 20.6334 19.6628 7.61905
threshold=107.50000000000001 -1.2603678325465437 10.650788369524472 7.9616519174041303 1.0000000180025095e-35 6.5000000000000009 0.58217824376922289 3.7591523027039702
decision_type=2 2 2 2 2 2 2 2
left_child=1 2 3 -1 6 -6 -3 -4
right_child=-2 4 7 -5 5 -7 -8 -9
leaf_value=-0.0011073472629600546 -0.010080663630988574 -0.010156794033258551 0.098898431424383468 -0.012270832840817042 0.01429645873311353 -0.00015459270672562751 0.01264382718054481 0.0076539309285283859
leaf_weight=8434 44 74 30 170 459 11308 934 40
leaf_count=8434 44 74 30 170 459 11308 934 40
internal_value=-0.000132601 -0.000102103 -0.000899239 -0.0010251 0.000439139 0.00010453 0.00434524 0.0145714
internal_weight=21493 21449 8674 8604 12775 11767 1008 70
internal_count=21493 21449 8674 8604 12775 11767 1008 70
is_linear=0
shrinkage=0.03


Tree=196
num_leaves=9
num_cat=0
split_feature=38 108 67 48 154 59 107 38
split_gain=10.3383 21.0031 19.7572 13.4867 23.1037 19.9936 10.4748 11.2683
threshold=9.508322242933831 0.46204237913786889 10.878508771929825 35.500000000000007 0.18333333333333338 21.81437689978679 0.3458603706377929 10.3044551810915
decision_type=2 2 2 2 2 2 2 2
left_child=2 6 3 5 -5 -1 -2 -8
right_child=1 -3 -4 4 -6 -7 7 -9
leaf_value=-8.0958774309306539e-05 -0.012814129513226889 0.015319074996658414 0.16211897700631764 0.0028887389628706544 -0.02385955160315625 0.34725022217034335 0.0098046908789797584 -0.0098644272862585137
leaf_weight=21058 41 54 46 100 89 34 41 30
leaf_count=21058 41 54 46 100 89 34 41 30
internal_value=-0.000132601 -0.00759036 -7.45534e-05 -0.000117006 -0.00809524 -4.55149e-05 -0.015 -0.00802817
internal_weight=21493 166 21327 21281 189 21092 112 71
internal_count=21493 166 21327 21281 189 21092 112 71
is_linear=0
shrinkage=0.03


Tree=197
num_leaves=9
num_cat=0
split_feature=38 67 108 107 15 23 61 73
split_gain=10.3461 19.7516 18.0759 11.425 10.7244 22.3701 21.6368 10.032
threshold=9.508322242933831 10.878508771929825 0.46204237913786889 0.3458603706377929 -4.507458878316954 -5.3077377686293588 1.2499544797013893 3.4957890332606816
decision_type=2 2 2 2 2 2 2 2
left_child=1 4 3 -2 6 -6 -1 -5
right_child=2 -3 -4 7 5 -7 -8 -9
leaf_value=-0.0090380000484199738 -0.012429705627830081 0.15725540769612811 0.014859502746758664 -0.019054544941061801 0.0056632052424467868 -0.0002381876495359969 -0.0010221041187823707 0.011465124602410512
leaf_weight=303 41 46 54 41 1573 17765 1640 30
leaf_count=303 41 46 54 41 1573 17765 1640 30
internal_value=-0.00012981 -7.174e-05 -0.00759036 -0.0144643 -0.000114186 9.92864e-05 -0.00223881 -0.0071831
internal_weight=21493 21327 166 112 21281 19338 1943 71
internal_count=21493 21327 166 112 21281 19338 1943 71
is_linear=0
shrinkage=0.03


Tree=198
num_leaves=9
num_cat=0
split_feature=38 67 150 48 61 59 104 44
split_gain=10.3074 19.7799 18.129 12.3982 22.9609 17.0644 6.77509 8.09157
threshold=9.508322242933831 10.878508771929825 4.5000000000000009 35.500000000000007 3.1704123627100951 21.81437689978679 0.26034959359119536 0.52259925379707217
decision_type=2 2 2 2 2 2 2 2
left_child=1 3 -2 5 -5 -1 -4 -8
right_child=2 -3 6 4 -6 -7 7 -9
leaf_value=-8.1875814586150335e-05 0.019479725559928669 0.15253774546524426 -0.027859489288224452 -0.02339246977434635 0.0001100976539384868 0.33683986113471914 -0.0098920299791995462 0.0015165995476475879
leaf_weight=21058 45 46 30 73 116 34 52 39
leaf_count=21058 45 46 30 73 116 34 52 39
internal_value=-0.000143768 -8.58067e-05 -0.00759036 -0.000128283 -0.00777778 -5.97383e-05 -0.0136364 -0.00956044
internal_weight=21493 21327 166 21281 189 21092 121 91
internal_count=21493 21327 166 21281 189 21092 121 91
is_linear=0
shrinkage=0.03


Tree=199
num_leaves=12
num_cat=0
split_feature=24 98 24 111 107 19 67 26 87 45 93
split_gain=10.2201 26.982 13.096 32.9795 32.2538 28.0888 23.3054 39.1017 18.0038 12.2849 11.2038
threshold=-0.11075979218231076 5.8595329649170482 -0.46586332436049732 5.7745782685924985 0.65015343277548709 0.14229189151439281 3.4133118625872254 -0.88213448695537788 97218.000000000015 3.0801741264240987 1.1269227685357026
decision_type=2 2 2 2 2 2 2 2 2 2 2
left_child=2 9 6 5 -5 -4 8 -8 -1 10 -2
right_child=1 -3 3 4 -6 -7 7 -9 -10 -11 -12
leaf_value=0.00027904190440978968 0.0066647937223956854 -0.022852645664166966 0.035256792009282806 0.0058847856176509495 0.077149831937633195 -0.00166122793463899 -0.0015239580087026727 -0.016586481286621994 -0.0033658227461701483 0.020595689970238317 -0.013689548687360146
leaf_weight=14442 32 52 198 632 217 2643 665 267 2173 38 134
leaf_count=14442 32 52 198 632 217 2643 665 267 2173 38 134
internal_value=-0.000135393 -0.00609375 -6.35683e-05 0.00156098 0.00674912 1.05597e-05 -0.000405197 -0.00502146 -0.000146253 -0.00117647 -0.0046988
internal_weight=21493 256 21237 3690 849 2841 17547 932 16615 204 166
internal_count=21493 256 21237 3690 849 2841 17547 932 16615 204 166
is_linear=0
shrinkage=0.03


Tree=200
num_leaves=15
num_cat=0
split_feature=10 94 88 54 52 103 116 61 54 138 69 61 129 93
split_gain=11.1045 31.3267 35.8911 38.805 27.567 25.7918 22.2569 20.6321 28.7544 19.4249 16.1119 13.723 16.9877 16.9269
threshold=6.545803792301454 5.2960409127272579 482.50000000000006 0.062659215237618235 465.00000000000006 0.0015256333368598928 22.500000000000004 13.278419799568397 0.23198433762002199 3803.5000000000005 6.9779885798489607 1.3645691993396809 0.68408276346093821 3.3074099842568967
decision_type=2 2 2 2 2 2 2 2 2 2 2 2 2 2
left_child=1 7 9 -4 5 -2 -7 10 -9 -3 -1 12 -6 -13
right_child=4 2 3 -5 11 6 -8 8 -10 -11 -12 13 -14 -15
leaf_value=-0.0002505248995923853 0.10559090550781547 0.046059296805799052 0.035134221759356453 -0.0047789745282292503 -0.0087864723812027378 -0.00026098295925651161 -0.020029242717804676 0.00095173461299588916 -0.014894363982454898 0.014980330575815839 0.011175860318794646 -0.0095846034693295844 0.0093730505691055153 -0.018937686388594596
leaf_weight=16518 48 122 244 806 56 1426 54 340 320 936 243 217 58 105
leaf_count=16518 48 122 244 806 56 1426 54 340 320 936 243 217 58 105
internal_value=-0.000140976 7.52727e-05 0.00352941 -0.0004 -0.00229124 -0.00039267 -0.00109459 -0.00034269 -0.00554545 0.00742911 -0.00013782 -0.00894495 0 -0.0121118
internal_weight=21493 19529 2108 1050 1964 1528 1480 17421 660 1058 16761 436 114 322
internal_count=21493 19529 2108 1050 1964 1528 1480 17421 660 1058 16761 436 114 322
is_linear=0
shrinkage=0.03


Tree=201
num_leaves=12
num_cat=0
split_feature=56 62 25 22 137 25 114 60 109 42 72
split_gain=10.1533 12.1106 10.8178 14.4304 14.6419 13.0805 21.8126 17.9382 8.29816 7.29494 7.11765
threshold=1.7315462697288424 0.77326839826839844 -10.492906186421509 5.5899628616469803 673.50000000000011 -5.1159892818291572 9.4921158659791214 5.1528394212590998 0.094843179993523055 1.2420131795970792 3.3993506996504501
decision_type=2 2 2 2 2 2 2 2 2 2 2
left_child=2 8 3 4 -1 6 -4 -7 -2 -10 -3
right_child=1 10 5 -5 -6 7 -8 -9 9 -11 -12
leaf_value=0.0011939683306463821 -0.013995092643391157 -0.0031690391309336856 0.0044525150238090691 -0.0098024016166613302 -0.016193669417718898 -1.3423390433806025e-06 -0.018611457995184936 -0.0060505330280422008 -0.012339988323659068 0.007398298346953402 0.049093992743169501
leaf_weight=105 41 34 1303 31 33 18832 47 965 38 30 34
leaf_count=105 41 34 1303 31 33 18832 47 965 38 30 34
internal_value=-0.000132601 -0.00728814 -7.31845e-05 -0.00763314 -0.00347826 -1.27678e-05 0.00284444 -0.000207607 -0.0134862 -0.00705882 0.00264706
internal_weight=21493 177 21316 169 138 21147 1350 19797 109 68 68
internal_count=21493 177 21316 169 138 21147 1350 19797 109 68 68
is_linear=0
shrinkage=0.03


Tree=202
num_leaves=12
num_cat=0
split_feature=56 110 100 27 108 65 49 122 147 4 17
split_gain=11.1215 13.8041 10.309 11.4628 15.6432 11.5015 11.4606 11.1182 9.34989 10.3581 5.10213
threshold=1.7315462697288424 0.29872257153259074 0.8471153483757925 0.85347240664155699 0.30838214135476433 0.64102922977193721 2.1187016024714516 0.75889338780232107 19.375781280896231 40.138371812625671 0.19330365280987075
decision_type=2 2 2 2 2 2 2 2 2 2 2
left_child=2 8 6 5 -5 -4 7 -1 -2 -10 -3
right_child=1 10 3 4 -6 -7 -8 -9 9 -11 -12
leaf_value=0.0002924722344491193 -0.013071301485688499 -0.0046592132443939128 0.0047702950724115584 -0.0044842969149453925 0.013850379343354579 0.02687465806555699 -0.015804633476086266 -0.001714709690302376 0.032275871307275966 -0.0029172432031672533 -0.013180285812311851
leaf_weight=13437 42 31 253 592 250 208 34 6542 38 36 30
leaf_count=13437 42 31 253 592 250 208 34 6542 38 36 30
internal_value=-0.000138185 -0.00762712 -7.59992e-05 0.00250959 0.000427553 0.00631236 -0.000244341 -0.000214725 -0.00155172 0.00486486 -0.0191803
internal_weight=21493 177 21316 1303 842 461 20013 19979 116 74 61
internal_count=21493 177 21316 1303 842 461 20013 19979 116 74 61
is_linear=0
shrinkage=0.03


Tree=203
num_leaves=10
num_cat=0
split_feature=72 56 110 52 104 107 28 147 17
split_gain=11.3326 11.2412 13.8041 11.2384 10.6278 19.6888 18.9914 9.34989 5.10213
threshold=13.841939871873713 1.7315462697288424 0.29872257153259074 1845.0000000000002 0.65322912720553072 0.29197236475325467 1.0491653870091893 19.375781280896231 0.19330365280987075
decision_type=2 2 2 2 2 2 2 2 2
left_child=1 4 7 -2 6 -6 -1 -3 -4
right_child=3 2 8 -5 5 -7 -8 -9 -10
leaf_value=-0.0043807000301145094 -0.00098329268163996775 -0.012679162441117843 -0.0045194368470620958 -0.010701260262880766 0.0040078781235845786 -0.00086398352658604508 -7.6449522646697689e-05 0.0044505785141783979 -0.012784877237942496
leaf_weight=1870 46 42 31 37 4221 4073 11069 74 30
leaf_count=1870 46 42 31 37 4221 4073 11069 74 30
internal_value=-0.000140976 -9.8085e-05 -0.00762712 -0.0112048 -3.53224e-05 0.00080299 -0.000572687 -0.00155172 -0.0191803
internal_weight=21493 21410 177 83 21233 8294 12939 116 61
internal_count=21493 21410 177 83 21233 8294 12939 116 61
is_linear=0
shrinkage=0.03


Tree=204
num_leaves=10
num_cat=0
split_feature=72 108 120 68 24 59 63 11 51
split_gain=11.3097 10.1477 21.9897 22.4677 16.1667 31.5647 19.8452 12.5568 9.87465
threshold=13.841939871873713 0.048558226072547971 0.54290623465881205 4.4124040920716121 -2.9529966174748767 6.2030700095026434 0.48488999584890002 6.0929486264897248 2070.0000000000005
decision_type=2 2 2 2 2 2 2 2 2
left_child=1 2 7 -4 5 -3 -6 -1 -2
right_child=8 4 3 -5 6 -7 -8 -9 -10
leaf_value=-0.0051130616126647231 -0.00042490649345807541 -0.0049665624510596895 -5.3894496245687761e-05 -0.01384999781934578 -0.00043276484704384498 0.001993697101305477 0.0036331362130671719 -0.016780389224040206 -0.011640005645269744
leaf_weight=366 41 2036 3755 250 6868 1723 6299 113 42
leaf_count=366 41 2036 3755 250 6868 1723 6299 113 42
internal_value=-0.000152143 -0.000109295 -0.00137823 -0.000651685 0.00022687 -0.00150838 0.00072226 -0.00745303 -0.0112048
internal_weight=21493 21410 4484 4005 16926 3759 13167 479 83
internal_count=21493 21410 4484 4005 16926 3759 13167 479 83
is_linear=0
shrinkage=0.03


Tree=205
num_leaves=10
num_cat=0
split_feature=72 52 135 26 38 103 10 94 116
split_gain=11.3097 11.2384 10.8706 19.8035 23.2919 21.2588 19.0148 32.5284 16.5063
threshold=13.841939871873713 1845.0000000000002 104643.50000000001 -2.0988418521247971 3.1615252010725858 0.0030264275838466147 6.545803792301454 5.2960409127272579 21.500000000000004
decision_type=2 2 2 2 2 2 2 2 2
left_child=2 -2 6 4 -4 -5 7 -1 -8
right_child=1 -3 3 5 -6 -7 8 -9 -10
leaf_value=-3.9432479718752851e-05 -0.00094104670638702631 -0.010031022285636251 -0.016110845295811679 0.0037095307370395513 -0.0068485077908216757 -0.0066440763212037776 -0.0040969460456647261 0.0094978353500522767 -0.018090098191631963
leaf_weight=15673 46 37 87 956 537 575 1576 1954 52
leaf_count=15673 46 37 87 956 537 575 1576 1954 52
internal_value=-0.000152143 -0.0112048 -0.000109295 -0.00212993 -0.00663462 -0.000293926 0.000116853 0.000403358 -0.00298526
internal_weight=21493 83 21410 2155 624 1531 19255 17627 1628
internal_count=21493 83 21410 2155 624 1531 19255 17627 1628
is_linear=0
shrinkage=0.03


Tree=206
num_leaves=12
num_cat=0
split_feature=67 45 37 105 37 40 149 147 85 149 106
split_gain=12.0889 13.4026 10.6882 22.4904 18.5251 24.6381 24.1169 15.9019 12.173 9.14072 5.21504
threshold=0.24169696474529193 0.78557158032101404 326.66666666666669 0.26921749353383356 191.15833333333333 6.3689538058614241 42.500000000000007 11.92687843646241 0.7828721619443858 12.500000000000002 0.087296438715138258
decision_type=2 2 2 2 2 2 2 2 2 2 2
left_child=1 -1 4 8 5 -2 -6 -5 -4 -3 -11
right_child=2 9 3 7 6 -7 -8 -9 -10 10 -12
leaf_value=0.010217705082451541 -0.00066282036015188168 -7.2431814880148383e-05 -0.0018671522937359836 -0.0099579870838658064 0.00054345894453920567 -0.012240049575408932 0.0094313775003847054 -0.0016334411925981451 0.034763655548820674 -0.0077683906732058409 -0.01367074154738113
leaf_weight=32 8516 43 37 39 6131 105 1945 4472 78 60 35
leaf_count=32 8516 43 37 39 6131 105 1945 4472 78 60 35
internal_value=-0.000149351 -0.00811765 -8.58228e-05 -0.00136187 0.000267713 -0.000699455 0.00130015 -0.00169585 0.0117391 -0.0121739 -0.0173684
internal_weight=21493 170 21323 4626 16697 8621 8076 4511 115 138 95
internal_count=21493 170 21323 4626 16697 8621 8076 4511 115 138 95
is_linear=0
shrinkage=0.03


Tree=207
num_leaves=9
num_cat=0
split_feature=67 45 49 59 35 31 69 101
split_gain=11.0579 10.3765 11.3882 10.13 10.3293 23.9595 17.1778 5.9951
threshold=0.24169696474529193 1.5620268442554808 0.17701034707071936 21.81437689978679 1.0000000180025095e-35 1.0000000180025095e-35 1.312771739130435 0.6308087279732959
decision_type=2 2 2 2 2 2 2 2
left_child=1 2 -1 4 5 -2 -6 -3
right_child=3 7 -4 -5 6 -7 -8 -9
leaf_value=-0.0075353389530096642 0.00080742996833625289 -0.013650086968220475 0.0024502568499207922 0.25815131145953457 0.0036175197231592378 -0.0035909715415633333 -0.00032343453600084803 -0.01303466078964354
leaf_weight=40 4621 38 45 40 3776 4666 8220 47
leaf_count=40 4621 38 45 40 3776 4666 8220 47
internal_value=-0.000143768 -0.00776471 -0.000352941 -8.3009e-05 -0.000111356 -0.000862496 0.000470157 -0.0151765
internal_weight=21493 170 85 21323 21283 9287 11996 85
internal_count=21493 170 85 21323 21283 9287 11996 85
is_linear=0
shrinkage=0.03


Tree=208
num_leaves=15
num_cat=0
split_feature=148 125 48 30 55 115 110 87 30 30 71 29 148 29
split_gain=10.1642 18.1756 24.9118 20.9531 17.7532 20.676 18.9377 16.9235 16.8545 27.8407 26.6896 16.5919 16.8028 13.7484
threshold=-1.2603678325465437 0.72091301264517582 27.500000000000004 1.6196911189401693 1.0000000180025095e-35 1.5000000000000002 0.051277167036602497 148845.00000000003 0.95720709434676654 1.036795053234689 1.380442217615383 2.2800459000035458 -4.6905612326466555 0.82762182910888626
decision_type=2 2 2 2 2 2 2 2 2 2 2 2 2 2
left_child=1 2 3 -1 5 6 -2 -7 10 -10 -6 12 -3 -4
right_child=4 11 13 -5 8 7 -8 -9 9 -11 -12 -13 -14 -15
leaf_value=-0.0037526496921180723 0.026399723363547029 0.0061252459924474329 -0.014904045518614311 0.0014662048158523274 0.094514574953400751 0.016974531342416388 -0.016006524482389203 -0.0073116129576692671 -0.010909462722337504 -0.00029729651441395859 0.0023367123903466256 -0.010536150735533604 -0.0050134083751330119 -0.020888736766674625
leaf_weight=3992 31 2107 100 1610 96 840 68 74 413 8084 3213 131 642 92
leaf_count=3992 31 2107 100 1610 96 840 68 74 413 8084 3213 131 642 92
internal_value=-0.00011306 -0.000906156 -0.00187435 -0.00151017 0.00042359 0.00423495 -0.00878788 0.00564551 9.65611e-05 -0.000610804 0.00191296 0.00104167 0.00153874 -0.0125
internal_weight=21493 8674 5794 5602 12819 1013 99 914 11806 8497 3309 2880 2749 192
internal_count=21493 8674 5794 5602 12819 1013 99 914 11806 8497 3309 2880 2749 192
is_linear=0
shrinkage=0.03


Tree=209
num_leaves=11
num_cat=0
split_feature=64 115 84 85 15 37 110 0 70 50
split_gain=11.1852 29.0691 25.3859 20.9865 30.7101 20.2874 26.6679 25.6249 19.75 5.57888
threshold=0.66282392026578074 18.500000000000004 19.723873885250828 3.8572525222151373 -0.16444355804991623 330.02500000000003 0.59191292754631786 0.34586970405019651 10.747398601767491 88200.000000000015
decision_type=2 2 2 2 2 2 2 2 2 2
left_child=2 5 3 8 -5 7 -7 -2 -1 -3
right_child=1 9 -4 4 -6 6 -8 -9 -10 -11
leaf_value=-0.00038209939296720782 0.0020535907745720529 -0.020906026961291749 -0.058925678608773083 -0.010470859307788851 0.1000700192380191 -0.0065421849570978059 0.009570939709589733 0.0527976732753054 -0.008983983277561133 -0.017573190509074684
leaf_weight=14359 4705 30 41 34 71 1147 253 274 538 41
leaf_count=14359 4705 30 41 34 71 1147 253 274 538 41
internal_value=-0.000124226 0.00092093 -0.000572359 -0.000507932 0.0128571 0.00113341 -0.00205714 0.00203053 -0.000602135 -0.018169
internal_weight=21493 6450 15043 15002 105 6379 1400 4979 14897 71
internal_count=21493 6450 15043 15002 105 6379 1400 4979 14897 71
is_linear=0
shrinkage=0.03


Tree=210
num_leaves=10
num_cat=0
split_feature=56 110 149 14 18 116 79 1 17
split_gain=10.1374 14.626 10.2766 10.1142 10.4513 9.55261 20.1697 6.66667 5.10213
threshold=1.7315462697288424 0.29872257153259074 105.50000000000001 5.3350290714776127 5.0774637889429375 27.500000000000004 0.00036697489864759319 80.787390640188889 0.19330365280987075
decision_type=2 2 2 2 2 2 2 2 2
left_child=2 3 5 -2 -5 6 -1 -7 -3
right_child=1 8 -4 4 -6 7 -8 -9 -10
leaf_value=0.12025779530823047 -0.012058967047255311 -0.0041749252138061988 -0.0093260675551650202 0.030585060848090113 -0.0024357267965446528 -0.0037354500096910301 -5.8311930470012486e-05 -0.033327805155110683 -0.012412689402186769
leaf_weight=61 55 31 51 30 31 30 21144 30 30
leaf_count=61 55 31 51 30 31 30 21144 30 30
internal_value=-0.000138185 -0.00728814 -7.8814e-05 -0.00103448 0.00737705 -4.65554e-05 -1.27328e-05 -0.012 -0.0191803
internal_weight=21493 177 21316 116 61 21265 21205 60 61
internal_count=21493 177 21316 116 61 21265 21205 60 61
is_linear=0
shrinkage=0.03


Tree=211
num_leaves=13
num_cat=0
split_feature=25 28 66 62 51 49 76 64 49 106 106 22
split_gain=9.64126 35.2925 20.413 24.9879 14.2773 12.052 21.2066 20.4147 32.397 21.8025 17.6731 12.188
threshold=-0.14030753476066032 0.84962897840781793 1.5784327009936769 0.64495460280739791 1290.0000000000002 0.96440957273530736 0.57849809921736772 0.55981651376146802 1.0415797784278431 0.045886470383538817 0.045576973304190541 1.9040916364007738
decision_type=2 2 2 2 2 2 2 2 2 2 2 2
left_child=5 -2 3 -3 -4 6 10 8 -7 -9 -1 -8
right_child=1 2 4 -5 -6 7 11 9 -10 -11 -12 -13
leaf_value=0.0054030455681176115 -0.019880701659151994 0.021460978690194307 0.010177678056407815 -0.013478706095161101 0.13175677950567899 -0.0078850181257417978 -0.010355183556727548 -0.0056082538296443451 -0.00047222731827490147 0.0018941071729887881 0.0001810648334511411 -0.0022405669915015356
leaf_weight=2392 36 173 178 89 86 1999 360 1005 2809 3719 7188 1459
leaf_count=2392 36 173 178 89 86 1999 360 1005 2809 3719 7188 1459
internal_value=-0.000140976 0.00373665 0.00570342 -0.000229008 0.0115909 -0.000245091 0.000413194 -0.00103231 -0.00240849 0.000368332 0.000977035 -0.00255635
internal_weight=21493 562 526 262 264 20931 11399 9532 4808 4724 9580 1819
internal_count=21493 562 526 262 264 20931 11399 9532 4808 4724 9580 1819
is_linear=0
shrinkage=0.03


Tree=212
num_leaves=13
num_cat=0
split_feature=24 98 149 117 90 24 143 58 107 67 26 84
split_gain=10.1818 23.8508 12.2994 16.269 13.2484 10.7702 31.6358 26.7463 25.4412 22.8646 36.0581 16.8772
threshold=-0.11075979218231076 5.8595329649170482 38.500000000000007 3.5000000000000004 1867.5000000000002 -0.46586332436049732 5.9758901330958176 0.64263851743556899 0.65819894363558007 3.4133118625872254 -0.88213448695537788 13.332837829598867
decision_type=2 2 2 2 2 2 2 2 2 2 2 2
left_child=5 2 3 -2 -4 9 7 -7 -8 11 -11 -1
right_child=1 -3 4 -5 -6 6 8 -9 -10 10 -12 -13
leaf_value=-0.00018446462551796272 0.0068483413869080871 -0.022238517137094401 -0.0064014399369787273 -0.015885675944839556 0.092757498055151225 0.036809871755108671 0.0065924851131582505 -0.0021351195057124003 0.072815086599445869 -0.0017256673354177953 -0.016162624018198093 0.09912250994339028
leaf_weight=16545 43 52 32 99 30 223 646 2593 228 665 267 70
leaf_count=16545 43 52 32 99 30 223 646 2593 228 665 267 70
internal_value=-0.000146559 -0.00609375 -0.00147059 -0.00633803 0.00967742 -7.48693e-05 0.00139837 -0.000149148 0.00638444 -0.000384681 -0.00495708 -0.000128197
internal_weight=21493 256 204 142 62 21237 3690 2816 874 17547 932 16615
internal_count=21493 256 204 142 62 21237 3690 2816 874 17547 932 16615
is_linear=0
shrinkage=0.03


Tree=213
num_leaves=12
num_cat=0
split_feature=56 110 97 82 147 42 64 88 150 73 53
split_gain=11.1132 15.0047 11.8852 9.78419 18.8496 19.5899 15.6435 13.778 20.3999 16.3948 3.0394
threshold=1.7315462697288424 0.087598702647397025 1.8562269761868309 0.065510522397797796 11.397677901146738 0.95463626877527574 0.52535397048019783 513.50000000000011 13.500000000000002 0.72574314753724944 2550.0000000000005
decision_type=2 2 2 2 2 2 2 2 2 2 2
left_child=3 -2 -3 4 6 -6 -1 9 -9 -5 -4
right_child=1 2 10 7 5 -7 -8 8 -10 -11 -12
leaf_value=-0.0062405933348768719 0.0076945892183150075 -0.0038141080012456929 -0.010539675231421988 0.017032258499941191 0.0033979139830033265 -0.00069154995238865423 0.00032915050858180471 0.00034955386785496146 -0.0059870908524255646 -7.4873866164628655e-05 -0.010531126483332652
leaf_weight=610 54 56 34 164 4427 3458 641 1989 2444 7583 33
leaf_count=610 54 56 34 164 4427 3458 641 1989 2444 7583 33
internal_value=-0.000140976 -0.00762712 -0.0134146 -7.8814e-05 0.00066331 0.00120609 -0.00275779 -0.000635468 -0.00196932 0.000127791 -0.0219403
internal_weight=21493 177 123 21316 9136 7885 1251 12180 4433 7747 67
internal_count=21493 177 123 21316 9136 7885 1251 12180 4433 7747 67
is_linear=0
shrinkage=0.03


Tree=214
num_leaves=10
num_cat=0
split_feature=72 25 66 37 147 60 68 49 52
split_gain=9.93214 9.81147 26.464 26.5323 16.6689 15.6609 31.0501 14.6803 9.65713
threshold=13.841939871873713 -5.1159892818291572 4.9912440838404342 48.399999999999984 36.727465519217866 5.1528394212590998 2.0388386123680244 0.96440957273530736 1845.0000000000002
decision_type=2 2 2 2 2 2 2 2 2
left_child=1 2 3 -1 -4 7 -7 -3 -2
right_child=8 5 4 -5 -6 6 -8 -9 -10
leaf_value=0.086898682904777674 -0.0005115182005650641 0.0009684470068867223 -0.014738697626255137 0.0026150446584190879 0.0063587084184660641 -0.0081993204478210211 0.090981070653481461 -0.0014053714724994958 -0.0088133008647386449
leaf_weight=70 46 9848 73 1270 34 905 72 9138 37
leaf_count=70 46 9848 73 1270 34 905 72 9138 37
internal_value=-0.000124226 -8.40729e-05 0.00230131 0.00344776 -0.0120561 -0.000256975 -0.00396111 -6.63647e-05 -0.0104819
internal_weight=21493 21410 1447 1340 107 19963 977 18986 83
internal_count=21493 21410 1447 1340 107 19963 977 18986 83
is_linear=0
shrinkage=0.03


Tree=215
num_leaves=5
num_cat=0
split_feature=51 51 59 135
split_gain=9.47438 11.1253 10.1746 10.0151
threshold=5190.0000000000009 4380.0000000000009 21.81437689978679 6560.5000000000009
decision_type=2 2 2 2
left_child=1 2 3 -1
right_child=-2 -3 -4 -5
leaf_value=-0.0017348791242761967 0.035290579718513501 -0.014606588781586934 0.24397134238487445 0.00021657689404693591
leaf_weight=5338 31 39 40 16045
leaf_count=5338 31 39 40 16045
internal_value=-0.000121435 -0.000145373 -0.00011623 -0.000144507
internal_weight=21493 21462 21423 21383
internal_count=21493 21462 21423 21383
is_linear=0
shrinkage=0.03


Tree=216
num_leaves=15
num_cat=0
split_feature=82 147 42 19 76 64 56 85 116 83 15 101 143 22
split_gain=9.80903 18.5674 18.5818 18.4003 17.2929 13.9179 13.7975 13.4215 16.5271 14.9967 14.0131 12.5972 12.2021 10.2192
threshold=0.066107249290600328 11.397677901146738 0.95463626877527574 0.66268474677841271 0.49440878838581892 0.52535397048019783 0.83601809240888214 0.67702579632233528 27.500000000000004 24.754353233830848 13.303191347535186 0.33938641690713939 1.8446094429243773 3.9187861433865838
decision_type=2 2 2 2 2 2 2 2 2 2 2 2 2 2
left_child=1 5 4 -4 -3 12 -7 9 10 13 -9 -11 -1 -2
right_child=7 2 3 -5 -6 6 -8 8 -10 11 -12 -13 -14 -15
leaf_value=0.0029886494401612463 -0.004568763482831098 0.0083270483362496445 0.017706501149830235 -0.0011323496117262093 0.0018894895634846863 0.0017337296193008372 -0.010120985170929402 -0.00010970494562799304 -0.037043798263245629 0.0076989410576096427 -0.02249561166209145 -0.012675022959286511 -0.0074290718679302249 0.00061685419463596415
leaf_weight=87 884 953 137 3380 3536 616 35 10239 37 83 34 282 539 651
leaf_count=87 884 953 137 3380 3536 616 35 10239 37 83 34 282 539 651
internal_value=-0.000124226 0.000610794 0.00114664 -0.00048621 0.00242593 -0.00274863 0.000322581 -0.000683047 -0.000256062 -0.003 -0.000183977 -0.00846575 -0.00594249 -0.00170033
internal_weight=21493 9283 8006 3517 4489 1277 651 12210 10310 1900 10273 365 626 1535
internal_count=21493 9283 8006 3517 4489 1277 651 12210 10310 1900 10273 365 626 1535
is_linear=0
shrinkage=0.03


Tree=217
num_leaves=15
num_cat=0
split_feature=100 87 54 87 70 63 96 114 4 63 17 108 106 101
split_gain=9.63327 15.6115 14.2464 13.9062 12.6447 12.0376 22.6472 31.997 22.3505 18.8333 32.9324 26.2147 11.7053 11.0095
threshold=1.0909455758023185 13103.500000000002 0.17957516388291531 8013.5000000000009 3.0279356981902907 0.68544973544973564 3.7719218716620353 4.5421371815248479 41.13377728702725 0.48488999584890002 9.7099992240191195 0.054432093083112261 0.044460092825781027 1.3429750065117831
decision_type=2 2 2 2 2 2 2 2 2 2 2 2 2 2
left_child=5 3 -3 12 -4 9 8 -8 -7 10 -1 -11 -2 -5
right_child=1 2 4 13 -6 6 7 -9 -10 11 -12 -13 -14 -15
leaf_value=-0.00061166373582602351 -0.013811577528262104 0.027538389655180125 0.022400995177255485 -0.019935210359068048 -0.0067736067595129098 0.0072644046345233682 -0.0032824372349212669 -0.015159266088600869 -0.007249990441502349 -0.0028810207276326345 -0.018351558879385794 0.0046697365444911534 0.018603361401165915 -0.0053909923402314097
leaf_weight=11796 32 164 152 38 152 814 1273 306 364 1117 99 5062 90 34
leaf_count=11796 32 164 152 38 152 814 1273 306 364 1117 99 5062 90 34
internal_value=-0.000118643 0.00344411 0.00641026 -0.00371134 0.00256579 -0.000231866 -0.00207835 -0.00442685 0.00106961 4.97953e-05 -0.000648172 0.00139343 0.00245902 -0.0141667
internal_weight=21493 662 468 194 304 20831 2757 1579 1178 18074 11895 6179 122 72
internal_count=21493 662 468 194 304 20831 2757 1579 1178 18074 11895 6179 122 72
is_linear=0
shrinkage=0.03


Tree=218
num_leaves=14
num_cat=0
split_feature=149 27 112 109 53 107 149 60 149 11 147 138 19
split_gain=10.1931 31.5753 27.1247 23.3608 20.6734 22.9413 17.8188 15.9017 16.0859 21.7593 16.6726 10.1151 8.22857
threshold=62.500000000000007 2.3109988413696789 6.2155549211126679 0.47506255004304648 750.00000000000011 0.37823943614222366 76.500000000000014 0.40430677636183315 44.500000000000007 2.4527736787999714 60.335827106984212 1625.5000000000002 7.997689143103611
decision_type=2 2 2 2 2 2 2 2 2 2 2 2 2
left_child=7 4 3 -3 6 -6 -2 11 10 -10 -9 -1 -4
right_child=1 2 12 -5 5 -7 -8 8 9 -11 -12 -13 -14
leaf_value=-0.0016449076181530413 0.02606225112125974 0.025139553111991047 -0.014702908714595437 -0.012172769138841001 -0.012432124191048761 -0.0046477592102071646 -0.018170080545539272 -0.00036351692245952525 0.077107407529953487 0.0031312523183716309 0.054518233257052552 -0.019708674717163695 -9.0193197798695834e-05
leaf_weight=32 88 222 35 35 398 468 57 17345 44 2567 117 50 35
leaf_count=32 88 222 35 35 398 468 57 17345 44 2567 117 50 35
internal_value=-0.000154934 -0.00269058 0.00541284 0.00992218 -0.00531157 -0.00706697 0.00517241 1.33962e-05 6.72545e-05 0.0022635 -0.000261138 -0.0131707 -0.0111429
internal_weight=21493 1338 327 257 1011 866 145 20155 20073 2611 17462 82 70
internal_count=21493 1338 327 257 1011 866 145 20155 20073 2611 17462 82 70
is_linear=0
shrinkage=0.03


Tree=219
num_leaves=8
num_cat=0
split_feature=116 79 16 48 62 84 1
split_gain=11.0305 13.2096 17.4695 11.6166 34.7956 19.9015 5.4
threshold=27.500000000000004 0.00036697489864759319 10.211019958771352 28.500000000000004 0.96996909177915314 13.332837829598867 80.787390640188889
decision_type=2 2 2 2 2 2 2
left_child=1 2 -1 5 -5 -3 -2
right_child=6 3 -4 4 -6 -7 -8
leaf_value=-0.0015899303119218898 -0.0031561558330579827 -0.00011883480017466418 0.21212002769322311 -0.013386922295954951 0.035255056311457589 0.064023875374583428 -0.033388151056609805
leaf_weight=31 30 20726 34 398 141 103 30
leaf_count=31 30 20726 34 398 141 103 30
internal_value=-0.000154934 -0.000118975 0.0133846 -0.000160052 -0.00450835 -4.75299e-05 -0.013
internal_weight=21493 21433 65 21368 539 20829 60
internal_count=21493 21433 65 21368 539 20829 60
is_linear=0
shrinkage=0.03


Tree=220
num_leaves=11
num_cat=0
split_feature=56 110 37 105 38 2 37 94 9 50
split_gain=11.1215 12.5819 10.0737 19.1818 17.4794 16.4817 15.3262 12.8079 8.83565 7.85505
threshold=1.7315462697288424 0.087598702647397025 326.66666666666669 0.26921749353383356 10.3044551810915 72.874287912395076 191.15833333333333 2.9838006976137152 0.95129661666441512 41400.000000000007
decision_type=2 2 2 2 2 2 2 2 2 2
left_child=2 -2 4 7 6 -5 -1 -4 9 -3
right_child=1 8 3 5 -6 -7 -8 -9 -10 -11
leaf_value=-0.00073860241353650158 0.0072324882900562182 -0.006867183279421419 -0.00052691361353349761 0.0012393591693851303 -0.0093530198916567039 -0.0036366024875191471 0.0018466967659175459 0.041145599525169683 -0.011172887548025952 0.0014025977822219914
leaf_weight=8650 54 31 46 1107 43 3364 8039 67 57 35
leaf_count=8650 54 31 46 1107 43 3364 8039 67 57 35
internal_value=-0.000138185 -0.00762712 -7.59992e-05 -0.00132199 0.00026536 -0.00163051 0.000314578 0.010885 -0.0129268 -0.00545455
internal_weight=21493 177 21316 4584 16732 4471 16689 113 123 66
internal_count=21493 177 21316 4584 16732 4471 16689 113 123 66
is_linear=0
shrinkage=0.03


Tree=221
num_leaves=8
num_cat=0
split_feature=116 79 16 76 49 15 1
split_gain=11.0689 15.0305 15.3653 10.6101 13.577 12.9573 5.4
threshold=27.500000000000004 0.00036697489864759319 10.211019958771352 0.55094731091947502 0.96440957273530736 -4.3899930544963555 80.787390640188889
decision_type=2 2 2 2 2 2 2
left_child=1 2 -1 4 -3 -5 -2
right_child=6 3 -4 5 -6 -7 -8
leaf_value=-0.001597633305541759 -0.0030393130856601483 0.0012799126932811777 0.20570102595944886 -0.0082398113975526849 -0.001109571369072756 -0.0010589075288574867 -0.03227391167802543
leaf_weight=31 30 8693 34 529 7051 5095 30
leaf_count=31 30 8693 34 529 7051 5095 30
internal_value=-0.000132601 -9.658e-05 0.0143077 -0.000140397 0.000259146 -0.00125889 -0.013
internal_weight=21493 21433 65 21368 15744 5624 60
internal_count=21493 21433 65 21368 15744 5624 60
is_linear=0
shrinkage=0.03


Tree=222
num_leaves=6
num_cat=0
split_feature=51 51 107 90 48
split_gain=9.46481 11.137 9.9838 21.3402 20.6115
threshold=5190.0000000000009 4380.0000000000009 0.32833489371858976 2649.5000000000005 28.500000000000004
decision_type=2 2 2 2 2
left_child=1 2 4 -4 -1
right_child=-2 -3 3 -5 -6
leaf_value=0.00078861336222577289 0.034233457613184658 -0.014066515627349363 -0.0035385241290732824 0.00062647808962933648 -0.01200174540319753
leaf_weight=11711 31 39 4442 4913 357
leaf_count=11711 31 39 4442 4913 357
internal_value=-0.00011306 -0.000136986 -0.000107828 -0.000843399 0.00046238
internal_weight=21493 21462 21423 9355 12068
internal_count=21493 21462 21423 9355 12068
is_linear=0
shrinkage=0.03


Tree=223
num_leaves=13
num_cat=0
split_feature=56 50 90 139 57 76 25 28 148 57 60 147
split_gain=9.25184 11.5654 10.2975 9.39029 13.5798 12.9979 9.52186 35.6407 10.3363 8.98116 8.84737 8.02352
threshold=1.7315462697288424 48600.000000000007 4803.5000000000009 66322.500000000015 0.51613176713849118 0.54912811235596737 -0.14030753476066032 0.84962897840781793 -1.3827530801533199 0.02625204863980107 1.1681160494141694 19.375781280896231
decision_type=2 2 2 2 2 2 2 2 2 2 2 2
left_child=3 10 11 6 9 -6 8 -8 -1 -5 -2 -3
right_child=1 2 -4 4 5 -7 7 -9 -10 -11 -12 -13
leaf_value=-0.0013225196574705622 -0.0033663340293765883 -0.010814256301015042 0.023936007397920071 0.00024231203714495606 0.0084437985523237082 -0.0083984169653865022 -0.018680669343527231 0.015422952542827282 0.00046652390974163678 -0.016999687167771456 -0.011870946056838527 0.0012984640670901226
leaf_weight=8179 36 31 35 35 68 30 36 522 12346 100 40 35
leaf_count=8179 36 31 35 35 68 30 36 522 12346 100 40 35
internal_value=-0.000118643 -0.00694915 -0.00029703 -6.19253e-05 -0.0060515 0.00244898 4.26884e-06 0.00387097 -0.000100853 -0.0122222 -0.0157895 -0.00727273
internal_weight=21493 177 101 21316 233 98 21083 558 20525 135 76 66
internal_count=21493 177 101 21316 233 98 21083 558 20525 135 76 66
is_linear=0
shrinkage=0.03


Tree=224
num_leaves=12
num_cat=0
split_feature=56 150 82 147 61 85 108 116 37 23 38
split_gain=10.2088 10.786 9.73132 14.7174 16.118 14.1176 16.5545 14.0911 11.6767 9.20957 6.84621
threshold=1.7315462697288424 37.500000000000007 0.065071878989655371 11.92687843646241 3.7333101334410936 0.67702579632233528 1.357222537908809 27.500000000000004 313.50000000000006 -2.7155976441601921 2.8704849768112899
decision_type=2 2 2 2 2 2 2 2 2 2 2
left_child=2 9 3 8 -5 6 -4 -7 -1 -2 -11
right_child=1 -3 5 4 -6 7 -8 -9 -10 10 -12
leaf_value=-0.0023879513601611532 -0.00017042097398088261 0.019795892627019064 -0.0036918529937225437 0.0001518192895357373 0.0058859651073732032 -0.00012428719550062084 -0.012783629128076145 -0.034745896420924842 -0.006698557812530345 -0.0043369858681792748 -0.011402439834095527
leaf_weight=1389 51 33 1871 5084 2557 10315 32 37 31 43 50
leaf_count=1389 51 33 1871 5084 2557 10315 32 37 31 43 50
internal_value=-0.00011306 -0.00728814 -5.3481e-05 0.000691977 0.00121319 -0.000604651 -0.00297951 -0.000168083 -0.00211268 -0.0108333 -0.0164516
internal_weight=21493 177 21316 9061 7641 12255 1903 10352 1420 144 93
internal_count=21493 177 21316 9061 7641 12255 1903 10352 1420 144 93
is_linear=0
shrinkage=0.03


Tree=225
num_leaves=14
num_cat=0
split_feature=149 27 126 53 37 38 43 22 60 149 103 22 138
split_gain=9.61375 27.788 28.7384 19.5197 27.1887 19.0356 18.6999 16.9621 16.0385 13.6705 23.3356 12.9237 10.1151
threshold=62.500000000000007 2.3109988413696789 0.035940710874711145 750.00000000000011 219.31666666666669 4.7406413683825823 3.0863871348872949 8.2460561744438525 0.40430677636183315 42.500000000000007 0.007602288439354293 7.3119366126377958 1625.5000000000002
decision_type=2 2 2 2 2 2 2 2 2 2 2 2 2
left_child=8 3 5 7 -5 -3 -4 -2 12 11 -11 -10 -1
right_child=1 2 6 4 -6 -7 -8 -9 9 10 -12 -13 -14
leaf_value=-0.0015710802567285829 0.039071464300392586 0.042452286283907154 -0.016365231672223635 -0.015744101337444045 -0.0067590886784833848 -8.9565422472382965e-05 0.0079906385296120101 -0.0029168826529305885 -0.00063663068819313378 -0.001230093445138136 0.008958996014742435 0.0031599776396755977 -0.019104468442230085
leaf_weight=32 61 141 55 113 753 90 41 84 15015 1277 1819 1962 50
leaf_count=32 61 141 55 113 753 90 41 84 15015 1277 1819 1962 50
internal_value=-9.35188e-05 -0.00255605 0.00504587 -0.00501484 -0.00672055 0.0107792 -0.00875 0.00517241 6.99578e-05 0.000124047 0.00195736 -0.000210285 -0.0131707
internal_weight=21493 1338 327 1011 866 231 96 145 20155 20073 3096 16977 82
internal_count=21493 1338 327 1011 866 231 96 145 20155 20073 3096 16977 82
is_linear=0
shrinkage=0.03


Tree=226
num_leaves=15
num_cat=0
split_feature=10 52 103 98 61 144 4 69 15 71 61 61 93 129
split_gain=10.2073 26.3136 25.605 19.9943 27.0755 36.507 36.3267 22.245 19.9872 19.4388 18.6246 14.5042 15.6341 15.4526
threshold=6.545803792301454 465.00000000000006 0.0015256333368598928 5.4880357796248918 2.016215701451205 7.2925405527519773 62.773637633930768 6.9779885798489607 3.2796833091730617 5.1297585186093064 13.278419799568397 1.3645691993396809 3.3074099842568967 0.68408276346093821
decision_type=2 2 2 2 2 2 2 2 2 2 2 2 2 2
left_child=3 2 -2 7 5 -5 -6 10 -9 -4 -1 13 -13 -3
right_child=1 11 9 4 6 -7 -8 8 -10 -11 -12 12 -14 -15
leaf_value=-0.00017213786737582004 0.099673432801567888 -0.0080717430535418491 0.00022702161233073337 0.0010953564842558071 0.0076158746012313016 -0.021400090773087115 0.18834895935390228 0.0058746574241973172 0.066653350038253303 -0.011188346075340432 -0.0082672307511770914 -0.0088433088834097579 -0.017497844590095495 0.0094638957655104952
leaf_weight=16376 48 56 1352 511 1574 103 86 181 48 128 650 217 105 58
leaf_count=16376 48 56 1352 511 1574 103 86 181 48 128 650 217 105 58
internal_value=-0.000107477 -0.00216904 -0.000314136 9.98515e-05 0.00274406 -0.00263844 0.00473494 -0.000248624 0.0090393 -0.00101351 -0.000373546 -0.00866972 -0.0119255 0.000526316
internal_weight=21493 1964 1528 19529 2274 614 1660 17255 229 1480 17026 436 322 114
internal_count=21493 1964 1528 19529 2274 614 1660 17255 229 1480 17026 436 322 114
is_linear=0
shrinkage=0.03


Tree=227
num_leaves=12
num_cat=0
split_feature=67 45 104 28 38 27 73 20 30 104 101
split_gain=10.1736 13.5529 10.4703 19.3339 29.3955 25.3573 16.7811 20.308 18.5867 8.6394 6.98834
threshold=0.24169696474529193 1.5620268442554808 0.55527411629558576 1.0712511317501503 7.5006493880541729 0.89120810825878294 8.3886870363753925 1.9027523871136724 2.6641315516915696 1.6998185544743996 0.6308087279732959
decision_type=2 2 2 2 2 2 2 2 2 2 2
left_child=1 9 3 4 -2 -5 8 -8 -4 -1 -3
right_child=2 10 6 5 -6 -7 7 -9 -10 -11 -12
leaf_value=0.0011619914240898349 -0.0066293897942904939 -0.012320817196004537 0.00083993032418273157 -0.0025950384101528739 0.019116248193236925 0.0012701823045283209 -0.010824438569300361 0.02121444810631257 -0.0073186609985408839 -0.0069764657565744726 -0.011531823733641441
leaf_weight=53 1614 38 8450 3820 152 6270 82 477 458 32 47
leaf_count=53 1614 38 8450 3820 152 6270 82 477 458 32 47
internal_value=-0.000101894 -0.00741176 -4.36149e-05 -0.000637652 -0.00353341 -0.000130823 0.000700327 0.0057424 0.000383925 0.00105882 -0.0158824
internal_weight=21493 170 21323 11856 1766 10090 9467 559 8908 85 85
internal_count=21493 170 21323 11856 1766 10090 9467 559 8908 85 85
is_linear=0
shrinkage=0.03


Tree=228
num_leaves=15
num_cat=0
split_feature=135 87 0 18 56 26 63 38 10 143 147 48 105 103
split_gain=9.6539 21.592 42.1335 25.6711 22.1873 19.9465 26.3132 23.604 22.9068 17.1254 16.9292 16.3015 30.4779 15.9799
threshold=104643.50000000001 103861.00000000001 -0.045694671634914988 0.48992850158940154 0.52126178927729139 -2.0988418521247971 0.65982888000561057 3.1615252010725858 0.20460533923090019 9.9317323118730183 15.817493494446362 30.500000000000004 0.46996035202283554 0.0028760469490906305
decision_type=2 2 2 2 2 2 2 2 2 2 2 2 2 2
left_child=1 11 3 -3 -4 7 8 -2 -7 -9 -8 13 -13 -1
right_child=5 2 4 -5 -6 6 10 9 -10 -11 -12 12 -14 -15
leaf_value=0.0071347689876202812 -0.015907216055171505 0.0060713892044222395 0.011004325486361943 -0.012835117539187887 0.080041076105485567 0.035704463197480489 0.00026070760905747334 -0.0002144850404530152 6.1367763739095245e-06 -0.014839899871131832 -0.015868940752694655 0.0080306870348383751 -0.016137623964639185 -0.00015579178774452501
leaf_weight=1029 87 100 194 80 124 140 72 349 1185 188 136 149 274 17386
leaf_count=1029 87 100 194 80 124 140 72 349 1185 188 136 149 274 17386
internal_value=-0.00011306 9.92966e-05 0.00626506 -0.00533333 0.0128302 -0.00201669 -0.000176125 -0.00653846 0.00138113 -0.00418994 -0.0100962 -6.3701e-05 -0.00588652 7.00516e-05
internal_weight=21493 19336 498 180 318 2157 1533 624 1325 537 208 18838 423 18415
internal_count=21493 19336 498 180 318 2157 1533 624 1325 537 208 18838 423 18415
is_linear=0
shrinkage=0.03


Tree=229
num_leaves=15
num_cat=0
split_feature=61 120 138 73 73 72 103 107 24 21 87 154 8 108
split_gain=9.5863 21.1127 16.6871 13.9915 26.5534 25.1892 21.4424 20.7661 17.4623 13.746 13.3637 11.1026 8.59105 7.18888
threshold=14.295057993490589 0.55453000776153227 5443.5000000000009 4.0783424910129442 3.4157998993600818 10.770755989452736 0.0025942459124629999 0.32833489371858976 -0.48549788496111462 4.3781920477947081 12904.000000000002 0.46428571428571436 -5.2339132439708438 0.33225866915425228
decision_type=2 2 2 2 2 2 2 2 2 2 2 2 2 2
left_child=3 10 9 4 6 7 -1 -5 -6 -3 -2 -4 -7 -12
right_child=1 2 11 5 8 12 -8 -9 -10 -11 13 -13 -14 -15
leaf_value=0.0049822608923406255 -0.0019510924016753286 0.0018827287307050305 0.001620452889748345 0.0063928644694771341 -0.0070238223273833764 -0.0017289611472483704 -0.00048267024897346677 -0.0009006669794610722 0.0015123321720666193 -0.01298584568824092 -0.016860983133158907 0.036881687597888076 -0.017506529297001357 -0.016336211644199086
leaf_weight=1426 56 242 80 3261 1637 30 11446 2473 477 190 43 51 33 48
leaf_count=1426 56 242 80 3261 1637 30 11446 2473 477 190 43 51 33 48
internal_value=-0.000121435 -0.0035493 -0.000905861 -4.33046e-06 -0.000488456 0.0012472 2.33064e-05 0.00145448 -0.00360454 -0.00375 -0.0136735 0.00847328 -0.017619 -0.0207692
internal_weight=21493 710 563 20783 14986 5797 12872 5734 2114 432 147 131 63 91
internal_count=21493 710 563 20783 14986 5797 12872 5734 2114 432 147 131 63 91
is_linear=0
shrinkage=0.03


Tree=230
num_leaves=15
num_cat=0
split_feature=135 11 37 87 40 4 0 122 55 91 66 57 72 71
split_gain=9.71062 18.0737 36.3278 29.0173 27.5984 20.2686 26.6491 17.7278 24.2727 26.8789 19.2018 20.3993 20.0403 16.6893
threshold=104643.50000000001 7.2366477558168354 215.27500000000001 104704.00000000001 2.0214654073331997 71.837314594994808 -0.09867862388016857 0.86056042699199398 0.042389368396794476 7.9804420458865009 7.9616519174041303 0.10010250725733943 2.7181716191765237 1.4363009461015501
decision_type=2 2 2 2 2 2 2 2 2 2 2 2 2 2
left_child=1 5 4 -4 -3 -1 -7 10 9 -9 11 -2 -12 -10
right_child=7 2 3 -5 -6 6 -8 8 13 -11 12 -13 -14 -15
leaf_value=-0.00015088406075819961 -0.004694580388181587 0.0037030427122248452 0.0062627151945516815 0.047688423335416376 -0.0067374975984444592 0.027303227602870798 -0.018417483008100557 -0.0093757586067017267 0.010523609786466813 0.11267776915735805 -0.0023642086869880064 0.0034618298167378991 -0.017742003906938184 -0.011203176219156829
leaf_weight=16537 479 578 1228 218 581 38 156 53 39 48 113 988 70 367
leaf_count=16537 479 578 1228 218 581 38 156 53 39 48 113 988 70 367
internal_value=-0.000107477 0.000105503 0.00242994 0.00560166 -0.00152718 -0.00025641 -0.00989691 -0.00201669 -0.00692308 0.00623762 -0.000509091 0.000633947 -0.00967213 -0.010197
internal_weight=21493 19336 2605 1446 1159 16731 194 2157 507 101 1650 1467 183 406
internal_count=21493 19336 2605 1446 1159 16731 194 2157 507 101 1650 1467 183 406
is_linear=0
shrinkage=0.03


Tree=231
num_leaves=6
num_cat=0
split_feature=51 51 144 108 56
split_gain=9.49354 11.102 9.52636 23.3645 23.1454
threshold=5190.0000000000009 4380.0000000000009 4.404930688748137 1.0858174633017192 1.1029106227624468
decision_type=2 2 2 2 2
left_child=1 2 4 -4 -1
right_child=-2 -3 3 -5 -6
leaf_value=0.00052246641713374451 0.033157208872410533 -0.011835103748749342 -0.0013594929301851866 -0.0086044035215073929 -0.0065723685594757143
leaf_weight=15616 31 39 4925 174 708
leaf_count=15616 31 39 4925 174 708
internal_value=-0.000138185 -0.000162147 -0.000133035 -0.00126495 0.000220534
internal_weight=21493 21462 21423 5099 16324
internal_count=21493 21462 21423 5099 16324
is_linear=0
shrinkage=0.03


Tree=232
num_leaves=12
num_cat=0
split_feature=82 129 116 42 147 149 85 83 76 99 149
split_gain=9.73466 16.3457 15.1516 14.9372 22.3817 15.3763 13.8171 14.8082 13.8751 9.16706 8.45589
threshold=0.066107249290600328 3.0497894062994368 27.500000000000004 0.95463626877527574 11.397677901146738 62.500000000000007 0.67702579632233528 24.754353233830848 0.42116798674820793 2.3193205329239164 34.500000000000007
decision_type=2 2 2 2 2 2 2 2 2 2 2
left_child=1 3 6 4 -1 -5 7 -2 -8 10 -3
right_child=2 9 -4 5 -6 -7 8 -9 -10 -11 -12
leaf_value=-0.004099280290245034 -0.0022756714711339877 0.0012924240985947523 -0.020318895717509122 -0.00062839719470617072 0.0029414714415569518 -0.0085242552741258779 0.0031653750799439818 -0.01043139457151169 -0.0010662128615358335 0.037199772256915772 0.018377170712235776
leaf_weight=815 1525 157 48 3568 4369 246 2159 364 8114 40 88
leaf_count=815 1525 157 48 3568 4369 246 2159 364 8114 40 88
internal_value=-0.000121435 0.000610794 -0.000678133 0.000386753 0.00143519 -0.00103828 -0.000611741 -0.00296983 -0.000178137 0.00768421 0.0055102
internal_weight=21493 9283 12210 8998 5184 3814 12162 1889 10273 285 245
internal_count=21493 9283 12210 8998 5184 3814 12162 1889 10273 285 245
is_linear=0
shrinkage=0.03


Tree=233
num_leaves=15
num_cat=0
split_feature=135 26 38 69 65 110 110 10 94 7 52 120 133 11
split_gain=10.3716 19.2171 23.604 20.8439 22.6008 22.4878 19.8761 16.8975 24.4463 51.8511 15.1311 17.7289 16.6439 14.9961
threshold=104643.50000000001 -2.0988418521247971 3.1615252010725858 1.1964359258672583 0.5403743582697329 0.46842814310843633 0.88332404514823482 6.545803792301454 5.2960409127272579 5.7984463033063234 435.00000000000006 0.83080750095675482 1.3893163521942593 8.118894538881646
decision_type=2 2 2 2 2 2 2 2 2 2 2 2 2 2
left_child=7 2 -2 5 -5 -3 -4 8 13 -10 11 -9 -12 -1
right_child=1 3 6 4 -6 -7 -8 10 9 -11 12 -13 -14 -15
leaf_value=-0.00039029819917113794 -0.014959489069369048 0.0026942307792668461 -0.0080146966673624292 0.0024588477082876981 -0.0074668010715687955 0.057625036872000407 0.16188597922481043 -0.0064838714191446422 0.0039640866700995266 0.088862483911820542 -0.011366096083545796 0.0056689613805569715 0.0012517516913650884 0.0055857100685630023
leaf_weight=14494 87 193 500 659 609 72 37 612 1827 131 352 599 73 1248
leaf_count=14494 87 193 500 659 609 72 37 612 1827 131 352 599 73 1248
internal_value=-0.000127018 -0.00210014 -0.00653846 -0.000293542 -0.00189274 0.00735849 -0.00418994 9.30906e-05 0.000362712 0.003524 -0.00282396 -0.00111478 -0.00769412 -3.04917e-05
internal_weight=21493 2157 624 1533 1268 265 537 19336 17700 1958 1636 1211 425 15742
internal_count=21493 2157 624 1533 1268 265 537 19336 17700 1958 1636 1211 425 15742
is_linear=0
shrinkage=0.03


Tree=234
num_leaves=13
num_cat=0
split_feature=105 87 37 27 2 37 59 67 2 38 64 18
split_gain=9.41901 14.597 15.5067 14.1381 11.7965 11.7053 21.4202 17.57 16.5781 14.9858 15.029 7.03232
threshold=0.26921749353383356 4566.5000000000009 344.30000000000007 2.4727034881972485 85.094558844558861 333.04166666666669 0.95790629748622036 1.7285241248817409 73.080100556334415 10.3044551810915 0.66282392026578074 1.4510818705234196
decision_type=2 2 2 2 2 2 2 2 2 2 2 2
left_child=1 11 3 -3 -4 9 7 -7 -8 10 -2 -1
right_child=5 2 4 -5 -6 6 8 -9 -10 -11 -12 -13
leaf_value=0.039050311360220226 -0.00052557388085384515 -0.0078730019476576912 0.0062491641035656411 0.04948538926022187 0.04469767815502354 -0.00079030302417857994 0.0019936189280824186 -0.019205618283181462 -0.0030226784436683815 -0.0093301547463922451 0.0025902988178476472 0.0024499202708296026
leaf_weight=30 11942 232 57 32 38 69 969 86 2991 46 4965 36
leaf_count=30 11942 232 57 32 38 69 969 86 2991 46 4965 36
internal_value=-0.000115852 0.00430588 0.00192201 -0.00181818 0.0123158 -0.00020505 -0.00164034 -0.0125806 -0.00121212 0.000143337 0.000189862 0.0172727
internal_weight=21493 425 359 264 95 21068 4115 155 3960 16953 16907 66
internal_count=21493 425 359 264 95 21068 4115 155 3960 16953 16907 66
is_linear=0
shrinkage=0.03


Tree=235
num_leaves=13
num_cat=0
split_feature=139 24 99 48 64 63 110 12 67 53 98 28
split_gain=10.0613 10.0548 22.05 26.6991 20.3113 16.0899 24.7729 24.7337 10.0504 10.7348 19.949 7.02329
threshold=66322.500000000015 -2.9182500350385414 2.038929954289816 34.500000000000007 0.56182671145604091 0.48488999584890002 0.019876780285860259 8.1932710737318786 0.65589433016602283 2250.0000000000005 2.0799172146645688 1.7330567852973147
decision_type=2 2 2 2 2 2 2 2 2 2 2 2
left_child=1 2 4 -4 -1 7 -7 -3 -2 10 -10 -11
right_child=8 5 3 -5 -6 6 -8 -9 9 11 -12 -13
leaf_value=-0.0044722111947630401 0.0045967402284204806 -0.00010183355276696226 0.0090273584980207801 -0.019454250436183779 0.00014266016939371574 -0.006948758423268568 0.0034110111068303595 -0.0066163270908172018 0.0046392036387755487 -0.015691369123793195 -0.016718742082042999 -0.0077865878889625808
leaf_weight=2196 42 8393 703 36 1945 545 6721 712 72 43 50 35
leaf_count=2196 42 8393 703 36 1945 545 6721 712 72 43 50 35
internal_value=-0.000115852 -4.6586e-05 -0.0012418 0.0035318 -0.0020937 0.000309694 0.00136251 -0.000530478 -0.00619835 -0.009 -0.00344262 -0.0176923
internal_weight=21493 21251 4880 739 4141 16371 7266 9105 242 200 122 78
internal_count=21493 21251 4880 739 4141 16371 7266 9105 242 200 122 78
is_linear=0
shrinkage=0.03


Tree=236
num_leaves=15
num_cat=0
split_feature=104 107 62 30 70 66 72 131 153 148 99 7 38 25
split_gain=9.56071 17.8005 29.2062 23.8484 21.7202 18.1545 17.297 16.1284 14.3118 11.9972 24.1105 21.0647 8.22423 7.07755
threshold=0.5791569296978395 0.32555348380507487 0.8383066818960595 0.71420244820893997 1.3617478036504191 8.2168944500877288 2.9423091232194625 0.25694105607093004 0.41666666666666669 -1.2603678325465437 3.4431943942329934 3.3054439554079775 3.1128984993516569 -1.0235710196929453
decision_type=2 2 2 2 2 2 2 2 2 2 2 2 2 2
left_child=7 5 4 -4 -3 6 -2 9 13 11 -11 -1 -7 -9
right_child=1 2 3 -5 -6 12 -8 8 -10 10 -12 -13 -14 -15
leaf_value=-0.00076953370205982139 0.0077240072169529467 -0.013373016296356717 0.028723881650685016 0.00061861815547145866 -0.002812597077749186 0.0015201196879937717 0.00035595403644974151 -0.01061933296785076 0.0085928521839334984 0.00051066023659573239 -0.013950942457206671 -0.0065009852921860947 -0.018721158266225287 -0.019099984663190218
leaf_weight=3696 2312 245 281 1024 2533 37 2753 49 33 7119 153 1134 68 56
leaf_count=3696 2312 245 281 1024 2533 37 2753 49 33 7119 153 1134 68 56
internal_value=-0.000121435 0.00060629 -0.000874357 0.00282759 -0.00261339 0.00177563 0.00203159 -0.000671569 -0.0108696 -0.00055528 0.000214521 -0.00171429 -0.0105714 -0.0162857
internal_weight=21493 9253 4083 1305 2778 5170 5065 12240 138 12102 7272 4830 105 105
internal_count=21493 9253 4083 1305 2778 5170 5065 12240 138 12102 7272 4830 105 105
is_linear=0
shrinkage=0.03


Tree=237
num_leaves=15
num_cat=0
split_feature=135 26 63 38 10 143 84 87 0 18 47 48 64 103
split_gain=9.29032 20.1927 23.5375 21.4114 18.2225 18.1125 16.8283 15.4424 37.6771 27.3878 20.0941 14.8197 31.4866 15.4146
threshold=104643.50000000001 -2.0988418521247971 0.65982888000561057 3.1615252010725858 0.20460533923090019 9.9317323118730183 3.9969713331996215 103861.00000000001 -0.045694671634914988 0.48992850158940154 58.585784313725497 30.500000000000004 0.53855745252253995 0.0028760469490906305
decision_type=2 2 2 2 2 2 2 2 2 2 2 2 2 2
left_child=7 3 4 -2 -3 -5 -4 11 9 -9 -10 13 -13 -1
right_child=1 2 6 5 -6 -7 -8 8 10 -11 -12 12 -14 -15
leaf_value=0.0068269055220454211 -0.014530859973522808 0.034763645468228466 -0.0032410723776189077 -0.00029104546083766049 6.6922629428193262e-05 -0.013630926731927935 -0.017984191518138171 0.0050943596877290652 0.0090983134880509818 -0.012651752778470306 0.05065795521349941 -0.017173519604829345 0.0033322671347188713 -0.00015229011801645042
leaf_weight=1029 87 140 131 349 1185 188 77 100 193 80 125 240 183 17386
leaf_count=1029 87 140 131 349 1185 188 77 100 193 80 125 240 183 17386
internal_value=-0.000121435 -0.00198887 -0.000136986 -0.00653846 0.00133585 -0.00430168 -0.00951923 8.68846e-05 0.0053012 -0.00566667 0.0115094 -5.09608e-05 -0.00560284 7.6568e-05
internal_weight=21493 2157 1533 624 1325 537 208 19336 498 180 318 18838 423 18415
internal_count=21493 2157 1533 624 1325 537 208 19336 498 180 318 18838 423 18415
is_linear=0
shrinkage=0.03


Tree=238
num_leaves=6
num_cat=0
split_feature=51 51 144 67 56
split_gain=9.48715 11.1098 9.62088 24.3173 21.7522
threshold=5190.0000000000009 4380.0000000000009 4.404930688748137 2.4029313862342967 1.1029106227624468
decision_type=2 2 2 2 2
left_child=1 2 4 -4 -1
right_child=-2 -3 3 -5 -6
leaf_value=0.00049953648328561245 0.032285597230900728 -0.011294811346948378 -0.004596760921230258 0.00057573848072050128 -0.0063044415051156663
leaf_weight=15616 31 39 2013 3086 708
leaf_count=15616 31 39 2013 3086 708
internal_value=-0.000132601 -0.000156556 -0.000127433 -0.00126495 0.000227885
internal_weight=21493 21462 21423 5099 16324
internal_count=21493 21462 21423 5099 16324
is_linear=0
shrinkage=0.03


Tree=239
num_leaves=15
num_cat=0
split_feature=135 26 63 110 25 102 60 87 0 18 56 48 64 2
split_gain=9.09789 18.7589 20.5479 20.3278 16.7155 16.5304 15.1291 14.0131 38.3143 26.01 20.8169 15.6565 32.4467 14.1779
threshold=104643.50000000001 -2.0988418521247971 0.65982888000561057 0.82753916625223922 -0.17994998379435415 2.878079810324587 0.9244842476336359 103861.00000000001 -0.045694671634914988 0.48992850158940154 0.39777484037606542 30.500000000000004 0.53855745252253995 69.44657137995577
decision_type=2 2 2 2 2 2 2 2 2 2 2 2 2 2
left_child=7 3 5 4 -2 -3 -4 11 9 -9 -10 13 -13 -1
right_child=1 2 6 -5 -6 -7 -8 8 10 -11 -12 12 -14 -15
leaf_value=0.0035544374236656305 -0.010713542029699253 0.0009067439459429493 0.0045400802826354881 0.079452159751766102 0.050964895656593602 0.029182095193493778 -0.014043140222470187 0.0049265428025986246 0.0068721994147905923 -0.012287186289614765 0.053969865259857329 -0.016597998680076817 0.0033702019483142129 -0.00013533976262329272
leaf_weight=1037 542 1293 42 50 32 32 166 100 166 80 152 240 183 17378
leaf_count=1037 542 1293 42 50 32 32 166 100 166 80 152 240 183 17378
internal_value=-0.00011306 -0.00196106 -0.000176125 -0.00634615 -0.00794425 0.0012 -0.00894231 9.30906e-05 0.00506024 -0.006 0.0113208 -3.82206e-05 -0.00574468 9.28591e-05
internal_weight=21493 2157 1533 624 574 1325 208 19336 498 180 318 18838 423 18415
internal_count=21493 2157 1533 624 574 1325 208 19336 498 180 318 18838 423 18415
is_linear=0
shrinkage=0.03


Tree=240
num_leaves=12
num_cat=0
split_feature=139 9 20 43 19 108 49 85 64 3 71
split_gain=10.0613 11.9675 15.1666 9.88767 18.7234 16.2919 13.2246 12.6357 9.82034 9.15529 6.35807
threshold=66322.500000000015 3.2631650712002287 3.1704781607057217 5.0004593919967339 2.1339423441444905 0.017332088273834163 2.1187016024714516 6.0630813647824509 0.61416040100250646 1.0799250768024906 3.9522807084602758
decision_type=2 2 2 2 2 2 2 2 2 2 2
left_child=3 2 10 6 9 -6 7 -1 -4 -5 -2
right_child=1 -3 8 4 5 -7 -8 -9 -10 -11 -12
leaf_value=-0.00022525815240093415 -0.012242923583263428 -0.011326535360481012 0.011339600053575226 -0.028970540586576769 -0.021548192521094345 0.015447324747193373 -0.01685435198162109 0.086947619476695603 -0.0068742495301529127 -0.0021069361502755635 0.0022071561979756069
leaf_weight=20451 81 47 42 38 44 571 36 59 37 52 35
leaf_count=20451 81 47 42 38 44 571 36 59 37 52 35
internal_value=-0.000115852 -0.00619835 -0.00292308 -4.6586e-05 0.00344681 0.00531707 -0.000166456 -0.000134569 0.00721519 -0.00933333 -0.00982759
internal_weight=21493 242 195 21251 705 615 20546 20510 79 90 116
internal_count=21493 242 195 21251 705 615 20546 20510 79 90 116
is_linear=0
shrinkage=0.03


Tree=241
num_leaves=6
num_cat=0
split_feature=51 51 5 70 148
split_gain=9.468 11.1331 9.0854 22.9148 15.802
threshold=5190.0000000000009 4380.0000000000009 10.500000000000002 1.2115464653082559 -25.365946233563207
decision_type=2 2 2 2 2
left_child=1 2 4 -4 -1
right_child=-2 -3 3 -5 -6
leaf_value=0.026290361453163862 0.031327847251424436 -0.011055842384677867 -0.010457334423697076 -0.0007666262288073322 2.8830152372960603e-05
leaf_weight=261 31 39 318 2756 18088
leaf_count=261 31 39 318 2756 18088
internal_value=-0.000115852 -0.000139782 -0.000110629 -0.00162004 0.000142242
internal_weight=21493 21462 21423 3074 18349
internal_count=21493 21462 21423 3074 18349
is_linear=0
shrinkage=0.03


Tree=242
num_leaves=12
num_cat=0
split_feature=25 28 30 61 150 139 56 51 126 99 1
split_gain=9.48916 27.5798 22.9804 20.8088 12.6752 26.2696 19.4685 12.8226 18.8277 15.5515 4.26667
threshold=-0.14030753476066032 0.84962897840781793 2.1049107561176768 3.1395137786699565 45.500000000000007 16219.500000000002 0.05139247531207377 1290.0000000000002 0.052311642044573878 0.013284610577972681 74.177197611442864
decision_type=2 2 2 2 2 2 2 2 2 2 2
left_child=4 -2 3 -3 7 6 -6 9 -9 -1 -4
right_child=1 2 10 -5 5 -7 -8 8 -10 -11 -12
leaf_value=0.020270511787379309 -0.017108468319158701 0.0031500266698678702 -0.011924095344511308 0.038205854652769634 0.0025989575793834538 0.079305942349974484 -0.0078600879045060516 -0.0002872257339144507 -0.0062319564952494407 0.00028598789477368377 -0.0017342284563238791
leaf_weight=242 36 249 30 217 298 45 889 3568 970 14919 30
leaf_count=242 36 249 30 217 298 45 889 3568 970 14919 30
internal_value=-0.000110268 0.00373665 0.00547529 0.00772532 -0.000213559 -0.00316558 -0.00401853 -2.89355e-05 -0.00142794 0.000389816 -0.012
internal_weight=21493 562 526 466 20931 1232 1187 19699 4538 15161 60
internal_count=21493 562 526 466 20931 1232 1187 19699 4538 15161 60
is_linear=0
shrinkage=0.03


Tree=243
num_leaves=15
num_cat=0
split_feature=85 105 40 76 4 110 37 110 108 74 59 112 119 146
split_gain=8.79056 17.5138 14.8662 15.1102 16.7713 14.3646 14.0427 21.7152 17.5888 13.0962 12.4407 11.8303 9.90162 5.46194
threshold=0.85014942693021089 0.27932315826558396 0.91328097856745238 0.58786182481583149 36.068159722727792 0.71081314810436191 333.04166666666669 0.95916489267543226 0.37295830170023808 0.15450928381962867 0.98262317789131004 0.65211252489852445 0.92316396645162224 2.2861243585928626
decision_type=2 2 2 2 2 2 2 2 2 2 2 2 2 2
left_child=2 5 3 4 -1 12 8 -8 -3 10 -4 -11 -2 -5
right_child=1 6 9 13 -6 -7 7 -9 -10 11 -12 -13 -14 -15
leaf_value=-0.0059114351158911149 0.0066789876404660508 0.002045667759636174 -0.0082895871576356608 -0.014124430214598494 0.010053270557391698 -0.0091307802674716245 -0.003167502233283439 0.01796907602584099 -0.0026932174891076766 0.0066205185353182833 0.00078514671902250833 -0.0036909874028280142 0.031862518235133863 -0.0099891775506582379
leaf_weight=291 122 8713 206 33 108 35 2772 156 2038 180 3921 2803 84 31
leaf_count=291 122 8713 206 33 108 35 2772 156 2038 180 3921 2803 84 31
internal_value=-0.000124226 0.000323276 -0.000946785 -0.00615551 -0.00398496 0.00834025 0.000182031 -0.00165984 0.000683657 -0.000607595 0.000487037 -0.00212202 0.0113592 -0.0196875
internal_weight=21493 13920 7573 463 399 241 13679 2928 10751 7110 4127 2983 206 64
internal_count=21493 13920 7573 463 399 241 13679 2928 10751 7110 4127 2983 206 64
is_linear=0
shrinkage=0.03


Tree=244
num_leaves=9
num_cat=0
split_feature=114 139 17 20 72 135 87 61
split_gain=10.1365 10.1905 11.9675 15.1666 10.0455 10.0029 32.6617 16.0548
threshold=19.169819215419004 66322.500000000015 2.7757793234766615 3.1704781607057217 2.6532069307367685 6560.5000000000009 5423.0000000000009 0.7691794615490859
decision_type=2 2 2 2 2 2 2 2
left_child=1 5 3 -3 -2 6 -1 -7
right_child=4 2 -4 -5 -6 7 -8 -9
leaf_value=0.0010842145488197607 -0.014377259732874416 -0.0084030451560044989 -0.014951360103576996 0.0038485972021765603 -0.0015314945167644164 0.0066675705368428352 -0.0050558267172099661 0.00011344317119676761
leaf_weight=3222 31 116 47 79 45 984 2188 14781
leaf_count=3222 31 116 47 79 45 984 2188 14781
internal_value=-0.000115852 -7.70416e-05 -0.00619835 -0.00292308 -0.0110526 -7.08383e-06 -0.00112015 0.000374881
internal_weight=21493 21417 242 195 76 21175 5410 15765
internal_count=21493 21417 242 195 76 21175 5410 15765
is_linear=0
shrinkage=0.03


Tree=245
num_leaves=15
num_cat=0
split_feature=135 122 115 159 151 95 114 11 53 135 18 60 4 63
split_gain=9.62561 18.5933 18.7985 37.0872 18.7731 33.1822 25.4645 14.8 22.2793 24.7037 23.342 18.2936 18.0544 12.2036
threshold=104643.50000000001 0.86056042699199398 17.500000000000004 0.75000000000000011 0.40060360539184731 9.3364443920497813 1.0444063546833176 7.2366477558168354 4950.0000000000009 34876.000000000007 8.6560041480408252 0.40430677636183315 71.837314594994808 0.52404068423485917
decision_type=2 2 2 2 2 2 2 2 2 2 2 2 2 2
left_child=7 4 13 -4 5 -2 -6 11 9 -9 -10 -1 -13 -3
right_child=1 2 3 -5 6 -7 -8 8 10 -11 -12 12 -14 -15
leaf_value=-0.019071558916131371 -0.012738406303325549 -0.0052120669849433348 -0.016054588351985814 0.09878447932440948 0.068594559137583624 0.0095621038457149692 0.00059554104481624674 0.019281281307169721 0.017023221861510125 -0.001327880101510555 -0.022477456199435909 -9.9981913308820882e-05 -0.013747482223766212 -0.013402221508279204
leaf_weight=45 275 217 52 62 55 116 1204 250 747 1562 46 16492 194 176
leaf_count=45 275 217 52 62 55 116 1204 250 747 1562 46 16492 194 176
internal_value=-0.000115852 -0.00201669 -0.00704142 0.00368421 -0.000472727 -0.00621483 0.00131056 9.61936e-05 0.00219962 0.000364238 0.00639344 -0.000231307 -0.000179791 -0.0101527
internal_weight=21493 2157 507 114 1650 391 1259 19336 2605 1812 793 16731 16686 393
internal_count=21493 2157 507 114 1650 391 1259 19336 2605 1812 793 16731 16686 393
is_linear=0
shrinkage=0.03


Tree=246
num_leaves=8
num_cat=0
split_feature=116 79 16 8 30 43 48
split_gain=9.44633 14.9954 11.7182 9.40763 24.258 14.4709 6.66667
threshold=27.500000000000004 0.00036697489864759319 10.211019958771352 6.4678006576631555 2.8994971136555896 4.6995472066240458 46.500000000000007
decision_type=2 2 2 2 2 2 2
left_child=1 2 -1 5 -5 -3 -2
right_child=6 3 -4 4 -6 -7 -8
leaf_value=0.00020536048128945105 -0.00027576523684414068 -0.0001789791084494474 0.19833081321270013 -0.0030398384448073945 -0.018820329274279547 0.0083597308713897808 -0.039370997615058648
leaf_weight=31 30 19442 34 1008 37 881 30
leaf_count=31 30 19442 34 1008 37 881 30
internal_value=-0.00011306 -7.97835e-05 0.0143077 -0.000123549 -0.00289952 1.91901e-05 -0.012
internal_weight=21493 21433 65 21368 1045 20323 60
internal_count=21493 21433 65 21368 1045 20323 60
is_linear=0
shrinkage=0.03


Tree=247
num_leaves=13
num_cat=0
split_feature=25 148 29 62 150 139 56 136 60 119 153 47
split_gain=8.98317 21.9498 22.0937 22.8403 13.0969 26.3834 17.4572 12.9583 24.8715 13.3957 8.62369 4.65455
threshold=-0.14030753476066032 -19.25478040974054 0.90470695991466032 0.58520962732919268 45.500000000000007 16219.500000000002 0.05139247531207377 2911.0000000000005 1.2904562979322063 0.56172755206555147 0.58333333333333337 69.01666666666668
decision_type=2 2 2 2 2 2 2 2 2 2 2 2
left_child=4 10 -3 -4 7 6 -6 9 -9 -1 11 -2
right_child=1 2 3 -5 5 -7 -8 8 -10 -11 -12 -13
leaf_value=-0.0010317247633439646 0.096755851351086719 -0.024039204680233305 0.026450639095302642 -0.004199739662736823 0.0023385252131677015 0.076513058568746045 -0.0075534178061842103 0.0012294086520407176 -0.013932282868018495 0.00095387832629614247 0.016257533152838025 0.018683485504219322
leaf_weight=7974 36 36 191 237 298 45 889 119 107 11499 32 30
leaf_count=7974 36 36 191 237 298 45 889 119 107 11499 32 30
internal_value=-0.00011306 0.00362989 0.000905172 0.00280374 -0.000213559 -0.00321429 -0.00406908 -2.58896e-05 -0.00716814 5.7002e-05 0.0165306 0.0227273
internal_weight=21493 562 464 428 20931 1232 1187 19699 226 19473 98 66
internal_count=21493 562 464 428 20931 1232 1187 19699 226 19473 98 66
is_linear=0
shrinkage=0.03


Tree=248
num_leaves=15
num_cat=0
split_feature=108 120 68 147 4 1 11 150 108 59 72 84 106 9
split_gain=8.74965 20.0093 21.5371 22.9013 19.625 21.4675 17.9035 17.2012 16.1256 15.4465 16.6622 12.2345 12.6772 10.8183
threshold=0.055804957819399127 0.49846851664227559 4.6050847457627127 20.82808053793126 83.164495941702057 54.617414248021113 4.7978742878059313 12.500000000000002 0.33225866915425228 2.4442366634500563 1.7116084558227069 3.4914243184355764 0.040681962853019657 0.81118053866490814
decision_type=2 2 2 2 2 2 2 2 2 2 2 2 2 2
left_child=1 9 7 -4 5 6 -2 -3 -7 13 -11 12 -6 -1
right_child=4 2 3 -5 11 8 -8 -9 -10 10 -12 -13 -14 -15
leaf_value=0.0040314097301632403 0.044139632502365855 -0.0036844748937228558 -0.020311154622652219 -0.0084349715734013987 -0.018767787398982192 0.0010979742049960527 -0.00010295910356095505 0.0018512642708097564 -0.0019412976530157743 0.030538236323176576 -0.011408261638583838 -0.021180296089333989 0.015282463947770364 -0.017165529795814979
leaf_weight=34 291 1678 83 180 34 10775 208 2618 5101 63 130 85 49 164
leaf_count=34 291 1678 83 180 34 10775 208 2618 5101 63 130 85 49 164
internal_value=-0.00012981 -0.00123636 -0.00067778 -0.00901141 0.000201294 0.000305954 0.00643287 -0.000167598 0.000113379 -0.00774936 -0.00170984 -0.01 -0.00180723 -0.0136364
internal_weight=21493 4950 4559 263 16543 16375 499 4296 15876 391 193 168 83 198
internal_count=21493 4950 4559 263 16543 16375 499 4296 15876 391 193 168 83 198
is_linear=0
shrinkage=0.03


Tree=249
num_leaves=13
num_cat=0
split_feature=83 57 51 14 24 98 149 15 16 147 84 76
split_gain=9.02157 17.3035 12.6372 9.79715 9.06018 21.6105 12.1833 9.35066 23.9726 21.9494 8.24276 6.2379
threshold=32834.400731758695 0.19545851869598044 390.00000000000006 3.0033134181205061 -0.11075979218231076 5.8595329649170482 38.500000000000007 3.9383997865623175 6.4494658415615573 53.635288907345107 3.121678041574671 0.4084547450748689
decision_type=2 2 2 2 2 2 2 2 2 2 2 2
left_child=4 2 -2 -3 7 6 -6 9 -9 -1 -4 -5
right_child=1 3 10 11 5 -7 -8 8 -10 -11 -12 -13
leaf_value=2.9091572450319345e-05 -0.014479064439303158 -0.0047130681129750537 -0.0040232964913257206 0.00595385930449162 -0.0092766395890654021 -0.020680056012915858 0.022275511365900641 -0.0010068926377507115 -0.015895134494091204 0.020523645641196242 0.029040878996259831 0.047305819354582598
leaf_weight=17427 40 30 30 34 137 52 62 3117 192 258 47 67
leaf_count=17427 40 30 30 34 137 52 62 3117 192 258 47 67
internal_value=-0.000124226 0.00556452 -0.00282051 0.0130534 -0.000190633 -0.00585657 -0.00135678 -0.000122892 -0.00158658 0.000150975 0.00428571 0.0175248
internal_weight=21493 248 117 131 21245 251 199 20994 3309 17685 77 101
internal_count=21493 248 117 131 21245 251 199 20994 3309 17685 77 101
is_linear=0
shrinkage=0.03


Tree=250
num_leaves=15
num_cat=0
split_feature=50 108 8 26 62 59 98 107 70 108 33 25 59 59
split_gain=8.85887 25.8934 29.9181 24.2749 23.7032 23.3138 17.4728 23.3682 18.6721 24.6322 17.2259 16.7521 14.2427 7.1599
threshold=16200.000000000002 0.33225866915425228 8.0301871635903677 -2.4797015454614351 0.7977447255354625 0.66176025856119591 12.171029947414114 0.30768402779838233 1.7306071197026507 0.24246880177355712 2.5000000000000004 -1.6705348543444229 1.3633963940021936 1.758215778972321
decision_type=2 2 2 2 2 2 2 2 2 2 2 2 2 2
left_child=1 2 5 10 -5 -1 8 11 9 -2 -3 -8 -10 -9
right_child=6 3 -4 4 -6 -7 7 13 12 -11 -12 -13 -14 -15
leaf_value=-0.019684159245711621 0.0003848239791841712 0.0038447532284720393 -0.014892092359768032 -0.0037713889295120672 -0.013357884266719041 0.00066119000047495707 -0.0090882529674071073 -0.019620401134737009 -0.0028728234455189681 0.017274151338519127 -0.013618208513277172 0.0052102791266554543 0.0004077708791204326 -0.019388383774604619
leaf_weight=30 1104 456 69 603 296 4153 33 62 2177 700 74 89 11602 45
leaf_count=30 1104 456 69 603 296 4153 33 62 2177 700 74 89 11602 45
internal_value=-0.00012981 -0.00114593 2.8222e-05 -0.00463961 -0.00764182 0.000351422 0.000235264 -0.00799127 0.000356157 0.00322616 0.00045283 0.000983607 -1.9595e-05 -0.0182243
internal_weight=21493 5681 4252 1429 899 4183 15812 229 15583 1804 530 122 13779 107
internal_count=21493 5681 4252 1429 899 4183 15812 229 15583 1804 530 122 13779 107
is_linear=0
shrinkage=0.03


Tree=251
num_leaves=8
num_cat=0
split_feature=18 92 138 61 11 73 16
split_gain=9.90004 13.896 9.78953 10.6343 19.5578 12.0653 6.66667
threshold=15.964092694253287 1.5364025369870442 21321.500000000004 14.295057993490589 4.3775949483432912 8.3886870363753925 0.44896541152797104
decision_type=2 2 2 2 2 2 2
left_child=2 -2 3 5 -5 -1 -4
right_child=1 -3 6 4 -6 -7 -8
leaf_value=-0.00013886311858889221 -0.00035181591550086376 -0.010696243449035138 0.019840575296400025 0.013371112674163665 -0.0084798559188288807 0.0067052494166082279 0.0052599810470198944
leaf_weight=19797 48 35 30 161 539 853 30
leaf_count=19797 48 35 30 161 539 853 30
internal_value=-0.000140976 -0.0104819 -0.000100887 -0.000134895 -0.00377143 -1.16223e-05 0.012
internal_weight=21493 83 21410 21350 700 20650 60
internal_count=21493 83 21410 21350 700 20650 60
is_linear=0
shrinkage=0.03


Tree=252
num_leaves=15
num_cat=0
split_feature=50 108 16 73 4 73 98 70 85 25 119 102 21 62
split_gain=9.07188 26.6742 30.1365 23.8998 20.7748 21.8032 17.4084 17.1728 25.6706 15.0521 14.1331 12.5393 9.87126 7.23932
threshold=16200.000000000002 0.33225866915425228 7.6847229100231553 1.0220657742515404 18.310964931943236 3.1044681421000191 12.171029947414114 1.7306071197026507 0.72988009025373157 -1.6705348543444229 0.57106782106782117 0.96842129426401347 3.7281653762196005 0.80348578624440703
decision_type=2 2 2 2 2 2 2 2 2 2 2 2 2 2
left_child=1 2 3 -1 12 -6 7 8 -2 -8 -9 -11 -3 -4
right_child=6 4 13 -5 5 -7 9 10 -10 11 -12 -13 -14 -15
leaf_value=0.020577499772023625 -0.0034677745430756642 -0.0076738742694288965 -0.022864412657188787 -0.0002907966202959966 -0.0086002436510756401 0.0003547116715141041 -0.01603253357325566 -0.0012509684972585966 0.010206825405456588 0.0011389573392597007 0.0010851383212948584 -0.024652916800368824 -0.015067071496064321 -0.0093707566399329426
leaf_weight=257 351 60 36 3917 631 665 63 6314 1453 129 7465 37 73 42
leaf_count=257 351 60 36 3917 631 665 63 6314 1453 129 7465 37 73 42
internal_value=-0.000149351 -0.00117761 1.4111e-05 0.000359368 -0.00472358 -0.00356481 0.000220086 0.000340756 0.00309313 -0.00799127 -1.9595e-05 -0.00325301 -0.016015 -0.0184615
internal_weight=21493 5681 4252 4174 1429 1296 15812 15583 1804 229 13779 166 133 78
internal_count=21493 5681 4252 4174 1429 1296 15812 15583 1804 229 13779 166 133 78
is_linear=0
shrinkage=0.03


Tree=253
num_leaves=15
num_cat=0
split_feature=61 120 138 158 87 47 73 120 48 150 14 147 135 108
split_gain=9.39985 21.1127 15.0971 16.9331 13.3637 13.2655 11.9687 22.3662 26.3216 19.7739 13.3058 12.8984 11.7074 7.18888
threshold=14.295057993490589 0.55453000776153227 5443.5000000000009 0.41428571428571431 12904.000000000002 90.803225806451636 8.3886870363753925 0.78816526610644266 2.5000000000000004 5.5000000000000009 15.677488627404783 55.507053937292277 6560.5000000000009 0.33225866915425228
decision_type=2 2 2 2 2 2 2 2 2 2 2 2 2 2
left_child=6 4 5 -4 -2 -3 10 9 -9 -8 12 -12 -1 -6
right_child=1 2 3 -5 13 -7 7 8 -10 -11 11 -13 -14 -15
leaf_value=-0.0021792948321725024 -0.0016956356473229513 -0.0068250023308008929 0.0010254906018120024 0.035013682451028753 -0.016269789381751158 0.0098260583996555486 -0.019124840340931693 -0.00029330458343426177 0.033808927719378483 0.00016008088854778223 -0.0016826897553244796 -0.012497954331797434 0.00037876380770071269 -0.015105196995084407
leaf_weight=5075 56 393 87 44 43 39 39 215 269 333 178 73 14601 48
leaf_count=5075 56 393 87 44 43 39 39 215 269 333 178 73 14601 48
internal_value=-0.000154934 -0.0035493 -0.000905861 0.00801527 -0.0136735 -0.00361111 -3.89742e-05 0.00343458 0.00768595 -0.00209677 -0.000188187 -0.00705179 -0.00010063 -0.0207692
internal_weight=21493 710 563 131 147 432 20783 856 484 372 19927 251 19676 91
internal_count=21493 710 563 131 147 432 20783 856 484 372 19927 251 19676 91
is_linear=0
shrinkage=0.03


Tree=254
num_leaves=15
num_cat=0
split_feature=110 107 63 112 71 26 61 2 57 28 108 3 108 16
split_gain=8.94772 19.5972 18.248 28.4254 33.9701 28.5965 16.875 16.604 27.7283 23.3023 16.0465 31.9466 19.4439 13.2
threshold=0.49350534852219607 0.016412138595815692 0.68544973544973564 3.7392899948799005 8.191244456284215 -1.0018558062511651 1.7851913794027983 96.668348469559376 1.1464177309354173 0.79176718911455801 0.43946764518492948 1.6722608764027951 0.13000563120771089 1.1414618395574934
decision_type=2 2 2 2 2 2 2 2 2 2 2 2 2 2
left_child=2 6 7 5 -5 -4 -2 9 -9 -1 12 -12 -3 -8
right_child=1 10 3 4 -6 -7 13 8 -10 -11 11 -13 -14 -15
leaf_value=-0.0091290762317901078 -0.022387272079390234 -0.0035070630504081012 -0.0046940329337202399 -0.0091288181229663302 0.030980639988674601 0.013341860342669343 -0.00072814156066751455 0.01093993844752039 -0.011038521694243419 0.00047593963990846919 -0.0023106918299961765 -0.017748255351537599 0.0026871555935775058 -0.01629163878268906
leaf_weight=330 40 1717 555 1195 118 436 88 1383 156 12823 601 124 1895 32
leaf_count=330 40 1717 555 1195 118 436 88 1383 156 12823 601 124 1895 32
internal_value=-0.000124226 -0.00131421 0.000190633 -0.00229167 -0.0051866 0.0015439 -0.011625 0.000579907 0.00352827 0.000234927 -0.000933825 -0.0050069 -0.000116279 -0.006
internal_weight=21493 4497 16996 2304 1313 991 160 14692 1539 13153 4337 725 3612 120
internal_count=21493 4497 16996 2304 1313 991 160 14692 1539 13153 4337 725 3612 120
is_linear=0
shrinkage=0.03


Tree=255
num_leaves=11
num_cat=0
split_feature=60 25 29 115 52 112 53 139 7 138
split_gain=8.69956 11.1862 19.8009 20.9265 12.9103 10.9639 11.3511 9.95155 6.87273 4.26667
threshold=12.466668366688383 -5.5353138039121008 2.5888811265268656 13.500000000000002 1395.0000000000002 1.1086631778456626 4650.0000000000009 66322.500000000015 0.7187230056692816 2239.5000000000005
decision_type=2 2 2 2 2 2 2 2 2 2
left_child=1 2 3 -1 7 -2 9 -3 -4 -7
right_child=5 4 8 -5 -6 6 -8 -9 -10 -11
leaf_value=0.0032413650981995058 0.00062823372339007989 -0.00014296254049315219 0.08207086521244307 -0.012905938059593461 -0.011386355607784986 0.00056276723835687323 -0.017642807290870994 -0.0054875925173680385 0.0020138471782368004 -0.0098713543549479154
leaf_weight=1007 54 19921 42 56 55 30 32 231 35 30
leaf_count=1007 54 19921 42 56 55 30 32 231 35 30
internal_value=-9.9102e-05 -4.91872e-05 0.00284211 0.00177799 -0.000212303 -0.00739726 -0.0136957 -0.000172688 0.0175325 -0.006
internal_weight=21493 21347 1140 1063 20207 146 92 20152 77 60
internal_count=21493 21347 1140 1063 20207 146 92 20152 77 60
is_linear=0
shrinkage=0.03


Tree=256
num_leaves=12
num_cat=0
split_feature=50 148 15 150 58 7 28 14 126 158 29
split_gain=8.44045 22.5102 17.8888 16.6521 15.7506 22.5713 21.1153 19.3507 21.7841 15.0614 14.409
threshold=16200.000000000002 51.77485942444175 -2.4638794868663756 51.500000000000007 2.2933153536711601 8.4052103060382617 0.61476702785023496 1.6814557157505263 0.37841105764811517 0.17424242424242428 2.0322991114627214
decision_type=2 2 2 2 2 2 2 2 2 2 2
left_child=1 2 -1 -4 5 6 -2 9 -9 -6 -7
right_child=4 -3 3 -5 7 10 -8 8 -10 -11 -12
leaf_value=-0.025227522579072154 -0.0099290885064424739 -0.019392037627704254 -0.00064329867610464768 -0.0086462129191340713 -0.006137224207041503 -0.0050702090940362293 0.0043202866118824705 -0.00027532237009695129 -0.012448312251992288 0.026497232836057698 -0.019739360223639119
leaf_weight=30 130 55 5401 195 38 154 4178 10772 384 119 37
leaf_count=30 130 55 5401 195 38 154 4178 10772 384 119 37
internal_value=-9.07272e-05 -0.00108256 -0.000895841 -0.00077198 0.000265621 0.00176706 0.00221448 -0.000331477 -0.000478666 0.0101274 -0.00832461
internal_weight=21493 5681 5626 5596 15812 4499 4308 11313 11156 157 191
internal_count=21493 5681 5626 5596 15812 4499 4308 11313 11156 157 191
is_linear=0
shrinkage=0.03


Tree=257
num_leaves=8
num_cat=0
split_feature=18 79 138 139 96 61 16
split_gain=8.61407 12.1081 9.74877 9.8009 11.224 10.1884 6.66667
threshold=15.964092694253287 0.10884724857685012 21321.500000000004 66322.500000000015 2.5416918644639006 14.295057993490589 0.44896541152797104
decision_type=2 2 2 2 2 2 2
left_child=2 -2 3 5 -5 -1 -4
right_child=1 -3 6 4 -6 -7 -8
leaf_value=7.963704253651005e-05 -0.010415043140323937 0.0012503051234365741 0.019767079268105701 -0.0020606780781836803 -0.014571335094516028 -0.0051354625859034581 0.004917052069861547
leaf_weight=20411 47 36 30 172 67 700 30
leaf_count=20411 47 36 30 172 67 700 30
internal_value=-0.00011306 -0.00975904 -7.56656e-05 -0.000109602 -0.00615063 -4.12107e-05 0.012
internal_weight=21493 83 21410 21350 239 21111 60
internal_count=21493 83 21410 21350 239 21111 60
is_linear=0
shrinkage=0.03


Tree=258
num_leaves=12
num_cat=0
split_feature=37 105 38 59 37 149 26 131 61 94 110
split_gain=8.78042 19.1844 17.3751 16.4704 20.0173 14.7179 23.5977 16.7452 14.6438 12.6675 5.75949
threshold=326.66666666666669 0.26921749353383356 10.3044551810915 0.95790629748622036 341.52500000000003 44.500000000000007 -1.0486354370056679 0.20370418957051298 3.7333101334410936 2.9838006976137152 0.2168024485618727
decision_type=2 2 2 2 2 2 2 2 2 2 2
left_child=2 9 5 4 -3 7 -7 -1 -5 -2 -11
right_child=1 3 -4 8 -6 6 -8 -9 -10 10 -12
leaf_value=-6.0320321380945008e-05 -0.00016339226540172447 0.0016278937860868092 -0.0092904201545396421 -0.0025840950566611959 -0.015505016834388255 0.00010519936572614379 0.0094043599998618541 -0.013591776882789258 0.0018437067033666783 0.066177365351758902 0.013512302956430963
leaf_weight=13866 51 66 43 3194 115 1720 1071 141 1159 33 34
leaf_count=13866 51 66 43 3194 115 1720 1071 141 1159 33 34
internal_value=-0.000110268 -0.00126397 0.00020842 -0.00157477 -0.010442 0.000257173 0.00224651 -0.000139216 -0.00120606 0.010678 0.0192537
internal_weight=21493 4652 16841 4534 181 16798 2791 14007 4353 118 67
internal_count=21493 4652 16841 4534 181 16798 2791 14007 4353 118 67
is_linear=0
shrinkage=0.03


Tree=259
num_leaves=10
num_cat=0
split_feature=72 110 143 63 144 60 151 149 139
split_gain=11.3956 8.81749 18.433 16.6355 33.721 17.3887 16.4256 13.9273 8.54622
threshold=13.841939871873713 0.49350534852219607 1.4163382633633237 0.68544973544973564 3.8684173667432358 0.40430677636183315 0.056955658901204353 22.500000000000004 3053.5000000000005
decision_type=2 2 2 2 2 2 2 2 2
left_child=1 3 7 5 -5 -1 -4 -3 -2
right_child=8 2 6 4 -6 -7 -8 -9 -10
leaf_value=-0.015203208316107131 -0.00015849049743967225 -0.01196904301585283 -0.00859812264525644 0.0049565155659961153 -0.0074799731828327082 0.00078799138394780512 -0.00048583970163375566 -0.0021031575284895408 -0.011598208143719538
leaf_weight=45 53 67 299 883 1420 14569 4080 47 30
leaf_count=45 53 67 299 883 1420 14569 4080 47 30
internal_value=-0.000110268 -6.72583e-05 -0.00124861 0.000246498 -0.00212332 0.000619953 -0.00093857 -0.0131579 -0.0112048
internal_weight=21493 21410 4493 16917 2303 14614 4379 114 83
internal_count=21493 21410 4493 16917 2303 14614 4379 114 83
is_linear=0
shrinkage=0.03


Tree=260
num_leaves=8
num_cat=0
split_feature=72 114 148 35 61 129 37
split_gain=11.4013 8.81465 16.545 9.07759 19.2455 16.9024 8.03393
threshold=13.841939871873713 19.169819215419004 43.957815465716273 1.0000000180025095e-35 13.278419799568397 2.9336595134545997 231.50833333333335
decision_type=2 2 2 2 2 2 2
left_child=1 3 -3 4 -1 -5 -2
right_child=6 2 -4 5 -6 -7 -8
leaf_value=-0.00058952947933127605 -3.4336894288158999e-05 0.012227033415491726 -0.009374786554519992 0.00027439116586997826 -0.010195665299335042 0.0087876743881794804 -0.0092237857757425865
leaf_weight=8982 34 34 42 11401 335 616 49
leaf_count=8982 34 34 42 11401 335 616 49
internal_value=-0.000107477 -6.44559e-05 -0.0102632 -2.81241e-05 -0.000730922 0.000516768 -0.0112048
internal_weight=21493 21410 76 21334 9317 12017 83
internal_count=21493 21410 76 21334 9317 12017 83
is_linear=0
shrinkage=0.03


Tree=261
num_leaves=10
num_cat=0
split_feature=67 7 45 11 114 148 151 61 10
split_gain=10.1891 12.1188 9.78645 8.89437 8.8606 13.0044 9.5366 18.8762 15.9679
threshold=0.24169696474529193 -0.76152197256575882 0.88526309743212306 3.9989020046609989 19.169819215419004 43.957815465716273 0.98983308970534667 0.84955220890359773 6.545803792301454
decision_type=2 2 2 2 2 2 2 2 2
left_child=1 -1 -3 -4 6 -6 8 -8 -2
right_child=4 2 3 -5 5 -7 7 -9 -10
leaf_value=-0.013632854650927157 0.0001035576024232615 0.0091509972928906017 -0.011935252724271863 -0.00010799855494717402 0.011860222413026974 -0.0090935429578843929 0.036659171911438568 0.00083448336978350743 -0.0043987588665895423
leaf_weight=35 18586 34 42 59 34 42 192 939 1530
leaf_count=35 18586 34 42 59 34 42 192 939 1530
internal_value=-9.63104e-05 -0.00741176 -0.00333333 -0.0080198 -3.79872e-05 -0.0102632 -1.41196e-06 0.00267905 -0.000152118
internal_weight=21493 170 135 101 21323 76 21247 1131 20116
internal_count=21493 170 135 101 21323 76 21247 1131 20116
is_linear=0
shrinkage=0.03


Tree=262
num_leaves=12
num_cat=0
split_feature=67 7 57 144 139 17 21 144 11 92 141
split_gain=11.1879 11.5811 12.162 10.4792 9.58673 10.1641 10.5973 9.9589 19.911 15.2528 7.05484
threshold=0.24169696474529193 -0.76152197256575882 0.2407004650917873 1.2782807962171929 66322.500000000015 2.7757793234766615 4.5903383829693079 0.9818246805509262 6.0929486264897248 0.30015599123783143 24.500000000000004
decision_type=2 2 2 2 2 2 2 2 2 2 2
left_child=1 -1 10 -4 7 6 -6 8 -2 -9 -3
right_child=4 2 3 -5 5 -7 -8 9 -10 -11 -12
leaf_value=-0.013223869011399342 4.166331504018083e-05 -0.00041089601163306073 -0.0095192517703760471 0.0084955846660699549 -0.0056323490749033318 -0.014108196675296079 0.0059045919955125238 -0.0068452309731923304 0.010188185640504986 -9.560306648970229e-06 -0.0094857640577188547
leaf_weight=35 916 32 31 42 138 47 55 483 396 19288 30
leaf_count=35 916 32 31 42 138 47 55 483 396 19288 30
internal_value=-9.9102e-05 -0.00776471 -0.00377778 0.00452055 -3.79872e-05 -0.006 -0.00295337 2.98819e-05 0.00256098 -0.000138081 -0.0135484
internal_weight=21493 170 135 73 21323 240 193 21083 1312 19771 62
internal_count=21493 170 135 73 21323 240 193 21083 1312 19771 62
is_linear=0
shrinkage=0.03


Tree=263
num_leaves=12
num_cat=0
split_feature=67 7 35 151 87 10 59 10 99 45 58
split_gain=9.25191 12.6687 9.47204 18.691 29.8848 20.1644 16.6135 16.2503 9.91912 9.42243 7.58343
threshold=0.24169696474529193 -0.76152197256575882 1.0000000180025095e-35 0.052049645269984263 5868.5000000000009 2.3424740471091328 0.61541114006893671 0.86881944822667623 0.57094326214586599 2.0812019149698009 2.1156591862139256
decision_type=2 2 2 2 2 2 2 2 2 2 2
left_child=1 -1 3 4 -2 -5 8 -8 -4 10 -3
right_child=2 9 6 5 -6 -7 7 -9 -10 -11 -12
leaf_value=-0.012827152941057362 0.0092172954381310492 -0.0024719349918874778 -0.0011537351443976827 -0.0011946713493525684 -0.010319622949632611 0.0064665992340723561 0.003453297569544884 -0.0001680923016161384 -0.020864256032813944 -0.011687895677895854 0.0028236836812304709
leaf_weight=35 129 45 35 7446 448 1304 3506 8419 36 35 55
leaf_count=35 129 45 35 7446 448 1304 3506 8419 36 35 55
internal_value=-8.79356e-05 -0.00705882 -3.23594e-05 -0.000749437 -0.0059792 -0.000404571 0.000525175 0.000611321 -0.0139437 -0.00288889 0.0018
internal_weight=21493 170 21323 9327 577 8750 11996 11925 71 135 100
internal_count=21493 170 21323 9327 577 8750 11996 11925 71 135 100
is_linear=0
shrinkage=0.03


Tree=264
num_leaves=12
num_cat=0
split_feature=100 139 15 85 55 49 55 133 41 88 14
split_gain=8.91549 16.7304 18.1469 13.7794 17.9709 11.5409 10.8147 9.97907 12.6623 10.8103 9.31281
threshold=1.0909455758023185 9536.5000000000018 -2.6953382139765032 1.614753071539089 0.62384380340745194 2.1187016024714516 0.42900780913519132 3.2307812303705523 3.5000000000000004 1.5000000000000002 4.2973886055146568
decision_type=2 2 2 2 2 2 2 2 2 2 2
left_child=5 3 -3 4 -2 7 -5 9 -9 -1 -4
right_child=1 2 10 6 -6 -7 -8 8 -10 -11 -12
leaf_value=0.014688514306557736 -0.0096381136806774747 -0.013666576733262041 0.076559876362338852 0.044315863426120698 0.022918744222826724 -0.016939930065217115 -0.0020270183773883209 -0.022551325769303899 0.020381462714264918 -0.00020723806295198875 0.0095940476365036099
leaf_weight=186 245 41 106 59 76 34 57 85 41 20485 78
leaf_count=186 245 41 106 59 76 34 57 85 41 20485 78
internal_value=-7.39776e-05 0.00335347 0.01 -6.86499e-05 -0.00327103 -0.0001829 0.0087931 -0.000154349 -0.00857143 -0.000103043 0.0140217
internal_weight=21493 662 225 437 321 20831 116 20797 126 20671 184
internal_count=21493 662 225 437 321 20831 116 20797 126 20671 184
is_linear=0
shrinkage=0.03


Tree=265
num_leaves=14
num_cat=0
split_feature=82 116 25 147 147 61 23 41 44 99 4 60 109
split_gain=9.12723 16.547 15.4426 19.7606 13.6755 14.1677 16.0149 14.6941 13.1263 12.0343 22.6396 14.7259 6.86367
threshold=0.066107249290600328 26.500000000000004 -0.39546874413062982 39.432296784639867 11.397677901146738 3.7333101334410936 -2.7815649638517894 2.5000000000000004 0.30725308382408606 1.8620467049374634 23.298042446049696 0.90484575379188736 0.09866397436140005
decision_type=2 2 2 2 2 2 2 2 2 2 2 2 2
left_child=4 2 8 -4 9 7 -7 -6 -2 11 -11 -1 -3
right_child=1 12 3 -5 5 6 -8 -9 -10 10 -12 -13 -14
leaf_value=0.036351002841923989 0.00078376175261864189 -0.033268503392305748 0.00059498111959349783 0.028903847911989008 -0.0026939690014742665 -0.00041777978100389021 0.0073129862611779886 0.0011612073456582883 -0.0023114396780591212 -0.010739176169729425 0.0091510061728947503 -0.0016322885639253415 -0.003779542071418689
leaf_weight=52 2592 31 1399 289 1481 816 1864 3845 7869 248 95 882 30
leaf_count=52 2592 31 1399 289 1481 816 1864 3845 7869 248 95 882 30
internal_value=-0.000104685 -0.000643735 -0.000565479 0.00209716 0.00060433 0.0010642 0.00284328 0.000168982 -0.000995125 -0.00227878 -0.00708455 -0.000513919 -0.0162295
internal_weight=21493 12210 12149 1688 9283 8006 2680 5326 10461 1277 343 934 61
internal_count=21493 12210 12149 1688 9283 8006 2680 5326 10461 1277 343 934 61
is_linear=0
shrinkage=0.03


Tree=266
num_leaves=14
num_cat=0
split_feature=42 147 131 55 119 98 136 86 28 63 15 73 29
split_gain=9.17383 19.2821 17.2524 15.4396 13.0806 17.0972 25.6314 23.0593 14.9102 18.9545 14.3975 7.84477 6.17143
threshold=0.55212508163407936 63.009892801718856 0.17165278132299791 0.037931450873162 0.2018208185626813 4.8216175475379197 480.50000000000006 3.6208421440807341 2.0202636621424808 0.68217893217893233 6.6545518923458342 3.8820163948971564 1.0904313744657572
decision_type=2 2 2 2 2 2 2 2 2 2 2 2 2
left_child=1 2 3 -1 5 7 -7 -2 9 -6 -10 -4 -3
right_child=4 12 11 -5 8 6 -8 -9 10 -11 -12 -13 -14
leaf_value=0.0056633869068047635 -0.0053351998115937745 0.089510041599397613 -0.017759571964822102 0.00013375897951213911 0.00078749180290954676 0.042766979628513585 -0.010038744053423296 -0.018388113754589548 -0.0025837875439719262 -0.004737770836397856 -0.010759632482145771 -0.0001883965743332583 0.0008961263932441804
leaf_weight=1086 934 40 68 7984 8163 90 67 78 1442 1368 104 39 30
leaf_count=1086 934 40 68 7984 8163 90 67 78 1442 1368 104 39 30
internal_value=-0.00011306 0.000600195 0.000480549 0.00062183 -0.000651641 -0.0036698 0.0055414 -0.00509881 -0.000333123 0.000110167 -0.00306598 -0.0114953 0.0162857
internal_weight=21493 9247 9177 9070 12246 1169 157 1012 11077 9531 1546 107 70
internal_count=21493 9247 9177 9070 12246 1169 157 1012 11077 9531 1546 107 70
is_linear=0
shrinkage=0.03


Tree=267
num_leaves=12
num_cat=0
split_feature=139 103 57 1 98 67 7 137 15 84 11
split_gain=9.3199 10.8015 14.7916 9.95341 9.52796 9.52018 12.5754 10.1811 9.43589 23.4867 21.1031
threshold=66322.500000000015 0.0040263102406466198 0.51613176713849118 79.745868629357048 2.0983269767026385 0.24169696474529193 -0.76152197256575882 198.50000000000003 3.9383997865623175 10.573536594805022 7.2366477558168354
decision_type=2 2 2 2 2 2 2 2 2 2 2
left_child=5 2 3 -2 -4 6 -1 -8 10 -10 -7
right_child=1 -3 4 -5 -6 8 7 -9 9 -11 -12
leaf_value=-0.012642118717630333 -0.0062706691678236599 0.024059284304576729 0.0069828475246462001 -0.013406451752874278 -0.0087150182008717252 -4.7528202958453391e-05 0.00032194846191918022 -0.0081555484952039632 -0.0011640605480653598 -0.024458566488969602 0.0045523867069167528
leaf_weight=35 68 33 52 59 30 16142 92 41 3291 57 1593
leaf_count=35 68 33 52 59 30 16142 92 41 3291 57 1593
internal_value=-9.63104e-05 -0.00595041 -0.0084689 -0.0148819 0.00146341 -2.96457e-05 -0.00714286 -0.00293233 2.7036e-05 -0.00143369 0.000302791
internal_weight=21493 242 209 127 82 21251 168 133 21083 3348 17735
internal_count=21493 242 209 127 82 21251 168 133 21083 3348 17735
is_linear=0
shrinkage=0.03


Tree=268
num_leaves=13
num_cat=0
split_feature=83 57 14 76 108 144 45 51 15 71 143 23
split_gain=8.8629 15.2517 9.21005 9.05163 12.9188 19.1001 11.4589 10.2679 9.59255 8.85624 8.96432 6.89407
threshold=32834.400731758695 0.19545851869598044 3.0033134181205061 0.55178672019470054 1.1433387172825811 3.9385560337417505 0.73685713691718002 150.00000000000003 -5.0010778098393205 3.4856342581160678 3.9373809240669497 -3.0897670931495864
decision_type=2 2 2 2 2 2 2 2 2 2 2 2
left_child=3 9 -3 4 6 -6 -1 -5 -9 10 -2 -4
right_child=1 2 11 7 5 -7 -8 8 -10 -11 -12 -13
leaf_value=0.0021703118409289665 -0.014168430893094145 -0.0042256807936913556 0.06533585737693634 -0.015914710790116703 0.0021280019953800432 -0.010887934641543287 -0.00020022808188290288 -0.0073098699493276227 -0.00097488762989057505 0.027804971370632085 0.0040121643605645759 0.026502358208938745
leaf_weight=4482 50 30 33 48 141 134 10970 431 5039 34 33 68
leaf_count=4482 50 30 33 48 141 134 10970 431 5039 34 33 68
internal_value=-7.39776e-05 0.00556452 0.0125954 -0.000139798 0.000226998 -0.00621818 0.000341703 -0.00118521 -0.00106399 -0.00230769 -0.00759036 0.0169307
internal_weight=21493 248 131 21245 15727 275 15452 5518 5470 117 83 101
internal_count=21493 248 131 21245 15727 275 15452 5518 5470 117 83 101
is_linear=0
shrinkage=0.03


Tree=269
num_leaves=10
num_cat=0
split_feature=114 148 148 48 62 4 55 14 149
split_gain=8.76437 13.0044 8.82338 19.0973 45.1393 18.6718 15.339 20.3037 17.8986
threshold=19.169819215419004 43.957815465716273 -1.2603678325465437 26.500000000000004 0.99798792756539245 41.413723678143818 1.0000000180025095e-35 2.0251413918254721 6.5000000000000009
decision_type=2 2 2 2 2 2 2 2 2
left_child=2 -2 3 5 -5 -1 7 -4 -8
right_child=1 -3 6 4 -6 -7 8 -9 -10
leaf_value=-0.0015579459765001412 0.011176977887184355 -0.0088831533458834724 0.066368779798355551 -0.0144780623345469 0.039953157981566526 0.0029100967618663786 0.012797419818140508 0.0055448558382864156 -8.4684365277098991e-05
leaf_weight=6575 34 42 53 245 95 1759 459 951 11280
leaf_count=6575 34 42 53 245 95 1759 459 951 11280
internal_value=-9.35188e-05 -0.0102632 -5.7431e-05 -0.000795481 -0.00776471 -0.000511159 0.00044495 0.00400398 0.000140557
internal_weight=21493 76 21417 8674 340 8334 12743 1004 11739
internal_count=21493 76 21417 8674 340 8334 12743 1004 11739
is_linear=0
shrinkage=0.03


Tree=270
num_leaves=6
num_cat=0
split_feature=136 67 48 43 105
split_gain=10.4176 10.0638 17.7204 9.75256 8.40915
threshold=3730.5000000000005 10.878508771929825 48.500000000000007 5.0004593919967339 0.78622367391290393
decision_type=2 2 2 2 2
left_child=1 2 3 -1 -2
right_child=4 -3 -4 -5 -6
leaf_value=-0.00019862612838359678 -8.9968074419777269e-05 0.090493290389380115 -0.024740756293360953 0.0059567412344120859 -0.014379913438478447
leaf_weight=20668 31 58 35 668 33
leaf_count=20668 31 58 35 668 33
internal_value=-0.000101894 -6.57987e-05 -9.96678e-05 -6.46794e-05 -0.0121875
internal_weight=21493 21429 21371 21336 64
internal_count=21493 21429 21371 21336 64
is_linear=0
shrinkage=0.03


Tree=271
num_leaves=12
num_cat=0
split_feature=38 70 35 135 30 143 139 51 56 45 147
split_gain=8.50829 17.1749 8.85676 18.5557 24.3447 23.2716 13.9686 31.926 28.0265 8.71111 8.70409
threshold=9.508322242933831 2.6018039517473222 1.0000000180025095e-35 104643.50000000001 0.46794818824107937 8.6573135603347815 2956.5000000000005 570.00000000000011 0.54067493276542944 3.8547954891147409 44.13886285874954
decision_type=2 2 2 2 2 2 2 2 2 2 2
left_child=2 10 3 5 -5 -1 8 -8 -4 -3 -2
right_child=1 9 6 4 -6 -7 7 -9 -10 -11 -12
leaf_value=-0.00077829753614695122 -0.0032261953584592599 0.015263497589257664 0.00035592834885435739 0.021409400201444662 -0.0066851588920828191 0.017117325188055331 -0.0015436729995954857 0.0049545342791874726 -0.0067814878264718503 -0.0088614785940207118 -0.016255416136172662
leaf_weight=8199 36 45 4343 92 807 253 2711 3779 1143 45 40
leaf_count=8199 36 45 4343 92 807 253 2711 3779 1143 45 40
internal_value=-0.000101894 -0.00686747 -4.92334e-05 -0.000741097 -0.00483871 -0.000305253 0.000490982 0.00143297 -0.000623405 0.002 -0.0173684
internal_weight=21493 166 21327 9351 899 8452 11976 6490 5486 90 76
internal_count=21493 166 21327 9351 899 8452 11976 6490 5486 90 76
is_linear=0
shrinkage=0.03


Tree=272
num_leaves=7
num_cat=0
split_feature=136 79 76 45 22 105
split_gain=8.87743 10.7233 8.99193 11.3232 10.4617 7.06256
threshold=3730.5000000000005 0.00036697489864759319 0.55094731091947502 0.73685713691718002 2.0156924190329808 0.78622367391290393
decision_type=2 2 2 2 2 2
left_child=1 -1 3 -3 -4 -2
right_child=5 2 4 -5 -6 -7
leaf_value=0.10227988340713118 -9.7946882652813483e-05 0.0019474451090591559 -0.0056779457728601971 -0.00025528321560964253 -0.00078061745567558044 -0.014097152063699717
leaf_weight=59 31 4563 1024 11178 4605 33
leaf_count=59 31 4563 1024 11178 4605 33
internal_value=-9.35188e-05 -6.01988e-05 -9.54609e-05 0.000272537 -0.00112453 -0.01125
internal_weight=21493 21429 21370 15741 5629 64
internal_count=21493 21429 21370 15741 5629 64
is_linear=0
shrinkage=0.03


Tree=273
num_leaves=9
num_cat=0
split_feature=136 43 54 100 144 49 85 56
split_gain=8.83749 9.80332 21.4928 22.1849 20.1833 13.1719 12.7018 7.94118
threshold=3730.5000000000005 5.0004593919967339 0.58641370566678652 0.82934483398212999 7.750383761162289 2.1187016024714516 6.0630813647824509 0.49589157619482971
decision_type=2 2 2 2 2 2 2 2
left_child=1 5 3 -3 -4 6 -1 -2
right_child=7 2 4 -5 -6 -7 -8 -9
leaf_value=-0.00019813176881107062 -0.011754363654735442 -0.0067145079677099415 0.061386525362394515 0.023997128849623094 -0.0081385865855695804 -0.016399621254858401 0.080305670805430301 0.00010386152308511052
leaf_weight=20643 34 391 171 85 44 36 59 30
leaf_count=20643 34 391 171 85 44 36 59 30
internal_value=-0.000118643 -8.53983e-05 0.00342981 -0.00012605 0.0113023 -0.000202527 -0.000170998 -0.01125
internal_weight=21493 21429 691 476 215 20738 20702 64
internal_count=21493 21429 691 476 215 20738 20702 64
is_linear=0
shrinkage=0.03


Tree=274
num_leaves=12
num_cat=0
split_feature=56 14 151 82 25 135 116 147 42 108 90
split_gain=9.23672 13.7969 14.3714 8.90683 14.1893 21.4019 14.3889 12.9566 13.6968 11.6423 7.38315
threshold=1.7315462697288424 5.3350290714776127 0.78741240399747148 0.065071878989655371 -0.39546874413062982 17406.000000000004 14.500000000000002 11.92687843646241 0.95463626877527574 0.33587841345685626 2506.5000000000005
decision_type=2 2 2 2 2 2 2 2 2 2 2
left_child=3 10 -3 7 6 -6 -5 9 -9 -1 -2
right_child=1 2 -4 4 5 -7 -8 8 -10 -11 -12
leaf_value=-0.00047249646351905813 -0.0058699018511871488 0.020262982519223868 -0.0083070188578826358 -0.00092098021019472399 -0.0022021638872849435 0.0099366441816246282 -0.0078703505752667387 0.0029627186371930002 -0.0003106465279127557 -0.0063399284913927658 -0.014347704816818678
leaf_weight=1058 59 54 31 10041 867 870 477 4266 3375 362 33
leaf_count=1058 59 54 31 10041 867 870 477 4266 3375 362 33
internal_value=-0.000124226 -0.00694915 0.00176471 -6.75549e-05 -0.000594859 0.0019171 -0.0010097 0.000645624 0.00113467 -0.00198592 -0.015
internal_weight=21493 177 85 21316 12255 1737 10518 9061 7641 1420 92
internal_count=21493 177 85 21316 12255 1737 10518 9061 7641 1420 92
is_linear=0
shrinkage=0.03


Tree=275
num_leaves=11
num_cat=0
split_feature=56 22 5 37 38 37 67 27 110 106
split_gain=10.2009 12.9203 9.38889 8.71873 15.7272 15.5571 14.6239 31.9384 17.7461 7.75452
threshold=1.7315462697288424 4.6202382636736186 7.5000000000000009 325.45000000000005 10.3044551810915 235.94166666666669 1.7542421627840092 0.065317902444132686 0.040900421449605893 0.067562972623286657
decision_type=2 2 2 2 2 2 2 2 2 2
left_child=3 9 -3 4 5 -1 8 -8 -5 -2
right_child=1 2 -4 6 -6 -7 7 -9 -10 -11
leaf_value=-0.00031906293694114934 -0.011089679449597418 -0.0066130506106665803 0.020864580085558665 -0.0060341952798557254 -0.0081289297998112815 0.0023637697529485147 0.072021509871111292 -0.0062857880263811668 0.00063090798105569273 -0.0021568016859648529
leaf_weight=11257 53 36 36 448 41 5353 46 1388 2783 52
leaf_count=11257 53 36 36 448 41 5353 46 1388 2783 52
internal_value=-0.000115852 -0.00728814 0.0025 -5.62957e-05 0.000264849 0.000310656 -0.00120257 -0.00372385 -8.35655e-05 -0.014
internal_weight=21493 177 72 21316 16651 16610 4665 1434 3231 105
internal_count=21493 177 72 21316 16651 16610 4665 1434 3231 105
is_linear=0
shrinkage=0.03


Tree=276
num_leaves=11
num_cat=0
split_feature=56 22 23 60 19 61 25 37 60 106
split_gain=11.1713 11.6482 9.316 8.42027 11.7224 16.019 9.42828 16.6637 12.9345 7.75452
threshold=1.7315462697288424 4.6202382636736186 -1.6965170712985544 12.466668366688383 6.2162823965087926 1.5523407919962253 -5.5353138039121008 48.399999999999984 5.1528394212590998 0.067562972623286657
decision_type=2 2 2 2 2 2 2 2 2 2
left_child=3 9 -3 6 5 -5 7 -1 -8 -2
right_child=1 2 -4 4 -6 -7 8 -9 -10 -11
leaf_value=0.071154514335714542 -0.010756989066109496 0.022074469885323449 -0.00543786785504139 0.00025530568641093785 0.017364338674121516 -0.015458403306515859 2.1543967566941546e-05 0.0015976210792884625 -0.0041269830400234688 -0.0020920976353859082
leaf_weight=51 53 37 35 35 31 70 18855 1079 1195 52
leaf_count=51 53 37 35 35 31 70 18855 1079 1195 52
internal_value=-0.000121435 -0.00762712 0.00166667 -5.91105e-05 -0.0075 -0.0122857 -1.13314e-05 0.00265487 -0.000161596 -0.014
internal_weight=21493 177 72 21316 136 105 21180 1130 20050 105
internal_count=21493 177 72 21316 136 105 21180 1130 20050 105
is_linear=0
shrinkage=0.03


Tree=277
num_leaves=13
num_cat=0
split_feature=56 62 72 50 108 8 4 37 37 115 87 68
split_gain=9.25184 13.8564 10.519 8.10241 25.5524 27.6481 21.5611 14.7834 19.952 19.1063 7.9088 6.09711
threshold=1.7315462697288424 0.72437745494477312 3.1595028948363177 16200.000000000002 0.33225866915425228 7.4556278243324288 18.310964931943236 333.04166666666669 235.94166666666669 15.500000000000002 6061.5000000000009 1.1077677224736051
decision_type=2 2 2 2 2 2 2 2 2 2 2 2
left_child=3 10 -3 4 5 -1 -6 8 -5 -9 -2 -12
right_child=1 2 -4 7 6 -7 -8 9 -10 -11 11 -13
leaf_value=0.00062052864205280444 -0.0018656086730008425 -0.0033045434888284574 0.036813035052138086 -0.00010405564593477689 -0.012398170442746196 -0.012909395328353649 -0.003186539674141997 -0.0024516617133092736 0.0041343117456670384 0.0057944777613622685 -0.0014793188356055475 -0.011892279764308842
leaf_weight=4119 31 30 40 8418 133 102 1289 2767 4287 201 31 45
leaf_count=4119 31 30 40 8418 133 102 1289 2767 4287 201 31 45
internal_value=-0.000118643 -0.00694915 0.00342857 -6.19253e-05 -0.00103668 0.000135039 -0.00451477 0.000289032 0.000734357 -0.00161725 -0.0137383 -0.0189474
internal_weight=21493 177 70 21316 5643 4221 1422 15673 12705 2968 107 76
internal_count=21493 177 70 21316 5643 4221 1422 15673 12705 2968 107 76
is_linear=0
shrinkage=0.03


Tree=278
num_leaves=11
num_cat=0
split_feature=56 150 114 136 57 85 149 58 2 74
split_gain=11.1381 11.2639 9.21823 8.18477 14.0015 12.6658 9.882 9.80479 9.19947 6.41607
threshold=1.7315462697288424 37.500000000000007 4.8970030544268655 4.5000000000000009 0.2178147250495675 1.6628050713569178 105.50000000000001 6.1420676588102809 69.44657137995577 0.11451990632318503
decision_type=2 2 2 2 2 2 2 2 2 2
left_child=3 2 9 4 5 -1 8 -6 -5 -2
right_child=1 -3 -4 6 7 -7 -8 -9 -10 -11
leaf_value=-0.0093686073595001668 -0.0052607479022498569 0.017905164634452422 -0.00087950458470573807 0.0016998756302795503 0.02025261378436671 0.011009909612227833 -0.0085569703298183936 0.052978119981729459 -0.00029391869244027591 -0.010712304387496607
leaf_weight=113 37 33 52 1197 178 95 48 33 19652 55
leaf_count=113 37 33 52 1197 178 95 48 33 19652 55
internal_value=-0.000132601 -0.00762712 -0.01125 -7.03697e-05 0.00408115 -0.00144231 -0.000153611 0.00952607 -0.000122308 -0.0169565
internal_weight=21493 177 144 21316 419 208 20897 211 20849 92
internal_count=21493 177 144 21316 419 208 20897 211 20849 92
is_linear=0
shrinkage=0.03


Tree=279
num_leaves=12
num_cat=0
split_feature=56 114 55 53 73 28 73 150 73 82 54
split_gain=11.1049 11.2271 14.7453 8.51056 17.781 15.9333 9.67469 27.3137 21.6392 6.38785 7.31665
threshold=1.7315462697288424 4.8970030544268655 0.93007571735436845 14250.000000000002 8.077948968660424 1.2237651447334155 4.0783424910129442 3.5000000000000004 3.4157998993600818 0.098325111372090421 0.35485337006942735
decision_type=2 2 2 2 2 2 2 2 2 2 2
left_child=3 9 -3 6 -5 -6 8 -8 -1 10 -2
right_child=1 2 -4 4 5 -7 7 -9 -10 -11 -12
leaf_value=2.6805085680585705e-05 0.00062228382545235768 -0.0069036101915978913 0.035012765124805244 -0.013145106900253806 -0.014215016279977639 0.0046950732721082302 -0.0066268103595868563 0.0028063395808125666 -0.0039747651970640317 -0.012904202703213016 -0.0057001813456333253
leaf_weight=12775 34 36 34 59 70 183 770 5341 2118 42 31
leaf_count=12775 34 36 34 59 70 183 770 5341 2118 42 31
internal_value=-0.000143768 -0.00762712 0.00171429 -8.16288e-05 -0.005 -0.0015415 -8.5698e-06 0.000996564 -0.000421003 -0.0137383 -0.00784615
internal_weight=21493 177 70 21316 312 253 21004 6111 14893 107 65
internal_count=21493 177 70 21316 312 253 21004 6111 14893 107 65
is_linear=0
shrinkage=0.03


Tree=280
num_leaves=12
num_cat=0
split_feature=56 98 55 67 45 59 38 35 104 120 101
split_gain=10.1454 11.825 13.7434 8.5741 12.1602 8.79093 22.4022 9.49554 8.6394 6.66465 6.40592
threshold=1.7315462697288424 1.2627377506897368 0.70580700556399478 0.24169696474529193 1.5620268442554808 16.175759331292245 3.7741388715997042 1.0000000180025095e-35 1.6998185544743996 0.67826174631982261 0.73572106472957455
decision_type=2 2 2 2 2 2 2 2 2 2 2
left_child=3 -2 9 4 8 7 -7 -5 -1 -3 -6
right_child=1 2 -4 5 10 6 -8 -9 -10 -11 -12
leaf_value=0.0020818478166449326 -0.0100529348149326 -0.0026426581157055458 0.012021869797563412 -0.00088198400639933889 -0.010875620693777554 0.1005288711815483 -0.0032069666330624999 0.00044477047304995461 -0.0062841580446162419 -0.0077071778760939942 -0.010045104541988564
leaf_weight=53 48 31 58 9195 46 38 52 11865 32 40 35
leaf_count=53 48 31 58 9195 46 38 52 11865 32 40 35
internal_value=-0.000135393 -0.00728814 -0.00255814 -7.59992e-05 -0.00686747 -2.2695e-05 0.00933333 -6.26781e-05 0.00105882 -0.0114085 -0.0151852
internal_weight=21493 177 129 21316 166 21150 90 21060 85 71 81
internal_count=21493 177 129 21316 166 21150 90 21060 85 71 81
is_linear=0
shrinkage=0.03


Tree=281
num_leaves=13
num_cat=0
split_feature=56 62 110 93 24 18 151 25 148 150 47 58
split_gain=10.1216 12.5072 10.519 9.34211 8.83795 23.2835 13.641 9.39492 24.7271 13.8281 5.30922 3.43253
threshold=1.7315462697288424 0.72437745494477312 0.090294286549406078 1.5760071049516715 -0.11075979218231076 2.3274713153457673 0.82730698401850189 -0.14030753476066032 -19.25478040974054 45.500000000000007 26.030303030303035 4.6804110297813279
decision_type=2 2 2 2 2 2 2 2 2 2 2 2
left_child=4 3 -3 -2 7 6 -6 9 -9 -1 -7 -5
right_child=1 2 -4 11 5 10 -8 8 -10 -11 -12 -13
leaf_value=5.5620420831015705e-05 -0.0014667674870277858 0.044454940058205814 -0.0023350470622821732 -0.0079361222257881246 -0.0069747897947895566 -0.0043222388611239733 0.018024089011080564 0.036755871470484341 0.0012551667296971985 -0.0042230653058689688 -0.022921539645293598 -0.015165527671685967
leaf_weight=19316 45 30 40 32 116 31 56 94 446 1204 53 30
leaf_count=19316 45 30 40 32 116 31 56 94 446 1204 53 30
internal_value=-0.000143768 -0.00728814 0.00257143 -0.0137383 -8.44436e-05 -0.005625 0.000697674 -1.7094e-05 0.00388889 -0.000119883 -0.0185714 -0.0212903
internal_weight=21493 177 70 107 21316 256 172 21060 540 20520 84 62
internal_count=21493 177 70 107 21316 256 172 21060 540 20520 84 62
is_linear=0
shrinkage=0.03


Tree=282
num_leaves=14
num_cat=0
split_feature=24 18 19 19 35 87 97 151 139 4 2 42 82
split_gain=8.64003 23.2835 12.3289 13.6154 9.11816 19.0516 32.8319 25.2041 13.2404 23.2236 22.9564 6.53595 6.02771
threshold=-0.11075979218231076 2.3274713153457673 4.2641559398086653 1.9032682538875787 1.0000000180025095e-35 7873.5000000000009 9.9906877179764013 0.052049645269984263 2956.5000000000005 83.164495941702057 70.207680980780978 1.7875276456919966 0.11213494788805489
decision_type=2 2 2 2 2 2 2 2 2 2 2 2 2
left_child=4 2 3 -2 5 6 -1 -7 10 -10 -6 -4 -3
right_child=1 12 11 -5 8 7 -8 -9 9 -11 -12 -13 -14
leaf_value=0.0045377098976006102 0.0067493223112266975 -0.011936496661208185 -0.0035722288564952443 -0.013379452415693037 0.0095747025181226325 -0.0087235087935272886 -0.014995094922898055 -0.0012011352151995796 0.0020568578913919221 -0.017675041192393555 -0.0016760721180179711 0.021929012774601433 -0.022180570194250324
leaf_weight=1862 31 44 40 56 435 409 92 6884 6389 84 5082 45 40
leaf_count=1862 31 44 40 56 435 409 92 6884 6389 84 5082 45 40
internal_value=-0.000146559 -0.005625 0.000697674 -0.00724138 -8.05198e-05 -0.000788364 0.00184237 -0.00149321 0.000465388 0.00138576 -0.000614464 0.00882353 -0.0185714
internal_weight=21493 256 172 87 21237 9247 1954 7293 11990 6473 5517 85 84
internal_count=21493 256 172 87 21237 9247 1954 7293 11990 6473 5517 85 84
is_linear=0
shrinkage=0.03


Tree=283
num_leaves=11
num_cat=0
split_feature=56 98 55 60 19 61 25 54 60 120
split_gain=11.0718 11.2027 12.3368 8.34399 10.2748 14.0315 9.89348 20.4665 17.8565 6.66465
threshold=1.7315462697288424 1.2627377506897368 0.70580700556399478 12.466668366688383 6.3188076549304046 1.5523407919962253 -5.1159892818291572 0.78734972712325646 5.1528394212590998 0.67826174631982261
decision_type=2 2 2 2 2 2 2 2 2 2
left_child=3 -2 9 6 5 -5 7 -1 -8 -3
right_child=1 2 -4 4 -6 -7 8 -9 -10 -11
leaf_value=0.0001610520292839801 -0.0097201795860166734 -0.0024572929039099268 0.011149465492606227 8.9899243653777724e-05 0.017339480685413407 -0.014935988370159912 -7.1471073637363599e-06 0.020522122139244422 -0.0056163702419446638 -0.007453398650120506
leaf_weight=1067 48 31 58 36 30 70 18832 316 965 40
leaf_count=1067 48 31 58 36 30 70 18832 316 965 40
internal_value=-0.000154934 -0.00762712 -0.00302326 -9.2888e-05 -0.0075 -0.0118868 -4.53258e-05 0.00240781 -0.000216699 -0.0114085
internal_weight=21493 177 129 21316 136 106 21180 1383 19797 71
internal_count=21493 177 129 21316 136 106 21180 1383 19797 71
is_linear=0
shrinkage=0.03


Tree=284
num_leaves=11
num_cat=0
split_feature=56 98 55 78 2 18 25 28 150 120
split_gain=12.0818 10.5973 11.0062 9.09096 16.2203 14.0821 10.0548 25.5761 10.7419 6.66465
threshold=1.7315462697288424 1.2627377506897368 0.70580700556399478 56.500000000000007 93.909492679046792 -2.6813504585918317 -0.14030753476066032 0.84962897840781793 45.500000000000007 0.67826174631982261
decision_type=2 2 2 2 2 2 2 2 2 2
left_child=3 -2 9 6 5 -5 8 -8 -1 -3
right_child=1 2 -4 4 -6 -7 7 -9 -10 -11
leaf_value=5.4569593933746496e-05 -0.0094285741984361723 -0.0023835741167926288 0.01081498152782804 -0.0098230674479733542 -0.016621442667154665 -9.5363048804223549e-05 -0.018017402060373462 0.015058546568979345 -0.0040483997569811629 -0.0072297966906168902
leaf_weight=19115 48 31 58 60 40 368 34 511 1188 40
leaf_count=19115 48 31 58 60 40 368 34 511 1188 40
internal_value=-0.000160517 -0.0079661 -0.00348837 -9.57028e-05 -0.00423077 -0.00252336 -2.87797e-06 0.00401835 -0.000110821 -0.0114085
internal_weight=21493 177 129 21316 468 428 20848 545 20303 71
internal_count=21493 177 129 21316 468 428 20848 545 20303 71
is_linear=0
shrinkage=0.03


Tree=285
num_leaves=11
num_cat=0
split_feature=56 110 9 78 2 117 146 22 35 60
split_gain=10.09 9.74066 10.9406 8.53598 13.8759 10.2983 9.42158 27.6154 9.62227 5.92001
threshold=1.7315462697288424 0.087598702647397025 0.95129661666441512 56.500000000000007 93.909492679046792 6.5000000000000009 1.4426492159303068 3.8647422213386617 1.0000000180025095e-35 1.6767175622117676
decision_type=2 2 2 2 2 2 2 2 2 2
left_child=3 -2 9 6 5 -5 7 -1 -8 -3
right_child=1 2 -4 4 -6 -7 8 -9 -10 -11
leaf_value=0.0012277880177274292 0.0044119286826331747 0.0030945575082883337 -0.008104740935553089 -0.0030146523997224986 -0.016122799387140025 0.0009924002556593954 -0.0014559926386073431 0.058185849565551673 0.00027011092970692706 -0.0046048176857986832
leaf_weight=2555 54 32 57 224 40 204 6880 90 11323 34
leaf_count=2555 54 32 57 224 40 204 6880 90 11323 34
internal_value=-0.000154934 -0.00728814 -0.0119512 -9.57028e-05 -0.00410256 -0.00252336 -5.75595e-06 0.0016673 -0.00024886 -0.00363636
internal_weight=21493 177 123 21316 468 428 20848 2645 18203 66
internal_count=21493 177 123 21316 468 428 20848 2645 18203 66
is_linear=0
shrinkage=0.03


Tree=286
num_leaves=13
num_cat=0
split_feature=56 148 9 67 45 49 144 56 139 86 101 40
split_gain=10.1374 11.364 9.32392 8.56699 10.0907 9.88824 8.65685 27.7229 16.9089 7.85319 5.18123 4.00855
threshold=1.7315462697288424 -7.3262496958815495 0.63417093041523176 0.24169696474529193 1.5620268442554808 0.17701034707071936 4.404930688748137 1.0478846845584442 23795.500000000004 2.5024682859638387 0.73572106472957455 1.8977661857427199
decision_type=2 2 2 2 2 2 2 2 2 2 2 2
left_child=3 9 -3 4 5 -1 8 -8 -5 -2 -6 -4
right_child=1 2 11 6 10 -7 7 -9 -10 -11 -12 -13
leaf_value=-0.0059893270840189359 0.023293773293730946 -0.00073836859145243183 -0.0064411861421614907 0.00050117435560475545 -0.010494020011604207 0.0028559353403817852 -0.0021499000956394687 0.014501159176858062 -0.0045869892542053032 -0.014178437461513822 -0.010183713852446081 -0.0076825451751466696
leaf_weight=40 30 46 37 15556 46 45 4675 396 523 34 35 30
leaf_count=40 30 46 37 15556 46 45 4675 396 523 34 35 30
internal_value=-0.000138185 -0.00728814 -0.0130088 -7.8814e-05 -0.00686747 0.000352941 -2.55319e-05 -0.00110629 0.000315318 0.0028125 -0.0144444 -0.0201493
internal_weight=21493 177 113 21316 166 85 21150 5071 16079 64 81 67
internal_count=21493 177 113 21316 166 85 21150 5071 16079 64 81 67
is_linear=0
shrinkage=0.03


Tree=287
num_leaves=12
num_cat=0
split_feature=56 150 22 84 59 147 66 59 38 42 38
split_gain=10.2009 10.786 8.81406 8.3015 19.7656 25.0523 13.1663 12.1978 21.9812 13.7907 6.89437
threshold=1.7315462697288424 37.500000000000007 5.2953436341019282 2.3481132744533597 1.2891695744142968 15.542664775111374 0.32772895454953316 1.0225535830878749 6.3990774372066301 0.42008001606158724 2.8704849768112899
decision_type=2 2 2 2 2 2 2 2 2 2 2
left_child=3 2 10 4 5 -1 -6 8 -5 -9 -2
right_child=1 -3 -4 7 6 -7 -8 9 -10 -11 -12
leaf_value=-0.0097077855386992189 -0.003546728382809125 0.01532513279419156 0.00034487655041559541 -0.002657957061666538 -0.0088659970269459078 0.016385551355883189 -0.0019132674422995405 0.0019469628342246813 -0.021241702930800958 -0.000218131442728281 -0.013621790113103913
leaf_weight=47 58 33 46 1130 58 176 1236 5342 71 13256 40
leaf_count=47 58 33 46 1130 58 176 1236 5342 71 13256 40
internal_value=-0.000115852 -0.00728814 -0.0108333 -5.62957e-05 -0.00219512 0.00605381 -0.00361669 0.000107581 -0.00282265 0.000296806 -0.0159184
internal_weight=21493 177 144 21316 1517 223 1294 19799 1201 18598 98
internal_count=21493 177 144 21316 1517 223 1294 19799 1201 18598 98
is_linear=0
shrinkage=0.03


Tree=288
num_leaves=12
num_cat=0
split_feature=56 150 22 24 18 19 2 90 3 82 16
split_gain=9.23672 10.3185 10.0382 8.89191 21.6 15.7287 8.94239 21.7736 19.3253 7.36991 6.0325
threshold=1.7315462697288424 37.500000000000007 4.9151360047723234 -0.11075979218231076 1.8119947867605861 4.2641559398086653 97.628662238702603 8407.0000000000018 1.8530432459912669 0.06326419883248148 0.089481240871163173
decision_type=2 2 2 2 2 2 2 2 2 2 2
left_child=3 2 10 6 5 -5 8 -8 -1 -6 -2
right_child=1 -3 -4 4 9 -7 7 -9 -10 -11 -12
leaf_value=-6.056231892111019e-05 -0.0019137222333987475 0.014865378810365816 0.0003140252155228351 -0.008654352346307374 -0.0005637900288667974 0.017547329205028477 0.0049765832035939227 -0.017160853497379398 -0.0091844413299648243 -0.020070629076904954 -0.010989825331543232
leaf_weight=18686 52 33 49 82 31 78 1936 127 311 65 43
leaf_count=18686 52 33 49 82 31 78 1936 127 311 65 43
internal_value=-0.000124226 -0.00694915 -0.0104167 -6.75549e-05 -0.005625 0.001125 0 0.00187591 -0.000203716 -0.016875 -0.0161053
internal_weight=21493 177 144 21316 256 160 21060 2063 18997 96 95
internal_count=21493 177 144 21316 256 160 21060 2063 18997 96 95
is_linear=0
shrinkage=0.03


Tree=289
num_leaves=12
num_cat=0
split_feature=56 22 23 122 59 108 38 148 84 27 42
split_gain=9.23672 10.0108 9.316 8.50225 8.38139 21.45 22.512 20.0349 11.2769 15.4961 13.1315
threshold=1.7315462697288424 4.6202382636736186 -1.6965170712985544 0.50584333235781886 1.0225535830878749 0.47557295113976888 5.2624072085113935 9.2905331901096524 2.3481132744533597 0.84908094622143426 0.44758362294010723
decision_type=2 2 2 2 2 2 2 2 2 2 2
left_child=4 3 -3 -2 5 6 -1 -7 9 -6 -10
right_child=1 2 -4 -5 8 7 -8 -9 10 -11 -12
leaf_value=0.0010816256264725888 -0.0082925565539182736 0.020176145137527187 -0.0043548661118067477 -0.001358840192830906 -0.0050306018871385232 -0.01843300461723504 -0.017018704458408931 -0.00096679359554745214 0.0018512478917329879 -2.39771731956742e-05 -0.00026988913633005927
leaf_weight=988 47 37 35 58 514 70 174 66 5840 906 12758
leaf_count=988 47 37 35 58 514 70 174 66 5840 906 12758
internal_value=-0.000124226 -0.00694915 0.00166667 -0.0128571 -6.75549e-05 -0.0024037 -0.00108434 -0.0136765 8.39245e-05 -0.00249296 0.000280675
internal_weight=21493 177 72 105 21316 1298 1162 136 20018 1420 18598
internal_count=21493 177 72 105 21316 1298 1162 136 20018 1420 18598
is_linear=0
shrinkage=0.03


Tree=290
num_leaves=15
num_cat=0
split_feature=110 143 63 144 26 71 2 51 106 151 120 30 147 22
split_gain=9.23459 16.6066 15.4565 32.1496 31.228 24.1476 15.5344 21.1326 16.2115 15.2103 16.3823 15.5713 12.7895 15.6226
threshold=0.49350534852219607 1.4163382633633237 0.68544973544973564 3.8684173667432358 -0.81476622092497208 8.191244456284215 96.668348469559376 1770.0000000000002 0.033659965679074061 0.31399150377450563 0.58231571109456459 2.010712089952988 16.272852178431187 2.7302809322443378
decision_type=2 2 2 2 2 2 2 2 2 2 2 2 2 2
left_child=2 12 6 4 -4 -5 8 -8 -1 11 -11 -3 -2 -14
right_child=1 9 3 5 -6 -7 7 -9 -10 10 -12 -13 13 -15
leaf_value=0.0073250118802015282 -0.012920047857483959 -0.0073079839276275899 -0.0037055585187613879 -0.0080086778570243357 0.017584926116088279 0.025768114627572718 0.0053949766326872603 0.047303364613449382 -2.9387224816328492e-05 -0.0038641842910259855 0.00184794369616727 0.0028154827732626065 -0.016791900091064377 0.024345766682789087
leaf_weight=701 38 954 552 1301 331 120 1419 120 12452 838 2383 208 43 33
leaf_count=701 38 954 552 1301 331 120 1419 120 12452 838 2383 208 43 33
internal_value=-0.000118643 -0.00132755 0.000201224 -0.00208333 0.00241223 -0.00487685 0.000559488 0.00341131 0.000225804 -0.00103354 2.79416e-05 -0.0039759 -0.0126316 -0.00552632
internal_weight=21493 4497 16996 2304 883 1421 14692 1539 13153 4383 3221 1162 114 76
internal_count=21493 4497 16996 2304 883 1421 14692 1539 13153 4383 3221 1162 114 76
is_linear=0
shrinkage=0.03


Tree=291
num_leaves=15
num_cat=0
split_feature=50 108 16 73 26 139 64 33 37 59 116 64 99 28
split_gain=8.71345 22.2937 30.1479 25.7015 20.9186 25.6447 20.6343 16.9366 15.5173 17.3402 18.2761 17.26 30.1178 17.6089
threshold=16200.000000000002 0.33225866915425228 7.2088011928318112 1.0220657742515404 -2.4797015454614351 29537.500000000004 0.51927203697589974 2.5000000000000004 333.04166666666669 0.95790629748622036 20.500000000000004 0.68978882651697415 1.3480549587516166 0.44979329839846244
decision_type=2 2 2 2 2 2 2 2 2 2 2 2 2 2
left_child=1 2 3 -1 7 -6 -4 -3 11 -10 -11 13 -13 -2
right_child=8 4 6 -5 5 -7 -8 -9 9 10 -12 12 -14 -15
leaf_value=0.020710641015365579 -0.017381201824233455 0.0041536113464103958 -0.018544877656850461 -0.00020235196861429161 -0.0084049830028466669 0.030869611370108963 -0.0020125078441337704 -0.012210981001599282 -0.0074520246319126045 -0.00077187033976415021 -0.014078220762219318 0.0087969029115313249 -0.002089871712539658 9.8512746093383223e-05
leaf_weight=251 55 456 65 3879 864 35 57 74 135 2825 50 2233 1176 9338
leaf_count=251 55 456 65 3879 864 35 57 74 135 2825 50 2233 1176 9338
internal_value=-0.000138185 -0.00114593 -5.6444e-05 0.000377724 -0.00438768 -0.00717464 -0.0147541 0.000339623 0.000223881 -0.00171429 -0.00122087 0.000679581 0.00250807 1.59693e-05
internal_weight=21493 5681 4252 4130 1429 899 122 530 15812 3010 2875 12802 3409 9393
internal_count=21493 5681 4252 4130 1429 899 122 530 15812 3010 2875 12802 3409 9393
is_linear=0
shrinkage=0.03


Tree=292
num_leaves=12
num_cat=0
split_feature=56 150 146 22 142 148 90 37 84 22 124
split_gain=9.19898 10.3185 8.89473 28.8701 23.9911 11.4419 19.8887 16.2093 9.23136 8.4757 5.95245
threshold=1.7315462697288424 37.500000000000007 1.4426492159303068 3.8647422213386617 1477.5000000000002 -1.3827530801533199 3007.5000000000005 304.45833333333343 4.4295560077200848 4.6202382636736186 0.34236185739743624
decision_type=2 2 2 2 2 2 2 2 2 2 2
left_child=2 9 3 4 -1 6 -4 -7 -5 10 -2
right_child=1 -3 5 8 -6 7 -8 -9 -10 -11 -12
leaf_value=0.00048340975651756823 -0.002700188545872677 0.013877710860049713 -0.0037968903564814826 0.010919785687683869 0.11967788138376377 0.0011741071787777268 0.00016015636395617705 -0.0015650198419066453 0.088625894271518124 -0.00013444134994100576 -0.011363297439408377
leaf_weight=2602 47 33 3564 31 33 8289 3724 3013 60 51 46
leaf_count=2602 47 33 3564 31 33 8289 3724 3013 60 51 46
internal_value=-0.000138185 -0.00694915 -8.16288e-05 0.00151871 0.000944972 -0.000316299 -0.00124314 0.000281366 0.0181319 -0.0104167 -0.0158065
internal_weight=21493 177 21316 2726 2635 18590 7288 11302 91 144 93
internal_count=21493 177 21316 2726 2635 18590 7288 11302 91 144 93
is_linear=0
shrinkage=0.03


Tree=293
num_leaves=10
num_cat=0
split_feature=114 148 2 99 19 24 107 28 62
split_gain=8.70193 13.0044 8.5752 29.6444 23.8137 20.973 11.3033 27.5245 20.6802
threshold=19.169819215419004 43.957815465716273 69.44657137995577 0.9524147102025512 7.6503215613654927 -0.75353267622822384 0.31500951010134609 2.4712510004888282 0.80111474034341212
decision_type=2 2 2 2 2 2 2 2 2
left_child=2 -2 3 4 -1 -5 7 -4 -8
right_child=1 -3 6 5 -6 -7 8 -9 -10
leaf_value=0.014751881650965708 0.010372217113239603 -0.0073090131132304368 0.00089055304030453356 -0.0003545296873981174 -0.0076821849986573477 -0.015560790900339065 -0.003002541106763755 -0.0064375224715018881 0.00077701514881288014
leaf_weight=729 34 42 10550 249 162 94 5607 451 3575
leaf_count=729 34 42 10550 249 162 94 5607 451 3575
internal_value=-0.00012981 -0.0102632 -9.38507e-05 0.00233387 0.00521886 -0.00516035 -0.000242283 0.000406327 -0.00101939
internal_weight=21493 76 21417 1234 891 343 20183 11001 9182
internal_count=21493 76 21417 1234 891 343 20183 11001 9182
is_linear=0
shrinkage=0.03


Tree=294
num_leaves=10
num_cat=0
split_feature=56 110 97 18 147 24 18 135 13
split_gain=11.1464 10.3723 12.1095 8.69581 12.4544 8.33973 23.8904 9.10538 3.15888
threshold=1.7315462697288424 0.087598702647397025 1.8562269761868309 15.964092694253287 53.635288907345107 -0.11075979218231076 4.5820467992664566 6560.5000000000009 5.5892820879479945
decision_type=2 2 2 2 2 2 2 2 2
left_child=3 -2 -3 5 -5 7 -7 -1 -4
right_child=1 2 8 4 -6 6 -8 -9 -10
leaf_value=-0.0013970932221325826 0.0030269276626128491 -0.0010345545857609099 -0.0048425410972552999 0.00098672900102371583 -0.0081379346975405387 -0.0023139075234624774 -0.019656739493999147 0.00031224344397295267 -0.012695001761104342
leaf_weight=5338 54 56 36 33 50 211 43 15641 31
leaf_count=5338 54 56 36 33 50 211 43 15641 31
internal_value=-0.00012981 -0.00762712 -0.012439 -6.75549e-05 -0.00975904 -2.96708e-05 -0.00543307 3.575e-05 -0.0210448
internal_weight=21493 177 123 21316 83 21233 254 20979 67
internal_count=21493 177 123 21316 83 21233 254 20979 67
is_linear=0
shrinkage=0.03


Tree=295
num_leaves=10
num_cat=0
split_feature=18 147 151 90 22 99 10 94 63
split_gain=8.64401 12.4544 9.0412 20.9693 24.1658 16.9668 15.6523 28.0096 15.3763
threshold=15.964092694253287 53.635288907345107 0.98983308970534667 11158.000000000002 10.528119593321156 0.2352705709630297 6.545803792301454 5.2960409127272579 0.48488999584890002
decision_type=2 2 2 2 2 2 2 2 2
left_child=2 -2 6 4 -4 -5 7 -1 -8
right_child=1 -3 3 5 -6 -7 8 -9 -10
leaf_value=-0.00037595735692186338 0.00095712713099300442 -0.0078937966566143217 0.0027927965439538916 0.034109306217944793 -0.025225407754358005 0.020166858764882369 -0.0077916344816128368 0.0064371652998908525 0.00024443435805429403
leaf_weight=16968 33 50 817 100 60 149 853 1751 712
leaf_count=16968 33 50 817 100 60 149 853 1751 712
internal_value=-9.63104e-05 -0.00975904 -5.8851e-05 0.00255773 0.000376283 0.010241 -0.000204102 3.68609e-05 -0.00308626
internal_weight=21493 83 21410 1126 877 249 20284 18719 1565
internal_count=21493 83 21410 1126 877 249 20284 18719 1565
is_linear=0
shrinkage=0.03


Tree=296
num_leaves=15
num_cat=0
split_feature=50 108 12 73 4 73 37 67 54 139 64 26 158 13
split_gain=8.8038 22.2973 24.0318 24.2109 20.5061 20.6713 14.7217 17.1975 23.3141 18.105 15.5974 30.575 18.7115 11.8863
threshold=16200.000000000002 0.33225866915425228 10.67737119312544 1.0220657742515404 18.310964931943236 3.1044681421000191 333.04166666666669 1.9765165441176473 0.52776308135968264 2832.5000000000005 0.68978882651697415 -1.4372375774244162 0.34848484848484856 4.4491128238100517
decision_type=2 2 2 2 2 2 2 2 2 2 2 2 2 2
left_child=1 2 3 -1 13 -6 10 9 -9 -8 12 -12 -2 -3
right_child=6 4 -4 -5 5 -7 7 8 -10 -11 11 -13 -14 -15
leaf_value=0.019142939292326702 -0.001369400306338836 -0.0076378957796416859 -0.0098160996157024109 -0.00037257432565362009 -0.0074092716166706315 0.00052932884017921843 -0.0050150992974880458 -0.013480262852267515 0.0013175904750369954 0.0011707143058960283 -0.00086443739754866523 0.010635655310285097 0.0021863952299902944 -0.013659505865888722
leaf_weight=257 5473 71 82 3913 631 665 681 513 260 1556 1507 1902 3920 62
leaf_count=257 5473 71 82 3913 631 665 681 513 260 1556 1507 1902 3920 62
internal_value=-9.07272e-05 -0.00110368 -1.4111e-05 0.000302158 -0.0043457 -0.00319444 0.00027321 -0.00161462 -0.00547219 -0.000281627 0.000717075 0.00245527 8.62344e-05 -0.0155639
internal_weight=21493 5681 4252 4170 1429 1296 15812 3010 773 2237 12802 3409 9393 133
internal_count=21493 5681 4252 4170 1429 1296 15812 3010 773 2237 12802 3409 9393 133
is_linear=0
shrinkage=0.03


Tree=297
num_leaves=12
num_cat=0
split_feature=56 98 55 59 37 108 136 71 4 10 120
split_gain=9.25184 10.1908 13.7434 8.09263 24.0086 25.1178 17.5663 12.0805 29.0712 16.1399 6.66465
threshold=1.7315462697288424 1.2627377506897368 0.70580700556399478 1.0225535830878749 341.52500000000003 0.45046770144093623 176.50000000000003 2.3498756346827858 77.129643005188953 6.7143779278960807 0.67826174631982261
decision_type=2 2 2 2 2 2 2 2 2 2 2
left_child=3 -2 10 4 5 -1 -6 8 -5 -9 -3
right_child=1 2 -4 7 6 -7 -8 9 -10 -11 -12
leaf_value=0.0010389127743255023 -0.0084426300813138077 -0.00071761334695484265 0.010232544107676805 0.0020541367322084491 -0.0016045472391651527 -0.012730914637442759 -0.019561607453270284 -0.00010488637836661319 -0.015851877277515504 -0.0050975694387831285 -0.006752579325652484
leaf_weight=1003 48 31 58 5991 83 129 83 12873 107 1047 40
leaf_count=1003 48 31 58 5991 83 129 83 12873 107 1047 40
internal_value=-0.000118643 -0.00694915 -0.00255814 -6.19253e-05 -0.00235747 -0.000795053 -0.013012 8.69218e-05 0.00120039 -0.000400862 -0.0114085
internal_weight=21493 177 129 21316 1298 1132 166 20018 6098 13920 71
internal_count=21493 177 129 21316 1298 1132 166 20018 6098 13920 71
is_linear=0
shrinkage=0.03


Tree=298
num_leaves=13
num_cat=0
split_feature=56 148 104 28 27 27 146 54 120 86 9 40
split_gain=8.37071 9.88963 8.27234 18.3765 26.495 21.4768 16.1582 22.9727 15.8986 7.85319 7.51702 4.21675
threshold=1.7315462697288424 -7.3262496958815495 0.55527411629558576 1.0712511317501503 0.83668466283991461 0.89120810825878294 4.1960491120546779 0.18180319955623389 0.82006097560975622 2.5024682859638387 0.63417093041523176 1.8977661857427199
decision_type=2 2 2 2 2 2 2 2 2 2 2 2
left_child=2 9 3 4 -1 -5 8 -8 -4 -2 -3 -12
right_child=1 10 6 5 -6 -7 7 -9 -10 -11 11 -13
leaf_value=0.001343477260233632 0.022024899775500331 -0.00018079952641935737 0.021321504192168165 -0.0023630866156086647 -0.0082630605133274717 0.00095961018068342282 -0.0007660367736892226 0.0089085913049490057 -0.00062815748904932074 -0.012579231578889205 -0.0049606739004509921 -0.0072866169383255007
leaf_weight=715 30 46 139 3803 1054 6238 1305 2070 5992 34 37 30
leaf_count=715 30 46 139 3803 1054 6238 1305 2070 5992 34 37 30
internal_value=-0.00011306 -0.00661017 -5.91105e-05 -0.000589331 -0.00340871 -9.26203e-05 0.000599621 0.00226667 -0.000318056 0.0028125 -0.0119469 -0.0183582
internal_weight=21493 177 21316 11810 1769 10041 9506 3375 6131 64 113 67
internal_count=21493 177 21316 11810 1769 10041 9506 3375 6131 64 113 67
is_linear=0
shrinkage=0.03


Tree=299
num_leaves=9
num_cat=0
split_feature=56 150 49 54 75 56 72 47
split_gain=9.22917 10.3185 8.93384 7.85668 7.64002 15.3471 9.36077 6.2774
threshold=1.7315462697288424 37.500000000000007 1.038360426982063 4.5434041126581191 0.80625000000000013 0.79427580409320131 1.0623180987835761 10.788888888888891
decision_type=2 2 2 2 2 2 2 2
left_child=3 2 7 4 6 -6 -1 -2
right_child=1 -3 -4 -5 5 -7 -8 -9
leaf_value=0.0073964446668983554 -0.00095017467969201125 0.013451467579931178 0.00040688368679957064 0.031246611987252402 -0.0047591401817859745 0.0070779791846492818 -2.8146675299995927e-05 -0.007560659461258174
leaf_weight=576 37 33 45 57 1811 280 18592 62
leaf_count=576 37 33 45 57 1811 280 18592 62
internal_value=-0.000127018 -0.00694915 -0.0104167 -7.03697e-05 -0.000100193 -0.00182209 8.76461e-05 -0.0154545
internal_weight=21493 177 144 21316 21259 2091 19168 99
internal_count=21493 177 144 21316 21259 2091 19168 99
is_linear=0
shrinkage=0.03


end of trees

feature_importances:
minutes_from_rth_open=150
prior_regime_max_mae_atr__tf_30s=86
realized_range_15m_atr=62
current_price_from_prior_mae_atr__tf_5m=61
context_level_span_atr=60
prior_regime_max_mfe_atr__tf_1m=58
prior_regime_duration_sec__tf_1m=57
regime_max_mae_atr__tf_1m=57
session_new_high_count=57
mtf_current_regime_mfe_mean_atr=56
atr_ratio_short_long=51
prior_regime_total_range_atr__tf_5m=49
prior_regime_range_reclaim_ratio__tf_1m=46
regime_max_mae_atr__tf_5m=46
session_displacement_from_open_atr=46
realized_range_5m_atr=45
nearest_context_level_above_atr=44
pullback_depth_atr=44
prior_regime_range_overlap_ratio__tf_1h=43
pullback_duration_vs_regime_age_ratio=43
realized_range_1m_atr=42
prior_regime_max_mae_atr__tf_5m=41
prior_regime_total_range_atr__tf_30s=41
regime_time_since_mfe_sec__tf_1h=41
current_regime_start_from_prior_mae_atr__tf_1m=40
session_current_range_atr=40
current_price_from_prior_mae_atr__tf_1h=39
atr_percentile_session=37
prior_regime_max_mae_atr__tf_1m=37
prior_regime_range_overlap_ratio__tf_1m=36
regime_distance_from_mfe_atr__tf_30s=36
regime_max_mae_atr__tf_1h=36
atr_change_rate=35
current_regime_start_from_prior_mae_atr__tf_30s=35
prior_regime_max_mae_atr__tf_1h=35
prior_regime_max_mfe_atr__tf_5m=35
regime_time_since_mae_sec__tf_1h=35
nearest_level_in_trade_direction_atr=34
session_new_low_count=33
mtf_prior_range_reclaim_mean=32
current_regime_start_from_prior_mfe_atr__tf_1m=31
current_max_mfe_from_prior_regime_mae_atr__tf_5m=30
regime_age_sec__tf_1h=30
regime_distance_from_mae_atr__tf_30s=30
session_position_in_range=29
prior_regime_range_overlap_ratio__tf_30s=28
regime_new_extreme_count__tf_1m=28
regime_distance_from_mae_atr__tf_5m=27
prior_regime_duration_sec__tf_30s=26
regime_expansion_rate_atr_min__tf_30s=26
regime_max_mfe_atr__tf_5m=26
current_regime_start_from_prior_mae_atr__tf_1h=25
previous_pullbacks_count=25
prior_regime_max_mfe_atr__tf_30s=25
regime_distance_from_mfe_atr__tf_1m=25
current_max_mfe_from_prior_regime_mae_atr__tf_1h=24
prior_regime_range_reclaim_ratio__tf_5m=24
regime_age_sec__tf_5m=24
regime_distance_from_mfe_atr__tf_1h=24
current_price_from_prior_mfe_atr__tf_5m=23
current_regime_start_from_prior_mfe_atr__tf_5m=23
prior_regime_range_reclaim_ratio__tf_30s=23
regime_current_displacement_atr__tf_1m=23
regime_progress_efficiency__tf_5m=23
current_price_from_prior_mfe_atr__tf_1h=22
regime_max_mfe_atr__tf_1h=22
current_price_from_prior_mae_atr__tf_1m=21
current_regime_start_from_prior_mae_atr__tf_5m=21
current_regime_start_from_prior_mfe_atr__tf_1h=21
regime_expansion_rate_atr_min__tf_5m=21
prior_regime_max_mfe_atr__tf_1h=20
atr_percentile_20d=19
current_regime_start_from_prior_mfe_atr__tf_30s=19
previous_pullbacks_max_depth_atr=19
regime_progress_efficiency__tf_1h=19
regime_total_range_atr__tf_1m=19
prior_regime_total_range_atr__tf_1m=18
pullback_duration_sec=18
regime_expansion_rate_atr_min__tf_1m=18
regime_progress_efficiency__tf_1m=18
regime_time_since_mae_sec__tf_5m=18
current_max_mfe_from_prior_regime_mae_atr__tf_1m=17
current_max_mfe_from_prior_regime_mae_atr__tf_30s=16
regime_current_displacement_atr__tf_1h=15
regime_expansion_rate_atr_min__tf_1h=15
current_max_mfe_from_prior_regime_mfe_atr__tf_1h=14
nearest_context_level_below_atr=14
prior_regime_duration_sec__tf_1h=14
prior_regime_duration_sec__tf_5m=14
prior_regime_range_overlap_ratio__tf_5m=14
regime_current_displacement_atr__tf_5m=14
regime_total_range_atr__tf_1h=14
current_price_from_prior_mae_atr__tf_30s=13
prior_regime_range_reclaim_ratio__tf_1h=13
pullback_longest_counter_run_bars=13
regime_current_displacement_atr__tf_30s=13
regime_distance_from_mae_atr__tf_1h=13
current_max_mfe_from_prior_regime_mfe_atr__tf_5m=12
failed_new_extreme_attempt_count__tf_5m=12
prior_regime_total_range_atr__tf_1h=12
regime_total_range_atr__tf_5m=11
previous_pullbacks_avg_duration_sec=10
pullback_efficiency=10
pullback_rebound_from_deepest_point_atr=10
regime_distance_from_mae_atr__tf_1m=10
regime_max_mae_atr__tf_30s=10
regime_max_mfe_atr__tf_1m=10
regime_new_extreme_count__tf_1h=10
regime_time_since_mae_sec__tf_1m=10
time_near_regime_extreme_180s_ratio__tf_30s=10
regime_recent_expansion_rate_180s_atr_min__tf_5m=9
time_near_regime_extreme_300s_ratio__tf_30s=9
current_price_from_prior_mfe_atr__tf_1m=8
nearest_level_against_trade_direction_atr=8
pullback_depth_vs_max_mfe_ratio=8
pullback_velocity_vs_expansion_velocity_ratio=7
regime_time_since_mae_sec__tf_30s=7
current_max_mfe_from_prior_regime_mfe_atr__tf_1m=6
current_max_mfe_from_prior_regime_mfe_atr__tf_30s=6
mtf_regime_direction_agreement_count=6
regime_age_sec__tf_1m=6
regime_distance_from_mfe_atr__tf_5m=6
regime_recent_expansion_rate_30s_atr_min__tf_30s=6
regime_time_since_mfe_sec__tf_5m=6
direction_is_long=5
failed_new_extreme_attempt_count__tf_1m=5
regime_recent_expansion_rate_60s_atr_min__tf_1h=5
context_levels_above_count=4
regime_age_sec__tf_30s=4
regime_recent_expansion_rate_180s_atr_min__tf_1m=4
regime_time_since_mfe_sec__tf_30s=4
current_price_from_prior_mfe_atr__tf_30s=3
pullback_close_location_ratio=3
pullback_counter_bar_ratio=3
regime_max_mfe_atr__tf_30s=3
regime_recent_expansion_rate_180s_atr_min__tf_30s=3
failed_new_extreme_attempt_count__tf_1h=2
mtf_prior_mfe_displacement_count=2
previous_max_depth_ratio=2
regime_new_extreme_count__tf_30s=2
regime_recent_expansion_rate_60s_atr_min__tf_30s=2
regime_time_since_mfe_sec__tf_1m=2
regime_total_range_atr__tf_30s=2
time_near_regime_extreme_180s_ratio__tf_1m=2
time_near_regime_extreme_60s_ratio__tf_30s=2
context_levels_below_count=1
failed_new_extreme_attempt_count__tf_30s=1
regime_recent_expansion_rate_180s_atr_min__tf_1h=1
regime_recent_expansion_rate_60s_atr_min__tf_1m=1
time_near_regime_extreme_300s_ratio__tf_1m=1
time_near_regime_extreme_300s_ratio__tf_5m=1

parameters:
[boosting: gbdt]
[objective: regression_l1]
[metric: l1]
[tree_learner: serial]
[device_type: cpu]
[data_sample_strategy: bagging]
[data: ]
[valid: ]
[num_iterations: 300]
[learning_rate: 0.03]
[num_leaves: 15]
[num_threads: 20]
[seed: 42]
[deterministic: 0]
[force_col_wise: 0]
[force_row_wise: 0]
[histogram_pool_size: -1]
[max_depth: 4]
[min_data_in_leaf: 30]
[min_sum_hessian_in_leaf: 0.001]
[bagging_fraction: 0.8]
[pos_bagging_fraction: 1]
[neg_bagging_fraction: 1]
[bagging_freq: 0]
[bagging_seed: 400]
[bagging_by_query: 0]
[feature_fraction: 0.8]
[feature_fraction_bynode: 1]
[feature_fraction_seed: 30056]
[extra_trees: 0]
[extra_seed: 12879]
[early_stopping_round: 0]
[early_stopping_min_delta: 0]
[first_metric_only: 0]
[max_delta_step: 0]
[lambda_l1: 0]
[lambda_l2: 0]
[linear_lambda: 0]
[min_gain_to_split: 0]
[drop_rate: 0.1]
[max_drop: 50]
[skip_drop: 0.5]
[xgboost_dart_mode: 0]
[uniform_drop: 0]
[drop_seed: 17869]
[top_rate: 0.2]
[other_rate: 0.1]
[min_data_per_group: 100]
[max_cat_threshold: 32]
[cat_l2: 10]
[cat_smooth: 10]
[max_cat_to_onehot: 4]
[top_k: 20]
[monotone_constraints: ]
[monotone_constraints_method: basic]
[monotone_penalty: 0]
[feature_contri: ]
[forcedsplits_filename: ]
[refit_decay_rate: 0.9]
[cegb_tradeoff: 1]
[cegb_penalty_split: 0]
[cegb_penalty_feature_lazy: ]
[cegb_penalty_feature_coupled: ]
[path_smooth: 0]
[interaction_constraints: ]
[verbosity: -1]
[saved_feature_importance_type: 0]
[use_quantized_grad: 0]
[num_grad_quant_bins: 4]
[quant_train_renew_leaf: 0]
[stochastic_rounding: 1]
[linear_tree: 0]
[max_bin: 255]
[max_bin_by_feature: ]
[min_data_in_bin: 3]
[bin_construct_sample_cnt: 200000]
[data_random_seed: 175]
[is_enable_sparse: 1]
[enable_bundle: 1]
[use_missing: 1]
[zero_as_missing: 0]
[feature_pre_filter: 1]
[pre_partition: 0]
[two_round: 0]
[header: 0]
[label_column: ]
[weight_column: ]
[group_column: ]
[ignore_column: ]
[categorical_feature: ]
[forcedbins_filename: ]
[precise_float_parser: 0]
[parser_config_file: ]
[objective_seed: 16083]
[num_class: 1]
[is_unbalance: 0]
[scale_pos_weight: 1]
[sigmoid: 1]
[boost_from_average: 1]
[reg_sqrt: 0]
[alpha: 0.9]
[fair_c: 1]
[poisson_max_delta_step: 0.7]
[tweedie_variance_power: 1.5]
[lambdarank_truncation_level: 30]
[lambdarank_norm: 1]
[label_gain: ]
[lambdarank_position_bias_regularization: 0]
[eval_at: ]
[multi_error_top_k: 1]
[auc_mu_weights: ]
[num_machines: 1]
[local_listen_port: 12400]
[time_out: 120]
[machine_list_filename: ]
[machines: ]
[gpu_platform_id: -1]
[gpu_device_id: -1]
[gpu_use_dp: 0]
[num_gpu: 1]

end of parameters

pandas_categorical:[]
