tree
version=v4
num_class=1
num_tree_per_iteration=1
label_index=0
max_feature_idx=162
objective=regression_l1
feature_names=atr_change_rate atr_percentile_20d atr_percentile_session atr_ratio_short_long context_level_span_atr context_levels_above_count context_levels_below_count current_max_mfe_from_prior_regime_mae_atr__tf_1h current_max_mfe_from_prior_regime_mae_atr__tf_1m current_max_mfe_from_prior_regime_mae_atr__tf_30s current_max_mfe_from_prior_regime_mae_atr__tf_5m current_max_mfe_from_prior_regime_mfe_atr__tf_1h current_max_mfe_from_prior_regime_mfe_atr__tf_1m current_max_mfe_from_prior_regime_mfe_atr__tf_30s current_max_mfe_from_prior_regime_mfe_atr__tf_5m current_price_from_prior_mae_atr__tf_1h current_price_from_prior_mae_atr__tf_1m current_price_from_prior_mae_atr__tf_30s current_price_from_prior_mae_atr__tf_5m current_price_from_prior_mfe_atr__tf_1h current_price_from_prior_mfe_atr__tf_1m current_price_from_prior_mfe_atr__tf_30s current_price_from_prior_mfe_atr__tf_5m current_regime_start_from_prior_mae_atr__tf_1h current_regime_start_from_prior_mae_atr__tf_1m current_regime_start_from_prior_mae_atr__tf_30s current_regime_start_from_prior_mae_atr__tf_5m current_regime_start_from_prior_mfe_atr__tf_1h current_regime_start_from_prior_mfe_atr__tf_1m current_regime_start_from_prior_mfe_atr__tf_30s current_regime_start_from_prior_mfe_atr__tf_5m failed_new_extreme_attempt_count__tf_1h failed_new_extreme_attempt_count__tf_1m failed_new_extreme_attempt_count__tf_30s failed_new_extreme_attempt_count__tf_5m has_previous_pullbacks minutes_from_rth_open mtf_current_regime_mfe_mean_atr mtf_prior_mfe_displacement_count mtf_prior_range_reclaim_mean mtf_regime_direction_agreement_count nearest_context_level_above_atr nearest_context_level_below_atr nearest_level_against_trade_direction_atr nearest_level_in_trade_direction_atr previous_max_depth_ratio previous_pullbacks_avg_duration_sec previous_pullbacks_count previous_pullbacks_max_depth_atr prior_regime_duration_sec__tf_1h prior_regime_duration_sec__tf_1m prior_regime_duration_sec__tf_30s prior_regime_duration_sec__tf_5m prior_regime_max_mae_atr__tf_1h prior_regime_max_mae_atr__tf_1m prior_regime_max_mae_atr__tf_30s prior_regime_max_mae_atr__tf_5m prior_regime_max_mfe_atr__tf_1h prior_regime_max_mfe_atr__tf_1m prior_regime_max_mfe_atr__tf_30s prior_regime_max_mfe_atr__tf_5m prior_regime_range_overlap_ratio__tf_1h prior_regime_range_overlap_ratio__tf_1m prior_regime_range_overlap_ratio__tf_30s prior_regime_range_overlap_ratio__tf_5m prior_regime_range_reclaim_ratio__tf_1h prior_regime_range_reclaim_ratio__tf_1m prior_regime_range_reclaim_ratio__tf_30s prior_regime_range_reclaim_ratio__tf_5m prior_regime_total_range_atr__tf_1h prior_regime_total_range_atr__tf_1m prior_regime_total_range_atr__tf_30s prior_regime_total_range_atr__tf_5m pullback_close_location_ratio pullback_counter_bar_ratio pullback_depth_atr pullback_depth_vs_max_mfe_ratio pullback_duration_sec pullback_duration_vs_regime_age_ratio pullback_efficiency pullback_longest_counter_run_bars pullback_rebound_from_deepest_point_atr pullback_velocity_vs_expansion_velocity_ratio realized_range_15m_atr realized_range_1m_atr realized_range_5m_atr regime_age_sec__tf_1h regime_age_sec__tf_1m regime_age_sec__tf_30s regime_age_sec__tf_5m regime_current_displacement_atr__tf_1h regime_current_displacement_atr__tf_1m regime_current_displacement_atr__tf_30s regime_current_displacement_atr__tf_5m regime_distance_from_mae_atr__tf_1h regime_distance_from_mae_atr__tf_1m regime_distance_from_mae_atr__tf_30s regime_distance_from_mae_atr__tf_5m regime_distance_from_mfe_atr__tf_1h regime_distance_from_mfe_atr__tf_1m regime_distance_from_mfe_atr__tf_30s regime_distance_from_mfe_atr__tf_5m regime_expansion_rate_atr_min__tf_1h regime_expansion_rate_atr_min__tf_1m regime_expansion_rate_atr_min__tf_30s regime_expansion_rate_atr_min__tf_5m regime_max_mae_atr__tf_1h regime_max_mae_atr__tf_1m regime_max_mae_atr__tf_30s regime_max_mae_atr__tf_5m regime_max_mfe_atr__tf_1h regime_max_mfe_atr__tf_1m regime_max_mfe_atr__tf_30s regime_max_mfe_atr__tf_5m regime_new_extreme_count__tf_1h regime_new_extreme_count__tf_1m regime_new_extreme_count__tf_30s regime_new_extreme_count__tf_5m regime_progress_efficiency__tf_1h regime_progress_efficiency__tf_1m regime_progress_efficiency__tf_30s regime_progress_efficiency__tf_5m regime_recent_expansion_rate_180s_atr_min__tf_1h regime_recent_expansion_rate_180s_atr_min__tf_1m regime_recent_expansion_rate_180s_atr_min__tf_30s regime_recent_expansion_rate_180s_atr_min__tf_5m regime_recent_expansion_rate_30s_atr_min__tf_1h regime_recent_expansion_rate_30s_atr_min__tf_1m regime_recent_expansion_rate_30s_atr_min__tf_30s regime_recent_expansion_rate_30s_atr_min__tf_5m regime_recent_expansion_rate_60s_atr_min__tf_1h regime_recent_expansion_rate_60s_atr_min__tf_1m regime_recent_expansion_rate_60s_atr_min__tf_30s regime_recent_expansion_rate_60s_atr_min__tf_5m regime_time_since_mae_sec__tf_1h regime_time_since_mae_sec__tf_1m regime_time_since_mae_sec__tf_30s regime_time_since_mae_sec__tf_5m regime_time_since_mfe_sec__tf_1h regime_time_since_mfe_sec__tf_1m regime_time_since_mfe_sec__tf_30s regime_time_since_mfe_sec__tf_5m regime_total_range_atr__tf_1h regime_total_range_atr__tf_1m regime_total_range_atr__tf_30s regime_total_range_atr__tf_5m session_current_range_atr session_displacement_from_open_atr session_new_high_count session_new_low_count session_position_in_range time_near_regime_extreme_180s_ratio__tf_1h time_near_regime_extreme_180s_ratio__tf_1m time_near_regime_extreme_180s_ratio__tf_30s time_near_regime_extreme_180s_ratio__tf_5m time_near_regime_extreme_300s_ratio__tf_1h time_near_regime_extreme_300s_ratio__tf_1m time_near_regime_extreme_300s_ratio__tf_30s time_near_regime_extreme_300s_ratio__tf_5m time_near_regime_extreme_60s_ratio__tf_1h time_near_regime_extreme_60s_ratio__tf_1m time_near_regime_extreme_60s_ratio__tf_30s time_near_regime_extreme_60s_ratio__tf_5m
feature_infos=[-0.41428452570346896:2.3120970408831831] [2.3052353839744479:100] [0.45413260672116262:100] [0.5482111466344457:3.307114142909259] [9.2448295805892755:260.61669077240163] [2:14] [0:12] [-24.237926232261838:17.166749840019097] [-23.318023156699738:7.0870087104201094] [-22.273643032547636:9.785581327964163] [-17.098458410498136:28.208909670791595] [0:21.313546516893638] [1.4004770002921816:8.6261065616729624] [1.1286570160443596:11.417689009634357] [1.2856736799187412:29.326094212209085] [-24.913518807902999:16.933127492026163] [-23.977967208304445:8.7394732940155695] [-23.652686597414561:10.281753430444789] [-17.277788752843012:26.597585812977908] [-2.2773317327161422:21.079924168900707] [-5.4029056238020567:10.72781906990271] [-6.3584146576569216:12.913392701332445] [-1.9062095131279893:28.073701565207287] [-25.09701308770677:0.75836184287061259] [-24.857892610444058:0] [-23.527319000608475:0.13979248931137461] [-19.705645695358278:-0.010816809629148981] [0:5.2352247011303259] [0.028715793091435658:4.1010723667917119] [0:5.3505159271916467] [0.020409541102788142:7.135912853381055] [0:5] [0:2] [0:6] [0:8] [0:1] [5.0166666666666515:408.60000000000002] [0.81250414999708398:10.304801236694972] [2:4] [0.40114751759113704:10.849781552796436] [1:4] [0.0099590763616067193:13.471563069578952] [0.0048269416458378966:27.847771519379975] [0.0048269416458378966:27.847771519379975] [0.0099590763616067193:13.471563069578952] [0.07407407407407407:176.00418780543498] [0:278] [0:19] [0:1.5796647695308093] [0:568800] [120:7380] [30:3000] [300:30000] [0:5.3585627846841488] [0:3.8185290687971793] [0:5.4288521764232707] [0:7.5325812154752736] [0:29.675625879177797] [0.17718340108740702:32.223728937662109] [0.23276275563336926:28.06404570222762] [0.21310076359630264:47.968146028440877] [0:1] [0.023911187019641331:1] [0:1] [0.059722222222222225:1] [0:29.089887640449437] [0.095121951219512196:6.2553191489361701] [0.11166666666666666:14.076923076923077] [0.12205754141238012:32.06849315068493] [0:27.315625743516009] [0.98390834806574212:26.727734089990737] [0.48384630041067306:27.671416589537586] [0.28282563462324573:21.105801829820209] [0:1] [0:1] [0.050318757119747731:8.8002093902717498] [0.015625:28.137756746417065] [1:200] [0.0033333333333333335:1] [0.16284782411706858:528.01256341630494] [0:13] [0:1.2204717689356648] [0.026041666666666664:1406887.8373208535] [1.2120684826318484:19.210515249834589] [0.20679088776770616:12.77670034179331] [0.47613581538087268:17.515694650385736] [0:566049] [1:300] [1:1462] [0:27029] [-3.7432388157988199:19.87485292740703] [-5.6257058557114199:9.4793228850433433] [-8.4538013062029513:11.872977175632673] [-2.8223722248639223:27.177662401790837] [0:20.527522885828237] [0:9.5255634844825785] [0:11.995379002185588] [0:27.435474219041026] [0:7.5822812919052023] [0:8.1322084646917556] [0:10.549187954748984] [0:5.5707497969605466] [0:40.243234014209555] [0.13014821630516962:224.75270652227874] [0.1039482992585222:224.02310889060215] [0.0088078237254465477:97.591452540736256] [0:4.2488130794899801] [0:1.4505799345545085] [0:3.5695683921019818] [0:2.8639682049324997] [0:19.264858234494081] [0.034399036988568846:7.6596962829793105] [0.16929855240665395:10.676846592978693] [0.20179834813731423:28.788986259604521] [0:29] [1:5] [1:22] [1:44] [0:1] [0:1] [0.0064935064935064939:1] [0:1] [0:0.96393429046830148] [0:1.8341682183125467] [0:2.2515798937574112] [0:0.9553813125657572] [0:4.3554870946623119] [0:11.00500930987528] [0:9.4856354293658214] [0:5.732287875394543] [0:2.4551839096929058] [0:5.5025046549376402] [0:6.2266401748326192] [0:2.8661439376972715] [0:522849] [1:300] [0:1372] [0:27029] [0:267071] [0:298] [0:681] [0:12081] [0:19.769583579274578] [0.37274302259007774:7.6954892562642607] [0.52602132796583434:10.764004524349946] [0.52984359270807702:29.046798076854714] [3.6896172652820463:183.2525407314555] [-63.136770966287308:172.81321200618399] [1:112] [1:92] [0:0.98830409356725146] [0:1] [0:1] [0:1] [0:1] [0:1] [0:1] [0:1] [0:1] [0:1] [0:1] [0:1] [0:1]
tree_sizes=1408 1466 1440 1477 1203 1111 1383 1363 1211 1471 1365 1310 1019 1486 1032 1478 1450 1465 1279 1469 1390 1476 1301 1468 1374 1478 1473 1390 1385 1468 1029 1470 1391 1029 1042 860 1466 1046 1392 1200 1200 1037 944 1387 1392 1454 1118 1470 952 1289 1471 1219 1463 1209 1032 1363 951 949 1036 689 949 863 867 950 957 873 1115 765 1202 1030 768 952 1044 773 683 774 862 768 848 945 1208 695 1213 765 861 1467 772 1469 1306 688 1478 1047 859 1376 1287 1395 1216 1217 854 1211 1373 767 1478 1465 1216 1222 1391 1297 775 772 1392 871 859 1185 771 857 1384 691 950 1461 1282 1479 1479 1387 1289 1120 948 1303 1293 1394 1465 859 867 1201 1297 1033 1475 856 1478 1040 1476 1388 1201 756 771 935 772 1215 1302 1211 1041 1293 1111 1398 1482 1300 1395 1489 1469 1293 1485 1273 966 1055 856 1385 940 1211 944 769 865 1480 857 1035 934 1297 955 937 945 1481 1489 1285 1215 1299 944 950 1473 1031 857 1304 1028 955 1117 1485 1119 1376 1466 1109 1271 1483 1301 1210 1462 1092 1376 1464 1391 1214 1030 1403 1291 1043 1471 1299 1292 1302 1292 1204 1219 941 868 861 1027 861 936 1032 1284 1490 1305 1106 1215 952 864 863 1381 856 1115 1029 964 1307 935 1319 954 948 953 855 1287 1387 1299 689 1118 1031 1220 1376 1194 1484 1293 1210 1294 1382 1377 1302 939 1024 1215 950 1057 1121 1042 1128 1123 1024 1382 1036 1126 1280 945 959 860 1036 950 1482 863 946 946 1295 1205 689 1131 1305 688 875 697 695 1292 699 1108 1126 860 880

Tree=0
num_leaves=15
num_cat=0
split_feature=95 79 141 66 147 106 53 45 147 0 111 53 37 50
split_gain=62.38 36.586 28.0282 24.8248 24.192 22.2104 20.9209 22.1069 21.6343 19.8082 20.4726 17.296 21.9834 15.6411
threshold=2.1488842594108872 9.6696415351106015 1788.5000000000002 0.98869731800766292 -8.5936348593310381 0.29398413085205216 0.14430865666650558 0.94590643274853814 -13.59923737455272 -0.024650777618005056 2.3556986705630054 0.24731760431781044 2.1302902276921474 630.00000000000011
decision_type=2 2 2 2 2 2 2 2 2 2 2 2 2 2
left_child=1 2 4 -4 -1 6 8 -8 -2 13 -11 -3 -13 -7
right_child=5 11 3 -5 -6 9 7 -9 -10 10 -12 12 -14 -15
leaf_value=0.87931633293628697 0.93129259943962095 0.87751301944255833 0.86939002543687816 0.90163566470146184 0.86820646405220037 0.86069472670555114 0.93097154259681703 0.88032589316368104 0.87080392599105838 0.91390706062316895 0.87940532863140108 0.86507930696010593 0.91800346255302434 0.87595604002475735
leaf_weight=711 46 251 240 305 2443 61 356 111 156 153 307 63 198 111
leaf_count=711 46 251 240 305 2443 61 356 111 156 153 307 63 198 111
internal_value=0.877434 0.87566 0.874619 0.880901 0.873534 0.883175 0.886985 0.890474 0.878919 0.879142 0.88239 0.883176 0.888583 0.870457
internal_weight=5512 4211 3699 545 3154 1301 669 467 202 632 460 512 261 172
internal_count=5512 4211 3699 545 3154 1301 669 467 202 632 460 512 261 172
is_linear=0
shrinkage=1


Tree=1
num_leaves=15
num_cat=0
split_feature=95 87 141 8 8 106 53 55 118 68 110 30 4 105
split_gain=60.6249 36.1135 30.9485 25.4358 23.9328 20.1966 19.5485 19.0473 17.9313 16.4066 15.5135 15.0058 8.72071 8.51657
threshold=2.1488842594108872 4.5000000000000009 1788.5000000000002 -8.1148404721432001 -0.042793966554732991 0.29398413085205216 0.14430865666650558 0.23285013004337063 0.14713355244052531 2.1176289926289931 2.1001134864381075 0.84268610288078716 41.525633568392571 0.048378936337302524
decision_type=2 2 2 2 2 2 2 2 2 2 2 2 2 2
left_child=1 12 3 -3 -4 6 9 11 -9 -2 -8 -7 13 -1
right_child=5 2 4 -5 -6 7 10 8 -10 -11 -12 -13 -14 -15
leaf_value=0.013635534480214118 -0.0070640025615692145 -0.019857906112074854 -0.0063270883172750455 -0.005715754115581514 0.023476062476634977 0.017801350682973862 0.085236853373050689 -0.0094881734043359752 0.021163985091447832 0.069712733817100511 0.026489030134677887 -0.010891033986210823 -0.00094620095193386205 0.062946041142940515
leaf_weight=64 131 96 250 3297 339 99 98 36 301 71 369 196 60 105
leaf_count=64 131 96 250 3297 339 99 98 36 301 71 369 196 60 105
internal_value=-1.08853e-05 -0.00175968 -0.00242592 -0.00352785 0.0039219 0.0056495 0.00928251 0.0018038 0.00667656 0.00148515 0.0126552 -0.00376271 0.00982533 0.0133136
internal_weight=5512 4211 3982 3393 589 1301 669 632 337 202 467 295 229 169
internal_count=5512 4211 3982 3393 589 1301 669 632 337 202 467 295 229 169
is_linear=0
shrinkage=0.03


Tree=2
num_leaves=15
num_cat=0
split_feature=95 87 36 141 106 90 22 53 45 147 54 4 105 26
split_gain=56.91 36.1135 30.2752 27.9375 19.7711 22.1995 22.003 19.689 19.7438 16.4557 9.3006 8.72071 8.51657 6.66667
threshold=2.1488842594108872 4.5000000000000009 393.85000000000008 1788.5000000000002 0.29398413085205216 0.42817127573437103 8.6574278048915509 0.14430865666650558 0.94590643274853814 -13.59923737455272 0.33003193734794228 41.525633568392571 0.048378936337302524 -1.0510398422098477
decision_type=2 2 2 2 2 2 2 2 2 2 2 2 2 2
left_child=1 11 3 -3 7 10 -7 9 -9 -2 -6 12 -1 -13
right_child=4 2 -4 -5 5 6 -8 8 -10 -11 -12 13 -14 -15
leaf_value=0.013226468445807693 0.051303558203816414 -0.0056234883223772042 -0.025450456738203765 0.012031779317289592 -0.019588814753919839 0.016251770545721054 -0.012542116516515611 0.050485748934388161 0.0020109131809473045 -0.0067716099557876587 -0.0012017811574190857 -0.01608551825389266 0.061057659908652306 0.023838842936307194
leaf_weight=64 46 3337 62 583 64 464 48 356 111 156 56 30 105 30
leaf_count=64 46 3337 62 583 64 464 48 356 111 156 56 30 105 30
internal_value=-6.5312e-05 -0.00175968 -0.00242592 -0.00209694 0.00541891 0.00161392 0.00433594 0.00901345 0.0123983 0.00118812 -0.01 0.00982533 0.0133136 0
internal_weight=5512 4211 3982 3920 1301 632 512 669 467 202 120 229 169 60
internal_count=5512 4211 3982 3920 1301 632 512 669 467 202 120 229 169 60
is_linear=0
shrinkage=0.03


Tree=3
num_leaves=15
num_cat=0
split_feature=91 136 145 106 82 0 19 0 113 24 142 53 53 108
split_gain=46.6277 33.2728 28.1659 28.1067 29.717 24.0849 24.8031 24.024 22.0342 16.3545 16.1009 15.9519 15.9426 9.79654
threshold=1.4714219294192861 184.50000000000003 4.1966003294391649 0.13739082440301878 35221.925888596787 0.12306242767428195 1.8683657681010553 -0.14041253987135074 10.398844138625568 -8.8933734321877029 3.5096344843092111 0.12723337776255067 0.092084100140052069 0.1334184817658943
decision_type=2 2 2 2 2 2 2 2 2 2 2 2 2 2
left_child=1 3 5 7 -5 12 -7 -1 10 -3 -4 -11 -2 -10
right_child=2 9 8 4 -6 6 -8 -9 13 11 -12 -13 -14 -15
leaf_value=-0.0171832046008265 -0.011224261022200583 -0.024686943036057653 0.015983877047907109 -0.0062869950419819336 0.040216108792515096 -0.017069761384145021 0.032693229040514228 0.012400438193846492 -0.017662601391891092 -0.010351714718953369 0.040702762548694607 -0.0057922901994144904 0.0021128346067643181 0.0041604385669286549
leaf_weight=56 287 47 343 1355 71 43 281 640 37 357 371 802 786 36
leaf_count=56 287 47 343 1355 71 43 281 640 37 357 371 802 786 36
internal_value=-5.44267e-05 -0.00228966 0.00335165 -2.82752e-05 -0.00244039 0.00079456 0.00796296 0.00491379 0.00789072 -0.00626866 0.0094958 -0.00556514 -0.00136999 -0.00780822
internal_weight=5512 3328 2184 2122 1426 1397 324 696 787 1206 714 1159 1073 73
internal_count=5512 3328 2184 2122 1426 1397 324 696 787 1206 714 1159 1073 73
is_linear=0
shrinkage=0.03


Tree=4
num_leaves=12
num_cat=0
split_feature=95 8 87 106 58 45 106 90 95 136 5
split_gain=48.5229 32.4437 29.6991 25.6024 19.8592 18.7573 18.2575 13.847 8.71974 7.98843 2.65075
threshold=2.1488842594108872 -8.1148404721432001 4.5000000000000009 0.29398413085205216 8.4339709567123595 0.91833333333333356 0.17131503755797639 0.37052005272155447 0.79394991345971422 113.50000000000001 5.5000000000000009
decision_type=2 2 2 2 2 2 2 2 2 2 2
left_child=1 9 8 -4 5 6 -2 -7 -3 -1 -11
right_child=4 2 3 -5 -6 7 -8 -9 -10 10 -12
leaf_value=-0.012258140086632865 0.042992385881425413 -0.0017262867286536581 0.00066003577982197577 -0.0081625155893535715 0.081971590171926928 -0.013034513669080906 0.0087952698001097385 0.0020917246671833668 0.03021878453757362 -0.023946334744975921 -0.021872780048896579
leaf_weight=30 300 56 2044 1842 52 51 560 338 172 37 30
leaf_count=30 300 56 2044 1842 52 51 560 338 172 37 30
internal_value=-0.000152395 -0.00171693 -0.00131259 -0.00193001 0.00491161 0.00415532 0.00662791 -0.00131105 0.00921053 -0.018866 -0.0246269
internal_weight=5512 4211 4114 3886 1301 1249 860 389 228 97 67
internal_count=5512 4211 4114 3886 1301 1249 860 389 228 97 67
is_linear=0
shrinkage=0.03


Tree=5
num_leaves=11
num_cat=0
split_feature=95 36 103 61 14 68 106 24 4 23
split_gain=46.1108 33.2932 29.1232 23.8395 18.8694 30.2134 18.95 14.0957 13.2491 3.42222
threshold=2.1488842594108872 393.85000000000008 16.697386116804523 0.22170301142263762 11.065786505016366 2.5792811839323471 0.7586625987347978 -0.38902935365236629 36.844083673393314 -1.4954928741245601
decision_type=2 2 2 2 2 2 2 2 2 2
left_child=1 2 3 -1 5 6 -2 -7 -4 -3
right_child=4 9 8 -5 -6 7 -8 -9 -10 -11
leaf_value=0.014516392226140127 0.012651468597439843 -0.021011816657495571 0.035428908204410636 -0.0046203701559454106 -0.0098565140521145924 0.054172361513426602 -0.0091984192608019558 -0.01076081643216137 -0.0015331125617227403 -0.023803702695433873
leaf_weight=233 805 30 144 3686 57 262 144 33 85 33
leaf_count=233 805 30 144 3686 57 262 144 33 85 33
internal_value=-0.00016328 -0.00168844 -0.00135969 -0.00196734 0.00477325 0.00554662 0.00293994 0.0139322 0.0090393 -0.0233333
internal_weight=5512 4211 4148 3919 1301 1244 949 295 229 63
internal_count=5512 4211 4148 3919 1301 1244 949 295 229 63
is_linear=0
shrinkage=0.03


Tree=6
num_leaves=14
num_cat=0
split_feature=100 72 85 72 77 66 106 36 106 55 17 147 28
split_gain=41.8891 28.0486 27.038 26.0124 33.2748 20.7363 20.5162 20.4214 18.3165 15.92 13.9427 9.13208 5.11295
threshold=0.60991328144137513 8.1769235521155199 2.1309779681471546 2.4704740117523354 2.5000000000000004 1.9278273809523812 0.32709352457766377 380.30833333333339 0.43631401513496731 1.1304934225502483 4.8337622761603711 1.8684847684564194 1.4861936615672664
decision_type=2 2 2 2 2 2 2 2 2 2 2 2 2
left_child=1 3 7 4 -1 -5 12 8 -2 10 -4 -11 -3
right_child=2 6 9 5 -6 -7 -8 -9 -10 11 -12 -13 -14
leaf_value=0.055284203687181371 -0.0034730839588134155 0.083199877012952547 0.00011243415842876247 -0.005989812418111487 0.0054823962714332262 0.036417894043930754 -0.0027506472878686267 -0.024062208922564544 -0.016374790408515104 -0.018806240229633144 0.079689991039634686 -0.0089373496972656435 0.045737074073460969
leaf_weight=200 855 63 1812 1033 752 113 40 39 428 54 46 47 30
leaf_count=200 855 63 1812 1033 752 113 40 39 428 54 46 47 30
internal_value=-6.5312e-05 0.00310623 -0.00222188 0.00225929 0.00592437 -0.00078534 0.0164662 -0.00553707 -0.00488698 1.53139e-05 0.000645856 -0.0115842 0.0241935
internal_weight=5512 2231 3281 2098 952 1146 133 1322 1283 1959 1858 101 93
internal_count=5512 2231 3281 2098 952 1146 133 1322 1283 1959 1858 101 93
is_linear=0
shrinkage=0.03


Tree=7
num_leaves=14
num_cat=0
split_feature=95 36 8 87 45 17 90 64 134 60 13 88 23
split_gain=40.9853 33.8655 28.162 24.9318 18.9705 19.3029 18.4406 14.6622 12.6458 13.162 7.74634 6.69275 3.42222
threshold=2.1488842594108872 393.85000000000008 -8.1148404721432001 4.5000000000000009 0.91833333333333356 1.7279253109044326 3.1486846271821505 0.61486742424242435 3938.0000000000005 1.0729490607016905 5.6029943363182317 166.50000000000003 -1.4954928741245601
decision_type=2 2 2 2 2 2 2 2 2 2 2 2 2
left_child=1 2 11 -4 5 7 -7 -2 10 -10 -6 -1 -3
right_child=4 12 3 -5 8 6 -8 -9 9 -11 -12 -13 -14
leaf_value=-0.016942485199734257 0.013150484801115393 -0.019738435420487744 0.025478187969797023 -0.0027555989180349958 -0.002013449592351689 0.0015392324796889101 0.034184449342070343 0.057269212032196308 0.041254217939076208 -0.00038976553052955776 -0.021163717787170463 -0.020449741132740142 -0.022419334420124799
leaf_weight=44 134 30 227 3832 33 427 216 121 34 293 43 45 33
leaf_count=44 134 30 227 3832 33 427 216 121 34 293 43 45 33
internal_value=-6.5312e-05 -0.00150321 -0.00117165 -0.000805617 0.00458878 0.00701559 0.00424572 0.014 -0.000818859 0.00174312 -0.0118421 -0.0178652 -0.0233333
internal_weight=5512 4211 4148 4059 1301 898 643 255 403 327 76 89 63
internal_count=5512 4211 4148 4059 1301 898 643 255 403 327 76 89 63
is_linear=0
shrinkage=0.03


Tree=8
num_leaves=12
num_cat=0
split_feature=85 113 145 91 36 84 108 36 30 83 42
split_gain=39.9546 26.9632 33.226 24.8736 22.6796 20.2966 19.3213 19.7046 13.1939 12.1905 7.90984
threshold=1.9601676512080386 10.24632880957836 4.1582862172555055 1.4714219294192861 390.09166666666675 1.1138828853982528 0.49490561107962883 196.83333333333334 1.2880856548186577 3.1018982560122761 0.67251904894987213
decision_type=2 2 2 2 2 2 2 2 2 2 2
left_child=4 2 5 -4 6 -2 7 -1 -8 -3 -11
right_child=1 9 3 -5 -6 -7 8 -9 -10 10 -12
leaf_value=-0.014387683176846928 -0.0048385617135481319 0.0011991147049695771 0.0023643953599846966 0.032958889886219783 -0.022711899846634815 0.0050909968765494818 0.01457613542647543 -0.0019139552870366637 -0.0054271667240576218 -0.011057829559059384 -0.018806098345842962
leaf_weight=611 1163 56 690 662 35 1416 83 585 99 46 66
leaf_count=611 1163 56 690 662 35 1416 83 585 99 46 66
internal_value=-8.70827e-05 0.00141254 0.00191554 0.00572485 -0.00443737 -8.14269e-05 -0.00383164 -0.00521739 0.00527473 -0.0103571 -0.0160714
internal_weight=5512 4099 3931 1352 1413 2579 1378 1196 182 168 112
internal_count=5512 4099 3931 1352 1413 2579 1378 1196 182 168 112
is_linear=0
shrinkage=0.03


Tree=9
num_leaves=15
num_cat=0
split_feature=100 72 72 77 106 97 52 0 55 106 66 136 56 28
split_gain=37.4786 27.0665 25.2808 31.18 24.0959 32.6854 31.5176 19.8021 21.274 19.4988 19.4848 13.3615 7.62217 6.56242
threshold=0.60991328144137513 8.1769235521155199 2.4704740117523354 2.5000000000000004 0.29398413085205216 1.9612015439428589 1050.0000000000002 -0.14041253987135074 1.1304934225502483 0.32709352457766377 1.9278273809523812 203.50000000000003 0.34096526005175581 1.4861936615672664
decision_type=2 2 2 2 2 2 2 2 2 2 2 2 2 2
left_child=1 2 3 -1 7 11 -7 12 -9 13 -4 -6 -2 -3
right_child=4 9 10 -5 5 6 -8 8 -10 -11 -12 -13 -14 -15
leaf_value=0.052556094963638986 -0.020341878976345582 0.080504973821876824 -0.0058346750454905992 0.0049632433149105325 -0.008586943890571257 -0.016041832229372416 0.0050082594606529491 0.0039749040693377079 -0.017321065948980328 -0.0020875531788511676 0.032780629751811931 -0.01713705929810581 -0.0091681839796961158 0.044557746648964607
leaf_weight=200 80 63 1033 752 382 177 706 1501 76 40 113 293 66 30
leaf_count=200 80 63 1033 752 382 177 706 1501 76 40 113 293 66 30
internal_value=-0.000108853 0.00289108 0.0020591 0.00567227 -0.00214874 -0.00485237 -0.00105323 0.000295995 0.00127457 0.016015 -0.000942408 -0.00982222 -0.010274 0.0235484
internal_weight=5512 2231 2098 952 3281 1558 883 1723 1577 133 1146 675 146 93
internal_count=5512 2231 2098 952 3281 1558 883 1723 1577 133 1146 675 146 93
is_linear=0
shrinkage=0.03


Tree=10
num_leaves=14
num_cat=0
split_feature=95 36 8 103 106 10 90 62 145 24 88 120 23
split_gain=37.7135 33.7771 28.0644 22.4222 19.231 20.9248 23.7489 17.0386 14.5064 13.8783 6.69275 4.90909 3.42222
threshold=2.1488842594108872 393.85000000000008 -8.1148404721432001 16.697386116804523 0.15687474231625978 6.787587368707988 2.2356797447149339 0.67242921013412826 4.1203193827948583 -2.3462147562445179 166.50000000000003 0.82512135922330099 -1.4954928741245601
decision_type=2 2 2 2 2 2 2 2 2 2 2 2 2
left_child=1 2 10 -4 7 6 -6 8 -2 -9 -1 -7 -3
right_child=4 12 3 -5 5 11 -8 9 -10 -11 -12 -13 -14
leaf_value=-0.015624429905300795 0.0057677379930858724 -0.018681776385127195 -0.0024765451670153032 0.022040347801282705 -0.0014203112570874009 -0.011206394129972473 0.024662755144124106 0.01211540516924867 0.050970137175349733 0.090716367003485163 -0.020026427881637613 -0.010643182127246254 -0.021336431281439423
leaf_weight=44 204 30 3832 227 489 33 301 35 149 57 45 33 33
leaf_count=44 204 30 3832 227 489 33 301 35 149 57 45 33 33
internal_value=-0.000152395 -0.0015317 -0.00120058 -0.000835181 0.00431207 0.00168224 0.00303797 0.00937079 0.00637394 0.0208696 -0.0178652 -0.0145455 -0.0233333
internal_weight=5512 4211 4148 4059 1301 856 790 445 353 92 89 66 63
internal_count=5512 4211 4148 4059 1301 856 790 445 353 92 89 66 63
is_linear=0
shrinkage=0.03


Tree=11
num_leaves=13
num_cat=0
split_feature=85 53 101 106 27 61 36 70 28 34 147 55
split_gain=36.1309 30.029 29.858 38.1754 23.8459 24.095 23.0038 19.8525 19.3782 19.2692 22.4501 16.2843
threshold=1.9601676512080386 0.28973656853556035 1.2221995628213111 0.16524964282634641 2.6201463495875514 0.21430242663279633 390.09166666666675 4.8236188623016911 1.3140822538755585 1.0000000180025095e-35 -7.1688566602398947 0.042245052956474148
decision_type=2 2 2 2 2 2 2 2 2 2 2 2
left_child=6 4 3 -3 5 -2 9 -6 -4 11 -11 -1
right_child=1 2 8 -5 7 -7 -8 -9 -10 10 -12 -13
leaf_value=-0.018280380213002653 0.030298834584362912 0.023443264673203668 0.040487508830754387 -0.0060027273661216116 0.039367400522831594 -0.0043659281110634048 -0.020985598072545679 -0.014543272249408686 0.015316339931864554 0.013510335479493062 -0.0060038081392106354 -0.010416036640053682
leaf_weight=112 92 378 259 683 133 1958 35 36 560 184 643 439
leaf_count=112 92 378 259 683 133 1958 35 36 560 184 643 439
internal_value=-0.000130624 0.00129544 0.00408511 0.000763431 -0.00106805 -0.00196098 -0.00426752 0.00976331 0.00838828 -0.00365747 -0.00076179 -0.00800363
internal_weight=5512 4099 1880 1061 2219 2050 1413 169 819 1378 827 551
internal_count=5512 4099 1880 1061 2219 2050 1413 169 819 1378 827 551
is_linear=0
shrinkage=0.03


Tree=12
num_leaves=10
num_cat=0
split_feature=36 85 0 61 51 142 90 51 117
split_gain=35.5427 33.515 22.8282 28.8065 21.0891 22.146 17.4239 12.7634 5.9655
threshold=393.85000000000008 3.5775649123492288 -0.13242895480562245 0.22170301142263762 375.00000000000006 4.4031468118811086 -0.18467032252931453 1065.0000000000002 6.5000000000000009
decision_type=2 2 2 2 2 2 2 2 2
left_child=1 2 6 -4 5 -3 -1 -6 -2
right_child=8 4 3 -5 7 -7 -8 -9 -10
leaf_value=0.03285238753508575 -0.020155914297750526 -0.0095537818460248239 0.020130152051854162 -0.000982566564507904 0.046892649742680835 0.02984270294001122 -0.014383707242409265 -0.004236302628481914 -0.01606309503049139
leaf_weight=31 40 208 271 4082 282 105 416 41 36
leaf_count=31 40 208 271 4082 282 105 416 41 36
internal_value=-0.000152395 0.00013245 -0.000725 -6.20262e-05 0.00660377 0.00105431 -0.00718121 0.0119814 -0.0205263
internal_weight=5512 5436 4800 4353 636 313 447 323 76
internal_count=5512 5436 4800 4353 636 313 447 323 76
is_linear=0
shrinkage=0.03


Tree=13
num_leaves=15
num_cat=0
split_feature=100 72 72 84 136 93 106 106 106 66 141 97 108 62
split_gain=34.6078 24.3066 25.9221 28.7804 21.2061 21.9556 20.9714 20.8524 20.1037 18.4397 18.1877 17.6895 16.9423 5.67794
threshold=0.60991328144137513 8.1769235521155199 2.4704740117523354 2.3691252774132123 200.50000000000003 4.0501943441360462 0.17674971976980039 0.32709352457766377 0.31742845749597931 1.9278273809523812 375.50000000000006 1.7836352575142354 0.071347579207515457 0.38253449527959332
decision_type=2 2 2 2 2 2 2 2 2 2 2 2 2 2
left_child=1 2 3 -1 5 6 -2 13 12 -4 -7 -10 -6 -3
right_child=4 7 9 -5 8 10 -8 -9 11 -11 -12 -13 -14 -15
leaf_value=0.0076765165550273344 0.0051329977483458127 0.022766963070663209 -0.0055471146335391661 0.085844301938274206 -0.010847666787167583 -0.0070971596971777457 -0.0075748054738120404 -0.0017410551989599525 -0.015698756799872086 0.029619410969233744 0.023234926538948143 -0.0079110020025011454 0.0019933010265878537 0.090278277825854167
leaf_weight=878 544 37 1033 74 215 157 899 40 256 113 288 381 541 56
leaf_count=878 544 37 1033 74 215 157 899 40 256 113 288 381 541 56
internal_value=-0.000206821 0.00267593 0.00188751 0.00554622 -0.00216702 -9.5339e-05 -0.00189189 0.0151128 -0.00497487 -0.00115183 0.00573034 -0.0089011 -0.00166667 0.0229032
internal_weight=5512 2231 2098 952 3281 1888 1443 133 1393 1146 445 637 756 93
internal_count=5512 2231 2098 952 3281 1888 1443 133 1393 1146 445 637 756 93
is_linear=0
shrinkage=0.03


Tree=14
num_leaves=10
num_cat=0
split_feature=36 100 72 72 64 141 109 62 117
split_gain=35.6567 31.4312 22.1828 23.5797 20.8696 30.8564 18.3682 11.609 5.9655
threshold=393.85000000000008 0.57256436395163213 8.1769235521155199 2.7030669938014626 0.68288850624192865 1788.5000000000002 0.021999808693262967 0.38253449527959332 6.5000000000000009
decision_type=2 2 2 2 2 2 2 2 2
left_child=1 2 3 -1 5 -3 -6 -4 -2
right_child=8 4 7 -5 6 -7 -8 -9 -10
leaf_value=0.010848285797303398 -0.019317125930425186 -0.0078753488678702174 0.0099749307098250355 -0.0022426832071211714 0.044755567789760774 0.013057241577473408 0.0015265812014485201 0.073927719637893671 -0.015772825110933926
leaf_weight=967 40 2071 53 898 69 346 964 68 36
leaf_count=967 40 2071 53 898 69 346 964 68 36
internal_value=-0.000119739 0.000165563 0.00317221 0.00236461 -0.00156522 -0.00309061 0.00200387 0.0156198 -0.0205263
internal_weight=5512 5436 1986 1865 3450 2417 1033 121 76
internal_count=5512 5436 1986 1865 3450 2417 1033 121 76
is_linear=0
shrinkage=0.03


Tree=15
num_leaves=15
num_cat=0
split_feature=85 53 61 101 106 39 25 60 111 36 36 26 28 69
split_gain=34.1246 28.3609 33.2265 29.257 26.1384 23.1708 20.5545 18.3419 18.2457 15.6604 19.2389 14.9715 16.6416 12.3698
threshold=1.9601676512080386 0.13653856914898324 0.23456930241708188 1.1583273333850705 0.20497435376633788 1.3587133095207733 -1.0378890546939561 2.1319979905061142 0.71316473865062679 380.04166666666669 196.83333333333334 -0.82583568771280735 1.0520756393062654 2.2561777630412503
decision_type=2 2 2 2 2 2 2 2 2 2 2 2 2 2
left_child=6 2 7 4 -3 -4 9 -2 -5 10 -1 13 -13 -8
right_child=1 3 5 8 -6 -7 11 -9 -10 -11 -12 12 -14 -15
leaf_value=-0.01422972997239761 0.094620518922588021 0.015197339132095823 0.0025800859074880753 -0.013797102999751077 -0.0050733820536670617 -0.0079269357644591656 -0.0082728053059133097 0.0014832929724662102 0.01866695804527338 -0.019157570846677987 -0.0024424739435718787 0.014102284437288877 -0.014653304403766755 0.020389116378723926
leaf_weight=480 51 563 383 38 966 784 110 60 1254 30 439 32 99 223
leaf_count=480 51 563 383 38 966 784 110 60 1254 30 439 32 99 223
internal_value=-0.000119739 0.00126616 -0.00244131 0.00294576 0.000137345 -0.00393316 -0.00414013 0.0132432 0.00626935 -0.00667018 -0.00597388 0.00103448 -0.00755725 0.00441441
internal_weight=5512 4099 1278 2821 1529 1167 1413 111 1292 949 919 464 131 333
internal_count=5512 4099 1278 2821 1529 1167 1413 111 1292 949 919 464 131 333
is_linear=0
shrinkage=0.03


Tree=16
num_leaves=15
num_cat=0
split_feature=0 77 3 141 70 34 95 97 52 147 2 138 68 24
split_gain=32.776 30.438 27.4712 24.0642 26.1379 22.4033 21.7147 17.8508 14.8263 13.8753 9.53742 8.80848 8.8072 2.28667
threshold=-0.13242895480562245 2.5000000000000004 1.9647010074810394 1788.5000000000002 2.4714596913797355 1.0000000180025095e-35 2.1488842594108872 0.43499546293480812 5850.0000000000009 7.3063113580689043 83.935295955181928 2775.5000000000005 2.0098845598845601 -1.8897293001823938
decision_type=2 2 2 2 2 2 2 2 2 2 2 2 2 2
left_child=5 2 7 6 -5 10 -3 -2 9 -7 13 -12 -4 -1
right_child=1 3 12 4 -6 8 -8 -9 -10 -11 11 -13 -14 -15
leaf_value=-0.021440773368163746 -0.008712843672084792 -0.0042719317231801092 0.032066839161554284 0.023345145019691808 -0.0011725733158038853 0.013194015372423401 0.0078660569962169975 0.015218757094440382 -0.023022280904667399 -0.0087102303755744494 -0.020858498194425035 -0.0045065033274518237 0.13367179608449176 -0.022809010562708933
leaf_weight=35 62 2896 46 312 338 146 786 534 41 66 66 71 73 40
leaf_count=35 62 2896 46 312 338 146 786 534 41 66 66 71 73 40
internal_value=-0.000185051 0.000517139 0.00625175 -0.000429363 0.00489231 -0.00780645 -0.00136882 0.00362416 -0.00177866 0.00141509 -0.015 -0.010292 0.0194118 -0.0236
internal_weight=5512 5047 715 4332 650 465 3682 596 253 212 212 137 119 75
internal_count=5512 5047 715 4332 650 465 3682 596 253 212 212 137 119 75
is_linear=0
shrinkage=0.03


Tree=17
num_leaves=15
num_cat=0
split_feature=100 0 61 53 84 124 131 10 52 2 53 118 84 110
split_gain=33.0861 22.6077 21.8141 25.7444 20.9364 20.4123 19.9447 17.5513 15.7098 18.7375 14.8239 14.2223 13.5625 5.09639
threshold=0.54495781676080413 -0.13242895480562245 0.21430242663279633 0.13653856914898324 2.1341483442192177 0.69769338696912819 1.7452282951969542 2.864861980707901 5550.0000000000009 78.219605644332333 0.18180319955623389 0.81965127079997158 1.4998557126219207 3.8542478428282556
decision_type=2 2 2 2 2 2 2 2 2 2 2 2 2 2
left_child=4 8 7 -4 5 10 13 -3 9 -2 -1 -8 -7 -6
right_child=1 2 3 -5 6 12 11 -9 -10 -11 -12 -13 -14 -15
leaf_value=-0.0074797568182696306 -0.020150408213231628 0.0062391790968988215 -0.007638805346331979 0.00033307501697898035 0.038082153566488183 0.019804668760828949 -0.011839624040228893 0.073427324110619516 -0.022073047911640838 -0.001354155751847858 0.0044080076241848837 0.047308532840512486 -0.00051393706890487335 0.082359504658749652
leaf_weight=372 72 150 976 2110 36 529 56 46 75 226 569 44 204 47
leaf_count=372 72 150 976 2110 36 529 56 46 75 226 569 44 204 47
internal_value=-0.000272134 -0.00192886 -0.00113346 -0.00174984 0.00298869 0.00193548 0.012623 0.00857143 -0.00892761 -0.00583893 -0.00098831 0.0036 0.00568895 0.023494
internal_weight=5512 3655 3282 3086 1857 1674 183 196 373 298 941 100 733 83
internal_count=5512 3655 3282 3086 1857 1674 183 196 373 298 941 100 733 83
is_linear=0
shrinkage=0.03


Tree=18
num_leaves=13
num_cat=0
split_feature=77 3 36 124 25 117 91 60 53 11 37 3
split_gain=33.7307 28.3016 23.8768 20.3569 19.2297 18.7441 18.5242 17.8615 15.5152 8.83512 6.06061 1.33284
threshold=2.5000000000000004 2.0713302960207556 393.85000000000008 0.51409668256639407 -1.026517298268758 14.500000000000002 0.3068747103951755 2.6068599613908647 0.20876532839359022 4.5992576187648941 3.0716444512939836 2.3137537151987533
decision_type=2 2 2 2 2 2 2 2 2 2 2 2
left_child=1 5 3 4 -2 7 -5 -1 -7 -3 -4 -11
right_child=2 9 10 6 -6 8 -8 -9 -10 11 -12 -13
leaf_value=0.025159991780594984 -0.0085010801095985206 0.017254889402932221 -0.018712893316762388 -0.013168422864956099 0.0013649421200193428 -0.024609998915195747 0.0022324082723103747 -0.0023264915547798653 0.0050816943586183957 0.11192348857212152 -0.010700853476394451 0.11201853603515434
leaf_weight=316 1124 31 33 206 522 33 2842 266 33 37 33 36
leaf_count=316 1124 31 33 206 522 33 2842 266 33 37 33 36
internal_value=-0.000239478 0.00566489 -0.00117227 -0.000920324 -0.00360875 0.00333333 0.000531496 0.00505155 -0.0118182 0.0201923 -0.0190909 0.0258904
internal_weight=5512 752 4760 4694 1646 648 3048 582 66 104 66 73
internal_count=5512 752 4760 4694 1646 648 3048 582 66 104 66 73
is_linear=0
shrinkage=0.03


Tree=19
num_leaves=15
num_cat=0
split_feature=0 36 39 146 150 34 142 72 86 99 53 54 150 50
split_gain=32.8697 26.3047 30.1537 28.2629 23.0249 19.0163 17.6333 16.6027 13.0939 12.4757 12.1622 10.8789 10.0382 7.5411
threshold=-0.13242895480562245 41.424999999999962 1.4662478843436979 14.210250253642949 0.86544463146083184 1.0000000180025095e-35 1.8069737184863055 2.3018235974553809 21550.000000000004 0.34177909183932337 0.31590289407009692 0.57418521450164917 0.19113403327807457 1110.0000000000002
decision_type=2 2 2 2 2 2 2 2 2 2 2 2 2 2
left_child=5 2 6 7 -5 12 -2 -3 -4 10 -7 -11 -1 -14
right_child=1 3 8 4 -6 9 -8 -9 -10 11 -12 -13 13 -15
leaf_value=-8.0859440019004909e-05 0.06549867726617703 0.00066169458891861374 0.0066037080152629695 0.0045307997987472917 -0.0062827343860843718 -0.0042075866262036698 -0.012286538401105374 -0.011797797370812983 0.063376953950202278 -0.01354311135640842 0.01564602948384811 0.022851121008780468 -0.020755291653676074 -0.016010510173241045
leaf_weight=36 40 316 87 3039 757 37 120 531 157 130 37 49 100 76
leaf_count=36 40 316 87 3039 757 37 120 531 157 130 37 49 100 76
internal_value=-0.000174165 0.000529027 0.00787129 -0.000109843 0.000995785 -0.00780645 -0.00225 -0.00506494 0.0145082 -0.00225296 0.00810811 -0.00653631 -0.014434 -0.0173864
internal_weight=5512 5047 404 4643 3796 465 160 847 244 253 74 179 212 176
internal_count=5512 5047 404 4643 3796 465 160 847 244 253 74 179 212 176
is_linear=0
shrinkage=0.03


Tree=20
num_leaves=14
num_cat=0
split_feature=77 72 106 89 33 83 55 0 141 53 56 1 154
split_gain=29.714 27.6823 26.4303 33.9742 20.4124 19.7359 19.0443 19.5367 16.1721 14.6063 14.2648 12.8454 10.9806
threshold=2.5000000000000004 2.5915576421168276 0.29398413085205216 3111.0000000000005 1.0000000180025095e-35 2.8617003753982231 1.4596099994273783 -0.11700055647360366 1839.0000000000002 0.10238535299486201 0.24639246985979413 85.231217886404679 1.0000000180025095e-35
decision_type=2 2 2 2 2 2 2 2 2 2 2 2 2
left_child=1 5 6 8 -5 -1 7 -2 -4 12 -11 -7 -3
right_child=2 9 3 4 -6 11 -8 -9 -10 10 -12 -13 -14
leaf_value=-0.003337736020981954 -0.011279395296495538 -0.020200037044447582 -0.012047514897623925 0.0082816178259670619 -0.0061917397836469025 0.025094467029922216 -0.018999789755283478 0.0046288076347878572 0.010544078489888361 -0.0059184271229813156 0.023791725020270164 0.063538153352695179 0.00011022170535317066
leaf_weight=53 298 46 1056 542 581 142 40 2183 60 162 167 143 39
leaf_count=53 298 46 1056 542 581 142 40 2183 60 162 167 143 39
internal_value=-0.000195936 0.00534574 -0.00107143 -0.0034435 0.000240427 0.011716 0.0010353 0.00136638 -0.00715054 0.000144928 0.00300912 0.0148421 -0.0109412
internal_weight=5512 752 4760 2239 1123 338 2521 2481 1116 414 329 285 85
internal_count=5512 752 4760 2239 1123 338 2521 2481 1116 414 329 285 85
is_linear=0
shrinkage=0.03


Tree=21
num_leaves=15
num_cat=0
split_feature=53 61 91 8 57 101 11 26 97 106 18 14 2 25
split_gain=29.0963 36.0694 29.8597 30.9222 26.4326 25.4003 22.5294 19.731 18.8365 17.1657 16.9855 15.8524 11.0724 8.95798
threshold=0.10879730026571631 0.27720659804277081 1.1078625648050047 -8.1148404721432001 1.4020190887923889 1.1529500120721405 2.8224393851702749 -3.4338511081573384 0.47406544000613576 0.084217167470040336 -0.45161829563580175 3.659078740730934 84.823025593655771 -0.93152290901938117
decision_type=2 2 2 2 2 2 2 2 2 2 2 2 2 2
left_child=1 10 3 -2 13 7 -6 -4 -7 -5 11 -1 -12 -3
right_child=2 4 5 9 6 8 -8 -9 -10 -11 12 -13 -14 -15
leaf_value=0.072349811309621079 -0.016477014254816794 -0.020120148743030017 0.021556049760788201 0.011428753950724969 -0.014986701699459117 -0.0028196969692054533 -0.0043723630988506774 -0.0038040464102524949 0.019873055625186393 -0.0049986301882518815 0.071169913042712016 -0.021143296331901953 0.01092922173270533 -0.0095583038968179122
leaf_weight=33 60 77 236 363 84 218 1075 831 986 1387 49 39 44 30
leaf_count=33 60 77 236 363 84 218 1075 831 986 1387 49 39 44 30
internal_value=-0.000239478 -0.00392034 0.00105121 -0.0018232 -0.00563981 0.00334214 -0.00432269 -2.81162e-05 0.0063289 -0.00109714 0.00927273 -0.00166667 0.0177419 -0.0199065
internal_weight=5512 1431 4081 1810 1266 2271 1159 1067 1204 1750 165 72 93 107
internal_count=5512 1431 4081 1810 1266 2271 1159 1067 1204 1750 165 72 93 107
is_linear=0
shrinkage=0.03


Tree=22
num_leaves=13
num_cat=0
split_feature=0 106 89 36 117 85 34 60 107 161 150 58
split_gain=28.3998 26.4276 38.4461 41.2359 23.6434 24.7431 18.731 17.4772 15.0106 13.0613 9.2663 6.75894
threshold=-0.13242895480562245 0.29398413085205216 3165.0000000000005 41.424999999999962 27.500000000000004 4.317553308263169 1.0000000180025095e-35 7.272090818392555 0.08825768268996341 0.58333333333333337 0.19113403327807457 2.8498714631579167
decision_type=2 2 2 2 2 2 2 2 2 2 2 2
left_child=6 4 8 -4 5 -2 10 9 -3 -8 -1 -12
right_child=1 2 3 -5 -6 -7 7 -9 -10 -11 11 -13
leaf_value=0.00045212508527631867 0.0035977147392501252 -0.0018034315138146983 0.11103557712848254 0.00034221543650900298 -0.022473611342533013 0.052548668784707819 0.007321411320264864 -0.021050953859962883 -0.012037878086173829 -0.014394062737475484 -0.020239402573960077 -0.014468441382661242
leaf_weight=36 2463 479 100 1094 33 171 187 32 707 34 84 92
leaf_count=36 2463 479 100 1094 33 171 187 32 707 34 84 92
internal_value=-0.000195936 0.000457698 -0.00184034 0.0019598 0.00250844 0.0028246 -0.00729032 -0.00177866 -0.0056661 0.00122172 -0.0138679 -0.0167045
internal_weight=5512 5047 2380 1194 2667 2634 465 253 1186 221 212 176
internal_count=5512 5047 2380 1194 2667 2634 465 253 1186 221 212 176
is_linear=0
shrinkage=0.03


Tree=23
num_leaves=15
num_cat=0
split_feature=77 64 106 137 28 1 19 117 132 33 141 26 8 55
split_gain=27.5386 26.1389 21.8688 27.5426 21.715 21.1835 19.612 18.5311 19.1008 18.4573 15.537 9.23336 11.2173 8.2735
threshold=2.5000000000000004 0.72465747357231447 0.29398413085205216 3141.5000000000005 1.8855441634376289 98.784890987362886 3.2601590293234395 14.500000000000002 2.4100599342190878 1.0000000180025095e-35 1839.0000000000002 -1.1311444966736788 -0.99597982040641297 0.14048299094451558
decision_type=2 2 2 2 2 2 2 2 2 2 2 2 2 2
left_child=1 7 4 10 5 -2 -6 8 -1 -5 -4 12 -3 -13
right_child=2 11 3 9 6 -7 -8 -9 -10 -11 -12 13 -14 -15
leaf_value=0.014538735490497263 0.0027448742740143152 0.058101581995668589 -0.011188039000752431 0.0086263360387890502 0.0037807094341817836 0.039898752606713939 -0.010480683835532615 -0.017685197488498072 -0.01895039955180609 -0.006174484497128519 0.011372339381080827 0.013423276759770585 0.0049231794455724181 0.094519370480139905
leaf_weight=407 2009 30 1117 489 185 80 247 43 75 540 93 32 93 72
leaf_count=407 2009 30 1117 489 185 80 247 43 75 540 93 32 93 72
internal_value=-0.000228592 0.00510638 -0.00107143 -0.00322912 0.000844903 0.00211106 -0.00527778 0.00142857 0.00311203 0.000379009 -0.00629752 0.0136123 0.00804878 0.0201923
internal_weight=5512 752 4760 2239 2521 2089 432 525 482 1029 1210 227 123 104
internal_count=5512 752 4760 2239 2521 2089 432 525 482 1029 1210 227 123 104
is_linear=0
shrinkage=0.03


Tree=24
num_leaves=14
num_cat=0
split_feature=100 72 84 131 64 141 91 140 53 60 3 148 28
split_gain=26.8542 21.5489 22.1791 20.224 19.2029 19.3312 16.8063 15.425 15.6075 15.2832 14.1728 13.6631 4.30222
threshold=0.54495781676080413 8.1769235521155199 2.1341483442192177 2.1290881602418259 0.68288850624192865 1788.5000000000002 0.44894296939255796 141.50000000000003 0.034566874591408468 9.5929071114796756 0.74365938552288913 27.500000000000004 1.362086660696084
decision_type=2 2 2 2 2 2 2 2 2 2 2 2 2
left_child=1 2 9 -4 5 10 -7 8 -6 -1 -2 12 -3
right_child=4 11 3 -5 7 6 -8 -9 -10 -11 -12 -13 -14
leaf_value=0.0021217675334645114 0.013870926954497504 0.062821342604045302 0.044327479700003322 -0.0035425049594617689 -0.012086693491418558 -0.015670871998214098 0.016026065747174745 -0.019615221585194707 0.007963311253812758 -0.013479971991319209 -0.007520592496665055 0.0097505034219450316 0.036735882459648976
leaf_weight=1491 69 45 125 56 126 82 285 43 924 68 2126 42 30
leaf_count=1491 69 45 125 56 126 82 285 43 924 68 2126 42 30
internal_value=-0.000272134 0.00266559 0.00182759 0.011768 -0.00176471 -0.00318501 0.00318801 0.0015645 0.00228571 0.000673509 -0.00425057 0.0151282 0.0228
internal_weight=5512 1857 1740 181 3655 2562 367 1093 1050 1559 2195 117 75
internal_count=5512 1857 1740 181 3655 2562 367 1093 1050 1559 2195 117 75
is_linear=0
shrinkage=0.03


Tree=25
num_leaves=15
num_cat=0
split_feature=85 113 113 91 106 34 108 55 58 22 12 17 148 131
split_gain=25.8137 24.8597 23.7362 24.2994 20.767 18.0464 16.5561 14.6832 13.4373 13.1325 12.6984 14.2827 11.0248 8.3453
threshold=1.9601676512080386 10.24632880957836 4.317205896699071 1.4796046155189562 0.25378783934192289 1.0000000180025095e-35 0.49490561107962883 0.042245052956474148 2.8020913332020605 1.6894603040075158 2.9059637663031368 0.24157447559742645 26.500000000000004 0.58337816410905108
decision_type=2 2 2 2 2 2 2 2 2 2 2 2 2 2
left_child=5 2 4 -4 -2 7 9 13 -9 -7 11 -3 -8 -1
right_child=1 10 3 -5 -6 6 12 8 -10 -11 -12 -13 -14 -15
leaf_value=-0.018618454197247315 0.0058127413644897871 -0.016432473619504423 0.0010523540735773533 0.02866377878289415 -0.0039138532414188338 0.021484026597714916 0.027868599601659085 -0.014791708289826053 0.00019811301060696396 -0.0056251619360879086 -0.017303249400346506 0.011609289370115036 -0.002418776945341523 -0.010305447917040021
leaf_weight=61 1310 35 570 560 1491 36 80 255 195 695 96 37 37 54
leaf_count=61 1310 35 570 560 1491 36 80 255 195 695 96 37 37 54
internal_value=-0.000261248 0.000944133 0.00142712 0.00509735 -5.35523e-05 -0.00375796 -0.000990566 -0.0079115 -0.00546667 -0.00266758 -0.0103571 -0.000833333 0.00948718 -0.0174783
internal_weight=5512 4099 3931 1130 2801 1413 848 565 450 731 168 72 117 115
internal_count=5512 4099 3931 1130 2801 1413 848 565 450 731 168 72 117 115
is_linear=0
shrinkage=0.03


Tree=26
num_leaves=15
num_cat=0
split_feature=75 124 25 91 150 113 138 51 147 89 60 54 0 110
split_gain=25.3029 22.7481 26.7243 17.9261 19.9575 19.3274 17.2884 14.409 14.2161 13.4062 12.0006 11.2456 9.21779 9.79774
threshold=0.41909334730406539 0.51409668256639407 -0.88431382577359263 0.3068747103951755 0.24440017690498048 10.24632880957836 23548.000000000004 195.00000000000003 1.8684847684564194 1290.0000000000002 1.929381469327492 0.10444875221497943 -0.0063715754755266822 2.8885540441906445
decision_type=2 2 2 2 2 2 2 2 2 2 2 2 2 2
left_child=7 2 6 4 -3 -5 -2 12 9 -9 -4 -10 -1 -14
right_child=1 3 10 5 -6 -7 -8 8 11 -11 -12 -13 13 -15
leaf_value=-0.013019163961346012 -0.0077176200568103938 0.0092136719147536371 -0.0078373877554227811 0.0029686324445117973 -0.017630759945647653 -0.010818714813499119 -0.01938432014966467 0.003843679454840977 0.031084325190266021 0.032194347828337418 0.0073356111497796415 -0.0018067486671512478 -0.0089250546653656532 0.02574834660047181
leaf_weight=57 1176 45 146 2869 174 121 36 69 37 194 327 165 39 57
leaf_count=57 1176 45 146 2869 174 121 36 69 37 194 327 165 39 57
internal_value=-0.000283019 -0.00100531 -0.00382789 0.000476784 -0.00780822 0.00108361 -0.00618812 0.00543689 0.00806452 0.0126616 0.00221987 0.00207921 -0.00254902 0.003125
internal_weight=5512 4894 1685 3209 219 2990 1212 618 465 263 473 202 153 96
internal_count=5512 4894 1685 3209 219 2990 1212 618 465 263 473 202 153 96
is_linear=0
shrinkage=0.03


Tree=27
num_leaves=14
num_cat=0
split_feature=0 64 55 124 3 106 147 55 98 28 109 69 127
split_gain=25.8791 22.8021 23.4098 19.0698 17.4045 20.6942 16.8833 21.2099 16.7343 18.6626 14.3014 11.0429 9.03677
threshold=-0.088688211226589334 0.67877511625866471 1.1304934225502483 0.47601268303398664 0.73513550262799532 0.70964707592725451 -6.2236638257409824 0.025080608039956782 0.24143692974206335 1.2597272814728564 0.41691064387282917 2.8053621481688933 0.88910398102780441
decision_type=2 2 2 2 2 2 2 2 2 2 2 2 2
left_child=6 4 3 -3 -2 -6 7 -1 11 -10 -9 -8 -4
right_child=1 2 12 -5 5 -7 8 10 9 -11 -12 -13 -14
leaf_value=-0.020219939794114589 0.062679890633297611 -0.0015025225473313164 -0.022262711136743257 0.01819206238671774 3.7108734653124031e-05 -0.0093313440003029401 -0.019200932083229417 0.01197008870159048 -0.0031652734845305994 -0.01411642843942696 -0.0087489638476868532 0.018029221476283438 -0.0040254417079716815
leaf_weight=30 58 356 30 958 2458 494 39 184 246 483 74 71 31
leaf_count=30 58 356 30 958 2458 494 39 184 246 483 74 71 31
internal_value=-0.000337446 0.000704675 0.00390545 0.00474886 -0.000757475 -0.00107724 -0.00439219 0.001875 -0.0065435 -0.0081893 0.00465116 0.00436364 -0.0142623
internal_weight=5512 4385 1375 1314 3010 2952 1127 288 839 729 258 110 61
internal_count=5512 4385 1375 1314 3010 2952 1127 288 839 729 258 110 61
is_linear=0
shrinkage=0.03


Tree=28
num_leaves=14
num_cat=0
split_feature=53 27 91 24 16 147 56 138 70 119 101 36 55
split_gain=27.9458 27.4315 26.5017 24.3319 22.4201 21.8538 24.6964 20.7481 18.8521 17.6859 16.5943 16.3116 10.6559
threshold=0.28973656853556035 2.6201463495875514 1.6593204527986409 -9.8518776470172877 -2.1166879377567445 -14.243330090852234 0.063341146446714541 23548.000000000004 6.3088843099615906 0.78516483516483526 0.78441447632065153 41.424999999999962 0.14275699025921637
decision_type=2 2 2 2 2 2 2 2 2 2 2 2 2
left_child=1 5 3 -2 12 6 -1 -5 10 -7 -3 -6 -4
right_child=2 8 4 7 11 9 -8 -9 -10 -11 -12 -13 -14
leaf_value=-0.016309263240470429 -0.017198267645904201 0.00049102677804131354 0.028023102772743381 0.0024085630645703285 0.038696965679420652 -0.014665384857590703 0.011226469472368843 -0.016733357992879387 -0.010193063312378493 -0.0052475411799571088 0.064689764679514192 0.0073230792350586632 0.064687789666365791
leaf_weight=76 48 70 56 1598 94 182 311 57 36 2181 105 632 66
leaf_count=76 48 70 56 1598 94 182 311 57 36 2181 105 632 66
internal_value=-0.000337446 -0.00232016 0.00196394 -0.000193776 0.00629717 -0.00312 0.00348837 0.000416918 0.00810427 -0.00420229 0.0121714 0.00429752 0.0181967
internal_weight=5512 2961 2551 1703 848 2750 387 1655 211 2363 175 726 122
internal_count=5512 2961 2551 1703 848 2750 387 1655 211 2363 175 726 122
is_linear=0
shrinkage=0.03


Tree=29
num_leaves=15
num_cat=0
split_feature=53 25 18 95 45 153 140 141 11 49 55 99 45 16
split_gain=25.3736 29.1871 28.1191 26.1907 26.1225 21.4365 19.7068 20.1593 19.6747 18.8551 35.9963 16.7264 7.06716 2.65075
threshold=0.28973656853556035 -0.35026769136965824 1.4512642419438075 1.8621851932976268 0.95346320346320368 0.58571428571428574 120.00000000000001 2402.0000000000005 3.0857827832712492 99000.000000000015 0.76686314742211847 1.3538577451580982 0.60172413793103463 0.58267392670910378
decision_type=2 2 2 2 2 2 2 2 2 2 2 2 2 2
left_child=1 9 3 -3 5 8 7 -6 -2 11 -11 -1 -7 -4
right_child=4 2 13 -5 6 12 -8 -9 -10 10 -12 -13 -14 -15
leaf_value=-0.006661857187457162 -0.010703123657283329 0.011859248631073542 0.025273962600458059 -0.019282021898799538 -0.0015467702465347232 0.011786104196411639 -0.019616061511382753 0.026114946415999998 0.015501702358622665 0.0080774320407391142 -0.021007021654000129 0.023034090000032641 0.0468110641594017 0.099320278779486709
leaf_weight=2164 122 89 30 47 1359 55 44 121 767 501 46 47 83 37
leaf_count=2164 122 89 30 47 1359 55 44 121 767 501 46 47 83 37
internal_value=-0.000370102 -0.00225937 0.00871921 0.000882353 0.00182281 0.00552093 -0.000669291 -8.10811e-05 0.00381327 -0.00306744 0.00191956 -0.00430122 0.0165217 0.0246269
internal_weight=5512 2961 203 136 2551 1027 1524 1480 889 2758 547 2211 138 67
internal_count=5512 2961 203 136 2551 1027 1524 1480 889 2758 547 2211 138 67
is_linear=0
shrinkage=0.03


Tree=30
num_leaves=10
num_cat=0
split_feature=36 83 53 61 89 84 113 131 83
split_gain=25.0268 25.2477 21.3724 27.9971 27.8521 18.9562 11.5284 10.9507 6.20409
threshold=393.85000000000008 5.2216024938775734 0.13653856914898324 0.5279593908629443 3902.5000000000005 2.1136117095688003 5.5989226155129019 2.1290881602418259 3.7783374815158108
decision_type=2 2 2 2 2 2 2 2 2
left_child=1 2 3 -1 -4 6 -3 -7 -2
right_child=8 5 4 -5 -6 7 -8 -9 -10
leaf_value=0.0042161848456958532 -0.016782511720147338 0.015665314351557005 -0.0016321154634992051 -0.007346785233232375 0.010612611923229917 0.054773753302316971 -0.017857931132138117 0.052452324100628216 -0.012652101719667288
leaf_weight=460 40 143 2145 1152 1381 84 31 40 36
leaf_count=460 40 143 2145 1152 1381 84 31 40 36
internal_value=-0.000272134 -3.31126e-05 -0.000525496 -0.0033871 0.000782757 0.00845638 0.00206897 0.0174194 -0.0173684
internal_weight=5512 5436 5138 1612 3526 298 174 124 76
internal_count=5512 5436 5138 1612 3526 298 174 124 76
is_linear=0
shrinkage=0.03


Tree=31
num_leaves=15
num_cat=0
split_feature=53 25 145 106 145 93 18 61 104 21 49 55 68 83
split_gain=24.6236 25.8236 24.9147 27.5526 24.2644 24.1664 24.0371 23.0686 20.9959 19.1592 17.2393 35.686 16.1623 15.6878
threshold=0.28973656853556035 -0.35026769136965824 4.1582862172555055 0.25378783934192289 2.9234700887347262 7.9451882227866966 1.4512642419438075 0.83852740869332987 0.45858652624407753 3.0453063800890154 99000.000000000015 0.76686314742211847 0.39045959924432477 3.2634066049589423
decision_type=2 2 2 2 2 2 2 2 2 2 2 2 2 2
left_child=1 10 3 4 -2 8 9 -5 -4 -3 12 -12 -1 -7
right_child=2 6 5 7 -6 13 -8 -9 -10 -11 11 -13 -14 -15
leaf_value=0.029046117400316672 0.018027316999236244 0.01227292785405835 -0.019063473677239182 -0.010567374081057884 -0.011011768882279001 0.015054391345936747 0.080753745116387721 0.0058595867696985306 0.020447350052191667 -0.0084814625285654869 0.0080555126365139135 -0.020354551448424324 -0.0064300820066478881 -0.016243704251067911
leaf_weight=91 534 43 49 614 225 63 67 200 799 93 501 46 2120 67
leaf_count=91 534 43 49 614 225 63 67 200 799 93 501 46 2120 67
internal_value=-0.000337446 -0.00219858 0.00182281 -0.00051494 0.00359684 0.00558282 0.00812808 -0.00434889 0.00742925 0.000882353 -0.00295867 0.00180987 -0.0041384 -0.00646154
internal_weight=5512 2961 2551 1573 759 978 203 814 848 136 2758 547 2211 130
internal_count=5512 2961 2551 1573 759 978 203 814 848 136 2758 547 2211 130
is_linear=0
shrinkage=0.03


Tree=32
num_leaves=14
num_cat=0
split_feature=0 55 64 106 77 90 147 28 77 50 111 64 64
split_gain=26.5631 21.5602 23.6257 19.0299 17.7503 16.6011 15.2652 15.7985 14.8369 12.3476 12.873 11.2382 7.31855
threshold=-0.088688211226589334 1.1304934225502483 0.68288850624192865 0.72080529447274644 2.5000000000000004 -0.21636082846001278 -6.2236638257409824 1.2597272814728564 27.500000000000004 1230.0000000000002 1.5731952698667973 0.48508922748562283 0.68528922180607588
decision_type=2 2 2 2 2 2 2 2 2 2 2 2 2
left_child=5 2 3 -2 -4 12 8 -8 -7 11 -11 -3 -1
right_child=1 9 4 -5 -6 6 7 -9 -10 10 -12 -13 -14
leaf_value=0.04502414576919847 0.00086848049811460103 -0.0067081665286539052 0.04543083268404749 -0.0083135057366783352 0.0069426480134706595 0.0085116290983613466 -0.0022462336991374808 -0.013220472144050576 -0.015094288556612653 0.015681559474472417 -0.0086614052444247656 -0.019712646603932404 0.00035477076122972793
leaf_weight=32 2399 68 234 489 1050 221 265 525 54 33 32 80 30
leaf_count=32 2399 68 234 489 1050 221 265 525 54 33 32 80 30
internal_value=-0.000337446 0.000718358 0.00119367 -0.000311634 0.00457944 -0.00444543 -0.00532394 -0.00744304 0.000763636 -0.00859155 0.00230769 -0.0133784 0.0106452
internal_weight=5512 4385 4172 2888 1284 1127 1065 790 275 213 65 148 62
internal_count=5512 4385 4172 2888 1284 1127 1065 790 275 213 65 148 62
is_linear=0
shrinkage=0.03


Tree=33
num_leaves=10
num_cat=0
split_feature=36 0 61 90 10 90 59 64 37
split_gain=24.8994 21.6491 20.8289 19.2237 16.3451 15.272 15.5049 7.31855 6.20409
threshold=393.85000000000008 -0.088688211226589334 0.21430242663279633 1.1112548900925117 2.864861980707901 -0.21636082846001278 2.4500337271074417 0.68528922180607588 3.0716444512939836
decision_type=2 2 2 2 2 2 2 2 2
left_child=1 5 4 -4 -3 7 -7 -1 -2
right_child=8 2 3 -5 -6 6 -8 -9 -10
leaf_value=0.043673421396122514 -0.016155486075654927 0.0069405555665711226 -0.004734913762718322 0.002472523834383844 0.075987016234485824 -0.00078118385173498665 -0.011441616088214174 0.00034412763839283708 -0.011391553024724922
leaf_weight=32 40 214 935 3121 59 456 589 30 36
leaf_count=32 40 214 935 3121 59 456 589 30 36
internal_value=-0.000315675 -7.72627e-05 0.000880111 0.000340237 0.0089011 -0.00382114 -0.00467943 0.0106452 -0.0173684
internal_weight=5512 5436 4329 4056 273 1107 1045 62 76
internal_count=5512 5436 4329 4056 273 1107 1045 62 76
is_linear=0
shrinkage=0.03


Tree=34
num_leaves=10
num_cat=0
split_feature=36 53 100 27 147 120 138 134 37
split_gain=24.8359 21.975 22.8312 21.8393 18.9831 17.5175 15.5077 15.1948 6.20409
threshold=393.85000000000008 0.28973656853556035 0.67076079337677319 2.6201463495875514 -14.243330090852234 0.49298236974293319 13250.500000000002 3841.5000000000005 3.0716444512939836
decision_type=2 2 2 2 2 2 2 2 2
left_child=1 3 7 4 -1 -4 -5 -3 -2
right_child=8 2 5 6 -6 -7 -8 -9 -10
leaf_value=0.0069756339765386539 -0.015670821493385279 -0.0062313231443026328 -0.010130401027852785 0.006269576878271314 -0.0053479741981138926 0.0013834940883667378 0.063219528494763616 0.015989903243027244 -0.011049806433983173
leaf_weight=384 40 181 186 175 2330 1098 33 1049 36
leaf_count=384 40 181 186 175 2330 1098 33 1049 36
internal_value=-0.000337446 -9.93377e-05 0.00195704 -0.00186858 -0.00258659 -0.000841121 0.0075 0.00487805 -0.0173684
internal_weight=5512 5436 2514 2922 2714 1284 208 1230 76
internal_count=5512 5436 2514 2922 2714 1284 208 1230 76
is_linear=0
shrinkage=0.03


Tree=35
num_leaves=8
num_cat=0
split_feature=36 55 83 54 0 105 104
split_gain=22.6307 22.3532 24.3996 19.5545 18.1917 9.74069 8.5308
threshold=391.70833333333337 1.4596099994273783 5.2216024938775734 0.78485883877117779 -0.089755601194984894 0.051782406428971257 0.93075051646098983
decision_type=2 2 2 2 2 2 2
left_child=1 2 4 -4 -1 -3 -2
right_child=6 5 3 -5 -6 -7 -8
leaf_value=-0.0058252122733944197 -0.014846375595470749 -0.008136975873120688 0.0083665180544349009 0.054028773887517291 0.00087914060494168771 -0.019191242551333549 -0.0041701459076193131
leaf_weight=1070 59 45 187 98 3958 59 36
leaf_count=1070 59 45 187 98 3958 59 36
internal_value=-0.00032656 -7.19956e-05 0.000197628 0.00873684 -0.000286396 -0.0138462 -0.0148421
internal_weight=5512 5417 5313 285 5028 104 95
internal_count=5512 5417 5313 285 5028 104 95
is_linear=0
shrinkage=0.03


Tree=36
num_leaves=15
num_cat=0
split_feature=84 70 121 59 18 65 37 52 119 89 93 128 124 93
split_gain=23.0772 37.2777 18.1294 17.0243 16.815 18.9931 21.0558 15.4186 14.8436 12.613 12.4338 9.33146 8.29198 7.60888
threshold=0.97756203268407404 2.2349875359138682 0.4040580910996866 2.3979470972031494 7.9732438169414808 7.4523809523809534 3.8337347879235497 1950.0000000000002 0.69754145225843345 5153.5000000000009 1.9431489758032556 1.8665574120523016 0.30314408027140299 14.274650826806443
decision_type=2 2 2 2 2 2 2 2 2 2 2 2 2 2
left_child=1 2 9 -4 5 6 -2 -7 12 -1 -10 13 -3 -6
right_child=4 8 3 -5 11 7 -8 -9 10 -11 -12 -13 -14 -15
leaf_value=0.0095658747649316096 0.0012446706739326595 -0.01565847531530027 0.0082089962544844731 -0.0097117521806002142 -0.019142018133394469 0.0085348768567675617 0.019107669561322298 -0.020997477395529301 -0.0092021337648458528 0.027625566641301908 -0.0011061237165176983 0.0031112112524409059 -0.0072360841425308867 -0.0032594189552843885
leaf_weight=121 2473 81 189 121 56 35 594 59 869 104 687 36 56 31
leaf_count=121 2473 81 189 121 56 35 594 59 869 104 687 36 56 31
internal_value=-0.000228592 -0.00258528 0.00431776 -0.000387097 0.00137028 0.00179374 0.00220085 -0.0114894 -0.00476669 0.0108 -0.00393316 -0.0095122 -0.0142336 -0.0148276
internal_weight=5512 2228 535 310 3284 3161 3067 94 1693 225 1556 123 137 87
internal_count=5512 2228 535 310 3284 3161 3067 94 1693 225 1556 123 137 87
is_linear=0
shrinkage=0.03


Tree=37
num_leaves=10
num_cat=0
split_feature=36 53 150 45 153 39 140 24 104
split_gain=22.8007 20.0696 20.5882 19.7734 25.1966 19.0441 18.7467 17.4677 8.5308
threshold=391.70833333333337 0.28973656853556035 0.065499629714752691 0.95346320346320368 0.53571428571428581 2.5408602128203044 120.00000000000001 -0.96414192988429392 0.93075051646098983
decision_type=2 2 2 2 2 2 2 2 2
left_child=1 2 7 4 -3 -4 -5 -1 -2
right_child=8 3 5 6 -6 -7 -8 -9 -10
leaf_value=-0.0056239853766413489 -0.014379268126758427 0.010095145835392675 -0.0021423247682326157 0.00031392531139918633 0.037064920099205763 -0.010953426950480993 -0.01802468296912001 0.026758279538696719 -0.0039256795840270364
leaf_weight=83 59 875 2262 1450 136 376 42 193 36
leaf_count=83 59 875 2262 1450 136 376 42 193 36
internal_value=-0.000272134 -1.66144e-05 -0.00170899 0.00195366 0.00519288 -0.00252464 -0.000241287 0.00608696 -0.0148421
internal_weight=5512 5417 2914 2503 1011 2638 1492 276 95
internal_count=5512 5417 2914 2503 1011 2638 1492 276 95
is_linear=0
shrinkage=0.03


Tree=38
num_leaves=14
num_cat=0
split_feature=84 70 55 24 65 61 134 119 108 86 69 75 134
split_gain=21.4139 34.2102 21.0913 16.5637 17.5299 14.7119 14.6729 12.2076 12.8932 12.0088 14.256 11.5556 11.2833
threshold=0.97756203268407404 2.1827884936782787 1.1089676129244197 -0.36189819566753684 7.4523809523809534 0.97436942813655147 24186.500000000004 0.69754145225843345 0.56146303828090516 17402.500000000004 2.8270316944559135 0.49851759677815299 14950.500000000002
decision_type=2 2 2 2 2 2 2 2 2 2 2 2 2
left_child=1 5 3 4 -2 6 -1 11 -9 -4 -11 -3 -5
right_child=2 7 9 12 -6 -7 -8 8 -10 10 -12 -13 -14
leaf_value=-0.0034611162019506517 0.0056118704989738854 -0.0034707541411131532 -0.019775236214322062 -0.016044269964653343 -0.015642572609076963 0.032172319796208632 0.010167525065448463 -0.006308579282914375 0.0065093963001550976 0.010697969601179733 -0.013033162524791033 -0.01614757687798021 -0.00048963398860405794
leaf_weight=254 2711 60 59 127 80 58 183 1449 143 47 72 81 188
leaf_count=254 2711 60 59 127 80 58 183 1449 143 47 72 81 188
internal_value=-0.000261248 -0.00253142 0.00127893 0.00185448 0.00259047 0.00442424 0.00254005 -0.00451818 -0.00376884 -0.00876404 -0.00327731 -0.0129787 -0.00466667
internal_weight=5512 2228 3284 3106 2791 495 437 1733 1592 178 119 141 315
internal_count=5512 2228 3284 3106 2791 495 437 1733 1592 178 119 141 315
is_linear=0
shrinkage=0.03


Tree=39
num_leaves=12
num_cat=0
split_feature=0 61 53 57 39 10 1 60 19 109 105
split_gain=20.9496 20.1716 23.5669 26.7077 24.7325 17.5743 14.3834 14.5254 17.1451 12.7622 4.92846
threshold=-0.13242895480562245 0.21430242663279633 0.11505805839825979 4.1098767040906203 0.90940504719880344 2.864861980707901 61.026246354672971 7.1681304604554423 1.6589868935131331 0.15917021097991291 0.047440481461925484
decision_type=2 2 2 2 2 2 2 2 2 2 2
left_child=6 5 3 -3 -4 9 -1 8 -8 -2 -7
right_child=1 2 4 -5 -6 10 7 -9 -10 -11 -12
leaf_value=-0.017544707827068635 -0.0078857790542983669 -0.009882379274386191 -0.011528660652470999 0.00062701270113513946 0.0038196340867060375 0.073428487361951955 0.018647800339459213 -0.016196289915002091 -0.0074534069153478549 0.018255538507351947 0.049980554562869504
leaf_weight=31 72 689 251 578 3222 31 62 59 313 167 37
leaf_count=31 72 689 251 578 3222 31 62 59 313 167 37
internal_value=-0.000293904 0.000267486 -0.00021519 -0.00371744 0.00106248 0.00771987 -0.0063871 -0.00497696 -0.0028 0.00389121 0.0211765
internal_weight=5512 5047 4740 1267 3473 307 465 434 375 239 68
internal_count=5512 5047 4740 1267 3473 307 465 434 375 239 68
is_linear=0
shrinkage=0.03


Tree=40
num_leaves=12
num_cat=0
split_feature=77 72 0 3 136 62 108 18 98 83 26
split_gain=20.8191 25.2594 17.9586 17.897 16.8088 16.4315 14.2331 12.4886 12.9573 12.0949 4.15385
threshold=2.5000000000000004 2.5915576421168276 -0.21097591208384658 2.0713302960207556 361.50000000000006 0.69428104575163407 0.09563868668706782 -4.5340592844288432 0.59143608297556372 2.8617003753982231 -0.70233762724204463
decision_type=2 2 2 2 2 2 2 2 2 2 2
left_child=1 3 -2 9 5 -4 -6 -3 -9 -1 -5
right_child=2 7 4 10 6 -7 -8 8 -10 -11 -12
leaf_value=-0.0017069344668541818 -0.01393974463937234 0.028217635737754331 -0.00059397120875879009 0.04916029569224635 -0.01481724076944381 0.019849801877931419 -0.0041983805887831427 0.0086013574328816633 -0.0080792620346043665 0.025635732107715092 0.16984218166409035
leaf_weight=49 40 53 3983 39 183 210 344 98 263 211 39
leaf_count=49 40 53 3983 39 183 210 344 98 263 211 39
internal_value=-0.000250363 0.0043883 -0.000983193 0.0104734 -0.000813559 -0.00017887 -0.00586338 -0.00057971 -0.00257618 0.00669231 0.0230769
internal_weight=5512 752 4760 338 4720 4193 527 414 361 260 78
internal_count=5512 752 4760 338 4720 4193 527 414 361 260 78
is_linear=0
shrinkage=0.03


Tree=41
num_leaves=10
num_cat=0
split_feature=36 53 149 14 106 89 62 18 108
split_gain=22.6307 19.7342 20.8807 23.2272 20.4895 44.421 26.462 16.8409 7.64211
threshold=391.70833333333337 0.28973656853556035 35.500000000000007 4.6926666276001354 0.25378783934192289 2685.0000000000005 0.13784431583914958 -4.2929480667783677 0.23881271177470756
decision_type=2 2 2 2 2 2 2 2 2
left_child=1 2 7 -4 6 -6 -3 -1 -2
right_child=8 4 3 -5 5 -7 -8 -9 -10
leaf_value=0.02142396357856995 -0.010433296952435158 -0.01784957459073061 -0.0032244820675553019 0.02232821327505825 -0.011247125517093816 0.010939099709552813 0.014476550916965583 -0.0043080365397302469 -0.014342945064120337
leaf_weight=134 57 57 223 160 590 704 1152 2397 38
leaf_count=134 57 57 223 160 590 704 1152 2397 38
internal_value=-0.00032656 -7.19956e-05 -0.00175017 0.00477807 0.00188174 -0.000741886 0.00468983 -0.00273805 -0.0148421
internal_weight=5512 5417 2914 383 2503 1294 1209 2531 95
internal_count=5512 5417 2914 383 2503 1294 1209 2531 95
is_linear=0
shrinkage=0.03


Tree=42
num_leaves=9
num_cat=0
split_feature=36 83 53 50 89 106 150 108
split_gain=20.7692 19.5424 19.4847 27.117 16.6058 26.0197 19.2932 8.59649
threshold=391.70833333333337 5.2216024938775734 0.73824650843253392 450.00000000000006 2016.5000000000002 0.24409657167745488 0.85894006283750246 0.23881271177470756
decision_type=2 2 2 2 2 2 2 2
left_child=1 4 3 -3 5 -1 -6 -2
right_child=7 2 -4 -5 6 -7 -8 -9
leaf_value=0.0013821714610235169 -0.010120298043862105 -0.016439678414997896 0.10852671918003365 0.030515484930999759 0.0036176081997081376 -0.0088116975330779362 -0.0044931060589386692 -0.013912656712196726
leaf_weight=805 57 53 59 181 2601 973 745 38
leaf_count=805 57 53 59 181 2601 973 745 38
internal_value=-0.00030479 -6.09193e-05 0.0074744 0.00358974 -0.000491803 -0.00283465 0.000753138 -0.0142105
internal_weight=5512 5417 293 234 5124 1778 3346 95
internal_count=5512 5417 293 234 5124 1778 3346 95
is_linear=0
shrinkage=0.03


Tree=43
num_leaves=14
num_cat=0
split_feature=0 106 114 83 52 27 25 53 19 120 98 23 149
split_gain=19.6451 19.2045 33.2481 21.821 16.7047 15.8812 21.7423 15.951 12.9439 10.1091 10.0366 7.53402 6.47171
threshold=-0.13242895480562245 0.093308786502407592 13.500000000000002 5.7847605780027189 4350.0000000000009 2.7454207547779244 -1.0815963837133282 0.20876532839359022 1.6589868935131331 0.99723756906077365 0.32395697529893502 -3.4288562820550923 8.5000000000000018
decision_type=2 2 2 2 2 2 2 2 2 2 2 2 2
left_child=4 2 3 -2 8 7 -7 -3 -1 -4 -10 -6 -13
right_child=1 5 9 -5 11 6 -8 -9 10 -11 -12 12 -14
leaf_value=0.016896255710025031 0.0089666287202009361 -0.0045965358172428278 -0.018315283292759565 0.14249026394506317 -0.016991682635627489 -0.00056605970979432645 0.043603508821266339 0.00044372649490619889 0.0044216289159012033 -0.0088434003060352383 -0.010745345563970478 0.00088017413181806943 -0.015960825964811645
leaf_weight=58 1098 1549 47 51 31 153 100 2006 78 43 196 32 70
leaf_count=58 1098 1549 47 51 31 153 100 2006 78 43 196 32 70
internal_value=-0.000228592 0.000315039 0.00355932 0.00493473 -0.00612903 -0.000740546 0.00652174 -0.00125738 -0.00253012 -0.014 -0.00525547 -0.0151128 -0.0111765
internal_weight=5512 5047 1239 1149 465 3808 253 3555 332 90 274 133 102
internal_count=5512 5047 1239 1149 465 3808 253 3555 332 90 274 133 102
is_linear=0
shrinkage=0.03


Tree=44
num_leaves=14
num_cat=0
split_feature=75 89 10 106 146 84 27 84 27 102 25 148 91
split_gain=19.9813 18.3865 27.0066 22.2229 20.4819 20.4403 18.3168 14.0877 13.5718 13.479 14.335 13.9297 7.40753
threshold=0.41909334730406539 3165.0000000000005 6.787587368707988 0.24409657167745488 46.109862648622475 2.3691252774132123 0.39163750268412711 0.71927815928597527 0.24225140915222432 0.0091584234200350386 -0.66601936886540503 19.500000000000004 1.0187020969546123
decision_type=2 2 2 2 2 2 2 2 2 2 2 2 2
left_child=7 3 5 4 -2 -3 -4 12 -5 11 -11 -9 -1
right_child=1 2 6 8 -6 -7 -8 9 -10 10 -12 -13 -14
leaf_value=0.0032791551353190361 -0.00035480816117855083 0.0031346652847618951 0.024087679596428376 -0.01587003845341281 0.044791260936987029 0.056580224206878318 -0.010843342183589923 0.011698315103671975 -0.0077561615200466257 0.030201084928385875 -0.0029229050311000552 -0.0035501264168059953 -0.014380059050820952
leaf_weight=30 1138 1892 50 83 47 56 340 155 1288 186 38 177 32
leaf_count=30 1138 1892 50 83 47 56 340 155 1288 186 38 177 32
internal_value=-0.000228592 -0.000870454 0.00105218 -0.00262911 0.000379747 0.00249487 -0.00615385 0.00485437 -0.00522976 0.00636691 0.0120536 0.00253012 -0.00870968
internal_weight=5512 4894 2338 2556 1185 1948 390 618 1371 556 224 332 62
internal_count=5512 4894 2338 2556 1185 1948 390 618 1371 556 224 332 62
is_linear=0
shrinkage=0.03


Tree=45
num_leaves=15
num_cat=0
split_feature=53 85 25 18 95 101 141 57 134 49 55 72 99 7
split_gain=18.318 20.2946 19.944 24.0082 27.3431 17.6373 15.672 18.0161 15.2262 14.8206 35.9963 15.975 14.2224 7.5441
threshold=0.28973656853556035 2.320194660463041 -0.35026769136965824 1.4512642419438075 1.8621851932976268 2.6182419775720445 398.50000000000006 0.94699943421723476 3574.0000000000005 99000.000000000015 0.76686314742211847 0.96956874757812261 0.48545078415289084 1.0484366448703561
decision_type=2 2 2 2 2 2 2 2 2 2 2 2 2 2
left_child=2 6 9 4 -4 8 7 -2 -3 11 -11 -1 -8 -7
right_child=1 5 3 -5 -6 13 12 -9 -10 10 -12 -13 -14 -15
leaf_value=0.013478955605020371 0.022103700396625216 -0.0085891655388119544 0.011165061502399636 0.075968664851982989 -0.019316549617919829 0.0015254479196244745 0.0091716222007983128 -0.01159961051224504 0.010747978898795144 0.006889742635433062 -0.018213899041747732 -0.0056055229920601076 -0.0057109035342975643 0.041366129586331409
leaf_weight=116 39 167 89 67 47 30 435 345 1143 501 46 2095 343 49
leaf_count=116 39 167 89 67 47 30 435 345 1143 501 46 2095 343 49
internal_value=-0.000228592 0.00163465 -0.00183384 0.00724138 0 0.00408207 -0.00129088 -0.00625 0.00325191 -0.00250181 0.00191956 -0.00359566 0.00115681 0.0178481
internal_weight=5512 2551 2961 203 136 1389 1162 384 1310 2758 547 2211 778 79
internal_count=5512 2551 2961 203 136 1389 1162 384 1310 2758 547 2211 778 79
is_linear=0
shrinkage=0.03


Tree=46
num_leaves=11
num_cat=0
split_feature=3 34 53 109 25 146 58 62 70 24
split_gain=18.1467 22.5308 18.1044 23.2018 16.8393 15.8787 22.4624 18.3066 7.40164 2.61818
threshold=2.1881578639038239 1.0000000180025095e-35 0.80919118813401336 0.047126192958323855 -11.330206311088036 14.210250253642949 2.698769115750995 0.48493921248412269 2.4810062868590941 -0.64862877725387846
decision_type=2 2 2 2 2 2 2 2 2 2
left_child=4 2 3 -2 -1 6 -6 -7 9 -3
right_child=1 8 -4 -5 5 7 -8 -9 -10 -11
leaf_value=-0.014739362336885423 0.074607349497043576 0.050477940008957889 0.067216951562491148 -0.0085421083444022442 -0.0089426725271611208 -0.0012204661001003231 0.0010439792234520594 0.0075713379129226932 0.014999787021091884 0.11144098232580951
leaf_weight=44 32 30 53 120 581 2864 485 1236 31 36
leaf_count=44 32 30 53 120 581 2864 485 1236 31 36
internal_value=-0.000195936 0.00695364 0.00131707 -0.00394737 -0.000610365 -0.000452962 -0.00371482 0.000395122 0.018866 0.0245455
internal_weight=5512 302 205 152 5210 5166 1066 4100 97 66
internal_count=5512 302 205 152 5210 5166 1066 4100 97 66
is_linear=0
shrinkage=0.03


Tree=47
num_leaves=15
num_cat=0
split_feature=85 113 55 108 55 14 150 64 55 27 83 0 56 86
split_gain=16.3963 20.2056 18.064 17.1042 16.66 16.3793 19.9895 14.4696 13.3886 12.1535 11.4402 16.8054 10.2172 6.77804
threshold=1.9601676512080386 10.398844138625568 1.1304934225502483 0.49490561107962883 0.2950292515375626 6.3344667426551728 0.8822941044104412 0.78928629451049337 0.022876973924785129 0.95447737825229184 3.3381508753853772 1.0000000180025095e-35 0.4877326350094251 37974.500000000007
decision_type=2 2 2 2 2 2 2 2 2 2 2 2 2 2
left_child=3 2 4 5 -2 8 -7 12 -1 -4 11 -3 -5 -12
right_child=1 10 9 7 -6 6 -8 -9 -10 -11 13 -13 -14 -15
leaf_value=-0.013898772448877264 2.0008074902464479e-05 -0.015451626312439201 -0.00055116349779340656 0.0073335552638218353 0.0082862289221929883 0.011710311860942568 -0.0071265386546364509 0.03234296341370449 -0.0088420679773843994 -0.015070358048156082 -0.020643014157229505 0.026936761559914552 -0.011520099925181899 -0.011590410385103849
leaf_weight=133 2298 43 88 112 1463 181 134 41 779 95 38 30 33 44
leaf_count=133 2298 43 88 112 1463 181 134 41 779 95 38 30 33 44
internal_value=-0.000206821 0.000753842 0.0011714 -0.00299363 0.00161925 -0.00427873 0.00161905 0.00548387 -0.00631579 -0.00803279 -0.00987097 -0.00123288 0.00103448 -0.017561
internal_weight=5512 4099 3944 1413 3761 1227 315 186 912 183 155 73 145 82
internal_count=5512 4099 3944 1413 3761 1227 315 186 912 183 155 73 145 82
is_linear=0
shrinkage=0.03


Tree=48
num_leaves=9
num_cat=0
split_feature=25 53 27 124 145 149 102 76
split_gain=20.1392 19.181 22.0174 20.4392 21.8651 18.5464 17.4804 14.8457
threshold=-11.330206311088036 0.28973656853556035 2.6201463495875514 0.10745720680834349 4.1582862172555055 35.500000000000007 0.0016413004789307879 1.2752525252525257
decision_type=2 2 2 2 2 2 2 2
left_child=-1 2 5 7 -5 -2 -4 -3
right_child=1 3 6 4 -6 -7 -8 -9
leaf_value=-0.01416485056824163 -0.0045223779638805684 -0.0014514259473796076 0.13876286436789761 0.0001250877770702019 0.014818984780536334 0.0054239612611414875 0.0082334729871073858 -0.016411603723827113
leaf_weight=44 2355 72 32 1491 912 377 173 56
leaf_count=44 2355 72 32 1491 912 377 173 56
internal_value=-0.000239478 -7.68105e-05 -0.00172625 0.00183722 0.00245943 -0.00243777 0.0077561 -0.00984375
internal_weight=5512 5468 2937 2531 2403 2732 205 128
internal_count=5512 5468 2937 2531 2403 2732 205 128
is_linear=0
shrinkage=0.03


Tree=49
num_leaves=13
num_cat=0
split_feature=124 97 70 20 55 106 97 109 56 6 105 131
split_gain=18.4354 17.3657 17.3152 16.9508 17.215 16.2485 18.8175 15.7526 15.468 14.1531 12.1905 9.32952
threshold=0.51409668256639407 0.24482838704459062 11.232160167031433 1.4923357176416616 1.1089676129244197 0.40177765136590027 2.0403892565961228 0.57857547150661781 0.2715173914153492 6.5000000000000009 0.14016057691565295 1.1135722199171676
decision_type=2 2 2 2 2 2 2 2 2 2 2 2
left_child=2 9 5 8 -5 7 -7 -1 -3 10 -2 -11
right_child=1 3 -4 4 -6 6 -8 -9 -10 11 -12 -13
leaf_value=0.0017386347457487704 -0.012207596974650913 -0.02017423755539146 -0.014158453715631144 0.0038084722142890412 -0.011331528948471913 -0.011173661498200944 -0.0017672795914939819 -0.0085449187996732134 0.0007482779251857829 -0.017563273542709104 0.030661202028086261 -0.0045874177290194558
leaf_weight=968 70 46 46 3178 155 312 357 202 56 61 30 31
leaf_count=968 70 46 46 3178 155 312 357 202 56 61 30 31
internal_value=-0.000283019 0.000967742 -0.00268966 0.00145852 0.00182718 -0.00223491 -0.00596413 -0.000102564 -0.0105882 -0.0078125 0 -0.0163043
internal_weight=5512 3627 1885 3435 3333 1839 669 1170 102 192 100 92
internal_count=5512 3627 1885 3435 3333 1839 669 1170 102 192 100 92
is_linear=0
shrinkage=0.03


Tree=50
num_leaves=15
num_cat=0
split_feature=75 89 10 106 13 27 124 51 148 62 147 22 104 89
split_gain=17.9187 17.6683 22.4153 22.2774 20.1779 17.0112 16.6429 14.0879 13.2892 12.2993 11.4823 11.0622 11.0297 10.3694
threshold=0.41909334730406539 3165.0000000000005 6.787587368707988 0.24409657167745488 6.1856994293490164 0.39163750268412711 0.49961849746206088 195.00000000000003 65.000000000000014 0.35394171046344963 1.8684847684564194 2.9342392056557309 1.2538999377872775 1290.0000000000002
decision_type=2 2 2 2 2 2 2 2 2 2 2 2 2 2
left_child=7 3 6 4 -2 -4 -3 9 -5 -1 13 -12 -11 -9
right_child=1 2 5 8 -6 -7 -8 10 -10 12 11 -13 -14 -15
leaf_value=0.011223676927000468 0.0024551133198341805 -0.0019124015859489506 0.021783163848301236 -0.0085400663986536403 -0.015493459525411047 -0.010238324145350546 0.0098230854290598593 0.0017287346631245347 0.01790673812401352 -0.016158615186967824 0.023260326200584772 -0.0036993229265548954 0.0061806989812469267 0.025851843699759756
leaf_weight=68 1088 654 50 1329 97 340 1294 69 42 49 59 143 36 194
leaf_count=68 1088 654 50 1329 97 340 1294 69 42 49 59 143 36 194
internal_value=-0.000250363 -0.000858194 0.00102652 -0.00258216 0.00043038 -0.00553846 0.00234086 0.00456311 -0.005186 -0.00333333 0.00716129 0.00178218 -0.0109412 0.0112928
internal_weight=5512 4894 2338 2556 1185 390 1948 618 1371 153 465 202 85 263
internal_count=5512 4894 2338 2556 1185 390 1948 618 1371 153 465 202 85 263
is_linear=0
shrinkage=0.03


Tree=51
num_leaves=12
num_cat=0
split_feature=103 0 77 75 82 56 76 53 34 131 58
split_gain=18.4471 19.4867 15.3137 14.7736 19.5468 13.7934 13.6243 12.3909 9.56936 8.81334 6.99679
threshold=0.66863816687908406 -0.14546173535840953 56.500000000000007 0.41909334730406539 6.7109668109668119 0.24899906663337323 0.15224589691909016 0.66802209285482983 1.0000000180025095e-35 0.78883792356994975 2.8020913332020605
decision_type=2 2 2 2 2 2 2 2 2 2 2
left_child=2 8 6 5 -5 -3 -1 -8 10 -10 -2
right_child=1 3 -4 4 -6 -7 7 -9 9 -11 -12
leaf_value=0.05574791978505831 -0.013718756856407534 0.0023197276686452288 -0.013435377542295297 -0.0013039362151354794 0.0082514298221975646 0.022613549566885657 -0.0067594241262694844 0.0029291230579789008 0.0076252561945650684 -0.006419905216511779 -0.012217106576648229
leaf_weight=34 61 226 31 2560 914 247 1004 273 58 63 41
leaf_count=34 61 226 31 2560 914 247 1004 273 58 63 41
internal_value=-0.000293904 0.000690647 -0.0033532 0.00117811 0.000500864 0.00615222 -0.00286041 -0.00335944 -0.00793722 -0.0022314 -0.0147059
internal_weight=5512 4170 1342 3947 3474 473 1311 1277 223 121 102
internal_count=5512 4170 1342 3947 3474 473 1311 1277 223 121 102
is_linear=0
shrinkage=0.03


Tree=52
num_leaves=15
num_cat=0
split_feature=53 124 149 25 1 95 60 26 52 84 76 148 138 62
split_gain=18.0022 17.9179 18.8093 17.7379 17.8265 20.162 17.0707 14.5197 23.5251 16.4409 14.46 14.0044 10.9461 9.5642
threshold=0.28973656853556035 0.10745720680834349 43.500000000000007 -0.41024229332976808 86.38383557839191 1.6560675735878176 13.575693217627125 -3.215793733949754 7050.0000000000009 0.63134625900536323 1.4058823529411768 3.5000000000000004 3085.5000000000005 0.39036004645760752
decision_type=2 2 2 2 2 2 2 2 2 2 2 2 2 2
left_child=3 10 6 7 5 -5 -3 9 -9 -1 13 -4 -6 -2
right_child=1 2 11 4 12 -7 -8 8 -10 -11 -12 -13 -14 -15
leaf_value=-0.014875386486139912 -0.011953656089464422 0.0064843910811035596 -0.003549199596110315 0.0071297783072252494 0.0077521700091869221 -0.0095353955693631073 -0.017910463779796767 -0.0041720802547683244 -0.014475493411190832 0.0066082277527409377 -0.017491616683579306 -0.017222893624668622 0.078891680595377864 0.017533929003618141
leaf_weight=58 37 2203 95 106 58 69 67 2033 81 499 51 58 57 40
leaf_count=58 37 2203 95 106 58 69 67 2033 81 499 51 58 57 40
internal_value=-0.000283019 0.00156409 0.00214197 -0.00187437 0.00517241 -0.000857143 0.00282819 -0.00263946 -0.00377483 0.00166966 -0.009375 -0.00803922 0.0143478 -0.00116883
internal_weight=5512 2551 2423 2961 290 175 2270 2671 2114 557 128 153 115 77
internal_count=5512 2551 2423 2961 290 175 2270 2671 2114 557 128 153 115 77
is_linear=0
shrinkage=0.03


Tree=53
num_leaves=12
num_cat=0
split_feature=124 25 75 20 56 111 29 97 51 109 146
split_gain=18.0783 16.7583 17.6472 15.3062 15.468 15.1278 15.0426 15.0502 15.0038 13.0386 11.1222
threshold=0.51409668256639407 -1.026517298268758 0.48083030684553713 1.4923357176416616 0.2715173914153492 0.62608225332659895 2.7084817883802503 0.24482838704459062 495.00000000000006 0.57612496435794902 11.7731731129072
decision_type=2 2 2 2 2 2 2 2 2 2 2
left_child=1 2 8 4 -2 -3 7 -5 -1 -7 -4
right_child=3 5 10 6 -6 9 -8 -9 -10 -11 -12
leaf_value=-0.0067620266725694073 -0.019325061431095407 0.04712620910162145 -0.010122915146431061 -0.012114471576526417 0.00065660961189421883 0.0020951169101612178 -0.01505843811613624 0.0029466296874362452 0.0052058824212230046 -0.0084077280763495323 -0.008471189461497405
leaf_weight=203 46 59 151 191 56 464 49 3285 194 90 724
leaf_count=203 46 59 151 191 56 464 49 3285 194 90 724
internal_value=-0.000370102 -0.00275332 -0.00471698 0.000868486 -0.0105882 0.00132137 0.0012 0.00143268 0.000528967 -0.000216606 -0.00709714
internal_weight=5512 1885 1272 3627 102 613 3525 3476 397 554 875
internal_count=5512 1885 1272 3627 102 613 3525 3476 397 554 875
is_linear=0
shrinkage=0.03


Tree=54
num_leaves=10
num_cat=0
split_feature=36 113 145 150 105 29 136 104 10
split_gain=18.8015 18.2174 22.9769 31.2156 17.48 13.3023 12.0388 6.76095 6.30616
threshold=391.70833333333337 10.24632880957836 4.1582862172555055 0.85894006283750246 0.04576693634275409 1.5977695760183079 241.50000000000003 0.93075051646098983 10.32085356577935
decision_type=2 2 2 2 2 2 2 2 2
left_child=1 2 4 -4 -1 6 -3 -2 -7
right_child=7 5 3 -5 -6 8 -8 -9 -10
leaf_value=0.0029471247064587897 -0.012222653769344763 -0.0093194273109793498 0.013387537081850528 -0.0039895775070267533 -0.0037609855792402956 0.030535981848148038 -0.016631783962237762 -0.0032474213812675196 -0.015483564045152397
leaf_weight=904 59 104 1317 451 2524 31 51 36 35
leaf_count=904 59 104 1317 451 2524 31 51 36 35
internal_value=-0.000348331 -0.000116301 0.000242494 0.00302036 -0.0011902 -0.00855204 -0.0133548 -0.0135789 0.00272727
internal_weight=5512 5417 5196 1768 3428 221 155 95 66
internal_count=5512 5417 5196 1768 3428 221 155 95 66
is_linear=0
shrinkage=0.03


Tree=55
num_leaves=14
num_cat=0
split_feature=3 51 118 30 124 55 149 90 78 8 134 107 9
split_gain=17.9267 31.5533 17.3343 20.3286 16.8724 16.5209 20.5379 16.4311 14.505 13.0896 11.3426 5.65059 1.13333
threshold=2.246797351454807 555.00000000000011 0.37413451240792966 1.1546833880106917 0.64999953137678956 0.81348750760662292 4.5000000000000009 5.345463445501923 0.97530487804878063 -8.1148404721432001 31420.500000000004 0.10628863496438322 0.2136113660815345
decision_type=2 2 2 2 2 2 2 2 2 2 2 2 2
left_child=4 2 -2 -4 8 6 -6 -7 9 -1 -10 -3 -13
right_child=1 11 3 -5 5 7 -8 -9 10 -11 -12 12 -14
leaf_value=-0.012742543874705862 0.032617284549620436 0.032653088791080725 0.0037521969547956355 -0.019915638723994721 -0.0090707114972784948 -0.010309453980653263 0.0058810774954776851 0.026321447366940757 0.0022438715198132963 -0.0030824783976465741 0.026754893418811935 0.16612674628758101 0.091137352869305605
leaf_weight=62 45 31 77 43 376 220 1988 35 69 2465 37 30 34
leaf_count=62 45 31 77 43 376 220 1988 35 69 2465 37 30 34
internal_value=-0.00030479 0.00738462 -0.000545455 -0.0065 -0.000685453 0.00101947 0.00180203 -0.00623529 -0.00238131 -0.00283736 0.00849057 0.0211579 0.02625
internal_weight=5512 260 165 120 5252 2619 2364 255 2633 2527 106 95 64
internal_count=5512 260 165 120 5252 2619 2364 255 2633 2527 106 95 64
is_linear=0
shrinkage=0.03


Tree=56
num_leaves=9
num_cat=0
split_feature=25 53 60 60 103 81 150 103
split_gain=17.3926 17.9146 21.675 20.4167 18.6827 18.526 17.3993 15.8197
threshold=-11.330206311088036 0.24731760431781044 13.575693217627125 17.674149897310365 0.65441307812307359 0.19261361718704936 0.077774039265781594 0.28897233587056065
decision_type=2 2 2 2 2 2 2 2
left_child=-1 4 5 -4 7 -3 -6 -2
right_child=1 2 3 -5 6 -7 -8 -9
leaf_value=-0.012657821769205768 0.010853585670549672 0.0014512526790379182 -0.021215427246245044 -0.0005125801319385315 0.01626589339480862 0.025499695577055195 -0.0015368066029493364 -0.010576430831078454
leaf_weight=44 44 2412 48 60 214 296 1809 585
leaf_count=44 44 2412 48 60 214 296 1809 585
internal_value=-0.00030479 -0.000153621 0.00151278 -0.0116667 -0.00192308 0.0020384 -0.000519031 -0.00643879
internal_weight=5512 5468 2816 108 2652 2708 2023 629
internal_count=5512 5468 2816 108 2652 2708 2023 629
is_linear=0
shrinkage=0.03


Tree=57
num_leaves=9
num_cat=0
split_feature=25 59 136 53 61 34 48 91
split_gain=17.3322 17.0333 22.0945 16.9822 25.6832 17.4221 10.6171 9.3757
threshold=-11.330206311088036 7.4301641271731222 310.50000000000006 0.11420743309547057 0.27720659804277081 1.0000000180025095e-35 0.73568447862872188 1.5695197856915692
decision_type=2 2 2 2 2 2 2 2
left_child=-1 3 6 4 -2 -5 -3 -4
right_child=1 2 7 5 -6 -7 -8 -9
leaf_value=-0.012278087116129594 0.023590465282211075 0.015461799811667211 -0.014439766236799793 -0.0028012561896655131 -0.0058019869859520078 0.0040561064096593467 0.075183296986072484 0.0043410029872594747
leaf_weight=44 156 155 30 1574 1240 2232 42 39
leaf_count=44 156 155 30 1574 1240 2232 42 39
internal_value=-0.000337446 -0.00018654 0.00721805 -0.000565167 -0.00339542 0.000472937 0.012335 -0.0073913
internal_weight=5512 5468 266 5202 1396 3806 197 69
internal_count=5512 5468 266 5202 1396 3806 197 69
is_linear=0
shrinkage=0.03


Tree=58
num_leaves=10
num_cat=0
split_feature=36 77 3 34 113 102 137 60 104
split_gain=18.8015 18.1923 24.5497 16.1929 19.658 17.7794 13.052 11.3331 6.76095
threshold=391.70833333333337 2.5000000000000004 1.9647010074810394 1.0000000180025095e-35 10.24632880957836 0.007505242552703662 8173.5000000000009 4.4280633278544146 0.93075051646098983
decision_type=2 2 2 2 2 2 2 2 2
left_child=1 2 6 5 -5 -3 -1 -4 -2
right_child=8 3 7 4 -6 -7 -8 -9 -10
leaf_value=0.0092628513626385103 -0.011444728370158665 -0.0072640367250828121 0.090416349336911256 0.0018604654007376563 -0.010666309887567551 2.1571059867735996e-05 -0.015434508285546824 4.2709432592946679e-06 -0.002940229373902559
leaf_weight=532 59 1004 90 2539 193 940 88 31 36
leaf_count=532 59 1004 90 2539 193 940 88 31 36
internal_value=-0.000348331 -0.000116301 0.00425101 -0.000808383 0.00068082 -0.00290123 0.00183871 0.0166116 -0.0135789
internal_weight=5512 5417 741 4676 2732 1944 620 121 95
internal_count=5512 5417 741 4676 2732 1944 620 121 95
is_linear=0
shrinkage=0.03


Tree=59
num_leaves=6
num_cat=0
split_feature=0 25 53 27 60
split_gain=17.292 16.7117 15.6102 21.3487 17.2758
threshold=-0.21097591208384658 -11.330206311088036 0.28973656853556035 2.6201463495875514 13.575693217627125
decision_type=2 2 2 2 2
left_child=-1 -2 3 -3 -4
right_child=1 2 4 -5 -6
leaf_value=-0.010955820239778476 -0.011958478182937009 -0.0030330275850821943 0.0041549589356195595 0.019699455099359966 -0.014214052793310556
leaf_weight=44 43 2716 2407 203 99
leaf_count=44 43 2716 2407 203 99
internal_value=-0.000359216 -0.000208486 -6.08295e-05 -0.0015519 0.00167598
internal_weight=5512 5468 5425 2919 2506
internal_count=5512 5468 5425 2919 2506
is_linear=0
shrinkage=0.03


Tree=60
num_leaves=9
num_cat=0
split_feature=25 85 113 65 25 69 62 83
split_gain=17.2117 16.0998 18.5654 18.0538 15.3706 16.7847 14.9574 10.4378
threshold=-11.330206311088036 1.9601676512080386 10.398844138625568 7.4523809523809534 -1.0378890546939561 2.0987874311086139 0.31402802623732862 3.3381508753853772
decision_type=2 2 2 2 2 2 2 2
left_child=-1 4 3 -3 6 -6 -2 -4
right_child=1 2 7 -5 5 -7 -8 -9
leaf_value=-0.011579220704066676 -0.0011170709559437241 0.001966715070139844 -0.0016745174261367124 -0.012461258302716091 -0.0073584281275556589 0.0053456735805852895 -0.011232373539923349 -0.0145195124955129
leaf_weight=44 467 3789 73 131 144 320 462 82
leaf_count=44 467 3789 73 131 144 320 462 82
internal_value=-0.000402758 -0.000252377 0.000699387 0.00110204 -0.00303661 0.00142241 -0.00526372 -0.00948387
internal_weight=5512 5468 4075 3920 1393 464 929 155
internal_count=5512 5468 4075 3920 1393 464 929 155
is_linear=0
shrinkage=0.03


Tree=61
num_leaves=8
num_cat=0
split_feature=25 124 84 95 97 78 99
split_gain=17.1916 16.5359 18.6774 17.3162 16.2107 15.321 7.64214
threshold=-11.330206311088036 0.64999953137678956 2.1341483442192177 0.4676928291432651 0.24482838704459062 0.97530487804878063 0.70524902843071657
decision_type=2 2 2 2 2 2 2
left_child=-1 2 5 6 -5 -2 -3
right_child=1 3 -4 4 -6 -7 -8
leaf_value=-0.011231844082944675 -0.0028773734984110055 -0.0063303835190875431 0.033976099739914008 -0.012296758362326431 0.0043485631729414604 0.013242164764281522 -0.016826410451332607
leaf_weight=44 2548 67 38 155 2498 110 52
leaf_count=44 2548 67 38 155 2498 110 52
internal_value=-0.000413643 -0.00026335 -0.0019362 0.00136364 0.00186581 -0.00223476 -0.00983193
internal_weight=5512 5468 2696 2772 2653 2658 119
internal_count=5512 5468 2696 2772 2653 2658 119
is_linear=0
shrinkage=0.03


Tree=62
num_leaves=8
num_cat=0
split_feature=25 124 84 95 146 88 99
split_gain=17.2117 15.8795 18.5978 15.7278 15.2528 12.4691 8.56124
threshold=-11.330206311088036 0.64999953137678956 2.1341483442192177 0.4676928291432651 27.139852733168741 365.50000000000006 0.70524902843071657
decision_type=2 2 2 2 2 2 2
left_child=-1 2 5 6 -5 -2 -3
right_child=1 3 -4 4 -6 -7 -8
leaf_value=-0.010894888760456335 -0.00099496237955290609 -0.0061404720135149167 0.032956816747716583 0.0003627309015816299 0.010299380457170968 -0.0070799140077768804 -0.016321618137792624
leaf_weight=44 2163 67 38 1808 845 495 52
leaf_count=44 2163 67 38 1808 845 495 52
internal_value=-0.000402758 -0.000252377 -0.00189169 0.00134199 0.00182058 -0.00218962 -0.00932773
internal_weight=5512 5468 2696 2772 2653 2658 119
internal_count=5512 5468 2696 2772 2653 2658 119
is_linear=0
shrinkage=0.03


Tree=63
num_leaves=9
num_cat=0
split_feature=25 64 53 58 84 65 78 25
split_gain=17.1716 15.0681 19.6522 21.1076 17.9593 15.3205 14.891 12.3015
threshold=-11.330206311088036 0.68288850624192865 0.051259841792976067 2.4454840801489275 1.9539256004306316 7.4523809523809534 0.97530487804878063 -1.071404376552813
decision_type=2 2 2 2 2 2 2 2
left_child=-1 5 3 -3 -4 6 -2 -7
right_child=1 2 4 -5 -6 7 -8 -9
leaf_value=-0.010568042097642644 -0.001611663475686027 -0.013788720977865836 0.004675040678104949 0.0062090212419362968 0.036557234070130708 -0.015951050951875351 0.014396714559392296 -0.0024884679032791046
leaf_weight=44 3501 131 1245 114 185 77 145 70
leaf_count=44 3501 131 1245 114 185 77 145 70
internal_value=-0.000424528 -0.000274323 0.00209552 -0.0057551 0.00344056 -0.00132085 -0.000938014 -0.0108163
internal_weight=5512 5468 1675 245 1430 3793 3646 147
internal_count=5512 5468 1675 245 1430 3793 3646 147
is_linear=0
shrinkage=0.03


Tree=64
num_leaves=9
num_cat=0
split_feature=25 85 113 65 34 55 54 12
split_gain=17.1316 14.6311 18.2447 17.7522 15.9852 16.3365 16.3291 10.3269
threshold=-11.330206311088036 1.9601676512080386 10.398844138625568 7.4523809523809534 1.0000000180025095e-35 0.042245052956474148 0.82579920444727806 2.7860445266505534
decision_type=2 2 2 2 2 2 2 2
left_child=-1 4 3 -3 5 -2 -6 -4
right_child=1 2 7 -5 6 -7 -8 -9
leaf_value=-0.010251000834713364 -0.011766743903500458 0.0017833321495426269 -0.00022891039912882214 -0.01230904449515432 -0.0014452867367690191 -0.0050557559887921067 0.012490570000770513 -0.013179012943739441
leaf_weight=44 115 3789 62 131 720 443 115 93
leaf_count=44 115 3789 62 131 720 443 115 93
internal_value=-0.000446299 -0.000296269 0.000611043 0.0010102 -0.00295047 -0.00688172 -0.000323353 -0.00948387
internal_weight=5512 5468 4075 3920 1393 558 835 155
internal_count=5512 5468 4075 3920 1393 558 835 155
is_linear=0
shrinkage=0.03


Tree=65
num_leaves=8
num_cat=0
split_feature=25 103 0 55 76 65 34
split_gain=17.2117 15.5564 19.1099 16.1035 12.3994 11.2526 10.7401
threshold=-11.330206311088036 0.67517324419906422 -0.14546173535840953 1.4596099994273783 0.15224589691909016 1.1824964918055509 1.0000000180025095e-35
decision_type=2 2 2 2 2 2 2
left_child=-1 4 6 -4 -2 -6 -3
right_child=1 2 3 -5 5 -7 -8
leaf_value=-0.0099434708096719643 0.051136962592758371 -0.011796029624321103 0.0018477961117723683 -0.013394191068993051 0.00016198012955331742 -0.0065864915385216221 -0.0012565760335207276
leaf_weight=44 35 101 3820 83 482 830 117
leaf_count=44 35 101 3820 83 482 830 117
internal_value=-0.000402758 -0.000252377 0.000662461 0.00114527 -0.00305122 -0.00352134 -0.00798165
internal_weight=5512 5468 4121 3903 1347 1312 218
internal_count=5512 5468 4121 3903 1347 1312 218
is_linear=0
shrinkage=0.03


Tree=66
num_leaves=11
num_cat=0
split_feature=100 16 146 10 137 148 93 36 3 39
split_gain=16.0137 14.7178 12.9812 14.5726 15.9798 12.8849 20.9996 15.6214 10.951 10.7752
threshold=0.53053907317288518 -10.15694548979552 7.8971609667801417 -2.7460112722225851 2787.5000000000005 63.500000000000007 3.6108238745643688 200.47499999999999 1.0511179754097866 1.4962365002546496
decision_type=2 2 2 2 2 2 2 2 2 2
left_child=2 -2 9 8 -5 6 -3 -7 -4 -1
right_child=1 5 3 4 -6 7 -8 -9 -10 -11
leaf_value=0.0048590062874748581 -0.011068636597069779 -0.0030163590921290229 0.029936925867515687 -0.0037122719177548735 0.006045645711559848 -0.014439948899925089 0.0063651334884525668 -0.0061251660633347763 -0.0014439465480395031 0.072197248520039767
leaf_weight=31 52 2565 97 791 777 40 914 150 53 42
leaf_count=31 52 2565 97 791 777 40 914 150 53 42
internal_value=-0.000337446 -0.00145929 0.0019933 0.00146682 0.000612245 -0.00123467 -0.000819201 -0.00884211 0.0104 0.0143836
internal_weight=5512 3721 1791 1718 1568 3669 3479 190 150 73
internal_count=5512 3721 1791 1718 1568 3669 3479 190 150 73
is_linear=0
shrinkage=0.03


Tree=67
num_leaves=7
num_cat=0
split_feature=36 16 83 134 104 12
split_gain=15.3548 17.7246 15.7645 14.2225 6.86367 5.63166
threshold=391.70833333333337 -10.15694548979552 8.2672896524666797 433.50000000000006 0.94168740709637599 2.8978186553812209
decision_type=2 2 2 2 2 2
left_child=1 4 3 -3 -1 -2
right_child=5 2 -4 -5 -6 -7
leaf_value=-0.014157224168761437 -0.011333325962324645 0.033771807893091033 0.11689023193149344 -0.00033423004723406532 -0.010178590002971047 -0.0059513572468417241
leaf_weight=31 36 137 50 5169 30 59
leaf_count=31 36 137 50 5169 30 59
internal_value=-0.000359216 -0.000149529 3.36072e-05 -0.000124387 -0.0162295 -0.0123158
internal_weight=5512 5417 5356 5306 61 95
internal_count=5512 5417 5356 5306 61 95
is_linear=0
shrinkage=0.03


Tree=68
num_leaves=12
num_cat=0
split_feature=100 16 72 51 89 84 0 64 141 8 142
split_gain=15.007 13.3621 12.8066 15.5201 13.8063 16.4274 15.0767 12.356 16.9122 16.8361 4.50529
threshold=0.52032436828777906 -10.15694548979552 8.1769235521155199 285.00000000000006 2685.0000000000005 1.1138828853982528 0.34881790647666694 0.68288850624192865 1788.5000000000002 -4.320322966237133 4.1418201119854281
decision_type=2 2 2 2 2 2 2 2 2 2 2
left_child=2 -2 4 -4 5 -1 -6 8 -3 -9 -5
right_child=1 7 3 10 6 -7 -8 9 -10 -11 -12
leaf_value=-0.008010652798554483 -0.010050397328471652 -0.0047310533927719051 -0.00065597593364137834 0.059166657958116466 0.0039995992214059608 0.0084313571900285246 0.037321665046240619 0.028361387591123711 0.0085267628506359178 0.0002436282047115651 0.071388565298567935
leaf_weight=373 53 2220 38 35 799 392 79 92 382 1018 31
leaf_count=373 53 2220 38 35 799 392 79 92 382 1018 31
internal_value=-0.000391872 -0.00145817 0.00190612 0.0121154 0.00125989 -0.00168627 0.00382688 -0.00124461 -0.0023751 0.00140541 0.0209091
internal_weight=5512 3765 1747 104 1643 765 878 3712 2602 1110 66
internal_count=5512 3765 1747 104 1643 765 878 3712 2602 1110 66
is_linear=0
shrinkage=0.03


Tree=69
num_leaves=10
num_cat=0
split_feature=36 75 89 97 13 25 101 150 12
split_gain=15.3269 16.1545 13.7911 20.783 16.8128 12.5952 15.5534 11.4831 5.63166
threshold=391.70833333333337 0.41909334730406539 3165.0000000000005 8.9069579749988144 6.1450263730104906 -1.3868416998397293 0.97235203566307959 0.85275406029197298 2.8978186553812209
decision_type=2 2 2 2 2 2 2 2 2
left_child=1 5 4 -4 -3 7 -7 -1 -2
right_child=8 2 3 -5 -6 6 -8 -9 -10
leaf_value=0.014872402282621143 -0.011186508816971965 -0.0020276719480671543 0.0032642423868326585 -0.009580007781495245 -0.013209759507477424 0.02036012726622877 -0.0047170679165174602 -0.0040609444206243855 -0.0056741850443671315
leaf_weight=250 36 2310 2053 237 211 115 179 62 59
leaf_count=250 36 2310 2053 237 211 115 179 62 59
internal_value=-0.000370102 -0.000160606 -0.000742049 0.000943231 -0.00227291 0.00445545 0 0.00865385 -0.0123158
internal_weight=5512 5417 4811 2290 2521 606 294 312 95
internal_count=5512 5417 4811 2290 2521 606 294 312 95
is_linear=0
shrinkage=0.03


Tree=70
num_leaves=7
num_cat=0
split_feature=36 83 78 53 21 12
split_gain=15.4669 16.0249 14.1259 14.3027 8.91315 5.63166
threshold=391.70833333333337 8.2672896524666797 0.97530487804878063 0.2305110019298216 2.714213090579142 2.8978186553812209
decision_type=2 2 2 2 2 2
left_child=1 2 3 -1 -4 -2
right_child=5 -3 4 -5 -6 -7
leaf_value=-0.0026793384154011235 -0.010850913552462808 0.11242007156693343 0.021729210449155038 0.0010368833901433117 0.0081845520774407338 -0.0055039594930361172
leaf_weight=2377 36 50 51 2776 163 59
leaf_count=2377 36 50 51 2776 163 59
internal_value=-0.000315675 -0.000105224 -0.000262717 -0.000576363 0.00728972 -0.0123158
internal_weight=5512 5417 5367 5153 214 95
internal_count=5512 5417 5367 5153 214 95
is_linear=0
shrinkage=0.03


Tree=71
num_leaves=9
num_cat=0
split_feature=25 53 60 60 52 63 124 56
split_gain=14.978 15.2713 21.2566 20.4167 17.7696 17.6417 19.8267 12.2283
threshold=-11.330206311088036 0.24731760431781044 13.575693217627125 17.674149897310365 13350.000000000002 0.24357284113381678 0.74828256455807984 0.055343800439799917
decision_type=2 2 2 2 2 2 2 2
left_child=-1 5 4 -4 -3 7 -7 -2
right_child=1 2 3 -5 -6 6 -8 -9
leaf_value=-0.0090454103482005173 -0.0059841263951264439 0.0023712021480715071 -0.018821717734762121 -0.00076554539799926881 0.067016928250567376 -0.0051503396545432515 0.0010616280583700143 0.018398769837347142
leaf_weight=44 40 2673 48 60 35 1520 948 144
leaf_count=44 40 2673 48 60 35 1520 948 144
internal_value=-0.000293904 -0.000153621 0.00138494 -0.0116667 0.00190547 -0.00178733 -0.00245543 0.00717391
internal_weight=5512 5468 2816 108 2708 2652 2468 184
internal_count=5512 5468 2816 108 2708 2652 2468 184
is_linear=0
shrinkage=0.03


Tree=72
num_leaves=10
num_cat=0
split_feature=16 106 86 3 108 89 49 53 104
split_gain=14.983 16.4482 20.4533 18.1853 16.833 16.2767 17.274 13.8409 6.79596
threshold=-10.15694548979552 0.14742643685031789 48663.500000000007 0.95680546375589526 0.15373606728628372 2605.5000000000005 16200.000000000002 0.0051505711479158884 1.0202272620823956
decision_type=2 2 2 2 2 2 2 2 2
left_child=8 2 4 -4 -2 7 -7 -3 -1
right_child=1 5 3 -5 -6 6 -8 -9 -10
leaf_value=-0.012250631689428847 0.0012483016180168882 -0.011520825471825136 0.0072288725006069829 -0.0081845214976003864 0.014929234120170195 -0.0058366987836199116 0.0027290542248613234 -0.0043972321665196644 -0.0090632176597966081
leaf_weight=36 709 56 158 332 610 511 1499 1571 30
leaf_count=36 709 56 158 332 610 511 1499 1571 30
internal_value=-0.000337446 -0.000165259 0.00217247 -0.00306122 0.00411676 -0.00132802 0.000477612 -0.0035587 -0.0145455
internal_weight=5512 5446 1809 490 1319 3637 2010 1627 66
internal_count=5512 5446 1809 490 1319 3637 2010 1627 66
is_linear=0
shrinkage=0.03


Tree=73
num_leaves=7
num_cat=0
split_feature=36 83 75 51 137 12
split_gain=15.5512 15.962 14.1764 14.7792 13.2173 5.63166
threshold=391.70833333333337 8.2672896524666797 0.41909334730406539 195.00000000000003 3141.5000000000005 2.8978186553812209
decision_type=2 2 2 2 2 2
left_child=1 2 3 -1 -4 -2
right_child=5 -3 4 -5 -6 -7
leaf_value=-0.0026922154658873204 -0.010658750225731387 0.10891410534008296 -0.0030387887063915804 0.0095306947509583417 0.0012035434698857849 -0.0046999594471161523
leaf_weight=150 36 50 2696 444 2077 59
leaf_count=150 36 50 2696 444 2077 59
internal_value=-0.000283019 -7.19956e-05 -0.000229178 0.00414141 -0.000773099 -0.0123158
internal_weight=5512 5417 5367 594 4773 95
internal_count=5512 5417 5367 594 4773 95
is_linear=0
shrinkage=0.03


Tree=74
num_leaves=6
num_cat=0
split_feature=36 83 16 53 12
split_gain=15.4108 16.067 15.6679 14.3794 5.63166
threshold=391.70833333333337 8.2672896524666797 -10.87748997780259 0.24731760431781044 2.8978186553812209
decision_type=2 2 2 2 2
left_child=1 2 -1 -4 -2
right_child=4 -3 3 -5 -6
leaf_value=-0.011182427548003002 -0.010338987718959445 0.10564668217988046 -0.0015939316786159623 0.0021632322378678246 -0.0045589606637026683
leaf_weight=39 36 50 2593 2735 59
leaf_count=39 36 50 2593 2735 59
internal_value=-0.000337446 -0.000127377 -0.000285075 -0.000146396 -0.0123158
internal_weight=5512 5417 5367 5328 95
internal_count=5512 5417 5367 5328 95
is_linear=0
shrinkage=0.03


Tree=75
num_leaves=7
num_cat=0
split_feature=36 16 106 83 117 12
split_gain=15.4108 15.9287 15.2933 18.6012 16.8967 5.63166
threshold=391.70833333333337 -10.87748997780259 0.14742643685031789 5.7847605780027189 6.5000000000000009 2.8978186553812209
decision_type=2 2 2 2 2 2
left_child=1 -1 3 -3 -4 -2
right_child=5 2 4 -5 -6 -7
leaf_value=-0.010846954721562911 -0.010028818087390661 0.0031516545230914164 -0.0036876380771267026 0.10665742207206509 0.0020889430546983953 -0.0044221918437915876
leaf_weight=39 36 1744 2153 56 1425 59
leaf_count=39 36 1744 2153 56 1425 59
internal_value=-0.000337446 -0.000127377 1.11566e-05 0.00226667 -0.00112353 -0.0123158
internal_weight=5512 5417 5378 1800 3578 95
internal_count=5512 5417 5378 1800 3578 95
is_linear=0
shrinkage=0.03


Tree=76
num_leaves=8
num_cat=0
split_feature=25 55 103 0 77 34 90
split_gain=14.9033 14.8603 15.3952 17.5495 12.1909 8.61029 8.8592
threshold=-11.330206311088036 1.4596099994273783 0.67517324419906422 -0.14546173535840953 54.500000000000007 1.5000000000000002 1.4945267760174341
decision_type=2 2 2 2 2 2 2
left_child=-1 2 4 -4 -2 6 -3
right_child=1 5 3 -5 -6 -7 -8
leaf_value=-0.0084488777776421404 -0.0033659656080076883 -0.012736890438166951 -0.0070152170982626392 0.0021128500830708595 -0.0094592072497224223 0.00087833320301336385 -0.015995395071239361
leaf_weight=44 1291 32 215 3820 36 35 39
leaf_count=44 1291 32 215 3820 36 35 39
internal_value=-0.000337446 -0.000197513 2.23797e-05 0.000944238 -0.00278071 -0.0113208 -0.0173239
internal_weight=5512 5468 5362 4035 1327 106 71
internal_count=5512 5468 5362 4035 1327 106 71
is_linear=0
shrinkage=0.03


Tree=77
num_leaves=7
num_cat=0
split_feature=25 55 0 78 34 94
split_gain=14.9593 14.9484 14.7465 14.5103 8.61029 10.2475
threshold=-11.330206311088036 1.4596099994273783 -0.21097591208384658 0.97530487804878063 1.5000000000000002 1.9725575931776136
decision_type=2 2 2 2 2 2
left_child=-1 2 -2 -4 5 -3
right_child=1 4 3 -5 -6 -7
leaf_value=-0.0081954114443128761 -0.0089007198624692016 -0.011952803335405568 -0.0001201512150340811 0.014021041252130544 0.00085198320692296374 -0.016178330326813706
leaf_weight=44 43 30 5105 214 35 41
leaf_count=44 43 30 5105 214 35 41
internal_value=-0.00030479 -0.000164594 5.59493e-05 0.000197406 -0.0113208 -0.0173239
internal_weight=5512 5468 5362 5319 106 71
internal_count=5512 5468 5362 5319 106 71
is_linear=0
shrinkage=0.03


Tree=78
num_leaves=8
num_cat=0
split_feature=36 55 83 138 1 42 12
split_gain=15.4949 13.9143 15.2438 16.5253 14.0672 7.42184 5.63166
threshold=391.70833333333337 1.4596099994273783 5.3044706904835115 462.00000000000006 98.895986668518276 0.58280372854877183 2.8978186553812209
decision_type=2 2 2 2 2 2 2
left_child=1 2 4 -4 -1 -3 -2
right_child=6 5 3 -5 -6 -7 -8
leaf_value=-0.00064009637629633962 -0.009597092650883916 -0.0089854823801206029 0.15069685811543004 0.01111151174826037 0.01181200113206831 -0.014686229216108179 -0.0037901974118191898
leaf_weight=4898 36 57 46 219 150 47 59
leaf_count=4898 36 57 46 219 150 47 59
internal_value=-0.00030479 -9.41481e-05 0.000118577 0.00713208 -0.000249604 -0.0109615 -0.0123158
internal_weight=5512 5417 5313 265 5048 104 95
internal_count=5512 5417 5313 265 5048 104 95
is_linear=0
shrinkage=0.03


Tree=79
num_leaves=9
num_cat=0
split_feature=25 136 59 108 106 3 62 27
split_gain=14.9219 14.3479 16.2255 15.7175 17.6521 14.2098 14.0749 13.627
threshold=-11.330206311088036 361.50000000000006 7.4301641271731222 0.09563868668706782 0.32238797193054197 1.6778107841061909 0.69428104575163407 1.9091866782147076
decision_type=2 2 2 2 2 2 2 2
left_child=-1 2 6 7 -5 -4 -2 -3
right_child=1 3 5 4 -6 -7 -8 -9
leaf_value=-0.0079303462096945998 -0.00048110305986926892 -0.014299396767659275 0.0068947086293178177 0.01118902844760717 -0.0079986079547058834 0.099500300784076082 0.017115196601136883 0.0071429755212422952
leaf_weight=44 4373 158 195 219 155 33 285 50
leaf_count=44 4373 158 195 219 155 33 285 50
internal_value=-0.00032656 -0.00018654 0.00034384 -0.00463918 -0.000962567 0.00815789 -3.86432e-05 -0.01125
internal_weight=5512 5468 4886 582 374 228 4658 208
internal_count=5512 5468 4886 582 374 228 4658 208
is_linear=0
shrinkage=0.03


Tree=80
num_leaves=12
num_cat=0
split_feature=103 0 55 75 77 76 66 11 64 42 53
split_gain=13.9464 15.5555 14.0005 13.2688 13.1434 11.6366 10.4355 8.60207 11.4421 8.23099 7.10623
threshold=0.67517324419906422 -0.14546173535840953 1.4596099994273783 0.41909334730406539 56.500000000000007 0.15224589691909016 1.6731634182908548 5.713309345169912 0.48855311355311359 0.58280372854877183 0.49153632950726706
decision_type=2 2 2 2 2 2 2 2 2 2 2
left_child=4 7 3 -3 5 -1 -7 10 -9 -4 -2
right_child=1 2 9 -5 -6 6 -8 8 -10 -11 -12
leaf_value=0.044822020226420033 -0.01211692006159637 0.010442495542384342 -0.0037086749595803014 0.00075776503234940666 -0.0095684275682336208 -0.0027843057714414749 -0.011489728126006135 -0.0093267069336170176 0.00797108362147287 -0.013950145408664598 -0.0010601779829738588
leaf_weight=35 107 465 43 3379 31 1148 150 35 38 40 41
leaf_count=35 107 465 43 3379 31 1148 150 35 38 40 41
internal_value=-0.000315675 0.000549662 0.000985485 0.0012487 -0.00294721 -0.00249812 -0.0029584 -0.00719457 0.00123288 -0.0112048 -0.0113514
internal_weight=5512 4148 3927 3844 1364 1333 1298 221 73 83 148
internal_count=5512 4148 3927 3844 1364 1333 1298 221 73 83 148
is_linear=0
shrinkage=0.03


Tree=81
num_leaves=6
num_cat=0
split_feature=25 0 53 27 53
split_gain=14.866 14.2837 13.9051 21.0691 15.8821
threshold=-11.330206311088036 -0.21097591208384658 0.28973656853556035 2.6201463495875514 0.39030854656121283
decision_type=2 2 2 2 2
left_child=-1 -2 3 -3 -4
right_child=1 2 4 -5 -6
leaf_value=-0.0076620377123173804 -0.0082314211660405728 -0.0027544018027471739 0.011981881722704328 0.019254537280108001 5.8040294045893503e-05
leaf_weight=44 43 2716 691 203 1815
leaf_count=44 43 2716 691 203 1815
internal_value=-0.000359216 -0.000219459 -8.29493e-05 -0.00149024 0.00155626
internal_weight=5512 5468 5425 2919 2506
internal_count=5512 5468 5425 2919 2506
is_linear=0
shrinkage=0.03


Tree=82
num_leaves=12
num_cat=0
split_feature=106 150 83 28 27 31 50 36 24 98 67
split_gain=14.25 26.4127 21.7841 19.7258 14.8679 14.1704 20.8032 19.7324 12.3527 10.3947 7.25542
threshold=0.093308786502407592 0.88484893815761789 5.7847605780027189 1.7900527735525413 0.13636719202954689 1.0000000180025095e-35 210.00000000000003 41.424999999999962 -2.2991595507619134 0.28072137008410247 1.2751146788990828
decision_type=2 2 2 2 2 2 2 2 2 2 2
left_child=1 2 3 -1 10 6 -6 -7 9 -3 -2
right_child=4 8 -4 -5 5 7 -8 -9 -10 -11 -12
leaf_value=0.0099916532571484497 -0.010164724530985823 -0.0023668131039116802 0.11284698380620989 -0.0040356602174257345 -0.013303328966456604 0.031096781767096817 -0.0022680536560642033 0.00030512251814451271 0.0008305070992775176 -0.017936385586022074 -0.017884991117133597
leaf_weight=918 41 33 51 238 112 155 2374 1466 45 49 30
leaf_count=918 41 33 51 238 112 155 2374 1466 45 49 30
internal_value=-0.000315675 0.00238381 0.00375311 0.00290657 -0.0011776 -0.000942294 -0.00236525 0.00123998 -0.0106299 -0.017561 -0.0147887
internal_weight=5512 1334 1207 1156 4178 4107 2486 1621 127 82 71
internal_count=5512 1334 1207 1156 4178 4107 2486 1621 127 82 71
is_linear=0
shrinkage=0.03


Tree=83
num_leaves=7
num_cat=0
split_feature=36 16 145 53 4 141
split_gain=15.3828 15.9103 14.2158 21.099 16.5096 5.76962
threshold=391.70833333333337 -10.87748997780259 4.1582862172555055 0.79013047092739264 32.260834188561411 420.50000000000006
decision_type=2 2 2 2 2 2
left_child=1 -1 4 -4 -3 -2
right_child=5 2 3 -5 -6 -7
leaf_value=-0.0094899343355966826 -0.010106144226765122 -0.0044132111507313642 0.000421702833623917 0.017533019687589132 0.0014940710224271947 -0.0034552083595466294
leaf_weight=39 47 1782 1556 399 1641 48
leaf_count=39 47 1782 1556 399 1641 48
internal_value=-0.000348331 -0.000138453 0 0.00204092 -0.00116564 -0.0123158
internal_weight=5512 5417 5378 1955 3423 95
internal_count=5512 5417 5378 1955 3423 95
is_linear=0
shrinkage=0.03


Tree=84
num_leaves=8
num_cat=0
split_feature=36 16 64 59 12 104 141
split_gain=15.4388 17.7979 14.2641 19.4001 15.5083 6.86367 5.76962
threshold=391.70833333333337 -10.15694548979552 0.68288850624192865 6.29888052162066 3.1095002819099253 0.94168740709637599 420.50000000000006
decision_type=2 2 2 2 2 2 2
left_child=1 5 4 -4 -3 -1 -2
right_child=6 2 3 -5 -6 -7 -8
leaf_value=-0.011355434524478887 -0.0098029598999621673 0.00053575841389502665 0.0017702042580184474 0.043980718497695567 -0.0042717521869635412 -0.0072077133009090175 -0.0033515521087602307
leaf_weight=31 47 2169 1493 144 1550 30 48
leaf_count=31 47 2169 1493 144 1550 30 48
internal_value=-0.00032656 -0.000116301 6.72143e-05 0.00240073 -0.000959935 -0.0162295 -0.0123158
internal_weight=5512 5417 5356 1637 3719 61 95
internal_count=5512 5417 5356 1637 3719 61 95
is_linear=0
shrinkage=0.03


Tree=85
num_leaves=15
num_cat=0
split_feature=84 70 1 70 50 85 85 98 55 18 157 108 53 94
split_gain=13.322 26.9206 17.0301 15.0204 14.4747 16.1472 16.2634 15.3104 14.6804 14.51 14.2979 14.1443 11.8471 8.42177
threshold=0.97756203268407404 2.3271151945881559 60.47076794889599 2.8736999615007082 330.00000000000006 3.2205736529524267 2.9867705270470113 2.3182187598454314 1.4596099994273783 -3.2781076328603076 0.10555555555555557 0.57222801989219041 0.1013922004140597 2.3263461265996233
decision_type=2 2 2 2 2 2 2 2 2 2 2 2 2 2
left_child=1 2 -1 12 5 6 -2 -7 9 -6 -4 -5 -3 -10
right_child=4 3 10 11 8 7 -8 -9 13 -11 -12 -13 -14 -15
leaf_value=-0.010927091790099121 -0.0045622050013014925 -0.012008769144117233 0.027821992056860718 -0.0040550508871088848 0.018367696428169121 -0.019093855079558741 0.022207082115349851 0.014337283860056407 -0.0082140830085060089 0.0017170981302778942 0.004709686184770745 0.008517227602858007 -0.0069241992445547495 -0.015611878042800294
leaf_weight=31 358 87 73 1118 300 137 48 32 32 2347 509 102 308 30
leaf_count=31 358 87 73 1118 300 137 48 32 32 2347 509 102 308 30
internal_value=-0.000283019 -0.00207361 0.00327896 -0.00410526 0.00093179 -0.0033913 -0.000147783 -0.0111834 0.00184939 0.00218738 0.00443299 -0.00245902 -0.00918987 -0.0125806
internal_weight=5512 2228 613 1615 3284 575 406 169 2709 2647 582 1220 395 62
internal_count=5512 2228 613 1615 3284 575 406 169 2709 2647 582 1220 395 62
is_linear=0
shrinkage=0.03


Tree=86
num_leaves=7
num_cat=0
split_feature=36 16 145 150 113 141
split_gain=15.3828 15.9103 13.3735 29.8085 16.5441 5.76962
threshold=391.70833333333337 -10.87748997780259 4.1582862172555055 0.85894006283750246 3.7146633874856239 420.50000000000006
decision_type=2 2 2 2 2 2
left_child=1 -1 4 -4 -3 -2
right_child=5 2 3 -5 -6 -7
leaf_value=-0.0087429217431811476 -0.0095603840468716384 -0.00070154281918934525 0.0096630662630525794 -0.0039373030643366372 -0.014224489137280256 -0.0031293540188841568
leaf_weight=39 47 3290 1375 580 133 48
leaf_count=39 47 3290 1375 580 133 48
internal_value=-0.000348331 -0.000138453 0 0.00197954 -0.00113059 -0.0123158
internal_weight=5512 5417 5378 1955 3423 95
internal_count=5512 5417 5378 1955 3423 95
is_linear=0
shrinkage=0.03


Tree=87
num_leaves=15
num_cat=0
split_feature=84 70 50 55 59 148 99 100 108 69 141 73 94 75
split_gain=13.476 24.9964 14.231 14.5904 14.3365 13.7664 13.6295 13.6004 12.4749 17.3578 12.2788 10.305 8.42177 8.3034
threshold=0.97756203268407404 2.1827884936782787 330.00000000000006 1.4596099994273783 2.8620129876208127 59.500000000000007 0.77703075752597972 0.50604490779515177 0.53967806978831534 2.4146407200140554 1985.5000000000002 0.05594679186228483 2.3263461265996233 0.51667526473855296
decision_type=2 2 2 2 2 2 2 2 2 2 2 2 2 2
left_child=1 5 4 7 6 10 -2 -4 11 -10 -1 -3 -5 -6
right_child=2 8 3 12 13 -7 -8 -9 9 -11 -12 -13 -14 -15
leaf_value=0.004635733751253499 -0.0045761415459946476 -0.0096449449016248901 0.011838686584107579 -0.0078259935498152713 -0.012990402722133828 -0.011645715959142648 0.018864307448016281 0.00057470394661043639 0.019810707489536346 -0.0018131675688645109 0.02730207530635121 -0.0037897216007449514 -0.015122475416940602 -0.019339580882530731
leaf_weight=363 375 329 909 32 77 37 59 1738 57 117 95 1230 30 64
leaf_count=363 375 329 909 32 77 37 59 1738 57 117 95 1230 30 64
internal_value=-0.00032656 -0.00212747 0.00089525 0.00180509 -0.0033913 0.00381818 -0.000691244 0.00214205 -0.00382574 0.0037931 0.00524017 -0.00467607 -0.0125806 -0.0117021
internal_weight=5512 2228 3284 2709 575 495 434 2647 1733 174 458 1559 62 141
internal_count=5512 2228 3284 2709 575 495 434 2647 1733 174 458 1559 62 141
is_linear=0
shrinkage=0.03


Tree=88
num_leaves=13
num_cat=0
split_feature=84 70 24 90 83 107 61 148 85 62 8 141
split_gain=13.1522 23.9876 14.2001 17.3121 19.9193 17.0909 14.0821 13.4568 11.9514 10.2583 11.5372 10.1261
threshold=0.97756203268407404 2.1827884936782787 -0.37932992891483025 0.27992593777184649 8.2672896524666797 0.069953614621225291 0.97436942813655147 59.500000000000007 3.7520447385171782 0.69428104575163407 1.1071369141870238 811.00000000000011
decision_type=2 2 2 2 2 2 2 2 2 2 2 2
left_child=1 6 3 5 -5 -2 7 -1 11 10 -3 -4
right_child=2 9 8 4 -6 -7 -8 -9 -10 -11 -12 -13
leaf_value=0.0049886550203793066 -0.013577107894564146 -0.0042302068267305211 -0.011725711921572445 0.0027723415094722289 0.11094477188727438 -2.1499766644116346e-05 0.028593921103212652 -0.013174185637110935 -0.020405597683128281 0.024054998680960088 -0.012989707523393767 0.0065354211898795596
leaf_weight=405 112 1596 155 2559 42 214 58 32 51 50 87 151
leaf_count=405 112 1596 155 2559 42 214 58 32 51 50 87 151
internal_value=-0.000348331 -0.00212747 0.000858709 0.00154766 0.00236448 -0.00496933 0.00369697 0.00185355 -0.00478992 -0.00379111 -0.00418895 -0.00254902
internal_weight=5512 2228 3284 2927 2601 326 495 437 357 1733 1683 306
internal_count=5512 2228 3284 2927 2601 326 495 437 357 1733 1683 306
is_linear=0
shrinkage=0.03


Tree=89
num_leaves=6
num_cat=0
split_feature=36 16 83 34 104
split_gain=13.7755 15.8734 13.4776 11.735 6.4633
threshold=391.70833333333337 -10.87748997780259 8.9727616106228414 1.0000000180025095e-35 0.93075051646098983
decision_type=2 2 2 2 2
left_child=1 -1 3 -3 -2
right_child=4 2 -4 -5 -6
leaf_value=-0.008064379539035051 -0.0079687403156805635 -0.0023507899224758594 0.16795735216959717 0.0011399321324737255 -0.0013705201232946495
leaf_weight=39 59 2236 33 3109 36
leaf_count=39 59 2236 33 3109 36
internal_value=-0.000359216 -0.000160606 -2.23131e-05 -0.000140318 -0.0116842
internal_weight=5512 5417 5378 5345 95
internal_count=5512 5417 5378 5345 95
is_linear=0
shrinkage=0.03


Tree=90
num_leaves=15
num_cat=0
split_feature=84 70 108 15 3 26 72 59 60 105 55 141 108 153
split_gain=12.8406 24.0479 14.8788 16.8048 14.0292 14.0129 17.9467 21.292 17.5005 17.4766 17.37 13.5429 12.5792 10.6154
threshold=0.97756203268407404 2.3271151945881559 0.56146303828090516 -2.0093132085480057 1.9204764032146271 -3.3729715874771209 2.1440920243309676 3.327219127524824 4.2297082464920877 0.027069226663018257 0.59055628440646102 1788.5000000000002 0.24395040274168875 0.18333333333333338
decision_type=2 2 2 2 2 2 2 2 2 2 2 2 2 2
left_child=1 4 12 -4 11 8 7 -7 13 -8 -10 -1 -3 -2
right_child=5 2 3 -5 -6 6 9 -9 10 -11 -12 -13 -14 -15
leaf_value=-0.00077833180398481194 0.0045113339245970961 -0.0038727497005459762 -0.011888841997086929 0.009804538356209128 0.066310779742432491 -0.00044513338162612155 0.022510167842281419 0.018627329779900947 0.010414471158264368 -0.0043830092289107161 -0.016352160701322022 0.016389449098397339 -0.008954392204881147 0.06410622375867385
leaf_weight=442 32 1085 37 106 35 650 83 452 475 1455 83 136 387 54
leaf_count=442 32 1085 37 106 35 650 83 452 475 1455 83 136 387 54
internal_value=-0.000315675 -0.00207361 -0.00399381 0.00524476 0.00298532 0.000876979 -9.09091e-05 0.00283122 0.00484472 -0.00218466 0.00290323 0.00186851 -0.0048913 0.0174419
internal_weight=5512 2228 1615 143 613 3284 2640 1102 644 1538 558 578 1472 86
internal_count=5512 2228 1615 143 613 3284 2640 1102 644 1538 558 578 1472 86
is_linear=0
shrinkage=0.03


Tree=91
num_leaves=10
num_cat=0
split_feature=16 106 114 150 31 50 142 150 141
split_gain=13.0626 13.5417 30.9978 18.6979 15.3505 20.2726 17.7101 9.30025 6.56364
threshold=-10.15694548979552 0.093308786502407592 13.500000000000002 0.88928317732921802 1.0000000180025095e-35 210.00000000000003 1.6754819235758902 0.83612752170704707 297.50000000000006
decision_type=2 2 2 2 2 2 2 2 2
left_child=8 2 3 -2 5 -3 -6 -4 -1
right_child=1 4 7 -5 6 -7 -8 -9 -10
leaf_value=-0.0073092840128330177 0.0095484920866935157 -0.012572475528304788 -0.017929685635818038 -0.0096496001769562894 0.048308885926517206 -0.0021235727285291548 0.00059110942490602446 -0.00080061376971839128 -0.008243973612808023
leaf_weight=30 1122 112 61 99 49 2395 1577 31 36
leaf_count=30 1122 112 61 99 49 2395 1577 31 36
internal_value=-0.000370102 -0.000209328 0.00244478 0.00371007 -0.0010525 -0.00252493 0.00121771 -0.0143478 -0.0136364
internal_weight=5512 5446 1313 1221 4133 2507 1626 92 66
internal_count=5512 5446 1313 1221 4133 2507 1626 92 66
is_linear=0
shrinkage=0.03


Tree=92
num_leaves=8
num_cat=0
split_feature=16 36 106 146 78 12 141
split_gain=13.1055 14.1885 13.8228 17.5244 14.3087 7.26807 6.56364
threshold=-10.15694548979552 391.70833333333337 0.14742643685031789 27.499175737139492 0.97801932367149769 2.8978186553812209 297.50000000000006
decision_type=2 2 2 2 2 2 2
left_child=6 2 3 -2 -4 -3 -1
right_child=1 5 4 -5 -6 -7 -8
leaf_value=-0.0070900054924480267 -0.00012374400520849147 -0.0080445565290748408 -0.0015405752530055121 0.011147541215493729 0.014779400056892591 -0.0027159490924202395 -0.0079966544044237815
leaf_weight=30 1159 34 3426 630 141 56 36
leaf_count=30 1159 34 3426 630 141 56 36
internal_value=-0.000348331 -0.000187293 1.12024e-05 0.00216322 -0.00106812 -0.012 -0.0136364
internal_weight=5512 5446 5356 1789 3567 90 66
internal_count=5512 5446 5356 1789 3567 90 66
is_linear=0
shrinkage=0.03


Tree=93
num_leaves=14
num_cat=0
split_feature=72 142 149 137 145 150 113 145 103 100 109 139 19
split_gain=13.064 17.7457 16.2218 15.2285 18.8983 34.9903 15.511 13.3565 13.1116 12.2674 11.063 8.29809 7.99734
threshold=8.3352733274730308 4.6649209325449554 20.500000000000004 12538.000000000002 4.1582862172555055 0.85894006283750246 3.7146633874856239 1.704033815029161 1.1156852157497406 0.57646928957213028 0.25412897375300086 47.500000000000007 6.0175541335173977
decision_type=2 2 2 2 2 2 2 2 2 2 2 2 2
left_child=3 2 -2 4 6 -6 -1 -3 11 -4 -10 -5 -9
right_child=1 7 9 8 5 -7 -8 12 10 -11 -12 -13 -14
leaf_value=-0.0013119995019767578 -0.0098606459937737277 0.023874081319670653 0.058289341467978192 -0.014919946937299335 0.011072934019084501 -0.0044552115259530274 -0.013922794632948626 -0.01547432532440857 0.0086871134617166317 0.030751258650532135 -0.018875254952353468 -0.0022304980066764945 0.0025801480280666267
leaf_weight=3136 34 40 57 55 1247 482 132 61 54 92 47 38 37
leaf_count=3136 34 40 57 55 1247 482 132 61 54 92 47 38 37
internal_value=-0.000359216 0.00551402 0.0116393 -0.000722404 -0.000402241 0.00213418 -0.00174419 -0.0026087 -0.00896907 0.015906 -0.00148515 -0.0170968 -0.00857143
internal_weight=5512 321 183 5191 4997 1729 3268 138 194 149 101 93 98
internal_count=5512 321 183 5191 4997 1729 3268 138 194 149 101 93 98
is_linear=0
shrinkage=0.03


Tree=94
num_leaves=13
num_cat=0
split_feature=72 62 136 52 36 36 27 11 105 54 71 82
split_gain=13.1124 25.7838 14.2577 26.8838 23.5134 16.0666 16.0563 14.0515 13.9776 13.668 8.73792 7.72378
threshold=8.3352733274730308 0.54148390579661265 203.50000000000003 10050.000000000002 41.424999999999962 144.44166666666669 2.4228511164264801 4.2549141425455357 0.039602098484319455 0.75554628099535737 2.6978446698927292 4.0701970443349769
decision_type=2 2 2 2 2 2 2 2 2 2 2 2
left_child=2 7 3 9 6 -6 -4 -2 -9 -1 -3 -5
right_child=1 10 4 11 5 -7 -8 8 -10 -11 -12 -13
leaf_value=6.7064457854238416e-05 0.039736788602586233 0.012201622270528937 0.0065495988746999889 -0.0095886477025889198 -0.0071328576371595875 -0.0022642036213923644 0.10582492237623865 -0.015134615930962964 0.0015624844715728303 0.0077433959409858744 0.098821706527170358 -0.018244556008909462
leaf_weight=2360 56 30 95 39 574 1483 40 36 152 567 47 33
leaf_count=2360 56 30 95 39 574 1483 40 36 152 567 47 33
internal_value=-0.000370102 0.00551402 -0.000733963 0.000610203 -0.00257299 -0.00336898 0.00955556 0.000737705 -0.00319149 0.00105569 0.0206494 -0.0175
internal_weight=5512 321 5191 2999 2192 2057 135 244 188 2927 77 72
internal_count=5512 321 5191 2999 2192 2057 135 244 188 2927 77 72
is_linear=0
shrinkage=0.03


Tree=95
num_leaves=14
num_cat=0
split_feature=0 106 114 108 55 31 50 142 87 111 91 52 0
split_gain=13.1259 15.2199 28.5206 22.6065 14.5363 12.6208 19.6724 19.4683 11.8608 9.89161 9.7155 9.42976 9.27756
threshold=-0.13242895480562245 0.093308786502407592 13.500000000000002 0.15623264160647607 0.048696569279556075 1.0000000180025095e-35 210.00000000000003 1.6754819235758902 115.50000000000001 0.79396756970338345 1.3897269205368525 1650.0000000000002 -0.016708801766884208
decision_type=2 2 2 2 2 2 2 2 2 2 2 2 2
left_child=4 2 3 -2 11 6 -3 -7 9 -6 -10 -1 -4
right_child=1 5 12 -5 8 7 -8 -9 10 -11 -12 -13 -14
leaf_value=-0.0075889995856743865 0.00044979810446164279 -0.012619742279369132 -0.01865661112314591 0.015882201045728329 0.0047192732695156558 0.045892838298432333 -0.0018186147458528362 0.00051560495514869518 -0.0003234654757041422 -0.0084192738996119419 0.014513031667640111 -0.012141071685163119 -0.010035715137413675
leaf_weight=40 623 107 44 526 72 45 2189 1467 74 184 39 56 46
leaf_count=40 623 107 44 526 72 45 2189 1467 74 184 39 56 46
internal_value=-0.000402758 4.16089e-05 0.00292978 0.00420366 -0.00522581 -0.000898109 -0.00229965 0.00123016 -0.00252033 -0.00609375 0.00557522 -0.015625 -0.0133333
internal_weight=5512 5047 1239 1149 465 3808 2296 1512 369 256 113 96 90
internal_count=5512 5047 1239 1149 465 3808 2296 1512 369 256 113 96 90
is_linear=0
shrinkage=0.03


Tree=96
num_leaves=12
num_cat=0
split_feature=103 0 137 19 3 76 70 53 19 16 134
split_gain=13.2581 14.3162 12.7751 23.7774 16.7663 12.188 10.8556 11.2651 10.2616 10.7992 10.7575
threshold=0.67517324419906422 -0.14546173535840953 511.50000000000006 1.7250584016910069 2.0899473861350786 0.15224589691909016 11.232160167031433 0.2092916084637888 5.1732072751393545 -0.67855948176439884 2893.5000000000005
decision_type=2 2 2 2 2 2 2 2 2 2 2
left_child=5 8 3 -3 -4 -1 7 -7 10 -10 -2
right_child=1 2 4 -5 -6 6 -8 -9 9 -11 -12
leaf_value=0.043019084660432617 0.011447261038270328 -0.013034654432270931 0.0010514034919937277 -0.00020977207207575232 0.029541161223958841 -0.007230754348268989 -0.0065271898566207753 -0.00014799621140765384 0.0060981582191403337 -0.0080103567590430313 -0.0098350202631330829
leaf_weight=35 34 104 3081 492 250 581 32 716 39 31 117
leaf_count=35 34 104 3081 492 250 581 32 716 39 31 117
internal_value=-0.000337446 0.000506268 0.00092437 -0.00312081 0.00164815 -0.00290323 -0.00336343 -0.00293755 -0.00692308 0.00257143 -0.0113245
internal_weight=5512 4148 3927 596 3331 1364 1329 1297 221 70 151
internal_count=5512 4148 3927 596 3331 1364 1329 1297 221 70 151
is_linear=0
shrinkage=0.03


Tree=97
num_leaves=12
num_cat=0
split_feature=103 72 108 137 0 25 70 102 161 94 136
split_gain=12.8029 11.9833 14.6417 18.291 13.5681 11.9883 11.5487 10.9776 11.8421 10.919 9.32981
threshold=0.67517324419906422 0.9376533033947021 0.062394958815892444 3675.5000000000005 -0.14546173535840953 -0.2693287931175376 11.232160167031433 0.055442047629953702 0.41666666666666669 5.7527041438366702 410.50000000000006
decision_type=2 2 2 2 2 2 2 2 2 2 2
left_child=6 2 -2 -4 9 -6 7 10 -9 -3 -1
right_child=1 4 3 -5 5 -7 -8 8 -10 -11 -12
leaf_value=-0.0027100712486559661 0.056576217148846253 -0.0086241700148831923 0.055905362938163297 -0.011818925187902214 0.00020893051660620331 0.014204499041090108 -0.0063313741609221505 0.038071562604502132 -0.010527471159954423 0.0025084420196973978 -0.0080643931575238841
leaf_weight=1098 54 165 53 83 3620 134 32 38 38 39 158
leaf_count=1098 54 165 53 83 3620 134 32 38 38 39 158
internal_value=-0.000293904 0.000535198 0.00789474 0.00264706 0.00018191 0.000591369 -0.00281525 -0.00238739 0.00868421 -0.00735294 -0.00305732
internal_weight=5512 4148 190 136 3958 3754 1364 1332 76 204 1256
internal_count=5512 4148 190 136 3958 3754 1364 1332 76 204 1256
is_linear=0
shrinkage=0.03


Tree=98
num_leaves=8
num_cat=0
split_feature=36 16 145 93 121 60 39
split_gain=12.357 13.6745 12.0187 17.8525 7.78526 7.64273 4.47763
threshold=391.70833333333337 -10.15694548979552 12.156448456198417 5.2496341352771472 0.48688922839671278 1.8221799836659802 1.3059426099390201
decision_type=2 2 2 2 2 2 2
left_child=1 6 3 -3 -2 -4 -1
right_child=4 2 5 -5 -6 -7 -8
leaf_value=-0.0085660591364114923 -0.0081266581221097305 -0.00044166470761275331 -0.015445121697532772 0.0096181139756705177 -0.0013433586882135961 -0.0076356991581728864 -0.0051379761348206536
leaf_weight=31 50 4518 31 721 45 86 30
leaf_count=31 50 4518 31 721 45 86 30
internal_value=-0.00032656 -0.000138453 2.24048e-05 0.000234778 -0.0110526 -0.00948718 -0.0142623
internal_weight=5512 5417 5356 5239 95 117 61
internal_count=5512 5417 5356 5239 95 117 61
is_linear=0
shrinkage=0.03


Tree=99
num_leaves=12
num_cat=0
split_feature=136 108 142 106 0 54 61 0 59 19 106
split_gain=12.5873 15.8757 15.1964 16.0167 13.0896 12.1054 17.3333 11.9609 11.5266 9.99276 13.5958
threshold=361.50000000000006 0.094518848057808788 2.5759611893964229 0.3198026896520228 -0.21097591208384658 0.66306147529600579 0.80644577104006854 0.67507054842215908 1.6888925600626414 2.5581021219519124 0.1256286234975432
decision_type=2 2 2 2 2 2 2 2 2 2 2
left_child=4 9 3 -3 -1 7 -7 -6 -4 -2 -11
right_child=1 2 8 -5 5 6 -8 -9 -10 10 -12
leaf_value=-0.0067127946584055898 -0.014756079911616118 0.038923513461888659 -0.018780173506250868 -0.0055216890279623961 -0.00045178282685912616 0.00051940576595942199 0.013163318018839692 -0.015787311848488274 -0.0032106243115414801 -0.01424619104830236 -0.0022119738781770379
leaf_weight=38 58 80 34 40 3646 911 290 35 231 32 117
leaf_count=38 58 80 34 40 3646 911 290 35 231 32 117
internal_value=-0.00032656 -0.00445946 -0.000857143 0.008 0.000170732 0.000307251 0.00292256 -0.000546047 -0.00486792 -0.0111594 -0.00704698
internal_weight=5512 592 385 120 4920 4882 1201 3681 265 207 149
internal_count=5512 592 385 120 4920 4882 1201 3681 265 207 149
is_linear=0
shrinkage=0.03


Tree=100
num_leaves=14
num_cat=0
split_feature=75 25 65 55 27 10 41 84 39 150 141 70 91
split_gain=12.3376 13.0896 18.4734 18.4363 14.1661 12.6236 12.4898 11.7716 10.9432 11.3212 11.2369 9.90797 7.40753
threshold=0.41909334730406539 -1.026517298268758 7.4523809523809534 1.1942061157480428 2.6862847734590409 6.5116404450730085 2.1426301286089058 0.71927815928597527 1.1130053229962449 0.077774039265781594 753.50000000000011 3.3187632235357882 1.0187020969546123
decision_type=2 2 2 2 2 2 2 2 2 2 2 2 2
left_child=7 2 5 4 -3 -2 -4 12 10 -10 -9 -5 -1
right_child=1 3 6 11 -6 -7 -8 8 9 -11 -12 -13 -14
leaf_value=0.0028257975599591859 -0.0011430859050875742 0.0018305662555658502 -0.013377408986950062 -0.013997455834366212 0.023735280475636698 -0.0098761916900186302 -1.2598880198261274e-06 0.0089237161050302952 0.019250117097481197 0.00078753550800743084 0.055767337536874656 0.00088826128459665917 -0.014391613259057913
leaf_weight=30 3001 1336 64 62 108 255 34 66 74 378 38 34 32
leaf_count=30 3001 1336 64 62 108 255 34 66 74 378 38 34 32
internal_value=-0.00030479 -0.000809154 -0.00186047 0.00148052 0.00232687 -0.0014742 -0.0146939 0.00368932 0.00507194 0.0030531 0.0138462 -0.01125 -0.00870968
internal_weight=5512 4894 3354 1540 1444 3256 98 618 556 452 104 96 62
internal_count=5512 4894 3354 1540 1444 3256 98 618 556 452 104 96 62
is_linear=0
shrinkage=0.03


Tree=101
num_leaves=7
num_cat=0
split_feature=36 83 16 53 141 39
split_gain=12.4072 13.6099 11.6655 11.8791 5.74888 3.47499
threshold=391.70833333333337 8.9727616106228414 -10.15694548979552 0.20876532839359022 420.50000000000006 1.3059426099390201
decision_type=2 2 2 2 2 2
left_child=1 2 5 -4 -2 -1
right_child=4 -3 3 -5 -6 -7
leaf_value=-0.008162610510233953 -0.0083425032849871374 0.15793006264496831 -0.0017812849144665465 0.00136908152444143 -0.0016140609961649672 -0.0048229665699021634
leaf_weight=31 47 33 2295 3028 48 30
leaf_count=31 47 33 2295 3028 48 30
internal_value=-0.00030479 -0.000116301 -0.000234027 -8.45388e-05 -0.0110526 -0.0132787
internal_weight=5512 5417 5384 5323 95 61
internal_count=5512 5417 5384 5323 95 61
is_linear=0
shrinkage=0.03


Tree=102
num_leaves=15
num_cat=0
split_feature=103 56 70 97 14 64 60 53 65 66 68 155 137 98
split_gain=11.6071 13.2275 17.2984 16.7963 14.6469 14.3567 14.2842 10.3047 15.7083 14.3023 12.5418 10.9339 10.6961 7.32146
threshold=0.67517324419906422 0.2098565197604384 1.5367273480448378 0.24482838704459062 2.4153226729225445 0.68288850624192865 12.544037869586989 0.2092916084637888 0.57350064350064367 0.29821371610845299 1.2392052980132453 1.0000000180025095e-35 2638.5000000000005 0.94574535326460474
decision_type=2 2 2 2 2 2 2 2 2 2 2 2 2 2
left_child=7 2 13 4 -3 -4 -5 8 10 -9 -1 -10 -11 -2
right_child=1 3 5 6 -6 -7 -8 9 11 12 -12 -13 -14 -15
leaf_value=-0.010238849246636384 -0.022455749731818291 0.0099629621193134035 -0.0038183185769749576 0.0045778275109539185 -0.011364910641954884 0.0064630741456580439 -0.013171435438949931 -0.0080583773203975577 0.0064862730011164098 -0.003052827951264948 0.024528522285113277 -0.0081279621331983177 0.005109593639393499 -0.0076741799688327672
leaf_weight=32 36 35 1194 2121 69 561 85 34 44 362 46 484 362 47
leaf_count=32 36 35 1194 2121 69 561 85 34 44 362 46 484 362 47
internal_value=-0.00032656 0.000462874 -0.00143634 0.00197403 -0.00980769 -0.000803419 0.00252947 -0.00272727 -0.00564356 -0.000395778 0.00692308 -0.0075 0.000497238 -0.0148193
internal_weight=5512 4148 1838 2310 104 1755 2206 1364 606 758 78 528 724 83
internal_count=5512 4148 1838 2310 104 1755 2206 1364 606 758 78 528 724 83
is_linear=0
shrinkage=0.03


Tree=103
num_leaves=15
num_cat=0
split_feature=53 25 18 95 49 55 53 11 149 60 109 55 148 85
split_gain=11.1382 17.7303 23.1028 27.1354 16.8098 27.0908 16.4487 18.6808 18.1053 21.9606 16.258 15.4956 14.4643 5.81538
threshold=0.28973656853556035 -0.35026769136965824 1.4925128557826597 1.8621851932976268 99000.000000000015 0.76686314742211847 0.39030854656121283 2.6422401850165875 43.500000000000007 13.575693217627125 0.10838662906107317 0.12346355373003243 3.5000000000000004 2.7009633602926928
decision_type=2 2 2 2 2 2 2 2 2 2 2 2 2 2
left_child=1 4 3 -3 10 -6 7 -2 9 -8 -1 -9 -10 -4
right_child=6 2 13 -5 5 -7 8 11 12 -11 -12 -13 -14 -15
leaf_value=0.00013021217358682224 -0.012369700715615042 0.011798524504248656 0.0089579236252629695 -0.015122498713925639 0.0068218375851370654 -0.013539835813982964 0.0011750793532676557 -1.2658095878310682e-05 -0.0046200815776310357 -0.015637624423495301 -0.0061092603805590591 0.020017495091715205 -0.012460871569527176 0.084727367751201682
leaf_weight=769 49 91 30 47 501 46 1670 226 80 47 1442 426 53 35
leaf_count=769 49 91 30 47 501 46 1670 226 80 47 1442 426 53 35
internal_value=-0.000359216 -0.00161094 0.00694581 0 -0.00224075 0.00246801 0.00109369 0.00500713 -0.000389189 0.000436808 -0.0034057 0.00634969 -0.0110526 0.0216923
internal_weight=5512 2961 203 138 2758 547 2551 701 1850 1717 2211 652 133 65
internal_count=5512 2961 203 138 2758 547 2551 701 1850 1717 2211 652 133 65
is_linear=0
shrinkage=0.03


Tree=104
num_leaves=12
num_cat=0
split_feature=136 108 106 17 0 106 1 24 1 54 27
split_gain=11.9976 14.5318 14.2212 23.2247 12.9263 11.8418 11.5313 17.4446 14.2906 11.0939 11.5322
threshold=361.50000000000006 0.094518848057808788 0.32238797193054197 3.2187991718454056 -0.21097591208384658 0.53995751263016256 98.784890987362886 -0.46773164803007716 97.521177614220264 0.058258506820064573 1.9091866782147076
decision_type=2 2 2 2 2 2 2 2 2 2 2
left_child=4 9 3 -3 -1 -4 8 -8 -6 -2 -11
right_child=1 2 5 -5 6 -7 7 -9 -10 10 -12
leaf_value=-0.0062317189827486219 0.0094001480200463609 -0.00013067521254921165 -0.011998609694146593 0.087288994841237588 0.00020876532080657206 -0.0019046749522076444 0.018406743644168454 -0.015982529564538207 -0.009059423757405826 -0.013343076906992794 0.0033676296157955604
leaf_weight=38 30 185 55 38 4538 107 140 33 171 135 42
leaf_count=38 30 185 55 38 4538 107 140 33 171 135 42
internal_value=-0.000424528 -0.00445946 -0.00101299 0.00390135 6.09756e-05 -0.00777778 0.000196641 0.00780347 -8.28201e-05 -0.0108696 -0.0137288
internal_weight=5512 592 385 223 4920 162 4882 173 4709 207 177
internal_count=5512 592 385 223 4920 162 4882 173 4709 207 177
is_linear=0
shrinkage=0.03


Tree=105
num_leaves=12
num_cat=0
split_feature=103 0 106 11 97 77 93 93 62 111 3
split_gain=12.265 13.8189 11.6984 24.8101 15.6287 10.6947 10.7467 17.064 9.78261 8.64876 7.56219
threshold=0.67517324419906422 -0.14546173535840953 0.093308786502407592 10.580736381354644 0.24482838704459062 56.500000000000007 7.5680727719801721 5.3906273089247492 0.38501602564102572 0.68669165268127108 0.90903116381178239
decision_type=2 2 2 2 2 2 2 2 2 2 2
left_child=5 9 3 -3 -4 6 7 -1 -8 -2 -11
right_child=1 2 4 -5 -6 -7 8 -9 -10 10 -12
leaf_value=-0.0036299494945477612 0.0068878310600746012 0.01047247661902029 -0.0092829872594194854 -0.016685599324853046 0.00026660784805131508 -0.0076471335033798443 -0.00045991339554726887 0.019697628335354513 -0.013246044480133426 -0.0099091546806880232 -0.0042759883489492242
leaf_weight=1130 32 895 138 60 2834 31 46 111 46 67 122
leaf_count=1130 32 895 138 60 2834 31 46 111 46 67 122
internal_value=-0.000435414 0.000376085 0.00078686 0.00367539 -0.000141319 -0.00290323 -0.00249812 -0.00176471 -0.0123913 -0.00692308 -0.00936508
internal_weight=5512 4148 3927 955 2972 1364 1333 1241 92 221 189
internal_count=5512 4148 3927 955 2972 1364 1333 1241 92 221 189
is_linear=0
shrinkage=0.03


Tree=106
num_leaves=14
num_cat=0
split_feature=89 97 150 138 157 146 4 41 53 108 147 143 56
split_gain=11.0913 17.9163 29.0644 17.3477 15.8411 15.7594 14.7318 23.4456 22.5384 12.7138 11.8706 10.7832 10.0528
threshold=11505.500000000002 5.2728795260725834 0.85894006283750246 12840.000000000002 0.36931818181818188 28.961661164992247 32.653327672245645 2.6401822823885825 1.0000000180025095e-35 0.18324164027861004 28.461550046749547 1.2402912926890313 0.22143247610755742
decision_type=2 2 2 2 2 2 2 2 2 2 2 2 2
left_child=1 6 3 -3 11 -4 8 -8 -1 10 -6 -2 -13
right_child=4 2 5 -5 9 -7 7 -9 -10 -11 -12 12 -14
leaf_value=-0.010159929502582926 0.0038745632916310489 0.014116781936768784 -0.0078163438240216754 0.10122757741350714 0.022581898178302938 0.0050580363399723256 0.0047230337928520789 -0.0055842521251333356 -0.0021870518833999784 -0.016597588384109411 -0.010828422892871944 -0.015384054589825634 -0.0099762932420510882
leaf_weight=74 45 413 105 55 73 130 1574 500 2341 37 37 57 71
leaf_count=74 45 413 105 55 73 130 1574 500 2341 37 37 57 71
internal_value=-0.000391872 -5.77812e-05 0.00439545 0.00871795 -0.0058125 -0.00421277 -0.000755179 0.00109932 -0.00234783 0.00142857 0.00654545 -0.0119653 -0.0164063
internal_weight=5512 5192 703 468 320 235 4489 2074 2415 147 110 173 128
internal_count=5512 5192 703 468 320 235 4489 2074 2415 147 110 173 128
is_linear=0
shrinkage=0.03


Tree=107
num_leaves=13
num_cat=0
split_feature=75 106 101 51 15 65 113 97 128 39 77 58
split_gain=11.6849 15.8301 11.7947 14.0971 10.7191 10.5413 12.0627 15.0853 11.8962 10.6275 7.91737 7.56005
threshold=0.41909334730406539 0.79438983187222523 0.96541791901654095 345.00000000000006 -1.7282443085277859 7.4523809523809534 10.24632880957836 5.0249665689108856 1.8375783893393871 4.5678974848944742 11.500000000000002 1.9066304615216638
decision_type=2 2 2 2 2 2 2 2 2 2 2 2
left_child=1 2 4 -4 -1 6 7 -2 -8 10 -7 -3
right_child=5 11 3 -5 -6 9 8 -9 -10 -11 -12 -13
leaf_value=-0.0067118195095414177 -0.0010582531331699472 0.00074757901930960985 -0.0047231395925505012 0.0092745770727103612 0.036447489804735014 -0.0076204938764867051 -0.01158720182477275 0.0056931351000537598 0.0042238530917288759 0.0090770707857703772 -0.012617540854204475 -0.013283208255435035
leaf_weight=45 3824 31 143 185 163 69 140 720 44 39 58 51
leaf_count=45 3824 31 143 185 163 69 140 720 44 39 58 51
internal_value=-0.000391872 0.00349515 0.00537313 0.00182927 0.0109615 -0.000882714 -0.000621827 -0.000316901 -0.00815217 -0.00831325 -0.0125197 -0.00878049
internal_weight=5512 618 536 328 208 4894 4728 4544 184 166 127 82
internal_count=5512 618 536 328 208 4894 4728 4544 184 166 127 82
is_linear=0
shrinkage=0.03


Tree=108
num_leaves=7
num_cat=0
split_feature=36 83 34 3 68 121
split_gain=10.9446 13.657 10.8164 24.3253 16.4969 6.73684
threshold=391.70833333333337 8.9727616106228414 1.0000000180025095e-35 2.1881578639038239 4.5955105633802829 0.48688922839671278
decision_type=2 2 2 2 2 2
left_child=1 2 4 -4 -1 -2
right_child=5 -3 3 -5 -6 -7
leaf_value=-0.0030360636769337377 -0.0071348442106401655 0.14751261061058729 0.0002307818418386287 0.036666435883359445 0.015648634356709736 -0.00074827648272348334
leaf_weight=2114 50 33 3048 91 131 45
leaf_count=2114 50 33 3048 91 131 45
internal_value=-0.00032656 -0.000149529 -0.000267459 0.000869704 -0.00185746 -0.0104211
internal_weight=5512 5417 5384 3139 2245 95
internal_count=5512 5417 5384 3139 2245 95
is_linear=0
shrinkage=0.03


Tree=109
num_leaves=7
num_cat=0
split_feature=36 83 16 53 121 99
split_gain=10.9446 13.657 11.6057 11.0109 6.73684 3.47499
threshold=391.70833333333337 8.9727616106228414 -10.15694548979552 0.28973656853556035 0.48688922839671278 0.50445650827822563
decision_type=2 2 2 2 2 2
left_child=1 2 5 -4 -2 -1
right_child=4 -3 3 -5 -6 -7
leaf_value=-0.0074342447110766017 -0.0069207988843209608 0.14308723229226966 -0.0012495475788187288 0.0016745124929055221 -0.00072582818824177935 -0.0054396303966610278
leaf_weight=31 50 33 2872 2451 45 30
leaf_count=31 50 33 2872 2451 45 30
internal_value=-0.00032656 -0.000149529 -0.000267459 -0.000118354 -0.0104211 -0.0132787
internal_weight=5512 5417 5384 5323 95 61
internal_count=5512 5417 5384 5323 95 61
is_linear=0
shrinkage=0.03


Tree=110
num_leaves=14
num_cat=0
split_feature=25 151 75 11 61 72 4 54 124 48 57 105 36
split_gain=11.0148 18.0523 16.4202 15.4749 16.1927 14.9185 16.6754 15.7147 14.054 15.3623 10.3687 9.3 5.65714
threshold=-1.026517298268758 1.0000000180025095e-35 0.49051979523431644 2.5680926542410796 0.23768812640080281 2.1601250879918514 14.868806336538485 0.015865803150418755 1.0000000180025095e-35 0.96706973972024046 2.4169560943933859 0.069083981480269077 151.94166666666669
decision_type=2 2 2 2 2 2 2 2 2 2 2 2 2
left_child=2 10 3 11 -5 6 -4 -7 -3 -10 -2 -1 -12
right_child=1 8 5 4 -6 7 -8 -9 9 -11 12 -13 -14
leaf_value=-0.00027528485681182824 0.00097603531786012721 0.042052832387692467 0.070782844514808263 0.025575125649477511 0.00070371847894584554 0.0050085855164684464 -0.00034576222473420846 -0.0074772675776476876 0.0018017518893431916 -0.0067193853500420748 0.077333959173405117 -0.015665683891763007 0.014583849277289675
leaf_weight=50 30 32 37 92 1208 132 753 1432 1392 244 33 47 30
leaf_count=50 30 32 37 92 1208 132 753 1432 1392 244 33 47 30
internal_value=-0.00030479 0.00165247 -0.00122367 0.0013529 0.00221538 -0.00275276 0.000607595 -0.00445013 0.000935252 0.000550122 0.0145161 -0.0102062 0.0214286
internal_weight=5512 1761 3751 1397 1300 2354 790 1564 1668 1636 93 97 63
internal_count=5512 1761 3751 1397 1300 2354 790 1564 1668 1636 93 97 63
is_linear=0
shrinkage=0.03


Tree=111
num_leaves=8
num_cat=0
split_feature=83 75 47 4 88 53 21
split_gain=10.8715 10.6057 14.0422 10.8194 18.9902 14.7953 10.7364
threshold=8.9727616106228414 0.55580001704320925 9.5000000000000018 32.653327672245645 365.50000000000006 0.037012856597323521 5.9771472273632371
decision_type=2 2 2 2 2 2 2
left_child=1 3 6 5 -5 -1 -3
right_child=-2 2 -4 4 -6 -7 -8
leaf_value=-0.0061512042108413829 0.1253249831163058 -0.0035162356309800134 0.049977860545260336 0.0046750979700188556 -0.0054152286271948926 -0.00021395156473234144 -0.014111824325662371
leaf_weight=258 35 1204 37 1627 271 1990 90
leaf_count=258 35 1204 37 1627 271 1990 90
internal_value=-0.000380987 -0.000487493 -0.00281743 0.000260492 0.00192835 -0.00114769 -0.00333849
internal_weight=5512 5477 1331 4146 1898 2248 1294
internal_count=5512 5477 1331 4146 1898 2248 1294
is_linear=0
shrinkage=0.03


Tree=112
num_leaves=8
num_cat=0
split_feature=55 36 137 22 108 94 120
split_gain=11.5257 11.4716 11.3666 15.1202 11.2484 7.82443 6.53177
threshold=1.4596099994273783 391.70833333333337 12538.000000000002 6.4568845532297745 0.2974838378532394 2.8036586177119101 0.9114785154568158
decision_type=2 2 2 2 2 2 2
left_child=1 2 3 -1 -4 -2 -3
right_child=5 6 4 -5 -6 -7 -8
leaf_value=-0.0003463232003484595 -0.0046175740710569886 -0.0069649504001058522 -0.0029402910472378263 0.0093497703516242335 -0.013870810672843018 -0.012925371825432179 -0.0010854536714679068
leaf_weight=4399 57 47 163 704 47 49 46
leaf_count=4399 57 47 163 704 47 49 46
internal_value=-0.000391872 -0.000199778 -1.69396e-05 0.00026455 -0.00685714 -0.0101887 -0.0106452
internal_weight=5512 5406 5313 5103 210 106 93
internal_count=5512 5406 5313 5103 210 106 93
is_linear=0
shrinkage=0.03


Tree=113
num_leaves=12
num_cat=0
split_feature=89 93 138 110 85 41 157 134 15 72 94
split_gain=11.8258 15.005 25.9478 16.947 14.45 13.7985 12.8095 12.1765 10.1057 7.84 3.75758
threshold=11505.500000000002 5.3216449258939322 7380.5000000000009 1.3614867572977056 1.7181194852735791 4.5978381810366722 0.27922077922077926 6679.0000000000009 0.88481931098326994 2.8387667991056165 3.8314071255197861
decision_type=2 2 2 2 2 2 2 2 2 2 2
left_child=1 5 3 -3 -2 7 9 -1 -8 -6 -4
right_child=4 2 10 -5 6 -7 8 -9 -10 -11 -12
leaf_value=-0.0043361733504685912 0.0062324633870209376 0.044255740068722682 0.059806600712984777 0.00029243315028051149 -0.018067277182611752 0.031483228412036546 0.029267575614188981 7.1400690427803052e-05 -0.0068694420501655981 -0.0083949964545624537 0.089398382511035129
leaf_weight=1126 32 55 33 464 50 54 37 3429 151 50 31
leaf_count=1126 32 55 33 464 50 54 37 3429 151 50 31
internal_value=-0.000402758 -5.77812e-05 0.00447684 0.00225434 -0.006 -0.000631373 -0.008125 -0.000810099 -0.00351064 -0.0168 0.0225
internal_weight=5512 5192 583 519 320 4609 288 4555 188 100 64
internal_count=5512 5192 583 519 320 4609 288 4555 188 100 64
is_linear=0
shrinkage=0.03


Tree=114
num_leaves=7
num_cat=0
split_feature=25 36 137 83 108 141
split_gain=12.5718 12.1377 11.1402 14.0432 11.2484 6.5526
threshold=-11.330206311088036 391.70833333333337 12538.000000000002 8.9727616106228414 0.2974838378532394 458.50000000000006
decision_type=2 2 2 2 2 2
left_child=-1 2 3 -2 -4 -3
right_child=1 5 4 -5 -6 -7
leaf_value=-0.0056341685194890587 5.1297367567269543e-05 -0.0081690315877127693 -0.0026240251787953595 0.34661630638370627 -0.012912668037179376 -0.0011924637701557562
leaf_weight=44 5140 45 163 31 47 42
leaf_count=44 5140 45 163 31 47 42
internal_value=-0.000391872 -0.00026335 -8.36276e-05 0.000191452 -0.00685714 -0.0113793
internal_weight=5512 5468 5381 5171 210 87
internal_count=5512 5468 5381 5171 210 87
is_linear=0
shrinkage=0.03


Tree=115
num_leaves=8
num_cat=0
split_feature=25 89 59 85 157 145 104
split_gain=12.6061 11.7214 15.764 14.1681 13.4321 12.719 8.99175
threshold=-11.330206311088036 11505.500000000002 10.42949811075084 1.7181194852735791 0.27922077922077926 4.1582862172555055 0.9465710426326519
decision_type=2 2 2 2 2 2 2
left_child=-1 2 5 -3 -5 -2 -4
right_child=1 3 6 4 -6 -7 -8
leaf_value=-0.0054651434639043867 -0.001151873980529141 0.0060439505643832903 0.0040936015001153195 -0.012508578498422194 -0.0015083316724900297 0.0026530230987319697 0.07806307694381337
leaf_weight=44 3439 32 30 100 188 1640 39
leaf_count=44 3439 32 30 100 188 1640 39
internal_value=-0.000370102 -0.000241405 0.000104895 -0.0058125 -0.00791667 -8.86001e-05 0.0143478
internal_weight=5512 5468 5148 320 288 5079 69
internal_count=5512 5468 5148 320 288 5079 69
is_linear=0
shrinkage=0.03


Tree=116
num_leaves=14
num_cat=0
split_feature=89 85 108 7 141 134 55 157 98 108 102 72 20
split_gain=11.8718 13.0042 14.8555 20.9005 12.8217 20.4738 14.9326 12.2258 11.3745 11.3139 16.6631 9.57553 6.47751
threshold=11505.500000000002 1.9601676512080386 0.52380119884830389 -0.099969398420625702 1788.5000000000002 109007.50000000001 1.1304934225502483 0.31666666666666671 0.24143692974206335 0.18324164027861004 0.014569240581841303 3.6470278774194402 3.0482306982117886
decision_type=2 2 2 2 2 2 2 2 2 2 2 2 2
left_child=1 2 8 -4 6 -6 -3 11 -1 10 -9 12 -2
right_child=7 4 3 -5 5 -7 -8 9 -10 -11 -12 -13 -14
leaf_value=0.0062390628225986932 -0.011474822774128004 0.0005856691325340518 -0.0034217287115580852 0.015293922309399794 0.01505656480480653 -0.017138825395945832 -0.010419488008392803 0.013893000518299461 -0.0051289046611986827 -0.012148370527304612 -0.010369995074641392 -0.00056748363253232624 -0.017869723495122277
leaf_weight=144 56 3176 45 115 460 54 154 83 1044 44 44 48 45
leaf_count=144 56 3176 45 115 460 54 154 83 1044 44 44 48 45
internal_value=-0.000391872 -4.6225e-05 -0.0025816 0.006 0.000842872 0.00525292 0.000162162 -0.006 -0.00373737 -0.000526316 0.00401575 -0.0122819 -0.0175248
internal_weight=5512 5192 1348 160 3844 514 3330 320 1188 171 127 149 101
internal_count=5512 5192 1348 160 3844 514 3330 320 1188 171 127 149 101
is_linear=0
shrinkage=0.03


Tree=117
num_leaves=6
num_cat=0
split_feature=25 0 89 59 157
split_gain=12.5718 11.9962 11.8032 15.5306 12.867
threshold=-11.330206311088036 -0.21097591208384658 11505.500000000002 10.42949811075084 0.36931818181818188
decision_type=2 2 2 2 2
left_child=-1 -2 3 -3 -4
right_child=1 2 4 -5 -6
leaf_value=-0.0053178415324082557 -0.0055835463501213668 4.5730995430095507e-05 -0.0096226683326132816 0.054008776927216194 0.00017534394308707179
leaf_weight=44 43 5037 173 69 146
leaf_count=44 43 5037 173 69 146
internal_value=-0.000391872 -0.00026335 -0.000138249 0.000211516 -0.00573668
internal_weight=5512 5468 5425 5106 319
internal_count=5512 5468 5425 5106 319
is_linear=0
shrinkage=0.03


Tree=118
num_leaves=9
num_cat=0
split_feature=25 155 67 13 83 70 55 7
split_gain=12.6404 10.1414 15.9993 12.8653 14.6855 13.5189 12.7634 10.676
threshold=-11.330206311088036 1.0000000180025095e-35 1.700649350649351 6.2388527509908229 4.6515280474961065 1.8871516124207268 0.23285013004337063 3.7504044472025058
decision_type=2 2 2 2 2 2 2 2
left_child=-1 2 7 4 -3 -5 -4 -2
right_child=1 3 6 5 -6 -7 -8 -9
leaf_value=-0.0051583062864360082 0.0028094259853525916 -0.00059751086248828629 0.0039404868219754955 -0.016735031872568303 0.010707585356306198 -0.0041404603535023007 0.050991183443768705 -0.012900267010317183
leaf_weight=44 218 4257 100 57 390 304 85 57
leaf_count=44 218 4257 100 57 390 304 85 57
internal_value=-0.000348331 -0.000219459 0.00404348 -0.000611022 -0.000187218 -0.00606648 0.0108649 -0.000545455
internal_weight=5512 5468 460 5008 4647 361 185 275
internal_count=5512 5468 460 5008 4647 361 185 275
is_linear=0
shrinkage=0.03


Tree=119
num_leaves=15
num_cat=0
split_feature=25 142 134 72 51 72 62 72 23 23 52 7 60 29
split_gain=11.494 21.8922 23.9209 38.1743 21.198 21.0678 24.9769 22.603 17.8077 17.0217 16.2506 14.678 12.7226 12.0599
threshold=-1.026517298268758 2.2981459957053318 26215.500000000004 4.1118604942375194 375.00000000000006 8.3352733274730308 0.54148390579661265 2.4625449614382378 -1.6732283935527439 -0.91300420388133408 10050.000000000002 -0.57284769692134063 1.2598798069613764 1.7429275043069177
decision_type=2 2 2 2 2 2 2 2 2 2 2 2 2 2
left_child=4 9 3 -3 10 7 -7 -6 -4 11 13 -2 -11 -1
right_child=1 2 8 -5 5 6 -8 -9 -10 12 -12 -13 -14 -15
leaf_value=-0.0035810705920748757 0.0071608722658264854 -0.0090811758661674836 0.00024451767722175277 0.011029832678763478 0.0040175138546001132 0.0040075087104529073 0.099804443220948696 -0.0039119450874522295 0.010372040403386126 0.030525859751363703 -0.017528535866781457 0.067937552239689905 -0.004274539580449716 -0.010027255439072883
leaf_weight=1024 94 537 377 281 1044 101 49 1277 266 31 59 90 85 197
leaf_count=1024 94 537 377 281 1044 101 49 1277 266 31 59 90 85 197
internal_value=-0.000380987 0.0016184 0.000102669 -0.00330073 -0.00131965 0.000303521 0.0112 -0.000400689 0.00443235 0.009 -0.00445312 0.0146739 0 -0.00371007
internal_weight=5512 1761 1461 818 3751 2471 150 2321 643 300 1280 184 116 1221
internal_count=5512 1761 1461 818 3751 2471 150 2321 643 300 1280 184 116 1221
is_linear=0
shrinkage=0.03


Tree=120
num_leaves=13
num_cat=0
split_feature=113 65 7 94 151 58 59 67 52 77 58 98
split_gain=10.5265 13.6587 13.9821 19.69 19.1241 12.7872 19.1435 16.4368 11.0515 12.8426 9.47081 7.12476
threshold=10.24632880957836 7.4523809523809534 3.2114631716993247 3.3725346682109634 1.0000000180025095e-35 1.3452891390741053 3.3041781185282439 1.9052574472282504 1950.0000000000002 10.500000000000002 1.3803399151657441 0.2740406924190979
decision_type=2 2 2 2 2 2 2 2 2 2 2 2
left_child=1 2 4 -4 -1 -2 7 -7 9 -3 -10 -8
right_child=5 8 3 -5 -6 6 11 -9 10 -11 -12 -13
leaf_value=0.012646107746881309 -0.016616042077627995 0.029666246554108669 0.040754616042892905 0.0012712278631397632 -0.0014079952740681388 0.012477574990830655 -0.0076523467849644606 -0.010115478883934565 -0.001544709426291217 -0.0062067458389849714 -0.014889711829587383 -0.010388157768199017
leaf_weight=230 39 34 135 919 3832 81 31 33 30 31 77 40
leaf_count=230 39 34 135 919 3832 81 31 33 30 31 77 40
internal_value=-0.00032656 -5.67322e-05 0.00022283 0.00330171 -0.000576071 -0.00669643 -0.00340541 0.00421053 -0.00837209 0.00138462 -0.0142991 -0.0156338
internal_weight=5512 5288 5116 1054 4062 224 185 114 172 65 107 71
internal_count=5512 5288 5116 1054 4062 224 185 114 172 65 107 71
is_linear=0
shrinkage=0.03


Tree=121
num_leaves=15
num_cat=0
split_feature=54 61 145 93 27 134 142 84 14 39 134 142 52 131
split_gain=10.9594 24.2554 22.6621 18.3921 14.1312 13.5488 16.8362 15.5447 14.7666 13.2829 12.7772 11.8736 11.2934 6.83986
threshold=0.50601702365600743 0.85668644454586962 8.4452760016855688 5.3906273089247492 2.099983225577704 114938.00000000001 7.9652904029591287 0.96237045098330498 2.5531698109387002 1.2918678418994187 97313.000000000015 7.2484820115258222 7050.0000000000009 0.62731453695950079
decision_type=2 2 2 2 2 2 2 2 2 2 2 2 2 2
left_child=5 2 3 -2 -4 6 7 -1 -7 13 -11 -10 -8 -3
right_child=1 9 4 -5 -6 8 12 -9 11 10 -12 -13 -14 -15
leaf_value=-0.0035755061949532311 -0.00066855790092380514 0.023565674133781071 -0.012792271730932175 0.034523429948373131 0.0083123435762495774 0.0087761301367974241 0.0040453789153807821 0.00056453315835115758 -0.00039032609551394867 0.00093488256416019767 0.026141772906732096 -0.013057297801718815 0.10512076858715183 0.011304371608987509
leaf_weight=1310 1247 41 82 142 32 39 116 1832 93 240 67 185 33 53
leaf_count=1310 1247 41 82 142 32 39 116 1832 93 240 67 185 33 53
internal_value=-0.000391872 0.00144958 -0.000299401 0.00075594 -0.0131579 -0.00136364 -0.000793072 -0.00126034 -0.00728707 0.00800499 0.00498371 -0.00971223 0.0090604 0.0178723
internal_weight=5512 1904 1503 1389 114 3608 3291 3142 317 401 307 278 149 94
internal_count=5512 1904 1503 1389 114 3608 3291 3142 317 401 307 278 149 94
is_linear=0
shrinkage=0.03


Tree=122
num_leaves=15
num_cat=0
split_feature=103 0 56 82 122 53 27 63 7 147 56 37 62 148
split_gain=12.1526 12.9157 11.947 17.2039 15.0099 10.791 13.8496 12.2702 12.1945 11.2593 9.46361 8.56114 10.2228 5.07211
threshold=0.67517324419906422 -0.14546173535840953 0.24899906663337323 23.028846153846157 0.21686712966622257 0.66802209285482983 1.092444341780402 0.87585616438356173 0.8640932462695935 -2.8263294400477137 0.5465267392639882 3.0552242066143522 0.17988764044943822 25.500000000000004
decision_type=2 2 2 2 2 2 2 2 2 2 2 2 2 2
left_child=5 11 4 -4 -3 7 9 8 -1 -7 -8 12 -2 -13
right_child=1 2 3 -5 -6 6 10 -9 -10 -11 -12 13 -14 -15
leaf_value=0.00046489231594227045 0.007687003111060825 -0.0011345411267623489 0.001941532316179615 0.022100751412803963 0.045857299235915375 0.0032308789417937909 0.00020124701256579947 -0.011834493786360168 -0.0054347571843606259 0.048277110730659753 -0.010960791885473546 0.0045169659395043081 -0.0084754110325762477 -0.0027080743493211345
leaf_weight=416 32 1920 1817 154 36 56 158 52 606 46 30 31 108 50
leaf_count=416 32 1920 1817 154 36 56 158 52 606 46 30 31 108 50
internal_value=-0.000402758 0.000405014 0.000802139 0.00245053 -0.000858896 -0.00285924 0.00227586 -0.00424581 -0.0035225 0.0111765 -0.00255319 -0.00665158 -0.0111429 0.00111111
internal_weight=5512 4148 3927 1971 1956 1364 290 1074 1022 102 188 221 140 81
internal_count=5512 4148 3927 1971 1956 1364 290 1074 1022 102 188 221 140 81
is_linear=0
shrinkage=0.03


Tree=123
num_leaves=14
num_cat=0
split_feature=136 157 22 68 89 59 59 101 22 147 51 101 9
split_gain=11.4201 15.5997 17.6026 12.2596 14.5522 11.4505 18.8815 14.1156 11.4888 10.6689 10.0386 8.87911 8.11888
threshold=192.50000000000003 1.0000000180025095e-35 2.297105583931311 0.40844456254386147 3004.5000000000005 7.4301641271731222 5.9935752909765503 0.94656861696042294 6.1567053438166779 -1.7812202972932543 405.00000000000006 0.75255540554415046 -5.9418185293447401
decision_type=2 2 2 2 2 2 2 2 2 2 2 2 2
left_child=5 2 -2 10 -5 6 8 -7 -1 -8 -3 -4 -9
right_child=1 3 11 4 -6 7 9 12 -10 -11 -12 -13 -14
leaf_value=-3.4967107455831091e-05 0.0026505556293817687 -0.0011901503189213991 -0.018111915000862899 -0.0042605116570089818 0.00037515620110035287 -0.0033750037751154914 0.0030952091693455331 0.0075016460958972093 0.0080049591089981463 -0.016138609054544079 0.043194253937521007 -0.010432827918434119 0.071435191017114125
leaf_weight=2277 56 56 42 1049 1087 53 35 35 525 84 62 103 48
leaf_count=2277 56 56 42 1049 1087 53 35 35 525 84 62 103 48
internal_value=-0.00046807 -0.00199185 -0.01 -0.00127773 -0.00179775 0.000755643 0.000359466 0.00926471 0.000856531 -0.0113445 0.00813559 -0.0155172 0.016988
internal_weight=5512 2455 201 2254 2136 3057 2921 136 2802 119 118 145 83
internal_count=5512 2455 201 2254 2136 3057 2921 136 2802 119 118 145 83
is_linear=0
shrinkage=0.03


Tree=124
num_leaves=13
num_cat=0
split_feature=89 93 70 24 97 41 157 65 105 98 104 128
split_gain=11.506 13.535 26.8689 24.1713 18.3152 13.894 12.2258 11.47 10.5263 10.0731 8.77472 11.1443
threshold=11505.500000000002 5.3216449258939322 2.4266242358042596 -0.33057043245808332 7.258953127055495 4.5978381810366722 0.31666666666666671 8.2210752890899972 0.036067150538817878 0.14711083536783634 0.52411254947705488 1.8665574120523016
decision_type=2 2 2 2 2 2 2 2 2 2 2 2
left_child=1 5 3 -3 -4 7 10 -1 -8 -10 -2 -12
right_child=6 2 4 -5 -6 -7 8 -9 9 -11 11 -13
leaf_value=-0.00061404833439339661 0.00027931585559887173 0.053374190048856775 0.0086627468403176512 -0.0088408065042877189 -0.0072103184141290438 0.030525192896439735 0.01733487655262345 -0.010790597132996635 0.0041154270330719164 -0.0098052659425687336 -0.016199234782935092 -0.0026457765091759742
leaf_weight=4462 35 179 217 45 142 54 57 93 33 81 83 31
leaf_count=4462 35 179 217 45 142 54 57 93 33 81 83 31
internal_value=-0.000478955 -0.000138675 0.0041681 0.0123214 -0.00091922 -0.000683445 -0.006 -0.000862788 -0.000526316 -0.00578947 -0.0122819 -0.0163158
internal_weight=5512 5192 583 224 359 4609 320 4555 171 114 149 114
internal_count=5512 5192 583 224 359 4609 320 4555 171 114 149 114
is_linear=0
shrinkage=0.03


Tree=125
num_leaves=11
num_cat=0
split_feature=0 20 61 150 27 102 19 146 74 42
split_gain=10.2513 14.2589 12.5196 18.3863 15.9781 11.8175 13.8267 18.2085 12.5685 6.66667
threshold=-0.088688211226589334 1.3448097694061956 0.23456930241708188 0.64824892791505018 3.8085479017844048 0.061527116691106963 1.8126277256052503 9.4955750655478699 0.68990384615384626 0.64871198560298693
decision_type=2 2 2 2 2 2 2 2 2 2
left_child=5 -2 3 -3 -4 6 7 -1 -8 -7
right_child=1 2 4 -5 -6 9 8 -9 -10 -11
leaf_value=-0.0081194046481673152 -0.01534078836062799 0.0043801534650289081 -0.00018726249078024448 0.053793746110421682 0.048907401941977686 0.0044536195278514958 -0.0035146989785509418 0.008396559478234077 -0.010796726558037111 0.027544085960931861
leaf_weight=37 42 255 3947 91 50 30 722 158 150 30
leaf_count=37 42 255 3947 91 50 30 722 158 150 30
internal_value=-0.000402758 0.000253136 0.000421368 0.00589595 -5.25394e-05 -0.00295475 -0.00368322 0.00353846 -0.00529817 0.01
internal_weight=5512 4385 4343 346 3997 1127 1067 195 872 60
internal_count=5512 4385 4343 346 3997 1127 1067 195 872 60
is_linear=0
shrinkage=0.03


Tree=126
num_leaves=9
num_cat=0
split_feature=25 103 53 65 146 4 3 113
split_gain=12.5546 10.7947 12.6145 13.3603 12.1792 11.5051 18.4412 17.5605
threshold=-11.330206311088036 0.67517324419906422 0.2092916084637888 1.1824964918055509 37.464881629554334 32.260834188561411 1.9204764032146271 4.317205896699071
decision_type=2 2 2 2 2 2 2 2
left_child=-1 2 3 -2 -4 7 -7 -3
right_child=1 5 4 -5 -6 6 -8 -9
leaf_value=-0.004794705826413709 -0.00027170072554330013 -0.0031969273654770761 0.00068369782130738293 -0.0077402671789713233 -0.0080395979927347632 0.0018635938435301695 0.087241126719804954 0.0057958891248147577
leaf_weight=44 241 1484 669 360 77 1992 46 599
leaf_count=44 241 1484 669 360 77 1992 46 599
internal_value=-0.000402758 -0.000274323 -0.00260579 -0.00584027 0 0.000487746 0.00209028 -0.00108017
internal_weight=5512 5468 1347 601 746 4121 2038 2083
internal_count=5512 5468 1347 601 746 4121 2038 2083
is_linear=0
shrinkage=0.03


Tree=127
num_leaves=13
num_cat=0
split_feature=55 25 51 72 142 134 59 78 48 14 110 25
split_gain=11.1893 13.7231 21.6515 19.2908 17.1767 22.5802 15.9756 12.3755 12.2761 10.4593 10.5857 8.1572
threshold=1.1304934225502483 -1.026517298268758 375.00000000000006 8.3352733274730308 2.2981459957053318 26215.500000000004 2.1667279509075983 0.082521517071786635 0.66380160733860116 3.2624795996282621 2.453052260638827 -1.0815963837133282
decision_type=2 2 2 2 2 2 2 2 2 2 2 2
left_child=1 2 7 -4 6 -6 -3 -1 9 -2 -11 -10
right_child=8 4 3 -5 5 -7 -8 -9 11 10 -12 -13
leaf_value=-0.0089465257493209494 -0.013856473582856306 0.0094152830065776551 -0.00013679648949585787 0.034036169283637993 -0.0037500426412466034 0.0066569236086149513 0.06853646330849282 -0.0024716915898690219 -0.0032906298897835062 -0.010076267760894023 0.0046877821542475728 -0.016558739971826514
leaf_weight=416 33 205 2226 139 760 604 70 839 38 50 91 41
leaf_count=416 33 205 2226 139 760 604 70 839 38 50 91 41
internal_value=-0.000359216 -6.27496e-05 -0.00109392 0.000596195 0.00221477 0.000835777 0.00905455 -0.00427888 -0.00652174 -0.00206897 0.00148936 -0.0163291
internal_weight=5512 5259 3620 2365 1639 1364 275 1255 253 174 141 79
internal_count=5512 5259 3620 2365 1639 1364 275 1255 253 174 141 79
is_linear=0
shrinkage=0.03


Tree=128
num_leaves=13
num_cat=0
split_feature=103 66 34 119 123 85 108 28 90 90 141 105
split_gain=11.2977 14.5318 15.7947 12.298 11.5847 12.3449 15.3507 13.0615 10.9993 10.6999 8.32688 4.23443
threshold=0.67517324419906422 1.6731634182908548 1.0000000180025095e-35 0.92349498327759216 0.14561365047059996 1.9601676512080386 0.49490561107962883 2.5850315806765356 -0.18467032252931453 0.11348798761504782 854.50000000000011 0.058466747833825432
decision_type=2 2 2 2 2 2 2 2 2 2 2 2
left_child=1 8 3 -3 -2 6 -6 -7 10 -10 -1 -4
right_child=4 2 11 -5 5 7 -8 -9 9 -11 -12 -13
leaf_value=0.00046752558752540359 0.034669118776697969 0.02363413083982149 -0.011869160591756266 -0.010725116424301143 -0.0042746722456795082 0.0013199638564606829 0.0079916389910091278 -0.014260940425125566 -0.0088003002166936947 -0.0016445057834865683 0.032520521272852695 -0.015014967278244905
leaf_weight=32 56 30 52 34 716 3218 111 47 45 1102 30 39
leaf_count=32 56 30 52 34 716 3218 111 47 45 1102 30 39
internal_value=-0.000402758 -0.00277126 -0.0114194 0 0.000376085 0.000190616 -0.00308343 0.00101991 -0.00166253 -0.00232781 0.0106452 -0.0194505
internal_weight=5512 1364 155 64 4148 4092 827 3265 1209 1147 62 91
internal_count=5512 1364 155 64 4148 4092 827 3265 1209 1147 62 91
is_linear=0
shrinkage=0.03


Tree=129
num_leaves=14
num_cat=0
split_feature=103 0 25 73 36 75 88 15 157 75 108 124 123
split_gain=10.0779 11.5372 11.154 12.3149 10.0734 9.97486 10.2432 13.4822 9.35651 9.09866 12.3176 8.59245 8.63361
threshold=0.67517324419906422 -0.14546173535840953 -0.2572302861218963 0.91485507246376818 155.90833333333333 0.561434625407503 401.50000000000006 0.36638058438092219 0.36931818181818188 0.45126756836325183 0.3969176964621578 0.73748288141477791 0.37095796214756543
decision_type=2 2 2 2 2 2 2 2 2 2 2 2 2
left_child=5 9 3 -3 -4 6 8 -8 -1 -2 -11 12 -7
right_child=1 2 4 -5 -6 11 7 -9 -10 10 -12 -13 -14
leaf_value=0.0014470647186102248 -0.010310874771955972 0.0001169120671028867 0.044752982770870219 0.021092631922714995 0.0022930063849810928 -0.0061811861345484219 0.00013460601291703678 -0.0081442734710270252 -0.0044137541066998484 -0.0040826056813048194 0.0046346992135647613 0.0037917392403424119 -0.011262248030762418
leaf_weight=576 33 3742 58 57 70 194 94 101 294 156 32 43 62
leaf_count=576 33 3742 58 57 70 194 94 101 294 156 32 43 62
internal_value=-0.000446299 0.000289296 0.000664629 0.00037115 0.009375 -0.00268328 -0.00132394 -0.00753846 6.89655e-05 -0.00638009 -0.00382979 -0.00752508 -0.00960937
internal_weight=5512 4148 3927 3799 128 1364 1065 195 870 221 188 299 256
internal_count=5512 4148 3927 3799 128 1364 1065 195 870 221 188 299 256
is_linear=0
shrinkage=0.03


Tree=130
num_leaves=15
num_cat=0
split_feature=136 36 49 36 147 1 55 20 30 107 58 70 71 132
split_gain=10.2715 14.9217 19.1739 17.0508 16.4581 13.0963 12.4874 12.2886 16.0534 14.1969 9.05913 13.8002 11.1797 8.96558
threshold=192.50000000000003 41.424999999999962 52200.000000000007 143.26666666666668 -15.60383466216757 94.702124704902118 1.1676703097500496 1.8231577161230503 1.7483124822697171 0.027077850525549847 1.6759020101639133 3.2049883114521367 2.9242469550987304 0.51564023908114387
decision_type=2 2 2 2 2 2 2 2 2 2 2 2 2 2
left_child=6 2 -2 4 -3 -5 7 8 -1 -9 12 -12 -8 -4
right_child=1 3 13 5 -6 -7 10 9 -10 -11 11 -13 -14 -15
leaf_value=-0.0071758165490279722 0.052468135884017997 -0.018859034293511764 -0.017751207782674108 -0.0012514034719541022 -0.0046566280289537442 0.016631257001752834 -0.0097066484424206123 -0.0037402855779135897 0.003399029491931797 0.0050826212250469705 -0.017008862639301372 -0.0017588628517134586 0.033171228621721734 0.0055307869106171383
leaf_weight=375 75 31 35 1625 576 79 32 444 165 1909 39 60 33 34
leaf_count=375 75 31 35 1625 576 79 32 444 165 1909 39 60 33 34
internal_value=-0.000424528 -0.00186965 0.0075 -0.00245348 -0.006771 -0.000915493 0.000736016 0.00119253 -0.00288889 0.0021292 -0.00731707 -0.0130303 0.00138462 -0.00391304
internal_weight=5512 2455 144 2311 607 1704 3057 2893 540 2353 164 99 65 69
internal_count=5512 2455 144 2311 607 1704 3057 2893 540 2353 164 99 65 69
is_linear=0
shrinkage=0.03


Tree=131
num_leaves=8
num_cat=0
split_feature=25 53 60 52 6 63 60
split_gain=10.4229 11.2554 19.1811 20.3612 17.6327 17.1388 14.7903
threshold=-11.330206311088036 0.28973656853556035 13.575693217627125 13350.000000000002 1.5000000000000002 0.23304553683331017 17.674149897310365
decision_type=2 2 2 2 2 2 2
left_child=-1 4 3 -3 -2 -6 -4
right_child=1 2 6 -5 5 -7 -8
leaf_value=-0.004501138684121519 0.065746372117636023 0.0014353416505660116 -0.016615930049368181 0.049866746420327235 0.0076751533770138096 -0.0022539000717854735 -0.00046926580161388894
leaf_weight=44 51 2398 41 34 176 2710 58
leaf_count=44 51 2398 41 34 176 2710 58
internal_value=-0.000457184 -0.000340161 0.00112604 0.00165296 -0.00160368 -0.00191268 -0.0118182
internal_weight=5512 5468 2531 2432 2937 2886 99
internal_count=5512 5468 2531 2432 2937 2886 99
is_linear=0
shrinkage=0.03


Tree=132
num_leaves=8
num_cat=0
split_feature=25 74 27 77 41 138 0
split_gain=10.4073 10.1082 11.475 11.4039 13.5701 11.2753 10.4004
threshold=-11.330206311088036 0.68990384615384626 3.2581325349467081 2.5000000000000004 3.6009190468840711 22011.000000000004 -0.13242895480562245
decision_type=2 2 2 2 2 2 2
left_child=-1 3 6 4 -2 -5 -3
right_child=1 2 -4 5 -6 -7 -8
leaf_value=-0.0043661045235978743 0.0062915479832897315 -0.010215845171749446 0.038964153337151801 2.4070909444829925e-05 0.028347939250833509 -0.0092708918700742087 -0.0027019373966518634
leaf_weight=44 474 86 32 3555 44 154 1123
leaf_count=44 474 86 32 3555 44 154 1123
internal_value=-0.00046807 -0.000351134 -0.00273167 0.000347764 0.00451737 -0.000234565 -0.00320099
internal_weight=5512 5468 1241 4227 518 3709 1209
internal_count=5512 5468 1241 4227 518 3709 1209
is_linear=0
shrinkage=0.03


Tree=133
num_leaves=12
num_cat=0
split_feature=78 53 60 52 60 6 149 56 152 157 22
split_gain=10.1699 10.7354 17.6123 20.209 14.144 13.7636 14.1265 10.279 11.7338 10.4794 7.65228
threshold=0.97530487804878063 0.28973656853556035 13.575693217627125 13350.000000000002 17.674149897310365 1.0000000180025095e-35 35.500000000000007 0.19545851869598044 0.83333333333333337 0.41428571428571431 2.9536002440157669
decision_type=2 2 2 2 2 2 2 2 2 2 2
left_child=1 5 3 -3 -4 -1 -7 9 -9 -2 -10
right_child=7 2 4 -5 -6 6 -8 8 10 -11 -12
leaf_value=0.071103144518270364 0.0074993258373664412 0.00076530355267234729 -0.015155725416795229 0.047830175466118195 -0.00041501983025736707 -0.0026966713836452457 0.0035846101961543647 -0.0046721730276405842 0.021416834704863587 -0.01483129384754355 0.034374490259551436
leaf_weight=33 59 2326 40 33 56 2441 362 30 38 48 46
leaf_count=33 59 2326 40 33 56 2441 362 30 38 48 46
internal_value=-0.00046807 -0.000731431 0.000720978 0.00123357 -0.011875 -0.00198872 -0.00221548 0.0058371 0.0121053 -0.000841121 0.0178571
internal_weight=5512 5291 2455 2359 96 2836 2803 221 114 107 84
internal_count=5512 5291 2455 2359 96 2836 2803 221 114 107 84
is_linear=0
shrinkage=0.03


Tree=134
num_leaves=13
num_cat=0
split_feature=55 25 72 26 26 67 134 56 141 48 2 0
split_gain=10.7975 12.9048 19.3358 22.5971 17.6284 14.9369 19.324 17.9027 11.4804 10.4006 12.9821 5.05051
threshold=1.1304934225502483 -1.026517298268758 2.2495288965438096 -1.5328850228409958 -4.207782341500506 2.1333454281567494 495.00000000000006 0.19361421791140765 1960.5000000000002 0.66380160733860116 75.987668030031045 0.034586622114182265
decision_type=2 2 2 2 2 2 2 2 2 2 2 2
left_child=1 2 3 -1 -4 7 -7 -3 9 10 -2 -11
right_child=8 5 4 -5 -6 6 -8 -9 -10 11 -12 -13
leaf_value=0.086667592377499575 0.0059915257678926689 -0.00057935882903032863 0.0035208245768558999 0.00070376091899598142 -0.0048086025441453368 0.073135794660230971 -0.0017062415803345305 0.0087209731098474279 0.035957205081365601 -0.016117091994898743 -0.0096357698001038831 -0.0064274679717868273
leaf_weight=53 33 358 508 1243 1816 31 754 496 37 36 117 30
leaf_count=53 33 358 508 1243 1816 31 754 496 37 36 117 30
internal_value=-0.00046807 -0.00017684 -0.0011768 0.00175926 -0.00281411 0.00203173 -0.000955414 0.00477752 -0.00652174 -0.00916667 -0.0048 -0.0190909
internal_weight=5512 5259 3620 1296 2324 1639 785 854 253 216 150 66
internal_count=5512 5259 3620 1296 2324 1639 785 854 253 216 150 66
is_linear=0
shrinkage=0.03


Tree=135
num_leaves=10
num_cat=0
split_feature=55 53 88 108 74 90 134 140 89
split_gain=10.16 10.0416 11.6216 17.2989 12.5593 10.3287 17.5435 6.73285 7.88634
threshold=1.4596099994273783 2.178908997811063 365.50000000000006 0.089666976492661504 0.68990384615384626 3.9760131563324324 8214.5000000000018 8.5000000000000018 3380.0000000000005
decision_type=2 2 2 2 2 2 2 2 2
left_child=1 2 4 -4 -1 6 -3 -2 -9
right_child=7 5 3 -5 -6 -7 -8 8 -10
leaf_value=0.00074843713090221975 0.0015664932198363984 -0.0057388583072051297 -0.0093098825341740125 -0.00071995730841096172 -0.0034381338089424472 -0.011181999662386871 0.080132141155267761 -0.013284397207623561 -0.0073621407853828201
leaf_weight=3555 32 31 198 532 1011 32 47 31 43
leaf_count=3555 32 31 198 532 1011 32 47 31 43
internal_value=-0.000424528 -0.000244173 -0.000430514 -0.00394521 0.000131406 0.00872727 0.0146154 -0.00962264 -0.0145946
internal_weight=5512 5406 5296 730 4566 110 78 106 74
internal_count=5512 5406 5296 730 4566 110 78 106 74
is_linear=0
shrinkage=0.03


Tree=136
num_leaves=15
num_cat=0
split_feature=103 66 54 7 22 109 56 70 135 45 102 143 148 119
split_gain=9.58558 11.409 13.132 10.405 14.5279 12.4074 10.1209 15.2988 14.9422 14.5911 13.5436 9.09641 8.8889 7.49967
threshold=0.67517324419906422 1.6731634182908548 0.57418521450164917 1.1654078741460541 7.143681720886863 0.013148533956515022 0.21594301336855598 1.5367273480448378 4.5000000000000009 2.577380952380953 0.015330600687996602 1.479672176533197 25.500000000000004 0.81291666666666684
decision_type=2 2 2 2 2 2 2 2 2 2 2 2 2 2
left_child=1 3 13 4 -1 -5 7 12 11 -10 -9 -8 -2 -3
right_child=6 2 -4 5 -6 -7 8 10 9 -11 -12 -13 -14 -15
leaf_value=-0.00019667145016933672 -0.0095475465143796626 -0.0044654744951092579 0.0025680879422797218 0.034765126254954731 0.015167211860997161 -0.0047767301504926607 0.048008091240211867 -0.002723354339161209 0.0039639459000389123 -0.0027326179192624484 0.0053693412685226691 0.00022646089199865438 -0.016746414593670395 -0.014260290662402472
leaf_weight=511 53 31 58 33 66 599 85 1315 1474 661 473 55 32 66
leaf_count=511 53 31 58 33 66 599 85 1315 1474 661 473 55 32 66
internal_value=-0.000413643 -0.00259531 -0.0102581 -0.0016129 0.00129983 -0.00427215 0.000303761 -0.00132942 0.00164835 0.00102576 -0.000738255 0.0111429 -0.0137647 -0.0170103
internal_weight=5512 1364 155 1209 577 632 4148 1873 2275 2135 1788 140 85 97
internal_count=5512 1364 155 1209 577 632 4148 1873 2275 2135 1788 140 85 97
is_linear=0
shrinkage=0.03


Tree=137
num_leaves=8
num_cat=0
split_feature=36 16 78 97 143 141 39
split_gain=10.6167 11.5388 10.3088 11.8299 10.549 6.76379 3.47499
threshold=391.70833333333337 -10.15694548979552 0.97530487804878063 12.155358844955908 1.4676951091731312 420.50000000000006 1.3059426099390201
decision_type=2 2 2 2 2 2 2
left_child=1 6 3 -3 -4 -2 -1
right_child=5 2 4 -5 -6 -7 -8
leaf_value=-0.0066286990961479404 -0.0071868913953415476 -0.00017181088759516184 0.014791115249178564 -0.008835415611548509 -0.0011325291516184109 -0.0015445798155528214 -0.0036101901238949747
leaf_weight=31 47 5049 140 92 75 48 30
leaf_count=31 47 5049 140 92 75 48 30
internal_value=-0.000478955 -0.000304597 -0.000156833 -0.000425987 0.00627907 -0.0104211 -0.0132787
internal_weight=5512 5417 5356 5141 215 95 61
internal_count=5512 5417 5356 5141 215 95 61
is_linear=0
shrinkage=0.03


Tree=138
num_leaves=15
num_cat=0
split_feature=103 0 66 34 75 86 123 94 34 151 4 4 42 105
split_gain=9.68542 11.4872 11.2784 12.7456 10.5817 14.1177 10.5728 9.62271 9.68363 9.55311 21.4478 13.9126 8.2532 6.77289
threshold=0.67517324419906422 -0.14546173535840953 1.6731634182908548 1.0000000180025095e-35 0.561434625407503 110710.00000000001 0.3087275768143562 5.703027873622192 1.0000000180025095e-35 1.0000000180025095e-35 34.613326870166865 32.260834188561411 0.69512641063326186 0.058466747833825432
decision_type=2 2 2 2 2 2 2 2 2 2 2 2 2 2
left_child=2 7 4 6 5 -1 -4 8 -2 10 -3 -11 -6 -5
right_child=1 9 3 13 12 -7 -8 -9 -10 11 -12 -13 -14 -15
leaf_value=0.00043135048014209752 -0.0095762288090843334 0.023366880694300634 0.013319461283488099 -0.010997553277592298 -0.0068581887894377715 -0.0069622653656077425 -0.011237290880349676 0.0035155500087814674 -0.00098318571746681851 -0.0016225182958711009 -0.0042922512612841423 0.0025705515281350387 -0.0010790009630287577 -0.013757303064408635
leaf_weight=855 86 129 31 52 160 93 33 45 90 1846 97 1855 101 39
leaf_count=855 86 129 31 52 160 93 33 45 90 1846 97 1855 101 39
internal_value=-0.000446299 0.000274831 -0.0026393 -0.0102581 -0.00166253 -0.000189873 0 -0.00638009 -0.00954545 0.000649351 0.00663717 0.000283707 -0.00701149 -0.0174725
internal_weight=5512 4148 1364 155 1209 948 64 221 176 3927 226 3701 261 91
internal_count=5512 4148 1364 155 1209 948 64 221 176 3927 226 3701 261 91
is_linear=0
shrinkage=0.03


Tree=139
num_leaves=10
num_cat=0
split_feature=8 106 134 52 2 27 31 67 106
split_gain=9.59838 8.96237 21.6456 23.7442 19.398 15.2736 14.9047 7.25542 7.07923
threshold=-9.6781067612126357 0.093308786502407592 50507.500000000007 2250.0000000000005 76.598386160698695 0.13636719202954689 1.0000000180025095e-35 1.2751146788990828 0.13334385379820077
decision_type=2 2 2 2 2 2 2 2 2
left_child=8 2 3 -2 -4 7 -7 -3 -1
right_child=1 5 4 -5 -6 6 -8 -9 -10
leaf_value=-0.0095384748261832502 0.025255252151133674 -0.0053144370091992759 0.00753881453362607 0.0008254579247407906 -0.0084347137965008027 -0.0018604025099185839 0.0011713132604827213 -0.016193558649349949 -0.0021644915445276076
leaf_weight=31 330 41 89 622 272 2458 1604 30 35
leaf_count=31 330 41 89 622 272 2458 1604 30 35
internal_value=-0.000446299 -0.000308483 0.00185072 0.00422269 -0.00440443 -0.000994435 -0.000753323 -0.0147887 -0.0118182
internal_weight=5512 5446 1313 952 361 4133 4062 71 66
internal_count=5512 5446 1313 952 361 4133 4062 71 66
is_linear=0
shrinkage=0.03


Tree=140
num_leaves=15
num_cat=0
split_feature=103 75 141 67 73 0 25 149 142 11 34 42 109 42
split_gain=9.88266 10.8188 10.6521 11.974 11.8703 10.5212 11.2717 13.5078 12.5349 8.07146 9.19766 7.44922 9.32624 8.48115
threshold=0.67517324419906422 0.561434625407503 1960.5000000000002 1.8542486231313928 0.10380747126436783 -0.14546173535840953 -0.2572302861218963 13.500000000000002 1.3582400023872438 5.713309345169912 1.0000000180025095e-35 0.69512641063326186 0.052454912579652894 1.5845463621418985
decision_type=2 2 2 2 2 2 2 2 2 2 2 2 2 2
left_child=1 2 3 -1 -4 9 8 -8 -7 10 -2 12 -3 -13
right_child=5 11 4 -5 -6 6 7 -9 -10 -11 -12 13 -14 -15
leaf_value=-0.00014570901726812706 -0.0099837018993901589 0.0056358261154774445 -0.007404014313834739 -0.0054870291871651497 0.012527664836613503 -0.0077119589758240948 0.058444747809716847 -0.0033467622811164397 0.00051259069764733264 0.00084369394203554827 -0.001455665768456481 0.0041630107158419465 -0.0097297001245649078 -0.010293165497398621
leaf_weight=694 67 35 37 246 88 114 68 60 3685 73 81 62 152 50
leaf_count=694 67 35 37 246 88 114 68 60 3685 73 81 62 152 50
internal_value=-0.00046807 -0.00268328 -0.00126761 -0.0023617 0.00696 0.000260366 0.000618793 0.009375 0.000323769 -0.0061086 -0.0101351 -0.00772575 -0.0113904 -0.00160714
internal_weight=5512 1364 1065 940 125 4148 3927 128 3799 221 148 299 187 112
internal_count=5512 1364 1065 940 125 4148 3927 128 3799 221 148 299 187 112
is_linear=0
shrinkage=0.03


Tree=141
num_leaves=14
num_cat=0
split_feature=136 108 25 44 27 78 62 146 63 56 153 144 94
split_gain=10.0196 14.5962 14.5064 15.8313 10.9967 9.1468 10.8924 15.5414 10.8803 9.93569 10.0578 7.61275 7.04349
threshold=361.50000000000006 0.094518848057808788 -0.66601936886540503 1.2701130851445088 1.9091866782147076 0.97530487804878063 0.69428104575163407 15.622360459336976 0.87585616438356173 0.19545851869598044 0.46428571428571436 2.7628164091735719 2.0266474327395509
decision_type=2 2 2 2 2 2 2 2 2 2 2 2 2
left_child=5 4 3 -3 12 6 8 -8 -1 10 -7 -11 -2
right_child=1 2 -4 -5 -6 9 7 -9 -10 11 -12 -13 -14
leaf_value=-0.00077444866252208337 -0.015402714661599584 0.013027718313244891 -0.013598298270552566 -0.002444254186647744 0.0082899409783084178 0.011544937742433778 -0.016045510274543231 0.022355427251270567 0.006854673622311464 0.027335845425010843 -0.015729020546559856 2.2386229605295682e-05 -0.0074649656008069993
leaf_weight=4214 49 144 34 207 49 57 70 213 210 74 47 35 109
leaf_count=4214 49 144 34 207 49 57 70 213 210 74 47 35 109
internal_value=-0.00046807 -0.00415541 -0.000701299 0.00111111 -0.0105797 -2.43902e-05 -0.000299554 0.00540636 -0.000664557 0.00605634 -0.000576923 0.0123853 -0.0144304
internal_weight=5512 592 385 351 207 4920 4707 283 4424 213 104 109 158
internal_count=5512 592 385 351 207 4920 4707 283 4424 213 104 109 158
is_linear=0
shrinkage=0.03


Tree=142
num_leaves=12
num_cat=0
split_feature=82 150 22 137 142 57 45 29 94 53 138
split_gain=10.5259 9.95183 15.5958 24.3017 14.9494 14.2088 14.638 13.9537 9.42223 5.96817 4.60835
threshold=35221.925888596787 0.88484893815761789 6.2778054894005733 12538.000000000002 1.3582400023872438 2.0259395935639275 11.312338492160505 1.604448610991793 1.3886152921302379 0.11611245131663669 2349.0000000000005
decision_type=2 2 2 2 2 2 2 2 2 2 2
left_child=1 2 4 -4 -1 7 -7 -3 -2 -10 -11
right_child=8 5 3 -5 -6 6 -8 -9 9 10 -12
leaf_value=-0.00836698054601661 -0.0055675575002372473 -0.0094577293818357434 0.0139456446889671 -0.0086179918949092979 -0.00036541329787938336 0.0002060288858395176 -0.018433425746187365 -0.00065166060367364913 0.00078737077518753582 0.001433592757151495 0.048041787435258172
leaf_weight=119 43 133 527 84 3961 414 32 82 30 30 57
leaf_count=119 43 133 527 84 3961 414 32 82 30 30 57
internal_value=-0.000457184 -0.000683857 -0.000198252 0.00427169 -0.000867647 -0.00413011 -0.00107623 -0.0104651 0.007125 0.0115385 0.0155172
internal_weight=5512 5352 4691 611 4080 661 446 215 160 117 87
internal_count=5512 5352 4691 611 4080 661 446 215 160 117 87
is_linear=0
shrinkage=0.03


Tree=143
num_leaves=7
num_cat=0
split_feature=16 36 83 42 5 98
split_gain=9.50672 9.44212 11.2657 9.72446 8.75 5.16218
threshold=-10.15694548979552 391.70833333333337 8.9727616106228414 7.5523638084156977 5.5000000000000009 0.51867371531901652
decision_type=2 2 2 2 2 2
left_child=5 2 3 -2 -3 -1
right_child=1 4 -4 -5 -6 -7
leaf_value=-0.0015784273330723124 -0.00029554573402188031 -0.0010706013882127369 0.10349021370372692 0.016249751939956762 -0.0065162038359392275 -0.0070999421550036008
leaf_weight=31 5284 42 33 39 48 35
leaf_count=31 5284 42 33 39 48 35
internal_value=-0.000500726 -0.00036357 -0.000201643 -0.000309976 -0.01 -0.0118182
internal_weight=5512 5446 5356 5323 90 66
internal_count=5512 5446 5356 5323 90 66
is_linear=0
shrinkage=0.03


Tree=144
num_leaves=7
num_cat=0
split_feature=16 83 61 28 15 98
split_gain=9.56166 8.69184 8.88227 15.9402 11.678 5.16218
threshold=-10.15694548979552 8.9727616106228414 0.22170301142263762 1.216901253411248 -4.8789385903548643 0.51867371531901652
decision_type=2 2 2 2 2 2
left_child=5 2 3 -2 -4 -1
right_child=1 -3 4 -5 -6 -7
leaf_value=-0.001531074513080144 -0.0051159939106895222 0.090090474893042005 -0.0069589928130116083 0.014128709511516402 -0.00028365433932983516 -0.0068869438903534936
leaf_weight=31 94 35 337 257 4723 35
leaf_count=31 94 35 337 257 4723 35
internal_value=-0.00046807 -0.000330518 -0.000426908 0.00418803 -0.000747036 -0.0118182
internal_weight=5512 5446 5411 351 5060 66
internal_count=5512 5446 5411 351 5060 66
is_linear=0
shrinkage=0.03


Tree=145
num_leaves=9
num_cat=0
split_feature=16 72 62 142 52 20 134 98
split_gain=9.63516 9.7151 21.5817 13.727 12.2379 11.3895 7.92068 5.16218
threshold=-10.15694548979552 8.1769235521155199 0.54148390579661265 4.6649209325449554 11850.000000000002 5.8754399194282021 13880.500000000002 0.51867371531901652
decision_type=2 2 2 2 2 2 2 2
left_child=7 4 3 -3 5 -2 -4 -1
right_child=1 2 6 -5 -6 -7 -8 -9
leaf_value=-0.0014851422776877392 -0.00049892574369200414 0.010063124770899382 0.063368186808460278 -0.010036549285452988 -0.012980396145715093 0.036887192502575175 0.023125160407334356 -0.0066803355736428883
leaf_weight=31 4992 135 37 118 44 76 44 35
leaf_count=31 4992 135 37 118 44 76 44 35
internal_value=-0.000424528 -0.000286449 0.00467066 0.000355731 -0.000610329 -0.00047356 0.0181481 -0.0118182
internal_weight=5512 5446 334 253 5112 5068 81 66
internal_count=5512 5446 334 253 5112 5068 81 66
is_linear=0
shrinkage=0.03


Tree=146
num_leaves=7
num_cat=0
split_feature=16 83 20 4 95 99
split_gain=9.61676 8.65333 8.28137 34.4017 11.4128 4.49287
threshold=-10.15694548979552 8.9727616106228414 4.2864583301954697 36.567376133130402 2.2589117776647685 0.50849188461714701
decision_type=2 2 2 2 2 2
left_child=5 2 4 -4 -2 -1
right_child=1 -3 3 -5 -6 -7
leaf_value=-0.0057255932833435432 -0.00043474991613598468 0.086281144871173499 -0.01083635182404636 0.014967612046250162 0.0062616223502634932 -0.0029431002841768697
leaf_weight=34 4236 35 312 190 673 32
leaf_count=34 4236 35 312 190 673 32
internal_value=-0.000435414 -0.000297466 -0.000393643 -0.00406375 -1.83337e-05 -0.0118182
internal_weight=5512 5446 5411 502 4909 66
internal_count=5512 5446 5411 502 4909 66
is_linear=0
shrinkage=0.03


Tree=147
num_leaves=12
num_cat=0
split_feature=55 45 74 156 67 77 146 156 14 98 93
split_gain=10.8363 10.9883 10.7544 13.9739 23.1595 17.7625 13.7028 13.0974 10.0006 13.0391 5.15789
threshold=1.1304934225502483 0.78679653679653694 0.68990384615384626 0.18333333333333338 3.2529069767441867 12.500000000000002 6.8229125773569779 0.36666666666666675 3.2624795996282621 1.7053167006558747 2.4028527759437304
decision_type=2 2 2 2 2 2 2 2 2 2 2
left_child=2 10 3 4 -1 -5 -4 -8 -3 -10 -2
right_child=1 8 6 5 -6 -7 7 -9 9 -11 -12
leaf_value=0.0091024258646297141 -0.0046138618254396111 -0.012630318300540459 0.029951883987593984 0.001618339981266078 -0.018624927117994922 -0.0023461488300795586 -0.0083044648457227116 -0.0010994751208794685 -0.0036237189198062834 0.04763041941915451 -0.015503828436694725
leaf_weight=853 43 33 49 1726 30 1462 387 752 107 36 34
leaf_count=853 43 33 49 1726 30 1462 387 752 107 36 34
internal_value=-0.000457184 -0.00652174 -0.000165431 0.000567428 0.00390713 -0.000357591 -0.00267677 -0.00334504 -0.00238636 0.00104895 -0.015974
internal_weight=5512 253 5259 4071 883 3188 1188 1139 176 143 77
internal_count=5512 253 5259 4071 883 3188 1188 1139 176 143 77
is_linear=0
shrinkage=0.03


Tree=148
num_leaves=13
num_cat=0
split_feature=55 55 27 13 27 83 157 63 89 117 111 109
split_gain=12.4721 11.8328 18.0463 19.8878 17.3232 22.5039 21.0737 16.5432 9.91397 11.9912 8.57723 3.55511
threshold=1.1304934225502483 0.16708186655048815 2.4228511164264801 6.1450263730104906 0.81751934565120388 3.9452079398733702 0.70714285714285718 0.30969148222669357 1867.5000000000002 4.5000000000000009 1.6546106915980248 0.13521283167362452
decision_type=2 2 2 2 2 2 2 2 2 2 2 2
left_child=1 4 3 -3 5 -1 -6 -4 11 -10 -11 -2
right_child=8 2 7 -5 6 -7 -8 -9 9 10 -12 -13
leaf_value=-0.00083151286824727937 -0.0074606709380705821 0.00090471506463720677 0.05362297846093235 -0.0087174445544369351 -0.0052618444865759235 0.026435315440139114 0.0090433819463330914 0.01068273633036136 0.02758705495680298 -0.0027759534999177724 -0.011421919529487217 -0.013658160659155828
leaf_weight=523 30 2406 66 213 1392 196 164 299 49 95 47 32
leaf_count=523 30 2406 66 213 1392 196 164 299 49 95 47 32
internal_value=-0.00048984 -0.00017684 0.00106568 0.000194731 -0.00180659 0.00204451 -0.00358612 0.00731507 -0.00699605 -0.00361257 -0.00802817 -0.0174194
internal_weight=5512 5259 2984 2619 2275 719 1556 365 253 191 142 62
internal_count=5512 5259 2984 2619 2275 719 1556 365 253 191 142 62
is_linear=0
shrinkage=0.03


Tree=149
num_leaves=12
num_cat=0
split_feature=55 55 34 52 92 27 28 141 48 2 23
split_gain=10.489 11.2061 16.3918 19.8255 17.568 15.945 13.9889 9.19563 9.11946 12.9821 4.90909
threshold=1.1304934225502483 0.2950292515375626 1.0000000180025095e-35 2850.0000000000005 4.6899067333306634 3.8085479017844048 1.9552618569301854 1960.5000000000002 0.66380160733860116 75.987668030031045 -1.5120634410472655
decision_type=2 2 2 2 2 2 2 2 2 2 2
left_child=1 2 3 -1 -4 6 -3 8 9 -2 -10
right_child=7 5 4 -5 -6 -7 -8 -9 10 -11 -12
leaf_value=-0.00015747879070896254 0.0054443493762047664 0.003109974941584959 0.0010184255526223152 -0.0078300484983976851 -0.010490197246868317 0.074728226195043976 -0.0052312820960821694 0.033111048597960359 -0.01180150256201762 -0.0085913231909901973 -0.013267322661967149
leaf_weight=686 33 1722 1785 650 128 32 256 37 33 117 33
leaf_count=686 33 1722 1785 650 128 32 256 37 33 117 33
internal_value=-0.000555152 -0.000268112 -0.00135734 -0.00390719 0.000423419 0.00149254 0.00115268 -0.00652174 -0.00888889 -0.0048 -0.0181818
internal_weight=5512 5259 3249 1336 1913 2010 1978 253 216 150 66
internal_count=5512 5259 3249 1336 1913 2010 1978 253 216 150 66
is_linear=0
shrinkage=0.03


Tree=150
num_leaves=10
num_cat=0
split_feature=8 34 3 63 66 68 137 138 106
split_gain=9.43371 8.46411 21.6011 22.9691 22.0278 17.021 23.5738 14.8385 7.07923
threshold=-9.6781067612126357 1.0000000180025095e-35 2.1881578639038239 0.57752549781447315 1.6629170879676443 4.5955105633802829 4563.5000000000009 12433.500000000002 0.13334385379820077
decision_type=2 2 2 2 2 2 2 2 2
left_child=8 5 4 -4 -3 7 -7 -2 -1
right_child=1 2 3 -5 -6 6 -8 -9 -10
leaf_value=-0.0087964548377420411 -0.00074588857778193568 0.00080051332140188003 0.08352639879893696 -0.0042936013146471688 -0.0079477427443044972 0.079191611118120495 -0.0061606629786542296 -0.0079146740621829133 -0.00052806744638769743
leaf_weight=31 1779 2691 60 37 373 73 68 365 35
leaf_count=31 1779 2691 60 37 373 73 68 365 35
internal_value=-0.000544267 -0.000407639 0.000597912 0.0145361 0.000156658 -0.00179869 0.00829787 -0.00246269 -0.0118182
internal_weight=5512 5446 3161 97 3064 2285 141 2144 66
internal_count=5512 5446 3161 97 3064 2285 141 2144 66
is_linear=0
shrinkage=0.03


Tree=151
num_leaves=13
num_cat=0
split_feature=55 64 86 55 109 14 106 36 42 12 92 103
split_gain=9.78237 10.0643 18.0149 24.1071 20.1044 13.1405 13.6777 10.0693 8.12031 9.96764 13.3163 8.51244
threshold=1.1304934225502483 0.68120471014492767 37974.500000000007 0.80001833770229369 0.15723320871613003 1.865918942376432 0.040692309923205168 207.30833333333337 0.42898332228103003 3.7073160836361074 2.410387359767352 0.7969909931747986
decision_type=2 2 2 2 2 2 2 2 2 2 2 2
left_child=1 5 4 -4 -3 7 -7 -1 11 10 -10 -2
right_child=8 2 3 -5 -6 6 -8 -9 9 -11 -12 -13
leaf_value=0.00090273532852750858 -0.0081878592746039546 0.009693337660344279 0.005066473248253483 0.040964973740670235 -0.0041364081949954584 0.004519716057120809 -0.0017366569210197542 0.038540738329295936 -0.0092953850238825051 -0.012464408043420281 0.0012106334986943556 0.0068640844924893413
leaf_weight=45 30 382 432 72 737 401 3149 41 97 34 33 59
leaf_count=45 30 382 432 72 737 401 3149 41 97 34 33 59
internal_value=-0.000522496 -0.000245294 0.00171904 0.00642857 -0.000402145 -0.00112211 -0.00140282 0.0104651 -0.00628458 -0.0102439 -0.00646154 0.00101124
internal_weight=5512 5259 1623 504 1119 3636 3550 86 253 164 130 89
internal_count=5512 5259 1623 504 1119 3636 3550 86 253 164 130 89
is_linear=0
shrinkage=0.03


Tree=152
num_leaves=11
num_cat=0
split_feature=89 93 138 65 41 20 54 10 60 102
split_gain=9.66062 11.7554 26.4349 16.5639 14.5553 11.25 11.856 10.5589 9.79592 7.51177
threshold=11505.500000000002 5.174067245234931 12840.000000000002 1.1966850982244577 4.5978381810366722 4.2864583301954697 0.19683196804957995 5.4854800196723588 3.5923455714415691 0.0084718541805507246
decision_type=2 2 2 2 2 2 2 2 2 2
left_child=1 4 3 -3 7 6 8 -1 -2 -8
right_child=5 2 -4 -5 -6 -7 9 -9 -10 -11
leaf_value=-0.00052004817411339021 -0.0038988041584225018 0.020820632876325094 0.086356495740834857 -0.001979806314245307 0.030253575921407289 -0.015635822784281762 -0.00045450624951251739 -0.010450055530573793 0.014709029281740341 -0.0098195913753602263
leaf_weight=4448 56 232 48 343 52 32 88 69 49 95
leaf_count=4448 56 232 48 343 52 32 88 69 49 95
internal_value=-0.000566038 -0.000254237 0.00361156 0.00182609 -0.000781353 -0.005625 -0.00375 -0.000963029 0.00428571 -0.00836066
internal_weight=5512 5192 623 575 4569 320 288 4517 105 183
internal_count=5512 5192 623 575 4569 320 288 4517 105 183
is_linear=0
shrinkage=0.03


Tree=153
num_leaves=14
num_cat=0
split_feature=103 56 53 122 135 4 12 118 93 97 135 62 105
split_gain=9.89463 11.8162 15.3762 14.2347 13.1187 13.5639 10.2872 9.72792 10.7291 12.2212 8.32348 8.07235 5.77516
threshold=0.67517324419906422 0.2098565197604384 0.0074810717032398905 0.20435011846180051 4.5000000000000009 32.927466324488016 3.1285030522149415 0.13616629325367194 7.5680727719801721 6.6637809359000011 194.50000000000003 0.38501602564102572 0.049084791694406563
decision_type=2 2 2 2 2 2 2 2 2 2 2 2 2
left_child=7 2 12 -4 6 -6 -3 10 9 -9 -1 -10 -2
right_child=1 4 3 -5 5 -7 -8 8 11 -11 -12 -13 -14
leaf_value=-0.0038594415032919905 -0.0016517595661231165 0.030409163100975412 -0.001239084011324134 0.03315505191045575 -0.0006710185655162237 0.0047804220173062522 -0.0065453742251114708 -0.0018385534917269486 -0.00071613991132158273 0.023991963277475884 -0.0092507091074038074 -0.0090943573718347895 -0.0098460052440479551
leaf_weight=54 30 110 1725 32 1175 994 31 1115 47 62 40 46 51
leaf_count=54 30 110 1725 32 1175 994 31 1115 47 62 40 46 51
internal_value=-0.000598694 0.000130183 -0.00166485 -0.0010757 0.00155844 0.000982019 0.0104255 -0.00281525 -0.00212598 -0.00135089 -0.0121277 -0.0119355 -0.0144444
internal_weight=5512 4148 1838 1757 2310 2169 141 1364 1270 1177 94 93 81
internal_count=5512 4148 1838 1757 2310 2169 141 1364 1270 1177 94 93 81
is_linear=0
shrinkage=0.03


Tree=154
num_leaves=15
num_cat=0
split_feature=150 69 146 118 22 137 29 51 60 0 107 109 111 0
split_gain=10.7762 18.3612 18.6952 17.9366 17.6985 24.2359 19.7022 14.2228 17.0457 14.8916 12.1087 10.1077 9.97403 8.81638
threshold=0.86130922379032271 2.9973491858569976 26.685434758353846 0.66095363656339279 6.4568845532297745 12147.500000000002 2.254239174317163 675.00000000000011 1.929381469327492 -0.16407196817943767 0.32562187923901559 0.12050233603217168 0.87734034195752597 -0.039608410460506387
decision_type=2 2 2 2 2 2 2 2 2 2 2 2 2 2
left_child=4 10 12 -4 7 6 -6 9 -9 -1 11 -2 -3 -7
right_child=1 2 3 -5 5 13 -8 8 -10 -11 -12 -13 -14 -15
leaf_value=-0.0066203092152206352 0.0012934683275381991 0.0014279974732983704 -0.0023604445211480806 0.023143536124811712 0.019817283158976545 0.00057287400755787665 -0.0076569771737172816 0.019220723842299454 -0.00043615706123940944 -0.0010508176632051196 -0.0088533827862479625 -0.0064951041993863996 -0.0083390386183275125 -0.016789792677822764
leaf_weight=91 98 42 130 197 372 30 52 288 497 3222 76 261 112 44
leaf_count=91 98 42 130 197 372 30 52 288 497 3222 76 261 112 44
internal_value=-0.00063135 -0.00360262 0.00043659 0.00449541 -3.91645e-05 0.0053012 0.00806604 -0.000688141 0.00294268 -0.00154845 -0.00806897 -0.00576602 -0.00818182 -0.0105405
internal_weight=5512 916 481 327 4596 498 424 4098 785 3313 435 359 154 74
internal_count=5512 916 481 327 4596 498 424 4098 785 3313 435 359 154 74
is_linear=0
shrinkage=0.03


Tree=155
num_leaves=13
num_cat=0
split_feature=150 106 4 116 36 142 142 117 30 4 70 89
split_gain=11.4599 13.6106 21.8814 25.0829 21.3158 20.7768 27.3135 20.4628 12.5183 12.7045 19.7544 16.2627
threshold=0.88484893815761789 0.093308786502407592 32.039577562879153 2.5000000000000004 273.65833333333342 1.4003942343190101 1.8069737184863055 9.5000000000000018 3.4420718799208387 50.772610701326833 1.9915082092340131 9410.5000000000018
decision_type=2 2 2 2 2 2 2 2 2 2 2 2
left_child=1 2 3 -1 -4 7 -7 -3 9 10 -2 -11
right_child=8 5 4 -5 -6 6 -8 -9 -10 11 -12 -13
leaf_value=0.018765635210872916 0.01612706555054115 -0.015260488700874162 0.026011438274248472 -0.003892354625042815 0.00025541500965966802 0.023993841321508461 -0.0010829286474083855 0.018987643881558432 0.026213411368237804 0.010623602555778811 -0.0077829380763189291 -0.0071487949635799198
leaf_weight=116 46 65 315 518 258 220 3303 33 51 156 309 122
leaf_count=116 46 65 315 518 258 220 3303 33 51 156 309 122
internal_value=-0.000664006 -0.00014913 0.00260978 -0.00123028 0.00685864 -0.00106877 -0.000689753 -0.0146939 -0.00429825 -0.00545024 -0.00921127 -0.000647482
internal_weight=5512 4828 1207 634 573 3621 3523 98 684 633 355 278
internal_count=5512 4828 1207 634 573 3621 3523 98 684 633 355 278
is_linear=0
shrinkage=0.03


Tree=156
num_leaves=14
num_cat=0
split_feature=55 55 27 83 157 146 36 13 48 138 42 124 56
split_gain=10.9059 11.1584 17.2454 20.2513 18.7488 15.8079 27.4537 20.9988 9.90785 8.20989 7.99756 10.3142 8.18901
threshold=1.1304934225502483 0.16708186655048815 0.81751934565120388 3.9452079398733702 0.70714285714285718 26.870508473777818 253.02500000000001 5.6619227841297883 0.66380160733860116 6733.5000000000009 0.5365462157086679 0.71744312454527293 0.20310225608192617
decision_type=2 2 2 2 2 2 2 2 2 2 2 2 2
left_child=1 2 3 -1 -4 7 -7 -3 10 -10 11 -2 -12
right_child=8 5 4 -5 -6 6 -8 -9 9 -11 12 -13 -14
leaf_value=-0.0012438182802931973 0.017093287252548557 0.00038660175773902905 -0.0049272125022085667 0.025521848754115808 0.0089273296347906362 0.017266528246418555 0.00030600571955957055 -0.0066845500136663814 -0.013486495456692303 -0.00095609930438276646 -0.0086618744034428208 -0.0082611018794348009 -0.00024305557294451106
leaf_weight=523 51 1679 1392 196 164 331 669 305 43 36 45 32 46
leaf_count=523 51 1679 1392 196 164 331 669 305 43 36 45 32 46
internal_value=-0.000674891 -0.000382202 -0.00196484 0.00187761 -0.00374036 0.000824397 0.0039 -0.000725806 -0.00675889 -0.0155696 -0.00275862 0.0039759 -0.0089011
internal_weight=5512 5259 2275 719 1556 2984 1000 1984 253 79 174 83 91
internal_count=5512 5259 2275 719 1556 2984 1000 1984 253 79 174 83 91
is_linear=0
shrinkage=0.03


Tree=157
num_leaves=15
num_cat=0
split_feature=150 69 36 22 138 83 63 109 134 68 34 131 53 143
split_gain=11.1774 19.5716 19.6497 18.9512 22.7274 19.6018 17.2774 15.5815 14.204 17.9705 13.7348 10.9684 9.31104 4.39959
threshold=0.86130922379032271 2.9973491858569976 191.84166666666667 6.4568845532297745 7821.5000000000009 3.2634066049589423 0.39477942428887758 0.23783609591672639 6433.0000000000009 2.7946961714085004 1.0000000180025095e-35 0.09308968555122045 0.17314371378211094 1.566244434404658
decision_type=2 2 2 2 2 2 2 2 2 2 2 2 2 2
left_child=3 11 7 8 5 -5 -4 -3 9 -1 -10 13 -13 -2
right_child=1 2 6 4 -6 -7 -8 -9 10 -11 -12 12 -14 -15
leaf_value=-0.0062102294018060869 -0.0037012876126628156 -0.0073068446482752996 0.033384694196546258 0.013918463101012057 0.058959077809841109 -0.00336625672511327 0.00012200321618976106 0.0054859018716216018 -0.0011409125084085709 0.0076808434213369477 0.0039801678901552392 -0.0062014793283374477 -0.0018994037245665134 -0.012362547789890195
leaf_weight=817 38 104 90 181 66 251 221 66 1562 208 1511 145 222 30
leaf_count=817 38 104 90 181 66 251 221 66 1562 208 1511 145 222 30
internal_value=-0.000707547 -0.00373362 0.00043659 -0.000104439 0.00542169 0.00291667 0.00491961 -0.00776471 -0.000775988 -0.00383415 0.000244061 -0.00834483 -0.00629428 -0.0194118
internal_weight=5512 916 481 4596 498 432 311 170 4098 1025 3073 435 367 68
internal_count=5512 916 481 4596 498 432 311 170 4098 1025 3073 435 367 68
is_linear=0
shrinkage=0.03


Tree=158
num_leaves=15
num_cat=0
split_feature=150 57 14 107 113 29 88 137 142 142 64 98 106 28
split_gain=11.258 15.3483 18.062 16.344 14.5651 32.7918 21.6664 20.0872 19.1963 24.9894 14.0373 11.1514 9.1239 6.70873
threshold=0.86130922379032271 3.0041706249930731 2.4797902636380456 0.32562187923901559 4.317205896699071 2.2351054003972366 134.50000000000003 11525.000000000002 1.3582400023872438 1.8069737184863055 0.68528922180607588 0.52906630628564899 0.087056152475854812 1.3932821688204735
decision_type=2 2 2 2 2 2 2 2 2 2 2 2 2 2
left_child=4 3 -3 11 8 7 -7 -6 12 -10 -4 -2 -1 -5
right_child=1 2 10 13 5 6 -8 -9 9 -11 -12 -13 -14 -15
leaf_value=-0.0015382665754527258 -0.0011291187492171451 0.013704895776138561 -0.003365765959349799 -0.0019324240864307392 0.01312485237025972 0.0088290414673404833 -0.01839285767967834 -0.0078512962993958005 0.024941970892961577 -0.00090107024139811365 0.018432715288965024 -0.0072765863339644202 -0.012069391617046239 -0.011160805547598738
leaf_weight=43 291 40 331 30 950 42 69 104 186 3144 73 96 58 55
leaf_count=43 291 40 331 30 950 42 69 104 186 3144 73 96 58 55
internal_value=-0.000696662 -0.00373362 0.00027027 -0.0075 -9.13838e-05 0.00280687 -0.0127027 0.00444023 -0.00107549 -0.000684685 -0.00163366 -0.00488372 -0.0139604 -0.0194118
internal_weight=5512 916 444 472 4596 1165 111 1054 3431 3330 404 387 101 85
internal_count=5512 916 444 472 4596 1165 111 1054 3431 3330 404 387 101 85
is_linear=0
shrinkage=0.03


Tree=159
num_leaves=13
num_cat=0
split_feature=150 113 29 88 142 142 137 12 49 4 86 141
split_gain=10.6189 14.3039 32.7918 21.6664 19.3007 21.9046 17.7558 12.0857 15.434 12.633 9.84865 9.51826
threshold=0.86130922379032271 4.317205896699071 2.2351054003972366 134.50000000000003 1.3582400023872438 1.8069737184863055 12538.000000000002 2.0240695902711976 271800.00000000006 47.769688336606492 2215.5000000000005 811.00000000000011
decision_type=2 2 2 2 2 2 2 2 2 2 2 2
left_child=1 4 6 -4 10 -6 -3 11 9 -9 -1 -2
right_child=7 2 3 -5 5 -7 -8 8 -10 -11 -12 -13
leaf_value=-0.001424933611174839 0.0063691135370499662 0.012414773871870941 0.0085641702233202679 -0.017841071949287992 0.024193711766172726 -0.00087403813415617147 -0.0094945651083995896 -0.0067216758132248467 0.046964944035559002 -0.000520247713268217 -0.011760442915801778 -0.0010952451867406298
leaf_weight=42 45 980 42 69 186 3144 74 431 33 374 59 33
leaf_count=42 45 980 42 69 186 3144 74 431 33 374 59 33
internal_value=-0.00065312 -6.52742e-05 0.00280687 -0.0127027 -0.00104051 -0.000648649 0.00444023 -0.00360262 -0.00465394 -0.00547826 -0.0139604 0.00769231
internal_weight=5512 4596 1165 111 3431 3330 1054 916 838 805 101 78
internal_count=5512 4596 1165 111 3431 3330 1054 916 838 805 101 78
is_linear=0
shrinkage=0.03


Tree=160
num_leaves=15
num_cat=0
split_feature=103 56 72 46 69 1 66 7 34 1 89 62 1 72
split_gain=10.3988 11.0667 14.2333 15.6175 14.5985 10.951 11.0963 11.0536 11.0259 11.022 12.3544 10.283 21.0539 14.1754
threshold=0.67517324419906422 0.2098565197604384 5.7187466608611066 26.354166666666668 6.9456747817894096 67.747535064574379 1.6731634182908548 1.1654078741460541 1.0000000180025095e-35 64.747951673378722 9286.0000000000018 0.48348009606287762 67.747535064574379 5.068216743885789
decision_type=2 2 2 2 2 2 2 2 2 2 2 2 2 2
left_child=5 2 4 -4 -2 9 7 -7 -8 10 -1 13 -13 -3
right_child=1 11 3 -5 -6 6 8 -9 -10 -11 -12 12 -14 -15
leaf_value=-6.3491314125007912e-05 -0.0014101831802793563 0.00087806222514355201 0.0011265895572375583 0.031652124300665219 -0.0088118472274296335 0.0028598498075293227 1.057782288834741e-05 -0.0027804595476944353 -0.013253296358544596 -0.01048166848741405 -0.0069507664642931288 0.03622677627984381 0.0024913421730896079 -0.0078135319180519733
leaf_weight=122 1334 1314 232 63 209 482 58 520 76 70 36 108 595 293
leaf_count=122 1334 1314 232 63 209 482 58 520 76 70 36 108 595 293
internal_value=-0.000674891 7.2324e-05 -0.00166485 0.00437288 -0.00281918 -0.00294721 -0.00174296 -0.000658683 -0.00985075 -0.00894737 -0.00455696 0.00145455 0.0044808 0.000130678
internal_weight=5512 4148 1838 295 1543 1364 1136 1002 134 228 158 2310 703 1607
internal_count=5512 4148 1838 295 1543 1364 1136 1002 134 228 158 2310 703 1607
is_linear=0
shrinkage=0.03


Tree=161
num_leaves=13
num_cat=0
split_feature=141 138 14 54 70 70 76 65 53 16 91 108
split_gain=9.17475 21.7894 21.1901 19.3999 12.8904 19.6241 16.0024 15.4762 15.2815 15.1418 10.2667 8.50741
threshold=1788.5000000000002 14088.000000000002 3.0587716008278876 1.1720907011635591 1.7429131219838785 1.9065366829979384 4.5357142857142865 0.85149313727094056 0.84828568564944218 3.1049474563644432 1.5005830509111193 0.11990153918131589
decision_type=2 2 2 2 2 2 2 2 2 2 2 2
left_child=4 2 11 -4 6 7 8 -6 -1 -7 -3 -2
right_child=1 10 3 -5 5 9 -8 -9 -10 -11 -12 -13
leaf_value=-0.0083072960371370283 0.01207671025767065 -0.0037868589575498265 0.0068260886744978388 -0.021440343752042339 -0.0060294681122168544 -0.00090833683398496565 0.023970326797490508 0.019132831823511429 0.0090130193744995448 0.065301621228749815 -0.018139270569507159 0.05660749669925412
leaf_weight=363 38 42 610 53 59 3938 36 181 61 52 35 44
leaf_count=363 38 42 610 53 59 3938 36 181 61 52 35 44
internal_value=-0.000587808 0.00233577 0.00390604 0.0021267 -0.00110021 -0.00058156 -0.00586957 0.00775 -0.0075 -0.00108271 -0.0128571 0.0182927
internal_weight=5512 822 745 663 4690 4230 460 240 424 3990 77 82
internal_count=5512 822 745 663 4690 4230 460 240 424 3990 77 82
is_linear=0
shrinkage=0.03


Tree=162
num_leaves=9
num_cat=0
split_feature=55 74 146 0 136 157 112 94
split_gain=11.0191 10.7292 12.8456 13.3341 11.8727 18.2997 10.7406 7.76219
threshold=1.4596099994273783 0.68990384615384626 6.8229125773569779 -0.13242895480562245 192.50000000000003 0.095454545454545472 2.0083179016387018 2.7589579206891877
decision_type=2 2 2 2 2 2 2 2
left_child=1 4 -3 -4 6 -6 -1 -2
right_child=7 2 3 -5 5 -7 -8 -9
leaf_value=-0.0008815324698471605 -0.0035657429619779506 0.029403280148710281 -0.0087680061770204591 -0.0020563544925208178 -0.0090634327952748683 -0.0003998450930666719 0.0039508013774232405 -0.0097196043958411096
leaf_weight=787 54 50 87 1087 162 1710 1523 52
leaf_count=787 54 50 87 1087 162 1710 1523 52
internal_value=-0.000609579 -0.000421754 -0.00289216 -0.00352641 0.000301291 -0.00147436 0.00174026 -0.0101887
internal_weight=5512 5406 1224 1174 4182 1872 2310 106
internal_count=5512 5406 1224 1174 4182 1872 2310 106
is_linear=0
shrinkage=0.03


Tree=163
num_leaves=10
num_cat=0
split_feature=55 103 55 118 69 53 23 146 94
split_gain=10.9441 10.2245 11.0982 18.0592 12.3676 9.35274 14.9105 13.8777 7.76219
threshold=1.4596099994273783 0.67517324419906422 0.2950292515375626 0.45236118274024417 7.4743484021522466 0.2092916084637888 -5.4167187201322635 37.464881629554334 2.7589579206891877
decision_type=2 2 2 2 2 2 2 2 2
left_child=1 5 4 -4 -3 6 -1 -7 -2
right_child=8 2 3 -5 -6 7 -8 -9 -10
leaf_value=0.0054743714941963544 -0.0034587706731186128 -8.4199623421130635e-05 0.0099792815019305453 5.8585065696355463e-05 -0.0058520298469337097 0.00043109352537971447 -0.0044001012783497252 -0.0080888469225307812 -0.0094280162639658778
leaf_weight=116 54 2137 500 1124 301 670 482 76 52
leaf_count=116 54 2137 500 1124 301 670 482 76 52
internal_value=-0.000642235 -0.00045505 0.000295421 0.00221675 -0.000984413 -0.00272321 -0.00551839 -0.000482574 -0.0101887
internal_weight=5512 5406 4062 1624 2438 1344 598 746 106
internal_count=5512 5406 4062 1624 2438 1344 598 746 106
is_linear=0
shrinkage=0.03


Tree=164
num_leaves=8
num_cat=0
split_feature=83 55 4 98 72 62 60
split_gain=9.74315 8.89376 10.7027 12.3035 9.28982 23.1748 12.3452
threshold=8.2672896524666797 1.1304934225502483 19.866251958543568 1.7657346814665125 8.3352733274730308 0.54148390579661265 7.6901585729420985
decision_type=2 2 2 2 2 2 2
left_child=1 4 -3 -4 6 -6 -1
right_child=-2 2 3 -5 5 -7 -8
leaf_value=-0.00023840427921836021 0.021677142362875323 -0.011055895027139519 -0.0067600884251537204 0.019481362702932641 7.2372046287756401e-05 0.055675484205451542 -0.0060402067829875119
leaf_weight=4449 56 32 178 43 233 67 454
leaf_count=4449 56 32 178 43 233 67 454
internal_value=-0.000664006 -0.000791789 -0.00628458 -0.00393665 -0.000524697 0.0046 -0.000838262
internal_weight=5512 5456 253 221 5203 300 4903
internal_count=5512 5456 253 221 5203 300 4903
is_linear=0
shrinkage=0.03


Tree=165
num_leaves=14
num_cat=0
split_feature=55 48 136 20 30 64 157 97 53 110 28 4 25
split_gain=10.1474 12.2761 10.3527 13.9515 13.8422 13.5006 13.1444 16.9856 15.8752 8.42097 11.3556 8.02344 5.78749
threshold=1.1304934225502483 0.66380160733860116 194.50000000000003 1.8337064742927187 1.7483124822697171 0.67877511625866471 1.0000000180025095e-35 0.90887325422662057 2.14861371737662 2.5521828501692627 1.2136301201085804 32.581762224301421 -1.0815963837133282
decision_type=2 2 2 2 2 2 2 2 2 2 2 2 2
left_child=2 9 3 4 -1 -5 7 -4 -8 11 -11 -2 -3
right_child=1 12 6 5 -6 -7 8 -9 -10 10 -12 -13 -14
leaf_value=-0.006973245638402366 -0.010069453621432996 -0.003684895489230879 0.0037322272222387915 0.00012380055000258517 0.0033640466705547301 0.009587150816869219 -0.0010853022052498751 -0.010643264985626306 0.049992521872513108 0.026995142627868594 -0.0029603882445196922 -0.00096758946727871034 -0.011947328241577689
leaf_weight=389 30 38 46 1636 169 718 2100 146 55 31 78 35 41
leaf_count=389 30 38 46 1636 169 718 2100 146 55 31 78 35 41
internal_value=-0.00065312 -0.00652174 -0.000370793 0.000824176 -0.00344086 0.00183517 -0.00185343 -0.009375 -0.00118329 -0.00206897 0.00302752 -0.0106154 -0.0163291
internal_weight=5512 253 5259 2912 558 2354 2347 192 2155 174 109 65 79
internal_count=5512 253 5259 2912 558 2354 2347 192 2155 174 109 65 79
is_linear=0
shrinkage=0.03


Tree=166
num_leaves=9
num_cat=0
split_feature=83 61 25 28 110 53 39 89
split_gain=9.14954 10.0304 14.1503 14.6315 10.8148 15.3207 13.0914 8.24706
threshold=8.9727616106228414 0.22170301142263762 -4.9833164696337491 1.216901253411248 1.8535759393624773 0.022776893587604378 0.88145486662417016 2585.5000000000005
decision_type=2 2 2 2 2 2 2 2
left_child=1 2 7 -4 5 -3 -6 -1
right_child=-2 4 3 -5 6 -7 -8 -9
leaf_value=0.0027959501611132523 0.069991529683590167 -0.01583541370833318 -0.0092801420651453977 0.010299609346338638 -0.0050196080165659128 -0.0022916064566740999 -5.9053401033880012e-05 0.04398447891640047
leaf_weight=30 35 50 86 207 241 772 4060 31
leaf_count=30 35 50 86 207 241 772 4060 31
internal_value=-0.000718433 -0.00081614 0.0040678 0.00133106 -0.00115362 -0.00430657 -0.000551035 0.0172131
internal_weight=5512 5477 354 293 5123 822 4301 61
internal_count=5512 5477 354 293 5123 822 4301 61
is_linear=0
shrinkage=0.03


Tree=167
num_leaves=12
num_cat=0
split_feature=55 74 146 0 54 84 11 72 102 109 0
split_gain=10.828 10.0133 13.9714 11.8372 11.7253 16.9791 13.569 9.62559 10.5201 10.3152 6.237
threshold=1.1304934225502483 0.68990384615384626 6.8229125773569779 -0.13242895480562245 0.76947096988798269 2.1603483508166987 2.1658734092967546 3.7392739686956791 0.010627670027443836 0.082842423399778306 0.021111652409022349
decision_type=2 2 2 2 2 2 2 2 2 2 2
left_child=1 4 -3 -4 6 -6 -1 9 -9 -2 -11
right_child=7 2 3 -5 5 -7 -8 8 -10 10 -12
leaf_value=-0.0097222143932472263 0.0019401091042336805 0.028980909388147003 -0.0085004369999160563 -0.0020524803758208052 0.0018179969497746269 0.064218233170756478 -4.742498286488428e-05 0.023000651846450733 -0.010458688625061646 -0.010072132467806401 -0.0017704794022006061
leaf_weight=112 49 49 87 1052 670 57 3232 55 31 74 44
leaf_count=112 49 49 87 1052 670 57 3232 55 31 74 44
internal_value=-0.000696662 -0.00040502 -0.00282828 -0.00350307 0.000302137 0.00375516 -0.000448565 -0.00675889 0.00139535 -0.0109581 -0.0157627
internal_weight=5512 5259 1188 1139 4071 727 3344 253 86 167 118
internal_count=5512 5259 1188 1139 4071 727 3344 253 86 167 118
is_linear=0
shrinkage=0.03


Tree=168
num_leaves=9
num_cat=0
split_feature=83 141 138 68 134 89 150 91
split_gain=9.07154 9.28974 19.2164 17.6602 12.941 22.0101 13.3775 8.729
threshold=8.9727616106228414 1788.5000000000002 14088.000000000002 0.6500519419590497 6679.0000000000009 5402.5000000000009 0.86822414563474881 1.5005830509111193
decision_type=2 2 2 2 2 2 2 2
left_child=1 4 3 -3 5 -1 -6 -4
right_child=-2 2 7 -5 6 -7 -8 -9
leaf_value=-0.0058077158102912358 0.067893206542568418 0.039508186010521057 -0.0037895741645270317 0.0031212873142480689 0.00038171328290381279 0.0045229909488769962 -0.0029576289344044496 -0.017537665564876303
leaf_weight=884 35 76 42 669 2829 314 628 35
leaf_count=884 35 76 42 669 2829 314 628 35
internal_value=-0.00065312 -0.000750411 0.00218978 0.00366443 -0.0012696 -0.00395659 -0.000338444 -0.0120779
internal_weight=5512 5477 822 745 4655 1198 3457 77
internal_count=5512 5477 822 745 4655 1198 3457 77
is_linear=0
shrinkage=0.03


Tree=169
num_leaves=7
num_cat=0
split_feature=36 83 55 97 141 71
split_gain=10.3166 11.5856 10.083 8.50283 7.67521 6.3552
threshold=391.70833333333337 8.9727616106228414 1.4596099994273783 8.9069579749988144 375.50000000000006 3.6855234785093796
decision_type=2 2 2 2 2 2
left_child=1 2 3 -1 -2 -4
right_child=4 -3 5 -5 -6 -7
leaf_value=-8.4541746468256296e-05 -0.0069441692659231767 0.076342824142701146 -0.0054587815654712907 -0.0033546256570656896 -0.00035806096639152241 -0.009822513502729488
leaf_weight=5021 42 33 68 259 53 36
leaf_count=5021 42 33 68 259 53 36
internal_value=-0.000620464 -0.000448588 -0.000557207 -0.000375 -0.0104211 -0.00980769
internal_weight=5512 5417 5384 5280 95 104
internal_count=5512 5417 5384 5280 95 104
is_linear=0
shrinkage=0.03


Tree=170
num_leaves=8
num_cat=0
split_feature=83 66 27 11 61 36 17
split_gain=9.57352 9.25151 15.4896 16.8877 13.7829 19.7555 12.5504
threshold=8.2672896524666797 1.6502940390269984 0.23018237754037249 6.7814955140682605 0.22170301142263762 108.25833333333334 0.18268922980890695
decision_type=2 2 2 2 2 2 2
left_child=1 4 -3 -4 5 -1 -6
right_child=-2 2 3 -5 6 -7 -8
leaf_value=-0.0071594048915284668 0.020813440918772377 0.027521568093274655 -0.0066456529107489937 0.0065059926174550675 -0.0015231298599152347 0.018611761841636165 0.00059767474296070204
leaf_weight=76 56 53 577 129 2200 220 2201
leaf_count=76 56 53 577 129 2200 220 2201
internal_value=-0.000555152 -0.000681818 -0.00375494 -0.00492918 -0.000185225 0.00608108 -0.00060668
internal_weight=5512 5456 759 706 4697 296 4401
internal_count=5512 5456 759 706 4697 296 4401
is_linear=0
shrinkage=0.03


Tree=171
num_leaves=15
num_cat=0
split_feature=103 146 63 55 29 85 137 75 99 136 96 156 145 22
split_gain=9.30851 9.66025 16.6931 16.4143 14.3876 10.9922 10.5762 9.16518 9.62972 10.6288 7.7323 7.55547 13.2704 7.26859
threshold=0.67517324419906422 27.05648063644189 0.87241182350421254 0.16708186655048815 0.42585291918714047 2.7784248262621873 606.50000000000011 0.561434625407503 0.18914618888933124 155.50000000000003 4.4494241021619114 0.45000000000000007 3.7751497097321791 1.9069051337412228
decision_type=2 2 2 2 2 2 2 2 2 2 2 2 2 2
left_child=7 4 3 -3 5 -2 -6 8 -1 -10 -4 13 -13 -9
right_child=1 2 10 -5 6 -7 -8 11 9 -11 -12 12 -14 -15
leaf_value=-0.0061111224499568835 -0.0045607071975312724 -0.0043535839242524691 0.019256652616699597 0.0046030566686719142 -0.0047981674440830116 -0.016080222343877494 0.00026640727326324664 -0.012951380315212396 0.0055308613209412933 -0.00051238079351849017 0.0020955413364018571 0.0046838483541131294 -0.0082843087665559409 -0.0053580439866674394
leaf_weight=246 70 444 93 756 498 40 2215 44 131 688 32 59 61 135
leaf_count=246 70 444 93 756 498 40 2215 44 131 688 32 59 61 135
internal_value=-0.000533382 0.000173578 0.00228679 0.0012 -0.000818278 -0.0114545 -0.000387025 -0.00268328 -0.00138028 0.00018315 0.01272 -0.00732441 -0.0015 -0.0112291
internal_weight=5512 4148 1325 1200 2823 110 2713 1364 1065 819 125 299 120 179
internal_count=5512 4148 1325 1200 2823 110 2713 1364 1065 819 125 299 120 179
is_linear=0
shrinkage=0.03


Tree=172
num_leaves=8
num_cat=0
split_feature=36 73 89 7 22 141 27
split_gain=10.9293 10.3943 8.74285 24.1446 13.7041 7.67868 6.77509
threshold=393.85000000000008 0.91485507246376818 9286.0000000000018 -0.41303544425566935 6.2778054894005733 375.50000000000006 0.9280473896450202
decision_type=2 2 2 2 2 2 2
left_child=1 2 4 -4 -1 -2 -3
right_child=5 6 3 -5 -6 -7 -8
leaf_value=-0.00049106016623841396 -0.0075212003089583273 0.053280767394236019 0.022908399135022534 -0.0064447549731639501 0.0079049630084350401 -0.00032957034587511149 0.0043345971210334011
leaf_weight=4313 33 30 92 438 528 43 35
leaf_count=4313 33 30 92 438 528 43 35
internal_value=-0.000544267 -0.000386313 -0.000530627 -0.00418868 -0.000130138 -0.0118421 0.0115385
internal_weight=5512 5436 5371 530 4841 76 65
internal_count=5512 5436 5371 530 4841 76 65
is_linear=0
shrinkage=0.03


Tree=173
num_leaves=10
num_cat=0
split_feature=36 54 27 89 54 134 19 14 95
split_gain=9.53373 9.16051 18.1176 19.6777 15.7619 14.3422 15.1542 10.0438 7.00634
threshold=393.85000000000008 0.50601702365600743 1.1217893961772243 9807.0000000000018 0.55055684491207479 114938.00000000001 6.1259154120790624 2.5531698109387002 1.0824558895902825
decision_type=2 2 2 2 2 2 2 2 2
left_child=1 5 3 -3 -4 6 -1 -7 -2
right_child=8 2 4 -5 -6 7 -8 -9 -10
leaf_value=-0.0012671170422078775 -0.00081164031096927298 0.0080032160526483914 0.029452352699906915 -0.012672656662040243 -0.0024566999371433513 0.021168452369502069 0.0045800972148208616 -0.0071860941553499539 -0.0061941401081118614
leaf_weight=2750 42 860 98 74 844 37 497 276 34
leaf_count=2750 42 860 98 74 844 37 497 276 34
internal_value=-0.000500726 -0.000353201 0.00134328 0.00430407 -0.00159236 -0.00124719 -0.00065599 -0.00738019 -0.0110526
internal_weight=5512 5436 1876 934 942 3560 3247 313 76
internal_count=5512 5436 1876 934 942 3560 3247 313 76
is_linear=0
shrinkage=0.03


Tree=174
num_leaves=9
num_cat=0
split_feature=83 141 134 54 14 118 64 111
split_gain=8.95516 8.2371 18.7329 15.5882 14.6534 10.3556 10.0721 6.25
threshold=8.9727616106228414 1788.5000000000002 129528.50000000001 0.12358981260639297 5.369206493730629 0.034521409200126266 0.68120471014492767 1.2914954433828023
decision_type=2 2 2 2 2 2 2 2
left_child=1 5 3 -3 -4 7 -7 -1
right_child=-2 2 4 -5 -6 6 -8 -9
leaf_value=-0.0073103904483770177 0.062559178369551605 0.0230676294483067 -0.0002607455365907607 0.00035263985190607359 -0.019896933466493284 -0.0012298742795545236 0.00075945395931629404 -0.012406484351944474
leaf_weight=32 35 209 41 541 31 3227 1364 32
leaf_count=32 35 209 41 541 31 3227 1364 32
internal_value=-0.000555152 -0.000651817 0.00211679 0.00352 -0.0125 -0.00114071 -0.000973644 -0.013125
internal_weight=5512 5477 822 750 72 4655 4591 64
internal_count=5512 5477 822 750 72 4655 4591 64
is_linear=0
shrinkage=0.03


Tree=175
num_leaves=13
num_cat=0
split_feature=103 75 123 47 56 56 62 65 94 69 124 85
split_gain=9.35166 14.7131 12.1492 11.7301 11.0133 9.7049 16.7877 13.7863 7.42824 6.56947 10.0905 9.46521
threshold=0.61272783190487468 0.58680817168700894 0.14561365047059996 7.5000000000000009 0.37002546368120193 0.24899906663337323 0.48348009606287762 1.5327172233448236 2.3803967890941991 3.6788547707004997 0.48155223251471796 1.8506114098951529
decision_type=2 2 2 2 2 2 2 2 2 2 2 2
left_child=1 3 8 4 -1 7 -7 -4 -2 11 -11 -3
right_child=2 9 5 -5 -6 6 -8 -9 -10 10 -12 -13
leaf_value=0.00099915507656701428 3.0276792581465095e-05 -0.0035609122215775608 -0.0039850352537444339 -0.01309452773842794 -0.0030877011326690463 -0.00031853494359136871 0.011423834161703547 0.00075240376906495485 0.030739369876603629 -0.0083254838457864407 0.0045837249489141738 -0.012675335060070647
leaf_weight=631 31 34 1144 33 309 1491 676 983 43 44 31 62
leaf_count=631 31 34 1144 33 309 1491 676 983 43 44 31 62
internal_value=-0.000522496 -0.00293706 0.00010989 -0.00151079 -0.000893617 -9.78109e-05 0.00131518 -0.00153738 0.0121622 -0.0110526 -0.0044 -0.01625
internal_weight=5512 1144 4368 973 940 4294 2167 2127 74 171 75 96
internal_count=5512 1144 4368 973 940 4294 2167 2127 74 171 75 96
is_linear=0
shrinkage=0.03


Tree=176
num_leaves=9
num_cat=0
split_feature=83 103 138 4 66 34 7 146
split_gain=8.96806 8.44388 10.7291 16.784 9.96306 11.8018 10.9665 8.87497
threshold=8.9727616106228414 0.67517324419906422 22011.000000000004 33.770368592943747 1.6731634182908548 1.0000000180025095e-35 1.1654078741460541 7.6653870152421284
decision_type=2 2 2 2 2 2 2 2
left_child=1 4 7 -4 6 -6 -1 -3
right_child=-2 2 3 -5 5 -7 -8 -9
leaf_value=0.00074601879729817571 0.060801954076077393 0.020762726613383582 -0.0083896534352071155 0.0085333781992668525 7.861787103986328e-05 -0.010611711548210266 -0.0029299597882116862 2.2217578598309195e-05
leaf_weight=577 35 154 116 65 64 91 629 3781
leaf_count=577 35 154 116 65 64 91 629 3781
internal_value=-0.000566038 -0.000662772 1.45773e-05 -0.00712707 -0.00271124 -0.00987097 -0.00179104 0.000343075
internal_weight=5512 5477 4116 181 1361 155 1206 3935
internal_count=5512 5477 4116 181 1361 155 1206 3935
is_linear=0
shrinkage=0.03


Tree=177
num_leaves=9
num_cat=0
split_feature=83 138 26 19 148 138 29 103
split_gain=8.99387 8.64213 21.3825 15.68 15.4403 10.5641 20.7154 10.0202
threshold=8.9727616106228414 22011.000000000004 -0.71634715901000934 3.770537930722063 28.500000000000004 16991.500000000004 1.4220763465993376 0.67517324419906422
decision_type=2 2 2 2 2 2 2 2
left_child=1 5 4 -4 -3 7 -7 -1
right_child=-2 2 3 -5 -6 6 -8 -9
leaf_value=-0.0018711282627842474 0.058977895453795073 -0.0099941192820795777 -0.0061885949630703947 0.01692881350830943 0.0016318816522588051 -0.0039793101634813931 0.021624431962037387 2.1551051240359385e-05
leaf_weight=1253 35 114 30 45 42 75 145 3773
leaf_count=1253 35 114 30 45 42 75 145 3773
internal_value=-0.000587808 -0.000684681 -0.00636364 0.0068 -0.0126923 -0.000434617 0.006 -0.000716275
internal_weight=5512 5477 231 75 156 5246 220 5026
internal_count=5512 5477 231 75 156 5246 220 5026
is_linear=0
shrinkage=0.03


Tree=178
num_leaves=9
num_cat=0
split_feature=36 134 137 70 53 70 108 101
split_gain=9.39653 8.51995 14.6116 10.0387 16.3313 15.1204 9.23642 8.35088
threshold=393.85000000000008 433.50000000000006 1341.5000000000002 1.7429131219838785 0.84627306777097211 2.1827884936782787 0.097716762432462731 1.0710661264337107
decision_type=2 2 2 2 2 2 2 2
left_child=1 2 -1 4 -3 -5 -4 -2
right_child=7 3 6 5 -6 -7 -8 -9
leaf_value=-0.0072158711699825597 -0.0001579261816114163 -0.006768069223397415 -0.0011576983251242055 0.0051006143251062265 0.013229103338038848 -0.00072834648094499959 0.03460646741341588 -0.0045818376161332452
leaf_weight=36 34 451 35 895 75 3866 78 42
leaf_count=36 34 451 35 895 75 3866 78 42
internal_value=-0.000576923 -0.000430464 0.0066443 -0.000629847 -0.00456274 -0.000195337 0.0119469 -0.0110526
internal_weight=5512 5436 149 5287 526 4761 113 76
internal_count=5512 5436 149 5287 526 4761 113 76
is_linear=0
shrinkage=0.03


Tree=179
num_leaves=15
num_cat=0
split_feature=150 57 26 88 147 29 22 121 29 109 118 15 146 41
split_gain=9.85667 14.0008 14.8046 27.4235 14.2598 10.9835 10.9172 25.8375 17.6274 13.2377 13.1862 13.7485 10.8494 10.062
threshold=0.88484893815761789 1.8907882714146549 -0.85275363878217048 331.50000000000006 40.248932513030333 1.6549206187098571 6.2778054894005733 0.48835854068412216 2.254239174317163 0.12050233603217168 0.19309679586512254 0.26970546741806772 21.841440334641231 0.78793062036986761
decision_type=2 2 2 2 2 2 2 2 2 2 2 2 2 2
left_child=6 4 3 -3 5 -2 10 9 -9 -8 11 -1 -12 -4
right_child=1 2 13 -5 -6 -7 7 8 -10 -11 12 -13 -14 -15
leaf_value=-0.005815553266506175 -0.0091681145019756327 0.0071714383706278804 0.0024178252717357461 -0.0062938237603681595 0.0087497161799557823 -0.0043180352967490711 -0.01706798731497387 0.018948568487586082 -0.0044700195071201241 0.00027993046938318831 -0.0010938354978560561 0.0047881441599107542 0.0015492322309174321 -0.0062731757404237551
leaf_weight=397 104 225 37 37 36 66 73 313 47 192 2117 80 1609 179
leaf_count=397 104 225 37 37 36 66 73 313 47 192 2117 80 1609 179
internal_value=-0.000576923 -0.00394737 -0.00112971 0.00366412 -0.0104854 -0.0141176 -9.942e-05 0.0036 0.00883333 -0.00350943 -0.000649536 -0.00534591 -4.83092e-05 -0.00694444
internal_weight=5512 684 478 262 206 170 4828 625 360 265 4203 477 3726 216
internal_count=5512 684 478 262 206 170 4828 625 360 265 4203 477 3726 216
is_linear=0
shrinkage=0.03


Tree=180
num_leaves=15
num_cat=0
split_feature=150 39 145 29 136 113 89 146 118 63 105 11 23 66
split_gain=8.39311 14.102 12.8209 23.6105 28.7903 17.0722 16.7277 12.211 13.7241 12.5829 11.6871 9.42769 12.5685 6.15842
threshold=0.86544463146083184 2.3273534363650215 4.1582862172555055 2.2351054003972366 134.50000000000003 3.7146633874856239 11505.500000000002 26.685434758353846 0.66989069024809644 0.5251582278481014 0.04576693634275409 5.8245108961401746 -0.42044264590355263 0.85133781235266393
decision_type=2 2 2 2 2 2 2 2 2 2 2 2 2 2
left_child=2 7 5 6 -5 10 -4 9 -9 -2 -1 -3 -13 -7
right_child=1 11 3 4 -6 13 -8 8 -10 -11 -12 12 -14 -15
leaf_value=0.0027231828970635374 -0.0061340334942458609 -0.01100661149851722 0.0086362347020227086 0.010143649023110117 -0.015555692059616448 -0.0003349185266779542 -0.0058993800865046325 -0.0046171475678313803 0.0091261049833909844 0.0019584852332719502 -0.0011579903261561214 -0.0054351403605162642 0.0056811855839879587 -0.014460187226687729
leaf_weight=819 133 66 1178 56 75 31 129 138 279 81 2266 142 34 85
leaf_count=819 133 66 1178 56 75 31 129 138 279 81 2266 142 34 85
internal_value=-0.000566038 -0.0032646 -5.82022e-05 0.00229485 -0.00984733 -0.00111528 0.00351186 -0.000903328 0.00208633 -0.00672897 -0.000690438 -0.00942149 -0.00579545 -0.0124138
internal_weight=5512 873 4639 1438 131 3201 1307 631 417 214 3085 242 176 116
internal_count=5512 873 4639 1438 131 3201 1307 631 417 214 3085 242 176 116
is_linear=0
shrinkage=0.03


Tree=181
num_leaves=13
num_cat=0
split_feature=55 61 25 113 53 26 89 105 16 16 138 89
split_gain=9.30501 8.97017 14.9538 13.7643 11.4265 17.8527 10.3476 8.32622 8.0112 7.70775 7.19784 6.66667
threshold=1.1942061157480428 0.21430242663279633 -4.9833164696337491 2.5477762465183424 0.0054887532578713552 -0.90018106871053161 9286.0000000000018 0.033663444601778371 0.25457434687679054 -0.32095907838256671 3252.5000000000005 2642.5000000000005
decision_type=2 2 2 2 2 2 2 2 2 2 2 2
left_child=1 2 11 -4 5 -3 -6 -2 9 -9 -10 -1
right_child=7 4 3 -5 6 -7 -8 8 10 -11 -12 -13
leaf_value=0.0047977015627106599 0.01575557595380515 -0.01126421727909588 0.022408956736049677 -0.007242750052380959 8.6444044010391964e-06 0.00079865604796127635 -0.0053103054378405273 -0.0039768603499640183 -0.01732690150559648 0.0027239753934334152 -0.0052103718010620649 0.042976247930203791
leaf_weight=30 32 93 132 128 4362 69 447 78 35 35 41 30
leaf_count=30 32 93 132 128 4362 69 447 78 35 35 41 30
internal_value=-0.000620464 -0.00036855 0.0045 0.00138462 -0.000681955 -0.00851852 -0.000417966 -0.00665158 -0.00904762 -0.0039823 -0.0165789 0.018
internal_weight=5512 5291 320 260 4971 162 4809 221 189 113 76 60
internal_count=5512 5291 320 260 4971 162 4809 221 189 113 76 60
is_linear=0
shrinkage=0.03


Tree=182
num_leaves=12
num_cat=0
split_feature=75 81 0 116 82 110 64 138 69 74 92
split_gain=7.80693 12.9867 10.957 11.4951 9.04597 14.9654 10.1267 12.7608 9.72486 8.08447 7.54862
threshold=0.49285825387245141 0.041635262097153423 -0.17359205358943028 8.5000000000000018 35221.925888596787 3.2506686533252691 0.73694694904592162 1622.0000000000002 1.1623855115857706 0.69504830917874405 1.2381530475773925
decision_type=2 2 2 2 2 2 2 2 2 2 2
left_child=1 9 -3 -4 6 -6 8 -8 -2 10 -1
right_child=4 2 3 -5 5 -7 7 -9 -10 -11 -12
leaf_value=0.0272516457936815 -0.008226673443850599 -0.0067733387376151472 0.00050668670855773528 -0.0053908727816978337 -0.0068759982078660008 0.034068918959146779 0.01494444067891207 -0.0009073093535220155 -0.0014434791110832436 -0.0026285200682978054 0.0053165342616352191
leaf_weight=31 217 46 1834 90 42 32 209 600 2244 32 135
leaf_count=31 217 46 1834 90 42 32 209 600 2244 32 135
internal_value=-0.000544267 0.000857934 0.000121827 0.000467775 -0.00145335 0.00891892 -0.00168807 0.00122373 -0.00264527 0.00818182 0.0108434
internal_weight=5512 2168 1970 1924 3344 74 3270 809 2461 198 166
internal_count=5512 2168 1970 1924 3344 74 3270 809 2461 198 166
is_linear=0
shrinkage=0.03


Tree=183
num_leaves=13
num_cat=0
split_feature=77 72 18 54 83 95 138 60 141 65 58 156
split_gain=7.98398 20.0177 15.2924 14.691 14.5525 13.6012 12.3644 13.7119 11.0126 16.1008 11.1483 10.4762
threshold=2.5000000000000004 2.5915576421168276 -4.5340592844288432 0.070702391606224893 2.6887798201740778 3.1115307793429685 22011.000000000004 5.4082492509069082 1788.5000000000002 2.7920114692915869 2.8020913332020605 0.70833333333333337
decision_type=2 2 2 2 2 2 2 2 2 2 2 2
left_child=1 3 -3 -1 -5 -4 8 11 10 -10 -2 -8
right_child=6 2 5 4 -6 -7 7 -9 9 -11 -12 -13
leaf_value=-0.005586247108688467 -0.0023915304584589182 0.011708239224356288 -0.00070420168715949576 -0.004746514846435514 0.024291073539426222 -0.02335081079037097 0.0085177318583261157 -0.0092063478728064696 0.011564023438998667 -0.0060851935719517967 0.00018074538426879116 -0.0085181649803938407
leaf_weight=50 2121 53 275 35 253 86 70 40 537 149 1759 84
leaf_count=50 2121 53 275 35 253 86 70 40 537 149 1759 84
internal_value=-0.000478955 0.00239362 -0.00202899 0.00781065 0.0104167 -0.00423823 -0.000932773 -0.00835052 -0.000617608 0.0028863 -0.00123711 -0.00428571
internal_weight=5512 752 414 338 288 361 4760 194 4566 686 3880 154
internal_count=5512 752 414 338 288 361 4760 194 4566 686 3880 154
is_linear=0
shrinkage=0.03


Tree=184
num_leaves=9
num_cat=0
split_feature=83 14 84 20 17 102 83 95
split_gain=7.98335 9.20906 16.1688 16.1076 13.7632 13.2184 13.0736 11.0777
threshold=8.2672896524666797 2.3951421064272687 1.1876517944588325 4.2864583301954697 2.8012630370997313 0.0046098445651503251 2.7400316140040939 2.1488842594108872
decision_type=2 2 2 2 2 2 2 2
left_child=1 2 6 7 -4 -5 -1 -3
right_child=-2 3 4 5 -6 -7 -8 -9
leaf_value=0.013207810819742257 0.019501787455353699 -0.00064789574596245229 0.0057844444861879212 0.00656278544021212 0.053470840549540134 -0.010382241107650854 -0.0041278208950519032 0.0031931253177527427
leaf_weight=82 56 3799 149 93 69 295 276 693
leaf_count=82 56 3799 149 93 69 295 276 693
internal_value=-0.000555152 -0.000670821 0.00291667 -0.00109426 0.0093578 -0.00695876 -0.00100559 -0.000587711
internal_weight=5512 5456 576 4880 218 388 358 4492
internal_count=5512 5456 576 4880 218 388 358 4492
is_linear=0
shrinkage=0.03


Tree=185
num_leaves=9
num_cat=0
split_feature=55 138 27 3 21 83 17 102
split_gain=7.54125 8.44876 22.9717 15.9874 10.1035 13.5361 12.1229 7.39623
threshold=1.4596099994273783 22011.000000000004 2.7454207547779244 0.95113078380560057 6.1868634906267692 6.5932089111497696 4.0969457409427843 0.0073547075592506695
decision_type=2 2 2 2 2 2 2 2
left_child=1 4 3 -3 5 -1 -6 -2
right_child=7 2 -4 -5 6 -7 -8 -9
leaf_value=2.2296300920468524e-05 -0.0098658937325980071 0.00012684847615778593 0.026602603211788395 -0.008623469632917314 -0.010821682404385512 0.026552819325047428 0.0022721136697779433 -0.00073016579172299474
leaf_weight=4804 53 80 33 124 181 42 142 53
leaf_count=4804 53 80 33 124 181 42 142 53
internal_value=-0.000566038 -0.000410655 -0.00594937 -0.00970588 -0.000156703 0.00018572 -0.00529412 -0.00849057
internal_weight=5512 5406 237 204 5169 4846 323 106
internal_count=5512 5406 237 204 5169 4846 323 106
is_linear=0
shrinkage=0.03


Tree=186
num_leaves=15
num_cat=0
split_feature=103 56 70 72 49 27 68 66 34 19 7 149 109 105
split_gain=7.32964 10.9843 14.6748 15.4187 11.6648 14.8989 12.5656 10.7889 11.8018 12.298 10.0867 15.8304 14.7662 7.75092
threshold=0.67517324419906422 0.21594301336855598 1.5367273480448378 5.7187466608611066 84600.000000000015 0.80673110130235004 1.808717948717949 1.6731634182908548 1.0000000180025095e-35 3.0261828288961086 1.1654078741460541 41.500000000000007 0.013148533956515022 0.058466747833825432
decision_type=2 2 2 2 2 2 2 2 2 2 2 2 2 2
left_child=7 2 -2 -4 6 -6 -3 10 9 -9 11 -1 -12 -10
right_child=1 4 3 -5 5 -7 -8 8 13 -11 12 -13 -14 -15
leaf_value=9.7028312006008506e-05 -0.011362174412677038 -0.0020756592397236152 -0.0016336639664616881 0.0055632067283026233 0.022871655337022317 0.00059939639664775834 0.0037048064204914955 -0.010389661430482406 -0.0095967156281195412 0.007939749793930773 0.033049611398272463 0.028229940170080882 -0.0030663647162134022 -0.012214270107876563
leaf_weight=546 85 957 1507 281 203 430 685 30 52 34 33 31 599 39
leaf_count=546 85 957 1507 281 203 430 685 30 52 34 33 31 599 39
internal_value=-0.000511611 0.000115718 -0.00158569 -0.00100671 0.00151648 0.0049763 0.000182704 -0.00241935 -0.00987097 0 -0.00146402 0.00140381 -0.00408228 -0.0168132
internal_weight=5512 4148 1873 1788 2275 633 1642 1364 155 64 1209 577 632 91
internal_count=5512 4148 1873 1788 2275 633 1642 1364 155 64 1209 577 632 91
is_linear=0
shrinkage=0.03


Tree=187
num_leaves=10
num_cat=0
split_feature=55 55 54 112 56 63 4 61 42
split_gain=8.10306 10.243 9.63393 12.3453 14.9944 9.32794 16.6249 9.70012 5.57666
threshold=1.1304934225502483 1.081480082398276 0.12588987408179406 2.0083179016387018 0.21199245645159073 0.23304553683331017 48.819208208934469 0.22170301142263762 0.68788861707328286
decision_type=2 2 2 2 2 2 2 2 2
left_child=1 5 -2 8 -5 6 -1 -7 -4
right_child=2 -3 3 4 -6 7 -8 -9 -10
leaf_value=0.0010306296373813961 -0.0087435550204066886 0.020815593611133318 0.011171247296992209 -0.0098137005706779076 8.7683538291690174e-05 0.0070646704235006628 0.027598001629307454 -0.00058675913546426205 -0.0029410675262025771
leaf_weight=265 49 50 37 61 76 309 68 4567 30
leaf_count=265 49 50 37 61 76 309 68 4567 30
internal_value=-0.000566038 -0.000313748 -0.00581028 -0.00294118 -0.00810219 -0.000443463 0.00441441 -0.000775226 0.00761194
internal_weight=5512 5259 253 204 137 5209 333 4876 67
internal_count=5512 5259 253 204 137 5209 333 4876 67
is_linear=0
shrinkage=0.03


Tree=188
num_leaves=8
num_cat=0
split_feature=36 8 83 134 29 128 106
split_gain=8.94421 9.53049 9.23848 8.12642 6.77139 10.0071 6.17775
threshold=391.70833333333337 -9.6781067612126357 8.9727616106228414 433.50000000000006 1.9460349767790801 0.17897352348828868 0.13334385379820077
decision_type=2 2 2 2 2 2 2
left_child=1 6 3 -3 5 -2 -1
right_child=4 2 -4 -5 -6 -7 -8
leaf_value=-0.0066067043270113188 -0.0054169089801293117 0.017946209756455358 0.065391149389316366 -0.00033475194745413939 0.00016759452312211981 -0.0040730648824014318 -0.0013563484862441201
leaf_weight=30 34 139 33 5184 30 31 31
leaf_count=30 34 139 33 5184 30 31 31
internal_value=-0.000664006 -0.000503969 -0.000369679 -0.000467781 -0.00978947 -0.0152308 -0.0122951
internal_weight=5512 5417 5356 5323 95 65 61
internal_count=5512 5417 5356 5323 95 65 61
is_linear=0
shrinkage=0.03


Tree=189
num_leaves=13
num_cat=0
split_feature=55 105 156 23 58 74 0 99 121 77 149 12
split_gain=8.45409 10.32 9.75153 13.1273 9.20654 8.8447 13.3008 13.8076 12.0658 14.6647 12.1847 10.7875
threshold=1.1942061157480428 0.033663444601778371 0.45000000000000007 -1.8675806208597439 2.5612629512057579 0.68990384615384626 -0.13242895480562245 0.34524984786915697 0.13798239906858886 12.500000000000002 26.500000000000004 3.8378036009195715
decision_type=2 2 2 2 2 2 2 2 2 2 2 2
left_child=5 -2 4 -4 -3 8 7 -7 10 -10 -1 -8
right_child=1 2 3 -5 -6 6 11 -9 9 -11 -12 -13
leaf_value=-0.006661214178296241 0.014990251592058523 -0.01496517978817696 -0.0064228932805551319 0.0011429680733329739 -0.00062492880578301016 0.00023670217699330753 -0.00014434696158377946 -0.009555845717121824 0.0026807088030343972 -0.00058202241018749158 0.0037859833629248049 -0.0060396346896478053
leaf_weight=239 32 49 55 55 30 35 850 54 2062 1725 71 255
leaf_count=239 32 49 55 55 30 35 850 54 2062 1725 71 255
internal_value=-0.00063135 -0.00638009 -0.00904762 -0.00327273 -0.0170886 -0.00039123 -0.00266332 -0.0138202 0.00027093 0.000736731 -0.00541935 -0.00176471
internal_weight=5512 221 189 110 79 5291 1194 89 4097 3787 310 1105
internal_count=5512 221 189 110 79 5291 1194 89 4097 3787 310 1105
is_linear=0
shrinkage=0.03


Tree=190
num_leaves=10
num_cat=0
split_feature=36 97 22 138 60 78 83 124 49
split_gain=7.92877 7.68638 9.75686 16.2829 14.4861 6.53306 6.37317 7.39883 6.13936
threshold=391.70833333333337 12.155358844955908 6.2778054894005733 7164.5000000000009 7.0414783922313147 0.11355577047066411 4.8369791880723758 0.50203812219474475 23400.000000000004
decision_type=2 2 2 2 2 2 2 2 2
left_child=1 2 4 -4 -1 -3 7 -2 -7
right_child=6 5 3 -5 -6 8 -8 -9 -10
leaf_value=-5.1654769870755346e-05 -0.00345225074956855 -0.0092878325483023213 0.00030105121987231365 0.03746450517609818 -0.0060327861211484412 0.0070377428874116438 -0.0082148628389200565 0.00058635786761091044 -0.010208974662045804
leaf_weight=3818 33 37 778 101 619 31 31 31 33
leaf_count=3818 33 37 778 101 619 31 31 31 33
internal_value=-0.000566038 -0.000415359 -0.000259594 0.00262799 -0.000831643 -0.00861386 -0.00915789 -0.00375 -0.0028125
internal_weight=5512 5417 5316 879 4437 101 95 64 64
internal_count=5512 5417 5316 879 4437 101 95 64 64
is_linear=0
shrinkage=0.03


Tree=191
num_leaves=9
num_cat=0
split_feature=8 107 29 67 107 132 72 106
split_gain=7.9904 8.61486 22.8884 16.5488 13.2535 14.117 9.24928 8.36582
threshold=-9.6781067612126357 0.048490434851258091 2.2351054003972366 3.8245482866043621 0.050914767158154448 0.64156329732972217 3.9300133692640991 0.13334385379820077
decision_type=2 2 2 2 2 2 2 2
left_child=7 2 3 -2 -3 -6 -4 -1
right_child=1 4 6 -5 5 -7 -8 -9
leaf_value=-0.0067642204571010771 -0.00041044445526580595 0.040084916422691817 -0.01598750634592995 -0.017626062072640156 -0.0010984705891368108 0.0010302687593259907 -0.0021569495259284432 -0.00035815153493042653
leaf_weight=31 1250 39 56 45 1701 2325 30 35
leaf_count=31 1250 39 56 45 1701 2325 30 35
internal_value=-0.000533382 -0.000407639 -0.00245474 -0.00145946 0.000287823 0.000119225 -0.0174419 -0.0109091
internal_weight=5512 5446 1381 1295 4065 4026 86 66
internal_count=5512 5446 1381 1295 4065 4026 86 66
is_linear=0
shrinkage=0.03


Tree=192
num_leaves=11
num_cat=0
split_feature=55 110 74 110 107 4 14 106 107 42
split_gain=8.74468 10.0691 10.951 9.26518 8.16598 11.9164 9.48486 16.3249 12.3081 7.27026
threshold=1.1942061157480428 2.453052260638827 0.63961038961038974 1.6099490019419087 0.72604554955136702 30.553931855822025 2.3951421064272687 0.81747255782333483 0.44447577648813075 0.43553194683593688
decision_type=2 2 2 2 2 2 2 2 2 2
left_child=4 3 9 -2 6 -6 7 -1 -8 -3
right_child=1 2 -4 -5 5 -7 8 -9 -10 -11
leaf_value=0.0062664104491503827 -0.00089823160338744264 0.0045011670396681832 0.0060713129875232157 -0.011224157623819645 -0.0027236698124590642 0.021416799906023687 -0.00024199926012018755 -0.012327765824421372 -0.0043598568653613794 -0.006677851819257897
leaf_weight=506 31 32 52 43 31 45 4276 59 374 63
leaf_count=506 31 32 52 43 31 45 4276 59 374 63
internal_value=-0.000533382 -0.00638009 -0.00183673 -0.0154054 -0.00028917 0.00947368 -0.000431448 0.00323894 -0.000877419 -0.00789474
internal_weight=5512 221 147 74 5291 76 5215 565 4650 95
internal_count=5512 221 147 74 5291 76 5215 565 4650 95
is_linear=0
shrinkage=0.03


Tree=193
num_leaves=15
num_cat=0
split_feature=103 138 26 90 20 113 107 107 26 108 46 104 59 104
split_gain=8.20083 9.69533 14.7738 11.0779 10.317 21.5156 11.7234 9.27194 9.04613 13.2348 10.592 8.54271 17.1427 12.8598
threshold=0.67517324419906422 22011.000000000004 -0.71634715901000934 2.5884367202925875 4.3217442071405818 0.98018231923510524 0.025815148612349324 0.12408223085973778 -0.34672631195204068 0.03438405441939741 42.550000000000004 0.93680975181406045 1.5607587712390549 0.89087747518691762
decision_type=2 2 2 2 2 2 2 2 2 2 2 2 2 2
left_child=8 4 7 -4 6 -6 -2 -3 11 -10 -11 13 -13 -1
right_child=1 2 3 -5 5 -7 -8 -9 9 10 -12 12 -14 -15
leaf_value=-0.0010994826769783383 -0.00333601413235955 -0.0029628920325440811 -0.0033327886031461105 0.01898330503356508 0.058177139634245464 -0.0066509514756658778 0.0013617203292206352 -0.0091536161279934837 -0.0099986532370897989 -0.0074555103106772836 0.0049195440767523619 -0.0014831014864286006 0.013581222571884096 -0.011432290277545666
leaf_weight=995 644 71 32 33 33 368 2914 53 33 58 51 75 109 43
leaf_count=995 644 71 32 33 33 368 2914 53 33 58 51 75 109 43
internal_value=-0.000533382 0.000130183 -0.00650794 0.00507692 0.000447083 -0.00411471 0.000961214 -0.0125806 -0.00255132 -0.00971831 -0.0046789 -0.00171849 0.00423913 -0.00277457
internal_weight=5512 4148 189 65 3959 401 3558 124 1364 142 109 1222 184 1038
internal_count=5512 4148 189 65 3959 401 3558 124 1364 142 109 1222 184 1038
is_linear=0
shrinkage=0.03


Tree=194
num_leaves=11
num_cat=0
split_feature=135 20 125 30 150 112 118 132 112 82
split_gain=8.04417 13.9588 12.3507 17.5811 12.2199 9.47381 14.2989 9.02473 12.5268 11.3606
threshold=169.50000000000003 5.8754399194282021 0.031938969117707078 0.73601644047060588 0.5657535941277444 5.5843186003597109 0.72349144008497823 0.64156329732972217 1.3663837225100444 2.9801691556047203
decision_type=2 2 2 2 2 2 2 2 2 2
left_child=5 2 3 -2 -4 7 -7 9 -9 -1
right_child=1 -3 4 -5 -6 6 -8 8 -10 -11
leaf_value=-0.0042589911645181978 0.0072446880526608011 0.034241436824905352 -0.010289794600660401 -0.002228193126819582 0.0156657713627101 -0.023989887096891184 0.0035696925905066706 -0.0055931649674674302 0.0017025010452933142 0.00022090963422208176
leaf_weight=595 171 56 129 748 44 31 36 202 2477 1023
leaf_count=595 171 56 129 748 44 31 36 202 2477 1023
internal_value=-0.000587808 -0.0028223 -0.00357143 -0.00218716 -0.0109249 0 -0.011194 0.00017454 0.001243 -0.00159456
internal_weight=5512 1148 1092 919 173 4364 67 4297 2679 1618
internal_count=5512 1148 1092 919 173 4364 67 4297 2679 1618
is_linear=0
shrinkage=0.03


Tree=195
num_leaves=14
num_cat=0
split_feature=103 108 29 4 13 53 4 62 97 0 7 63 150
split_gain=7.63013 11.5388 14.6671 9.075 8.9633 14.2867 14.997 9.32357 18.3725 11.1122 8.93255 8.89328 10.3236
threshold=0.61272783190487468 0.05895231172806243 0.92532796449941135 36.449263121817715 6.3151718616870225 1.4904875115112743 36.844083673393314 0.74010246856078254 2.4858156999639314 0.89395296092457388 1.3561803094116824 0.87585616438356173 0.013246193315438156
decision_type=2 2 2 2 2 2 2 2 2 2 2 2 2
left_child=1 2 3 -1 7 6 -6 9 -9 -2 -4 12 -3
right_child=4 11 10 -5 5 -7 -8 8 -10 -11 -12 -13 -14
leaf_value=0.011929300577119157 9.536113024667614e-05 0.040495579901383597 -0.0021568866164533838 -0.0081925193695641194 -0.011533076435878815 0.042132802668423203 0.0063473310655300774 -0.0047593339503609012 0.051700664377743295 -0.013937061199642806 -0.006217230326326411 -0.0068645098935698218 -0.00044431626030415783
leaf_weight=48 3851 34 101 32 177 31 114 78 84 33 110 45 774
leaf_count=48 3851 34 101 32 177 31 114 78 84 33 110 45 774
internal_value=-0.000598694 -0.00277972 -0.00793814 0.003 -2.74725e-05 -0.00484472 -0.00690722 0.000355907 0.00740741 6.1792e-05 -0.0120853 -0.00101993 -0.00029703
internal_weight=5512 1144 291 80 4368 322 291 4046 162 3884 211 853 808
internal_count=5512 1144 291 80 4368 322 291 4046 162 3884 211 853 808
is_linear=0
shrinkage=0.03


Tree=196
num_leaves=15
num_cat=0
split_feature=106 150 7 108 94 37 6 64 109 146 121 132 142 26
split_gain=7.17392 22.3441 22.1786 18.0564 12.6953 19.0901 14.8447 14.0021 12.318 10.7071 10.4055 8.76216 7.93036 7.69772
threshold=0.093308786502407592 0.88928317732921802 7.3360063805883433 0.057490951427334187 9.3216574035297519 5.0818145394989376 5.5000000000000009 0.67556188104133319 0.11802109410944633 34.471766132078194 0.46542686397268074 0.79974376280644199 3.6319170689749467 -1.5149203246479879
decision_type=2 2 2 2 2 2 2 2 2 2 2 2 2 2
left_child=1 2 3 -1 5 6 -2 8 -6 12 -7 -4 -3 -9
right_child=4 9 11 -5 7 10 -8 13 -10 -11 -12 -13 -14 -15
leaf_value=-0.001846982434204355 -0.0033752032937413557 -0.0041310619031754018 -0.0042853357173450908 0.0090218386028890225 0.013136040351177897 -0.0010831722267489164 1.2820229466492526e-06 0.047628392261173408 -0.0046434262529748641 -0.00058483458052476412 -0.015435818589330139 -0.012967842265495046 -0.013363840632270512 0.0047275941514030679
leaf_weight=302 1150 31 32 849 79 51 2653 46 86 57 71 31 32 42
leaf_count=302 1150 31 32 849 79 51 2653 46 86 57 71 31 32 42
internal_value=-0.000566038 0.00134933 0.00257002 0.00351868 -0.0011776 -0.00159745 -0.00122272 0.00533597 0.000181818 -0.011 -0.0132787 -0.0147619 -0.0195238 0.015
internal_weight=5512 1334 1214 1151 4178 3925 3803 253 165 120 122 63 63 88
internal_count=5512 1334 1214 1151 4178 3925 3803 253 165 120 122 63 63 88
is_linear=0
shrinkage=0.03


Tree=197
num_leaves=11
num_cat=0
split_feature=82 56 142 113 83 0 36 64 26 102
split_gain=8.87645 10.4694 11.7382 8.42691 14.5606 12.4728 9.07552 10.7025 10.2329 6.76
threshold=35221.925888596787 0.30672474660992838 3.4266423770120458 10.24632880957836 3.3381508753853772 1.0000000180025095e-35 390.09166666666675 0.60426152385930654 -0.97572329450285578 0.012047178767604907
decision_type=2 2 2 2 2 2 2 2 2 2
left_child=3 2 -2 6 5 -5 7 -1 -8 -6
right_child=1 -3 -4 4 9 -7 8 -9 -10 -11
leaf_value=-0.00066626270526936769 -0.0069084281070115961 0.02048689840033327 0.031392348050422042 -0.0014384827624500688 -0.0041711141163466373 0.03005858250394166 -0.0060154649874571663 0.0012062680484642375 0.001078625856869454 -0.014040974572333829
leaf_weight=2940 58 58 44 86 50 34 85 2064 43 50
leaf_count=2940 58 58 44 86 50 34 85 2064 43 50
internal_value=-0.000587808 0.006375 0.000588235 -0.000795964 -0.00654545 0.0005 -0.000549493 -0.000347722 -0.0084375 -0.015
internal_weight=5512 160 102 5352 220 120 5132 5004 128 100
internal_count=5512 160 102 5352 220 120 5132 5004 128 100
is_linear=0
shrinkage=0.03


Tree=198
num_leaves=13
num_cat=0
split_feature=113 67 71 59 93 86 72 131 123 93 15 62
split_gain=7.93184 13.6215 20.1228 10.0708 8.69479 20.7975 18.9932 10.7933 12.5834 9.77154 6.75868 4.26667
threshold=10.24632880957836 1.9052574472282504 3.0026965585687475 2.1730759541790809 5.2496341352771472 110710.00000000001 3.7162309727842939 2.1290881602418259 1.1432377308305206 2.4331970998698895 3.3292195230957309 0.25031645569620259
decision_type=2 2 2 2 2 2 2 2 2 2 2 2
left_child=4 2 3 -2 7 6 -6 8 -1 -9 -4 -7
right_child=1 -3 10 -5 5 11 -8 9 -10 -11 -12 -13
leaf_value=-0.00038012985287647625 -0.0069089639988686325 -0.011382181038998681 -0.0093458332654275007 0.032091965272331768 0.00037796983927444126 -0.0015324121494088576 0.033860070363181817 -0.018231429973437394 0.019259733960001604 0.0092950237286557862 -0.0019145203508351763 -0.016035428185268694
leaf_weight=4481 31 52 35 41 429 30 167 77 42 32 65 30
leaf_count=4481 31 52 35 41 429 30 167 77 42 32 65 30
internal_value=-0.00063135 -0.00616071 -0.00209302 0.01 -0.000397126 0.00283537 0.0045302 -0.000854922 -0.000630113 -0.0101835 -0.0108 -0.014
internal_weight=5512 224 172 72 5288 656 596 4632 4523 109 100 60
internal_count=5512 224 172 72 5288 656 596 4632 4523 109 100 60
is_linear=0
shrinkage=0.03


Tree=199
num_leaves=15
num_cat=0
split_feature=150 57 107 147 145 29 112 137 113 131 134 110 106 28
split_gain=8.86347 12.8586 12.8761 12.8989 12.0221 25.9596 26.9878 16.8621 14.2945 12.1115 11.788 14.8917 7.38255 7.16834
threshold=0.86341335803402863 1.8907882714146549 0.31696882822364486 40.248932513030333 4.1582862172555055 2.2351054003972366 1.7026513406309689 12147.500000000002 3.7146633874856239 2.1290881602418259 13254.000000000002 3.5785243405516378 0.7586625987347978 1.3858388927515068
decision_type=2 2 2 2 2 2 2 2 2 2 2 2 2 2
left_child=4 2 3 -2 8 7 -7 -6 9 -1 12 -12 -3 -10
right_child=1 10 -4 -5 5 6 -8 -9 13 -11 11 -13 -14 -15
leaf_value=-0.00014097681856026499 -0.007368459805215429 0.010175823890163282 -0.010281196708902939 0.0089333209222148043 0.0077280765274688901 0.012481472841467148 -0.014932651943548748 -0.0069763268094348765 -0.014802167104495173 -0.016397684680834846 -0.0081897148413363954 -0.00018058458226073213 -0.0031789599306577651 -0.0034383068207587092
leaf_weight=2990 178 142 38 32 1210 34 96 87 42 86 87 386 32 72
leaf_count=2990 178 142 38 32 1210 34 96 87 42 86 87 386 32 72
internal_value=-0.00065312 -0.00338547 -0.00919355 -0.00628571 -0.000123457 0.00216538 -0.0106154 0.00344641 -0.00114734 -0.000760728 -0.0011592 -0.00361522 0.00551724 -0.0115789
internal_weight=5512 895 248 210 4617 1427 130 1297 3190 3076 647 473 174 114
internal_count=5512 895 248 210 4617 1427 130 1297 3190 3076 647 473 174 114
is_linear=0
shrinkage=0.03


Tree=200
num_leaves=13
num_cat=0
split_feature=55 56 53 53 136 157 97 53 112 55 90 87
split_gain=7.90397 8.20522 9.25851 10.821 7.93931 14.0948 17.1866 15.552 11.3542 15.1103 11.0212 5.20985
threshold=1.2298122725102849 0.703488280397778 0.1940818569081163 0.50647250107223984 194.50000000000003 1.0000000180025095e-35 0.90887325422662057 2.14861371737662 2.1513378585156642 0.2950292515375626 -0.069431762063805122 66.500000000000014
decision_type=2 2 2 2 2 2 2 2 2 2 2 2
left_child=4 2 11 -4 8 6 -6 -7 10 -10 -1 -2
right_child=1 -3 3 -5 5 7 -8 -9 9 -11 -12 -13
leaf_value=0.011324865041756801 -0.003358700243672678 0.0015609317299389684 0.0076228827453968129 -0.012824094196142678 0.0042590102504551693 -0.00059203341798245599 -0.0096078580541366834 0.041976643523008769 -1.5096807530511902e-05 0.0080725997224504378 -0.0017093775078298496 -0.0083333185483551991
leaf_weight=69 32 34 49 58 46 2117 147 55 1083 667 1122 33
leaf_count=69 32 34 49 58 46 2117 147 55 1083 667 1122 33
internal_value=-0.000642235 -0.00640777 -0.00906977 -0.00364486 -0.000418394 -0.00171247 -0.00948187 -0.0010221 0.000622237 0.00216 -0.00163728 -0.018
internal_weight=5512 206 172 107 5306 2365 193 2172 2941 1750 1191 65
internal_count=5512 206 172 107 5306 2365 193 2172 2941 1750 1191 65
is_linear=0
shrinkage=0.03


Tree=201
num_leaves=12
num_cat=0
split_feature=89 65 12 15 71 146 27 71 34 25 157
split_gain=7.5921 20.7469 13.8576 12.93 11.8391 11.5886 12.0382 11.9189 11.8035 10.7499 8.74145
threshold=9410.5000000000018 0.87318084623278747 3.0765710052500004 -4.2107084701969528 3.0026965585687475 51.037244384814421 0.04532157385473147 1.8743157890875721 1.0000000180025095e-35 -1.8651139164832351 0.41428571428571431
decision_type=2 2 2 2 2 2 2 2 2 2 2
left_child=5 3 4 -2 -3 6 -1 -7 -8 -9 -4
right_child=1 2 10 -5 -6 7 8 9 -10 -11 -12
leaf_value=-0.0094982299766404443 -0.00031800582898799056 0.00119017762770941 -0.010906329121967241 0.04239485945281677 -0.007392759708728827 0.082705492997648983 -0.0012184174749354305 0.024253231472416252 0.00053225580828704096 -0.0049830247402973616 -0.00082156499959565126
leaf_weight=57 39 137 122 50 111 43 2206 38 2613 34 62
leaf_count=57 39 137 122 50 111 43 2206 38 2613 34 62
internal_value=-0.000642235 -0.00408829 -0.00680556 0.00910112 -0.00217742 -0.000282509 -0.000504512 0.00913043 -0.000342395 0.00166667 -0.0130435
internal_weight=5512 521 432 89 248 4991 4876 115 4819 72 184
internal_count=5512 521 432 89 248 4991 4876 115 4819 72 184
is_linear=0
shrinkage=0.03


Tree=202
num_leaves=15
num_cat=0
split_feature=150 39 26 53 102 110 20 28 46 3 150 134 25 12
split_gain=8.14982 11.7056 10.5915 24.7929 18.6475 17.4598 12.3929 10.8844 10.2357 9.76399 8.9167 8.78548 8.53788 6
threshold=0.86341335803402863 2.3104496927872469 -0.91229434412002297 0.014564297807520651 0.0014805515204316811 1.049625769002059 1.3448097694061956 1.8855441634376289 58.875000000000007 0.7520161426645785 0.89327027190342212 30094.000000000004 -0.77977901611603262 2.4462731511609119
decision_type=2 2 2 2 2 2 2 2 2 2 2 2 2 2
left_child=2 8 3 7 12 -6 -5 -1 9 -2 -10 -3 -4 -13
right_child=1 11 4 6 5 -7 -8 -9 10 -11 -12 13 -14 -15
leaf_value=-0.013391062735268891 0.043946085106494941 -0.0089677362296284192 0.0069372292245138602 -0.010723017448687455 -0.010407135713614908 0.0011784963325405472 -7.467315138367958e-05 0.0022480894006963207 -0.010130018870378336 -0.00036102239160246239 -0.0011729632241088579 0.0032342423915629748 0.055044850651978817 -0.0031538244968721614
leaf_weight=132 42 106 48 52 49 1405 2847 40 30 515 52 30 44 120
leaf_count=132 42 106 48 52 49 1405 2847 40 30 515 52 30 44 120
internal_value=-0.00063135 -0.0032514 -0.000123457 -0.00114295 0.00190168 0.0010729 -0.000486375 -0.0122093 -0.00107981 0.00037702 -0.0109756 -0.00867187 0.015 -0.004
internal_weight=5512 895 4617 3071 1546 1454 2899 172 639 557 82 256 92 150
internal_count=5512 895 4617 3071 1546 1454 2899 172 639 557 82 256 92 150
is_linear=0
shrinkage=0.03


Tree=203
num_leaves=11
num_cat=0
split_feature=138 27 4 3 20 156 1 85 125 73
split_gain=7.89657 19.3984 16.463 17.8963 9.08235 15.7579 18.1388 10.6207 10.4715 7.5
threshold=22011.000000000004 2.7454207547779244 31.480301384632774 0.95282579753848695 4.6323242163558884 0.22500000000000003 74.399388973753659 5.2070778651251475 0.35494575495523967 0.15301003344481609
decision_type=2 2 2 2 2 2 2 2 2 2
left_child=4 2 9 -4 7 -6 -7 8 -1 -2
right_child=1 -3 3 -5 5 6 -8 -9 -10 -11
leaf_value=1.8416700945427245e-05 -0.0038106220485848649 0.024146572385886068 0.012456932534037648 -0.01027606875074329 -0.017395754207992265 0.047641064597863617 -0.008870928105124503 0.021412155706576206 -0.011677736458456224 -0.012345196112538851
leaf_weight=4823 60 33 56 30 57 61 217 46 69 60
leaf_count=4823 60 33 56 30 57 61 217 46 69 60
internal_value=-0.000566038 -0.00589958 -0.00932039 0.000697674 -0.000324294 -0.00510448 -0.00215827 0 -0.000134914 -0.0165
internal_weight=5512 239 206 86 5273 335 278 4938 4892 120
internal_count=5512 239 206 86 5273 335 278 4938 4892 120
is_linear=0
shrinkage=0.03


Tree=204
num_leaves=14
num_cat=0
split_feature=66 27 10 19 70 9 58 143 101 138 27 138 24
split_gain=8.32105 21.9404 19.2225 16.1225 12.6313 20.4697 18.228 16.7718 13.9395 27.13 15.0277 9.33337 6.66667
threshold=1.6502940390269984 0.23018237754037249 4.5168224081233985 6.9998880561325016 2.1827884936782787 1.2116146592182482 1.4546595164481062 0.98182272267832471 2.1178700526374259 752.50000000000011 0.13636719202954689 3001.5000000000005 -0.42215843338446696
decision_type=2 2 2 2 2 2 2 2 2 2 2 2 2
left_child=4 12 3 -3 5 7 -7 -1 10 -10 -6 -4 -2
right_child=1 2 11 -5 8 6 -8 -9 9 -11 -12 -13 -14
leaf_value=0.012871612868312867 0.070284393001677742 -0.004818761047842398 -0.017733090431544949 0.017916734319869496 -0.0060031296456284139 0.0014118699676717594 0.021038723161022232 -0.0036634528952162958 0.016154099144965232 -0.011528672121132819 2.9581173746534574e-06 -0.00073184296825386296 0.011171817191260289
leaf_weight=136 30 537 80 67 119 227 151 337 56 194 3506 42 30
leaf_count=136 30 537 80 67 119 227 151 337 56 194 3506 42 30
internal_value=-0.000576923 -0.00343511 -0.00487603 -0.00268212 -0.000101566 0.00320799 0.0084127 -0.000951374 -0.000828387 -0.00768 -0.000355862 -0.0157377 0.014
internal_weight=5512 786 726 604 4726 851 378 473 3875 250 3625 122 60
internal_count=5512 786 726 604 4726 851 378 473 3875 250 3625 122 60
is_linear=0
shrinkage=0.03


Tree=205
num_leaves=15
num_cat=0
split_feature=17 95 114 143 61 67 157 88 146 7 125 47 54 60
split_gain=7.0046 20.1193 21.3919 15.0913 17.4257 16.3832 22.2657 15.2247 15.045 10.8956 10.8789 12.6171 12.1638 5.24782
threshold=1.8504523178129137 2.2589117776647685 12.500000000000002 1.8741977450046161 0.85668644454586962 2.8556547619047623 0.10555555555555557 504.50000000000006 33.613152514392517 0.69968786334177779 0.048755648380773849 4.5000000000000009 1.0000000180025095e-35 2.1202200135581744
decision_type=2 2 2 2 2 2 2 2 2 2 2 2 2 2
left_child=1 10 9 4 8 7 -7 -5 -2 -3 11 -1 -12 -6
right_child=3 2 -4 5 13 6 -8 -9 -10 -11 12 -13 -14 -15
leaf_value=0.000124952277171394 0.0018565918218893156 0.023095722404428025 -0.013867006575205608 -0.0092792083927602624 0.04360210584234727 -0.013275170012366083 0.0035415672011807862 0.0042949590450305332 -0.016169832866935407 0.0079909771542995139 0.023470620250374361 -0.0063971217021270644 -0.0055332704316225587 0.0073959104990599916
leaf_weight=3265 194 158 34 541 35 30 331 60 36 175 36 185 399 33
leaf_count=3265 194 158 34 541 35 30 331 60 36 175 36 185 399 33
internal_value=-0.000511611 7.0555e-05 0.00678474 -0.00247619 0.00342282 -0.00430353 0.000747922 -0.00733777 -0.000521739 0.0090991 -0.000563707 0 -0.00503448 0.0167647
internal_weight=5512 4252 367 1260 298 962 361 601 230 333 3885 3450 435 68
internal_count=5512 4252 367 1260 298 962 361 601 230 333 3885 3450 435 68
is_linear=0
shrinkage=0.03


Tree=206
num_leaves=14
num_cat=0
split_feature=48 149 72 149 51 0 11 48 51 131 25 150 12
split_gain=7.45185 16.5356 27.6612 20.276 20.2756 15.4805 13.8283 13.1049 14.7841 13.6354 12.9664 17.7967 13.113
threshold=0.97066756834058521 10.500000000000002 2.507643107765809 4.5000000000000009 885.00000000000011 -0.027431843445090701 3.4555542810913251 0.92244493671424765 165.00000000000003 0.42436968137142389 -0.95872686139358332 0.031955000123664867 4.4371766416224601
decision_type=2 2 2 2 2 2 2 2 2 2 2 2 2
left_child=7 2 6 -4 5 -3 -2 10 -9 -10 12 -12 -1
right_child=1 4 3 -5 -6 -7 -8 8 9 -11 11 -13 -14
leaf_value=-0.00044888428630560751 -0.0024614978953446487 -0.00049813231864476615 -0.011800846018175888 0.0020809198387698952 0.028260554688152386 -0.010859886266829915 0.057309375574208565 -0.006656665364779206 0.0091999450017893891 0.042030362303415419 0.030171237619721798 0.00045679543762432607 -0.0091956923087074208
leaf_weight=3133 33 128 63 90 33 264 99 40 105 59 94 1218 153
leaf_count=3133 33 128 63 90 33 264 99 40 105 59 94 1218 153
internal_value=-0.000511611 -0.00338028 0.00221053 -0.00647059 -0.00712941 -0.00903061 0.0122727 -8.74636e-05 0.00735294 0.0113415 -0.000417573 0.00210366 -0.00142422
internal_weight=5512 710 285 153 425 392 132 4802 204 164 4598 1312 3286
internal_count=5512 710 285 153 425 392 132 4802 204 164 4598 1312 3286
is_linear=0
shrinkage=0.03


Tree=207
num_leaves=12
num_cat=0
split_feature=55 89 110 93 74 0 146 98 156 67 56
split_gain=7.88944 9.52909 9.18729 13.1763 8.59377 12.1161 11.7706 11.7369 9.95285 21.8002 16.4604
threshold=1.1942061157480428 1916.5000000000002 2.5521828501692627 2.3569695160232436 0.68990384615384626 -0.086644997693083065 7.6653870152421284 2.2302046000607878 0.18333333333333338 3.2529069767441867 0.24019135990157325
decision_type=2 2 2 2 2 2 2 2 2 2 2
left_child=4 -2 -3 -4 8 7 -7 -6 9 -1 -10
right_child=1 2 3 -5 5 6 -8 -9 10 -11 -12
leaf_value=0.0066754896789535233 -0.0083158511905379873 -0.0096212183776495635 0.016423819009272905 -0.0037853312435410075 -0.0074473323320706627 0.022231254793337363 -0.0019200418712086087 0.0065365925014235103 -0.0019404935536098478 -0.015594249963997088 0.00052207584326142032
leaf_weight=859 58 57 47 59 170 71 923 30 1495 30 1713
leaf_count=859 58 57 47 59 170 71 923 30 1495 30 1713
internal_value=-0.000555152 -0.0061086 -0.00239264 0.00283019 -0.00032319 -0.00256281 -0.00120724 -0.0093 0.000329509 0.00313836 -0.000448878
internal_weight=5512 221 163 106 5291 1194 994 200 4097 889 3208
internal_count=5512 221 163 106 5291 1194 994 200 4097 889 3208
is_linear=0
shrinkage=0.03


Tree=208
num_leaves=10
num_cat=0
split_feature=55 138 27 4 138 29 153 117 90
split_gain=8.56849 7.59742 19.0564 15.9152 11.3947 19.8782 9.39843 6.96328 6.67539
threshold=1.4596099994273783 22011.000000000004 2.7454207547779244 31.480301384632774 16991.500000000004 1.4220763465993376 0.63333333333333341 11.500000000000002 2.1871431590621775
decision_type=2 2 2 2 2 2 2 2 2
left_child=1 4 3 -3 6 -6 -1 8 -2
right_child=7 2 -4 -5 5 -7 -8 -9 -10
leaf_value=-0.00046228190954868327 -0.0063162924368281564 -0.0067656497056760821 0.021700097668284783 0.00037055589959920281 -0.0037082783563656316 0.023483196900827921 0.001971911816217115 0.00050243213308743151 -0.0091148314237538761
leaf_weight=4117 43 118 33 86 73 142 837 31 32
leaf_count=4117 43 118 33 86 73 142 837 31 32
internal_value=-0.000609579 -0.000443951 -0.0056962 -0.00911765 -0.000203134 0.00655814 -0.000496568 -0.0090566 -0.014
internal_weight=5512 5406 237 204 5169 215 4954 106 75
internal_count=5512 5406 237 204 5169 215 4954 106 75
is_linear=0
shrinkage=0.03


Tree=209
num_leaves=14
num_cat=0
split_feature=17 95 114 161 138 58 66 149 125 54 27 25 62
split_gain=7.17042 17.9201 20.4762 16.9329 14.3343 12.8512 14.4484 11.1183 10.5063 12.1638 10.7971 9.21468 9.00712
threshold=1.8504523178129137 2.2589117776647685 12.500000000000002 0.41666666666666669 462.00000000000006 2.9726894183945398 2.2323200992555834 30.500000000000004 0.048755648380773849 1.0000000180025095e-35 0.13636719202954689 -1.3473754077675812 0.35191276803118915
decision_type=2 2 2 2 2 2 2 2 2 2 2 2 2
left_child=1 8 7 4 -2 6 -5 -3 10 -10 -1 -7 -6
right_child=3 2 -4 5 12 11 -8 -9 9 -11 -12 -13 -14
leaf_value=-0.0080636589266129682 0.027324539253229911 0.014280641256756601 -0.013406735079641512 0.0060265219388360982 -0.0018176088871138202 -0.013943714177542603 -0.0088139253721042192 0.028198346651417447 0.022814806119157965 -0.0052545449164075973 0.00010826399917092305 -0.0022790620189475394 -0.0098876729782291905
leaf_weight=122 48 283 34 444 166 52 121 50 36 399 3328 135 294
leaf_count=122 48 283 34 444 166 52 121 50 36 399 3328 135 294
internal_value=-0.00063135 -4.2333e-05 0.00629428 -0.00261905 -0.00685039 0.000239362 0.00249558 0.00855856 -0.000640927 -0.00503448 -8.69565e-05 -0.00657754 -0.00847826
internal_weight=5512 4252 367 1260 508 752 565 333 3885 435 3450 187 460
internal_count=5512 4252 367 1260 508 752 565 333 3885 435 3450 187 460
is_linear=0
shrinkage=0.03


Tree=210
num_leaves=13
num_cat=0
split_feature=118 97 146 76 48 55 53 48 64 20 148 118
split_gain=7.57794 28.4136 18.8655 13.0833 8.96974 16.2587 15.3392 13.216 14.6536 11.2253 8.41558 7.4392
threshold=0.15909237811506574 4.8389313321660357 19.789182178189645 0.30044247787610628 0.97066756834058521 0.03767493460718311 0.99735243099964122 0.81509478756920462 0.3038639155167327 4.2864583301954697 20.500000000000004 0.84811743575924037
decision_type=2 2 2 2 2 2 2 2 2 2 2 2
left_child=1 2 3 -1 7 11 -7 9 -9 -2 -4 -6
right_child=4 -3 10 -5 5 6 -8 8 -10 -11 -12 -13
leaf_value=-0.0103029828605854 5.6283480704570899e-05 0.04577708649613705 -0.013976084695404796 0.00014696573896969957 -0.013339455279653509 -0.0019260703377309073 0.036502986348947372 -0.012145159360107325 0.019058511027297765 -0.0059761546038215327 -0.004785235998433458 -0.0077889327724097197
leaf_weight=47 3830 35 56 231 61 477 76 37 329 249 44 40
leaf_count=47 3830 35 56 231 61 477 76 37 329 249 44 40
internal_value=-0.000522496 -0.00443099 -0.0068254 -0.00280576 -0.000205923 -0.00348624 -0.00146474 0.000276715 0.0057377 -0.000213288 -0.018 -0.0145545
internal_weight=5512 413 378 278 5099 654 553 4445 366 4079 100 101
internal_count=5512 413 378 278 5099 654 553 4445 366 4079 100 101
is_linear=0
shrinkage=0.03


Tree=211
num_leaves=10
num_cat=0
split_feature=111 51 62 28 141 91 72 8 147
split_gain=7.29445 7.56963 21.1171 19.7593 18.5018 15.3944 16.7985 16.0246 5.94648
threshold=0.43027726117628973 375.00000000000006 0.31974766650846392 1.3353786582792875 2765.5000000000005 1.551837686608468 8.1769235521155199 0.71277449482734301 -0.80418825336466149
decision_type=2 2 2 2 2 2 2 2 2
left_child=8 2 4 -4 -2 7 -7 -3 -1
right_child=1 5 3 -5 -6 6 -8 -9 -10
leaf_value=0.036542287014465769 0.00025233883978767523 -8.4682948745175507e-05 -9.5225229411888816e-05 -0.0057077298669853871 0.047460857669266152 0.0028661468670108602 0.027149479199278341 -0.0085666124919458464 0.0031718458141281585
leaf_weight=32 948 1525 874 898 57 907 78 158 35
leaf_count=32 948 1525 874 898 57 907 78 158 35
internal_value=-0.000435414 -0.000556474 -0.00165286 -0.00362302 0.0018209 0.000584708 0.00356345 -0.00115865 0.00940299
internal_weight=5512 5445 2777 1772 1005 2668 985 1683 67
internal_count=5512 5445 2777 1772 1005 2668 985 1683 67
is_linear=0
shrinkage=0.03


Tree=212
num_leaves=15
num_cat=0
split_feature=75 81 11 146 45 36 142 146 4 138 30 20 69 30
split_gain=6.92915 15.1189 12.148 11.728 9.78308 10.4669 10.7806 8.8098 9.74013 8.65117 20.6852 12.5268 7.81885 6.35009
threshold=0.49285825387245141 0.041635262097153423 2.1658734092967546 8.35904894996977 0.52679425837320593 231.26666666666668 3.9698471950395837 11.912703165870964 25.398721237409504 1077.5000000000002 0.84268610288078716 1.3448097694061956 1.2871279656286807 0.77428835170460952
decision_type=2 2 2 2 2 2 2 2 2 2 2 2 2 2
left_child=1 7 12 -4 5 13 -7 -1 -9 10 -6 -11 -3 -2
right_child=4 2 3 -5 9 6 -8 8 -10 11 -12 -13 -14 -15
leaf_value=-0.0080005912950949047 -0.0048596508302577845 -0.0012804960308805025 0.012957202201443899 -9.744658545784989e-07 0.029197434574593738 0.013531831747379422 -0.010167396288981726 0.025884057231763825 0.0077637222576465775 -0.011697295431554823 -0.00041961586976216878 -0.00074019927602814064 -0.017793225275333915 -0.010988076935038029
leaf_weight=32 41 40 99 1798 165 69 34 37 129 63 335 2556 33 81
leaf_count=32 41 40 99 1798 165 69 34 37 129 63 335 2556 33 81
internal_value=-0.000435414 0.000885609 9.13706e-05 0.000553506 -0.00129187 -0.00733333 -0.000291262 0.00878788 0.0115663 -0.000856044 0.00276 -0.00154639 -0.0119178 -0.0132787
internal_weight=5512 2168 1970 1897 3344 225 103 198 166 3119 500 2619 73 122
internal_count=5512 2168 1970 1897 3344 225 103 198 166 3119 500 2619 73 122
is_linear=0
shrinkage=0.03


Tree=213
num_leaves=13
num_cat=0
split_feature=55 109 34 140 89 54 157 145 54 27 101 108
split_gain=7.22543 10.5969 9.30144 8.16667 7.83253 21.1203 14.555 13.2884 10.9663 14.7251 13.7667 7.03152
threshold=1.1942061157480428 0.36316856822012483 1.5000000000000002 8.5000000000000018 9286.0000000000018 0.17071169699339575 0.41428571428571431 6.6590012201563349 0.50601702365600743 1.1217893961772243 2.1178700526374259 0.13712281770689366
decision_type=2 2 2 2 2 2 2 2 2 2 2 2
left_child=4 2 3 -2 8 6 -6 -7 10 -10 -1 -3
right_child=1 11 -4 -5 5 7 -8 -9 9 -11 -12 -13
leaf_value=-0.0002062415287699182 -0.00032981025312740276 -0.0042854706190692659 0.00075205743844838967 -0.010607736971026233 -0.0044584381134573081 -0.017509042644929775 0.040605794195632108 -0.0035776344654796046 0.0074670596185545529 -0.00040702739366930475 -0.0087421869578390779 0.021910505881968613
leaf_weight=3008 36 38 44 72 99 49 72 287 803 793 180 31
leaf_count=3008 36 38 44 72 99 49 72 287 803 793 180 31
internal_value=-0.000522496 -0.0058371 -0.0102632 -0.015 -0.00030051 -0.00384615 0.00473684 -0.00821429 7.52508e-05 0.00210526 -0.000941029 0.00391304
internal_weight=5512 221 152 108 5291 507 171 336 4784 1596 3188 69
internal_count=5512 221 152 108 5291 507 171 336 4784 1596 3188 69
is_linear=0
shrinkage=0.03


Tree=214
num_leaves=13
num_cat=0
split_feature=55 110 86 3 110 59 30 57 11 48 142 25
split_gain=8.8802 8.59981 12.3838 9.11133 8.30972 7.50084 17.9549 19.1704 15.4287 11.1702 22.9236 12.9035
threshold=1.2298122725102849 2.5521828501692627 28397.000000000004 1.0343825149325465 1.6099490019419087 6.6912542326573048 0.75074248858791925 8.4537122906856723 3.399513644972616 0.97066756834058521 3.0640954894167618 -1.026517298268758
decision_type=2 2 2 2 2 2 2 2 2 2 2 2
left_child=5 4 -3 -4 -2 9 8 -8 -7 11 -11 -1
right_child=1 2 3 -5 -6 6 7 -9 -10 10 -12 -13
leaf_value=-0.00087379189991471649 -0.00077903343389201568 0.0062344880797973144 -0.0092580880491464294 0.00042279015494691764 -0.0099484553622410099 -0.0095935241078740092 -0.001455458538532513 0.026531971872192639 0.057297215117322949 0.0019691779469743734 -0.006147099190424072 0.0015534890641850218
leaf_weight=2857 31 44 45 42 44 31 263 39 88 246 376 1406
leaf_count=2857 31 44 45 42 44 31 263 39 88 246 376 1406
internal_value=-0.000587808 -0.00669903 -0.00206107 -0.00862069 -0.0148 -0.000350547 0.00349169 -0.000397351 0.0133613 -0.000681679 -0.0044373 -0.000133709
internal_weight=5512 206 131 87 75 5306 421 302 119 4885 622 4263
internal_count=5512 206 131 87 75 5306 421 302 119 4885 622 4263
is_linear=0
shrinkage=0.03


Tree=215
num_leaves=13
num_cat=0
split_feature=55 110 86 3 110 74 0 156 156 56 9 57
split_gain=10.3025 10.2135 14.2975 9.3941 9.09517 7.19986 12.4271 10.7414 9.31807 17.948 15.8205 8.31011
threshold=1.1942061157480428 2.5521828501692627 28397.000000000004 1.0343825149325465 1.6099490019419087 0.68990384615384626 -0.13242895480562245 0.36666666666666675 0.18333333333333338 0.24019135990157325 3.0466540304290608 2.4859716229538287
decision_type=2 2 2 2 2 2 2 2 2 2 2 2
left_child=5 4 -3 -4 -2 8 11 -8 10 -10 -1 -7
right_child=1 2 3 -5 -6 6 7 -9 9 -11 -12 -13
leaf_value=0.0064440073556987464 -0.00075566243087525685 0.0057299881074155557 -0.0087101636187728645 0.00037741893298874119 -0.0091267424849317425 -0.000998244559695488 -0.0060609942835875364 0.00032132973855076853 -0.001793817105703711 0.00061206304034449373 -0.010967483788976313 -0.0090024440486999643
leaf_weight=827 31 50 47 45 48 40 372 733 1495 1713 62 49
leaf_count=827 31 50 47 45 48 40 372 733 1495 1713 62 49
internal_value=-0.000576923 -0.00692308 -0.00211268 -0.00913043 -0.0155696 -0.00031185 -0.00236181 -0.00149321 0.000285575 -0.000467581 0.00300337 -0.0131461
internal_weight=5512 221 142 92 79 5291 1194 1105 4097 3208 889 89
internal_count=5512 221 142 92 79 5291 1194 1105 4097 3208 889 89
is_linear=0
shrinkage=0.03


Tree=216
num_leaves=13
num_cat=0
split_feature=55 56 144 55 147 150 67 134 142 7 101 26
split_gain=8.23568 8.20522 8.86089 7.49676 13.0763 20.3172 16.482 11.8471 24.2489 21.9578 6.65628 6.45833
threshold=1.2298122725102849 0.703488280397778 2.1984635699883088 0.16708186655048815 9.935412936651689 0.73713632248752126 1.9363133640552996 6855.0000000000009 2.2628972646136751 2.404945861191103 1.1047882317832596 -1.4133868888659762
decision_type=2 2 2 2 2 2 2 2 2 2 2 2
left_child=3 2 11 4 5 -1 -6 9 -9 -5 -4 -2
right_child=1 -3 10 7 6 -7 -8 8 -10 -11 -12 -13
leaf_value=-0.001049985062815768 0.0064684398620069566 0.002041932920535157 -0.0092655855795560904 -0.0031916917014008649 -0.0019897211129680024 0.0078584201202527605 -0.011219848528231829 0.030117275739986998 0.000363915292251645 0.058561969334664017 -0.00057109205410621477 -0.003187597824521677
leaf_weight=1479 32 34 56 731 415 247 134 162 2096 42 54 30
leaf_count=1479 32 34 56 731 415 247 134 162 2096 42 54 30
internal_value=-0.000522496 -0.00640777 -0.00906977 -0.000294007 -0.0015956 -0.000312862 -0.00562842 0.000682943 0.00178034 -0.00252264 -0.0141818 0
internal_weight=5512 206 172 5306 2275 1726 549 3031 2258 773 110 62
internal_count=5512 206 172 5306 2275 1726 549 3031 2258 773 110 62
is_linear=0
shrinkage=0.03


Tree=217
num_leaves=12
num_cat=0
split_feature=55 105 139 89 72 62 142 60 49 53 134
split_gain=10.2672 8.64876 7.68995 10.4845 7.19152 21.7602 13.9806 11.7802 18.4725 10.2293 6.64227
threshold=1.1942061157480428 0.033663444601778371 8.5000000000000018 1916.5000000000002 8.3352733274730308 0.54148390579661265 4.6649209325449554 7.6901585729420985 84600.000000000015 2.178908997811063 13880.500000000002
decision_type=2 2 2 2 2 2 2 2 2 2 2
left_child=4 -2 -3 -4 7 6 -6 9 -9 -1 -7
right_child=1 2 3 -5 5 10 -8 8 -10 -11 -12
leaf_value=-0.00010306953923149841 0.013548671574391028 0.00047613733829102639 -0.0098592815036784489 -0.0026470799317267263 0.0052568199139118952 0.052061516741736168 -0.0086649592912643302 -0.0067694726245422915 0.0094372238610406049 0.039419735121234929 0.02941005200077048
leaf_weight=4452 32 46 41 102 128 35 107 368 89 80 32
leaf_count=4452 32 46 41 102 128 35 107 368 89 80 32
internal_value=-0.000587808 -0.00692308 -0.00936508 -0.0127972 -0.00032319 0.00417219 -0.00012766 -0.00059531 -0.005186 -0.000132392 0.0192537
internal_weight=5512 221 189 143 5291 302 235 4989 457 4532 67
internal_count=5512 221 189 143 5291 302 235 4989 457 4532 67
is_linear=0
shrinkage=0.03


Tree=218
num_leaves=12
num_cat=0
split_feature=55 54 89 110 89 54 65 145 89 127 77
split_gain=7.38676 9.70656 10.3411 9.65524 7.21818 16.9279 14.7128 13.6765 11.7089 16.664 14.1321
threshold=1.1304934225502483 0.086748821634781551 1867.5000000000002 2.5521828501692627 9286.0000000000018 0.19227652566459072 0.75649262867540967 6.6590012201563349 5509.0000000000009 0.96712026150175312 2.5000000000000004
decision_type=2 2 2 2 2 2 2 2 2 2 2
left_child=4 -2 -3 -4 8 6 -6 -7 10 -10 -1
right_child=1 2 3 -5 5 7 -8 -9 9 -11 -12
leaf_value=0.0063222252366637467 -0.0068320292331367858 -0.0083471334609595358 -0.008743556220799871 0.001649261079638325 0.045976119454263151 -0.017108694403978636 -0.00035405852152425085 -0.0032962556998761328 0.007765128680460618 -0.0014955436854148223 -0.00076770079480585444
leaf_weight=531 36 49 52 116 34 45 159 269 485 354 3382
leaf_count=531 36 49 52 116 34 45 159 269 485 354 3382
internal_value=-0.000566038 -0.00557312 -0.00317972 0.000357143 -0.000325157 -0.00372781 0.00326425 -0.00802548 3.78788e-05 0.00325387 -0.000651674
internal_weight=5512 253 217 168 5259 507 193 314 4752 839 3913
internal_count=5512 253 217 168 5259 507 193 314 4752 839 3913
is_linear=0
shrinkage=0.03


Tree=219
num_leaves=9
num_cat=0
split_feature=25 59 30 107 138 29 107 141
split_gain=8.39104 10.6296 17.9601 16.977 10.1429 8.48822 27.3403 10.2567
threshold=-11.330206311088036 7.3236999135269434 0.75074248858791925 0.22473835149070193 2301.5000000000005 2.2351054003972366 0.11529092828738118 1788.5000000000002
decision_type=2 2 2 2 2 2 2 2
left_child=-1 5 4 -4 -3 7 -7 -2
right_child=1 2 3 -5 -6 6 -8 -9
leaf_value=-0.0020960407101031442 -0.00044462981408418476 0.058792331187920745 0.0028188621728081095 -0.0069833921479661764 0.014544687462571239 -0.011690621532959147 0.00071067416646564293 0.0043019145585616479
leaf_weight=44 4012 54 155 39 37 165 240 766
leaf_count=44 4012 54 155 39 37 165 240 766
internal_value=-0.000587808 -0.000482809 0.00515789 0 0.0161538 -0.000792977 -0.00496296 -0.000439514
internal_weight=5512 5468 285 194 91 5183 405 4778
internal_count=5512 5468 285 194 91 5183 405 4778
is_linear=0
shrinkage=0.03


Tree=220
num_leaves=8
num_cat=0
split_feature=25 63 53 60 68 53 135
split_gain=8.33513 7.7059 11.0525 17.0547 16.0974 10.8566 12.1241
threshold=-11.330206311088036 0.23304553683331017 0.28973656853556035 13.575693217627125 0.49615699938511998 0.058908928932394272 119.50000000000001
decision_type=2 2 2 2 2 2 2
left_child=-1 5 4 -4 -3 -2 -7
right_child=1 2 3 -5 -6 6 -8
leaf_value=-0.0020331594888000496 0.026175273000112718 0.0035747645335823535 0.00074434758968930424 -0.0099402373066588973 -0.0014160136064227573 0.0042214001929166802 -0.0040208192852296768
leaf_weight=44 41 190 2274 88 2568 223 84
leaf_count=44 41 190 2274 88 2568 223 84
internal_value=-0.00063135 -0.000526701 -0.000820312 0.000685859 -0.00211022 0.0037931 0.00185668
internal_weight=5512 5468 5120 2362 2758 348 307
internal_count=5512 5468 5120 2362 2758 348 307
is_linear=0
shrinkage=0.03


Tree=221
num_leaves=8
num_cat=0
split_feature=25 61 25 36 36 59 24
split_gain=8.37704 7.84954 16.852 13.2772 10.768 10.4139 8.46751
threshold=-11.330206311088036 0.22170301142263762 -4.9833164696337491 180.15833333333333 390.09166666666675 10.164920592581751 -1.2014834658317932
decision_type=2 2 2 2 2 2 2
left_child=-1 2 -2 -4 5 -3 -6
right_child=1 4 3 -5 6 -7 -8
leaf_value=-0.0019721647041360483 0.018963989616404518 -0.00033995789718416214 -0.005239435882964761 0.0086237799174136206 -0.0016230909419741595 0.028051872484492708 -0.0064742082978686416
leaf_weight=44 58 4915 129 164 76 86 40
leaf_count=44 58 4915 129 164 76 86 40
internal_value=-0.000598694 -0.000493782 0.00384615 0.000921502 -0.000791479 -0.000581884 -0.00982759
internal_weight=5512 5468 351 293 5117 5001 116
internal_count=5512 5468 351 293 5117 5001 116
is_linear=0
shrinkage=0.03


Tree=222
num_leaves=10
num_cat=0
split_feature=76 110 109 19 71 27 106 109 138
split_gain=8.19897 14.6272 13.7745 12.7568 7.49639 7.92163 7.92185 7.18676 6.66667
threshold=5.5110947018545682 1.2764041943960385 0.55809508901401361 2.2835957018097965 13.014071109595729 3.8085479017844048 0.26504013051137715 0.74480778249524859 6311.5000000000009
decision_type=2 2 2 2 2 2 2 2 2
left_child=4 -2 3 -3 5 6 -1 -4 -7
right_child=1 2 7 -5 -6 8 -8 -9 -10
leaf_value=7.1842925676557359e-05 -0.014846121414230973 0.029255894005070393 -0.012317132315241652 0.0017185353386482015 -0.0019129997630119666 -0.0016919048343178123 -0.0010648349419876513 0.0011679226962251499 0.045881028635712494
leaf_weight=2449 33 59 32 217 38 30 2585 39 30
leaf_count=2449 33 59 32 217 38 30 2585 39 30
internal_value=-0.000620464 0.00363158 0.00544669 0.00847826 -0.000935308 -0.000836278 -0.000965435 -0.00633803 0.01
internal_weight=5512 380 347 276 5132 5094 5034 71 60
internal_count=5512 380 347 276 5132 5094 5034 71 60
is_linear=0
shrinkage=0.03


Tree=223
num_leaves=8
num_cat=0
split_feature=8 116 99 70 12 12 98
split_gain=7.82362 7.37517 14.8955 12.1373 11.6158 12.0179 7.27273
threshold=-9.6781067612126357 8.5000000000000018 0.6004983178066069 2.0091449116179345 5.3932472728228733 4.3964122224470925 0.51867371531901652
decision_type=2 2 2 2 2 2 2
left_child=6 4 3 -3 5 -2 -1
right_child=1 2 -4 -5 -6 -7 -8
leaf_value=0.00059815671361589324 -2.9577961842325305e-05 -0.012731703026673187 -0.0080981023807970513 0.0004048533023891698 0.056388344458053581 -0.0071463642480552765 -0.0033427689505920711
leaf_weight=30 4889 30 46 203 52 226 36
leaf_count=30 4889 30 46 203 52 226 36
internal_value=-0.000642235 -0.000517811 -0.00526882 -0.00218884 -0.000261273 -0.000404692 -0.0109091
internal_weight=5512 5446 279 233 5167 5115 66
internal_count=5512 5446 279 233 5167 5115 66
is_linear=0
shrinkage=0.03


Tree=224
num_leaves=9
num_cat=0
split_feature=16 141 55 29 85 82 55 84
split_gain=7.83786 11.0473 7.96411 8.17239 12.4583 8.2496 7.23181 6.75274
threshold=-9.3812290463289134 264.50000000000006 1.4596099994273783 2.7454761053464769 2.3400392290381471 35221.925888596787 2.1727497443121675 1.1924655103995747
decision_type=2 2 2 2 2 2 2 2
left_child=1 -1 3 5 -5 -2 7 -4
right_child=2 -3 6 4 -6 -7 -8 -9
leaf_value=-0.0059011372722017636 -0.00015950775796061132 -0.0006604877165635255 -0.0060847950843847332 -7.2468872618353103e-05 -0.016953110981435326 0.008721178535209588 0.00026635480497673279 -0.0054486924848802503
leaf_weight=34 5090 54 36 46 32 154 33 33
leaf_count=34 5090 54 36 46 32 154 33 33
internal_value=-0.000664006 -0.00954545 -0.000519912 -0.000360767 -0.01 -0.000217391 -0.00882353 -0.0143478
internal_weight=5512 88 5424 5322 78 5244 102 69
internal_count=5512 88 5424 5322 78 5244 102 69
is_linear=0
shrinkage=0.03


Tree=225
num_leaves=10
num_cat=0
split_feature=13 85 150 94 71 19 85 30 58
split_gain=7.16837 11.9968 11.9128 24.6466 14.8837 12.829 10.1093 10.0088 9.29879
threshold=6.1450263730104906 5.2070778651251475 0.58515970778008863 1.6854060177814243 5.4951484354239604 6.5630532973277544 3.6597873244246784 0.063182967582441046 9.6626529342626224
decision_type=2 2 2 2 2 2 2 2 2
left_child=1 7 5 -4 -5 6 -2 -1 -9
right_child=2 -3 3 4 -6 -7 -8 8 -10
leaf_value=-0.011607194181055078 -0.0040520155270682414 0.032191565584478526 0.039805926011953333 0.0036628675889436701 -0.018597179526348869 0.014185610665729079 -0.013438582303620101 -3.7624176904548225e-05 -0.0034118912161056531
leaf_weight=38 146 55 35 86 33 49 129 4830 111
leaf_count=38 146 55 35 86 33 49 129 4830 111
internal_value=-0.00063135 -0.000297974 -0.00414226 0.00272727 -0.00378151 -0.00740741 -0.00992727 -0.000451898 -0.00033394
internal_weight=5512 5034 478 154 119 324 275 4979 4941
internal_count=5512 5034 478 154 119 324 275 4979 4941
is_linear=0
shrinkage=0.03


Tree=226
num_leaves=13
num_cat=0
split_feature=55 56 144 76 62 30 79 64 48 90 22 14
split_gain=7.18235 7.85413 8.19239 7.67378 9.81495 18.5971 11.3222 8.24097 16.1739 15.5511 5.93939 4.13333
threshold=1.2298122725102849 0.703488280397778 2.1984635699883088 7.0253849688002008 0.29738282586383857 1.104507560862902 1.4824922099787845 0.67877511625866471 1.0239620361366948 8.8076051233409043 3.2934505320739085 5.3501306502711943
decision_type=2 2 2 2 2 2 2 2 2 2 2 2
left_child=3 2 11 7 6 -6 -5 8 -1 -9 -4 -2
right_child=1 -3 10 4 5 -7 -8 9 -10 -11 -12 -13
leaf_value=-0.00038890877552331282 -0.0046129353459191747 0.0016205235573289122 -0.0028903167727575628 -0.00086086447504021976 -0.014596539695278585 0.011973101758401439 0.021954603020905381 0.00016714584509917418 -0.0089819261054532151 0.015827079490737216 -0.0088439664434370024 0.0060224499949260929
leaf_weight=3232 32 34 50 31 50 103 91 1496 216 87 60 30
leaf_count=3232 32 34 50 31 50 103 91 1496 216 87 60 30
internal_value=-0.000620464 -0.0061165 -0.00872093 -0.000407086 0.00447273 -0.000588235 0.0108197 -0.000673822 -0.00149652 0.00111813 -0.0136364 0
internal_weight=5512 206 172 5306 275 153 122 5031 3448 1583 110 62
internal_count=5512 206 172 5306 275 153 122 5031 3448 1583 110 62
is_linear=0
shrinkage=0.03


Tree=227
num_leaves=15
num_cat=0
split_feature=103 75 99 47 128 56 7 101 102 28 25 15 4 70
split_gain=6.81553 18.4547 12.8681 11.4404 10.9676 10.7334 14.6182 16.765 15.3174 12.7271 18.144 14.8051 6.02976 6.01192
threshold=0.59857837298229299 0.58559583239502222 0.23700245051370225 5.5000000000000009 1.1765873790998025 0.21594301336855598 -1.6623844260282783 1.4786527249263683 0.014941798642513982 1.30168910171237 -0.41024229332976808 1.4241546650297623 28.058199890020251 3.0169368266528367
decision_type=2 2 2 2 2 2 2 2 2 2 2 2 2 2
left_child=1 2 4 -4 -1 6 8 -8 -2 10 -7 -11 13 -3
right_child=5 12 3 -5 -6 9 7 -9 -10 11 -12 -13 -14 -15
leaf_value=-0.0059363718405245217 -0.0084039200782675735 0.0025335677556510569 0.00098601367588255261 -0.0057759120989564726 0.00027866702597836076 0.0027783466773842551 -0.0017299638315194188 0.0064515708531398342 0.0033439258641238066 0.0011578955515122568 0.041927961613204043 -0.0029594259492036158 -0.0063330447183897916 -0.0084298568611286123
leaf_weight=162 215 31 586 77 87 862 1209 468 99 997 105 479 105 30
leaf_count=162 215 31 586 77 87 862 1209 468 99 997 105 479 105 30
internal_value=-0.000587808 -0.00272727 -0.00105263 0.00113122 -0.00686747 -6.7659e-05 -0.00170266 -0.00059034 -0.00764331 0.00126484 0.00394002 -0.000487805 -0.0119277 -0.00442623
internal_weight=5512 1078 912 663 249 4434 1991 1677 314 2443 967 1476 166 61
internal_count=5512 1078 912 663 249 4434 1991 1677 314 2443 967 1476 166 61
is_linear=0
shrinkage=0.03


Tree=228
num_leaves=13
num_cat=0
split_feature=70 148 141 70 101 138 94 56 83 102 68 147
split_gain=8.07895 18.8698 16.2203 16.1352 16.3616 20.4889 16.1231 22.8527 17.4151 14.4272 13.5736 11.5121
threshold=1.7429131219838785 3.5000000000000004 545.50000000000011 2.1827884936782787 2.1178700526374259 752.50000000000011 3.5247541116452399 0.45549334573332995 2.8617003753982231 0.0026873545395371934 4.8887955182072842 6.9240508394005147
decision_type=2 2 2 2 2 2 2 2 2 2 2 2
left_child=1 -1 11 6 10 -6 8 -8 -2 -4 -5 -3
right_child=3 2 9 4 5 -7 7 -9 -10 -11 -12 -13
leaf_value=-0.014611186704250457 0.015010844310478404 -0.006255647199345799 0.080513845788326738 7.3906968217407604e-07 0.01422896713037447 -0.010463789576928131 0.020878997879710409 -0.0056964869917988121 -0.0034700165208223907 -0.00015018759584645047 -0.0036653984320052968 -0.012027126901159042
leaf_weight=50 146 151 44 3481 61 220 261 99 403 281 280 35
leaf_count=50 146 151 44 3481 61 220 261 99 403 281 280 35
internal_value=-0.000598694 -0.0040107 -0.00228963 -0.000212078 -0.00102425 -0.00800712 0.00339934 0.00833333 0.000163934 0.00175385 -0.000502526 -0.00935484
internal_weight=5512 561 511 4951 4042 281 909 360 549 325 3761 186
internal_count=5512 561 511 4951 4042 281 909 360 549 325 3761 186
is_linear=0
shrinkage=0.03


Tree=229
num_leaves=11
num_cat=0
split_feature=18 134 56 59 65 18 16 141 22 138
split_gain=7.56544 11.1048 12.1705 9.8545 8.32743 11.653 9.45605 11.0249 9.50628 8.59143
threshold=8.2792296814921702 10447.500000000002 0.4877326350094251 2.6522841341625689 8.2210752890899972 -0.66220014381433911 -9.3812290463289134 420.50000000000006 6.4568845532297745 2682.5000000000005
decision_type=2 2 2 2 2 2 2 2 2 2
left_child=4 -2 3 -3 6 -6 7 -1 -8 -7
right_child=1 2 -4 -5 5 9 8 -9 -10 -11
leaf_value=-0.0044714738581891657 -0.011865403484329875 0.0058456834246156855 -0.0081592027758497047 -0.0040227704040578603 -0.013025931966095321 -0.011102846462839057 -0.00027367369221061586 0.0057974616870745954 0.0041545908362660656 0.0059219155230851236
leaf_weight=44 39 62 51 37 41 36 4438 31 696 37
leaf_count=44 39 62 51 37 41 36 4438 31 696 37
internal_value=-0.000609579 -0.00650794 -0.0028 0.00333333 -0.00040015 -0.00842105 -0.000224611 -0.0108 -7.01208e-05 -0.00123288
internal_weight=5512 189 150 99 5323 114 5209 75 5134 73
internal_count=5512 189 150 99 5323 114 5209 75 5134 73
is_linear=0
shrinkage=0.03


Tree=230
num_leaves=12
num_cat=0
split_feature=55 54 110 12 101 55 84 83 27 1 83
split_gain=7.32266 9.70656 9.99386 8.47543 8.19701 8.15677 12.1405 15.1941 11.4946 13.5033 13.0708
threshold=1.1304934225502483 0.086748821634781551 2.5521828501692627 2.9837484790494506 0.57664851419836671 0.16708186655048815 2.9142740443835806 4.1658103004047193 2.4228511164264801 48.257186501874749 3.0830760397995478
decision_type=2 2 2 2 2 2 2 2 2 2 2
left_child=5 -2 3 -3 -4 6 7 -1 9 -7 -10
right_child=1 2 4 -5 -6 8 -8 -9 10 -11 -12
leaf_value=-0.0015277748105447669 -0.00595269923140802 -0.0011502972319470683 -0.0075932529108802731 -0.0088716797791225308 0.00098980726871658142 0.048823887962661287 -0.017778465193647265 0.0051966115927739387 -0.0024358791402212063 -0.00010553649020462296 0.0230824309962703
leaf_weight=1784 36 31 42 38 106 30 46 445 118 2589 247
leaf_count=1784 36 31 42 38 106 30 46 445 118 2589 247
internal_value=-0.000587808 -0.00557312 -0.00317972 -0.0126087 0.00121622 -0.000347975 -0.0017011 -0.00138627 0.000683646 -1.14548e-05 0.00567123
internal_weight=5512 253 217 69 148 5259 2275 2229 2984 2619 365
internal_count=5512 253 217 69 148 5259 2275 2229 2984 2619 365
is_linear=0
shrinkage=0.03


Tree=231
num_leaves=9
num_cat=0
split_feature=26 20 4 14 24 95 106 8
split_gain=7.02899 7.65162 17.957 18.1068 17.5183 9.1378 15.9059 12.6512
threshold=-0.070982140634323662 4.2864583301954697 30.824130868490496 6.5512875106490123 -0.75186235447634375 2.2589117776647685 0.17131503755797639 1.4292985578812993
decision_type=2 2 2 2 2 2 2 2
left_child=1 5 4 -4 -3 7 -7 -1
right_child=-2 2 3 -5 -6 6 -8 -9
leaf_value=-0.00016924471902754866 0.0068771574890834292 -0.01066468715559332 0.013813474421935687 -0.011535907878699403 0.00091941713467697027 0.015286023880184182 -0.00020878440768688832 -0.0071603313210299386
leaf_weight=4090 35 158 223 64 76 244 431 191
leaf_count=4090 35 158 223 64 76 244 431 191
internal_value=-0.000544267 -0.000629907 -0.00408829 0.000940767 -0.0102564 -0.000266344 0.00297778 -0.000777856
internal_weight=5512 5477 521 287 234 4956 675 4281
internal_count=5512 5477 521 287 234 4956 675 4281
is_linear=0
shrinkage=0.03


Tree=232
num_leaves=8
num_cat=0
split_feature=16 141 36 45 59 138 48
split_gain=6.78749 9.33343 8.71556 11.0926 8.21843 19.6502 9.78945
threshold=-9.3812290463289134 264.50000000000006 391.70833333333337 1.5590277777777781 6.7791081287230073 1674.5000000000002 0.95490337446265794
decision_type=2 2 2 2 2 2 2
left_child=1 -1 4 -4 6 -6 -2
right_child=2 -3 3 -5 5 -7 -8
leaf_value=-0.0054057136469531546 -4.2109489793786813e-05 -0.00072510653700832506 -0.005029230450834774 9.1666201378356007e-05 0.032980053807672507 -0.00011762021814562207 -0.0027252166044509918
leaf_weight=34 4277 54 47 42 99 247 712
leaf_count=34 4277 54 47 42 99 247 712
internal_value=-0.000598694 -0.00886364 -0.000464602 -0.00977528 -0.000309278 0.00416185 -0.000619363
internal_weight=5512 88 5424 89 5335 346 4989
internal_count=5512 88 5424 89 5335 346 4989
is_linear=0
shrinkage=0.03


Tree=233
num_leaves=8
num_cat=0
split_feature=10 26 93 83 48 55 48
split_gain=6.64424 9.86852 12.4087 7.29079 7.28475 18.0046 10.8067
threshold=10.804644577681188 -0.73265825202932366 14.274650826806443 8.9727616106228414 0.97066756834058521 0.044503227222513493 0.92244493671424765
decision_type=2 2 2 2 2 2 2
left_child=3 2 -2 4 6 -6 -1
right_child=1 -3 -4 -5 5 -7 -8
leaf_value=-0.00016763312766616576 -0.010287781929636039 -0.01134829154656763 0.0050042208748471931 0.04979761734541565 -0.011795356109299901 -0.00040529644094502326 0.019029561625107615
leaf_weight=4499 31 31 42 33 109 566 201
leaf_count=4499 31 31 42 33 109 566 201
internal_value=-0.000566038 -0.00807692 -0.00205479 -0.000421598 -0.000507907 -0.00342222 -8.93617e-05
internal_weight=5512 104 73 5408 5375 675 4700
internal_count=5512 104 73 5408 5375 675 4700
is_linear=0
shrinkage=0.03


Tree=234
num_leaves=14
num_cat=0
split_feature=20 156 138 68 141 64 142 12 39 64 72 149 58
split_gain=6.9086 17.3248 17.0955 13.0551 10.2596 9.0237 15.4479 16.5827 13.4469 12.3545 18.0718 17.0454 3.26667
threshold=4.2864583301954697 0.18333333333333338 14419.000000000002 0.42842292842292845 242.50000000000003 0.59637237762237771 9.1372284548173486 2.6743635144220814 1.5258192420500365 0.50614867238869665 8.0565985914898075 62.500000000000007 2.8672538754583869
decision_type=2 2 2 2 2 2 2 2 2 2 2 2 2
left_child=5 12 3 -3 -4 9 8 -8 -7 11 -11 -1 -2
right_child=1 2 4 -5 -6 6 7 -9 -10 10 -12 -13 -14
leaf_value=5.9422998353692578e-05 -0.018824155567337457 0.03190073534351906 0.059633246666404321 -0.0052257332028658923 0.0017193643944609625 0.0033944571817748586 -0.00086296313144599505 0.017741630076129448 -0.0012085118617216318 -0.0039552931612747057 0.033991594237670168 -0.0081489253667292334 -0.011104387757764182
leaf_weight=2144 30 42 35 349 39 1006 50 101 943 667 30 46 30
leaf_count=2144 30 42 35 349 39 1006 50 101 943 667 30 46 30
internal_value=-0.000555152 -0.00382857 -0.00187097 -0.0043734 0.0113514 -0.000210547 0.00128571 0.0105298 0.000569523 -0.00129893 -0.00477762 -0.000191781 -0.019
internal_weight=5512 525 465 391 74 4987 2100 151 1949 2887 697 2190 60
internal_count=5512 525 465 391 74 4987 2100 151 1949 2887 697 2190 60
is_linear=0
shrinkage=0.03


Tree=235
num_leaves=8
num_cat=0
split_feature=115 42 143 12 61 65 53
split_gain=6.26173 10.3732 8.18312 9.51155 12.2175 8.04517 7.82216
threshold=4.5000000000000009 0.57296899762207676 4.385225107755045 4.9335713252792095 0.66697645600991329 1.6659041394335514 0.24731760431781044
decision_type=2 2 2 2 2 2 2
left_child=2 5 3 6 -5 -2 -1
right_child=1 -3 -4 4 -6 -7 -8
leaf_value=-0.00057592066081013692 0.0071951240248259675 -0.016972540988462112 0.053745235394223753 0.00035563829027307866 -0.015987917977450496 -0.013993608696940869 0.00036401916045687434
leaf_weight=2538 44 31 42 58 61 37 2701
leaf_count=2538 44 31 42 58 61 37 2701
internal_value=-0.000478955 -0.0075 -0.000333333 -0.00043673 -0.00882353 -0.00185185 -0.00024623
internal_weight=5512 112 5400 5358 119 81 5239
internal_count=5512 112 5400 5358 119 81 5239
is_linear=0
shrinkage=0.03


Tree=236
num_leaves=11
num_cat=0
split_feature=13 150 94 101 83 102 53 75 148 141
split_gain=8.04992 11.9475 22.7318 10.0876 9.81273 9.76358 9.84797 9.53024 14.7456 11.0748
threshold=6.3151718616870225 0.65294407620009876 2.5287119368273365 1.7740494978952799 8.2672896524666797 0.0026873545395371934 1.271839114840386 0.61820919829020349 17.500000000000004 1788.5000000000002
decision_type=2 2 2 2 2 2 2 2 2 2
left_child=4 5 -3 -4 7 -2 -7 9 -9 -1
right_child=1 2 3 -5 -6 6 -8 8 -10 -11
leaf_value=-0.00026890382771518114 0.006476888162680234 0.10727703135187736 0.0043429245456442474 -0.01823067459827896 0.090927732080809481 -0.0096331759244869097 0.069739390337839435 0.0029728324570917185 -0.0056669257824875927 0.0046907835010611132
leaf_weight=3939 36 33 32 31 34 211 30 171 295 700
leaf_count=3939 36 33 32 31 34 211 30 171 295 700
internal_value=-0.00048984 -0.00474531 0.004375 -0.00619048 -0.000180969 -0.00790614 -0.010083 -0.000287953 -0.00437768 0.000122871
internal_weight=5512 373 96 63 5139 277 241 5105 466 4639
internal_count=5512 373 96 63 5139 277 241 5105 466 4639
is_linear=0
shrinkage=0.03


Tree=237
num_leaves=10
num_cat=0
split_feature=13 89 68 28 14 41 30 118 75
split_gain=7.88603 11.2921 17.8486 13.7914 11.4027 10.3867 10.3589 7.80668 7.66363
threshold=6.3151718616870225 3165.0000000000005 0.61350123864574746 1.424798986570422 5.4006437975403641 4.5978381810366722 0.063182967582441046 0.79137087209982138 0.58851675762113342
decision_type=2 2 2 2 2 2 2 2 2
left_child=5 2 -2 -3 -5 6 -1 -4 -8
right_child=1 3 7 4 -6 -7 8 -9 -10
leaf_value=-0.01101159408004165 0.03488129618194729 -0.014193951969099628 -0.0099570135310698329 0.058070175007165756 -0.00029054557501315137 0.043929427431974456 0.00010162096421863719 -0.0041161108799328099 -0.0024202655091028801
leaf_weight=41 41 44 107 45 84 40 4321 52 737
leaf_count=41 41 44 107 45 84 40 4321 52 737
internal_value=-0.000533382 -0.00474531 -0.0096 0.000867052 0.00581395 -0.000227671 -0.000347127 -0.0141509 -0.000225386
internal_weight=5512 373 200 173 129 5139 5099 159 5058
internal_count=5512 373 200 173 129 5139 5099 159 5058
is_linear=0
shrinkage=0.03


Tree=238
num_leaves=9
num_cat=0
split_feature=66 64 134 89 109 47 95 27
split_gain=7.73813 6.60434 15.6782 18.6946 18.1419 11.2501 24.666 14.464
threshold=3.0309400094473316 0.68120471014492767 39799.500000000007 3004.5000000000005 0.12264963956061779 3.5000000000000004 1.5092655103768666 1.2582078858049741
decision_type=2 2 2 2 2 2 2 2
left_child=1 5 4 -4 -3 7 -7 -1
right_child=-2 2 3 -5 -6 6 -8 -9
leaf_value=0.00072928804993525052 -0.012926397452386924 0.0074548164501997121 -0.00044146531988653787 0.018294751415365046 -0.0026214920886264391 -0.0081453970615265447 -0.0018475345287649468 -0.0012816456771106376
leaf_weight=1594 53 360 188 242 881 112 807 1275
leaf_count=1594 53 360 188 242 881 112 807 1275
internal_value=-0.000478955 -0.000368199 0.00120287 0.00613953 -0.000507655 -0.00106125 -0.00394995 -0.000135936
internal_weight=5512 5459 1671 430 1241 3788 919 2869
internal_count=5512 5459 1671 430 1241 3788 919 2869
is_linear=0
shrinkage=0.03


Tree=239
num_leaves=13
num_cat=0
split_feature=135 23 7 132 98 42 75 100 109 60 106 52
split_gain=7.116 12.8644 11.4127 15.8973 12.6098 9.20279 15.2004 19.4273 16.4497 8.77036 12.9522 12.9008
threshold=169.50000000000003 -10.949058477290285 0.81129844320347821 0.46336857957475447 1.8829402094656407 0.21488005919951073 0.561434625407503 0.57256436395163213 0.50201147446868799 7.1681304604554423 0.047130462830334265 9150.0000000000018
decision_type=2 2 2 2 2 2 2 2 2 2 2 2
left_child=5 -2 4 -4 -3 6 8 -8 -1 11 -11 -7
right_child=1 2 3 -5 -6 9 7 -9 -10 10 -12 -13
leaf_value=0.0097329027545221703 -0.015135361042657388 0.0061393977731093808 0.00010743642619379962 -0.007907404757727915 -0.0085305701641076991 -7.7099525861863414e-05 0.013053246026553649 -0.012612143666866917 -0.0043936123333410014 0.0048734768211937717 -0.005403960103912489 0.021173202895779245
leaf_weight=337 30 360 350 339 69 3205 50 57 101 91 443 80
leaf_count=337 30 360 350 339 69 3205 50 57 101 91 443 80
internal_value=-0.000511611 -0.00261324 -0.00209302 -0.00448476 0.00174825 4.12466e-05 0.00368807 -0.0064486 0.00616438 -0.000479183 -0.00404494 0.000100457
internal_weight=5512 1148 1118 689 429 4364 545 107 438 3819 534 3285
internal_count=5512 1148 1118 689 429 4364 545 107 438 3819 534 3285
is_linear=0
shrinkage=0.03


Tree=240
num_leaves=9
num_cat=0
split_feature=138 27 4 30 99 73 120 103
split_gain=7.80017 16.2357 15.5197 11.907 11.3649 10.8 8.17434 9.50516
threshold=22011.000000000004 2.7454207547779244 31.480301384632774 1.6020812190253546 2.0868692154338455 0.15301003344481609 0.2132007975604035 0.60838637887112113
decision_type=2 2 2 2 2 2 2 2
left_child=4 2 5 -4 6 -2 -1 -8
right_child=1 -3 3 -5 -6 -7 7 -9
leaf_value=0.010905559144418923 -0.0026916139654196924 0.020764862569644243 -0.0061624843408159043 0.0087764256039870158 -0.016682024029740155 -0.010989680918456696 -0.0011058234505854478 0.00012523976974664175
leaf_weight=57 60 33 43 43 34 60 1046 4136
leaf_count=57 60 33 43 43 34 60 1046 4136
internal_value=-0.000598694 -0.00589958 -0.00902913 0.000697674 -0.00035843 -0.016 -0.00024623 -0.000370513
internal_weight=5512 239 206 86 5273 120 5239 5182
internal_count=5512 239 206 86 5273 120 5239 5182
is_linear=0
shrinkage=0.03


Tree=241
num_leaves=13
num_cat=0
split_feature=87 23 142 134 56 53 52 95 26 23 75 1
split_gain=6.97311 13.6442 10.9314 16.919 8.83057 13.4825 11.2668 11.2572 14.6222 12.7055 8.66619 8.31495
threshold=169.50000000000003 -10.949058477290285 3.0458381616399706 9016.0000000000018 0.21594301336855598 0.0074810717032398905 750.00000000000011 0.76367028578450091 -3.6412584885740347 -2.8382000951252637 0.58132677977135361 84.20358283571727
decision_type=2 2 2 2 2 2 2 2 2 2 2 2
left_child=4 -2 3 -3 5 11 -7 8 -6 -9 -4 -1
right_child=1 2 10 -5 7 6 -8 9 -10 -11 -12 -13
leaf_value=-0.0041739856593986571 -0.012420836258165266 -0.0016324078302527797 -0.0010821685742770531 0.012398954861240503 -0.011610327996182227 -0.0047329301403740559 -4.7260707308985902e-05 0.00812253670977711 -2.9026864644344231e-05 0.00014654512097261207 -0.0081818851426606037 -0.0070561916510562166
leaf_weight=52 34 282 708 193 108 166 1634 586 478 1105 125 41
leaf_count=52 34 282 708 193 108 166 1634 586 478 1105 125 41
internal_value=-0.000533382 -0.00241431 -0.00192661 0.00170526 7.19424e-05 -0.00144216 -0.000866667 0.0013307 -0.00225256 0.00257244 -0.0039976 -0.0125806
internal_weight=5512 1342 1308 475 4170 1893 1800 2277 586 1691 833 93
internal_count=5512 1342 1308 475 4170 1893 1800 2277 586 1691 833 93
is_linear=0
shrinkage=0.03


Tree=242
num_leaves=9
num_cat=0
split_feature=66 76 109 110 109 0 52 61
split_gain=7.72337 6.73668 15.5342 10.1448 8.03017 8.01618 18.6346 10.9941
threshold=3.0309400094473316 5.5110947018545682 0.55809508901401361 1.3405426823748048 0.74480778249524859 -0.13242895480562245 4350.0000000000009 0.22170301142263762
decision_type=2 2 2 2 2 2 2 2
left_child=1 5 3 -3 -4 6 -1 -7
right_child=-2 2 4 -5 -6 7 -8 -9
leaf_value=-0.00038116656699732296 -0.012677572420193401 -0.012914858225061146 -0.011300294605452444 0.0055708450980844993 -0.00075535086507170016 0.0077570820053637374 -0.0056371051593888787 -0.00030280824052463461
leaf_weight=303 53 30 34 272 44 294 118 4364
leaf_count=303 53 30 34 272 44 294 118 4364
internal_value=-0.00048984 -0.00037919 0.00347368 0.00655629 -0.00846154 -0.000667454 -0.00463183 -0.000309146
internal_weight=5512 5459 380 302 78 5079 421 4658
internal_count=5512 5459 380 302 78 5079 421 4658
is_linear=0
shrinkage=0.03


Tree=243
num_leaves=9
num_cat=0
split_feature=36 141 97 22 94 134 76 75
split_gain=8.02954 9.8329 7.79057 8.07148 13.9177 12.2796 5.46015 4.47763
threshold=391.70833333333337 375.50000000000006 12.155358844955908 6.2778054894005733 2.2046872300664999 6942.0000000000009 1.3867521367521372 0.51145712394980503
decision_type=2 2 2 2 2 2 2 2
left_child=2 -2 3 5 -5 -1 7 -4
right_child=1 -3 6 4 -6 -7 -8 -9
leaf_value=-0.0028178759167680066 -0.004661455940034088 -0.00013527158115806071 -0.0058095585207496858 0.013306076468489306 0.00013107139733578078 5.8539931110856423e-05 0.00037029843439245259 -0.0061595115315329864
leaf_weight=1131 42 53 30 179 700 3306 40 31
leaf_count=1131 42 53 30 179 700 3306 40 31
internal_value=-0.000511611 -0.00915789 -0.000359978 -0.00020316 0.00242321 -0.000723462 -0.00861386 -0.0142623
internal_weight=5512 95 5417 5316 879 4437 101 61
internal_count=5512 95 5417 5316 879 4437 101 61
is_linear=0
shrinkage=0.03


Tree=244
num_leaves=9
num_cat=0
split_feature=36 141 55 74 0 11 89 93
split_gain=8.00933 9.8329 7.93826 8.73721 13.3076 9.8209 8.2967 10.5808
threshold=391.70833333333337 375.50000000000006 1.2298122725102849 0.68990384615384626 -0.13242895480562245 2.1658734092967546 1916.5000000000002 2.3569695160232436
decision_type=2 2 2 2 2 2 2 2
left_child=2 -2 3 5 -5 -1 -4 -8
right_child=1 -3 6 4 -6 -7 7 -9
leaf_value=-0.0069157883973234467 -0.0045216122618330652 -0.00013121343372331896 -0.0084529716942257672 -0.0053041526151422214 -0.00090559671910303671 0.00030013859052617882 0.0044012583751567276 -0.0031476214420936843
leaf_weight=140 42 53 47 88 1093 3892 62 95
leaf_count=140 42 53 47 88 1093 3892 62 95
internal_value=-0.000522496 -0.00915789 -0.000371054 -0.000143871 -0.00241321 0.000520833 -0.00617647 -0.00286624
internal_weight=5512 95 5417 5213 1181 4032 204 157
internal_count=5512 95 5417 5213 1181 4032 204 157
is_linear=0
shrinkage=0.03


Tree=245
num_leaves=8
num_cat=0
split_feature=36 141 97 26 48 78 49
split_gain=8.1513 9.8329 7.91653 7.43751 8.0674 6.53306 6.13936
threshold=391.70833333333337 375.50000000000006 12.155358844955908 -0.070982140634323662 1.0239620361366948 0.11355577047066411 23400.000000000004
decision_type=2 2 2 2 2 2 2
left_child=2 -2 3 4 -1 -4 -7
right_child=1 -3 5 -5 -6 6 -8
leaf_value=3.115511747951438e-05 -0.0043859638939780727 -0.00012727703071161998 -0.0077128443655211055 0.020553813229516427 -0.0034720792203766543 0.0053521220577516194 -0.0074539210112097628
leaf_weight=4907 42 53 37 31 378 31 33
leaf_count=4907 42 53 37 31 378 31 33
internal_value=-0.000446299 -0.00915789 -0.00029352 -0.00013544 -0.000221381 -0.00861386 -0.0028125
internal_weight=5512 95 5417 5316 5285 101 64
internal_count=5512 95 5417 5316 5285 101 64
is_linear=0
shrinkage=0.03


Tree=246
num_leaves=13
num_cat=0
split_feature=14 24 150 90 20 72 121 25 95 8 53 14
split_gain=7.64122 13.9839 19.7413 16.8133 10.1718 12.8918 16.6773 12.715 9.34251 17.8184 16.2464 8.82209
threshold=2.3951421064272687 -2.903107049337172 0.12115593651056925 0.58681084761250857 4.2864583301954697 1.5849237911371243 0.34133119508751736 -0.56477504586962157 2.1488842594108872 1.4292985578812993 0.14016748622575695 2.0287628619597613
decision_type=2 2 2 2 2 2 2 2 2 2 2 2
left_child=1 -1 11 -4 8 6 -6 -7 9 -2 -10 -3
right_child=4 2 3 -5 5 7 -8 -9 10 -11 -12 -13
leaf_value=-0.0068711910611446098 -0.00019346062708410365 -0.012609012752043408 -0.002984460179425553 0.01384080203364017 0.06183479526172455 -0.0063153738111843671 -0.012927629418882045 -0.016619408996115491 -0.0033842013789763779 -0.0098807128286134208 0.0086311759116014745 -0.0013739321713852569
leaf_weight=53 3668 31 91 368 49 279 43 40 221 147 478 44
leaf_count=53 3668 31 91 368 49 279 43 40 221 147 478 44
internal_value=-0.000424528 0.0028109 0.00426966 0.00660131 -0.000810152 -0.00532847 0.00456522 -0.00818182 -0.000398759 -0.000982962 0.0027897 -0.01
internal_weight=5512 587 534 459 4925 411 92 319 4514 3815 699 75
internal_count=5512 587 534 459 4925 411 92 319 4514 3815 699 75
is_linear=0
shrinkage=0.03


Tree=247
num_leaves=14
num_cat=0
split_feature=17 161 91 138 30 103 134 102 60 75 135 46 11
split_gain=7.84321 17.5018 15.0536 13.4262 13.2305 13.372 12.2786 16.7854 11.8331 9.80528 9.72533 18.3706 9.59771
threshold=1.8504523178129137 0.41666666666666669 1.551837686608468 437.50000000000006 2.6418582239714561 1.2799781732651148 3841.5000000000005 0.0049435514128320845 5.4082492509069082 0.65259183200573856 160.50000000000003 42.083333333333336 13.002216149527269
decision_type=2 2 2 2 2 2 2 2 2 2 2 2 2
left_child=2 3 10 -2 5 -3 8 -8 -4 -5 12 -12 -1
right_child=1 4 6 9 -6 -7 7 -9 -10 -11 11 -13 -14
leaf_value=-3.0627542563946838e-05 0.030655542861711176 -0.001055818111165876 -0.0100843221300596 -0.0076980309709606277 -0.011144547341434082 0.012485321819891879 -0.0014225241220466034 0.015128432995944291 0.01452134966025838 0.013114814476162594 -0.0074515768908248858 -0.00029055421120828041 -0.0084551527629437694
leaf_weight=2891 43 455 103 431 48 249 224 535 57 34 87 265 90
leaf_count=2891 43 455 103 431 48 249 224 535 57 34 87 265 90
internal_value=-0.000587808 -0.00266667 2.8222e-05 -0.0069685 0.000239362 0.00127841 0.00342764 0.00501976 -0.004125 -0.00845161 -0.000909091 -0.005625 -0.000352231
internal_weight=5512 1260 4252 508 752 704 919 759 160 465 3333 352 2981
internal_count=5512 1260 4252 508 752 704 919 759 160 465 3333 352 2981
is_linear=0
shrinkage=0.03


Tree=248
num_leaves=13
num_cat=0
split_feature=47 157 53 91 108 152 71 37 61 109 39 49
split_gain=6.55081 17.5616 16.3094 14.4077 12.2821 10.4918 9.1627 12.8687 10.3525 17.761 11.1874 8.02107
threshold=3.5000000000000004 0.61250000000000016 0.89513236865472523 1.551837686608468 0.21750689106857787 0.29166666666666669 11.25428727101883 2.8963137885622023 0.23768812640080281 0.064412115329222988 0.88145486662417016 59400.000000000007
decision_type=2 2 2 2 2 2 2 2 2 2 2 2
left_child=6 2 3 -2 11 -4 8 -8 9 -1 -10 -3
right_child=1 4 5 -5 -6 -7 7 -9 10 -11 -12 -13
leaf_value=-0.0091477015985477004 -0.0067165247901917842 0.015873667235645792 -0.0047151170681921867 -0.0025935992087002058 0.039947937812199581 0.019432419975709405 -0.00016630672419201643 -0.0063927241973164173 -0.0027161349634242725 0.014097192494958059 0.00012239910269081181 -0.010767433051191086
leaf_weight=58 224 53 47 912 42 129 52 36 284 242 3392 41
leaf_count=58 224 53 47 912 42 129 52 36 284 242 3392 41
internal_value=-0.000587808 -0.00232044 -0.00338415 -0.0047007 0.00794118 0.00511364 2.95276e-05 -0.00954545 0.000241449 0.0056 -0.000195865 0.00191489
internal_weight=5512 1448 1312 1136 136 176 4064 88 3976 300 3676 94
internal_count=5512 1448 1312 1136 136 176 4064 88 3976 300 3676 94
is_linear=0
shrinkage=0.03


Tree=249
num_leaves=6
num_cat=0
split_feature=66 143 20 4 125
split_gain=9.12427 9.96741 8.66511 20.274 8.50882
threshold=3.0309400094473316 4.385225107755045 4.2864583301954697 36.567376133130402 0.020103232365155325
decision_type=2 2 2 2 2
left_child=1 2 4 -4 -1
right_child=-2 -3 3 -5 -6
leaf_value=0.00013092760503451983 -0.012349124268696804 0.13065001236620333 -0.0084773672391104116 0.0068046853744635457 -0.0020125884646136493
leaf_weight=4202 53 31 288 163 775
leaf_count=4202 53 31 288 163 775
internal_value=-0.00063135 -0.000511083 -0.000607959 -0.0045898 -0.000247137
internal_weight=5512 5459 5428 451 4977
internal_count=5512 5459 5428 451 4977
is_linear=0
shrinkage=0.03


Tree=250
num_leaves=11
num_cat=0
split_feature=13 89 68 28 18 83 45 75 146 141
split_gain=8.16173 10.1521 19.5731 12.7962 11.1779 9.98846 9.32352 8.38668 13.0522 9.74858
threshold=6.2388527509908229 3165.0000000000005 0.61350123864574746 1.424798986570422 5.738118377220748 8.2672896524666797 1.2546296296296298 0.61820919829020349 9.6254932861027154 398.50000000000006
decision_type=2 2 2 2 2 2 2 2 2 2
left_child=5 2 -2 -3 -5 7 -4 9 -9 -1
right_child=1 3 6 4 -6 -7 -8 8 -10 -11
leaf_value=-0.00096292536983140107 0.033987109925501177 -0.012077323770091099 -0.010410857016978529 0.025225870005482789 -0.009408839523232208 0.086739022634521726 0.00027110868210508037 0.019367112093824315 -0.0037319436045004251 0.00035770032980077525
leaf_weight=1792 43 56 145 107 31 34 33 31 431 2809
leaf_count=1792 43 56 145 107 31 34 33 31 431 2809
internal_value=-0.00065312 -0.0046988 -0.00909502 0.000309278 0.00521739 -0.00032372 -0.0134831 -0.00043255 -0.00428571 -4.56423e-05
internal_weight=5512 415 221 194 138 5097 178 5063 462 4601
internal_count=5512 415 221 194 138 5097 178 5063 462 4601
is_linear=0
shrinkage=0.03


Tree=251
num_leaves=10
num_cat=0
split_feature=13 36 150 15 89 83 58 101 48
split_gain=8.84671 12.3963 17.4994 17.1196 11.7857 7.89284 8.37272 17.8272 7.48524
threshold=6.2388527509908229 363.70833333333337 0.57520269131147794 1.058296227429772 3165.0000000000005 8.2672896524666797 9.6626529342626224 1.3380292577219064 0.98028611213612382
decision_type=2 2 2 2 2 2 2 2 2
left_child=5 2 4 -4 -2 6 8 -8 -1
right_child=1 -3 3 -5 -6 -7 7 -9 -10
leaf_value=9.7802710237419044e-05 -0.0087401257962021247 -0.017286959626978574 0.026713170550565147 -0.0098005397742378705 0.00012448818018905627 0.084136851955486078 -0.0059664667685735947 0.017965508535686934 -0.0016692481143257942
leaf_weight=4411 154 36 71 44 110 34 75 46 531
leaf_count=4411 154 36 71 44 110 34 75 46 531
internal_value=-0.00063135 -0.00484337 -0.00324538 0.00652174 -0.0075 -0.000288405 -0.000385147 -0.00818182 -0.000194253
internal_weight=5512 415 379 115 264 5097 5063 121 4942
internal_count=5512 415 379 115 264 5097 5063 121 4942
is_linear=0
shrinkage=0.03


Tree=252
num_leaves=12
num_cat=0
split_feature=13 150 48 102 107 104 107 78 62 108 62
split_gain=7.68354 13.6411 18.6667 12.4502 10.8436 7.32066 16.6139 9.4094 8.82207 8.29695 7.68254
threshold=6.3151718616870225 0.65294407620009876 0.71371152444615593 0.0026873545395371934 0.080817989690951733 4.533449353015981 0.062329271325490626 0.97801932367149769 0.45027472527472534 0.0192635400132064 0.29738282586383857
decision_type=2 2 2 2 2 2 2 2 2 2 2
left_child=5 3 -3 -2 -5 7 -7 8 -1 -8 -9
right_child=1 2 -4 4 -6 6 9 10 -10 -11 -12
leaf_value=-0.00048276732878321349 0.0049108589845522762 -0.0063861775399932626 0.039037634345684628 -0.011206772820117219 -0.0035038028203701363 -0.013786456876888904 0.023535452395800648 0.017560251386758166 0.00071257140445639573 -0.0074541896001740354 0.00031317904327931797
leaf_weight=3111 36 42 54 104 137 45 40 75 1662 101 105
leaf_count=3111 36 42 54 104 137 45 40 75 1662 101 105
internal_value=-0.000587808 -0.00474531 0.005 -0.00812274 -0.0105809 -0.000286048 -0.00612903 -6.66263e-05 -0.000320553 -0.00106383 0.00666667
internal_weight=5512 373 96 277 241 5139 186 4953 4773 141 180
internal_count=5512 373 96 277 241 5139 186 4953 4773 141 180
is_linear=0
shrinkage=0.03


Tree=253
num_leaves=14
num_cat=0
split_feature=66 27 18 145 70 89 146 139 61 49 59 137 52
split_gain=7.09947 21.3678 18.5973 17.3934 12.8259 20.6933 21.7179 16.6208 15.0746 12.9289 9.85076 7.01032 6.66667
threshold=1.6502940390269984 0.23018237754037249 2.3247199448000768 4.0719721725814262 2.1827884936782787 5509.0000000000009 19.386877739706645 204.50000000000003 0.80644577104006854 12600.000000000002 1.54254376795056 3141.5000000000005 2250.0000000000005
decision_type=2 2 2 2 2 2 2 2 2 2 2 2 2
left_child=4 12 3 -3 5 6 -1 9 -7 -6 -4 -9 -2
right_child=1 2 10 -5 7 8 -8 11 -10 -11 -12 -13 -14
leaf_value=-0.0046514174976809821 0.09785149737253343 -0.0041351084085410519 0.0010966523533603033 0.011498825630317526 -0.002457537283161925 0.0066166789223235005 0.0037616038833518093 -0.0092979034001586525 0.035291878653682371 7.000214217286804e-05 -0.0097946477141999683 -0.00057412933912814098 0.0035561642659355241
leaf_weight=265 30 425 41 100 616 179 337 31 70 3192 160 36 30
leaf_count=265 30 425 41 100 616 179 337 31 70 3192 160 36 30
internal_value=-0.000566038 -0.00320611 -0.0046281 -0.00165714 -0.000126957 0.00320799 0.000199336 -0.000859355 0.0104819 -0.000598739 -0.0123881 -0.0156716 0.014
internal_weight=5512 786 726 525 4726 851 602 3875 249 3808 201 67 60
internal_count=5512 786 726 525 4726 851 602 3875 249 3808 201 67 60
is_linear=0
shrinkage=0.03


Tree=254
num_leaves=12
num_cat=0
split_feature=39 108 59 142 68 2 105 52 30 1 1
split_gain=7.54244 14.7552 19.9467 15.6154 12.9277 11.5694 10.3861 10.128 9.74225 9.15515 8.5652
threshold=3.0714072979076144 0.070563025412914468 1.8136031523284488 10.3449249197326 7.8179883945841402 88.612836099955317 0.068527502846059407 1950.0000000000002 0.088122614164856991 99.618108596028335 98.895986668518276
decision_type=2 2 2 2 2 2 2 2 2 2 2
left_child=8 2 5 6 -4 -2 -3 -5 -1 10 -10
right_child=1 3 4 7 -6 -7 -8 -9 9 -11 -12
leaf_value=-0.010875198283965885 0.00062714893838221818 -0.010499951234579348 -0.011620494302325148 0.012803943838301033 0.0031996284380347117 0.054692407466048455 -0.00048807891130406397 -0.0041059664320881291 -4.4563238302787741e-05 -0.0047710280256747012 0.0064751058722851973
leaf_weight=40 32 150 31 31 50 36 47 30 4918 39 108
leaf_count=40 32 150 31 31 50 36 47 30 4918 39 108
internal_value=-0.000566038 -0.00449631 0.00302013 -0.00883721 -0.00703704 0.015 -0.0129442 0.00442623 -0.000252693 -0.000136229 -2.38758e-05
internal_weight=5512 407 149 258 81 68 197 61 5105 5065 5026
internal_count=5512 407 149 258 81 68 197 61 5105 5065 5026
is_linear=0
shrinkage=0.03


Tree=255
num_leaves=15
num_cat=0
split_feature=75 101 146 81 11 25 58 62 6 25 136 131 132 70
split_gain=7.14957 12.5309 12.2988 10.4623 10.0523 9.46159 16.5555 12.5695 12.2464 15.2222 9.31863 8.4375 6.25378 4.87345
threshold=0.49285825387245141 2.434926388508424 7.6653870152421284 0.21842307040709724 2.349643901067429 -1.0378890546939561 1.5951678725531513 0.31974766650846392 8.5000000000000018 -0.69346204118461563 36.500000000000007 1.1507826092633049 0.72101374765051529 2.4810062868590941
decision_type=2 2 2 2 2 2 2 2 2 2 2 2 2 2
left_child=1 2 12 13 -4 6 7 -2 9 -7 -8 -10 -1 -3
right_child=5 3 4 -5 -6 8 10 -9 11 -11 -12 -13 -14 -15
leaf_value=0.032773696824324475 -0.0006406961107512535 -0.003426246133748167 -0.0086481378996692126 0.0053555408096892044 0.00044909128222828332 0.0083405710129066529 -0.0086824999032667702 -0.0092384592785622228 -0.0048275169864969783 -2.5025606578634728e-05 -0.00034847346451256423 0.0043065283307038909 0.011033069504365252 -0.0075365766475022373
leaf_weight=34 136 36 93 30 1896 271 93 215 240 467 1842 80 36 43
leaf_count=34 136 36 93 30 1896 271 93 215 240 467 1842 80 36 43
internal_value=-0.000511611 0.000830258 0.00135503 -0.00908257 0.00092006 -0.00138158 -0.00246719 -0.00846154 0.000964083 0.00308943 -0.00137984 -0.0039375 0.0137143 -0.0148101
internal_weight=5512 2168 2059 109 1989 3344 2286 351 1058 738 1935 320 70 79
internal_count=5512 2168 2059 109 1989 3344 2286 351 1058 738 1935 320 70 79
is_linear=0
shrinkage=0.03


Tree=256
num_leaves=13
num_cat=0
split_feature=138 19 11 102 138 29 86 7 36 47 36 26
split_gain=7.29408 14.8662 20.472 15.301 10.1929 23.8261 17.4387 14.191 10.0638 20.4026 15.5168 7.65503
threshold=22011.000000000004 4.1286658855307703 6.0228245362433777 0.0037657249940588524 16263.500000000002 1.2446148409659197 28174.000000000004 2.2174074852704546 301.90833333333336 3.5000000000000004 245.22500000000005 -1.3163950026153119
decision_type=2 2 2 2 2 2 2 2 2 2 2 2
left_child=4 11 -3 -4 8 7 -7 -6 10 -10 -1 -2
right_child=1 2 3 -5 5 6 -8 -9 9 -11 -12 -13
leaf_value=-0.00025815131513332756 -0.0075878801683846213 0.031430025913398836 -0.0094410817175946942 0.0062898683043697183 0.00032578512945455437 -0.0024391404201979739 0.037376912045594991 -0.012460027128731826 -0.00014881951099956033 -0.0064692496763068125 0.0051034557907626279 -0.0023988121325155131
leaf_weight=2933 49 34 56 41 38 51 120 31 944 366 790 59
leaf_count=2933 49 34 56 41 38 51 120 31 944 366 790 59
internal_value=-0.000522496 -0.00564854 0.00114504 -0.00587629 -0.000290157 0.00575 0.0117544 -0.00913043 -0.000578184 -0.00283969 0.000217566 -0.0138889
internal_weight=5512 239 131 97 5273 240 171 69 5033 1310 3723 108
internal_count=5512 239 131 97 5273 240 171 69 5033 1310 3723 108
is_linear=0
shrinkage=0.03


Tree=257
num_leaves=12
num_cat=0
split_feature=12 138 53 107 149 53 107 57 141 24 69
split_gain=7.05768 15.3763 9.93632 17.7319 10.1641 8.06283 19.2006 17.7012 14.8795 15.4741 14.0932
threshold=4.4371766416224601 462.00000000000006 0.16144986988497806 0.090051099224488243 12.500000000000002 0.11054910095135592 0.59784378064942845 3.9982326086112758 2884.5000000000005 -0.93777568077308271 6.2900904279125909
decision_type=2 2 2 2 2 2 2 2 2 2 2
left_child=5 -2 4 -4 -3 6 7 -1 10 -10 -7
right_child=1 2 3 -5 -6 8 -8 -9 9 -11 -12
leaf_value=-0.0035096341953726787 0.026776867842038494 -0.0035423198729787626 -0.01260248826329291 -0.0012488989925957799 0.016439812628014083 0.00032759053950382811 0.020994140238012514 0.00075267831327825989 0.00072607861933695391 0.032495214900723664 -0.0042358155420436135
leaf_weight=701 53 74 100 121 56 2986 51 600 109 80 581
leaf_count=701 53 74 100 121 56 2986 51 600 109 80 581
internal_value=-0.00048984 -0.00430693 -0.0065812 -0.0104525 0 -0.00018794 -0.00217456 -0.0028824 0.000527157 0.00873016 9.25147e-05
internal_weight=5512 404 351 221 130 5108 1352 1301 3756 189 3567
internal_count=5512 404 351 221 130 5108 1352 1301 3756 189 3567
is_linear=0
shrinkage=0.03


Tree=258
num_leaves=13
num_cat=0
split_feature=12 106 108 4 1 107 41 93 26 141 1 11
split_gain=7.41793 11.3697 15.7209 13.7658 16.5161 10.9978 7.56267 16.8539 14.3017 10.4557 20.6873 14.4673
threshold=4.4976119784664315 0.082362391376149244 0.17691651244544979 45.61671353598026 76.315789473684234 0.091657818362305202 0.85030134402480184 7.5680727719801721 -0.81767318706337611 1788.5000000000002 60.47076794889599 2.1658734092967546
decision_type=2 2 2 2 2 2 2 2 2 2 2 2
left_child=6 2 -2 5 -5 -3 7 8 -1 11 -11 -8
right_child=1 3 -4 4 -6 -7 9 -9 -10 10 -12 -13
leaf_value=8.4616011922209467e-05 -0.01099713252231241 -0.010983781822632762 0.081504354040365462 0.062666455083064787 -0.0050102596587431941 -0.0044604317363643869 -0.0096449700191330798 -0.0075025248863862543 0.006857845124840287 -0.014733587357670101 0.00733232906179583 -0.000463084022928642
leaf_weight=1031 50 109 36 31 31 105 101 55 436 37 487 3003
leaf_count=1031 50 109 36 31 31 105 101 55 436 37 487 3003
internal_value=-0.00048984 -0.00464088 0.00488372 -0.0076087 0.00483871 -0.011215 -0.000198058 0.00157687 0.00218814 -0.000942668 0.0029771 -0.00160438
internal_weight=5512 362 86 276 62 214 5150 1522 1467 3628 524 3104
internal_count=5512 362 86 276 62 214 5150 1522 1467 3628 524 3104
is_linear=0
shrinkage=0.03


Tree=259
num_leaves=14
num_cat=0
split_feature=48 110 161 27 22 88 138 19 11 41 67 141 106
split_gain=7.61686 16.3801 14.132 13.5961 13.6174 9.47366 7.47144 15.016 23.8744 8.00724 12.0175 9.45579 7.27299
threshold=1.0239620361366948 2.0117640868761657 0.41666666666666669 0.77323816043827243 3.1040249269875777 215.50000000000003 22011.000000000004 3.6848338851520244 5.8245108961401746 1.1032462041582356 4.2192192192192204 2525.5000000000005 0.37227543865082774
decision_type=2 2 2 2 2 2 2 2 2 2 2 2 2
left_child=6 2 -2 5 -5 -3 9 12 -9 10 -1 -11 -8
right_child=1 3 -4 4 -6 -7 7 8 -10 11 -12 -13 -14
leaf_value=0.00057761601201134047 0.036899648263874388 0.016820030489235603 -0.0077125808386542972 -0.0028226395083484372 -0.014928789882963417 -0.005338458184957629 -0.0021184486480840103 0.022037656237470431 -0.0024172715503424022 -0.00049483510734008582 0.027968095039413794 0.0091958527509309815 -0.013710011706361415
leaf_weight=1638 51 31 47 82 107 75 35 30 113 2993 34 233 43
leaf_count=1638 51 31 47 82 107 75 35 30 113 2993 34 233 43
internal_value=-0.000478955 -0.00450382 0.00612245 -0.0080339 -0.0128571 0.000566038 -0.000169955 -0.00556561 0.00020979 7.34994e-05 0.00175837 -0.000799752 -0.0161538
internal_weight=5512 393 98 295 189 106 5119 221 143 4898 1672 3226 78
internal_count=5512 393 98 295 189 106 5119 221 143 4898 1672 3226 78
is_linear=0
shrinkage=0.03


Tree=260
num_leaves=14
num_cat=0
split_feature=66 27 11 15 149 34 125 68 68 138 15 52 48
split_gain=7.49879 19.0098 17.1592 17.8473 17.4153 9.63909 20.1055 17.4597 17.2584 15.9217 12.1356 8.06667 4.25368
threshold=1.6629170879676443 0.23018237754037249 6.9688021365105746 1.5466509219787763 3.5000000000000004 1.0000000180025095e-35 0.13793469220587259 5.0216279069767449 6.203030303030304 17693.500000000004 2.2162305185896511 2250.0000000000005 0.25047601031893213
decision_type=2 2 2 2 2 2 2 2 2 2 2 2 2
left_child=5 11 3 -3 -4 8 7 -7 9 -1 -10 -2 -8
right_child=1 2 4 -5 -6 6 12 -9 10 -11 -12 -13 -14
leaf_value=-0.00049266973428349072 0.094785969604934434 -0.0038019252348363433 -0.0076089623760040226 -0.014713092839200505 0.021319707575356894 0.0014497444601098901 -0.0047610968826997044 -0.0023474732094050437 -0.00056241303399390816 -0.0095454933267071999 0.12510678210932166 0.0030636563065191409 -0.017221779106422887
leaf_weight=1734 30 470 32 117 87 2456 35 278 30 147 33 30 33
leaf_count=1734 30 470 32 117 87 2456 35 278 30 147 33 30 33
internal_value=-0.000457184 -0.00321149 -0.00458924 -0.00669506 0.00579832 -1.26422e-05 0.00111349 0.00151426 -0.0016358 -0.00215311 0.0138095 0.013 -0.015
internal_weight=5512 766 706 587 119 4746 2802 2734 1944 1881 63 60 68
internal_count=5512 766 706 587 119 4746 2802 2734 1944 1881 63 60 68
is_linear=0
shrinkage=0.03


Tree=261
num_leaves=13
num_cat=0
split_feature=147 47 36 29 30 22 144 74 20 108 70 134
split_gain=7.50874 13.9596 16.6971 14.142 13.6778 9.83398 16.5775 18.9942 16.5521 12.107 17.3827 13.5748
threshold=28.461550046749547 5.5000000000000009 373.70833333333343 1.0676814628765803 1.4191427637348564 6.2778054894005733 3.4838020920084074 0.63961038961038974 2.751414294993999 0.57222801989219041 4.2068093208074488 6548.0000000000009
decision_type=2 2 2 2 2 2 2 2 2 2 2 2
left_child=5 2 4 -4 -2 9 7 -7 -8 11 -11 -1
right_child=1 -3 3 -5 -6 6 8 -9 -10 10 -12 -13
leaf_value=-0.0037886923712471344 0.00025431788192839592 -0.0071639539166317139 -0.0027647247045965262 0.030241434691061317 -0.0083948986338224264 0.0098970039195652518 -0.0057259618903792069 -0.00056243364554365845 8.2862463601415795e-05 0.00018824824223926062 0.020449019770543253 -7.5054947196121494e-05
leaf_weight=988 130 34 31 39 144 340 45 164 294 234 98 2971
leaf_count=988 130 34 31 39 144 340 45 164 294 234 98 2971
internal_value=-0.000522496 -0.00460317 -0.0027907 0.0102857 -0.00613139 -0.000222049 0.00274021 0.00619048 -0.00238938 -0.000804008 0.0046988 -0.00126547
internal_weight=5512 378 344 70 274 5134 843 504 339 4291 332 3959
internal_count=5512 378 344 70 274 5134 843 504 339 4291 332 3959
is_linear=0
shrinkage=0.03


Tree=262
num_leaves=9
num_cat=0
split_feature=36 106 73 29 48 110 36 26
split_gain=10.4085 12.0055 7.45183 7.44119 7.41608 14.7645 9.05434 5.97081
threshold=391.70833333333337 0.22512057616033573 0.91485507246376818 1.2767577952807068 1.0239620361366948 2.0117640868761657 16.366666666666678 -1.369815645521727
decision_type=2 2 2 2 2 2 2 2
left_child=2 -2 4 -4 6 -6 -1 -3
right_child=1 7 3 -5 5 -7 -8 -9
leaf_value=-0.011886624637592803 -0.0040668649570927235 -0.0024701418949343744 0.028597153334420047 0.002652508247540548 0.011076141029315765 -0.0070267156027949557 -2.2685421071990674e-05 0.00029160824533246187
leaf_weight=57 34 30 31 34 96 286 4913 31
leaf_count=57 34 30 31 34 96 286 4913 31
internal_value=-0.000576923 -0.0104211 -0.000404283 0.00969231 -0.000526906 -0.00455497 -0.000217304 -0.00245902
internal_weight=5512 95 5417 65 5352 382 4970 61
internal_count=5512 95 5417 65 5352 382 4970 61
is_linear=0
shrinkage=0.03


Tree=263
num_leaves=10
num_cat=0
split_feature=36 106 131 22 84 17 54 0 26
split_gain=9.11573 10.1764 7.10223 13.7515 11.5235 23.9197 7.89257 6.94444 5.97081
threshold=391.70833333333337 0.22512057616033573 2.1896509533918418 3.7749591519785346 2.4289698878465171 1.2204006747927731 1.9357621826015483 0.18957884546464457 -1.369815645521727
decision_type=2 2 2 2 2 2 2 2 2
left_child=2 -2 4 7 6 -6 -1 -4 -3
right_child=1 8 3 -5 5 -7 -8 -9 -10
leaf_value=-8.2446414598972832e-05 -0.0039448590083799419 -0.0023960376380863435 -0.015981968594614961 0.0085876580137953119 0.06994406545194308 -0.0015881092333077905 -0.012313357696783803 -0.020052544348085771 0.00028285999797248801
leaf_weight=5150 34 30 40 44 42 66 43 32 31
leaf_count=5150 34 30 40 44 42 66 43 32 31
internal_value=-0.000576923 -0.00978947 -0.000415359 -0.00775862 -0.000254669 0.00944444 -0.000456384 -0.0158333 -0.00245902
internal_weight=5512 95 5417 116 5301 108 5193 72 61
internal_count=5512 95 5417 116 5301 108 5193 72 61
is_linear=0
shrinkage=0.03


Tree=264
num_leaves=12
num_cat=0
split_feature=75 146 102 148 2 60 12 43 20 138 20
split_gain=6.79427 16.8343 10.5822 10.674 7.89261 13.5086 13.2046 11.7631 9.30232 12.7405 11.6348
threshold=0.61820919829020349 9.2560698860568174 0.042722734413234383 17.500000000000004 72.947601931933079 2.4366361583424401 2.4353268823685945 0.47495685902995705 4.2864583301954697 14419.000000000002 1.8126002456947747
decision_type=2 2 2 2 2 2 2 2 2 2 2
left_child=4 -2 3 -3 5 7 -7 -1 10 -10 -6
right_child=1 2 -4 -5 8 6 -8 -9 9 -11 -12
leaf_value=-0.0063684894367540797 0.03427791986867907 -5.2729896143591133e-05 0.043262418111394578 -0.0059318736442063062 -0.0030415725584959194 0.024566508063612272 0.0065737761761805831 0.0044977915910450368 -0.006200157045751273 0.027920204404744429 0.00016986689099245667
leaf_weight=119 35 161 30 294 485 43 139 195 377 56 3578
leaf_count=119 35 161 30 294 485 43 139 195 377 56 3578
internal_value=-0.000544267 -0.00380769 -0.00525773 -0.0063956 -0.000204327 0.0033871 0.00989011 -0.000382166 -0.000600534 -0.0047806 -0.000155058
internal_weight=5512 520 485 455 4992 496 182 314 4496 433 4063
internal_count=5512 520 485 455 4992 496 182 314 4496 433 4063
is_linear=0
shrinkage=0.03


Tree=265
num_leaves=9
num_cat=0
split_feature=36 60 48 110 161 69 25 63
split_gain=9.13728 9.08572 7.68664 14.4613 12.7114 11.2729 8.71362 9.90852
threshold=391.70833333333337 2.9875095797324485 1.0239620361366948 2.0117640868761657 0.41666666666666669 2.1108157706254933 -11.330206311088036 0.23304553683331017
decision_type=2 2 2 2 2 2 2 2
left_child=2 -2 6 4 -4 -5 -1 -8
right_child=1 -3 3 5 -6 -7 7 -9
leaf_value=-0.0027191254967280816 -0.00037710545143665805 -0.0042220924812708246 0.035586192833952805 9.2771111237034961e-05 -0.0076931229495908931 -0.0096519103676509892 0.0026252742347091383 -0.00010129048712534194
leaf_weight=33 59 36 51 106 47 186 325 4669
leaf_count=33 59 36 51 106 47 186 325 4669
internal_value=-0.000566038 -0.00978947 -0.000404283 -0.00446154 0.0055102 -0.00780822 -8.95166e-05 1.20144e-05
internal_weight=5512 95 5417 390 98 292 5027 4994
internal_count=5512 95 5417 390 98 292 5027 4994
is_linear=0
shrinkage=0.03


Tree=266
num_leaves=10
num_cat=0
split_feature=36 60 75 103 109 62 51 15 91
split_gain=9.13728 9.08572 7.35546 9.74787 10.2047 9.10943 8.78508 14.5298 12.8505
threshold=391.70833333333337 2.9875095797324485 0.52725473173590909 0.60838637887112113 0.018939005141629481 0.74010246856078254 495.00000000000006 -4.5940686972261791 0.24642296999695509
decision_type=2 2 2 2 2 2 2 2 2
left_child=2 -2 6 4 -4 -5 7 -1 -8
right_child=1 -3 3 5 -6 -7 8 -9 -10
leaf_value=-0.0063460373119885007 -0.00036579228789355831 -0.0040954297068327003 0.0047400188009829548 -0.00090581971559101188 -0.0031324136138940356 0.023306751047496951 -0.0079992890073830765 6.8985239264403582e-05 0.0022631413014523125
leaf_weight=232 59 36 31 1581 385 78 69 1938 1103
leaf_count=232 59 36 31 1581 385 78 69 1938 1103
internal_value=-0.000566038 -0.00978947 -0.000404283 -0.00180723 -0.00591346 -0.000777577 0.000466786 -0.000663594 0.00255973
internal_weight=5512 95 5417 2075 416 1659 3342 2170 1172
internal_count=5512 95 5417 2075 416 1659 3342 2170 1172
is_linear=0
shrinkage=0.03


Tree=267
num_leaves=11
num_cat=0
split_feature=55 64 64 98 46 24 108 145 125 22
split_gain=7.35468 8.35795 8.89492 10.2331 9.31423 8.11247 9.20402 8.82728 15.7405 15.2763
threshold=1.1304934225502483 0.29186814958091561 0.5091388166233074 0.7563906638985185 4.1250000000000009 -0.11882705570539095 0.1244938178183809 1.5592313936938191 0.13600119911514127 1.8685802255358714
decision_type=2 2 2 2 2 2 2 2 2 2
left_child=5 -2 3 -3 -4 7 -7 9 -9 -1
right_child=1 2 4 -5 -6 6 -8 8 -10 -11
leaf_value=-0.00030326179852556808 -0.011380685923951779 -0.0014069468811415667 0.0012477972209139214 0.044376876955464606 -0.0061196499318298169 -0.011864444512084375 7.1461543457759791e-05 -6.1034847746108676e-05 -0.0074087849935610137 0.005973349303507027
leaf_weight=409 34 37 36 45 101 41 44 4255 239 271
leaf_count=409 34 37 36 45 101 41 44 4255 239 271
internal_value=-0.000576923 -0.00557312 -0.00342466 0.00439024 -0.00810219 -0.000336566 -0.00952941 -0.000185543 -0.000667557 0.003
internal_weight=5512 253 219 82 137 5259 85 5174 4494 680
internal_count=5512 253 219 82 137 5259 85 5174 4494 680
is_linear=0
shrinkage=0.03


Tree=268
num_leaves=10
num_cat=0
split_feature=36 106 70 148 134 70 106 139 64
split_gain=7.86861 8.49838 6.45408 19.9727 15.5955 9.34099 14.1683 11.1085 5.97081
threshold=391.70833333333337 0.22512057616033573 1.7429131219838785 3.5000000000000004 1030.5000000000002 2.1827884936782787 0.29013547269901568 204.50000000000003 0.60283131255775635
decision_type=2 2 2 2 2 2 2 2 2
left_child=2 -2 3 -1 -5 6 -4 -7 -3
right_child=1 8 5 4 -6 7 -8 -9 -10
leaf_value=-0.013695121308055554 -0.0035234353809851402 0.00046465981686105717 0.0086472560136053155 0.053221720085644963 -0.0011944608453797289 -0.00013584608709992174 -0.00034300309450705277 -0.0065197709461451677 -0.0026250408627069787
leaf_weight=50 34 31 457 37 468 3892 449 64 30
leaf_count=50 34 31 457 37 468 3892 449 64 30
internal_value=-0.000598694 -0.00915789 -0.000448588 -0.00351351 -0.00172277 -9.87248e-05 0.00264901 -0.000728008 -0.00245902
internal_weight=5512 95 5417 555 505 4862 906 3956 61
internal_count=5512 95 5417 555 505 4862 906 3956 61
is_linear=0
shrinkage=0.03


Tree=269
num_leaves=11
num_cat=0
split_feature=115 43 15 64 90 52 48 28 99 15
split_gain=7.19118 9.63374 8.48517 6.67773 17.9571 14.1374 13.5363 14.9188 13.2102 6.11051
threshold=4.5000000000000009 0.57296899762207676 0.044826889153050935 0.67877511625866471 8.9673489372440329 1050.0000000000002 0.99021394276193198 2.3860317423392963 0.13196021542360412 9.9865247193597479
decision_type=2 2 2 2 2 2 2 2 2 2
left_child=3 2 -2 6 5 -5 7 -1 -8 -6
right_child=1 -3 -4 4 9 -7 8 -9 -10 -11
leaf_value=-2.3520106870749956e-05 0.016851560867222556 -0.015558920634413801 -0.007470068441640062 -0.0039502143355441971 0.027491267629551095 0.0015500439153015443 -0.011657470987824822 -0.0043234322767853606 -0.0010880168450933202 0.00022947940105239538
leaf_weight=3254 34 31 47 325 53 1272 48 107 311 30
leaf_count=3254 34 31 47 325 53 1272 48 107 311 30
internal_value=-0.000511611 -0.00803571 -0.00259259 -0.000355556 0.00121429 0.000507201 -0.00106452 -0.000473073 -0.00660167 0.0148193
internal_weight=5512 112 81 5400 1680 1597 3720 3361 359 83
internal_count=5512 112 81 5400 1680 1597 3720 3361 359 83
is_linear=0
shrinkage=0.03


Tree=270
num_leaves=11
num_cat=0
split_feature=115 34 21 60 18 124 149 94 54 53
split_gain=9.36129 10.3908 11.5589 6.35384 18.8069 15.5461 15.5408 16.6933 11.0906 8.5734
threshold=4.5000000000000009 1.5000000000000002 5.4587440242400547 7.1681304604554423 -4.5340592844288432 0.52524269107218535 12.500000000000002 4.4622131849760995 0.17306989069298437 0.35197353691398797
decision_type=2 2 2 2 2 2 2 2 2 2
left_child=3 2 -2 4 5 -1 8 -8 -5 -6
right_child=1 -3 -4 6 9 -7 7 -9 -10 -11
leaf_value=-0.0011835026247349772 -0.00041844904720227599 0.038700750152375882 -0.013529710310353131 0.0056876292100609656 -0.00035147666905860115 0.026854193954976797 0.0024163593398718801 -0.0065013354924950114 -0.0085295639636604869 0.00085203362884022857
leaf_weight=30 33 30 49 52 2711 79 408 93 204 1823
leaf_count=30 33 30 49 52 2711 79 408 93 204 1823
internal_value=-0.000522496 -0.00910714 -0.0146341 -0.000344444 7.10747e-05 0.0123853 -0.002893 0.000179641 -0.00890625 -0.000224967
internal_weight=5512 112 82 5400 4643 109 757 501 256 4534
internal_count=5512 112 82 5400 4643 109 757 501 256 4534
is_linear=0
shrinkage=0.03


Tree=271
num_leaves=10
num_cat=0
split_feature=115 34 21 66 66 15 131 91 3
split_gain=8.22939 9.6669 10.3593 6.26308 17.9438 12.6069 9.7975 11.3039 6.66667
threshold=4.5000000000000009 1.5000000000000002 5.4587440242400547 1.6629170879676443 1.7025012025012027 -5.4001411870441691 2.1896509533918418 1.4796046155189562 1.1577538619496563
decision_type=2 2 2 2 2 2 2 2 2
left_child=3 2 -2 6 -5 -6 7 -1 -8
right_child=1 -3 -4 4 5 -7 8 -9 -10
leaf_value=-0.00022276799456323325 -0.0004058955757862077 0.03753972764780461 -0.013123819001042538 -0.013442765261492335 -0.0087995445957216745 -8.4105479399482201e-06 -0.0038309436759188884 0.0015142134582118826 -0.019203219627979825
leaf_weight=3200 33 30 49 59 67 593 30 1421 30
leaf_count=3200 33 30 49 59 67 593 30 1421 30
internal_value=-0.000522496 -0.00857143 -0.0139024 -0.000355556 -0.00296245 -0.00154545 4.48622e-05 0.000201255 -0.012
internal_weight=5512 112 82 5400 719 660 4681 4621 60
internal_count=5512 112 82 5400 719 660 4681 4621 60
is_linear=0
shrinkage=0.03


Tree=272
num_leaves=14
num_cat=0
split_feature=66 27 10 147 138 150 34 125 109 10 29 68 121
split_gain=7.56984 16.9098 16.716 15.3685 9.76842 9.6 8.90296 19.8392 17.7465 21.1772 15.93 14.9075 5.35048
threshold=1.6629170879676443 0.23018237754037249 4.5168224081233985 -3.9172981040797064 3001.5000000000005 0.24825961945148223 1.0000000180025095e-35 0.13793469220587259 0.55809508901401361 3.5380394523779457 1.2330194759995297 5.0216279069767449 0.59380900438455797
decision_type=2 2 2 2 2 2 2 2 2 2 2 2 2
left_child=6 5 3 -3 -4 -2 8 11 9 -1 -10 -8 -9
right_child=1 2 4 -5 -6 -7 7 12 10 -11 -12 -13 -14
leaf_value=-0.00064882938273759874 0.074333150806702358 -0.0064470813508198761 -0.015177572646332016 0.00064619568392048634 -0.00055148099545444525 0.0010226475582188826 0.0012336820312873658 -0.0034683128447543397 -0.011152538091279481 0.01618393355123536 -0.0010650486703925389 -0.0019354917421962525 -0.01631245012803622
leaf_weight=1462 30 239 76 351 40 30 2456 37 106 150 226 278 31
leaf_count=1462 30 239 76 351 40 30 2456 37 106 150 226 278 31
internal_value=-0.000522496 -0.00328982 -0.00458924 -0.00254237 -0.015 0.012 -7.58534e-05 0.00100642 -0.0016358 -0.000334988 -0.00795181 0.00140454 -0.015
internal_weight=5512 766 706 590 116 60 4746 2802 1944 1612 332 2734 68
internal_count=5512 766 706 590 116 60 4746 2802 1944 1612 332 2734 68
is_linear=0
shrinkage=0.03


Tree=273
num_leaves=10
num_cat=0
split_feature=115 41 60 68 109 157 62 17 146
split_gain=8.47606 9.68036 6.91994 18.7355 14.5074 13.2151 10.1055 8.64005 6.85486
threshold=4.5000000000000009 1.1368830988069052 7.1681304604554423 0.44092183288409709 1.0000000180025095e-35 0.61250000000000016 0.29983713355048863 1.8504523178129137 26.106012148093459
decision_type=2 2 2 2 2 2 2 2 2
left_child=2 -2 3 7 -4 -6 -5 -1 -3
right_child=1 8 4 6 5 -7 -8 -9 -10
leaf_value=0.011792762459618739 -0.01028675479968229 0.0084561780175116258 0.058634925698681208 0.00055691772274748749 -0.0045639921695561584 0.0042054950226910245 -0.00048803389863590448 0.04067621758856408 -0.010184228296069653
leaf_weight=62 45 37 32 1520 582 143 3011 50 30
leaf_count=62 45 37 32 1520 582 143 3011 50 30
internal_value=-0.000402758 -0.00857143 -0.000233333 0.000200302 -0.002893 -0.00376552 -9.93158e-05 0.0123214 -0.00134328
internal_weight=5512 112 5400 4643 757 725 4531 112 67
internal_count=5512 112 5400 4643 757 725 4531 112 67
is_linear=0
shrinkage=0.03


Tree=274
num_leaves=11
num_cat=0
split_feature=115 41 64 94 109 28 143 86 77 146
split_gain=9.62426 8.74059 7.06814 18.1867 12.9716 12.519 11.5158 11.2067 9.61192 5.75119
threshold=4.5000000000000009 1.1368830988069052 0.67877511625866471 8.8104102352872822 0.041349112657139267 2.3860317423392963 1.2327851331253064 124223.00000000001 58.500000000000007 26.106012148093459
decision_type=2 2 2 2 2 2 2 2 2 2
left_child=2 -2 5 4 -4 8 -7 -5 -1 -3
right_child=1 9 3 7 -6 6 -8 -9 -10 -11
leaf_value=-0.00016286837773954788 -0.0099781521556918194 0.0082024926769862765 0.0083828935094018824 0.031310988190191853 -0.00017505230658150015 0.0021223806356538764 -0.0087843822386880592 0.00015311046562176801 -0.0041354246430516705 -0.0098787014471875649
leaf_weight=3570 45 37 179 60 1401 44 71 40 35 30
leaf_count=3570 45 37 179 60 1401 44 71 40 35 30
internal_value=-0.000402758 -0.00910714 -0.000222222 0.00139286 0.000607595 -0.000951613 -0.0106957 0.0138 -0.000640777 -0.00223881
internal_weight=5512 112 5400 1680 1580 3720 115 100 3605 67
internal_count=5512 112 5400 1680 1580 3720 115 100 3605 67
is_linear=0
shrinkage=0.03


Tree=275
num_leaves=13
num_cat=0
split_feature=20 156 4 97 151 22 150 92 47 26 110 89
split_gain=8.66161 19.1314 11.8724 24.912 19.3835 9.53956 9.39793 9.2468 13.3751 12.6443 4.18669 2.4
threshold=4.2864583301954697 0.18333333333333338 35.134023099311257 3.7744262692929582 1.0000000180025095e-35 0.75456876943524986 0.15733813143222122 3.8873115968705934 3.5000000000000004 -2.2985092472981985 2.651239339409146 3902.5000000000005
decision_type=2 2 2 2 2 2 2 2 2 2 2 2
left_child=5 11 4 -4 -3 6 -1 8 -7 -9 -8 -2
right_child=1 2 3 -5 -6 7 10 9 -10 -11 -12 -13
leaf_value=-0.00077481999387177139 -0.013992773696734875 0.050578579554178764 0.027465488317341458 -0.010856245842483151 -0.0074083608905709652 1.5002202925337159e-05 0.032999903984741653 0.028373283029282284 -0.0029369284890652298 0.00018973624375879792 0.0034266686276297254 -0.011703065914174589
leaf_weight=36 30 31 130 56 248 3730 30 124 731 299 37 30
leaf_count=36 30 31 130 56 248 3730 30 124 731 299 37 30
internal_value=-0.000391872 -0.00405714 -0.002 0.00387097 -0.00591398 -6.01564e-06 0.00902913 -0.00019656 -0.000598521 0.00404255 0.0156716 -0.02
internal_weight=5512 525 465 186 279 4987 103 4884 4461 423 67 60
internal_count=5512 525 465 186 279 4987 103 4884 4461 423 67 60
is_linear=0
shrinkage=0.03


Tree=276
num_leaves=9
num_cat=0
split_feature=66 63 107 36 147 63 29 74
split_gain=9.51318 7.75331 16.8914 15.9557 8.83585 18.7287 17.9016 7.22972
threshold=3.0309400094473316 0.19538706256627789 0.19163617584275042 99.1666666666667 9.935412936651689 0.84660633484162906 0.42585291918714047 0.54257246376811608
decision_type=2 2 2 2 2 2 2 2
left_child=1 2 3 -1 6 -6 -3 -4
right_child=-2 4 7 -5 5 -7 -8 -9
leaf_value=0.056138645424436306 -0.010082072907462976 -0.0085859195641058237 0.0013715230875321915 0.00090135662104187219 -0.0025062433840646356 0.0075592596647787585 0.00018040606478412669 -0.010450728777922091
leaf_weight=56 53 194 31 92 1162 125 3766 33
leaf_count=56 53 194 31 92 1162 125 3766 33
internal_value=-0.000370102 -0.000247298 0.00537736 0.0109459 -0.000474557 -0.00263403 0.000227273 -0.0075
internal_weight=5512 5459 212 148 5247 1287 3960 64
internal_count=5512 5459 212 148 5247 1287 3960 64
is_linear=0
shrinkage=0.03


Tree=277
num_leaves=9
num_cat=0
split_feature=66 74 107 24 19 103 142 22
split_gain=7.82699 6.97626 10.4722 12.0662 11.6885 8.12617 9.82164 8.60178
threshold=3.0309400094473316 0.79285714285714304 0.10977005014374566 -0.36189819566753684 5.0574364329592383 9.0066956631923372 3.2449587143673404 6.417009315474524
decision_type=2 2 2 2 2 2 2 2
left_child=1 5 4 -4 -3 7 -7 -1
right_child=-2 2 3 -5 -6 6 -8 -9
leaf_value=-0.00036816975085648404 -0.0097796107202390882 -0.0091670262818823924 0.0026399336021102424 -0.017755605997906078 0.00015579869973517235 -0.00068784098305017718 0.014971588609302325 0.00079960256636832697
leaf_weight=3617 53 191 377 36 90 172 213 763
leaf_count=3617 53 191 377 36 90 172 213 763
internal_value=-0.000413643 -0.000302253 -0.00311239 -7.26392e-05 -0.00758007 0.00010703 0.00428571 -0.000260274
internal_weight=5512 5459 694 413 281 4765 385 4380
internal_count=5512 5459 694 413 281 4765 385 4380
is_linear=0
shrinkage=0.03


Tree=278
num_leaves=8
num_cat=0
split_feature=115 42 86 25 25 1 1
split_gain=7.44304 9.63374 8.39506 7.15771 7.85817 23.263 10.449
threshold=4.5000000000000009 0.57296899762207676 16805.000000000004 -11.330206311088036 -4.5743033072894788 94.229968059991691 97.007360088876553
decision_type=2 2 2 2 2 2 2
left_child=3 2 -2 -1 5 -5 -6
right_child=1 -3 -4 4 6 -7 -8
leaf_value=-0.0010964731640701521 0.025985885798559316 -0.014176033440018738 -0.0074171000251518383 9.8647885775564597e-05 -6.5070096648115467e-05 0.020471087792432952 -0.0032905955090490966
leaf_weight=44 30 31 51 553 4303 114 386
leaf_count=44 30 31 51 553 4303 114 386
internal_value=-0.000380987 -0.00803571 -0.00259259 -0.000222222 -0.000123226 0.00292354 -0.000556622
internal_weight=5512 112 81 5400 5356 667 4689
internal_count=5512 112 81 5400 5356 667 4689
is_linear=0
shrinkage=0.03


Tree=279
num_leaves=10
num_cat=0
split_feature=48 23 62 0 68 64 102 52 138
split_gain=8.03443 13.5276 14.2474 11.0473 17.0832 10.3614 9.15416 21.0773 10.6227
threshold=1.0239620361366948 -0.26396525492001127 0.77398203158962475 0.59729202870381648 2.7946961714085004 0.61486742424242435 0.0014805515204316811 4050.0000000000005 22011.000000000004
decision_type=2 2 2 2 2 2 2 2 2
left_child=3 2 5 6 -5 -2 7 -1 -8
right_child=1 -3 -4 4 -6 -7 8 -9 -10
leaf_value=0.012480425265099971 -0.0083053870199353338 0.02762185180196066 0.088483129715089037 -0.015799717489985571 0.018420746025621736 -0.0019331882682580436 2.9849642954112851e-05 -0.0063429005483944846 -0.0028600641023873328
leaf_weight=143 171 31 34 48 34 157 4643 69 182
leaf_count=143 171 31 34 48 34 157 4643 69 182
internal_value=-0.000370102 -0.00450382 -0.0061326 -5.27447e-05 -0.0109756 -0.00804878 0.000125074 0.00622642 -0.000143005
internal_weight=5512 393 362 5119 82 328 5037 212 4825
internal_count=5512 393 362 5119 82 328 5037 212 4825
is_linear=0
shrinkage=0.03


Tree=280
num_leaves=9
num_cat=0
split_feature=25 47 27 1 4 60 11 60
split_gain=6.98195 7.59273 16.3447 16.2258 11.0013 9.98631 13.5237 12.0044
threshold=-11.330206311088036 3.5000000000000004 2.8180580696628077 50.944313289820869 36.084909116498856 7.1681304604554423 4.2549141425455357 5.6793075358395031
decision_type=2 2 2 2 2 2 2 2
left_child=-1 5 3 -3 -4 7 -7 -2
right_child=1 2 4 -5 -6 6 -8 -9
leaf_value=-0.0010644744584366712 0.00012636146009681326 0.072912494291842295 0.031311183517061421 -0.0022113054368839212 -0.0064405528523966424 0.0010886311530961602 -0.0052560100573265656 0.0077325834910973567
leaf_weight=44 3148 31 77 1301 34 271 343 263
leaf_count=44 3148 31 77 1301 34 271 343 263
internal_value=-0.000370102 -0.000274323 -0.00214137 -0.00306306 0.00891892 0.000395031 -0.00312704 0.00102902
internal_weight=5512 5468 1443 1332 111 4025 614 3411
internal_count=5512 5468 1443 1332 111 4025 614 3411
is_linear=0
shrinkage=0.03


Tree=281
num_leaves=15
num_cat=0
split_feature=13 89 121 84 60 3 95 147 29 53 55 29 147 107
split_gain=7.64126 11.5048 15.9153 14.5787 11.9817 15.4887 9.93119 9.56471 16.9599 17.4396 15.1897 14.3467 12.9267 12.5845
threshold=6.1450263730104906 3165.0000000000005 0.97816333823003931 1.0368912898199139 4.2878862359705341 0.91455812646800305 2.2157556429736167 9.7078443421512528 0.46261305169893602 0.40178281367059843 0.3659424801004692 0.44474509263828738 4.0926307590446145 0.034145144091934622
decision_type=2 2 2 2 2 2 2 2 2 2 2 2 2 2
left_child=7 2 6 -4 5 -3 -2 11 9 -9 -10 13 -13 -1
right_child=1 4 3 -5 -6 -7 -8 8 10 -11 -12 12 -14 -15
leaf_value=-0.012318917212212841 -0.00036206343308012101 0.032867746992954652 -0.0043796778729680384 0.010946168348306369 -0.010640196047587352 -8.4171541657416244e-05 -0.013369851139454485 -0.0012342692233665174 -0.0040756679208649102 0.090228882410631886 0.00025626659667159213 8.3291169170113803e-05 0.0045794198342663101 -0.0037661751512975262
leaf_weight=32 32 40 39 85 55 137 90 52 778 39 427 2902 639 165
leaf_count=32 32 40 39 85 55 137 90 52 778 39 427 2902 639 165
internal_value=-0.000391872 -0.00401674 -0.00853659 -0.000967742 0.000775862 0.00457627 -0.0162295 -4.76758e-05 -0.00226852 0.0102198 -0.00321162 0.000722311 0.00116069 -0.00715736
internal_weight=5512 478 246 124 232 177 122 5034 1296 91 1205 3738 3541 197
internal_count=5512 478 246 124 232 177 122 5034 1296 91 1205 3738 3541 197
is_linear=0
shrinkage=0.03


Tree=282
num_leaves=8
num_cat=0
split_feature=115 71 108 25 59 53 14
split_gain=8.40842 7.94312 7.60128 7.10501 9.66697 12.6751 7.58829
threshold=4.5000000000000009 2.5222927411740215 0.17950880697694657 -11.330206311088036 7.3236999135269434 0.034566874591408468 2.3951421064272687
decision_type=2 2 2 2 2 2 2
left_child=3 -2 -3 -1 6 -6 -5
right_child=1 2 -4 4 5 -7 -8
leaf_value=-0.00097265457340814929 0.017733958785073993 -0.011961846252368855 -0.00073648197023015748 0.0016141478837138068 0.062576617232782739 0.0014200979916378033 -0.00038036295517202554
leaf_weight=44 34 48 30 567 33 246 4510
leaf_count=44 34 48 30 567 33 246 4510
internal_value=-0.000435414 -0.00857143 -0.0138462 -0.000266667 -0.000168036 0.00526882 -0.000466811
internal_weight=5512 112 78 5400 5356 279 5077
internal_count=5512 112 78 5400 5356 279 5077
is_linear=0
shrinkage=0.03


Tree=283
num_leaves=9
num_cat=0
split_feature=25 59 136 138 50 47 27 124
split_gain=6.95643 7.10623 13.1505 12.176 11.2041 7.41859 14.727 9.84758
threshold=-11.330206311088036 7.3236999135269434 310.50000000000006 425.50000000000006 1590.0000000000002 3.5000000000000004 2.8180580696628077 1.2391997531963765
decision_type=2 2 2 2 2 2 2 2
left_child=-1 5 3 -3 -4 7 -7 -2
right_child=1 2 4 -5 -6 6 -8 -9
leaf_value=-0.00094347493620590439 0.00011794507243470087 0.084966078117732338 0.0015327018203982986 0.0067131436935037288 -0.0052228719396174685 -0.0023809889747168742 0.010801122959934203 -0.0079677276420331827
leaf_weight=44 3695 30 34 175 46 1252 103 133
leaf_count=44 3695 30 34 175 46 1252 103 133
internal_value=-0.000391872 -0.000296269 0.00431579 0.00834146 -0.006 -0.000549875 -0.00245756 0.000125392
internal_weight=5512 5468 285 205 80 5183 1355 3828
internal_count=5512 5468 285 205 80 5183 1355 3828
is_linear=0
shrinkage=0.03


Tree=284
num_leaves=9
num_cat=0
split_feature=66 106 11 83 27 84 84 67
split_gain=7.79731 7.3973 21.2081 19.0157 13.5443 14.151 9.75147 8.39043
threshold=3.0309400094473316 0.094940058188481904 10.580736381354644 6.0745267987486171 0.13636719202954689 3.2268040981986617 0.98516045020594045 1.2751146788990828
decision_type=2 2 2 2 2 2 2 2
left_child=1 2 3 -1 7 -6 -4 -3
right_child=-2 4 6 -5 5 -7 -8 -9
leaf_value=0.00089660985964435443 -0.0092577592841865432 -0.0019215200136837825 -0.00094139893752693388 0.19121298085676922 -0.00016962805637133315 -0.011283258882608824 -0.015970461237185235 -0.016335136362065145
leaf_weight=1224 53 41 39 34 4010 38 43 30
leaf_count=1224 53 41 39 34 4010 38 43 30
internal_value=-0.000435414 -0.000324235 0.00161194 0.00257552 -0.000954115 -0.000726285 -0.0131707 -0.0139437
internal_weight=5512 5459 1340 1258 4119 4048 82 71
internal_count=5512 5459 1340 1258 4119 4048 82 71
is_linear=0
shrinkage=0.03


Tree=285
num_leaves=13
num_cat=0
split_feature=20 60 156 22 70 92 13 29 55 85 147 17
split_gain=8.79066 19.055 14.2188 15.6737 11.6366 9.91763 14.5421 14.5635 13.8653 8.61223 8.74544 3.99287
threshold=4.2864583301954697 5.2197350877293784 0.18333333333333338 7.5656553817590266 2.532394377907591 3.8873115968705934 5.6619227841297883 0.6995944057390161 0.28729851529828015 4.9251658543965018 9.7078443421512528 3.0565558772798425
decision_type=2 2 2 2 2 2 2 2 2 2 2 2
left_child=5 2 -2 -4 -3 9 8 -8 -7 10 -1 -6
right_child=1 4 3 -5 11 6 7 -9 -10 -11 -12 -13
leaf_value=3.5625952960740557e-05 -0.0082825502423550905 -0.0060280900453247317 0.0018413480635018507 -0.0095616660852564008 -0.0057190825506710482 0.0052625294434649923 -0.014848477498619967 0.0004812573991853913 0.023303196784355686 0.062096516084530796 -0.0013881450744128681 -0.017886184493671069
leaf_weight=3367 46 42 323 46 33 135 34 182 93 32 1144 35
leaf_count=3367 46 42 323 46 33 135 34 182 93 32 1144 35
internal_value=-0.000478955 -0.00417143 -0.00122892 0.000731707 -0.0152727 -9.02346e-05 0.00418919 -0.00138889 0.00947368 -0.000508475 -0.000618488 -0.0229412
internal_weight=5512 525 415 369 110 4987 444 216 228 4543 4511 68
internal_count=5512 525 415 369 110 4987 444 216 228 4543 4511 68
is_linear=0
shrinkage=0.03


Tree=286
num_leaves=12
num_cat=0
split_feature=20 156 60 68 125 125 113 125 21 82 58
split_gain=7.68748 17.0648 14.6133 13.1796 9.18942 20.6872 16.1376 11.6941 11.5436 8.00128 3.26667
threshold=4.2864583301954697 0.18333333333333338 5.8802741628903519 0.59322785241764997 0.020103232365155325 0.027730434396561868 0.92647926134508751 0.012872324955522116 5.6814707575476735 9.2891986062717802 2.8672538754583869
decision_type=2 2 2 2 2 2 2 2 2 2 2
left_child=4 10 3 -3 7 -6 -7 8 -1 -4 -2
right_child=1 2 9 -5 5 6 -8 -9 -10 -11 -12
leaf_value=-6.8781668453198053e-06 -0.016093279767939669 0.053064408019199469 -0.0030116463214203181 -0.00088832059066198282 -0.011900313156873361 0.010376942280912869 -0.0025273845816177463 0.021335408807038631 0.008577733976319054 -0.018734575689360947 -0.0076018805275096879
leaf_weight=4035 30 43 48 344 33 107 639 51 122 30 30
leaf_count=4035 30 43 48 344 33 107 639 51 122 30 30
internal_value=-0.00048984 -0.00394286 -0.002 0.000387597 -0.000126328 -0.00311938 -0.00209115 0.000427757 0.000252586 -0.0138462 -0.019
internal_weight=5512 525 465 387 4987 779 746 4208 4157 78 60
internal_count=5512 525 465 387 4987 779 746 4208 4157 78 60
is_linear=0
shrinkage=0.03


Tree=287
num_leaves=6
num_cat=0
split_feature=66 143 12 61 20
split_gain=7.72337 7.68585 10.0841 14.4687 8.04916
threshold=3.0309400094473316 4.385225107755045 4.4976119784664315 0.66697645600991329 1.3448097694061956
decision_type=2 2 2 2 2
left_child=1 2 4 -4 -1
right_child=-2 -3 3 -5 -6
leaf_value=-0.0059243994452148774 -0.0090086173298461417 0.1182756030850733 -1.497351831248779e-05 -0.0086396599458657304 -2.9441694918280747e-06
leaf_weight=89 53 31 167 122 5050
leaf_count=89 53 31 167 122 5050
internal_value=-0.00048984 -0.00037919 -0.000464259 -0.00591696 -0.000157618
internal_weight=5512 5459 5428 289 5139
internal_count=5512 5459 5428 289 5139
is_linear=0
shrinkage=0.03


Tree=288
num_leaves=11
num_cat=0
split_feature=12 61 29 26 2 25 59 138 147 33
split_gain=9.21457 11.0273 14.1783 11.0131 12.7074 7.20319 8.47266 23.3928 9.43946 5.84106
threshold=4.4976119784664315 0.66697645600991329 0.96572080480947609 -0.52992378157129971 91.417607844887883 -11.330206311088036 9.0971547058449076 1674.5000000000002 9.7078443421512528 1.0000000180025095e-35
decision_type=2 2 2 2 2 2 2 2 2 2
left_child=5 3 -3 4 -2 -1 8 -8 -7 -4
right_child=1 2 9 -5 -6 6 7 -9 -10 -11
leaf_value=-0.00085169179329510551 0.00035891455976919004 0.0039698427000039007 -0.0030645039822739758 0.035648839624873134 -0.011675074923976316 0.00011062110628037024 0.058363285282743267 -0.00089945453686385583 -0.0012350892091819155 -0.012199230808988742
leaf_weight=44 134 44 35 35 47 3744 49 86 1227 67
leaf_count=44 134 44 35 35 47 3744 49 86 1227 67
internal_value=-0.000511611 -0.00513812 -0.0115068 -0.000833333 -0.00381215 -0.000186408 -8.22562e-05 0.00733333 -0.000283645 -0.0176471
internal_weight=5512 362 146 216 181 5150 5106 135 4971 102
internal_count=5512 362 146 216 181 5150 5106 135 4971 102
is_linear=0
shrinkage=0.03


Tree=289
num_leaves=13
num_cat=0
split_feature=20 156 60 22 125 125 106 58 66 121 102 89
split_gain=8.84256 14.3936 13.6739 16.5259 8.55054 14.953 11.5887 10.8838 18.2259 17.4914 7.60128 4.26667
threshold=4.2864583301954697 0.18333333333333338 5.8802741628903519 7.5656553817590266 0.020103232365155325 0.027730434396561868 0.018998989897945219 2.8498714631579167 0.71608920748705707 0.49003742262125222 0.0096080106195832096 3902.5000000000005
decision_type=2 2 2 2 2 2 2 2 2 2 2 2
left_child=4 11 3 -3 7 -6 -7 8 -1 -9 -4 -2
right_child=1 2 10 -5 5 6 -8 9 -10 -11 -12 -13
leaf_value=-0.013542966010946908 -0.012695351985227069 0.00097507132373649268 -0.012851199904761631 -0.0089371982777078571 -0.011506162760806949 0.027259300556121191 -0.0015920134189822499 -0.00028874015964009959 -8.5959519411454299e-05 0.004903398576605913 -0.0021399189217534576 -0.010309872866150632
leaf_weight=90 30 341 48 46 33 45 701 708 2526 884 30 30
leaf_count=90 30 341 48 46 33 45 701 708 2526 884 30 30
internal_value=-0.00046807 -0.00417143 -0.0023871 -7.75194e-05 -7.82033e-05 -0.00296534 -0.00209115 0.000456274 -0.000733945 0.00241206 -0.0138462 -0.018
internal_weight=5512 525 465 387 4987 779 746 4208 2616 1592 78 60
internal_count=5512 525 465 387 4987 779 746 4208 2616 1592 78 60
is_linear=0
shrinkage=0.03


Tree=290
num_leaves=6
num_cat=0
split_feature=13 25 17 21 137
split_gain=8.76172 8.70629 7.88295 12.7071 8.83205
threshold=8.2881593476962916 -11.330206311088036 4.8337622761603711 6.5299247852489133 673.50000000000011
decision_type=2 2 2 2 2
left_child=1 -1 3 -3 -4
right_child=-2 2 4 -5 -6
leaf_value=-0.00079792973581691755 -0.010044902487495176 -5.4543889268283681e-05 0.11414039138477944 -0.0080333296885625825 0.00067565011537097598
leaf_weight=44 39 5207 30 144 48
leaf_count=44 39 5207 30 144 48
internal_value=-0.000446299 -0.000345332 -0.000237613 -0.000375631 0.00923077
internal_weight=5512 5473 5429 5351 78
internal_count=5512 5473 5429 5351 78
is_linear=0
shrinkage=0.03


Tree=291
num_leaves=8
num_cat=0
split_feature=66 134 146 102 142 60 134
split_gain=11.1323 7.34677 19.9693 15.2303 12.0326 23.8917 13.8487
threshold=3.0309400094473316 6679.0000000000009 38.821244828899189 0.013781120237107173 3.1063047480115293 1.4701555015796965 7123.0000000000009
decision_type=2 2 2 2 2 2 2
left_child=1 2 3 -1 5 -3 -6
right_child=-2 4 -4 -5 6 -7 -8
leaf_value=-0.0038503276226171746 -0.0089069757341241028 -0.0040454198953707539 0.12836591841324335 -0.00019256136883337048 0.028827194569359432 0.0078161466760248849 -0.00024330727599515154
leaf_weight=490 53 231 30 877 38 779 3014
leaf_count=490 53 231 30 877 38 779 3014
internal_value=-0.00046807 -0.000335226 -0.00221188 -0.00274323 0.000310192 0.00314851 -0.000629096
internal_weight=5512 5459 1397 1367 4062 1010 3052
internal_count=5512 5459 1397 1367 4062 1010 3052
is_linear=0
shrinkage=0.03


Tree=292
num_leaves=6
num_cat=0
split_feature=66 25 103 84 75
split_gain=10.9383 10.4252 8.89923 14.2162 14.0038
threshold=3.0309400094473316 -11.330206311088036 0.60838637887112113 0.44577278584514585 0.58680817168700894
decision_type=2 2 2 2 2
left_child=1 -1 4 -4 -3
right_child=-2 2 3 -5 -6
leaf_value=-0.0016416111055412386 -0.0086397664621003824 -0.00022282294591748685 0.019823529087554328 4.9037417631547785e-05 -0.0051411214065178292
leaf_weight=44 53 939 43 4265 168
leaf_count=44 53 939 43 4265 168
internal_value=-0.000587808 -0.000456127 -0.00033795 0.000278552 -0.00273713
internal_weight=5512 5459 5415 4308 1107
internal_count=5512 5459 5415 4308 1107
is_linear=0
shrinkage=0.03


Tree=293
num_leaves=6
num_cat=0
split_feature=66 25 103 75 84
split_gain=10.9559 10.441 7.81066 12.1338 10.0077
threshold=3.0309400094473316 -11.330206311088036 0.60838637887112113 0.58680817168700894 0.44577278584514585
decision_type=2 2 2 2 2
left_child=1 -1 3 -3 -4
right_child=-2 2 4 -5 -6
leaf_value=-0.0015923627723750016 -0.008380573468237373 -0.00021613825753995952 0.019228823214927696 -0.0049868877643222944 4.7566295102602353e-05
leaf_weight=44 53 939 43 168 4265
leaf_count=44 53 939 43 168 4265
internal_value=-0.000576923 -0.000445136 -0.00032687 -0.00257453 0.000250696
internal_weight=5512 5459 5415 1107 4308
internal_count=5512 5459 5415 1107 4308
is_linear=0
shrinkage=0.03


Tree=294
num_leaves=13
num_cat=0
split_feature=21 138 150 150 36 138 68 1 138 150 47 123
split_gain=9.48147 13.1795 14.8356 17.9179 12.8828 9.56682 17.7146 15.7617 11.4625 16.5861 10.8549 8.65421
threshold=6.1868634906267692 14419.000000000002 0.64824892791505018 0.7822418597829276 277.44166666666672 22011.000000000004 1.1089111876591284 95.090959588946006 16991.500000000004 0.10886525456904793 8.5000000000000018 0.52357960956374272
decision_type=2 2 2 2 2 2 2 2 2 2 2 2
left_child=5 2 4 -4 -2 8 -7 -8 10 -10 -1 -3
right_child=1 11 3 -5 -6 6 7 -9 9 -11 -12 -13
leaf_value=-0.00014488789398773072 -0.0044727574504043405 0.056503412352660806 0.031653096508951983 -0.0098870680512260466 -0.013046054846841367 -0.0079903420549137794 0.00069237097250996306 -0.013296361585445322 0.045105742608280486 0.0026009689252149363 0.029795719698347337 -0.0012619847500424082
leaf_weight=4677 144 31 41 32 75 48 123 43 37 171 56 34
leaf_count=4677 144 31 41 32 75 48 123 43 37 171 56 34
internal_value=-0.000566038 -0.00529412 -0.0080137 0.00369863 -0.0119178 -0.000238603 -0.0064486 -0.00180723 3.03582e-05 0.00692308 -0.000272554 0.00692308
internal_weight=5512 357 292 73 219 5155 214 166 4941 208 4733 65
internal_count=5512 357 292 73 219 5155 214 166 4941 208 4733 65
is_linear=0
shrinkage=0.03


Tree=295
num_leaves=6
num_cat=0
split_feature=66 25 47 36 36
split_gain=9.18852 8.54765 7.01311 19.3236 9.67972
threshold=3.0309400094473316 -11.330206311088036 3.5000000000000004 304.10833333333341 201.67500000000004
decision_type=2 2 2 2 2
left_child=1 -1 4 -4 -3
right_child=-2 2 3 -5 -6
leaf_value=-0.001540245252384119 -0.0077377746187850087 -0.00048713856582397131 3.8890915425725534e-05 -0.0045435167495807031 0.00047653080525325738
leaf_weight=44 53 1897 992 404 2122
leaf_count=44 53 1897 992 404 2122
internal_value=-0.000587808 -0.000467119 -0.000360111 -0.00219198 0.000276188
internal_weight=5512 5459 5415 1396 4019
internal_count=5512 5459 5415 1396 4019
is_linear=0
shrinkage=0.03


Tree=296
num_leaves=11
num_cat=0
split_feature=21 47 36 16 70 50 8 54 46 90
split_gain=9.94848 13.6924 11.5558 16.0952 14.5866 19.2707 6.80547 7.34383 6.70504 2.60019
threshold=6.247776066400168 9.5000000000000018 277.44166666666672 1.8077506251179571 3.6004797912002426 690.00000000000011 -8.1148404721432001 0.2892885294290663 117.75000000000001 1.7483527817893434
decision_type=2 2 2 2 2 2 2 2 2 2
left_child=1 6 4 -4 5 -2 7 -1 -8 -5
right_child=2 -3 3 9 -6 -7 8 -9 -10 -11
leaf_value=-0.0042149816002009129 -0.0032485536234514978 0.048612538779693126 -0.00019093869356337167 -0.017817881512144921 -0.016004017296775114 0.052942939525250303 -0.00010670579788721262 5.613968334489636e-05 0.0038303615282717749 -0.016304413937943619
leaf_weight=62 107 30 50 34 55 54 4912 46 126 36
leaf_count=62 107 30 50 34 55 54 4912 46 126 36
internal_value=-0.000533382 -0.000208655 -0.00553571 -0.013 -0.00138889 0.0031677 -0.000326467 -0.00777778 -0.000166733 -0.0222857
internal_weight=5512 5176 336 120 216 161 5146 108 5038 70
internal_count=5512 5176 336 120 216 161 5146 108 5038 70
is_linear=0
shrinkage=0.03


Tree=297
num_leaves=11
num_cat=0
split_feature=21 47 139 36 4 2 60 103 75 34
split_gain=11.3734 13.6766 10.9953 10.9826 9.63612 9.10951 9.1027 7.59695 12.2366 9.10375
threshold=6.247776066400168 9.5000000000000018 53.500000000000007 293.22500000000008 32.783919458523762 80.824511147091812 5.3103150056586932 0.60838637887112113 0.58680817168700894 1.0000000180025095e-35
decision_type=2 2 2 2 2 2 2 2 2 2
left_child=1 7 3 6 -4 -5 -2 8 -1 -9
right_child=2 -3 4 5 -6 -7 -8 9 -10 -11
leaf_value=-0.00015914737844564651 -0.00040790992781372545 0.047154162616302328 -0.0075218719952756868 -0.0015528720021831192 0.049474735609714729 -0.01577769168617088 -0.014554780745560518 -0.00062025156036611369 -0.0047531354359818803 0.00047968947351988421
leaf_weight=921 137 30 30 31 39 52 47 1665 163 2397
leaf_count=921 137 30 30 31 39 52 47 1665 163 2397
internal_value=-0.000544267 -0.000197063 -0.00589286 -0.00865169 0.00478261 -0.0177108 -0.00456522 -0.000314808 -0.00254613 0.00028065
internal_weight=5512 5176 336 267 69 83 184 5146 1084 4062
internal_count=5512 5176 336 267 69 83 184 5146 1084 4062
is_linear=0
shrinkage=0.03


Tree=298
num_leaves=8
num_cat=0
split_feature=13 72 71 26 23 68 59
split_gain=12.8495 6.81005 11.6083 11.4208 12.8118 10.7179 8.57847
threshold=8.2881593476962916 0.76855921108637093 2.5774405482566176 -0.37086270401463556 -0.78337640578311163 9.9363215782122918 3.3690754288330989
decision_type=2 2 2 2 2 2 2
left_child=1 2 -1 5 -5 -3 -4
right_child=-2 3 6 4 -6 -7 -8
leaf_value=-0.0043581801569668645 -0.0090464940492450945 -2.1277346184664369e-06 0.033122779374745719 -0.0036141268911930244 0.00079833646992922723 -0.0084171419897440345 0.001225754375217951
leaf_weight=47 39 4792 48 381 136 30 39
leaf_count=47 39 4792 48 381 136 30 39
internal_value=-0.000533382 -0.000411109 0.00626866 -0.00057876 -0.00481625 -0.00012443 0.0127586
internal_weight=5512 5473 134 5339 517 4822 87
internal_count=5512 5473 134 5339 517 4822 87
is_linear=0
shrinkage=0.03


Tree=299
num_leaves=8
num_cat=0
split_feature=13 103 47 66 91 148 123
split_gain=12.7844 7.73624 14.6934 9.5621 8.62643 11.4921 11.0422
threshold=8.2881593476962916 0.60838637887112113 7.5000000000000009 0.29821371610845299 0.24642296999695509 23.500000000000004 0.35841850119611951
decision_type=2 2 2 2 2 2 2
left_child=1 2 3 -1 5 -3 -6
right_child=-2 4 -4 -5 6 -7 -8
leaf_value=-0.0019552538390106098 -0.0087750992277677419 0.00030652875607975027 -0.0065201974043691928 -0.00029611095349075107 0.0019043210469829126 -0.0080470732085469437 -0.0001492393289085614
leaf_weight=51 39 179 39 1030 1000 166 3008
leaf_count=51 39 179 39 1030 1000 166 3008
internal_value=-0.000576923 -0.000454961 -0.00267857 -0.0020259 0.000117161 -0.00443478 0.000508982
internal_weight=5512 5473 1120 1081 4353 345 4008
internal_count=5512 5473 1120 1081 4353 345 4008
is_linear=0
shrinkage=0.03


end of trees

feature_importances:
minutes_from_rth_open=88
prior_regime_max_mae_atr__tf_30s=86
prior_regime_max_mae_atr__tf_1h=84
current_regime_start_from_prior_mae_atr__tf_30s=75
regime_max_mae_atr__tf_1h=66
atr_change_rate=59
realized_range_15m_atr=55
regime_time_since_mfe_sec__tf_1h=53
regime_time_since_mfe_sec__tf_5m=51
current_regime_start_from_prior_mfe_atr__tf_1h=49
regime_age_sec__tf_5m=48
prior_regime_max_mfe_atr__tf_5m=46
session_position_in_range=45
prior_regime_total_range_atr__tf_5m=41
regime_max_mae_atr__tf_30s=41
regime_expansion_rate_atr_min__tf_1m=40
prior_regime_total_range_atr__tf_1m=38
regime_time_since_mae_sec__tf_1h=37
pullback_depth_atr=36
prior_regime_range_reclaim_ratio__tf_1m=35
session_current_range_atr=35
context_level_span_atr=33
prior_regime_max_mae_atr__tf_5m=33
prior_regime_range_overlap_ratio__tf_1m=33
prior_regime_range_overlap_ratio__tf_5m=33
failed_new_extreme_attempt_count__tf_5m=32
regime_total_range_atr__tf_1h=32
realized_range_1m_atr=31
current_price_from_prior_mae_atr__tf_1m=30
prior_regime_range_overlap_ratio__tf_1h=30
regime_max_mae_atr__tf_5m=30
current_regime_start_from_prior_mae_atr__tf_5m=29
prior_regime_max_mae_atr__tf_1m=29
current_max_mfe_from_prior_regime_mfe_atr__tf_1m=28
current_price_from_prior_mfe_atr__tf_1m=28
current_regime_start_from_prior_mfe_atr__tf_30s=28
session_displacement_from_open_atr=28
prior_regime_max_mfe_atr__tf_30s=27
current_price_from_prior_mfe_atr__tf_5m=26
realized_range_5m_atr=26
regime_distance_from_mae_atr__tf_1m=26
atr_ratio_short_long=25
previous_pullbacks_max_depth_atr=25
prior_regime_duration_sec__tf_5m=25
prior_regime_range_reclaim_ratio__tf_5m=25
regime_distance_from_mae_atr__tf_5m=25
regime_max_mfe_atr__tf_1h=25
regime_max_mfe_atr__tf_5m=25
current_max_mfe_from_prior_regime_mfe_atr__tf_1h=24
atr_percentile_20d=23
current_regime_start_from_prior_mfe_atr__tf_1m=23
regime_expansion_rate_atr_min__tf_1h=23
regime_max_mae_atr__tf_1m=23
pullback_duration_sec=22
regime_time_since_mae_sec__tf_30s=22
current_max_mfe_from_prior_regime_mfe_atr__tf_5m=21
regime_current_displacement_atr__tf_1h=21
regime_recent_expansion_rate_180s_atr_min__tf_30s=21
regime_total_range_atr__tf_5m=21
prior_regime_max_mfe_atr__tf_1m=20
prior_regime_range_reclaim_ratio__tf_1h=20
regime_current_displacement_atr__tf_1m=20
regime_current_displacement_atr__tf_5m=20
regime_distance_from_mae_atr__tf_1h=20
regime_time_since_mae_sec__tf_5m=20
time_near_regime_extreme_300s_ratio__tf_30s=20
current_max_mfe_from_prior_regime_mae_atr__tf_1m=19
current_regime_start_from_prior_mae_atr__tf_1m=19
regime_distance_from_mfe_atr__tf_1h=19
regime_distance_from_mfe_atr__tf_5m=19
regime_expansion_rate_atr_min__tf_5m=19
current_max_mfe_from_prior_regime_mae_atr__tf_1h=18
current_max_mfe_from_prior_regime_mfe_atr__tf_30s=18
current_price_from_prior_mfe_atr__tf_1h=18
current_regime_start_from_prior_mfe_atr__tf_5m=18
session_new_high_count=18
session_new_low_count=18
mtf_prior_range_reclaim_mean=17
prior_regime_duration_sec__tf_30s=17
current_price_from_prior_mae_atr__tf_1h=16
previous_pullbacks_count=16
current_price_from_prior_mae_atr__tf_5m=15
current_regime_start_from_prior_mae_atr__tf_1h=15
nearest_context_level_below_atr=15
prior_regime_range_overlap_ratio__tf_30s=15
pullback_counter_bar_ratio=15
regime_expansion_rate_atr_min__tf_30s=15
current_max_mfe_from_prior_regime_mae_atr__tf_5m=14
current_price_from_prior_mae_atr__tf_30s=14
prior_regime_range_reclaim_ratio__tf_30s=14
prior_regime_total_range_atr__tf_1h=14
regime_distance_from_mfe_atr__tf_1m=14
regime_recent_expansion_rate_60s_atr_min__tf_1m=14
time_near_regime_extreme_300s_ratio__tf_1m=14
previous_max_depth_ratio=13
prior_regime_duration_sec__tf_1h=13
pullback_duration_vs_regime_age_ratio=13
regime_age_sec__tf_1h=13
regime_progress_efficiency__tf_1h=13
regime_recent_expansion_rate_180s_atr_min__tf_5m=13
nearest_context_level_above_atr=12
pullback_depth_vs_max_mfe_ratio=12
regime_distance_from_mfe_atr__tf_30s=12
current_price_from_prior_mfe_atr__tf_30s=11
prior_regime_duration_sec__tf_1m=11
prior_regime_max_mfe_atr__tf_1h=11
prior_regime_total_range_atr__tf_30s=11
regime_age_sec__tf_30s=11
regime_progress_efficiency__tf_5m=11
atr_percentile_session=10
pullback_velocity_vs_expansion_velocity_ratio=10
regime_max_mfe_atr__tf_1m=10
regime_total_range_atr__tf_1m=10
regime_new_extreme_count__tf_5m=9
mtf_current_regime_mfe_mean_atr=8
regime_new_extreme_count__tf_1m=8
pullback_close_location_ratio=7
regime_age_sec__tf_1m=7
regime_recent_expansion_rate_180s_atr_min__tf_1m=7
regime_recent_expansion_rate_60s_atr_min__tf_30s=7
regime_time_since_mae_sec__tf_1m=7
previous_pullbacks_avg_duration_sec=6
regime_max_mfe_atr__tf_30s=6
time_near_regime_extreme_60s_ratio__tf_30s=6
context_levels_below_count=5
regime_current_displacement_atr__tf_30s=5
regime_new_extreme_count__tf_1h=5
regime_progress_efficiency__tf_1m=5
regime_progress_efficiency__tf_30s=5
regime_recent_expansion_rate_30s_atr_min__tf_30s=5
regime_time_since_mfe_sec__tf_1m=5
regime_time_since_mfe_sec__tf_30s=5
time_near_regime_extreme_180s_ratio__tf_30s=5
current_max_mfe_from_prior_regime_mae_atr__tf_30s=4
failed_new_extreme_attempt_count__tf_1h=4
pullback_rebound_from_deepest_point_atr=4
regime_total_range_atr__tf_30s=4
time_near_regime_extreme_180s_ratio__tf_1h=4
failed_new_extreme_attempt_count__tf_30s=3
regime_new_extreme_count__tf_30s=3
context_levels_above_count=2
nearest_level_against_trade_direction_atr=2
pullback_efficiency=2
regime_recent_expansion_rate_180s_atr_min__tf_1h=2
regime_recent_expansion_rate_30s_atr_min__tf_1m=2
time_near_regime_extreme_180s_ratio__tf_1m=2
time_near_regime_extreme_300s_ratio__tf_1h=2
nearest_level_in_trade_direction_atr=1
regime_distance_from_mae_atr__tf_30s=1
time_near_regime_extreme_180s_ratio__tf_5m=1

parameters:
[boosting: gbdt]
[objective: regression_l1]
[metric: l1]
[tree_learner: serial]
[device_type: cpu]
[data_sample_strategy: bagging]
[data: ]
[valid: ]
[num_iterations: 300]
[learning_rate: 0.03]
[num_leaves: 15]
[num_threads: 20]
[seed: 42]
[deterministic: 0]
[force_col_wise: 0]
[force_row_wise: 0]
[histogram_pool_size: -1]
[max_depth: 4]
[min_data_in_leaf: 30]
[min_sum_hessian_in_leaf: 0.001]
[bagging_fraction: 0.8]
[pos_bagging_fraction: 1]
[neg_bagging_fraction: 1]
[bagging_freq: 0]
[bagging_seed: 400]
[bagging_by_query: 0]
[feature_fraction: 0.8]
[feature_fraction_bynode: 1]
[feature_fraction_seed: 30056]
[extra_trees: 0]
[extra_seed: 12879]
[early_stopping_round: 0]
[early_stopping_min_delta: 0]
[first_metric_only: 0]
[max_delta_step: 0]
[lambda_l1: 0]
[lambda_l2: 0]
[linear_lambda: 0]
[min_gain_to_split: 0]
[drop_rate: 0.1]
[max_drop: 50]
[skip_drop: 0.5]
[xgboost_dart_mode: 0]
[uniform_drop: 0]
[drop_seed: 17869]
[top_rate: 0.2]
[other_rate: 0.1]
[min_data_per_group: 100]
[max_cat_threshold: 32]
[cat_l2: 10]
[cat_smooth: 10]
[max_cat_to_onehot: 4]
[top_k: 20]
[monotone_constraints: ]
[monotone_constraints_method: basic]
[monotone_penalty: 0]
[feature_contri: ]
[forcedsplits_filename: ]
[refit_decay_rate: 0.9]
[cegb_tradeoff: 1]
[cegb_penalty_split: 0]
[cegb_penalty_feature_lazy: ]
[cegb_penalty_feature_coupled: ]
[path_smooth: 0]
[interaction_constraints: ]
[verbosity: -1]
[saved_feature_importance_type: 0]
[use_quantized_grad: 0]
[num_grad_quant_bins: 4]
[quant_train_renew_leaf: 0]
[stochastic_rounding: 1]
[linear_tree: 0]
[max_bin: 255]
[max_bin_by_feature: ]
[min_data_in_bin: 3]
[bin_construct_sample_cnt: 200000]
[data_random_seed: 175]
[is_enable_sparse: 1]
[enable_bundle: 1]
[use_missing: 1]
[zero_as_missing: 0]
[feature_pre_filter: 1]
[pre_partition: 0]
[two_round: 0]
[header: 0]
[label_column: ]
[weight_column: ]
[group_column: ]
[ignore_column: ]
[categorical_feature: ]
[forcedbins_filename: ]
[precise_float_parser: 0]
[parser_config_file: ]
[objective_seed: 16083]
[num_class: 1]
[is_unbalance: 0]
[scale_pos_weight: 1]
[sigmoid: 1]
[boost_from_average: 1]
[reg_sqrt: 0]
[alpha: 0.9]
[fair_c: 1]
[poisson_max_delta_step: 0.7]
[tweedie_variance_power: 1.5]
[lambdarank_truncation_level: 30]
[lambdarank_norm: 1]
[label_gain: ]
[lambdarank_position_bias_regularization: 0]
[eval_at: ]
[multi_error_top_k: 1]
[auc_mu_weights: ]
[num_machines: 1]
[local_listen_port: 12400]
[time_out: 120]
[machine_list_filename: ]
[machines: ]
[gpu_platform_id: -1]
[gpu_device_id: -1]
[gpu_use_dp: 0]
[num_gpu: 1]

end of parameters

pandas_categorical:[]
