tree
version=v4
num_class=1
num_tree_per_iteration=1
label_index=0
max_feature_idx=162
objective=binary sigmoid:1
feature_names=atr_change_rate atr_percentile_20d atr_percentile_session atr_ratio_short_long context_level_span_atr context_levels_above_count context_levels_below_count current_max_mfe_from_prior_regime_mae_atr__tf_1h current_max_mfe_from_prior_regime_mae_atr__tf_1m current_max_mfe_from_prior_regime_mae_atr__tf_30s current_max_mfe_from_prior_regime_mae_atr__tf_5m current_max_mfe_from_prior_regime_mfe_atr__tf_1h current_max_mfe_from_prior_regime_mfe_atr__tf_1m current_max_mfe_from_prior_regime_mfe_atr__tf_30s current_max_mfe_from_prior_regime_mfe_atr__tf_5m current_price_from_prior_mae_atr__tf_1h current_price_from_prior_mae_atr__tf_1m current_price_from_prior_mae_atr__tf_30s current_price_from_prior_mae_atr__tf_5m current_price_from_prior_mfe_atr__tf_1h current_price_from_prior_mfe_atr__tf_1m current_price_from_prior_mfe_atr__tf_30s current_price_from_prior_mfe_atr__tf_5m current_regime_start_from_prior_mae_atr__tf_1h current_regime_start_from_prior_mae_atr__tf_1m current_regime_start_from_prior_mae_atr__tf_30s current_regime_start_from_prior_mae_atr__tf_5m current_regime_start_from_prior_mfe_atr__tf_1h current_regime_start_from_prior_mfe_atr__tf_1m current_regime_start_from_prior_mfe_atr__tf_30s current_regime_start_from_prior_mfe_atr__tf_5m failed_new_extreme_attempt_count__tf_1h failed_new_extreme_attempt_count__tf_1m failed_new_extreme_attempt_count__tf_30s failed_new_extreme_attempt_count__tf_5m has_previous_pullbacks minutes_from_rth_open mtf_current_regime_mfe_mean_atr mtf_prior_mfe_displacement_count mtf_prior_range_reclaim_mean mtf_regime_direction_agreement_count nearest_context_level_above_atr nearest_context_level_below_atr nearest_level_against_trade_direction_atr nearest_level_in_trade_direction_atr previous_max_depth_ratio previous_pullbacks_avg_duration_sec previous_pullbacks_count previous_pullbacks_max_depth_atr prior_regime_duration_sec__tf_1h prior_regime_duration_sec__tf_1m prior_regime_duration_sec__tf_30s prior_regime_duration_sec__tf_5m prior_regime_max_mae_atr__tf_1h prior_regime_max_mae_atr__tf_1m prior_regime_max_mae_atr__tf_30s prior_regime_max_mae_atr__tf_5m prior_regime_max_mfe_atr__tf_1h prior_regime_max_mfe_atr__tf_1m prior_regime_max_mfe_atr__tf_30s prior_regime_max_mfe_atr__tf_5m prior_regime_range_overlap_ratio__tf_1h prior_regime_range_overlap_ratio__tf_1m prior_regime_range_overlap_ratio__tf_30s prior_regime_range_overlap_ratio__tf_5m prior_regime_range_reclaim_ratio__tf_1h prior_regime_range_reclaim_ratio__tf_1m prior_regime_range_reclaim_ratio__tf_30s prior_regime_range_reclaim_ratio__tf_5m prior_regime_total_range_atr__tf_1h prior_regime_total_range_atr__tf_1m prior_regime_total_range_atr__tf_30s prior_regime_total_range_atr__tf_5m pullback_close_location_ratio pullback_counter_bar_ratio pullback_depth_atr pullback_depth_vs_max_mfe_ratio pullback_duration_sec pullback_duration_vs_regime_age_ratio pullback_efficiency pullback_longest_counter_run_bars pullback_rebound_from_deepest_point_atr pullback_velocity_vs_expansion_velocity_ratio realized_range_15m_atr realized_range_1m_atr realized_range_5m_atr regime_age_sec__tf_1h regime_age_sec__tf_1m regime_age_sec__tf_30s regime_age_sec__tf_5m regime_current_displacement_atr__tf_1h regime_current_displacement_atr__tf_1m regime_current_displacement_atr__tf_30s regime_current_displacement_atr__tf_5m regime_distance_from_mae_atr__tf_1h regime_distance_from_mae_atr__tf_1m regime_distance_from_mae_atr__tf_30s regime_distance_from_mae_atr__tf_5m regime_distance_from_mfe_atr__tf_1h regime_distance_from_mfe_atr__tf_1m regime_distance_from_mfe_atr__tf_30s regime_distance_from_mfe_atr__tf_5m regime_expansion_rate_atr_min__tf_1h regime_expansion_rate_atr_min__tf_1m regime_expansion_rate_atr_min__tf_30s regime_expansion_rate_atr_min__tf_5m regime_max_mae_atr__tf_1h regime_max_mae_atr__tf_1m regime_max_mae_atr__tf_30s regime_max_mae_atr__tf_5m regime_max_mfe_atr__tf_1h regime_max_mfe_atr__tf_1m regime_max_mfe_atr__tf_30s regime_max_mfe_atr__tf_5m regime_new_extreme_count__tf_1h regime_new_extreme_count__tf_1m regime_new_extreme_count__tf_30s regime_new_extreme_count__tf_5m regime_progress_efficiency__tf_1h regime_progress_efficiency__tf_1m regime_progress_efficiency__tf_30s regime_progress_efficiency__tf_5m regime_recent_expansion_rate_180s_atr_min__tf_1h regime_recent_expansion_rate_180s_atr_min__tf_1m regime_recent_expansion_rate_180s_atr_min__tf_30s regime_recent_expansion_rate_180s_atr_min__tf_5m regime_recent_expansion_rate_30s_atr_min__tf_1h regime_recent_expansion_rate_30s_atr_min__tf_1m regime_recent_expansion_rate_30s_atr_min__tf_30s regime_recent_expansion_rate_30s_atr_min__tf_5m regime_recent_expansion_rate_60s_atr_min__tf_1h regime_recent_expansion_rate_60s_atr_min__tf_1m regime_recent_expansion_rate_60s_atr_min__tf_30s regime_recent_expansion_rate_60s_atr_min__tf_5m regime_time_since_mae_sec__tf_1h regime_time_since_mae_sec__tf_1m regime_time_since_mae_sec__tf_30s regime_time_since_mae_sec__tf_5m regime_time_since_mfe_sec__tf_1h regime_time_since_mfe_sec__tf_1m regime_time_since_mfe_sec__tf_30s regime_time_since_mfe_sec__tf_5m regime_total_range_atr__tf_1h regime_total_range_atr__tf_1m regime_total_range_atr__tf_30s regime_total_range_atr__tf_5m session_current_range_atr session_displacement_from_open_atr session_new_high_count session_new_low_count session_position_in_range time_near_regime_extreme_180s_ratio__tf_1h time_near_regime_extreme_180s_ratio__tf_1m time_near_regime_extreme_180s_ratio__tf_30s time_near_regime_extreme_180s_ratio__tf_5m time_near_regime_extreme_300s_ratio__tf_1h time_near_regime_extreme_300s_ratio__tf_1m time_near_regime_extreme_300s_ratio__tf_30s time_near_regime_extreme_300s_ratio__tf_5m time_near_regime_extreme_60s_ratio__tf_1h time_near_regime_extreme_60s_ratio__tf_1m time_near_regime_extreme_60s_ratio__tf_30s time_near_regime_extreme_60s_ratio__tf_5m
feature_infos=[-0.48854193548984992:1.8818429255598601] [2.5968615470073604:100] [8.3333333333333321:100] [0.62164003171148841:2.8723249754215883] [8.0315418882726295:149.51399179344526] [0:11] [3:14] [-22.296637931705327:17.166749840019097] [-13.402742285295297:8.2761885421212718] [-16.320534645948275:12.54343194278907] [-17.529186794671396:20.328386829321079] [0:21.313546516893638] [1.9481724399201543:10.271115864966186] [1.2624225149937236:17.063271944520327] [1.1406617823732241:22.57994866168259] [-24.491866767153009:17.3509520759366] [-13.707928067882666:9.3550256884302971] [-16.979633160496185:13.266827046080822] [-19.073095228601737:20.088933224004119] [-2.8608032837928916:21.497748752811141] [1.3127952388038284:12.91313374941447] [-1.3120721476667088:18.312756990957716] [-1.3554259443046481:22.337095215499385] [-24.313330959042553:3.1225041322166258] [-16.658057299560568:-0.029077241687945548] [-20.87145296068385:0.073100590183541078] [-20.806350923297124:0] [0:7.27752959888827] [0.17473983151397537:4.9974853941616768] [0:6.4844545128360798] [-0.014672528933424283:6.4703644679164398] [0:5] [0:3] [0:7] [0:7] none [9.4500000000000455:417.18333333333328] [1.0534528803007661:9.4537175631362054] [2:4] [0.52435630354153007:9.1945144970535271] [1:4] [0.016050764273382059:27.673829482362375] [0.017133132126736714:10.660147525786867] [0.016050764273382059:27.673829482362375] [0.017133132126736714:10.660147525786867] [0.11111111111111113:11.448137373092388] [0:719] [0:33] [0:2.7082778255385884] [0:568800] [120:5280] [30:3330] [300:30000] [0:5.0433283072532165] [0:4.5855674689332773] [0:5.7575555060478427] [0:6.3056002291778048] [0:29.675625879177797] [0.18271110487477604:21.643809940217348] [0.20220106064943261:26.968419993277038] [0.20341233346815765:49.508548112121431] [0:1] [0.050000000000000003:1] [0:1] [0.055555555555555552:1] [0:29.089887640449437] [0.20595744680851064:6.7750000000000004] [0.25:14.652173913043478] [0.11223203026481715:29.035087719298247] [0:25.135677711551335] [0.7572059365605599:18.107689766850573] [0.4448428681323639:23.225376226926389] [0.30859647990234362:22.284716074654952] [0:1] [0:1] [0.1122304180038403:2.3439551934243941] [0.013440860215053764:8.9397733741453322] [1:165] [0.0011185682326621924:0.46857142857142858] [0.17686315078759884:134.66795194500105] [0:12] [0:1.6614686193211452] [0.39620377440820337:728.30769230769226] [1.3793940804553595:20.068792007063308] [0.14397252526549906:10.712100308781068] [0.56301799202259573:16.789577626824205] [0:496309] [301:900] [0:2120] [0:28887] [-4.3990241449277629:19.449060470411585] [0:11.194047832309757] [-3.0296938682485819:17.178840149412345] [-2.9685856838290658:20.60279882206018] [0:19.902826954013243] [0.16524029660466619:11.313984059084504] [0:17.348927675644152] [0:21.502063618658287] [0:5.6425391401442706] [0:8.6159107534559229] [0:11.282472573376426] [0:6.5549397972516266] [0:47.610426291067334] [0.034888842476073288:1.0428403003642301] [0.13637422407082031:135.32250620110472] [0.01034450057226158:77.976977304520503] [0:4.0468146954155726] [0:2.0698387279638415] [0:2.930519289090209] [0:2.5641540167525378] [0:19.264858234494081] [0.31714435068467628:8.9368978811504984] [0.256874775836966:14.785833183958067] [0.21078310551941179:20.84302953386085] [0:29] [1:14] [1:25] [1:43] [0:1] [0:1] [0.011627906976744186:1] [0:1] [0:1.3236643614931227] [0:2.1644119877369583] [0:2.2254464492035302] [0:1.0733224704844722] [0:5.2350945919968011] [0:11.393037119236487] [0:7.1154118370228554] [0:6.4399348229068334] [0:2.6175472959984005] [0:5.6965185596182435] [0:5.9333348725817778] [0:3.2199674114534167] [0:453109] [2:900] [0:2120] [0:28887] [0:267039] [0:899] [0:1182] [0:7524] [0:19.718624718095739] [0.94820019449088544:8.983749179919025] [0.57796824563317351:15.521621091216643] [0.46330310324714197:21.743654266805457] [5.2082558582930867:83.361907470717071] [-52.49755807390514:76.703278329093223] [1:109] [1:92] [0.044676098287416234:1] [0:1] [0:1] [0:1] [0:1] [0:1] [0:1] [0:1] [0:1] [0:1] [0:1] [0:1] [0:1]
tree_sizes=1506 1421 1629 1513 1530 1529 1404 1423 1419 1727 1740 1736 1418 1522 1418 1746 1422 1528 1739 1747 1626 1640 1742 1621 1632 1747 1735 1745 1739 1626 1752 1743 1742 1310 1748 1092 1524 1752 1734 1208 1742 996 1209 1317 1741 1735 1215 1101 1308 1533 991 1525 997 1527 1209 1213 996 1214 994 1633 1312 994 1531 1006 994 1206 1416 1327 1107 1532 1318 1107 1105 1418 1204 1630 899 1642 1222 1424 1742 1743 1316 1426 895 1202 1522 1521 1529 1631 1205 1211 998 1220 1000 1314 1099 1312 1095 1744 1424 1105 895 1213 1321 1106 992 1207 1215 1738 1217 897 1742 1004 1328 1625 1746 1106 891 1217 1100 1423 1110 1438 1316 1214 1421 1107 893 1105 901 1419 1532 1098 1316 1224 1529 1531 1110 896 1112 1106 1000 792 1740 1101 1307 791 1213 1102 1107 1219 1010 1104 1102 1634 1112 898 1110 1422 1318 1002 1747 1426 800 1214 1320 1319 998 996 1527 1103 794 1105 1006 1422 1319 1641 1327 1100 1308 1314 1319 1112 1324 897 998 1111 1220 1099 1099 1527 790 1315 791 996 1528 1111 1104 793 1215 1427 1001 1324 1009 1641 1209 899 1736 1434 1529 791 1112 1404 1629 999 1530 906 1633 1113 1221 1109 1106 1106 1420 1217 1741 991 693 999 1102 1307 1105 1426 1430 1631 1628 1112 1206 905 1322 1426 1104 1002 1000 1110 1108 1536 998 1218 894 1105 800 1623 1539 1004 688 1316 1216 1005 1108 1209 996 902 1105 785 1643 1425 1220 1429 1108 1102 995 1217 1103 1429 1100 795 1630 1005 1009 1627 1216 1735 793 1737 895 1317 1115 1524 896 1533 899 1423 1003 1216 1215 1117 895 998

Tree=0
num_leaves=13
num_cat=0
split_feature=83 118 55 60 149 0 138 62 62 31 48 124
split_gain=80.9054 32.4943 43.0055 31.6582 27.6011 25.8814 21.8393 19.2413 22.2301 18.4122 18.3846 6.25309
threshold=4.7206047792303609 0.42713956706846828 0.14177243743381115 0.54713546757319687 13.500000000000002 -0.084343443430978979 8823.0000000000018 0.37730250611384092 0.35917467948717957 1.5000000000000002 1.0377040687240662 0.85451380743934147
decision_type=2 2 2 2 2 2 2 2 2 2 2 2
left_child=3 6 4 -1 -3 -4 11 8 -5 -8 -9 -2
right_child=1 2 5 7 -6 -7 9 10 -10 -11 -12 -13
leaf_value=-0.65948188661791285 -0.73245959571164487 -0.67971984343637482 -0.70475242420899609 -0.70639178706763006 -0.7192348573388494 -0.66229738465393639 -0.70204307871709348 -0.7202245559450412 -0.66923167269155326 -0.65011395678896156 -0.70484165415034616 -0.69987643967199464
leaf_weight=10.852628648281096 23.255632817745212 30.343063771724701 15.282272994518278 124.91597056388855 33.443814814090729 83.720278143882751 26.799348294734955 220.81777065992355 16.389684081077576 7.9733598232269278 102.32478439807892 6.8659487366676322
leaf_count=49 105 137 69 564 151 378 121 997 74 36 462 31
internal_value=-0.703088 -0.688383 -0.681228 -0.710132 -0.700438 -0.668851 -0.706334 -0.711316 -0.702082 -0.690136 -0.715353 -0.725033
internal_weight=702.985 227.684 162.789 475.301 63.7869 99.0026 64.8943 464.448 141.306 34.7727 323.143 30.1216
internal_count=3174 1028 735 2146 288 447 293 2097 638 157 1459 136
is_linear=0
shrinkage=1


Tree=1
num_leaves=12
num_cat=0
split_feature=83 118 55 60 61 3 31 53 58 3 55
split_gain=75.9124 30.2346 39.6742 29.5036 26.9645 25.6294 20.6774 15.0721 15.8012 9.94016 9.55524
threshold=4.7206047792303609 0.42713956706846828 0.14177243743381115 0.54713546757319687 0.99659477866061297 2.137325270662775 1.5000000000000002 0.81976363387674878 1.4681862601685094 1.0090439157389233 0.383500167173698
decision_type=2 2 2 2 2 2 2 2 2 2 2
left_child=3 6 4 -1 -3 -4 9 8 -5 -2 -9
right_child=1 2 5 7 -6 -7 -8 10 -10 -11 -12
leaf_value=0.041687911165668848 0.00051146656007761864 -0.0074497944004063791 0.027377608787824581 -0.017911345496909752 0.040518126083733723 0.075074602761365586 0.031497401517157374 -0.027361871349755939 -0.0027684307006049986 -0.025749826828418056 -0.0016917771663654683
leaf_weight=11.008986636996267 28.501701876521111 50.509035229682922 88.675868690013885 77.118692889809608 13.330758422613142 11.448048502206801 12.507183134555815 51.877358049154282 316.71044129133224 23.807220697402954 17.437138006091118
leaf_count=49 129 228 396 349 60 51 56 235 1434 108 79
internal_value=-2.23943e-06 0.0141907 0.0210476 -0.00685035 0.00256667 0.0328312 -0.00315524 -0.00800411 -0.00573368 -0.0114408 -0.0209042
internal_weight=702.932 228.78 163.964 474.153 63.8398 100.124 64.8161 463.144 393.829 52.3089 69.3145
internal_count=3174 1028 735 2146 288 447 293 2097 1783 237 314
is_linear=0
shrinkage=0.03


Tree=2
num_leaves=14
num_cat=0
split_feature=76 3 72 50 102 100 28 1 148 70 128 139 98
split_gain=54.968 32.7412 31.0451 27.8064 19.3139 16.4337 15.3463 17.3028 14.1655 12.5857 10.9953 10.4689 7.22172
threshold=0.20047846889952156 2.137325270662775 1.8472569792591351 450.00000000000006 0.0068774693309835858 0.70251054813526603 1.2933971875456358 67.62255242327457 50.500000000000007 2.6631745666593631 1.5707031648845875 158.50000000000003 0.29998299295292208
decision_type=2 2 2 2 2 2 2 2 2 2 2 2 2
left_child=1 2 8 -4 5 10 12 -8 -1 -3 -2 -7 -6
right_child=4 9 3 -5 6 11 7 -9 -10 -11 -12 -13 -14
leaf_value=-0.015215453330907769 0.015913599953681187 0.072711212660751492 0.028125212627208809 0.004902410238390463 -0.007015496171899247 -0.0032923134819012674 0.011315109962463019 -0.012851529213325254 0.030875028311683199 0.020555746736828182 -0.015962770332672769 -0.029522913648582637 -0.032856035542092599
leaf_weight=57.608573719859123 64.282016515731812 9.8219045996665972 74.050774678587914 124.29362842440605 12.77062466740608 99.964726850390434 32.665159299969673 145.13813841342926 6.6992685049772254 7.2287843674421302 11.477848649024962 15.867622330784796 40.932084307074547
leaf_count=260 291 43 332 559 58 453 148 658 30 32 52 72 186
internal_value=-4.04344e-06 0.0103148 0.00769966 0.0135725 -0.00682567 0.000220084 -0.0126567 -0.00841175 -0.010414 0.0505995 0.0110842 -0.00688559 -0.0267111
internal_weight=702.801 279.703 262.652 198.344 423.098 191.592 231.506 177.803 64.3078 17.0507 75.7599 115.832 53.7027
internal_count=3174 1256 1181 891 1918 868 1050 806 290 75 343 525 244
is_linear=0
shrinkage=0.03


Tree=3
num_leaves=13
num_cat=0
split_feature=16 30 60 36 54 86 15 14 147 78 28 7
split_gain=55.9403 34.864 30.8661 30.4331 24.5071 24.0351 23.7657 22.2105 19.9278 14.5923 10.3618 3.65492
threshold=2.7464032859591838 0.50356435915661113 0.74571421761438994 66.72499999999998 0.73978833833492319 27674.500000000004 -0.46528548024050759 3.1605457896702185 -1.3064469142736133 0.0022951121879279473 1.6555632995036207 3.0968006814068558
decision_type=2 2 2 2 2 2 2 2 2 2 2 2
left_child=2 11 5 7 -5 -1 8 -4 -3 -8 -7 -2
right_child=1 6 3 4 -6 10 9 -9 -10 -11 -12 -13
leaf_value=-0.0186603195173989 -0.045091268314512691 -0.031481117754064016 0.047796161165975869 -0.0055021404942830997 -0.024896314062073571 0.022335801749438715 0.06360286776147589 0.0043543176971145812 0.015232222806495733 0.026086821497846951 0.068887127015633001 -0.013696073223711186
leaf_weight=6.8649031370878246 6.6734050959348661 10.929729163646696 13.851980835199354 408.49669268727303 68.46842634677887 7.9115731418132809 10.666084572672842 45.008868053555489 33.139449596405029 74.551928535103798 9.4361263513565046 6.6757400333881378
leaf_count=31 30 49 62 1854 311 35 47 203 148 332 42 30
internal_value=-5.61491e-06 0.016767 -0.00427743 -0.00577457 -0.00828618 0.0288543 0.0215329 0.0145777 0.00364671 0.0307824 0.047657 -0.0293909
internal_weight=702.675 142.636 560.039 535.826 476.965 24.2126 129.287 58.8608 44.0692 85.218 17.3477 13.3491
internal_count=3174 636 2538 2430 2165 108 576 265 197 379 77 60
is_linear=0
shrinkage=0.03


Tree=4
num_leaves=13
num_cat=0
split_feature=83 118 55 60 72 0 138 27 62 62 48 120
split_gain=65.9623 27.2786 35.0846 25.7395 25.1945 22.4864 20.0616 21.6649 18.1876 20.7314 17.2608 6.3311
threshold=4.7206047792303609 0.42713956706846828 0.14177243743381115 0.54713546757319687 2.0346446595941452 -0.084343443430978979 8823.0000000000018 1.7727553304723651 0.37730250611384092 0.35917467948717957 1.0377040687240662 0.62952069716775616
decision_type=2 2 2 2 2 2 2 2 2 2 2 2
left_child=3 6 4 -1 -3 -4 11 -8 9 -5 -10 -2
right_child=1 2 5 8 -6 -7 7 -9 10 -11 -12 -13
leaf_value=0.038351288717659408 -0.032783646509076142 -0.025454363918864315 -0.0027884290944466383 -0.0027431012265176444 0.014989543892603997 0.036481217665063737 -0.0020843317183147441 0.051420163105104721 -0.016251646125466382 0.033055250239209022 -0.0012877106922415842 -0.0046329204184030305
leaf_weight=11.270919337868689 17.813995599746708 20.283982515335083 15.473118618130682 124.07319483160973 43.788805678486824 86.421795755624771 25.807059392333031 9.2532711923122388 218.01218669116497 16.49504716694355 101.75805266201496 12.056616008281706
leaf_count=49 81 92 69 564 196 378 116 41 997 74 462 55
internal_value=-7.26087e-06 0.0131306 0.0195802 -0.00643951 0.00218593 0.030518 -0.00335512 0.0120368 -0.00753617 0.00145767 -0.0114898 -0.0214212
internal_weight=702.508 230.899 165.968 471.609 64.0728 101.895 64.9309 35.0603 460.338 140.568 319.77 29.8706
internal_count=3174 1028 735 2146 288 447 293 157 2097 638 1459 136
is_linear=0
shrinkage=0.03


Tree=5
num_leaves=13
num_cat=0
split_feature=83 118 55 46 60 0 145 109 62 56 48 138
split_gain=61.95 25.4485 32.5165 24.4605 24.0575 20.769 19.4461 19.0968 17.2202 20.1867 16.4133 10.6108
threshold=4.7206047792303609 0.42713956706846828 0.14177243743381115 36.720779220779228 0.54713546757319687 -0.084343443430978979 1.3373972319100036 0.046057154084473251 0.37730250611384092 0.10761818395041961 1.0377040687240662 8823.0000000000018
decision_type=2 2 2 2 2 2 2 2 2 2 2 2
left_child=4 6 3 -3 -1 -4 7 -2 9 -6 -10 -8
right_child=1 2 5 -5 8 -7 11 -9 10 -11 -12 -13
leaf_value=0.0368074292746162 0.064148323320692521 0.026640934106628236 -0.0027072370580850233 -0.011885919665559266 -0.015799312664613922 0.03501789414710884 -0.026486719791117001 -0.0063319706754292647 -0.015857320937071859 0.0089187140188644737 -0.0012496428111027551 0.00094966343881335447
leaf_weight=11.389489844441412 6.7964784353971464 23.300356566905975 15.459270194172857 40.804796978831291 42.703458338975906 87.318063169717789 23.738743931055069 7.0478498637676239 216.74986970424652 97.923086553812027 101.71286860108376 27.248051464557648
leaf_count=49 30 104 69 184 194 378 109 32 997 444 462 122
internal_value=-8.8893e-06 0.0126883 0.018885 0.00211747 -0.00626234 0.0293435 -0.00326277 0.0282683 -0.00733085 0.0014127 -0.0111918 -0.0118243
internal_weight=702.192 231.714 166.882 64.1052 470.479 102.777 64.8311 13.8443 459.089 140.627 318.463 50.9868
internal_count=3174 1028 735 288 2146 447 293 62 2097 638 1459 231
is_linear=0
shrinkage=0.03


Tree=6
num_leaves=12
num_cat=0
split_feature=83 30 3 26 7 60 27 62 94 48 28
split_gain=58.1981 23.8119 30.7373 29.2282 22.732 22.5032 18.0491 16.3037 20.0678 15.6065 11.3301
threshold=4.7206047792303609 1.8232855731569828 2.137325270662775 -0.55581698933278545 8.2776084266873635 0.54713546757319687 2.3957714558410208 0.37730250611384092 0.43460864367293889 1.0377040687240662 1.2309702877433006
decision_type=2 2 2 2 2 2 2 2 2 2 2
left_child=5 2 6 4 -3 -1 -2 8 -7 -9 -4
right_child=1 3 10 -5 -6 7 -8 9 -10 -11 -12
leaf_value=0.035363902892772359 -0.0010899619806315193 0.0097866499186027075 0.072832132866543858 0.070126451202004461 0.066742471590248834 0.035798943809664939 0.032628872190537207 -0.015472088562784207 -0.0023595640963846799 -0.0012126852793239223 0.021465883104382476
leaf_weight=11.49707171320915 138.37994877994061 43.26426075398922 7.613396540284155 12.019885912537573 7.3829488307237616 13.747238472104071 15.932349458336828 215.50137503445148 126.94259639084339 101.66896790266037 7.849222794175148
leaf_count=49 618 190 32 52 32 62 70 997 576 462 34
internal_value=-1.03499e-05 0.0122658 0.00643214 0.0280702 0.0180892 -0.00608995 0.00239142 -0.00713087 0.00136902 -0.0109012 0.0467573
internal_weight=701.799 232.442 169.775 62.6671 50.6472 469.357 154.312 457.86 140.69 317.17 15.4626
internal_count=3174 1028 754 274 222 2146 688 2097 638 1459 66
is_linear=0
shrinkage=0.03


Tree=7
num_leaves=12
num_cat=0
split_feature=83 118 55 107 60 85 14 62 62 53 138
split_gain=54.6777 23.1322 29.4876 24.0132 21.0646 19.7884 18.3476 15.4351 19.1716 15.3356 11.7848
threshold=4.7206047792303609 0.42713956706846828 0.14177243743381115 0.059765808083541407 0.54713546757319687 2.6820139696016745 2.2252757619097721 0.37730250611384092 0.35917467948717957 0.81976363387674878 8823.0000000000018
decision_type=2 2 2 2 2 2 2 2 2 2 2
left_child=4 6 3 -3 -1 -4 -2 8 -6 -9 -8
right_child=1 2 5 -5 7 -7 10 9 -10 -11 -12
leaf_value=0.034010376123908059 0.028755148321099978 -0.035362626564556569 0.011775352916521051 0.010808208470933422 -0.0027353671998333472 0.038419594409721605 -0.026586380811903391 -0.0079295431377349249 0.031505680506752426 -0.02687054478358563 0.0020415298389506275
leaf_weight=11.594452768564222 12.836399197578428 12.61073389649391 42.247209787368774 51.706345796585083 124.05140635371208 61.761348083615303 24.226385325193405 271.05933222174644 16.697437569499016 44.834680199623108 27.782758384943008
leaf_count=49 57 57 183 231 564 264 112 1250 74 209 124
internal_value=-1.151e-05 0.0118581 0.0177229 0.00175543 -0.00592229 0.027597 -0.00336584 -0.00693621 0.00132675 -0.0106178 -0.0112936
internal_weight=701.408 233.171 168.326 64.3171 468.237 104.009 64.8455 456.643 140.749 315.894 52.0091
internal_count=3174 1028 735 288 2146 447 293 2097 638 1459 236
is_linear=0
shrinkage=0.03


Tree=8
num_leaves=12
num_cat=0
split_feature=83 118 55 61 60 0 31 48 86 110 62
split_gain=51.3849 21.6167 27.4201 23.048 19.7307 18.3888 17.2818 15.2132 26.8411 18.2003 10.7493
threshold=4.7206047792303609 0.42713956706846828 0.14177243743381115 0.99659477866061297 0.54713546757319687 -0.083442802540024952 1.5000000000000002 1.0575604920266832 27336.000000000004 1.9129850143013771 0.26161035226455792
decision_type=2 2 2 2 2 2 2 2 2 2 2
left_child=4 6 3 -3 -1 -4 10 9 -9 -6 -2
right_child=1 2 5 -5 7 -7 -8 8 -10 -11 -12
leaf_value=0.032737922009380617 0.019075406211906051 -0.0076605313223086207 -0.0029531487473804397 0.036140258179049145 0.0030556777215548689 0.031934882352292152 0.027920457359074238 -0.013704125960449669 0.016772119791118541 -0.013407219689187537 -0.017176001601591447
leaf_weight=11.682366773486136 8.8806914538145048 50.591170474886894 16.05999793112278 13.750945851206778 77.670067295432091 88.657945722341537 12.819648444652556 46.75958888232708 58.607730180025101 272.40691946446896 43.036152899265289
leaf_count=49 40 228 71 60 358 376 56 213 266 1260 197
internal_value=-1.26213e-05 0.011469 0.0171138 0.0017004 -0.00575915 0.0265843 -0.00327259 -0.00674662 0.00324746 -0.00975467 -0.010975
internal_weight=700.923 233.797 169.06 64.3421 467.127 104.718 64.7365 455.444 105.367 350.077 51.9168
internal_count=3174 1028 735 288 2146 447 293 2097 479 1618 237
is_linear=0
shrinkage=0.03


Tree=9
num_leaves=15
num_cat=0
split_feature=83 30 3 120 102 56 1 60 116 106 53 48 143 70
split_gain=48.3046 21.3782 26.9985 20.7952 18.7593 22.2752 31.3808 22.0875 17.444 16.5434 16.502 15.7687 10.0852 9.75265
threshold=4.7206047792303609 1.8232855731569828 2.137325270662775 0.636851851851852 0.0067241517378501736 0.11461282722800616 66.754617414248045 0.72070514671021846 12.500000000000002 0.46256242653144947 0.13547351461176979 0.97261078509323695 2.3950587247702644 2.6631745666593631
decision_type=2 2 2 2 2 2 2 2 2 2 2 2 2 2
left_child=4 2 10 11 7 12 -7 -1 -9 -5 -2 -3 -6 -4
right_child=1 3 13 9 5 6 -8 8 -10 -11 -12 -13 -14 -15
leaf_value=0.040529644692664901 -0.012823257337383171 0.049943665513297042 0.066782982674242528 0.025322596416850363 -0.0080057852966022858 0.023483119032895003 -0.010622840804733477 0.001164972948095045 -0.033457123886517032 0.070798688512629465 0.0083331478664091466 -0.0005141849706633354 -0.030767038376541531 0.01958319787697109
leaf_weight=12.044121727347372 48.115794643759727 7.0293413251638404 7.8122172653675062 17.220584020018581 25.188311472535133 29.126868665218353 145.90322862565517 182.132817491889 14.112108990550039 12.371848270297049 106.904033228755 26.92678539454937 57.548353880643845 7.9485628008842468
leaf_count=51 214 30 32 74 117 133 675 838 65 53 474 117 267 34
internal_value=-1.36423e-05 0.0110974 0.00556988 0.0259519 -0.00560016 -0.0110106 -0.00494725 0.00109546 -0.00132473 0.044335 0.00176652 0.00993122 -0.0238376 0.0429789
internal_weight=700.385 234.329 170.781 63.5486 466.056 257.767 175.03 208.289 196.245 29.5924 155.02 33.9561 82.7367 15.7608
internal_count=3174 1028 754 274 2146 1192 808 954 903 127 688 147 384 66
is_linear=0
shrinkage=0.03


Tree=10
num_leaves=15
num_cat=0
split_feature=83 52 50 134 62 56 62 10 102 58 70 51 102 31
split_gain=45.4065 20.6241 28.5969 23.7286 18.114 22.2436 26.6948 16.1024 15.9698 14.7487 20.2572 14.4277 12.8577 10.1172
threshold=4.7206047792303609 2250.0000000000005 510.00000000000006 33491.500000000007 0.37730250611384092 0.10761818395041961 0.35917467948717957 4.0255720122937024 0.003565258585239432 1.7025393760566112 2.5777630347959697 225.00000000000003 0.0051252888246058692 1.5000000000000002
decision_type=2 2 2 2 2 2 2 2 2 2 2 2 2 2
left_child=4 8 7 -4 5 12 -7 -3 -2 13 -11 -10 -1 -6
right_child=1 2 3 -5 9 6 -8 -9 11 10 -12 -13 -14 -15
leaf_value=0.0082738047506279947 -0.024033227806936435 0.025664834502262736 -0.005976915563083037 0.029074221337693579 -0.026336035393505233 0.0048463859395028019 0.049435996569129705 0.064419491248067007 0.026775624575095882 0.010359278481101618 -0.010458219621871384 -0.0023492688375141868 -0.026758347688359562 0.0070886578357834008
leaf_weight=14.235826060175894 19.911613404750824 51.623867273330688 51.788121715188026 26.1642926633358 59.232250764966011 87.81754894554615 14.011807948350905 11.867215082049368 21.723781824111938 53.349218264222145 198.96904291212559 51.829648718237877 27.925716385245323 9.4505535066127759
leaf_count=65 90 222 230 113 277 399 61 50 94 246 925 229 129 44
internal_value=-1.48489e-05 0.0107358 0.0179617 0.0057878 -0.00544596 0.00339482 0.010982 0.0329085 -0.000199372 -0.00941166 -0.00605665 0.00625268 -0.0149298 -0.0217369
internal_weight=699.901 234.909 141.443 77.9524 464.992 143.991 101.829 63.4911 93.465 321.001 252.318 73.5534 42.1615 68.6828
internal_count=3174 1028 615 343 2146 654 460 272 413 1492 1171 323 194 321
is_linear=0
shrinkage=0.03


Tree=11
num_leaves=15
num_cat=0
split_feature=83 30 50 101 102 56 1 48 86 90 36 63 136 86
split_gain=42.6882 19.8136 19.6266 19.2901 17.373 20.5452 29.3303 20.1817 26.8552 21.0662 16.7061 16.2686 13.7873 12.0475
threshold=4.7206047792303609 0.6799447578518889 450.00000000000006 2.380821525559464 0.0067241517378501736 0.11461282722800616 66.754617414248045 1.0382907475476915 27336.000000000004 0.099144788657295715 318.66666666666674 0.41341829085457277 582.50000000000011 3629.5000000000005
decision_type=2 2 2 2 2 2 2 2 2 2 2 2 2 2
left_child=4 11 10 -4 7 13 -7 9 -9 -1 -3 -2 -13 -6
right_child=1 2 3 -5 5 6 -8 8 -10 -11 -12 12 -14 -15
leaf_value=0.02331054599068668 0.021198167439302307 0.032519769166555662 0.0021483680457318028 0.038633932200453268 0.0081111891943699398 0.022633312318429313 -0.010253442269880907 -0.036799699272912323 0.02150526985057705 -0.010076257065363336 -0.0040150472456157976 -0.0020477407352040948 -0.045305312033877804 -0.027252405456471899
leaf_weight=19.807947099208832 10.956493034958838 63.303061455488205 105.96025390923023 14.872170388698576 9.8647795617580396 29.342859163880348 145.10118170082569 8.0693891644477826 59.791053667664528 120.37163014709949 13.702526465058325 14.214220374822618 12.430366441607474 71.592993706464767
leaf_count=90 48 271 467 64 46 133 675 37 269 558 59 63 56 338
internal_value=-1.60583e-05 0.0103882 0.0141823 0.00663905 -0.00529596 -0.0105303 -0.00472163 0.00114262 0.0145721 -0.00535857 0.0260187 -0.00957449 -0.0222285 -0.0229698
internal_weight=699.381 235.439 197.838 120.832 463.942 255.902 174.444 208.04 67.8604 140.18 77.0056 37.6011 26.6446 81.4578
internal_count=3174 1028 861 531 2146 1192 808 954 306 648 330 167 119 384
is_linear=0
shrinkage=0.03


Tree=12
num_leaves=12
num_cat=0
split_feature=16 30 0 60 148 138 24 89 106 58 68
split_gain=35.9615 29.4871 23.6121 23.0521 19.8706 19.5536 18.2852 20.4317 15.6531 15.6489 3.60819
threshold=2.7464032859591838 0.50356435915661113 -0.054363977662105926 0.72070514671021846 3.5000000000000004 2592.0000000000005 -0.23675842013637269 3157.5000000000005 0.45300324845164702 1.4025646476110316 2.7839120998372224
decision_type=2 2 2 2 2 2 2 2 2 2 2
left_child=2 10 6 -4 -3 -6 8 -8 -1 -5 -2
right_child=1 4 3 9 5 -7 7 -9 -10 -11 -12
leaf_value=-0.01665687888582951 -0.045111862979711474 -0.02402202759347331 0.047190362881484586 -0.017495982623616218 0.036492467319434646 0.01166729744513313 0.061831422318359489 -0.0095931448940457173 -0.0017702512175855169 0.004147883033786855 -0.013818323455755338
leaf_weight=173.31827980279922 6.6205969899892789 9.6347323358058912 10.194339618086813 34.837919011712074 44.924085319042206 78.36912927031517 6.6934891194105131 7.8108005970716476 100.39115905761719 219.43306693434715 6.6436804831027985
leaf_count=806 30 43 43 161 193 340 30 36 463 999 30
internal_value=-1.73978e-05 0.0132143 -0.00351739 0.0029559 0.0174704 0.0207128 -0.00945729 0.0233681 -0.0111968 0.00118244 -0.0294379
internal_weight=698.871 146.192 552.679 264.465 132.928 123.293 288.214 14.5043 273.709 254.271 13.2643
internal_count=3174 636 2538 1203 576 533 1335 66 1269 1160 60
is_linear=0
shrinkage=0.03


Tree=13
num_leaves=13
num_cat=0
split_feature=16 30 36 36 36 102 14 148 86 25 150 61
split_gain=33.7634 27.7695 23.5712 23.1998 23.9107 22.2438 21.2716 18.6369 18.3588 16.7144 14.117 3.66547
threshold=2.7464032859591838 0.50356435915661113 66.72499999999998 192.64166666666668 363.87500000000006 0.0059754440833001167 3.1605457896702185 3.5000000000000004 3629.5000000000005 -0.61130267668215488 0.92893340995419538 0.67699834693115779
decision_type=2 2 2 2 2 2 2 2 2 2 2 2
left_child=2 11 6 5 -5 -4 10 -3 -9 -8 -1 -2
right_child=1 7 3 4 -6 -7 9 8 -10 -11 -12 -13
leaf_value=0.016486254994713144 -0.044290116569120783 -0.02348284400359317 -0.0016494895536589211 0.0033260780414791089 -0.019308612057078411 -0.022538724145430376 0.015291792985899055 0.053066862837863049 0.015956346887361552 -0.025401945931641856 0.074119901155937848 -0.012580660103024156
leaf_weight=7.7771672606468183 6.7366910427808744 9.5613947063684446 78.593569993972778 252.26002071797848 50.394646018743515 110.21571950614452 32.434351161122322 13.459380179643629 110.46564364433289 12.618020623922346 7.526935949921608 6.3958113938570023
leaf_count=35 31 43 361 1157 232 517 146 57 476 58 32 29
internal_value=-1.81717e-05 0.0127781 -0.00341815 -0.005591 -0.000442796 -0.0138434 0.0142747 0.0168732 0.0199869 0.00389451 0.0448319 -0.0288469
internal_weight=698.439 146.619 551.82 491.464 302.655 188.809 60.3565 133.486 123.925 45.0524 15.3041 13.1325
internal_count=3174 636 2538 2267 1389 878 271 576 533 204 67 60
is_linear=0
shrinkage=0.03


Tree=14
num_leaves=12
num_cat=0
split_feature=83 30 119 26 145 71 142 60 53 53 55
split_gain=37.0257 18.5501 24.0794 23.5291 23.0626 19.4773 17.308 16.0696 13.582 15.1094 9.45119
threshold=4.6889040001835314 1.7727850453913443 0.73935688405797106 -0.55581698933278545 1.3373972319100036 1.8564931494401218 10.3449249197326 0.54713546757319687 0.81976363387674878 0.65586430946446395 0.383500167173698
decision_type=2 2 2 2 2 2 2 2 2 2 2
left_child=7 2 4 6 -2 -4 -3 -1 9 -9 -10
right_child=1 3 5 -5 -6 -7 -8 8 10 -11 -12
leaf_value=0.029449008998331881 0.068118275541438622 0.0072300912885274529 0.023051787247146724 0.057658526780253801 0.012645524296600387 -0.0090603244740889398 0.054971816671244768 -0.0052600014782290859 -0.025179947366293417 0.019839440364833007 0.00084521776816990767
leaf_weight=11.867509141564367 7.9724902957677832 48.656787976622581 20.646041393280029 13.772347554564474 43.814879879355431 96.243509441614151 7.9511146247386923 358.22222946584225 48.94979752600193 22.969551801681519 16.89260895550251
leaf_count=49 34 209 89 57 190 428 33 1667 233 106 79
internal_value=-1.90509e-05 0.00955436 0.00415626 0.0224917 0.0211854 -0.00338841 0.0139359 -0.00500616 -0.00592085 -0.00374758 -0.0185029
internal_weight=697.959 239.057 168.677 70.3803 51.7874 116.89 56.6079 458.902 447.034 381.192 65.8424
internal_count=3174 1040 741 299 224 517 242 2134 2085 1773 312
is_linear=0
shrinkage=0.03


Tree=15
num_leaves=15
num_cat=0
split_feature=83 118 123 62 62 98 150 10 0 62 133 101 147 150
split_gain=35.093 22.3719 24.3746 18.162 21.0801 20.8657 19.4694 15.5777 15.1119 16.1264 12.986 17.3157 10.8658 9.50327
threshold=5.0938755265739983 0.55129396053795865 0.27913831345697609 0.37730250611384092 0.35917467948717957 1.483038410945072 0.72887488328664807 -0.34947993950086692 -0.054363977662105926 0.49007468553459127 0.68194072486554014 1.351227641407839 -1.0126711149788368 0.98999481209536533
decision_type=2 2 2 2 2 2 2 2 2 2 2 2 2 2
left_child=3 10 13 4 5 -1 -6 -4 12 -10 11 -2 -5 -3
right_child=1 2 7 8 6 -7 -8 -9 9 -11 -12 -13 -14 -15
leaf_value=-0.0070096559181675637 -0.017424213463205565 -0.0089474974142256455 0.053505011830168751 -0.023965619969885575 -0.001452845620025587 0.01850575554947104 0.059639767329226705 0.021691889666750751 -0.016285305781660701 0.0046874429153791267 0.028494936720667663 0.020070646737305641 -0.008619816772248344 0.028344254278809742
leaf_weight=99.15750640630722 42.676761701703072 27.732279375195503 18.319475650787354 60.342534869909286 8.1143653541803378 40.678444340825081 11.140400782227514 56.813107416033745 45.462811887264252 120.33498480916023 10.564656808972357 14.974707081913946 133.17381674051285 7.9028238803148261
leaf_count=454 192 120 77 285 36 185 48 241 211 555 46 65 626 33
internal_value=-1.95449e-05 0.0114335 0.019757 -0.00397382 0.00446505 0.000412808 0.033894 0.0294488 -0.00771022 -0.00106342 -0.00208188 -0.00768509 -0.013405 -0.000677277
internal_weight=697.389 178.984 110.768 518.405 159.091 139.836 19.2548 75.1326 359.314 165.798 68.2161 57.6515 193.516 35.6351
internal_count=3174 774 471 2400 723 639 84 318 1677 766 303 257 911 153
is_linear=0
shrinkage=0.03


Tree=16
num_leaves=12
num_cat=0
split_feature=76 135 24 66 27 55 10 36 146 1 42
split_gain=29.5094 24.3908 20.4968 19.5584 17.3232 16.3449 12.7564 13.6711 14.8647 9.52327 8.47791
threshold=0.25112612612612623 520.50000000000011 -1.8392958449874739 3.4330845771144283 2.0487181995734107 0.4203823353459723 9.6463772195345872 363.87500000000006 48.959334390503152 84.391056797667005 0.96038682689010657
decision_type=2 2 2 2 2 2 2 2 2 2 2
left_child=1 3 9 5 -4 -1 7 8 -2 -3 -9
right_child=6 2 4 -5 -6 -7 -8 10 -10 -11 -12
leaf_value=0.0057379547131225965 -0.0049531572740453616 -0.025082567070791064 0.00074684951223023528 0.055250146136162914 0.028982976663479189 0.027325608537236746 -0.038014654695741917 0.00028006407653039954 0.040123782554281874 -0.0033884417268386824 -0.039483946683656776
leaf_weight=119.03717067837715 269.48284658789635 36.167187198996544 117.88927988708019 9.732174947857855 23.44390994310379 42.956438273191452 11.421981766819952 6.8332221060991314 6.7489021718502036 36.682250082492828 16.424539044499397
leaf_count=539 1258 167 520 40 101 189 54 32 31 165 78
internal_value=-2.03653e-05 0.00552101 -0.00123232 0.013944 0.00543057 0.0114624 -0.00689841 -0.00571169 -0.00385184 -0.0141588 -0.0278011
internal_weight=696.82 385.908 214.183 171.726 141.333 161.994 310.911 299.49 276.232 72.8494 23.2578
internal_count=3174 1721 953 768 621 728 1453 1399 1289 332 110
is_linear=0
shrinkage=0.03


Tree=17
num_leaves=13
num_cat=0
split_feature=83 2 55 118 62 56 106 106 58 70 39 148
split_gain=31.8692 18.0273 19.25 17.1478 16.2039 20.1473 30.5297 20.1063 14.1623 26.816 10.2867 9.75603
threshold=4.6889040001835314 69.092718900612724 0.030593149724239474 0.34095453959019956 0.37730250611384092 0.10761818395041961 0.18860496604105109 0.062743612742412275 1.8032575745636772 2.5777630347959697 1.8919787741814995 34.500000000000007
decision_type=2 2 2 2 2 2 2 2 2 2 2 2
left_child=4 -2 11 -4 5 7 -7 -1 10 -10 -6 -3
right_child=1 2 3 -5 8 6 -8 -9 9 -11 -12 -13
leaf_value=0.030058087345537002 0.055029047148327674 -0.02776892374662078 -0.0079591301122039337 0.01456769685846648 -0.008645848435833348 -0.013333462655140554 0.022165065820036103 -0.023823168260482048 0.01647425832890945 -0.0096153182804474373 -0.030363351324947368 0.012210160123868411
leaf_weight=7.6422054171562186 7.3687730580568305 19.367491990327839 37.116382345557213 168.37962391972542 39.229117751121521 31.867513835430145 69.049762934446335 33.802959814667702 43.480455368757248 192.14939890801907 39.287065759301186 7.668709620833396
leaf_count=35 31 88 168 719 187 146 310 159 201 910 186 34
internal_value=-2.08399e-05 0.00883201 0.00736806 0.0104989 -0.00467312 0.00372293 0.0109554 -0.0138878 -0.00847798 -0.00480104 -0.0195126 -0.016429
internal_weight=696.409 239.901 232.532 205.496 456.508 142.362 100.917 41.4452 314.146 235.63 78.5162 27.0362
internal_count=3174 1040 1009 887 2134 650 456 194 1484 1111 373 122
is_linear=0
shrinkage=0.03


Tree=18
num_leaves=15
num_cat=0
split_feature=83 52 142 138 149 138 40 36 98 100 142 67 15 119
split_gain=30.1761 19.4754 23.7855 18.4652 17.8224 26.889 24.1876 19.9035 18.626 17.5958 17.5846 15.1105 14.3697 10.1223
threshold=5.0938755265739983 2250.0000000000005 3.7996052615651421 2740.0000000000005 12.500000000000002 5746.5000000000009 3.5000000000000004 311.70833333333337 0.033054948297487334 0.83911996467481187 2.3473829595582623 1.3984196806777456 1.9511897774036975 0.83369723435225629
decision_type=2 2 2 2 2 2 2 2 2 2 2 2 2 2
left_child=4 10 3 -3 7 8 -7 9 -6 -1 13 -12 -4 -2
right_child=1 2 12 -5 5 6 -8 -9 -10 -11 11 -13 -14 -15
leaf_value=0.013731429007372523 0.052352938713644229 0.024251979609067602 0.049779401964946395 -0.0094529667806869857 0.024254179641949973 -0.0048225364930658647 0.027430978963248719 -0.017574648676149753 -0.018017961538883479 -0.0057301452259889401 0.024001576234714828 -0.017178725074921106 0.017676656853486867 0.0041058375868376004
leaf_weight=117.69602510333061 7.2071311622858039 26.436733841896057 25.015289813280106 32.752278164029121 9.9241767823696119 88.718287274241447 27.384966224431992 36.052974358201027 171.43619295954704 64.84909588098526 9.767050772905348 44.818736791610718 25.180785119533539 8.5641916394233686
leaf_count=539 30 111 104 144 45 414 125 167 806 304 43 199 106 37
internal_value=-2.16849e-05 0.0105644 0.0184842 0.00560133 -0.00370878 -0.00848803 0.00278501 0.00279472 -0.0157048 0.00681771 -0.0017486 -0.00981032 0.0336751 0.0261537
internal_weight=695.804 179.742 109.385 59.189 516.062 297.464 116.103 218.598 181.36 182.545 70.3571 54.5858 50.1961 15.7713
internal_count=3174 774 465 255 2400 1390 539 1010 851 843 309 242 210 67
is_linear=0
shrinkage=0.03


Tree=19
num_leaves=15
num_cat=0
split_feature=83 118 123 102 109 149 60 72 106 15 145 102 133 109
split_gain=28.3773 19.7317 21.8989 16.9461 21.8195 27.336 20.0765 24.4223 16.3406 14.6964 14.5186 14.4058 13.263 10.63
threshold=5.0938755265739983 0.55129396053795865 0.27913831345697609 0.0062517166816013414 0.34622554069897982 12.500000000000002 0.74571421761438994 2.2264124883674441 0.43942522888467178 -1.8327800288832561 1.3373972319100036 0.012978002406836326 0.68194072486554014 0.22294034453790471
decision_type=2 2 2 2 2 2 2 2 2 2 2 2 2 2
left_child=3 10 13 6 5 -5 8 -8 -1 -4 -2 -6 -12 -3
right_child=1 2 9 4 11 -7 7 -9 -10 -11 12 -13 -14 -15
leaf_value=0.0010040517987269125 0.028075784429078109 -0.014667567498236929 -0.011380066086958979 0.01092940824710952 -0.033553574418926764 -0.011683077470165473 -0.013901563917079607 0.0077844743475360004 0.060974213555593071 0.031626396205483735 -0.014986518677958392 -0.0097756515719390237 0.025050966823696019 0.018763994264389884
leaf_weight=7.3364649713039425 11.613313019275664 21.523681864142418 7.9917506724596015 79.40434904396534 41.292596578598022 122.10336954891682 72.387663215398788 131.90046791732311 9.2387415915727598 68.002747431397438 47.788013130426407 51.57079017162323 8.820958346128462 14.211519658565519
leaf_count=32 50 93 34 368 197 578 338 606 38 284 215 243 38 60
internal_value=-2.24934e-05 0.0102336 0.0179961 -0.00360455 -0.00831723 -0.0027726 0.00267661 0.000100222 0.0344304 0.0271037 -0.00247939 -0.0203487 -0.00874777 -0.00137218
internal_weight=695.186 179.952 111.73 515.234 294.371 201.508 220.863 204.288 16.5752 75.9945 68.2223 92.8634 56.609 35.7352
internal_count=3174 774 471 2400 1386 946 1014 944 70 318 303 440 253 153
is_linear=0
shrinkage=0.03


Tree=20
num_leaves=14
num_cat=0
split_feature=16 30 36 36 56 36 22 150 68 107 36 105 61
split_gain=24.2437 24.4136 21.017 21.053 26.4804 22.2631 19.3918 18.5637 16.0257 18.6861 18.1226 9.48901 3.43141
threshold=2.7464032859591838 0.50356435915661113 66.72499999999998 192.64166666666668 1.3502711717205573 363.87500000000006 4.3883267025137274 0.92893340995419538 0.9123244824801281 0.059765808083541407 317.50000000000006 0.063603388693138668 0.67699834693115779
decision_type=2 2 2 2 2 2 2 2 2 2 2 2 2
left_child=2 12 6 4 -4 -5 7 -1 9 -3 -10 -8 -2
right_child=1 8 3 5 -6 -7 11 -9 10 -11 -12 -13 -14
leaf_value=0.010252945542432843 -0.043687855122392233 -0.0094827300987717911 -0.017469046331920483 0.0035267976202635128 0.01541094137631213 -0.018485784924084762 0.010182764631278518 0.051316617913543777 0.016060578781891093 0.043025104700427454 -0.012944590585277681 -0.037312683470328935 -0.012843012113346453
leaf_weight=30.338425785303116 6.6055428683757764 7.7821030318737021 160.28561215102673 250.91938906908035 25.560061231255531 49.510183870792389 7.0060996115207663 14.713289335370062 72.42741833627224 28.215991392731667 26.473388940095901 8.2364717274904233 6.382355198264122
leaf_count=138 31 34 760 1157 118 232 32 63 308 119 115 38 29
internal_value=-2.32196e-05 0.0107527 -0.0029389 -0.00501038 -0.0129469 -0.000100831 0.0137677 0.0236638 0.0145349 0.0316739 0.00829659 -0.0154819 -0.0285305
internal_weight=694.456 147.887 546.57 486.275 185.846 300.43 60.2943 45.0517 134.899 35.9981 98.9008 15.2426 12.9879
internal_count=3174 636 2538 2267 878 1389 271 201 576 153 423 70 60
is_linear=0
shrinkage=0.03


Tree=21
num_leaves=14
num_cat=0
split_feature=76 135 48 56 55 56 97 106 148 106 102 62 56
split_gain=23.8268 23.5448 18.0551 19.3193 16.6239 16.3192 15.7551 12.6473 15.3443 13.1915 18.5509 14.6423 10.6607
threshold=0.25112612612612623 520.50000000000011 1.122180672377602 0.15979988378872292 0.4203823353459723 0.081308923939535357 0.45399104738321916 0.014878014105576915 13.500000000000002 0.20820490067254047 0.0064060779534634068 0.37730250611384092 0.42320867391866218
decision_type=2 2 2 2 2 2 2 2 2 2 2 2 2
left_child=1 4 5 -4 6 -3 -1 8 -2 10 -9 -11 -6
right_child=7 2 3 -5 12 -7 -8 9 -10 11 -12 -13 -14
leaf_value=0.047049052376592113 -0.013246327882626033 -0.024871160866339597 0.041329896063401837 -0.00074476017510070609 0.017694499927317281 -0.001455053737406691 0.0045671097319027552 0.0017648972112160397 0.042974986107675126 0.008104736504807768 -0.025686164050136032 -0.00929637676800797 0.047338974282882064
leaf_weight=8.4271540790796262 7.7782579511404064 33.114897161722183 16.480115458369255 24.31029799580574 30.527274712920189 140.16033679246902 116.12344253063202 33.154835134744644 9.9681899994611722 67.494342043995857 66.785968095064163 122.52798336744308 16.996848106384277
leaf_count=38 36 153 69 105 134 626 524 156 46 309 322 584 72
internal_value=-2.3878e-05 0.00493884 -0.00170289 0.0162542 0.0132013 -0.00593014 0.00744146 -0.00625152 0.0183332 -0.00775617 -0.0165794 -0.00311565 0.0282967
internal_weight=693.85 386.14 214.066 40.7904 172.075 173.275 124.551 307.71 17.7464 289.963 99.9408 190.022 47.5241
internal_count=3174 1721 953 174 768 779 562 1453 82 1371 478 893 206
is_linear=0
shrinkage=0.03


Tree=22
num_leaves=15
num_cat=0
split_feature=83 55 60 39 118 33 62 56 106 106 58 58 67 39
split_gain=24.9619 15.8321 18.9988 19.1701 18.4985 19.7344 14.4033 18.275 27.648 18.5935 13.6836 25.5649 13.2774 9.78538
threshold=4.6889040001835314 0.12245859979763983 1.6936793888650274 2.6154734694023527 0.15921316138780389 1.5000000000000002 0.37730250611384092 0.10761818395041961 0.18860496604105109 0.062743612742412275 1.8032575745636772 1.9914501655010521 2.2564784053156148 1.8919787741814995
decision_type=2 2 2 2 2 2 2 2 2 2 2 2 2 2
left_child=6 2 12 -4 -3 -6 7 9 -9 -1 13 -12 -2 -8
right_child=1 4 3 -5 5 -7 10 8 -10 -11 11 -13 -14 -15
leaf_value=0.028780879663205774 0.0073517337484401233 -0.024720406117763973 -0.0041003724006342807 0.035918910004543794 0.028607555763467775 0.0066061130754477117 -0.0081127957068148002 -0.012709757355398938 0.021147845110579988 -0.022923042179050019 0.023705864486124321 -0.0077079619591046413 -0.039114912954768641 -0.0294607253712495
leaf_weight=7.7137307822704306 8.0884280502796191 10.808272540569304 39.070542022585869 14.873924270272253 63.593822196125984 86.73411725461483 38.841945216059685 31.551490366458893 69.567546308040619 33.209156766533852 26.274899199604988 207.00945773720741 17.527294263243675 38.458065137267113
leaf_count=35 37 50 173 63 265 371 187 146 310 159 123 988 81 186
internal_value=-2.44259e-05 0.00778155 -0.00316821 0.00693401 0.0131879 0.0159135 -0.00417547 0.00373795 0.0105835 -0.0131771 -0.00779457 -0.00416981 -0.0244426 -0.0187338
internal_weight=693.323 240.696 79.5602 53.9445 161.136 150.328 452.626 142.042 101.119 40.9229 310.584 233.284 25.6157 77.3
internal_count=3174 1040 354 236 686 636 2134 650 456 194 1484 1111 118 373
is_linear=0
shrinkage=0.03


Tree=23
num_leaves=14
num_cat=0
split_feature=83 3 66 142 0 69 82 118 54 2 142 115 141
split_gain=23.9213 16.7062 16.0815 17.0115 14.1211 13.8667 13.2261 18.6723 12.3822 14.5613 12.3851 11.8687 7.55272
threshold=3.6090955035081866 0.77224469452707378 3.5143325143325148 8.9343383985514446 -0.013737264069651112 2.1574828118209131 24.971499108053006 0.71558737046597942 0.044778128977257518 86.327928312353336 2.3115811850342163 8.5000000000000018 1199.5000000000002
decision_type=2 2 2 2 2 2 2 2 2 2 2 2 2
left_child=4 5 3 -3 8 -2 7 -6 9 -1 -10 -4 -8
right_child=1 2 11 -5 6 -7 12 -9 10 -11 -12 -13 -14
leaf_value=-0.0073640930099067746 0.060150991115445404 -0.00076583993485832491 0.040414064082488682 0.02015397462190837 0.043478317059177519 0.009359339693020257 0.0055538254074650687 -0.011971568435383748 0.0054274932530319056 0.039606204229786578 -0.017950769092182538 0.0013733067049182927 -0.038423638050891815
leaf_weight=19.19074554741383 8.3765697777271289 377.82912331819534 16.986900761723522 38.553770557045937 14.59283158183098 11.450497210025786 7.9116287976503354 8.738589406013487 23.928347885608673 8.6030526757240278 138.10827098786831 11.930353283882139 6.3241143375635147
leaf_count=91 36 1716 70 168 67 52 37 42 113 40 662 50 30
internal_value=-2.52533e-05 0.0038733 0.00267359 0.00117117 -0.00799949 0.0308179 0.0088056 0.02271 -0.0113252 0.00717469 -0.0144984 0.0243071 -0.0139828
internal_weight=692.525 465.127 445.3 416.383 227.398 19.8271 37.5672 23.3314 189.83 27.7938 162.037 28.9173 14.2357
internal_count=3174 2092 2004 1884 1082 88 176 109 906 131 775 120 67
is_linear=0
shrinkage=0.03


Tree=24
num_leaves=14
num_cat=0
split_feature=83 118 123 149 3 138 108 72 11 145 15 55 7
split_gain=22.691 17.4093 19.5407 15.4779 24.8811 20.2854 16.9942 14.9318 13.4556 13.3888 13.2271 12.4459 9.92871
threshold=5.0938755265739983 0.55129396053795865 0.27913831345697609 12.500000000000002 0.78673441321837767 5746.5000000000009 0.15444637389407812 8.3308832668539967 5.9658006503333416 1.3373972319100036 -1.8327800288832561 0.25273754902909235 1.1574557450490752
decision_type=2 2 2 2 2 2 2 2 2 2 2 2 2
left_child=3 9 12 7 6 -6 -5 8 -1 -2 -4 -11 -3
right_child=1 2 10 4 5 -7 -8 -9 -10 11 -12 -13 -14
leaf_value=-0.0011110572950802035 0.02641874847485657 0.015890172955002838 -0.011598462144645473 -0.015418978281811262 -0.01639902844029548 0.00046527292756537897 0.044180673170341259 -0.042919107782404653 0.01501886127065071 -0.022386476082265155 0.029188709770510461 0.0058130332772238051 -0.015967558752393991
leaf_weight=142.56520202755928 11.663214474916456 15.732894808053969 7.9897270500659934 6.3712264001369503 171.43350371718407 102.6187618970871 13.282405838370321 6.2432482987642279 69.109039098024368 29.428923428058624 68.562680795788765 27.017936378717422 19.993217810988426
leaf_count=665 50 67 34 30 819 481 60 30 315 135 284 118 86
internal_value=-2.55863e-05 0.00912318 0.016382 -0.00325126 -0.00774588 -0.0100842 0.0248599 0.0028065 0.00415516 -0.00284284 0.0249318 -0.00888896 -0.0019382
internal_weight=692.012 180.389 112.279 511.623 293.706 274.052 19.6536 217.917 211.674 68.1101 76.5524 56.4469 35.7261
internal_count=3174 774 471 2400 1390 1300 90 1010 980 303 318 253 153
is_linear=0
shrinkage=0.03


Tree=25
num_leaves=15
num_cat=0
split_feature=83 114 109 28 62 23 25 134 142 36 62 25 112 138
split_gain=21.8827 17.4134 23.151 20.5648 19.3141 14.9224 24.3543 18.1576 13.5056 14.6355 17.0947 12.6329 15.5892 6.71108
threshold=3.6090955035081866 9.5000000000000018 0.17083850798715278 1.9788591015515109 0.43745397643593525 -0.34184662241286079 -1.6946974518060316 7900.0000000000009 2.4219536895747562 76.966666666666654 0.45109995217599241 -0.76123133695643364 4.1966018030211467 13993.500000000002
decision_type=2 2 2 2 2 2 2 2 2 2 2 2 2 2
left_child=8 5 4 -4 -3 6 -2 -7 9 -1 -11 12 -10 -13
right_child=1 2 3 -5 -6 7 -8 -9 11 10 -12 13 -14 -15
leaf_value=0.043391295254943694 0.0081649693961588533 0.020456910587091162 0.041946474953262557 -0.015430538115270582 -0.024743086071886154 0.038497854096303991 -0.0077936902409684291 -0.0016076607305473337 0.0021289665149105573 0.022329421860854005 -0.019702213786229585 -0.024489784528661313 -0.021982741449721357 0.0077989628807620288
leaf_weight=8.2206504344940168 152.58470220863819 17.744956731796265 33.63772802054882 6.7501745820045462 16.345472738146782 20.242722854018211 197.41702300310135 20.397713184356689 79.809461861848831 15.652032315731047 19.631411850452423 61.897311508655548 34.593354403972626 6.3916218131780616
leaf_count=38 689 76 144 30 75 88 898 92 382 72 95 298 167 30
internal_value=-2.6008e-05 0.00369613 0.0169901 0.0323568 -0.00121531 0.00116155 -0.000836446 0.0183686 -0.00767974 0.00734237 -0.00105663 -0.0112569 -0.00516198 -0.0214677
internal_weight=691.316 465.12 74.4783 40.3879 34.0904 390.642 350.002 40.6404 226.196 43.5041 35.2834 182.692 114.403 68.2889
internal_count=3174 2092 325 174 151 1767 1587 180 1082 205 167 877 549 328
is_linear=0
shrinkage=0.03


Tree=26
num_leaves=15
num_cat=0
split_feature=83 30 94 28 60 60 110 0 82 118 110 147 68 141
split_gain=20.6375 18.988 25.0415 23.9622 15.9812 16.5167 14.3375 13.2247 12.4617 17.0963 10.4873 12.1391 11.0274 7.2294
threshold=3.6090955035081866 1.7727850453913443 2.9605764408635991 1.557816637157861 0.54713546757319687 2.1896555766317713 3.8051191959463462 -0.013737264069651112 24.971499108053006 0.71558737046597942 1.9129850143013771 -0.29711244006000365 2.6151457238413767 1199.5000000000002
decision_type=2 2 2 2 2 2 2 2 2 2 2 2 2 2
left_child=7 4 3 -3 -2 -6 -4 10 9 -9 11 -1 -12 -10
right_child=1 2 6 -5 5 -7 -8 8 13 -11 12 -13 -14 -15
leaf_value=-0.021566361104168055 0.032598353077585525 -0.020884752669330403 0.049133280606561011 0.017234147602398019 -0.007952068049741072 0.0055479229891332868 0.017724867600586662 0.041803387865646448 0.0055282858379710987 -0.011313838119110546 -0.0098968020499950651 0.013770921627716728 -0.029254471226975505 -0.037733472037848631
leaf_weight=12.717767566442488 12.93407893180847 27.84726682305336 17.939179793000221 31.779474660754204 168.12707321345806 158.41852396726608 48.29578061401844 14.77688178420067 7.9089957028627378 8.6433316618204099 112.5179418027401 28.036508932709694 34.63925938308239 6.2030501216650009
leaf_count=61 54 125 76 140 772 716 209 67 37 42 544 131 170 30
internal_value=-2.66247e-05 0.00358258 0.0135351 -0.000568388 -0.000107324 -0.00140276 0.0262316 -0.00747643 0.00878165 0.0222002 -0.0107237 0.00274358 -0.0144534 -0.0134877
internal_weight=690.785 465.341 125.862 59.6267 339.48 326.546 66.235 225.444 37.5323 23.4202 187.911 40.7543 147.157 14.112
internal_count=3174 2092 550 265 1542 1488 285 1082 176 109 906 192 714 67
is_linear=0
shrinkage=0.03


Tree=27
num_leaves=15
num_cat=0
split_feature=83 118 123 48 86 102 53 106 68 110 145 10 87 7
split_gain=20.1802 16.0876 17.9578 14.8181 23.3033 21.6174 19.5003 16.5236 19.053 15.336 12.5282 12.1262 11.7973 9.19874
threshold=5.0938755265739983 0.55129396053795865 0.27913831345697609 1.0377040687240662 27336.000000000004 0.012978002406836326 0.81976363387674878 0.23368558648143781 1.6588867719107243 2.0208657702141704 1.3373972319100036 -0.34947993950086692 541.50000000000011 1.1574557450490752
decision_type=2 2 2 2 2 2 2 2 2 2 2 2 2 2
left_child=3 10 13 7 5 -5 -6 9 -9 -1 -2 -4 -12 -3
right_child=1 2 11 4 6 -7 -8 8 -10 -11 12 -13 -14 -15
leaf_value=0.0068279923410320461 0.025274097477743535 0.015066897453547013 0.044575765536545582 -0.027961185770361566 0.020278633927798131 0.0060006104518850658 -0.028823146972929956 -0.0081402142357460284 0.010546149744204796 -0.018420013494715885 0.0084136472263118822 0.016911325486637329 -0.019763887202277092 -0.01559835419938785
leaf_weight=26.242472991347313 11.731539368629454 15.791712418198584 18.919731333851814 28.775646641850471 74.79119536280632 40.762977585196495 8.0641640573739988 127.3008052110672 79.951034933328629 123.78458113968372 21.88169065117836 57.900615349411964 34.389131128787994 19.896177306771278
leaf_count=121 50 67 77 136 335 191 38 604 374 601 98 241 155 86
internal_value=-2.71118e-05 0.00859267 0.0155555 -0.00307998 0.00475235 -0.00805306 0.0154996 -0.00642078 -0.000931621 -0.0140037 -0.00292716 0.0237247 -0.00880666 -0.00202913
internal_weight=690.183 180.511 112.508 509.673 152.394 69.5386 82.8554 357.279 207.252 150.027 68.0024 76.8203 56.2708 35.6879
internal_count=3174 774 471 2400 700 327 373 1700 978 722 303 318 253 153
is_linear=0
shrinkage=0.03


Tree=28
num_leaves=15
num_cat=0
split_feature=83 52 142 50 142 47 106 149 138 40 109 61 86 23
split_gain=18.9916 14.601 19.5355 16.029 14.7712 15.7408 14.2915 14.2792 23.1409 20.9851 20.1625 17.3359 17.2565 16.8677
threshold=5.0938755265739983 2250.0000000000005 3.7996052615651421 510.00000000000006 2.3933315780131323 10.500000000000002 0.25375485656679031 12.500000000000002 5746.5000000000009 3.5000000000000004 0.27545777980827363 0.23946900135240945 46141.000000000007 -0.85047817930104685
decision_type=2 2 2 2 2 2 2 2 2 2 2 2 2 2
left_child=7 4 3 -3 5 -2 -4 10 11 -10 13 -9 -12 -1
right_child=1 2 6 -5 -6 -7 -8 8 9 -11 12 -13 -14 -15
leaf_value=0.0028094039719840469 -0.012270513867286956 0.019658313199663349 0.0067695028424499511 -0.011484275671537758 -0.010355354950257302 0.045179015788181349 0.040292442418278063 0.018070136460307591 -0.0040751769805801733 0.025905088569562827 -0.017782647219875821 -0.016912267262828417 0.010182386867368592 0.025909845621368756
leaf_weight=86.830835357308388 7.3353125751018551 28.632410854101181 17.415730148553848 30.955703586339951 52.500536367297173 10.347213312983511 33.38765986263752 13.835215419530867 87.485973060131073 27.65508833527565 58.108123570680618 162.44758172333241 30.170638397336006 42.310787051916122
leaf_count=402 32 119 73 136 234 43 137 64 414 125 278 787 138 192
internal_value=-2.76028e-05 0.00833082 0.0151328 0.00347991 -0.00236799 0.021347 0.0288006 -0.00299377 -0.00733456 0.00312562 0.00282449 -0.0141667 -0.00822516 0.0103778
internal_weight=689.419 180.575 110.392 59.5881 70.1831 17.6825 50.8034 508.844 291.424 115.141 217.42 176.283 88.2788 129.142
internal_count=3174 774 465 255 309 75 210 2400 1390 539 1010 851 416 594
is_linear=0
shrinkage=0.03


Tree=29
num_leaves=14
num_cat=0
split_feature=83 30 94 28 60 60 110 0 54 36 110 70 30
split_gain=18.1404 16.9865 22.6506 22.2112 14.6568 15.1877 13.2975 12.3769 11.7357 14.3985 12.5141 11.6963 12.6321
threshold=3.6090955035081866 1.7727850453913443 2.9605764408635991 1.557816637157861 0.54713546757319687 2.1896555766317713 3.8051191959463462 -0.013737264069651112 0.044778128977257518 149.57500000000002 1.9129850143013771 1.9042327343342806 1.251974506651589
decision_type=2 2 2 2 2 2 2 2 2 2 2 2 2
left_child=7 4 3 -3 -2 -6 -4 8 9 -1 -10 -9 -13
right_child=1 2 6 -5 5 -7 -8 11 10 -11 -12 12 -14
leaf_value=0.034401922686306881 0.031114391582795345 -0.020404441683467792 0.046702091632603242 0.016340493909585557 -0.007698307609253832 0.005263392817840014 0.016575134814870492 -0.023571860352888708 0.0034397439046304186 -0.009873324165030662 -0.017577056908994665 -0.0083917873393686213 0.03231970108064177
leaf_weight=11.031033009290697 12.978084921836851 27.610359907150269 18.106537207961082 31.923658341169357 167.32694324851036 158.35908500850201 48.517725646495819 7.9703140109777442 31.917600587010384 16.496098399162292 126.77602227032185 10.834828183054926 18.69452291727066
leaf_count=51 54 125 76 140 772 716 209 39 151 80 624 51 86
internal_value=-2.80135e-05 0.00335021 0.0127465 -0.00070087 -0.000150069 -0.00139591 0.0247628 -0.00704692 -0.0102134 0.00786923 -0.01335 0.00867748 0.017382
internal_weight=688.543 464.822 126.158 59.534 338.664 325.686 66.6243 223.72 186.221 27.5271 158.694 37.4997 29.5294
internal_count=3174 2092 550 265 1542 1488 285 1082 906 131 775 176 137
is_linear=0
shrinkage=0.03


Tree=30
num_leaves=15
num_cat=0
split_feature=0 54 64 36 108 65 106 107 23 118 149 107 134 27
split_gain=17.0077 18.6588 17.481 18.3081 24.5844 20.8937 18.158 16.8581 14.5023 14.6593 14.2149 23.3642 17.0503 11.6105
threshold=-0.055423690964401646 0.044778128977257518 0.47532227164983609 313.33333333333343 0.037606083165813022 1.8381850707432104 0.07682792120457467 0.057358347263266107 -2.2116588792876377 0.5784118351579105 10.500000000000002 0.23967586239370417 3678.5000000000005 1.6945296967823154
decision_type=2 2 2 2 2 2 2 2 2 2 2 2 2 2
left_child=1 8 6 4 -4 -5 -2 -8 13 -10 12 -12 -3 -1
right_child=2 10 3 5 -6 -7 7 -9 9 -11 11 -13 -14 -15
leaf_value=-0.025189201619979187 -0.0087779483326755666 0.025430994541019884 0.029512698631767958 -0.031891453013607331 -0.0011233272675843858 0.0014749016810712511 -0.0056994235155048206 0.022936902152762624 0.046515520415521559 0.0018444380554875988 -0.0037570048451005633 -0.026298465221689122 -0.005314932358473563 0.023129253557212598
leaf_weight=12.111708968877794 29.574142888188362 20.134525626897812 29.18273101747036 31.450408458709717 122.66333240270615 36.484167486429214 22.866621315479279 96.930343940854073 14.99121141433716 11.828027218580244 96.131183788180351 72.665770500898361 83.773170217871666 7.0992165505886069
leaf_count=59 133 91 128 150 557 164 102 427 68 56 459 354 393 33
internal_value=-2.8318e-05 -0.00510492 0.00435495 -0.00102702 0.0047645 -0.0139721 0.0122738 0.0174709 0.0125625 0.0268143 -0.00808703 -0.0134609 0.000642804 -0.00733357
internal_weight=687.887 318.735 369.152 219.781 151.846 67.9346 149.371 119.797 46.0302 26.8192 272.705 168.797 103.908 19.2109
internal_count=3174 1513 1661 999 685 314 662 529 216 124 1297 813 484 92
is_linear=0
shrinkage=0.03


Tree=31
num_leaves=15
num_cat=0
split_feature=83 118 123 111 102 1 48 149 88 15 109 55 48 36
split_gain=16.9807 14.7311 16.4306 13.8331 16.8284 19.5549 14.6053 11.9166 16.567 11.5175 8.96599 8.45864 7.80606 6.50634
threshold=5.0938755265739983 0.55129396053795865 0.27913831345697609 3.9346346999147381 0.0067241517378501736 68.400222191362317 1.0377040687240662 10.500000000000002 870.50000000000011 -1.8327800288832561 0.22294034453790471 0.28859086124041294 0.97261078509323695 232.37500000000003
decision_type=2 2 2 2 2 2 2 2 2 2 2 2 2 2
left_child=3 7 10 4 6 -6 -1 13 -9 -4 -3 -5 -13 -2
right_child=1 2 9 11 5 -7 -8 8 -10 -11 -12 12 -14 -15
leaf_value=-0.00074621775908915381 -0.043906523532685024 -0.01460457361696103 -0.011763943902331422 -0.028461146108671325 0.0091638104071248769 -0.011130402302723549 0.015800092356225745 0.012441433601106118 -0.028820030575239904 0.026277640471272755 0.016099451432129045 0.024100055010892959 -0.018930235023068457 -0.0048741121314631528
leaf_weight=142.15115517377853 8.5005971491336805 21.375223338603973 7.9929559230804434 28.829200029373169 54.89632049202919 192.84393663704395 72.49898336827755 41.228446930646896 11.119985312223433 68.964502766728401 14.276398420333861 6.4916108250617972 9.1314508318901044 7.0155840516090384
leaf_count=668 40 93 34 135 257 943 325 181 51 284 60 30 42 31
internal_value=-2.90732e-05 0.00787316 0.0145269 -0.00284286 -0.00130616 -0.00663344 0.00484237 -0.00316754 0.00367657 0.0223266 -0.0023094 -0.0188275 -0.00105052 -0.0262582
internal_weight=687.316 180.474 112.609 506.843 462.39 247.74 214.65 67.8646 52.3484 76.9575 35.6516 44.4523 15.6231 15.5162
internal_count=3174 774 471 2400 2193 1200 993 303 232 318 153 207 72 71
is_linear=0
shrinkage=0.03


Tree=32
num_leaves=15
num_cat=0
split_feature=83 30 64 146 36 58 144 68 68 144 25 142 84 1
split_gain=16.4756 15.5816 19.9916 20.4629 15.8197 17.5334 14.9235 11.8958 14.7791 18.2205 10.7143 9.92143 7.50158 7.26018
threshold=3.6090955035081866 1.708116597074864 0.50256728507969706 22.644080843011942 378.45000000000005 6.7965253631545979 5.1409808345873342 2.6151457238413767 1.4569842738205367 4.2412033863886913 -0.70300926173473643 2.4885272205675681 1.3678710465283428 88.529370920705475
decision_type=2 2 2 2 2 2 2 2 2 2 2 2 2 2
left_child=7 4 3 -3 5 -2 -4 8 10 -10 -1 -9 -6 -13
right_child=1 2 6 -5 12 -7 -8 11 9 -11 -12 13 -14 -15
leaf_value=-0.0024353072206790729 -0.00091620878777412844 0.0011248498311393828 -0.029628730278904093 0.030740617202902425 -0.03672325356060728 0.023371935000210047 0.006744058583449385 0.012862573022135382 0.020054885925278879 -0.017214420768494391 -0.021312611511751779 -0.03433806096872382 -0.0031531410476728036 -0.0068646145951616905
leaf_weight=75.10024805366993 269.65819220244884 33.078246399760246 14.309839427471159 57.491930082440376 15.038096502423288 29.695586651563644 34.942141264677048 7.0137175917625418 40.985590249300003 16.582488760352135 42.302168264985085 27.829393342137337 9.9578885585069639 12.565768972039221
leaf_count=364 1234 146 67 246 70 133 152 34 195 81 207 139 44 62
internal_value=-2.92214e-05 0.0031875 0.0115591 0.0199243 -0.000421355 0.00149315 -0.00382382 -0.00674348 -0.00313172 0.00931946 -0.00923713 -0.0200733 -0.0233496 -0.0257919
internal_weight=686.551 464.172 139.822 90.5702 324.35 299.354 49.252 222.379 174.97 57.5681 117.402 47.4089 24.996 40.3952
internal_count=3174 2092 611 392 1481 1367 219 1082 847 276 571 235 114 201
is_linear=0
shrinkage=0.03


Tree=33
num_leaves=11
num_cat=0
split_feature=100 60 1 53 4 149 30 36 45 148
split_gain=15.8784 14.8586 14.7772 18.8164 16.2455 14.5092 26.9412 25.2346 13.7208 9.49379
threshold=0.83911996467481187 0.54713546757319687 69.538952923205116 0.032886648916941555 35.909844922157824 12.500000000000002 0.92632457388300138 253.53333333333339 0.45553359683794475 42.500000000000007
decision_type=2 2 2 2 2 2 2 2 2 2
left_child=1 -1 3 -2 -5 7 -7 -3 -4 -10
right_child=2 5 8 4 -6 6 -8 -9 9 -11
leaf_value=0.033109941477744251 -0.038583427063814943 0.016293566240891132 0.018970498490801818 0.044832733845001346 0.003238558455772395 -0.019095063218175615 0.0028191341880231873 -0.0062150855650455984 -0.017870606761648349 0.0044369907602462757
leaf_weight=14.217196822166441 7.048948571085929 125.41797716915607 11.913187637925146 11.498998761177061 31.882966607809067 66.389604791998863 210.82885482907295 69.761001527309418 116.9380357414484 20.125289976596832
leaf_count=59 34 565 53 52 147 317 971 314 567 95
internal_value=-2.9646e-05 0.00289204 -0.00715944 0.00687701 0.0142637 0.0019826 -0.00242898 0.00824851 -0.011911 -0.0145951
internal_weight=686.022 486.615 199.407 50.4309 43.382 472.397 277.218 195.179 148.977 137.063
internal_count=3174 2226 948 233 199 2167 1288 879 715 662
is_linear=0
shrinkage=0.03


Tree=34
num_leaves=15
num_cat=0
split_feature=83 114 109 28 62 110 146 146 39 106 107 49 25 2
split_gain=15.3389 13.8119 19.8441 18.0222 16.5025 14.0683 19.0259 17.4473 11.1911 10.3327 9.91322 14.4735 10.6635 4.94651
threshold=3.6090955035081866 9.5000000000000018 0.17083850798715278 1.9788591015515109 0.43745397643593525 4.1529503227335356 50.85506080954567 9.2042924416015737 2.3635728848476716 0.060295098013995296 0.98135176216314923 37800.000000000007 -0.70300926173473643 92.818283516181594
decision_type=2 2 2 2 2 2 2 2 2 2 2 2 2 2
left_child=8 5 4 -4 -3 7 -7 -2 10 -10 12 -12 -1 -11
right_child=1 2 3 -5 -6 6 -8 -9 9 13 11 -13 -14 -15
leaf_value=-0.00032589601930262113 -0.023333835697414457 0.017784414208275822 0.037891535070458067 -0.015736779914804884 -0.024089631508427464 -0.014070299059827757 0.035834473873035927 0.0057868640838326145 0.010030360180393497 -0.033928573950186634 -0.011183662004950863 0.050072812178233228 -0.016745128150835314 -0.0038790139535085318
leaf_weight=115.87088733911514 19.818418979644775 17.883177399635315 34.000335901975632 6.7612822353839865 16.092671036720276 80.046365991234779 7.5215364247560492 281.95900014042854 7.8605268746614447 26.360018104314804 6.6118637472391111 7.3089165389537811 51.386286288499832 6.0644618719816199
leaf_count=563 93 76 144 30 75 372 32 1270 38 132 32 34 253 30
internal_value=-2.98515e-05 0.00307008 0.0148828 0.028996 -0.00204924 0.000802559 -0.00978379 0.00387444 -0.00652586 -0.0208276 -0.00334587 0.0209782 -0.00537036 -0.0283083
internal_weight=685.546 464.083 74.7375 40.7616 33.9758 389.345 87.5679 301.777 221.463 40.285 181.178 13.9208 167.257 32.4245
internal_count=3174 2092 325 174 151 1767 404 1363 1082 200 882 66 816 162
is_linear=0
shrinkage=0.03


Tree=35
num_leaves=9
num_cat=0
split_feature=66 36 2 62 3 103 89 21
split_gain=14.8306 12.7672 13.7963 21.6912 12.6429 11.6291 5.71122 4.91279
threshold=3.4330845771144283 390.02500000000003 98.537093491496421 0.56006329113924058 0.77585702568604409 0.54736257343115902 1965.5000000000002 9.35118265772463
decision_type=2 2 2 2 2 2 2 2
left_child=1 2 4 -4 -1 -2 -3 -7
right_child=5 6 3 -5 -6 7 -8 -9
leaf_value=0.014908026093144414 -0.00051671684661460987 -0.040737703631438422 -0.014298438158259628 0.037692725235225759 -0.0024766792342027634 0.050752535271397302 -0.0050761015142758974 0.018847371044004
leaf_weight=40.337325751781464 13.739663884043695 10.270835265517237 11.25224941968918 20.164558798074722 564.93110570311546 9.6163782924413699 6.6642560660839072 7.9217389523982993
leaf_count=184 58 49 51 84 2646 39 30 33
internal_value=-3.00984e-05 -0.000995799 -0.000311984 0.0190716 -0.0013181 0.0201504 -0.0267042 0.0363414
internal_weight=684.898 653.62 636.685 31.4168 605.268 31.2778 16.9351 17.5381
internal_count=3174 3044 2965 135 2830 130 79 72
is_linear=0
shrinkage=0.03


Tree=36
num_leaves=13
num_cat=0
split_feature=100 70 59 60 55 137 149 64 142 9 48 21
split_gain=14.5845 14.4767 14.5648 13.7615 14.4257 16.1187 13.8712 13.0068 12.1584 10.3238 14.0972 8.34509
threshold=0.83911996467481187 2.9214033277483114 2.1458594527298689 0.54713546757319687 0.023523291402793498 7050.5000000000009 12.500000000000002 0.69579718527086964 2.4219536895747562 1.4253325766231812 0.98802221205238172 9.0109068570845157
decision_type=2 2 2 2 2 2 2 2 2 2 2 2
left_child=3 2 8 -1 5 -5 -6 -4 -2 10 -3 -11
right_child=1 9 7 4 6 -7 -8 -9 -10 11 -12 -13
leaf_value=0.031820735586474934 0.01814051597977762 -0.020146181775182279 0.020661891790817954 -0.019251541263435923 0.010437987128325657 0.021531847016506435 -0.00073424873277791805 -0.017558373211005684 -0.018871553014952042 -0.026807738926657353 0.01666748104603407 0.0013907496222904771
leaf_weight=14.242997154593466 10.286230549216269 19.129136949777603 39.260561466217041 48.679660677909851 170.36973769962788 10.625537529587744 242.210723772645 10.068754523992537 35.74930739402771 54.014626085758209 18.334772244095802 11.447182282805441
leaf_count=59 47 95 178 229 764 48 1126 48 176 266 87 51
internal_value=-2.94988e-05 -0.00688644 0.00153473 0.00276743 0.00189051 -0.0119445 0.00387918 0.0128606 -0.0106015 -0.014689 -0.00212964 -0.0218767
internal_weight=684.419 198.291 95.3649 486.129 471.886 59.3052 412.58 49.3293 46.0355 102.926 37.4639 65.4618
internal_count=3174 948 449 2226 2167 277 1890 226 223 499 182 317
is_linear=0
shrinkage=0.03


Tree=37
num_leaves=15
num_cat=0
split_feature=106 102 110 150 107 149 4 100 3 150 0 53 24 135
split_gain=14.1688 19.981 22.4942 15.7399 18.5369 23.2134 15.3145 16.5997 14.102 13.6959 13.0135 9.58466 14.9545 5.74635
threshold=0.21472970413901296 0.014899571392596079 1.5832697498832422 0.98384925858749928 0.057358347263266107 6.5000000000000009 56.758645240641862 0.75713140460628636 0.86564378805132358 0.83570384294068523 -0.017686609088010025 0.18098327417949467 -0.83389912826613044 518.50000000000011
decision_type=2 2 2 2 2 2 2 2 2 2 2 2 2 2
left_child=1 2 10 6 -5 -6 7 -2 -4 -8 -1 13 -13 -3
right_child=3 11 8 4 5 -7 9 -9 -10 -11 -12 12 -14 -15
leaf_value=0.0039522700720532487 0.0090634676983342363 -0.019685514790670312 -0.023622362491884232 -0.023034305106931281 0.048943547861752867 0.0085367437582608233 0.01173203836374798 -0.0044742062889423367 0.00011025137955042306 -0.034763209976017756 0.053277550967283184 -0.019291678101198185 0.021252993131462682 -0.043995187502664311
leaf_weight=8.9521766006946581 174.63855196535587 21.802866458892822 26.794397473335266 8.8735840767621976 20.497986823320389 34.054562404751778 8.1651581972837466 152.879722610116 141.70444214344025 18.899939596652985 10.413715720176695 30.383129149675369 11.207584396004675 14.619420453906057
leaf_count=40 797 104 128 39 85 150 37 728 667 89 43 147 50 70
internal_value=-2.96943e-05 -0.00544407 -0.000144387 0.00341416 0.0171784 0.0237195 0.000952066 0.00274432 -0.00366367 -0.0207362 0.0304762 -0.0182063 -0.00836597 -0.0294431
internal_weight=683.887 265.878 187.865 418.01 63.4261 54.5525 354.583 327.518 168.499 27.0651 19.3659 78.013 41.5907 36.4223
internal_count=3174 1249 878 1925 274 235 1651 1525 795 126 83 371 197 174
is_linear=0
shrinkage=0.03


Tree=38
num_leaves=15
num_cat=0
split_feature=83 135 76 55 99 58 149 68 72 117 75 142 3 58
split_gain=13.7387 13.1291 17.1969 15.9633 15.2938 13.3392 13.1891 10.9279 14.0087 18.871 12.5443 9.39224 7.71862 7.46503
threshold=3.6090955035081866 544.50000000000011 0.24509803921568632 0.24654975724076403 0.76817723536821314 8.1517376617768758 12.500000000000002 2.6151457238413767 2.4404187554821726 15.500000000000002 0.53639661397580241 2.4885272205675681 1.4042587803072355 2.5684312361134949
decision_type=2 2 2 2 2 2 2 2 2 2 2 2 2 2
left_child=7 2 3 -2 6 -4 -3 8 10 -10 -1 -9 -13 -6
right_child=1 4 5 -5 13 -7 -8 11 9 -11 -12 12 -14 -15
leaf_value=0.022000892729928483 0.0045845663071659611 0.004594800041185532 -0.0054010482678010976 0.023513853901311076 0.0049553821900611634 0.035557438503900148 -0.011741375659436025 0.012894886816250313 -0.010526606682216048 0.043614744925192198 -0.011155111451430206 -0.033592117618606677 -0.0047028309751024917 0.048452524246067816
leaf_weight=31.708347573876381 86.014951437711716 74.155700206756592 94.782151445746422 75.105772837996483 6.9774922728538495 7.740682825446128 111.14442104101181 6.9953664094209662 120.71872837841511 6.0861231088638297 15.189603567123411 27.436338946223259 11.948423013091086 7.2310930490493774
leaf_count=149 388 327 447 327 30 35 508 34 596 28 74 141 60 30
internal_value=-2.9871e-05 0.00290264 0.00729653 0.0134084 -0.00290372 -0.0023086 -0.00520376 -0.00620119 -0.0027469 -0.00792804 0.0112621 -0.0191382 -0.0248278 0.0270921
internal_weight=683.235 463.152 263.644 161.121 199.509 102.523 185.3 220.083 173.703 126.805 46.898 46.3801 39.3848 14.2086
internal_count=3174 2092 1197 715 895 482 835 1082 847 624 223 235 201 60
is_linear=0
shrinkage=0.03


Tree=39
num_leaves=10
num_cat=0
split_feature=66 88 101 125 57 115 94 62 144
split_gain=13.5691 12.2498 12.7305 13.1431 12.7945 10.8116 5.72066 5.18893 1.44135
threshold=3.4330845771144283 1012.5000000000001 2.380821525559464 0.32332494112132903 4.2042892752082599 8.5000000000000018 4.2847871051066315 0.52101616010273977 7.5825435726888371
decision_type=2 2 2 2 2 2 2 2 2
left_child=1 2 3 -1 -4 6 -2 8 -3
right_child=5 7 4 -5 -6 -7 -8 -9 -10
leaf_value=-0.0024957661432423932 0.020435187048769968 -0.023874234961530107 0.026677292214463782 0.014440806414114434 -0.016330195604340757 -0.0021012371652007794 0.05451808417188523 -0.0058386542059611461 -0.043683254727231481
leaf_weight=547.64210520684719 11.243068963289266 6.1064054816961306 28.066613927483559 44.595260187983513 8.0000502169132215 12.641418188810347 7.3163668215274802 9.8032066822051984 7.2082657814025879
leaf_count=2579 47 30 124 194 37 53 30 46 34
internal_value=-3.00812e-05 -0.000955755 -0.000166633 -0.00122045 0.0171377 0.0192965 0.0338711 -0.0224027 -0.0345984
internal_weight=682.623 651.422 628.304 592.237 36.0667 31.2009 18.5594 23.1179 13.3147
internal_count=3174 3044 2934 2773 161 130 77 110 64
is_linear=0
shrinkage=0.03


Tree=40
num_leaves=15
num_cat=0
split_feature=106 102 57 110 15 57 2 109 102 50 24 30 0 72
split_gain=13.2447 19.1702 21.4165 20.7679 19.0334 23.5274 26.4676 22.5736 14.5879 20.362 14.2369 13.0548 12.0007 7.84084
threshold=0.21472970413901296 0.014899571392596079 1.0659143653768857 1.5832697498832422 -0.9857669609597991 2.7799987917023228 78.255328580399706 0.13707407398193061 0.013315154338859407 870.00000000000011 -5.9784046871644128 1.1464134275814952 -0.017686609088010025 6.8491855615170119
decision_type=2 2 2 2 2 2 2 2 2 2 2 2 2 2
left_child=1 3 -3 12 8 6 -6 -7 10 -10 -2 -5 -1 -4
right_child=4 2 13 11 5 7 -8 -9 9 -11 -12 -13 -14 -15
leaf_value=0.0037996585452218538 0.027397158047622393 0.033072729380022252 -0.027427510475564403 -0.01404539064520618 0.020311199976980943 0.00061541761269244349 -0.0059921114569123383 0.028421817602349662 0.030814997760056959 -0.020686456892977611 -0.015777743706474216 0.0031396164918805337 0.051104617933239352 -0.0014232842054682034
leaf_weight=8.9609952270984667 7.4661920070648184 6.7832352221012107 57.845186129212379 64.761161535978317 46.280679151415825 41.563111409544945 134.4583904594183 71.437819823622704 18.69225245714188 10.960414364933966 86.631219163537025 103.15468181669712 10.460982903838156 12.732641637325285
leaf_count=40 34 30 281 312 208 191 626 319 87 52 408 483 43 60
internal_value=-2.95127e-05 -0.00527924 -0.0178427 -9.11531e-05 0.00329894 0.00745659 0.000743207 0.0181943 -0.00656988 0.0117787 -0.012352 -0.00348823 0.0292789 -0.0227362
internal_weight=682.189 264.699 77.3611 187.338 417.49 293.74 180.739 113.001 123.75 29.6527 94.0974 167.916 19.422 70.5778
internal_count=3174 1249 371 878 1925 1344 834 510 581 139 442 795 83 341
is_linear=0
shrinkage=0.03


Tree=41
num_leaves=8
num_cat=0
split_feature=36 46 59 54 60 54 105
split_gain=13.2491 14.9377 17.2414 15.8811 19.8264 18.5387 4.59168
threshold=390.02500000000003 25.641025641025646 2.3240954473703428 0.79405427701774534 0.97200137281388455 0.63577239110127859 0.074466553491949611
decision_type=2 2 2 2 2 2 2
left_child=1 2 -1 5 -5 -3 -2
right_child=6 3 -4 4 -6 -7 -8
leaf_value=0.051746415152301779 -0.0050851906503437258 -7.2665370679420531e-05 -0.001262219614110533 0.022463159434210789 -0.017117974928189207 0.01819763906370379 -0.036561118843731415
leaf_weight=10.91046090424061 6.491519138216975 491.38407848775387 11.182197585701941 13.254236742854117 80.960702300071716 55.64418426156044 11.669402375817297
leaf_count=45 29 2303 49 57 383 252 56
internal_value=-3.0021e-05 0.000662105 0.0249161 -0.000173515 -0.0115497 0.00178581 -0.0253102
internal_weight=681.497 663.336 22.0927 641.243 94.2149 547.028 18.1609
internal_count=3174 3089 94 2995 440 2555 85
is_linear=0
shrinkage=0.03


Tree=42
num_leaves=10
num_cat=0
split_feature=52 83 30 26 36 68 117 142 84
split_gain=12.6072 13.1878 13.9695 21.0309 13.3907 10.9307 13.4469 8.95841 2.47743
threshold=13050.000000000002 3.6090955035081866 1.7727850453913443 -0.53323470032488929 326.70000000000005 2.6151457238413767 15.500000000000002 2.4885272205675681 0.80153440417544319
decision_type=2 2 2 2 2 2 2 2 2
left_child=1 5 4 -4 -3 6 -1 -7 -2
right_child=8 2 3 -5 -6 7 -8 -9 -10
leaf_value=-0.0037263112441738 -0.016377644043020497 0.0033663600000081138 0.0066508615532596153 0.040508568359072079 -0.011323885715683102 0.012600140821987609 0.041340798525563591 -0.024245645699265916 -0.043419923071363629
leaf_weight=163.11194126307964 5.9450889825820905 258.49540470540524 104.48431323468685 19.610408052802086 71.235216364264488 7.0129703134298316 6.1845325976610175 38.772202834486961 6.2589976638555527
leaf_count=799 30 1181 457 83 331 34 28 201 30
internal_value=-2.95508e-05 0.000521753 0.00342165 0.0120013 0.00019267 -0.00559706 -0.00207997 -0.0186019 -0.0302466
internal_weight=681.111 668.907 453.825 124.095 329.731 215.082 169.296 45.7852 12.2041
internal_count=3174 3114 2052 540 1512 1062 827 235 60
is_linear=0
shrinkage=0.03


Tree=43
num_leaves=11
num_cat=0
split_feature=98 53 42 83 48 36 83 58 46 32
split_gain=12.6309 14.4006 20.4857 15.0812 16.2765 14.7903 14.0685 10.6348 10.4052 7.55723
threshold=0.033054948297487334 0.029505711450999318 1.3307728974927251 4.6889040001835314 1.0382907475476915 379.44166666666672 3.4579561203556031 2.7164602490992587 53.441558441558449 1.0000000180025095e-35
decision_type=2 2 2 2 2 2 2 2 2 2
left_child=7 2 6 4 -3 -5 -2 8 -1 -4
right_child=1 3 9 5 -6 -7 -8 -9 -10 -11
leaf_value=0.05610022938411089 -0.032609888702824386 -0.0069713439509506607 -0.0027141715089958524 0.01010215775870062 0.0064832427027499842 -0.014882493814271402 0.017281055253040273 -0.0089362960465370223 0.011740905607590535 -0.036175721873883543
leaf_weight=8.8170184791088158 6.7245104163885143 267.8306515365839 7.6984586268663397 181.34178531169891 115.95595878362656 24.165933221578598 20.887034088373184 8.0496981143951398 10.340548798441885 28.797192648053169
leaf_count=37 34 1320 36 783 540 107 94 37 47 139
internal_value=-2.93194e-05 -0.000863274 -0.0143664 0.000605682 -0.00290622 0.00716418 0.00513062 0.0199987 0.0321567 -0.0291173
internal_weight=680.609 653.402 64.1072 589.294 383.787 205.508 27.6115 27.2073 19.1576 36.4957
internal_count=3174 3053 303 2750 1860 890 128 121 84 175
is_linear=0
shrinkage=0.03


Tree=44
num_leaves=15
num_cat=0
split_feature=106 102 57 110 15 57 2 106 102 50 66 81 0 72
split_gain=12.2999 17.9615 19.8059 18.756 17.6384 21.6434 24.5042 21.541 13.5343 19.1867 13.3152 12.7407 11.1921 7.42822
threshold=0.21472970413901296 0.014899571392596079 1.0659143653768857 1.5832697498832422 -0.9857669609597991 2.7799987917023228 78.255328580399706 0.26084470762930662 0.013315154338859407 870.00000000000011 0.69181496907736983 0.075316556011094729 -0.017686609088010025 6.8491855615170119
decision_type=2 2 2 2 2 2 2 2 2 2 2 2 2 2
left_child=1 3 -3 12 8 6 -6 -7 10 -10 -2 -5 -1 -4
right_child=4 2 13 11 5 7 -8 -9 9 -11 -12 -13 -14 -15
leaf_value=0.0032564385022832011 0.017378386219578074 0.03140745110828496 -0.026755315962423615 0.004330662770741801 0.019500213853379664 0.04612770721483244 -0.0057870731187326828 0.011483729062154531 0.029604531249698123 -0.020452293611921891 -0.016328349822335171 -0.012278571160453857 0.048921844843360263 -0.0013944631468518556
leaf_weight=8.9842207282781619 12.119157269597052 6.8291639238595954 56.962834820151329 90.112700700759888 46.445631459355354 19.518795967102051 133.96933577954769 93.672336608171463 18.834829598665241 10.868080347776411 81.34534764289856 77.154723480343819 10.44730071723461 12.714498817920683
leaf_count=40 56 30 281 430 208 86 626 424 87 52 386 365 43 60
internal_value=-2.9231e-05 -0.00510645 -0.0173489 -8.96859e-05 0.00317719 0.00717449 0.00072283 0.0174578 -0.00635156 0.0112891 -0.0119577 -0.00333061 0.0278083 -0.0221275
internal_weight=679.979 263.205 76.5065 186.699 416.774 293.606 180.415 113.191 123.167 29.7029 93.4645 167.267 19.4315 69.6773
internal_count=3174 1249 371 878 1925 1344 834 510 581 139 442 795 83 341
is_linear=0
shrinkage=0.03


Tree=45
num_leaves=15
num_cat=0
split_feature=100 70 2 54 36 64 147 36 106 24 10 2 9 48
split_gain=12.1848 13.15 13.2237 20.8383 12.9345 20.2936 20.8516 15.1318 18.1482 13.8871 13.7962 12.6132 10.1785 12.7221
threshold=0.83911996467481187 2.9214033277483114 75.382578959502055 0.44000910905117679 314.30833333333339 0.45727098014093531 13.478343395612933 294.60833333333335 0.40168071086478413 -1.2308314384945871 -6.392479352386375 71.126215029515507 1.4253325766231812 0.98802221205238172
decision_type=2 2 2 2 2 2 2 2 2 2 2 2 2 2
left_child=4 2 11 -4 7 6 -6 10 -9 -7 -1 -2 13 -3
right_child=1 12 3 -5 5 9 -8 8 -10 -11 -12 -13 -14 -15
leaf_value=-0.036378696350442365 0.0023337465190440953 -0.018822718906777225 0.006416568323045985 -0.027809969649359952 0.024044382123773932 -0.0043810885628014331 -0.018968439163093535 0.0066218603287452136 0.051028301877699002 -0.03032912428518917 0.0043302570316439259 0.053675605027037089 -0.021093662703181679 0.016413058094233355
leaf_weight=7.6722517609596244 9.6269206106662768 18.562383994460106 54.498957693576813 22.668651103973389 30.686040654778481 43.494743138551712 15.152088060975073 20.883484348654747 13.727728009223936 32.383580803871155 319.65742601454258 7.7923279255628577 64.148940488696098 18.327946811914444
leaf_count=37 44 95 257 113 136 206 68 96 59 155 1469 35 317 87
internal_value=-2.96321e-05 -0.00634734 0.00169164 -0.00363777 0.00252571 -0.00593432 0.00982622 0.00537072 0.0242346 -0.0154553 0.00337608 0.025301 -0.013873 -0.00131679
internal_weight=679.283 195.626 94.5869 77.1676 483.657 121.716 45.8381 361.941 34.6112 75.8783 327.33 17.4192 101.039 36.8903
internal_count=3174 948 449 370 2226 565 204 1661 155 361 1506 79 499 182
is_linear=0
shrinkage=0.03


Tree=46
num_leaves=10
num_cat=0
split_feature=36 83 118 145 143 138 123 58 89
split_gain=11.8983 13.6777 14.352 13.4264 13.4044 13.6268 12.2359 5.13978 4.65243
threshold=390.02500000000003 5.0938755265739983 0.55129396053795865 1.3373972319100036 4.3966345890899747 6677.0000000000009 0.27913831345697609 1.6603530370032598 2101.5000000000005
decision_type=2 2 2 2 2 2 2 2 2
left_child=1 4 3 -3 5 -1 -4 -6 -2
right_child=8 2 6 -5 7 -7 -8 -9 -10
leaf_value=-0.0041377244156121313 -0.035683244330257359 0.027103203932935381 -0.0004824158374548587 -0.0093742976789627161 0.0026863235296737164 0.0069158533415344748 0.021814588978295898 -0.027213874168410195 -0.0037301506461303283
leaf_weight=314.51967830955982 11.428103625774385 10.953485935926436 32.06788632273674 53.133404687047005 6.5501161068677929 147.42564083635807 71.62506528198719 24.630968615412712 6.3964884877204886
leaf_count=1531 56 47 138 241 30 688 297 117 29
internal_value=-3.00475e-05 0.000622263 0.00802115 -0.0031397 -0.00189511 -0.000610076 0.0149191 -0.0209328 -0.0242166
internal_weight=678.731 660.906 167.78 64.0869 493.126 461.945 103.693 31.1811 17.8246
internal_count=3174 3089 723 288 2366 2219 435 147 85
is_linear=0
shrinkage=0.03


Tree=47
num_leaves=9
num_cat=0
split_feature=101 100 1 50 69 57 63 56
split_gain=11.7127 12.2354 12.5202 12.9111 12.3275 16.0077 13.4904 11.7484
threshold=3.4729857039443899 0.83911996467481187 73.593945285377046 1110.0000000000002 5.5167477899439072 2.7799987917023228 0.96808149405772503 1.3148492930370292
decision_type=2 2 2 2 2 2 2 2
left_child=1 4 3 -3 5 -1 -6 -4
right_child=-2 2 7 -5 6 -7 -8 -9
leaf_value=-0.00024136884843592178 0.034788988157341959 0.010524114037398117 -0.014996944440819835 -0.022759292539743944 -0.011021050254892287 0.012415387809650244 0.033843302631571488 0.018647947244949611
leaf_weight=242.71627272665501 8.5850442796945554 52.168393164873123 117.41894914209843 13.129301249980925 84.599649310112 142.87497280538082 6.4951437264680854 10.148053079843519
leaf_count=1121 36 244 585 64 397 651 29 47
internal_value=-2.96451e-05 -0.000476093 -0.00685181 0.00383187 0.00210349 0.0044484 -0.00782218 -0.0123205
internal_weight=678.136 669.551 192.865 65.2977 476.686 385.591 91.0948 127.567
internal_count=3174 3138 940 308 2198 1772 426 632
is_linear=0
shrinkage=0.03


Tree=48
num_leaves=11
num_cat=0
split_feature=98 53 42 83 48 83 36 28 78 79
split_gain=11.5596 13.3329 19.4394 13.2769 14.7612 13.2428 13.1829 10.233 8.39202 5.70623
threshold=0.033054948297487334 0.029505711450999318 1.3307728974927251 4.6889040001835314 1.0382907475476915 3.4579561203556031 379.44166666666672 1.7736485810737868 0.041698866563627 2.0036879596767556
decision_type=2 2 2 2 2 2 2 2 2 2
left_child=7 2 5 4 -3 -2 -5 9 -4 -1
right_child=1 3 8 6 -6 -7 -8 -9 -10 -11
leaf_value=0.011231456754074545 -0.032007809106370293 -0.0066203068366915219 -0.036956595986009151 0.0095030469142027077 0.0062005661464892663 0.016734243519340688 -0.014195098895913572 -0.0051240274995434133 -0.0036807933503139548 0.0466993788505266
leaf_weight=6.6239405721426072 6.5971535742282894 265.9565703868866 26.702624723315239 181.1314752548933 116.10503549873829 20.94037814438343 23.915884375572205 9.9357889145612699 9.1612576991319639 10.640121817588804
leaf_count=30 34 1320 130 783 540 94 107 45 45 46
internal_value=-2.93785e-05 -0.000830552 -0.0139003 0.000580838 -0.00272416 0.00505713 0.00673899 0.0191314 -0.0284565 0.0330909
internal_weight=677.71 650.51 63.4014 587.109 382.062 27.5375 205.047 27.1999 35.8639 17.2641
internal_count=3174 3053 303 2750 1860 128 890 121 175 76
is_linear=0
shrinkage=0.03


Tree=49
num_leaves=13
num_cat=0
split_feature=106 2 102 15 57 107 2 36 102 9 108 85
split_gain=11.3496 16.8689 16.9509 16.1692 19.4142 23.4691 22.2675 14.5715 16.7057 13.6909 12.743 12.6256
threshold=0.21472970413901296 99.417656199323275 0.014899571392596079 -0.9857669609597991 2.7799987917023228 0.28514065562635887 78.255328580399706 78.191666666666677 0.01239100304578686 -1.1243000705903266 0.20450165846408352 1.5561310952626026
decision_type=2 2 2 2 2 2 2 2 2 2 2 2
left_child=1 2 10 7 6 -6 -5 8 -2 -9 -1 -4
right_child=3 -3 11 4 5 -7 -8 9 -10 -11 -12 -13
leaf_value=0.0063334069726096879 -0.013360648225118283 0.036503004687720657 0.0069230478538614571 0.018599105395020459 0.026391236270479224 -0.0024219903081865953 -0.0054977615835190615 0.031301765186688126 0.049876035845411414 -0.012781942069689316 -0.0096495744712106687 -0.024620811564148741
leaf_weight=93.079548999667168 6.8407738804817191 8.5558614730834943 14.164588361978529 46.581220343708992 74.84232959151268 38.54555669426918 133.22666056454182 6.7674625217914572 8.3481811136007291 100.47893816232681 86.725094184279442 58.936933189630508
leaf_count=434 32 36 73 208 331 179 626 32 37 480 418 288
internal_value=-2.92547e-05 -0.00492633 -0.00632789 0.00305136 0.00687508 0.0165963 0.000744798 -0.00610531 0.0213956 -0.0100002 -0.00137566 -0.0185087
internal_weight=677.093 261.462 252.906 415.631 293.196 113.388 179.808 122.435 15.189 107.246 179.805 73.1015
internal_count=3174 1249 1213 1925 1344 510 834 581 69 512 852 361
is_linear=0
shrinkage=0.03


Tree=50
num_leaves=8
num_cat=0
split_feature=52 36 46 64 67 70 84
split_gain=11.5627 11.257 12.9708 11.0223 10.052 4.53424 2.43552
threshold=13050.000000000002 390.02500000000003 25.641025641025646 0.53760248798416754 3.7537878787878793 2.6160836924323623 0.80153440417544319
decision_type=2 2 2 2 2 2 2
left_child=1 2 4 -4 -1 -3 -2
right_child=6 5 3 -5 -6 -7 -8
leaf_value=0.0008137358263857206 -0.015454554322948252 -0.0052327416838978524 0.0042185059739594999 -0.0037494801771416259 0.042062458990350077 -0.036256262891390778 -0.042599455366333396
leaf_weight=9.4621807783842105 5.818258196115492 7.2826891243457821 321.58574499189854 303.91216532886028 12.13763716816902 10.148391976952551 6.0869970470666885
leaf_count=42 30 33 1492 1445 51 51 30
internal_value=-2.9471e-05 0.000495518 0.00113636 0.000347081 0.0239927 -0.0232947 -0.0293334
internal_weight=676.434 664.529 647.098 625.498 21.5998 17.4311 11.9053
internal_count=3174 3114 3030 2937 93 84 60
is_linear=0
shrinkage=0.03


Tree=51
num_leaves=13
num_cat=0
split_feature=101 64 93 100 70 4 55 48 54 4 9 23
split_gain=10.8576 14.5453 14.1225 11.7655 12.9948 12.631 11.6786 28.9978 15.3485 10.3046 9.98993 8.35992
threshold=2.380821525559464 0.57972034882284651 0.95014949656305259 0.83911996467481187 2.9532761681981188 27.101678156661844 0.13412452286952728 0.80037497333109975 0.017427187228247522 30.298074587751803 1.4253325766231812 -1.3936502780804765
decision_type=2 2 2 2 2 2 2 2 2 2 2 2
left_child=3 2 -2 6 5 -5 7 -1 -8 11 -6 -3
right_child=1 9 -4 4 10 -7 8 -9 -10 -11 -12 -13
leaf_value=0.022196721745627791 0.0022370778199979381 -0.011804275415367629 0.055950888613507548 -0.014858955503794659 -0.0022857157528180833 0.0084952650830557395 0.030080022054320841 -0.010958616830620545 0.0032967667863639718 -0.031622893076649547 -0.022770487879865325 0.033131065670247123
leaf_weight=29.044646024703979 7.2872979938983944 6.8748944103717813 11.139459848403929 31.539695233106613 33.709152236580849 61.451995447278023 20.733163520693779 130.0160086452961 270.40158335864544 6.9547874182462683 58.800845250487328 8.1359303295612335
leaf_count=135 32 32 47 157 169 287 92 610 1246 33 298 36
internal_value=-2.88879e-05 0.0150532 0.0347085 -0.000987206 -0.00734532 0.000574289 0.00163264 -0.00490442 0.00520414 -0.0014355 -0.0153062 0.0125509
internal_weight=676.089 40.3924 18.4268 635.697 185.502 92.9917 450.195 159.061 291.135 21.9656 92.51 15.0108
internal_count=3174 180 79 2994 911 444 2083 745 1338 101 467 68
is_linear=0
shrinkage=0.03


Tree=52
num_leaves=8
num_cat=0
split_feature=52 113 64 101 2 56 84
split_gain=11.022 11.0187 13.0575 16.7795 12.9516 8.20725 2.38336
threshold=13050.000000000002 0.59384960221655658 0.55807820941600217 2.3373963535683102 98.971719918710377 0.26454936823543623 0.80153440417544319
decision_type=2 2 2 2 2 2 2
left_child=1 5 3 -3 -4 -1 -2
right_child=6 2 4 -5 -6 -7 -8
leaf_value=-0.038755493445697863 -0.015075566480836669 0.0037197176970122912 -0.0051130454973018552 0.035224215164806179 0.018964673189115745 -0.0012048170190940009 -0.042098957417618862
leaf_weight=11.01732522249222 5.7722119987010938 326.00157003104687 279.17541912198067 15.960086926817892 21.666989833116531 9.9871028512716276 5.9808163195848465
leaf_count=56 30 1507 1340 68 94 49 30
internal_value=-2.89151e-05 0.000480969 0.00117965 0.0051901 -0.00337894 -0.020901 -0.0288271
internal_weight=675.562 663.808 642.804 341.962 300.842 21.0044 11.753
internal_count=3174 3114 3009 1575 1434 105 60
is_linear=0
shrinkage=0.03


Tree=53
num_leaves=13
num_cat=0
split_feature=106 2 15 57 107 2 36 28 9 1 109 54
split_gain=10.6459 15.5019 15.0392 17.7985 21.7656 20.7814 13.4968 12.7693 12.6363 12.1237 13.1275 7.59118
threshold=0.21472970413901296 99.417656199323275 -0.9857669609597991 2.7799987917023228 0.28514065562635887 78.255328580399706 78.191666666666677 1.6388721436244247 -1.1243000705903266 92.494423200029829 0.084582924951943042 0.5419054763610559
decision_type=2 2 2 2 2 2 2 2 2 2 2 2
left_child=1 9 6 5 -5 -4 7 -2 -8 10 -1 -11
right_child=2 -3 3 4 -6 -7 8 -9 -10 11 -12 -13
leaf_value=0.0083937012090006327 -0.011916599925791161 0.034870261632265122 0.017965280944563823 0.025339291821284918 -0.0024296364245145891 -0.005300334102119381 0.029747646926614389 0.0437412042381983 -0.012379366407793298 -0.029237726946479393 -0.0080492541850638085 -0.0027904278169235464
leaf_weight=62.487210258841515 6.3702707588672629 8.5806833207607252 46.724064633250237 75.064535185694695 38.398399874567986 132.64917951822281 6.8480668962001792 8.8830673694610578 99.786617189645767 29.362485334277153 145.32855917513371 14.636583968997
leaf_count=292 30 36 208 331 179 626 32 39 480 146 706 69
internal_value=-2.84907e-05 -0.00478277 0.00295661 0.00664233 0.0159417 0.000760013 -0.00589834 0.0204968 -0.00967397 -0.00613396 -0.00310509 -0.0204399
internal_weight=675.12 260.396 414.724 292.836 113.463 179.373 121.888 15.2533 106.635 251.815 207.816 43.9991
internal_count=3174 1249 1925 1344 510 834 581 69 512 1213 998 215
is_linear=0
shrinkage=0.03


Tree=54
num_leaves=10
num_cat=0
split_feature=98 150 36 65 105 134 58 46 137
split_gain=10.5085 12.4827 13.4615 16.1234 14.0641 10.4388 9.48713 9.15839 6.11151
threshold=0.033054948297487334 0.18018931587630443 375.83333333333337 6.1690769552051803 0.027000750302198857 101228.00000000001 2.7164602490992587 53.441558441558449 5364.0000000000009
decision_type=2 2 2 2 2 2 2 2 2
left_child=6 5 4 -4 -3 8 7 -1 -2
right_child=1 2 3 -5 -6 -7 -8 -9 -10
leaf_value=0.052174351308618583 -0.037130423775012036 -0.019552537571618445 -0.023557776754053471 0.025659068275471805 0.0024685026741564811 0.014409592820632547 -0.0092359948337655557 0.010606160946087431 -0.0055996181488398317
leaf_weight=8.8079195916652733 18.040327504277233 27.422097533941269 37.51342511177063 7.1290652155876151 542.38058054447174 6.7489029467105857 7.9899942427873603 10.405905932188032 7.9796305000782004
leaf_count=37 93 134 182 31 2542 31 37 47 40
internal_value=-2.85753e-05 -0.000796321 0.000165822 -0.0156982 0.00140873 -0.0188374 0.0182371 0.0296617 -0.0274608
internal_weight=674.418 647.214 614.445 44.6425 569.803 32.7689 27.2038 19.2138 26.02
internal_count=3174 3053 2889 213 2676 164 121 84 133
is_linear=0
shrinkage=0.03


Tree=55
num_leaves=10
num_cat=0
split_feature=52 0 54 62 64 55 90 11 147
split_gain=10.406 10.3659 16.6242 17.2597 15.774 15.4031 12.8311 12.0256 1.9146
threshold=13050.000000000002 -0.055423690964401646 0.044778128977257518 0.45938089252042746 0.53760248798416754 0.59143527021930176 2.6388473963855357 2.8758833802848995 -10.472223740975389
decision_type=2 2 2 2 2 2 2 2 2
left_child=1 2 3 -1 6 -6 -3 -4 -2
right_child=8 4 7 -5 5 -7 -8 -9 -10
leaf_value=0.03680686056327831 -0.040778912281006184 0.0024801858345164227 0.0071403721749243327 -0.0015373901778655858 -0.0072582827015714325 0.014081323461840897 0.018366087081391445 -0.0095953037173920515 -0.016355209860679173
leaf_weight=17.241475567221642 5.627984955906868 95.815247431397438 47.287472859025002 27.284286916255951 136.73663909733295 39.160918638110161 87.592162609100342 211.37013491988182 5.9348258674144727
leaf_count=78 30 432 223 133 644 173 388 1043 30
internal_value=-2.83237e-05 0.000464124 -0.00362108 0.0133105 0.00391124 -0.00250734 0.010067 -0.00653571 -0.028243
internal_weight=674.051 662.488 303.183 44.5258 359.305 175.898 183.407 258.658 11.5628
internal_count=3174 3114 1477 211 1637 817 820 1266 60
is_linear=0
shrinkage=0.03


Tree=56
num_leaves=8
num_cat=0
split_feature=36 46 54 60 54 59 89
split_gain=10.1561 11.4576 15.1639 16.8413 16.0039 14.1288 4.62716
threshold=390.02500000000003 25.641025641025646 0.79405427701774534 0.97200137281388455 0.63577239110127859 2.3240954473703428 2101.5000000000005
decision_type=2 2 2 2 2 2 2
left_child=1 5 4 -4 -3 -1 -2
right_child=6 2 3 -5 -6 -7 -8
leaf_value=0.046730785185425956 -0.034469044019348929 1.3825615745273947e-05 0.019973710873261569 -0.016589557193442551 0.017026743020137659 -0.0016764346024278384 -0.0021735281212302798
leaf_weight=10.620309740304949 10.994833424687387 486.33840107917786 13.223828315734862 79.495379939675331 55.435654520988464 11.096536099910734 6.2695140689611426
leaf_count=45 56 2303 57 383 252 49 29
internal_value=-2.81632e-05 0.000569393 -0.000163992 -0.0113748 0.00175463 0.0219964 -0.022741
internal_weight=673.474 656.21 634.493 92.7192 541.774 21.7168 17.2643
internal_count=3174 3089 2995 440 2555 94 85
is_linear=0
shrinkage=0.03


Tree=57
num_leaves=10
num_cat=0
split_feature=52 31 63 63 57 100 56 20 84
split_gain=9.90434 10.0492 16.95 15.1799 14.1429 13.1666 12.2915 11.5169 2.32036
threshold=13050.000000000002 1.5000000000000002 0.69816468253968267 0.33373688458434225 4.4272946059785516 0.77348344267492164 1.3148492930370292 3.4732839625836722 0.80153440417544319
decision_type=2 2 2 2 2 2 2 2 2
left_child=1 5 3 -3 -4 7 -7 -1 -2
right_child=8 2 4 -5 -6 6 -8 -9 -10
leaf_value=-0.0084881819044360356 -0.014083576062504573 0.027019671104308661 0.038584222534783164 -0.0076444677291214258 -0.0019823443548320904 -0.0088065965452284057 0.017942489342918182 0.0053708144649237035 -0.041153675616772252
leaf_weight=67.410263612866402 5.6439525038003904 14.632487729191778 24.457305088639259 50.989961698651314 11.312278106808661 205.52881963551044 16.718283772468567 270.57069888710976 5.7564521133899689
leaf_count=332 30 65 105 239 51 1016 77 1229 30
internal_value=-2.76639e-05 0.000450059 0.00914091 8.49388e-05 0.0257549 -0.00112284 -0.00679443 0.00260664 -0.0277522
internal_weight=673.021 661.62 101.392 65.6224 35.7696 560.228 222.247 337.981 11.4004
internal_count=3174 3114 460 304 156 2654 1093 1561 60
is_linear=0
shrinkage=0.03


Tree=58
num_leaves=8
num_cat=0
split_feature=36 46 54 60 54 71 89
split_gain=9.80512 10.7057 14.3983 15.5355 14.94 10.7417 4.32542
threshold=390.02500000000003 25.641025641025646 0.79405427701774534 0.97200137281388455 0.63577239110127859 2.3467381561504888 2101.5000000000005
decision_type=2 2 2 2 2 2 2
left_child=1 5 4 -4 -3 -1 -2
right_child=6 2 3 -5 -6 -7 -8
leaf_value=0.043030518506390308 -0.033942547953760886 2.8744291001768223e-05 0.018967896671730215 -0.016156770654420428 0.016443375445055097 0.00074432383742408046 -0.0026268252803193165
leaf_weight=10.523694545030596 10.824540048837664 485.91188487410545 13.233239531517027 78.922160163521767 55.615248024463654 11.118879571557043 6.2683119028806678
leaf_count=45 56 2303 57 383 252 49 29
internal_value=-2.73834e-05 0.000557685 -0.000150945 -0.011113 0.00171454 0.021306 -0.0224584
internal_weight=672.418 655.325 633.683 92.1554 541.527 21.6426 17.0929
internal_count=3174 3089 2995 440 2555 94 85
is_linear=0
shrinkage=0.03


Tree=59
num_leaves=14
num_cat=0
split_feature=106 102 110 76 3 66 54 85 28 0 66 115 67
split_gain=9.66015 15.4793 15.2018 13.9678 13.0599 11.4718 11.6465 10.5547 12.4239 9.60134 8.28228 5.05148 4.97677
threshold=0.21472970413901296 0.014899571392596079 1.5832697498832422 0.83578431372549022 0.86564378805132358 3.5143325143325148 1.0000000180025095e-35 1.5561310952626026 1.7364477735589838 -0.017686609088010025 2.7211111111111115 8.5000000000000018 1.2698007858275318
decision_type=2 2 2 2 2 2 2 2 2 2 2 2 2
left_child=1 2 9 5 -4 6 -2 8 -3 -1 -9 -7 -5
right_child=3 7 4 12 -6 11 -8 10 -10 -11 -12 -13 -14
leaf_value=0.0026247450348356087 0.019782160325530266 -0.017708317401096525 -0.022393076548149961 -0.0075275352300817966 0.00078505806457734991 0.043333581182462305 0.0012351524501771269 -0.025569862601631358 0.039114287116335703 0.045109840995694248 0.009663444017440969 0.0099689319164868919 -0.041064871863933095
leaf_weight=8.9620156735181826 33.400732532143593 7.8803496211767179 25.957651644945145 7.7692414224147788 139.23742134869099 9.124300345778467 347.43232263624668 53.410723060369492 6.1779766529798508 10.277615800499914 6.7651884555816642 7.3932017087936392 8.1699961274862272
leaf_count=40 150 42 128 39 667 39 1624 270 31 43 28 31 42
internal_value=-2.6891e-05 -0.0045736 8.23186e-05 0.00281879 -0.002857 0.00392339 0.00286181 -0.0161412 0.00726256 0.0253199 -0.0216088 0.0283996 -0.0247178
internal_weight=671.959 258.669 184.435 413.29 165.195 397.351 380.833 74.2342 14.0583 19.2396 60.1759 16.5175 15.9392
internal_count=3174 1249 878 1925 795 1844 1774 371 73 83 298 70 81
is_linear=0
shrinkage=0.03


Tree=60
num_leaves=11
num_cat=0
split_feature=98 53 42 83 53 83 62 24 78 64
split_gain=9.45941 11.8344 18.2055 12.3129 11.7566 11.5423 8.83369 9.53808 8.26481 6.51618
threshold=0.033054948297487334 0.029505711450999318 1.3307728974927251 3.4579561203556031 1.801306171358763 4.6889040001835314 0.57092555331991968 -0.5017301459552802 0.041698866563627 0.51110508318537529
decision_type=2 2 2 2 2 2 2 2 2 2
left_child=6 2 3 -2 5 -3 7 -1 -4 -6
right_child=1 4 8 -5 9 -7 -8 -9 -10 -11
leaf_value=-0.011831536325249468 -0.031188264530692757 -0.0017787658676357843 -0.036133735956405996 0.016329018122846293 -0.041658519890656602 0.0072353986101794327 0.042291041427499364 0.032326984240739216 -0.0027952402835328574 -0.0070706550514773765
leaf_weight=11.163204029202463 6.4151455163955715 365.24861453473568 25.928982257843018 20.889617025852203 8.6467186659574526 196.69212111830711 8.6776835769414884 7.26867447793484 9.0207198411226255 11.319828048348425
leaf_count=52 34 1792 130 94 44 858 38 31 45 56
internal_value=-2.68232e-05 -0.000757404 -0.0131894 0.00516502 0.00057261 0.0013764 0.0173328 0.00558253 -0.0275289 -0.0220493
internal_weight=671.271 644.162 62.2545 27.3048 581.907 561.941 27.1096 18.4319 34.9497 19.9665
internal_count=3174 3053 303 128 2750 2650 121 83 175 100
is_linear=0
shrinkage=0.03


Tree=61
num_leaves=8
num_cat=0
split_feature=36 46 71 71 138 89 62
split_gain=9.36352 9.82655 10.6407 9.94032 9.47395 4.19828 2.5197
threshold=390.02500000000003 25.641025641025646 0.96442422715069043 2.3467381561504888 7387.5000000000009 2101.5000000000005 0.60411923545295709
decision_type=2 2 2 2 2 2 2
left_child=1 3 6 -1 -4 -2 -3
right_child=5 2 4 -5 -6 -7 -8
leaf_value=0.041593796208856115 -0.03350918752916502 -0.014707512215861971 -0.0019874167421930458 0.00075516240984235686 0.0061426519485469986 -0.0025528990503245509 -0.041945861393110545
leaf_weight=10.384443297982218 10.66218611598015 6.3438787758350355 437.01259307563305 11.095676332712172 183.02417838573456 6.2566049844026557 5.8984585404396057
leaf_count=45 56 32 2090 49 843 29 30
internal_value=-2.67448e-05 0.000543498 -0.00013442 0.0204984 0.00041244 -0.0220615 -0.0278312
internal_weight=670.678 653.759 632.279 21.4801 620.037 16.9188 12.2423
internal_count=3174 3089 2995 94 2933 85 62
is_linear=0
shrinkage=0.03


Tree=62
num_leaves=13
num_cat=0
split_feature=31 63 24 140 28 53 53 42 63 23 24 57
split_gain=8.89935 16.401 20.3206 13.0063 12.6962 13.7857 19.9481 14.4622 11.5794 11.4991 10.5802 8.34929
threshold=1.5000000000000002 0.69816468253968267 -0.32663896114958918 35.500000000000007 1.0055584492371474 0.17314371378211094 0.25628202423836971 1.0134130047391467 0.33373688458434225 -1.3285624634961031 -0.59640573008516518 1.0037372366612565
decision_type=2 2 2 2 2 2 2 2 2 2 2 2
left_child=4 2 8 9 10 7 -7 -6 -2 -3 11 -1
right_child=1 3 -4 -5 5 6 -8 -9 -10 -11 -12 -13
leaf_value=0.0073818411352169757 0.017761469924722408 -0.0046601266734007264 0.036936194063607972 0.05186967180914643 0.0051751270777515906 0.01769203391882292 -0.00025496488608564013 -0.012683814514106218 -0.015245742211569347 0.035898523468120322 0.021317211803601174 -0.026205293803431062
leaf_weight=8.0517740249633771 12.241681441664694 14.751692369580267 10.78731809556484 10.797728627920149 61.496431976556778 70.914273664355278 260.47413814067841 121.3197730332613 43.756540730595589 10.969584241509439 6.1976503133773795 38.566835686564445
leaf_count=36 55 67 46 46 287 324 1241 592 210 47 28 195
internal_value=-2.61781e-05 0.00807219 -0.000767055 0.0242373 -0.00150161 -6.28926e-05 0.00358554 -0.00667635 -0.00803009 0.0126373 -0.0155085 -0.0204043
internal_weight=670.325 103.305 66.7855 36.519 567.021 514.205 331.388 182.816 55.9982 25.7213 52.8163 46.6186
internal_count=3174 471 311 160 2703 2444 1565 879 265 114 259 231
is_linear=0
shrinkage=0.03


Tree=63
num_leaves=8
num_cat=0
split_feature=52 113 64 101 147 56 147
split_gain=9.24063 9.78456 11.3986 13.6766 12.2345 8.09924 1.79908
threshold=13050.000000000002 0.59384960221655658 0.55807820941600217 2.3007939387272351 -0.15412324519707357 0.26454936823543623 -10.472223740975389
decision_type=2 2 2 2 2 2 2
left_child=1 5 3 -3 -4 -1 -2
right_child=6 2 4 -5 -6 -7 -8
leaf_value=-0.038030676330032313 -0.039711158748740719 0.0034925436343707901 -0.011882567442115737 0.031637235598267775 0.0010576546798911979 -0.00030701454982798104 -0.015594799400589445
leaf_weight=10.690344095230104 5.3224288374185562 323.51340276002884 97.924175322055817 16.323170438408852 200.18434888124466 9.8342886567115766 5.8373338580131513
leaf_count=56 30 1505 486 70 948 49 30
internal_value=-2.61819e-05 0.000432609 0.00108856 0.0048444 -0.00319301 -0.0199555 -0.0270966
internal_weight=669.629 658.47 637.945 339.837 298.109 20.5246 11.1598
internal_count=3174 3114 3009 1575 1434 105 60
is_linear=0
shrinkage=0.03


Tree=64
num_leaves=8
num_cat=0
split_feature=36 46 54 61 54 59 70
split_gain=8.95492 9.2043 13.5777 14.7565 13.955 11.981 3.97826
threshold=390.02500000000003 25.641025641025646 0.79405427701774534 0.74766342078690762 0.63577239110127859 2.3240954473703428 2.6160836924323623
decision_type=2 2 2 2 2 2 2
left_child=1 5 4 -4 -3 -1 -2
right_child=6 2 3 -5 -6 -7 -8
leaf_value=0.04318159678663628 -0.0046874185299935955 4.8605024898323488e-05 -0.02061668023937846 0.0040239559963434713 0.015912862923564048 -0.001783233970123442 -0.034312475128908997
leaf_weight=10.299151226878168 7.0948324203491238 484.19798569381237 55.035651877522469 36.301413774490356 55.637884184718132 11.060972884297369 9.5992790162563306
leaf_count=45 33 2303 273 167 252 49 52
internal_value=-2.58606e-05 0.000529207 -0.000126249 -0.0108234 0.00168365 0.0198973 -0.0217221
internal_weight=669.227 652.533 631.173 91.3371 539.836 21.3601 16.6941
internal_count=3174 3089 2995 440 2555 94 85
is_linear=0
shrinkage=0.03


Tree=65
num_leaves=10
num_cat=0
split_feature=98 150 134 36 23 105 28 137 148
split_gain=8.77764 11.1498 13.0927 12.113 14.0112 13.0875 8.83074 6.21948 5.8425
threshold=0.033054948297487334 0.18018931587630443 102543.50000000001 375.83333333333337 -0.81063957568917822 0.027000750302198857 1.7736485810737868 5364.0000000000009 32.500000000000007
decision_type=2 2 2 2 2 2 2 2 2
left_child=6 2 7 5 -5 -3 8 -2 -1
right_child=1 3 -4 4 -6 -7 -8 -9 -10
leaf_value=0.015202800118400151 -0.03669846743446397 -0.01901790375903413 0.022555147577020186 -0.0294257856535503 0.0051154968959067878 0.0023681848582471675 -0.0059266290588998426 -0.0047702423414926571 0.050815307696758988
leaf_weight=10.177277743816381 18.254031538963325 27.04524664580822 5.8515945374965659 25.442557528614998 18.079788684844971 539.23850531876087 9.845496401190756 7.8532546460628501 6.9962228685617438
leaf_count=46 97 134 27 128 85 2542 45 40 30
internal_value=-2.54091e-05 -0.000730612 -0.0180036 0.000174633 -0.0150769 0.0013468 0.0167248 -0.0270942 0.0297108
internal_weight=668.784 641.765 31.9589 609.806 43.5223 566.284 27.019 26.1073 17.1735
internal_count=3174 3053 164 2889 213 2676 121 137 76
is_linear=0
shrinkage=0.03


Tree=66
num_leaves=12
num_cat=0
split_feature=106 2 15 57 109 2 36 149 60 60 28
split_gain=8.615 13.7228 12.8031 16.1473 19.7915 19.3399 12.5372 14.6818 11.1998 18.0747 10.636
threshold=0.21472970413901296 99.417656199323275 -0.9857669609597991 2.7799987917023228 0.13419941432523277 78.255328580399706 72.2916666666667 26.500000000000004 14.262801725222221 8.6575242144199063 1.7191392346134549
decision_type=2 2 2 2 2 2 2 2 2 2 2
left_child=1 8 6 5 -5 -4 10 -8 9 -1 -2
right_child=2 -3 3 4 -6 -7 7 -9 -10 -11 -12
leaf_value=-0.0067524467962867584 -0.0074738092378792654 0.033025621120971467 0.017068532759473745 -0.0023177003859426674 0.024108215501569684 -0.0054150278255865429 -0.014728716329394771 0.012765113034419817 -0.037604668625034733 0.024125171054306681 0.045030813851557029
leaf_weight=220.02103063464165 6.3720111101865751 8.5506956130266172 46.597364604473114 39.014232128858566 73.674884244799614 131.89047414064407 84.690219208598137 22.0268444865942 9.481733635067938 18.496205002069473 7.6305154860019684
leaf_count=1074 30 36 208 182 328 626 413 105 51 88 33
internal_value=-2.53346e-05 -0.00434076 0.00266253 0.00606815 0.0149593 0.000454698 -0.00555186 -0.00905388 -0.00562911 -0.00435799 0.021138
internal_weight=668.446 256.55 411.897 291.177 112.689 178.488 120.72 106.717 247.999 238.517 14.0025
internal_count=3174 1249 1925 1344 510 834 581 518 1213 1162 63
is_linear=0
shrinkage=0.03


Tree=67
num_leaves=11
num_cat=0
split_feature=76 106 102 104 15 57 57 105 59 106
split_gain=8.61579 10.4769 14.8422 13.5613 11.6966 15.0059 11.0702 9.02983 6.71229 4.13223
threshold=0.80322580645161301 0.21472970413901296 0.014899571392596079 0.47213497175460523 -5.2965872433072194 2.7799987917023228 1.0955343195656801 0.051208047589826257 3.1600928746753469 0.38570325808037592
decision_type=2 2 2 2 2 2 2 2 2 2
left_child=1 2 3 -1 7 -6 -4 -3 9 -2
right_child=8 4 6 -5 5 -7 -8 -9 -10 -11
leaf_value=-0.012448991803919793 -0.012181466660503695 0.0034585835818235393 0.018484196789481207 0.0057937101930356349 -0.00040903361884250507 0.011799675548959712 -0.019948371504271954 -0.030540668853061934 0.0065737167647764863 -0.040487393122023013
leaf_weight=51.830780282616615 9.0911418199539238 13.037475749850275 7.5563886910676947 125.41904720664024 199.15681260824203 166.23886044323444 62.841173470020294 15.258711189031599 7.7698765695095053 9.4837672263383848
leaf_count=261 47 65 35 588 930 761 322 77 38 50
internal_value=-2.54033e-05 0.000665292 -0.00416925 0.000459242 0.00370641 0.00514539 -0.0158231 -0.0148755 -0.0168397 -0.0266336
internal_weight=667.684 641.339 247.647 177.25 393.692 365.396 70.3976 28.2962 26.3448 18.5749
internal_count=3174 3039 1206 849 1833 1691 357 142 135 97
is_linear=0
shrinkage=0.03


Tree=68
num_leaves=9
num_cat=0
split_feature=52 36 26 23 36 110 56 102
split_gain=8.5108 9.20823 18.2529 17.5375 16.0105 16.8528 15.3216 2.40342
threshold=13050.000000000002 317.50000000000006 -7.0650727009798988 -1.3446312933421636 192.64166666666668 1.3370410210355408 1.1926253906454796 0.010542528021173595
decision_type=2 2 2 2 2 2 2 2
left_child=1 4 -3 -4 6 -6 -1 -2
right_child=7 2 3 -5 5 -7 -8 -9
leaf_value=-0.0057064298249426106 -0.040514719976238407 0.03850422476111743 -0.020389930061549651 0.00087869992286648553 -0.018052508854587365 0.01049233790939514 0.014010451739698697 -0.012309389556551304
leaf_weight=228.63281889259815 5.4127214103937131 7.8081420660018912 63.026543781161308 78.166562125086784 20.367639154195786 216.29854398965836 41.984425708651543 5.4635297805070877
leaf_count=1118 29 35 313 367 96 992 193 31
internal_value=-2.54646e-05 0.000410734 -0.00614609 -0.00861531 0.00233663 0.00803575 -0.00264749 -0.0263462
internal_weight=667.161 656.285 149.001 141.193 507.283 236.666 270.617 10.8763
internal_count=3174 3114 715 680 2399 1088 1311 60
is_linear=0
shrinkage=0.03


Tree=69
num_leaves=13
num_cat=0
split_feature=135 76 42 64 65 0 65 2 107 10 71 141
split_gain=8.52447 15.2235 11.2131 10.2087 16.8791 14.2344 9.40958 10.6408 9.40234 9.39847 10.3661 7.00813
threshold=645.50000000000011 0.25112612612612623 4.4024512609074042 0.4673227723667262 1.9043236586340038 -0.083442802540024952 1.5415880287245172 96.834208931097194 0.18406568787285918 9.6463772195345872 2.8850143134754647 1697.5000000000002
decision_type=2 2 2 2 2 2 2 2 2 2 2 2
left_child=1 3 6 5 -5 -1 7 -2 -4 10 -3 -8
right_child=2 9 8 4 -6 -7 11 -9 -10 -11 -12 -13
leaf_value=-0.0046164831014917241 -0.0050123792216426218 -0.0085417146489981163 0.033396375309234366 -0.0071535203735289396 0.013259366802449126 0.020946201055279903 -0.019869184179689775 0.034726342766302015 -0.0063190148359334227 -0.033544836905182847 0.0037620089308444075 0.0096076085676528953
leaf_weight=26.354368075728416 59.568434879183769 118.94204856455326 11.06309884786606 80.577276736497879 66.582430809736252 76.552836194634438 64.917571559548378 6.7518028467893592 10.415956407785414 8.9007665216922742 127.89924010634422 8.1730343550443632
leaf_count=125 284 602 47 380 300 336 309 30 48 49 625 39
internal_value=-2.53947e-05 0.00188781 -0.00604016 0.00715111 0.00208229 0.0143996 -0.00914886 -0.000966736 0.014137 -0.0032587 -0.00216662 -0.0165731
internal_weight=666.699 505.809 160.89 250.067 147.16 102.907 139.411 66.3202 21.4791 255.742 246.841 73.0906
internal_count=3174 2417 757 1141 680 461 662 314 95 1276 1227 348
is_linear=0
shrinkage=0.03


Tree=70
num_leaves=11
num_cat=0
split_feature=53 100 71 142 4 48 105 36 21 36
split_gain=8.18898 9.10636 14.3108 12.9335 12.2216 11.2085 19.827 13.7339 8.04915 2.25873
threshold=1.801306171358763 0.83610626092422258 2.1530397257657259 2.5898823681979519 27.101678156661844 0.87172012056033987 0.066813633161860231 314.30833333333339 4.3614987656387649 281.04166666666674
decision_type=2 2 2 2 2 2 2 2 2 2
left_child=1 5 3 -3 -4 6 -1 -7 -2 -10
right_child=8 2 4 -5 -6 7 -8 -9 9 -11
leaf_value=0.027801994049681446 0.0099082848907557797 0.0080472015739516314 -0.011982935633255839 -0.026816218044206308 0.0070359322404319616 0.0039609405668237126 -0.0016069141389841272 -0.0091956863411450252 -0.041226932358922504 -0.01743606702124403
leaf_weight=40.556375205516815 6.2631302028894451 12.638989076018332 47.507642805576324 39.526581972837448 84.489417985081673 282.94341464340687 41.997004017233849 95.513020411133766 8.1610925644636136 6.4145146608352652
leaf_count=186 32 62 241 209 407 1311 200 452 43 31
internal_value=-2.52716e-05 0.00057258 -0.00506652 -0.0183693 0.000190768 0.00282527 0.0128409 0.000640534 -0.0185349 -0.0307569
internal_weight=666.011 645.172 184.163 52.1656 131.997 461.01 82.5534 378.456 20.8387 14.5756
internal_count=3174 3068 919 271 648 2149 386 1763 106 74
is_linear=0
shrinkage=0.03


Tree=71
num_leaves=9
num_cat=0
split_feature=52 113 145 149 149 16 50 84
split_gain=8.0445 8.80555 10.5033 14.811 13.4151 5.39411 8.45671 2.31505
threshold=13050.000000000002 0.59384960221655658 1.3373972319100036 12.500000000000002 21.500000000000004 1.5604008185918976 1110.0000000000002 0.80153440417544319
decision_type=2 2 2 2 2 2 2 2
left_child=1 5 4 -4 -3 6 -1 -2
right_child=7 2 3 -5 -6 -7 -8 -9
leaf_value=0.018394738564279593 -0.011889852866534928 -0.00057803644588480898 0.0050897949823729693 -0.0047652737466144669 0.024348123911902702 -0.042658671346593131 -0.028844557810102731 -0.039796498740195245
leaf_weight=5.9080825299024609 5.3574600890278798 40.661762684583664 245.13681562244892 311.84655353426933 37.219871431589127 6.1147345006465903 8.0684539526700956 5.3441362082958221
leaf_count=30 30 191 1134 1511 173 31 44 30
internal_value=-2.53661e-05 0.000396198 0.00101501 -0.000427909 0.0113343 -0.0191576 -0.00887583 -0.0258258
internal_weight=665.658 654.956 634.865 556.983 77.8816 20.0913 13.9765 10.7016
internal_count=3174 3114 3009 2645 364 105 74 60
is_linear=0
shrinkage=0.03


Tree=72
num_leaves=9
num_cat=0
split_feature=101 54 46 65 27 72 150 143
split_gain=7.9838 9.66284 20.2456 13.9172 11.1008 18.6828 11.1492 6.81129
threshold=2.8744277633476769 0.79405427701774534 27.763636363636369 4.8843400447427303 0.71103953606068449 2.1601641839843078 0.13294908741594622 4.2311477445596228
decision_type=2 2 2 2 2 2 2 2
left_child=1 4 -3 -4 5 -1 -6 -2
right_child=7 2 3 -5 6 -7 -8 -9
leaf_value=-0.023461790107095884 0.03257137828393513 0.029810225237807908 -0.019814703724950158 0.012041763289165463 -0.028604385705204571 0.00047905482102177246 0.0042880107534476923 -0.0048573340845692956
leaf_weight=40.491020277142525 12.188633948564531 10.558633312582968 70.360519930720329 14.967983797192572 9.4982029944658262 106.4902623295784 393.95647551119328 6.8267007470130912
leaf_count=202 53 48 353 67 51 506 1863 31
internal_value=-2.51202e-05 -0.000588799 -0.00937745 -0.0142266 0.000942203 -0.00611627 0.00351365 0.0191341
internal_weight=665.338 646.323 95.8871 85.3285 550.436 146.981 403.455 19.0153
internal_count=3174 3090 468 420 2622 708 1914 84
is_linear=0
shrinkage=0.03


Tree=73
num_leaves=12
num_cat=0
split_feature=88 76 113 53 67 79 111 62 29 99 24
split_gain=8.01861 8.70129 8.64521 8.61924 8.09717 7.79812 6.67664 5.20842 4.32126 2.18528 0.851216
threshold=974.50000000000011 0.80322580645161301 0.54631053177650912 0.84627306777097211 1.2698007858275318 2.5255906300262483 5.8341035589451966 0.52101616010273977 1.7941182029417135 0.47705601403249731 -1.0902925180200675
decision_type=2 2 2 2 2 2 2 2 2 2 2
left_child=1 2 8 -4 5 -3 7 9 -1 -2 -6
right_child=6 4 3 -5 10 -7 -8 -9 -10 -11 -12
leaf_value=-0.036868117627781083 -0.041640525354687326 0.022037651885811516 0.003384439039715372 -0.007290009544829822 -0.025116211229989038 -0.02355940133755223 0.012400330270647878 -0.0042048269580703124 -0.003112806984854311 -0.018322922937008566 -0.040858504302096817
leaf_weight=7.7500021010637266 9.494154050946241 6.9197170436382311 515.71440229564905 78.434444829821587 5.6526234149932861 6.5909289419651031 6.3783179372549048 9.1989427134394628 6.0996817201375961 5.8437428772449485 6.8224169015884382
leaf_count=42 49 35 2432 382 30 34 28 45 31 30 36
internal_value=-2.49842e-05 0.000702527 0.00142912 0.00197529 -0.0162978 -0.000206062 -0.0149442 -0.0220524 -0.0220016 -0.0327565 -0.0337254
internal_weight=664.899 633.984 607.999 594.149 25.9857 13.5106 30.9152 24.5368 13.8497 15.3379 12.475
internal_count=3174 3022 2887 2814 135 69 152 124 73 79 66
is_linear=0
shrinkage=0.03


Tree=74
num_leaves=10
num_cat=0
split_feature=98 150 36 65 105 28 94 61 148
split_gain=7.95831 10.0627 10.7399 13.2809 12.5321 8.2354 6.95199 5.4968 5.35938
threshold=0.033054948297487334 0.18018931587630443 375.83333333333337 6.1690769552051803 0.027000750302198857 1.7736485810737868 5.8528954450823676 0.43171521035598709 32.500000000000007
decision_type=2 2 2 2 2 2 2 2 2
left_child=5 6 4 -4 -3 8 7 -2 -1
right_child=1 2 3 -5 -6 -7 -8 -9 -10
leaf_value=0.014469610804692978 -0.0029065810856322505 -0.018767723868378151 -0.021789080345334343 0.023150337246000095 0.002254458094864424 -0.006027768763614637 0.0019290176828139051 -0.037583038420174179 0.04857200953623525
leaf_weight=10.084654346108442 5.7454013526439729 26.795333117246628 35.685797557234764 7.095285862684249 536.97506093978882 9.7637978643178922 10.958986118435858 14.490709491074083 7.0448251962661734
leaf_count=46 29 134 182 31 2542 45 54 81 30
internal_value=-2.48525e-05 -0.000698971 0.000155631 -0.0143358 0.0012553 0.0159612 -0.0173157 -0.0277378 0.0284949
internal_weight=664.64 637.747 606.551 42.7811 563.77 26.8933 31.1951 20.2361 17.1295
internal_count=3174 3053 2889 213 2676 121 164 110 76
is_linear=0
shrinkage=0.03


Tree=75
num_leaves=14
num_cat=0
split_feature=135 83 119 4 51 42 55 10 0 146 48 67 82
split_gain=7.95539 11.8147 12.8375 14.8359 13.3425 10.4464 11.5524 9.99644 10.453 9.18191 12.1947 8.96311 8.65613
threshold=645.50000000000011 3.6090955035081866 0.7320508100147276 20.097129787234049 525.00000000000011 4.4024512609074042 0.11520220964045462 9.6463772195345872 -0.013737264069651112 29.205129630201387 1.257038926000946 2.6173341677096373 7.6166341647770226
decision_type=2 2 2 2 2 2 2 2 2 2 2 2 2
left_child=1 7 4 -4 -3 9 -7 8 -1 10 -2 -11 -8
right_child=5 2 3 -5 -6 6 12 -9 -10 11 -12 -13 -14
leaf_value=-0.0067502847504604512 -0.0069028388910529065 0.0091543301521367342 -0.020410416315337208 0.003808188580614619 0.038505531922949775 -0.020107274454976898 0.0042679393937350204 -0.039235521017498588 0.012412276846700016 -0.032856073851931913 0.035329560817629779 -0.0027225261797901744 0.049847316783462832
leaf_weight=132.86623096466064 94.002996951341629 91.500252202153206 25.704698249697685 199.02182548493147 16.443874552845955 6.4037508219480541 7.1983195692300779 7.1724609285593024 31.740005612373352 23.532687976956367 6.5845439136028281 14.271464593708513 7.8279992789030075
leaf_count=686 449 423 124 918 73 31 31 41 152 117 29 67 33
internal_value=-2.46911e-05 0.00182325 0.0051224 0.00103801 0.0136256 -0.0058574 0.0136334 -0.00456596 -0.00305529 -0.00887557 -0.00413827 -0.0214803 0.0280126
internal_weight=664.271 504.449 332.671 224.727 107.944 159.822 21.4301 171.779 164.606 138.392 100.588 37.8042 15.0263
internal_count=3174 2417 1538 1042 496 757 95 879 838 662 478 184 64
is_linear=0
shrinkage=0.03


Tree=76
num_leaves=7
num_cat=0
split_feature=36 103 106 2 15 128
split_gain=7.67732 8.65254 8.85923 14.3325 12.4504 3.61878
threshold=390.02500000000003 0.74588141097576166 0.21472970413901296 99.417656199323275 -5.2965872433072194 0.22863016425657715
decision_type=2 2 2 2 2 2
left_child=1 2 3 -1 -4 -2
right_child=5 -3 4 -5 -6 -7
leaf_value=-0.0059249900502331906 -0.0067510621595503811 0.025375094320495326 -0.016680296089554035 0.034264607026115716 0.0042236996971907297 -0.035219763992582878
leaf_weight=231.9919186681509 8.3254149705171603 12.329591587185858 27.567426264286041 8.2708884030580503 367.33418254554272 7.768069624900817
leaf_count=1150 44 54 141 35 1709 41
internal_value=-2.47218e-05 0.000484004 8.27147e-07 -0.00454149 0.00276443 -0.0204925
internal_weight=663.587 647.494 635.164 240.263 394.902 16.0935
internal_count=3174 3089 3035 1185 1850 85
is_linear=0
shrinkage=0.03


Tree=77
num_leaves=14
num_cat=0
split_feature=31 63 24 128 57 53 53 109 102 53 72 93 135
split_gain=7.59397 14.7518 18.1951 14.7143 10.736 10.1329 21.6055 15.1851 14.1933 13.0937 10.076 7.12307 6.69823
threshold=1.5000000000000002 0.69816468253968267 -0.32663896114958918 0.47932541150262514 3.274176370481467 0.17314371378211094 0.18144812019043602 0.27545777980827363 0.0076287708024632946 0.84627306777097211 2.0911820865279247 2.0770717390387605 654.50000000000011
decision_type=2 2 2 2 2 2 2 2 2 2 2 2 2
left_child=5 2 4 11 -2 7 -7 8 -1 -8 -9 -3 -5
right_child=1 3 -4 12 -6 6 9 10 -10 -11 -12 -13 -14
leaf_value=0.010814664154324194 -0.02187437257073481 0.064089346741125153 0.034676608038469697 0.018126972399183969 0.0045984714571096858 0.041953943489816389 0.0031854049077460925 -0.0027911104884855457 -0.0092991154213925703 -0.011109237836755379 -0.027200960268419058 0.025395685885306427 -0.018945284983071343
leaf_weight=54.120093047618866 26.103513687849045 7.8163508921861675 10.801220580935476 12.030257150530817 29.222321510314941 11.542520090937613 280.24431632459164 23.579639345407486 75.794964678585529 72.614460282027721 42.926544189453125 9.4690002799034101 6.9034333676099768
leaf_count=256 129 33 46 54 136 51 1330 116 375 360 215 42 31
internal_value=-2.42874e-05 0.00749057 -0.000938652 0.0228803 -0.00789179 -0.0013957 0.00156491 -0.00688822 -0.000920105 0.000243724 -0.0185465 0.0428928 0.00461002
internal_weight=663.169 102.346 66.1271 36.219 55.3258 560.823 364.401 196.421 129.915 352.859 66.5062 17.2854 18.9337
internal_count=3174 471 311 160 265 2703 1741 962 631 1690 331 75 85
is_linear=0
shrinkage=0.03


Tree=78
num_leaves=10
num_cat=0
split_feature=52 64 62 0 62 107 70 138 102
split_gain=7.57083 8.00871 13.2073 10.6503 10.5333 15.4137 12.9804 10.4177 2.38898
threshold=13050.000000000002 0.55807820941600217 0.67123161764705885 -0.055965618186342499 0.57537878787878804 0.28790150343389492 2.8931525061467558 7387.5000000000009 0.010542528021173595
decision_type=2 2 2 2 2 2 2 2 2
left_child=1 2 7 -4 5 -3 -6 -1 -2
right_child=8 4 3 -5 6 -7 -8 -9 -10
leaf_value=0.0026264286266048957 -0.039776049074754155 -0.0015787194186340813 -0.02431666635488813 0.0005322354806608792 0.015895271072567597 -0.019630897630470247 -0.0057844568027322829 0.015287676360428029 -0.011142319871124991
leaf_weight=207.15039460361004 5.1896660849452001 134.93702954053879 24.550214111804962 42.219854846596718 48.127586334943771 62.186618402600288 51.40201036632061 81.497388303279877 5.3011200651526451
leaf_count=982 29 647 125 194 226 315 255 370 31
internal_value=-2.44004e-05 0.000382358 0.00341981 -0.00860428 -0.00325679 -0.00727364 0.00469879 0.00620123 -0.0253071
internal_weight=662.562 652.071 355.418 66.7701 296.653 197.124 99.5296 288.648 10.4908
internal_count=3174 3114 1671 319 1443 962 481 1352 60
is_linear=0
shrinkage=0.03


Tree=79
num_leaves=12
num_cat=0
split_feature=88 100 31 7 73 55 137 50 106 56 118
split_gain=7.50989 8.90092 10.9631 13.1943 11.3395 9.13143 21.0125 12.9995 6.3125 6.54712 2.25526
threshold=974.50000000000011 0.78457452231699631 1.5000000000000002 3.3472062602259247 0.20942982456140355 0.023523291402793498 6965.5000000000009 1710.0000000000002 0.28507348442642783 0.12804441167232219 0.88804242096166619
decision_type=2 2 2 2 2 2 2 2 2 2 2
left_child=1 5 3 -3 -4 6 -1 -7 10 -10 -2
right_child=8 2 4 -5 -6 7 -8 -9 9 -11 -12
leaf_value=-0.018172808448472699 -0.040719370758233855 -0.0030241259852995424 0.0024849086844624399 -0.02332627201185522 0.044910360068515703 0.0032015902988423058 0.031938595712189072 0.02258330148435712 -0.024899943709326366 0.012906260289248777 -0.015890852908739147
leaf_weight=39.802728302776814 7.604964494705202 169.14144480973482 23.747499659657482 34.724758133292198 7.4483595937490454 312.83919934928417 9.2883047163486463 34.588258653879166 6.9491682648658779 10.135231077671049 5.806570015847683
leaf_count=194 40 846 115 181 33 1451 42 160 34 46 32
internal_value=-2.43536e-05 0.000677733 -0.00394783 -0.00648221 0.0126145 0.00341984 -0.00869144 0.00513114 -0.0145648 -0.00247161 -0.0299698
internal_weight=662.076 631.581 235.062 203.866 31.1959 396.518 49.091 347.427 30.4959 17.0844 13.4115
internal_count=3174 3022 1175 1027 148 1847 236 1611 152 80 72
is_linear=0
shrinkage=0.03


Tree=80
num_leaves=15
num_cat=0
split_feature=36 108 23 147 93 36 110 121 1 66 4 141 87 100
split_gain=7.50881 17.2964 14.8256 18.8878 15.8979 14.3759 20.1929 20.7701 15.7417 15.4351 14.6068 6.5176 6.50487 0.604175
threshold=311.70833333333337 0.031721685067956952 -1.4972469331338984 -20.452317407281033 0.25446604306316484 192.64166666666668 1.3370410210355408 0.16084956709956713 85.939452853770334 0.51223802395209594 20.999677257530568 491.50000000000006 403.50000000000006 0.77205239209613641
decision_type=2 2 2 2 2 2 2 2 2 2 2 2 2 2
left_child=5 12 3 -3 -4 8 11 -8 9 -1 -10 -7 -2 -14
right_child=1 2 4 -5 -6 6 7 -9 10 -11 -12 -13 13 -15
leaf_value=0.031311143673854111 -0.0023442645513629852 0.02975971063191488 0.047844917054491842 -0.020415705643990728 0.002378052734395598 -0.044908439776436243 -0.025710111737451111 0.012491086413052244 -0.0076472212508834026 -0.014408299614508015 0.010667173328228906 -0.0086620774657038373 -0.042449835954165453 -0.030546040029755629
leaf_weight=7.0952310860157004 5.9550233036279705 7.8523794412612906 7.6637956798076621 48.190235123038292 71.449367165565491 7.1460072398185757 13.7034425586462 196.32833127677441 66.679507255554199 104.93128085136414 95.081012800335884 11.899606615304945 11.929688423871996 5.6570632755756369
leaf_count=34 30 37 36 240 339 34 68 901 331 531 447 57 59 30
internal_value=-2.43159e-05 -0.00571366 -0.00158017 -0.0133854 0.00678249 0.00177117 0.0073165 0.00999866 -0.00286861 -0.0115126 0.00311777 -0.0222619 -0.0294444 -0.0386208
internal_weight=661.562 158.698 135.156 56.0426 79.1132 502.864 229.077 210.032 273.787 112.027 161.761 19.0456 23.5418 17.5868
internal_count=3174 771 652 277 375 2403 1060 969 1343 565 778 91 119 89
is_linear=0
shrinkage=0.03


Tree=81
num_leaves=15
num_cat=0
split_feature=135 76 42 55 119 104 51 65 99 57 29 117 36 107
split_gain=7.42816 12.5397 9.62728 10.6344 9.38144 14.5086 13.2414 8.74286 12.4025 10.4532 8.6373 11.6614 11.1573 6.43664
threshold=645.50000000000011 0.25112612612612623 4.4024512609074042 0.11520220964045462 0.73381860075408467 0.58042596515430556 405.00000000000006 1.5415880287245172 0.65693518358107716 4.2042892752082599 1.8059609407995911 2.5000000000000004 330.10833333333341 0.19363673201064516
decision_type=2 2 2 2 2 2 2 2 2 2 2 2 2 2
left_child=1 4 7 -4 6 -6 -1 9 -9 -2 12 -12 -3 -5
right_child=2 10 3 13 5 -7 -8 8 -10 -11 11 -13 -14 -15
leaf_value=0.0079116983351901499 0.010568260895564939 -0.0036051743600627184 -0.019578588663862209 0.045399172539095159 -0.011346622898423727 0.0081078027463095063 0.035891290867686096 -0.021537036388029084 0.01146064863372513 -0.013472449696557797 -0.014940303882248948 0.010740951911537112 -0.02497251163845619 0.0059511886417888873
leaf_weight=60.771358177065849 34.825730413198471 139.17839320003986 6.3043094426393536 7.9301405847072584 48.487406231462955 119.60621506720781 20.310335159301758 59.331584192812443 12.392650008201597 30.563336923718452 20.857448369264603 67.131195217370987 26.121698826551437 7.0163228660821915
leaf_count=284 161 700 31 33 228 541 88 289 59 153 106 331 139 31
internal_value=-2.49276e-05 0.00176071 -0.00569047 0.0130982 0.00653895 0.00249608 0.0149204 -0.00860248 -0.0158356 -0.000668546 -0.00293993 0.00465329 -0.00698177 0.0268811
internal_weight=660.828 502.464 158.364 21.2508 249.175 168.094 81.0817 137.113 71.7242 65.3891 253.289 87.9886 165.3 14.9465
internal_count=3174 2417 757 95 1141 769 372 662 348 314 1276 437 839 64
is_linear=0
shrinkage=0.03


Tree=82
num_leaves=11
num_cat=0
split_feature=98 53 39 149 53 138 48 62 24 108
split_gain=7.37833 10.0596 13.4921 10.8874 9.49292 12.2479 10.249 7.9118 7.72253 4.65345
threshold=0.033054948297487334 0.029505711450999318 1.7583669892698954 29.500000000000004 0.84627306777097211 11872.000000000002 1.0377040687240662 0.57092555331991968 -0.5017301459552802 0.15640230801069779
decision_type=2 2 2 2 2 2 2 2 2 2
left_child=7 2 3 -2 6 -6 -3 8 -1 -4
right_child=1 4 9 -5 5 -7 -8 -9 -10 -11
leaf_value=-0.011664843067963584 -0.0087818451199943338 -0.0011438287594574543 -0.0173178037524973 0.032720283378755835 -0.014688906462891681 0.013596765326164538 0.0078750973434667214 0.038889931713352081 0.028507347136561501 -0.043433007673380132
leaf_weight=10.988524690270426 28.588541522622108 310.89419187605381 13.31670616567135 7.1020914018154135 66.134300373494625 17.40302574634552 178.51457452774048 8.7080646753311139 7.0827115327119854 11.396089360117911
leaf_count=52 144 1519 69 33 332 83 816 38 31 57
internal_value=-2.49649e-05 -0.00067714 -0.0123215 -0.000523322 0.000550478 -0.00879626 0.00214587 0.0153994 0.00407996 -0.0293606
internal_weight=660.129 633.35 60.4034 35.6906 572.946 83.5373 489.409 26.7793 18.0712 24.7128
internal_count=3174 3053 303 177 2750 415 2335 121 83 126
is_linear=0
shrinkage=0.03


Tree=83
num_leaves=12
num_cat=0
split_feature=76 135 62 65 138 22 14 67 79 18 24
split_gain=7.15587 8.65409 9.19085 10.7421 9.11833 18.8044 11.6316 7.84229 7.36222 5.49428 0.835428
threshold=0.80322580645161301 645.50000000000011 0.67123161764705885 1.5116665788572485 7387.5000000000009 5.2834343240237098 2.2252757619097721 1.2698007858275318 2.5255906300262483 0.62771212046857172 -1.0902925180200675
decision_type=2 2 2 2 2 2 2 2 2 2 2
left_child=1 4 3 -3 6 -6 -1 8 -2 -4 -9
right_child=7 2 9 -5 5 -7 -8 10 -10 -11 -12
leaf_value=-0.01461699420618897 0.021757765133031633 0.0076377065871887266 -0.035027998173733706 -0.0099540032522774814 0.013738706253758632 -0.017068173200046981 0.0020803551529612568 -0.024449417445294951 -0.02283384883044328 -0.0095818792913771964 -0.040266723009492154
leaf_weight=43.028085820376873 6.9086236804723757 57.845932379364967 12.892210617661478 67.923099666833878 117.98405094444752 21.007333025336266 294.81772971153259 5.5058277994394302 6.4372461885213852 18.733954578638077 6.6172225177288038
leaf_count=218 35 274 64 327 550 96 1420 30 34 90 36
internal_value=-2.4791e-05 0.000601332 -0.00549821 -0.00186291 0.00261468 0.00908252 -4.62214e-05 -0.0156166 0.000249448 -0.0199548 -0.0330831
internal_weight=659.701 634.232 157.395 125.769 476.837 138.991 337.846 25.4689 13.3459 31.6262 12.1231
internal_count=3174 3039 755 601 2284 646 1638 135 69 154 66
is_linear=0
shrinkage=0.03


Tree=84
num_leaves=7
num_cat=0
split_feature=36 103 113 60 22 105
split_gain=7.13564 7.78514 8.95832 12.2153 9.07331 3.76053
threshold=390.02500000000003 0.74588141097576166 7.1556484349883442 9.1948232979265487 7.3467638879194226 0.074466553491949611
decision_type=2 2 2 2 2 2
left_child=1 2 4 -4 -1 -2
right_child=5 -3 3 -5 -6 -7
leaf_value=0.00036571530757339776 -0.001433647079973228 0.024110072919440832 -0.014756492773955075 0.025971000377132177 0.017735273700380916 -0.031494778861154003
leaf_weight=534.95669722557068 6.0873696208000174 12.292330235242842 60.446891903877258 7.4440181255340567 28.508822992444038 9.7342222183942777
leaf_count=2567 29 54 305 34 129 56
internal_value=-2.47733e-05 0.000464488 4.11512e-06 -0.0102909 0.00124454 -0.0199287
internal_weight=659.47 643.649 631.356 67.8909 563.466 15.8216
internal_count=3174 3089 3035 339 2696 85
is_linear=0
shrinkage=0.03


Tree=85
num_leaves=10
num_cat=0
split_feature=52 56 102 1 36 53 42 98 118
split_gain=7.17304 7.5746 11.4107 11.3004 11.0098 9.37622 11.1747 9.69123 2.34586
threshold=13050.000000000002 1.1926253906454796 0.005681255594717426 82.120538814053631 103.30833333333335 0.028475680296226595 1.2869856660824373 0.015589519996778644 0.72637304833028526
decision_type=2 2 2 2 2 2 2 2 2
left_child=1 5 3 -3 -4 6 -1 -7 -2
right_child=8 2 4 -5 -6 7 -8 -9 -10
leaf_value=0.0020047592588114333 -0.039594748696605564 -0.0029772447525763393 0.021350077648925232 0.044050966581781502 -0.01407611105383195 0.03349145946616771 -0.024529271778976468 0.00013332235818674213 -0.010956585157134626
leaf_weight=26.814895585179329 5.00196525454521 6.8600683659315136 13.196489810943602 13.949000030755995 19.654460892081261 7.9559222981333724 30.569630086421967 529.85151275992393 5.3039897903800011
leaf_count=129 28 33 59 60 96 36 159 2542 32
internal_value=-2.43212e-05 0.00037009 0.0111653 0.0285473 0.000154872 -0.000603161 -0.0121303 0.000626798 -0.024856
internal_weight=659.158 648.852 53.66 20.8091 32.851 595.192 57.3845 537.807 10.306
internal_count=3174 3114 248 93 155 2866 288 2578 60
is_linear=0
shrinkage=0.03


Tree=86
num_leaves=13
num_cat=0
split_feature=149 30 149 145 56 60 138 30 94 46 60 54
split_gain=7.35019 17.5118 17.1943 16.842 16.2244 13.9597 16.5376 20.3022 13.6874 12.7604 11.7655 10.4753
threshold=12.500000000000002 0.92632457388300138 27.500000000000004 1.3373972319100036 0.22942416389098066 0.9092783291245452 2548.0000000000005 0.8817905228205507 9.2960090245993641 53.441558441558449 0.62635257437260849 0.23577567399807126
decision_type=2 2 2 2 2 2 2 2 2 2 2 2
left_child=5 3 8 -2 -4 11 9 -8 -3 -7 -5 -1
right_child=1 2 4 10 -6 6 7 -9 -10 -11 -12 -13
leaf_value=0.0031385709120721663 0.028787493430736499 -0.0078538673541694217 -0.0031145698051613423 0.022208921668204717 0.019080342883885226 0.024583442280128914 0.014841188923695183 -0.01055534689918137 0.024966872407536086 0.0028173303064439699 -0.020635131785072581 0.045578595676240598
leaf_weight=9.2990715056657809 7.6599024385213843 150.81518590450287 51.913534216582775 6.2084153890609732 69.092602163553238 39.016511186957359 37.30258609354496 117.76747204363346 12.374120920896528 64.009418427944183 81.431041158735752 11.97448195517063
leaf_count=43 36 739 258 27 324 172 175 558 57 309 424 52
internal_value=-2.40807e-05 -0.00274277 0.000989048 -0.0138715 0.00955838 0.00366898 0.00174367 -0.00444613 -0.00536518 0.0110603 -0.0176 0.0270273
internal_weight=658.864 379.495 284.195 95.2994 121.006 279.37 258.096 155.07 163.189 103.026 87.6395 21.2736
internal_count=3174 1865 1378 487 582 1309 1214 733 796 481 451 95
is_linear=0
shrinkage=0.03


Tree=87
num_leaves=13
num_cat=0
split_feature=54 55 27 93 97 70 30 28 51 46 0 56
split_gain=7.19191 17.4639 15.0844 13.6156 17.1874 9.66623 10.0417 19.5248 9.68787 9.4959 9.02447 0.567011
threshold=0.037752089099873688 0.055902075367124417 1.1917791252625991 0.64553373758440535 3.2948181499305513 1.4244325375552325 2.000879833516596 1.6097721092746073 225.00000000000003 25.641025641025646 -0.063999446350479786 0.29205627339779555
decision_type=2 2 2 2 2 2 2 2 2 2 2 2
left_child=1 2 11 -3 -5 8 9 -8 -2 -7 -4 -1
right_child=5 3 10 4 -6 6 7 -9 -10 -11 -12 -13
leaf_value=-0.042769134352555305 -0.0039303787087909478 -0.019897719831808457 0.034597012709948048 0.03568158612194057 -0.0018040429060003367 0.017592260036440186 -0.0059397861314670125 0.01981327859582116 0.044149278118676333 -0.0046685357670494358 -0.015653480706897784 -0.029772397301007406
leaf_weight=6.4124542251229304 6.8928680866956702 7.6214287877082816 6.5670787841081619 32.996723756194115 16.519631519913673 17.955659568309784 55.029364541172981 51.097970306873322 8.3299790620803815 436.58042038977146 6.3042881339788419 5.7123755514621735
leaf_count=32 32 38 30 147 78 82 261 236 36 2141 30 31
internal_value=-2.42679e-05 0.00828056 -0.0126343 0.0174302 0.0231756 -0.00120872 -0.00184916 0.00645975 0.0223789 -0.00378916 0.00998474 -0.036646
internal_weight=658.02 82.134 24.9962 57.1378 49.5164 575.886 560.663 106.127 15.2228 454.536 12.8714 12.1248
internal_count=3174 386 123 263 225 2788 2720 497 68 2223 60 63
is_linear=0
shrinkage=0.03


Tree=88
num_leaves=13
num_cat=0
split_feature=149 30 149 145 109 60 138 30 57 53 54 1
split_gain=6.93749 16.4044 16.1479 15.7419 14.3902 13.0735 15.5061 19.0672 12.8914 11.9097 11.6707 9.98446
threshold=12.500000000000002 0.92632457388300138 27.500000000000004 1.3373972319100036 0.48174173964870431 0.9092783291245452 2548.0000000000005 0.8817905228205507 5.2094302250894398 0.028475680296226595 1.2433007285334041 77.378141924732688
decision_type=2 2 2 2 2 2 2 2 2 2 2 2
left_child=5 3 8 -2 -4 11 9 -8 -3 -7 -5 -1
right_child=1 2 4 10 -6 6 7 -9 -10 -11 -12 -13
leaf_value=0.0083603976526292218 0.027519437217003975 -0.00060339179874474092 0.013887077196955325 -0.020440281972439359 -0.013695462320738396 -0.020719110441249446 0.014347860834285714 -0.010256335280172306 -0.020615727047895636 0.014019037719307695 0.019660615282928638 0.049902768881692663
leaf_weight=12.140698611736299 7.7324027419090262 125.00798311829567 100.69600719958544 79.655007213354111 20.48649750649929 9.8171030133962613 37.384885519742966 117.25992487370968 37.708502739667892 93.287647545337677 7.1152090877294532 9.1171820312738401
leaf_count=55 36 602 479 419 103 50 175 558 194 431 32 40
internal_value=-2.41778e-05 -0.00267046 0.000933375 -0.0134969 0.00922411 0.00356482 0.00169986 -0.00430835 -0.00524112 0.0107115 -0.017152 0.0261773
internal_weight=657.409 378.402 283.899 94.5026 121.183 279.007 257.75 154.645 162.716 103.105 86.7702 21.2579
internal_count=3174 1865 1378 487 582 1309 1214 733 796 481 451 95
is_linear=0
shrinkage=0.03


Tree=89
num_leaves=14
num_cat=0
split_feature=135 76 68 134 106 42 55 10 145 84 121 1 82
split_gain=6.91471 10.9549 9.09736 10.5729 9.83751 8.76584 9.65619 8.47331 10.5652 8.03891 18.3515 9.21476 7.89463
threshold=645.50000000000011 0.25112612612612623 0.83527416619559081 2073.5000000000005 0.22861998476603521 4.4024512609074042 0.11520220964045462 9.6463772195345872 10.192795922943182 0.59635050340656715 0.58168229166666674 82.932925982502454 7.6166341647770226
decision_type=2 2 2 2 2 2 2 2 2 2 2 2 2
left_child=1 2 4 -4 -1 9 -7 8 -3 10 -2 -11 -8
right_child=5 7 3 -5 -6 6 12 -9 -10 11 -12 -13 -14
leaf_value=0.0012851995443682292 0.033638559084319675 -0.0026842885052969167 -0.022123892673337375 0.0049756088795489938 0.026428128029459312 -0.018916288134286717 0.0029229788346323239 -0.032347959620238426 0.037657501851343096 -0.019322948114665929 -0.018603225323414532 -0.00193949502553961 0.04674486221092345
leaf_weight=23.144939258694649 12.028969168663025 237.15039928257465 13.988673254847525 175.7490361481905 35.467311948537827 6.2055534273386028 7.1317344903945905 8.3938345462083799 5.9902070313692084 62.71804041415453 12.17874664068222 48.797482773661613 7.6888884902000427
leaf_count=109 59 1199 68 806 158 31 31 49 28 307 64 232 33
internal_value=-2.44626e-05 0.00169945 0.00616894 0.00297766 0.0164996 -0.00552213 0.0125023 -0.00271345 -0.0016904 -0.00831447 0.00735605 -0.0117162 0.0256576
internal_weight=656.634 499.884 248.35 189.738 58.6123 156.749 21.0262 251.534 243.141 135.723 24.2077 111.516 14.8206
internal_count=3174 2417 1141 874 267 757 95 1276 1227 662 123 539 64
is_linear=0
shrinkage=0.03


Tree=90
num_leaves=10
num_cat=0
split_feature=36 88 54 54 62 70 150 61 89
split_gain=6.94977 7.35662 10.6848 12.888 8.46266 15.2449 8.74606 8.16639 3.92394
threshold=390.02500000000003 832.00000000000011 1.6182335375946835 0.73978833833492319 0.48492608921161834 2.934146727989972 0.67931833337165737 0.74766342078690762 2101.5000000000005
decision_type=2 2 2 2 2 2 2 2 2
left_child=1 2 3 -1 5 -3 -6 -4 -2
right_child=8 4 7 -5 6 -7 -8 -9 -10
leaf_value=0.0029208204783306552 -0.031510148037965223 -0.002040410356132942 0.0034472339829445175 -0.010130679721343669 0.016157833398720362 -0.038167644793431599 -0.013195636589320511 0.049788110219185916 -0.00059304071322087361
leaf_weight=466.91548219323158 9.7190022766590101 25.328180581331253 6.508496165275572 79.719948478043079 19.694400429725647 17.97104600071907 17.039765670895576 7.2182244658470154 5.9603970050811759
leaf_count=2243 56 117 32 396 95 94 80 32 29
internal_value=-2.44316e-05 0.000458706 0.00167388 0.00101742 -0.00804944 -0.0170348 0.00254173 0.0278157 -0.0197573
internal_weight=656.075 640.396 560.362 546.635 80.0334 43.2992 36.7342 13.7267 15.6794
internal_count=3174 3089 2703 2639 386 211 175 64 85
is_linear=0
shrinkage=0.03


Tree=91
num_leaves=10
num_cat=0
split_feature=98 150 134 36 15 102 62 24 22
split_gain=6.94583 9.5084 10.8579 9.24292 12.1897 11.1358 7.14647 7.02415 5.46973
threshold=0.033054948297487334 0.18018931587630443 102543.50000000001 375.83333333333337 4.6062235758507635 0.0010096875412774528 0.57092555331991968 -0.5017301459552802 6.383793355431302
decision_type=2 2 2 2 2 2 2 2 2
left_child=6 2 8 5 -5 -3 7 -1 -2
right_child=1 3 -4 4 -6 -7 -8 -9 -10
leaf_value=-0.010994159110764698 -0.033328868776354374 -0.034058367983448239 0.019752680532730243 -0.022221448398669054 0.016811419746946714 0.0016988491788462175 0.037290196031722074 0.027489458023740677 0.00076726210826686878
leaf_weight=10.850255019962789 19.110229708254344 7.9520474672317496 5.8354288786649695 32.196350678801537 9.2750948369503003 549.34942162036896 8.703593507409094 7.0370192527771023 5.4398284852504721
leaf_count=52 107 41 27 169 44 2635 38 31 30
internal_value=-2.41923e-05 -0.000658939 -0.0170306 0.000171862 -0.0134917 0.00118864 0.0149944 0.00414565 -0.0257738
internal_weight=655.749 629.158 30.3855 598.773 41.4714 557.301 26.5909 17.8873 24.5501
internal_count=3174 3053 164 2889 213 2676 121 83 137
is_linear=0
shrinkage=0.03


Tree=92
num_leaves=8
num_cat=0
split_feature=52 101 54 46 54 99 118
split_gain=6.79382 6.96227 8.53355 17.3024 9.54282 5.65039 2.34957
threshold=13050.000000000002 2.8744277633476769 0.79405427701774534 27.763636363636369 0.65469444055381631 0.31339895760055264 0.72637304833028526
decision_type=2 2 2 2 2 2 2
left_child=1 2 4 -4 -1 -3 -2
right_child=6 5 3 -5 -6 -7 -8
leaf_value=-3.9234065125342521e-05 -0.039316174156924434 0.001688809001155255 0.028335891701788792 -0.013291147576659565 0.013543939779297161 0.034876218682086887 -0.01039578270686033
leaf_weight=484.21870736032724 4.9054383486509305 9.1089649349451083 10.109304055571554 80.923382125794888 51.500601217150688 9.363127648830412 5.2172169089317322
leaf_count=2339 28 41 47 407 238 42 32
internal_value=-2.40356e-05 0.000358555 -0.000176442 -0.00866841 0.00126656 0.0185108 -0.0244106
internal_weight=655.347 645.224 626.752 91.0327 535.719 18.4721 10.1227
internal_count=3174 3114 3031 454 2577 83 60
is_linear=0
shrinkage=0.03


Tree=93
num_leaves=10
num_cat=0
split_feature=122 135 76 62 119 53 10 64 101
split_gain=6.74566 7.43895 9.35891 9.21113 8.86188 8.18789 7.92463 3.93746 3.04877
threshold=0.085638725568137022 669.50000000000011 0.25112612612612623 0.67123161764705885 0.73935688405797106 0.035948746469362559 9.6463772195345872 0.49960629921259847 0.15397809081057359
decision_type=2 2 2 2 2 2 2 2 2
left_child=1 2 4 5 -1 -3 -4 -2 -5
right_child=7 3 6 8 -6 -7 -8 -9 -10
leaf_value=0.013707619669986786 -0.0054230759927590055 -0.023006719049701259 -0.0011570985201135875 -0.0091764881560308098 0.0020465450831281293 0.0012377169061549957 -0.031644421602944887 -0.038869176605774526 -0.031079035984770596
leaf_weight=88.496785506606102 6.5128718614578229 14.592360362410544 244.07593456655741 9.2492694258689898 173.92662613093853 89.003967627882957 7.9223800003528586 6.1679840534925461 14.988922864198683
leaf_count=408 31 75 1234 46 798 429 47 30 76
internal_value=-2.35626e-05 0.00040425 0.00201374 -0.00607252 0.005979 -0.0021773 -0.00211557 -0.0216913 -0.022721
internal_weight=654.937 642.256 514.422 127.835 262.423 103.596 251.998 12.6809 24.2382
internal_count=3174 3113 2487 626 1206 504 1281 61 122
is_linear=0
shrinkage=0.03


Tree=94
num_leaves=8
num_cat=0
split_feature=49 31 28 110 24 54 68
split_gain=6.61158 7.26836 11.5703 10.9737 10.3674 10.2881 9.27091
threshold=455400.00000000006 1.5000000000000002 1.0055584492371474 3.7579302127965999 -0.32663896114958918 0.037752089099873688 1.7514306961104469
decision_type=2 2 2 2 2 2 2
left_child=1 2 6 -3 -5 -4 -1
right_child=-2 3 5 4 -6 -7 -8
leaf_value=-0.025695973740616874 -0.028410721792458092 0.041317533206646703 0.011415863665956944 0.00055896445641758733 0.02887592974692884 -0.001358111096665842 0.00073303074625079008
leaf_weight=29.244205608963966 7.3017267212271681 8.058626711368559 65.299981437623501 77.71547407656908 13.685537695884703 433.10864374786615 20.194309026002884
leaf_count=150 39 35 306 368 59 2114 103
internal_value=-2.33287e-05 0.000296886 -0.00105761 0.00775777 0.00479888 0.000315496 -0.0149004
internal_weight=654.609 647.307 547.847 99.4596 91.401 498.409 49.4385
internal_count=3174 3135 2673 462 427 2420 253
is_linear=0
shrinkage=0.03


Tree=95
num_leaves=11
num_cat=0
split_feature=53 64 72 64 48 23 2 62 104 36
split_gain=6.61553 7.59789 8.97443 7.41077 11.2406 22.2525 10.7768 9.91987 9.97248 9.5827
threshold=1.801306171358763 0.51110508318537529 2.9161545505928617 0.55807820941600217 0.87172012056033987 -1.6711153128513414 98.971719918710377 0.67123161764705885 0.45550054992850247 192.64166666666668
decision_type=2 2 2 2 2 2 2 2 2 2
left_child=3 -2 -3 7 5 -5 -6 9 -9 -1
right_child=1 2 -4 4 6 -7 -8 8 -10 -11
leaf_value=-0.0010804092143093459 -0.039905170750441074 0.024809538668583816 -0.026871589002606975 -0.011069240336329493 -0.0083522710773464535 0.024517234230961905 0.014786875508534357 0.024983495712928613 -0.011856060780470148 0.010166791860535308
leaf_weight=111.48863229900599 7.895500801503661 5.8112761080265027 6.3049357831478119 29.453736409544945 201.4425285756588 34.150591664016247 19.904928773641586 7.5212402194738379 54.782111115753651 175.49845120310783
leaf_count=547 44 28 34 150 996 167 90 36 266 816
internal_value=-2.29781e-05 -0.017006 -0.00208387 0.000512874 -0.00307744 0.00803794 -0.00627146 0.00344186 -0.0074088 0.00579748
internal_weight=654.254 20.0117 12.1162 634.242 284.952 63.6043 221.347 349.29 62.3034 286.987
internal_count=3174 106 62 3068 1403 317 1086 1665 302 1363
is_linear=0
shrinkage=0.03


Tree=96
num_leaves=9
num_cat=0
split_feature=76 91 106 97 1 67 79 28
split_gain=6.47999 9.87829 8.8012 10.9425 9.92901 7.60158 6.98088 0.839012
threshold=0.80322580645161301 0.80340367057181827 0.21472970413901296 0.30479122215809235 43.695320094431331 1.2698007858275318 2.5255906300262483 1.55390813641028
decision_type=2 2 2 2 2 2 2 2
left_child=1 -1 3 -3 -4 6 -2 -7
right_child=5 2 4 -5 -6 7 -8 -9
leaf_value=0.02871446521731465 0.021504536321006486 0.020037114763060384 -0.033646371399314257 -0.0061903339869109385 0.0035239715640575137 -0.023748532257339316 -0.022215345732198188 -0.039813228969163783
leaf_weight=11.028641819953917 6.8916492015123385 15.311019793152807 6.5811853408813468 220.50029506534338 375.3539499938488 5.3708662688732129 6.2841994762420654 6.4275333732366562
leaf_count=54 35 75 32 1103 1775 30 34 36
internal_value=-2.30235e-05 0.000572229 6.98051e-05 -0.00448741 0.00288348 -0.0150097 0.00065241 -0.0325003
internal_weight=653.749 628.775 617.746 235.811 381.935 24.9742 13.1758 11.7984
internal_count=3174 3039 2985 1178 1807 135 69 66
is_linear=0
shrinkage=0.03


Tree=97
num_leaves=11
num_cat=0
split_feature=98 53 42 113 53 25 48 78 58 46
split_gain=6.49951 8.96069 15.3067 10.7813 8.52824 12.5243 9.35168 8.13054 7.24411 7.03593
threshold=0.033054948297487334 0.029505711450999318 1.3307728974927251 1.6279432020683688 0.84627306777097211 -5.0315333852447326 1.0377040687240662 0.041698866563627 2.7164602490992587 53.441558441558449
decision_type=2 2 2 2 2 2 2 2 2 2
left_child=8 2 3 -2 6 -6 -3 -4 9 -1
right_child=1 4 7 -5 5 -7 -8 -9 -10 -11
leaf_value=0.0448801167656179 0.03536020789378061 -0.0011244608297497633 -0.034524031598931408 -0.006947926637963159 0.020903913365964845 -0.013080196593643524 0.0075225543123443091 -0.00052721031313708068 -0.0099312227039014111 0.0079863147990992533
leaf_weight=8.4521200358867699 7.592677682638171 308.32518361508846 23.955842323601246 18.951008692383766 11.314987152814863 71.013866096735001 177.28912469744682 8.605507478117941 7.7269913107156745 10.347782813012598
leaf_count=37 35 1519 130 93 55 360 816 45 37 47
internal_value=-2.28386e-05 -0.000638166 -0.011755 0.00515409 0.000518748 -0.00840954 0.00203241 -0.0255391 0.0145224 0.0245731
internal_weight=653.575 627.048 59.105 26.5437 567.943 82.3289 485.614 32.5613 26.5269 18.7999
internal_count=3174 3053 303 128 2750 415 2335 175 121 84
is_linear=0
shrinkage=0.03


Tree=98
num_leaves=9
num_cat=0
split_feature=36 3 98 70 82 113 89 119
split_gain=6.46808 7.1606 16.105 13.8839 9.95104 10.1262 3.80746 2.83202
threshold=390.02500000000003 0.77585702568604409 1.6430788022015579 3.9907527741484334 102.9442253521127 7.4465024510937265 2101.5000000000005 0.33964285714285719
decision_type=2 2 2 2 2 2 2 2
left_child=1 2 3 -1 5 -3 -2 -6
right_child=6 4 -4 -5 7 -7 -8 -9
leaf_value=0.031490990694598299 -0.030986041591438689 0.0015095375545771371 -0.031083884287600883 -0.013953935064343566 -0.0100509161850059 -0.011938291853061819 -0.00029232923944706989 -0.036853076476356744
leaf_weight=25.998548597097397 9.5024986341595632 527.30695007741451 6.3680728226900092 7.8854849040508261 6.3496404439210883 55.719685100018978 5.8929614871740332 8.0418656468391401
leaf_count=117 56 2544 31 38 34 285 29 40
internal_value=-2.26943e-05 0.00044121 0.0126886 0.0209151 -0.000383978 0.000224332 -0.0192373 -0.0250278
internal_weight=653.066 637.67 40.2521 33.884 597.418 583.027 15.3955 14.3915
internal_count=3174 3089 186 155 2903 2829 85 74
is_linear=0
shrinkage=0.03


Tree=99
num_leaves=15
num_cat=0
split_feature=149 30 149 56 145 36 26 118 107 57 62 28 45 50
split_gain=6.47718 14.85 15.2951 15.3053 14.834 13.5174 16.6597 14.4297 18.2868 12.1137 11.7269 11.4334 8.83025 6.15373
threshold=12.500000000000002 0.92632457388300138 27.500000000000004 0.22942416389098066 1.3373972319100036 275.43333333333339 -0.42869234194844069 0.4232399878244989 0.20461140015666662 5.2094302250894398 0.40607702952029529 1.7191392346134549 0.4470884658454648 870.00000000000011
decision_type=2 2 2 2 2 2 2 2 2 2 2 2 2 2
left_child=5 4 9 -4 -2 7 12 10 -9 -3 -1 -6 -7 -8
right_child=1 2 3 -5 11 6 13 8 -10 -11 -12 -13 -14 -15
leaf_value=0.010033607768589399 0.026758751173426725 -0.00071599159025444615 -0.0034755142654963162 0.018149811827219132 -0.025687669610280101 -0.031791623430655905 0.004158643456617866 0.0012668630499548343 0.022746283209207789 -0.020259561047585067 -0.018077779774992041 -0.0033518366182025299 -0.0067827948888046609 0.043557935865159388
leaf_weight=24.119469881057739 7.7520877867937079 124.60978183150291 51.344372384250164 69.090877160429955 50.599024437367916 17.186080902814865 7.7215930074453336 67.253105193376541 75.96810245513916 37.024882785975933 29.926707789301872 34.819592416286469 48.75009299069643 6.6323759108781815
leaf_count=112 36 602 258 324 274 80 38 315 350 194 149 177 236 29
internal_value=-2.2481e-05 -0.00259256 0.00083742 0.00893043 -0.0129767 0.00345211 -0.00692528 0.00767582 0.0126601 -0.00519274 -0.00553236 -0.0165828 -0.0133013 0.0223634
internal_weight=652.798 375.241 282.07 120.435 93.1707 277.558 80.2901 197.267 143.221 161.635 54.0462 85.4186 65.9362 14.354
internal_count=3174 1865 1378 582 487 1309 383 926 665 796 261 451 316 67
is_linear=0
shrinkage=0.03


Tree=100
num_leaves=12
num_cat=0
split_feature=88 100 71 4 142 146 63 64 106 56 118
split_gain=6.43106 7.57329 11.9109 13.6688 11.3994 8.59431 11.8872 10.9105 5.6851 5.67545 2.25241
threshold=974.50000000000011 0.78457452231699631 2.1530397257657259 25.992877894176996 2.5898823681979519 13.159241928177055 0.79492234169653531 0.23713765214606022 0.28507348442642783 0.12804441167232219 0.88804242096166619
decision_type=2 2 2 2 2 2 2 2 2 2 2
left_child=1 5 4 -4 -3 6 -1 -7 10 -10 -2
right_child=8 2 3 -5 -6 7 -8 -9 9 -11 -12
leaf_value=0.0072559147242427548 -0.039778489689767584 0.0056672924733828555 -0.012084129290880416 0.0065666850684289787 -0.021922822198059133 0.017661192128291224 0.041437848802566846 -0.00057275244359137765 -0.023555185414965887 0.012081177498075709 -0.014418254517700037
leaf_weight=50.721280083060265 7.2339987605810183 18.626989737153053 51.64218857884407 112.20487716794014 48.754019364714622 32.800107471644878 11.173577845096586 296.6327977925539 6.7075023949146297 10.046461045742033 5.5858203023672104
leaf_count=238 40 93 267 550 265 149 51 1409 34 46 32
internal_value=-2.29808e-05 0.000626341 -0.00367818 0.000688222 -0.0142957 0.0031698 0.0134266 0.00124272 -0.0136918 -0.00218595 -0.0287286
internal_weight=652.13 622.556 231.228 163.847 67.381 391.328 61.8949 329.433 29.5738 16.754 12.8198
internal_count=3174 3022 1175 817 358 1847 289 1558 152 80 72
is_linear=0
shrinkage=0.03


Tree=101
num_leaves=9
num_cat=0
split_feature=52 135 82 112 0 48 143 84
split_gain=6.34693 6.61441 11.5372 12.9235 9.32747 8.05604 7.78451 2.34001
threshold=13050.000000000002 550.50000000000011 33.38212250712251 5.3284883746014327 -0.056954245592672349 1.4585893435345645 3.0200068085476004 0.80153440417544319
decision_type=2 2 2 2 2 2 2 2
left_child=1 2 4 -4 -1 6 -3 -2
right_child=7 5 3 -5 -6 -7 -8 -9
leaf_value=-0.00086285403461930376 -0.0094832563627636132 0.0070981808177211347 -0.015893943581528354 0.02404965475467306 0.00903210429757886 0.029620392157145053 -0.0071794278645450618 -0.038648774829889362
leaf_weight=152.13329595327377 5.0247616842389089 42.064860180020332 48.26663263887167 8.5869788825511915 196.45921517163515 6.3753799498081198 187.84801726788282 4.8806531429290771
leaf_count=768 30 214 246 39 918 30 899 30
internal_value=-2.29581e-05 0.000344881 0.00266999 -0.009861 0.00471373 -0.00364477 -0.0045672 -0.0238539
internal_weight=651.64 641.734 405.446 56.8536 348.593 236.288 229.913 9.90541
internal_count=3174 3114 1971 285 1686 1143 1113 60
is_linear=0
shrinkage=0.03


Tree=102
num_leaves=7
num_cat=0
split_feature=122 103 15 61 56 64
split_gain=6.33472 7.40632 7.48259 10.3451 8.46312 3.70361
threshold=0.085638725568137022 0.74588141097576166 -5.2965872433072194 0.18844577444637631 0.83836369077261741 0.49960629921259847
decision_type=2 2 2 2 2 2
left_child=1 2 3 -1 -4 -2
right_child=5 -3 4 -5 -6 -7
leaf_value=0.022665028475173966 -0.0053934997960771083 0.023254249159797208 -0.0006728089261948 -0.020405750894805754 0.0098327018361823795 -0.038101655794589781
leaf_weight=6.014265537261962 6.4501485675573331 12.501965284347532 510.22069803625345 30.326340824365616 79.809599027037621 6.0270147323608398
leaf_count=31 31 56 2499 157 370 30
internal_value=-2.266e-05 0.000390795 -6.55447e-05 -0.0132777 0.000748204 -0.021193
internal_weight=651.35 638.873 626.371 36.3406 590.03 12.4772
internal_count=3174 3113 3057 188 2869 61
is_linear=0
shrinkage=0.03


Tree=103
num_leaves=10
num_cat=0
split_feature=113 145 15 149 149 30 60 36 56
split_gain=6.33417 7.55224 13.5387 14.9435 12.063 16.4556 12.1103 5.5608 4.367
threshold=0.54631053177650912 1.3373972319100036 2.3731007601621936 27.500000000000004 13.500000000000002 0.92632457388300138 0.8709675328384463 234.10833333333338 0.26454936823543623
decision_type=2 2 2 2 2 2 2 2 2
left_child=8 2 3 -2 6 -6 -3 -4 -1
right_child=1 4 7 -5 5 -7 -8 -9 -10
leaf_value=-0.034967122556561807 0.0035063288757728886 0.029272822468726915 -0.036024379803282339 0.032526595106317807 -0.016514818852798836 -0.00064063755783089183 0.0022384220533227983 0.00086354558021505174 -0.0016288359152904722
leaf_weight=7.7709638327360135 41.92439703643322 15.89177720248699 7.2015912830829603 25.795312009751797 80.799374021589756 215.58700342476368 242.13620529323816 7.5171568840742111 6.4891469329595566
leaf_count=46 202 71 36 120 431 1051 1146 38 33
internal_value=-2.22773e-05 0.000420494 0.00889261 0.0145605 -0.000839264 -0.00496818 0.00390345 -0.017185 -0.0197963
internal_weight=651.113 636.853 82.4385 67.7197 554.414 296.386 258.028 14.7187 14.2601
internal_count=3174 3095 396 322 2699 1482 1217 74 79
is_linear=0
shrinkage=0.03


Tree=104
num_leaves=11
num_cat=0
split_feature=101 57 107 101 132 124 81 123 138 157
split_gain=6.10935 10.9207 10.2991 9.09353 8.52627 10.366 9.32439 8.45652 6.52829 3.35583
threshold=2.380821525559464 4.2042892752082599 0.45302421106427249 1.969363831291888 0.21081938493088817 0.16349040956733693 0.16281177855534454 0.38029683319957136 7978.5000000000009 0.36931818181818188
decision_type=2 2 2 2 2 2 2 2 2 2
left_child=3 2 7 4 6 -6 -1 -2 9 -5
right_child=1 -3 -4 8 5 -7 -8 -9 -10 -11
leaf_value=0.009048703499490619 0.041688877412867094 -0.019573029552027808 -0.014238259320134094 -0.015060452929127785 -0.01834010039035849 -0.00074245266817442052 -0.010803053454864792 0.0049245304139844109 0.00607072787154275 -0.037373432346805041
leaf_weight=137.44385144114494 15.681709676980978 8.0706568509340268 6.4073012024164191 16.808453366160396 32.716021575033665 380.55680084973574 25.198418073356152 8.7856559455394727 9.3510581552982313 9.4921909570693952
leaf_count=673 69 39 31 86 169 1849 123 41 46 48
internal_value=-2.21373e-05 0.0114987 0.0196209 -0.000755801 0.000154377 -0.00213554 0.00597304 0.0284877 -0.0154588 -0.0231135
internal_weight=650.512 38.9453 30.8747 611.567 575.915 413.273 162.642 24.4674 35.6517 26.3006
internal_count=3174 180 141 2994 2814 2018 796 110 180 134
is_linear=0
shrinkage=0.03


Tree=105
num_leaves=9
num_cat=0
split_feature=49 56 72 138 26 53 149 149
split_gain=6.1542 6.72408 10.1672 10.8003 10.6825 9.18041 14.0505 9.5351
threshold=455400.00000000006 1.1926253906454796 3.8008774127719005 2987.5000000000005 -0.83101239134862259 0.028475680296226595 29.500000000000004 12.500000000000002
decision_type=2 2 2 2 2 2 2 2
left_child=1 5 4 -4 -3 6 -1 -7
right_child=-2 2 3 -5 -6 7 -8 -9
leaf_value=-0.022304684733315854 -0.027707748920447677 0.038918129605403216 -0.025470951244108326 0.017963564568608641 0.0043696367143304339 0.0052011337625170479 0.0096561861639349877 -0.0029012274676906763
leaf_weight=38.72113948315382 7.1466170102357855 15.584317699074743 11.398783132433893 9.4024121910333616 16.671783089637756 229.62096136063337 18.196989610791206 303.50039498507977
leaf_count=206 39 69 56 43 78 1080 89 1514
internal_value=-2.19536e-05 0.000285714 0.0105155 -0.00583798 0.0210615 -0.000634167 -0.0120866 0.000588545
internal_weight=650.243 643.097 53.0573 20.8012 32.2561 590.039 56.9181 533.121
internal_count=3174 3135 246 99 147 2889 295 2594
is_linear=0
shrinkage=0.03


Tree=106
num_leaves=8
num_cat=0
split_feature=36 3 98 58 89 54 89
split_gain=6.1164 6.6434 15.0791 14.6628 9.25499 8.45948 3.65991
threshold=390.02500000000003 0.77585702568604409 1.6430788022015579 2.2282079437034494 14793.000000000002 0.74979657370431585 2101.5000000000005
decision_type=2 2 2 2 2 2 2
left_child=1 2 3 -1 5 -3 -2
right_child=6 4 -4 -5 -6 -7 -8
leaf_value=0.037493635262455388 -0.030538142232351635 0.0017522206612696468 -0.030472356689146125 -0.0022869611703422153 -0.028031040755933437 -0.007936739345996471 -0.00030938415887797567
leaf_weight=19.11735688149929 9.3095797970890981 486.48273491114378 6.2785950899124137 14.790937379002569 10.690220586955546 97.327687956392765 5.8824343830347052
leaf_count=84 56 2355 31 71 59 489 29
internal_value=-2.18276e-05 0.00042845 0.0122336 0.0201412 -0.000369549 0.000136963 -0.0188334
internal_weight=649.88 634.688 40.1869 33.9083 594.501 583.81 15.192
internal_count=3174 3089 186 155 2903 2844 85
is_linear=0
shrinkage=0.03


Tree=107
num_leaves=10
num_cat=0
split_feature=53 21 54 55 27 93 70 64 36
split_gain=6.02676 7.82319 6.67946 14.4795 15.6322 12.916 9.73716 9.08781 2.33697
threshold=1.801306171358763 4.3614987656387649 0.037752089099873688 0.055902075367124417 1.1917791252625991 0.64553373758440535 1.3676716539928477 0.50256728507969706 281.04166666666674
decision_type=2 2 2 2 2 2 2 2 2
left_child=2 -2 3 4 -1 -5 -4 -8 -3
right_child=1 8 6 5 -6 -7 7 -9 -10
leaf_value=-0.035926790055755317 0.012304999410134212 -0.04002502876004306 0.02564697111725402 -0.019718397310888362 0.012865609986734815 0.022507353335980737 0.0028286075604171787 -0.0049838320070095098 -0.015062590597057652
leaf_weight=11.619106143712999 5.9530422165989902 7.5752939432859403 12.350958496332167 7.5252738296985617 12.026379734277723 48.781093463301659 253.92616411298513 283.75822234153748 6.0880971401929855
leaf_count=62 32 43 56 38 56 222 1221 1413 31
internal_value=-2.1546e-05 -0.0163971 0.000488352 0.00859063 -0.0111104 0.0168639 -0.000689376 -0.00129434 -0.0289023
internal_weight=649.604 19.6164 629.987 79.9519 23.6455 56.3064 550.035 537.684 13.6634
internal_count=3174 106 3068 378 118 260 2690 2634 74
is_linear=0
shrinkage=0.03


Tree=108
num_leaves=10
num_cat=0
split_feature=113 145 15 149 53 149 42 36 29
split_gain=6.02057 7.05694 12.7114 13.9212 11.105 12.662 10.8291 5.32542 4.54528
threshold=0.54631053177650912 1.3373972319100036 2.3731007601621936 27.500000000000004 0.032549171619651693 13.500000000000002 1.2663075613376782 234.10833333333338 1.7941182029417135
decision_type=2 2 2 2 2 2 2 2 2
left_child=8 2 3 -2 6 -6 -3 -4 -1
right_child=1 4 7 -5 5 -7 -8 -9 -10
leaf_value=-0.035837888178983014 0.0033912721729561961 0.0017469743782049789 -0.035462887141736982 0.031382909038973741 0.0058503702079146999 -0.0037875164868657525 -0.024222555573076225 0.00081079109863957616 -0.0017337430161339232
leaf_weight=7.3056413382291776 41.920230358839035 25.261638127267361 7.0826756805181486 25.85168619453907 227.74270053952932 265.94086625427008 33.769670352339745 7.4997130781412125 6.7823413535952568
leaf_count=42 202 124 36 120 1064 1328 183 38 37
internal_value=-2.14703e-05 0.000408837 0.00860152 0.0140687 -0.00081187 0.000658567 -0.0131093 -0.0168074 -0.0194192
internal_weight=649.157 635.069 82.3543 67.7719 552.715 493.684 59.0313 14.5824 14.088
internal_count=3174 3095 396 322 2699 2392 307 74 79
is_linear=0
shrinkage=0.03


Tree=109
num_leaves=15
num_cat=0
split_feature=135 76 119 104 58 128 55 42 55 36 48 53 71 82
split_gain=6.12155 9.0996 9.90709 14.1999 9.40391 9.34582 8.49738 7.9222 8.78073 7.8984 10.7025 7.86633 7.43597 7.11567
threshold=645.50000000000011 0.2064354727398206 0.73935688405797106 0.58042596515430556 1.4681862601685094 0.47932541150262514 0.054143520167690196 4.4024512609074042 0.11520220964045462 272.36666666666673 1.1901521546132088 0.59357522135739205 2.4683580848001214 7.6166341647770226
decision_type=2 2 2 2 2 2 2 2 2 2 2 2 2 2
left_child=1 2 12 -4 6 -6 -3 9 -9 10 -2 -11 -1 -10
right_child=7 4 3 -5 5 -7 -8 8 13 11 -12 -13 -14 -15
leaf_value=0.0061474970555738155 -0.0057443823659004203 0.01587780837339077 -0.015293172051044815 0.0082300199989020131 0.0062311001733570586 -0.00512421906965836 -0.017439431857376203 -0.018295511037861457 0.0029446393543147201 -0.024450217842479277 0.034194037940959973 0.0087141762162729584 0.029077208893680925 0.044935380892690037
leaf_weight=24.208123952150345 83.339360237121582 8.0535576120018941 30.472058512270451 95.412973664700985 140.1848156824708 122.00418181717396 47.666699290275574 6.0541256368160274 7.0104709863662702 35.512659639120102 6.5105052888393393 7.8617834225296965 26.842462509870529 7.5367468744516373
leaf_count=114 415 42 144 433 700 614 251 31 31 178 30 39 119 33
internal_value=-2.13787e-05 0.0016035 0.00705658 0.00253593 -0.00143147 0.000947139 -0.0126239 -0.00524847 0.0120646 -0.0079257 -0.00285045 -0.018439 0.018204 0.0246996
internal_weight=648.671 494.845 176.936 125.885 317.909 262.189 55.7203 153.826 20.6013 133.224 89.8499 43.3744 51.0506 14.5472
internal_count=3174 2417 810 577 1607 1314 293 757 95 662 445 217 233 64
is_linear=0
shrinkage=0.03


Tree=110
num_leaves=10
num_cat=0
split_feature=98 150 134 131 100 29 62 137 24
split_gain=6.02291 8.64549 10.0833 8.61085 9.1707 8.23592 6.79797 6.52921 6.03296
threshold=0.033054948297487334 0.18018931587630443 102543.50000000001 0.15177856596674935 1.0442047907737673 0.82481982705955059 0.57092555331991968 5364.0000000000009 -0.5017301459552802
decision_type=2 2 2 2 2 2 2 2 2
left_child=6 2 7 4 -3 -5 8 -2 -1
right_child=1 3 -4 5 -6 -7 -8 -9 -10
leaf_value=-0.01077607786071463 -0.035519855233744971 0.006280323316982913 0.018997233618447879 0.0075217200684263947 -0.013170062829342849 -0.0049965230324848066 0.035784526020211094 -0.001354910675491841 0.025194025275458908
leaf_weight=10.696606032550337 16.519267722964294 226.08440774679184 5.8049039095640174 56.705557391047478 24.146779090166092 285.19622217863798 8.6740421652793867 7.2410962954163542 6.9058491587638882
leaf_count=52 97 1103 27 273 129 1384 38 40 31
internal_value=-2.12637e-05 -0.000615883 -0.0164482 0.000174627 0.0044034 -0.00292033 0.0140474 -0.0251079 0.00333582
internal_weight=647.975 621.698 29.5653 592.133 250.231 341.902 26.2765 23.7604 17.6025
internal_count=3174 3053 164 2889 1232 1657 121 137 83
is_linear=0
shrinkage=0.03


Tree=111
num_leaves=7
num_cat=0
split_feature=122 103 68 58 62 64
split_gain=6.10119 6.80557 7.05065 6.87227 6.13478 3.48903
threshold=0.085638725568137022 0.74588141097576166 9.0100000000000016 1.735343434651538 0.37730250611384092 0.49960629921259847
decision_type=2 2 2 2 2 2
left_child=1 2 3 -1 -4 -2
right_child=5 -3 4 -5 -6 -7
leaf_value=-0.0046586451027958841 -0.0056140948259830832 0.022347738149232313 0.0063933758894113768 0.0024493610978577511 -0.033266976880919889 -0.037571683015767431
leaf_weight=170.03560421615839 6.4150050953030568 12.44846674799919 5.2950194329023352 437.1434053555131 10.413455657660959 5.9048195034265518
leaf_count=836 31 56 28 2131 62 30
internal_value=-2.10884e-05 0.00038438 -5.45598e-05 0.000458821 -0.0198982 -0.0209312
internal_weight=647.656 635.336 622.887 607.179 15.7085 12.3198
internal_count=3174 3113 3057 2967 90 61
is_linear=0
shrinkage=0.03


Tree=112
num_leaves=15
num_cat=0
split_feature=36 108 58 70 36 110 121 1 66 4 27 144 87 106
split_gain=5.96347 15.1351 14.079 15.3911 11.5201 17.405 17.6288 13.4729 13.4215 12.682 9.19824 6.45931 6.26955 0.504643
threshold=311.70833333333337 0.031721685067956952 1.8032575745636772 2.7336598638004168 192.64166666666668 1.3370410210355408 0.16084956709956713 85.939452853770334 0.51223802395209594 20.999677257530568 0.95871459948849924 4.9412981148600847 403.50000000000006 0.36233317024928241
decision_type=2 2 2 2 2 2 2 2 2 2 2 2 2 2
left_child=4 12 10 -4 7 11 -7 8 -1 -9 -3 -6 -2 -14
right_child=1 2 3 -5 5 6 -8 9 -10 -11 -12 -13 13 -15
leaf_value=0.028982403306654726 -0.0010736340795453635 -0.0023526321796663711 0.022179923192408368 -0.0035168346789303793 -0.0048860035792312939 -0.024481391407652743 0.011372725788789308 -0.0071972546466802815 -0.013506037665488987 0.010035574887250712 -0.033788470876838339 -0.040397147496593865 -0.031036413588987621 -0.04167310022431709
leaf_weight=7.1603558659553519 5.7866381257772472 16.739825010299683 30.383153513073921 67.764880985021591 10.007138013839723 13.182588338851927 193.56412518769503 65.182688787579536 102.11489939689636 93.658777862787247 16.768868267536163 8.5476071983575803 6.7826864346861866 9.8354850560426694
leaf_count=34 30 81 136 348 49 68 901 331 531 447 87 42 39 50
internal_value=-2.0738e-05 -0.00517324 -0.00129427 0.00443797 0.00158804 0.00658864 0.00908659 -0.00261401 -0.0107219 0.00296386 -0.0180842 -0.0212449 -0.0279671 -0.0373317
internal_weight=647.48 154.062 131.657 98.148 493.418 225.301 206.747 268.117 109.275 158.841 33.5087 18.5547 22.4048 16.6182
internal_count=3174 771 652 484 2403 1060 969 1343 565 778 168 91 119 89
is_linear=0
shrinkage=0.03


Tree=113
num_leaves=8
num_cat=0
split_feature=52 113 56 153 64 4 118
split_gain=5.92936 6.33726 7.36993 7.16484 7.73362 5.82674 2.43782
threshold=13050.000000000002 0.59384960221655658 0.26454936823543623 0.81666666666666676 0.53760248798416754 38.474220256037448 0.72637304833028526
decision_type=2 2 2 2 2 2 2
left_child=1 2 -1 4 -3 -5 -2
right_child=6 3 -4 5 -6 -7 -8
leaf_value=-0.03559361244822009 -0.038762437389688514 0.0049184657684046484 0.0019986260154708107 -0.0033490004352464708 -0.0019255637410529973 -0.033748262161767711 -0.0086519318584688133
leaf_weight=9.4074347019195574 4.7175143510103208 297.55529871582985 9.3671879619359952 14.448988273739817 296.82174737751484 9.3447466492652875 4.968853086233139
leaf_count=56 28 1413 49 71 1477 48 32
internal_value=-2.12917e-05 0.000332971 -0.0168378 0.000854469 0.00150067 -0.015288 -0.0233165
internal_weight=646.632 636.945 18.7746 618.171 594.377 23.7937 9.68637
internal_count=3174 3114 105 3009 2890 119 60
is_linear=0
shrinkage=0.03


Tree=114
num_leaves=11
num_cat=0
split_feature=53 148 25 33 53 53 102 58 102 107
split_gain=5.89772 10.4712 10.2365 11.8441 8.63365 19.3964 14.7109 14.3898 11.3191 10.2719
threshold=0.84627306777097211 46.500000000000007 -5.0315333852447326 1.5000000000000002 0.17314371378211094 0.18098327417949467 0.0072556882032255403 1.735343434651538 0.0040541888484116962 0.15988288316790156
decision_type=2 2 2 2 2 2 2 2 2 2
left_child=4 2 -2 -4 6 -6 8 -7 -1 -8
right_child=1 -3 3 -5 5 7 9 -9 -10 -11
leaf_value=-0.0040112671689547432 0.024273746416091591 -0.038538134414856061 0.0030372648224442876 -0.022652491352045927 0.045940960882239479 -0.0076295353022930393 -0.02115248460880902 0.0068236595363387791 0.01467965739123963 -0.00316339005988261
leaf_weight=66.751590766012669 10.110586076974867 8.7218693420290929 37.083386778831482 28.615664847195148 9.7424533441662771 84.57632302492857 49.880842663347721 232.22247699648142 51.781068801879883 66.859502948820591
leaf_count=324 49 45 186 149 43 413 261 1116 243 345
internal_value=-2.10671e-05 -0.00740892 -0.00382751 -0.00815208 0.00109052 0.00424726 -0.0032908 0.00296507 0.00415388 -0.0108498
internal_weight=646.346 84.5315 75.8096 65.6991 561.814 326.541 235.273 316.799 118.533 116.74
internal_count=3174 429 384 335 2745 1572 1173 1529 567 606
is_linear=0
shrinkage=0.03


Tree=115
num_leaves=14
num_cat=0
split_feature=88 62 70 128 118 54 54 71 105 61 55 61 59
split_gain=5.94924 8.99581 13.9416 9.6106 9.13356 8.39986 10.6438 12.3952 12.2316 10.6281 7.06584 3.22528 0.437013
threshold=832.00000000000011 0.48492608921161834 2.934146727989972 0.81062984527114434 0.60032487574832871 1.6182335375946835 0.73978833833492319 3.9328572536886597 0.025130673173844088 0.6903957170210443 0.12100366092727978 0.70883712660028464 2.8898303680451263
decision_type=2 2 2 2 2 2 2 2 2 2 2 2 2
left_child=5 2 4 10 -2 6 8 -8 -1 -7 -3 -5 -4
right_child=1 3 12 11 -6 9 7 -9 -10 -11 -12 -13 -14
leaf_value=-0.022155325274719678 -0.02413381542289034 0.036971701675482346 -0.030237649897472577 -0.030426928726245181 0.012374739561289162 -0.0018254641931949303 -0.01563287013519872 0.014321520246514089 0.0031405084691766287 0.048555147421756595 0.0027197413667317885 -0.0025635907258238942 -0.040468049899649659
leaf_weight=17.8841447904706 10.521896317601206 8.3715191110968608 5.3946753889322308 7.1661830917000753 14.901757046580313 7.5962134152650815 63.220509685575962 15.476625666022299 452.3452253639698 7.4788230955600739 15.376628682017325 7.817732110619545 12.38636454939842
leaf_count=94 53 39 29 36 68 39 331 72 2199 34 76 36 68
internal_value=-2.12011e-05 -0.00757486 -0.0169866 0.00292376 -0.00273478 0.00107618 0.000469454 -0.00974202 0.00217844 0.0231687 0.014794 -0.0158895 -0.0373642
internal_weight=645.938 81.9368 43.2047 38.7321 25.4237 564.002 548.927 78.6971 470.229 15.075 23.7481 14.9839 17.781
internal_count=3174 405 218 187 121 2769 2696 403 2293 73 115 72 97
is_linear=0
shrinkage=0.03


Tree=116
num_leaves=15
num_cat=0
split_feature=135 76 78 83 2 54 109 50 104 82 149 99 90 123
split_gain=5.83635 12.4053 9.088 9.15582 8.71453 10.0338 9.67194 8.31533 8.53905 10.7271 8.09914 12.5774 9.41967 6.26787
threshold=550.50000000000011 0.24509803921568632 0.01301316839906781 2.2008605626115973 81.736694677871157 1.3268346568903278 0.035236899237890203 1050.0000000000002 0.66134339457463165 7.0391534391534405 12.500000000000002 0.6493166112100871 1.1030290123659598 0.16016619843188704
decision_type=2 2 2 2 2 2 2 2 2 2 2 2 2 2
left_child=1 4 -3 -4 6 -6 -1 10 13 -10 12 -12 -2 -9
right_child=7 2 3 -5 5 -7 -8 8 9 -11 11 -13 -14 -15
leaf_value=-0.012789842584006278 -0.014947815397258778 -0.015328665187891066 -0.034379067179154829 0.0015615671132102429 0.00024754838577108293 0.035432074670743184 0.020883689206347242 -0.0081859645817247955 -0.028661072901384418 0.011161238634555053 -0.010151973986019322 0.022626279675269922 0.012433942941453571 -0.032469242438798493
leaf_weight=8.8126074373722059 13.939073756337164 40.367543593049049 6.6060103029012671 185.82359252870083 99.219897881150246 7.8735267817974082 59.561668381094933 17.0264533162117 8.5859277248382586 20.925344258546829 82.863286934792995 12.070294633507727 59.886198312044144 21.833823949098587
leaf_count=41 68 208 39 948 466 37 267 91 42 101 416 59 277 114
internal_value=-2.12465e-05 0.00215296 -0.00238711 0.000327743 0.00817639 0.00283432 0.0165436 -0.00376456 -0.0125905 -0.000424554 -0.000188774 -0.0059844 0.00726395 -0.0218296
internal_weight=645.395 408.265 232.797 192.43 175.468 107.093 68.3743 237.13 68.3715 29.5113 168.759 94.9336 73.8253 38.8603
internal_count=3174 2006 1195 987 811 503 308 1168 348 143 820 475 345 205
is_linear=0
shrinkage=0.03


Tree=117
num_leaves=9
num_cat=0
split_feature=98 150 134 102 131 58 46 89
split_gain=5.81455 8.27106 9.48619 8.32372 8.7754 6.6517 6.34415 4.95628
threshold=0.033054948297487334 0.18018931587630443 102543.50000000001 0.00094314970275927775 0.15177856596674935 2.7164602490992587 53.441558441558449 5373.0000000000009
decision_type=2 2 2 2 2 2 2 2
left_child=5 2 7 -3 -5 6 -1 -2
right_child=1 3 -4 4 -6 -7 -8 -9
leaf_value=0.042976481787762137 -0.034725701766709464 -0.032437395051337962 0.01806820106250458 0.0048573776213960548 -0.0025967326672924965 -0.0098722868949109744 0.0077158435872564475 -0.0056847667973604042
leaf_weight=8.3126946985721641 15.333857424557214 6.9644027501344672 5.8271577507257453 246.29024557769299 336.12971948087215 7.5665850788354865 10.26112639904022 8.0739716514945012
leaf_count=37 93 37 27 1215 1637 37 47 44
internal_value=-2.13857e-05 -0.000607017 -0.0161824 0.00016556 0.000555417 0.0138377 0.0234967 -0.0247087
internal_weight=644.76 618.619 29.235 589.384 582.42 26.1404 18.5738 23.4078
internal_count=3174 3053 164 2889 2852 121 84 137
is_linear=0
shrinkage=0.03


Tree=118
num_leaves=7
num_cat=0
split_feature=36 70 3 98 147 128
split_gain=5.82566 6.1213 6.24961 14.1341 9.7946 3.27872
threshold=390.02500000000003 1.2971863292977071 0.77585702568604409 1.6430788022015579 27.253899518985268 0.22863016425657715
decision_type=2 2 2 2 2 2
left_child=1 -1 3 -3 -4 -2
right_child=5 2 4 -5 -6 -7
leaf_value=0.027555947680349718 -0.0051239325026682207 0.01920982831391049 0.00064693199946276678 -0.030075004314085108 -0.011994224845938943 -0.033311525339144089
leaf_weight=7.3924323171377173 7.7857313603162748 33.78022463619709 520.49849344789982 6.1979006975889197 61.703481860458851 7.1013513281941414
leaf_count=34 44 155 2571 31 298 41
internal_value=-2.10918e-05 0.000417518 9.50723e-05 0.0115691 -0.000692815 -0.0185698
internal_weight=644.46 629.573 622.18 39.9781 582.202 14.8871
internal_count=3174 3089 3055 186 2869 85
is_linear=0
shrinkage=0.03


Tree=119
num_leaves=10
num_cat=0
split_feature=122 135 62 65 31 63 106 64 72
split_gain=5.75222 6.32393 8.0555 7.87505 6.8168 13.1477 8.23608 3.25303 2.91493
threshold=0.085638725568137022 669.50000000000011 0.67123161764705885 1.5116665788572485 1.5000000000000002 0.73024948024948033 0.013633069119584198 0.49960629921259847 1.6822719622021867
decision_type=2 2 2 2 2 2 2 2 2
left_child=1 4 3 -3 6 -6 -1 -2 -4
right_child=7 2 8 -5 5 -7 -8 -9 -10
leaf_value=0.019415661081247898 -0.0057171951079603971 0.0066301636577937098 -0.0045994861201847925 -0.010107044730893813 0.0019740879987439792 0.029360596803994127 -0.00049102876327261093 -0.036820821761430353 -0.028167264022306269
leaf_weight=19.593116745352745 6.3765676841139776 48.969346642494202 6.5670074298977879 52.345328621566296 52.488088138401508 22.556980162858963 412.81663343310356 5.7598690390586853 16.822094701230526
leaf_count=92 31 241 35 263 249 102 2044 30 87
internal_value=-2.07161e-05 0.000372046 -0.00568081 -0.0020173 0.0018595 0.0102059 0.000410972 -0.0204788 -0.0215501
internal_weight=644.295 632.159 124.704 101.315 507.455 75.0451 432.41 12.1364 23.3891
internal_count=3174 3113 626 504 2487 351 2136 61 122
is_linear=0
shrinkage=0.03


Tree=120
num_leaves=9
num_cat=0
split_feature=76 91 87 4 67 149 79 24
split_gain=5.71818 8.71631 7.7025 10.3157 7.29635 7.18331 6.43091 0.818593
threshold=0.80322580645161301 0.80340367057181827 344.50000000000006 19.802276535869868 1.2698007858275318 12.500000000000002 2.5255906300262483 -1.0902925180200675
decision_type=2 2 2 2 2 2 2 2
left_child=1 -1 3 -3 6 -4 -2 -6
right_child=4 2 5 -5 7 -7 -8 -9
leaf_value=0.026849943491679618 0.021095957907576669 -0.018834967758510519 0.0028518627063201657 0.013381789706082396 -0.023027527600821711 -0.0042004986194084729 -0.021328731607790984 -0.0391743879255688
leaf_weight=11.128658235073088 6.8379116803407687 10.355925649404524 225.30692271888256 65.649435013532639 5.2013006210327148 307.24651419371367 6.0705722868442535 6.1870432868599874
leaf_count=54 35 55 1064 318 30 1548 34 36
internal_value=-2.04336e-05 0.000539325 5.81854e-05 0.00899217 -0.014297 -0.00121686 0.00114457 -0.0317998
internal_weight=643.984 619.687 608.559 76.0054 24.2968 532.553 12.9085 11.3883
internal_count=3174 3039 2985 373 135 2612 69 66
is_linear=0
shrinkage=0.03


Tree=121
num_leaves=12
num_cat=0
split_feature=104 25 131 150 84 56 15 46 73 4 139
split_gain=5.62803 9.32444 6.60417 9.44957 7.8133 7.01629 7.6349 7.43358 5.74068 5.00697 3.82854
threshold=1.9674116227782834 -0.95736290666633839 0.15177856596674935 0.18018931587630443 0.39998011553061363 1.0351172372100554 -0.78741302960037485 25.641025641025646 0.075961538461538483 48.570420328887465 16.500000000000004
decision_type=2 2 2 2 2 2 2 2 2 2 2
left_child=2 -2 3 9 -5 7 -7 -4 -3 -1 -10
right_child=1 8 5 4 -6 6 -8 -9 10 -11 -12
leaf_value=-0.032198054165692477 0.013373536240322217 0.0041412164862901597 0.015652212711889778 -0.024873759315946459 0.0066481740646402738 -0.0061248668129670232 0.022694466553685219 -0.0045026281790086584 -0.011691395587337545 0.0047960575664654963 -0.04084185112120272
leaf_weight=9.4103446975350362 9.2366088479757291 5.6441148817539242 17.417043179273605 7.2967993542551985 234.98143253475428 14.015056252479551 20.194204330444336 302.74822624772787 6.2560231387615231 5.0649260133504859 11.525223478674887
leaf_count=58 45 29 83 41 1150 67 90 1493 32 24 62
internal_value=-2.02691e-05 -0.0121534 0.00062819 0.00429204 0.00569881 -0.00202636 0.0108876 -0.0034062 -0.0222186 -0.0192537 -0.0305858
internal_weight=643.79 32.662 611.128 256.754 242.278 354.375 34.2093 320.165 23.4254 14.4753 17.7812
internal_count=3174 168 3006 1273 1191 1733 157 1576 123 82 94
is_linear=0
shrinkage=0.03


Tree=122
num_leaves=9
num_cat=0
split_feature=49 36 108 58 36 106 25 45
split_gain=5.61747 6.25538 14.7423 13.1763 10.6819 10.7724 10.2413 4.81985
threshold=455400.00000000006 311.70833333333337 0.031721685067956952 1.8032575745636772 294.60833333333335 0.49408472687835558 -0.96872906708710194 0.58876050420168069
decision_type=2 2 2 2 2 2 2 2
left_child=1 4 7 -4 6 -6 -1 -3
right_child=-2 2 3 -5 5 -7 -8 -9
leaf_value=0.0044355624120379902 -0.026852199452415543 -0.036860306263059014 -0.017712517195294139 0.0042771829105520721 0.006588379649341663 0.040935455990790653 -0.0047904496343418286 -0.0044418756819487419
leaf_weight=261.76946118474007 6.9464730769395819 15.565971858799459 32.806204035878181 97.145219102501869 27.06917679309845 11.800924718379973 184.683259986341 5.6169732436537734
leaf_count=1266 39 84 167 481 128 53 925 31
internal_value=-2.02359e-05 0.000272616 -0.00505702 -0.00127411 0.00193232 0.0170161 0.000619055 -0.0282641
internal_weight=643.404 636.457 151.134 129.951 485.323 38.8701 446.453 21.1829
internal_count=3174 3135 763 648 2372 181 2191 115
is_linear=0
shrinkage=0.03


Tree=123
num_leaves=12
num_cat=0
split_feature=53 148 71 33 53 53 102 24 102 107 106
split_gain=5.54072 9.90454 8.31919 12.1615 8.21728 17.8706 13.8093 14.079 13.5234 9.64191 8.13871
threshold=0.84627306777097211 46.500000000000007 6.1281936750373589 1.5000000000000002 0.17314371378211094 0.18144812019043602 0.0072556882032255403 -0.47278990147853778 0.013315154338859407 0.15988288316790156 0.41026958713487677
decision_type=2 2 2 2 2 2 2 2 2 2 2
left_child=4 2 3 -2 6 -6 7 -1 -7 -8 -4
right_child=1 -3 10 -5 5 8 9 -9 -10 -11 -12
leaf_value=-0.0026212275532202615 0.0028733405738677617 -0.037895506852131042 -0.0067704956236238475 -0.023919905681803019 0.039605335958005985 -0.0012915396723426234 -0.020655942532397619 0.020226087688393169 0.012373491417944686 -0.0031458905647103884 0.041918104830641581
leaf_weight=83.907471656799316 36.989834435284138 8.5076679959893209 5.9005875885486585 25.938456743955612 12.304387204349039 220.52741049975157 49.244856461882591 34.155113011598587 92.525664202868938 66.554027363657951 6.48672816157341
leaf_count=410 186 45 32 136 54 1075 261 157 443 345 30
internal_value=-2.0098e-05 -0.00721282 -0.00374689 -0.00817059 0.00105804 0.00414118 -0.00323134 0.00398842 0.00274728 -0.0105922 0.0187257
internal_weight=643.042 83.8233 75.3156 62.9283 559.219 325.357 233.861 118.063 313.053 115.799 12.3873
internal_count=3174 429 384 322 2745 1572 1173 567 1518 606 62
is_linear=0
shrinkage=0.03


Tree=124
num_leaves=11
num_cat=0
split_feature=101 57 27 101 53 62 90 98 67 128
split_gain=5.55064 10.1447 8.65825 7.99743 9.65495 7.98787 18.0471 11.7314 6.08498 4.02095
threshold=2.380821525559464 4.2042892752082599 0.62868870442209979 1.969363831291888 0.42558596277673805 0.37730250611384092 -0.21643676473213883 1.483038410945072 2.1399428804569567 1.2799253868285903
decision_type=2 2 2 2 2 2 2 2 2 2
left_child=3 2 -2 5 9 7 -7 -1 -4 -5
right_child=1 -3 8 4 -6 6 -8 -9 -10 -11
leaf_value=-6.7240678555216912e-05 -0.0017466342877223431 -0.019167928007854534 0.044694574838915237 -0.033000871640655086 0.0085125322731399028 -0.028506124492554321 -0.00068638906752286081 0.016223597626491094 0.009777573996608795 -0.0054086685595121616
leaf_weight=118.83031357824802 11.394989117980005 7.9307333379983893 11.731543242931368 17.280018992722038 11.051582194864748 22.254785388708115 368.31487031280994 59.806295216083527 7.2788767367601386 6.5570146143436423
leaf_count=575 53 39 51 93 55 117 1848 274 37 32
internal_value=-2.02013e-05 0.0110493 0.0189309 -0.000722677 -0.0146651 0.0001319 -0.00227157 0.00538682 0.0313252 -0.0254109
internal_weight=642.431 38.3361 30.4054 604.095 34.8886 569.206 390.57 178.637 19.0104 23.837
internal_count=3174 180 141 2994 180 2814 1965 849 88 125
is_linear=0
shrinkage=0.03


Tree=125
num_leaves=10
num_cat=0
split_feature=98 150 134 36 15 105 62 137 24
split_gain=5.43699 7.52778 8.75338 7.90867 10.9782 9.69224 6.37245 6.27386 5.49828
threshold=0.033054948297487334 0.18018931587630443 102543.50000000001 375.83333333333337 4.6062235758507635 0.027000750302198857 0.57092555331991968 5364.0000000000009 -0.5017301459552802
decision_type=2 2 2 2 2 2 2 2 2
left_child=6 2 7 5 -5 -3 8 -2 -1
right_child=1 3 -4 4 -6 -7 -8 -9 -10
leaf_value=-0.01059685794931063 -0.034594605586013599 -0.017033679259644833 0.017168356640410474 -0.021299367870126613 0.016272914930483089 0.0019639474604544464 0.034474877343199706 -0.00068964882053229332 0.023976922745296378
leaf_weight=10.568962760269644 15.686830818653112 25.342604659497738 5.8438897579908362 30.789269708096981 9.0581838265061361 522.14380528777838 8.6371769309043867 7.1510858610272399 6.8053575903177288
leaf_count=52 97 134 27 169 44 2542 38 40 31
internal_value=-2.0164e-05 -0.000587461 -0.0155946 0.000145396 -0.0127584 0.00108457 0.0134148 -0.0239782 0.00294537
internal_weight=642.027 616.016 28.6818 587.334 39.8475 547.486 26.0115 22.8379 17.3743
internal_count=3174 3053 164 2889 213 2676 121 137 83
is_linear=0
shrinkage=0.03


Tree=126
num_leaves=12
num_cat=0
split_feature=88 25 100 71 4 142 50 120 98 76 36
split_gain=5.44183 6.5194 6.46407 10.9372 12.2047 10.6194 8.09529 12.2191 8.82554 6.24803 5.60797
threshold=943.50000000000011 -1.2948857022179854 0.78457452231699631 2.1530397257657259 25.992877894176996 2.5898823681979519 1710.0000000000002 0.42097407698350359 0.015589519996778644 0.11130468447541621 279.75000000000006
decision_type=2 2 2 2 2 2 2 2 2 2 2
left_child=2 9 6 5 -5 -4 8 -8 -1 -2 -11
right_child=1 -3 3 4 -6 -7 7 -9 -10 10 -12
leaf_value=0.027446323420560994 0.019469303725646214 -0.03372404108362434 0.0055667214129737439 -0.011342491522605448 0.0065694284048740366 -0.021315309919434467 0.053478106441688045 0.0084973196961990634 0.00064916144827531952 -0.0016224206515320599 -0.03467564045500314
leaf_weight=11.44475097954273 7.4273403733968761 8.8012182638049108 18.431870341300964 50.18015705794096 107.75060471147299 46.823349595069885 6.4984050542116156 33.225486680865288 330.14294718205929 13.943054519593717 6.9089073985815039
leaf_count=53 34 48 93 265 534 263 30 159 1583 74 38
internal_value=-2.00671e-05 -0.0111757 0.00066423 -0.0033907 0.000878182 -0.0137223 0.00303763 0.0158557 0.00154699 -0.00415806 -0.012574
internal_weight=641.578 37.0805 604.498 223.186 157.931 65.2552 381.312 39.7239 341.588 28.2793 20.852
internal_count=3174 194 2980 1155 799 356 1825 189 1636 146 112
is_linear=0
shrinkage=0.03


Tree=127
num_leaves=9
num_cat=0
split_feature=52 113 145 53 93 16 50 84
split_gain=5.37386 5.79163 7.54965 9.96854 9.58532 5.32036 9.44246 2.54674
threshold=13050.000000000002 0.59384960221655658 1.3373972319100036 0.032549171619651693 1.2821175350415068 1.5604008185918976 1050.0000000000002 0.79524550735328858
decision_type=2 2 2 2 2 2 2 2
left_child=1 5 4 -4 -3 6 -1 -2
right_child=7 2 3 -5 -6 -7 -8 -9
leaf_value=0.025541647218337144 -0.0067283957103833891 0.0030649662869765941 -0.012284603208442598 0.00097166105858281933 0.026903538570118297 -0.040816966811871393 -0.026854986619334539 -0.037981963658038832
leaf_weight=5.1966676563024539 4.634894169867037 54.687294334173203 57.12306872010231 480.54942017048597 21.013778880238533 5.5495883971452704 7.6554555520415306 4.7527267932891846
leaf_count=27 29 269 303 2342 95 31 47 31
internal_value=-2.01504e-05 0.000314643 0.000812159 -0.000436703 0.00968229 -0.0162688 -0.00566877 -0.0225513
internal_weight=641.163 631.775 613.374 537.672 75.7011 18.4017 12.8521 9.38762
internal_count=3174 3114 3009 2645 364 105 74 60
is_linear=0
shrinkage=0.03


Tree=128
num_leaves=7
num_cat=0
split_feature=122 103 68 72 62 25
split_gain=5.41244 5.95113 6.39083 7.02154 5.86028 2.54458
threshold=0.085638725568137022 0.74588141097576166 9.0100000000000016 0.73801766173573613 0.37730250611384092 -1.6372672636006258
decision_type=2 2 2 2 2 2
left_child=1 2 3 -1 -4 -2
right_child=5 -3 4 -5 -6 -7
leaf_value=0.033133303702197879 -0.0065491774434212058 0.021008958712499762 0.0064454221259260336 0.00011434273236334465 -0.03260750348827178 -0.03421334710767903
leaf_weight=5.8532548993825904 6.1563273295760155 12.316292285919188 5.2702164798974982 595.3035995438695 10.058343812823294 5.822680398821829
leaf_count=27 31 56 28 2940 62 30
internal_value=-1.99478e-05 0.000360607 -5.1911e-05 0.000435837 -0.0191805 -0.019996
internal_weight=640.781 628.802 616.485 601.157 15.3286 11.979
internal_count=3174 3113 3057 2967 90 61
is_linear=0
shrinkage=0.03


Tree=129
num_leaves=9
num_cat=0
split_feature=49 36 108 58 36 106 149 87
split_gain=5.36728 5.69441 13.9148 12.5872 9.87137 9.98056 9.7246 5.13641
threshold=455400.00000000006 311.70833333333337 0.031721685067956952 1.8032575745636772 294.60833333333335 0.49408472687835558 12.500000000000002 392.50000000000006
decision_type=2 2 2 2 2 2 2 2
left_child=1 4 7 -4 6 -6 -1 -3
right_child=-2 2 3 -5 5 -7 -8 -9
leaf_value=0.0053692652993002103 -0.026442068445328499 -0.0015788739776716753 -0.017385698777976091 0.004229549719993073 0.0063250895484216361 0.039435297963522208 -0.003526444792107212 -0.036196285044739256
leaf_weight=205.6069466099143 6.8451523929834357 5.1223454177379635 32.340640880167484 96.88016639649868 27.018434263765812 11.759859800338743 239.34978786855936 15.623043261468409
leaf_count=972 39 27 167 481 128 53 1219 88
internal_value=-1.9572e-05 0.00026584 -0.00484168 -0.00118019 0.00184926 0.0163661 0.000584112 -0.0276487
internal_weight=640.546 633.701 149.966 129.221 483.735 38.7783 444.957 20.7454
internal_count=3174 3135 763 648 2372 181 2191 115
is_linear=0
shrinkage=0.03


Tree=130
num_leaves=7
num_cat=0
split_feature=36 70 136 131 105 105
split_gain=5.34413 5.81814 5.87504 7.61764 4.27516 3.81068
threshold=390.02500000000003 1.2971863292977071 31.500000000000004 0.15177856596674935 0.059555390973827671 0.072326566794789396
decision_type=2 2 2 2 2 2
left_child=1 -1 4 -4 -3 -2
right_child=5 2 3 -5 -6 -7
leaf_value=0.02695114858345498 0.001803568077331548 -0.029512678499167996 0.0046254949798454955 -0.0022411154939478871 -0.0012063920152611993 -0.029846198415705072
leaf_weight=7.3402638733386985 5.4824877977371207 10.223220944404604 248.57058265060186 350.34114834666252 9.0557921603322011 9.1176756769418699
leaf_count=34 27 55 1232 1722 46 58
internal_value=-1.94395e-05 0.000399334 8.40639e-05 0.000608783 -0.0162166 -0.0179614
internal_weight=640.131 625.531 618.191 598.912 19.279 14.6002
internal_count=3174 3089 3055 2954 101 85
is_linear=0
shrinkage=0.03


Tree=131
num_leaves=12
num_cat=0
split_feature=88 42 54 71 54 54 27 62 61 50 63
split_gain=5.30232 8.75341 7.77603 10.1033 9.98858 11.9166 11.4832 7.30384 10.6723 7.18548 6.40294
threshold=832.00000000000011 3.7249283853401129 1.6182335375946835 2.6177985727198152 0.73978833833492319 0.64088336939838364 1.1972436300667806 0.48492608921161834 0.57352764444318771 510.00000000000006 0.6587256570240122
decision_type=2 2 2 2 2 2 2 2 2 2 2
left_child=2 7 4 -4 5 -1 -6 9 -9 -2 -3
right_child=1 10 3 -5 6 -7 -8 8 -10 -11 -12
leaf_value=0.00069623232243274085 -0.0045662390137953344 -0.010770871565785552 0.046993599396566943 -0.0024175016270813442 -0.00088746225049735842 0.018595121741106804 -0.024949958984375149 -0.029370600746486768 0.010011242261055401 -0.033673441922670577 0.024921969891914711
leaf_weight=430.70086745172739 12.369296580553053 7.5291735827922848 7.4829067438840848 7.4150749072432518 49.628208883106709 36.298161804676056 27.875191926956177 8.8666453361511248 20.539220280945301 19.934533022344112 11.330335155129431
leaf_count=2124 58 37 35 38 248 169 155 47 98 111 54
internal_value=-1.91123e-05 -0.00721445 0.00101722 0.0224005 0.000432153 0.00208745 -0.00954188 -0.012681 -0.00186342 -0.0225281 0.0106725
internal_weight=639.97 80.5692 559.4 14.898 544.502 466.999 77.5034 61.7097 29.4059 32.3038 18.8595
internal_count=3174 405 2769 73 2696 2293 403 314 145 169 91
is_linear=0
shrinkage=0.03


Tree=132
num_leaves=13
num_cat=0
split_feature=53 138 135 14 14 53 53 102 24 102 48 3
split_gain=5.23091 9.51649 12.15 8.58576 16.1939 7.48945 16.3906 12.8051 15.3403 12.1424 8.15669 4.71222
threshold=0.84627306777097211 11872.000000000002 535.50000000000011 5.2709248282682308 4.7092597522319108 0.17314371378211094 0.18098327417949467 0.0079906862939490442 -0.47278990147853778 0.013315154338859407 1.0871369987749282 0.83274904809328831
decision_type=2 2 2 2 2 2 2 2 2 2 2 2
left_child=5 3 -3 4 -2 7 -7 8 -1 -8 -9 -5
right_child=1 2 -4 11 -6 6 9 10 -10 -11 -12 -13
leaf_value=-0.0031490910762995697 -0.011633595655178151 0.037502769381906179 -0.013249743434523278 -0.0036749098153864858 0.041588088245668522 0.042157422506066203 -0.0010752462219623437 -0.0070090991475085735 0.020103798114504606 0.011791654179505709 -0.029070637286623 -0.034713593313909948
leaf_weight=92.055110991001129 36.945927776396275 8.7882531732320803 8.2123139873146993 5.895744830369952 5.9779152423143378 9.8121732473373395 220.10582023859024 86.289854854345322 35.335690751671791 94.28350442647934 18.277737155556679 17.376265443861485
leaf_count=458 189 41 42 29 28 43 1078 458 163 451 94 100
internal_value=-1.90998e-05 -0.00703504 0.0129862 -0.0121769 -0.00422152 0.00103042 0.00397514 -0.00308533 0.0033008 0.00278346 -0.0108653 -0.0268502
internal_weight=639.356 83.1964 17.0006 66.1959 42.9238 556.16 324.201 231.958 127.391 314.389 104.568 23.272
internal_count=3174 429 83 346 217 2745 1572 1173 621 1529 552 129
is_linear=0
shrinkage=0.03


Tree=133
num_leaves=9
num_cat=0
split_feature=76 91 87 79 67 65 79 28
split_gain=5.29104 7.92744 7.01822 10.0202 6.95273 6.46711 6.00824 0.858191
threshold=0.80322580645161301 0.72021384901024166 344.50000000000006 2.9163053255720039 1.2698007858275318 0.35282292829462647 2.5255906300262483 1.55390813641028
decision_type=2 2 2 2 2 2 2 2
left_child=1 -1 3 -3 6 -4 -2 -6
right_child=4 2 5 -5 7 -7 -8 -9
leaf_value=0.032858062719177711 0.020371402135843066 -0.002041667002151248 -0.016254137770965498 0.01963571910975867 -0.022152963106501777 -0.00034429401465850171 -0.020865692624829839 -0.038931232529088915
leaf_weight=6.7470729053020468 6.835313908755781 38.95540951192379 24.086334228515625 37.826495431363583 5.0350153073668462 507.18669322878122 5.9461401700973511 6.0289597138762474
leaf_count=32 35 199 126 179 30 2503 34 36
internal_value=-1.92477e-05 0.000518522 0.000159677 0.00863767 -0.0138845 -0.0010656 0.00118724 -0.0312957
internal_weight=638.647 614.802 608.055 76.7819 23.8454 531.273 12.7815 11.064
internal_count=3174 3039 3007 378 135 2629 69 66
is_linear=0
shrinkage=0.03


Tree=134
num_leaves=11
num_cat=0
split_feature=101 99 107 111 101 53 62 36 54 128
split_gain=5.14481 9.3704 7.89248 9.03725 7.3674 9.20952 7.08196 11.6793 11.39 3.85688
threshold=2.380821525559464 0.59750177148175621 0.34626013936674921 3.1736682714588826 1.969363831291888 0.42558596277673805 0.37730250611384092 70.400000000000048 0.044778128977257518 1.2799253868285903
decision_type=2 2 2 2 2 2 2 2 2 2
left_child=4 2 3 -2 6 9 8 -8 -1 -6
right_child=1 -3 -4 -5 5 -7 7 -9 -10 -11
leaf_value=0.024052347867346602 0.035122908375666465 0.041832824839445074 -0.026045149313380232 -0.0025902122170576745 -0.032403553285445523 0.0084539872530457316 0.013208417525892153 -0.0039156089456173484 0.0020415233554314568 -0.0052374365703089917
leaf_weight=24.541258454322815 9.0546209514141136 7.0731451064348212 6.4227044209837905 15.521836116909979 16.865388929843906 11.003742165863512 39.963342614471912 347.97032387554646 153.52326391637325 6.5225757807493201
leaf_count=109 40 33 33 74 93 55 192 1773 740 32
internal_value=-1.90653e-05 0.0106752 0.00356589 0.0113043 -0.000697216 -0.0141788 0.000121967 -0.00215156 0.00507511 -0.0248273
internal_weight=638.462 38.0723 30.9992 24.5765 600.39 34.3917 565.998 387.934 178.065 23.388
internal_count=3174 180 147 114 2994 180 2814 1965 849 125
is_linear=0
shrinkage=0.03


Tree=135
num_leaves=10
num_cat=0
split_feature=122 135 90 138 53 57 118 142 64
split_gain=5.08374 5.5948 7.15965 7.67845 6.73978 7.54662 6.60005 4.36774 3.06498
threshold=0.085638725568137022 669.50000000000011 -0.25118506162871174 8205.0000000000018 0.035948746469362559 1.7857913319773078 0.13565380855703438 2.6734518552720146 0.49960629921259847
decision_type=2 2 2 2 2 2 2 2 2
left_child=1 2 6 -4 7 -6 -1 -3 -2
right_child=8 4 3 -5 5 -7 -8 -9 -10
leaf_value=-0.037045092523272552 -0.0051840432852650253 -0.0020308952791451068 0.00036337915467380435 0.0090282914496618155 -0.014824859516149588 0.0026611988343157567 -0.0044426802803280664 -0.034003508467185209 -0.035796670072417915
leaf_weight=7.3839205056428936 6.2908575311303121 5.8823793083429363 347.69914349168539 125.17980025708675 31.710354253649712 74.168419070541859 22.982349172234535 11.104813590645788 5.531989797949791
leaf_count=39 31 30 1742 593 159 373 113 64 30
internal_value=-1.88853e-05 0.000349125 0.00175037 0.00265714 -0.00539021 -0.00257582 -0.0123703 -0.0229319 -0.0195079
internal_weight=637.934 626.111 503.245 472.879 122.866 105.879 30.3663 16.9872 11.8228
internal_count=3174 3113 2487 2335 626 532 152 94 61
is_linear=0
shrinkage=0.03


Tree=136
num_leaves=13
num_cat=0
split_feature=56 148 49 148 119 36 36 66 145 36 110 108
split_gain=5.12766 8.22792 15.089 10.1805 8.72587 7.59152 12.8855 14.7526 12.6015 10.7967 16.1093 13.8172
threshold=1.1926253906454796 14.500000000000002 66600.000000000015 19.500000000000004 0.9049356969065 192.64166666666668 66.72499999999998 2.6516504329004333 2.700429079388333 311.70833333333337 1.3370410210355408 0.031721685067956952
decision_type=2 2 2 2 2 2 2 2 2 2 2 2
left_child=5 2 -2 -3 -5 6 8 -8 -1 10 -7 -11
right_child=1 3 -4 4 -6 9 7 -9 -10 11 -12 -13
leaf_value=0.028709168916341017 0.053653399739710797 -0.028378544629964798 -0.0049814851348242142 -0.00098239533069374718 0.034906015786864822 -0.020856550773569155 -0.012483624031980958 0.017306886150497511 -0.001997929921527722 -0.027954054095848738 0.0086316496832374683 -0.00081837834147590802
leaf_weight=16.962106734514236 8.6691716164350492 8.1878631561994535 7.2559887766838065 21.049723647534851 8.5837955176830274 18.217815816402435 148.1252646073699 16.641591772437096 41.346887312829494 19.489798218011856 196.6636073961854 126.51355417817831
leaf_count=74 38 40 36 103 37 91 797 75 204 110 931 638
internal_value=-1.87832e-05 0.00884842 0.0269376 0.00123177 0.00941322 -0.000834903 -0.00518553 -0.00947476 0.00693478 0.00185438 0.00613162 -0.00444068
internal_weight=637.707 53.7465 15.9252 37.8214 29.6335 583.961 223.076 164.767 58.309 360.885 214.881 146.003
internal_count=3174 254 74 180 140 2920 1150 872 278 1770 1022 748
is_linear=0
shrinkage=0.03


Tree=137
num_leaves=13
num_cat=0
split_feature=53 107 107 139 58 58 147 108 27 138 109 62
split_gain=5.05016 9.64543 9.47799 9.55649 6.97495 16.4203 13.8192 13.8066 13.2926 12.3958 4.07718 3.22607
threshold=0.84627306777097211 0.023105690558259829 0.12956430091290802 18.500000000000004 1.735343434651538 1.9914501655010521 27.253899518985268 0.538222859627148 0.95871459948849924 4095.5000000000005 0.10183024892450222 0.28696114146933821
decision_type=2 2 2 2 2 2 2 2 2 2 2 2
left_child=4 -2 11 -4 7 9 -7 8 -1 -6 -9 -3
right_child=1 2 3 -5 5 6 -8 10 -10 -11 -12 -13
leaf_value=0.0075699713780553162 0.01856481120311473 -0.011016130872754345 0.013722477893348097 -0.013508696511048501 0.029395929770102532 0.0023679250468894185 -0.019413566581693038 -0.0095685625592706013 -0.010467556862846054 0.0032253280625614803 -0.040109654937883946 -0.037913105886385169
leaf_weight=75.764588229358196 11.490073420107363 5.8551074191927936 17.296446219086647 35.209501504898071 34.182433150708675 295.61414713412523 28.766070820391178 6.0325106829404858 71.444105312228203 31.116562068462372 11.308849662542341 12.759005099534987
leaf_count=368 56 29 84 187 158 1470 146 30 364 145 64 73
internal_value=-1.90123e-05 -0.00693871 -0.011059 -0.00453824 0.0010124 0.00319936 0.00043634 -0.00416667 -0.0011841 0.016925 -0.0294854 -0.0294526
internal_weight=636.839 82.6101 71.1201 52.5059 554.229 389.679 324.38 164.55 147.209 65.299 17.3414 18.6141
internal_count=3174 429 373 271 2745 1919 1616 826 732 303 94 102
is_linear=0
shrinkage=0.03


Tree=138
num_leaves=9
num_cat=0
split_feature=98 150 134 102 113 137 62 54
split_gain=4.97934 7.10938 8.1389 7.51625 7.68161 6.13693 5.92469 5.31783
threshold=0.033054948297487334 0.18018931587630443 102543.50000000001 0.00094314970275927775 7.1556484349883442 5364.0000000000009 0.57092555331991968 0.40536572533367488
decision_type=2 2 2 2 2 2 2 2
left_child=6 2 5 -3 -5 -2 7 -1
right_child=1 3 -4 4 -6 -7 -8 -9
leaf_value=-0.012116607463470066 -0.034268172096117072 -0.031432703109866081 0.016226688838920839 0.0016601111735421077 -0.0099727058642782099 -0.00048116665132881976 0.033241529843433169 0.02148890917977821
leaf_weight=9.5938622504472786 15.23253265023232 6.7048496156930915 5.8461364060640326 519.05903831124306 56.666138887405396 7.0904606357216826 8.5894700139760953 7.5913033783435813
leaf_count=46 97 37 27 2554 298 40 38 37
internal_value=-1.93267e-05 -0.000564544 -0.0152841 0.000147364 0.000515143 -0.0235364 0.0128968 0.00272815
internal_weight=636.374 610.599 28.1691 582.43 575.725 22.323 25.7746 17.1852
internal_count=3174 3053 164 2889 2852 137 121 83
is_linear=0
shrinkage=0.03


Tree=139
num_leaves=7
num_cat=0
split_feature=36 101 88 121 50 105
split_gain=5.04395 5.32639 6.21738 6.60181 5.49823 3.60369
threshold=390.02500000000003 0.011020547353783803 954.50000000000011 0.15579093038109434 990.00000000000011 0.072326566794789396
decision_type=2 2 2 2 2 2
left_child=1 -1 3 -3 -4 -2
right_child=5 2 4 -5 -6 -7
leaf_value=0.022262015944317586 0.0015871488248401819 -0.011203083061218814 -0.0027664415048348004 0.0015785852467272966 -0.0289402768928342 -0.029354645591694692
leaf_weight=9.8591572940349561 5.4664487689733496 38.980913043022156 18.002558805048469 542.75886464864016 12.063495300710199 8.9082406461238843
leaf_count=48 27 203 93 2677 68 58
internal_value=-1.91445e-05 0.000387098 3.45875e-05 0.000722118 -0.0132682 -0.017588
internal_weight=636.04 621.665 611.806 581.74 30.0661 14.3747
internal_count=3174 3089 3041 2880 161 85
is_linear=0
shrinkage=0.03


Tree=140
num_leaves=9
num_cat=0
split_feature=84 131 150 112 30 90 39 141
split_gain=4.94843 5.79992 10.9985 7.73594 7.14327 12.2192 7.64534 3.74104
threshold=0.3802320343170687 0.15177856596674935 0.16742905015734991 2.0702277685421202 1.9915239014876482 2.1277000878745964 3.4995981818471518 622.00000000000011
decision_type=2 2 2 2 2 2 2 2
left_child=-1 2 7 -4 6 -6 -3 -2
right_child=1 4 3 -5 5 -7 -8 -9
leaf_value=-0.026250344725445469 -0.0061058716532706664 -0.0027085656513583791 -0.0058600115134167094 0.0075474879755613629 -0.007783793040210151 0.018030741071171068 -0.019636367075875169 -0.038021025204739926
leaf_weight=6.4071722403168669 6.2415505275130254 270.22215609252453 47.75855740904808 204.90202973037958 29.540594220161438 37.39163701236248 26.354461088776588 7.027088850736618
leaf_count=39 34 1348 254 999 146 172 137 45
internal_value=-1.88836e-05 0.000248131 0.00361503 0.00501317 -0.00221496 0.00663748 -0.00421281 -0.0230082
internal_weight=635.845 629.438 265.929 252.661 363.509 66.9322 296.577 13.2686
internal_count=3174 3135 1332 1253 1803 318 1485 79
is_linear=0
shrinkage=0.03


Tree=141
num_leaves=9
num_cat=0
split_feature=49 31 63 24 37 147 30 82
split_gain=4.93325 5.32174 10.3248 12.3322 11.427 7.649 15.5631 8.16741
threshold=455400.00000000006 1.5000000000000002 0.69816468253968267 -0.32663896114958918 5.8917190582381886 28.882149396775784 0.78130903288576514 27.147361690297469
decision_type=2 2 2 2 2 2 2 2
left_child=1 5 3 -3 -4 7 -7 -1
right_child=-2 2 4 -5 -6 6 -8 -9
leaf_value=0.0018374322116601178 -0.025693129238542452 -0.0066045085587482224 0.028754822806950332 0.028897075822855677 -0.013831809890776373 0.020271842249998989 -0.024531267894338019 -0.0083889540307608007
leaf_weight=408.80471057444811 6.6649486869573584 51.721082039177418 27.288965381681919 10.613244175910948 7.1580143868923178 9.1686671376228315 29.203078240156174 84.882512487471104
leaf_count=2036 39 257 127 46 32 45 150 442
internal_value=-1.87414e-05 0.000253376 0.00672424 -0.000559894 0.0199054 -0.000923671 -0.0138259 7.91502e-05
internal_weight=635.505 628.84 96.7813 62.3343 34.447 532.059 38.3717 493.687
internal_count=3174 3135 462 303 159 2673 195 2478
is_linear=0
shrinkage=0.03


Tree=142
num_leaves=8
num_cat=0
split_feature=52 113 145 56 149 56 41
split_gain=4.92168 5.35306 7.22169 9.681 8.39975 6.6938 2.79169
threshold=13050.000000000002 0.59384960221655658 1.3373972319100036 0.081308923939535357 13.500000000000002 0.26454936823543623 0.47327348335465996
decision_type=2 2 2 2 2 2 2
left_child=1 5 3 -3 -4 -1 -2
right_child=6 2 4 -5 -6 -7 -8
leaf_value=-0.034517977625713341 -0.0044827076882944603 -0.016107683578370287 0.0035270928424008655 0.014025119973073529 -0.004017466578575885 0.0020237764827787559 -0.037697291956233635
leaf_weight=8.8059919252991694 4.3468461707234365 11.295705325901507 252.02935313433409 63.765452489256859 280.774245262146 9.2516489401459676 4.7839503884315491
leaf_count=56 28 63 1207 301 1438 49 32
internal_value=-1.85325e-05 0.00030045 0.000778628 0.00949053 -0.000448702 -0.0157962 -0.021885
internal_weight=635.053 625.922 607.865 75.0612 532.804 18.0576 9.1308
internal_count=3174 3114 3009 364 2645 105 60
is_linear=0
shrinkage=0.03


Tree=143
num_leaves=6
num_cat=0
split_feature=70 36 101 46 105
split_gain=4.84064 5.09878 5.52137 5.6016 4.25345
threshold=1.2971863292977071 390.02500000000003 0.011020547353783803 28.62019230769231 0.072326566794789396
decision_type=2 2 2 2 2
left_child=-1 2 -2 -4 -3
right_child=1 4 3 -5 -6
leaf_value=0.022637578584587939 0.022464662747147889 0.0014032920872285137 0.01197525754166455 -0.0009694440668927527 -0.033335668236429777
leaf_weight=8.3755119144916517 9.7538654804229719 5.4345018640160543 31.757485903799534 571.76747377961874 7.6198191940784454
leaf_count=39 47 27 151 2857 53
internal_value=-1.83698e-05 -0.000321332 7.35796e-05 -0.000288294 -0.0188739
internal_weight=634.709 626.333 613.279 603.525 13.0543
internal_count=3174 3135 3055 3008 80
is_linear=0
shrinkage=0.03


Tree=144
num_leaves=15
num_cat=0
split_feature=135 76 119 131 82 25 24 57 107 0 71 17 29 29
split_gain=4.88097 7.1408 9.09563 7.93381 10.8508 10.4622 7.91358 7.05205 8.55751 9.50441 6.80675 6.68555 6.4453 7.4037
threshold=645.50000000000011 0.2064354727398206 0.73935688405797106 0.15013227111898855 34.323863636363647 -7.4343382920839103 -3.7702097335451583 1.7857913319773078 0.1647068451927029 -0.16212906468108748 2.4683580848001214 5.1738134735723618 1.5895872400086857 0.8906342622538056
decision_type=2 2 2 2 2 2 2 2 2 2 2 2 2 2
left_child=1 2 10 4 -3 -5 -4 12 9 -9 -1 -10 13 -2
right_child=7 3 6 5 -6 -7 -8 8 11 -11 -12 -13 -14 -15
leaf_value=0.0053897477972295344 -0.022758700501526063 0.0077437750925338066 0.021790293360611522 0.031864407891534594 -0.011750075855846887 -0.0075419871884434614 -0.00096262870633196458 0.040281533551602786 -0.015599899206335106 0.0028269471885880157 0.027550227314189633 0.010062480316643078 -0.027231037550537306 0.0116774930565653
leaf_weight=23.599457159638405 10.309320449829103 120.69207233190536 15.772330932319162 6.314769282937049 32.650868147611618 152.4511202275753 107.69869298487902 6.9803948551416388 38.574080064892769 48.213744826614857 26.462339945137501 11.972409412264822 20.412514381110668 12.350664675235747
leaf_count=114 53 609 73 30 177 791 504 35 204 241 119 56 106 62
internal_value=-1.79906e-05 0.0014386 0.00631724 -0.00127393 0.00359301 -0.00597463 0.00194386 -0.00477147 -0.000603372 0.00756382 0.0171036 -0.00952152 -0.0150039 -0.0039895
internal_weight=634.455 485.642 173.533 312.109 153.343 158.766 123.471 148.813 105.741 55.1941 50.0618 50.5465 43.0725 22.66
internal_count=3174 2417 810 1607 786 821 577 757 536 276 233 260 221 115
is_linear=0
shrinkage=0.03


Tree=145
num_leaves=9
num_cat=0
split_feature=13 25 125 3 56 125 36 56
split_gain=4.85467 5.41747 5.3316 8.7272 10.3639 7.98991 5.88481 5.45937
threshold=11.467781977991953 -1.7500603790295868 0.32212889381934212 1.0932359101794014 0.093608148419648526 0.30023721505421203 390.02500000000003 0.309019554801225
decision_type=2 2 2 2 2 2 2 2
left_child=2 -2 5 7 -5 6 -1 -4
right_child=1 -3 3 4 -6 -7 -8 -9
leaf_value=0.00045541065411143256 -0.0024843579549020103 -0.037816263949894929 0.012991211239464479 0.023539784800175906 -0.014833403212895073 -0.028449205715352921 -0.02385743646181606 0.045626194105596027
leaf_weight=552.51297826319933 10.151863113045694 6.3480579778552046 12.095822848379614 9.9808834791183489 17.338719345629215 8.9882519394159299 9.1075916513800603 7.4577834606170645
leaf_count=2774 47 30 55 48 83 46 58 33
internal_value=-1.81196e-05 -0.0160777 0.000411013 0.0101372 -0.000814227 -0.000387958 6.11383e-05 0.0254383
internal_weight=633.982 16.4999 617.482 46.8732 27.3196 570.609 561.621 19.5536
internal_count=3174 77 3097 219 131 2878 2832 88
is_linear=0
shrinkage=0.03


Tree=146
num_leaves=11
num_cat=0
split_feature=53 21 104 25 4 100 59 85 17 36
split_gain=4.74963 7.46864 5.3385 8.1078 9.49448 5.98647 9.13739 8.99356 2.3481 2.27071
threshold=1.801306171358763 4.3614987656387649 1.9674116227782834 -0.6412067744828408 39.315639758569148 0.83610626092422258 1.7802058273583936 1.2066171535497592 0.71148237823506999 281.04166666666674
decision_type=2 2 2 2 2 2 2 2 2 2
left_child=2 -2 5 4 -4 7 -7 -1 -5 -3
right_child=1 9 3 8 -6 6 -8 -9 -10 -11
leaf_value=0.023716755242163726 0.013312256782160069 -0.039155676762051381 0.019909417054109028 -0.015247231502054558 -0.024604600142150324 -0.013839332210509446 0.0011516668318017182 0.0020624773350950243 -0.040613324622069638 -0.013757534018089228
leaf_weight=18.041889384388924 5.7920492291450527 7.0501691251993162 10.466667547822004 5.8934068977832776 7.3342058807611457 54.247035562992096 112.44687559455633 399.24215691536665 7.4188693165779114 5.7535620629787445
leaf_count=87 32 43 52 33 38 307 576 1934 41 31
internal_value=-1.77615e-05 -0.0149552 0.000433836 -0.0116746 0.00156903 0.00107895 -0.00372684 0.00299873 -0.0293836 -0.0277426
internal_weight=633.687 18.5958 615.091 31.1131 17.8009 583.978 166.694 417.284 13.3123 12.8037
internal_count=3174 106 3068 164 90 2904 883 2021 74 74
is_linear=0
shrinkage=0.03


Tree=147
num_leaves=6
num_cat=0
split_feature=122 43 103 15 64
split_gain=4.73671 5.43886 6.26035 6.61709 2.94518
threshold=0.085638725568137022 5.8375149025171957 0.74588141097576166 -5.0510705406781051 0.49960629921259847
decision_type=2 2 2 2 2
left_child=1 2 3 -1 -2
right_child=4 -3 -4 -5 -6
leaf_value=-0.012018299417621312 -0.0049065471671243931 -0.02155754819200556 0.0228163386929006 0.0010861812143126419 -0.035216594187657782
leaf_weight=36.953605629503727 6.1985277235507947 10.046738900244234 11.302138447761534 563.47783191502094 5.3977083265781403
leaf_count=198 31 50 52 2813 30
internal_value=-1.78288e-05 0.000336469 0.000696043 0.000279665 -0.019015
internal_weight=633.377 621.78 611.734 600.431 11.5962
internal_count=3174 3113 3063 3011 61
is_linear=0
shrinkage=0.03


Tree=148
num_leaves=10
num_cat=0
split_feature=52 56 148 49 103 60 119 37 41
split_gain=4.71905 5.18839 8.49764 12.0175 10.2352 7.51345 15.6851 10.4047 2.72894
threshold=13050.000000000002 1.1926253906454796 14.500000000000002 66600.000000000015 0.28980130337717214 8.6575242144199063 0.92004900394162148 6.1574647538954101 0.47327348335465996
decision_type=2 2 2 2 2 2 2 2 2
left_child=1 5 3 -3 -4 7 -7 -1 -2
right_child=8 2 4 -5 -6 6 -8 -9 -10
leaf_value=-0.00057142820207393887 -0.0044184732625426881 0.051282355191136601 -0.018588827251295511 -0.0021805655726758431 0.01386239935028531 -0.0020483986550903282 0.030849800095341426 -0.018152248637987659 -0.037463330509803494
leaf_weight=482.78822458535433 4.3324641510844213 8.7085097730159742 14.097248733043669 6.6916654706001273 23.049605078995228 36.063695169985294 20.433384031057358 32.324957691133022 4.6775571033358574
leaf_count=2425 28 38 73 33 104 182 95 164 32
internal_value=-1.74732e-05 0.000293702 0.00931495 0.0280517 0.00154714 -0.000535604 0.00984994 -0.00167468 -0.0215737
internal_weight=633.167 624.157 52.547 15.4002 37.1469 571.61 56.4971 515.113 9.01002
internal_count=3174 3114 248 71 177 2866 277 2589 60
is_linear=0
shrinkage=0.03


Tree=149
num_leaves=9
num_cat=0
split_feature=118 88 3 98 147 118 46 59
split_gain=4.69615 5.28816 5.80401 12.9872 8.48128 5.45817 4.68595 1.31039
threshold=0.02213884161122286 974.50000000000011 0.77585702568604409 1.5583679418596694 27.253899518985268 0.52045000277608133 49.045454545454554 3.4130058621638133
decision_type=2 2 2 2 2 2 2 2
left_child=-1 2 3 -2 -4 7 -7 -3
right_child=1 5 4 -5 -6 6 -8 -9
leaf_value=-0.026712148617407176 0.019728382077730627 -0.039340040214820432 0.0013213293843006998 -0.029024948271791598 -0.010687572985405819 0.018348734286106103 -0.014752406347544074 -0.018957377324296299
leaf_weight=5.8759341686964026 31.904067948460579 5.3482864797115326 502.68076692521572 5.8136634081602088 59.158458791673183 6.4692969024181375 9.5032107755541784 6.049762949347496
leaf_count=30 150 31 2519 30 294 29 56 35
internal_value=-1.72553e-05 0.000232945 0.000821642 0.0122137 5.68606e-05 -0.0126626 -0.00134555 -0.0285215
internal_weight=632.803 626.928 599.557 37.7177 561.839 27.3706 15.9725 11.398
internal_count=3174 3144 2993 180 2813 151 85 66
is_linear=0
shrinkage=0.03


Tree=150
num_leaves=9
num_cat=0
split_feature=76 91 67 87 79 113 63 24
split_gain=4.70587 7.16221 6.63737 6.33929 9.13751 6.38039 5.76581 0.851577
threshold=0.80322580645161301 0.72021384901024166 1.2698007858275318 344.50000000000006 2.9163053255720039 0.52244772392904504 0.61061633039092067 -1.0902925180200675
decision_type=2 2 2 2 2 2 2 2
left_child=1 -1 6 4 -3 -5 -2 -4
right_child=2 3 7 5 -6 -7 -8 -9
leaf_value=0.031094509307899434 0.018129241264289254 -0.0020316369766564934 -0.021375855730613451 -0.024943380431758644 0.018710519465034794 -0.00057367738944273531 -0.023257181930369835 -0.038384169654537198
leaf_weight=6.8046600446104994 7.5374171584844607 38.696768663823605 4.8602851182222366 9.8537581339478475 37.772343032062054 516.17498552799225 5.0657584592700005 5.8241810500621778
leaf_count=32 40 199 30 60 179 2569 29 36
internal_value=-1.70896e-05 0.000488765 -0.0132524 0.000143102 0.00821407 -0.00103018 0.00149426 -0.0306472
internal_weight=632.59 609.303 23.2876 602.498 76.4691 526.029 12.6032 10.6845
internal_count=3174 3039 135 3007 378 2629 69 66
is_linear=0
shrinkage=0.03


Tree=151
num_leaves=10
num_cat=0
split_feature=106 105 60 78 41 7 103 50 114
split_gain=4.68024 9.41817 9.90725 11.1727 8.86118 13.0793 9.74348 9.70991 9.13409
threshold=0.21472970413901296 0.027715001211464228 14.262801725222221 0.0094599935864450278 0.42591322252203673 9.4043027206880332 0.16177530090055181 2490.0000000000005 9.5000000000000018
decision_type=2 2 2 2 2 2 2 2 2
left_child=1 -1 3 -3 5 6 -2 8 -6
right_child=4 2 -4 -5 7 -7 -8 -9 -10
leaf_value=-0.034968658866878902 -0.021751301004968755 -0.013948281664397889 -0.035094489499487687 0.0024382814896296225 -0.006191485948565746 -0.030086746172041823 0.010339172788971705 0.031240803531286838 0.010991511301164398
leaf_weight=8.1706117838621122 8.9849063083529455 47.506902053952217 7.9572866708040229 176.85472097247839 170.91095991432667 8.2143660560250265 162.95326659083366 7.5553916096687308 33.261090494692326
leaf_count=50 50 243 51 905 862 42 780 35 156
internal_value=-1.6971e-05 -0.00331154 -0.00219816 -0.00103145 0.00200484 0.00689541 0.00866223 -0.00215639 -0.00339225
internal_weight=632.37 240.49 232.319 224.362 391.88 180.153 171.938 211.727 204.172
internal_count=3174 1249 1199 1148 1925 872 830 1053 1018
is_linear=0
shrinkage=0.03


Tree=152
num_leaves=8
num_cat=0
split_feature=98 150 102 134 131 137 50
split_gain=4.66576 6.54251 7.58465 7.54418 7.27651 6.13418 5.43669
threshold=0.015589519996778644 0.18018931587630443 0.00094314970275927775 102543.50000000001 0.15177856596674935 5364.0000000000009 570.00000000000011
decision_type=2 2 2 2 2 2 2
left_child=6 3 -3 5 -4 -2 -1
right_child=1 2 4 -5 -6 -7 -8
leaf_value=0.028678879034902401 -0.033853076949962223 -0.031318321236047365 0.0044989109765801102 0.015612851975037074 -0.0022955032740487845 0.00026660072025913866 -0.0061804782893260402
leaf_weight=10.604046709835531 14.724478892982011 6.7822104990482321 246.68002160638571 5.8137807250022879 333.85155612975359 6.995258003473281 6.4916122108697882
leaf_count=50 97 38 1230 27 1660 40 32
internal_value=-1.71166e-05 -0.000446953 0.000223095 -0.0147396 0.000591586 -0.0228642 0.015442
internal_weight=631.943 614.847 587.314 27.5335 580.532 21.7197 17.0957
internal_count=3174 3092 2928 164 2890 137 82
is_linear=0
shrinkage=0.03


Tree=153
num_leaves=9
num_cat=0
split_feature=70 53 138 54 58 58 108 46
split_gain=4.63659 5.57549 9.9965 9.42528 8.14003 15.6069 11.8893 7.76278
threshold=1.2971863292977071 0.84627306777097211 10561.000000000002 0.2839357272692396 1.735343434651538 1.9914501655010521 0.538222859627148 59.550000000000004
decision_type=2 2 2 2 2 2 2 2
left_child=-1 4 7 -4 6 -6 -2 -3
right_child=1 2 3 -5 5 -7 -8 -9
leaf_value=0.02222755822562951 -0.0021310557681831648 -0.0028248519113049037 -0.014653429889272552 0.028717140774494002 0.016595200132701205 0.00041497688484433919 -0.028801245310804954 -0.024469094905368766
leaf_weight=8.3221554458141309 141.58217178285122 29.413061194121838 7.5348744243383434 11.232347160577772 64.374407075345516 322.13378129154444 16.831848099827766 30.252084445208311
leaf_count=39 710 149 41 52 299 1616 94 174
internal_value=-1.69577e-05 -0.000313935 -0.00779244 0.0113042 0.000762469 0.00310985 -0.00496482 -0.0137992
internal_weight=631.677 623.355 78.4324 18.7672 544.922 386.508 158.414 59.6651
internal_count=3174 3135 416 93 2719 1915 804 323
is_linear=0
shrinkage=0.03


Tree=154
num_leaves=9
num_cat=0
split_feature=49 56 72 138 26 36 57 36
split_gain=4.57239 5.10542 8.30892 9.17323 8.47361 6.65769 16.5612 10.5881
threshold=455400.00000000006 1.1926253906454796 3.8008774127719005 2987.5000000000005 -0.83101239134862259 192.64166666666668 8.1228734646761769 311.70833333333337
decision_type=2 2 2 2 2 2 2 2
left_child=1 5 4 -4 -3 6 -1 -7
right_child=-2 2 3 -5 -6 7 -8 -9
leaf_value=-0.0070792858339545524 -0.025041263110856908 0.034524256494271169 -0.024388697504971163 0.016042827724181592 0.0035593579143976075 0.0062138489279767294 0.024079355192387339 -0.0043557475476267834
leaf_weight=201.25843966007233 6.5037527382373801 15.663215860724451 10.95755396038294 9.3682479411363584 16.159523144364357 211.9655133895576 16.620314933359623 142.74063208699226
leaf_count=1045 39 69 56 43 78 1014 89 741
internal_value=-1.69684e-05 0.000243546 0.00923 -0.00575364 0.0188003 -0.000574902 -0.00470243 0.00196044
internal_weight=631.237 624.733 52.1485 20.3258 31.8227 572.585 217.879 354.706
internal_count=3174 3135 246 99 147 2889 1134 1755
is_linear=0
shrinkage=0.03


Tree=155
num_leaves=14
num_cat=0
split_feature=135 82 112 66 149 63 27 70 30 2 143 90 100
split_gain=4.54763 8.99241 11.0721 7.86444 7.43977 9.55805 12.3724 12.1887 8.32811 13.266 10.7438 6.43457 5.94689
threshold=544.50000000000011 33.38212250712251 5.3284883746014327 3.4330845771144283 12.500000000000002 0.27483579638752059 1.1172898520535817 2.9532761681981188 1.1447371261103665 72.885387449815781 3.0200068085476004 1.0768577407144129 0.75979064923306194
decision_type=2 2 2 2 2 2 2 2 2 2 2 2 2
left_child=1 3 12 11 5 6 -2 -7 9 -6 -10 -1 -3
right_child=4 2 -4 -5 8 7 -8 -9 10 -11 -12 -13 -14
leaf_value=0.0097375675211282039 -0.0042118516423012044 -0.0075932833866903422 0.022196668882817131 0.031328205068845205 0.024380879169911478 0.009553683410285117 0.0539296866354846 -0.013333925729300804 0.018651998898046678 -0.024053601692615376 -0.007507117667939313 0.00041006765492266023 -0.03053845656756364
leaf_weight=92.310404948890209 6.1888937503099424 30.784319922327995 8.4483713060617429 9.069287106394766 5.8083859980106345 46.817763768136501 7.0421599149703979 37.887709550559521 17.463521413505077 41.120747942477465 74.035677425563335 238.64087160676718 15.178406789898871
leaf_count=446 29 160 39 43 29 220 31 193 90 233 373 1200 88
internal_value=-1.68673e-05 0.00195499 -0.00936856 0.00376701 -0.00330738 0.00302037 0.0267337 -0.000683661 -0.0077842 -0.0180589 -0.00251439 0.00301174 -0.0151705
internal_weight=630.797 394.432 54.4111 340.021 236.365 97.9365 13.2311 84.7055 138.428 46.9291 91.4992 330.951 45.9627
internal_count=3174 1976 287 1689 1198 473 60 413 725 262 463 1646 248
is_linear=0
shrinkage=0.03


Tree=156
num_leaves=9
num_cat=0
split_feature=84 25 23 102 112 79 142 135
split_gain=4.55796 4.70975 13.1298 12.4121 10.0198 13.6978 9.67921 7.28669
threshold=0.3802320343170687 -0.96872906708710194 -0.33053651209934537 0.0067241517378501736 2.8069972371075766 2.5524035827169893 1.5788735090294448 560.50000000000011
decision_type=2 2 2 2 2 2 2 2
left_child=-1 4 3 -3 5 -2 -6 -4
right_child=1 2 7 -5 6 -7 -8 -9
leaf_value=-0.02560559354883795 0.034684221049805945 0.0021512443702577217 0.026537658496804273 -0.012237097931244447 -0.021546433652865141 0.0014763478887128564 0.0017311056411104058 -0.0027388237357853116
leaf_weight=6.2033433318138114 19.357371486723423 100.1156060397625 19.372895523905754 117.04085604473948 16.950316473841667 26.460730142891407 312.08410156518221 12.645694285631178
leaf_count=39 92 501 92 627 84 134 1542 63
internal_value=-1.70387e-05 0.000237332 -0.00295933 -0.00560364 0.00236224 0.0155061 0.000531956 0.014975
internal_weight=630.231 624.028 249.175 217.156 374.853 45.8181 329.034 32.0186
internal_count=3174 3135 1283 1128 1852 226 1626 155
is_linear=0
shrinkage=0.03


Tree=157
num_leaves=7
num_cat=0
split_feature=122 103 15 138 7 25
split_gain=4.45826 4.86479 5.51749 11.5027 6.79886 2.32077
threshold=0.085638725568137022 0.74588141097576166 -5.0510705406781051 2870.0000000000005 -4.2144487296238937 -1.6372672636006258
decision_type=2 2 2 2 2 2
left_child=1 2 3 -1 -4 -2
right_child=5 -3 4 -5 -6 -7
leaf_value=0.016951541220717476 -0.0056277975862040978 0.019151833768174378 0.036228565935901562 -0.02117776541647445 0.00037756721729795582 -0.032680004710939764
leaf_weight=9.6201491057872754 5.9627476185560226 12.111993350088595 4.8012441992759696 27.407236069440842 564.56906486302614 5.4744991585612279
leaf_count=48 31 56 21 152 2836 30
internal_value=-1.70484e-05 0.000326146 -4.98727e-05 -0.0112713 0.000679883 -0.0185765
internal_weight=629.947 618.51 606.398 37.0274 569.37 11.4372
internal_count=3174 3113 3057 200 2857 61
is_linear=0
shrinkage=0.03


Tree=158
num_leaves=9
num_cat=0
split_feature=118 138 22 15 70 2 121 157
split_gain=4.56649 4.91307 13.4167 13.3241 10.8759 13.3691 10.1215 9.14516
threshold=0.02213884161122286 7387.5000000000009 5.2834343240237098 -0.73973427937053682 2.9214033277483114 67.252012167417064 0.055731978405843131 0.38750000000000007
decision_type=2 2 2 2 2 2 2 2
left_child=-1 4 3 -3 5 -2 -6 -4
right_child=1 2 7 -5 6 -7 -8 -9
leaf_value=-0.026470539837803994 0.039652347515940781 -0.0044242229327657962 -0.025721436520177471 0.014095660566171961 0.032823648574366433 0.0014246524109788638 -0.0078680376884517345 0.013637502683748427
leaf_weight=5.8186002969741812 8.5325488150119764 53.123803362250328 19.758374042809013 102.27088605612516 5.6634827852249137 234.97899971157312 192.29443559795618 7.267287388443946
leaf_count=30 40 271 95 485 28 1175 1015 35
internal_value=-1.67826e-05 0.000229934 0.00437143 0.00776438 -0.00148138 0.00276414 -0.00670387 -0.0151377
internal_weight=629.708 623.89 182.42 155.395 441.469 243.512 197.958 27.0257
internal_count=3174 3144 886 756 2258 1215 1043 130
is_linear=0
shrinkage=0.03


Tree=159
num_leaves=12
num_cat=0
split_feature=54 46 60 22 27 72 55 60 11 57 49
split_gain=4.50153 13.0831 9.47968 12.4651 7.38976 11.6071 10.2544 10.1241 8.44439 8.10567 6.41898
threshold=0.79405427701774534 27.763636363636369 0.97200137281388455 1.4949083317064507 0.71103953606068449 2.1601641839843078 0.4845508305717332 0.62635257437260849 2.4856456265677642 3.5546617155823745 27000.000000000004
decision_type=2 2 2 2 2 2 2 2 2 2 2
left_child=4 -2 -3 -4 5 7 -7 -1 10 -10 -6
right_child=1 2 3 -5 8 6 -8 -9 9 -11 -12
leaf_value=0.018025656758965815 0.025105380384477533 0.015061605220825112 0.022077879486660019 -0.018613952731003778 -0.037218973368438019 -0.0044297214664284212 0.018495339497850507 -0.024616759172811944 0.0081582759669510656 -0.00063832940208773125 0.0037775695401326523
leaf_weight=5.8624298721551886 10.699759341776369 11.538994088768957 7.5871476680040351 63.311193812638521 8.0316470414400083 80.839303657412529 22.433484800159931 34.498322300612926 200.37151372432709 178.04929251968861 6.0088576823472968
leaf_count=28 54 55 38 348 38 409 103 190 973 909 29
internal_value=-1.66685e-05 -0.0061044 -0.0101552 -0.0142593 0.00104097 -0.00478122 0.000550187 -0.0184229 0.00317178 0.00401942 -0.0196738
internal_weight=629.232 93.1371 82.4373 70.8983 536.095 143.634 103.273 40.3608 392.461 378.421 14.0405
internal_count=3174 495 441 386 2679 730 512 218 1949 1882 67
is_linear=0
shrinkage=0.03


Tree=160
num_leaves=11
num_cat=0
split_feature=105 61 55 105 150 109 138 114 46 98
split_gain=4.42739 9.62973 11.1057 6.81493 11.3154 11.1331 6.65844 14.4949 7.62267 2.63438
threshold=0.027000750302198857 0.75401300871225685 0.15730311982391587 0.033054480413483835 0.90057937621051243 0.30153977561835543 14494.000000000002 5.5000000000000009 271.66666666666669 1.0812981772087478
decision_type=2 2 2 2 2 2 2 2 2 2
left_child=1 9 -3 4 5 -2 8 -8 -5 -1
right_child=3 2 -4 6 -6 -7 7 -9 -10 -11
leaf_value=-0.038869198246409935 0.028640645221751606 -0.026359844843677288 0.02650444652534369 -0.00065058599613667463 0.040387005283604754 -0.021533815841468715 -0.003055341107700886 0.031189154046298871 -0.02969654555055808 -0.011889338665689916
leaf_weight=9.0682051256299037 6.9620349258184495 5.9580357223749152 8.9478927105665189 518.72163859754801 10.102187670767306 9.2924143597483617 27.552995957434177 18.657018750905991 8.2611415609717351 5.0828843638300887
leaf_count=54 33 30 43 2620 47 50 134 86 48 29
internal_value=-1.68538e-05 -0.0114533 0.00537411 0.000537413 0.0154532 -4.33092e-05 -0.000148445 0.0107707 -0.00110592 -0.0291784
internal_weight=628.606 29.057 14.9059 599.549 26.3566 16.2544 573.193 46.21 526.983 14.1511
internal_count=3174 156 73 3018 130 83 2888 220 2668 83
is_linear=0
shrinkage=0.03


Tree=161
num_leaves=8
num_cat=0
split_feature=13 66 103 58 36 58 25
split_gain=4.42894 5.32671 7.45131 6.17869 15.4827 11.3926 5.06447
threshold=11.467781977991953 3.5143325143325148 0.54736257343115902 1.735343434651538 322.09166666666675 2.0269724662809643 -1.7500603790295868
decision_type=2 2 2 2 2 2 2
left_child=1 3 -3 4 -1 -5 -2
right_child=6 2 -4 5 -6 -7 -8
leaf_value=-0.0012154072920186349 -0.0023062607682271903 -0.0032416188239123168 0.032270660684694599 0.012343263604794831 -0.027301530825591655 -0.00051470265558267909 -0.036766224979533434
leaf_weight=132.88610203936696 10.047563299536707 10.276737228035929 11.019703447818754 74.988275811076164 24.207476370036602 358.57835303246975 6.2111487612128249
leaf_count=681 47 46 54 357 134 1825 30
internal_value=-1.68828e-05 0.000393699 0.015134 -0.000137766 -0.00523517 0.00170917 -0.0154706
internal_weight=628.215 611.957 21.2964 590.66 157.094 433.567 16.2587
internal_count=3174 3097 100 2997 815 2182 77
is_linear=0
shrinkage=0.03


Tree=162
num_leaves=15
num_cat=0
split_feature=131 150 100 78 145 97 149 30 56 138 55 109 4 103
split_gain=4.37413 8.35137 7.17516 6.56684 6.54336 11.8297 8.22378 12.7173 7.67298 7.24093 6.32798 5.14908 4.53456 1.00852
threshold=0.15177856596674935 0.18018931587630443 1.0442047907737673 0.053523682200152793 1.3373972319100036 1.3766665642212359 13.500000000000002 0.95318972119930823 0.079900502044876628 2518.5000000000005 0.11084312581673224 0.12597509689679823 49.19956020204139 0.27490022456112845
decision_type=2 2 2 2 2 2 2 2 2 2 2 2 2 2
left_child=1 12 3 -3 5 8 9 -8 -2 -6 -4 -7 13 -1
right_child=4 2 10 -5 6 11 7 -9 -10 -11 -12 -13 -14 -15
leaf_value=-0.037185646878973612 -0.030265417742178963 0.0037010832413378329 0.018038346644940119 0.018050405189840465 0.0094770456781174146 0.041466713289478076 -0.02307449729462694 -0.003607974949150548 0.0038404227633062485 -0.0042740189209232587 -0.019753227347944585 0.0093059968532917727 0.0053165106962104634 -0.018304851231419672
leaf_weight=6.3098449036478979 7.1180258616805068 196.17505387961864 5.0865987092256573 33.623200550675392 56.69305182248354 10.02123097330332 41.34519786387682 112.08528202772141 35.773373141884804 87.896342292428017 18.457392424345016 8.1034601330757123 4.9107464104890814 4.2686422243714333
leaf_count=43 45 972 28 167 274 47 232 566 184 423 104 37 24 28
internal_value=-1.66063e-05 0.00287715 0.00418459 0.00580062 -0.00218333 0.00676728 -0.00401587 -0.00885366 -0.0018196 0.00111773 -0.0115885 0.0270878 -0.0185073 -0.0295668
internal_weight=627.867 268.831 253.342 229.798 359.036 61.0161 298.02 153.43 42.8914 144.589 23.544 18.1247 15.4892 10.5785
internal_count=3174 1366 1271 1139 1808 313 1495 798 229 697 132 84 95 71
is_linear=0
shrinkage=0.03


Tree=163
num_leaves=12
num_cat=0
split_feature=104 25 1 135 76 55 39 132 49 65 54
split_gain=4.37531 8.08166 11.2028 5.48762 9.61926 13.1182 8.06173 6.73671 7.28565 6.22254 2.02394
threshold=1.9674116227782834 -0.6412067744828408 82.523260658241924 544.50000000000011 0.24509803921568632 0.24654975724076403 1.7637951619943146 0.046856383934827946 271800.00000000006 1.4116821525358112 0.18151729828446303
decision_type=2 2 2 2 2 2 2 2 2 2 2
left_child=3 2 -2 4 5 -1 -6 9 -9 -5 -3
right_child=1 10 -4 7 6 -7 -8 8 -10 -11 -12
leaf_value=0.00024160650996022162 -0.019195643737594834 -0.015711459453290631 0.028223339208066443 0.023306685108616856 0.0034096340888944659 0.017268500876495101 -0.0085206264846646156 -0.0042045183783655654 -0.03368499908913164 -0.0022312646102010708 -0.039409221267902264
leaf_weight=86.77152544260025 10.020080421119934 5.8393795937299711 8.1158877089619619 15.230543687939642 124.85177491605282 76.738548494875431 86.152301982045174 178.71467911452055 7.8772443383932105 19.685622148215771 7.2965862303972244
leaf_count=416 54 32 39 76 640 356 466 904 46 102 43
internal_value=-1.67949e-05 -0.0109549 0.00202446 0.000557105 0.00277093 0.00823267 -0.00146145 -0.00318591 -0.00544908 0.00890847 -0.0288748
internal_weight=627.294 31.2719 18.136 596.022 374.514 163.51 211.004 221.508 186.592 34.9162 13.136
internal_count=3174 168 93 3006 1878 772 1106 1128 950 178 75
is_linear=0
shrinkage=0.03


Tree=164
num_leaves=6
num_cat=0
split_feature=84 98 102 138 124
split_gain=4.34482 4.46719 5.90132 5.97477 4.42381
threshold=0.3802320343170687 0.015589519996778644 0.00094314970275927775 15753.500000000002 0.44233365250877693
decision_type=2 2 2 2 2
left_child=-1 4 -3 -4 -2
right_child=1 2 3 -5 -6
leaf_value=-0.025221905113743271 -0.0025773931214860771 -0.027886516493266005 -0.00071738375856913235 0.010815185196737069 0.028694703698158051
leaf_weight=6.0952990502119055 7.0293074995279339 6.8465311154723159 553.54409680142999 43.616469278931618 9.6744926124811155
leaf_count=39 34 39 2809 206 47
internal_value=-1.68392e-05 0.000230671 -0.000192563 0.000124952 0.0155348
internal_weight=626.806 620.711 604.007 597.161 16.7038
internal_count=3174 3135 3054 3015 81
is_linear=0
shrinkage=0.03


Tree=165
num_leaves=10
num_cat=0
split_feature=53 44 32 68 100 11 134 98 135
split_gain=4.39267 14.3477 10.653 8.53296 7.16724 6.7718 7.6927 6.36731 3.33592
threshold=0.029505711450999318 1.3307728974927251 1.0000000180025095e-35 0.74061570356486117 0.7300141635029237 1.8928947469113029 698.00000000000011 0.015589519996778644 413.50000000000006
decision_type=2 2 2 2 2 2 2 2 2
left_child=1 3 -3 -1 -5 -2 -7 -8 -4
right_child=5 2 8 4 -6 6 7 -9 -10
leaf_value=0.038837742665280679 0.032987387924944531 0.0075036786494650691 -0.015194032198113589 0.012818624969711789 -0.020875319074710644 -0.025171731642565903 0.026673641321320263 0.00057539673250546909 -0.03808265067135308
leaf_weight=6.2865135595202473 5.8348155170679084 9.0155552327632886 8.6272587329149264 14.416859216988088 9.3777460157871229 10.311240486800669 8.5473696365952474 537.13382541388273 17.06992756575346
leaf_count=31 27 47 49 70 51 57 40 2699 103
internal_value=-1.64823e-05 -0.00741284 -0.0205544 0.0077522 -0.000460572 0.000836517 0.000499112 0.000984191 -0.0303983
internal_weight=626.621 64.7939 34.7127 30.0811 23.7946 561.827 555.992 545.681 25.6972
internal_count=3174 351 199 152 121 2823 2796 2739 152
is_linear=0
shrinkage=0.03


Tree=166
num_leaves=11
num_cat=0
split_feature=53 148 25 33 53 53 58 102 69 24
split_gain=4.37176 8.9306 8.35819 10.296 6.71098 13.9555 11.757 10.9988 12.8638 12.4897
threshold=0.84627306777097211 46.500000000000007 -5.0315333852447326 1.5000000000000002 0.17314371378211094 0.18098327417949467 1.735343434651538 0.0079906862939490442 8.1766875614805787 -0.47278990147853778
decision_type=2 2 2 2 2 2 2 2 2 2
left_child=4 2 -2 -4 7 -6 -7 9 -9 -1
right_child=1 -3 3 -5 5 6 -8 8 -10 -11
leaf_value=-0.0029113750578479481 0.022578970249510489 -0.036626485787038435 0.0032806395476263081 -0.021270264309455361 0.039148150695485502 -0.007140455096079034 0.0061353912216297974 -0.013193563534438426 0.029429168832514993 0.018285768101111162
leaf_weight=90.299233235418797 9.7759535610675794 7.9980120509862891 35.867981854826212 26.906087033450603 9.7183028161525709 81.50973179936409 227.88788636028767 94.822528012096882 6.8319545090198508 34.604196354746819
leaf_count=458 49 45 186 149 43 413 1116 518 34 163
internal_value=-1.65091e-05 -0.00654067 -0.00322396 -0.00724232 0.000946535 0.00374979 0.00263792 -0.00300197 -0.010329 0.00296124
internal_weight=626.222 80.548 72.55 62.7741 545.674 319.116 309.398 226.558 101.654 124.903
internal_count=3174 429 384 335 2745 1572 1529 1173 552 621
is_linear=0
shrinkage=0.03


Tree=167
num_leaves=11
num_cat=0
split_feature=101 57 107 76 101 53 106 78 118 69
split_gain=4.32179 9.08619 8.05086 8.2006 6.54432 8.5149 6.05898 9.54364 9.2601 3.74225
threshold=2.380821525559464 4.2042892752082599 0.45302421106427249 0.19163509180996799 1.969363831291888 0.42558596277673805 0.21472970413901296 0.0094599935864450278 0.55129396053795865 4.5542556971088066
decision_type=2 2 2 2 2 2 2 2 2 2
left_child=4 2 3 -2 6 9 7 -1 -8 -6
right_child=1 -3 -4 -5 5 -7 8 -9 -10 -11
leaf_value=-0.016891228019315217 0.013785513475220491 -0.019086783139948063 -0.013335361982154211 0.052448709509368613 -0.015045538107258789 0.0083009566149497283 -0.0028186992301424464 -0.00073648664235515351 0.0070385505113348011 -0.040636762333977082
leaf_weight=40.933269999921322 16.36134825646878 7.7151706963777533 6.061858430504798 7.0711950212717047 14.629607081413271 10.849266842007635 156.95753079652786 167.95743410661817 189.12033379822969 7.9305455535650244
leaf_count=216 79 39 31 31 80 55 782 887 929 45
internal_value=-1.66045e-05 0.00989879 0.0174809 0.0254528 -0.000643663 -0.0135388 0.00013263 -0.0039021 0.00256797 -0.0240416
internal_weight=625.588 37.2096 29.4944 23.4325 588.378 33.4094 554.969 208.891 346.078 22.5602
internal_count=3174 180 141 110 2994 180 2814 1103 1711 125
is_linear=0
shrinkage=0.03


Tree=168
num_leaves=8
num_cat=0
split_feature=70 53 107 138 58 27 108
split_gain=4.30316 5.13922 9.58186 9.5287 7.223 14.1514 11.2027
threshold=1.2971863292977071 0.84627306777097211 0.023105690558259829 11872.000000000002 1.735343434651538 0.71103953606068449 0.538222859627148
decision_type=2 2 2 2 2 2 2
left_child=-1 4 -3 -4 6 -6 -2
right_child=1 2 3 -5 5 -7 -8
leaf_value=0.02158311852268667 -0.0019539409215077229 0.017985746322011067 -0.017574080622643044 0.011085717466889768 -0.0061568661571095367 0.0065914404832006319 -0.028154412368503436
leaf_weight=8.1923478692769987 139.63372891396284 11.296396464109419 52.90428751334548 13.007801391184328 109.76300565898418 273.98817802965641 16.414030320942402
leaf_count=39 710 56 294 66 563 1352 94
internal_value=-1.65318e-05 -0.000303322 -0.00754281 -0.011918 0.000732156 0.00294509 -0.00470986
internal_weight=625.2 617.007 77.2085 65.9121 539.799 383.751 156.048
internal_count=3174 3135 416 360 2719 1915 804
is_linear=0
shrinkage=0.03


Tree=169
num_leaves=8
num_cat=0
split_feature=49 69 138 30 15 72 56
split_gain=4.28877 4.7265 14.3845 7.62364 7.24645 7.49484 6.55175
threshold=455400.00000000006 9.7172471638069435 2870.0000000000005 1.0779503551921337 -5.2965872433072194 2.8681968352216063 0.83836369077261741
decision_type=2 2 2 2 2 2 2
left_child=1 4 -3 -4 5 -1 -6
right_child=-2 2 3 -5 6 -7 -8
leaf_value=-0.03287667600524579 -0.024511404169319385 0.042102568912805602 0.017656842482372308 -0.02609621457461149 -0.0009648208982272283 0.0080134023172605678 0.0084065948853886824
leaf_weight=11.911355063319208 6.3675986528396598 9.4446330219507235 6.7585064172744733 7.6310628056526184 499.06923384219408 6.1005123928189269 77.578119672834873
leaf_count=68 39 45 35 41 2543 32 371
internal_value=-1.64964e-05 0.000235687 0.0133353 -0.00554624 -0.00028935 -0.0190274 0.000295944
internal_weight=624.861 618.493 23.8342 14.3896 594.659 18.0119 576.647
internal_count=3174 3135 121 76 3014 100 2914
is_linear=0
shrinkage=0.03


Tree=170
num_leaves=13
num_cat=0
split_feature=36 105 97 39 18 29 138 108 118 44 94 94
split_gain=4.24633 8.52993 8.62482 7.88186 8.91853 7.54426 7.49034 13.9741 8.20603 6.45453 2.13206 0.229408
threshold=378.45000000000005 0.027000750302198857 2.5754303460355028 2.5368019021623875 0.25398605434056382 1.4617431628966486 14494.000000000002 0.094621493436945578 0.39431558500914082 0.33069281210450546 1.9640481013231821 2.7871848692177772
decision_type=2 2 2 2 2 2 2 2 2 2 2 2
left_child=1 2 5 9 -5 -1 8 -8 -3 -2 -11 -4
right_child=3 6 11 4 -6 -7 7 -9 -10 10 -12 -13
leaf_value=-0.022680574444962187 0.0084404693515155813 -0.0069235851860043893 -0.032616254642037809 0.034138389333385824 -0.010693248207374086 0.019535095118089627 -0.016002130716285937 0.022712287218937911 0.0023523528454944117 -0.015203792293156255 -0.03658872287473218 -0.041604202296897722
leaf_weight=7.7706658691167849 5.3454653248190906 108.97328953444958 4.6917931884527189 6.4077489748597172 10.60013162344694 7.4746141657233238 11.148252069950102 33.928711265325546 404.2344714589417 6.4944032356143024 11.855582579970358 5.6140246912837029
leaf_count=43 30 557 29 31 53 38 59 153 2035 41 74 31
internal_value=-1.63385e-05 0.000636819 -0.0163133 -0.00938502 0.00619715 -0.00198264 0.00141258 0.0131376 0.000382723 -0.0205694 -0.0290202 -0.0375124
internal_weight=624.539 583.836 25.5511 40.7033 17.0079 15.2453 558.285 45.077 513.208 23.6955 18.35 10.3058
internal_count=3174 2945 141 229 84 81 2804 212 2592 145 115 60
is_linear=0
shrinkage=0.03


Tree=171
num_leaves=9
num_cat=0
split_feature=43 82 18 51 52 53 53 69
split_gain=4.24481 11.3885 8.54514 10.3804 5.93305 5.03903 11.96 9.55803
threshold=0.13283614771942628 4.5852813852813865 -2.0961009260029169 165.00000000000003 13050.000000000002 0.17314371378211094 0.18144812019043602 8.1766875614805787
decision_type=2 2 2 2 2 2 2 2
left_child=1 -1 -3 -4 5 7 -7 -2
right_child=4 2 3 -5 -6 6 -8 -9
leaf_value=0.037681609051426299 -0.0061253434674920001 0.028294081853774033 -0.026571674340121785 0.0054047513007635436 -0.02639598947482626 0.032674354831522923 0.00067016048705851878 0.020186878560765495
leaf_weight=9.4487897381186468 183.17467062175274 9.3147526085376722 12.49354664236307 34.007105782628059 8.071723133325575 10.840810038149355 343.33436398208141 13.329121172428129
leaf_count=43 958 44 65 163 56 48 1730 67
internal_value=-1.64523e-05 0.00722331 0.00206713 -0.0031865 -0.000862084 -0.000487814 0.00164976 -0.00434055
internal_weight=624.015 65.2642 55.8154 46.5007 558.751 550.679 354.175 196.504
internal_count=3174 315 272 228 2859 2803 1778 1025
is_linear=0
shrinkage=0.03


Tree=172
num_leaves=6
num_cat=0
split_feature=108 70 25 57 112
split_gain=4.26057 4.864 5.04582 11.3889 10.4639
threshold=1.337915190811789 1.2971863292977071 -0.96872906708710194 0.56975737671240467 2.7128278254706522
decision_type=2 2 2 2 2
left_child=1 -1 4 -4 -3
right_child=-2 2 3 -5 -6
leaf_value=0.02453849447718404 -0.023779272926714223 0.016291078243673811 0.021395280993212976 -0.0051271237501401253 0.00035078613004633499
leaf_weight=7.3278193771839133 6.7174808233976355 41.814552821218967 15.575186930596827 226.07405875995755 326.17758424580097
leaf_count=35 36 206 77 1187 1633
internal_value=-1.63136e-05 0.000242414 -4.96217e-05 -0.00341766 0.00216206
internal_weight=623.687 616.969 609.641 241.649 367.992
internal_count=3174 3138 3103 1264 1839
is_linear=0
shrinkage=0.03


Tree=173
num_leaves=9
num_cat=0
split_feature=13 46 70 58 25 102 39 105
split_gain=4.21922 4.97153 10.5795 16.1128 6.73705 13.6823 11.755 4.91398
threshold=11.467781977991953 36.720779220779228 4.8995013176531153 3.862003024286103 -0.96872906708710194 0.0067241517378501736 3.4461078381998145 0.16999077138460608
decision_type=2 2 2 2 2 2 2 2
left_child=1 2 3 -1 6 -6 -3 -2
right_child=7 4 -4 -5 5 -7 -8 -9
leaf_value=0.0070283968137379626 0.0040138475680393205 0.0033962625361128019 0.032075151840340335 -0.043881429828633224 0.0027592111205670578 -0.012320479954556245 -0.025647724927145149 -0.029524466921824276
leaf_weight=64.352384671568871 6.8665095791220692 294.2145621329546 12.979768976569174 6.1279367804527274 108.74777448922396 107.86475281044841 13.099963858723639 9.199557885527609
leaf_count=313 33 1475 59 30 549 599 72 44
internal_value=-1.59967e-05 0.000385385 0.0071857 0.00260202 -0.000697887 -0.0047499 0.0021582 -0.0151905
internal_weight=623.453 607.387 83.4601 70.4803 523.927 216.613 307.315 16.0661
internal_count=3174 3097 402 343 2695 1148 1547 77
is_linear=0
shrinkage=0.03


Tree=174
num_leaves=8
num_cat=0
split_feature=49 48 4 48 105 89 121
split_gain=4.18981 4.54128 7.89147 6.22663 10.5255 7.7785 4.66061
threshold=455400.00000000006 0.55087932538123896 32.344667213997461 0.87172012056033987 0.091503884903555363 3569.0000000000005 0.51671528507135012
decision_type=2 2 2 2 2 2 2
left_child=1 2 6 4 -3 -5 -1
right_child=-2 3 -4 5 -6 -7 -8
leaf_value=-0.0054918814100377196 -0.024314380911709545 0.013442926342003829 0.014459218066437471 0.0023603323282884114 -0.0050002799182996688 -0.0054299236698970247 -0.041403845383105715
leaf_weight=5.4856204092502612 6.3219618797302237 77.137767277657986 6.0500575080513945 280.49476903676987 43.584910251200199 195.93274692445993 7.9892244338989258
leaf_count=30 39 385 32 1397 226 1022 43
internal_value=-1.59951e-05 0.000233104 -0.0140043 0.000698621 0.00678431 -0.000843442 -0.0267841
internal_weight=622.997 616.675 19.5249 597.15 120.723 476.428 13.4748
internal_count=3174 3135 105 3030 611 2419 73
is_linear=0
shrinkage=0.03


Tree=175
num_leaves=12
num_cat=0
split_feature=36 102 121 59 22 123 48 54 121 14 149
split_gain=4.14487 9.0744 8.2925 10.0704 7.69512 7.42979 6.94238 6.79266 5.17596 7.50147 3.15427
threshold=378.45000000000005 0.0020953586729820723 0.15579093038109434 4.7331513145288531 0.86578547945897488 0.21193947535721555 0.87172012056033987 0.79405427701774534 0.54989574382769102 5.0872190732775868 26.500000000000004
decision_type=2 2 2 2 2 2 2 2 2 2 2
left_child=2 -2 3 6 5 -4 -1 -6 9 -3 -10
right_child=1 8 4 -5 7 -7 -8 -9 10 -11 -12
leaf_value=0.0051242935844291997 0.024353727143657793 0.014557153742654297 0.047174537313088571 0.018452789115541365 0.0023891610164109497 0.0025068667732514277 -0.02910958305912318 -0.0072218106661544402 -0.039098286435119672 -0.024492448156204816 -0.012666843124197356
leaf_weight=6.9916710108518627 6.1126419156789771 9.2737794518470782 6.4563892930746061 7.2673882097005835 454.88367867469788 6.968980461359024 22.45083586871624 77.452017933130264 9.2081150114536303 8.4722923934459669 7.2730382829904547
leaf_count=39 31 48 29 34 2268 35 124 416 60 49 41
internal_value=-1.58944e-05 -0.00931559 0.00062817 -0.0131737 0.00155653 0.023988 -0.0209801 0.000990816 -0.0153286 -0.00408583 -0.0274342
internal_weight=622.811 40.3399 582.471 36.7099 545.761 13.4254 29.4425 532.336 34.2272 17.7461 16.4812
internal_count=3174 229 2945 197 2748 64 163 2684 198 97 101
is_linear=0
shrinkage=0.03


Tree=176
num_leaves=11
num_cat=0
split_feature=53 42 32 68 61 65 150 100 2 135
split_gain=4.16168 13.4235 9.93997 7.83584 7.00941 9.3233 6.93487 6.67714 5.11044 3.28446
threshold=0.029505711450999318 1.3307728974927251 1.0000000180025095e-35 0.74061570356486117 0.16659148835954923 0.34501946814293288 0.1192631619010336 0.7300141635029237 82.570401252266649 413.50000000000006
decision_type=2 2 2 2 2 2 2 2 2 2
left_child=1 3 -3 -1 -2 8 -7 -5 -6 -4
right_child=4 2 9 7 5 6 -8 -9 -10 -11
leaf_value=0.037390966226457836 0.029001115104667137 0.0069549196962830594 -0.014676794246241368 0.012327864264869507 -0.0016682592484723042 -0.028575746227114542 0.0014235022842379904 -0.020369481844799468 -0.039362487878264768 -0.037605857227164585
leaf_weight=6.2176604196429279 7.8285356760025016 8.9771392866969091 8.507825009524824 14.366923160851004 5.4068475887179366 7.0271324999630442 530.18980642408133 9.2334228605031949 8.0663577765226346 16.579354166984558
leaf_count=31 36 47 49 70 32 47 2661 51 47 103
internal_value=-1.60189e-05 -0.00726954 -0.0201358 0.00742899 0.000813626 0.000412916 0.00103109 -0.000464678 -0.0242357 -0.0298299
internal_weight=622.401 63.8823 34.0643 29.818 558.519 550.69 537.217 23.6003 13.4732 25.0872
internal_count=3174 351 199 152 2823 2787 2708 121 79 152
is_linear=0
shrinkage=0.03


Tree=177
num_leaves=14
num_cat=0
split_feature=131 150 100 72 82 145 93 56 149 30 28 87 113
split_gain=4.1916 7.71488 7.20781 8.16641 6.36412 6.17692 11.8102 8.23996 7.85361 11.8458 7.68757 3.91908 3.30959
threshold=0.15177856596674935 0.16742905015734991 1.0442047907737673 1.1711043719061638 13.478627169931519 1.3373972319100036 1.2998726448226405 0.079900502044876628 13.500000000000002 0.95318972119930823 2.4135300879229686 441.50000000000006 1.0709424061720385
decision_type=2 2 2 2 2 2 2 2 2 2 2 2 2
left_child=1 11 3 -3 -4 6 7 -2 10 -10 -7 -1 -8
right_child=5 2 4 -5 -6 8 12 -9 9 -11 -12 -13 -14
leaf_value=-0.0018456086712433297 -0.030256524737808481 0.026564002768280127 -0.032129999410516578 0.0040671145643880842 0.00014393590350165756 0.0029353143726649567 0.014288361340342223 0.0044947350400549087 -0.022554511505033341 -0.0036231215372374338 -0.025106457898322714 -0.035184519411373093 0.04211300208834682
leaf_weight=5.8555579334497434 7.3445742055773726 15.57541288435459 8.7433981075882929 214.73529659956694 14.818777136504648 134.01472878456116 7.1782323345541945 37.467726543545723 40.644241411238909 110.94698189944029 9.4170185327529889 6.9279704317450523 8.2910904884338361
leaf_count=34 48 80 54 1071 80 647 37 193 232 566 50 47 35
internal_value=-1.62106e-05 0.00282664 0.0039717 0.00558853 -0.0118322 -0.00214977 0.00660092 -0.00120087 -0.00393779 -0.00869896 0.00109423 -0.0199135 0.0292015
internal_weight=621.961 266.656 253.873 230.311 23.5622 355.305 60.2816 44.8123 295.023 151.591 143.432 12.7835 15.4693
internal_count=3174 1366 1285 1151 134 1808 313 241 1495 798 697 81 72
is_linear=0
shrinkage=0.03


Tree=178
num_leaves=11
num_cat=0
split_feature=153 157 102 102 147 131 62 45 4 4
split_gain=4.05785 6.50498 11.8438 11.8071 11.0581 7.09391 8.86334 7.27447 5.86145 8.15054
threshold=0.81666666666666676 0.47727272727272735 0.0064060779534634068 0.0040810453313943063 10.164691064517436 0.12854332497571522 0.37176079734219275 0.45867486338797819 38.474220256037448 26.317147973985154
decision_type=2 2 2 2 2 2 2 2 2 2
left_child=1 5 3 -3 -4 7 -7 -1 9 -2
right_child=8 2 4 -5 -6 6 -8 -9 -10 -11
leaf_value=0.012391456710454536 -0.023219559923013926 0.0026347550278780236 -0.014708142055961873 0.035925542609658266 0.014374978195280321 0.0044572560034454077 -0.0070681696485797307 -3.389166986997344e-05 -0.031817997755289394 0.021336868105226
leaf_weight=58.174866236746311 7.330936975777151 17.913815274834633 26.723673146218061 20.630431540310383 21.022405460476875 83.570493504405022 213.38548032194376 156.4447953812778 8.6827747300267202 7.4498009383678436
leaf_count=282 40 91 147 94 106 410 1107 811 49 37
internal_value=-1.64418e-05 0.000463847 0.00808317 0.0204533 -0.00190296 -0.000821346 -0.00382464 0.00333413 -0.0122545 -0.000762189
internal_weight=621.329 597.866 86.2903 38.5442 47.7461 511.576 296.956 214.62 23.4635 14.7807
internal_count=3174 3048 438 185 253 2610 1517 1093 126 77
is_linear=0
shrinkage=0.03


Tree=179
num_leaves=9
num_cat=0
split_feature=76 67 91 106 97 41 79 28
split_gain=4.01154 6.29074 6.1819 5.94924 8.87796 8.22352 5.14531 0.856397
threshold=0.80322580645161301 1.2698007858275318 0.72021384901024166 0.21472970413901296 0.30479122215809235 0.42591322252203673 2.5255906300262483 1.55390813641028
decision_type=2 2 2 2 2 2 2 2
left_child=2 6 -1 4 -4 -5 -2 -3
right_child=1 7 3 5 -6 -7 -8 -9
leaf_value=0.028828645965426027 0.019713318498330249 -0.020452079168568685 0.018470123471376398 0.0072920711604799217 -0.0053157078122453866 -0.0017163225562633055 -0.019270114095189545 -0.037944374709375096
leaf_weight=6.8298709467053405 6.6939430758357066 4.6405629739165288 15.141195334494112 170.75392105430365 209.9624245390296 195.76123524457216 5.593253456056118 5.5097784996032715
leaf_count=32 35 30 75 834 1116 982 34 36
internal_value=-1.63959e-05 -0.01247 0.000450527 0.000122919 -0.0037158 0.00248055 0.00196767 -0.0299472
internal_weight=620.886 22.4375 598.449 591.619 225.104 366.515 12.2872 10.1503
internal_count=3174 135 3039 3007 1191 1816 69 66
is_linear=0
shrinkage=0.03


Tree=180
num_leaves=11
num_cat=0
split_feature=88 42 54 71 54 54 71 85 138 63
split_gain=3.98148 7.90022 6.97541 8.93804 7.91348 10.4024 9.63276 6.0894 7.93558 5.40383
threshold=832.00000000000011 3.7249283853401129 1.6182335375946835 2.6177985727198152 0.73978833833492319 0.5775711638334301 3.9328572536886597 4.0778571436805775 13793.500000000002 0.6587256570240122
decision_type=2 2 2 2 2 2 2 2 2 2
left_child=2 7 4 -4 5 -1 -6 8 -2 -3
right_child=1 9 3 -5 6 -7 -8 -9 -10 -11
leaf_value=0.00020661073160108893 -0.013346196319788544 -0.0094648620058688671 0.045386786703232623 -0.0021671210421555951 -0.014262320548538248 0.014638581247853997 0.012591361278289016 -0.038829478395241444 0.018673733586450445 0.024161356735340041
leaf_weight=404.91187620908022 44.088776499032974 7.0772268623113659 7.1164076179265958 7.1125263348221779 58.815195854753256 50.562682531774044 15.111044555902479 6.6175444573163977 8.2730842158198339 10.965441435575483
leaf_count=2045 242 37 35 38 331 248 72 31 41 54
internal_value=-1.6272e-05 -0.00639984 0.000888159 0.0216163 0.000331039 0.00180872 -0.00877324 -0.011714 -0.0082871 0.0109715
internal_weight=620.652 77.0221 543.63 14.2289 529.401 455.475 73.9262 58.9794 52.3619 18.0427
internal_count=3174 405 2769 73 2696 2293 403 314 283 91
is_linear=0
shrinkage=0.03


Tree=181
num_leaves=11
num_cat=0
split_feature=53 64 26 53 42 32 10 58 30 24
split_gain=3.98389 6.48717 6.28299 4.45124 12.7624 9.43292 7.30317 7.013 12.9135 7.84028
threshold=1.801306171358763 0.51110508318537529 -2.0476504066722834 0.029505711450999318 1.3307728974927251 1.0000000180025095e-35 -0.91111795203846613 7.726377540057217 0.92632457388300138 -4.255143063833966
decision_type=2 2 2 2 2 2 2 2 2 2
left_child=3 -2 -3 4 6 -6 -1 9 -9 -5
right_child=1 2 -4 7 5 -7 -8 8 -10 -11
leaf_value=0.034842614528758128 -0.037632334276033089 -0.023356718738297949 0.021464449296004454 -0.011964289301139524 0.0064910446028148957 -0.029405830936739725 -0.00080560448137731032 -0.017125217886850206 0.031125071563730105 0.001636274606931988
leaf_weight=6.6696698591113117 6.5869789384305504 5.4384324625134477 5.8345616534352276 41.490778245031834 8.9979441538453084 24.602015294134617 23.037427559494972 7.0438779518008259 17.138747707009315 473.33790567144752
leaf_count=33 44 33 29 224 47 152 119 38 79 2376
internal_value=-1.60578e-05 -0.0139794 -0.000158634 0.000397984 -0.00712728 -0.0197928 0.00719793 0.00128183 0.0170708 0.000540186
internal_weight=620.178 17.86 11.273 602.318 63.3071 33.6 29.7071 539.011 24.1826 514.829
internal_count=3174 106 62 3068 351 199 152 2717 117 2600
is_linear=0
shrinkage=0.03


Tree=182
num_leaves=11
num_cat=0
split_feature=36 121 59 109 22 48 17 105 54 42
split_gain=3.95348 7.88503 9.43032 7.87848 6.96446 6.71433 6.32636 6.28313 6.18987 3.82712
threshold=378.45000000000005 0.15579093038109434 4.7331513145288531 0.50907742410761125 0.86578547945897488 0.87172012056033987 5.4211894707102664 0.06756838860821178 0.79405427701774534 0.32281569845997882
decision_type=2 2 2 2 2 2 2 2 2 2
left_child=1 2 5 6 7 -1 9 -3 -6 -2
right_child=3 4 -4 -5 8 -7 -8 -9 -10 -11
leaf_value=0.0050788848603601187 -0.00094269264001964098 0.0022739012932379301 0.017643929321491721 0.013971894008478819 0.00230891446253409 -0.028681666040059946 0.0085632509655845859 0.043312674321428372 -0.0069083705396511298 -0.030707779346804978
leaf_weight=6.9786062017083195 4.9468413740396562 6.6963649243116361 7.2660139426589003 9.9491498246788961 453.39338083937764 22.065836079418659 6.8114833682775489 6.7341731637716293 76.658719286322594 18.159379228949547
leaf_count=39 27 34 34 52 2268 124 37 30 416 113
internal_value=-1.62015e-05 0.000612152 -0.012923 -0.00915449 0.00151645 -0.0205699 -0.0168452 0.0228511 0.000975866 -0.0243353
internal_weight=619.66 579.793 36.3105 39.8669 543.483 29.0444 29.9177 13.4305 530.052 23.1062
internal_count=3174 2945 197 229 2748 163 177 64 2684 140
is_linear=0
shrinkage=0.03


Tree=183
num_leaves=9
num_cat=0
split_feature=84 131 150 72 30 90 65 147
split_gain=3.96333 4.49439 8.48937 6.69474 5.86115 10.0441 9.32082 3.30857
threshold=0.3802320343170687 0.15177856596674935 0.16742905015734991 1.1711043719061638 1.9915239014876482 2.1277000878745964 3.4980769230769235 -27.952142426011328
decision_type=2 2 2 2 2 2 2 2
left_child=-1 2 7 -4 6 -6 -3 -2
right_child=1 4 3 -5 5 -7 -8 -9
leaf_value=-0.024561582304343983 -0.0018397533502717731 -0.0015878665312461064 0.022813565494050579 0.0030870300462452617 -0.0071468323216184156 0.016595354732683129 -0.016842971307744359 -0.033829819578468999
leaf_weight=5.8645057305693618 4.7985863834619522 245.33774616569281 16.591219715774059 231.95180878788233 28.653724707663059 36.419546827673912 42.255186535418034 7.3920711576938611
leaf_count=39 29 1265 85 1168 146 172 220 50
internal_value=-1.62284e-05 0.000218441 0.00320498 0.00440385 -0.00198957 0.00614095 -0.00382925 -0.0212376
internal_weight=619.264 613.4 260.734 248.543 352.666 65.0733 287.593 12.1907
internal_count=3174 3135 1332 1253 1803 318 1485 79
is_linear=0
shrinkage=0.03


Tree=184
num_leaves=11
num_cat=0
split_feature=136 131 27 69 150 157 61 46 19 105
split_gain=3.96461 4.85988 6.35304 8.76673 8.21937 5.54368 9.8723 7.25431 4.08376 2.99886
threshold=31.500000000000004 0.15177856596674935 0.53200600196686254 1.2119739872101898 0.15290771378596532 0.43650793650793657 0.36627412654624769 25.641025641025646 2.9979302808499084 0.059555390973827671
decision_type=2 2 2 2 2 2 2 2 2 2
left_child=8 2 3 -2 -4 7 -7 -3 -1 -10
right_child=1 5 4 -5 -6 6 -8 -9 9 -11
leaf_value=-0.032055669093764574 0.0096043456194685167 0.023009156510782985 -0.02448876305287815 -0.015831330029360512 0.0072350541963438078 -0.018341862424675972 0.01102785745588852 -0.004630257347256448 -0.019294447794861877 0.010401639464903318
leaf_weight=6.8311372771859196 20.092006720602512 8.824765168130396 7.6432843878865233 31.029318131506443 191.81254472583532 12.577801980078219 56.892911545932293 270.89292988181114 5.6271436810493451 6.7101369835436344
leaf_count=40 100 46 51 167 963 68 286 1387 32 34
internal_value=-1.61004e-05 0.000413141 0.00360103 -0.00583445 0.00601938 -0.00187448 0.00571042 -0.00375827 -0.0134467 -0.00314301
internal_weight=618.934 599.766 250.577 51.1213 199.456 349.188 69.4707 279.718 19.1684 12.3373
internal_count=3174 3068 1281 267 1014 1787 354 1433 106 66
is_linear=0
shrinkage=0.03


Tree=185
num_leaves=7
num_cat=0
split_feature=113 14 60 101 68 29
split_gain=3.95027 5.91798 5.61885 5.85551 4.96953 4.43464
threshold=0.54631053177650912 1.7452942774543281 0.54713546757319687 0.33796843838617424 2.6551440329218114 1.7941182029417135
decision_type=2 2 2 2 2 2
left_child=5 -2 3 -3 -4 -1
right_child=1 2 4 -5 -6 -7
leaf_value=-0.034158666481076669 0.021311142014968882 0.036958335533098782 0.00076465731503960591 -6.4364175805692306e-05 -0.0063795558087256943 0.001366358360964952
leaf_weight=6.4009929895400983 11.862774215638636 7.4287950992584211 470.98675040528178 7.9692923650145531 107.65984139591455 6.2508272677659988
leaf_count=42 59 34 2374 39 589 37
internal_value=-1.60612e-05 0.00033037 -8.86054e-05 0.0177972 -0.000564556 -0.016607
internal_weight=618.559 605.907 594.045 15.3981 578.647 12.6518
internal_count=3174 3095 3036 73 2963 79
is_linear=0
shrinkage=0.03


Tree=186
num_leaves=8
num_cat=0
split_feature=108 101 99 115 101 53 53
split_gain=3.9356 4.39572 7.22404 6.8665 5.99905 12.0645 5.73758
threshold=1.337915190811789 2.380821525559464 0.59750177148175621 4.5000000000000009 2.0352152716000762 0.42558596277673805 0.84627306777097211
decision_type=2 2 2 2 2 2 2
left_child=1 4 3 -3 6 -6 -1
right_child=-2 2 -4 -5 5 -7 -8
leaf_value=0.0014275682274511713 -0.023099016905453861 0.026224041965960208 0.038488459418517806 -0.0055960342958284465 -0.028468350332469302 0.01506162297847825 -0.0078285222085010906
leaf_weight=480.85102152824402 6.5767869800329199 8.7219661921262759 6.7122158855199805 20.329911977052689 17.757257670164112 8.4604108929634076 68.909429229795933
leaf_count=2441 36 42 33 101 101 43 377
internal_value=-1.57197e-05 0.000232447 0.0104379 0.003957 -0.000401237 -0.0144213 0.000267369
internal_weight=618.319 611.742 35.7641 29.0519 575.978 26.2177 549.76
internal_count=3174 3138 176 143 2962 144 2818
is_linear=0
shrinkage=0.03


Tree=187
num_leaves=9
num_cat=0
split_feature=70 121 113 36 64 36 146 114
split_gain=3.90197 4.51789 10.5024 9.29607 8.05703 14.6067 9.85451 6.16856
threshold=1.2971863292977071 0.60231804586241278 6.3492712643622244 389.32500000000005 0.22362006821979483 227.33333333333334 32.64145855336713 8.5000000000000018
decision_type=2 2 2 2 2 2 2 2
left_child=-1 4 3 -3 5 -2 -6 -4
right_child=1 2 7 -5 6 -7 -8 -9
leaf_value=0.020678469058989086 -0.0082462236190373149 -0.00041210427919869514 -0.033258053053725395 -0.034933267506774293 0.0030514483564715992 0.040317637504477324 -0.010856802707031843 0.0023365396619307475
leaf_weight=8.0930766016244871 9.8583714142441767 228.75844329223037 15.622997917234899 7.2428303509950629 274.46143316477537 12.825994729995726 55.044566709548235 6.0899334102869025
leaf_count=39 49 1147 91 54 1412 57 297 28
internal_value=-1.55023e-05 -0.000290099 -0.00330851 -0.00147155 0.00191861 0.0192123 0.00072805 -0.0232747
internal_weight=617.998 609.905 257.714 236.001 352.19 22.6844 329.506 21.7129
internal_count=3174 3135 1320 1201 1815 106 1709 119
is_linear=0
shrinkage=0.03


Tree=188
num_leaves=10
num_cat=0
split_feature=52 135 76 55 47 108 0 49 43
split_gain=3.89909 4.28407 9.00049 11.7621 7.51588 6.96185 8.22525 6.96329 2.77563
threshold=13050.000000000002 544.50000000000011 0.24509803921568632 0.24654975724076403 6.5000000000000009 0.64670033615699951 -0.11654056483765236 271800.00000000006 0.46248313766612253
decision_type=2 2 2 2 2 2 2 2 2
left_child=1 2 3 -1 -4 7 -7 -3 -2
right_child=8 5 4 -5 -6 6 -8 -9 -10
leaf_value=-7.2651594629511137e-05 -0.0023452674716380644 -2.2358310530569579e-05 0.001094847665695323 0.016109087953207722 -0.012565993821551973 0.0079179313694675846 -0.031082650651084457 -0.026149295655073474 -0.036754277869347617
leaf_weight=85.64843475073576 4.0547765642404539 194.92228115350008 174.00842034071684 76.569404445588589 45.783517353236675 7.1014802977442768 15.466630280017851 9.6345750540494901 4.3987793512642384
leaf_count=416 27 1002 925 358 242 36 80 55 33
internal_value=-1.54726e-05 0.00026534 0.00220528 0.00756539 -0.00175076 -0.00299751 -0.0188104 -0.00125293 -0.0202499
internal_weight=617.588 609.135 382.01 162.218 219.792 227.125 22.5681 204.557 8.45356
internal_count=3174 3114 1941 774 1167 1173 116 1057 60
is_linear=0
shrinkage=0.03


Tree=189
num_leaves=9
num_cat=0
split_feature=104 72 2 55 113 128 14 45
split_gain=3.81459 6.9104 7.10911 5.95693 4.63006 4.9355 5.35819 2.86017
threshold=1.9674116227782834 3.7263461393593453 79.773463467144609 0.4203823353459723 0.54631053177650912 3.8158565982412824 1.7452942774543281 0.52885682574916781
decision_type=2 2 2 2 2 2 2 2
left_child=4 2 -2 -4 7 6 -6 -1
right_child=1 -3 3 -5 5 -7 -8 -9
leaf_value=-0.0044946224224188579 -0.02396490608331181 -0.031249720784194957 -0.0066389519478349613 0.033698346089656835 0.020980471484483086 0.025700900569428167 0.00017975371372278755 -0.033748748859153806
leaf_weight=6.6018943563103658 7.4685668498277726 9.7142586633563024 6.8876717165112478 6.3168829306960106 11.373542889952658 7.1368163824081412 556.16867783293128 5.5252140425145626
leaf_count=41 44 58 36 30 56 33 2840 36
internal_value=-1.54467e-05 -0.0103796 -0.000572817 0.0126579 0.000521256 0.000908365 0.0005966 -0.0178231
internal_weight=617.194 30.3874 20.6731 13.2046 586.806 574.679 567.542 12.1271
internal_count=3174 168 110 66 3006 2929 2896 77
is_linear=0
shrinkage=0.03


Tree=190
num_leaves=9
num_cat=0
split_feature=13 105 46 70 4 71 51 13
split_gain=3.82491 4.6295 4.43823 9.79884 14.9016 6.97549 8.79574 3.09376
threshold=11.467781977991953 0.16999077138460608 36.720779220779228 4.8995013176531153 31.641911902155858 0.96442422715069043 45.000000000000007 3.4871646304122463
decision_type=2 2 2 2 2 2 2 2
left_child=2 -2 3 4 -1 7 -7 -4
right_child=1 -3 5 -5 -6 6 -8 -9
leaf_value=-0.018257812670716269 0.0041846881675447764 -0.028608524669118458 -0.0062061741293928897 0.030979628124545841 0.011727586401931797 0.038172069749606533 -0.00056790954101686186 -0.039230802945109375
leaf_weight=21.648322075605392 6.7733756229281417 9.05264964699745 4.492433622479437 12.781943410634993 47.964900955557823 5.330580484122037 502.99119966849685 5.9137309491634369
leaf_count=110 33 44 28 59 233 25 2606 36
internal_value=-1.53215e-05 -0.0145734 0.000367954 0.00683585 0.00240273 -0.000659412 -0.000161658 -0.0249738
internal_weight=616.949 15.826 601.123 82.3952 69.6132 518.728 508.322 10.4062
internal_count=3174 77 3097 402 343 2695 2631 64
is_linear=0
shrinkage=0.03


Tree=191
num_leaves=13
num_cat=0
split_feature=53 62 107 90 61 15 46 49 136 12 39 24
split_gain=3.83445 10.2494 8.42541 8.37628 6.77201 7.75761 10.6367 7.12532 6.35805 4.69956 3.86089 3.20715
threshold=0.029505711450999318 0.56620470863249295 0.22096242228844512 0.74504857897007748 0.16659148835954923 -4.0864046801494647 153.90000000000003 27000.000000000004 453.50000000000006 4.5247304392694483 1.621219832039871 -0.32663896114958918
decision_type=2 2 2 2 2 2 2 2 2 2 2 2
left_child=1 3 9 8 -2 6 -6 -7 -1 -3 -4 -5
right_child=4 2 10 11 5 7 -8 -9 -10 -11 -12 -13
leaf_value=0.02831787540239861 0.028512218875979545 0.010629020039953928 0.041968513484945735 -0.03112596569861233 -0.018253825384572351 -0.0025059716107886814 0.027233003215600887 0.0046456136295803113 -0.015425691469898712 -0.029126507786958546 0.0087524277712452588 -0.0062963233783760826
leaf_weight=5.4668361246585828 7.8132798224687567 4.9644548371434229 6.2899836376309377 21.192219220101833 35.11188106238842 229.88068875670433 5.3289801925420752 275.83029250428081 6.6017215847969055 5.8057142794132233 6.3077808022499084 6.0095471143722561
leaf_count=26 36 29 31 130 194 1170 28 1395 39 32 31 33
internal_value=-1.51444e-05 -0.00705059 0.00868099 -0.0164117 0.000780371 0.000383638 -0.0122599 0.00139472 0.00438935 -0.0108014 0.025337 -0.0256405
internal_weight=616.603 62.6383 23.3679 39.2703 553.965 546.152 40.4409 505.711 12.0686 10.7702 12.5978 27.2018
internal_count=3174 351 123 228 2823 2787 222 2565 65 61 62 163
is_linear=0
shrinkage=0.03


Tree=192
num_leaves=6
num_cat=0
split_feature=84 118 3 137 82
split_gain=3.77994 4.23814 4.59923 10.5047 6.2364
threshold=0.3802320343170687 0.02213884161122286 0.77585702568604409 4621.0000000000009 102.9442253521127
decision_type=2 2 2 2 2
left_child=-1 -2 3 -3 -4
right_child=1 2 4 -5 -6
leaf_value=-0.024180658495431669 -0.025626526429559902 -0.0042395868218536061 0.00027606140200108089 0.027204790286896981 -0.019955698493047021
leaf_weight=5.771057464182376 5.6597769781947127 20.394604459404945 552.33313760533929 18.001850202679634 14.061345532536505
leaf_count=39 30 100 2840 85 80
internal_value=-1.53234e-05 0.00021313 0.000454944 0.0105028 -0.000226214
internal_weight=616.222 610.451 604.791 38.3965 566.394
internal_count=3174 3135 3105 185 2920
is_linear=0
shrinkage=0.03


Tree=193
num_leaves=11
num_cat=0
split_feature=105 102 36 138 6 102 55 68 107 28
split_gain=3.80176 10.9737 6.80649 6.707 15.6867 8.2623 6.38377 5.68921 6.07692 1.60575
threshold=0.027000750302198857 0.005681255594717426 378.45000000000005 14494.000000000002 5.5000000000000009 0.0035003866952033088 0.24468374633194337 0.8245488794435859 0.68368711614204558 1.6097721092746073
decision_type=2 2 2 2 2 2 2 2 2 2
left_child=1 6 3 5 -5 -2 -1 -4 -9 -3
right_child=2 9 7 4 -6 -7 -8 8 -10 -11
leaf_value=-0.013483377225903906 -0.0091406035083593899 -0.038769107946278289 0.0079360125972632676 0.053106287751232224 0.0046975274873720906 0.0018891238159407461 0.026423675993241868 -0.027035964894361952 0.006966775325582231 -0.017860964217145014
leaf_weight=6.8924669772386569 71.090260297060013 7.9863006919622404 9.4064355567097646 7.1747834682464591 37.579685017466545 436.01733697205782 7.5697059482336044 20.524379849433902 6.1471948921680442 5.6409385725855827
leaf_count=37 361 50 55 31 181 2231 37 127 32 32
internal_value=-1.5046e-05 -0.0107973 0.000500085 0.0013254 0.0124581 0.000342891 0.00740454 -0.0121243 -0.0191991 -0.0301143
internal_weight=616.029 28.0894 587.94 551.862 44.7545 507.108 14.4622 36.078 26.6716 13.6272
internal_count=3174 156 3018 2804 212 2592 74 214 159 82
is_linear=0
shrinkage=0.03


Tree=194
num_leaves=6
num_cat=0
split_feature=122 41 103 37 51
split_gain=3.74665 4.8428 4.81138 4.95943 1.9072
threshold=0.085638725568137022 5.8375149025171957 0.74588141097576166 6.1574647538954101 315.00000000000006
decision_type=2 2 2 2 2
left_child=1 2 3 -1 -2
right_child=4 -3 -4 -5 -6
leaf_value=0.00097068465241751777 -0.030181372814983978 -0.020649045917567294 0.020432568173251172 -0.010730014229391406 -0.0051554340850231938
leaf_weight=549.3976934812963 5.3629286438226682 9.7708358466625196 10.856567293405531 34.659263782203197 5.6051172167062759
leaf_count=2831 31 50 52 180 30
internal_value=-1.50909e-05 0.000300101 0.000644169 0.000276339 -0.0173921
internal_weight=615.652 604.684 594.914 584.057 10.968
internal_count=3174 3113 3063 3011 61
is_linear=0
shrinkage=0.03


Tree=195
num_leaves=8
num_cat=0
split_feature=49 69 55 15 72 56 108
split_gain=3.77563 4.21583 9.35518 6.40163 7.041 5.86857 3.96795
threshold=455400.00000000006 9.7172471638069435 0.18132221295890949 -5.2965872433072194 2.8681968352216063 0.83836369077261741 0.18863654479143649
decision_type=2 2 2 2 2 2 2
left_child=1 3 -3 4 -1 -5 -4
right_child=-2 2 6 5 -6 -7 -8
leaf_value=-0.032064574827044043 -0.023470435450360375 -0.011776180450553767 0.01230275983821293 -0.0009352727700045018 0.0080088969994295597 0.0079831674930635928 0.043446695108730886
leaf_weight=11.395233586430551 6.1150468587875357 8.8225939795374888 7.6572631448507291 491.65950432792306 6.0363909453153601 76.773635014891624 7.0916625559329987
leaf_count=68 39 49 37 2543 32 371 35
internal_value=-1.47542e-05 0.000220599 0.0126601 -0.00027989 -0.0181875 0.000269268 0.0272776
internal_weight=615.551 609.436 23.5715 585.865 17.4316 568.433 14.7489
internal_count=3174 3135 121 3014 100 2914 72
is_linear=0
shrinkage=0.03


Tree=196
num_leaves=13
num_cat=0
split_feature=53 148 23 149 149 53 57 149 36 56 47 17
split_gain=3.71739 8.33897 6.60842 10.1542 6.20908 17.653 11.532 10.704 12.4552 10.345 9.03549 5.94435
threshold=0.84627306777097211 46.500000000000007 -1.7757640775402657 28.500000000000004 27.500000000000004 0.5836098734489803 2.6397263933044774 12.500000000000002 275.43333333333339 1.7467716240666149 6.5000000000000009 3.3311289881471557
decision_type=2 2 2 2 2 2 2 2 2 2 2 2
left_child=4 2 11 -4 7 6 -6 8 -1 -9 -7 -2
right_child=1 -3 3 -5 5 10 -8 9 -10 -11 -12 -13
leaf_value=0.0076262987125789265 -0.0046058808474116406 -0.035859707263277849 0.013142952092030235 -0.021236042403185478 -0.0098664655038206948 0.058345727791007426 0.010279136529708572 -0.008077434655062412 -0.0077266973256096706 0.026294612529993277 0.016502809051506986 -0.033674770864795603
leaf_weight=168.73954755067825 19.890856530517343 7.6519912779331198 31.633581005036831 10.233536340296267 43.816107794642448 7.6687732338905361 61.42262938991189 168.62797189503908 66.218835972249508 8.2670050263404828 11.778037950396536 9.2874459996819478
leaf_count=815 117 45 155 59 249 33 313 908 335 38 54 53
internal_value=-1.45521e-05 -0.00610346 -0.00289855 0.00473973 0.000878546 0.00674394 0.00189152 -0.00089716 0.00329933 -0.00647109 0.0330034 -0.0138585
internal_weight=615.236 78.6974 71.0454 41.8671 536.539 124.686 105.239 411.853 234.958 176.895 19.4468 29.1783
internal_count=3174 429 384 214 2745 649 562 2096 1150 946 87 170
is_linear=0
shrinkage=0.03


Tree=197
num_leaves=9
num_cat=0
split_feature=118 90 107 15 90 107 28 53
split_gain=3.93749 4.51629 15.9883 13.7418 12.8389 12.152 11.5487 10.7684
threshold=0.02213884161122286 1.1030290123659598 0.023105690558259829 0.13926524207054089 1.6354748572829643 0.22096242228844512 1.4170412379350463 0.029505711450999318
decision_type=2 2 2 2 2 2 2 2
left_child=-1 2 6 -4 5 -3 -2 -6
right_child=1 4 3 -5 7 -7 -8 -9
leaf_value=-0.025099692964159901 -0.0016792743783175992 -0.029027602420549834 -0.0030913412228123515 0.026769505467969083 -0.015686354159938645 -0.0020990014824414736 0.041760506960181257 0.0022021645372866478
leaf_weight=5.5805468857288352 8.376041531562807 27.205489322543144 116.0308423936367 15.75333411246538 33.079236160963774 33.845200218260288 16.086694836616516 358.67912364751101
leaf_count=30 43 148 603 72 195 177 71 1835
internal_value=-1.48096e-05 0.000215034 0.00461283 0.000478191 -0.00130248 -0.014099 0.0268867 0.000691696
internal_weight=614.637 609.056 156.247 131.784 452.809 61.0507 24.4627 391.758
internal_count=3174 3144 789 675 2355 325 114 2030
is_linear=0
shrinkage=0.03


Tree=198
num_leaves=9
num_cat=0
split_feature=118 56 72 26 56 2 104 100
split_gain=3.74993 4.32773 13.0077 15.0572 7.89929 11.8524 7.8115 4.71861
threshold=0.02213884161122286 0.01892814324704142 3.6429582686494237 -0.83101239134862259 0.081308923939535357 98.855951453790254 1.9674116227782834 0.7803764482422858
decision_type=2 2 2 2 2 2 2 2
left_child=-1 2 3 -2 5 -3 -6 -4
right_child=1 4 7 -5 6 -7 -8 -9
leaf_value=-0.024642080568041486 0.03656562325581196 -0.012066172686722923 0.00066078111636875658 -0.0093945103468953232 0.0018367455224100953 0.029240168626603447 -0.016981471954158278 -0.035594979488971959
leaf_weight=5.5146596878767005 18.82360965013504 79.682992704212666 7.3978491351008397 9.732344292104246 459.82870983704925 6.7842360138893119 20.748510930687189 5.7355225533246994
leaf_count=30 87 451 36 54 2331 35 118 32
internal_value=-1.48836e-05 0.00020822 0.00953719 0.0209016 -0.000477649 -0.00882527 0.00102429 -0.0151726
internal_weight=614.248 608.734 41.6893 28.556 567.044 86.4672 480.577 13.1334
internal_count=3174 3144 209 141 2935 486 2449 68
is_linear=0
shrinkage=0.03


Tree=199
num_leaves=6
num_cat=0
split_feature=108 70 121 138 64
split_gain=3.67058 4.21508 4.45145 10.2133 8.83673
threshold=1.337915190811789 1.2971863292977071 0.64242715282899143 14457.000000000002 0.22362006821979483
decision_type=2 2 2 2 2
left_child=1 -1 4 -4 -3
right_child=-2 2 3 -5 -6
leaf_value=0.023066662591593328 -0.022508137832371843 0.01942707025249148 -0.0054531307279911088 0.015168585414589045 0.00076147879254408115
leaf_weight=7.1846072673797599 6.4606461375951758 24.449916064739227 207.63725139200687 24.12669263035059 343.92126118019223
leaf_count=35 36 116 1080 119 1788
internal_value=-1.48563e-05 0.000224426 -4.90328e-05 -0.0033064 0.00200037
internal_weight=613.78 607.32 600.135 231.764 368.371
internal_count=3174 3138 3103 1199 1904
is_linear=0
shrinkage=0.03


Tree=200
num_leaves=10
num_cat=0
split_feature=52 135 76 39 143 16 23 3 41
split_gain=3.66252 3.97121 8.38281 7.16061 6.63538 7.65972 7.36752 6.50117 2.72154
threshold=13050.000000000002 544.50000000000011 0.24509803921568632 2.0245585127639329 3.0200068085476004 2.7249616472252178 -0.68976978077721973 1.0192603061893577 0.46248313766612253
decision_type=2 2 2 2 2 2 2 2 2
left_child=1 2 7 -4 6 -6 -3 -1 -2
right_child=8 4 3 -5 5 -7 -8 -9 -10
leaf_value=0.013323911494214169 -0.0021239473180979236 0.015065070744475906 0.0016087416180547895 -0.010609866246660214 -0.010957137548013165 0.0013009331601836331 -0.015263481547548224 0.0012775115649972938 -0.036509937771794766
leaf_weight=80.854888290166855 4.0262332409620267 31.277452580630779 159.45068028569221 59.190963871777058 99.656213231384754 85.018728844821453 9.3678392320871335 80.425824850797653 4.2669297717511654
leaf_count=377 27 165 835 332 542 411 55 397 33
internal_value=-1.45285e-05 0.000256795 0.00212821 -0.0016991 -0.00289868 -0.00531389 0.00807501 0.00731674 -0.0198159
internal_weight=613.536 605.243 379.922 218.642 225.32 184.675 40.6453 161.281 8.29316
internal_count=3174 3114 1941 1167 1173 953 220 774 60
is_linear=0
shrinkage=0.03


Tree=201
num_leaves=12
num_cat=0
split_feature=76 67 79 87 79 55 75 113 145 63 24
split_gain=3.62791 6.08745 4.83794 4.78965 8.01425 9.46927 7.82817 5.4191 6.36616 1.99913 0.880559
threshold=0.80322580645161301 1.2698007858275318 2.5255906300262483 344.50000000000006 2.9163053255720039 0.044922293811547963 0.50356721707134255 0.52244772392904504 1.3373972319100036 0.50092936802973986 -1.0902925180200675
decision_type=2 2 2 2 2 2 2 2 2 2 2
left_child=3 2 -2 4 5 -1 -6 9 -9 -5 -3
right_child=1 10 -4 7 6 -7 -8 8 -10 -11 -12
leaf_value=-0.031362740318099623 0.019449410803476966 -0.019599804720130589 -0.018651578150897193 -0.0092110437714353829 0.032910373597155769 0.0053321333215463045 0.0052817734022422586 0.0081614863041394991 -0.0015568345137769956 -0.037263839858034567 -0.037624074991808018
leaf_weight=7.9177860394120207 6.6472696959972399 4.4424230977892876 5.4655221551656723 4.4892601221799833 16.370893903076649 31.545667767524719 21.158435024321079 70.508369646966457 434.53901006653905 4.6590485237538815 5.410318046808241
leaf_count=44 35 30 34 27 78 163 103 358 2233 33 36
internal_value=-1.45029e-05 -0.0119862 0.00225752 0.000430305 0.0074086 -0.00203018 0.0173338 -0.000614585 -0.000200085 -0.0234978 -0.0294973
internal_weight=613.154 21.9655 12.1128 591.188 76.9928 39.4635 37.5293 514.196 505.047 9.14831 9.85274
internal_count=3174 135 69 3039 388 207 181 2651 2591 60 66
is_linear=0
shrinkage=0.03


Tree=202
num_leaves=8
num_cat=0
split_feature=49 48 4 48 71 64 121
split_gain=3.60988 4.15614 7.23823 5.39107 12.0845 7.71402 4.41995
threshold=455400.00000000006 0.55087932538123896 32.344667213997461 0.87172012056033987 6.8065859192863956 0.58484174870329209 0.51671528507135012
decision_type=2 2 2 2 2 2 2
left_child=1 2 6 4 -3 -5 -1
right_child=-2 3 -4 5 -6 -7 -8
leaf_value=-0.0053332482731895791 -0.023114062518398218 0.0091712455209957116 0.013728857947092468 0.0024584786594676771 -0.025838654218966028 -0.005354760286516394 -0.040804620500927272
leaf_weight=5.3929756060242671 6.0288735032081595 109.95297734439373 5.9832731187343589 273.47996874153614 9.6523172408342344 194.68637672066689 7.6410888209939003
leaf_count=30 39 557 32 1382 54 1037 43
internal_value=-1.4545e-05 0.000214965 -0.0135881 0.000661564 0.0063459 -0.000790647 -0.026128
internal_weight=612.818 606.789 19.0173 587.772 119.605 468.166 13.0341
internal_count=3174 3135 105 3030 611 2419 73
is_linear=0
shrinkage=0.03


Tree=203
num_leaves=11
num_cat=0
split_feature=105 102 36 10 138 7 102 55 107 102
split_gain=3.60723 10.5052 6.14838 5.95805 5.88028 13.8631 6.38445 5.85538 5.7272 1.65875
threshold=0.027000750302198857 0.005681255594717426 378.45000000000005 -0.59707899766020323 15753.500000000002 2.7806570495089269 0.0035003866952033088 0.24468374633194337 0.68368711614204558 0.011983840194925965
decision_type=2 2 2 2 2 2 2 2 2 2
left_child=1 7 4 -4 6 -6 -2 -1 -5 -3
right_child=2 9 3 8 5 -7 -8 -9 -10 -11
leaf_value=-0.013004016625349011 -0.0077499163396244153 -0.037721067685042374 0.0093121885545281516 -0.026489543266181796 -0.00086762291409422563 0.03687103327058297 0.0017974853414049088 0.025316129140803285 0.0065921403795002245 -0.015726316202042411
leaf_weight=6.8087277784943598 73.649228528141975 8.5132376477122289 9.1144702807068807 20.303376734256748 24.484956346452236 13.641310483217238 437.48026303946972 7.5885211005806923 6.1324532255530348 4.840573623776435
leaf_count=37 378 56 53 129 120 59 2247 37 32 26
internal_value=-1.45173e-05 -0.0105827 0.00048698 -0.011604 0.00126956 0.012635 0.000421789 0.00719382 -0.0188154 -0.0297483
internal_weight=612.557 27.7511 584.806 35.5503 549.256 38.1263 511.129 14.3972 26.4358 13.3538
internal_count=3174 156 3018 214 2804 179 2625 74 161 82
is_linear=0
shrinkage=0.03


Tree=204
num_leaves=8
num_cat=0
split_feature=98 102 150 15 113 58 18
split_gain=3.61366 5.01546 5.09553 7.28849 5.60963 4.53743 5.34733
threshold=0.033054948297487334 0.00094314970275927775 0.18018931587630443 1.8742347913118702 7.1556484349883442 2.7164602490992587 0.85002517416863976
decision_type=2 2 2 2 2 2 2
left_child=5 -2 3 -3 -4 6 -1
right_child=1 2 4 -5 -6 -7 -8
leaf_value=-0.0017116295812472878 -0.026931595710737055 -0.032932191727790397 0.0013875918257037004 -0.0001368761100266628 -0.0088331096351671624 -0.0090159899200257122 0.032431164815777624
leaf_weight=6.6629811227321687 6.3842041194438925 10.213395036756994 502.35286141932011 15.139688063412903 53.474490970373154 7.0800327956676474 10.852827765047548
leaf_count=34 38 68 2554 95 298 37 50
internal_value=-1.45584e-05 -0.000486149 -0.000195648 -0.0133483 0.000404289 0.0112512 0.0194433
internal_weight=612.16 587.565 581.18 25.3531 555.827 24.5958 17.5158
internal_count=3174 3053 3015 163 2852 121 84
is_linear=0
shrinkage=0.03


Tree=205
num_leaves=14
num_cat=0
split_feature=106 102 57 81 4 97 107 41 7 102 146 4 28
split_gain=3.61563 8.25769 11.1413 8.9485 8.13172 7.76188 7.50964 7.28336 11.6473 8.36931 7.22417 12.7482 7.22958
threshold=0.21472970413901296 0.014899571392596079 1.0037372366612565 0.064379518791798429 21.530435357556193 0.42666629585138655 0.039435613079906971 0.42591322252203673 9.4043027206880332 0.01239100304578686 25.297038850980289 28.803109688134672 1.5165254348134269
decision_type=2 2 2 2 2 2 2 2 2 2 2 2 2
left_child=1 3 -3 4 -1 -5 -4 8 9 -2 12 -12 -9
right_child=7 2 6 5 -6 -7 -8 10 -10 -11 11 -13 -14
leaf_value=-0.017821155875257257 0.0034873737383058737 0.026676034661696813 0.0054840783501770747 0.025469149032533552 0.011484798200205201 -0.0084723877480069598 -0.021637797816331013 0.0013947757241623731 -0.029452545905382668 0.018027246748398593 0.041551090554085957 0.0010323761156787311 -0.013212786615035612
leaf_weight=9.7182584479451162 116.28221466392279 6.0147643312811843 11.474418587982653 6.5428770631551734 69.194880403578281 82.818179611116648 46.110843755304813 55.432505279779434 7.8470697179436675 51.369575962424278 7.7216549664735785 73.594194747507572 67.77621266245842
leaf_count=55 580 29 62 31 349 443 280 293 42 250 35 372 353
internal_value=-1.43967e-05 -0.00296664 -0.0121755 0.000513878 0.00787573 -0.00598724 -0.0162335 0.00178694 0.00627044 0.00794248 -0.00206027 0.00487998 -0.00664074
internal_weight=611.898 231.874 63.6 168.274 78.9131 89.3611 57.5853 380.023 175.499 167.652 204.525 81.3158 123.209
internal_count=3174 1249 371 878 404 474 342 1925 872 830 1053 407 646
is_linear=0
shrinkage=0.03


Tree=206
num_leaves=10
num_cat=0
split_feature=13 105 99 67 107 2 61 61 55
split_gain=3.59866 4.40209 4.11652 6.76312 8.23293 6.29376 5.43339 7.60024 6.61002
threshold=11.467781977991953 0.16999077138460608 0.10962177499286684 2.1752136752136755 0.35103208086843379 80.588940740933865 0.16659148835954923 0.29084616909590844 0.27523308812434283
decision_type=2 2 2 2 2 2 2 2 2
left_child=2 -2 3 4 -1 -5 8 -8 -4
right_child=1 -3 6 5 -6 -7 7 -9 -10
leaf_value=0.02612021578215494 0.0041564291355814798 -0.02804984690747991 0.0015651896325428528 -0.021503935676097895 -0.0043985228064993527 0.0064025881788573888 -0.013692658871376629 -3.411831615751123e-05 0.040583855893465179
leaf_weight=24.445046588778496 6.6866401657462111 8.9083562046289426 10.322842746973039 10.691779658198355 11.793536171317099 22.74986382573843 39.771077953279018 469.60076443478465 6.2875474095344535
leaf_count=116 33 44 53 52 61 114 219 2452 30
internal_value=-1.46759e-05 -0.0142408 0.000357778 0.00720977 0.0161882 -0.00251953 -0.00054995 -0.00110056 0.016335
internal_weight=611.257 15.595 595.662 69.6802 36.2386 33.4416 525.982 509.372 16.6104
internal_count=3174 77 3097 343 177 166 2754 2671 83
is_linear=0
shrinkage=0.03


Tree=207
num_leaves=7
num_cat=0
split_feature=108 106 60 60 90 43
split_gain=3.52222 3.87571 8.18089 10.1179 6.28908 7.76708
threshold=1.337915190811789 0.21472970413901296 14.262801725222221 10.95195510863657 11.892568317391932 0.42591322252203673
decision_type=2 2 2 2 2 2
left_child=1 2 3 -1 5 -3
right_child=-2 4 -4 -5 -6 -7
leaf_value=-0.0031038564980160133 -0.022188319098909497 0.0072960841514177763 -0.034103174771064011 0.03043010401110368 -0.027534507114664982 -0.001427754387388662
leaf_weight=213.04177645593882 6.3799973502755156 170.68123584985733 7.3017504103481761 8.4177178964018804 6.3393964543938628 198.87478881329298
leaf_count=1144 36 846 51 41 33 1023
internal_value=-1.45085e-05 0.000219457 -0.00285937 -0.00182922 0.00209316 0.00260139
internal_weight=611.037 604.657 228.761 221.459 375.895 369.556
internal_count=3174 3138 1236 1185 1902 1869
is_linear=0
shrinkage=0.03


Tree=208
num_leaves=15
num_cat=0
split_feature=31 63 24 128 28 63 68 109 4 150 58 37 93 145
split_gain=3.55573 8.94617 10.0815 9.94897 8.86531 8.52237 7.19682 6.80619 6.72376 12.8156 9.83062 6.26556 4.9698 4.43101
threshold=1.5000000000000002 0.69816468253968267 -0.32663896114958918 0.47932541150262514 1.0055584492371474 0.33373688458434225 1.7514306961104469 0.10183024892450222 57.254283854840544 0.83132529356564977 1.5003664850871996 4.3876265111080128 2.0770717390387605 1.3281212496599155
decision_type=2 2 2 2 2 2 2 2 2 2 2 2 2 2
left_child=4 2 5 12 6 -2 13 -8 10 -10 -6 -5 -3 -1
right_child=1 3 -4 11 8 -7 7 -9 9 -11 -12 -13 -14 -15
leaf_value=-0.0012169489369547575 0.016514636640643565 0.052843515665339652 0.025432720055994788 0.02544606606639278 -0.008298341164807042 -0.013337841948937853 -0.027967174687602687 0.012833795672389757 0.012801240252941578 -0.024876869329482538 0.0033871724313840135 -0.011648159718949579 0.019125633070446034 -0.030083972463483138
leaf_weight=6.2080414071679142 10.956215664744375 7.4904270693659774 10.427036091685293 6.5602882206439999 79.239192485809326 40.136995539069176 5.1755754873156574 12.73071715980768 12.257122464478014 24.097818985581398 355.39651434123516 10.919499434530733 8.2867099195718747 20.886979460716248
leaf_count=36 55 33 46 31 433 210 33 71 62 130 1819 54 42 119
internal_value=-1.43787e-05 0.00532655 -0.00145017 0.0178625 -0.000995398 -0.0069364 -0.013717 0.00104082 0.000220097 -0.0121736 0.00125677 0.00227357 0.0351337 -0.0234699
internal_weight=610.769 94.7772 61.5202 33.2569 515.992 51.0932 45.0013 17.9063 470.991 36.3549 434.636 17.4798 15.7771 27.095
internal_count=3174 471 311 160 2703 265 259 104 2444 192 2252 85 75 155
is_linear=0
shrinkage=0.03


Tree=209
num_leaves=12
num_cat=0
split_feature=53 107 107 54 53 53 58 68 63 52 62
split_gain=3.54034 7.49118 8.67819 8.91287 5.33313 11.4934 10.0982 9.47023 12.4456 9.08694 3.07506
threshold=0.84627306777097211 0.023105690558259829 0.12956430091290802 0.22197599779313223 0.17314371378211094 0.18098327417949467 1.735343434651538 1.4226483456385017 0.78824769079006385 5250.0000000000009 0.28696114146933821
decision_type=2 2 2 2 2 2 2 2 2 2 2
left_child=4 -2 10 -4 7 -6 -7 8 -1 -9 -3
right_child=1 2 3 -5 5 6 -8 9 -10 -11 -12
leaf_value=-0.01392412941147067 0.016829157463729094 -0.0097508801094941741 -0.02034006085704701 0.0061836050203618181 0.035685467673717067 -0.0068451629963484119 0.0056110512269186017 0.00065401902362202408 0.012097408079373231 0.029955384071062234 -0.036891019858154905
leaf_weight=88.034672744572163 11.092427663505076 5.5430693104863193 17.860664874315262 31.533308155834675 9.6039328277111036 79.340142168104649 223.81341194361448 100.68416415899992 20.369808033108711 10.520765595138071 11.662408675998448
leaf_count=482 56 29 107 164 43 413 1116 537 102 52 73
internal_value=-1.44862e-05 -0.00599688 -0.00979866 -0.00340725 0.000858565 0.00337467 0.00235106 -0.00272475 -0.00903454 0.00342613 -0.0281473
internal_weight=610.059 77.6919 66.5995 49.394 532.367 312.757 303.154 219.609 108.404 111.205 17.2055
internal_count=3174 429 373 271 2745 1572 1529 1173 584 589 102
is_linear=0
shrinkage=0.03


Tree=210
num_leaves=13
num_cat=0
split_feature=131 100 72 120 72 124 64 142 55 95 55 72
split_gain=3.49046 6.35977 6.12951 7.79151 6.6898 5.50306 5.76731 5.49354 6.58825 5.20387 5.05527 2.85424
threshold=0.15177856596674935 1.0442047907737673 1.1711043719061638 0.4415914035203376 1.4392058686056612 0.17046115964166261 0.55807820941600217 11.335783952483713 0.24654975724076403 1.9875093976915641 0.1595179309571679 3.6429582686494237
decision_type=2 2 2 2 2 2 2 2 2 2 2 2
left_child=1 2 3 -1 -4 6 9 8 -7 -2 -3 -12
right_child=5 10 4 -5 -6 7 -8 -9 -10 -11 11 -13
leaf_value=-0.0072492606899505962 0.017911755479685102 0.00525246568849079 -0.018783206865484247 0.036156916640046458 0.0040407282222718385 -0.004244284042286094 -0.034679208487376531 -0.023268354080961302 0.0044937557784661183 -0.017907187670848632 -0.032419505530209891 -0.0052152354938827658
leaf_weight=5.5958183929324177 5.8086323738098171 9.4767471775412577 12.23562318831682 11.113906867802141 208.63046710565686 170.13894821703434 9.0613594800233823 9.6232239007949811 142.86797700822353 9.8247959390282613 9.7115965783596021 5.4016334414482108
leaf_count=33 29 56 69 56 1060 897 55 51 724 52 59 33
internal_value=-1.46336e-05 0.00259849 0.00410174 0.0216209 0.00277632 -0.00198705 -0.0156362 -0.00094232 -0.000255918 -0.00459859 -0.0119252 -0.0226964
internal_weight=609.491 262.166 237.576 16.7097 220.866 347.325 24.6948 322.63 313.007 15.6334 24.59 15.1132
internal_count=3174 1366 1218 89 1129 1808 136 1672 1621 81 148 92
is_linear=0
shrinkage=0.03


Tree=211
num_leaves=6
num_cat=0
split_feature=122 41 103 15 51
split_gain=3.4962 4.34374 4.48193 4.61381 1.77904
threshold=0.085638725568137022 5.8375149025171957 0.74588141097576166 -5.0510705406781051 315.00000000000006
decision_type=2 2 2 2 2
left_child=1 2 3 -1 -2
right_child=4 -3 -4 -5 -6
leaf_value=-0.010311110736426085 -0.029512816522000222 -0.019729801398963322 0.01983772500824442 0.0009390856788075387 -0.0050774220283881528
leaf_weight=34.91703038662672 5.2304666042327863 9.5979521423578245 10.718747615814207 543.21421074867249 5.5027298405766487
leaf_count=198 31 50 52 2813 30
internal_value=-1.46825e-05 0.000289685 0.000615992 0.000259615 -0.0169852
internal_weight=609.181 598.448 588.85 578.131 10.7332
internal_count=3174 3113 3063 3011 61
is_linear=0
shrinkage=0.03


Tree=212
num_leaves=9
num_cat=0
split_feature=70 121 113 36 131 147 134 93
split_gain=3.46675 4.26146 9.97493 8.16224 6.83978 8.62836 6.4428 5.1726
threshold=1.3384496263337142 0.60231804586241278 6.3492712643622244 389.32500000000005 0.24332680590580805 -0.15412324519707357 1247.0000000000002 9.0098048556528187
decision_type=2 2 2 2 2 2 2 2
left_child=-1 4 3 -3 5 -2 -6 -4
right_child=1 2 7 -5 6 -7 -8 -9
leaf_value=0.017073282680169659 -0.0035237722465837969 -0.00052264760835187961 -0.03363657498277612 -0.034076707435466459 -0.031953885445185778 0.01014219818436142 -0.0015125497495979486 -0.0015702723018512753
leaf_weight=10.50135689973831 61.694623809307814 224.09994235262275 13.978556483983995 6.7203845754265776 6.5274236947298041 127.53689410537481 151.22651013731956 6.6962700858712187
leaf_count=52 343 1141 82 54 36 646 785 35
internal_value=-1.43756e-05 -0.000314208 -0.0032877 -0.00149958 0.00184098 0.00568672 -0.00277213 -0.0232508
internal_weight=608.982 598.481 251.495 230.82 346.985 189.232 157.754 20.6748
internal_count=3174 3122 1312 1195 1810 989 821 117
is_linear=0
shrinkage=0.03


Tree=213
num_leaves=12
num_cat=0
split_feature=105 93 51 36 29 46 138 11 136 41 106
split_gain=3.52532 8.23297 7.75714 5.57348 5.68192 6.8154 5.43021 13.4093 6.10551 2.4066 1.68994
threshold=0.027000750302198857 1.5037998986504781 405.00000000000006 378.45000000000005 1.6736510890554273 37.39802631578948 15753.500000000002 3.3530190359460641 31.500000000000004 0.65605728273810293 0.5739217599914378
decision_type=2 2 2 2 2 2 2 2 2 2 2
left_child=1 2 -1 6 5 -5 8 -8 -2 -6 -3
right_child=3 10 -4 4 9 -7 7 -9 -10 -11 -12
leaf_value=-0.013834605153186326 -0.018009401185919597 -0.037998139173068955 0.029976242937047117 0.01551532260303317 -0.037797707093367855 -0.017513604212696279 -0.01847683025677466 0.022520170496963973 0.00099327591160519569 -0.010323164354349859 -0.01570916859895698
leaf_weight=8.6856207922101039 15.702298063784836 7.1649540588259679 6.2580006942152968 10.470106393098833 7.7086839228868467 12.144700109958647 9.6084340661764127 28.413694024085999 492.5772266164422 4.5706787109375 5.345595695078373
leaf_count=51 90 46 31 55 54 78 46 133 2535 27 28
internal_value=-1.44278e-05 -0.0105194 0.00451224 0.000481798 -0.0111424 -0.00222201 0.00122428 0.01216 0.000406226 -0.027571 -0.0284744
internal_weight=608.65 27.4542 14.9436 581.196 34.8942 22.6148 546.302 38.0221 508.28 12.2794 12.5105
internal_count=3174 156 82 3018 214 133 2804 179 2625 81 74
is_linear=0
shrinkage=0.03


Tree=214
num_leaves=14
num_cat=0
split_feature=88 62 70 100 150 29 54 61 54 49 54 24 82
split_gain=3.44369 7.89849 10.9906 7.58502 7.16617 8.33595 6.52872 7.79961 6.91742 9.30606 9.06653 5.63403 0.516637
threshold=832.00000000000011 0.48492608921161834 2.934146727989972 0.50653697298014067 0.67931833337165737 1.0307347514681546 1.6182335375946835 0.6903957170210443 0.73978833833492319 77400.000000000015 0.5775711638334301 -1.4969959430628188 6.6171465086928176
decision_type=2 2 2 2 2 2 2 2 2 2 2 2 2
left_child=6 2 3 -2 5 -3 8 -8 10 -10 -1 -6 -4
right_child=1 4 12 -5 11 -7 7 -9 9 -11 -12 -13 -14
leaf_value=0.00017362222894821332 -0.024739264734028123 -0.010568924515047822 -0.026961527242105231 0.010540901478586724 -0.02384920508708031 0.032010936197045245 -0.0012013473686654304 0.044028180253061246 -0.0028342693228726708 -0.029477043195430288 0.01377784265140038 0.010410326665140548 -0.038766484227444192
leaf_weight=397.84593636915088 8.6949962824583071 6.3278675377368954 4.8730566352605811 14.853781372308729 10.305063836276533 11.957117527723311 6.9114639461040479 6.8148151338100433 57.105750504881144 14.871942758560179 49.584613993763924 7.4386145919561377 10.58205985277891
leaf_count=2045 47 39 30 74 54 58 39 34 311 92 248 36 67
internal_value=-1.45495e-05 -0.00603204 -0.0153869 -0.00248572 0.00409537 0.0172754 0.000832343 0.0212542 0.00029266 -0.00833917 0.00168125 -0.00948671 -0.0350443
internal_weight=608.167 75.0326 39.0039 23.5488 36.0287 18.285 533.135 13.7263 519.408 71.9777 447.431 17.7437 15.4551
internal_count=3174 405 218 121 187 97 2769 73 2696 403 2293 90 97
is_linear=0
shrinkage=0.03


Tree=215
num_leaves=8
num_cat=0
split_feature=101 88 25 83 54 113 54
split_gain=3.49309 4.06545 6.20342 5.73395 5.00641 9.35427 7.61979
threshold=0.011020547353783803 943.50000000000011 -1.2948857022179854 4.6671695697091335 1.6182335375946835 3.4644041265946623 0.73978833833492319
decision_type=2 2 2 2 2 2 2
left_child=-1 4 3 -3 6 -6 -2
right_child=1 2 -4 -5 5 -7 -8
leaf_value=0.01738996683762388 0.0012409019657758846 -0.019531085873962312 -0.035023416971631104 0.0091809936082926178 0.035782886088690048 -0.013603819869467166 -0.0089535601467656597
leaf_weight=10.203883744776247 473.228047773242 11.281507872045042 7.2772871330380431 14.063443340361117 9.3231848925352079 5.4808507561683646 76.678853947669268
leaf_count=51 2425 72 46 71 48 31 430
internal_value=-1.46874e-05 -0.000312001 -0.0106093 -0.00359929 0.000282854 0.0174986 -0.000180611
internal_weight=607.537 597.333 32.6222 25.345 564.711 14.804 549.907
internal_count=3174 3123 189 143 2934 79 2855
is_linear=0
shrinkage=0.03


Tree=216
num_leaves=13
num_cat=0
split_feature=62 90 98 5 110 3 49 54 75 56 52 85
split_gain=3.49632 15.0168 9.31203 12.6469 8.79061 8.62665 8.79362 8.59374 7.3357 4.55763 3.46889 0.738152
threshold=0.37730250611384092 -0.25118506162871174 1.542921157408651 8.5000000000000018 10.350229488869344 0.76613533966012171 81000.000000000015 0.039920736004216258 0.40822039894639001 0.26101314238164902 4050.0000000000005 1.9767276345835887
decision_type=2 2 2 2 2 2 2 2 2 2 2 2
left_child=2 10 5 7 8 -1 -7 -4 -3 -6 11 -2
right_child=1 4 3 -5 9 6 -8 -9 -10 -11 -12 -13
leaf_value=0.025517989474200684 -0.026483453201657504 0.013273897237704191 0.043288729804001752 0.04476853844553387 -0.0064318034593471522 0.00081628930904727572 -0.019135302283103627 0.0029549941282894731 -0.00074547154622116329 -0.039179890986828142 -0.0089579450187347569 -0.041181413637315332
leaf_weight=9.9976877048611623 4.8287206068635014 37.186490833759308 5.3049509897828093 9.5401684343814832 7.7585265114903432 91.567518539726734 25.395910575985909 45.803934581577778 347.44915821775794 7.5437363311648369 6.3966440334916106 8.4683012738823873
leaf_count=47 32 186 23 42 38 474 131 224 1849 46 36 46
internal_value=-1.44656e-05 -0.00153655 0.00339002 0.0130603 -0.000277213 -0.00122945 -0.00351574 0.00714152 0.000609918 -0.022576 -0.0271112 -0.035844
internal_weight=607.242 419.632 187.61 60.6491 399.938 126.961 116.963 51.1089 384.636 15.3023 19.6937 13.297
internal_count=3174 2233 941 289 2119 652 605 247 2035 84 114 78
is_linear=0
shrinkage=0.03


Tree=217
num_leaves=7
num_cat=0
split_feature=98 102 150 15 131 50
split_gain=3.43939 5.25311 4.75914 7.17466 5.18128 4.20512
threshold=0.015589519996778644 0.00094314970275927775 0.18018931587630443 1.8742347913118702 0.15177856596674935 570.00000000000011
decision_type=2 2 2 2 2 2
left_child=5 -2 3 -3 -4 -1
right_child=1 2 4 -5 -6 -7
leaf_value=0.025676731810880173 -0.027179673282812632 -0.032617163784854353 0.0038183626128515161 0.00023659341429306665 -0.0020179782240881089 -0.0057316905040392715
leaf_weight=9.9898576214909571 6.5143450722098342 9.9772693365812319 239.45404952019453 14.941003587096928 319.6396252438426 6.2283227592706671
leaf_count=50 39 68 1230 95 1660 32
internal_value=-1.45834e-05 -0.000388901 -9.00644e-05 -0.012918 0.000481666 0.0136148
internal_weight=606.744 590.526 584.012 24.9183 559.094 16.2182
internal_count=3174 3092 3053 163 2890 82
is_linear=0
shrinkage=0.03


Tree=218
num_leaves=14
num_cat=0
split_feature=31 27 12 63 48 107 26 36 147 30 149 59 63
split_gain=3.40932 8.53505 8.96595 9.92433 8.53053 10.2753 5.65808 10.2189 6.50708 11.0894 6.6995 6.21752 3.07415
threshold=1.5000000000000002 2.2816299611650446 6.5655662563248045 0.70425901781833999 1.0587775622520688 0.1647068451927029 -0.27225619388879557 225.70000000000002 26.367354236118061 0.84524367912185194 1.5000000000000002 3.3784294779110087 0.43014314444575896
decision_type=2 2 2 2 2 2 2 2 2 2 2 2 2
left_child=6 2 3 -2 5 -3 8 12 10 -10 -1 -9 -8
right_child=1 4 -4 -5 -6 -7 7 11 9 -11 -12 -13 -14
leaf_value=0.019903229807522762 -0.0058190040634788498 0.026298979119786872 -0.035452609536710138 0.020515434423033156 0.038706168710229666 -0.01985612768971342 -0.0095672786328481509 0.025493071515227766 0.014964193377877006 -0.019776489019601152 0.00024137478826457252 -0.012673104540644336 -0.03624214087593907
leaf_weight=16.200374104082584 39.467237234115601 9.6491628997027927 6.0965451747179022 19.118298664689064 11.585532039403914 7.8913001790642729 5.6135305464267757 7.1934021711349478 11.017439424991606 33.153775192797184 418.63409093767405 8.2441836744546872 12.652013577520846
leaf_count=78 206 48 29 91 56 41 28 37 59 174 2207 45 75
internal_value=-1.43849e-05 0.00524396 -0.000828332 0.00277475 0.0187291 0.0055342 -0.000976481 -0.0128576 -0.000140522 -0.0111113 0.000973905 0.00511107 -0.0280442
internal_weight=606.517 93.8081 64.6821 58.5855 29.126 17.5405 512.709 33.7031 479.006 44.1712 434.834 15.4376 18.2655
internal_count=3174 471 326 297 145 89 2703 185 2518 233 2285 82 103
is_linear=0
shrinkage=0.03


Tree=219
num_leaves=9
num_cat=0
split_feature=76 67 91 106 102 102 147 24
split_gain=3.38585 5.91973 5.51014 4.82451 7.95218 6.6718 4.56532 0.837768
threshold=0.80322580645161301 1.2698007858275318 0.80340367057181827 0.21472970413901296 0.015466796359492845 0.00094314970275927775 3.011352016202546 -1.0902925180200675
decision_type=2 2 2 2 2 2 2 2
left_child=2 6 -1 4 -4 -5 -2 -3
right_child=1 7 3 5 -6 -7 -8 -9
leaf_value=0.021330910489126085 -0.019136499750489058 -0.019533822677100483 -7.0173946302356754e-05 -0.032903112631472824 -0.013093704441943625 0.0026370967580445041 0.01836957910121877 -0.037313782836008044
leaf_weight=11.121567100286482 5.0838951691985148 4.3825593441724777 159.33588004484773 4.8189954683184615 57.395787354558706 351.6650739274919 6.8650501593947411 5.2330213040113431
leaf_count=54 33 30 838 30 340 1777 36 36
internal_value=-1.43728e-05 -0.0116883 0.000416443 1.06595e-05 -0.00351912 0.00215666 0.00241194 -0.0292101
internal_weight=605.902 21.5645 584.337 573.216 216.732 356.484 11.9489 9.61558
internal_count=3174 135 3039 2985 1178 1807 69 66
is_linear=0
shrinkage=0.03


Tree=220
num_leaves=10
num_cat=0
split_feature=52 135 76 55 77 108 0 123 84
split_gain=3.38699 3.81783 7.488 10.8393 6.79771 6.39563 7.44245 6.88588 2.66148
threshold=13050.000000000002 544.50000000000011 0.24509803921568632 0.24654975724076403 4.5000000000000009 0.64670033615699951 -0.11654056483765236 0.1620749927501445 0.77430519160376943
decision_type=2 2 2 2 2 2 2 2 2
left_child=1 2 3 -1 -4 7 -7 -3 -2
right_child=8 5 4 -5 -6 6 -8 -9 -10
leaf_value=-0.00038868604967120542 -0.0018883842895359864 0.0058037453781588592 -0.016559288415160921 0.015278064593889879 0.00033727570687648568 0.0073005461717021306 -0.030139469717882013 -0.0056190507738916396 -0.036351923842910167
leaf_weight=84.029334463179111 3.9867031015455705 77.652644712477922 24.12188545614481 75.417701564729214 191.97801899164915 7.0106461420655277 15.007607124745844 122.30104919523001 4.0812873877584934
leaf_count=416 28 419 137 358 1030 36 80 638 32
internal_value=-1.43443e-05 0.000246359 0.00208998 0.00702161 -0.00154878 -0.00287279 -0.0182185 -0.00118297 -0.0193222
internal_weight=605.587 597.519 375.547 159.447 216.1 221.972 22.0183 199.954 8.06799
internal_count=3174 3114 1941 774 1167 1173 116 1057 60
is_linear=0
shrinkage=0.03


Tree=221
num_leaves=9
num_cat=0
split_feature=118 90 90 109 3 42 53 81
split_gain=3.52153 4.21932 11.9057 10.8596 10.6343 10.2962 10.1152 9.00482
threshold=0.02213884161122286 1.1030290123659598 1.6354748572829643 0.14478195004496269 0.90049437287827594 3.9305247008868958 0.029505711450999318 0.19851235318127777
decision_type=2 2 2 2 2 2 2 2
left_child=-1 3 5 7 -5 -3 -4 -2
right_child=1 2 6 4 -6 -7 -8 -9
leaf_value=-0.024104936416100321 0.017231170096849158 -0.017866771223960153 -0.015386703375948182 0.012054777830688857 -0.010336638467687493 0.023723715475667279 0.0021251223614528964 -0.016277234572333828
leaf_weight=5.4122295007109633 61.226027965545654 53.871714413166046 32.409908976405859 28.944787159562111 56.062637344002724 5.9486854970455161 353.22630735859275 8.1825179830193502
leaf_count=30 300 297 195 145 303 28 1835 41
internal_value=-1.42934e-05 0.00020306 -0.00127829 0.00447642 -0.00271242 -0.0137309 0.000653381 0.0132809
internal_weight=605.285 599.873 445.457 154.416 85.0074 59.8204 385.636 69.4085
internal_count=3174 3144 2355 789 448 325 2030 341
is_linear=0
shrinkage=0.03


Tree=222
num_leaves=9
num_cat=0
split_feature=118 56 72 26 56 2 59 53
split_gain=3.35372 3.75528 11.7792 12.7848 6.85735 10.8149 8.08106 5.49208
threshold=0.02213884161122286 0.01892814324704142 3.7263461393593453 -0.83101239134862259 0.081308923939535357 98.855951453790254 4.6811144389249284 0.43231546849362756
decision_type=2 2 2 2 2 2 2 2
left_child=-1 2 3 -2 5 -3 -6 -4
right_child=1 4 7 -5 6 -7 -8 -9
leaf_value=-0.02366500048066152 0.033276732220522784 -0.011440886947750074 -0.034629792512915904 -0.0090682537439242868 -0.00064640086502322763 0.028661863571638337 0.010546461309616798 0.0054858427094945754
leaf_weight=5.3484322652220717 19.495207384228706 77.894661519676447 6.496433459222315 9.5656090900301951 405.98024463281035 6.5620999783277503 67.740085806697607 5.8260708004236221
leaf_count=30 91 451 35 54 2110 35 339 29
internal_value=-1.43761e-05 0.000196601 0.00891625 0.0193385 -0.000449875 -0.00832499 0.000954133 -0.0156632
internal_weight=604.909 599.56 41.3833 29.0608 558.177 84.4568 473.72 12.3225
internal_count=3174 3144 209 145 2935 486 2449 64
is_linear=0
shrinkage=0.03


Tree=223
num_leaves=9
num_cat=0
split_feature=136 113 14 138 131 45 19 55
split_gain=3.35628 3.96542 4.48436 15.865 4.66232 3.87487 3.81367 4.29115
threshold=31.500000000000004 0.52244772392904504 1.7452942774543281 6036.0000000000009 0.15177856596674935 0.52885682574916781 2.9979302808499084 0.48946556159277016
decision_type=2 2 2 2 2 2 2 2
left_child=6 5 3 -3 -4 -2 -1 -8
right_child=1 2 4 -5 -6 -7 7 -9
leaf_value=-0.031278105938723946 -0.0010686705278458396 -0.019189293074812392 0.0035078621112626237 0.048591103535281996 -0.0020182471599036723 -0.039228931371926394 -0.020005268971012308 0.015988165331592655
leaf_weight=6.4256039634346989 5.181408401578663 5.6022093966603261 237.08711924776435 6.9805682227015495 326.81459795683622 4.4530289731919765 6.1693663746118528 5.7683047950267792
leaf_count=40 34 32 1233 31 1708 30 36 30
internal_value=-1.42823e-05 0.000381395 0.000700396 0.0184133 0.000305153 -0.0187063 -0.0126435 -0.00261317
internal_weight=604.482 586.119 576.484 12.5828 563.902 9.63444 18.3633 11.9377
internal_count=3174 3068 3004 63 2941 64 106 66
is_linear=0
shrinkage=0.03


Tree=224
num_leaves=12
num_cat=0
split_feature=53 148 25 70 149 53 3 149 36 56 108
split_gain=3.28875 7.60046 6.94492 9.04254 5.87129 14.9297 10.1415 10.0143 11.2498 9.05799 8.93764
threshold=0.84627306777097211 46.500000000000007 -5.0315333852447326 3.0112005789316609 27.500000000000004 0.5836098734489803 0.8181977291729291 12.500000000000002 272.36666666666673 1.7467716240666149 0.11469784540937121
decision_type=2 2 2 2 2 2 2 2 2 2 2
left_child=4 2 -2 -4 7 6 -6 8 -1 -9 -7
right_child=1 -3 3 -5 5 10 -8 9 -10 -11 -12
leaf_value=0.0073995924254866554 0.02110889516849538 -0.035000806568021625 0.0046693127046056673 -0.018667248257959432 0.034059474774369609 0.052858516928356178 -0.00072455501648300918 -0.0078812063901439015 -0.007186705629238589 0.024394393810997395 0.012021195686635747
leaf_weight=164.34066915512085 9.4705555588006956 7.271947816014289 31.114884808659554 28.753240708261728 8.1944678798317891 8.889806270599367 94.996582332998514 165.51581183448434 66.984441757202148 8.214111775159834 10.544589027762411
leaf_count=804 49 45 164 171 38 38 524 908 346 38 49
internal_value=-1.41815e-05 -0.00582256 -0.00276247 -0.00653868 0.0008291 0.00658044 0.00203767 -0.000912048 0.00317586 -0.00635519 0.0307013
internal_weight=604.291 76.6106 69.3387 59.8681 527.68 122.625 103.191 405.055 231.325 173.73 19.4344
internal_count=3174 429 384 335 2745 649 562 2096 1150 946 87
is_linear=0
shrinkage=0.03


Tree=225
num_leaves=10
num_cat=0
split_feature=98 62 53 55 42 25 23 118 77
split_gain=3.30393 5.04255 4.69025 9.11291 6.16444 4.9936 12.4366 7.80585 4.15799
threshold=0.033054948297487334 0.57092555331991968 0.028475680296226595 0.54997862854504365 2.2756500265856077 -0.96872906708710194 -0.3162048597191694 0.34095453959019956 13.500000000000002
decision_type=2 2 2 2 2 2 2 2 2
left_child=1 8 3 4 -2 7 -7 -4 -1
right_child=2 -3 5 -5 -6 6 -8 -9 -10
leaf_value=0.014586091695145817 -0.0066725819996296277 0.03010970938303181 -0.0066964987588600941 0.021235373941118688 -0.031794306994654076 -0.0056728707699469057 0.018685192472496098 0.0050017719201494509 -0.016076701837245799
leaf_weight=9.0736139044165665 25.155300363898277 8.1225476264953596 64.086040548980236 7.233409918844699 13.513534732162951 190.4329909235239 20.939339593052864 258.02500203996897 7.090431533753871
leaf_count=47 143 38 335 40 91 1035 102 1307 36
internal_value=-1.42309e-05 0.0108259 -0.000468628 -0.00967055 -0.0154518 0.000323129 -0.00325987 0.00267433 0.00113572
internal_weight=603.672 24.2866 579.386 45.9022 38.6688 533.483 211.372 322.111 16.164
internal_count=3174 121 3053 274 234 2779 1137 1642 83
is_linear=0
shrinkage=0.03


Tree=226
num_leaves=15
num_cat=0
split_feature=135 84 121 49 53 3 4 106 141 90 62 2 15 106
split_gain=3.35522 6.54153 12.1949 6.37557 8.40096 6.73881 5.84319 12.4485 10.2131 6.31466 6.87128 5.85479 4.14215 3.67246
threshold=645.50000000000011 0.58460184876160637 0.58168229166666674 59400.000000000007 0.13547351461176979 1.0022879847542228 20.680797571844789 0.92281706520969742 573.50000000000011 -0.25118506162871174 0.38360472128887746 98.537093491496421 0.30908293467855857 1.2535900439123835
decision_type=2 2 2 2 2 2 2 2 2 2 2 2 2 2
left_child=6 2 -2 4 -3 -5 7 8 -1 10 -8 -11 -4 -9
right_child=1 3 12 5 -6 -7 9 13 -10 11 -12 -13 -14 -15
leaf_value=-0.028089766857068998 0.034789931721360329 -0.027909471762622057 0.0093121169816485459 -0.010371645949599955 -0.0057285989414634451 0.01321740903646334 0.0057393325057144267 0.035004335610331401 -0.0016223001215825304 0.0026443419553939629 -0.029800908730253383 0.020686926292545409 -0.028055562364308239 0.0034886548421751307
leaf_weight=23.878323905169964 10.230807952582836 21.650447349995375 4.9211353063583374 20.366279475390911 52.959579713642597 23.448342647403479 8.8496639877557772 6.5117671787738782 29.126187846064568 360.72012282907963 10.958808690309523 16.947083629667759 5.8357766941189766 6.8055611699819565
leaf_count=138 54 126 26 114 275 125 43 30 160 1867 62 81 37 36
internal_value=-1.41898e-05 -0.00409514 0.0113414 -0.00683086 -0.0121651 0.00225255 0.0012125 -0.00703095 -0.0135458 0.00258798 -0.0139229 0.00345397 -0.0109604 0.0188989
internal_weight=603.21 139.412 20.9877 118.425 74.61 43.8146 463.798 66.3218 53.0045 397.476 19.8085 377.667 10.7569 13.3173
internal_count=3174 757 117 640 401 239 2417 364 298 2053 105 1948 63 66
is_linear=0
shrinkage=0.03


Tree=227
num_leaves=8
num_cat=0
split_feature=10 22 91 48 4 87 16
split_gain=3.30008 6.1616 5.89442 3.89735 6.35355 5.53989 0.770528
threshold=9.6463772195345872 13.145975550584383 2.8854208796841592 0.55087932538123896 25.92920081640781 344.50000000000006 0.9491969615973509
decision_type=2 2 2 2 2 2 2
left_child=1 3 6 4 -1 -5 -2
right_child=2 -3 -4 5 -6 -7 -8
leaf_value=-0.033213957167655773 -0.036654586031529678 0.029431128600989162 0.011518856340395834 0.0082205359836511303 0.0024880237398957204 -0.00069276235551690929 -0.018860839649717017
leaf_weight=8.2067941501736659 5.116073898971079 6.4750990420579901 5.0438943207263938 71.929604478180408 9.8953409567475301 492.17069564014673 3.8298968002200127
leaf_count=48 37 30 26 369 55 2583 26
internal_value=-1.4454e-05 0.000327772 -0.0144149 4.09188e-06 -0.0136978 0.000443791 -0.0290368
internal_weight=602.667 588.678 13.9899 582.202 18.1021 564.1 8.94597
internal_count=3174 3085 89 3055 103 2952 63
is_linear=0
shrinkage=0.03


Tree=228
num_leaves=5
num_cat=0
split_feature=101 108 70 121
split_gain=3.27596 5.59708 4.01861 4.60429
threshold=0.011020547353783803 1.337915190811789 1.2971863292977071 0.64242715282899143
decision_type=2 2 2 2
left_child=-1 2 -2 -4
right_child=1 -3 3 -5
leaf_value=0.016867122907732107 0.022858502170937687 -0.029744953348885356 0.0018159514499089221 -0.0036876844664376377
leaf_weight=10.171134673058985 6.8320765048265448 5.7552682980895034 358.39485319331288 221.26901814341545
leaf_count=51 34 34 1885 1170
internal_value=-1.42824e-05 -0.000304198 -1.5297e-05 -0.000284894
internal_weight=602.422 592.251 586.496 579.664
internal_count=3174 3123 3089 3055
is_linear=0
shrinkage=0.03


Tree=229
num_leaves=8
num_cat=0
split_feature=49 31 28 110 68 105 39
split_gain=3.21187 3.59981 8.33359 7.40788 6.92233 6.86435 5.50951
threshold=455400.00000000006 1.5000000000000002 1.0055584492371474 3.7579302127965999 1.7514306961104469 0.20449779953306799 1.7583669892698954
decision_type=2 2 2 2 2 2 2
left_child=1 2 4 -3 -1 -5 -4
right_child=-2 3 6 5 -6 -7 -8
leaf_value=-0.023373255072675021 -0.0222245769650804 0.034398919741826933 0.0036907921528155129 0.0065699958910305405 0.0011372308860461988 -0.018197925548990045 -0.0028637299698503725
leaf_weight=25.54582354426384 5.803286086767911 7.4228615909814826 228.81721741706133 72.697744604200125 17.456900849938393 11.690213680267332 232.89048048108816
leaf_count=150 39 35 1182 364 103 63 1238
internal_value=-1.39561e-05 0.000202121 -0.00079185 0.00566627 -0.0134233 0.00313891 0.000384619
internal_weight=602.325 596.521 504.71 91.8108 43.0027 84.388 461.708
internal_count=3174 3135 2673 462 253 427 2420
is_linear=0
shrinkage=0.03


Tree=230
num_leaves=9
num_cat=0
split_feature=76 106 91 87 79 149 36 7
split_gain=3.25673 5.18732 4.96122 4.42675 7.39831 4.7061 3.12791 1.53756
threshold=0.80322580645161301 0.38570325808037592 0.72021384901024166 344.50000000000006 2.9163053255720039 13.500000000000002 174.75000000000003 1.8896823885674143
decision_type=2 2 2 2 2 2 2 2
left_child=2 6 -1 4 -4 -5 -2 -3
right_child=1 7 3 5 -6 -7 -8 -9
leaf_value=0.025868291001109829 0.019979140586575732 -0.037891161104593341 -0.0024508536280020456 0.0022486016834787812 0.016536403468996607 -0.0035909467499746742 -0.011507389713397983 -0.013721310256736591
leaf_weight=6.8078414350748053 4.9784457907080668 5.6195839270949346 37.258850246667862 229.92630872130394 36.623856380581856 270.1339668892324 6.609187725931406 4.0948639884591103
leaf_count=32 28 38 199 1150 179 1479 42 27
internal_value=-1.38107e-05 -0.0115345 0.000408771 0.000106782 0.00696118 -0.000905939 0.00202031 -0.027703
internal_weight=602.053 21.3021 580.751 573.943 73.8827 500.06 11.5876 9.71445
internal_count=3174 135 3039 3007 378 2629 70 65
is_linear=0
shrinkage=0.03


Tree=231
num_leaves=11
num_cat=0
split_feature=104 25 4 63 71 19 53 145 98 17
split_gain=3.20852 6.58518 8.43773 4.2441 11.3106 10.1055 4.841 8.25366 4.97115 2.11789
threshold=1.9674116227782834 -0.6412067744828408 39.315639758569148 0.22886904761904764 1.5132681399580441 2.304386020889273 0.028475680296226595 1.6536310463507666 0.015589519996778644 0.71148237823506999
decision_type=2 2 2 2 2 2 2 2 2 2
left_child=3 2 -2 4 -1 -6 7 -5 -8 -3
right_child=1 9 -4 6 5 -7 8 -9 -10 -11
leaf_value=-0.022539482867862153 0.019343157372799288 -0.013195535451633249 -0.02346818939517065 0.0098612874700238756 0.044602085095655469 0.0074972923422255491 0.024331855130816836 -0.017645847436178058 0.0002508846891053104 -0.038541467675786603
leaf_weight=8.0112493038177472 10.312753319740301 5.5102291703224164 6.9259741753339759 13.983895488083361 8.8849654048681241 25.754784815013409 7.8425989001989356 32.950370132923126 475.21493692323565 6.4287525936961174
leaf_count=43 53 34 40 80 41 137 38 198 2469 41
internal_value=-1.36619e-05 -0.00971779 0.00214292 0.00048079 0.009585 0.0170145 -0.00025187 -0.0094502 0.000641847 -0.0268435
internal_weight=601.821 29.1777 17.2387 572.643 42.651 34.6398 529.992 46.9343 483.058 11.939
internal_count=3174 168 93 3006 221 178 2785 278 2507 75
is_linear=0
shrinkage=0.03


Tree=232
num_leaves=9
num_cat=0
split_feature=60 28 54 46 61 27 72 106
split_gain=3.23411 5.75593 4.18816 11.2666 8.6252 6.81642 15.7304 6.59643
threshold=0.54713546757319687 1.7191392346134549 0.79405427701774534 27.763636363636369 0.7616569446033018 0.71103953606068449 2.1601641839843078 0.013633069119584198
decision_type=2 2 2 2 2 2 2 2
left_child=1 -1 5 -4 -5 6 -2 -7
right_child=2 -3 3 4 -6 7 -8 -9
leaf_value=-0.0018899975225799605 -0.023269321870037454 0.035005262075466982 0.024126451222836551 -0.018793306864074318 0.0027435453707216951 0.02043065452965763 0.00072691695616832125 0.0018173438126043598
leaf_weight=9.1612168177962285 32.684375286102295 6.5096355080604544 9.4254868775606138 44.899453856050968 26.680854693055153 18.005181089043617 99.23554951697588 354.88394275307655
leaf_count=45 195 32 53 272 140 89 512 1836
internal_value=-1.37197e-05 0.0134362 -0.000373512 -0.00670576 -0.0107657 0.000642612 -0.00521837 0.0027161
internal_weight=601.486 15.6709 585.815 81.0058 71.5803 504.809 131.92 372.889
internal_count=3174 77 3097 465 412 2632 707 1925
is_linear=0
shrinkage=0.03


Tree=233
num_leaves=12
num_cat=0
split_feature=105 118 146 105 89 36 121 56 55 61 59
split_gain=3.20841 10.413 6.40586 5.84888 9.88376 5.46992 5.78137 5.55884 4.89907 3.37059 0.0122147
threshold=0.027715001211464228 0.46237908348742723 18.318687856105985 0.033054480413483835 4591.5000000000009 378.45000000000005 0.15579093038109434 0.15979988378872292 0.18005503195987169 0.80040650406504077 2.5040255923897408
decision_type=2 2 2 2 2 2 2 2 2 2 2
left_child=1 2 -1 4 -2 6 -5 -7 -6 10 -3
right_child=3 9 -4 5 8 7 -8 -9 -10 -11 -12
leaf_value=0.028690825408616567 -0.012445187843193524 -0.035816446036554581 -0.013170557531615248 -0.013877337226224504 0.04333207457472079 0.00042768718294237707 0.0012875533369300831 -0.024865767458160586 0.0092887490458554399 -0.008698299078064433 -0.037970949423338958
leaf_weight=7.3189653381705302 7.7778040841221836 4.055004768073557 5.9764867648482323 23.712767519056797 9.0094734057784063 15.508357707411053 493.37044380605221 15.774170804768799 6.5852099508047095 6.1402198523282996 5.6934396028518677
leaf_count=37 40 32 33 131 41 96 2560 101 36 31 36
internal_value=-1.36778e-05 -0.00971615 0.00987356 0.00048158 0.015179 -0.000144855 0.000592111 -0.0123265 0.0289565 -0.0261086 -0.0370748
internal_weight=600.922 29.1841 13.2955 571.738 23.3725 548.366 517.083 31.2825 15.5947 15.8887 9.74844
internal_count=3174 169 70 3005 117 2888 2691 197 77 99 68
is_linear=0
shrinkage=0.03


Tree=234
num_leaves=12
num_cat=0
split_feature=53 148 25 33 149 53 57 149 107 29 108
split_gain=3.15879 7.31405 6.47354 9.14374 5.61517 13.807 10.0338 8.84206 10.8831 8.76221 8.26374
threshold=0.84627306777097211 46.500000000000007 -5.0315333852447326 1.5000000000000002 27.500000000000004 0.5836098734489803 2.6397263933044774 12.500000000000002 0.052985747437667104 2.6589839361380099 0.11469784540937121
decision_type=2 2 2 2 2 2 2 2 2 2 2
left_child=4 2 -2 -4 7 6 -6 8 -1 -9 -7
right_child=1 -3 3 -5 5 10 -8 9 -10 -11 -12
leaf_value=-0.012253970169124776 0.020302457082349536 -0.034650044251812596 0.0036680978831802216 -0.020145134709001082 -0.0091256664100124417 0.050927893967815725 0.0099326767944129049 -0.0076374034540177211 0.0057457626554500161 0.022612461747571849 0.011656596097030503
leaf_weight=35.792468659579754 9.4697411060333234 7.1311763301491728 34.311068683862686 25.148993819952011 42.358429849147797 8.8978125900030154 60.191035240888596 163.02020166441798 194.59105826169252 9.0990721210837346 10.528987370431421
leaf_count=178 49 45 186 149 249 38 313 898 972 48 49
internal_value=-1.37315e-05 -0.00572712 -0.00273488 -0.00640385 0.000814835 0.00645362 0.00206056 -0.000893968 0.00294932 -0.00603825 0.0296435
internal_weight=600.54 76.061 68.9298 59.4601 524.479 121.976 102.549 402.503 230.384 172.119 19.4268
internal_count=3174 429 384 335 2745 649 562 2096 1150 946 87
is_linear=0
shrinkage=0.03


Tree=235
num_leaves=14
num_cat=0
split_feature=135 84 53 42 4 46 58 108 1 30 110 28 145
split_gain=3.1832 6.05012 7.01975 5.96008 7.97478 6.62739 5.62302 10.9186 8.52809 6.28258 10.7196 8.04274 4.10978
threshold=645.50000000000011 0.58460184876160637 0.22911625253251136 4.4024512609074042 39.650718906822497 95.071428571428584 6.5629919988128824 0.085159459262747317 91.515067351756713 1.5659877611664001 2.919139632306043 1.4855653991265327 2.1033589324859574
decision_type=2 2 2 2 2 2 2 2 2 2 2 2 2
left_child=6 2 -2 5 -5 -3 9 -8 -9 11 -11 -1 -4
right_child=1 3 12 4 -6 -7 7 8 -10 10 -12 -13 -14
leaf_value=0.0034882544765754151 0.02975662410661619 -0.013638551518107873 -0.026718652860319013 -0.014566649690459173 0.026482621235027305 0.0048684101592021446 -0.016164684250122435 0.030322018969351213 -0.0055989028943952317 -0.0046745264370018453 0.011263994533125089 -0.0071342395352191794 0.0099376276551497809
leaf_weight=110.58737645298243 9.5861867181956786 77.52388085052371 4.6650771126151067 7.273312188684943 10.279081799089907 22.459986962378025 9.4736426025629026 22.261212896555666 8.1174363791942579 63.289178907871246 94.957158081233501 152.76634772866964 6.7151886522769928
leaf_count=599 51 421 29 38 53 128 53 106 44 327 484 804 37
internal_value=-1.38441e-05 -0.00400251 0.0108431 -0.00665071 0.00947274 -0.00948122 0.00118334 0.0119546 0.0207236 0.000165169 0.00488953 -0.00267365 -0.00508877
internal_weight=599.955 138.503 20.9665 117.536 17.5524 99.9839 461.452 39.8523 30.3786 421.6 158.246 263.354 11.3803
internal_count=3174 757 117 640 91 549 2417 203 150 2214 811 1403 66
is_linear=0
shrinkage=0.03


Tree=236
num_leaves=14
num_cat=0
split_feature=57 86 7 57 23 89 3 71 148 108 36 69 7
split_gain=3.17924 17.7507 15.9595 12.2949 11.4473 9.69189 14.714 9.65294 9.22831 9.18256 7.514 5.04988 3.97562
threshold=1.2364664577279607 7955.5000000000009 0.65829656064152153 1.8911107233181781 -0.33244112490040828 3205.0000000000005 0.8181977291729291 1.9025991019661883 6.5000000000000009 0.46978235921331696 326.00833333333338 1.3876944551626467 2.5561394615117106
decision_type=2 2 2 2 2 2 2 2 2 2 2 2 2
left_child=1 2 -1 5 8 6 -2 10 -5 -9 -3 -7 -6
right_child=3 7 -4 4 12 11 -8 9 -10 -11 -12 -13 -14
leaf_value=-0.00064735490475606602 0.042705719562799435 0.022010475574329568 0.05008058954707785 0.01052155133673173 0.045731617977352326 -0.0067502323794079618 -0.0080435387022757578 -0.016351393449028338 -0.0017216084227613549 0.01357930665086554 -0.018078591022194349 -0.029891311972799487 0.012445063731916431
leaf_weight=9.8293580189347285 5.7511325702071181 19.475015908479694 12.916513383388518 66.681889448314905 6.4431388080120069 12.604003094136713 48.529264092445374 39.732412211596966 327.74529282748699 12.014735840260981 5.3676143735647193 25.982861991971731 6.4741704612970352
leaf_count=53 26 98 58 353 28 72 258 210 1745 60 31 149 33
internal_value=-1.38731e-05 0.00488838 0.0281591 -0.000987398 0.00125833 -0.0108379 -0.00266654 -0.00202263 0.000348221 -0.00940204 0.0133486 -0.0223325 0.0290484
internal_weight=599.547 99.3356 22.7459 500.212 407.344 92.8673 54.2804 76.5898 394.427 51.7471 24.8426 38.5869 12.9173
internal_count=3174 510 111 2664 2159 505 284 399 2098 270 129 221 61
is_linear=0
shrinkage=0.03


Tree=237
num_leaves=9
num_cat=0
split_feature=84 62 90 90 105 107 68 52
split_gain=3.27035 3.48758 13.4301 8.58335 11.4152 9.17747 7.15612 3.33017
threshold=0.3802320343170687 0.37730250611384092 -0.25118506162871174 1.1030290123659598 0.095705501557004177 0.0256472095490753 9.0100000000000016 4050.0000000000005
decision_type=2 2 2 2 2 2 2 2
left_child=-1 3 7 5 -5 -2 -4 -3
right_child=1 2 6 4 -6 -7 -8 -9
leaf_value=-0.02323730189038244 0.040396281807612233 -0.034955451314543966 0.00042286876592729155 0.0045547104006014782 -0.016069987343700597 0.007950049562201111 -0.028946170399984338 -0.0081722101287816772
leaf_weight=5.4081608131527892 9.6013401299715024 12.599829547107221 383.45627892762423 99.084791779518127 31.936438426375389 42.909830451011658 7.6151895448565474 6.2509707510471335
leaf_count=39 41 77 2040 500 170 216 55 36
internal_value=-1.40079e-05 0.000197626 -0.00134122 0.00363466 -0.000472562 0.0138826 -0.000149024 -0.0260741
internal_weight=598.863 593.455 409.922 183.532 131.021 52.5112 391.071 18.8508
internal_count=3174 3135 2208 927 670 257 2095 113
is_linear=0
shrinkage=0.03


Tree=238
num_leaves=10
num_cat=0
split_feature=52 82 7 58 4 135 123 66 102
split_gain=3.15827 3.45477 8.2404 7.74429 6.47091 5.68016 6.08585 5.97477 2.83327
threshold=13050.000000000002 33.38212250712251 4.8551816496297553 3.7483212035834383 54.912746101068585 544.50000000000011 0.1620749927501445 3.5143325143325148 0.010780648987103377
decision_type=2 2 2 2 2 2 2 2 2
left_child=1 5 3 -3 -4 7 -7 -1 -2
right_child=8 2 4 -5 -6 6 -8 -9 -10
leaf_value=0.0029407284422879026 -0.03663521895298142 -0.016565234761607962 0.030389297352613316 0.0067752417537834181 -0.0094498109486577785 0.0041111592985512389 -0.0070666274771017286 0.030062937756236422 -0.00070483244830389733
leaf_weight=314.09083552658558 3.9914690628647795 47.16257606446743 9.0790889263153058 17.556594647467136 6.1582069694995871 69.092005107551813 119.93651554360986 7.4841122180223456 3.9100854806602001
leaf_count=1620 31 272 43 99 33 376 632 39 29
internal_value=-1.40831e-05 0.000238005 -0.00556047 -0.0102336 0.0142882 0.001146 -0.00298102 0.00357195 -0.0188551
internal_weight=598.461 590.56 79.9565 64.7192 15.2373 510.603 189.029 321.575 7.90155
internal_count=3174 3114 447 371 76 2667 1008 1659 60
is_linear=0
shrinkage=0.03


Tree=239
num_leaves=7
num_cat=0
split_feature=101 101 80 78 1 0
split_gain=3.12852 3.65258 5.22896 3.83736 6.30362 5.85824
threshold=0.011020547353783803 0.029010767907375203 2.5000000000000004 0.0084151638183363239 84.009165393695341 -0.053211352550359553
decision_type=2 2 2 2 2 2
left_child=-1 2 -2 4 -3 -5
right_child=1 3 -4 5 -6 -7
leaf_value=0.016492939406243589 0.0057713108014140115 -0.010750794176269864 -0.028267034511985797 -0.0021081402246041123 0.0043031399741443391 0.0046266965521232859
leaf_weight=10.158124722540377 6.9511064216494587 65.954323425889015 9.7720345854759199 230.98436344787478 40.349452368915081 233.9948811493814
leaf_count=51 35 358 56 1276 216 1182
internal_value=-1.3923e-05 -0.000299088 -0.0141187 0.000105454 -0.00503681 0.00128108
internal_weight=598.164 588.006 16.7231 571.283 106.304 464.979
internal_count=3174 3123 91 3032 574 2458
is_linear=0
shrinkage=0.03


Tree=240
num_leaves=11
num_cat=0
split_feature=104 72 25 4 63 71 19 157 102 90
split_gain=3.07299 6.20727 7.65338 7.90531 3.89799 10.5221 9.06704 4.68669 10.3936 7.00078
threshold=1.9674116227782834 3.7263461393593453 -0.61616324936576783 33.313613247422111 0.22886904761904764 1.5132681399580441 2.304386020889273 0.47727272727272735 0.0064060779534634068 -0.25118506162871174
decision_type=2 2 2 2 2 2 2 2 2 2
left_child=4 2 3 -2 5 -1 -7 9 -9 -6
right_child=1 -3 -4 -5 7 6 -8 8 -10 -11
leaf_value=-0.02203204740131421 0.037925535608290588 -0.030020101520074078 -0.023856433110552758 -0.010529819976130797 -0.016326675888946474 0.042326350965113044 0.0072596851702076033 0.019149329239844179 -0.0030685871257120612 -0.00046715502954854929
leaf_weight=7.8928319364786139 6.3083695247769374 9.1282836683094484 7.5251443013548878 5.8313499838113785 26.626838959753513 8.9624733477830869 25.567295573651791 33.54796414077282 43.548021871596575 423.01616383343935
leaf_count=43 31 58 47 32 150 41 137 165 239 2231
internal_value=-1.37094e-05 -0.00957554 -8.53235e-05 0.0146499 0.000470011 0.0092183 0.0163615 -0.00023456 0.00659944 -0.00140632
internal_weight=597.955 28.7931 19.6649 12.1397 569.162 42.4226 34.5298 526.739 77.096 449.643
internal_count=3174 168 110 63 3006 221 178 2785 404 2381
is_linear=0
shrinkage=0.03


Tree=241
num_leaves=12
num_cat=0
split_feature=105 102 2 105 89 150 36 29 121 102 63
split_gain=3.04193 11.7451 9.8642 5.36828 9.38587 5.55769 5.06179 5.84272 5.50932 1.75465 0.0176653
threshold=0.027715001211464228 0.005681255594717426 76.764227409461952 0.033054480413483835 4591.5000000000009 0.92080440030861899 378.45000000000005 1.6736510890554273 0.15579093038109434 0.012088745656174753 0.57957469863199251
decision_type=2 2 2 2 2 2 2 2 2 2 2
left_child=1 2 -1 4 -2 -6 8 -8 -5 10 -3
right_child=3 9 -4 6 5 -7 7 -9 -10 -11 -12
leaf_value=0.038673832835800538 -0.012441608790057512 -0.038812378380570819 -0.010892583378878882 -0.013618355411277917 0.011214085629741579 0.04717209066987979 -0.0018898542800039806 -0.028882972786656268 0.0012531939929680722 -0.014842520459376597 -0.036148502761125974
leaf_weight=5.9784337803721455 7.7269491180777576 4.3044695481657964 9.1348056122660619 23.49213419854641 8.279310613870619 7.2614527940750113 19.407115850597624 11.489499580115078 491.07734363153577 4.7268436998128882 4.6724220737814903
leaf_count=27 40 27 52 131 44 33 117 80 2560 28 35
internal_value=-1.37364e-05 -0.00952282 0.0087147 0.000468076 0.0145802 0.0280155 -0.000133898 -0.0119278 0.000574249 -0.0296362 -0.0374258
internal_weight=597.551 28.817 15.1132 568.734 23.2677 15.5408 545.466 30.8966 514.569 13.7037 8.97689
internal_count=3174 169 79 3005 117 77 2888 197 2691 90 62
is_linear=0
shrinkage=0.03


Tree=242
num_leaves=9
num_cat=0
split_feature=70 58 36 148 58 149 138 60
split_gain=3.04948 3.90064 11.6813 12.0182 10.4508 13.8043 11.1978 8.44037
threshold=1.3384496263337142 1.735343434651538 322.09166666666675 66.500000000000014 2.0269724662809643 6.5000000000000009 8457.5000000000018 3.9968671623510184
decision_type=2 2 2 2 2 2 2 2
left_child=-1 2 3 -2 5 -3 -6 -4
right_child=1 4 7 -5 6 -7 -8 -9
leaf_value=0.016237961359645642 -0.0030116419672373239 0.035061365939295236 -0.03824445531816157 0.036961338199305353 -0.0044249599222364313 0.0044379891473335783 0.007370300356534628 -0.0018740371814822342
leaf_weight=10.21354168653488 127.16797689720988 17.002095803618431 14.307624667882921 7.1499955281615248 249.6515794955194 60.000039964914322 102.04567687958479 9.5928055942058545
leaf_count=52 683 76 89 36 1360 302 520 56
internal_value=-1.37712e-05 -0.000296584 -0.00432235 -0.000883806 0.00118919 0.0111996 -0.00100254 -0.0236466
internal_weight=597.131 586.918 158.218 134.318 428.699 77.0021 351.697 23.9004
internal_count=3174 3122 864 719 2258 378 1880 145
is_linear=0
shrinkage=0.03


Tree=243
num_leaves=8
num_cat=0
split_feature=13 36 46 101 71 88 61
split_gain=3.03811 4.03819 3.81985 5.14648 4.09945 3.94506 2.93317
threshold=11.467781977991953 251.45000000000002 25.098086124401917 0.91003168369767728 0.96442422715069043 1007.0000000000001 0.71388470583928043
decision_type=2 2 2 2 2 2 2
left_child=2 -2 3 -1 6 -6 -4
right_child=1 -3 4 -5 5 -7 -8
leaf_value=-0.0010216124194588983 -0.00092113045774768463 -0.032766007192624583 -0.0017240110932088867 0.033735713582099321 0.00071226719592793614 -0.014488895348417307 -0.033605871262729556
leaf_weight=8.2854267507791501 9.2131891176104528 5.8654615953564635 4.8770220875740034 7.1364582404494277 539.78952579945326 15.815556488931177 5.5555895641446114
leaf_count=47 46 31 32 39 2841 102 36
internal_value=-1.36946e-05 -0.0133085 0.000331072 0.0150623 -7.02851e-05 0.000279559 -0.0187018
internal_weight=596.538 15.0787 581.46 15.4219 566.038 555.605 10.4326
internal_count=3174 77 3097 86 3011 2943 68
is_linear=0
shrinkage=0.03


Tree=244
num_leaves=8
num_cat=0
split_feature=49 69 138 30 15 72 56
split_gain=3.03521 3.90115 10.9514 6.56632 5.44307 6.30713 4.42838
threshold=455400.00000000006 9.7172471638069435 2870.0000000000005 1.0779503551921337 -5.2965872433072194 2.8681968352216063 0.83836369077261741
decision_type=2 2 2 2 2 2 2
left_child=1 4 -3 -4 5 -1 -6
right_child=-2 2 3 -5 6 -7 -8
leaf_value=-0.031006863277220648 -0.021794337837164685 0.037892466841202135 0.017191175499070701 -0.024428927745248869 -0.00084883853394374456 0.0075514594478311532 0.0069920652278475217
leaf_weight=10.66955276578665 5.7030239664018145 9.0914287269115466 6.5187738016247732 7.1574560701847076 476.17817261442542 5.9456086531281462 75.043358001857996
leaf_count=68 39 45 35 41 2543 32 371
internal_value=-1.34196e-05 0.000196902 0.0123734 -0.00459071 -0.000291319 -0.0172091 0.000218623
internal_weight=596.307 590.604 22.7677 13.6762 567.837 16.6152 551.222
internal_count=3174 3135 121 76 3014 100 2914
is_linear=0
shrinkage=0.03


Tree=245
num_leaves=9
num_cat=0
split_feature=118 90 107 58 90 148 28 53
split_gain=3.07909 4.12467 13.0604 11.8469 10.881 12.9841 9.78634 8.46019
threshold=0.02213884161122286 1.1030290123659598 0.023105690558259829 5.2118112504051668 1.6517237006610126 5.5000000000000009 1.4170412379350463 0.029505711450999318
decision_type=2 2 2 2 2 2 2 2
left_child=-1 2 6 -4 5 -3 -2 -6
right_child=1 4 3 -5 7 -7 -8 -9
leaf_value=-0.022963897769082975 -0.0020695820209145196 0.030341063920868112 -0.0033662782533930916 0.021494277093720305 -0.014385145145068686 -0.017439950726138423 0.038285219473428417 0.0019588799628725327
leaf_weight=5.2150593698024741 8.1646099984645861 5.6388249397277823 107.46399174630642 20.550469875335693 31.059762496501207 55.472950607538223 16.021499693393707 346.39315390959382
leaf_count=30 43 28 571 104 193 310 71 1824
internal_value=-1.32876e-05 0.000189312 0.00444448 0.000624647 -0.00128741 -0.0130312 0.0246625 0.000613966
internal_weight=595.98 590.765 152.201 128.014 438.565 61.1118 24.1861 377.453
internal_count=3174 3144 789 675 2355 338 114 2017
is_linear=0
shrinkage=0.03


Tree=246
num_leaves=9
num_cat=0
split_feature=84 25 23 27 23 108 112 55
split_gain=3.0791 3.32199 9.86526 9.72473 7.92816 8.26172 7.79171 6.1393
threshold=0.3802320343170687 -0.96872906708710194 -0.33053651209934537 0.88182092828383896 -0.169008459545652 0.21545784246021996 2.8069972371075766 0.14177243743381115
decision_type=2 2 2 2 2 2 2 2
left_child=-1 4 3 -3 6 -6 -2 -4
right_child=1 2 7 -5 5 -7 -8 -9
leaf_value=-0.022787568145635779 0.014983711488269246 -0.012703367229634522 -0.011843949659301361 0.00060568056375247085 -0.037676487215229211 0.0061540191376140731 0.0012607075897707934 0.020578350836870193
leaf_weight=5.2953910306096068 42.540362566709518 85.149048686027527 6.762628540396693 117.72758888080716 8.9767906069755536 6.8040885403752318 298.70397764444351 23.596398279070854
leaf_count=39 214 480 34 648 49 34 1555 121
internal_value=-1.32905e-05 0.000191024 -0.0025935 -0.00498024 0.00201008 -0.0187785 0.00297145 0.0133561
internal_weight=595.556 590.261 233.236 202.877 357.025 15.7809 341.244 30.359
internal_count=3174 3135 1283 1128 1852 83 1769 155
is_linear=0
shrinkage=0.03


Tree=247
num_leaves=13
num_cat=0
split_feature=53 148 55 55 0 107 5 98 107 94 121 150
split_gain=3.072 6.91393 5.53608 10.575 10.0913 4.78374 13.9957 10.0586 7.52065 18.3405 8.20061 7.36643
threshold=0.84627306777097211 46.500000000000007 0.383500167173698 0.5101291225558432 0.0017020574098900352 0.052985747437667104 5.5000000000000009 1.4575071611226735 0.10749169933058556 3.2581942696761836 0.16084956709956713 0.85945338628762558
decision_type=2 2 2 2 2 2 2 2 2 2 2 2
left_child=5 2 4 -4 -2 6 11 -8 9 -7 -10 -1
right_child=1 -3 3 -5 -6 8 7 -9 10 -11 -12 -13
leaf_value=-0.031141961473126163 -0.018466240660779641 -0.034198773598742772 0.040054587678546132 -0.0059165410477920299 0.0099187274713800275 -0.0046363949518608517 -0.0041218807113484884 0.02466751476528883 -0.015870967477990047 0.026303306534145806 0.0017271368061356352 -0.007680200315854928
leaf_weight=17.751407630741596 31.104325160384178 6.9444187954068175 7.0609161928296116 12.434016555547712 17.679426945745945 33.542880393564701 27.739475134760141 18.016173288226128 25.721836194396019 35.485256336629391 324.33015403524041 37.461732044816017
leaf_count=99 188 45 34 70 92 180 160 89 150 175 1700 192
internal_value=-1.32975e-05 -0.00567987 -0.0027793 0.0107339 -0.00817941 0.000806351 -0.00505554 0.00721387 0.00221865 0.0112688 0.000434027 -0.0152233
internal_weight=595.272 75.2231 68.2787 19.4949 48.7838 520.049 100.969 45.7556 419.08 69.0281 350.052 55.2131
internal_count=3174 429 384 104 280 2745 540 249 2205 355 1850 291
is_linear=0
shrinkage=0.03


Tree=248
num_leaves=8
num_cat=0
split_feature=10 91 22 25 55 23 103
split_gain=3.02992 5.44122 5.36266 3.57185 9.09098 7.8211 0.765127
threshold=9.6463772195345872 2.8854208796841592 13.145975550584383 -0.96872906708710194 0.12639357526300252 -0.169008459545652 0.27490022456112845
decision_type=2 2 2 2 2 2 2
left_child=2 6 3 5 -5 -1 -2
right_child=1 -3 -4 4 -6 -7 -8
leaf_value=0.0028736297939807418 -0.036543404055924579 0.010920008606575158 0.027775803444593076 -0.013346218310840067 0.00054277977107769059 -0.019285796898162139 -0.018522373699724818
leaf_weight=333.03282081708312 4.7542131468653661 4.9779295250773421 6.3298785686492911 56.499819230288267 170.13064739108086 14.979633413255213 3.8274543136358261
leaf_count=1724 35 26 30 323 928 80 28
internal_value=-1.3538e-05 -0.0140321 0.000313648 1.11433e-05 -0.0029198 0.00191981 -0.028506
internal_weight=594.532 13.5596 580.973 574.643 226.63 348.012 8.58167
internal_count=3174 89 3085 3055 1251 1804 63
is_linear=0
shrinkage=0.03


Tree=249
num_leaves=10
num_cat=0
split_feature=52 135 76 59 79 108 0 49 102
split_gain=3.03072 3.35553 7.02573 7.84069 6.86159 6.15649 6.72334 6.28467 2.80793
threshold=13050.000000000002 544.50000000000011 0.2064354727398206 1.3782507174936505 10.908711928226369 0.64670033615699951 -0.11654056483765236 271800.00000000006 0.010780648987103377
decision_type=2 2 2 2 2 2 2 2 2
left_child=1 2 3 -1 -4 7 -7 -3 -2
right_child=8 5 4 -5 -6 6 -8 -9 -10
leaf_value=0.026717083960846748 -0.036482799074503885 0.00013555175736172046 0.00044797705691804283 0.0048291415158339991 -0.020296154161324336 0.006383173509708991 -0.029490484737311588 -0.025453683951478418 -0.00048705837242362027
leaf_weight=17.375901199877262 3.9233336187899104 186.57537522166967 239.92979337275028 96.710016183555126 15.263791374862192 6.9330038130283382 14.61110210418701 9.0572682395577413 3.878561943769455
leaf_count=91 31 1002 1289 470 91 36 80 55 29
internal_value=-1.33963e-05 0.000233713 0.00197397 0.00816279 -0.000792783 -0.00272536 -0.0179462 -0.00104916 -0.0185882
internal_weight=594.258 586.456 369.28 114.086 255.194 217.177 21.5441 195.633 7.8019
internal_count=3174 3114 1941 561 1380 1173 116 1057 60
is_linear=0
shrinkage=0.03


Tree=250
num_leaves=7
num_cat=0
split_feature=122 41 70 29 36 3
split_gain=2.96926 3.87081 3.47783 8.03391 4.60117 1.79341
threshold=0.085638725568137022 5.8375149025171957 1.3676716539928477 1.2770007751059607 192.64166666666668 1.0543998990878769
decision_type=2 2 2 2 2 2
left_child=1 2 3 -1 -4 -2
right_child=5 -3 4 -5 -6 -7
leaf_value=-0.0095903170960331269 -0.029037495548784077 -0.018921594987862469 -0.0029695479063807416 0.038751851451477741 0.0025337439435868321 -0.0038898596041147594
leaf_weight=5.7837177067995054 4.9395153969526273 9.3101708069443685 235.09741794317961 6.6529412269592285 326.78745153546333 5.2809915095567703
leaf_count=29 30 50 1280 34 1720 31
internal_value=-1.33501e-05 0.00026737 0.000578437 0.0162701 0.00023112 -0.0160436
internal_weight=593.852 583.632 574.322 12.4367 561.885 10.2205
internal_count=3174 3113 3063 63 3000 61
is_linear=0
shrinkage=0.03


Tree=251
num_leaves=9
num_cat=0
split_feature=76 67 79 95 55 54 7 62
split_gain=2.96591 5.36723 4.3603 4.28318 3.78599 11.2879 8.95128 0.949623
threshold=0.80322580645161301 1.2698007858275318 2.5255906300262483 1.1987732704712835 0.24468374633194337 1.0000000180025095e-35 8.2776084266873635 0.57537878787878804
decision_type=2 2 2 2 2 2 2 2
left_child=3 2 -2 -1 6 -6 -5 -3
right_child=1 7 -4 4 5 -7 -8 -9
leaf_value=0.024567623368761903 0.018672478155891955 -0.036809542093378327 -0.018128939763805047 -0.0035294497892617788 0.022662691117707662 0.00080492138166088042 0.017783454877318836 -0.017187149797268108
leaf_weight=6.5200495198369017 6.4998354017734545 5.2142196111381036 5.2282182350754738 282.12503145262599 23.313160248100758 241.91484081372619 18.92516802251339 3.8649917766451836
leaf_count=33 35 39 34 1527 109 1274 96 27
internal_value=-1.30103e-05 -0.0111392 0.00226687 0.000391154 0.000112789 0.00272619 -0.00218964 -0.0284564
internal_weight=593.606 20.8073 11.7281 572.798 566.278 265.228 301.05 9.07921
internal_count=3174 135 69 3039 3006 1383 1623 66
is_linear=0
shrinkage=0.03


Tree=252
num_leaves=6
num_cat=0
split_feature=101 108 101 100 81
split_gain=2.96023 5.20259 3.51599 4.89203 3.49572
threshold=0.011020547353783803 1.337915190811789 0.029010767907375203 0.70952426560394777 0.065609979158953391
decision_type=2 2 2 2 2
left_child=-1 2 3 -2 -4
right_child=1 -3 4 -5 -6
leaf_value=0.016062928609436665 0.00025018056105123804 -0.02911221993441386 0.0029911866459001058 -0.032948699036660291 -0.001766067600176949
leaf_weight=10.133068457245825 9.5010029673576373 5.5833593457937232 253.9016210436821 6.8927721530199042 307.23320191353559
leaf_count=51 51 34 1359 39 1640
internal_value=-1.28709e-05 -0.000292229 -1.36069e-05 -0.0137083 0.000386489
internal_weight=593.245 583.112 577.529 16.3938 561.135
internal_count=3174 3123 3089 90 2999
is_linear=0
shrinkage=0.03


Tree=253
num_leaves=14
num_cat=0
split_feature=57 86 7 57 2 93 23 134 71 108 87 15 134
split_gain=2.92842 16.1411 14.8177 11.1914 13.3933 13.0494 10.6498 9.94164 8.84659 8.85595 7.67841 5.8965 5.85146
threshold=1.2364664577279607 7955.5000000000009 0.65829656064152153 1.8911107233181781 75.382578959502055 1.6410686891193618 -0.33244112490040828 1140.5000000000002 1.9281466606212183 0.46978235921331696 654.50000000000011 1.4784767859702832 8029.5000000000009
decision_type=2 2 2 2 2 2 2 2 2 2 2 2 2
left_child=1 2 -1 4 5 -2 7 -5 11 -10 -6 -3 -8
right_child=3 8 -4 6 10 -7 12 -9 9 -11 -12 -13 -14
leaf_value=-0.00093801576920683044 0.042737669027697336 -0.010140481692480005 0.048106680567079334 -0.026849786538188997 -0.01032483472898485 -0.011330863180292564 0.050114025048463885 0.0011580867438532073 -0.016363732794715036 0.013979818764643893 -0.032687395383313174 0.021121769107454322 0.0093665037495716183
leaf_weight=9.7461963966488856 7.6662953272461918 7.6407668665051487 12.859441831707953 11.760124772787092 57.121344089508057 8.4404217824339849 5.887616500258444 378.98245821148157 37.987400464713573 11.211392618715761 18.228713002055883 18.766430698335171 6.8761017918586731
leaf_count=53 35 40 58 76 311 50 25 2022 205 56 109 98 36
internal_value=-1.26786e-05 0.0047194 0.0269615 -0.000951627 -0.010427 0.0144041 0.001196 0.000315138 -0.00193084 -0.00944906 -0.0157348 0.0120762 0.0281624
internal_weight=593.175 98.2116 22.6056 494.963 91.4568 16.1067 403.506 390.743 75.606 49.1988 75.3501 26.4072 12.7637
internal_count=3174 510 111 2664 505 85 2159 2098 399 261 420 138 61
is_linear=0
shrinkage=0.03


Tree=254
num_leaves=13
num_cat=0
split_feature=53 107 107 54 149 53 57 149 102 54 47 62
split_gain=3.01676 6.79391 7.78156 7.85434 4.78674 12.3955 9.11506 8.15665 10.3849 8.11418 7.34047 3.76812
threshold=0.84627306777097211 0.023105690558259829 0.12956430091290802 0.22197599779313223 27.500000000000004 0.5836098734489803 2.6397263933044774 12.500000000000002 0.0096434720457699696 1.2541605664336082 6.5000000000000009 0.25911170134277711
decision_type=2 2 2 2 2 2 2 2 2 2 2 2
left_child=4 -2 11 -4 7 6 -6 8 -1 -9 -7 -3
right_child=1 2 3 -5 5 10 -8 9 -10 -11 -12 -13
leaf_value=-0.0021732300467599375 0.016260550312885678 -0.0042587816222673519 -0.019594100871992065 0.0058433647410256846 -0.0089479782110721169 0.050658241824879442 0.0093366546628124644 -0.0074759647594632266 0.010980198074875012 0.019630767784214413 0.012929051698724416 -0.036370806234256009
leaf_weight=139.60070396959782 10.87982903420925 4.5804505571723011 17.016085159033537 30.516778402030468 41.608876690268517 7.7454182505607632 59.806181196123362 158.67825696989894 88.123074173927307 10.602882377803324 11.579132549464701 11.662182360887526
leaf_count=703 56 25 107 164 249 33 313 887 447 59 54 77
internal_value=-1.28418e-05 -0.00565067 -0.00938863 -0.00326288 0.000800095 0.00603075 0.00183478 -0.000790685 0.0029168 -0.00577814 0.0280512 -0.0273152
internal_weight=592.4 74.6553 63.7755 47.5329 517.745 120.74 101.415 397.005 227.724 169.281 19.3246 16.2426
internal_count=3174 429 373 271 2745 649 562 2096 1150 946 87 102
is_linear=0
shrinkage=0.03


Tree=255
num_leaves=8
num_cat=0
split_feature=13 105 46 101 54 61 71
split_gain=2.89451 3.90313 3.56159 4.75782 4.37179 8.58052 6.46309
threshold=11.467781977991953 0.16999077138460608 25.098086124401917 0.91003168369767728 0.79405427701774534 0.7616569446033018 0.96442422715069043
decision_type=2 2 2 2 2 2 2
left_child=2 -2 3 -1 6 -6 -4
right_child=1 -3 4 -5 5 -7 -8
leaf_value=-0.00085728798953556198 0.0045321643536431373 -0.026445610483680292 -0.025194158777385279 0.032816514266489072 -0.014692695650016413 0.0058879497791748938 0.0014481732876919242
leaf_weight=8.1980923637747747 6.4458843842148772 8.4717236906290037 8.3381959870457631 7.0013164430856696 47.026375833898783 29.776564687490463 476.52298849448562
leaf_count=47 33 44 56 39 289 157 2509
internal_value=-1.30161e-05 -0.0130601 0.000324381 0.0146539 -6.3396e-05 -0.00671356 0.000990003
internal_weight=591.781 14.9176 576.864 15.1994 561.664 76.8029 484.861
internal_count=3174 77 3097 86 3011 446 2565
is_linear=0
shrinkage=0.03


Tree=256
num_leaves=5
num_cat=0
split_feature=36 70 101 101
split_gain=2.88613 3.34871 3.70795 3.83666
threshold=392.81666666666672 1.2971863292977071 0.011020547353783803 0.029010767907375203
decision_type=2 2 2 2
left_child=1 -1 -3 -4
right_child=-2 2 3 -5
leaf_value=0.02131340600359051 -0.018575135618938036 0.01840773769142473 -0.014907811496838265 8.2803766308855333e-05
leaf_weight=6.6984129026532164 7.4437765441834918 9.6618306487798673 15.805932372808455 551.8798290528357
leaf_count=35 52 48 88 2951
internal_value=-1.28233e-05 0.000223757 -2.09262e-05 -0.000334576
internal_weight=591.49 584.046 577.348 567.686
internal_count=3174 3122 3087 3039
is_linear=0
shrinkage=0.03


Tree=257
num_leaves=11
num_cat=0
split_feature=53 148 25 33 99 90 132 132 1 44
split_gain=2.87148 6.5471 5.65513 8.4458 4.68057 6.685 4.18669 7.86188 6.21264 3.05813
threshold=0.84627306777097211 46.500000000000007 -5.0315333852447326 1.5000000000000002 0.037291849798660896 1.493009463623282 0.36298163482855045 0.5900600774750685 70.622135814470241 2.3384909207624087
decision_type=2 2 2 2 2 2 2 2 2 2
left_child=4 2 -2 -4 5 -1 8 -8 -6 -7
right_child=1 -3 3 -5 6 9 7 -9 -10 -11
leaf_value=-0.010834828639564064 0.018978944720519159 -0.033687638651844272 0.0035534010237892521 -0.019597921636060049 0.011493552302172217 0.040519638377512622 -0.010463067291112077 0.00078537699683947886 5.3841681249086462e-05 0.01216819001661216
leaf_weight=6.1874240487813976 9.3243519812822324 6.7552095726132384 33.709131084382534 24.481430917978287 61.474466610699892 7.0413382500410062 74.896242905408144 220.7415102943778 140.09046650677919 6.6654237657785416
leaf_count=32 49 45 186 149 311 33 408 1168 758 35
internal_value=-1.25155e-05 -0.00552852 -0.00271106 -0.00618662 0.000779743 0.0150486 0.000208815 -0.00206428 0.00354279 0.0267327
internal_weight=591.367 74.2701 67.5149 58.1906 517.097 19.8942 497.203 295.638 201.565 13.7068
internal_count=3174 429 384 335 2745 100 2645 1576 1069 68
is_linear=0
shrinkage=0.03


Tree=258
num_leaves=10
num_cat=0
split_feature=52 135 76 55 79 108 0 123 41
split_gain=2.85158 3.09332 6.6179 9.31928 6.50508 5.92479 6.28802 6.19298 2.98477
threshold=13050.000000000002 544.50000000000011 0.2064354727398206 0.27966116729562857 10.908711928226369 0.64670033615699951 -0.11654056483765236 0.1620749927501445 0.45990664315684854
decision_type=2 2 2 2 2 2 2 2 2
left_child=1 2 3 -1 -4 7 -7 -3 -2
right_child=8 5 4 -5 -6 6 -8 -9 -10
leaf_value=0.00080827837982422671 0.0016852770528370206 0.0057226599183530704 0.0004156467060694099 0.018308970218196888 -0.019895134188113294 0.0058349350227601569 -0.028964535041238706 -0.0052565736823092877 -0.035819961812589909
leaf_weight=67.366954937577248 3.6036878488957873 75.739871606230736 238.99910198152065 46.142220251262188 15.087874092161654 6.9252201318740871 14.370297618210314 118.70582323521376 4.0626621544361115
leaf_count=336 25 419 1289 225 91 36 80 638 35
internal_value=-1.25086e-05 0.000226385 0.0019 0.00792242 -0.000790423 -0.00262524 -0.0176479 -0.000979977 -0.01819
internal_weight=591.004 583.337 367.596 113.509 254.087 215.741 21.2955 194.446 7.66635
internal_count=3174 3114 1941 561 1380 1173 116 1057 60
is_linear=0
shrinkage=0.03


Tree=259
num_leaves=8
num_cat=0
split_feature=98 102 150 15 113 28 148
split_gain=2.86517 4.45793 4.5155 6.57856 5.05662 4.24015 3.56462
threshold=0.033054948297487334 0.00094314970275927775 0.18018931587630443 1.8742347913118702 7.1556484349883442 1.7736485810737868 32.500000000000007
decision_type=2 2 2 2 2 2 2
left_child=5 -2 3 -3 -4 6 -1
right_child=1 2 4 -5 -6 -7 -8
leaf_value=0.0071409350075072476 -0.02609079680311752 -0.03219727677358751 0.0013489955743156566 -0.00016665198610776801 -0.0085836805165017006 -0.007172351598477799 0.036217013216344865
leaf_weight=8.9970029816031474 6.0333463177084914 9.5606448501348513 485.72110174223781 14.558572147041557 50.969145283102989 8.2764853164553625 6.562836378812789
leaf_count=46 38 68 2554 95 298 45 30
internal_value=-1.24662e-05 -0.000440925 -0.000164976 -0.0128633 0.000405695 0.0101765 0.0194047
internal_weight=590.679 566.843 560.809 24.1192 536.69 23.8363 15.5598
internal_count=3174 3053 3015 163 2852 121 76
is_linear=0
shrinkage=0.03


Tree=260
num_leaves=9
num_cat=0
split_feature=118 90 107 58 90 148 28 53
split_gain=2.85619 3.85568 12.0578 10.7739 9.99639 12.2133 9.08331 7.9991
threshold=0.02213884161122286 1.1030290123659598 0.023105690558259829 5.2118112504051668 1.6517237006610126 5.5000000000000009 1.4170412379350463 0.029505711450999318
decision_type=2 2 2 2 2 2 2 2
left_child=-1 2 6 -4 5 -3 -2 -6
right_child=1 4 3 -5 7 -7 -8 -9
leaf_value=-0.022361370746790947 -0.0020741696221922195 0.029484376991110495 -0.0032127599615647466 0.020556171115498168 -0.014116161892024696 -0.016934062150006514 0.03691475982409375 0.0018830673042932405
leaf_weight=5.1020169109106055 8.1103110015392321 5.6272663325071326 106.44134630262852 20.462591350078583 30.632886249572039 54.595464706420898 15.961692005395888 343.46914974600077
leaf_count=30 43 28 571 104 193 310 71 1824
internal_value=-1.23238e-05 0.000182491 0.00431236 0.000619855 -0.00125309 -0.0125967 0.0237787 0.00057299
internal_weight=590.403 585.301 150.976 126.904 434.325 60.2227 24.072 374.102
internal_count=3174 3144 789 675 2355 338 114 2017
is_linear=0
shrinkage=0.03


Tree=261
num_leaves=10
num_cat=0
split_feature=138 7 116 25 62 57 102 134 119
split_gain=2.83399 11.8492 8.27735 8.72259 5.15676 4.58994 13.6626 11.1407 3.79615
threshold=15753.500000000002 2.7806570495089269 5.5000000000000009 -2.4109723055452514 0.12078438802576735 1.2364664577279607 0.025515706890510397 932.50000000000011 0.8039878113407527
decision_type=2 2 2 2 2 2 2 2 2
left_child=4 2 -2 -4 -1 6 -6 -7 -3
right_child=1 8 3 -5 5 7 -8 -9 -10
leaf_value=-0.027316359253871322 0.021923788542370877 0.045004368265361881 0.0096606602909627137 -0.028371715758816508 0.0011347904652692828 -0.03052101662498485 0.034961567369292991 -0.00074179814373544282 0.013833038153580215
leaf_weight=6.43050643056631 8.5700253322720545 7.3198275044560415 9.2146829552948493 13.204371005296705 74.435187339782715 11.604856096208094 12.559415489435194 439.86017692834139 6.7667581811547279
leaf_count=34 45 32 48 75 395 75 62 2377 31
internal_value=-1.2317e-05 0.00721688 -0.00315348 -0.0127396 -0.000610347 -0.000291413 0.00601836 -0.00150727 0.0300306
internal_weight=589.966 45.0757 30.9891 22.4191 544.89 538.46 86.9946 451.465 14.0866
internal_count=3174 231 168 123 2943 2909 457 2452 63
is_linear=0
shrinkage=0.03


Tree=262
num_leaves=8
num_cat=0
split_feature=136 36 3 137 147 19 55
split_gain=2.81166 3.486 3.79814 9.48116 7.00391 3.43595 3.56331
threshold=31.500000000000004 392.81666666666672 0.77585702568604409 4621.0000000000009 27.253899518985268 2.9979302808499084 0.48946556159277016
decision_type=2 2 2 2 2 2 2
left_child=5 2 3 -2 -4 -1 -7
right_child=1 -3 4 -5 -6 6 -8
leaf_value=-0.03034089444487071 -0.0043916756083921468 -0.020807986146547129 0.0011354680235059126 0.026220249365527405 -0.010203803389527331 -0.018666327819489386 0.014685253011157797
leaf_weight=5.965776443481448 19.42277205735445 6.9235762134194365 473.88505051657557 17.142947018146515 54.68134731054306 5.8745702654123289 5.6618352234363556
leaf_count=40 97 50 2544 83 294 36 30
internal_value=-1.23252e-05 0.000350056 0.000609269 0.00995998 -3.76043e-05 -0.0118567 -0.00229804
internal_weight=589.558 572.056 565.132 36.5657 528.566 17.5022 11.5364
internal_count=3174 3068 3018 180 2838 106 66
is_linear=0
shrinkage=0.03


Tree=263
num_leaves=7
num_cat=0
split_feature=51 71 53 54 55 54
split_gain=2.79593 7.29107 5.65985 3.64173 10.6348 6.79204
threshold=45.000000000000007 0.98785825299907448 2.3203220037961683 0.036604928100504107 0.055902075367124417 0.055778577418514254
decision_type=2 2 2 2 2 2
left_child=1 -1 3 4 -2 -5
right_child=2 -3 -4 5 -6 -7
leaf_value=-0.0094833431361582895 -0.011087175822278661 0.035679305862743954 -0.028468352839928671 -0.018301177376836078 0.014023426778625324 -0.00020949550963465419
leaf_weight=6.237455025315283 21.886320240795612 6.6440885420888662 6.3585339151322833 19.433336704969406 49.535480335354805 479.2626767642796
leaf_count=41 115 36 47 109 246 2580
internal_value=-1.21642e-05 0.0138108 -0.000321043 -7.11541e-06 0.0063286 -0.000914498
internal_weight=589.358 12.8815 576.476 570.118 71.4218 498.696
internal_count=3174 77 3097 3050 361 2689
is_linear=0
shrinkage=0.03


Tree=264
num_leaves=9
num_cat=0
split_feature=103 37 72 24 72 83 138 100
split_gain=2.79662 3.62514 10.9999 10.1171 4.55124 6.75647 4.25816 2.64343
threshold=0.74588141097576166 6.1574647538954101 4.6238936190515849 -0.47278990147853778 1.1998652422965284 3.0176476263057372 15753.500000000002 0.4630178342242916
decision_type=2 2 2 2 2 2 2 2
left_child=1 4 3 -3 5 -1 -6 -2
right_child=7 2 -4 -5 6 -7 -8 -9
leaf_value=-0.020541827965953982 0.029145550299108269 -0.033612579095779443 0.018864679300452051 0.0065342631219539576 -0.0012670730956078746 0.015602144985595513 0.0089030132219828414 0.00046022965225193832
leaf_weight=5.443428397178649 5.6992626935243589 16.589175455272198 8.9001856073737127 8.5666624307632464 465.59350433945656 32.124061916023493 40.255943231284618 5.8683441653847694
leaf_count=41 30 102 45 42 2506 174 204 30
internal_value=-1.2012e-05 -0.000304576 -0.00979941 -0.0199408 0.000290467 0.010365 -0.000457729 0.0145932
internal_weight=589.041 577.473 34.056 25.1558 543.417 37.5675 505.849 11.5676
internal_count=3174 3114 189 144 2925 215 2710 60
is_linear=0
shrinkage=0.03


Tree=265
num_leaves=6
num_cat=0
split_feature=49 69 73 4 78
split_gain=2.79327 3.92366 9.1618 4.14325 4.55496
threshold=455400.00000000006 11.034772376369252 0.12599206349206352 79.866120948528405 0.14163000209511842
decision_type=2 2 2 2 2
left_child=1 3 -3 4 -1
right_child=-2 2 -4 -5 -6
leaf_value=0.0004510343876421572 -0.021169253844387833 0.044055583882652419 -0.0078515693480627757 -0.024865034091450085 -0.020217186963214596
leaf_weight=555.05701982975006 5.5630391314625731 5.8668266683816892 6.397471584379673 6.0501528307795516 9.7655223794281465
leaf_count=2972 39 29 42 31 61
internal_value=-1.19721e-05 0.000189865 0.0169791 -0.000170824 9.36903e-05
internal_weight=588.7 583.137 12.2643 570.873 564.823
internal_count=3174 3135 71 3064 3033
is_linear=0
shrinkage=0.03


Tree=266
num_leaves=14
num_cat=0
split_feature=25 23 27 57 29 33 4 110 146 8 53 33 111
split_gain=2.74373 8.49257 9.60279 11.6288 10.0986 6.93266 12.8277 8.94613 8.72028 10.9901 9.62728 5.33721 6.62638
threshold=-0.96872906708710194 -0.33053651209934537 0.88182092828383896 1.2928535312647471 1.3585539701969329 1.5000000000000002 17.515784331986406 1.3370410210355408 34.295775518226861 0.20216431522936948 0.92234953758372729 1.0000000180025095e-35 3.6258321763966896
decision_type=2 2 2 2 2 2 2 2 2 2 2 2 2
left_child=5 2 3 -2 -4 6 -1 -8 10 -10 -7 -3 -13
right_child=1 11 4 -5 -6 8 7 -9 9 -11 -12 12 -14
leaf_value=-0.027199453593155797 0.0069490506055661658 0.035737353272362098 -0.0095504934593108361 -0.01889955514454196 0.0082387198040468484 0.0032614430235032147 -0.012233440621347666 0.010892321012391914 0.011347792014560289 -0.029333544438423443 -0.018377284974427845 0.018125940410899096 -0.014552632894304968
leaf_weight=9.7259675338864309 20.807860441505909 6.7672423422336605 49.565970867872238 63.363619402050972 68.290329642593861 143.47697284817696 16.929133340716362 136.00646832212806 8.4545797295868415 20.391393292695284 21.244739308953285 14.465810187160971 9.0962702184915525
leaf_count=57 113 34 294 372 365 744 86 697 47 117 125 74 49
internal_value=-1.17825e-05 -0.00254793 -0.00477016 -0.0125096 0.000757239 0.00164246 0.00620788 0.00833243 -0.00219401 -0.0174101 0.00047062 0.0122546 0.0055102
internal_weight=588.586 232.357 202.028 84.1715 117.856 356.229 162.662 152.936 193.568 28.846 164.722 30.3293 23.5621
internal_count=3174 1301 1144 485 659 1873 840 783 1033 164 869 157 123
is_linear=0
shrinkage=0.03


Tree=267
num_leaves=12
num_cat=0
split_feature=105 102 2 105 89 36 29 74 55 102 63
split_gain=2.7826 11.1278 8.86163 4.84823 8.67594 4.50903 5.49419 5.13241 4.26932 1.65363 0.0174393
threshold=0.027715001211464228 0.005681255594717426 76.764227409461952 0.033054480413483835 4591.5000000000009 378.45000000000005 1.6736510890554273 0.2752525252525253 0.18005503195987169 0.012088745656174753 0.57957469863199251
decision_type=2 2 2 2 2 2 2 2 2 2 2
left_child=1 2 -1 4 -2 7 -7 -5 -6 10 -3
right_child=3 9 -4 5 8 6 -8 -9 -10 -11 -12
leaf_value=0.036956698968945927 -0.012309166960864275 -0.038449777479856319 -0.010289438501144025 0.015362143367877376 0.040359586273454345 -0.0016292759950991712 -0.028207452936328599 -7.2786811677046827e-05 0.0083848550082377075 -0.014755382519565586 -0.035746446621258747
leaf_weight=5.9400140941143063 7.5933267846703556 4.144392825663088 8.9659423977136594 20.193639107048512 8.9086449816822988 19.023507151752714 11.075254015624521 486.56727525219321 6.5007082596421233 4.593561425805091 4.4578139409422874
leaf_count=27 40 27 52 102 41 117 80 2589 36 28 35
internal_value=-1.22815e-05 -0.00922409 0.00853812 0.000450096 0.013937 -0.000127775 -0.0114091 0.000542271 0.0268705 -0.0292883 -0.0370489
internal_weight=587.964 28.1017 14.906 559.862 23.0027 536.86 30.0988 506.761 15.4094 13.1958 8.60221
internal_count=3174 169 79 3005 117 2888 197 2691 77 90 62
is_linear=0
shrinkage=0.03


Tree=268
num_leaves=10
num_cat=0
split_feature=101 4 106 141 97 87 34 81 37
split_gain=2.77451 4.48796 12.0462 11.0121 9.87001 4.93902 7.36832 5.22548 3.95479
threshold=2.8744277633476769 20.680797571844789 0.97126459677595189 650.50000000000011 1.8441653106607239 344.50000000000006 1.0000000180025095e-35 0.064971445354525911 4.4886585577885603
decision_type=2 2 2 2 2 2 2 2 2
left_child=1 2 3 -1 -4 6 -3 -7 -2
right_child=8 5 4 -5 -6 7 -8 -9 -10
leaf_value=-0.02444219298895154 0.026677327351660646 0.020656732175145034 0.044077570260654272 0.00096143069662423994 -0.0062998531925601998 0.0032101354111921851 0.00032073225540576458 -0.003462565432576887 -0.0030731300672961807
leaf_weight=33.622481845319271 8.3034949600696581 26.231419876217842 6.7509982436895353 28.270634710788727 7.2687743380665779 189.61052246764302 41.254494570195675 238.46364771574736 7.7980087772011748
leaf_count=200 38 134 30 164 42 1015 218 1287 46
internal_value=-1.23121e-05 -0.000358346 -0.00715098 -0.0128387 0.0179586 0.000682191 0.00822523 -0.000506969 0.0122691
internal_weight=587.574 571.473 75.9129 61.8931 14.0198 495.56 67.4859 428.074 16.1015
internal_count=3174 3090 436 364 72 2654 352 2302 84
is_linear=0
shrinkage=0.03


Tree=269
num_leaves=12
num_cat=0
split_feature=104 26 4 25 157 102 4 147 100 54 55
split_gain=2.75377 5.69677 6.23475 7.87357 3.47434 7.8029 9.55275 8.12063 5.13971 8.84207 7.97173
threshold=1.9674116227782834 -2.8282351332404088 40.579259398385389 -0.62341285209902486 0.47727272727272735 0.0064060779534634068 27.830692808295371 9.5050384625702424 0.77348344267492164 0.43363917743578112 0.13412452286952728
decision_type=2 2 2 2 2 2 2 2 2 2 2
left_child=4 -2 3 -3 8 6 -6 -7 10 -10 -1
right_child=1 2 -4 -5 5 7 -8 -9 9 -11 -12
leaf_value=-0.0046590366765326902 -0.033485576916069841 0.03027478571604774 -0.02232632374636934 -0.017050443544895683 -0.010091160013553471 -0.013510905501060131 0.024902845570086037 0.012066567252067785 -7.7668833203265974e-05 -0.01416760139776432 0.0057400556413744648
leaf_weight=103.84402408450842 6.6328167580068138 7.8218926936388042 8.1059188917279226 5.313073441386222 9.3398105725646001 25.413714788854122 28.275517672300339 19.934795871376991 131.10742186382413 57.737272206693888 183.72118847444654
leaf_count=548 44 40 48 36 49 146 141 108 730 347 937
internal_value=-1.22853e-05 -0.00921525 -0.00163644 0.0111318 0.0004463 0.00611198 0.0162139 -0.00226728 -0.000540343 -0.00438552 0.00198479
internal_weight=587.247 27.8737 21.2409 13.135 559.374 82.9638 37.6153 45.3485 476.41 188.845 287.565
internal_count=3174 168 124 76 3006 444 190 254 2562 1077 1485
is_linear=0
shrinkage=0.03


Tree=270
num_leaves=9
num_cat=0
split_feature=76 67 91 106 102 106 143 62
split_gain=2.69728 5.13256 4.33668 4.2082 6.65432 6.01201 4.18516 0.849478
threshold=0.80322580645161301 1.2698007858275318 0.80340367057181827 0.21472970413901296 0.015466796359492845 0.26084470762930662 1.7234596301452763 0.55694790369447911
decision_type=2 2 2 2 2 2 2 2
left_child=2 6 -1 4 -4 -5 -2 -3
right_child=1 7 3 5 -6 -7 -8 -9
leaf_value=0.01903550814209666 -0.017440572461739971 -0.036430664439835697 -0.00017049644324095134 0.013863911827739746 -0.01233381936067963 0.00071456528787002037 0.018800756590741471 -0.017677380582393126
leaf_weight=10.989179886877535 5.2421545796096343 4.8487655818462354 154.95567892305553 34.797743551433086 54.794455170631409 310.74602537974715 6.3315032720565796 3.9406669959425926
leaf_count=54 33 38 838 181 340 1626 36 28
internal_value=-1.2396e-05 -0.0107397 0.000373349 4.02826e-06 -0.003348 0.00203876 0.00238567 -0.0280228
internal_weight=586.646 20.3631 566.283 555.294 209.75 345.544 11.5737 8.78943
internal_count=3174 135 3039 2985 1178 1807 69 66
is_linear=0
shrinkage=0.03


Tree=271
num_leaves=9
num_cat=0
split_feature=70 58 36 58 108 56 60 147
split_gain=2.70572 3.30996 10.8084 9.63674 8.59341 8.31342 8.13514 8.03063
threshold=1.3384496263337142 1.735343434651538 322.09166666666675 2.0269724662809643 0.40135786805696277 1.3148492930370292 3.9968671623510184 27.253899518985268
decision_type=2 2 2 2 2 2 2 2
left_child=-1 2 4 5 -2 -3 -4 -5
right_child=1 3 6 7 -6 -7 -8 -9
leaf_value=0.015507746298104249 0.0030131443578917502 0.0070224480392649911 -0.037673997781151651 0.0003870119255634586 -0.016429491425681786 0.037017374631276037 -0.0014084901324915731 -0.015827349734251785
leaf_weight=9.9383173957467061 106.70704258233309 66.338895723223686 13.723386395722629 315.3548531383276 25.313053976744413 9.5081704780459386 9.366618797183035 30.116528272628784
leaf_count=52 561 334 89 1706 158 44 56 174
internal_value=-1.23359e-05 -0.000279921 -0.00402659 0.00109943 -0.000714716 0.0107826 -0.0229626 -0.00102648
internal_weight=586.367 576.429 155.11 421.318 132.02 75.8471 23.09 345.471
internal_count=3174 3122 864 2258 719 378 145 1880
is_linear=0
shrinkage=0.03


Tree=272
num_leaves=8
num_cat=0
split_feature=13 105 66 103 124 29 46
split_gain=2.70171 3.6503 3.39504 5.49985 4.23228 5.73106 5.26629
threshold=11.467781977991953 0.16999077138460608 3.5143325143325148 0.54736257343115902 1.184262592545773 1.4005568485008639 37.39802631578948
decision_type=2 2 2 2 2 2 2
left_child=2 -2 4 -4 6 -6 -1
right_child=1 -3 3 -5 5 -7 -8
leaf_value=0.0080100617045581989 0.0043664949790026058 -0.025810528344203946 -0.0034691815031318478 0.0285362146347065 -0.034957318184221799 0.0052667829045324709 -0.00085068616205979345
leaf_weight=69.269969172775745 6.3726424798369399 8.3145192116498929 9.5813717097044009 9.7489621937274915 7.1774640604853612 5.7352234721183777 469.7486906927079
leaf_count=355 33 44 46 54 39 30 2573
internal_value=-1.24034e-05 -0.012717 0.000314231 0.0126723 -0.000118585 -0.0170916 0.00028802
internal_weight=585.949 14.6872 571.262 19.3303 551.931 12.9127 539.019
internal_count=3174 77 3097 100 2997 69 2928
is_linear=0
shrinkage=0.03


Tree=273
num_leaves=10
num_cat=0
split_feature=60 28 54 54 22 106 54 25 26
split_gain=2.68173 5.28311 3.56587 9.43644 8.73863 6.94821 5.93413 14.3405 5.03445
threshold=0.54713546757319687 1.7191392346134549 0.79405427701774534 1.008667713991213 2.1911192929896663 0.064236045124301824 0.65469444055381631 -0.96872906708710194 -0.27225619388879557
decision_type=2 2 2 2 2 2 2 2 2
left_child=1 -1 6 4 -4 -5 8 -8 -2
right_child=2 -3 3 5 -6 -7 7 -9 -10
leaf_value=-0.0025090213843563598 0.00039955390072239855 0.033447632068271844 0.008010791945753817 -0.019512569763606467 -0.030852739879076569 0.0071402310514530965 0.023376762810592644 -0.012193777521672991 -0.012479214225114671
leaf_weight=8.8395481184124929 418.14972053840756 6.2979127243161193 7.0554763972759273 11.292996041476725 19.877085778862238 39.92427434772253 29.299925554543734 15.648609809577463 29.227204695343971
leaf_count=45 2226 32 42 67 122 234 148 90 168
internal_value=-1.21159e-05 0.0124507 -0.000342814 -0.00629598 -0.0206717 0.0012635 0.000602168 0.0109931 -0.000441818
internal_weight=585.613 15.1375 570.475 78.1498 26.9326 51.2173 492.325 44.9485 447.377
internal_count=3174 77 3097 465 164 301 2632 238 2394
is_linear=0
shrinkage=0.03


Tree=274
num_leaves=9
num_cat=0
split_feature=52 60 119 26 36 56 119 41
split_gain=2.67098 3.09733 10.5277 8.47016 6.29435 5.37436 5.25119 2.92885
threshold=13050.000000000002 8.6575242144199063 0.99789029535864993 -4.4161626482257468 225.70000000000002 2.9480476752208489 0.77988926002828696 0.45990664315684854
decision_type=2 2 2 2 2 2 2 2
left_child=1 5 3 -3 -4 6 -1 -2
right_child=7 2 4 -5 -6 -7 -8 -9
leaf_value=0.001856576792228279 0.0018423480621438755 -0.012573848063555897 0.0095542319714164749 0.013895301850088934 0.046555633585995793 0.027303800891547023 -0.0042643658568826473 -0.035611866924873239
leaf_weight=283.11795371770859 3.5901492536067954 24.935046315193176 8.7809663340449351 19.304173916578293 7.8248213157057753 6.1669903546571723 227.51031114906073 3.94253970682621
leaf_count=1571 25 136 43 100 39 28 1197 35
internal_value=-1.20799e-05 0.000219372 0.00662162 -0.0010238 0.0269897 -0.000534399 -0.000870608 -0.0177608
internal_weight=585.173 577.64 60.845 44.2392 16.6058 516.795 510.628 7.53269
internal_count=3174 3114 318 236 82 2796 2768 60
is_linear=0
shrinkage=0.03


Tree=275
num_leaves=12
num_cat=0
split_feature=105 102 93 105 113 55 36 56 121 102 63
split_gain=2.65259 10.6021 4.9893 4.5029 7.90988 6.29419 4.33344 5.31112 4.85361 1.62764 0.0143574
threshold=0.027715001211464228 0.005681255594717426 1.3201652027174993 0.033054480413483835 2.4572676060556389 0.18672798166263332 378.45000000000005 0.15979988378872292 0.15579093038109434 0.012088745656174753 0.57957469863199251
decision_type=2 2 2 2 2 2 2 2 2 2 2
left_child=1 2 -1 4 -2 -6 8 -8 -5 10 -3
right_child=3 9 -4 6 5 -7 7 -9 -10 -11 -12
leaf_value=0.021982617541845124 -0.011923786137109984 -0.038064458371749627 -0.013757989385077588 -0.012988127507772248 0.040306559939813615 0.0005425451335999607 0.0014391479652934047 -0.023900347126236336 0.0011778545537233346 -0.014469694815648649 -0.035578964779066483
leaf_weight=9.1344942376017588 7.4443077147007015 4.0356852263212186 5.7143345698714247 22.798117563128471 9.7722228989005071 5.6563119404017916 14.878266341984274 14.899565961211918 481.64311042800546 4.5389853268861762 4.3422083035111427
leaf_count=46 39 27 33 131 45 33 96 101 2560 28 35
internal_value=-1.18076e-05 -0.00906164 0.00822842 0.00043924 0.013474 0.0257285 -0.00011885 -0.0112397 0.000537626 -0.0289377 -0.0367762
internal_weight=584.858 27.7657 14.8488 557.092 22.8728 15.4285 534.219 29.7778 504.441 12.9169 8.37789
internal_count=3174 169 79 3005 117 78 2888 197 2691 90 62
is_linear=0
shrinkage=0.03


Tree=276
num_leaves=9
num_cat=0
split_feature=118 138 22 108 70 2 113 24
split_gain=2.71361 2.97025 10.9778 9.3914 7.857 10.338 7.17779 7.11195
threshold=0.02213884161122286 7387.5000000000009 5.2834343240237098 0.094621493436945578 2.9214033277483114 67.721325813015397 3.4102928543319919 -1.163573619366282
decision_type=2 2 2 2 2 2 2 2
left_child=-1 4 3 -3 5 -2 -4 -6
right_child=1 2 6 -5 7 -7 -8 -9
leaf_value=-0.021957181802897321 0.034244887862308886 -0.0055173102042437245 0.0073579314060417201 0.011399959061249321 -0.003950357848114149 0.00124204848546924 -0.026655111826681944 -0.024500621099428511
leaf_weight=5.0275297388434401 8.893557280302046 41.113559894263744 8.5066478401422518 104.85296013206244 166.86420837789774 216.29789089970291 16.252442069351673 16.670620448887348
leaf_count=30 45 225 44 531 944 1170 86 99
internal_value=-1.18551e-05 0.00017855 0.0035019 0.00663497 -0.00120962 0.00254544 -0.014969 -0.00581696
internal_weight=584.479 579.452 170.726 145.967 408.726 225.191 24.7591 183.535
internal_count=3174 3144 886 756 2258 1215 130 1043
is_linear=0
shrinkage=0.03


Tree=277
num_leaves=6
num_cat=0
split_feature=24 70 149 138 36
split_gain=2.69199 3.33803 3.33736 9.70837 9.31968
threshold=-0.10569367406074906 1.3384496263337142 12.500000000000002 7978.5000000000009 270.49166666666673
decision_type=2 2 2 2 2
left_child=1 -1 4 -4 -3
right_child=-2 2 3 -5 -6
leaf_value=0.017966645857942446 -0.019607631741641329 0.0063413770989483448 -0.0054678268532784855 0.0059674436080418072 -0.0064011174012379487
leaf_weight=9.3631003350019437 6.2420000210404387 172.87346961349249 227.1977150477469 94.656784873455763 73.672190144658089
leaf_count=48 31 877 1313 506 399
internal_value=-1.18399e-05 0.000199868 -9.27994e-05 -0.00210474 0.0025337
internal_weight=584.005 577.763 568.4 321.854 246.546
internal_count=3174 3143 3095 1819 1276
is_linear=0
shrinkage=0.03


Tree=278
num_leaves=14
num_cat=0
split_feature=135 65 99 62 7 49 99 24 54 90 90 1 55
split_gain=2.67986 5.60585 8.32611 7.76679 8.1815 6.2583 4.90275 7.67696 8.04723 4.68296 6.74796 6.37983 3.60893
threshold=645.50000000000011 1.5415880287245172 0.65693518358107716 0.69837167226673569 0.96654371880764567 30600.000000000004 0.11844392349012954 -3.4208286506016834 0.16859435966208644 -0.25118506162871174 1.1030290123659598 85.356200527704502 0.1310749966812656
decision_type=2 2 2 2 2 2 2 2 2 2 2 2 2
left_child=6 3 5 4 -2 -3 7 -1 -9 11 -11 -8 -4
right_child=1 2 12 -5 -6 -7 9 8 -10 10 -12 -13 -14
leaf_value=0.036774466755600824 0.0015502231231393029 -0.021791657158272911 0.033527049301627712 -0.023474878786279955 0.031791780024379344 -0.0021393482423362423 -0.026815432692357036 -0.013746278222050783 0.013152979075267603 0.00834197577444982 -0.0014027164646344538 0.0045706150370115779 -0.000671139413364819
leaf_weight=7.9419269338250151 43.718087509274483 36.099368125200272 4.9135252982377988 8.6771045401692373 9.8688061982393247 24.469152392819524 13.252931341528894 14.45112508535385 32.565572947263718 82.141870908439159 288.86831540241838 10.405050203204153 6.3877946175634861
leaf_count=37 245 214 26 54 48 135 77 74 167 424 1581 57 35
internal_value=-1.16378e-05 -0.00373313 -0.00944157 0.002856 0.00711965 -0.0138523 0.00109857 0.00949342 0.00488518 -7.04401e-05 0.000754764 -0.0130115 0.0141974
internal_weight=583.761 134.134 71.8698 62.264 53.5869 60.5685 449.627 54.9586 47.0167 394.668 371.01 23.658 11.3013
internal_count=3174 757 410 347 293 349 2417 278 241 2139 2005 134 61
is_linear=0
shrinkage=0.03


Tree=279
num_leaves=8
num_cat=0
split_feature=49 48 4 48 71 64 105
split_gain=2.64116 3.15923 6.33802 4.67791 10.2821 6.04017 3.82151
threshold=455400.00000000006 0.55087932538123896 32.344667213997461 0.87172012056033987 6.8065859192863956 0.55807820941600217 0.063603388693138668
decision_type=2 2 2 2 2 2 2
left_child=1 2 6 4 -3 -5 -1
right_child=-2 3 -4 5 -6 -7 -8
leaf_value=-0.0050185626555539278 -0.020773129258435472 0.0085961396662280337 0.013494598956031788 0.0023405418844550216 -0.024622700915986253 -0.0046858819894302533 -0.039339812466418274
leaf_weight=5.0760856866836566 5.4631163589656344 106.03328193724155 5.7847769483923903 245.15619683638215 9.1062191650271398 199.88531203940511 6.8733795434236526
leaf_count=29 39 557 32 1303 54 1116 44
internal_value=-1.17905e-05 0.000184469 -0.0122818 0.000579128 0.00596891 -0.000815296 -0.0247603
internal_weight=583.378 577.915 17.7342 560.181 115.14 445.042 11.9495
internal_count=3174 3135 105 3030 611 2419 73
is_linear=0
shrinkage=0.03


Tree=280
num_leaves=8
num_cat=0
split_feature=98 62 106 102 150 15 113
split_gain=2.61874 4.39284 4.48805 4.19318 4.12764 6.243 4.36095
threshold=0.033054948297487334 0.57092555331991968 0.26587570880854333 0.00094314970275927775 0.18018931587630443 1.8742347913118702 7.1556484349883442
decision_type=2 2 2 2 2 2 2
left_child=1 2 -1 -2 5 -5 -6
right_child=3 -3 -4 4 6 -7 -8
leaf_value=-0.01182072024026134 -0.025602242911531375 0.028069489154027166 0.021311709595430533 -0.031686313425226195 0.0012681341830500727 -8.1380859001795378e-05 -0.0080465497247824164
leaf_weight=9.8068243935704249 5.8905238360166541 7.8739534914493552 5.8891590386629096 9.2291347458958644 480.07452987134457 14.404287602752445 49.942286394536495
leaf_count=54 38 38 29 68 2554 95 298
internal_value=-1.18024e-05 0.00978374 0.000610622 -0.000424427 -0.000156549 -0.0124235 0.000390433
internal_weight=583.111 23.5699 15.696 559.541 553.65 23.6334 530.017
internal_count=3174 121 83 3053 3015 163 2852
is_linear=0
shrinkage=0.03


Tree=281
num_leaves=14
num_cat=0
split_feature=88 62 70 128 100 150 54 71 59 58 72 2 71
split_gain=2.63382 7.11725 10.0476 7.59305 6.40525 5.82134 5.12252 6.28413 5.3923 6.20272 6.0017 2.42965 0.518133
threshold=832.00000000000011 0.48492608921161834 2.934146727989972 0.81062984527114434 0.50653697298014067 0.67931833337165737 1.6182335375946835 2.6177985727198152 7.1538516322344945 7.8003266356419765 3.3059628429082895 86.327928312353336 4.0462434511079151
decision_type=2 2 2 2 2 2 2 2 2 2 2 2 2
left_child=6 2 4 5 -2 -3 8 -8 9 -1 -10 -5 -4
right_child=1 3 12 11 -6 -7 7 -9 10 -11 -12 -13 -14
leaf_value=-0.0010401220888885516 -0.023179647448511639 0.028549222337242792 -0.025751074322044293 -0.029753074404787087 0.010083487973740075 -0.0032930250574228674 0.041160371935940555 -0.000892023629274462 0.025807343275000613 0.018040364937131188 -0.0078812298669045915 -0.0032142381376888034 -0.038031533879012716
leaf_weight=461.27244623936713 8.204067103564741 12.537724092602732 4.5057923197746268 5.1182287633419019 14.277296911925076 8.7898350581526739 6.2022463604807836 6.6031298711895943 14.672356881201269 15.860915921628473 7.0444692000746718 7.8920594453811646 9.8553409054875356
leaf_count=2508 47 66 29 31 74 49 35 38 72 80 36 41 68
internal_value=-1.16823e-05 -0.0054186 -0.0145768 0.00440759 -0.00205514 0.0154259 0.000740516 0.0194759 0.000259582 -0.000405847 0.0148795 -0.0136546 -0.0341786
internal_weight=582.836 71.1803 36.8425 34.3378 22.4814 21.3276 511.656 12.8054 498.85 477.133 21.7168 13.0103 14.3611
internal_count=3174 405 218 187 121 115 2769 73 2696 2588 108 72 97
is_linear=0
shrinkage=0.03


Tree=282
num_leaves=10
num_cat=0
split_feature=103 25 36 104 110 118 68 72 100
split_gain=2.63487 3.36146 8.39943 12.5329 11.5421 6.97097 8.20209 7.54018 2.45104
threshold=0.74588141097576166 -0.96872906708710194 227.33333333333334 1.27931970818431 1.8214517056378943 0.34095453959019956 2.6151457238413767 6.0019888365749221 0.4630178342242916
decision_type=2 2 2 2 2 2 2 2 2
left_child=1 5 4 -4 -3 7 -7 -1 -2
right_child=8 2 3 -5 -6 6 -8 -9 -10
leaf_value=-0.0039407781275052917 0.028398655562861246 0.0086046552393003618 0.0069822864766268542 -0.021590419032277462 -0.01398400752401004 0.0062213561135985524 -0.0068324418699615879 -0.039395745675155594 0.00058038465648340744
leaf_weight=62.910374063998461 5.610916927456854 26.410066083073616 93.90281743183732 16.199834626168013 88.849611707031727 223.05043157935143 53.762088373303413 5.9051976576447478 5.7943458333611488
leaf_count=343 30 137 503 109 527 1144 316 35 30
internal_value=-1.1726e-05 -0.000296913 -0.0031475 0.00277827 -0.00880815 0.00156178 0.00368607 -0.00698324 0.0142658
internal_weight=582.396 570.99 225.362 110.103 115.26 345.628 276.813 68.8156 11.4053
internal_count=3174 3114 1276 612 664 1838 1460 378 60
is_linear=0
shrinkage=0.03


Tree=283
num_leaves=15
num_cat=0
split_feature=31 63 128 63 37 71 26 63 147 30 149 105 131 93
split_gain=2.63972 7.10218 8.38303 7.61796 5.82356 5.43308 4.69092 7.927 5.03846 9.87786 5.03906 4.64772 4.30105 3.62094
threshold=1.5000000000000002 0.70670995670995684 0.47932541150262514 0.33373688458434225 4.3876265111080128 2.1807105966094995 -0.27225619388879557 0.456832298136646 26.367354236118061 0.84524367912185194 1.5000000000000002 0.115658816365185 0.20406495000319017 2.0770717390387605
decision_type=2 2 2 2 2 2 2 2 2 2 2 2 2 2
left_child=6 3 13 5 -4 -2 8 12 10 -10 -1 -5 -8 -3
right_child=1 2 4 11 -6 -7 7 -9 9 -11 -12 -13 -14 -15
leaf_value=0.017445863848994495 0.00018237178876269469 0.048720836883360916 0.025028021249542828 -0.0019873912831184569 -0.011593497282803896 0.038524136653743567 0.024802964330405446 -0.023969293614259774 0.015278633054452016 -0.018454034777229851 0.00022738595313512885 -0.024836126493412221 -0.010758811134555683 0.01811648265601332
leaf_weight=15.902159579098223 6.8844135701656324 7.0620985776186007 6.2456236947327879 36.420641381293535 10.441561393439768 6.4354106932878494 6.0644555389881152 19.416989181190729 10.406301535665987 31.347640957683325 401.87376234307885 10.272116445004938 6.1802791282534599 6.858248382806778
leaf_count=78 38 33 30 189 54 30 30 121 59 174 2207 59 34 38
internal_value=-1.19006e-05 0.0046927 0.0164528 -0.00130518 0.00211308 0.018707 -0.000879853 -0.0120489 -0.000110306 -0.0100469 0.000882787 -0.00701397 0.00685389 0.0336427
internal_weight=581.812 90.6201 30.6075 60.0126 16.6872 13.3198 491.192 31.6617 459.53 41.7539 417.776 46.6928 12.2447 13.9203
internal_count=3174 471 155 316 84 68 2703 185 2518 233 2285 248 64 71
is_linear=0
shrinkage=0.03


Tree=284
num_leaves=6
num_cat=0
split_feature=108 140 33 66 36
split_gain=2.64542 2.93745 3.39753 6.21944 4.00656
threshold=1.337915190811789 352.50000000000006 3.5000000000000004 2.3243922131515213 192.64166666666668
decision_type=2 2 2 2 2
left_child=1 2 4 -4 -1
right_child=-2 -3 3 -5 -6
leaf_value=-0.0025699854670908182 -0.020022936674706802 0.020790607842618374 -0.019147912058083187 0.012961952790723059 0.0026645975946672164
leaf_weight=225.11483203619719 5.8853664956986895 6.1644874140620223 19.827485337853435 7.4759551063179961 316.78628028184175
leaf_count=1248 36 31 119 40 1700
internal_value=-1.18102e-05 0.000192881 -3.01928e-05 -0.0103559 0.000490064
internal_weight=581.254 575.369 569.205 27.3034 541.901
internal_count=3174 3138 3107 159 2948
is_linear=0
shrinkage=0.03


Tree=285
num_leaves=15
num_cat=0
split_feature=19 57 57 28 71 28 90 110 110 1 70 138 30 52
split_gain=2.63183 9.28712 15.7622 11.178 8.74927 8.19252 8.18281 11.154 11.8912 7.65128 6.972 7.92008 7.6713 2.68628
threshold=3.4073550645854285 3.5286790767575087 2.7799987917023228 1.859202034890161 4.3374784864950611 1.9148877827638495 3.2516494116212855 5.0387430904673467 4.1328896182638362 91.515067351756713 4.5745533901225288 16382.500000000002 0.80906104055397399 1650.0000000000002
decision_type=2 2 2 2 2 2 2 2 2 2 2 2 2 2
left_child=1 2 4 -4 -1 9 7 8 -2 -3 11 -8 -12 -7
right_child=6 5 3 -5 -6 13 10 -9 -10 -11 12 -13 -14 -15
leaf_value=-0.0069601710453219365 0.0091042853114192846 -0.00047530540551748854 0.0082130382085139064 0.0448741989286476 0.0089233077458638014 -0.012458141420489987 -0.00029591997655823755 0.041706013180216869 -0.032127044270841766 -0.031702843359525619 0.0081362206065265751 0.028852673841687021 -0.021070664771943318 -0.036965319842656226
leaf_weight=120.07465074211359 81.569665357470512 43.831137843430042 24.994016259908676 10.684856228530405 42.175041876733303 6.0086926743388203 167.17800086736679 8.6027487814426404 6.8217415437102309 8.4177419692277891 11.319067835807799 8.8327664807438833 28.402567148208618 12.195479080080984
leaf_count=651 425 246 124 48 220 36 934 41 42 58 67 40 167 75
internal_value=-1.16088e-05 -0.00219096 0.00113855 0.0191921 -0.00283143 -0.0115448 0.00185871 0.00909599 0.00592219 -0.00550633 -0.0013952 0.00116685 -0.0127479 -0.0288762
internal_weight=581.108 268.382 197.929 35.6789 162.25 70.4531 312.727 96.9942 88.3914 52.2489 215.732 176.011 39.7216 18.2042
internal_count=3174 1458 1043 172 871 415 1716 508 467 304 1208 974 234 111
is_linear=0
shrinkage=0.03


Tree=286
num_leaves=7
num_cat=0
split_feature=51 46 53 149 57 147
split_gain=2.61965 7.16065 5.31546 3.21156 13.144 8.04515
threshold=45.000000000000007 79.436507936507951 2.3203220037961683 27.500000000000004 2.6397263933044774 -5.6237358069817773
decision_type=2 2 2 2 2 2
left_child=1 -1 3 5 -5 -2
right_child=2 -3 -4 4 -6 -7
leaf_value=0.031745751717550175 -0.013169037464034866 -0.014676931283878682 -0.028082614469002766 -0.006507629667977236 0.012542981908350626 0.00015000938134665713
leaf_weight=7.6282173395156843 45.671018213033676 4.9186626076698303 6.1359656974673262 58.628117941319942 73.406326036900282 383.95500906929374
leaf_count=44 270 33 47 349 384 2047
internal_value=-1.20337e-05 0.013547 -0.000311655 -8.26541e-06 0.00408381 -0.00126586
internal_weight=580.343 12.5469 567.796 561.66 132.034 429.626
internal_count=3174 77 3097 3050 733 2317
is_linear=0
shrinkage=0.03


Tree=287
num_leaves=11
num_cat=0
split_feature=84 1 131 150 72 145 93 14 141 141
split_gain=2.58663 4.6918 3.22967 5.82146 5.4562 4.9799 8.08086 6.91896 3.04442 2.60947
threshold=0.43493463145810851 70.941535897791994 0.15177856596674935 0.15290771378596532 1.1711043719061638 1.3373972319100036 1.2998726448226405 4.1401793955705655 883.00000000000011 622.00000000000011
decision_type=2 2 2 2 2 2 2 2 2 2
left_child=1 -1 3 9 -5 6 -4 -7 -3 -2
right_child=2 8 5 4 -6 7 -8 -9 -10 -11
leaf_value=0.012563399058261813 -0.0049435627957932823 -0.035335905968967622 -0.00019452889789425918 0.021627649695798983 0.0027332822366883986 -0.0086602672770299642 0.025901401955894656 0.00099033809564454101 -0.003140796043413681 -0.036232705474897736
leaf_weight=4.8906960338354102 5.026027284562586 6.7402956672012788 41.240055561065674 14.704310324043034 213.11171243712306 120.14275527372956 14.411648020148276 150.76303768157959 4.3490556068718433 4.5893223360180855
leaf_count=31 31 44 239 81 1133 658 72 819 29 37
internal_value=-1.1912e-05 -0.0119142 0.000325328 0.00298774 0.00395281 -0.00161044 0.00656331 -0.00328956 -0.0227095 -0.0198776
internal_weight=579.969 15.98 563.989 237.431 227.816 326.557 55.6517 270.906 11.0894 9.61535
internal_count=3174 104 3070 1282 1214 1788 311 1477 73 68
is_linear=0
shrinkage=0.03


Tree=288
num_leaves=9
num_cat=0
split_feature=101 121 55 108 64 36 64 22
split_gain=2.57338 3.43806 11.3398 9.05295 5.84338 10.0831 7.22435 4.93175
threshold=0.011020547353783803 0.70648018648018651 0.086909683362323825 1.0000000180025095e-35 0.22362006821979483 225.70000000000002 0.30373119491019956 3.4047864113258712
decision_type=2 2 2 2 2 2 2 2
left_child=-1 4 7 -4 5 -2 -6 -3
right_child=1 2 3 -5 6 -7 -8 -9
leaf_value=0.015068685064302281 -0.0073454306614566126 -0.01081019394213557 -0.02052592803801739 0.0028377988931594742 -0.016985157196785172 0.031304781655630623 0.0014885612501431456 -0.033513002304922261
leaf_weight=10.007991559803484 10.320792291313412 30.993975741788745 16.736597370356321 137.98546928912401 20.231831684708595 14.766234174370764 326.60073189437389 11.924915812909601
leaf_count=51 54 180 96 747 119 72 1786 69
internal_value=-1.18625e-05 -0.000276849 -0.00347423 0.000310498 0.00142226 0.0154041 0.000410931 -0.0171181
internal_weight=579.569 569.561 197.641 154.722 371.92 25.087 346.833 42.9189
internal_count=3174 3123 1092 843 2031 126 1905 249
is_linear=0
shrinkage=0.03


Tree=289
num_leaves=13
num_cat=0
split_feature=88 62 24 128 150 109 41 59 72 58 2 57
split_gain=2.56357 6.76104 6.97785 6.97752 5.38441 5.28743 4.49725 5.06487 6.86413 5.45489 2.32051 0.192093
threshold=832.00000000000011 0.48492608921161834 -1.0475627295791403 0.81062984527114434 0.67931833337165737 0.086260723052057856 5.8375149025171957 7.1538516322344945 3.3059628429082895 7.8003266356419765 86.327928312353336 3.3253231455154308
decision_type=2 2 2 2 2 2 2 2 2 2 2 2
left_child=6 2 11 4 -3 -4 7 9 -9 -1 -5 -2
right_child=1 3 5 10 -6 -7 -8 8 -10 -11 -12 -13
leaf_value=-0.00014345452999194429 -0.030268129870165618 0.027335500312967779 0.015088715762614618 -0.029162994395542624 -0.0033530616596085137 -0.014749713552444896 -0.0214922483754049 0.027100531005810252 -0.0086391781138195692 0.017868868859862139 -0.0030423984986012124 -0.038401483131655118
leaf_weight=463.22756152972579 4.6456825286149961 12.552050698548557 7.5875360555946854 5.0190700404345971 8.720199912786482 18.082800582051277 8.0657180994749051 14.561211891472341 7.2417662888765326 15.64273142069578 7.8460006713867188 5.9743388891220093
leaf_count=2538 36 66 39 31 49 105 43 71 38 79 41 38
internal_value=-1.18533e-05 -0.00537621 -0.0143914 0.00420758 0.0147552 -0.00593019 0.000730766 0.00108877 0.0152297 0.000444934 -0.0132329 -0.0348436
internal_weight=579.167 70.4277 36.2904 34.1373 21.2723 25.6703 508.739 500.673 21.803 478.87 12.8651 10.62
internal_count=3174 405 218 187 115 144 2769 2726 109 2617 72 74
is_linear=0
shrinkage=0.03


Tree=290
num_leaves=7
num_cat=0
split_feature=51 46 53 62 90 98
split_gain=2.54385 6.75895 5.07406 3.10147 13.3775 7.18333
threshold=45.000000000000007 79.436507936507951 2.3203220037961683 0.37730250611384092 -0.25118506162871174 1.542921157408651
decision_type=2 2 2 2 2 2
left_child=1 -1 3 5 -5 -2
right_child=2 -3 -4 4 -6 -7
leaf_value=0.031081858682795047 -0.00095923082553480365 -0.014241921023719748 -0.027704379980390846 -0.02757429844140085 -0.00031814228703001943 0.011966316463058757
leaf_weight=7.5921144578605873 117.52873687446117 4.8547439575195312 6.0191142261028281 16.952637583017349 368.21689419820905 57.691210649907589
leaf_count=44 626 33 47 109 2031 284
internal_value=-1.1934e-05 0.0134039 -0.000306747 -1.24705e-05 -0.00151778 0.00329651
internal_weight=578.855 12.4469 566.409 560.389 385.17 175.22
internal_count=3174 77 3097 3050 2140 910
is_linear=0
shrinkage=0.03


Tree=291
num_leaves=13
num_cat=0
split_feature=135 84 121 49 53 1 99 24 54 122 90 57
split_gain=2.52763 5.53568 10.1627 5.10171 7.34333 7.0796 4.45068 6.74559 7.45103 4.47273 4.46186 3.53829
threshold=645.50000000000011 0.58460184876160637 0.58168229166666674 59400.000000000007 0.13547351461176979 83.134286904596607 0.11844392349012954 -3.4208286506016834 0.16859435966208644 0.085638725568137022 -0.25118506162871174 2.0314194578588514
decision_type=2 2 2 2 2 2 2 2 2 2 2 2
left_child=6 2 -2 4 -3 -5 7 -1 -9 10 -8 -4
right_child=1 3 11 5 -6 -7 9 8 -10 -11 -12 -13
leaf_value=0.034707996041571466 0.032329920806060425 -0.026451959004781738 -0.030063552554958954 -0.010266315031695259 -0.0050382671376554269 0.014453330801507026 -0.012405702323611397 -0.013305580810161997 0.012692406264183498 -0.02532080825396878 0.0011724104731558769 0.005529925837686178
leaf_weight=7.9098304957151404 9.9824289828538912 20.197381071746349 4.5192156396806222 20.902583122253418 50.325262289494276 20.806320279836655 23.17547519505024 14.283960290253161 32.486383702605963 6.2042632848024359 362.0154060125351 5.6638122238218784
leaf_count=37 54 126 30 125 275 114 134 74 167 40 1965 33
internal_value=-1.18629e-05 -0.00365187 0.0108199 -0.00625211 -0.0111711 0.00206498 0.00106851 0.00908571 0.00475246 -5.15447e-05 0.000355467 -0.0102664
internal_weight=578.472 132.397 20.1655 112.232 70.5226 41.7089 446.075 54.6802 46.7703 391.395 385.191 10.183
internal_count=3174 757 117 640 401 239 2417 278 241 2139 2099 63
is_linear=0
shrinkage=0.03


Tree=292
num_leaves=7
num_cat=0
split_feature=113 14 108 57 124 56
split_gain=2.53787 4.45164 3.99156 11.3346 5.08846 3.15617
threshold=0.54631053177650912 1.7452942774543281 0.40598915895341575 1.2364664577279607 0.067442747104941858 0.26454936823543623
decision_type=2 2 2 2 2 2
left_child=5 -2 4 -4 -3 -1
right_child=1 2 3 -5 -6 -7
leaf_value=-0.03051710309902891 0.018845999135959253 0.011814856161699827 0.014493510300069444 -0.0090202268358493872 0.00025345292332551331 0.0012086884591761672
leaf_weight=5.4496654123067838 11.376112032681702 37.540557462722063 22.468161873519421 103.17561769485474 392.2577266972512 5.8533005192875862
leaf_count=46 59 197 115 581 2143 33
internal_value=-1.19504e-05 0.000268736 -0.000111748 -0.0048154 0.00126328 -0.0140877
internal_weight=578.121 566.818 555.442 125.644 429.798 11.303
internal_count=3174 3095 3036 696 2340 79
is_linear=0
shrinkage=0.03


Tree=293
num_leaves=12
num_cat=0
split_feature=105 102 93 89 121 48 65 97 23 48 102
split_gain=2.53447 7.97661 4.31114 3.6003 12.8558 11.2471 10.1728 6.72689 9.6021 6.08937 1.50086
threshold=0.027000750302198857 0.005681255594717426 1.2291679093782679 6659.0000000000009 0.54043762242376581 1.1143296753766065 4.5460659423004879 4.6182327598517139 -2.4837558065895009 1.0377040687240662 0.011983840194925965
decision_type=2 2 2 2 2 2 2 2 2 2 2
left_child=1 2 -1 7 5 -5 -6 9 -9 -2 -3
right_child=3 10 -4 4 6 -7 -8 8 -10 -11 -12
leaf_value=0.020516407438842296 -0.0020158145991390152 -0.036144472603100553 -0.013664970047587101 0.016731722467325533 -0.025871229436622196 -0.018664134132072862 0.015781976991134899 0.010865747991934457 -0.019784886594156424 0.0057822484796238955 -0.01386207291855125
leaf_weight=7.9341886118054408 276.15065553598106 7.1547949835658056 5.7114547118544579 62.19715204462409 17.045417871326212 9.2855727002024633 7.6432330682873717 12.608226776123045 34.017241314053535 133.78649745881557 4.3897065073251724
leaf_count=40 1521 56 34 343 105 54 39 66 191 699 26
internal_value=-1.18286e-05 -0.00931803 0.00620961 0.00041229 0.00568774 0.0121338 -0.012976 -0.000698943 -0.0114965 0.00052915 -0.0276718
internal_weight=577.924 25.1901 13.6456 552.734 96.1714 71.4827 24.6887 456.563 46.6255 409.937 11.5445
internal_count=3174 156 74 3018 541 397 144 2477 257 2220 82
is_linear=0
shrinkage=0.03


Tree=294
num_leaves=8
num_cat=0
split_feature=36 44 55 107 111 83 16
split_gain=2.5211 3.06592 7.38437 4.47222 3.8816 5.72131 4.96966
threshold=392.81666666666672 4.5146419721238908 0.033026039456740035 0.055193645743959609 4.2203926551535496 4.6671695697091335 2.9891970867309916
decision_type=2 2 2 2 2 2 2
left_child=1 4 -3 -4 6 -6 -1
right_child=-2 2 3 -5 5 -7 -8
leaf_value=-7.2925756709713469e-05 -0.01774404546228393 -0.020859059430471869 -0.0092328226690191698 0.01820745146310113 -0.028454620195046253 -0.003552909546738231 0.01353829718558139
leaf_weight=415.59416938945651 7.1272993423044673 6.7675651237368575 6.5163413658738127 29.750784687697887 9.3116272725164873 76.726265702396631 25.631012707948685
leaf_count=2304 52 40 32 154 62 404 126
internal_value=-1.20846e-05 0.000209521 0.00790889 0.0132771 -0.000418894 -0.00624795 0.000717758
internal_weight=577.425 570.298 43.0347 36.2671 527.263 86.0379 441.225
internal_count=3174 3122 226 186 2896 466 2430
is_linear=0
shrinkage=0.03


Tree=295
num_leaves=10
num_cat=0
split_feature=103 54 123 27 54 25 121 97 100
split_gain=2.48937 3.34125 7.17503 9.00862 5.30734 12.6746 6.20308 3.49617 2.32069
threshold=0.74588141097576166 0.79405427701774534 0.42200461249836507 1.5138906272194861 0.65469444055381631 -0.96872906708710194 0.15579093038109434 2.5290824515114836 0.4630178342242916
decision_type=2 2 2 2 2 2 2 2 2
left_child=1 4 3 -3 6 -6 -1 -4 -2
right_child=8 2 7 -5 5 -7 -8 -9 -10
leaf_value=-0.014186837584941703 0.027790174906713108 0.0059267759584495329 -0.038870600599348847 -0.01897145683761952 0.021933559988547173 -0.01172779111052551 0.00055180444331723397 -0.010717253639865698 0.00058263478433767321
leaf_weight=27.396789610385895 5.5413321368396264 44.081368055194616 7.5201656483113757 18.595990646630526 29.565564215183258 15.265215083956717 414.98276883922517 8.4088379889726621 5.7484894767403603
leaf_count=167 30 257 44 128 151 89 2232 46 30
internal_value=-1.1879e-05 -0.000290199 -0.00602961 -0.00146038 0.000635796 0.0104716 -0.000360967 -0.0240086 0.0139368
internal_weight=577.107 565.817 78.6064 62.6774 487.21 44.8308 442.38 15.929 11.2898
internal_count=3174 3114 475 385 2639 240 2399 90 60
is_linear=0
shrinkage=0.03


Tree=296
num_leaves=10
num_cat=0
split_feature=81 57 143 115 92 57 10 64 98
split_gain=2.52209 6.48339 6.06691 5.99902 9.23576 4.79646 4.71599 4.69027 2.94281
threshold=0.065609979158953391 12.37661318303425 1.7453015901790334 3.5000000000000004 1.5971433390368286 0.88152033076168479 9.1754393474536311 0.5047439466044118 0.53180869879668069
decision_type=2 2 2 2 2 2 2 2 2
left_child=1 6 8 4 -4 -5 7 -1 -2
right_child=2 -3 3 5 -6 -7 -8 -9 -10
leaf_value=0.006591289092434705 -0.03999635087365886 0.034566049351906936 -0.015713763798429259 0.0083631881542908706 0.016790197384550311 -0.0042574131307291921 -0.024846790542017053 -0.0016607431708042322 -0.0082577880749614713
leaf_weight=114.12779272533953 5.2892390564084035 5.4433860760182133 10.262310810387133 30.717785038053989 33.716008175164461 230.25445393845439 5.9811229333281508 135.69159537181258 5.2280656360089779
leaf_count=611 32 30 67 161 176 1268 42 755 32
internal_value=-1.18401e-05 0.00216826 -0.00181722 -0.0010446 0.00920542 -0.0027719 0.00147884 0.00210913 -0.0242194
internal_weight=576.712 261.244 315.468 304.951 43.9783 260.972 255.801 249.819 10.5173
internal_count=3174 1438 1736 1672 243 1429 1408 1366 64
is_linear=0
shrinkage=0.03


Tree=297
num_leaves=9
num_cat=0
split_feature=101 121 55 108 134 62 22 83
split_gain=2.45709 3.1738 10.6231 8.4891 5.38775 6.02138 4.73807 2.37929
threshold=0.011020547353783803 0.70648018648018651 0.086909683362323825 1.0000000180025095e-35 932.50000000000011 0.37730250611384092 3.4047864113258712 4.0628527473616689
decision_type=2 2 2 2 2 2 2 2
left_child=-1 4 6 -4 7 -6 -3 -2
right_child=1 2 3 -5 5 -7 -8 -9
leaf_value=0.014735806239487836 -0.0052301200125632564 -0.01047895154843601 -0.019999843689351468 0.0027509901016908194 0.0079178319476238129 -0.00056129927076577061 -0.032946478418085706 -0.034470478901268857
leaf_weight=9.9913405999541265 4.851146597415207 30.710255514830351 16.538161162286997 137.34675544127822 107.39603394642472 252.81835318729281 11.653056055307387 5.1775542050600052
leaf_count=51 28 180 96 747 560 1411 69 32
internal_value=-1.18597e-05 -0.000271968 -0.00335626 0.000305936 0.00136287 0.00196671 -0.0166592 -0.0203261
internal_weight=576.483 566.491 196.248 153.885 370.243 360.214 42.3633 10.0287
internal_count=3174 3123 1092 843 2031 1971 249 60
is_linear=0
shrinkage=0.03


Tree=298
num_leaves=7
num_cat=0
split_feature=51 71 53 54 28 54
split_gain=2.46339 5.8425 4.85132 2.99819 9.07713 6.0376
threshold=45.000000000000007 0.98785825299907448 2.3203220037961683 0.036604928100504107 1.2134213329613723 0.055778577418514254
decision_type=2 2 2 2 2 2
left_child=1 -1 3 4 -2 -5
right_child=2 -3 -4 5 -6 -7
leaf_value=-0.0085576971401648688 -0.017841170615225058 0.03276856747857524 -0.027369888752201605 -0.017515594141006896 0.010727742900608982 -0.00018098809552862135
leaf_weight=5.8370229788124544 12.100942976772783 6.5156845320016146 5.8970717601478091 18.808414287865162 57.907345980405807 469.08348582312465
leaf_count=41 67 36 47 109 294 2580
internal_value=-1.19118e-05 0.0132407 -0.000302274 -1.61659e-05 0.0057896 -0.000849244
internal_weight=576.15 12.3527 563.797 557.9 70.0083 487.892
internal_count=3174 77 3097 3050 361 2689
is_linear=0
shrinkage=0.03


Tree=299
num_leaves=8
num_cat=0
split_feature=4 4 106 119 97 118 135
split_gain=2.4599 3.36682 12.1563 9.7014 7.41464 6.72182 4.44038
threshold=12.040860236512403 20.680797571844789 0.97747541199684285 0.45993200582807192 1.6652496133461641 0.031592752186207648 669.50000000000011
decision_type=2 2 2 2 2 2 2
left_child=-1 2 3 -2 -4 -3 -7
right_child=1 5 4 -5 -6 6 -8
leaf_value=0.02056664727778847 0.011218956885819283 -0.033356430793908987 0.043101604002877547 -0.018337834385632537 -0.00028796359187018217 0.0024368663648791835 -0.0048231327383777929
leaf_weight=5.1809700876474372 12.670850381255148 5.1635576635599127 6.2718080654740325 47.31835351139307 8.1513579562306386 397.40211171656847 93.697860507294536
leaf_count=26 74 32 29 288 48 2134 543
internal_value=-1.17542e-05 -0.000198578 -0.00614931 -0.0120949 0.0185797 0.000693706 0.00105172
internal_weight=575.857 570.676 74.4124 59.9892 14.4232 496.264 491.1
internal_count=3174 3148 439 362 77 2709 2677
is_linear=0
shrinkage=0.03


end of trees

feature_importances:
minutes_from_rth_open=107
prior_regime_max_mae_atr__tf_1h=89
prior_regime_max_mae_atr__tf_1m=69
regime_expansion_rate_atr_min__tf_1h=69
prior_regime_range_overlap_ratio__tf_1m=64
prior_regime_max_mae_atr__tf_30s=59
regime_max_mae_atr__tf_1h=51
prior_regime_max_mae_atr__tf_5m=50
session_new_low_count=50
regime_time_since_mfe_sec__tf_1h=45
prior_regime_max_mfe_atr__tf_1m=44
prior_regime_max_mfe_atr__tf_1h=43
regime_expansion_rate_atr_min__tf_5m=42
regime_progress_efficiency__tf_1h=42
prior_regime_max_mfe_atr__tf_5m=41
prior_regime_total_range_atr__tf_1m=41
realized_range_15m_atr=41
regime_max_mae_atr__tf_1m=40
context_level_span_atr=37
regime_distance_from_mfe_atr__tf_1h=37
current_regime_start_from_prior_mae_atr__tf_30s=36
previous_pullbacks_max_depth_atr=36
regime_distance_from_mfe_atr__tf_5m=36
regime_max_mae_atr__tf_30s=36
session_position_in_range=36
current_regime_start_from_prior_mae_atr__tf_1m=35
current_regime_start_from_prior_mfe_atr__tf_1m=35
current_regime_start_from_prior_mfe_atr__tf_5m=35
prior_regime_total_range_atr__tf_5m=34
regime_time_since_mae_sec__tf_1m=34
atr_percentile_session=33
current_price_from_prior_mae_atr__tf_1h=33
previous_pullbacks_avg_duration_sec=33
pullback_depth_vs_max_mfe_ratio=33
prior_regime_range_overlap_ratio__tf_5m=32
prior_regime_duration_sec__tf_5m=31
prior_regime_total_range_atr__tf_30s=30
regime_distance_from_mfe_atr__tf_30s=30
regime_current_displacement_atr__tf_1h=29
prior_regime_range_overlap_ratio__tf_30s=28
regime_max_mfe_atr__tf_5m=28
atr_change_rate=27
prior_regime_duration_sec__tf_1h=27
atr_ratio_short_long=26
regime_progress_efficiency__tf_5m=24
session_new_high_count=24
atr_percentile_20d=23
prior_regime_range_overlap_ratio__tf_1h=23
regime_max_mfe_atr__tf_1h=23
regime_total_range_atr__tf_5m=23
realized_range_1m_atr=22
session_displacement_from_open_atr=22
nearest_context_level_below_atr=21
prior_regime_range_reclaim_ratio__tf_5m=21
current_regime_start_from_prior_mae_atr__tf_1h=20
current_regime_start_from_prior_mfe_atr__tf_1h=20
regime_max_mae_atr__tf_5m=20
regime_expansion_rate_atr_min__tf_1m=19
prior_regime_duration_sec__tf_1m=18
prior_regime_range_reclaim_ratio__tf_30s=18
regime_recent_expansion_rate_60s_atr_min__tf_1m=18
regime_time_since_mae_sec__tf_1h=18
regime_total_range_atr__tf_1h=18
current_max_mfe_from_prior_regime_mae_atr__tf_1h=17
regime_age_sec__tf_30s=17
regime_age_sec__tf_5m=17
current_regime_start_from_prior_mfe_atr__tf_30s=16
prior_regime_max_mfe_atr__tf_30s=16
pullback_efficiency=16
pullback_velocity_vs_expansion_velocity_ratio=16
current_regime_start_from_prior_mae_atr__tf_5m=15
failed_new_extreme_attempt_count__tf_1h=15
prior_regime_range_reclaim_ratio__tf_1h=15
prior_regime_range_reclaim_ratio__tf_1m=15
regime_current_displacement_atr__tf_5m=15
current_max_mfe_from_prior_regime_mae_atr__tf_5m=14
current_price_from_prior_mfe_atr__tf_5m=14
regime_expansion_rate_atr_min__tf_30s=14
regime_progress_efficiency__tf_1m=14
nearest_context_level_above_atr=13
prior_regime_duration_sec__tf_30s=13
regime_age_sec__tf_1m=13
regime_recent_expansion_rate_180s_atr_min__tf_1m=13
regime_recent_expansion_rate_30s_atr_min__tf_30s=13
current_max_mfe_from_prior_regime_mfe_atr__tf_5m=12
mtf_prior_range_reclaim_mean=12
regime_distance_from_mfe_atr__tf_1m=12
regime_recent_expansion_rate_180s_atr_min__tf_1h=12
prior_regime_total_range_atr__tf_1h=11
regime_distance_from_mae_atr__tf_5m=11
pullback_duration_vs_regime_age_ratio=10
regime_current_displacement_atr__tf_1m=10
regime_time_since_mae_sec__tf_5m=10
session_current_range_atr=10
current_max_mfe_from_prior_regime_mfe_atr__tf_30s=9
current_price_from_prior_mae_atr__tf_1m=9
failed_new_extreme_attempt_count__tf_30s=9
regime_age_sec__tf_1h=9
regime_distance_from_mae_atr__tf_1h=9
regime_time_since_mfe_sec__tf_5m=9
regime_total_range_atr__tf_1m=8
mtf_current_regime_mfe_mean_atr=7
pullback_rebound_from_deepest_point_atr=7
regime_max_mfe_atr__tf_30s=7
regime_time_since_mae_sec__tf_30s=7
current_price_from_prior_mfe_atr__tf_1h=6
previous_max_depth_ratio=6
realized_range_5m_atr=6
regime_recent_expansion_rate_180s_atr_min__tf_30s=6
time_near_regime_extreme_300s_ratio__tf_30s=6
current_max_mfe_from_prior_regime_mae_atr__tf_30s=5
current_max_mfe_from_prior_regime_mfe_atr__tf_1h=5
current_price_from_prior_mae_atr__tf_30s=5
current_price_from_prior_mfe_atr__tf_30s=5
regime_max_mfe_atr__tf_1m=5
regime_new_extreme_count__tf_1h=5
regime_new_extreme_count__tf_1m=5
current_price_from_prior_mae_atr__tf_5m=4
failed_new_extreme_attempt_count__tf_1m=4
nearest_level_against_trade_direction_atr=4
nearest_level_in_trade_direction_atr=4
previous_pullbacks_count=4
regime_progress_efficiency__tf_30s=4
regime_recent_expansion_rate_60s_atr_min__tf_30s=4
regime_total_range_atr__tf_30s=4
pullback_close_location_ratio=3
pullback_depth_atr=3
regime_new_extreme_count__tf_5m=3
regime_recent_expansion_rate_180s_atr_min__tf_5m=3
regime_time_since_mfe_sec__tf_1m=3
context_levels_above_count=2
current_max_mfe_from_prior_regime_mfe_atr__tf_1m=2
mtf_regime_direction_agreement_count=2
pullback_duration_sec=2
regime_distance_from_mae_atr__tf_1m=2
regime_new_extreme_count__tf_30s=2
regime_recent_expansion_rate_60s_atr_min__tf_5m=2
regime_time_since_mfe_sec__tf_30s=2
time_near_regime_extreme_180s_ratio__tf_30s=2
context_levels_below_count=1
current_max_mfe_from_prior_regime_mae_atr__tf_1m=1
current_price_from_prior_mfe_atr__tf_1m=1
failed_new_extreme_attempt_count__tf_5m=1
pullback_counter_bar_ratio=1
pullback_longest_counter_run_bars=1
regime_current_displacement_atr__tf_30s=1

parameters:
[boosting: gbdt]
[objective: binary]
[metric: binary_logloss]
[tree_learner: serial]
[device_type: cpu]
[data_sample_strategy: bagging]
[data: ]
[valid: ]
[num_iterations: 300]
[learning_rate: 0.03]
[num_leaves: 15]
[num_threads: 20]
[seed: 42]
[deterministic: 0]
[force_col_wise: 0]
[force_row_wise: 0]
[histogram_pool_size: -1]
[max_depth: 4]
[min_data_in_leaf: 30]
[min_sum_hessian_in_leaf: 0.001]
[bagging_fraction: 0.8]
[pos_bagging_fraction: 1]
[neg_bagging_fraction: 1]
[bagging_freq: 0]
[bagging_seed: 400]
[bagging_by_query: 0]
[feature_fraction: 0.8]
[feature_fraction_bynode: 1]
[feature_fraction_seed: 30056]
[extra_trees: 0]
[extra_seed: 12879]
[early_stopping_round: 0]
[early_stopping_min_delta: 0]
[first_metric_only: 0]
[max_delta_step: 0]
[lambda_l1: 0]
[lambda_l2: 0]
[linear_lambda: 0]
[min_gain_to_split: 0]
[drop_rate: 0.1]
[max_drop: 50]
[skip_drop: 0.5]
[xgboost_dart_mode: 0]
[uniform_drop: 0]
[drop_seed: 17869]
[top_rate: 0.2]
[other_rate: 0.1]
[min_data_per_group: 100]
[max_cat_threshold: 32]
[cat_l2: 10]
[cat_smooth: 10]
[max_cat_to_onehot: 4]
[top_k: 20]
[monotone_constraints: ]
[monotone_constraints_method: basic]
[monotone_penalty: 0]
[feature_contri: ]
[forcedsplits_filename: ]
[refit_decay_rate: 0.9]
[cegb_tradeoff: 1]
[cegb_penalty_split: 0]
[cegb_penalty_feature_lazy: ]
[cegb_penalty_feature_coupled: ]
[path_smooth: 0]
[interaction_constraints: ]
[verbosity: -1]
[saved_feature_importance_type: 0]
[use_quantized_grad: 0]
[num_grad_quant_bins: 4]
[quant_train_renew_leaf: 0]
[stochastic_rounding: 1]
[linear_tree: 0]
[max_bin: 255]
[max_bin_by_feature: ]
[min_data_in_bin: 3]
[bin_construct_sample_cnt: 200000]
[data_random_seed: 175]
[is_enable_sparse: 1]
[enable_bundle: 1]
[use_missing: 1]
[zero_as_missing: 0]
[feature_pre_filter: 1]
[pre_partition: 0]
[two_round: 0]
[header: 0]
[label_column: ]
[weight_column: ]
[group_column: ]
[ignore_column: ]
[categorical_feature: ]
[forcedbins_filename: ]
[precise_float_parser: 0]
[parser_config_file: ]
[objective_seed: 16083]
[num_class: 1]
[is_unbalance: 0]
[scale_pos_weight: 1]
[sigmoid: 1]
[boost_from_average: 1]
[reg_sqrt: 0]
[alpha: 0.9]
[fair_c: 1]
[poisson_max_delta_step: 0.7]
[tweedie_variance_power: 1.5]
[lambdarank_truncation_level: 30]
[lambdarank_norm: 1]
[label_gain: ]
[lambdarank_position_bias_regularization: 0]
[eval_at: ]
[multi_error_top_k: 1]
[auc_mu_weights: ]
[num_machines: 1]
[local_listen_port: 12400]
[time_out: 120]
[machine_list_filename: ]
[machines: ]
[gpu_platform_id: -1]
[gpu_device_id: -1]
[gpu_use_dp: 0]
[num_gpu: 1]

end of parameters

pandas_categorical:[]
