tree
version=v4
num_class=1
num_tree_per_iteration=1
label_index=0
max_feature_idx=162
objective=binary sigmoid:1
feature_names=atr_change_rate atr_percentile_20d atr_percentile_session atr_ratio_short_long context_level_span_atr context_levels_above_count context_levels_below_count current_max_mfe_from_prior_regime_mae_atr__tf_1h current_max_mfe_from_prior_regime_mae_atr__tf_1m current_max_mfe_from_prior_regime_mae_atr__tf_30s current_max_mfe_from_prior_regime_mae_atr__tf_5m current_max_mfe_from_prior_regime_mfe_atr__tf_1h current_max_mfe_from_prior_regime_mfe_atr__tf_1m current_max_mfe_from_prior_regime_mfe_atr__tf_30s current_max_mfe_from_prior_regime_mfe_atr__tf_5m current_price_from_prior_mae_atr__tf_1h current_price_from_prior_mae_atr__tf_1m current_price_from_prior_mae_atr__tf_30s current_price_from_prior_mae_atr__tf_5m current_price_from_prior_mfe_atr__tf_1h current_price_from_prior_mfe_atr__tf_1m current_price_from_prior_mfe_atr__tf_30s current_price_from_prior_mfe_atr__tf_5m current_regime_start_from_prior_mae_atr__tf_1h current_regime_start_from_prior_mae_atr__tf_1m current_regime_start_from_prior_mae_atr__tf_30s current_regime_start_from_prior_mae_atr__tf_5m current_regime_start_from_prior_mfe_atr__tf_1h current_regime_start_from_prior_mfe_atr__tf_1m current_regime_start_from_prior_mfe_atr__tf_30s current_regime_start_from_prior_mfe_atr__tf_5m failed_new_extreme_attempt_count__tf_1h failed_new_extreme_attempt_count__tf_1m failed_new_extreme_attempt_count__tf_30s failed_new_extreme_attempt_count__tf_5m has_previous_pullbacks minutes_from_rth_open mtf_current_regime_mfe_mean_atr mtf_prior_mfe_displacement_count mtf_prior_range_reclaim_mean mtf_regime_direction_agreement_count nearest_context_level_above_atr nearest_context_level_below_atr nearest_level_against_trade_direction_atr nearest_level_in_trade_direction_atr previous_max_depth_ratio previous_pullbacks_avg_duration_sec previous_pullbacks_count previous_pullbacks_max_depth_atr prior_regime_duration_sec__tf_1h prior_regime_duration_sec__tf_1m prior_regime_duration_sec__tf_30s prior_regime_duration_sec__tf_5m prior_regime_max_mae_atr__tf_1h prior_regime_max_mae_atr__tf_1m prior_regime_max_mae_atr__tf_30s prior_regime_max_mae_atr__tf_5m prior_regime_max_mfe_atr__tf_1h prior_regime_max_mfe_atr__tf_1m prior_regime_max_mfe_atr__tf_30s prior_regime_max_mfe_atr__tf_5m prior_regime_range_overlap_ratio__tf_1h prior_regime_range_overlap_ratio__tf_1m prior_regime_range_overlap_ratio__tf_30s prior_regime_range_overlap_ratio__tf_5m prior_regime_range_reclaim_ratio__tf_1h prior_regime_range_reclaim_ratio__tf_1m prior_regime_range_reclaim_ratio__tf_30s prior_regime_range_reclaim_ratio__tf_5m prior_regime_total_range_atr__tf_1h prior_regime_total_range_atr__tf_1m prior_regime_total_range_atr__tf_30s prior_regime_total_range_atr__tf_5m pullback_close_location_ratio pullback_counter_bar_ratio pullback_depth_atr pullback_depth_vs_max_mfe_ratio pullback_duration_sec pullback_duration_vs_regime_age_ratio pullback_efficiency pullback_longest_counter_run_bars pullback_rebound_from_deepest_point_atr pullback_velocity_vs_expansion_velocity_ratio realized_range_15m_atr realized_range_1m_atr realized_range_5m_atr regime_age_sec__tf_1h regime_age_sec__tf_1m regime_age_sec__tf_30s regime_age_sec__tf_5m regime_current_displacement_atr__tf_1h regime_current_displacement_atr__tf_1m regime_current_displacement_atr__tf_30s regime_current_displacement_atr__tf_5m regime_distance_from_mae_atr__tf_1h regime_distance_from_mae_atr__tf_1m regime_distance_from_mae_atr__tf_30s regime_distance_from_mae_atr__tf_5m regime_distance_from_mfe_atr__tf_1h regime_distance_from_mfe_atr__tf_1m regime_distance_from_mfe_atr__tf_30s regime_distance_from_mfe_atr__tf_5m regime_expansion_rate_atr_min__tf_1h regime_expansion_rate_atr_min__tf_1m regime_expansion_rate_atr_min__tf_30s regime_expansion_rate_atr_min__tf_5m regime_max_mae_atr__tf_1h regime_max_mae_atr__tf_1m regime_max_mae_atr__tf_30s regime_max_mae_atr__tf_5m regime_max_mfe_atr__tf_1h regime_max_mfe_atr__tf_1m regime_max_mfe_atr__tf_30s regime_max_mfe_atr__tf_5m regime_new_extreme_count__tf_1h regime_new_extreme_count__tf_1m regime_new_extreme_count__tf_30s regime_new_extreme_count__tf_5m regime_progress_efficiency__tf_1h regime_progress_efficiency__tf_1m regime_progress_efficiency__tf_30s regime_progress_efficiency__tf_5m regime_recent_expansion_rate_180s_atr_min__tf_1h regime_recent_expansion_rate_180s_atr_min__tf_1m regime_recent_expansion_rate_180s_atr_min__tf_30s regime_recent_expansion_rate_180s_atr_min__tf_5m regime_recent_expansion_rate_30s_atr_min__tf_1h regime_recent_expansion_rate_30s_atr_min__tf_1m regime_recent_expansion_rate_30s_atr_min__tf_30s regime_recent_expansion_rate_30s_atr_min__tf_5m regime_recent_expansion_rate_60s_atr_min__tf_1h regime_recent_expansion_rate_60s_atr_min__tf_1m regime_recent_expansion_rate_60s_atr_min__tf_30s regime_recent_expansion_rate_60s_atr_min__tf_5m regime_time_since_mae_sec__tf_1h regime_time_since_mae_sec__tf_1m regime_time_since_mae_sec__tf_30s regime_time_since_mae_sec__tf_5m regime_time_since_mfe_sec__tf_1h regime_time_since_mfe_sec__tf_1m regime_time_since_mfe_sec__tf_30s regime_time_since_mfe_sec__tf_5m regime_total_range_atr__tf_1h regime_total_range_atr__tf_1m regime_total_range_atr__tf_30s regime_total_range_atr__tf_5m session_current_range_atr session_displacement_from_open_atr session_new_high_count session_new_low_count session_position_in_range time_near_regime_extreme_180s_ratio__tf_1h time_near_regime_extreme_180s_ratio__tf_1m time_near_regime_extreme_180s_ratio__tf_30s time_near_regime_extreme_180s_ratio__tf_5m time_near_regime_extreme_300s_ratio__tf_1h time_near_regime_extreme_300s_ratio__tf_1m time_near_regime_extreme_300s_ratio__tf_30s time_near_regime_extreme_300s_ratio__tf_5m time_near_regime_extreme_60s_ratio__tf_1h time_near_regime_extreme_60s_ratio__tf_1m time_near_regime_extreme_60s_ratio__tf_30s time_near_regime_extreme_60s_ratio__tf_5m
feature_infos=[-0.39537671376427408:2.3884957043439652] [2.6107485071517842:100] [4.6017699115044248:100] [0.57368058407002942:3.1692650090493157] [8.0315418882726295:183.70670638426068] [0:11] [3:14] [-23.098373163649011:19.742569660217814] [-12.723470918331037:5.3024788028897767] [-16.658321686626003:8.407722183759617] [-22.117137165771396:28.323798814200352] [0:22.210888489831348] [1.2155210030973711:7.5369654256087149] [1.4355333257717471:10.949591681175315] [1.0629102693899026:29.86306512524407] [-25.097806479527904:17.580356388158744] [-13.289926815380021:5.0830530265161267] [-15.920002719905737:7.6256084922470952] [-23.340430150603886:27.696388019857743] [-2.422338458889961:21.632971010104427] [0.68344167192607075:8.9878555449375739] [-0.85139231163532203:11.068388979353729] [-1.3708757926416397:29.770989898753083] [-25.320525785497068:3.1225041322166258] [-14.270331252580187:0] [-19.080930796176876:0.071502986195254886] [-22.851112956670889:0] [0:7.27752959888827] [0.16477509935213058:5.2560030819793235] [0:4.8419034291256233] [-0.01507833644959878:6.5215814806890666] [0:5] [0:2] [0:5] [0:8] [0:1] [4.2333333333333485:424] [0.78545365633605391:10.661712808851966] [2:4] [0.31223744850022794:9.8762291063291343] [0:4] [0.010855398811495083:35.153634112489918] [0.010986444063236447:13.956651619661097] [0.010855398811495083:35.153634112489918] [0.010986444063236447:13.956651619661097] [0:22.166984047518135] [0:297] [0:16] [0:2.3306248684331239] [0:568800] [120:5280] [30:3810] [300:30000] [0:5.0433283072532165] [0:8.0116289747861487] [0:5.7575555060478427] [0:7.4211661717962114] [0:29.675625879177797] [0.10319711096570654:66.367706225139472] [0.11992299541028036:26.968419993277038] [0.20341233346815765:47.543830248592947] [0:1] [0.034883720930232558:1] [0:1] [0.0068965517241379309:1] [0:29.089887640449437] [0.16496598639455781:5.1948051948051948] [0.18785151856017998:7.5] [0.078178110129163828:30.703703703703702] [0:26.176938762665639] [0.92112295077197881:15.512176873033729] [0.59468835000675468:20.511423794197391] [0.3061244167354838:23.992853075847879] [0:1] [0:1] [0:3.2652796395291848] [0:21.770626879150658] [1:246] [0.0033557046979865771:1] [0:195.91677837175109] [0:10] [0:1.2413511066610154] [0:1065161.3110687563] [0.90702690917264417:32.624409271275304] [0.15836977779204897:9.6045893822097295] [0.59028735358854623:12.307764508477506] [0:565202] [0:300] [1:1497] [0:28470] [-3.9605593200248324:20.548576755454729] [-0.6929209231525556:7.356131770410216] [-1.5325061609435795:9.3883656521303944] [-2.5953031738091914:28.274287924445193] [0:21.201246713875932] [0:7.356131770410216] [0:9.7836652585358852] [0:28.531132326484059] [0:5.9074728631700779] [0:4.2036978166445351] [0:3.7873016643396418] [0:5.8281539005231116] [0:20.95767239207526] [0.10001465355406494:221.37602093144542] [0.12942249223276517:160.645052834784] [0.0084952332903884611:113.31017137552676] [0:4.0468146954155726] [0:2.4668211199873533] [0:2.8761311226897761] [0:2.6879322314577117] [0:20.39635410212481] [0.055559855103581163:6.2527338866083468] [0.32932925732274904:9.6460688619877786] [0.26730478425817733:28.906237936807671] [0:35] [1:6] [1:16] [1:44] [0:1] [0:1] [0:1] [0:1] [0:1.4130920569255692] [0:1.8799129795875418] [0:2.4517799107424372] [0:0.79807099032608209] [0:5.4971835684361761] [0:11.279477877525251] [0:8.6451021599377107] [0:4.7884259419564925] [0:4.2392761707767077] [0:5.6397389387626253] [0:6.8925865702659905] [0:2.3942129709782463] [0:522002] [0:300] [0:1497] [0:28470] [0:268325] [0:299] [0:931] [0:9925] [0:21.015728836563017] [0.40743893742626186:6.2527338866083468] [0.34842451937758523:10.232654130622171] [0.40799151281511281:29.165099769077592] [4.6888396948414206:95.4637786752523] [-65.468741894969867:91.127856472142312] [1:112] [1:92] [0.021164021164021163:1] [0:1] [0:1] [0:1] [0:1] [0:1] [0:1] [0:1] [0:1] [0:1] [0:1] [0:1] [0:1]
tree_sizes=1418 1740 1746 1740 1629 1307 1751 1749 1632 1528 1636 1747 1640 1537 1633 1536 1748 1630 1647 1750 1532 1757 1643 1752 1735 1432 1757 1751 1637 1750 1759 1528 1757 1207 1211 1631 1432 1104 1428 1437 1208 1207 1539 1209 1114 1746 903 1214 1422 1315 1743 1107 1108 1519 991 1101 1415 1317 1528 898 1101 1418 1424 1537 1223 1096 897 1414 1213 1748 1528 1534 1742 1634 1007 795 1219 1744 1640 1099 1753 1321 890 901 1316 1624 1107 1736 896 894 1319 1734 1540 1099 1314 1529 1642 998 1001 1425 1102 1107 1213 1642 893 899 1739 1745 1110 1424 1746 1097 890 1104 1104 1315 1747 990 1640 795 999 1111 789 1007 791 1104 889 1109 895 1752 1530 1317 1004 1000 897 1096 890 1414 1751 1205 1739 1537 1634 900 997 1522 1112 995 1639 1646 1109 1748 1638 894 1111 1208 1438 1218 1100 893 1520 896 995 896 900 1218 1420 1436 1748 1210 998 1652 892 1000 900 1212 1747 1747 1523 1422 1760 1421 891 1102 1754 889 1100 1430 1626 1206 1104 1647 901 1321 789 1098 1641 1428 1540 903 1325 1640 1005 1636 1627 788 1110 1652 892 1108 1008 1631 1743 1439 1627 1631 1322 1640 1534 1316 1316 1739 1420 889 1000 1637 1111 1417 1324 1425 1325 1319 1210 999 1313 1426 1323 1748 1311 1421 1124 1321 1641 1209 790 1306 996 1210 1319 1647 1104 991 1103 1748 1113 1525 1524 1531 1412 1750 1305 791 1746 1640 894 1750 1310 1422 1314 1098 1200 1315 902 906 893 1107 1419 1649 1208 1112 1214 1517 1638 998 1312 1107 1316 1211 1107 1410 1214 900 997 902 1629 1108 1003 1319 1746 996

Tree=0
num_leaves=12
num_cat=0
split_feature=96 42 84 25 4 121 36 54 99 0 105
split_gain=54.8555 21.6296 18.3734 15.8069 16.0084 22.5655 16.162 15.294 12.9064 9.38047 3.76603
threshold=2.8727576239767463 4.2044619557999416 0.64218079040920506 -0.35611644515307611 37.198221690119389 0.47977547886933986 333.14166666666671 1.2582421403909099 0.23787964559700819 -0.052081243811362581 0.049721874254484523
decision_type=2 2 2 2 2 2 2 2 2 2 2
left_child=1 2 8 4 5 -2 -6 -4 -1 -5 -11
right_child=3 -3 7 9 6 -7 -8 -9 -10 10 -12
leaf_value=-0.024786922368394398 -0.020131775652379846 0.014678307902990653 -0.034720204392350344 -0.025231884048122689 -0.010678896751581266 -0.038347105322728461 -0.031060769688502764 -0.012006300067550036 -0.050729216796786721 -0.0020368999017985473 0.024010541841808199
leaf_weight=20.745088681578636 131.2189344316721 7.7481656521558753 695.83526372909546 9.7476922720670718 119.72165636718273 114.72283981740475 49.488283842802048 27.743431851267815 102.72568009793758 10.24757392704487 9.7476922720670682
leaf_count=83 525 31 2784 39 479 459 198 111 411 41 39
internal_value=-0.0307717 -0.0352181 -0.0356745 -0.0222286 -0.0237422 -0.0286286 -0.0166399 -0.0338493 -0.0463705 -0.00110206 0.0106612
internal_weight=1299.69 854.798 847.049 444.895 415.152 245.942 169.21 723.579 123.471 29.743 19.9953
internal_count=5200 3420 3389 1780 1661 984 677 2895 494 119 80
is_linear=0
shrinkage=1


Tree=1
num_leaves=15
num_cat=0
split_feature=96 4 26 0 57 18 64 84 106 57 69 37 2 116
split_gain=52.0157 23.4895 18.3307 19.5229 19.244 18.988 17.0757 16.1314 15.9587 16.2973 14.7273 13.2063 10.4233 7.60801
threshold=2.0127276611149694 37.837526733157837 -2.7886226256644027 -0.024371477674485494 0.66154710689785323 -2.0980131287420867 0.28980224044057828 0.55230142634356738 0.0063327289773304615 0.64263851743556899 2.0111009658664005 2.5404804563791097 73.514770610393214 2.5000000000000004
decision_type=2 2 2 2 2 2 2 2 2 2 2 2 2 2
left_child=2 8 3 12 13 -6 10 -8 -2 -10 -3 -5 -1 -4
right_child=1 6 4 11 5 -7 7 -9 9 -11 -12 -13 -14 -15
leaf_value=-0.036017524411330208 -0.0325835044399286 -0.041090217769133276 -0.018949161434881911 0.0018913219676406313 -0.047986176606672086 -0.0079481983041895816 -0.017607884495269611 0.016748758745175864 0.02585396620563649 0.00048056403258419977 0.0028899691998808936 0.029402442195133511 -0.003847935652531477 -0.05614807470211465
leaf_weight=10.49598056077957 12.496165379881857 8.2483479827642423 8.9970791339874285 34.988902181386948 10.996039062738417 349.38439056277275 12.996330186724661 229.46089492738247 23.994207739830017 451.13059851527214 40.493381261825562 28.491489440202713 66.476204752922058 10.995812118053435
leaf_count=42 50 33 36 140 44 1398 52 918 96 1805 162 114 266 44
internal_value=-2.81667e-08 0.00490796 -0.00733922 0.00192278 -0.0107592 -0.00916985 0.0116499 0.0149072 0.000881779 0.00176194 -0.0045526 0.014239 -0.0082346 -0.039408
internal_weight=1299.65 778.82 520.826 140.453 380.373 360.38 291.199 242.457 487.621 475.125 48.7417 63.4804 76.9722 19.9929
internal_count=5200 3116 2084 562 1522 1442 1165 970 1951 1901 195 254 308 80
is_linear=0
shrinkage=0.03


Tree=2
num_leaves=15
num_cat=0
split_feature=96 91 83 102 99 102 9 0 136 117 36 110 83 48
split_gain=49.7339 22.0644 22.5239 17.5458 17.9513 16.8679 15.5368 15.3661 14.7612 14.2922 12.6011 9.03681 6.06508 3.73929
threshold=3.0504318354084803 0.89218821301451101 5.7607852862163584 0.02351728732258886 0.97823175577089272 0.033561447187976802 -1.132238578664434 -0.086291804712516948 332.50000000000006 7.5000000000000009 333.14166666666671 3.520809864912565 3.7430621776884565 0.80740646415110062
decision_type=2 2 2 2 2 2 2 2 2 2 2 2 2 2
left_child=1 2 6 4 10 7 -1 -3 11 -7 -2 -5 -10 -6
right_child=3 5 -4 8 13 9 -8 -9 12 -11 -12 -13 -14 -15
leaf_value=-0.020032689635678145 0.013346174434857441 -0.013148970998762438 0.031872817598633155 0.0099817281649131322 0.029013959916784925 0.00016701131177415085 -0.0064102218915454579 0.0025811357117061424 -0.011126540384665252 0.037528223954491555 -0.0011329871535360597 -0.021016645832207609 -0.048406060721207456 0.056488440474101481
leaf_weight=92.202548205852509 238.21437753736973 69.471736550331116 12.496084511280058 36.743209093809128 10.49806620180607 16.7441376298666 412.29823313653469 285.91164129972458 7.4980460405349723 20.493853613734245 69.989937379956245 10.99742831289768 8.2485185414552671 7.7493289709091178
leaf_count=369 953 278 50 147 42 67 1650 1144 30 82 280 44 33 31
internal_value=-7.42551e-08 -0.00384262 -0.00791437 0.0089635 0.0117699 0.00151899 -0.00889986 -0.000493847 -0.00546683 0.0207287 0.0100581 0.00284101 -0.0306547 0.0406819
internal_weight=1299.56 909.618 516.997 389.939 326.452 392.621 504.501 355.383 63.4872 37.238 308.204 47.7406 15.7466 18.2474
internal_count=5200 3640 2069 1560 1306 1571 2019 1422 254 149 1233 191 63 73
is_linear=0
shrinkage=0.03


Tree=3
num_leaves=15
num_cat=0
split_feature=96 84 107 100 102 99 136 22 20 36 88 57 28 48
split_gain=46.7967 21.7699 18.0238 17.3775 16.5079 16.8966 13.8995 13.6494 12.1198 11.8553 11.3446 10.1943 6.574 3.52413
threshold=3.0504318354084803 0.6301135220053441 0.35374311137226483 0.73330331934629556 0.02351728732258886 0.97823175577089272 332.50000000000006 7.6231855216595568 1.5015473842324598 333.14166666666671 314.50000000000006 0.88805118333887234 1.6627756714453741 0.80740646415110062
decision_type=2 2 2 2 2 2 2 2 2 2 2 2 2 2
left_child=1 8 3 -3 5 9 10 -4 -1 -2 -6 -10 -8 -7
right_child=4 2 7 -5 6 13 12 -9 11 -11 -12 -13 -14 -15
leaf_value=-0.050605459443764864 0.012945091822448291 0.0045832890082375712 -0.015002711292957939 -0.0054506959267039516 -0.004532558680158596 0.028143481581444262 -0.011271617676843941 0.01033547974877181 -0.037706367426581185 -0.0010990114171158937 0.032100304831982507 -0.0097129119603134809 -0.050097439567645542 0.054819374522621367
leaf_weight=8.2386215031146985 238.22695650160313 365.59887786209583 128.1796950250864 270.10651399195194 38.240969702601433 10.498076379299166 8.2441710233688337 22.49137906730175 13.232014894485472 69.989145711064339 9.4980536401271802 101.66105346381664 7.4915048629045478 7.745735526084899
leaf_count=33 953 1463 513 1081 153 42 33 90 53 280 38 407 30 31
internal_value=-1.01468e-07 -0.00372782 -0.00189121 0.000319923 0.00869466 0.0114165 -0.00530399 -0.0112204 -0.0154572 0.00975598 0.00275584 -0.0129369 -0.029756 0.0394692
internal_weight=1299.44 909.508 786.376 635.705 389.935 326.46 63.4747 150.671 123.132 308.216 47.739 114.893 15.7357 18.2438
internal_count=5200 3640 3147 2544 1560 1306 254 603 493 1233 191 460 63 73
is_linear=0
shrinkage=0.03


Tree=4
num_leaves=14
num_cat=0
split_feature=96 4 54 77 121 11 105 87 4 4 21 28 28
split_gain=44.7979 21.5923 17.9587 18.0672 17.8883 17.5005 17.1485 15.9954 14.1319 19.1968 12.9829 12.778 5.98703
threshold=2.0127276611149694 37.837526733157837 1.1272690253217508 42.500000000000007 0.46935091726221184 4.28952587540791 0.15120256605433527 2.5000000000000004 42.965157005388072 43.696479712366205 3.0294462766383359 0.97490546270135281 1.2360018754187163
decision_type=2 2 2 2 2 2 2 2 2 2 2 2 2
left_child=2 4 3 7 5 -2 -6 -1 11 -10 -4 -3 -5
right_child=1 8 10 12 6 -7 -8 -9 9 -11 -12 -13 -14
leaf_value=0.027142756937632233 0.01342194320236643 -0.016053037790571573 -0.0029483535789100821 -0.053654397126061883 -0.0091870591682503694 -0.0031598178481856165 0.0094189470184336283 -0.0076115208222571895 -0.038063291562399064 0.0086506109807550947 0.03814505320504237 0.0249655938175707 -0.022869632153526658
leaf_weight=12.24172569811344 139.44952939450741 7.4987699687480918 14.489632397890093 7.7342861294746426 192.91043853759766 97.220342755317688 57.982255131006241 451.3695565611124 8.2467931061983091 198.18976821005344 13.244075983762739 77.228440120816231 21.465562433004379
leaf_count=49 558 30 58 31 772 389 232 1807 33 793 53 309 86
internal_value=-1.32041e-07 0.00455433 -0.00681353 -0.00813541 0.000693936 0.00661041 -0.00488714 -0.00669383 0.0110187 0.00678447 0.0166756 0.0213352 -0.0310237
internal_weight=1299.27 778.726 520.545 492.811 487.563 236.67 250.893 463.611 291.164 206.437 27.7337 84.7272 29.1998
internal_count=5200 3116 2084 1973 1951 947 1004 1856 1165 826 111 339 117
is_linear=0
shrinkage=0.03


Tree=5
num_leaves=11
num_cat=0
split_feature=91 83 99 96 59 53 46 37 54 42
split_gain=42.421 21.2715 16.518 15.8157 13.802 12.1878 21.6134 14.1645 8.14163 7.40887
threshold=0.89218821301451101 5.7607852862163584 0.97823175577089272 3.0800224303804895 4.7837781099346364 0.85248320980968317 16.071428571428573 2.0530153556987423 0.2251809699973624 2.3033641697706759
decision_type=2 2 2 2 2 2 2 2 2 2
left_child=1 3 5 4 -1 7 -7 -2 -4 -5
right_child=2 -3 8 9 -6 6 -8 -9 -10 -11
leaf_value=-0.0060397375795729711 -0.0073343907508911302 0.030702811626536548 0.049252177652316903 0.043920348512378415 -0.018962436533701412 0.013253980509719907 -0.015204469531275213 0.0069117917682816853 0.014036070748421873 0.0020841928095211835
leaf_weight=415.06079299747944 70.711999282240868 13.493882670998572 10.230260848999025 7.4967323988676053 90.625131472945213 36.240256160497665 71.218726575374603 562.2844230979681 13.985843032598494 7.746145635843277
leaf_count=1662 283 54 41 30 363 145 285 2250 56 31
internal_value=-1.62316e-07 -0.00648481 0.0045319 -0.0074481 -0.00835564 0.00373452 -0.00560693 0.00532035 0.0289134 0.02266
internal_weight=1299.09 534.423 764.672 520.929 505.686 740.455 107.459 632.996 24.2161 15.2429
internal_count=5200 2140 3060 2086 2025 2963 430 2533 97 61
is_linear=0
shrinkage=0.03


Tree=6
num_leaves=15
num_cat=0
split_feature=96 100 107 86 54 25 75 54 11 50 113 54 3 63
split_gain=40.3691 18.8924 21.7089 16.3524 17.8426 16.9665 15.7804 14.7054 14.616 13.9275 13.927 11.2868 8.98821 8.33774
threshold=2.8727576239767463 0.76971235360381451 0.36280403081828033 5125.5000000000009 0.16815404071537385 -0.43554114651295811 0.44395054102887271 1.1861544461462914 4.2100095121756107 1890.0000000000002 5.8499450841721909 0.09237456658034951 0.86088791466146153 0.50521342456826346
decision_type=2 2 2 2 2 2 2 2 2 2 2 2 2 2
left_child=1 2 7 4 -2 11 13 -1 -6 -8 -4 -5 -7 -3
right_child=3 6 10 5 8 12 9 -9 -10 -11 -12 -13 -14 -15
leaf_value=0.0013396451395986436 -0.037113234720127439 -0.0020498957215087806 -0.018787556509834852 0.017584165940763282 0.0092109796848845772 0.0011601113848196357 -0.0087856061937996686 0.025072711071746141 -0.034125258275887617 -0.030679112313999606 0.0094626261978869985 0.0047119324251271187 0.037821785846956092 0.042346572891246749
leaf_weight=393.96908934414387 13.739256069064139 7.4899066835641843 76.906601592898369 79.455126002430916 39.976465821266174 7.7466203570365897 294.59276515245438 24.987182110548019 8.4923129230737668 28.698241889476776 19.736196711659431 268.39378927648067 26.979866743087769 7.7426685392856598
leaf_count=1577 55 30 308 318 160 31 1180 100 34 115 79 1074 108 31
internal_value=-1.6579e-07 -0.00381672 -0.000201427 0.0073288 -0.00693621 0.00964834 -0.0093231 0.00275512 0.00161795 -0.0107291 -0.0130184 0.00765219 0.0296435 0.0205167
internal_weight=1298.91 854.123 515.599 444.783 62.208 382.575 338.524 418.956 48.4688 323.291 96.6428 347.849 34.7265 15.2326
internal_count=5200 3420 2064 1780 249 1531 1356 1677 194 1295 387 1392 139 61
is_linear=0
shrinkage=0.03


Tree=7
num_leaves=15
num_cat=0
split_feature=96 4 62 109 26 57 0 64 135 84 131 23 37 2
split_gain=38.5872 19.8953 21.8076 19.4765 17.2162 17.8359 17.5991 15.6061 15.4381 14.8399 14.7017 13.6119 12.0599 9.79788
threshold=2.0127276611149694 37.837526733157837 0.2259467040673212 1.4793391534842111 -2.7886226256644027 0.66154710689785323 -0.024371477674485494 0.28980224044057828 2.5000000000000004 0.55230142634356738 1.1494768116065182 -1.3462623462605252 2.5404804563791097 73.514770610393214
decision_type=2 2 2 2 2 2 2 2 2 2 2 2 2 2
left_child=4 2 11 -4 6 -6 13 10 -7 -9 -3 -2 -8 -1
right_child=1 7 3 -5 5 8 12 9 -10 -11 -12 -13 -14 -15
leaf_value=-0.03397911382585582 -0.024023010186646748 -0.012900957957233455 0.0045602021844085945 -0.035489296807983704 -0.037271656233317095 0.03377719388952783 0.0025415136538572149 -0.017647622559225164 -0.0090355582483047439 0.015314650629917537 0.029573877315980032 0.00010462383742374464 0.028837975330920886 -0.0027471267606928381
leaf_weight=10.465056896209715 47.212860256433487 39.726786866784096 391.01865088939667 11.242673605680464 19.926777690649033 7.7471037507057181 34.958910450339317 12.988653555512427 352.1796580851078 229.34916077554226 8.9945891052484495 37.967461153864861 28.485968440771103 66.394120469689369
leaf_count=42 189 159 1565 45 80 31 140 52 1411 918 36 152 114 266
internal_value=-1.90298e-07 0.00422682 0.000520897 0.00344087 -0.0063266 -0.00964363 0.00265381 0.0104332 -0.00811405 0.013548 -0.00505956 -0.0132686 0.0143483 -0.00699964
internal_weight=1298.66 778.501 487.442 402.261 520.158 379.854 140.304 291.059 359.927 242.338 48.7214 85.1803 63.4449 76.8592
internal_count=5200 3116 1951 1610 2084 1522 562 1165 1442 970 195 341 254 308
is_linear=0
shrinkage=0.03


Tree=8
num_leaves=14
num_cat=0
split_feature=96 84 54 141 86 86 110 142 25 54 20 70 1
split_gain=36.7981 19.3802 17.4334 18.7292 14.5471 13.8484 18.2733 18.4177 14.0464 12.4772 10.9561 12.0743 9.40786
threshold=3.0504318354084803 0.6301135220053441 1.1861544461462914 1096.0000000000002 69660.000000000015 5125.5000000000009 2.4465365669150674 2.6033435729360384 -0.413544736993323 0.067166103585676276 1.5015473842324598 2.5253074737016705 74.452482374863976
decision_type=2 2 2 2 2 2 2 2 2 2 2 2 2
left_child=1 10 3 -3 -4 6 7 -2 9 -7 -1 -12 -10
right_child=5 2 4 -5 -6 8 -8 -9 12 -11 11 -13 -14
leaf_value=-0.047915057022982779 -0.007643187013469604 -0.0058499011021044657 0.026958479161025704 0.0043899127498201575 -0.016235969251342259 0.0214147441734494 -0.042951156980562295 0.040318559807387487 0.0099825669451754639 0.0054382958046276918 0.00019929702623621665 -0.019763126442674875 0.04605827312072773
leaf_weight=8.1868608295917493 36.214699596166611 510.10655312240124 31.974360346794128 234.73654861748219 8.9902150034904462 53.184963911771774 9.9801456779241544 8.9958546012639982 11.22893373668194 254.59538765251637 44.648186311125755 70.058793872594833 15.467339009046553
leaf_count=33 145 2043 128 940 36 213 40 36 45 1019 179 281 62
internal_value=-2.27819e-07 -0.00330751 -0.00157492 -0.00262283 0.0174789 0.00771234 -0.00621037 0.00190009 0.0100097 0.00819905 -0.014386 -0.011993 0.0308842
internal_weight=1298.37 908.702 785.808 744.843 40.9646 389.667 55.1907 45.2106 334.477 307.78 122.894 114.707 26.6963
internal_count=5200 3640 3147 2983 164 1560 221 181 1339 1232 493 460 107
is_linear=0
shrinkage=0.03


Tree=9
num_leaves=13
num_cat=0
split_feature=91 83 84 104 54 106 2 36 60 4 69 7
split_gain=35.1912 19.4352 17.8497 15.6334 14.59 14.4467 14.2537 13.9972 13.709 12.8805 8.84712 6.03806
threshold=0.89218821301451101 5.7607852862163584 0.7427432262405228 0.27331916809473156 0.09237456658034951 0.3089112292829887 91.614174190431626 390.21666666666675 8.8231012388569141 59.371518316201389 3.8260599277959995 0.86809026959021762
decision_type=2 2 2 2 2 2 2 2 2 2 2 2
left_child=1 3 6 11 9 -6 8 -5 -2 -4 -8 -1
right_child=2 -3 4 7 5 -7 10 -9 -10 -11 -12 -13
leaf_value=0.041609935758714613 -0.0037240040230590212 0.029656895217158794 0.017755267474763494 -0.0070901361842473157 0.0089499354058188117 -0.0014181975619278009 -0.036243631749464683 -0.046015879662732691 0.031127060009836963 -0.019946623847627232 -0.0040224366723669615 0.0041203951385534975
leaf_weight=7.7384329140186292 105.3892739713192 13.477786034345625 122.59628495573997 496.40969523787498 252.03193555772305 232.5543794631958 18.725606724619869 8.4556314349174482 11.241792827844618 8.7366797477006894 12.989446282386778 7.7276240140199661
leaf_count=31 422 54 491 1990 1009 931 75 34 45 35 52 31
internal_value=-2.42741e-07 -0.00591065 0.00412794 -0.00683193 0.00637799 0.00397424 -0.00521402 -0.00774208 -0.000364792 0.0152472 -0.0230469 0.0228783
internal_weight=1298.07 533.809 764.265 520.331 615.919 484.586 148.346 504.865 116.631 131.333 31.7151 15.4661
internal_count=5200 2140 3060 2086 2466 1940 594 2024 467 526 127 62
is_linear=0
shrinkage=0.03


Tree=10
num_leaves=14
num_cat=0
split_feature=96 54 26 57 84 1 118 26 149 21 132 1 148
split_gain=33.8795 18.1718 19.4987 17.2533 16.8158 15.0919 18.9803 16.6359 14.071 12.8756 12.3509 12.9253 10.244
threshold=1.9991084479938905 1.1272690253217508 -2.7886226256644027 0.9171334867419294 0.82965217380813605 69.177891959450093 0.15588184623491919 -0.75513474628770016 2.5000000000000004 3.0294462766383359 0.78128257658601308 89.99444521594225 11.500000000000002
decision_type=2 2 2 2 2 2 2 2 2 2 2 2 2
left_child=1 2 8 -4 10 6 -6 -7 -1 -3 12 -12 -2
right_child=4 9 3 -5 5 7 -8 -9 -10 -11 11 -13 -14
leaf_value=-0.03133801693512029 -0.016952233202355036 -0.0016189123162449082 -0.03042670071998586 -0.0087319089785294918 -0.026655548947283371 0.00068506599989726796 0.02162850334001681 0.013199973964100864 0.0052873586043782053 0.039919685277781718 0.02229965691210899 -0.018752255015928709 -0.0016130049521581162
leaf_weight=10.225502774119375 53.683014035224915 14.219093814492227 36.817949056625366 317.44967696070671 7.9914307743310919 311.93133907020092 88.152811512351036 137.83547376096249 123.00718259811401 12.727240547537802 29.722359612584114 8.9905900955200178 145.07444234192371
leaf_count=41 215 57 148 1273 32 1249 353 552 493 51 119 36 581
internal_value=-2.61116e-07 -0.00598158 -0.00730718 -0.0109866 0.00392767 0.0068266 0.0176152 0.00452038 0.00247639 0.0180005 -0.00273654 0.0127659 -0.00575602
internal_weight=1297.83 514.447 487.5 354.268 783.381 545.911 96.1442 449.767 133.233 26.9463 237.47 38.7129 198.757
internal_count=5200 2063 1955 1421 3137 2186 385 1801 534 108 951 155 796
is_linear=0
shrinkage=0.03


Tree=11
num_leaves=15
num_cat=0
split_feature=96 77 75 23 76 102 99 136 120 88 112 41 91 28
split_gain=32.3863 17.9095 15.7369 17.7088 15.5644 13.7592 14.5825 12.778 12.118 10.2792 8.56395 7.3832 6.10659 5.81078
threshold=3.0504318354084803 42.500000000000007 0.59325657062366111 -0.82604383585825836 2.914285714285715 0.02351728732258886 0.97823175577089272 332.50000000000006 0.77288845905867187 314.50000000000006 2.3656353804896617 0.56286011331405594 0.58383922720967452 1.6627756714453741
decision_type=2 2 2 2 2 2 2 2 2 2 2 2 2 2
left_child=1 2 3 -1 -4 6 8 9 -2 -7 12 -12 -3 -9
right_child=5 10 4 -5 -6 7 -8 13 -10 -11 11 -13 -14 -15
leaf_value=0.0025894452957844387 0.014752318964906698 -0.021192519375206841 -0.018450628457086383 -0.0074997181486418487 0.0071285282837421343 -0.0047601680907186092 0.03587575176396738 -0.011655910138182604 0.0027913390960398457 0.030135604270349975 -0.026776549462212352 0.0050373202660412347 -0.052470500574601169 -0.048198291341995624
leaf_weight=516.12737703323364 138.83847047388554 13.898687645792963 89.043932110071182 224.75743743777275 28.186152666807175 38.209885478019714 18.123338088393211 8.2410344481468183 169.05866764485836 9.4827014505863172 11.712182879447939 14.939900726079939 9.4288681447505933 7.462988778948783
leaf_count=2068 556 56 357 901 113 153 73 33 677 38 47 60 38 30
internal_value=-2.81862e-07 -0.00310404 -0.00208728 -0.000471239 -0.0123005 0.00723748 0.00972417 -0.00555043 0.00818484 0.00217815 -0.0205612 -0.00894319 -0.0338349 -0.0290219
internal_weight=1297.51 908.095 858.115 740.885 117.23 389.417 326.02 63.3966 307.897 47.6926 49.9796 26.6521 23.3276 15.704
internal_count=5200 3640 3439 2969 470 1560 1306 254 1233 191 201 107 94 63
is_linear=0
shrinkage=0.03


Tree=12
num_leaves=14
num_cat=0
split_feature=96 4 62 109 1 54 26 18 64 27 0 84 21
split_gain=30.7744 18.2706 19.0497 18.3363 17.5433 17.097 18.3267 14.6898 14.5991 25.1904 14.0391 13.3451 12.1306
threshold=1.9991084479938905 37.837526733157837 0.2259467040673212 1.4793391534842111 89.091792806554665 1.1272690253217508 -2.7886226256644027 -2.0980131287420867 0.28980224044057828 0.76814898338569748 -0.024371477674485494 0.55230142634356738 3.0294462766383359
decision_type=2 2 2 2 2 2 2 2 2 2 2 2 2
left_child=5 2 4 -4 -2 6 10 -8 9 -3 -1 -10 -7
right_child=1 8 3 -5 -6 12 7 -9 11 -11 -12 -13 -14
leaf_value=-0.0062132431344373894 -0.024844916292200644 -0.054966114746414094 0.0040118689345468713 -0.034862050151648172 0.0023796445844295896 -0.0014727914090415461 -0.044798047217778893 -0.0094682474237807856 -0.01693958972351272 0.0040552358425157004 0.013386888044709493 0.014329009209162604 0.038861075061590991
leaf_weight=74.02594530582428 47.40238818526268 7.7379609644412986 393.0342610180378 11.232442304491995 38.689629539847374 14.216783240437509 10.929432794451712 343.02320639789104 12.973955184221266 40.949970960617065 59.187276780605316 231.07510994374752 12.711302906274794
leaf_count=297 190 31 1574 45 155 57 44 1377 52 164 237 926 51
internal_value=-3.09769e-07 0.00374362 0.000203066 0.00293177 -0.0126102 -0.00570327 -0.00698952 -0.0105592 0.00967435 -0.00532501 0.00249519 0.0126667 0.0175667
internal_weight=1297.19 783.096 490.359 404.267 86.092 514.094 487.166 353.953 292.737 48.6879 133.213 244.049 26.9281
internal_count=5200 3137 1964 1619 345 2063 1955 1421 1173 195 534 978 108
is_linear=0
shrinkage=0.03


Tree=13
num_leaves=13
num_cat=0
split_feature=91 141 84 83 30 138 55 104 9 156 31 7
split_gain=29.5133 19.166 18.1265 17.8734 16.6678 15.5638 15.6884 14.3621 13.2474 11.3075 7.70122 5.60504
threshold=0.89218821301451101 1210.5000000000002 0.751209462736525 5.7607852862163584 0.087844244400778301 1285.0000000000002 0.3435168577909557 0.27331916809473156 -1.132238578664434 0.45000000000000007 1.0000000180025095e-35 0.86809026959021762
decision_type=2 2 2 2 2 2 2 2 2 2 2 2
left_child=3 2 9 7 -4 10 -7 11 -9 -2 -3 -1
right_child=1 5 4 -5 -6 6 -8 8 -10 -11 -12 -13
leaf_value=0.040238053624731707 -0.026827364487828478 0.018458733196467486 0.040845288946631753 0.028727252334514296 0.0025262356961075244 0.014019016397436742 -0.0048564471156991047 -0.017499165024909891 -0.0048839532304262119 -0.0044741980950202534 0.046022039083284352 0.004106116543198415
leaf_weight=7.7332925796508771 27.944751799106598 25.464444309473038 10.462076902389525 13.449552848935125 434.77616676688194 115.30417340993881 60.384191617369652 91.536727130413055 412.63895873725414 75.110239997506142 14.216222003102301 7.7227696478366852
leaf_count=31 112 102 42 54 1742 462 242 368 1656 301 57 31
internal_value=-3.41527e-07 0.00378103 0.000802365 -0.00541732 0.00342665 0.0113642 0.00753151 -0.00630108 -0.00717434 -0.0105356 0.0283337 0.0221844
internal_weight=1296.74 763.662 548.293 533.081 445.238 215.369 175.688 519.632 504.176 103.055 39.6807 15.4561
internal_count=5200 3060 2197 2140 1784 863 704 2086 2024 413 159 62
is_linear=0
shrinkage=0.03


Tree=14
num_leaves=14
num_cat=0
split_feature=96 50 57 118 75 44 53 30 112 1 25 3 90
split_gain=28.3332 16.064 17.4292 15.4415 15.4075 20.0722 13.5508 14.9373 12.9448 12.4848 12.0443 10.5744 3.80347
threshold=3.0504318354084803 1950.0000000000002 1.407444825187526 0.53240284991193043 0.5779200774879768 3.8792728330743058 0.86585818801031944 1.8953909024861122 2.4963088897734038 65.831134564643818 -0.22058615857086486 0.97340192125368497 1.5082998276324653
decision_type=2 2 2 2 2 2 2 2 2 2 2 2 2
left_child=1 4 12 -4 5 -1 8 11 -2 -6 -10 -8 -3
right_child=6 2 3 -5 9 -7 7 -9 10 -11 -12 -13 -14
leaf_value=-0.00039833086895244902 0.040695163472118795 -0.027565658562920856 0.0084422861384470301 -0.021857217045180472 0.0080422251463046074 0.044759521106752853 0.0045968091662287941 0.030952243503348971 0.0069691812791013684 -0.014786462793305382 0.04438123614212669 -0.025677117302760909 -0.056595804723638142
leaf_weight=676.46003919839859 11.190684437751768 7.4363687038421658 26.904634684324265 34.611877307295799 26.400596305727959 8.9762537628412229 16.694434612989426 7.7378997653722754 318.02176707983017 117.6102469265461 7.9379207640886298 27.4705720692873 8.9510113447904569
leaf_count=2713 45 30 108 139 106 36 67 31 1275 472 32 110 36
internal_value=-3.30666e-07 -0.00290446 -0.0159294 -0.00860554 -0.00168112 0.000193042 0.00677268 -0.00749705 0.00896945 -0.0106014 0.00788026 -0.0142335 -0.0434223
internal_weight=1296.4 907.351 77.9039 61.5165 829.447 685.436 389.053 51.9029 337.15 144.011 325.96 44.165 16.3874
internal_count=5200 3640 313 247 3327 2749 1560 208 1352 578 1307 177 66
is_linear=0
shrinkage=0.03


Tree=15
num_leaves=13
num_cat=0
split_feature=91 141 84 54 69 138 112 0 104 139 156 7
split_gain=26.8611 17.9304 16.9604 16.5611 15.2892 13.4093 13.374 12.8429 12.4818 11.0026 10.5958 5.04193
threshold=0.89218821301451101 1210.5000000000002 0.751209462736525 0.067166103585676276 6.0324790235312031 4911.5000000000009 3.8832742222186201 -0.034642105342399997 0.27331916809473156 51.500000000000007 0.45000000000000007 0.86809026959021762
decision_type=2 2 2 2 2 2 2 2 2 2 2 2
left_child=6 2 10 -4 7 -6 8 -3 11 -10 -2 -1
right_child=1 4 3 -5 5 -7 -8 -9 9 -11 -12 -13
leaf_value=0.038601375192452277 -0.026022562637020605 -0.0014483225911606466 0.015892725756489107 0.00061310084248993577 0.045705300158303472 0.0077429227846249711 0.034694163036935385 0.014626869500843161 -0.0045821470613249694 -0.016474777535858603 -0.0043765442455573587 0.004043405638900233
leaf_weight=7.481386184692381 27.919855982065201 80.603943049907684 77.248919472098351 367.84313799440861 19.44392254948616 14.709081396460531 7.467981055378913 100.49941457808018 426.27404284477234 83.772710412740707 75.093444257974625 7.7209680825471878
leaf_count=30 112 323 310 1474 78 59 30 403 1712 337 301 31
internal_value=-3.26532e-07 0.00360754 0.000726183 0.00326499 0.0109443 0.0293556 -0.00517025 0.00747226 -0.00573704 -0.00653545 -0.0102433 0.0210501
internal_weight=1296.08 763.362 548.105 445.092 215.256 34.153 532.717 181.103 525.249 510.047 103.013 15.2024
internal_count=5200 3060 2197 1784 863 137 2140 726 2110 2049 413 61
is_linear=0
shrinkage=0.03


Tree=16
num_leaves=15
num_cat=0
split_feature=96 141 139 105 57 56 15 93 4 99 150 102 141 11
split_gain=26.0488 18.3578 16.0603 15.9309 17.8602 17.2576 14.5474 23.0868 20.016 14.2423 13.6894 12.1361 13.8118 11.0288
threshold=1.789873722344028 1186.0000000000002 40.500000000000007 0.15120256605433527 10.292943859723628 0.089417969545154269 4.7917703592908376 1.6006811630456659 37.198221690119389 0.45234143780092095 0.91453823061597073 0.020023820324310469 1000.5000000000001 4.2231651237818513
decision_type=2 2 2 2 2 2 2 2 2 2 2 2 2 2
left_child=2 3 9 4 -2 -5 8 -8 -3 13 -11 -4 -13 -1
right_child=1 6 11 5 -6 -7 7 -9 -10 10 -12 12 -14 -15
leaf_value=-0.0044296759930677627 -0.00063429441791780386 0.0051839951310287471 -0.020798159149067869 0.030516019594311557 -0.02714653060539602 0.0031970193243295321 0.026919870778387797 -0.028655998420986182 0.023898149916260662 -0.011476852865081964 0.012007675929579143 -0.015535714974948489 0.032734761436288375 0.013241767478442672
leaf_weight=59.284115746617317 507.7237254679203 128.77822962403297 89.674157530069351 29.426497936248779 23.947012037038803 71.08041587471962 10.216741502285005 19.695859745144844 85.647351771593094 153.42474392056465 26.145907372236252 13.180405706167223 8.9627403616905195 68.525289162993431
leaf_count=238 2036 516 361 118 96 285 41 79 344 617 105 53 36 275
internal_value=-3.07269e-07 0.00294134 -0.0061511 0.000242179 -0.00182843 0.0111955 0.00992488 -0.00967389 0.0126589 -0.00260946 -0.00805745 -0.0158869 0.00400242 0.00504491
internal_weight=1295.71 876.516 419.197 632.178 531.671 100.507 244.338 29.9126 214.426 307.38 179.571 111.817 22.1431 127.809
internal_count=5200 3515 1685 2535 2132 403 980 120 860 1235 722 450 89 513
is_linear=0
shrinkage=0.03


Tree=17
num_leaves=14
num_cat=0
split_feature=17 54 36 150 29 4 104 27 86 49 64 93 61
split_gain=24.7292 16.4986 17.0201 15.9591 15.1987 15.9804 17.9656 14.2296 14.1482 13.0121 10.2439 8.66359 7.00637
threshold=0.77680729130269877 1.2210545220564726 389.62500000000006 0.08264365117409013 2.6260660717433493 36.719541084298619 2.3744946905375484 0.834372459516045 9671.5000000000018 59400.000000000007 0.53673043904831996 1.6230962983329622 0.70314860271903334
decision_type=2 2 2 2 2 2 2 2 2 2 2 2 2
left_child=1 2 3 -1 5 6 -2 -3 -7 -9 -4 -6 -13
right_child=4 7 10 -5 11 8 -8 9 -10 -11 -12 12 -14
leaf_value=-0.026321124124074093 -0.0024533609593582638 0.043792404436152406 -0.0063327789323533359 -0.0026437479261483573 0.051818144949119439 0.026329854500261221 0.029189544212979729 -0.026338706648567724 0.0064798972370984607 0.024108499365850557 -0.051741169280498878 -0.0060141660257548944 0.035043163134424155
leaf_weight=26.577663138508797 268.19180575013161 11.964128956198694 7.6916178315877941 711.28621333837509 8.9647330492734927 40.586724057793617 17.183092176914215 8.225487172603609 158.59467668831348 10.445108681917189 10.679548889398573 7.4780530482530576 7.4847868382930756
leaf_count=107 1075 48 31 2856 36 163 69 33 637 42 43 30 30
internal_value=-3.27824e-07 -0.00333243 -0.00420676 -0.0034966 0.00515605 0.00400349 -0.000548067 0.0182507 0.0105247 0.00188356 -0.0327296 0.0284965 0.0145237
internal_weight=1295.35 786.87 756.235 737.864 508.484 484.556 285.375 30.6347 199.181 18.6706 18.3712 23.9276 14.9628
internal_count=5200 3160 3037 2963 2040 1944 1144 123 800 75 74 96 60
is_linear=0
shrinkage=0.03


Tree=18
num_leaves=14
num_cat=0
split_feature=96 77 109 61 53 30 66 77 59 150 55 108 109
split_gain=24.3189 15.8887 14.5793 20.5448 12.6756 13.8026 12.6865 19.4422 15.9112 11.4762 9.75989 8.29189 8.1133
threshold=3.0504318354084803 42.500000000000007 0.50018324890864962 0.71004236076006422 0.86036671376622953 1.8953909024861122 0.77459677419354855 14.500000000000002 5.1117323162318362 0.067711482265215658 0.3108357482707092 0.39920939738955791 0.27871649774592644
decision_type=2 2 2 2 2 2 2 2 2 2 2 2 2
left_child=1 2 9 -4 6 10 7 -2 -8 -1 -6 12 -3
right_child=4 11 3 -5 5 -7 8 -9 -10 -11 -12 -13 -14
leaf_value=-0.023663102832678706 0.033512751436188704 -0.00051318449454585216 -0.017505433517178412 0.0020371257377192883 -0.024197978226175729 0.029593155761798884 0.0080483804482739691 -0.0031088647430781292 -0.016642300298730046 0.0010498742869248471 0.0051718840589388936 -0.041989592212047691 -0.028258713807535824
leaf_weight=17.368725627660751 38.610553830862045 21.775325804948807 110.06150445342064 86.439167454838753 28.922052800655365 7.7174721360206595 252.02557237446308 19.706040143966675 25.904257699847221 642.862205311656 15.716984063386915 11.132227465510367 16.806136429309845
leaf_count=70 155 88 442 347 116 31 1012 79 104 2580 63 45 68
internal_value=-3.11405e-07 -0.00269205 -0.00173527 -0.00890881 0.00627836 -0.00745245 0.00841637 0.0211378 0.0057471 0.000399749 -0.0138571 -0.0191805 -0.0125992
internal_weight=1295.05 906.445 856.732 196.501 388.603 52.3565 336.246 58.3166 277.93 660.231 44.639 49.7137 38.5815
internal_count=5200 3640 3439 789 1560 210 1350 234 1116 2650 179 201 156
is_linear=0
shrinkage=0.03


Tree=19
num_leaves=15
num_cat=0
split_feature=96 141 109 110 107 63 150 149 84 57 109 143 15 25
split_gain=23.2171 17.6313 16.1522 18.311 16.0578 15.2678 14.5055 22.6351 21.1787 15.8721 15.4707 15.1082 13.7485 10.6704
threshold=1.8334820563476437 1186.0000000000002 0.061022693090184744 1.3112138305599204 0.40496284127838583 0.29057759566234148 0.71361937457304847 12.500000000000002 1.1350051202218656 1.6996882588122917 0.30322100501707794 1.1565996903549116 4.7917703592908376 -0.6755138027798312
decision_type=2 2 2 2 2 2 2 2 2 2 2 2 2 2
left_child=6 2 4 -4 -2 -3 10 8 -8 -9 11 -1 -7 -12
right_child=1 5 3 -5 -6 12 7 9 -10 -11 13 -13 -14 -15
leaf_value=0.003964864743495832 -0.0061597731522208413 0.037757249173059095 -0.016429689837780925 0.0043495853559216693 -0.044227616280175928 0.010521531978140186 -0.018730513264925929 -0.01075555704128634 0.0098206408983659184 0.020232569471605833 -0.026676943121615036 -0.013872140710175791 -0.0126482758513444 -0.0022184008139125135
leaf_weight=85.203974232077599 110.21769481897354 16.41713559627533 41.655443117022514 455.8332211971283 10.96479296684265 193.83232787251472 65.5694340467453 19.648936912417412 36.342970177531242 61.240809291601181 64.499170780181885 85.7481879144907 26.159842237830162 21.372729673981667
leaf_count=343 442 66 167 1829 44 778 264 79 146 246 260 345 105 86
internal_value=-3.22899e-07 0.00288024 0.000217299 0.00260971 -0.00960421 0.00984903 -0.00560307 0.000856039 -0.00854889 0.0127052 -0.0102005 -0.00498203 0.00776635 -0.0205894
internal_weight=1294.71 855.08 618.671 497.489 121.182 236.409 439.626 182.802 101.912 80.8897 256.824 170.952 219.992 85.8719
internal_count=5200 3431 2482 1996 486 949 1769 735 410 325 1034 688 883 346
is_linear=0
shrinkage=0.03


Tree=20
num_leaves=13
num_cat=0
split_feature=96 77 42 109 53 46 1 144 106 108 109 96
split_gain=22.1988 14.8449 14.0585 14.7951 11.9436 12.7859 12.0918 12.0674 11.2244 7.86309 7.64135 7.16157
threshold=3.0504318354084803 42.500000000000007 4.2044619557999416 0.50018324890864962 0.86585818801031944 15.055555555555557 72.844049437578136 3.3882055937160107 0.83683847367040587 0.39920939738955791 0.27871649774592644 3.3876716145615506
decision_type=2 2 2 2 2 2 2 2 2 2 2 2
left_child=1 2 3 -1 7 -6 -7 11 -9 10 -3 -2
right_child=4 9 -4 -5 5 6 -8 8 -10 -11 -12 -13
leaf_value=0.00011374550385404421 0.040916983560991757 -0.00040225981812975467 0.035794117203285958 -0.0093276847563259664 0.019827330834998415 0.018189272625815218 -0.023642090801872837 0.0041851522253646273 0.021342586160394385 -0.04080323298559916 -0.027360788014442753 0.010172269428166949
leaf_weight=653.8600174933672 15.160474956035616 21.763874039053917 8.9308538883924466 193.60850182175636 11.941677629947661 7.7089626193046561 32.180350691080093 269.64549134671688 39.320438981056213 11.079389482736586 16.742232427000999 12.392846539616583
leaf_count=2625 61 88 36 778 48 31 129 1083 158 45 68 50
internal_value=-3.94729e-07 -0.00257265 -0.00164862 -0.0020432 0.00600044 -0.0074052 -0.0155578 0.00806519 0.00636869 -0.0185318 -0.0121237 0.0270887
internal_weight=1294.34 905.985 856.399 847.469 388.35 51.831 39.8893 336.519 308.966 49.5855 38.5061 27.5533
internal_count=5200 3640 3439 3403 1560 208 160 1352 1241 201 156 111
is_linear=0
shrinkage=0.03


Tree=21
num_leaves=15
num_cat=0
split_feature=100 96 84 37 109 0 62 39 103 138 149 109 1 97
split_gain=21.4417 18.2645 13.5001 13.3151 17.4568 20.3587 15.4229 11.8233 11.5305 11.0114 14.7551 14.5356 10.7488 10.66
threshold=0.6686825715017003 1.566077640177898 0.60972986224607395 2.0347753014632 0.036620791550095601 0.16796392332186064 0.15889894419306186 1.0440435384803946 0.35574362113262425 3419.5000000000005 41.500000000000007 0.23180017790668178 69.177891959450093 1.6273536633225187
decision_type=2 2 2 2 2 2 2 2 2 2 2 2 2 2
left_child=3 9 13 6 5 -5 -1 -8 -6 10 -2 -11 -4 -3
right_child=1 2 12 4 8 -7 7 -9 -10 11 -12 -13 -14 -15
leaf_value=0.027000884561867472 -0.0003999497926628082 -0.02740113147342825 0.013043888618406311 -0.015121088767024223 -0.012373285775461294 0.031351407927449088 -0.021492473350816058 -0.00077173204013107242 0.0092624979793084119 -0.0073634396886416336 -0.036223878429904044 -0.029605782742414582 -0.00044907605145443069 -0.0025201449976837076
leaf_weight=11.957762420177458 96.509442284703255 27.077732771635056 63.71322400867939 57.339590683579445 23.384849116206169 9.9572869539260846 41.049849182367325 62.546217307448387 426.39827764034271 56.115594238042831 11.590248122811316 50.008599117398262 320.06176291406155 36.238122910261154
leaf_count=48 389 109 256 230 94 40 165 251 1712 226 47 202 1285 146
internal_value=-3.84682e-07 -0.00377754 -0.000326443 0.00394801 0.00600546 -0.00824499 -0.00525869 -0.00898231 0.00813762 -0.0109801 -0.00424092 -0.0178446 0.00179099 -0.0131608
internal_weight=1293.95 661.315 447.091 632.634 517.08 67.2969 115.554 103.596 449.783 214.224 108.1 106.124 383.775 63.3159
internal_count=5200 2660 1796 2540 2076 270 464 416 1806 864 436 428 1541 255
is_linear=0
shrinkage=0.03


Tree=22
num_leaves=14
num_cat=0
split_feature=17 69 61 106 109 64 0 136 4 60 59 107 148
split_gain=20.2381 14.9357 18.1975 22.508 15.4855 14.7971 20.2909 14.5799 14.6476 13.5002 13.047 11.9293 7.20155
threshold=0.77680729130269877 1.1279647494774292 0.79827466135022951 0.015742997327219999 0.5191088214421683 0.44894590524730688 0.060359710513225445 46.500000000000007 36.719541084298619 3.7509746017665213 2.1509421265648547 0.44184176085055343 18.500000000000004
decision_type=2 2 2 2 2 2 2 2 2 2 2 2 2
left_child=1 5 4 -4 -3 6 -1 12 11 -7 -10 -9 -2
right_child=7 2 3 -5 -6 9 -8 8 10 -11 -12 -13 -14
leaf_value=-0.048313081340096403 0.050571041933400722 -0.0017980103154321854 -0.042587543064626983 0.0090664807275166719 -0.014487409609316692 -0.017150208866277158 0.0032320046341692376 0.00096197481468068987 0.0014176895802644994 0.015716338371596309 0.016659891751022671 -0.023837069172963996 0.011342341035687979
leaf_weight=21.001435920596126 8.9272642135620135 421.51311020553112 7.9517405927181235 167.94210620224476 108.91893741488457 30.242526650428772 10.217257261276243 267.73226344585419 91.2948327511549 17.908646017313004 113.22812324762344 18.675507754087448 7.9734908193349829
leaf_count=85 36 1694 32 675 439 122 41 1074 367 72 456 75 32
internal_value=-4.56994e-07 -0.00301729 -0.00163075 0.00673133 -0.00440365 -0.0153563 -0.0314434 0.00466705 0.0037239 -0.0049263 0.00985609 -0.000655072 0.0320636
internal_weight=1293.53 785.696 706.326 175.894 530.432 79.3699 31.2187 507.831 490.931 48.1512 204.523 286.408 16.9008
internal_count=5200 3160 2840 707 2133 320 126 2040 1972 194 823 1149 68
is_linear=0
shrinkage=0.03


Tree=23
num_leaves=15
num_cat=0
split_feature=96 141 109 59 39 63 150 149 127 65 109 143 15 25
split_gain=19.5132 16.4079 14.9078 20.7034 15.9076 14.2047 13.3894 21.3475 15.8122 14.9775 13.686 14.1374 12.758 9.99547
threshold=1.8334820563476437 1186.0000000000002 0.061022693090184744 0.97584340967141392 1.5422348993171344 0.29057759566234148 0.71361937457304847 12.500000000000002 2.0128421954896463 5.951659125188538 0.30322100501707794 1.1565996903549116 4.7917703592908376 -0.6755138027798312
decision_type=2 2 2 2 2 2 2 2 2 2 2 2 2 2
left_child=6 2 4 -4 -2 -3 10 8 -8 -9 11 -1 -7 -12
right_child=1 5 3 -5 -6 12 7 9 -10 -11 13 -13 -14 -15
leaf_value=0.0039928439746654398 0.00098135551298455409 0.036335397292160669 0.031988219063738568 0.0011050253990285504 -0.020793226899782878 0.010016546237959429 -0.013459568445711114 0.016682131610145833 0.017923397059507462 -0.027994268863926725 -0.025277100296320985 -0.013270870173800554 -0.012313014263121966 -0.0015704813581546306
leaf_weight=85.177626103162766 63.528371080756187 16.361382633447647 20.370914578437805 476.75257995724678 57.550058126449585 193.59847667813301 84.28550973534584 73.414684265851974 17.438901841640472 7.4376219213008872 64.169486120343208 85.590046122670174 26.137427672743797 21.326776832342148
leaf_count=343 255 66 82 1914 231 778 340 295 70 30 260 345 105 86
internal_value=-4.9836e-07 0.00264076 7.14095e-05 0.00237054 -0.00936837 0.0093684 -0.00514229 0.00106597 -0.0080795 0.0125723 -0.00956539 -0.00465986 0.00736046 -0.0193636
internal_weight=1293.14 854.299 618.202 497.123 121.078 236.097 438.841 182.577 101.724 80.8523 256.264 170.768 219.736 85.4963
internal_count=5200 3431 2482 1996 486 949 1769 735 410 325 1034 688 883 346
is_linear=0
shrinkage=0.03


Tree=24
num_leaves=15
num_cat=0
split_feature=100 96 86 5 69 60 37 109 0 62 141 82 137 90
split_gain=19.682 16.3262 15.4692 12.9321 12.6404 14.058 12.1712 15.8697 19.0925 14.5012 13.6058 11.7815 10.845 9.51778
threshold=0.6686825715017003 1.566077640177898 3385.5000000000005 4.5000000000000009 1.2022614235614106 16.929208568733788 2.0347753014632 0.036620791550095601 0.16796392332186064 0.15889894419306186 922.00000000000011 20.407738095238098 5014.0000000000009 1.7451127235255683
decision_type=2 2 2 2 2 2 2 2 2 2 2 2 2 2
left_child=6 2 12 -4 13 -6 9 8 -8 -1 -9 -11 -2 -3
right_child=1 4 3 -5 5 -7 7 10 -10 11 -12 -13 -14 -15
leaf_value=0.026248411345538306 0.031976432768715188 0.0021490591149093876 -0.0015045344487421182 -0.018360202284613394 0.00055534524801115269 0.037538647858320721 -0.014500526723541364 0.0038837124048348359 0.030530929903958497 -0.012546550570737197 0.01476871687263121 0.017577195180871533 -0.010760027572419683 -0.024717256071961225
leaf_weight=11.963033944368361 12.374234795570375 19.1349256336689 59.251181527972221 132.7404443770647 386.94062519073486 9.4768395572900754 57.300707250833511 288.35908661782742 9.9442564845085126 90.057710364460945 161.08221019804478 13.427085518836973 9.4065904319286329 31.247281149029732
leaf_count=48 50 77 239 537 1555 38 230 1158 40 362 648 54 38 126
internal_value=-5.44534e-07 -0.00362172 -0.0104402 -0.0131583 -0.000359426 0.00143948 0.00378354 0.00575126 -0.00784123 -0.00502298 0.00778496 -0.00863801 0.0135196 -0.0145136
internal_weight=1292.71 660.572 213.772 191.992 446.8 396.417 632.134 516.686 67.245 115.448 449.441 103.485 21.7808 50.3822
internal_count=5200 2660 864 776 1796 1593 2540 2076 270 464 1806 416 88 203
is_linear=0
shrinkage=0.03


Tree=25
num_leaves=12
num_cat=0
split_feature=84 76 104 54 30 103 36 69 60 28 50
split_gain=18.6645 16.2442 16.3406 14.8854 15.5191 13.5522 12.3274 11.3755 12.592 10.7908 9.91856
threshold=0.7427432262405228 0.62115563839701782 0.27331916809473156 0.067166103585676276 1.3670785994922696 0.31892457088854681 383.23333333333341 1.2755457085383235 8.8231012388569141 1.3714705385486716 630.00000000000011
decision_type=2 2 2 2 2 2 2 2 2 2 2
left_child=6 3 -3 9 -5 -4 7 10 -9 -2 -1
right_child=1 2 5 4 -6 -7 -8 8 -10 -11 -12
leaf_value=-0.0048794169623772561 0.032409305425761474 0.031432543296700005 -0.024591801739417378 0.0098928156456874472 -0.0028396106863635582 -0.0011000467979324947 -0.039666428083867875 -0.005096505662977471 0.018291897901368859 0.0087041779894899488 -0.033006896266225084
leaf_weight=22.023521468043327 30.747771620750427 13.423388510942457 23.041130200028419 184.13512721657753 161.91703820228577 541.94125266373158 9.8078694641590101 219.76118922233582 22.873802185058594 39.46577262878418 23.136426746845245
leaf_count=89 124 54 93 740 651 2179 40 885 92 159 94
internal_value=-5.90803e-07 0.00197152 -0.00128085 0.00649072 0.00393534 -0.00205809 -0.00659193 -0.00546477 -0.00289162 0.0190851 -0.0192897
internal_weight=1292.27 994.671 578.406 416.266 346.052 564.982 297.603 287.795 242.635 70.2135 45.1599
internal_count=5200 4000 2326 1674 1391 2272 1200 1160 977 283 183
is_linear=0
shrinkage=0.03


Tree=26
num_leaves=15
num_cat=0
split_feature=100 84 107 109 37 104 96 98 120 112 63 67 60 106
split_gain=18.1796 15.6759 14.1191 14.7953 15.1125 13.6117 13.1251 15.4165 12.7664 12.5977 10.9089 11.8098 10.6726 5.84865
threshold=0.6686825715017003 0.5638504090817037 0.41476771981365052 0.033974269937992262 1.9233132719982715 2.9790511123049646 1.3581860454327763 0.96312135804683063 0.73655292076344725 1.275896836300469 0.3837000138370002 1.0836513994910943 16.929208568733788 0.29693335714537761
decision_type=2 2 2 2 2 2 2 2 2 2 2 2 2 2
left_child=2 10 5 -4 -5 8 7 -3 -1 -7 13 -12 -8 -2
right_child=1 6 3 4 -6 9 12 -9 -10 -11 11 -13 -14 -15
leaf_value=0.010724168307457722 -0.048452387137008328 -0.0004925401554694217 -0.045249701327028408 -0.034871015437574066 0.0025641781650616985 -0.0025202011877482268 -5.2674787424653609e-05 -0.020063011432255216 0.00075032361556672412 0.035760020940912997 -0.027051464392858153 0.0025709691086496368 0.028983283171960555 -0.017216295855985764
leaf_weight=173.83646859228611 11.980103477835657 77.225404158234596 8.6632250100374204 11.649617388844488 58.15856908261776 11.449854820966719 430.25622107088566 68.235664427280426 344.18755722045898 23.861824318766594 19.897158965468407 30.960500702261925 11.7029782384634 9.8146944940090162
leaf_count=699 49 312 35 47 234 46 1730 276 1383 96 81 125 47 40
internal_value=-5.99857e-07 -0.00348236 0.00363692 -0.00827197 -0.00368302 0.00532579 -0.00185646 -0.00967303 0.00409731 0.0233476 -0.0166283 -0.00901828 0.000716191 -0.0343861
internal_weight=1291.88 660.073 631.807 78.4714 69.8082 553.336 587.42 145.461 518.024 35.3117 72.6525 50.8577 441.959 21.7948
internal_count=5200 2660 2540 316 281 2224 2365 588 2082 142 295 206 1777 89
is_linear=0
shrinkage=0.03


Tree=27
num_leaves=15
num_cat=0
split_feature=96 55 102 75 106 128 4 102 123 54 136 78 88 69
split_gain=17.2141 13.7472 17.4875 16.7166 14.3063 14.1356 13.8549 12.2791 11.9893 12.6811 11.2189 10.3283 9.40038 7.94631
threshold=3.0504318354084803 0.32043277584099578 0.021716834776155543 0.601141371909376 0.39164724789739097 2.1655352648456687 37.837526733157837 0.02351728732258886 0.15388020696122354 0.094177621442677398 332.50000000000006 0.081999231557377053 314.50000000000006 2.6128124467143103
decision_type=2 2 2 2 2 2 2 2 2 2 2 2 2 2
left_child=1 3 5 6 -4 -3 -1 8 13 -10 12 -5 -9 -2
right_child=7 2 4 11 -6 -7 -8 10 9 -11 -12 -13 -14 -15
leaf_value=-0.0012889172739144127 0.049468925387134564 -0.012446425314723295 0.017996682040491249 -0.036841423653060028 -0.01853622097226781 0.016307083221470946 0.0089688905815048549 -0.0061765248718086401 0.017958192186259641 0.0028226437080020594 -0.028816810141833033 -0.0077058452741444062 0.027302096667030741 0.01425851487579201
leaf_weight=342.09302248060703 9.4243482947349566 240.19323801994324 37.787946656346321 13.408430099487303 12.9544161260128 16.441025570034981 181.31380821764469 38.133229404687881 63.087539777159691 236.89535015821457 15.673597335815428 59.729530081152916 9.4113047868013364 14.870793983340262
leaf_count=1377 38 968 152 54 52 66 730 153 255 953 63 241 38 60
internal_value=-6.94405e-07 -0.00226846 -0.00742252 0.000387233 0.00866991 -0.0106044 0.0022645 0.00528937 0.00764732 0.00600571 -0.00680573 -0.0130473 0.000450473 0.027917
internal_weight=1291.42 903.921 307.377 596.545 50.7424 256.634 523.407 387.496 324.278 299.983 63.2181 73.138 47.5445 24.2951
internal_count=5200 3640 1238 2402 204 1034 2107 1560 1306 1208 254 295 191 98
is_linear=0
shrinkage=0.03


Tree=28
num_leaves=14
num_cat=0
split_feature=84 76 54 60 53 54 65 142 5 118 128 74 138
split_gain=16.8559 14.4755 13.5791 13.8017 13.3495 13.1238 11.917 13.5171 16.6328 15.4883 10.7657 10.1813 9.78371
threshold=0.7427432262405228 0.62115563839701782 0.067166103585676276 1.0932091210382777 0.82066293085027053 1.2070317424248416 5.9078202406227893 6.1884219363940263 9.5000000000000018 0.8320473556341651 2.9104183261601402 0.50454545454545463 2610.5000000000005
decision_type=2 2 2 2 2 2 2 2 2 2 2 2 2
left_child=6 2 4 -4 -2 10 7 8 -1 -9 -3 -8 -7
right_child=1 5 3 -5 -6 12 11 9 -10 -11 -12 -13 -14
leaf_value=-0.0048069945822724136 0.022800647375598636 -0.003086357441960552 0.01826499285424777 0.0012360089133077519 -0.019015713429269575 -0.01106575581318882 -0.046141096827493629 -0.00011709924685265337 -0.031315029970125016 0.04077835354128645 0.019676733745380474 -0.0018588666856882887 0.027467605618022493
leaf_weight=211.60907299816608 62.305581018328667 527.3198539763689 50.090751484036446 295.71706077456474 7.7225583493709555 7.9467146694660213 11.971176251769068 30.758805736899376 23.688429281115532 11.432786613702772 19.386673584580421 7.6648525148630133 23.370450526475906
leaf_count=854 252 2122 202 1189 31 32 49 124 96 46 78 31 94
internal_value=-6.76817e-07 0.00187364 0.00614226 0.00370268 0.0181892 -0.00119725 -0.00627012 -0.00467189 -0.00747567 0.0109645 -0.00227916 -0.0288557 0.0176898
internal_weight=1290.98 993.86 415.836 345.808 70.0281 578.024 297.125 277.489 235.298 42.1916 546.707 19.636 31.3172
internal_count=5200 4000 1674 1391 283 2326 1200 1120 950 170 2200 80 126
is_linear=0
shrinkage=0.03


Tree=29
num_leaves=15
num_cat=0
split_feature=100 84 107 109 37 104 106 105 96 98 69 63 9 157
split_gain=16.3921 14.4086 13.3367 13.8968 14.143 12.5195 12.2138 12.1408 11.9428 14.4744 10.262 10.2515 10.1164 8.57863
threshold=0.6686825715017003 0.5638504090817037 0.41476771981365052 0.033974269937992262 1.9233132719982715 2.9790511123049646 0.31093986816352798 0.1372536473589567 1.3581860454327763 0.96312135804683063 1.2022614235614106 0.3837000138370002 0.48827169132524068 0.38750000000000007
decision_type=2 2 2 2 2 2 2 2 2 2 2 2 2 2
left_child=2 11 5 -4 -5 7 -7 -1 9 -3 -10 13 -13 -2
right_child=1 8 3 4 -6 6 -8 -9 10 -11 -12 12 -14 -15
leaf_value=0.0020070612272532697 -0.049589770425960564 -0.00032195597916385592 -0.044061241892641746 -0.033917398707862562 0.0023515250018065377 0.040595597934078895 0.0052588107826262191 0.014962954205525654 -0.012082960085815648 -0.019303099149785584 0.0023378429164671341 -0.024168383887861876 0.0029343506541331249 -0.01142290789295561
leaf_weight=441.28909499943256 12.36220693588257 77.170511960983276 8.6210422366857511 11.609083250164984 58.12444406747818 17.093429982662201 18.151117444038391 76.360486164689064 50.093236371874809 68.034495264291763 391.57250262796879 21.529621303081512 29.213510304689407 9.277951240539549
leaf_count=1775 51 312 35 47 234 69 73 307 202 276 1575 88 118 38
internal_value=-6.77257e-07 -0.00330919 0.00345462 -0.00812872 -0.00368645 0.00509617 0.022397 0.00391823 -0.0017516 -0.0092154 0.000702251 -0.0159378 -0.00856497 -0.0332262
internal_weight=1290.5 659.254 631.249 78.3546 69.7335 552.894 35.2445 517.65 586.871 145.205 441.666 72.3833 50.7431 21.6402
internal_count=5200 2660 2540 316 281 2224 142 2082 2365 588 1777 295 206 89
is_linear=0
shrinkage=0.03


Tree=30
num_leaves=15
num_cat=0
split_feature=100 84 107 109 29 121 4 96 98 109 60 63 67 157
split_gain=15.4304 13.6044 12.556 13.1612 12.2868 12.8325 12.0599 11.2507 13.6651 10.5147 9.99062 9.74103 10.5552 8.20835
threshold=0.6686825715017003 0.5638504090817037 0.41476771981365052 0.033974269937992262 2.5878609212009676 0.53484692375625553 36.903575512602806 1.3581860454327763 0.96312135804683063 0.5444010452221969 16.929208568733788 0.3837000138370002 1.0836513994910943 0.38750000000000007
decision_type=2 2 2 2 2 2 2 2 2 2 2 2 2 2
left_child=2 11 4 -4 5 -1 -5 8 -3 -6 -9 13 -13 -2
right_child=1 7 3 6 9 -7 -8 10 -10 -11 -12 12 -14 -15
leaf_value=0.0078114741306108109 -0.048514521258677119 -0.00031230663886736292 -0.042960248626576873 -0.015321154806130959 0.028796926688698612 -0.0017862330495003241 0.0096846652428194575 -6.2855741937071859e-05 -0.018766122931072684 -0.0068453018985666844 0.028043501964218304 -0.025458423462059135 0.0026175733149035574 -0.011097017518124518
leaf_weight=290.06718264520168 12.258662983775141 77.168264120817184 8.5773758292198163 36.963522017002106 32.227734535932541 220.82690893113613 32.726566091179848 429.95501421391964 67.884095191955566 9.688613682985304 11.691700056195257 19.741321071982384 30.938151583075523 9.2641199529170972
leaf_count=1167 51 312 35 149 130 888 132 1730 276 39 47 81 125 38
internal_value=-7.90458e-07 -0.00321186 0.00335185 -0.00789427 0.00494409 0.003663 -0.00357839 -0.00169963 -0.00894864 0.0205585 0.000681203 -0.0154999 -0.00831895 -0.0324088
internal_weight=1289.98 658.901 631.078 78.2675 552.81 510.894 69.6901 586.699 145.052 41.9163 441.647 72.2023 50.6795 21.5228
internal_count=5200 2660 2540 316 2224 2055 281 2365 588 169 1777 295 206 89
is_linear=0
shrinkage=0.03


Tree=31
num_leaves=13
num_cat=0
split_feature=84 76 104 30 69 156 103 65 142 5 118 74
split_gain=14.8191 13.0232 15.183 13.0679 13.1347 13.0738 12.1428 11.0662 12.593 15.5469 14.5092 9.61354
threshold=0.7427432262405228 0.62115563839701782 0.27331916809473156 1.2723376927817824 8.605150275345304 0.36666666666666675 0.31892457088854681 5.9078202406227893 6.1884219363940263 9.5000000000000018 0.8320473556341651 0.50454545454545463
decision_type=2 2 2 2 2 2 2 2 2 2 2 2
left_child=7 3 -3 5 -5 -2 -4 8 9 -1 -10 -9
right_child=1 2 6 4 -6 -7 -8 11 10 -11 -12 -13
leaf_value=-0.00448251732443441 0.025513003436274804 0.0304077013948921 -0.023295697233189187 0.0025017191247958129 -0.029574209623570477 0.0071806192947297372 -0.0010012493730727817 -0.044675834531785648 1.4418856186885798e-05 -0.030180707532892447 0.039609199474706661 -0.0015286260001480879
leaf_weight=211.24285231530666 45.29537396132946 13.396635353565214 22.918126329779625 203.74268132448196 12.176181286573408 154.19970920681953 541.25794179737568 11.838397994637491 30.723650589585304 23.549661979079247 11.427352666854857 7.6512223035097113
leaf_count=854 183 54 93 821 49 621 2179 49 124 96 46 31
internal_value=-8.92369e-07 0.00175633 -0.00115737 0.0058074 0.000692881 0.011343 -0.0019069 -0.0058872 -0.00434953 -0.00706004 0.0107488 -0.0277371
internal_weight=1289.42 992.987 577.573 415.414 215.919 199.495 564.176 296.433 276.944 234.793 42.151 19.4896
internal_count=5200 4000 2326 1674 870 804 2272 1200 1120 950 170 80
is_linear=0
shrinkage=0.03


Tree=32
num_leaves=15
num_cat=0
split_feature=100 84 107 109 37 104 120 124 96 147 69 63 67 157
split_gain=14.245 12.4982 11.7937 12.4642 13.1101 11.7944 11.7871 11.5387 10.3814 12.7596 9.53545 9.22295 10.0005 7.82974
threshold=0.6686825715017003 0.5638504090817037 0.41476771981365052 0.033974269937992262 1.9233132719982715 2.9790511123049646 0.73655292076344725 0.42926880442684157 1.3581860454327763 25.156966295531067 1.2022614235614106 0.3837000138370002 1.0836513994910943 0.38750000000000007
decision_type=2 2 2 2 2 2 2 2 2 2 2 2 2 2
left_child=2 11 5 -4 -5 6 -1 -7 9 -3 -10 13 -13 -2
right_child=1 8 3 4 -6 7 -8 -9 10 -11 -12 12 -14 -15
leaf_value=0.0099947640314786961 -0.047301204467517462 -0.011946557704094557 -0.041932156522839353 -0.032692297358118315 0.0023090738653309202 -0.003161422965697954 0.00040370603613158371 0.033500321868095734 -0.011685450475719783 0.015155820260916173 0.0022221795382492736 -0.024649660182246711 0.0027221453265065618 -0.010625680763136249
leaf_weight=173.52460998296738 12.106279730796816 126.99803078174591 8.5226816385984403 11.545964404940603 58.073524251580238 11.454117849469183 343.82648193836212 23.740148067474365 50.04022204875946 17.828480809926987 391.47244447469711 19.645917803049088 30.920437216758728 9.2353677749633771
leaf_count=699 51 516 35 47 234 46 1383 96 202 72 1575 81 125 38
internal_value=-9.17275e-07 -0.00308801 0.00322107 -0.00768781 -0.00349569 0.00476383 0.00362064 0.0215686 -0.00164036 -0.00861019 0.000645915 -0.0148922 -0.00791228 -0.0314303
internal_weight=1288.93 658.247 630.688 78.1422 69.6195 552.545 517.351 35.1943 586.339 144.827 441.513 71.908 50.5664 21.3416
internal_count=5200 2660 2540 316 281 2224 2082 142 2365 588 1777 295 206 89
is_linear=0
shrinkage=0.03


Tree=33
num_leaves=10
num_cat=0
split_feature=150 57 4 3 148 83 37 26 25
split_gain=14.1066 12.727 13.9971 18.4803 13.6294 12.368 11.3039 7.84222 4.34108
threshold=0.067711482265215658 10.470043879316757 37.837526733157837 1.4505459848459084 33.500000000000007 7.1227779183582731 2.1552387823387824 -1.0309609941264093 -1.8486206566181063
decision_type=2 2 2 2 2 2 2 2 2
left_child=7 2 5 -4 6 -2 -3 -1 -6
right_child=1 4 3 -5 8 -7 -8 -9 -10
leaf_value=-0.047123660097682124 -0.0017757613203774846 -0.026883015895309652 0.0043159097158611071 0.041144538297187103 -0.053631170850296624 0.031579160303809313 0.0062330932438503621 -0.009387129968594126 -0.021487385543559466
leaf_weight=8.318137079477312 770.30173714458942 13.815084427595137 417.47204257547855 12.633601441979406 7.7013452649116516 10.136748194694517 28.238159522414207 12.263297379016874 7.4289239943027479
leaf_count=34 3107 56 1686 51 31 41 114 50 30
internal_value=-1.02871e-06 0.00039896 0.00105227 0.00539769 -0.0134312 -0.00134253 -0.00464602 -0.0246386 -0.0378487
internal_weight=1288.31 1267.73 1210.54 430.106 57.1835 780.438 42.0532 20.5814 15.1303
internal_count=5200 5116 4885 1737 231 3148 170 84 61
is_linear=0
shrinkage=0.03


Tree=34
num_leaves=10
num_cat=0
split_feature=17 72 87 23 104 121 29 4 93
split_gain=13.7164 16.5 13.8669 13.5218 16.0766 13.9341 13.3946 12.4021 8.92489
threshold=0.77680729130269877 0.72124296036175484 285.50000000000006 -0.67130917969041082 0.34261569532597208 0.083220118075230179 2.6260660717433493 37.000194192337055 1.6230962983329622
decision_type=2 2 2 2 2 2 2 2 2
left_child=2 -2 3 4 -1 -5 7 -3 -8
right_child=1 6 -4 5 -6 -7 8 -9 -10
leaf_value=0.021011376073469239 0.036713172856380275 -0.0021612218941904223 -0.039757536660944601 0.022051158544257436 -0.0010579008661418289 -0.011574519455337721 0.048958148194291368 0.0077588556428911364 0.010310383041340769
leaf_weight=31.358646750450134 13.38457342982292 278.96339750289917 8.8843659013509733 11.886283233761786 564.09969700872898 165.81880770623684 8.8830409944057482 191.14195220172405 13.627879992127417
leaf_count=127 54 1122 36 48 2277 672 36 773 55
internal_value=-1.02742e-06 0.0038477 -0.00249123 -0.002063 0.000104334 -0.00932538 0.00295473 0.00187222 0.0255612
internal_weight=1288.05 506.001 782.048 773.163 595.458 177.705 492.616 470.105 22.5109
internal_count=5200 2040 3160 3124 2404 720 1986 1895 91
is_linear=0
shrinkage=0.03


Tree=35
num_leaves=14
num_cat=0
split_feature=91 50 83 36 65 98 55 54 11 56 97 83 135
split_gain=13.2823 16.5306 16.1062 16.6857 14.2943 15.8901 13.2292 19.8748 18.3941 13.152 13.0602 17.1168 12.7794
threshold=2.0703214568573594 1950.0000000000002 5.7607852862163584 390.21666666666675 3.5232162203993194 2.2650737791027926 0.26370430246671539 0.23591196774781881 2.8423514015677411 0.34098201527430494 6.3866133493749153 5.7607852862163584 76.500000000000014
decision_type=2 2 2 2 2 2 2 2 2 2 2 2 2
left_child=1 2 3 -1 5 -3 7 12 -9 -4 11 -8 -2
right_child=6 4 9 -5 -6 -7 10 8 -10 -11 -12 -13 -14
leaf_value=-0.00031694250179963154 0.052348211555237889 -0.013406819873461795 0.041091879803550273 -0.035364083380039213 -0.043054433696913419 0.03021654091707059 0.016785773701550887 0.027194790685045624 -0.015640033594557366 -0.0071342467981020345 0.044162735681115374 -0.030936335087851541 0.0092038992309497799
leaf_weight=963.63205677270889 7.3001781105995169 70.326084434986115 15.046810373663904 12.383049994707106 12.690595015883444 8.4141409993171674 58.370255172252655 10.608225569128988 60.360136523842812 7.6907334327697745 12.990134701132773 7.6510121822357169 40.226045593619347
leaf_count=3887 30 285 61 51 52 34 236 43 243 31 53 31 163
internal_value=-9.85622e-07 -0.00129784 -0.000180122 -0.000761598 -0.0135074 -0.00874525 0.00715734 0.000817266 -0.00923716 0.0247799 0.0166656 0.0112554 0.015831
internal_weight=1287.69 1090.18 998.753 976.015 91.4308 78.7402 197.506 118.495 70.9684 22.7375 79.0114 66.0213 47.5262
internal_count=5200 4401 4030 3938 371 319 799 479 286 92 320 267 193
is_linear=0
shrinkage=0.03


Tree=36
num_leaves=12
num_cat=0
split_feature=84 76 0 30 136 98 156 36 109 5 27
split_gain=13.1362 11.1286 15.4772 14.4013 12.5254 12.1466 11.6662 10.7179 10.3066 12.4018 9.90415
threshold=0.7427432262405228 0.72281323877068571 -0.1837400471701521 1.2723376927817824 14.500000000000002 0.050456448365101929 0.36666666666666675 383.23333333333341 0.28152604881658322 9.5000000000000018 0.40606046531751211
decision_type=2 2 2 2 2 2 2 2 2 2 2
left_child=7 3 -3 6 -4 -5 -2 8 9 -1 -10
right_child=1 2 4 5 -6 -7 -8 -9 10 -11 -12
leaf_value=0.0028299405352281365 0.023073730161389642 -0.043082895741415217 0.02043354065695396 -0.027203604473742725 -0.0017427934488350107 0.0016590553939700549 0.0067775421443274572 -0.036769027742686082 -0.034706973161440981 -0.021352361236875807 -0.0082236561378683029
leaf_weight=157.35151083767414 51.552689984440804 7.8765550106763831 24.041646346449852 13.908612430095671 492.27464067935944 232.26336675882339 169.62600927054882 9.5769927650690061 14.738467186689375 21.721540406346321 92.301561698317528
leaf_count=637 209 32 97 56 1985 937 684 40 60 89 374
internal_value=-8.69722e-07 0.0016541 -0.00134687 0.00502007 -0.000710179 2.83274e-05 0.0105759 -0.00555051 -0.00450554 -0.00010337 -0.0118702
internal_weight=1287.23 991.544 524.193 467.351 516.316 246.172 221.179 295.69 286.113 179.073 107.04
internal_count=5200 4000 2114 1886 2082 993 893 1200 1160 726 434
is_linear=0
shrinkage=0.03


Tree=37
num_leaves=9
num_cat=0
split_feature=150 84 56 63 88 36 109 26
split_gain=13.057 12.4033 10.3482 14.0334 10.7918 10.0424 10.735 7.43297
threshold=0.067711482265215658 0.7427432262405228 0.97882359840904709 0.15630272778402701 453.50000000000006 383.23333333333341 0.28152604881658322 -1.0309609941264093
decision_type=2 2 2 2 2 2 2 2
left_child=7 5 3 -3 -4 6 -2 -1
right_child=1 2 4 -5 -6 -7 -8 -9
leaf_value=-0.045763729841784888 0.00052346846168240956 0.025878914354436258 -0.0095608499140225605 0.0024583070468346454 0.025827179101631258 -0.035704397424307095 -0.011525327751003607 -0.0089148735709834136
leaf_weight=8.2524574697017687 176.21876879036427 23.67205573618412 98.784488290548325 843.01097024977207 8.4165247529745084 9.3028905093669874 106.9383400529623 12.225068196654318
leaf_count=34 714 96 398 3401 34 39 434 50
internal_value=-9.0019e-07 0.000383379 0.0020104 0.003098 -0.00678248 -0.00503456 -0.00402693 -0.023765
internal_weight=1286.82 1266.34 973.884 866.683 107.201 292.46 283.157 20.4775
internal_count=5200 5116 3929 3497 432 1187 1148 84
is_linear=0
shrinkage=0.03


Tree=38
num_leaves=12
num_cat=0
split_feature=100 59 48 30 110 37 109 55 63 142 37
split_gain=12.4921 12.013 11.4005 10.993 13.1251 10.8763 13.8206 12.7525 10.7103 14.5625 13.2531
threshold=0.6686825715017003 4.7837781099346364 1.1499669770125829 2.1255054911641751 1.5505905628244583 2.0347753014632 0.036620791550095601 0.45830133637352116 0.67573738121683335 10.03217332756209 4.9351432550081897
decision_type=2 2 2 2 2 2 2 2 2 2 2
left_child=2 8 5 4 -3 7 -7 -1 10 -10 -2
right_child=1 3 -4 -5 -6 6 -8 -9 9 -11 -12
leaf_value=0.0009861111931769328 -0.0050570181590944207 0.017964898915190413 -0.026399912263025481 -0.044973652867767111 -0.013418340426059064 -0.0073593148802621727 0.007396640393100065 -0.022174557935589808 0.0086256857656957751 -0.034677140202061044 0.014906730549324362
leaf_weight=86.076981842517853 377.88307274878025 13.86015799641609 11.636553972959517 8.3547603785991651 89.060413241386414 65.70029579102993 437.74164256453514 28.473936006426811 127.85715264081955 7.3936826437711707 32.502070769667625
leaf_count=347 1531 56 47 34 362 265 1766 115 516 30 131
internal_value=-9.3267e-07 -0.00289505 0.00301858 -0.0118786 -0.00919201 0.00357252 0.00547096 -0.00477094 -0.00106298 0.00625847 -0.00347591
internal_weight=1286.54 656.911 629.629 111.275 102.921 617.993 503.442 114.551 545.636 135.251 410.385
internal_count=5200 2660 2540 452 418 2493 2031 462 2208 546 1662
is_linear=0
shrinkage=0.03


Tree=39
num_leaves=12
num_cat=0
split_feature=96 50 65 110 55 65 138 112 102 60 25
split_gain=11.7649 12.9562 14.64 14.6698 12.7914 19.1606 15.4496 11.2942 10.9975 22.8327 15.0864
threshold=3.0504318354084803 1950.0000000000002 3.5232162203993194 1.6782015701082287 0.32043277584099578 1.1918569711538465 17451.000000000004 2.4963088897734038 0.0051870743165657587 3.0633090372330538 -0.23087415802280015
decision_type=2 2 2 2 2 2 2 2 2 2 2
left_child=1 4 3 -3 6 -6 -1 -2 9 -9 -10
right_child=7 2 -4 -5 5 -7 -8 8 10 -11 -12
leaf_value=0.0032010990741398516 0.033100585856986012 -0.038059818360340607 -0.046794120566928346 -0.0017667415560048338 -0.016300989633620949 -1.7068484570927549e-05 -0.017818873394044803 0.019782870354434347 -0.0013117624562108668 -0.0091112616888269042 0.040533102776159742
leaf_weight=509.92977188527584 11.943149089813231 12.300598561763762 10.3808456659317 54.14511151611805 102.6929936259985 177.33411428332329 33.539752066135406 81.797521755099297 248.85876843333244 35.208625942468643 8.0037244707345945
leaf_count=2059 49 50 43 220 415 717 136 331 1005 142 33
internal_value=-9.47366e-07 -0.00187923 -0.0136617 -0.00848541 -0.000780002 -0.00598879 0.00190387 0.00438217 0.00346476 0.0110883 -7.89451e-06
internal_weight=1286.13 900.323 76.8266 66.4457 823.497 280.027 543.47 385.812 373.869 117.006 256.862
internal_count=5200 3640 313 270 3327 1132 2195 1560 1511 473 1038
is_linear=0
shrinkage=0.03


Tree=40
num_leaves=10
num_cat=0
split_feature=150 57 4 3 121 37 100 84 26
split_gain=12.2974 11.7247 12.1857 17.1564 12.3366 9.90288 8.49905 7.61385 7.09326
threshold=0.067711482265215658 10.470043879316757 37.837526733157837 1.4505459848459084 0.60762747961543162 2.1552387823387824 0.43712675244471932 1.1170989812394325 -1.0309609941264093
decision_type=2 2 2 2 2 2 2 2 2
left_child=8 2 4 -4 -2 7 -7 -3 -1
right_child=1 5 3 -5 -6 6 -8 -9 -10
leaf_value=-0.044700550989500841 0.0015907438282449545 -0.048107075558514026 0.0040158426118412837 0.039585384317280342 -0.0062764452961938302 0.024693029911463323 -0.011083235695270184 -0.009908965904987823 -0.0086121693081014829
leaf_weight=8.1936150491237658 499.0301312059164 10.281773477792742 416.64506469666958 12.57258081436157 280.06951050460339 7.4234401583671561 30.653342545032501 8.645250737667082 12.200886532664297
leaf_count=34 2016 42 1686 51 1132 30 124 35 50
internal_value=-9.319e-07 0.000371556 0.000998794 0.00505774 -0.00123734 -0.0129241 -0.0041083 -0.0306594 -0.0231109
internal_weight=1285.72 1265.32 1208.32 429.218 779.1 57.0038 38.0768 18.927 20.3945
internal_count=5200 5116 4885 1737 3148 231 154 77 84
is_linear=0
shrinkage=0.03


Tree=41
num_leaves=10
num_cat=0
split_feature=150 84 52 34 111 56 63 88 105
split_gain=11.6136 11.4259 10.0403 13.9615 13.4403 9.45456 13.239 10.124 6.15922
threshold=0.067711482265215658 0.7427432262405228 1350.0000000000002 2.5000000000000004 2.17153616357021 0.97882359840904709 0.15630272778402701 453.50000000000006 0.051861525203360556
decision_type=2 2 2 2 2 2 2 2 2
left_child=8 2 4 -4 -2 6 -3 -7 -1
right_child=1 5 3 -5 -6 7 -8 -9 -10
leaf_value=-0.0015828550784863307 -0.020509824186391232 0.025118688031035407 -0.0041841678068356928 0.02201436958283353 0.020029620385112416 -0.0091779609853725012 0.0023412788879413129 0.025129283927244103 -0.035540894881179244
leaf_weight=7.804091855883601 56.576535597443581 23.609836533665657 206.92347599565983 20.08401346206665 8.4610228687524778 98.688179194927216 842.35537885129452 8.4004427194595319 12.517547041177748
leaf_count=32 230 96 842 81 34 398 3401 34 52
internal_value=-9.56192e-07 0.000360453 -0.00484367 -0.00186631 -0.0152359 0.00192238 0.00296229 -0.00648677 -0.0225
internal_weight=1285.42 1265.1 292.045 227.007 65.0376 973.054 865.965 107.089 20.3216
internal_count=5200 5116 1187 923 264 3929 3497 432 84
is_linear=0
shrinkage=0.03


Tree=42
num_leaves=13
num_cat=0
split_feature=100 59 107 99 62 90 105 30 110 147 147 148
split_gain=11.4006 11.1671 11.0099 11.0745 10.8605 13.805 11.2395 10.4237 12.3966 10.1217 10.4372 8.9756
threshold=0.6686825715017003 4.7837781099346364 0.41476771981365052 0.48744426465044283 0.47841614906832303 1.0000000180025095e-35 0.14334490287401092 2.1255054911641751 1.5505905628244583 50.977378296406741 26.300728401868614 5.5000000000000009
decision_type=2 2 2 2 2 2 2 2 2 2 2 2
left_child=2 9 4 11 6 -6 -1 8 -3 10 -2 -4
right_child=1 7 3 -5 5 -7 -8 -9 -10 -11 -12 -13
leaf_value=-8.2002960910265357e-05 -0.0017973706298976546 0.017577441065943118 -0.03828369429692146 0.027390451069453675 -0.0221203606402526 0.014182968605316905 0.014291537971427197 -0.043751444284548732 -0.012938476955666578 -0.034662132596725174 0.013023135499395539 -0.0070764371026500721
leaf_weight=353.42752438783646 490.30999292433262 13.847819373011587 9.6021086275577527 7.341585084795951 10.160173460841177 130.69263339042664 56.835959926247597 8.3126603811979276 88.86983086168766 7.9228740483522406 46.852978676557541 60.913218557834625
leaf_count=1426 1986 56 39 30 41 528 229 34 362 32 190 247
internal_value=-9.73599e-07 -0.00276756 0.002885 -0.00767515 0.00437685 0.0115643 0.00190924 -0.0114394 -0.00882449 -0.00100116 -0.000504681 -0.0113259
internal_weight=1285.09 656.116 628.973 77.8569 551.116 140.853 410.263 111.03 102.718 545.086 537.163 70.5153
internal_count=5200 2660 2540 316 2224 569 1655 452 418 2208 2176 286
is_linear=0
shrinkage=0.03


Tree=43
num_leaves=10
num_cat=0
split_feature=150 57 148 57 86 4 37 105 8
split_gain=10.8932 10.9639 12.4686 11.2229 15.4192 13.0737 9.70307 5.89097 4.1166
threshold=0.067711482265215658 10.470043879316757 33.500000000000007 7.5952653476305132 88407.000000000015 68.805650717735844 2.1552387823387824 0.051861525203360556 0.38830625543667729
decision_type=2 2 2 2 2 2 2 2 2
left_child=7 3 6 5 -5 -2 -3 -1 -4
right_child=1 2 8 4 -6 -7 -8 -9 -10
leaf_value=-0.0013892868555146923 0.00082572600822206164 -0.02482458567005752 -0.051376854900888065 0.0032173315170163979 0.031058225120056526 -0.015418378185943556 0.0059683193667304669 -0.034654605176457111 -0.019989185417299462
leaf_weight=7.7932806462049511 1074.5870415717363 13.684206157922743 7.6477528214454633 61.145958825945854 25.315904840826988 46.521684125065804 28.166664525866508 12.437875032424925 7.3989496976137161
leaf_count=32 4347 56 31 247 103 188 114 52 30
internal_value=-9.7367e-07 0.000348452 -0.012521 0.000954826 0.0113691 0.000151658 -0.0041002 -0.0218404 -0.0359425
internal_weight=1284.7 1264.47 56.8976 1207.57 86.4619 1121.11 41.8509 20.2312 15.0467
internal_count=5200 5116 231 4885 350 4535 170 84 61
is_linear=0
shrinkage=0.03


Tree=44
num_leaves=9
num_cat=0
split_feature=17 72 87 23 98 118 30 19
split_gain=10.7321 14.9694 13.0963 12.7622 15.342 12.7216 14.2403 11.2692
threshold=0.77680729130269877 0.72124296036175484 285.50000000000006 -0.67130917969041082 0.12424427202144384 0.052854356883255037 0.3828126990642286 1.6919038526809989
decision_type=2 2 2 2 2 2 2 2
left_child=2 -2 3 4 -1 -3 -7 -5
right_child=1 5 -4 7 -6 6 -8 -9
leaf_value=0.018680156116882705 0.03482672373527386 -0.033434384344820066 -0.038530605042722564 0.0053759508703722717 -0.00094895872778052396 -0.017551704558034221 0.0044855225476188674 -0.012881665748686318
leaf_weight=38.306648895144463 13.288918942213057 8.6817479133605939 8.8319292813539487 39.025539711117744 555.68904076516628 28.01712292432785 454.55207726359367 138.08174723386765
leaf_count=155 54 35 36 159 2249 113 1838 561
internal_value=-9.95701e-07 0.00340844 -0.00220656 -0.00179052 0.000316918 0.00255854 0.00320608 -0.00885861
internal_weight=1284.47 504.54 779.935 771.103 593.996 491.251 482.569 177.107
internal_count=5200 2040 3160 3124 2404 1986 1951 720
is_linear=0
shrinkage=0.03


Tree=45
num_leaves=15
num_cat=0
split_feature=100 84 107 101 4 104 106 105 145 36 59 97 58 55
split_gain=10.6232 10.5628 10.3817 11.2836 11.2271 10.8411 11.574 10.5059 9.79193 12.6565 9.22591 8.69418 9.12017 6.16926
threshold=0.6686825715017003 0.5638504090817037 0.41476771981365052 0.1120240129684666 36.903575512602806 2.9790511123049646 0.31093986816352798 0.1372536473589567 1.2217811907229608 214.60833333333332 4.8991507631094739 1.6273536633225187 2.7454930834103748 0.09545784528885963
decision_type=2 2 2 2 2 2 2 2 2 2 2 2 2 2
left_child=2 11 5 -4 -5 7 -7 -1 9 -3 -10 13 -13 -2
right_child=1 8 3 4 -6 6 -8 -9 10 -11 -12 12 -14 -15
leaf_value=0.0013579431789851749 -0.005947850617588556 0.034900027659395177 0.027177034776205172 -0.022246962999576715 0.0018502865785690837 0.038217292960128414 0.0036930887454750161 0.013435556454553729 -0.00054349746615388892 -0.00669177838988035 -0.011214876292120214 0.0063407736314435859 -0.022687948079997959 -0.035276447309711662
leaf_weight=439.73177739977837 9.4636878222227114 14.815612226724626 7.6276077181100836 38.109731614589691 32.022697061300278 16.927588909864426 18.066779538989067 76.027716934680939 471.62515141069889 11.852693378925322 86.248012751340866 25.635819122195244 15.709864273667334 20.303408101201057
leaf_count=1775 39 60 31 155 130 69 73 307 1907 48 350 105 66 85
internal_value=-9.78939e-07 -0.00267249 0.0027859 -0.00747529 -0.0112441 0.00423466 0.0203932 0.0031383 -0.00134437 0.0164146 -0.00219331 -0.0135896 -0.00468909 -0.0259522
internal_weight=1284.17 655.654 628.514 77.76 70.1324 550.754 34.9944 515.759 584.541 26.6683 557.873 71.1128 41.3457 29.7671
internal_count=5200 2660 2540 316 285 2224 142 2082 2365 108 2257 295 171 124
is_linear=0
shrinkage=0.03


Tree=46
num_leaves=7
num_cat=0
split_feature=5 24 100 48 84 14
split_gain=10.2245 11.2678 10.6104 10.3733 10.1358 9.7073
threshold=1.0000000180025095e-35 -0.099189444926434792 0.6686825715017003 1.1499669770125829 0.5638504090817037 6.1844976235730247
decision_type=2 2 2 2 2 2
left_child=5 2 3 -2 -4 -1
right_child=1 -3 4 -5 -6 -7
leaf_value=-0.0011186181605230491 0.0033266476092837505 -0.027262471373623972 -0.013486332944037477 -0.025302595510704306 -0.0014427809637751164 0.035750954721467929
leaf_weight=11.970829471945764 590.73943330347538 13.882926717400549 70.676976278424263 11.614385038614271 570.91237515211105 13.877613693475721
leaf_count=49 2387 56 294 47 2310 57
internal_value=-1.01478e-06 -0.00038483 -8.48647e-05 0.00277463 -0.00276949 0.0186761
internal_weight=1283.67 1257.83 1243.94 602.354 641.589 25.8484
internal_count=5200 5094 5038 2434 2604 106
is_linear=0
shrinkage=0.03


Tree=47
num_leaves=10
num_cat=0
split_feature=150 57 148 109 39 57 37 64 8
split_gain=10.1555 10.3199 11.7951 10.3994 19.165 14.0271 9.05571 6.72742 3.88974
threshold=0.067711482265215658 10.470043879316757 33.500000000000007 0.033974269937992262 1.5716107830729531 7.5952653476305132 2.1552387823387824 0.69478319783197839 0.38830625543667729
decision_type=2 2 2 2 2 2 2 2 2
left_child=7 3 6 4 -2 -5 -3 -1 -4
right_child=1 2 8 5 -6 -7 -8 -9 -10
leaf_value=-0.0072810544286952741 0.004040266071210284 -0.024050969335871548 -0.050053845050595409 0.0010161748089897707 -0.017383985714553536 0.014443725778810857 0.0057477637223325899 -0.042850196547628089 -0.019483720386674164
leaf_weight=12.276194453239443 76.692309349775314 13.622259497642515 7.6058754026889783 980.71768194437027 73.682248309254646 75.40251824259758 28.136032789945602 7.8432721346616736 7.3815318793058395
leaf_count=51 310 56 31 3971 298 306 114 33 30
internal_value=-9.83043e-07 0.000335809 -0.0121671 0.000923866 -0.00645743 0.00197485 -0.00397309 -0.0211472 -0.0349976
internal_weight=1283.36 1263.24 56.7457 1206.49 150.375 1056.12 41.7583 20.1195 14.9874
internal_count=5200 5116 231 4885 608 4277 170 84 61
is_linear=0
shrinkage=0.03


Tree=48
num_leaves=12
num_cat=0
split_feature=84 141 30 36 30 138 65 142 5 118 83
split_gain=9.84682 10.4236 13.2772 12.7255 12.2764 12.0549 9.9491 11.1757 13.5949 13.4259 6.91483
threshold=0.7427432262405228 1096.0000000000002 0.087844244400778301 35.19166666666667 0.28639022595210512 1966.5000000000002 5.9078202406227893 6.1884219363940263 9.5000000000000018 0.8320473556341651 3.1913754364510458
decision_type=2 2 2 2 2 2 2 2 2 2 2
left_child=6 2 -2 -3 -4 -5 7 8 -1 -9 -8
right_child=1 3 4 5 -6 -7 10 9 -10 -11 -12
leaf_value=-0.0035255079591506411 0.027863586140090373 -0.029863623136260082 -0.022642623356545936 0.016676632424214289 -0.00046423239662021602 0.0032688892679285948 -0.040308724750369646 0.00053440091744558248 -0.027769643219133468 0.038705769624726653 -0.0034454560431428217
leaf_weight=209.96632808446884 14.416763186454771 8.6275511682033521 23.270309597253799 84.48342564702034 646.83948397636414 211.29520140588284 11.576426461338999 30.56143556535244 23.107175543904305 11.38132983446121 7.577313393354415
leaf_count=854 59 35 94 342 2615 855 49 124 96 46 31
internal_value=-1.0376e-06 0.00143232 -0.000621571 0.00605096 -0.0012344 0.00709855 -0.00481966 -0.00336366 -0.0059291 0.0108923 -0.0257254
internal_weight=1283.1 988.933 684.527 304.406 670.11 295.779 294.17 275.016 233.074 41.9428 19.1537
internal_count=5200 4000 2768 1232 2709 1197 1200 1120 950 170 80
is_linear=0
shrinkage=0.03


Tree=49
num_leaves=11
num_cat=0
split_feature=59 98 101 60 30 58 30 4 56 149
split_gain=9.93021 15.659 15.5547 14.1898 18.2654 13.7627 19.4913 14.8978 11.8753 7.6446
threshold=4.7837781099346364 3.0998145427459405 2.2894682897478122 1.8226183345673543 0.26670418360544546 1.3868368174245236 1.3204774207984411 37.099990129740966 0.08383574872098086 13.500000000000002
decision_type=2 2 2 2 2 2 2 2 2 2
left_child=1 5 3 4 -2 6 -1 -7 -5 -3
right_child=2 9 -4 8 -6 7 -8 -9 -10 -11
leaf_value=0.0043735574810586436 -0.04060784040074461 0.0060490805125594871 0.034735621320198702 0.00014385745047260938 0.0092831599921836677 -0.00076309891790664547 -0.013917730169655371 0.0075018534835650718 -0.018032145480002208 0.044815474951758374
leaf_weight=92.073279067873955 7.3860896676778784 7.9410336911678341 8.2661366462707502 47.024404764175415 62.396992281079292 496.92409856617451 121.78009586036205 324.43246966600418 103.67711566388607 10.81051445007324
leaf_count=373 30 32 34 191 253 2011 493 1317 422 44
internal_value=-1.073e-06 0.00122864 -0.00566695 -0.00718167 0.00400252 0.000736496 -0.00604253 0.00250152 -0.0123606 0.0283984
internal_weight=1282.71 1053.96 228.751 220.485 69.7831 1035.21 213.853 821.357 150.702 18.7515
internal_count=5200 4270 930 896 283 4194 866 3328 613 76
is_linear=0
shrinkage=0.03


Tree=50
num_leaves=15
num_cat=0
split_feature=96 127 82 141 15 69 117 64 101 59 74 86 142 39
split_gain=9.6772 15.8284 13.4548 12.2084 13.5755 16.7751 14.9618 13.4869 15.2216 13.6064 10.7745 10.4535 9.35812 7.00785
threshold=1.566077640177898 0.34790709082898258 2.4501953125000004 1186.0000000000002 4.7917703592908376 1.3333049465738041 1.5000000000000002 0.30027829313543603 1.5622273203865282 0.97584340967141392 0.6708333333333335 3385.5000000000005 3.4812800735156411 3.0360530482245349
decision_type=2 2 2 2 2 2 2 2 2 2 2 2 2 2
left_child=1 11 10 7 6 -6 -5 8 -2 -9 -3 -1 -13 -4
right_child=3 2 13 4 5 -7 -8 9 -10 -11 -12 12 -14 -15
leaf_value=0.013475869979656647 -0.013956484945031924 -0.0090844137033037481 0.015174910536551258 -0.021797565778497275 -0.048761997994293448 0.00099748680560756255 0.011255258159267645 0.023642530336524158 0.025594030830525999 0.00025076373419282496 0.014961898972260993 -0.025121878078037334 -0.0081556684634323025 -0.015387271493834261
leaf_weight=12.713576644659041 97.400024920701981 98.239640265703201 60.432097882032394 13.044388949871061 8.0421877205371839 25.216915681958199 223.70075710117817 23.308179676532745 9.6231478154659253 561.96114882826805 20.222606480121613 49.64096374809742 71.26198373734951 7.6017999649047843
leaf_count=52 393 400 245 53 33 102 906 95 39 2272 82 204 293 31
internal_value=-1.04946e-06 -0.00451946 0.0011271 0.00150202 0.00691276 -0.0110346 0.00943409 -0.000608244 -0.0104002 0.00118233 -0.00497948 -0.0124007 -0.0151217 0.01176
internal_weight=1282.41 320.113 186.496 962.297 270.004 33.2591 236.745 692.293 107.023 585.269 118.462 133.617 120.903 68.0339
internal_count=5200 1307 758 3893 1094 135 959 2799 432 2367 482 549 497 276
is_linear=0
shrinkage=0.03


Tree=51
num_leaves=9
num_cat=0
split_feature=150 57 36 148 107 103 26 25
split_gain=9.52974 9.735 11.8686 11.0827 10.6779 8.66246 6.43516 3.73528
threshold=0.067711482265215658 10.470043879316757 13.26666666666671 33.500000000000007 0.35374311137226483 0.91603355493092564 -1.0309609941264093 -1.8486206566181063
decision_type=2 2 2 2 2 2 2 2
left_child=6 2 -2 5 -4 -3 -1 -5
right_child=1 3 4 7 -6 -7 -8 -9
leaf_value=-0.041504996292216559 0.028587119709624843 -0.021089137952758324 0.0018535060183181636 -0.048853210728655727 -0.005734895132368566 0.0069905123434882213 -0.0067304366117442588 -0.018826938590783965
leaf_weight=7.9466650784015682 13.770553007721899 16.145036399364471 990.85296788811684 7.5513319224119186 200.69134691357613 25.512815669178963 12.054499104619024 7.365975081920622
leaf_count=34 56 66 4013 31 816 104 50 30
internal_value=-1.10197e-06 0.000324549 0.000895425 -0.0118378 0.000575395 -0.00389212 -0.0205467 -0.0340266
internal_weight=1281.89 1261.89 1205.31 56.5752 1191.54 41.6579 20.0012 14.9173
internal_count=5200 5116 4885 231 4829 170 84 61
is_linear=0
shrinkage=0.03


Tree=52
num_leaves=9
num_cat=0
split_feature=5 107 132 1 100 29 63 14
split_gain=9.35828 10.464 15.661 11.6905 11.1376 17.1218 13.172 9.23073
threshold=1.0000000180025095e-35 0.35374311137226483 1.8111377770856976 84.62019164005001 0.73330331934629556 2.6260660717433493 0.67573738121683335 6.1844976235730247
decision_type=2 2 2 2 2 2 2 2
left_child=7 4 3 -3 5 -2 -6 -1
right_child=1 2 -4 -5 6 -7 -8 -9
leaf_value=-0.0013882925387428114 0.0021319232385844165 -0.0026950486020778054 0.026704241224449077 -0.017694417239347848 -0.005548555079359461 0.022308011264142308 0.0070772505692010025 0.034657538838130712
leaf_weight=11.938181132078173 569.74744330346584 120.12461175024509 12.045794993638991 76.57949124276638 341.85414001345634 40.548515900969505 95.041556566953659 13.767801895737646
leaf_count=49 2303 489 49 312 1392 165 384 57
internal_value=-1.14067e-06 -0.000367888 -0.00650107 -0.0085345 0.000854716 0.00347244 -0.00280196 0.0179174
internal_weight=1281.65 1255.94 208.75 196.704 1047.19 610.296 436.896 25.706
internal_count=5200 5094 850 801 4244 2468 1776 106
is_linear=0
shrinkage=0.03


Tree=53
num_leaves=13
num_cat=0
split_feature=59 24 23 54 98 58 146 108 146 1 11 146
split_gain=9.24849 20.8305 18.6129 17.5731 14.7985 12.8543 19.0267 14.4196 10.92 9.15279 7.42649 6.39762
threshold=4.7837781099346364 -1.3060515913310704 -0.68781310333497714 1.2392473107396 3.0998145427459405 1.3868368174245236 7.4200772715294834 0.45738304906312033 32.302569101140911 71.399805582557988 5.5602508708045892 22.299338285747659
decision_type=2 2 2 2 2 2 2 2 2 2 2 2
left_child=4 2 3 -2 5 6 -1 -7 -4 -3 -6 -11
right_child=1 9 8 -5 10 7 -8 -9 -10 11 -12 -13
leaf_value=0.035888669992530098 0.00055356829570074313 -0.0010140530655265497 -0.025523472282620127 0.044234064686665762 0.042866666459027147 0.00067455262153501619 -0.0077690842210608258 0.011506899449812358 0.01135404905714278 -0.023318207921453154 0.0041992775623937396 -0.056132793004362892
leaf_weight=9.3977887034416181 143.5265080332756 7.6364569365978268 38.065514966845512 8.7973540574312192 11.338803023099901 688.770751953125 204.19389343261719 131.75560888648033 8.9202549755573255 10.999555394053461 7.3797500729560843 10.405738621950148
leaf_count=38 584 31 156 36 46 2794 828 534 36 45 30 42
internal_value=-1.08803e-06 -0.00547413 -0.0020154 0.0030763 0.00118597 0.000707448 -0.00584819 0.00241395 -0.0185223 -0.0292109 0.0276221 -0.0392703
internal_weight=1281.19 228.351 199.31 152.324 1052.84 1034.12 213.592 820.526 46.9858 29.0418 18.7186 21.4053
internal_count=5200 930 812 620 4270 4194 866 3328 192 118 76 87
is_linear=0
shrinkage=0.03


Tree=54
num_leaves=8
num_cat=0
split_feature=24 61 98 19 0 79 48
split_gain=9.10133 10.4103 9.64185 11.954 9.3436 8.88021 4.44977
threshold=-8.1850993563622527 0.48265087422447833 3.0998145427459405 1.9291108259785112 -0.21224488809586731 18.905150668364008 0.30683497274988203
decision_type=2 2 2 2 2 2 2
left_child=1 -1 4 -4 -2 -6 -3
right_child=2 6 3 -5 5 -7 -8
leaf_value=0.0091824154917247956 -0.029350473032162053 -0.014120179803673883 0.040063922230501418 -0.0051344338362086482 -0.0003451183276307461 0.011299027026075745 -0.045057039055728769
leaf_weight=8.5886647850275057 9.6763482987880689 7.5105389803648022 12.056399747729303 9.35094505548477 1162.1690331995487 62.094939097762108 9.4482697993516904
leaf_count=35 41 31 49 38 4714 253 39
internal_value=-1.06216e-06 -0.0177276 0.00035969 0.0203208 1.33889e-05 0.000245475 -0.031356
internal_weight=1280.9 25.5475 1255.35 21.4073 1233.94 1224.26 16.9588
internal_count=5200 105 5095 87 5008 4967 70
is_linear=0
shrinkage=0.03


Tree=55
num_leaves=9
num_cat=0
split_feature=147 39 59 54 70 53 54 37
split_gain=9.02094 12.8307 10.3632 18.4093 16.0713 13.3515 13.3526 12.359
threshold=50.977378296406741 2.1833130731049541 5.0624543432325133 1.2392473107396 3.0436496222172873 0.86036671376622953 0.040528985024991311 2.5061009727234178
decision_type=2 2 2 2 2 2 2 2
left_child=2 -2 5 4 -4 7 -7 -1
right_child=1 -3 3 -5 -6 6 -8 -9
leaf_value=-0.0015262237103120233 0.0066598566745240569 -0.04263310797090205 -0.038483812321870585 0.035256420052153008 -0.0055884755462283445 -0.03424345943601622 -0.0039715509620912512 0.0055693541156520403
leaf_weight=363.97244621813297 8.6534490734338778 10.542464420199392 14.524194151163099 9.212740406394003 167.72673383355141 14.593728825449942 129.3172721862793 562.14422580599785
leaf_count=1477 35 43 59 38 684 59 524 2281
internal_value=-1.05816e-06 -0.020412 0.000309532 -0.00611852 -0.00821002 0.00145973 -0.00704137 0.00278073
internal_weight=1280.69 19.1959 1261.49 191.464 182.251 1070.03 143.911 926.117
internal_count=5200 78 5122 781 743 4341 583 3758
is_linear=0
shrinkage=0.03


Tree=56
num_leaves=12
num_cat=0
split_feature=65 98 86 4 1 0 69 4 118 54 20
split_gain=8.87082 17.0377 12.5501 22.3128 14.2547 13.692 13.3038 23.2103 14.9339 11.8692 13.325
threshold=7.8029441284710614 0.44639125933375495 47175.000000000007 67.31345963048507 69.177891959450093 -0.05512973813808162 7.8035860880514143 25.078501251623063 0.87022717844136677 0.062816597426345003 2.7678313473199259
decision_type=2 2 2 2 2 2 2 2 2 2 2
left_child=2 -2 3 4 -1 -5 8 -8 -4 -3 -11
right_child=1 9 6 5 -6 -7 7 -9 -10 10 -12
leaf_value=0.008159977259243863 -0.040334741190167778 0.031067209365442411 0.0014699000274525544 0.0049558561111374983 -0.0022234894148834804 -0.042118916696987141 -0.020141890275264831 0.034449898764600653 0.028660624957828607 -0.02895496999207308 0.015300123334562678
leaf_weight=142.19308213889599 14.13019287586212 7.9105584174394599 275.8061185926199 7.869418770074847 729.23557418584824 18.954531341791153 9.1191610991954786 30.293646082282066 19.461946457624435 15.105083391070368 10.297767668962477
leaf_count=578 58 32 1119 32 2959 77 37 124 79 63 42
internal_value=-1.05737e-06 -0.0127307 0.000488781 -0.00135875 -0.000529195 -0.0283085 0.00544738 0.0218187 0.00326212 -0.00102215 -0.0110149
internal_weight=1280.38 47.4436 1232.93 898.253 871.429 26.824 334.681 39.4128 295.268 33.3134 25.4029
internal_count=5200 195 5005 3646 3537 109 1359 161 1198 137 105
is_linear=0
shrinkage=0.03


Tree=57
num_leaves=11
num_cat=0
split_feature=84 36 52 111 37 141 30 36 138 30
split_gain=8.7698 9.29017 9.67286 14.4204 13.4298 9.0482 12.2089 11.7776 11.3445 11.1955
threshold=0.7427432262405228 383.23333333333341 1350.0000000000002 2.17153616357021 2.1833793983897274 1096.0000000000002 0.087844244400778301 35.19166666666667 1966.5000000000002 0.28639022595210512
decision_type=2 2 2 2 2 2 2 2 2 2
left_child=1 2 3 -1 -4 6 -2 -7 -9 -8
right_child=5 -3 4 -5 -6 7 9 8 -10 -11
leaf_value=-0.019418870121139943 0.026836724001326692 -0.034044268469187448 -0.013310514663672461 0.023831392069404014 0.0036818599677727144 -0.028956178530997405 -0.02162340555892445 0.015975771280242877 0.0029513972031940394 -0.00041397359821311234
leaf_weight=55.010405138134956 14.3293579518795 9.310500815510748 56.110861912369728 7.9394838511943808 164.82500614225864 8.5949437618255597 23.204091548919678 84.234721273183823 210.84367482364178 645.61662249267101
leaf_count=225 59 40 231 32 672 35 94 342 855 2615
internal_value=-1.0526e-06 -0.00455668 -0.00358959 -0.013964 -0.000633676 0.00135248 -0.000562785 0.00566109 0.00666941 -0.00114981
internal_weight=1280.02 293.196 283.886 62.9499 220.936 986.823 683.15 303.673 295.078 668.821
internal_count=5200 1200 1160 257 903 4000 2768 1232 1197 2709
is_linear=0
shrinkage=0.03


Tree=58
num_leaves=13
num_cat=0
split_feature=75 83 87 50 96 83 100 131 5 141 42 26
split_gain=8.97147 11.1615 11.5188 12.5773 11.0447 10.2802 9.15803 8.95762 7.72667 15.5818 7.27269 5.81334
threshold=0.57174682589469661 5.8541123626306861 290.50000000000006 2190.0000000000005 3.3355618936239675 2.9753397634416046 0.41528380129118575 0.30236087665872957 7.5000000000000009 121.50000000000001 0.36780248537968008 -1.0817737443837745
decision_type=2 2 2 2 2 2 2 2 2 2 2 2
left_child=1 2 3 -1 5 7 -7 -2 9 -3 -6 -12
right_child=4 8 -4 -5 10 6 -8 -9 -10 -11 11 -13
leaf_value=0.0017046374792619471 -0.015161785913179278 -0.0055836987470340421 -0.027734331150991904 -0.013588504808114743 -0.01370338601753949 0.0070515736846975367 -0.017742800720446594 0.0087518584720175235 -0.0079224071557213137 0.040010069677324081 0.0031852808520569714 0.026663450309224658
leaf_weight=950.06368137896061 21.19550858438015 10.305366516113283 12.782399445772169 50.99711300432682 11.760823577642439 15.534512177109717 97.905093804001808 42.097336262464523 8.6621033102273923 19.531801283359528 22.187764137983319 16.587498053908352
leaf_count=3855 88 42 52 209 48 63 398 171 35 81 90 68
internal_value=-1.07709e-06 0.00116628 0.000564218 0.000925558 -0.00540642 -0.00894289 -0.0143474 0.000743657 0.0170212 0.0242626 0.00696119 0.0132289
internal_weight=1279.61 1052.34 1013.84 1001.06 227.269 176.732 113.44 63.2928 38.4993 29.8372 50.5361 38.7753
internal_count=5200 4274 4116 4064 926 720 461 259 158 123 206 158
is_linear=0
shrinkage=0.03


Tree=59
num_leaves=7
num_cat=0
split_feature=18 5 10 75 87 59
split_gain=8.67922 11.1404 12.7533 9.68941 10.1512 8.95899
threshold=15.162121444092213 1.0000000180025095e-35 4.1490855100438022 0.57174682589469661 290.50000000000006 4.9780703058287825
decision_type=2 2 2 2 2 2
left_child=1 2 -1 4 -3 -5
right_child=-2 3 -4 5 -6 -7
leaf_value=-0.00038635600846203443 -0.028731052340971286 0.0013914993679587399 0.042917946222261451 -0.0032578173018212538 -0.024797890170046171 -0.019794068771539698
leaf_weight=12.857230052351953 9.3939826041460019 1010.769972756505 11.681938737630842 185.99130921065807 13.498070925474165 35.042370468378067
leaf_count=53 38 4104 49 757 55 144
internal_value=-1.01338e-06 0.000211525 0.0202288 -0.000182923 0.00104637 -0.00587945
internal_weight=1279.23 1269.84 24.5392 1245.3 1024.27 221.034
internal_count=5200 5162 102 5060 4159 901
is_linear=0
shrinkage=0.03


Tree=60
num_leaves=9
num_cat=0
split_feature=150 57 36 148 109 103 64 8
split_gain=8.65874 8.96327 10.8633 10.239 9.63377 8.29173 6.2116 3.66001
threshold=0.067711482265215658 10.470043879316757 13.26666666666671 33.500000000000007 0.033974269937992262 2.4027904422065665 0.69478319783197839 0.38830625543667729
decision_type=2 2 2 2 2 2 2 2
left_child=6 2 -2 5 -4 -3 -1 -5
right_child=1 3 4 7 -6 -7 -8 -9
leaf_value=-0.0063404137018450617 0.027426312173108119 -0.010313658278856077 -0.006591500883773695 -0.047549555027314158 0.0015715656336639486 0.023607298900732245 -0.040829463816696797 -0.017717077397049454
leaf_weight=12.154018670320513 13.69179046154022 33.528815701603889 148.7138504087925 7.4883232712745649 1040.4697737246752 8.041023373603819 7.6630835086107245 7.3185338079929352
leaf_count=51 56 137 603 31 4226 33 33 30
internal_value=-9.49198e-07 0.000308697 0.000856643 -0.0113825 0.00055073 -0.00375219 -0.019677 -0.0328044
internal_weight=1279.07 1259.25 1202.88 56.3767 1189.18 41.5698 19.8171 14.8069
internal_count=5200 5116 4885 231 4829 170 84 61
is_linear=0
shrinkage=0.03


Tree=61
num_leaves=12
num_cat=0
split_feature=21 2 136 52 57 112 107 63 88 64 63
split_gain=8.51904 12.6826 12.5668 13.144 10.9471 11.5463 10.8631 10.2762 9.83533 7.61877 4.06644
threshold=2.4071048650914491 74.863165990214853 31.500000000000004 6450.0000000000009 10.470043879316757 2.2826571500653698 0.01488206186077178 0.6780241467378687 290.50000000000006 0.42488892799014655 0.4447222222222223
decision_type=2 2 2 2 2 2 2 2 2 2 2
left_child=1 10 3 9 7 -6 -3 -4 -8 -2 -1
right_child=2 6 4 -5 5 -7 8 -9 -10 -11 -12
leaf_value=-0.013355955952683993 0.0022908136626347796 0.022960704825476814 -0.00066533105120215375 -0.011296858919746485 -0.034546932469068731 -0.003806993515117426 -0.0091919187883888493 0.0065108468141784857 0.026987552471154787 0.036843416006813415 -0.04122721830383453
leaf_weight=8.0808647125959414 7.821686044335368 12.561383813619612 823.53436237573624 10.600447013974188 15.86506651341915 35.840489894151688 94.644996106624603 229.67966236174107 7.2828674465417853 21.614876389503479 11.298798203468321
leaf_count=33 32 51 3345 43 66 146 388 931 30 88 47
internal_value=-9.89536e-07 -0.00716186 0.000836263 0.0173473 0.000237983 -0.0132391 -0.0033628 0.000899614 -0.00660685 0.0276623 -0.0296056
internal_weight=1278.83 133.869 1144.96 40.037 1104.92 51.7056 114.489 1053.21 101.928 29.4366 19.3797
internal_count=5200 549 4651 163 4488 212 469 4276 418 120 80
is_linear=0
shrinkage=0.03


Tree=62
num_leaves=12
num_cat=0
split_feature=105 56 121 4 148 25 65 18 22 101 54
split_gain=8.45536 14.21 11.954 15.5479 17.3258 16.3991 14.4984 18.2651 13.5323 11.2186 10.3093
threshold=0.15120256605433527 0.95989220056826408 0.59784125261607646 37.099990129740966 5.5000000000000009 -0.49863834826220749 8.2168944500877288 -0.96991310828810928 2.6880371897780235 1.803022474140668 0.067166103585676276
decision_type=2 2 2 2 2 2 2 2 2 2 2
left_child=2 9 6 5 -5 -4 8 -8 -1 10 -2
right_child=1 -3 3 4 -6 -7 7 -9 -10 -11 -12
leaf_value=-0.003595311185712081 0.025655450186791318 -0.024584741799082922 -0.014056392191468644 -0.02303528686282506 0.0070501787397659367 0.0088011221654229581 0.018711950709159025 -0.034583976716896031 0.0048252976835499719 0.035304732873585397 0.0022690934217872876
leaf_weight=259.42312744259834 21.128985971212387 11.584374055266379 180.75196665525436 20.279656797647476 114.46710363030434 33.481771126389503 8.0271079987287539 20.740864560008049 508.30942021310329 14.143369570374487 86.076548501849174
leaf_count=1055 86 47 736 83 467 136 33 86 2064 58 349
internal_value=-1.03289e-06 0.00716087 -0.000832173 -0.00546213 0.00252226 -0.0104841 0.00119641 -0.0197128 0.0019799 0.0101914 0.00687828
internal_weight=1278.41 132.933 1145.48 348.98 134.747 214.234 796.501 28.768 767.733 121.349 107.206
internal_count=5200 540 4660 1422 550 872 3238 119 3119 493 435
is_linear=0
shrinkage=0.03


Tree=63
num_leaves=13
num_cat=0
split_feature=107 132 107 149 22 114 7 69 57 102 25 84
split_gain=8.28977 14.1621 11.5124 29.9742 23.2012 14.6118 12.8228 22.7042 10.3204 11.5063 10.9347 9.44983
threshold=0.35374311137226483 1.8111377770856976 0.050954105914276716 13.500000000000002 1.8569788468736621 10.500000000000002 -5.6422597569367827 7.9942216648737467 3.1411034611983459 0.0098605825896715318 -0.42289576804830337 1.0055822147321651
decision_type=2 2 2 2 2 2 2 2 2 2 2 2
left_child=2 8 3 5 -5 -1 11 -8 10 -10 -2 -4
right_child=1 -3 6 4 -6 -7 7 -9 9 -11 -12 -13
leaf_value=-0.019482873996850263 -0.017217575809869524 0.024228774376092204 -0.032915123301121021 0.022294004052440509 -0.0019613856268252748 0.007848836862969678 0.0027306560931534521 0.026800081920862223 0.0071311213304181614 -0.01509668679125489 0.012936599403417678 3.6334775867271053e-05
leaf_weight=106.37679821252823 94.55796904861927 13.630487784743307 14.89442962408066 46.231136903166771 152.80048604309559 21.095039114356041 667.41102401912212 37.238904997706413 63.779538244009018 31.219021901488304 12.222066774964331 16.521013379096985
leaf_count=432 388 56 61 188 621 86 2712 152 260 127 50 67
internal_value=-1.04458e-06 -0.00536737 0.00108684 -0.00360173 0.00367267 -0.0149598 0.0031666 0.00400266 -0.00736664 -0.00017352 -0.0137661 -0.0155863
internal_weight=1277.98 215.409 1062.57 326.503 199.032 127.472 736.065 704.65 201.779 94.9986 106.78 31.4154
internal_count=5200 881 4319 1327 809 518 2992 2864 825 387 438 128
is_linear=0
shrinkage=0.03


Tree=64
num_leaves=10
num_cat=0
split_feature=147 39 4 146 109 98 121 121 138
split_gain=8.21664 11.41 10.2446 16.0067 17.0302 14.3374 13.8449 17.532 11.3721
threshold=50.977378296406741 2.1833130731049541 37.099990129740966 25.034793498477452 0.041954018093887123 0.098990347411376634 0.3780490030569878 0.34626164596273296 20769.500000000004
decision_type=2 2 2 2 2 2 2 2 2
left_child=2 -2 3 5 -5 -1 7 -4 -8
right_child=1 -3 6 4 -6 -7 8 -9 -10
leaf_value=-0.018032744832642132 0.0059949300503305851 -0.040601688406408092 -0.00049553559893037824 -0.032154677372807833 -0.0058997109075079966 0.0015497697014738182 0.0081352854086369011 -0.035296308177455764 -0.024065477324093573
leaf_weight=35.718515768647194 8.6326722502708453 10.460425421595572 129.61964248120785 26.429588451981544 140.10519111156464 580.86834052205086 321.12787713110447 14.484479174017904 10.183768689632414
leaf_count=145 35 43 528 109 568 2361 1310 59 42
internal_value=-1.06018e-06 -0.0195337 0.000295267 -0.00181365 -0.0100665 0.000415366 0.00376914 -0.0039935 0.00714551
internal_weight=1277.63 19.0931 1258.54 783.122 166.535 616.587 475.416 144.104 331.312
internal_count=5200 78 5122 3183 677 2506 1939 587 1352
is_linear=0
shrinkage=0.03


Tree=65
num_leaves=9
num_cat=0
split_feature=18 22 118 67 109 61 38 15
split_gain=8.01989 10.0387 20.3983 15.5808 9.56173 19.072 11.5046 6.88
threshold=15.162121444092213 11.925149307557911 0.80314553359705931 1.4056012534273405 0.49216074065412707 0.67028980163704754 3.5000000000000004 2.343197580398761
decision_type=2 2 2 2 2 2 2 2
left_child=1 4 3 -3 6 -6 -1 -4
right_child=-2 2 7 -5 5 -7 -8 -9
leaf_value=0.020587119528355721 -0.027647111216834993 -0.031300204328454526 0.010150031594268706 0.024420691175307752 -0.013304373854998186 0.0025414458776406618 0.00056031942905084248 0.043328371562798583
leaf_weight=26.558089464902878 9.374476343393324 11.413276061415674 8.5266611278057116 7.4740517586469641 134.41161209344864 139.11329461634159 923.97556902468204 16.529241293668747
leaf_count=109 38 47 35 31 548 568 3756 68
internal_value=-1.09597e-06 0.000203294 0.0142915 -0.00925045 -0.000302467 -0.00524528 0.00111987 0.0320376
internal_weight=1277.38 1268 43.9432 18.8873 1224.06 273.525 950.534 25.0559
internal_count=5200 5162 181 78 4981 1116 3865 103
is_linear=0
shrinkage=0.03


Tree=66
num_leaves=7
num_cat=0
split_feature=24 62 24 27 84 49
split_gain=8.04923 9.42422 10.9059 10.2086 9.86516 9.58256
threshold=-0.099189444926434792 0.099327354260089692 -8.1850993563622527 1.0211331035893145 0.69826287199689963 27000.000000000004
decision_type=2 2 2 2 2 2
left_child=1 3 5 -1 -4 -3
right_child=-2 2 4 -5 -6 -7
leaf_value=-0.0026969759856720491 -0.022177863670016732 0.0043358466479442373 -0.0053970070431470403 0.037886628479559377 0.0015472560237985542 -0.038860353664433571
leaf_weight=10.202763423323633 14.561903119087217 7.4906086623668697 225.94583837687969 12.307532951235769 994.54660193622112 12.069353595376013
leaf_count=42 59 31 929 50 4039 50
internal_value=-1.04286e-06 0.000254736 -9.44753e-05 0.0194922 0.000261687 -0.0223181
internal_weight=1277.12 1262.56 1240.05 22.5103 1220.49 19.56
internal_count=5200 5141 5049 92 4968 81
is_linear=0
shrinkage=0.03


Tree=67
num_leaves=12
num_cat=0
split_feature=145 57 93 5 113 147 141 54 98 39 137
split_gain=8.02748 14.9152 19.8439 15.8381 15.7102 10.3464 11.2314 17.9399 14.6961 8.81489 3.40288
threshold=1.2217811907229608 2.0764932739937128 0.35998267238776499 7.5000000000000009 0.94268394228684826 50.977378296406741 1096.0000000000002 1.1861544461462914 0.23100996852008304 2.1833130731049541 240.50000000000003
decision_type=2 2 2 2 2 2 2 2 2 2 2
left_child=1 2 -1 4 -3 6 7 -2 -8 -7 -5
right_child=5 3 -4 10 -6 9 8 -9 -10 -11 -12
leaf_value=-0.038185980559432363 -0.00338356192026132 -0.014038943730314599 0.021621724892099091 0.03130037151293958 0.035905531826621172 0.00072665317504267204 0.015925673399251238 0.014888072875620991 0.0011572450570962853 -0.041574995397318362 0.059417464387347241
leaf_weight=10.682755187153818 754.87878964841366 14.058647319674494 9.3743364065885526 7.8665443658828718 9.497539281845091 7.8749949932098415 74.913812980055809 51.672917202115059 318.32348494231701 10.144854098558424 7.6325983107089996
leaf_count=44 3072 57 38 32 39 32 306 212 1295 42 31
internal_value=-1.05626e-06 0.0107953 -0.0102329 0.0215945 0.006098 -0.000525113 -0.000186231 -0.00221296 0.00397071 -0.0230884 0.0451467
internal_weight=1276.92 59.1124 20.0571 39.0553 23.5562 1217.81 1199.79 806.552 393.237 18.0198 15.4991
internal_count=5200 241 82 159 96 4959 4885 3284 1601 74 63
is_linear=0
shrinkage=0.03


Tree=68
num_leaves=10
num_cat=0
split_feature=150 37 55 137 0 145 11 109 26
split_gain=7.90051 7.79409 15.7653 19.8786 16.223 13.0726 12.6037 12.3509 5.95403
threshold=0.067711482265215658 2.1552387823387824 0.31397904225168421 2406.0000000000005 -0.097551336891096893 1.200049474828768 4.7049135106036859 0.033974269937992262 -1.0309609941264093
decision_type=2 2 2 2 2 2 2 2 2
left_child=8 2 4 -4 -2 6 -3 -7 -1
right_child=1 5 3 -5 -6 7 -8 -9 -10
leaf_value=-0.039423551991669019 -0.016458878039066989 -0.0095255209140218938 -0.02084923304323209 0.0095942732167613384 0.005432248274150309 -0.0078381837178222308 0.03403445457052378 0.0023417479366164662 -0.0055895318563760022
leaf_weight=7.7135671824216869 37.929774314165115 8.4145434647798556 78.4951301664114 25.598950117826462 154.86553773283958 123.7001970410347 20.64622163772583 807.24563404917717 11.907024860382078
leaf_count=34 156 34 321 104 630 503 85 3283 50
internal_value=-1.02891e-06 0.000293849 -0.00395425 -0.0133625 0.00112548 0.0016076 0.0214217 0.000989081 -0.0188909
internal_weight=1276.52 1256.9 296.889 104.094 192.795 960.007 29.0608 930.946 19.6206
internal_count=5200 5116 1211 425 786 3905 119 3786 84
is_linear=0
shrinkage=0.03


Tree=69
num_leaves=15
num_cat=0
split_feature=75 96 54 145 105 26 121 30 118 65 26 101 47 84
split_gain=7.95098 9.77118 9.61683 11.1449 9.35571 14.9125 10.8974 22.9106 10.8716 10.8625 9.32699 8.82094 6.94272 7.62191
threshold=0.57174682589469661 3.3355618936239675 0.31884528445041732 2.4368480300888384 0.15120256605433527 -3.8222676149761425 0.60196937776685699 1.9220249160217449 0.9398140601472601 8.2168944500877288 -5.3827517965352341 0.98795814212768496 2.5000000000000004 1.3329307568164566
decision_type=2 2 2 2 2 2 2 2 2 2 2 2 2 2
left_child=4 2 3 -2 6 10 9 -8 -7 -1 -6 -4 -3 -14
right_child=1 12 11 -5 5 8 7 -9 -10 -11 -12 -13 13 -15
leaf_value=0.0029824969258842996 -0.028758919034174196 0.026531806474873 0.0083630994038610944 -0.0072872270064035542 0.0056236011551162486 0.0079017933174816094 -0.0010751497428786087 -0.024356296015579541 0.031053405375813907 -0.0190966258223969 -0.037244845702800726 -0.01148522449115155 0.0097245519636720758 -0.018686275790541388
leaf_weight=633.24362003803253 33.725382462143898 11.941668555140494 43.460011050105095 61.303114831447601 9.4015754908323306 63.747869834303856 243.05267424881458 45.102079808712006 25.579440414905548 20.710200726985931 8.8843195140361768 37.573941484093666 25.735754191875458 12.688351184129713
leaf_count=2575 138 49 178 251 38 260 991 184 104 86 36 153 105 52
internal_value=-1.07662e-06 -0.0050997 -0.00843292 -0.0149075 0.00109871 0.00947864 0.000141507 -0.00471912 0.0145314 0.00228327 -0.0152043 -0.0008402 0.00655216 0.00034277
internal_weight=1276.15 226.428 176.062 95.0285 1049.72 107.613 942.109 288.155 89.3273 653.954 18.2859 81.034 50.3658 38.4241
internal_count=5200 926 720 389 4274 438 3836 1175 364 2661 74 331 206 157
is_linear=0
shrinkage=0.03


Tree=70
num_leaves=13
num_cat=0
split_feature=59 24 23 60 98 4 58 30 55 1 149 100
split_gain=7.65001 19.0768 17.2424 21.426 13.1934 12.3709 11.836 17.3258 13.4524 8.28223 6.98714 4.23616
threshold=4.7837781099346364 -1.3060515913310704 -0.68781310333497714 1.7678112424379104 3.0998145427459405 49.558962625893315 1.3868368174245236 1.3204774207984411 1.0149609039967811 71.399805582557988 13.500000000000002 0.73955059422152125
decision_type=2 2 2 2 2 2 2 2 2 2 2 2
left_child=4 2 3 -2 6 -4 7 -1 -8 -3 -6 -11
right_child=1 9 5 -5 10 -7 8 -9 -10 11 -12 -13
leaf_value=0.0041701758452656786 0.019775282874818424 -0.00091714957013856952 -0.024566667228638824 -0.0044612318466789279 0.0047392954199897315 0.016755485838880962 0.0030204887815060118 -0.013120549988527949 -0.017408209994469789 -0.048032647917645596 0.041915785376754278 -0.020541453113091798
leaf_weight=91.590017318725586 48.108376458287239 7.6087202280759838 38.805924877524376 103.35438430309296 7.9152523130178478 7.8373188078403464 787.31753054261208 121.14205968379974 30.120645999908447 13.030490383505823 10.701499700546263 8.2312302738428098
leaf_count=373 196 31 160 424 32 32 3204 493 124 53 44 34
internal_value=-1.0866e-06 -0.00499476 -0.00167458 0.00323689 0.00107964 -0.0176234 0.000627307 -0.00567617 0.00226774 -0.0277775 0.0261095 -0.0373897
internal_weight=1275.76 226.976 198.106 151.463 1048.79 46.6432 1030.17 212.732 817.438 28.8704 18.6168 21.2617
internal_count=5200 930 812 620 4270 192 4194 866 3328 118 76 87
is_linear=0
shrinkage=0.03


Tree=71
num_leaves=13
num_cat=0
split_feature=107 132 1 37 53 107 149 22 19 53 10 61
split_gain=7.56929 12.8539 11.825 13.689 13.5875 11.1379 27.6279 21.5755 17.5214 12.3823 14.6885 12.4133
threshold=0.35374311137226483 1.8111377770856976 84.62019164005001 2.2548882276265521 0.89513236865472523 0.050954105914276716 13.500000000000002 1.8569788468736621 6.9729784812638522 0.029133675982766238 -2.3325864102104079 0.20880465059949135
decision_type=2 2 2 2 2 2 2 2 2 2 2 2
left_child=5 2 3 -2 -4 6 8 -8 -1 10 -7 -11
right_child=1 -3 4 -5 -6 9 7 -9 -10 11 -12 -13
leaf_value=-0.020100741891628721 -0.014910859984984816 0.023132012717306926 -0.010610923343889066 0.0060585756517665939 -0.044314912262734603 -0.023754625470837062 0.021392845409494276 -0.0020243976272330188 0.0076279445988370765 -0.020797354560409279 0.020523008383510438 0.0025962416731562066
leaf_weight=101.46968922019005 43.048594892024994 13.56138154864311 64.971895128488541 80.247671753168106 12.90302789211273 7.6168673336505881 46.115273699164391 152.54425232112408 25.704919949173927 21.079071968793869 58.771018400788307 647.38979311287403
leaf_count=413 177 56 267 328 53 31 188 621 105 86 240 2635
internal_value=-1.10646e-06 -0.00513761 -0.00704332 -0.00126285 -0.0161953 0.00103876 -0.00357794 0.0034115 -0.0144961 0.00308579 0.0154429 0.00185856
internal_weight=1275.42 214.733 201.171 123.296 77.8749 1060.69 325.834 198.66 127.175 734.857 66.3879 668.469
internal_count=5200 881 825 505 320 4319 1327 809 518 2992 271 2721
is_linear=0
shrinkage=0.03


Tree=72
num_leaves=15
num_cat=0
split_feature=26 10 134 110 96 54 57 99 64 10 88 137 81 148
split_gain=7.73659 18.3099 14.1357 19.5123 12.3978 12.9729 12.4233 10.9121 11.4729 10.3009 15.3596 10.7371 8.29783 6.43252
threshold=-2.7886226256644027 -2.3325864102104079 103095.50000000001 6.3829766457593591 1.9991084479938905 1.2070317424248416 0.9171334867419294 0.97823175577089272 0.6926268751994894 -3.00594969696547 149.50000000000003 4391.5000000000009 0.065510522397797796 26.500000000000004
decision_type=2 2 2 2 2 2 2 2 2 2 2 2 2 2
left_child=1 9 3 -3 5 6 -2 8 -6 11 -11 -1 -4 -9
right_child=4 2 12 -5 7 -7 -8 13 -10 10 -12 -13 -14 -15
leaf_value=-0.0040354650229788109 -0.023716954604290366 0.009826731468359105 -0.03378564233193377 0.053901421319532607 0.0034479287680037221 0.021794327766452317 -0.0049854005695567577 0.040665056829929762 -0.0060105852231784702 0.007737979958248895 -0.035862534730388564 0.022951597420751264 0.0073247032260961202 0.0036094750783571966
leaf_weight=91.431067541241646 35.440569311380386 174.43694539368153 10.088575288653375 9.534173518419264 386.99207796156406 14.804038763046263 315.97433358430862 9.88851246237755 164.46927653253078 11.549126252532007 19.634275212883949 15.520772874355314 7.8626516610383979 7.3499335944652548
leaf_count=372 149 709 41 39 1571 61 1294 42 669 47 80 63 32 31
internal_value=-1.14612e-06 0.00387371 0.00963139 0.0121109 -0.00141055 -0.00571559 -0.0068745 0.00136172 0.000626997 -0.00454271 -0.0197146 -0.000119122 -0.0157793 0.0248657
internal_weight=1274.98 340.058 201.922 183.971 934.919 366.219 351.415 568.7 551.461 138.135 31.1834 106.952 17.9512 17.2384
internal_count=5200 1383 821 748 3817 1504 1443 2313 2240 562 127 435 73 73
is_linear=0
shrinkage=0.03


Tree=73
num_leaves=14
num_cat=0
split_feature=75 83 36 120 87 96 83 82 124 125 150 42 26
split_gain=7.50425 9.57706 11.1332 11.7 10.451 8.84419 9.50396 8.82753 8.72351 7.88714 7.96704 6.84609 5.46673
threshold=0.57174682589469661 5.8541123626306861 390.21666666666675 0.85329985652797713 290.50000000000006 3.3355618936239675 2.9753397634416046 5.0043478260869572 0.83262669122553301 0.065256053164839331 0.35672520570060307 0.36780248537968008 -1.0817737443837745
decision_type=2 2 2 2 2 2 2 2 2 2 2 2 2
left_child=1 2 4 -4 -1 6 7 -2 -8 10 -3 -7 -13
right_child=5 9 3 -5 -6 11 8 -9 -10 -11 -12 12 -14
leaf_value=0.0012493533911645887 0.011154713809440999 -0.0015287742386394434 0.0018840591425808295 -0.050821797150353676 -0.026129424303073679 -0.013923468160945496 -0.0095016743535009992 -0.011473672241458127 -0.031455570474541228 -0.0043795122734492115 0.035359239775576277 0.0025013253633542768 0.025355361088555132
leaf_weight=982.44313807785511 35.279397368431091 7.3134534955024746 7.4323244690895063 7.7363002896308899 12.710266053676603 11.731252178549765 93.021506816148758 27.696838513016701 19.747778087854385 11.933669850230215 18.854722231626511 22.075414732098576 16.43130907416344
leaf_count=4000 145 30 32 32 52 48 381 114 80 49 79 90 68
internal_value=-1.10588e-06 0.00106768 0.000510864 -0.024997 0.000899667 -0.00495961 -0.00813273 0.00120279 -0.0133462 0.0158324 0.0250498 0.00614077 0.0122534
internal_weight=1274.41 1048.42 1010.32 15.1686 995.153 225.983 175.746 62.9762 112.769 38.1018 26.1682 50.238 38.5067
internal_count=5200 4274 4116 64 4052 926 720 259 461 158 109 206 158
is_linear=0
shrinkage=0.03


Tree=74
num_leaves=8
num_cat=0
split_feature=30 30 106 147 72 96 0
split_gain=7.45844 10.1525 16.3836 9.34687 9.09558 16.6868 11.7382
threshold=0.034582241021498317 0.30913542729684929 0.7737867730250757 -7.8092033258103699 1.5930018064261795 2.4947241357885424 -0.21224488809586731
decision_type=2 2 2 2 2 2 2
left_child=-1 2 3 -2 5 -3 -6
right_child=1 4 -4 -5 6 -7 -8
leaf_value=0.031359396873124654 -0.035445591855418318 -0.0016525203468205308 0.027682887652523483 -0.0091577221142114806 -0.037719403060478149 0.017136712216892849 -0.00033906115521542134
leaf_weight=6.7889975905418387 18.019205391407013 94.101207062602043 8.2242527008056623 37.519806817173958 7.6168814003467551 77.637526765465736 1024.1925749480724
leaf_count=28 74 385 34 153 33 317 4176
internal_value=-1.05782e-06 -0.000169056 -0.0118348 -0.0176866 0.000448989 0.00684148 -0.000615005
internal_weight=1274.1 1267.31 63.7633 55.539 1203.55 171.739 1031.81
internal_count=5200 5172 261 227 4911 702 4209
is_linear=0
shrinkage=0.03


Tree=75
num_leaves=6
num_cat=0
split_feature=18 5 10 24 62
split_gain=7.44917 9.32815 12.2264 8.51309 9.0384
threshold=15.162121444092213 1.0000000180025095e-35 4.1490855100438022 -0.099189444926434792 0.099327354260089692
decision_type=2 2 2 2 2
left_child=1 2 -1 4 -3
right_child=-2 3 -4 -5 -6
leaf_value=-0.0015603509287293435 -0.026685078700964884 0.019276281324186375 0.041170857505643969 -0.024047537885586057 -0.00025054536328934806
leaf_weight=12.740063801407816 9.3465090692043287 21.718357816338539 11.43544267117977 13.287357732653616 1205.2670645266771
leaf_count=53 38 89 49 54 4917
internal_value=-1.04998e-06 0.000196192 0.0186523 -0.000163555 9.50909e-05
internal_weight=1273.79 1264.45 24.1755 1240.27 1226.99
internal_count=5200 5162 102 5060 5006
is_linear=0
shrinkage=0.03


Tree=76
num_leaves=10
num_cat=0
split_feature=150 75 105 134 59 101 68 59 64
split_gain=7.35198 7.64437 12.4232 12.3273 11.417 10.7282 10.0009 9.69988 5.68184
threshold=0.067711482265215658 0.50555281107507188 0.15120256605433527 28175.000000000004 4.7837781099346364 2.0660310056024147 0.56574011165923266 0.70392925517327842 0.69478319783197839
decision_type=2 2 2 2 2 2 2 2 2
left_child=8 2 3 -2 7 -6 -4 -3 -1
right_child=1 4 6 -5 5 -7 -8 -9 -10
leaf_value=-0.0055255844461990508 -0.0020531638968963174 0.03409097982855111 -0.010881922481200335 0.0075637974582147055 -0.013062778652126869 0.023113124786059727 0.021252184025304981 -0.00059411524992989708 -0.038858931836432957
leaf_weight=12.017064079642298 344.28583244979382 7.3545984178781501 10.558551564812658 184.10819007456303 106.30735932290554 7.9280725270509711 49.967418700456619 543.66486911475658 7.4588915556669226
leaf_count=51 1402 30 43 751 436 33 204 2217 33
internal_value=-9.78056e-07 0.000283055 0.00277237 0.00129767 -0.00192062 -0.0105521 0.0156465 -0.000131164 -0.0182916
internal_weight=1273.65 1254.17 588.92 528.394 665.255 114.235 60.526 551.019 19.476
internal_count=5200 5116 2400 2153 2716 469 247 2247 84
is_linear=0
shrinkage=0.03


Tree=77
num_leaves=15
num_cat=0
split_feature=141 54 95 88 30 102 101 65 28 4 117 2 54 100
split_gain=7.33379 13.9632 17.6426 12.9852 13.5233 12.5773 12.0981 21.3048 15.9119 18.1141 14.3867 11.0425 10.1835 4.67695
threshold=1096.0000000000002 1.1861544461462914 1.4997423154795617 306.50000000000006 2.1805777868454825 0.012811088607013776 1.2967155790567875 6.0189807046979871 1.3671409351390913 46.108802168440427 4.5000000000000009 81.653009215049664 0.96510600072589348 0.56647797821458656
decision_type=2 2 2 2 2 2 2 2 2 2 2 2 2 2
left_child=1 3 -3 4 -1 -5 7 12 10 -10 -8 -4 -2 -9
right_child=6 2 11 5 -6 -7 8 13 9 -11 -12 -13 -14 -15
leaf_value=-0.0031059067912357096 0.011819814543646284 0.029655922770351895 -0.035254944136201762 0.010126675678582855 -0.017930104407718903 -0.0070379437892294991 -0.0079320281219351606 -0.0044456977574927892 -0.017474482507904315 0.015839310087721502 0.024792332422444441 0.0073214780968640491 -0.0091659405999351441 -0.034004717710333469
leaf_weight=579.59302742779255 213.6761262267828 28.239614650607109 7.4337521493434933 120.58351583778858 61.235162913799286 56.38617168366909 21.828194499015808 7.9560542404651668 74.833895578980446 18.277397990226746 27.104755952954292 20.885566279292107 23.056452736258507 12.212361931800841
leaf_count=2365 871 116 30 492 250 231 89 33 306 75 110 87 94 51
internal_value=-9.76034e-07 -0.00153889 0.012877 -0.00253589 -0.00452245 0.00465768 0.00336963 0.00725427 -0.00365614 -0.0109351 0.0101945 -0.00385473 0.00977592 -0.0223442
internal_weight=1273.3 874.357 56.5589 817.798 640.828 176.97 398.945 256.901 142.044 93.1113 48.933 28.3193 236.733 20.1684
internal_count=5200 3571 233 3338 2615 723 1629 1049 580 381 199 117 965 84
is_linear=0
shrinkage=0.03


Tree=78
num_leaves=14
num_cat=0
split_feature=26 10 134 110 24 105 65 56 138 10 138 148 81
split_gain=7.58211 17.018 13.165 18.3877 11.2614 11.2569 18.561 17.1203 10.5251 16.1722 11.5288 8.43609 7.70152
threshold=-2.7886226256644027 -2.3325864102104079 103095.50000000001 6.3829766457593591 -8.1850993563622527 0.12960271877732382 8.2168944500877288 0.9315288207797664 2760.0000000000005 -3.00594969696547 1803.0000000000002 16.500000000000004 0.065510522397797796
decision_type=2 2 2 2 2 2 2 2 2 2 2 2 2
left_child=1 8 3 -3 11 6 -6 -7 10 -10 -1 -2 -4
right_child=4 2 12 -5 5 7 -8 -9 9 -11 -12 -13 -14
leaf_value=-0.0056719531627354722 -0.0050786013494603282 0.0095703430973948164 -0.032555249900874432 0.052461147001039037 -0.0013479210712799591 0.011163089697158268 -0.027005201720477573 -0.027644170294719682 0.0088438913816583902 -0.023341454502906728 -0.036419204516725943 -0.042548810701884772 0.0070967459930042723
leaf_weight=36.614512771368027 11.461928069591524 174.27101622521877 10.051744654774668 9.4854678213596326 762.97901913523674 110.92595601081848 26.249032482504845 11.270803093910216 67.975105404853821 17.711656913161278 15.673375383019446 10.237855702638624 7.8523615747690192
leaf_count=149 48 709 41 39 3116 453 111 46 277 72 64 43 32
internal_value=-9.49606e-07 0.00383706 0.00939173 0.0117844 -0.0013979 -0.000889367 -0.00220126 0.00758371 -0.0042815 0.0021911 -0.0148885 -0.0227569 -0.0151647
internal_weight=1272.76 339.635 201.661 183.756 933.125 911.425 789.228 122.197 137.975 85.6868 52.2879 21.6998 17.9041
internal_count=5200 1383 821 748 3817 3726 3227 499 562 349 213 91 73
is_linear=0
shrinkage=0.03


Tree=79
num_leaves=9
num_cat=0
split_feature=147 39 146 65 25 141 101 54
split_gain=7.13889 9.81804 9.33532 12.7475 10.7283 8.58173 15.0414 14.8917
threshold=50.977378296406741 2.1833130731049541 53.488284369285815 1.9972288749692952 -1.6439604967637231 1096.0000000000002 1.6616551553677479 1.1861544461462914
decision_type=2 2 2 2 2 2 2 2
left_child=2 -2 5 -4 -5 7 -7 -1
right_child=1 -3 3 4 -6 6 -8 -9
leaf_value=-0.0028268561519665201 0.0053763420812921901 -0.038066880205483412 0.047700330368618774 -0.02182510607795668 0.027569581607239099 0.0066690331314973776 -0.0080220536965976402 0.013321565442760959
leaf_weight=791.04292035102844 8.5871178507804888 10.295014426112173 8.7269786447286624 8.0220973044633848 7.8104598224163047 303.7801176905632 79.04265171289444 54.966971099376678
leaf_count=3231 35 43 36 33 32 1240 323 227
internal_value=-1.01175e-06 -0.01831 0.00027481 0.0185886 0.0025421 -9.12111e-05 0.00363572 -0.00177766
internal_weight=1272.27 18.8821 1253.39 24.5595 15.8326 1228.83 382.823 846.01
internal_count=5200 78 5122 101 65 5021 1563 3458
is_linear=0
shrinkage=0.03


Tree=80
num_leaves=15
num_cat=0
split_feature=26 10 146 96 96 18 64 72 43 43 51 61 139 78
split_gain=7.09531 16.0159 13.1565 11.7817 10.7806 13.3865 11.2096 14.6737 12.7126 10.5113 11.0423 10.9439 9.77264 3.37938
threshold=-2.7886226256644027 -2.3325864102104079 17.503448894043803 0.87873579519528755 1.8444765603667497 -2.0440473232797989 0.6926268751994894 1.8990976426567119 4.0148262169436419 0.37017162269995157 345.00000000000006 0.7843746210910375 40.500000000000007 0.21824583866837391
decision_type=2 2 2 2 2 2 2 2 2 2 2 2 2 2
left_child=1 2 13 -4 5 -2 7 -6 -8 10 -3 -11 -7 -1
right_child=4 9 3 -5 6 12 8 -9 -10 11 -12 -13 -14 -15
leaf_value=-0.044214298988637449 -0.038896067988620726 0.010416988627558549 -0.035470811496600176 0.0015846373358138568 0.012408234958683529 -0.0014915309939029923 -0.0070477823427478924 0.00012583019957775683 0.028391259847907781 0.0081635578343223145 -0.016956815553048427 0.026374594723769313 -0.013638391926218296 -0.01581036062202372
leaf_weight=7.8575491309165937 10.655022874474524 28.502491697669029 8.2809237837791425 114.47179667651653 122.41975103318691 226.26694153249264 175.39990763366222 307.26755879819393 9.6089444458484632 107.10536514222622 24.804845795035362 41.094273835420609 80.933159291744232 7.2465090602636337
leaf_count=32 45 116 34 466 500 929 714 1250 41 437 101 167 338 30
internal_value=-9.67605e-07 0.00371337 -0.00416607 -0.000915131 -0.00135265 -0.00583826 0.000966829 0.00362514 -0.00520716 0.00910393 -0.00232053 0.0132133 -0.00469167 -0.0305869
internal_weight=1271.92 339.364 137.857 122.753 932.551 317.855 614.696 429.687 185.009 201.507 53.3073 148.2 307.2 15.1041
internal_count=5200 1383 562 500 3817 1312 2505 1750 755 821 217 604 1267 62
is_linear=0
shrinkage=0.03


Tree=81
num_leaves=11
num_cat=0
split_feature=104 18 107 57 86 109 107 149 53 21
split_gain=7.17882 9.06418 8.64994 11.8271 12.6358 12.0758 11.1924 25.6249 12.2305 6.30853
threshold=4.9511686579016487 -1.7391239650806696 0.35374311137226483 3.956853655459994 28320.000000000004 0.032832947167958031 0.050954105914276716 13.500000000000002 0.02562996787545346 2.6061408165113176
decision_type=2 2 2 2 2 2 2 2 2 2
left_child=2 -2 6 5 -5 -4 7 -1 -8 -3
right_child=1 9 3 4 -6 -7 8 -9 -10 -11
leaf_value=-0.01459884942662166 -0.012999290619817637 0.0058339938083534701 -0.041847884844620487 -0.0084914931436569502 0.016705733207509722 -0.0086765852613820554 0.015877055961813765 0.0028527905460591146 0.001655657034120573 0.038814650566678932
leaf_weight=123.81268118321896 7.7846143245697048 9.0707622170448321 10.768536999821661 36.861772239208221 34.842356964945793 119.3325614631176 59.298097118735313 194.9626808911562 662.34424889087677 12.294885277748106
leaf_count=506 32 37 46 152 143 491 243 796 2703 51
internal_value=-1.00592e-06 0.014715 -0.000346335 -0.00603049 0.0037523 -0.0114222 0.000756195 -0.00392544 0.00282424 0.0248127
internal_weight=1271.37 29.1503 1242.22 201.805 71.7041 130.101 1040.42 318.775 721.642 21.3656
internal_count=5200 120 5080 832 295 537 4248 1302 2946 88
is_linear=0
shrinkage=0.03


Tree=82
num_leaves=7
num_cat=0
split_feature=63 36 36 83 50 59
split_gain=7.1657 16.3109 11.651 8.96684 18.4708 18.4082
threshold=0.12556306306306309 221.07500000000002 13.26666666666671 3.4617997200945054 570.00000000000011 2.076454206520681
decision_type=2 2 2 2 2 2
left_child=1 -1 -2 5 -5 -4
right_child=2 -3 3 4 -6 -7
leaf_value=-0.015188760215321562 0.027694811170009683 0.039185146178273858 -0.0050767913816781715 -0.009893917849255458 0.0011621335941449675 0.0053358997001662313
leaf_weight=8.2586903721094149 13.246705666184424 12.450749158859251 233.48813731968403 231.27700780332088 330.10937765240669 442.17095249891281
leaf_count=34 55 52 955 945 1352 1807
internal_value=-1.01106e-06 0.0175014 -0.000290916 -0.000590597 -0.00339268 0.00173758
internal_weight=1271 20.7094 1250.29 1237.05 561.386 675.659
internal_count=5200 86 5114 5059 2297 2762
is_linear=0
shrinkage=0.03


Tree=83
num_leaves=7
num_cat=0
split_feature=30 30 106 107 0 88
split_gain=7.06705 9.27552 15.1706 10.1719 8.35539 7.93833
threshold=0.034582241021498317 0.30913542729684929 0.7737867730250757 0.089998656376605299 -0.21224488809586731 389.50000000000006
decision_type=2 2 2 2 2 2
left_child=-1 2 3 -2 -3 -6
right_child=1 4 -4 -5 5 -7
leaf_value=0.030610933858798043 -0.0015737748219099451 -0.027653927588127104 0.026795243669680731 -0.027715610775240651 -0.00024355783131706972 0.0073643921165679341
leaf_weight=6.7512985318899146 22.740282833576202 9.4615337252616865 8.1807821542024595 32.600043147802353 1051.325063303113 139.85463054478168
leaf_count=28 93 41 34 134 4298 572
internal_value=-9.5307e-07 -0.000164437 -0.0113366 -0.0169735 0.000426636 0.00064968
internal_weight=1270.91 1264.16 63.5211 55.3403 1200.64 1191.18
internal_count=5200 5172 261 227 4911 4870
is_linear=0
shrinkage=0.03


Tree=84
num_leaves=11
num_cat=0
split_feature=98 71 4 146 28 102 118 67 148 113
split_gain=7.07038 14.7442 7.61112 13.3802 14.5854 14.2095 10.9884 10.4549 6.61558 6.50331
threshold=3.0998145427459405 4.0870815056547904 37.099990129740966 25.034793498477452 0.77911111424092927 0.050572312721627773 0.17610060420460191 3.1458980044345903 17.500000000000004 2.1599897893722457
decision_type=2 2 2 2 2 2 2 2 2 2
left_child=2 8 3 4 -1 -5 9 -8 -2 -4
right_child=1 -3 6 5 -6 -7 7 -9 -10 -11
leaf_value=0.021570705201994445 0.050885865196725479 -0.018258204763411445 -0.040224640634118208 -0.011629560348110709 -0.0011030893901098741 0.030982843851032074 0.0026044158248933616 0.024954361802776954 0.01200730314732149 -0.0050723999324081863
leaf_weight=26.734892189502716 8.458764776587488 7.5107146352529517 7.9826908409595516 158.02391707897186 568.22253035008907 7.3713960796594611 447.66780595481396 19.664375498890877 7.3719901144504538 11.648387506604193
leaf_count=110 35 31 33 646 2319 30 1835 83 30 48
internal_value=-9.56675e-07 0.0163579 -0.000307086 -0.0021825 -8.42241e-05 -0.0097304 0.00262122 0.00354486 0.0327811 -0.0193665
internal_weight=1270.66 23.3415 1247.32 760.353 594.957 165.395 486.963 467.332 15.8308 19.6311
internal_count=5200 96 5104 3105 2429 676 1999 1918 65 81
is_linear=0
shrinkage=0.03


Tree=85
num_leaves=14
num_cat=0
split_feature=145 53 147 60 107 149 134 89 21 30 3 2 49
split_gain=6.99909 15.755 14.411 10.072 9.17665 17.9981 17.4647 13.5304 13.0068 14.108 12.675 7.88267 3.9607
threshold=1.2217811907229608 0.22607865253778558 -10.736338560125608 2.5467390917780892 0.051998640369731362 13.500000000000002 17393.000000000004 3803.5000000000005 2.4071048650914491 0.3325252212979834 0.96766996443415387 76.80234233196002 41400.000000000007
decision_type=2 2 2 2 2 2 2 2 2 2 2 2 2
left_child=1 11 -3 -4 5 7 -7 -2 10 -10 -6 -1 -13
right_child=4 2 3 -5 8 6 -8 -9 9 -11 -12 12 -14
leaf_value=0.0035459937270160419 -0.022343192049643558 0.029503182287353213 -0.033659940255158435 0.0052801295252575377 -0.022371403223540857 0.008937342419416433 -0.009581766076178751 -0.0020624156339246044 -0.014223702481427998 0.0032395409317152657 -0.00033035449191734219 0.02429934469788033 0.052788707580362138
leaf_weight=8.3227509558200854 71.295176282525063 8.6429232358932477 12.93446668982506 11.115667775273321 39.69335013628006 105.60124020278454 80.974566236138344 50.63211689889431 44.041407868266106 761.96940593421459 57.49221895635128 8.5204577744007128 9.0637719035148603
leaf_count=34 292 36 53 46 165 431 331 206 181 3115 238 35 37
internal_value=-8.89124e-07 0.0101251 -0.00372212 -0.0156623 -0.000490601 -0.00495772 0.000899983 -0.0139213 0.00103522 0.00228533 -0.00933255 0.0275995 0.0389842
internal_weight=1270.3 58.6 32.6931 24.0501 1211.7 308.503 186.576 121.927 903.196 806.011 97.1856 25.907 17.5842
internal_count=5200 241 135 99 4959 1260 762 498 3699 3296 403 106 72
is_linear=0
shrinkage=0.03


Tree=86
num_leaves=9
num_cat=0
split_feature=30 30 58 86 84 79 30 105
split_gain=6.87378 8.2587 17.0096 13.2693 8.32713 8.35963 8.13079 7.23508
threshold=0.034582241021498317 0.30913542729684929 1.9066759631996339 91245.000000000015 0.55230142634356738 2.7278605542685535 2.2723036521474564 0.073823697537224051
decision_type=2 2 2 2 2 2 2 2
left_child=-1 2 7 -4 5 -3 -6 -2
right_child=1 4 3 -5 6 -7 -8 -9
leaf_value=0.03020531834403814 -0.0057464921502122877 -0.014477124015838555 -0.031360066035919565 0.013449605741410943 0.0019902220523621973 0.0059990346147843054 -0.0062472391522558745 0.027213487370806901
leaf_weight=6.7442254573106757 13.377113282680513 61.849543362855911 31.758710503578186 7.318208083510398 991.67955084145069 25.27873919904232 121.00061367452145 10.860040694475172
leaf_count=28 55 262 131 30 4048 104 497 45
internal_value=-9.14586e-07 -0.000162196 -0.0107221 -0.0229682 0.000395052 -0.00853633 0.00109442 0.00902202
internal_weight=1269.87 1263.12 63.3141 39.0769 1199.81 87.1283 1112.68 24.2372
internal_count=5200 5172 261 161 4911 366 4545 100
is_linear=0
shrinkage=0.03


Tree=87
num_leaves=15
num_cat=0
split_feature=75 22 113 145 19 20 138 53 93 53 14 17 98 2
split_gain=6.85512 8.46203 10.1693 10.3187 9.43219 8.27633 11.2522 11.0889 8.11244 7.77282 7.68769 7.57636 5.26458 2.09948
threshold=0.57174682589469661 1.8990509113346845 1.341120144094663 2.2790690565636802 3.1287275286860412 1.5015473842324598 3419.5000000000005 0.26228759521274359 17.926175607886474 0.86036671376622953 2.8443101958411128 -0.70225229628272723 0.80076214428920356 81.732654420862289
decision_type=2 2 2 2 2 2 2 2 2 2 2 2 2 2
left_child=5 10 4 -4 -3 6 7 -1 9 -7 11 -2 -12 -8
right_child=1 2 3 -5 -6 8 13 -9 -10 -11 12 -13 -14 -15
leaf_value=0.02698802442564327 -0.031429874387249986 -0.004212651453393907 -0.023200317881405433 -0.0010544911522722038 0.042133278345120206 0.0028022804544916308 -0.045056677684418331 -0.023332189954113274 -0.028476705317670666 -0.004717237639881822 -0.050380681658160224 0.0016637105100832325 -0.015166406612344203 -0.022152128065256526
leaf_weight=8.2784827798604983 8.6399741172790545 7.2431450486183158 21.876915484666824 140.85126496851444 8.6982178837060911 861.92829585075378 7.2178805172443372 7.5230901688337317 8.0697259455919248 144.45529419183731 8.0051188170909864 22.284952864050865 7.3101381510496131 7.1890639364719391
leaf_count=34 36 30 90 580 36 3524 31 32 33 590 33 91 30 30
internal_value=-9.42896e-07 -0.00475193 -0.00179161 -0.00403174 0.0210755 0.00102192 -0.0144521 0.00303069 0.00148271 0.00172294 -0.0161905 -0.00758216 -0.0335725 -0.0336273
internal_weight=1269.57 224.91 178.67 162.728 15.9414 1044.66 30.2085 15.8016 1014.45 1006.38 46.2402 30.9249 15.3153 14.4069
internal_count=5200 926 736 670 66 4274 127 66 4147 4114 190 127 63 61
is_linear=0
shrinkage=0.03


Tree=88
num_leaves=7
num_cat=0
split_feature=24 62 27 24 49 84
split_gain=6.79678 8.62654 9.57454 9.29374 8.89397 8.36657
threshold=-0.099189444926434792 0.099327354260089692 1.0211331035893145 -8.1850993563622527 27000.000000000004 0.69826287199689963
decision_type=2 2 2 2 2 2
left_child=1 2 -1 4 -3 -5
right_child=-2 3 -4 5 -6 -7
leaf_value=-0.0028822776876330112 -0.020469831878714793 0.0050581305775769751 0.036534866805943901 -0.0050034997697852614 -0.036883747840177568 0.0014138677296043035
leaf_weight=10.133442327380182 14.434225797653196 7.3842466622591045 12.2514770925045 224.31912425160408 11.856616243720053 988.85984230041504
leaf_count=42 59 31 50 929 50 4039
internal_value=-1.02196e-06 0.000234434 0.0186911 -0.000100801 -0.0207873 0.000227284
internal_weight=1269.24 1254.8 22.3849 1232.42 19.2409 1213.18
internal_count=5200 5141 92 5049 81 4968
is_linear=0
shrinkage=0.03


Tree=89
num_leaves=7
num_cat=0
split_feature=63 36 36 83 69 50
split_gain=6.74499 15.3235 10.8276 8.75546 18.3456 17.5612
threshold=0.12556306306306309 221.07500000000002 13.26666666666671 3.4617997200945054 1.1279647494774292 570.00000000000011
decision_type=2 2 2 2 2 2
left_child=1 -1 -2 4 -4 -5
right_child=2 -3 3 5 -6 -7
leaf_value=-0.014684016454327618 0.026778240238805401 0.038101381423319161 -0.013253269985499732 -0.009684714381231984 0.0033647813250589154 0.0011034748811728601
leaf_weight=8.2429148107767123 13.167356729507445 12.388723507523535 66.304115802049637 230.96436114609241 608.35448460280895 329.58481691777706
leaf_count=34 55 52 277 945 2485 1352
internal_value=-1.0361e-06 0.0170121 -0.000282209 -0.000570675 0.00173159 -0.00334161
internal_weight=1269.01 20.6316 1248.38 1235.21 674.659 560.549
internal_count=5200 86 5114 5059 2762 2297
is_linear=0
shrinkage=0.03


Tree=90
num_leaves=11
num_cat=0
split_feature=104 18 107 57 86 109 107 149 7 21
split_gain=6.69675 8.29107 8.06475 10.8476 11.8537 11.5914 10.1541 22.7302 11.6025 5.8035
threshold=4.9511686579016487 -1.7391239650806696 0.35374311137226483 3.956853655459994 28320.000000000004 0.032832947167958031 0.050954105914276716 13.500000000000002 -5.6422597569367827 2.6061408165113176
decision_type=2 2 2 2 2 2 2 2 2 2
left_child=2 -2 6 5 -5 -4 7 -1 -8 -3
right_child=1 9 3 4 -6 -7 8 -9 -10 -11
leaf_value=-0.013801154611810617 -0.01227551587562171 0.0057702671372749422 -0.040980373533952112 -0.0083295264211641993 0.016108621193246075 -0.0083206037157433459 -0.015280501983314645 0.0026539260577824204 0.0035075490362398332 0.037488628353397856
leaf_weight=123.48581086099148 7.7633576989173916 9.0547817945480364 10.655829578638075 36.7490214407444 34.759052574634552 119.03598873317242 30.908118233084679 194.63556335866451 689.6279524564743 12.169046133756636
leaf_count=506 32 37 46 152 143 491 127 796 2819 51
internal_value=-9.84077e-07 0.0142529 -0.000334231 -0.00583158 0.00354951 -0.011004 0.000730668 -0.00373348 0.00270162 0.0239565
internal_weight=1268.84 28.9872 1239.86 201.2 71.5081 129.692 1038.66 318.121 720.536 21.2238
internal_count=5200 120 5080 832 295 537 4248 1302 2946 88
is_linear=0
shrinkage=0.03


Tree=91
num_leaves=15
num_cat=0
split_feature=141 54 95 7 138 98 65 10 27 30 23 2 138 57
split_gain=6.68502 11.468 17.0718 11.8961 11.7801 10.5756 17.8877 12.9801 14.0009 12.0636 10.2145 10.0256 5.51084 3.89608
threshold=1096.0000000000002 1.1861544461462914 1.4997423154795617 -6.1199754934111921 7771.0000000000009 0.61752088083766909 6.0189807046979871 -3.096364350614063 2.0044901338076024 0.9883102305215089 -7.3957100999281771 89.612268094155624 2899.5000000000005 3.6350171303501115
decision_type=2 2 2 2 2 2 2 2 2 2 2 2 2 2
left_child=1 3 12 4 -1 6 9 13 -9 -2 -5 -4 -3 -7
right_child=5 2 11 10 -6 7 -8 8 -10 -11 -12 -13 -14 -15
leaf_value=-0.038484503331640357 0.025282517221570308 0.0081460994784104401 -0.024879654915019624 0.017325447579187615 -0.0006068341378810951 0.041689072836641097 -0.023464145847896991 -0.00019743139802492343 -0.024811677246777106 0.0066399749066721218 -0.0022860868645843907 0.011184675115038255 0.037061191086713956 0.011034058097600941
leaf_weight=16.00982587039471 43.262887328863144 8.5370050668716448 12.50381623208523 24.677770018577576 13.724580869078634 7.30670318007469 14.101898074150084 189.3409375846386 23.364668875932693 112.41132824122906 760.51501722633839 15.583523243665693 19.441499024629593 7.6255627274513245
leaf_count=66 177 35 51 101 57 30 60 776 95 460 3114 66 81 31
internal_value=-9.99753e-07 -0.00147215 0.0116519 -0.00237507 -0.0210012 0.00322325 0.00889003 -0.00100312 -0.00290119 0.0118209 -0.00166972 -0.00487031 0.0282384 0.0260343
internal_weight=1268.41 870.993 56.0658 814.927 29.7344 397.414 169.776 227.638 212.706 155.674 785.193 28.0873 27.9785 14.9323
internal_count=5200 3571 233 3338 123 1629 697 932 871 637 3215 117 116 61
is_linear=0
shrinkage=0.03


Tree=92
num_leaves=13
num_cat=0
split_feature=105 56 30 30 36 121 30 101 25 65 18 101
split_gain=6.74904 12.0862 14.1244 15.3903 14.8434 10.2659 17.5886 14.4216 12.5168 10.927 15.888 12.2715
threshold=0.15120256605433527 1.438608680180403 0.70400038548521637 1.3833955171596979 322.98333333333341 0.59784125261607646 1.9220249160217449 1.0717756305050783 -0.47215947588576274 8.2168944500877288 -0.96991310828810928 1.6163248019532876
decision_type=2 2 2 2 2 2 2 2 2 2 2 2
left_child=5 2 4 -4 -2 9 8 -8 -7 11 -11 -1
right_child=1 -3 3 -5 -6 6 7 -9 -10 10 -12 -13
leaf_value=0.0035855591304455648 0.0031772891827726349 -0.031156455665383602 0.024969599584048291 -0.00085793872595966839 -0.042922004859614796 -0.0048549887073926438 -0.029432700994898326 0.0071016347922804269 0.012105602809671646 0.018727726638692141 -0.031366310130633089 -0.0063800115699286786
leaf_weight=627.17455178499222 28.067281767725945 7.2719418406486502 54.455852389335632 33.562186658382416 8.1004165560007078 245.5111375451088 41.162869662046432 12.731959342956541 46.592926934361458 7.9398876726627376 20.182955905795097 135.17628559470177
leaf_count=2565 116 30 224 137 33 1009 169 53 191 33 86 554
internal_value=-9.37219e-07 0.00643454 0.00863576 0.0151213 -0.00714749 -0.00074534 -0.00505503 -0.0208019 -0.00214964 0.00114106 -0.0172233 0.00181851
internal_weight=1267.93 131.458 124.186 88.018 36.1677 1136.47 345.999 53.8948 292.104 790.474 28.1228 762.351
internal_count=5200 540 510 361 149 4660 1422 222 1200 3238 119 3119
is_linear=0
shrinkage=0.03


Tree=93
num_leaves=9
num_cat=0
split_feature=98 29 4 3 150 37 61 3
split_gain=6.66528 10.2266 7.26408 12.5645 11.752 11.1881 11.1614 4.42326
threshold=3.0998145427459405 1.57854966258741 37.099990129740966 1.4691984218058574 0.08264365117409013 2.2548882276265521 0.20880465059949135 1.1059749855822798
decision_type=2 2 2 2 2 2 2 2
left_child=2 -2 4 5 7 -4 -6 -1
right_child=1 -3 3 -5 6 -7 -8 -9
leaf_value=-0.045122532007842116 0.038172766425706356 -0.0018833503490993436 -0.0072327262515005436 0.032887716237760399 -0.019532744630952083 0.0041530409495622476 -0.00086197682444118272 -0.011690009255254886
leaf_weight=7.4310434162616712 10.325744926929476 12.906416818499563 97.920081198215485 11.996189534664152 30.027354344725609 375.66832681000233 714.38939778506756 6.8398873805999756
leaf_count=32 43 53 402 51 125 1546 2918 30
internal_value=-9.86636e-07 0.01592 -0.000298251 0.00256693 -0.00213206 0.0017989 -0.00161509 -0.0290987
internal_weight=1267.5 23.2322 1244.27 485.585 758.688 473.588 744.417 14.2709
internal_count=5200 96 5104 1999 3105 1948 3043 62
is_linear=0
shrinkage=0.03


Tree=94
num_leaves=11
num_cat=0
split_feature=36 77 57 148 4 27 83 143 104 28
split_gain=6.61519 12.9629 7.56877 9.42769 8.75207 12.3547 11.0432 7.69447 5.11399 2.66016
threshold=390.21666666666675 2.5000000000000004 10.470043879316757 33.500000000000007 37.099990129740966 1.8695672377564805 2.2916921388729441 2.1222116849968491 0.82446198129652293 1.5103896607208604
decision_type=2 2 2 2 2 2 2 2 2 2
left_child=2 -2 4 7 5 -1 -6 -4 -3 -5
right_child=1 8 3 9 6 -7 -8 -9 -10 -11
leaf_value=0.00069043632709583393 0.019621284740582275 -0.013744026497857711 0.0045315473613935812 -0.01871080149150995 -0.020785230278686683 -0.0091830054118741313 0.0050329470321516159 -0.025272256735306722 -0.045373744290723834 -0.04472910071272565
leaf_weight=600.93227595090866 7.0139209926128414 10.021102145314218 29.901481360197067 7.0886214226484281 15.446221336722372 140.78202763199806 429.78407111763954 10.545636251568792 8.5052047967910749 7.0580666065216064
leaf_count=2460 30 44 124 30 65 573 1766 43 35 30
internal_value=-9.76576e-07 -0.0151142 0.000309925 -0.010612 0.000812279 -0.0011836 0.00413725 -0.00323909 -0.0282648 -0.0316919
internal_weight=1267.08 25.5402 1241.54 54.5938 1186.94 741.714 445.23 40.4471 18.5263 14.1467
internal_count=5200 109 5091 227 4864 3033 1831 167 79 60
is_linear=0
shrinkage=0.03


Tree=95
num_leaves=13
num_cat=0
split_feature=26 10 146 134 19 140 104 59 86 17 26 21
split_gain=6.49984 15.0636 12.109 12.0924 14.1349 10.7211 10.4622 10.9878 15.7182 10.8484 6.39036 4.22015
threshold=-2.7886226256644027 -2.3325864102104079 17.503448894043803 103095.50000000001 7.2512949259003063 21.500000000000004 0.27331916809473156 1.6238410402778851 259105.00000000003 0.24741325085721716 -3.2492193530444409 3.417820151778749
decision_type=2 2 2 2 2 2 2 2 2 2 2 2
left_child=1 2 11 4 -3 -4 -2 8 -8 -9 -5 -1
right_child=6 3 5 10 -6 -7 7 9 -10 -11 -12 -13
leaf_value=-0.014171469144745421 0.024549332784638039 0.009357284755538162 0.0065658115579015491 -0.031146282744462642 0.051154961564538103 -0.01143431672407603 -0.011911730337810752 -0.0035759680846286944 0.02346163891161767 0.0035955109723179624 0.0049300194944909273 -0.046037214061107876
leaf_weight=7.7466482222080213 13.88346430659294 175.44048202037811 71.031791046261787 9.7460404038429278 7.5969944447278968 51.279803991317749 139.83065454661846 405.86517962813377 12.300052449107168 356.67504346370697 8.0847350358962995 7.2327428460121155
leaf_count=32 57 716 290 40 32 210 576 1672 52 1460 33 30
internal_value=-1.02405e-06 0.00356001 -0.00409878 0.0087947 0.0110921 -0.00098084 -0.00129788 -0.0016902 -0.00905173 -0.000221538 -0.0147888 -0.0295577
internal_weight=1266.71 338.159 137.291 200.868 183.037 122.312 928.554 914.671 152.131 762.54 17.8308 14.9794
internal_count=5200 1383 562 821 748 500 3817 3760 628 3132 73 62
is_linear=0
shrinkage=0.03


Tree=96
num_leaves=14
num_cat=0
split_feature=75 105 68 18 118 121 30 105 22 145 21 14 41
split_gain=6.47427 7.91239 13.9443 10.2196 9.96895 9.36263 20.0314 10.4333 7.74076 8.42343 8.27736 8.07758 7.15047
threshold=0.57174682589469661 0.15120256605433527 0.6223610944197413 -4.1042336785992335 0.9398140601472601 0.60196937776685699 1.9220249160217449 0.017412430486969697 1.8990509113346845 1.4356043362787363 4.8716328094296708 2.8443101958411128 1.0388714392051734
decision_type=2 2 2 2 2 2 2 2 2 2 2 2 2
left_child=1 5 3 -3 -4 7 -7 -1 10 -10 11 -2 -11
right_child=8 2 4 -5 -6 6 -8 -9 9 12 -12 -13 -14
leaf_value=-0.032944346001739254 -0.011762712861608673 0.0071508708056041322 0.0077408176835081144 -0.03300436918487748 0.030484314742437259 -0.00099902066828082563 -0.022886547504050624 0.0025160503552270575 0.026300066865333226 0.0010058791796357252 0.013757550946618494 -0.041186524060047316 -0.012134385317781011
leaf_weight=7.5554006248712531 26.432346761226654 11.947710260748865 59.083692580461502 10.915475994348524 24.553158313035965 241.42524318397045 44.581428110599518 641.9314096570015 9.1145000308752042 113.53928306698799 7.2789435833692542 12.306595236063002 55.484232559800148
leaf_count=31 109 49 243 45 101 991 184 2630 38 467 30 51 231
internal_value=-9.86593e-07 0.000993999 0.00874197 -0.0120203 0.0144176 0.000111941 -0.00441075 0.00210354 -0.0046262 -0.0017927 -0.0155948 -0.0211101 -0.00330759
internal_weight=1266.15 1041.99 106.5 22.8632 83.6369 935.493 286.007 649.487 224.156 178.138 46.0179 38.7389 169.024
internal_count=5200 4274 438 94 344 3836 1175 2661 926 736 190 160 698
is_linear=0
shrinkage=0.03


Tree=97
num_leaves=8
num_cat=0
split_feature=18 22 118 118 145 108 59
split_gain=6.41471 8.64341 17.3783 14.4696 8.55125 9.6116 6.63439
threshold=15.162121444092213 11.925149307557911 0.80314553359705931 0.62527533039647587 10.478382188254551 1.1235790993282706 2.8830563797720576
decision_type=2 2 2 2 2 2 2
left_child=1 4 3 -3 5 -1 -4
right_child=-2 2 6 -5 -6 -7 -8
leaf_value=-0.00034952464706644918 -0.024846946577879635 0.013651370506584654 0.041318466141886737 -0.040230576192348773 -0.023251597296333852 0.021265220442426742 0.0086810290310858542
leaf_weight=1180.0805025696754 9.2835040390491468 10.867302671074869 16.001192122697834 7.6381842494010916 14.419383391737936 18.810748353600502 8.6279808729886991
leaf_count=4845 38 46 67 32 59 77 36
internal_value=-1.014e-06 0.000182565 0.0133793 -0.00858853 -0.000286593 -1.03867e-05 0.0298851
internal_weight=1265.73 1256.45 43.1347 18.5055 1213.31 1198.89 24.6292
internal_count=5200 5162 181 78 4981 4922 103
is_linear=0
shrinkage=0.03


Tree=98
num_leaves=8
num_cat=0
split_feature=98 71 87 138 14 102 149
split_gain=6.36156 13.5637 7.16098 7.75497 17.8435 8.64757 4.63637
threshold=3.0998145427459405 4.0870815056547904 295.50000000000006 17451.000000000004 4.5329287392103232 0.0040805962762204126 14.500000000000002
decision_type=2 2 2 2 2 2 2
left_child=2 6 3 5 -5 -1 -2
right_child=1 -3 -4 4 -6 -7 -8
leaf_value=0.0058789422763680065 0.015642682368626523 -0.017674816775543657 -0.026759013615493488 -0.00074382344602867635 -0.035186283748862769 -0.00075339422376004164 0.048281049154694028
leaf_weight=217.6502710878849 8.0997182279825228 7.476712852716445 9.1323055773973447 51.448761820793152 18.371210962533951 945.71405327320099 7.5855179578065863
leaf_count=894 33 31 38 212 76 3884 32
internal_value=-9.54972e-07 0.0155768 -0.000291389 -9.53836e-05 -0.00980641 0.000487429 0.0314269
internal_weight=1265.48 23.1619 1242.32 1233.18 69.82 1163.36 15.6852
internal_count=5200 96 5104 5066 288 4778 65
is_linear=0
shrinkage=0.03


Tree=99
num_leaves=12
num_cat=0
split_feature=145 53 146 113 147 107 149 107 118 2 49
split_gain=6.31741 14.4581 14.7869 13.609 8.53952 8.97697 15.509 9.63732 7.75537 7.38115 3.64454
threshold=1.2217811907229608 0.22607865253778558 22.652556060092778 0.91220419488716242 50.977378296406741 0.051998640369731362 13.500000000000002 0.35374311137226483 0.73972359058565973 76.80234233196002 41400.000000000007
decision_type=2 2 2 2 2 2 2 2 2 2 2
left_child=1 9 -3 -4 5 6 -2 -7 -6 -1 -11
right_child=4 2 3 -5 8 7 -8 -9 -10 10 -12
leaf_value=0.003119934667218916 -0.013166509246513991 -0.027568936793555848 -0.0087307288582930895 0.042656028290725727 0.0034045465199195463 0.0030655796203497561 0.00076919261748123328 -0.0043903315679140794 -0.037255629823441383 0.023419866665285404 0.050835082885579114
leaf_weight=8.2885885685682315 117.13096155226231 13.561468809843062 10.728669211268427 8.1709740757942182 6.9839209467172649 684.16919821500778 186.01697081327438 202.11987011134624 10.675231546163557 8.4996333867311495 8.9697073549032194
leaf_count=34 481 56 44 35 29 2804 762 838 45 35 37
internal_value=-9.19628e-07 0.00965136 -0.00366602 0.0134856 -0.000466455 -0.000159001 -0.00461531 0.00136525 -0.0211752 0.0264344 0.0374963
internal_weight=1265.32 58.219 32.4611 18.8996 1207.1 1189.44 303.148 886.289 17.6592 25.7579 17.4693
internal_count=5200 241 135 79 4959 4885 1243 3642 74 106 72
is_linear=0
shrinkage=0.03


Tree=100
num_leaves=9
num_cat=0
split_feature=36 54 20 86 85 141 91 58
split_gain=6.29776 11.714 8.47406 7.52317 12.7357 8.57409 11.546 9.74333
threshold=390.21666666666675 0.32072432216683394 3.2821661312030783 350063.50000000006 1.8792484818620048 1096.0000000000002 0.90958748823026803 0.62912705797973489
decision_type=2 2 2 2 2 2 2 2
left_child=3 -2 -3 5 -5 7 -7 -1
right_child=1 2 -4 4 -6 6 -8 -9
leaf_value=-0.03870708084493913 -0.037444933911571644 -0.019761422358385926 0.026834579853946734 0.015280555345265186 -0.03384376820914127 -0.0019407606808966198 0.0086910357279835117 -0.00080645546024187367
leaf_weight=6.1497399359941474 11.356090113520624 7.0282385647296888 7.0224251747131348 7.1464211791753796 14.162984952330588 155.45968386530876 224.95855343341827 831.65641167759895
leaf_count=25 48 30 31 30 58 639 924 3415
internal_value=-8.84826e-07 -0.0147863 0.00352694 0.000302172 -0.0173692 0.000611283 0.0043463 -0.00108466
internal_weight=1264.94 25.4068 14.0507 1239.53 21.3094 1218.22 380.418 837.806
internal_count=5200 109 61 5091 88 5003 1563 3440
is_linear=0
shrinkage=0.03


Tree=101
num_leaves=9
num_cat=0
split_feature=30 30 58 86 72 85 0 90
split_gain=6.30702 7.62599 15.7026 12.3491 7.99439 14.9921 9.94852 6.67113
threshold=0.034582241021498317 0.30913542729684929 1.9066759631996339 47175.000000000007 1.5930018064261795 2.5413129152534366 -0.21224488809586731 3.2200386091566773
decision_type=2 2 2 2 2 2 2 2
left_child=-1 2 7 -4 5 -3 -6 -2
right_child=1 4 3 -5 6 -7 -8 -9
leaf_value=0.02906308016397401 0.028531249200096157 -0.0011295496247920882 -0.032522186603071358 0.0053845355187464791 -0.035401109119869476 0.016923075973813959 -0.0003683354852588379 -0.0038729190571334593
leaf_weight=6.6842917948961249 9.345199182629587 99.266285270452499 28.20648629963398 10.657154008746145 7.3481440395116797 71.025654569268227 1017.3110167682171 14.731646046042441
leaf_count=28 38 409 117 44 33 293 4176 62
internal_value=-8.76806e-07 -0.000155319 -0.0103332 -0.0221274 0.000380771 0.00639987 -0.000619566 0.00870445
internal_weight=1264.58 1257.89 62.9405 38.8636 1194.95 170.292 1024.66 24.0768
internal_count=5200 5172 261 161 4911 702 4209 100
is_linear=0
shrinkage=0.03


Tree=102
num_leaves=10
num_cat=0
split_feature=104 18 26 99 2 59 70 105 21
split_gain=6.37606 7.80729 6.78455 11.6441 11.6003 10.2112 16.4481 11.4083 5.3569
threshold=4.9511686579016487 -1.7391239650806696 -2.7886226256644027 0.037528339514225913 67.124581765532184 1.6238410402778851 1.7018479626640219 0.15120256605433527 2.6061408165113176
decision_type=2 2 2 2 2 2 2 2 2
left_child=2 -2 3 -1 -5 6 -4 -7 -3
right_child=1 8 5 4 -6 7 -8 -9 -10
leaf_value=-0.026351093836622378 -0.011863310278425177 0.0059146487687427975 -0.038415165577217913 -0.029774988161906393 0.0053876884916492871 -0.0015214048783278439 -0.0054834127144564124 0.010427203233947453 0.036482181940246619
leaf_weight=11.460022673010824 7.7168135344982174 9.0174105316400546 15.1892923861742 8.680820703506468 309.5558305233717 675.36786875128746 134.68547555804253 80.487225279211998 12.061535045504568
leaf_count=47 32 37 63 36 1268 2777 557 332 51
internal_value=-8.95924e-07 0.0139541 -0.000326164 0.00335865 0.00442853 -0.00166748 -0.00882093 -0.000249057 0.0234056
internal_weight=1264.22 28.7958 1235.43 329.697 318.237 905.73 149.875 755.855 21.0789
internal_count=5200 120 5080 1351 1304 3729 620 3109 88
is_linear=0
shrinkage=0.03


Tree=103
num_leaves=14
num_cat=0
split_feature=83 29 8 128 55 1 102 15 39 30 70 107 55
split_gain=6.48928 14.9497 18.3666 14.2254 15.0376 11.6057 11.3975 11.1639 10.4763 14.4349 13.4011 9.52557 5.78847
threshold=3.4617997200945054 1.1294274082429163 -0.84488810582749918 2.9104183261601402 0.31397904225168421 69.73337036522706 0.0040805962762204126 -3.859026365553905 2.2555795555434983 0.3828126990642286 2.3155319117979141 0.02252755384489364 0.14295885675667791
decision_type=2 2 2 2 2 2 2 2 2 2 2 2 2
left_child=3 2 11 4 6 -4 -1 -6 10 -10 -3 -2 -5
right_child=1 8 5 12 7 -7 -8 -9 9 -11 -12 -13 -14
leaf_value=0.013982358551652233 0.055286002949206665 -0.018663105185607876 0.02363966006171174 0.010499218270873023 -0.023890551830830931 -0.0049437573697542515 0.0020871666478191994 -0.0025342811477778869 -0.019287487514301448 0.011090747060865071 -0.0042634466221461642 0.017010465081369931 0.045698857593938089
leaf_weight=92.633555382490158 7.3403160274028769 72.496536791324615 15.233189165592192 7.9227210134267834 24.550343438982964 79.53493358194828 333.4673158377409 214.55738988518715 17.879736602306366 66.203013762831688 294.28590755164623 28.857422769069672 8.9595547616481763
leaf_count=380 30 296 63 33 102 329 1367 883 75 275 1211 118 38
internal_value=-8.74193e-07 -0.00232833 0.00659409 0.00198447 0.00129428 -0.00034921 0.00467316 -0.00472703 -0.00492009 0.00463098 -0.00710962 0.0247721 0.0291799
internal_weight=1263.92 581.831 130.966 682.091 665.209 94.7681 426.101 239.108 450.865 84.0828 366.782 36.1977 16.8823
internal_count=5200 2397 540 2803 2732 392 1747 985 1857 350 1507 148 71
is_linear=0
shrinkage=0.03


Tree=104
num_leaves=7
num_cat=0
split_feature=63 36 36 83 69 29
split_gain=6.32055 13.788 9.93731 8.37987 16.8746 14.6101
threshold=0.12556306306306309 221.07500000000002 13.26666666666671 3.4617997200945054 1.1279647494774292 1.1294274082429163
decision_type=2 2 2 2 2 2
left_child=1 -1 -2 4 -4 -5
right_child=2 -3 3 5 -6 -7
leaf_value=-0.013575073693049713 0.025811807410858794 0.036721263918399222 -0.012717036098005273 0.0056778612642469691 0.0032748033661521032 -0.0058990480929645237
leaf_weight=8.1889704465866107 13.007019236683844 12.233377441763876 65.834985762834549 127.00464563071728 606.17805650830269 431.22011090815067
leaf_count=34 55 52 277 523 2485 1774
internal_value=-7.8461e-07 0.0165534 -0.000272714 -0.0005485 0.00170813 -0.00326512
internal_weight=1263.67 20.4223 1243.24 1230.24 672.013 558.225
internal_count=5200 86 5114 5059 2762 2297
is_linear=0
shrinkage=0.03


Tree=105
num_leaves=7
num_cat=0
split_feature=150 147 27 83 56 26
split_gain=6.2544 10.759 7.59896 8.76595 8.03582 5.18415
threshold=0.067711482265215658 -43.216849833719138 0.067472761950000029 3.5900625823279753 0.25715986550335462 -1.0309609941264093
decision_type=2 2 2 2 2 2
left_child=5 -2 4 -4 -3 -1
right_child=1 2 3 -5 -6 -7
leaf_value=-0.036772079740573456 0.040821526999578396 -0.035380146306710276 0.0025001079171754525 -0.0026694027856428281 0.0028375584984951501 -0.0046247760135726245
leaf_weight=7.3665601164102581 5.8579170256853095 11.055182859301569 716.34561045467854 502.17057274281979 8.968567803502081 11.661921307444571
leaf_count=34 24 46 2937 2071 38 50
internal_value=-7.34302e-07 0.000260278 6.84359e-05 0.000369667 -0.0182626 -0.0170701
internal_weight=1263.43 1244.4 1238.54 1218.52 20.0238 19.0285
internal_count=5200 5116 5092 5008 84 84
is_linear=0
shrinkage=0.03


Tree=106
num_leaves=15
num_cat=0
split_feature=75 54 134 1 11 104 20 138 53 76 109 65 62 64
split_gain=6.07515 9.16711 13.0272 12.5155 8.23292 8.05331 7.32282 10.7548 9.81518 8.65956 7.57624 7.23481 6.63357 2.10186
threshold=0.57441005417539637 0.32438975184620539 78846.000000000015 69.73337036522706 7.8017874656752229 0.95149042584031418 1.5015473842324598 3419.5000000000005 0.26228759521274359 10.244272288081495 0.032832947167958031 1.3469337948171816 0.32583417593528824 0.4713282184137107
decision_type=2 2 2 2 2 2 2 2 2 2 2 2 2 2
left_child=6 2 3 -2 11 -6 7 8 -1 10 -8 -3 -4 -9
right_child=1 4 12 -5 5 -7 9 13 -10 -11 -12 -13 -14 -15
leaf_value=0.024733760671605313 0.00274174216555568 -0.0015422440264784643 0.028554592262478449 -0.022188229475666277 -0.032863201133068315 0.0059053237160551922 -0.0059721964968107895 -0.04404784513306164 -0.022207523628513994 0.026308418115398084 0.0020265840653212403 0.016965578429968799 -0.0031692386798322027 -0.020975950646603896
leaf_weight=8.7289900481700951 24.804043516516685 43.003758624196053 9.5615294128656405 67.293862596154213 10.588365942239763 8.8554702550172788 121.15209744870663 7.1676027327775937 7.4139468520879737 12.379901230335234 885.64074419438839 34.068199917674065 15.628757461905478 7.0481537282466888
leaf_count=36 103 178 39 280 44 37 498 31 32 51 3636 140 65 30
internal_value=-7.65228e-07 -0.00461002 -0.0102451 -0.015474 0.00223788 -0.0152065 0.000938203 -0.0135811 0.00317509 0.0013707 0.00106405 0.00663879 0.00887224 -0.0326088
internal_weight=1263.34 213.804 117.288 92.0979 96.5158 19.4438 1049.53 30.3587 16.1429 1019.17 1006.79 77.072 25.1903 14.2158
internal_count=5200 886 487 383 399 81 4314 129 68 4185 4134 318 104 61
is_linear=0
shrinkage=0.03


Tree=107
num_leaves=15
num_cat=0
split_feature=53 64 51 137 69 121 62 65 94 27 83 39 55 97
split_gain=6.06184 12.7431 14.1292 13.2262 9.87593 16.8013 8.31016 13.4801 12.9096 12.3356 9.95873 19.6318 14.2918 7.4144
threshold=0.86036671376622953 0.46299273550077413 705.00000000000011 764.50000000000011 3.0591219726301144 0.48545435311541313 0.48961925287356328 5.9078202406227893 0.65557112427161568 0.546300414071483 3.5900625823279753 2.2808507537407068 0.25954448526765628 3.9829937268465536
decision_type=2 2 2 2 2 2 2 2 2 2 2 2 2 2
left_child=6 4 3 -3 -2 -6 10 8 -8 -9 12 -12 -1 -4
right_child=1 2 13 -5 5 -7 7 9 -10 -11 11 -13 -14 -15
leaf_value=0.006476453268361838 -0.035092628408129968 0.018687443590005549 0.034855254747301861 -0.0094554805296681883 0.020551912253283549 -0.025660449605530836 -0.017376244108574895 -0.034121371216118801 0.0097412430768182776 0.01041388519272738 -0.0085011447237153155 0.0089112338929969153 -0.0038524573788083407 -0.0009824515252007985
leaf_weight=284.18452332913876 19.018013030290604 18.068188041448593 13.986163064837458 89.361237093806267 11.710451617836954 17.909016683697701 17.051338061690331 13.906839013099672 215.29944394528866 9.3681850433349592 260.4038133174181 75.076941475272179 209.40348391234875 8.2665037512779218
leaf_count=1166 78 74 58 367 48 74 71 58 887 39 1071 312 863 34
internal_value=-8.60167e-07 -0.0051268 -0.000215414 -0.00472222 -0.018222 -0.00738978 0.000841824 0.00557078 0.00775119 -0.016196 -0.000616249 -0.00460444 0.00209444 0.0215421
internal_weight=1263.01 178.32 129.682 107.429 48.6375 29.6195 1084.69 255.626 232.351 23.275 829.069 335.481 493.588 22.2527
internal_count=5200 733 533 441 200 122 4467 1055 958 97 3412 1383 2029 92
is_linear=0
shrinkage=0.03


Tree=108
num_leaves=9
num_cat=0
split_feature=30 30 58 134 54 7 54 94
split_gain=6.0501 6.91063 14.8856 11.6467 7.58575 11.8821 9.39338 6.80661
threshold=0.034582241021498317 0.30913542729684929 1.9066759631996339 91193.500000000015 1.0000000180025095e-35 1.3759786866187611 0.024948766156054496 2.9761877458184718
decision_type=2 2 2 2 2 2 2 2
left_child=-1 2 7 -4 5 -3 -6 -2
right_child=1 4 3 -5 6 -7 -8 -9
leaf_value=0.028516146495180715 0.031062233501922519 -0.0014322800732287587 -0.0293161894703984 0.012769986510172341 -0.022761742652819952 0.020255843798248154 1.1306520218979076e-05 -0.0027051916178275032
leaf_weight=6.6603863686323157 8.1054724156856555 48.835117563605309 31.385767802596092 7.2930241227149954 16.54988032579422 42.538043692708015 1085.2642118930817 15.93393352627754
leaf_count=28 33 200 131 30 69 176 4466 67
internal_value=-8.84042e-07 -0.000152117 -0.00985854 -0.0213807 0.000358087 0.00866445 -0.000330758 0.00868032
internal_weight=1262.57 1255.91 62.7182 38.6788 1193.19 91.3732 1101.81 24.0394
internal_count=5200 5172 261 161 4911 376 4535 100
is_linear=0
shrinkage=0.03


Tree=109
num_leaves=12
num_cat=0
split_feature=109 58 106 24 53 38 93 98 27 58 72
split_gain=6.06546 15.3883 12.2276 14.6216 12.0941 9.50435 13.7201 12.056 8.99974 19.3535 11.0027
threshold=0.50775333009659362 6.8294617497023431 0.041077999455884966 -0.22801187662444081 0.2305110019298216 3.5000000000000004 3.7194925595610382 1.1071662221887171 0.61787742983341276 1.2904907479769314 10.49567310004511
decision_type=2 2 2 2 2 2 2 2 2 2 2
left_child=5 2 4 -4 -2 6 7 -1 9 -7 -10
right_child=1 -3 3 -5 -6 8 -8 -9 10 -11 -12
leaf_value=0.030092919785459138 -0.040293413860057171 -0.041643907744987309 0.0016849154225304507 -0.028514265055722618 -0.0024911296068199111 -0.029276899878252827 0.046921803074603821 -0.020352024141042351 0.001516654075009665 -0.0014900596003333633 0.022770098467975099
leaf_weight=7.792808920145041 14.520207181572916 9.4063475430011732 220.60254284739494 15.439220830798147 16.021238416433334 25.630616515874863 9.8271179497241956 9.4160803854465467 722.80687123537064 188.25609222054482 22.607784226536751
leaf_count=33 60 40 910 64 66 106 41 39 2967 781 93
internal_value=-8.93854e-07 -0.00393217 -0.00260152 -0.000290378 -0.0204633 0.00109913 0.018641 0.00249128 0.000604744 -0.00481983 0.00216125
internal_weight=1262.33 275.99 266.583 236.042 30.5414 986.337 27.036 17.2089 959.301 213.887 745.415
internal_count=5200 1140 1100 974 126 4060 113 72 3947 887 3060
is_linear=0
shrinkage=0.03


Tree=110
num_leaves=15
num_cat=0
split_feature=105 30 30 36 72 2 86 83 69 59 137 102 24 30
split_gain=5.98015 10.4146 13.6955 12.7097 11.3145 10.6239 10.0855 9.70308 18.4321 19.7186 16.3704 14.8868 13.7885 8.55477
threshold=0.15120256605433527 0.70400038548521637 1.3833955171596979 322.98333333333341 4.7647947203313255 87.818993574230177 35415.500000000007 3.4617997200945054 1.1279647494774292 2.076454206520681 281.00000000000006 0.0084290806703237811 -0.97479806030249883 1.1665003589037699
decision_type=2 2 2 2 2 2 2 2 2 2 2 2 2 2
left_child=7 3 4 6 -3 -4 -2 8 11 -10 13 -1 -12 -9
right_child=1 2 5 -5 -6 -7 -8 10 9 -11 12 -13 -14 -15
leaf_value=0.0012558253042441938 -0.014037682246069641 0.026780189773393373 -0.023263558494740953 -0.040844612533125858 -0.008428885064367354 0.0097317289077758704 0.02198288634975995 0.002333693276711585 -0.0041564013898028876 0.0073565906048263536 0.0015274586492232765 -0.0278187609821622 -0.0092807458956630558 -0.036010467165592877
leaf_weight=30.842571228742599 15.822590410709383 46.900634124875069 14.1453510671854 8.0395134091377241 9.9584418386220914 23.165780112147331 12.540448039770125 7.0078351646661785 205.81021642684937 383.12842664122581 280.21365290880203 32.604585811495781 171.09538048505783 20.718974500894547
leaf_count=130 65 195 58 33 41 95 53 30 847 1569 1156 138 704 86
internal_value=-9.41234e-07 0.00607809 0.0113459 -0.00754914 0.0206136 -0.0027774 0.00188847 -0.000702498 0.00167815 0.00333327 -0.00394464 -0.0136852 -0.00257003 -0.0263191
internal_weight=1261.99 130.573 94.1702 36.4026 56.8591 37.3111 28.363 1131.42 652.386 588.939 479.036 63.4472 451.309 27.7268
internal_count=5200 540 389 151 236 153 118 4660 2684 2416 1976 268 1860 116
is_linear=0
shrinkage=0.03


Tree=111
num_leaves=9
num_cat=0
split_feature=24 54 49 98 22 49 104 7
split_gain=5.89939 10.2051 14.015 7.20477 9.83196 7.36004 10.0132 9.26867
threshold=-8.1850993563622527 0.22845702529237746 55800.000000000007 3.0998145427459405 5.04563899570375 358200.00000000006 1.0293010504514897 -5.6422597569367827
decision_type=2 2 2 2 2 2 2 2
left_child=1 2 -1 5 -5 7 -7 -2
right_child=3 -3 -4 4 -6 6 -8 -9
leaf_value=0.026714251743836258 -0.014477584383250084 -0.040703374826752931 -0.029441000119240609 -0.0040515791572218246 0.037189924779389649 0.029684445747287881 -0.010666882712595065 0.0001475846964989778
leaf_weight=8.3084827810525947 40.367431625723839 8.685050964355467 7.7134733796119681 9.8360306769609469 11.043917298316954 16.505765706300739 8.3270586878061277 1150.7867503464222
leaf_count=34 168 37 34 41 46 68 34 4738
internal_value=-9.67834e-07 -0.0145161 -0.000320652 0.000288978 0.0177621 -1.10557e-05 0.0161536 -0.000348053
internal_weight=1261.57 24.707 16.022 1236.87 20.8799 1215.99 24.8328 1191.15
internal_count=5200 105 68 5095 87 5008 102 4906
is_linear=0
shrinkage=0.03


Tree=112
num_leaves=7
num_cat=0
split_feature=63 36 36 87 76 88
split_gain=6.03259 12.889 9.3389 7.43693 11.2189 8.00545
threshold=0.12556306306306309 221.07500000000002 13.26666666666671 290.50000000000006 0.45738498789346255 306.50000000000006
decision_type=2 2 2 2 2 2
left_child=1 -1 -2 5 -5 -4
right_child=2 -3 3 4 -6 -7
leaf_value=-0.012939348192751533 0.025103812931397691 0.035824979234531477 -0.0015887831269612981 0.0012541886374760833 -0.048031720281524887 0.0042108699921669527
leaf_weight=8.1569302082061785 12.922539025545118 12.136063560843466 933.1915155351162 9.5039811283350009 7.3878812938928595 278.01793976128101
leaf_count=34 55 52 3843 39 31 1146
internal_value=-9.83519e-07 0.0162238 -0.000266288 -0.000533241 -0.0203017 -0.000257545
internal_weight=1261.32 20.293 1241.02 1228.1 16.8919 1211.21
internal_count=5200 86 5114 5059 70 4989
is_linear=0
shrinkage=0.03


Tree=113
num_leaves=9
num_cat=0
split_feature=36 54 20 86 85 141 7 91
split_gain=5.89706 10.6777 7.74694 7.20752 11.6748 7.62868 10.787 10.561
threshold=390.21666666666675 0.32072432216683394 3.2821661312030783 350063.50000000006 1.8792484818620048 1096.0000000000002 -6.1199754934111921 0.90958748823026803
decision_type=2 2 2 2 2 2 2 2
left_child=3 -2 -3 5 -5 6 -1 -7
right_child=1 2 -4 4 -6 7 -8 -9
leaf_value=-0.018297344180666992 -0.036157307824581285 -0.019102481226627173 0.025696549404350795 0.014273829332671703 -0.032814442910112429 -0.0018973147938956309 -0.00033552967748724739 0.0082837248517826836
leaf_weight=31.261506959795952 11.222079396247866 6.9827952533960325 6.9137277603149414 7.1294945180416134 14.131932824850081 155.09674941003323 803.93979719281197 224.32928523421288
leaf_count=131 48 30 31 30 58 639 3309 924
internal_value=-9.43498e-07 -0.0143913 0.00318571 0.000291531 -0.0170246 0.00059464 -0.00100784 0.00412205
internal_weight=1261.01 25.1186 13.8965 1235.89 21.2614 1214.63 835.201 379.426
internal_count=5200 109 61 5091 88 5003 3440 1563
is_linear=0
shrinkage=0.03


Tree=114
num_leaves=9
num_cat=0
split_feature=18 22 67 31 107 30 1 145
split_gain=5.84839 7.72265 15.2299 11.5008 9.36313 8.52133 11.2715 8.36362
threshold=15.162121444092213 11.925149307557911 1.2683568677792043 1.0000000180025095e-35 0.1607720392972217 2.7453423168299715 69.344535481183186 10.478382188254551
decision_type=2 2 2 2 2 2 2 2
left_child=1 5 3 -3 -4 7 -7 -1
right_child=-2 2 4 -5 -6 6 -8 -9
leaf_value=0.00053270823717137456 -0.023803906427546592 0.014365817698693929 0.047199998899073524 -0.03258846442985136 0.0095774349843309268 0.0097387239612559927 -0.021899431310453323 -0.022522965677837653
leaf_weight=1145.6030906885862 9.2220669537782651 10.122355103492739 12.084146574139597 8.7559427022933942 11.734674319624899 14.378820538520811 34.333370253443718 14.337812811136244
leaf_count=4720 38 42 51 37 51 59 143 59
internal_value=-9.48803e-07 0.000174472 0.0127136 -0.00741205 0.0286647 -0.000268487 -0.0125605 0.000247721
internal_weight=1260.57 1251.35 42.6971 18.8783 23.8188 1208.65 48.7122 1159.94
internal_count=5200 5162 181 79 102 4981 202 4779
is_linear=0
shrinkage=0.03


Tree=115
num_leaves=11
num_cat=0
split_feature=104 18 145 90 57 56 147 4 102 21
split_gain=5.79857 7.17897 6.22004 12.0498 10.271 7.84565 7.54097 8.28205 7.42999 5.07846
threshold=4.9511686579016487 -1.7391239650806696 1.2217811907229608 1.8331137779182896 2.141681055521977 0.45414671270284063 50.977378296406741 37.837526733157837 0.011095010917361014 2.6061408165113176
decision_type=2 2 2 2 2 2 2 2 2 2
left_child=2 -2 3 4 -1 -5 7 -4 -8 -3
right_child=1 9 6 5 -6 -7 8 -9 -10 -11
leaf_value=-0.030256903886307918 -0.011434560236571648 0.0054484680463108195 -0.0023523857875434317 0.030241829083649308 0.0091885289807945927 -0.0030917113670468647 -0.0030858394784711342 0.0029664173478762988 -0.04246063397344197 0.035325785625344434
leaf_weight=9.8174951672554034 7.6840247958898571 8.9826788604259509 750.93035909533501 23.84486897289753 15.046264037489889 8.663915351033209 9.8581883311271685 405.90499220788479 7.668076127767562 11.90794016420841
leaf_count=41 32 37 3087 100 62 36 41 1680 33 51
internal_value=-9.03403e-07 0.0133592 -0.000310842 0.00933429 -0.00638656 0.0213581 -0.000782047 -0.000486149 -0.0203131 0.0224789
internal_weight=1260.31 28.5746 1231.73 57.3725 24.8638 32.5088 1174.36 1156.84 17.5263 20.8906
internal_count=5200 120 5080 239 103 136 4841 4767 74 88
is_linear=0
shrinkage=0.03


Tree=116
num_leaves=15
num_cat=0
split_feature=53 64 39 140 71 160 59 24 60 46 58 146 58 76
split_gain=5.78694 11.9408 13.389 16.7404 11.8649 10.4678 9.06112 13.1074 13.7171 8.91685 7.88248 16.9972 12.7207 3.32783
threshold=0.86036671376622953 0.46299273550077413 1.4839857541359194 40.500000000000007 4.7912960258816417 0.75000000000000011 5.0361821925516592 -1.2559599501992824 1.8226183345673543 16.071428571428573 1.3868368174245236 6.9900825616125069 1.8920633376132254 1.0465367965367969
decision_type=2 2 2 2 2 2 2 2 2 2 2 2 2 2
left_child=6 4 3 -3 5 -2 10 8 -8 -4 11 -1 -12 -9
right_child=1 2 9 -5 -6 -7 7 13 -10 -11 12 -13 -14 -15
leaf_value=0.039325442100013076 -0.028492136834414497 0.0010606790833511551 0.0035648525796007687 0.037368034722252551 -0.043309823818809011 0.0043175116801626012 0.01063740876515416 -0.018620945668472191 -0.0093748942940639207 -0.019087424748708559 0.009869790030462032 -0.0054517927496877307 0.00096985936895251665 -0.047049014719472357
leaf_weight=7.9691254347562781 14.810674816370009 49.670463353395462 26.334751769900322 14.845238879323004 12.203248754143713 21.393144935369492 45.104199483990669 7.4944290667772275 97.373954728245735 38.510454535484314 197.3059324324131 179.11953304708004 540.44294217228889 7.3314609974622726
leaf_count=33 61 203 111 61 51 88 187 31 406 158 810 740 2229 31
internal_value=-8.64157e-07 -0.00501725 -0.000261007 0.0094151 -0.0177276 -0.00910464 0.0008232 -0.0058331 -0.00303961 -0.00988795 0.00195536 -0.00354449 0.00335009 -0.0326787
internal_weight=1259.91 177.768 129.361 64.5157 48.4071 36.2038 1082.14 157.304 142.478 64.8452 924.838 187.089 737.749 14.8259
internal_count=5200 733 533 264 200 149 4467 655 593 269 3812 773 3039 62
is_linear=0
shrinkage=0.03


Tree=117
num_leaves=8
num_cat=0
split_feature=0 103 84 28 131 11 90
split_gain=7.67133 5.98392 8.75443 11.8177 8.3892 8.03079 11.6567
threshold=-0.24034182589077482 12.618306655745501 2.6711147564440414 1.2295740837031048 1.5360078036870357 3.4348968597548946 2.0714647567802653
decision_type=2 2 2 2 2 2 2
left_child=-1 2 4 -4 -2 -3 -7
right_child=1 5 3 -5 -6 6 -8
leaf_value=-0.03931460390323098 -0.00042853706746440889 0.031599037204334345 0.0049011290616112558 -0.048923057123000921 0.013760117709705888 -0.026172833964772411 0.014657985785700411
leaf_weight=4.4513109177350989 1158.5231867581606 12.315509200096129 7.0195777267217618 7.6968196630477905 38.758965283632278 8.8294140845537203 21.903534516692162
leaf_count=21 4779 51 30 32 160 36 91
internal_value=-9.23129e-07 0.000138512 -0.00025189 -0.0232494 3.07846e-05 0.01113 0.00292751
internal_weight=1259.5 1255.05 1212 14.7164 1197.28 43.0485 30.7329
internal_count=5200 5179 5001 62 4939 178 127
is_linear=0
shrinkage=0.03


Tree=118
num_leaves=14
num_cat=0
split_feature=26 10 134 11 146 96 24 105 56 68 148 81 13
split_gain=5.84732 13.4378 10.9206 13.5407 10.7173 10.1542 8.96301 9.25477 14.3113 10.6488 7.09881 6.92213 4.6115
threshold=-2.7886226256644027 -2.3325864102104079 103095.50000000001 8.144858014375254 17.503448894043803 0.87873579519528755 -8.1850993563622527 0.12960271877732382 0.9315288207797664 1.6010200474675556 16.500000000000004 0.065510522397797796 4.0173835422154793
decision_type=2 2 2 2 2 2 2 2 2 2 2 2 2
left_child=1 4 3 -3 12 -6 10 9 -9 -8 -2 -4 -1
right_child=6 2 11 -5 5 -7 7 8 -10 -11 -12 -13 -14
leaf_value=-0.010836921943477119 -0.0043277565818794954 0.0087230066931387584 -0.030750339697927578 0.047542250917186432 -0.033306331064490644 0.001380432824949644 -0.0064442962156584082 0.010245917098367908 -0.025486726740338545 0.00076881082511648174 -0.039233564047412954 0.007000586435676694 -0.04434551009167615
leaf_weight=7.2249831855297071 11.265856534242632 173.59022469818592 9.9276686012744921 8.4821793138980848 8.1397725343704206 113.61144027113914 297.41177290678024 109.46272523701191 11.111727163195608 483.92223431169987 9.809351831674574 7.8108181804418555 7.5683635324239731
leaf_count=30 48 712 41 36 34 466 1227 453 46 2000 43 32 32
internal_value=-8.9966e-07 0.0033854 0.00834235 0.0105315 -0.00386828 -0.000938578 -0.00123494 -0.000783029 0.00695292 -0.00197683 -0.0205745 -0.0141274 -0.0279801
internal_weight=1259.34 336.355 199.811 182.072 136.545 121.751 922.984 901.908 120.574 781.334 21.0752 17.7385 14.7933
internal_count=5200 1383 821 748 562 500 3817 3726 499 3227 91 73 62
is_linear=0
shrinkage=0.03


Tree=119
num_leaves=6
num_cat=0
split_feature=0 24 62 109 27
split_gain=7.29778 5.87593 8.14281 8.41029 8.22415
threshold=-0.24034182589077482 -0.099189444926434792 0.099327354260089692 0.032832947167958031 1.0211331035893145
decision_type=2 2 2 2 2
left_child=-1 2 4 -4 -2
right_child=1 -3 3 -5 -6
leaf_value=-0.038610886429319972 -0.0018353298353741831 -0.019016225962574292 -0.006760934033669814 0.00094221246585442177 0.034923648633445402
leaf_weight=4.3905357122421256 9.9570454955101031 14.256031468510626 144.76749083399773 1073.2282769978046 12.176795318722723
leaf_count=21 42 59 598 4430 50
internal_value=-9.44669e-07 0.000134196 0.000354341 2.66385e-05 0.0183874
internal_weight=1258.78 1254.39 1240.13 1218 22.1338
internal_count=5200 5179 5120 5028 92
is_linear=0
shrinkage=0.03


Tree=120
num_leaves=8
num_cat=0
split_feature=0 75 76 22 113 21 87
split_gain=6.96264 5.73092 7.53204 7.35022 8.89553 7.51639 6.98675
threshold=-0.24034182589077482 0.57174682589469661 10.244272288081495 1.8990509113346845 1.341120144094663 4.8716328094296708 290.50000000000006
decision_type=2 2 2 2 2 2 2
left_child=-1 2 6 5 -5 -3 -2
right_child=1 3 -4 4 -6 -7 -8
leaf_value=-0.037970977259378071 0.0010603294417171904 -0.020250630273438715 0.023073946886467137 0.020069722382646676 -0.0035757896633510696 0.013122294793967699 -0.020611967445262034
leaf_weight=4.3314878940582267 1005.1093937903643 38.421791553497314 13.813564687967299 15.722399845719336 160.43369695544243 7.2143014818429938 13.568490043282507
leaf_count=21 4143 160 57 66 666 30 57
internal_value=-9.48521e-07 0.000130176 0.00107004 -0.0042451 -0.00146536 -0.0149749 0.000771661
internal_weight=1258.62 1254.28 1032.49 221.792 176.156 45.6361 1018.68
internal_count=5200 5179 4257 922 732 190 4200
is_linear=0
shrinkage=0.03


Tree=121
num_leaves=9
num_cat=0
split_feature=0 149 54 138 61 25 109 27
split_gain=6.64526 5.70293 12.9188 15.0162 7.2669 15.8922 10.1838 7.07337
threshold=-0.24034182589077482 45.500000000000007 0.72810953115520805 5373.0000000000009 0.79084705073133243 -0.23087415802280015 0.49216074065412707 0.91474278746554172
decision_type=2 2 2 2 2 2 2 2
left_child=-1 4 3 -3 6 -6 -2 -4
right_child=1 2 7 -5 5 -7 -8 -9
leaf_value=-0.037354867677240361 0.00099378285448729637 -0.022049115766840394 -0.0076531734092726107 0.011512341424484634 0.0054511979053582654 -0.03691945950197989 -0.0068205716852607189 0.031519068089260714
leaf_weight=4.2717479169368735 644.15884739160538 48.355487272143364 7.0009826123714474 15.957974717020987 324.61990296840668 8.1675005555152875 195.6922464966774 10.183047428727148
leaf_count=21 2650 204 30 65 1342 34 812 42
internal_value=-9.72323e-07 0.00012626 -0.00754749 -0.0137216 0.00065958 0.00441131 -0.000827026 0.0155598
internal_weight=1258.41 1254.14 81.4975 64.3135 1172.64 332.787 839.851 17.184
internal_count=5200 5179 341 269 4838 1376 3462 72
is_linear=0
shrinkage=0.03


Tree=122
num_leaves=6
num_cat=0
split_feature=0 63 36 36 87
split_gain=6.34445 5.63473 11.9719 8.61544 6.76127
threshold=-0.24034182589077482 0.12556306306306309 218.57500000000002 13.26666666666671 290.50000000000006
decision_type=2 2 2 2 2
left_child=-1 2 -2 -3 -5
right_child=1 3 -4 4 -6
leaf_value=-0.036760780331011982 -0.01373575262322544 0.024328470029768172 0.033934232080820387 -0.00012795616032694037 -0.019309033450536878
leaf_weight=4.2114748209714881 7.6367412060499218 12.822247847914694 12.506445676088331 1204.1434222906828 16.769935995340347
leaf_count=21 32 55 54 4968 70
internal_value=-1.00153e-06 0.000122466 0.0158615 -0.000134505 -0.000391419
internal_weight=1258.09 1253.88 20.1432 1233.74 1220.91
internal_count=5200 5179 86 5093 5038
is_linear=0
shrinkage=0.03


Tree=123
num_leaves=8
num_cat=0
split_feature=0 65 98 62 86 4 113
split_gain=6.05914 5.71297 12.5075 11.7237 8.15734 17.7314 11.7594
threshold=-0.24034182589077482 7.8029441284710614 0.44639125933375495 0.25865397417121561 47175.000000000007 67.31345963048507 1.3249144336088434
decision_type=2 2 2 2 2 2 2
left_child=-1 4 -3 -4 5 -2 -6
right_child=1 2 3 -5 6 -7 -8
leaf_value=-0.036187092654845682 -0.00024463163388664796 -0.034669470612404128 0.025503061369917941 -0.012917494237452582 0.017310779101972776 -0.025321383474470559 0.0020207676889850944
leaf_weight=4.1508147418498984 855.05299238860607 13.392792940139769 10.692858844995497 21.560736149549484 54.286257639527321 26.153396338224411 272.57219631969929
leaf_count=21 3524 58 45 91 225 109 1127
internal_value=-9.60118e-07 0.000118846 -0.0102994 -0.000180136 0.000512497 -0.000988887 0.00456021
internal_weight=1257.86 1253.71 45.6464 32.2536 1208.06 881.206 326.858
internal_count=5200 5179 194 136 4985 3633 1352
is_linear=0
shrinkage=0.03


Tree=124
num_leaves=6
num_cat=0
split_feature=0 30 30 58 72
split_gain=5.78827 5.64929 6.50135 14.0552 7.06368
threshold=-0.24034182589077482 0.034582241021498317 0.30913542729684929 1.4780140415902514 1.5930018064261795
decision_type=2 2 2 2 2
left_child=-1 -2 3 -3 -4
right_child=1 2 4 -5 -6
leaf_value=-0.035632320623602526 0.0277835486972943 0.017216639969010031 0.0061443468765572089 -0.017096276022926342 -0.00047979359320332073
leaf_weight=4.0899019986391059 6.6065719723701468 13.807519048452376 168.9886187762022 48.422463297843933 1015.634190171957
leaf_count=21 28 59 701 202 4189
internal_value=-1.01267e-06 0.000115248 -3.13548e-05 -0.00948296 0.000465152
internal_weight=1257.55 1253.46 1246.85 62.23 1184.62
internal_count=5200 5179 5151 261 4890
is_linear=0
shrinkage=0.03


Tree=125
num_leaves=9
num_cat=0
split_feature=104 30 53 50 37 36 71 50
split_gain=5.54778 8.54182 7.22596 10.4139 14.828 9.58477 8.67057 8.28934
threshold=0.27331916809473156 1.2024366220703597 0.96834054516690105 570.00000000000011 4.6556684166094175 392.22500000000008 4.5290043162341131 270.00000000000006
decision_type=2 2 2 2 2 2 2 2
left_child=1 -1 5 6 -5 7 -4 -2
right_child=2 -3 3 4 -6 -7 -8 -9
leaf_value=0.037204253832052434 0.0070358458958535717 -0.0020396804984598553 -0.011621705495600406 0.0036566873115019883 -0.036756360257318432 -0.026045518060516932 -0.04374739373535886 -0.0002490080304635078
leaf_weight=9.0695704668760317 166.05361121892929 11.101969182491301 43.406692147254944 81.06587952375412 9.0870650857686979 12.041196659207342 9.1560081541538221 916.35520870983601
leaf_count=38 684 46 178 337 38 55 38 3786
internal_value=-1.01437e-06 0.0156053 -0.000255469 -0.00660464 -0.00041679 0.00057246 -0.0172177 0.00086857
internal_weight=1257.34 20.1715 1237.17 142.716 90.1529 1094.45 52.5627 1082.41
internal_count=5200 84 5116 591 375 4525 216 4470
is_linear=0
shrinkage=0.03


Tree=126
num_leaves=7
num_cat=0
split_feature=98 59 0 113 4 10
split_gain=5.7085 11.0715 7.19692 6.3866 6.36508 5.97268
threshold=3.0998145427459405 3.6138294042109167 -0.24034182589077482 0.50805173089124522 37.099990129740966 3.2100690092527548
decision_type=2 2 2 2 2 2
left_child=2 5 -1 -4 -5 -2
right_child=1 -3 3 4 -6 -7
leaf_value=-0.041760845845679094 0.011014584686477353 -0.016043372112539984 -0.025199101795501947 -0.0016953299744236706 0.0027448406813447316 0.047989355270154251
leaf_weight=3.7523149475455275 8.1231178790330905 7.1786525398492804 9.0930073410272581 744.9895906150341 476.36287848651409 7.6204722523689261
leaf_count=20 34 30 38 3067 1979 32
internal_value=-1.02927e-06 0.014833 -0.000276535 -0.000150026 3.64653e-05 0.0289117
internal_weight=1257.12 22.9222 1234.2 1230.45 1221.35 15.7436
internal_count=5200 96 5104 5084 5046 66
is_linear=0
shrinkage=0.03


Tree=127
num_leaves=9
num_cat=0
split_feature=50 23 50 105 26 50 134 84
split_gain=5.61343 12.5145 8.72183 14.6276 16.8422 11.4859 13.5203 13.437
threshold=150.00000000000003 -1.0374492905804895 270.00000000000006 0.1372536473589567 -1.1297486464840303 570.00000000000011 2479.0000000000005 0.6301135220053441
decision_type=2 2 2 2 2 2 2 2
left_child=1 -1 3 4 -2 6 -4 -7
right_child=2 -3 5 -5 -6 7 -8 -9
leaf_value=-0.041969245207462869 0.012112115046336299 0.0078522243842216021 0.010542451022809802 0.037184135165432376 -0.0083618264520218342 -0.0094428163386488101 -0.0070344293830190653 0.003121941680722936
leaf_weight=8.8972698599100131 91.847700729966164 9.2602725327014905 44.668853633105755 13.023174360394476 59.642511710524559 87.625729069113731 333.05248366296291 608.84589736163616
leaf_count=37 377 39 185 56 244 372 1375 2515
internal_value=-1.00262e-06 -0.0165605 0.000241734 0.00667426 0.00405141 -0.000743411 -0.00495581 0.00154112
internal_weight=1256.86 18.1575 1238.71 164.513 151.49 1074.19 377.721 696.472
internal_count=5200 76 5124 677 621 4447 1560 2887
is_linear=0
shrinkage=0.03


Tree=128
num_leaves=7
num_cat=0
split_feature=63 36 36 83 50 69
split_gain=5.51821 11.1914 8.02907 6.96435 15.5603 14.4194
threshold=0.12556306306306309 221.07500000000002 13.26666666666671 3.4617997200945054 570.00000000000011 1.1279647494774292
decision_type=2 2 2 2 2 2
left_child=1 -1 -2 5 -5 -4
right_child=2 -3 3 4 -6 -7
leaf_value=-0.011637357455154996 0.023464643124671915 0.034074077447069695 -0.011852152742807927 -0.008982483329606444 0.0012210868577203781 0.0030089255229214058
leaf_weight=8.0833542943000811 12.712771132588385 11.941102609038351 65.099468439817429 228.80069488286972 326.39529518783092 603.48939069360495
leaf_count=34 55 52 277 945 1352 2485
internal_value=-9.88304e-07 0.0156216 -0.000253988 -0.000500379 -0.00298389 0.00156193
internal_weight=1256.52 20.0245 1236.5 1223.78 555.196 668.589
internal_count=5200 86 5114 5059 2297 2762
is_linear=0
shrinkage=0.03


Tree=129
num_leaves=15
num_cat=0
split_feature=107 9 21 24 49 124 23 107 22 65 53 10 70 156
split_gain=5.51976 9.42047 13.9778 16.0042 9.93608 12.4699 8.54082 8.37933 14.2846 11.4304 9.9118 12.6611 10.3091 9.38539
threshold=0.35374311137226483 -0.33442784569989686 3.2929563315403443 -2.002670338889851 19800.000000000004 0.85193935913849428 -0.56943409809859113 0.050954105914276716 0.92350982414684879 1.3283764503361242 0.029133675982766238 -2.3325864102104079 1.7018479626640219 0.63333333333333341
decision_type=2 2 2 2 2 2 2 2 2 2 2 2 2 2
left_child=7 2 3 -2 6 -6 -3 8 13 -10 11 -9 -12 -1
right_child=1 4 -4 -5 5 -7 -8 10 9 -11 12 -13 -14 -15
leaf_value=0.03747761475767309 0.023058888286524189 -0.023957661667222959 -0.034211155124907605 -0.026316398892471188 0.00013231740299622186 0.029712079477497728 -0.00051395973693373076 -0.022776488492108615 -0.011329981638119904 0.0004642477813321035 -0.010765426668501995 0.018571000202255626 0.0027118296089261558 -0.0015973646066840047
leaf_weight=12.350738853216173 12.263916090130808 26.031874105334282 21.339350253343582 11.400492399930952 94.163651719689369 14.849502384662626 30.224021062254906 7.532138690352439 135.21978308260441 163.22522835433483 55.800876103341579 57.91347461938858 603.94128228724003 10.02070292830467
leaf_count=53 52 108 90 49 391 63 128 31 558 675 231 240 2490 41
internal_value=-9.30715e-07 -0.00443614 -0.0166046 -0.000727998 -0.00112258 0.0041616 -0.0113623 0.000890656 -0.00314632 -0.00487949 0.00267658 0.0138123 0.00157193 0.019975
internal_weight=1256.28 210.273 45.0038 23.6644 165.269 109.013 56.2559 1046 320.816 298.445 725.188 65.4456 659.742 22.3714
internal_count=5200 881 191 101 690 454 236 4319 1327 1233 2992 271 2721 94
is_linear=0
shrinkage=0.03


Tree=130
num_leaves=13
num_cat=0
split_feature=26 10 146 41 83 140 104 99 36 89 13 121
split_gain=5.46258 12.162 10.0263 9.91677 9.69897 9.55958 8.79698 9.97143 9.38927 8.53959 4.43642 4.35361
threshold=-2.7886226256644027 -2.3325864102104079 17.503448894043803 0.37017162269995157 2.6642700561046913 21.500000000000004 0.27331916809473156 1.0626050023288254 381.61666666666667 4227.5000000000009 4.0173835422154793 0.50019638648860976
decision_type=2 2 2 2 2 2 2 2 2 2 2 2
left_child=1 2 10 4 -3 -4 -2 8 -8 -5 -1 -9
right_child=6 3 5 9 -6 -7 7 11 -10 -11 -12 -13
leaf_value=-0.010229985164604943 0.02265287804383017 -0.032983333930500722 0.0063415741031010858 0.01855290187740017 0.0023912383081634669 -0.0107177006084104 -0.0013127115751610384 0.03585626560539746 -0.016060404251079328 0.0039975327937793875 -0.043225392820385233 0.0051989822399931499
leaf_weight=7.1913891285657865 13.713327988982199 8.2756864875555021 70.569719985127449 80.699576616287231 44.405867725610733 50.878199696540833 849.2076823413372 8.8353912681341189 40.716014340519905 65.902574703097343 7.4843931496143341 7.8933811634778968
leaf_count=30 57 34 290 332 183 210 3511 40 175 272 32 34
internal_value=-9.28434e-07 0.00327669 -0.00363535 0.00799807 -0.00316571 -0.000805071 -0.00119539 -0.0015561 -0.00198745 0.0120098 -0.0270571 0.0213908
internal_weight=1255.77 335.407 136.124 199.284 52.6816 121.448 920.366 906.652 889.924 146.602 14.6758 16.7288
internal_count=5200 1383 562 821 217 500 3817 3760 3686 604 62 74
is_linear=0
shrinkage=0.03


Tree=131
num_leaves=11
num_cat=0
split_feature=75 59 83 100 59 123 74 6 63 17
split_gain=5.4841 10.0371 10.0245 11.1393 8.4818 11.2752 7.84331 8.57115 7.07983 7.06383
threshold=0.50555281107507188 0.70392925517327842 5.8541123626306861 0.35850419919988846 5.1117323162318362 0.2076988350775166 0.28708791208791212 11.500000000000002 0.68123270680278603 1.4582010975682964
decision_type=2 2 2 2 2 2 2 2 2 2
left_child=2 -2 6 -4 8 -6 9 -8 -3 -1
right_child=1 4 3 -5 5 -7 7 -9 -10 -11
leaf_value=-0.0049565923869399524 0.032678804773591572 -0.0026860728189876983 3.2329530312744905e-05 0.041171354993345982 0.014079389136546949 -0.014885225958516164 0.001411809956315873 0.020356135190447031 0.005340094824178767 -0.036669977433296239
leaf_weight=26.81109182536602 7.4840146601200095 435.01455906033516 11.505112648010256 12.2105505913496 14.224745750427244 80.816652998328209 508.63156661391258 22.44269660115242 128.02093906700611 8.2712600082159025
leaf_count=111 31 1801 50 52 60 338 2098 96 529 34
internal_value=-9.00576e-07 -0.00186755 0.00210526 0.0212137 -0.00226043 -0.0105501 0.00130483 0.00221238 -0.000861112 -0.0124336
internal_weight=1255.43 665.561 589.872 23.7157 658.077 95.0414 566.157 531.074 563.035 35.0824
internal_count=5200 2759 2441 102 2728 398 2339 2194 2330 145
is_linear=0
shrinkage=0.03


Tree=132
num_leaves=8
num_cat=0
split_feature=30 30 58 15 54 14 54
split_gain=5.44472 5.98435 13.0764 11.9708 7.05446 11.7122 8.71299
threshold=0.034582241021498317 0.30913542729684929 1.4780140415902514 -1.680353807098794 1.0000000180025095e-35 2.3137086815184769 0.024948766156054496
decision_type=2 2 2 2 2 2 2
left_child=-1 2 -2 -4 5 -3 -6
right_child=1 4 3 -5 6 -7 -8
leaf_value=0.02722885250807517 0.016593404760682572 0.038411474888901002 0.013404673751867493 -0.024032993152127494 -0.022024951019432134 0.00450239044653147 -5.8004611096161996e-06
leaf_weight=6.5743488520383826 13.73447374999523 10.344845443964003 9.5956495702266675 38.641717359423637 16.419752970337868 80.549718379974365 1079.2149916440248
leaf_count=28 59 43 40 162 69 333 4466
internal_value=-8.07175e-07 -0.000144193 -0.00923239 -0.0165857 0.000330479 0.00836163 -0.000335791
internal_weight=1255.08 1248.5 61.9718 48.2374 1186.53 90.8946 1095.63
internal_count=5200 5172 261 202 4911 376 4535
is_linear=0
shrinkage=0.03


Tree=133
num_leaves=8
num_cat=0
split_feature=24 62 30 50 58 63 27
split_gain=5.43247 7.59263 8.03774 7.67585 11.195 10.6035 7.63863
threshold=-0.099189444926434792 0.099327354260089692 1.5218705168028388 2190.0000000000005 6.4495653653413187 0.60544848035581922 1.1106344769026695
decision_type=2 2 2 2 2 2 2
left_child=1 2 6 4 -3 -5 -1
right_child=-2 3 -4 5 -6 -7 -8
leaf_value=0.0089168976854252825 -0.018455048687171405 -0.00022963463954340323 -0.0072474029206717177 -0.01909031102516099 0.013601472184573384 0.0087019079150476766 0.052577190839627523
leaf_weight=7.1871301531791705 14.194042906165121 1104.6640240997076 7.6299561560153952 40.912916973233223 55.305673494935036 17.700169458985329 7.239007294178009
leaf_count=30 59 4569 32 175 231 74 30
internal_value=-7.97841e-07 0.000210336 0.0176548 -0.000105406 0.000429812 -0.0106975 0.0308255
internal_weight=1254.83 1240.64 22.0561 1218.58 1159.97 58.6131 14.4261
internal_count=5200 5141 92 5049 4800 249 60
is_linear=0
shrinkage=0.03


Tree=134
num_leaves=7
num_cat=0
split_feature=150 147 11 137 109 26
split_gain=5.36412 9.59822 6.54462 12.6981 7.45798 4.9763
threshold=0.067711482265215658 -43.216849833719138 2.1541188524145842 3623.5000000000005 0.033974269937992262 -1.0309609941264093
decision_type=2 2 2 2 2 2
left_child=5 -2 3 -3 -4 -1
right_child=1 2 4 -5 -6 -7
leaf_value=-0.035588710178955894 0.038772899993997793 -0.023795236886660454 -0.005932837611407879 0.011756807782772306 0.0013443377014443433 -0.0037168485402648056
leaf_weight=7.16658487915993 5.7906944304704657 26.815083011984825 144.23209914565086 13.641581043601034 1045.5212461873889 11.457982718944548
leaf_count=34 24 113 597 56 4326 50
internal_value=-7.78625e-07 0.000240016 5.86389e-05 -0.0118074 0.000462136 -0.0159809
internal_weight=1254.63 1236 1230.21 40.4567 1189.75 18.6246
internal_count=5200 5116 5092 169 4923 84
is_linear=0
shrinkage=0.03


Tree=135
num_leaves=9
num_cat=0
split_feature=18 22 59 140 30 1 149 107
split_gain=5.42919 7.18671 15.7387 8.35054 7.71951 10.7344 7.96394 6.39459
threshold=15.162121444092213 11.925149307557911 2.8830563797720576 13.500000000000002 2.7453423168299715 69.344535481183186 45.500000000000007 0.12254742389952782
decision_type=2 2 2 2 2 2 2 2
left_child=1 4 7 -4 6 -6 -1 -3
right_child=-2 2 3 -5 5 -7 -8 -9
leaf_value=0.0008807302228712227 -0.023000772122666487 0.043743871716449098 0.012726617581060798 -0.030197767246339619 0.0098236427363549827 -0.021142568737793615 -0.0093591172117664604 0.013666673234784042
leaf_weight=1081.576571367681 9.1693198680877668 11.393821507692339 7.503298535943034 8.937652111053465 14.298769816756247 34.106880724430084 72.968793705105782 14.404803395271299
leaf_count=4473 38 49 32 38 59 143 306 62
internal_value=-8.12158e-07 0.000168555 0.0123313 -0.010608 -0.00025852 -0.0119953 0.000233558 0.0269501
internal_weight=1254.36 1245.19 42.2396 16.441 1202.95 48.4057 1154.55 25.7986
internal_count=5200 5162 181 70 4981 202 4779 111
is_linear=0
shrinkage=0.03


Tree=136
num_leaves=7
num_cat=0
split_feature=98 90 105 105 57 57
split_gain=5.32238 8.78232 6.44271 7.42681 12.4582 6.5874
threshold=3.0998145427459405 1.136841064398409 0.017412430486969697 0.022389243775650772 3.274176370481467 10.470043879316757
decision_type=2 2 2 2 2 2
left_child=2 -2 -1 4 -4 -5
right_child=1 -3 3 5 -6 -7
leaf_value=-0.025683438997834852 0.029529833949147124 -0.0084728384022513693 -0.0012732014121820475 9.11506232980599e-05 0.047195093814122076 -0.010796108649840968
leaf_weight=8.9108795523643476 13.706849545240404 9.1108125150203687 11.94120502471924 1150.2096725702286 7.950844168663024 52.291122779250145
leaf_count=37 58 38 49 4764 33 221
internal_value=-7.62701e-07 0.0143558 -0.000266809 -8.15295e-05 0.0180996 -0.000382285
internal_weight=1254.12 22.8177 1231.3 1222.39 19.892 1202.5
internal_count=5200 96 5104 5067 82 4985
is_linear=0
shrinkage=0.03


Tree=137
num_leaves=12
num_cat=0
split_feature=65 22 69 69 15 113 36 69 118 61 42
split_gain=5.31648 11.9994 8.73056 14.7758 14.4392 18.5414 11.2891 8.87347 7.58983 10.0173 4.52586
threshold=7.8029441284710614 2.6880371897780235 0.74968471434051087 1.1279647494774292 0.4278353259528111 3.5414914576178864 45.341666666666704 2.2715109414380712 0.61944756723924821 0.79949748743718607 1.6481729573836055
decision_type=2 2 2 2 2 2 2 2 2 2 2
left_child=2 -2 4 6 5 -1 -4 -5 9 -3 -6
right_child=1 8 3 7 10 -7 -8 -9 -10 -11 -12
leaf_value=-0.03258723709700851 0.014639407075352637 -0.028865089886259219 0.018451341141814827 0.0050933648811746978 0.04961188792421984 0.029417191864449455 -0.019322375867535595 -0.00090896728832514392 -0.03915696570660112 0.012427464673986741 0.017856263575121378
leaf_weight=9.2839313447475451 12.743876203894613 10.978324994444847 8.2086849808692914 305.59727860987186 9.1689424812793749 8.1516155302524549 53.725402876734734 807.07327289134264 11.611819773912428 10.200153365731239 7.2198910713195792
leaf_count=40 53 46 34 1262 38 34 226 3341 52 44 30
internal_value=-7.2273e-07 -0.0100639 0.000378461 -5.42531e-05 0.0154051 -0.0035984 -0.0143159 0.000739586 -0.0196647 -0.00897743 0.0356224
internal_weight=1253.96 45.5342 1208.43 1174.6 33.8244 17.4355 61.9341 1112.67 32.7903 21.1785 16.3888
internal_count=5200 195 5005 4863 142 74 260 4603 142 90 68
is_linear=0
shrinkage=0.03


Tree=138
num_leaves=15
num_cat=0
split_feature=75 116 13 79 1 127 0 105 68 118 81 26 65 41
split_gain=5.29388 8.39679 9.75196 8.9963 8.65716 8.37868 7.21077 6.84504 12.5017 9.35035 8.26758 7.54286 10.0921 9.15507
threshold=0.57644434862882632 4.5000000000000009 3.3981946322631176 17.135932089898571 70.094431328982097 1.485652841006075 -0.0069846557461127811 0.15120256605433527 0.6223610944197413 0.9398140601472601 0.11670788369804637 -2.9401572559581655 8.2168944500877288 0.37017162269995157
decision_type=2 2 2 2 2 2 2 2 2 2 2 2 2 2
left_child=7 2 5 -4 -3 -2 -6 11 10 -10 -9 13 -13 -1
right_child=1 4 3 -5 6 -7 -8 8 9 -11 -12 12 -14 -15
leaf_value=-0.0050556114651631673 -0.0075685103923524887 0.018689285500935817 -0.021078913481586792 0.0053887677628618787 -0.011870329371876131 0.022046697506954774 0.0072876875756605905 -0.023849295500051864 0.0070024083389990301 0.029063834960073084 0.01516343024889912 -0.00086703881473320602 -0.021979403719233168 0.0083344062845022212
leaf_weight=62.911776542663574 25.347087278962135 22.118274673819542 61.368902310729027 14.239559441804884 37.376910760998726 13.011294737458227 33.555612683296204 15.629455804824831 59.283652886748314 24.409438997507095 7.1141657680273047 685.67475483566523 21.001689270138741 170.51227155327797
leaf_count=259 109 92 258 60 154 54 139 65 247 102 30 2836 92 703
internal_value=-7.69551e-07 -0.00438416 -0.00984356 -0.0160942 0.00230241 0.00247707 -0.00280736 0.000866318 0.00807695 0.0134367 -0.0116462 4.99413e-05 -0.00149448 0.00472557
internal_weight=1253.55 207.018 113.967 75.6085 93.0508 38.3584 70.9325 1046.54 106.437 83.6931 22.7436 940.1 706.676 233.424
internal_count=5200 866 481 318 385 163 293 4334 444 349 95 3890 2928 962
is_linear=0
shrinkage=0.03


Tree=139
num_leaves=10
num_cat=0
split_feature=104 18 53 104 2 59 1 147 21
split_gain=5.24899 6.60248 5.63098 12.7268 9.0312 8.48125 12.099 9.96184 4.52107
threshold=4.9511686579016487 -1.7391239650806696 0.86036671376622953 0.33301489102590781 74.863165990214853 4.7837781099346364 71.399805582557988 50.977378296406741 2.6061408165113176
decision_type=2 2 2 2 2 2 2 2 2
left_child=2 -2 5 -4 -5 7 -7 -1 -3
right_child=1 8 3 4 -6 6 -8 -9 -10
leaf_value=0.0021778290884562138 -0.01104135083144789 0.0055269508706637036 0.032856835961236147 -0.02769778549327355 -0.0046750113601548857 0.01089727769956164 -0.0091073889737419544 -0.022307132281544489 0.033913159122314525
leaf_weight=857.32925640046597 7.6292310357093838 8.8991349339485186 7.51366202533245 17.113687053322792 147.50964671373367 33.402810424566269 146.76995503902435 15.220395639538763 11.674142867326735
leaf_count=3547 32 37 31 71 611 139 616 65 51
internal_value=-7.88765e-07 0.0127951 -0.000295416 -0.00532567 -0.00706838 0.000527111 -0.00539866 0.00175072 0.0216345
internal_weight=1253.06 28.2025 1224.86 172.137 164.623 1052.72 180.173 872.55 20.5733
internal_count=5200 120 5080 713 682 4367 755 3612 88
is_linear=0
shrinkage=0.03


Tree=140
num_leaves=15
num_cat=0
split_feature=109 61 54 32 53 4 89 94 61 142 27 58 72 39
split_gain=5.17035 16.8038 18.2764 19.8145 14.4784 18.0103 12.3678 10.8699 10.2351 13.5003 8.22915 15.022 10.5412 6.14311
threshold=0.50775333009659362 0.67028980163704754 0.037892750981104471 1.0000000180025095e-35 0.20820490067254047 34.503242909929959 746.50000000000011 0.35520782617025021 0.52122461727979819 2.2953256513148994 0.61787742983341276 1.3107795163524574 10.49567310004511 1.4947386985381546
decision_type=2 2 2 2 2 2 2 2 2 2 2 2 2 2
left_child=7 4 -3 -4 6 -6 -2 8 9 -1 11 -9 -12 -10
right_child=1 2 3 -5 5 -7 -8 10 13 -11 12 -13 -14 -15
leaf_value=0.018212573490281835 0.012027268972114745 0.033753886926865109 0.0051176904644900318 -0.027074241477245804 -0.015638318343014015 0.01233884133957606 -0.030361284037373149 -0.02649870332106374 0.047166062099982052 -0.026010346825152832 0.001190680664929363 -0.0019360425929772331 0.022101848781330147 0.012587553036664145
leaf_weight=18.849541783332828 7.2619948089122763 16.053806617856026 102.74873268604279 20.669778615236282 48.522817574441433 36.127794608473778 42.161349385976791 25.453152745962143 10.69225859642029 9.2674144208431226 696.98825137317181 187.36011438071728 22.392834082245827 8.1474919319152814
leaf_count=78 30 68 427 87 203 149 176 107 44 38 2881 785 93 34
internal_value=-7.62668e-07 -0.00364719 0.00364299 -0.000273722 -0.0112309 -0.00369803 -0.0241329 0.00101794 0.0151015 0.0036366 0.00030852 -0.00487382 0.0018416 0.0322121
internal_weight=1252.7 273.546 139.472 123.419 134.074 84.6506 49.4233 979.151 46.9567 28.117 932.194 212.813 719.381 18.8398
internal_count=5200 1140 582 514 558 352 206 4060 194 116 3866 892 2974 78
is_linear=0
shrinkage=0.03


Tree=141
num_leaves=13
num_cat=0
split_feature=107 132 1 109 53 107 149 22 19 53 10 70
split_gain=5.14696 9.78156 10.3334 11.4078 10.601 7.85716 18.7959 18.5786 14.3353 9.10198 11.5626 9.58319
threshold=0.35374311137226483 1.8111377770856976 84.62019164005001 0.032034331802549186 0.89513236865472523 0.050954105914276716 13.500000000000002 1.8569788468736621 6.9729784812638522 0.029133675982766238 -2.3325864102104079 1.7018479626640219
decision_type=2 2 2 2 2 2 2 2 2 2 2 2
left_child=5 2 3 -2 -4 6 8 -8 -1 10 -7 -11
right_child=1 -3 4 -5 -6 9 7 -9 -10 11 -12 -13
leaf_value=-0.017256513432672788 -0.026715146184620245 0.020883347205815569 -0.0097258356715884172 0.002724389325539416 -0.040223395010942319 -0.021800903239136929 0.019631214394930228 -0.0023218988349313703 0.0081331667396165493 -0.010380137753252656 0.017845135234663984 0.0026333102015493712
leaf_weight=99.605862691998482 13.3146805614233 13.022469684481619 63.241130873560905 107.41909120976925 12.243978619575499 7.4797750413417807 45.144434750080109 149.88544903695583 25.046689942479134 55.63195588439703 57.637486517429352 602.4920771047473
leaf_count=413 57 56 267 448 53 31 188 621 105 231 240 2490
internal_value=-8.16513e-07 -0.00429488 -0.00596589 -0.000522242 -0.0146727 0.0008607 -0.00305591 0.00275969 -0.0121549 0.00259189 0.0132911 0.00153327
internal_weight=1252.17 209.241 196.219 120.734 75.4851 1042.92 319.682 195.03 124.653 723.241 65.1173 658.124
internal_count=5200 881 825 505 320 4319 1327 809 518 2992 271 2721
is_linear=0
shrinkage=0.03


Tree=142
num_leaves=14
num_cat=0
split_feature=141 64 101 104 37 26 98 65 136 96 36 30 79
split_gain=5.16346 9.60595 15.8617 14.4808 12.7589 12.6525 9.42334 12.9992 11.4374 16.468 15.5216 11.1205 2.909
threshold=1096.0000000000002 0.30373119491019956 1.6326312645538856 0.27331916809473156 4.0073667577802112 -2.8464968815309395 0.61752088083766909 6.0189807046979871 211.50000000000003 1.624262813838963 197.91666666666671 0.9883102305215089 2.927959711848604
decision_type=2 2 2 2 2 2 2 2 2 2 2 2 2
left_child=1 2 4 -3 -1 -5 7 11 9 -8 -10 -2 -9
right_child=6 3 -4 5 -6 -7 8 12 10 -11 -12 -13 -14
leaf_value=-0.0079386929668175989 0.023732607065424308 0.039002269420907551 0.029449523527748683 0.006895099470668355 -0.037888781649566251 -0.0025770835415624901 -0.0082408515659734612 -0.034132943846647945 -0.023786709690347876 0.013425526218849295 0.00097315952167869647 0.0057204150964443477 -0.006290619162113451
leaf_weight=113.62405544519424 42.692238003015518 8.501462906599043 9.2094273418188077 165.15742041170597 14.426856383681296 548.13577402383089 53.326675862073898 6.639863044023512 38.46168377995491 77.39563225209713 55.911571443080902 111.19710904359818 6.8735669702291489
leaf_count=470 177 36 38 685 61 2281 224 30 158 318 232 460 30
internal_value=-8.783e-07 -0.00130337 -0.00857807 8.00248e-05 -0.011313 -0.000383874 0.00284987 0.00824009 -0.00115882 0.00458697 -0.00911769 0.0107174 -0.019971
internal_weight=1251.55 859.055 137.26 721.795 128.051 713.293 392.498 167.403 225.096 130.722 94.3733 153.889 13.5134
internal_count=5200 3571 569 3002 531 2966 1629 697 932 542 390 637 60
is_linear=0
shrinkage=0.03


Tree=143
num_leaves=7
num_cat=0
split_feature=63 36 83 50 128 36
split_gain=5.12129 6.01029 6.44324 13.9819 13.2588 5.43668
threshold=0.10990338164251208 11.141666666666653 3.4617997200945054 570.00000000000011 2.9104183261601402 274.93333333333339
decision_type=2 2 2 2 2 2
left_child=5 -2 4 -4 -3 -1
right_child=1 2 3 -5 -6 -7
leaf_value=-0.00077909606269879338 0.025692833651690981 0.00094281468750179078 -0.0083562658598734484 0.0012577341256538599 0.028412981600285696 0.035553151919686519
leaf_weight=7.3575317114591581 8.0091056674718839 652.02041873335838 233.63036240637302 326.27683639526367 16.206433042883873 7.4702800214290619
leaf_count=31 36 2702 969 1358 70 34
internal_value=-8.50541e-07 -0.000211079 -0.000380008 -0.00275386 0.00160905 0.0175252
internal_weight=1250.97 1236.14 1228.13 559.907 668.227 14.8278
internal_count=5200 5135 5099 2327 2772 65
is_linear=0
shrinkage=0.03


Tree=144
num_leaves=8
num_cat=0
split_feature=0 103 84 28 11 90 74
split_gain=5.1263 5.25442 8.6638 10.6058 7.35717 10.8352 6.44775
threshold=-0.24034182589077482 12.618306655745501 2.6711147564440414 1.2295740837031048 3.4348968597548946 2.0714647567802653 0.28708791208791212
decision_type=2 2 2 2 2 2 2
left_child=-1 2 6 -4 -3 -6 -2
right_child=1 4 3 -5 5 -7 -8
leaf_value=-0.034380219727757663 -0.0099792560171929057 0.030191572710867542 0.0036609829186497254 -0.047712258183011669 -0.025547768325209455 0.013966734701596832 0.0005088927433692733
leaf_weight=3.8913016691803923 55.326568976044655 12.155299529433249 6.8897435367107374 7.6131627410650253 8.7724725157022494 21.681337729096413 1134.4112931787968
leaf_count=21 230 51 30 32 36 91 4709
internal_value=-7.50015e-07 0.000106545 -0.000259784 -0.0233069 0.0104599 0.00258425 2.11607e-05
internal_weight=1250.74 1246.85 1204.24 14.5029 42.6091 30.4538 1189.74
internal_count=5200 5179 5001 62 178 127 4939
is_linear=0
shrinkage=0.03


Tree=145
num_leaves=13
num_cat=0
split_feature=75 76 41 99 104 8 7 70 42 53 94 36
split_gain=5.0874 9.12928 7.75925 7.47476 7.06357 6.57544 11.9996 12.4389 11.2224 11.3395 11.1175 10.1177
threshold=0.601141371909376 2.914285714285715 0.95685740634532979 0.97823175577089272 1.2578525656159902 1.8161158197833744 0.23882087497894877 1.5729829178916621 3.9424680371457899 0.18098327417949467 1.6818585389886145 390.21666666666675
decision_type=2 2 2 2 2 2 2 2 2 2 2 2
left_child=5 3 -3 4 -2 8 10 -8 11 -10 -7 -1
right_child=1 2 -4 -5 -6 6 7 -9 9 -11 -12 -13
leaf_value=0.0012199837097079391 -0.0066853558386320141 0.026438876935627718 -0.0057526705045199073 0.018051974378398995 -0.024458586836787997 0.00087146647324820657 0.027587284761725915 -0.0081332194789165372 -0.0059988062130836078 0.037562533046607997 -0.042838357468991374 -0.021887676483920197
leaf_weight=994.15563479065895 82.069611325860023 13.562285512685778 13.393707931041716 8.573213189840315 26.663199886679649 8.405075818300249 11.429350301623343 37.762959435582161 8.4073277860879916 14.926758199930189 13.894845411181448 17.351056016981602
leaf_count=4118 343 56 57 38 112 35 49 158 35 64 57 78
internal_value=-7.42305e-07 -0.00529955 0.0104438 -0.00891723 -0.0110437 0.000690204 -0.0081091 0.000166089 0.00129811 0.0218673 -0.0263637 0.000823602
internal_weight=1250.6 144.262 26.956 117.306 108.733 1106.33 71.4922 49.1923 1034.84 23.3341 22.2999 1011.51
internal_count=5200 606 113 493 455 4594 299 207 4295 99 92 4196
is_linear=0
shrinkage=0.03


Tree=146
num_leaves=9
num_cat=0
split_feature=30 30 107 29 26 72 85 26
split_gain=5.05641 5.52341 10.4315 10.2024 7.1629 6.75908 13.0732 7.29855
threshold=0.034582241021498317 0.30913542729684929 0.087142614651672487 1.4567628381820503 -1.0465653546092584 1.5930018064261795 2.5893968450682361 -2.7886226256644027
decision_type=2 2 2 2 2 2 2 2
left_child=-1 2 3 -2 -4 6 -3 -7
right_child=1 5 4 -5 -6 7 -8 -9
leaf_value=0.026358473688370469 0.027396462842847559 -0.0010037746095367165 -0.0037582379697339357 -0.010049606439185888 -0.031534232990909884 0.003080730328945477 0.016043773641473306 -0.0023628925610385764
leaf_weight=6.5155780315399161 10.926487579941751 100.12817585468292 14.378072559833525 16.34260156750679 19.94977679848671 327.30666443705559 67.967640936374664 686.80859577655792
leaf_count=28 47 417 60 68 86 1355 285 2854
internal_value=-6.76678e-07 -0.000138757 -0.00889698 0.00495471 -0.0199004 0.000317574 0.00588921 -0.000605958
internal_weight=1250.32 1243.81 61.5969 27.2691 34.3278 1182.21 168.096 1014.12
internal_count=5200 5172 261 115 146 4911 702 4209
is_linear=0
shrinkage=0.03


Tree=147
num_leaves=8
num_cat=0
split_feature=98 71 0 49 124 57 148
split_gain=5.04309 11.3413 6.51421 6.26824 9.97761 8.12539 5.72985
threshold=3.0998145427459405 4.0870815056547904 -0.24034182589077482 358200.00000000006 0.5422217812047484 10.470043879316757 17.500000000000004
decision_type=2 2 2 2 2 2 2
left_child=2 6 -1 5 -5 -4 -2
right_child=1 -3 3 4 -6 -7 -8
leaf_value=-0.04078968622716158 0.046091504584891016 -0.016572492206375494 4.7289675276549143e-05 0.033710805427411838 -0.0040216517070092933 -0.012641980190170477 0.0093223741544257808
leaf_weight=3.558683715760707 8.082148030400278 7.3634479045867911 1151.2049999386072 12.489681601524355 12.741777390241621 47.281825959682465 7.2233823388814917
leaf_count=20 35 31 4778 52 53 201 30
internal_value=-6.65949e-07 0.0140203 -0.000259647 -0.000141782 0.0146561 -0.000453318 0.0287385
internal_weight=1249.95 22.669 1227.28 1223.72 25.2315 1198.49 15.3055
internal_count=5200 96 5104 5084 105 4979 65
is_linear=0
shrinkage=0.03


Tree=148
num_leaves=14
num_cat=0
split_feature=80 139 141 64 68 26 39 69 137 61 8 45 79
split_gain=4.98142 12.0859 12.4317 9.67715 11.0096 9.10839 14.3313 11.3974 10.4316 9.60709 8.85986 8.8234 8.65321
threshold=2.5000000000000004 55.500000000000007 2659.5000000000005 0.31306379520520117 2.8731837469461237 -0.5108749274893748 2.9886380762869393 0.74968471434051087 380.50000000000006 0.60756868291823951 0.43009704826432488 0.69754145225843345 0.49682723131080175
decision_type=2 2 2 2 2 2 2 2 2 2 2 2 2
left_child=5 3 10 4 -2 6 7 -1 -7 -10 -3 -8 -5
right_child=1 2 -4 12 -6 8 11 -9 9 -11 -12 -13 -14
leaf_value=0.03811653491473152 -0.0041584335727358271 -0.0061792281613673779 0.024085048011531052 -0.02753094731204532 -0.031319286602057329 -0.017796073461573161 0.003893832912319325 0.0013271408969874852 0.0020013910591738528 0.024279762678806559 -0.023587969549709865 -0.032675797483190369 0.0021418369811415598
leaf_weight=7.7545955330133429 91.48375728726387 67.636381596326828 8.805588483810423 8.9863912910222989 15.742932960391043 9.6344155222177488 8.8651408851146716 334.40088221430779 28.915528401732445 43.822690725326538 43.062199488282204 17.983501873910427 562.60200262069702
leaf_count=32 378 286 37 39 66 40 38 1392 120 183 180 77 2332
internal_value=-6.44601e-07 -0.00142486 -0.0102223 0.000123909 -0.00814617 0.00251827 0.00050479 0.00216093 0.0115381 0.0154235 -0.0129513 -0.0206009 0.00167533
internal_weight=1249.7 798.319 119.504 678.815 107.227 451.377 369.004 342.155 82.3726 72.7382 110.699 26.8486 571.588
internal_count=5200 3318 503 2815 444 1882 1539 1424 343 303 466 115 2371
is_linear=0
shrinkage=0.03


Tree=149
num_leaves=14
num_cat=0
split_feature=145 53 1 147 86 107 149 134 19 21 3 30 120
split_gain=5.00733 13.0221 11.9729 14.2902 6.96711 6.77125 12.9591 15.1008 13.3655 9.91729 10.7745 9.64237 2.51025
threshold=1.2217811907229608 0.22607865253778558 83.780030551312322 -7.5857689270734587 17003.500000000004 0.051998640369731362 13.500000000000002 17393.000000000004 6.9729784812638522 2.4071048650914491 0.96766996443415387 0.35687621188292834 0.85329985652797713
decision_type=2 2 2 2 2 2 2 2 2 2 2 2 2
left_child=1 4 3 -3 -1 6 8 -8 -2 10 -7 -11 -6
right_child=5 2 -4 -5 12 9 7 -9 -10 11 -12 -13 -14
leaf_value=0.0051507820415792188 -0.016881825630914123 0.041108625555939166 -0.037068710550230664 -0.0089775118832187938 0.049089995045740624 -0.020483653661080473 0.0082556534134148474 -0.0091039831752793288 0.0084260212286328268 -0.011292954115353545 9.9321907757634042e-05 0.0028228070306869023 0.024844172704952559
leaf_weight=9.9424912482500094 96.544074445962906 7.347712427377707 7.5587077885866156 16.96144887804985 7.9508601725101453 38.545765183866024 103.93641623854637 79.665394246578217 23.316765204071999 46.247579112648964 56.350030675530434 747.50118933618069 7.4387279748916626
leaf_count=41 401 32 31 72 34 165 431 331 97 196 238 3100 31
internal_value=-6.75579e-07 0.00866993 -0.00409217 0.00616158 0.0247247 -0.00041671 -0.00428581 0.000723253 -0.0119586 0.000904544 -0.00826129 0.00200036 0.0373705
internal_weight=1249.31 57.1999 31.8679 24.3092 25.3321 1192.11 303.463 183.602 119.861 888.645 94.8958 793.749 15.3896
internal_count=5200 241 135 104 106 4959 1260 762 498 3699 403 3296 65
is_linear=0
shrinkage=0.03


Tree=150
num_leaves=9
num_cat=0
split_feature=50 23 50 53 62 50 86 148
split_gain=4.90193 11.382 8.34362 13.5305 16.4503 9.56583 16.5832 12.2635
threshold=150.00000000000003 -1.0374492905804895 270.00000000000006 0.98469449565253997 0.34099718111346022 570.00000000000011 2548.5000000000005 42.500000000000007
decision_type=2 2 2 2 2 2 2 2
left_child=1 -1 3 4 -2 6 -4 -7
right_child=2 -3 5 -5 -6 7 -8 -9
leaf_value=-0.040111405066792151 -0.00044386409742930158 0.0077933532166933848 0.017747297201036714 -0.022475870701708433 0.019426601614350249 -0.00049155557460676307 -0.0063771576635979028 0.01000862677067146
leaf_weight=8.7248751074075717 78.041752234101295 9.1399228274822217 27.687068849802017 13.291419506072996 72.176760956645012 570.60538598895073 347.62731351703405 121.40625381469727
leaf_count=37 321 39 115 55 301 2377 1445 510
internal_value=-6.73703e-07 -0.0156025 0.000225778 0.00653644 0.00910347 -0.00074099 -0.00459749 0.00135059
internal_weight=1248.7 17.8648 1230.84 163.51 150.219 1067.33 375.314 692.012
internal_count=5200 76 5124 677 622 4447 1560 2887
is_linear=0
shrinkage=0.03


Tree=151
num_leaves=15
num_cat=0
split_feature=83 59 69 30 30 84 21 24 57 29 22 145 93 109
split_gain=4.96485 12.3737 19.3078 14.7904 13.4297 13.8006 12.8434 11.7807 24.0506 16.7701 14.7147 12.1012 11.6272 9.94094
threshold=3.4617997200945054 2.076454206520681 1.1279647494774292 1.6096622811552572 1.4934471327249681 0.79157866470867555 3.0182553475199252 -1.1751242193866906 1.2836851941262586 1.058313206862481 8.4372096802463101 2.6810173539887585 0.83609253944591055 0.34298147674204943
decision_type=2 2 2 2 2 2 2 2 2 2 2 2 2 2
left_child=1 4 6 -4 5 -1 -3 9 11 10 -2 -9 -10 -11
right_child=7 2 3 -5 -6 -7 -8 8 12 13 -12 -13 -14 -15
leaf_value=-0.01180867717880533 0.019518843420884609 -0.040287446662046832 0.0023049419595473413 0.014297524643117362 -0.011880373287477784 0.009006870324488353 -0.0037386822141829506 0.035889528272005804 -0.026939784816189877 0.0020843902598853868 -0.025046728030992376 0.0022766281206125774 -0.0081276112676952773 -0.010545408505742355
leaf_weight=41.660988792777061 62.036540910601616 12.473506942391394 249.22914537787437 147.23015457391739 103.57127157598734 91.898941934108734 28.253547072410583 13.996922105550764 36.177973017096519 180.04708582162857 7.4710181802511206 30.965202987194061 161.86959297955036 81.468174010515213
leaf_count=176 259 56 1030 608 432 380 121 58 151 751 31 130 673 344
internal_value=-6.78137e-07 0.00174491 0.00473786 0.00675854 -0.00377304 0.00251393 -0.0149325 -0.00205123 -0.00706721 0.0016311 0.0147287 0.0127405 -0.0115641 -0.00185009
internal_weight=1248.35 674.318 437.186 396.459 237.131 133.56 40.7271 574.033 243.01 331.023 69.5076 44.9621 198.048 261.515
internal_count=5200 2803 1815 1638 988 556 177 2397 1012 1385 290 188 824 1095
is_linear=0
shrinkage=0.03


Tree=152
num_leaves=14
num_cat=0
split_feature=141 64 101 104 2 60 101 28 4 107 65 54 51
split_gain=4.90247 8.96325 14.8179 13.5787 11.9635 10.5996 8.90374 13.0729 14.3461 13.5156 12.8498 9.29756 4.3523
threshold=1096.0000000000002 0.30373119491019956 1.6326312645538856 0.27331916809473156 79.64667654609984 18.683459912191502 1.2967155790567875 1.3671409351390913 46.108802168440427 0.14814319225826766 6.0189807046979871 0.96510600072589348 285.00000000000006
decision_type=2 2 2 2 2 2 2 2 2 2 2 2 2
left_child=1 2 4 -3 -1 -5 10 9 -9 -8 11 -2 -12
right_child=6 3 -4 5 -6 -7 7 8 -10 -11 12 -13 -14
leaf_value=0.0027368595873197002 0.010058463042641396 0.037861347210490628 0.028546760666561408 -0.00077539698048260128 -0.01711741450978449 0.033793031150771986 -0.0051258275057533007 -0.01584548011822633 0.014171720614817192 0.026790868653920299 -0.0069075594221069663 -0.010145800779745728 -0.03686964831330343
leaf_weight=39.603929936885834 210.09798435866833 8.45470082759857 9.1593651324510557 703.26970297843218 88.022878140211105 8.0747793167829496 26.353544518351555 73.365678519010544 17.807851642370224 21.834526896476746 12.309143960475923 22.714890792965889 6.7593613862991324
leaf_count=164 871 36 38 2932 367 34 108 306 75 91 54 94 30
internal_value=-7.23427e-07 -0.00127156 -0.00831125 6.62191e-05 -0.0109564 -0.000382996 0.00278164 -0.00330266 -0.00998257 0.00933597 0.00614798 0.00808719 -0.0175285
internal_weight=1247.83 856.585 136.786 719.799 127.627 711.344 391.243 139.362 91.1735 48.1881 251.881 232.813 19.0685
internal_count=5200 3571 569 3002 531 2966 1629 580 381 199 1049 965 84
is_linear=0
shrinkage=0.03


Tree=153
num_leaves=7
num_cat=0
split_feature=63 10 36 83 59 50
split_gain=5.0263 10.3378 7.08033 6.22121 13.2809 12.5803
threshold=0.12556306306306309 1.0540818822893616 13.26666666666671 3.4617997200945054 2.076454206520681 570.00000000000011
decision_type=2 2 2 2 2 2
left_child=1 -1 -2 4 -4 -5
right_child=2 -3 3 5 -6 -7
leaf_value=-0.0082003525324268398 0.022260139216727998 0.035385427245401058 -0.0043649876741540016 -0.008243156310932833 0.0045615163744397976 0.0009655508740289096
leaf_weight=9.1844675987958926 12.457338154315947 10.492733076214789 228.9619013145566 227.07756915688515 434.99001678824425 324.05210436880589
leaf_count=39 55 47 955 945 1807 1352
internal_value=-6.99835e-07 0.0150415 -0.000241823 -0.000472519 0.00148324 -0.00282864
internal_weight=1247.22 19.6772 1227.54 1215.08 663.952 551.13
internal_count=5200 86 5114 5059 2762 2297
is_linear=0
shrinkage=0.03


Tree=154
num_leaves=9
num_cat=0
split_feature=147 150 3 15 102 58 134 95
split_gain=4.98678 6.70601 18.1949 10.4506 7.48945 9.52979 7.75361 5.14581
threshold=-43.216849833719138 0.15881567323543941 0.91162522118336997 -1.6095356748051253 0.00072999797430012585 2.2176058884862342 28175.000000000004 1.2563126912328773
decision_type=2 2 2 2 2 2 2 2
left_child=-1 2 7 -4 5 -3 -6 -2
right_child=1 4 3 -5 6 -7 -8 -9
leaf_value=0.021505017815696921 0.0051894674052250381 0.0058174175507719143 0.014169685289480143 -0.016066972807642781 -0.0010465854231116057 -0.041450505759731068 0.0041900161879832778 0.041163968556395931
leaf_weight=9.6291986554861051 6.8131992071866971 6.9766633808612815 11.788152262568472 80.823924869298935 721.89452069252729 8.5349984616041166 393.02049776166677 7.5375632494688034
leaf_count=42 30 29 49 341 3000 36 1642 31
internal_value=-6.48177e-07 -0.000168002 -0.00734768 -0.0122183 0.00051135 -0.0201909 0.000799377 0.0240846
internal_weight=1247.02 1237.39 106.963 92.6121 1130.43 15.5117 1114.92 14.3508
internal_count=5200 5158 451 390 4707 65 4642 61
is_linear=0
shrinkage=0.03


Tree=155
num_leaves=10
num_cat=0
split_feature=55 85 1 49 128 104 74 106 79
split_gain=4.90691 11.1667 8.62309 8.52046 8.38595 7.17715 7.17847 6.95762 5.73224
threshold=1.0149609039967811 3.7413662122573377 99.798639077905861 30600.000000000004 0.55896830585622059 4.9511686579016487 0.28708791208791212 0.21181469574431475 4.8344888503677348
decision_type=2 2 2 2 2 2 2 2 2
left_child=2 3 5 4 -2 6 -1 -5 -7
right_child=1 -3 -4 7 -6 8 -8 -9 -10
leaf_value=-0.0098305232214312439 0.018155028677357053 0.024552392489509293 -0.029777364247509614 -0.0074412338417588373 -0.023217279279496163 0.036754637424749111 0.00080800364287984935 -0.040396659466614401 0.0061912650780713424
leaf_weight=60.195632889866829 10.223663479089739 7.4569863826036444 8.4721604734659177 9.7026536613702792 7.7532580941915503 8.3983905613422412 1104.173766747117 14.209375128149984 16.130356550216675
leaf_count=253 44 33 35 41 32 36 4597 59 70
internal_value=-6.67704e-07 -0.00927174 0.000381411 -0.015293 0.000311585 0.000596324 0.000258012 -0.0270245 0.0166558
internal_weight=1246.72 49.3459 1197.37 41.889 17.9769 1188.9 1164.37 23.912 24.5287
internal_count=5200 209 4991 176 76 4956 4850 100 106
is_linear=0
shrinkage=0.03


Tree=156
num_leaves=12
num_cat=0
split_feature=107 132 1 109 53 138 41 10 107 149 53
split_gain=4.8953 8.91445 9.45081 10.5792 9.79465 7.79196 11.0521 11.8029 6.75789 13.0212 10.2048
threshold=0.35374311137226483 1.8111377770856976 84.62019164005001 0.032034331802549186 0.89513236865472523 18242.500000000004 1.5889015263536093 0.088065894869708464 0.050954105914276716 13.500000000000002 0.02562996787545346
decision_type=2 2 2 2 2 2 2 2 2 2 2
left_child=5 2 3 -2 -4 8 7 -7 9 -1 -10
right_child=1 -3 4 -5 -6 6 -8 -9 10 -11 -12
leaf_value=-0.010181368239662088 -0.025926938434698139 0.019960804700337158 -0.0094173247587623424 0.0025403226293411272 -0.038967272319000441 0.022156928577886793 -0.044684311383569979 -0.012451154466678977 0.015617066883257404 0.0026458889895155271 0.0020563212058750612
leaf_weight=115.26060722768307 13.198114618659018 12.891118586063383 62.901005700230598 107.01503385603428 12.025260046124457 11.335184067487715 7.1552388817071906 40.765082880854607 54.294466525316238 186.4202852845192 623.25907527655363
leaf_count=481 57 56 267 448 53 47 31 172 227 776 2585
internal_value=-6.70838e-07 -0.00420115 -0.00579732 -0.000585077 -0.0141599 0.00084077 -0.00972309 -0.00492165 0.00148001 -0.00225491 0.00314299
internal_weight=1246.52 208.031 195.139 120.213 74.9263 1038.49 59.2555 52.1003 979.234 301.681 677.554
internal_count=5200 881 825 505 320 4319 250 219 4069 1257 2812
is_linear=0
shrinkage=0.03


Tree=157
num_leaves=10
num_cat=0
split_feature=78 118 67 57 69 31 36 49 50
split_gain=4.83043 10.0338 6.70807 5.62942 7.70013 12.5927 7.51063 7.43139 6.09324
threshold=0.99519230769230782 0.99766355140186935 0.93367174280879872 10.470043879316757 7.9942216648737467 1.0000000180025095e-35 390.21666666666675 304200.00000000006 330.00000000000006
decision_type=2 2 2 2 2 2 2 2 2
left_child=3 2 -2 4 6 -6 -1 8 -5
right_child=1 -3 -4 7 5 -7 -8 -9 -10
leaf_value=-0.00017463805633309825 0.042828823840931431 -0.015910644212568149 0.0091459176346693326 0.0034511131274838195 -0.0016256747169248918 0.022442047579763903 -0.018467580121699585 0.010828558151376663 -0.022847887498661391
leaf_weight=1062.3385931402445 8.7210248857736605 8.5629223883152026 13.650542110204695 10.747807919979094 43.603873610496521 35.490630626678467 20.591567024588585 12.075056016445158 30.230779156088829
leaf_count=4418 37 36 57 46 180 153 93 51 129
internal_value=-7.62583e-07 0.0117059 0.0222764 -0.000298801 0.000137515 0.00917379 -0.000522472 -0.00985535 -0.0159502
internal_weight=1246.01 30.9345 22.3716 1215.08 1162.02 79.0945 1082.93 53.0536 40.9786
internal_count=5200 130 94 5070 4844 333 4511 226 175
is_linear=0
shrinkage=0.03


Tree=158
num_leaves=9
num_cat=0
split_feature=18 37 108 61 134 58 50 108
split_gain=4.79601 6.90556 8.54438 10.1081 6.87131 8.20034 6.88754 5.11488
threshold=15.162121444092213 6.1009161561534118 0.15243362511679179 0.75401300871225685 340229.00000000006 2.4154062866816086 270.00000000000006 0.064764614212853566
decision_type=2 2 2 2 2 2 2 2
left_child=1 4 7 -4 6 -6 -1 -3
right_child=-2 2 3 -5 5 -7 -8 -9
leaf_value=0.005703602807419223 -0.021759662840400838 0.013349498963540402 0.023840447255166861 -0.027099497740227105 -0.034439031575714443 0.0050887777284918823 -0.00082303166805788896 0.050085733588164254
leaf_weight=169.74152535945177 9.0506815463304502 6.7630690485239047 7.056697949767111 6.9673358798027039 11.280813828110697 8.1261948049068433 1019.8763578012586 6.8821833878755569
leaf_count=706 38 30 30 30 47 34 4255 30
internal_value=-7.49482e-07 0.000158492 0.0149771 -0.00146723 -0.000180642 -0.0178878 0.000108226 0.031878
internal_weight=1245.74 1236.69 27.6693 14.024 1209.02 19.407 1189.62 13.6453
internal_count=5200 5162 120 60 5042 81 4961 60
is_linear=0
shrinkage=0.03


Tree=159
num_leaves=7
num_cat=0
split_feature=98 71 0 113 145 148
split_gain=4.7958 10.5971 6.11927 5.94913 8.12513 5.34232
threshold=3.0998145427459405 4.0870815056547904 -0.24034182589077482 0.50805173089124522 1.1588112220152977 17.500000000000004
decision_type=2 2 2 2 2 2
left_child=2 5 -1 -4 -5 -2
right_child=1 -3 3 4 -6 -7
leaf_value=-0.04019788472734695 0.04495290186483239 -0.015889344730944562 -0.024471179501309941 0.013098453025162923 -0.00042264836391343869 0.0093069558350520522
leaf_weight=3.4419210925698271 7.9711412936449069 7.3335301727056494 8.9779938459396345 41.415844693779945 1169.172098249197 7.2037079036235809
leaf_count=20 35 31 38 176 4870 30
internal_value=-7.06285e-07 0.0137214 -0.000253249 -0.000140515 3.99267e-05 0.0280313
internal_weight=1245.52 22.5084 1223.01 1219.57 1210.59 15.1748
internal_count=5200 96 5104 5084 5046 65
is_linear=0
shrinkage=0.03


Tree=160
num_leaves=13
num_cat=0
split_feature=75 76 96 53 41 8 7 56 44 120 36 141
split_gain=4.7577 8.51659 9.7671 10.5287 7.2432 6.18808 10.7211 12.1304 10.6049 9.84064 9.5357 5.85909
threshold=0.601141371909376 2.914285714285715 3.2504912430113455 0.35167314868624294 0.98678503042859944 1.8161158197833744 0.62684171593758331 0.19247230377679761 4.3198439784811642 0.78705964422741548 390.21666666666675 127.50000000000001
decision_type=2 2 2 2 2 2 2 2 2 2 2 2
left_child=5 2 11 -4 -3 8 9 -8 10 -7 -1 -2
right_child=1 4 3 -5 -6 6 7 -9 -10 -11 -12 -13
leaf_value=0.0013122462783413036 0.0079751223473695509 0.025018324673387844 0.01788798437116074 -0.017589742707519139 -0.0061693688896997641 0.0025636424025922283 -0.015327048567390792 0.015588402890627582 0.0294275844481817 -0.036903793252382612 -0.021148245549215197 -0.016921999572615889
leaf_weight=1001.3730032145977 9.6071867346763593 14.005255386233332 21.108415082097054 11.702044904232023 12.85237220674753 8.6005153805017489 21.920382559299469 23.851820796728134 11.890314683318136 16.776803508400917 17.306051768362522 74.283132657408714
leaf_count=4164 40 58 90 49 55 36 92 102 52 69 79 314
internal_value=-6.71354e-07 -0.00513765 -0.00864304 0.00523464 0.0100939 0.000668697 -0.00788821 0.000782943 0.00125946 -0.0235281 0.000930671 -0.0140708
internal_weight=1245.28 143.558 116.701 32.8105 26.8576 1101.72 71.1495 45.7722 1030.57 25.3773 1018.68 83.8903
internal_count=5200 606 493 139 113 4594 299 194 4295 105 4243 354
is_linear=0
shrinkage=0.03


Tree=161
num_leaves=7
num_cat=0
split_feature=24 62 39 24 61 84
split_gain=4.76484 7.28235 7.55747 7.2187 8.26342 5.93531
threshold=-0.099189444926434792 0.099327354260089692 1.4899041485558027 -8.1850993563622527 0.45733499760308977 0.55230142634356738
decision_type=2 2 2 2 2 2
left_child=1 2 -1 4 -3 -5
right_child=-2 3 -4 5 -6 -7
leaf_value=0.036314305848692691 -0.017388769129091895 0.0082453669566318038 0.00094215041393100947 -0.0076488919973612722 -0.033709925102795364 0.00074891759507826822
leaf_weight=10.144654512405397 14.02378688752651 6.5660147666931179 11.712661042809485 81.29605470597744 11.850327104330061 1109.3018443882465
leaf_count=42 59 28 50 352 53 4616
internal_value=-6.49635e-07 0.00019746 0.0173595 -0.000112806 -0.0187515 0.000175501
internal_weight=1244.9 1230.87 21.8573 1209.01 18.4163 1190.6
internal_count=5200 5141 92 5049 81 4968
is_linear=0
shrinkage=0.03


Tree=162
num_leaves=8
num_cat=0
split_feature=30 82 74 88 99 70 5
split_gain=4.72397 4.95475 7.75553 12.8342 7.5381 5.45676 14.541
threshold=0.034582241021498317 18440.216396676409 0.28708791208791212 344.50000000000006 0.97823175577089272 2.8954281433594051 5.5000000000000009
decision_type=2 2 2 2 2 2 2
left_child=-1 2 3 -2 -4 6 -3
right_child=1 5 4 -5 -6 -7 -8
leaf_value=0.025596359451123641 -0.017985617712123911 0.029367827701886871 -0.00024047758318770847 0.020201614831211263 0.016829482200796494 0.028593485380853507 -0.029171888893682486
leaf_weight=6.4552265256643286 45.803704753518105 7.891950339078905 1132.5500357598066 9.5771062299609167 23.771733835339546 11.212967097759245 7.3993875235319138
leaf_count=28 193 33 4721 41 106 47 31
internal_value=-6.89665e-07 -0.000134136 -0.000414806 -0.0113818 0.000110448 0.0126973 0.00104081
internal_weight=1244.66 1238.21 1211.7 55.3808 1156.32 26.5043 15.2913
internal_count=5200 5172 5061 234 4827 111 64
is_linear=0
shrinkage=0.03


Tree=163
num_leaves=7
num_cat=0
split_feature=63 10 36 87 76 88
split_gain=4.73207 9.76617 6.57559 5.97129 9.96655 6.76484
threshold=0.12556306306306309 1.0540818822893616 13.26666666666671 290.50000000000006 0.45738498789346255 306.50000000000006
decision_type=2 2 2 2 2 2
left_child=1 -1 -2 5 -5 -4
right_child=2 -3 3 4 -6 -7
leaf_value=-0.0079204921032247164 0.021546205623306596 0.034548191126602325 -0.0014398320918697705 0.0019250772316603676 -0.045148029319803461 0.0039268974121310328
leaf_weight=9.1757581979036349 12.349040701985357 10.393486246466635 921.71016526222229 9.3851372599601763 7.1182795614004126 274.29608804732561
leaf_count=39 55 47 3843 39 31 1146
internal_value=-6.50787e-07 0.0146352 -0.000234484 -0.000456313 -0.0183786 -0.000209008
internal_weight=1244.43 19.5692 1224.86 1212.51 16.5034 1196.01
internal_count=5200 86 5114 5059 70 4989
is_linear=0
shrinkage=0.03


Tree=164
num_leaves=7
num_cat=0
split_feature=150 149 149 63 61 26
split_gain=4.70603 6.62103 7.74254 13.5204 6.91145 4.70328
threshold=0.067711482265215658 72.500000000000014 45.500000000000007 0.51775210084033629 0.79084705073133243 -1.0309609941264093
decision_type=2 2 2 2 2 2
left_child=5 2 4 -4 -2 -1
right_child=1 -3 3 -5 -6 -7
leaf_value=-0.034484403223190241 -0.00093929941311808682 0.02179454918077307 0.004091222680011268 -0.026062492649883168 0.0042049064977949802 -0.0031295107663126525
leaf_weight=6.976738095283511 832.0804276689887 12.674919962882994 26.468385979533195 27.069885835051537 327.60462057590485 11.245744198560713
leaf_count=34 3468 52 112 112 1372 50
internal_value=-6.30694e-07 0.000224323 -1.02743e-06 -0.011155 0.00051391 -0.0151342
internal_weight=1244.12 1225.9 1213.22 53.5383 1159.69 18.2225
internal_count=5200 5116 5064 224 4840 84
is_linear=0
shrinkage=0.03


Tree=165
num_leaves=10
num_cat=0
split_feature=105 56 30 30 36 112 121 30 103
split_gain=4.68889 9.60367 11.0863 12.4513 11.0889 9.03226 8.71264 19.1978 7.32029
threshold=0.15120256605433527 1.438608680180403 0.70400038548521637 1.3833955171596979 322.98333333333341 6.4794833247184558 0.65138035155828755 1.9220249160217449 2.1182532495836992
decision_type=2 2 2 2 2 2 2 2 2
left_child=5 2 4 -4 -2 6 8 -8 -1
right_child=1 -3 3 -5 -6 -7 7 -9 -10
leaf_value=-0.00039774301981681002 0.0022639240107819513 -0.028591260879825216 0.022236439996623458 -0.001236911472697393 -0.038208622497881733 -0.029698598102742786 -0.0017858271412359392 -0.024569223411357095 0.0062599670454545975
leaf_weight=640.30413857102394 27.210654526948929 7.0538357943296424 52.93581360578537 33.026807680726051 7.8505174219608298 9.5346412807703 233.65509655326605 38.815127089619637 193.56834261119366
leaf_count=2675 116 30 224 137 33 40 976 164 805
internal_value=-6.55598e-07 0.00543592 0.00741919 0.013218 -0.00679825 -0.000624653 -0.000374089 -0.00503147 0.00114772
internal_weight=1243.95 128.078 121.024 85.9626 35.0612 1115.88 1106.34 272.47 833.872
internal_count=5200 540 510 361 149 4660 4620 1140 3480
is_linear=0
shrinkage=0.03


Tree=166
num_leaves=12
num_cat=0
split_feature=59 70 23 60 89 98 4 150 90 89 14
split_gain=4.70027 13.8106 12.5845 13.4004 7.69601 7.59428 7.62327 16.2109 12.3945 5.93962 5.81242
threshold=5.0624543432325133 3.0619920843097197 -0.68781310333497714 1.7678112424379104 1705.5000000000002 3.0998145427459405 24.259086350497011 0.15554205481301472 -1.278360612029301 3033.0000000000005 6.1844976235730247
decision_type=2 2 2 2 2 2 2 2 2 2 2
left_child=5 9 3 -3 -4 6 7 -1 -8 -2 -7
right_child=1 2 4 -5 -6 10 8 -9 -10 -11 -12
leaf_value=-0.03524459413052957 -0.050378943460664627 0.016841646823913582 -0.0019445134276533898 -0.0038631833046152558 -0.028864527839889641 0.0028313056174725051 -0.05712622938891479 -0.0022123333063431417 0.002166944767594949 -0.012358894948251035 0.037013927603707093
leaf_weight=14.142794176936148 7.7227875590324384 40.260244965553284 17.051401779055595 93.397896826267242 21.748380750417709 8.839456647634508 3.1859685629606238 245.11031125485897 776.00038386881351 7.0960192233324051 9.0716138780117017
leaf_count=60 33 169 72 393 95 38 13 1013 3245 30 39
internal_value=-6.54945e-07 -0.00438091 -0.00199282 0.00237349 -0.0170339 0.000775905 0.000441841 -0.00401431 0.0019245 -0.032173 0.0201441
internal_weight=1243.63 187.277 172.458 133.658 38.7998 1056.35 1038.44 259.253 779.186 14.8188 17.9111
internal_count=5200 792 729 562 167 4408 4331 1073 3258 63 77
is_linear=0
shrinkage=0.03


Tree=167
num_leaves=12
num_cat=0
split_feature=75 105 59 70 70 37 59 123 105 53 39
split_gain=4.64216 9.64368 9.13883 8.51464 14.5052 8.89665 7.47696 10.4118 7.38039 8.42391 7.02984
threshold=0.50555281107507188 0.15120256605433527 0.70392925517327842 1.9044652265763669 1.7150119921750349 2.2645132541290733 5.1117323162318362 0.2076988350775166 0.16698891219204814 0.054589418825183166 1.372702876489764
decision_type=2 2 2 2 2 2 2 2 2 2 2
left_child=1 3 -2 4 -1 -5 10 -8 -3 -10 -4
right_child=2 8 6 5 -6 -7 7 -9 9 -11 -12
leaf_value=-0.0017386322243313069 0.031417999746341088 0.041394613332148618 0.0036145918296914847 -0.0079432561126362711 0.023953284735302182 0.0016135657339170859 0.013835860446661631 -0.014138459921346365 0.036550690602830067 0.0039857727302100316 -0.003362574098384414
leaf_weight=44.582128077745438 7.403029352426528 7.4380295276641837 206.10749799758196 120.05347076058388 35.546925470232964 324.98936383426189 14.090035662055014 79.745056927204132 8.581830754876135 42.824813053011894 351.80565322935581
leaf_count=186 31 31 858 499 146 1361 60 338 36 182 1472
internal_value=-7.46594e-07 0.00194684 -0.00172633 0.000656414 0.00965884 -0.000964455 -0.00210281 -0.00993791 0.0134635 0.00942216 -0.000785029
internal_weight=1243.17 584.017 659.151 525.172 80.1291 445.043 651.748 93.8351 58.8447 51.4066 557.913
internal_count=5200 2441 2759 2192 332 1860 2728 398 249 218 2330
is_linear=0
shrinkage=0.03


Tree=168
num_leaves=15
num_cat=0
split_feature=107 57 60 86 5 111 138 40 59 101 59 100 37 97
split_gain=4.64862 8.19073 10.176 9.82776 13.3429 9.53001 7.21359 10.7331 11.3045 9.72645 13.3487 9.94061 7.17043 5.94114
threshold=0.35374311137226483 3.956853655459994 1.0808248082774596 28320.000000000004 7.5000000000000009 1.2809625704742948 18242.500000000004 2.5000000000000004 4.5737531267609182 0.74733527692348467 4.6880578559793475 0.65842532433988588 3.0839996499165765 5.6190499112459884
decision_type=2 2 2 2 2 2 2 2 2 2 2 2 2 2
left_child=6 2 12 4 -3 -4 9 -8 -9 10 -1 -11 -2 -5
right_child=1 3 5 13 -6 -7 7 8 -10 11 -12 -13 -14 -15
leaf_value=-0.00061449999401705716 0.033562884020748959 -0.018123067371480301 -0.0042829785341855497 0.0089393321058150611 0.020694751733948372 -0.021551404549690942 -0.032410062655442634 0.0045795914663878511 -0.035329581264663006 0.0081134028833084754 -0.021060027696791727 0.0003021920346421217 -0.0078681315621761134 0.03902440902457463
leaf_weight=354.0996076464653 8.2179174274206144 26.934635892510414 68.746602296829224 28.062671080231667 11.318361878395079 49.453452706336975 13.907416746020315 37.292080864310265 7.7080988138914099 268.7135621458292 31.278438061475754 322.73556388914585 6.9298332631587973 7.4828252345323554
leaf_count=1472 35 114 296 118 48 208 59 158 33 1120 133 1344 30 32
internal_value=-6.94925e-07 -0.00410325 -0.00854112 0.00391562 -0.00663759 -0.0115079 0.000819813 -0.00937539 -0.00225647 0.00143464 -0.00227392 0.00385107 0.0146089 0.0152727
internal_weight=1242.88 207.146 133.348 73.7985 38.253 118.2 1035.73 58.9076 45.0002 976.827 385.378 591.449 15.1478 35.5455
internal_count=5200 881 569 312 162 504 4319 250 191 4069 1605 2464 65 150
is_linear=0
shrinkage=0.03


Tree=169
num_leaves=10
num_cat=0
split_feature=50 23 50 10 55 27 143 74 114
split_gain=4.59034 10.5426 7.49043 12.5296 12.8037 9.60378 8.27206 10.4359 8.79141
threshold=150.00000000000003 -1.0374492905804895 270.00000000000006 0.34701127180615848 0.63306141685473261 1.2541888608858203 1.0990679815286215 0.73030303030303034 16.500000000000004
decision_type=2 2 2 2 2 2 2 2 2
left_child=1 -1 3 5 -5 -2 7 -4 -8
right_child=2 -3 6 4 -6 -7 8 -9 -10
leaf_value=-0.038973917030318744 0.0082787459660081456 0.0073509631757181443 0.002070866017215661 0.0032701796946128397 -0.035676669791820229 0.03437785987266611 -0.001524545914936016 0.022446931413812064 -0.018492411988466888
leaf_weight=8.6043791174888629 34.193842872977257 9.0949539095163328 208.75425232946873 100.10574805736542 8.220697805285452 20.176601648330688 799.40539859235287 25.371355891227722 28.460289940237999
leaf_count=37 143 39 876 416 34 84 3347 106 118
internal_value=-7.4129e-07 -0.0151695 0.000218479 0.0062127 0.000314574 0.017964 -0.000699835 0.00427895 -0.00210787
internal_weight=1242.39 17.6993 1224.69 162.697 108.326 54.3704 1061.99 234.126 827.866
internal_count=5200 76 5124 677 450 227 4447 982 3465
is_linear=0
shrinkage=0.03


Tree=170
num_leaves=8
num_cat=0
split_feature=18 37 108 61 147 15 108
split_gain=4.59219 6.58455 7.94834 9.4909 6.7503 6.87231 4.79729
threshold=15.162121444092213 6.1009161561534118 0.15243362511679179 0.75401300871225685 -43.216849833719138 7.9473490553113768 0.064764614212853566
decision_type=2 2 2 2 2 2 2
left_child=1 4 6 -4 -1 -6 -3
right_child=-2 2 3 -5 5 -7 -8
leaf_value=0.02752994632833047 -0.021307892204700456 0.01316479904982849 0.023317569328975839 -0.026193620654746622 4.1928882140043611e-05 -0.013293106355788717 0.048920745113862615
leaf_weight=7.8631872832775107 9.0373423248529416 6.7386508285999316 7.0344949513673765 6.9048010259866714 1162.0698211118579 35.855409890413284 6.7697577625513077
leaf_count=34 38 30 30 30 4855 153 30
internal_value=-7.55806e-07 0.000155386 0.0146847 -0.00120769 -0.000175348 -0.000357206 0.0310839
internal_weight=1242.27 1233.24 27.4477 13.9393 1205.79 1197.93 13.5084
internal_count=5200 5162 120 60 5042 5008 60
is_linear=0
shrinkage=0.03


Tree=171
num_leaves=14
num_cat=0
split_feature=149 83 61 22 108 69 61 25 52 83 42 105 138
split_gain=4.56102 14.9455 13.3625 16.5512 12.2754 9.32673 7.32953 14.5049 11.9901 11.3983 19.3015 9.60573 5.0922
threshold=38.500000000000007 2.8982037199840391 0.80495557528645045 3.4407379781395488 0.39524735759639468 3.2183281399036923 0.79949748743718607 -0.23087415802280015 12750.000000000002 3.5900625823279753 1.0762563977358772 0.13459403963194269 5529.5000000000009
decision_type=2 2 2 2 2 2 2 2 2 2 2 2 2
left_child=6 5 3 -3 -4 12 9 8 -8 10 -1 -11 -2
right_child=1 2 4 -5 -6 -7 7 -9 -10 11 -12 -13 -14
leaf_value=0.011151234326450961 -0.045223126642823616 -0.006106503577666793 -0.030046334064706571 0.022412096750741638 0.011787092364635401 -0.00088063618820511812 0.0067448842580318472 -0.035681252570440906 -0.029179606436651882 -0.0078824055919742338 -0.0019456206940403121 0.0043424470725442494 -0.015474482139683438
leaf_weight=147.06455661356449 13.717541351914408 38.874573618173599 19.788572281599048 34.631950348615646 9.2703208923339826 11.731983691453932 285.67117556929588 7.8287242650985709 8.6136240512132627 256.58393576741219 325.26253160834312 74.685780346393585 8.3192955702543241
leaf_count=612 62 162 82 147 39 50 1199 33 36 1079 1351 314 34
internal_value=-6.94943e-07 -0.00517798 0.000521452 0.00732978 -0.0167007 -0.0224887 0.000637665 0.00462124 0.00569339 -0.000859966 0.00213224 -0.00512627 -0.0339925
internal_weight=1242.04 136.334 102.565 73.5065 29.0589 33.7688 1105.71 302.114 294.285 803.597 472.327 331.27 22.0368
internal_count=5200 576 430 309 121 146 4624 1268 1235 3356 1963 1393 96
is_linear=0
shrinkage=0.03


Tree=172
num_leaves=7
num_cat=0
split_feature=63 36 36 87 76 88
split_gain=4.58026 9.10164 6.16877 5.52828 9.43279 6.49885
threshold=0.12556306306306309 218.57500000000002 13.26666666666671 290.50000000000006 0.45738498789346255 306.50000000000006
decision_type=2 2 2 2 2 2
left_child=1 -1 -2 5 -5 -4
right_child=2 -3 3 4 -6 -7
leaf_value=-0.011641158216021238 0.02095431405165054 0.030618326237293356 -0.0014148966087421616 0.0019495435167555923 -0.04407552327041616 0.0038509825822222719
leaf_weight=7.4280306398868587 12.246717423200606 11.991881310939787 919.88087327778339 9.3578401952981967 7.0097602754831305 273.68579876422882
leaf_count=32 55 54 3843 39 31 1146
internal_value=-7.81573e-07 0.0144543 -0.000230466 -0.000444894 -0.0177616 -0.000207426
internal_weight=1241.6 19.4199 1222.18 1209.93 16.3676 1193.57
internal_count=5200 86 5114 5059 70 4989
is_linear=0
shrinkage=0.03


Tree=173
num_leaves=8
num_cat=0
split_feature=24 54 49 39 8 57 16
split_gain=4.45298 8.93821 11.2929 5.63421 5.98132 12.4086 7.29594
threshold=-8.1850993563622527 0.22845702529237746 55800.000000000007 0.58288566523705909 -3.6478751004260812 1.389808909182918 -3.12012204291119
decision_type=2 2 2 2 2 2 2
left_child=1 2 -1 -2 5 -5 -6
right_child=3 -3 -4 4 6 -7 -8
leaf_value=0.024820587124170148 -0.033567340482359175 -0.037895393598072993 -0.026542791616270017 -0.019972578990777777 -0.013063647983850591 0.013880798220186737 0.00028265275802295478
leaf_weight=8.1851000636816043 4.4177965372800818 8.3347823321819288 7.2780553698539725 11.536497831344603 38.141472242772579 62.734985068440437 1100.6255892366171
leaf_count=34 20 37 34 50 161 262 4602
internal_value=-7.55936e-07 -0.0128528 0.000645346 0.000250467 0.000373629 0.00862239 -0.000164364
internal_weight=1241.25 23.7979 15.4632 1217.46 1213.04 74.2715 1138.77
internal_count=5200 105 68 5095 5075 312 4763
is_linear=0
shrinkage=0.03


Tree=174
num_leaves=7
num_cat=0
split_feature=30 78 118 9 24 57
split_gain=4.40699 4.71115 7.80909 6.49503 6.38582 5.37304
threshold=0.034582241021498317 0.99519230769230782 0.99766355140186935 -0.30787292005436273 -0.08866719221017795 10.470043879316757
decision_type=2 2 2 2 2 2
left_child=-1 4 3 -3 5 -2
right_child=1 2 -4 -5 -6 -7
leaf_value=0.024864359041103866 0.0001940642221213063 0.041136073578651976 -0.013718251584285171 0.0077363285897547977 -0.026354460425581268 -0.0095999646195989614
leaf_weight=6.3820720165967932 1143.4274587109685 8.6357582062482869 8.020298436284067 13.326316982507702 8.4857899695634824 52.737888410687447
leaf_count=28 4783 37 34 56 36 226
internal_value=-8.23767e-07 -0.000129357 0.0116173 0.0208695 -0.000421717 -0.000237746
internal_weight=1241.02 1234.63 29.9824 21.9621 1204.65 1196.17
internal_count=5200 5172 127 93 5045 5009
is_linear=0
shrinkage=0.03


Tree=175
num_leaves=10
num_cat=0
split_feature=55 85 49 128 1 104 74 106 100
split_gain=4.47314 10.1782 8.17984 7.95637 7.86782 6.33386 6.43802 6.29201 4.9344
threshold=1.0149609039967811 3.7413662122573377 30600.000000000004 0.55896830585622059 99.798639077905861 4.9511686579016487 0.28708791208791212 0.21181469574431475 0.61870752252072359
decision_type=2 2 2 2 2 2 2 2 2
left_child=4 2 3 -2 5 6 -1 -4 -7
right_child=1 -3 7 -5 -6 8 -8 -9 -10
leaf_value=-0.0093335062681344297 0.01810307773104422 0.023637915796119763 -0.0074970128551120245 -0.022289933213228967 -0.028572827083448025 0.026520494824734103 0.00077351750928777378 -0.038956886455049439 -0.0012313406064089053
leaf_weight=59.807175539433956 10.173986546695234 7.3585674911737433 9.6310981661081332 7.7182398289442053 8.3968185484409315 14.839976310729982 1099.4167205765843 14.095274619758127 9.430641293525694
leaf_count=253 44 33 41 32 35 65 4597 59 41
internal_value=-7.99511e-07 -0.00888638 -0.014637 0.000678586 0.000364327 0.000569634 0.000252072 -0.0261866 0.0157372
internal_weight=1240.87 48.9772 41.6186 17.8922 1191.89 1183.49 1159.22 23.7264 24.2706
internal_count=5200 209 176 76 4991 4956 4850 100 106
is_linear=0
shrinkage=0.03


Tree=176
num_leaves=15
num_cat=0
split_feature=80 139 66 64 68 26 39 69 153 30 61 45 3 144
split_gain=4.40812 11.0403 9.74897 8.81073 11.0794 8.6284 12.8242 10.599 9.70959 11.3309 10.2798 7.95404 7.31749 7.16152
threshold=2.5000000000000004 49.500000000000007 1.1783946251768036 0.31306379520520117 2.8731837469461237 -0.5108749274893748 2.9886380762869393 0.74968471434051087 0.2678571428571429 1.3997984113014628 0.60756868291823951 0.69754145225843345 1.8071724690133271 2.1034191480115343
decision_type=2 2 2 2 2 2 2 2 2 2 2 2 2 2
left_child=5 3 13 4 -2 6 7 -1 9 -7 -10 -8 -4 -3
right_child=1 2 12 -5 -6 8 11 -9 10 -11 -12 -13 -14 -15
leaf_value=0.036891166593617013 -0.0035688485197072797 -0.017993011824574325 -0.02237130973910428 0.0020110976806869923 -0.031892069408144673 0.0086399096386512043 0.0036264079490521228 0.0011766572027998715 0.00015781992973248212 -0.034855312087433352 0.027579966877161875 -0.031261955084358119 0.0067079822875079397 0.001249976239377017
leaf_weight=7.6508969515562049 84.215417325496674 21.979334831237793 50.69938837736845 528.49481549859047 14.582426115870474 18.950273826718334 8.8039719611406344 332.00105375051498 18.527537256479263 7.5332501977682105 36.623663902282715 17.715741515159607 9.2017161846160871 83.656522206962109
leaf_count=32 350 97 214 2204 62 80 38 1392 77 31 155 77 39 352
internal_value=-8.02259e-07 -0.00134474 -0.00823618 0.000473844 -0.00774932 0.00237861 0.000412375 0.00198115 0.0111982 -0.00373233 0.0183677 -0.0196798 -0.0179043 -0.00275385
internal_weight=1240.64 792.83 165.537 627.293 98.7978 447.806 366.172 339.652 81.6347 26.4835 55.1512 26.5197 59.9011 105.636
internal_count=5200 3318 702 2616 412 1882 1539 1424 343 111 232 115 253 449
is_linear=0
shrinkage=0.03


Tree=177
num_leaves=15
num_cat=0
split_feature=141 101 28 58 117 65 135 54 95 88 63 30 113 138
split_gain=4.41133 8.34562 11.9733 13.572 12.2952 11.6334 9.02524 8.33015 17.0572 9.08797 11.4936 10.2348 7.94467 4.21205
threshold=1096.0000000000002 1.2967155790567875 1.3671409351390913 1.9194400687372033 4.5000000000000009 6.0189807046979871 241.50000000000003 1.1861544461462914 1.4997423154795617 306.50000000000006 0.98888888888888904 2.1805777868454825 6.0838245396037864 2899.5000000000005
decision_type=2 2 2 2 2 2 2 2 2 2 2 2 2 2
left_child=7 5 4 -4 -3 6 -2 9 13 11 -11 -1 -10 -9
right_child=1 2 3 -5 -6 -7 -8 8 12 10 -12 -13 -14 -15
leaf_value=-0.0024234348253119567 0.0093692067039209109 -0.0080394935044730189 0.0032740750666883632 -0.020082258940995863 0.022535795973125286 -0.016734913859877656 -0.013950641703073806 0.0092777743928411024 -0.016620469734253858 0.0024655226896602173 0.040471953630825869 -0.015536173434122507 0.019918293925934649 0.034965727574914535
leaf_weight=565.57194359600544 215.75544288754463 21.403595611453056 40.385489776730537 50.253718957304955 26.482550382614136 18.879407957196236 16.047487989068031 8.2959419935941714 19.645774021744732 164.78563525527716 7.4865538477897635 59.176790133118629 7.3628021329641333 18.681577384471893
leaf_count=2365 898 89 168 213 110 84 67 35 83 691 32 250 34 81
internal_value=-8.27772e-07 0.00264483 -0.00326476 -0.00967554 0.00886961 0.00591043 0.0077548 -0.00121082 0.0101936 -0.0019833 0.00411719 -0.00366549 -0.00665965 0.0270663
internal_weight=1240.21 389.208 138.525 90.6392 47.8861 250.682 231.803 851.007 53.9861 797.021 172.272 624.749 27.0086 26.9775
internal_count=5200 1629 580 381 199 1049 965 3571 233 3338 723 2615 117 116
is_linear=0
shrinkage=0.03


Tree=178
num_leaves=13
num_cat=0
split_feature=75 76 74 22 41 82 8 55 65 42 36 67
split_gain=4.38983 8.16826 7.73338 6.81693 7.84873 6.55266 5.77005 12.9356 15.3675 10.3974 9.16352 9.04553
threshold=0.60759334392808173 2.8660714285714293 0.96153846153846168 4.0395139026742948 0.98678503042859944 11.598230088495578 1.8161158197833744 0.12030365616956869 0.9542571518596269 4.3198439784811642 390.21666666666675 2.0495901639344267
decision_type=2 2 2 2 2 2 2 2 2 2 2 2
left_child=6 2 5 4 -3 -2 9 11 -9 10 -1 -8
right_child=1 3 -4 -5 -6 -7 7 8 -10 -11 -12 -13
leaf_value=0.0012208099386266395 -0.0072802256677955719 0.019633039716646965 0.013491842767964009 0.031149341532685899 -0.023740206556075245 -0.025832616653625445 -0.0024980030727478359 -0.031763097194802643 0.010319667349621149 0.028984715212785731 -0.020856445405064844 -0.039807902150926167
leaf_weight=1010.0710464864969 69.249092325568199 7.57752373814583 12.261947721242903 9.0071716755628568 7.4432627856731415 22.767312467098236 9.5841387808322924 9.8641711175441724 37.498343974351883 11.960191383957861 17.208829648792744 15.003446742892264
leaf_count=4218 294 31 53 38 32 97 40 41 161 53 80 62
internal_value=-7.34128e-07 -0.00525476 -0.00888825 0.0105141 -0.00185974 -0.0118706 0.000605935 -0.00761004 0.00155511 0.00117476 0.000850975 -0.0252647
internal_weight=1239.5 128.306 104.278 24.028 15.0208 92.0164 1111.19 71.9501 47.3625 1039.24 1027.28 24.5876
internal_count=5200 545 444 101 63 391 4655 304 202 4351 4298 102
is_linear=0
shrinkage=0.03


Tree=179
num_leaves=12
num_cat=0
split_feature=53 104 62 2 53 26 51 53 15 55 71
split_gain=4.36241 10.5748 9.69513 9.85884 6.94629 11.3019 15.1012 8.71997 8.61087 8.65918 5.28535
threshold=0.86036671376622953 0.33301489102590781 0.11650507848568792 74.863165990214853 0.36949965166840898 -0.40462116686006527 555.00000000000011 0.52017265334121021 -7.9586826078301423 1.0149609039967811 2.6628236568638943
decision_type=2 2 2 2 2 2 2 2 2 2 2
left_child=4 -2 -3 -4 8 6 -6 -7 10 -10 -1
right_child=1 2 3 -5 5 7 -8 -9 9 -11 -12
leaf_value=-0.0049434028073152272 0.0306659337181052 0.030337544275584716 -0.029973873401480899 -0.0049455606310783986 0.0060766989044049721 0.0038009026940181386 -0.012639838454658707 0.030894169976660352 0.00033489555068898387 -0.016378039546717141 -0.041122513415498912
leaf_weight=7.0513857156038267 7.4132888764142981 6.3738223165273658 15.696490302681921 145.13962206244469 187.22739954292774 19.223609164357185 48.938532888889313 24.088437035679817 741.57850313931704 28.991366930305958 7.498909592628479
leaf_count=30 31 28 66 608 787 80 209 103 3103 123 32
internal_value=-7.0481e-07 -0.00439563 -0.0059501 -0.00738815 0.000720184 0.0047818 0.00219824 0.0188691 -0.000725624 -0.0002939 -0.0235893
internal_weight=1239.22 174.623 167.21 160.836 1064.6 279.478 236.166 43.312 785.12 770.57 14.5503
internal_count=5200 733 702 674 4467 1179 996 183 3288 3226 62
is_linear=0
shrinkage=0.03


Tree=180
num_leaves=15
num_cat=0
split_feature=109 61 54 32 53 107 94 86 118 156 27 58 111 26
split_gain=4.39104 14.6716 16.1108 18.1149 11.5798 10.5806 9.79319 9.00524 10.7515 10.7211 8.90951 15.0661 10.7267 4.15186
threshold=0.49216074065412707 0.67028980163704754 0.037892750981104471 1.0000000180025095e-35 0.030433104708120395 0.04837325756633163 0.35520782617025021 12120.500000000002 0.27678285897025906 0.90000000000000013 0.61787742983341276 1.3107795163524574 0.81754561846714136 -1.4832865008308078
decision_type=2 2 2 2 2 2 2 2 2 2 2 2 2 2
left_child=6 4 13 -4 -2 -6 7 9 -9 -1 11 -8 -12 -3
right_child=1 2 3 -5 5 -7 10 8 -10 -11 12 -13 -14 -15
leaf_value=0.040147274021217823 -0.039350603071525526 0.013991051597350271 0.0050880966229201819 -0.024718157582163811 -0.022086087105387651 -0.0024189530925219486 -0.027411174820483528 0.016975973996455212 -0.030478087296480858 0.0028520678890050812 0.010043049483778412 -0.0022457968452170357 0.00020741516918098996 0.045197053888285141
leaf_weight=16.869868725538254 11.354846611618994 6.6321970820426932 104.73935244977474 22.249455705285072 33.681454628705978 91.499244511127472 24.260578900575638 10.545778334140779 7.2518074065446845 11.781848520040514 120.26208211481571 182.29064145684242 586.34238059818745 9.1049501001834852
leaf_count=71 48 29 442 95 142 385 104 44 30 49 505 774 2443 39
internal_value=-7.07191e-07 -0.00331151 0.003414 -0.000134198 -0.010342 -0.00771064 0.000962793 0.0144003 -0.00235967 0.0248111 0.000279269 -0.00520161 0.00188141 0.0320457
internal_weight=1238.87 279.262 142.726 126.989 136.536 125.181 959.605 46.4493 17.7976 28.6517 913.156 206.551 706.604 15.7371
internal_count=5200 1180 605 537 575 527 4020 194 74 120 3826 878 2948 68
is_linear=0
shrinkage=0.03


Tree=181
num_leaves=12
num_cat=0
split_feature=145 53 146 113 2 147 137 114 109 118 27
split_gain=4.34843 12.0133 12.0199 11.322 6.74811 6.10086 7.077 14.2673 12.7536 5.99437 4.56533
threshold=1.2217811907229608 0.22607865253778558 22.652556060092778 0.91220419488716242 76.80234233196002 50.977378296406741 6357.5000000000009 17.500000000000004 0.093911701341112749 0.73972359058565973 1.168689053189065
decision_type=2 2 2 2 2 2 2 2 2 2 2
left_child=1 4 -3 -4 -1 6 7 -2 -8 -7 -6
right_child=5 2 3 -5 10 9 8 -9 -10 -11 -12
leaf_value=0.0010812194079524765 -0.00071511013724599108 -0.025841137472757885 -0.0085244243774674489 0.039366633533097252 0.019023882829910778 0.0037157951733626676 -0.0061275848594284513 -0.024979508441935763 0.0091893584597864918 -0.032835665403613996 0.05017615472441031
leaf_weight=8.0722453594207781 910.6683811545372 13.324348211288454 10.547007501125337 7.6763669401407233 8.5712441504001635 6.7022957205772427 70.123048841953278 22.344646573066711 161.84349976480007 10.158605217933653 8.3666325360536558
leaf_count=34 3808 56 44 35 36 29 299 93 685 45 36
internal_value=-7.53213e-07 0.0081255 -0.00418511 0.0116491 0.0236541 -0.000389641 -0.000130331 -0.00129622 0.00455908 -0.0183063 0.0344119
internal_weight=1238.4 56.5578 31.5477 18.2234 25.0101 1181.84 1164.98 933.013 231.967 16.8609 16.9379
internal_count=5200 241 135 79 106 4959 4885 3901 984 74 72
is_linear=0
shrinkage=0.03


Tree=182
num_leaves=7
num_cat=0
split_feature=47 99 87 76 30 88
split_gain=4.29804 5.56798 5.33462 8.61816 5.59441 4.50475
threshold=10.500000000000002 1.1390208109322131 285.50000000000006 0.45738498789346255 0.034582241021498317 306.50000000000006
decision_type=2 2 2 2 2 2
left_child=1 2 4 -4 -1 -3
right_child=-2 5 3 -5 -6 -7
leaf_value=0.029990093740156026 -0.020018985244578919 0.0037215839262110919 0.00068641416373815974 -0.035546988579954517 6.1909073871540957e-05 0.035129189020363147
leaf_weight=5.6481681317090979 9.5782425552606565 9.4775551855564135 14.652045279741289 9.8997290357947332 1181.4508402049541 7.2571125775575629
leaf_count=25 41 43 61 44 4953 33
internal_value=-6.90864e-07 0.0001554 -8.1968e-05 -0.0139236 0.000204306 0.0173417
internal_weight=1237.96 1228.39 1211.65 24.5518 1187.1 16.7347
internal_count=5200 5159 5083 105 4978 76
is_linear=0
shrinkage=0.03


Tree=183
num_leaves=9
num_cat=0
split_feature=67 149 83 23 58 30 58 49
split_gain=4.27682 5.4496 16.7959 12.5478 6.91234 14.662 12.0286 3.32255
threshold=4.866666666666668 41.500000000000007 2.7195339128877341 -4.0761106273078322 1.3868368174245236 1.3204774207984411 1.8920633376132254 41400.000000000007
decision_type=2 2 2 2 2 2 2 2
left_child=1 4 7 -4 5 -1 -6 -3
right_child=-2 2 3 -5 6 -7 -8 -9
leaf_value=0.0047125127485933508 0.022944004531763099 -0.044544235207449476 -0.029778523126610286 0.0035040770048607836 0.0080265853744588174 -0.011893433294800818 -0.00024782338741706158 -0.019025829087737738
leaf_weight=84.686637863516808 7.2684640586376181 9.8631584942340869 11.833381801843641 73.620712757110596 201.83233341574669 110.0207497254014 730.07216300070286 8.5925345420837385
leaf_count=354 31 44 50 313 839 464 3067 38
internal_value=-6.53866e-07 -0.000136184 -0.00671 -0.00110478 0.000470133 -0.00467079 0.00154425 -0.0326635
internal_weight=1237.79 1230.52 103.91 85.4541 1126.61 194.707 931.904 18.4557
internal_count=5200 5169 445 363 4724 818 3906 82
is_linear=0
shrinkage=0.03


Tree=184
num_leaves=15
num_cat=0
split_feature=83 24 57 29 37 57 69 59 30 109 60 102 1 109
split_gain=4.26624 10.6305 22.1874 15.0602 14.4473 11.2215 10.5567 14.8107 13.544 11.8814 11.2975 11.1882 9.46868 8.77301
threshold=3.4617997200945054 -1.1751242193866906 1.2836851941262586 1.058313206862481 4.6164220282430835 1.6996882588122917 1.1279647494774292 2.076454206520681 1.6096622811552572 0.039724990730826741 1.5158497635959465 0.0084290806703237811 93.632828773781441 0.34298147674204943
decision_type=2 2 2 2 2 2 2 2 2 2 2 2 2 2
left_child=6 3 12 4 -2 -4 9 10 -9 -1 -8 -11 -3 -5
right_child=1 2 5 13 -6 -7 7 8 -10 11 -12 -13 -14 -15
leaf_value=-0.038234581806573679 0.018908102888023231 0.020500952954161673 -0.034943098489355923 0.0019935406632512268 -0.025014020156685017 -0.0088844545710905012 0.0078310956406433454 0.0020134341904283473 0.013529193557807738 0.0093755939422095688 -0.0077991774242498722 -0.018127893637585359 -0.011218706661701407 -0.0099436278273418253
leaf_weight=11.054284319281576 61.26772728562355 33.203010320663452 16.212148189544678 178.53088703751564 7.5731860846281043 180.01074261963367 57.076860144734383 247.66017527878284 146.16908583045006 27.254231944680214 153.67622227221727 26.020314589142799 11.370306983590124 80.347054556012154
leaf_count=51 258 140 68 751 32 756 239 1030 608 117 645 113 48 344
internal_value=-7.11138e-07 -0.00191143 -0.00669723 0.001605 0.0140762 -0.0110374 0.00162323 0.00285259 0.00628749 -0.00993061 -0.00356613 -0.00405764 0.0124095 -0.00171136
internal_weight=1237.43 568.515 240.796 327.719 68.8409 196.223 668.911 604.582 393.829 64.3288 210.753 53.2745 44.5733 258.878
internal_count=5200 2397 1012 1385 290 824 2803 2522 1638 281 884 230 188 1095
is_linear=0
shrinkage=0.03


Tree=185
num_leaves=7
num_cat=0
split_feature=63 36 36 2 85 30
split_gain=4.31107 8.7151 5.82634 5.39707 8.65069 5.78699
threshold=0.12556306306306309 218.57500000000002 13.26666666666671 99.794975588328654 4.2948393011005548 2.6355540820184111
decision_type=2 2 2 2 2 2
left_child=1 -1 -2 5 -5 -4
right_child=2 -3 3 4 -6 -7
leaf_value=-0.011495893760507291 0.020442866321937602 0.029997832808290201 0.00042204744197347859 -0.0211789654937958 0.014589772277401582 -0.0086750961476277332
leaf_weight=7.3911436498165157 12.154916256666182 11.874975502490996 1105.8437612429261 24.83892922103405 8.0599979460239393 66.731704145669937
leaf_count=32 55 54 4638 103 35 283
internal_value=-7.41901e-07 0.0140794 -0.000223527 -0.000431909 -0.0124159 -9.56744e-05
internal_weight=1236.9 19.2661 1217.63 1205.47 32.8989 1172.58
internal_count=5200 86 5114 5059 138 4921
is_linear=0
shrinkage=0.03


Tree=186
num_leaves=9
num_cat=0
split_feature=24 54 49 98 22 49 104 7
split_gain=4.28196 8.47886 10.5437 5.14565 8.02121 6.61768 7.97909 6.59336
threshold=-8.1850993563622527 0.22845702529237746 55800.000000000007 3.0998145427459405 5.04563899570375 358200.00000000006 1.0293010504514897 -5.6422597569367827
decision_type=2 2 2 2 2 2 2 2
left_child=1 2 -1 5 -5 7 -7 -2
right_child=3 -3 -4 4 -6 6 -8 -9
leaf_value=0.023872210154846214 -0.012399020547336968 -0.037203089166425417 -0.025951451006711358 -0.0047422497726790375 0.033228878455995592 0.027669276991488079 -0.0086190484374526876 8.9753926988505738e-05
leaf_weight=8.155649200081827 39.372684463858604 8.2419868558645231 7.1950755864381781 9.4850943982601184 10.605272039771078 16.194486752152446 8.2220148593187314 1129.1791371554136
leaf_count=34 168 37 34 41 46 68 34 4738
internal_value=-6.84679e-07 -0.0126589 0.000519241 0.000245503 0.0153019 -8.0561e-06 0.0154495 -0.000331037
internal_weight=1236.65 23.5927 15.3507 1213.06 20.0904 1192.97 24.4165 1168.55
internal_count=5200 105 68 5095 87 5008 102 4906
is_linear=0
shrinkage=0.03


Tree=187
num_leaves=12
num_cat=0
split_feature=107 132 1 21 37 57 157 107 22 53 124
split_gain=4.27688 7.82593 8.7894 10.3087 9.73433 6.31222 9.47182 6.63474 13.356 7.11177 4.60924
threshold=0.35374311137226483 1.8111377770856976 84.814609082071954 3.3432147056853219 2.2034758976332536 0.4940909140439721 0.44949494949494956 0.050954105914276716 0.92350982414684879 0.029133675982766238 0.51516157202099433
decision_type=2 2 2 2 2 2 2 2 2 2 2
left_child=5 2 4 -4 -2 6 10 8 -7 -9 -1
right_child=1 -3 3 -5 -6 7 -8 9 -10 -11 -12
leaf_value=0.0091293571067525333 -0.013277625039765711 0.018870632584260933 -0.0028610708433523691 -0.025413707188030939 0.005245240700609442 0.019943584174529974 -0.013447647309629711 0.011950407464786329 -0.0049453110973877983 0.0011152542028915551 0.041035291936138009
leaf_weight=6.837682753801352 36.877325534820557 12.689709052443503 38.130447313189507 34.970865994691849 83.019857093691826 20.818700268864632 6.9523059129714957 59.590499505400658 285.70915000140667 640.64475232362747 10.085760608315466
leaf_count=30 158 56 167 150 350 90 30 250 1198 2677 44
internal_value=-6.95282e-07 -0.00395042 -0.00545091 -0.01365 -0.000451922 0.000787565 0.0160332 0.00042601 -0.00325491 0.00203733 0.0281441
internal_weight=1236.33 205.688 192.998 73.1013 119.897 1030.64 23.8757 1006.76 306.528 700.235 16.9234
internal_count=5200 881 825 317 508 4319 104 4215 1288 2927 74
is_linear=0
shrinkage=0.03


Tree=188
num_leaves=14
num_cat=0
split_feature=75 76 96 53 41 82 8 55 7 42 53 67 36
split_gain=4.17571 7.3301 8.72884 9.50988 6.2657 5.54433 5.482 10.5634 13.9356 9.42721 10.3126 8.03509 7.99405
threshold=0.601141371909376 2.914285714285715 3.2282607244358172 0.35167314868624294 0.95685740634532979 9.3364779874213841 1.8161158197833744 0.12030365616956869 -0.17425659528267201 3.9424680371457899 0.18098327417949467 2.0495901639344267 390.21666666666675
decision_type=2 2 2 2 2 2 2 2 2 2 2 2 2
left_child=6 2 5 -4 -3 -2 9 11 -9 12 -11 -8 -1
right_child=1 4 3 -5 -6 -7 7 8 -10 10 -12 -13 -14
leaf_value=0.0011014462450333502 -0.008337798401845932 0.023756053083950467 0.016833200780763224 -0.016888197371546433 -0.005333904092743303 -0.025451134900013443 -0.0022351131329947341 -0.030732556132055753 0.0094347857996572859 -0.0063310493725006406 0.035632465365169806 -0.037666670154508169 -0.019804637595093433
leaf_weight=983.70553582906723 58.51873205602169 13.44972698390484 21.340979427099228 11.627699688076971 13.207898259162901 24.036522671580315 9.5545901507139224 9.8724402040243131 36.565570160746574 8.3077181577682513 14.417841181159018 14.505937069654463 16.741443395614624
leaf_count=4118 249 56 92 49 57 103 40 41 158 35 64 60 78
internal_value=-6.64349e-07 -0.00483709 -0.00810921 0.00494003 0.00934302 -0.0133205 0.00062809 -0.00746346 0.000895452 0.00118561 0.020292 -0.0235966 0.000751605
internal_weight=1235.85 142.182 115.524 32.9687 26.6576 82.5553 1093.67 70.4985 46.438 1023.17 22.7256 24.0605 1000.45
internal_count=5200 606 493 141 113 352 4594 299 199 4295 99 100 4196
is_linear=0
shrinkage=0.03


Tree=189
num_leaves=10
num_cat=0
split_feature=59 59 150 137 97 62 50 91 8
split_gain=4.17826 15.5001 11.5214 8.79218 7.85697 7.187 7.03231 16.3827 9.91302
threshold=0.97584340967141392 1.0902001123695566 0.9024610074045557 3800.5000000000005 2.8272281808678352 0.34835085175788333 1950.0000000000002 1.6979744366448755 -3.6478751004260812
decision_type=2 2 2 2 2 2 2 2 2
left_child=2 4 3 5 -2 -1 8 -8 -3
right_child=1 6 -4 -5 -6 -7 7 -9 -10
leaf_value=0.021184182592388526 -0.041767228224814545 0.017731920566315517 -0.019481183895216535 0.037831952464415307 -0.0042037561916148042 -0.008615980784900952 -0.014352594493520936 0.018707955159830699 0.00027059400471854747
leaf_weight=15.170946739614012 12.047124564647676 30.103699266910553 10.597107753157614 11.517273813486097 8.5811552405357343 14.010099574923514 71.048344254493713 16.651482298970222 1045.6985264793038
leaf_count=64 50 126 46 48 36 61 309 71 4389
internal_value=-6.10892e-07 -0.000363731 0.00838184 0.0156369 -0.0261412 0.00687684 9.32901e-05 -0.00807542 0.000759207
internal_weight=1235.43 1184.13 51.2954 40.6983 20.6283 29.181 1163.5 87.6998 1075.8
internal_count=5200 4981 219 173 86 125 4895 380 4515
is_linear=0
shrinkage=0.03


Tree=190
num_leaves=9
num_cat=0
split_feature=50 23 50 105 63 50 86 36
split_gain=4.12504 9.85372 7.19744 12.6904 11.5539 7.80765 14.4684 10.8828
threshold=150.00000000000003 -1.0374492905804895 270.00000000000006 0.1372536473589567 0.71606265356265364 570.00000000000011 2548.5000000000005 26.083333333333318
decision_type=2 2 2 2 2 2 2 2
left_child=1 -1 3 4 -2 6 -4 -7
right_child=2 -3 5 -5 -6 7 -8 -9
leaf_value=-0.037750774055643581 0.0064610970768390246 0.0073427154833975794 0.016783046570770642 0.035171693396533803 -0.021285993633173999 0.040452825104602561 -0.0058690265103518678 0.00083979637454824774
leaf_weight=8.4503579288721102 134.31544727832079 9.0129332542419416 27.398675501346588 12.471290513873099 15.016334146261213 6.2997672259807578 344.00787191838026 678.1917791813612
leaf_count=37 559 39 115 56 62 27 1445 2860
internal_value=-6.28164e-07 -0.0144777 0.00020699 0.00609892 0.00367094 -0.000695874 -0.00419798 0.00120438
internal_weight=1235.16 17.4633 1217.7 161.803 149.332 1055.9 371.407 684.492
internal_count=5200 76 5124 677 621 4447 1560 2887
is_linear=0
shrinkage=0.03


Tree=191
num_leaves=14
num_cat=0
split_feature=4 146 134 98 20 109 37 147 146 65 132 146 143
split_gain=4.16962 12.6317 14.2657 10.6619 10.7603 10.4796 9.4836 15.3501 11.8642 10.3532 8.61139 8.5493 7.30793
threshold=37.099990129740966 25.034793498477452 1713.0000000000002 0.098990347411376634 2.5445299899303691 0.041954018093887123 2.0945862287397561 -7.8092033258103699 19.220610781116722 2.5848977889027958 0.035070478336278195 24.215801995616406 1.1669962772538411
decision_type=2 2 2 2 2 2 2 2 2 2 2 2 2
left_child=1 3 -3 4 -1 -4 7 -2 9 -8 -10 -5 -9
right_child=6 2 5 11 -6 -7 8 12 10 -11 -12 -13 -14
leaf_value=0.007590218184642423 0.024270842988630255 0.034614785694184427 -0.028899200065257542 0.00083587554578110654 -0.027727159469810234 -0.0073253674785847978 0.028368129583079514 -0.0015183217198866728 -0.011472868215811434 -0.0073402398260088968 0.0038519048404721018 0.019132096822911667 -0.022569906458731449
leaf_weight=11.83165270090103 11.328090295195578 6.5227329432964316 23.99474161863327 540.57730266451836 22.583803862333298 130.34673076868057 29.81532683968544 25.528598591685295 36.712634399533272 9.6802481710910779 326.42606288939714 24.006051599979401 35.450275406241417
leaf_count=50 48 28 105 2261 95 544 126 107 157 40 1389 100 150
internal_value=-5.96928e-07 -0.00137883 -0.00884276 0.000625647 -0.0155854 -0.0106793 0.00220445 -0.00779908 0.00400093 0.0196161 0.0023026 0.00161383 -0.0137567
internal_weight=1234.8 759.863 160.864 598.999 34.4155 154.341 474.941 72.307 402.634 39.4956 363.139 564.583 60.9789
internal_count=5200 3183 677 2506 145 649 2017 305 1712 166 1546 2361 257
is_linear=0
shrinkage=0.03


Tree=192
num_leaves=7
num_cat=0
split_feature=18 5 10 59 71 83
split_gain=4.16628 5.43425 10.7107 5.05836 18.4723 10.294
threshold=15.162121444092213 1.0000000180025095e-35 4.1490855100438022 2.076454206520681 2.3652783396898793 3.5900625823279753
decision_type=2 2 2 2 2 2
left_child=1 2 -1 4 -3 -5
right_child=-2 3 -4 5 -6 -7
leaf_value=-0.0044602885409006704 -0.020392647905082096 0.00035827614189320366 0.037057866200403716 0.0040650098767795739 -0.017202124725304403 -0.0024554633863916914
leaf_weight=12.08096691966057 8.9517667442560178 257.60581831634045 10.411763414740561 472.96362393349409 68.182923644781113 404.06755150854588
leaf_count=53 38 1086 49 1979 288 1707
internal_value=-6.20211e-07 0.000148358 0.0147582 -0.000124847 -0.00331686 0.00106088
internal_weight=1234.26 1225.31 22.4927 1202.82 325.789 877.031
internal_count=5200 5162 102 5060 1374 3686
is_linear=0
shrinkage=0.03


Tree=193
num_leaves=11
num_cat=0
split_feature=136 76 64 107 9 21 49 107 110 27
split_gain=4.17532 7.59105 7.30972 5.57076 8.53107 12.1076 9.80038 5.98939 9.31876 6.71969
threshold=14.500000000000002 2.2071428571428577 0.43050956585724803 0.35374311137226483 -0.33442784569989686 3.2929563315403443 19800.000000000004 0.32347486343759874 3.3998117858644581 1.8695672377564805
decision_type=2 2 2 2 2 2 2 2 2 2
left_child=1 2 -1 7 5 -5 -6 9 -9 -2
right_child=3 -3 -4 4 6 -7 -8 8 -10 -11
leaf_value=-0.024372221227760837 0.0015025296431379221 0.030633776105583335 0.015638103884256259 -0.00097102968150004367 -0.012292277806021552 -0.033856041767055249 0.0037176960997158974 0.030202155774364803 -0.0007591864162294369 -0.0045173614448547833
leaf_weight=7.1158910244703355 762.81809660792351 11.16453544795513 9.7274048030376417 20.409128159284592 52.019181907176971 19.902790412306786 101.66399981081486 15.489382058382033 20.105438217520714 213.61774569749832
leaf_count=31 3200 49 42 90 224 87 432 64 85 896
internal_value=-5.74367e-07 0.0114504 -0.0012653 -0.000266502 -0.00492345 -0.017207 -0.00170141 0.000626184 0.0127139 0.00018554
internal_weight=1234.03 28.0078 16.8433 1206.03 193.995 40.3119 153.683 1012.03 35.5948 976.436
internal_count=5200 122 73 5078 833 177 656 4245 149 4096
is_linear=0
shrinkage=0.03


Tree=194
num_leaves=6
num_cat=0
split_feature=63 10 36 47 83
split_gain=4.09647 8.92349 5.5189 5.40328 5.97183
threshold=0.12556306306306309 1.0540818822893616 13.26666666666671 10.500000000000002 6.5191412067008629
decision_type=2 2 2 2 2
left_child=1 -1 -2 4 -4
right_child=2 -3 3 -5 -6
leaf_value=-0.0079426741820194068 0.019980019614344278 0.033135863135029635 -0.00051987730325420275 -0.023738054134508878 0.016219168644839788
leaf_weight=8.9983138591051119 12.055142328143118 10.102952241897581 1174.2308256626129 8.8775188177824003 19.500319808721542
leaf_count=39 55 47 4935 37 87
internal_value=-6.08425e-07 0.0137844 -0.000217385 -0.000419847 -0.000246435
internal_weight=1233.77 19.1013 1214.66 1202.61 1193.73
internal_count=5200 86 5114 5059 5022
is_linear=0
shrinkage=0.03


Tree=195
num_leaves=9
num_cat=0
split_feature=149 149 54 8 70 50 111 58
split_gain=4.06173 6.85355 10.727 11.084 6.49329 6.13511 10.6855 9.19519
threshold=78.500000000000014 45.500000000000007 0.72810953115520805 -3.7516441043337001 2.3478400485794251 2190.0000000000005 0.89745516732496422 6.771166142721941
decision_type=2 2 2 2 2 2 2 2
left_child=1 5 3 -3 -4 7 -7 -1
right_child=-2 2 4 -5 -6 6 -8 -9
leaf_value=0.00035457951979650417 0.0220830240582153 0.01859218328950564 0.033154933146571329 -0.020537821085672255 -0.0056262504830546962 0.012977896077280058 -0.016043852837336073 0.01385623121574393
leaf_weight=1046.0297679156065 7.4504773765802375 7.5276866257190695 7.4303944408893576 48.433653876185417 8.1450457572936994 15.19713221490383 45.914946734905243 47.456852287054062
leaf_count=4391 31 35 33 207 35 65 199 204
internal_value=-5.35308e-07 -0.000134724 -0.00914547 -0.0152742 0.0128746 0.000423565 -0.00882683 0.000940545
internal_weight=1233.59 1226.14 71.5368 55.9613 15.5754 1154.6 61.1121 1093.49
internal_count=5200 5169 310 242 68 4859 264 4595
is_linear=0
shrinkage=0.03


Tree=196
num_leaves=14
num_cat=0
split_feature=59 70 23 60 146 106 90 11 57 139 94 82 37
split_gain=4.11346 12.2528 11.5152 11.9875 6.95826 6.82422 10.5242 14.3703 12.2042 8.49862 10.5144 6.6832 5.50656
threshold=5.0624543432325133 3.0619920843097197 -0.68781310333497714 1.7678112424379104 16.617758917663568 0.31996940019164632 4.1719649714253668 3.1527722731388468 4.0482035397266083 34.500000000000007 3.9099996189783872 25.820512820512825 2.8451065126864763
decision_type=2 2 2 2 2 2 2 2 2 2 2 2 2
left_child=5 12 3 -3 -4 9 7 -7 -8 11 -11 -1 -2
right_child=1 2 4 -5 -6 6 8 -9 -10 10 -12 -13 -14
leaf_value=0.0048126981770852768 -0.048960113386084421 0.016089412979627606 0.0072365684122835316 -0.0036007535225815036 -0.023352400090983032 0.0027004304753372216 -0.0012037185802872101 -0.0092019161798026373 0.019132139863803958 0.0029961062902603398 -0.011180693061258198 0.021769906777259256 -0.01205467855485969
leaf_weight=321.77758903801441 7.2921512722969037 39.77425591647625 8.6613949537277204 92.644579231739044 29.448482483625412 155.71231688559055 74.245885655283928 220.67861926555634 41.35327672958374 141.54828929901123 70.551321528851986 22.372257679700851 7.2625753432512283
leaf_count=1349 32 169 37 393 130 651 317 917 182 598 299 95 31
internal_value=-5.36208e-07 -0.00412372 -0.00186866 0.00231352 -0.0164003 0.000727478 -0.00184632 -0.00427793 0.00607103 0.00300394 -0.00171956 0.00591504 -0.0305449
internal_weight=1233.32 185.083 170.529 132.419 38.1099 1048.24 491.99 376.391 115.599 556.249 212.1 344.15 14.5547
internal_count=5200 792 729 562 167 4408 2067 1568 499 2341 897 1444 63
is_linear=0
shrinkage=0.03


Tree=197
num_leaves=12
num_cat=0
split_feature=145 90 57 56 150 147 147 4 104 102 113
split_gain=4.0339 10.2772 9.00837 6.83107 6.20664 5.58933 6.65546 13.8301 7.04151 6.14848 4.91587
threshold=1.2217811907229608 1.8331137779182896 2.141681055521977 0.45414671270284063 0.58078543703426966 50.977378296406741 26.300728401868614 39.122255267003617 0.34261569532597208 0.011095010917361014 0.79090952281635607
decision_type=2 2 2 2 2 2 2 2 2 2 2
left_child=1 2 -1 10 -4 6 8 -8 -2 -7 -3
right_child=5 3 4 -5 -6 9 7 -9 -10 -11 -12
leaf_value=-0.029403028063727091 0.011598407594331003 0.0055077992906413563 0.028436414557655811 -0.0040541037798360055 -0.010585224537571663 -0.0016628606500914786 0.046746849590021511 0.0040343812577927299 -0.0013584031537967416 -0.038399551112519609 0.036074025538337613
leaf_weight=9.6146429777145404 39.218372881412506 6.5996415168047013 6.9834584742784482 8.4365086257457715 7.7282220274209976 9.4440428614616412 7.2944793701171866 105.49469824135303 1007.9451505988836 7.2463290691375724 16.764204382896423
leaf_count=41 168 28 30 36 32 41 31 451 4235 33 74
internal_value=-5.72736e-07 0.00785686 -0.0068206 0.0190847 0.00793788 -0.000375378 -0.000127355 0.00679675 -0.000873145 -0.0176125 0.0274399
internal_weight=1232.77 56.1267 24.3263 31.8004 14.7117 1176.64 1159.95 112.789 1047.16 16.6904 23.3638
internal_count=5200 241 103 138 62 4959 4885 482 4403 74 102
is_linear=0
shrinkage=0.03


Tree=198
num_leaves=13
num_cat=0
split_feature=141 4 88 102 143 24 153 0 33 66 101 84
split_gain=4.01126 8.00056 8.80859 12.6311 8.82678 7.71115 11.8096 9.07736 8.53994 10.5725 8.88021 6.03873
threshold=1096.0000000000002 13.777466846400467 316.50000000000006 0.011095010917361014 1.0990679815286215 -0.30839906734708233 0.2678571428571429 -0.071680408485213912 1.0000000180025095e-35 0.65436637618010185 0.1900467649172424 0.98307065144219385
decision_type=2 2 2 2 2 2 2 2 2 2 2 2
left_child=1 11 4 -4 -3 8 -7 -8 9 -2 -10 -1
right_child=5 2 3 -5 -6 6 7 -9 10 -11 -12 -13
leaf_value=0.030657853878044917 0.029532309448272481 0.0027758360945513683 0.01093108521486244 -0.0057515074075526387 -0.0052515411043098023 -0.012269528093348154 0.0041355590931443226 0.036997267775736052 -0.026994092616958763 0.0035666929537464089 -0.0015343139910723692 -0.001532908413549687
leaf_weight=12.300336480140688 15.633817002177237 165.03795732557774 104.62162066996098 67.00780576467514 487.25543324649334 10.942993283271788 12.579882308840753 18.978261664509773 13.291102573275564 145.09296813607216 170.47532053291798 9.1434584408998472
leaf_count=51 66 696 443 285 2058 46 52 81 56 611 717 38
internal_value=-5.20664e-07 -0.00115856 -0.00162939 0.00441784 -0.00322052 0.00252914 0.0145856 0.0238978 0.00104171 0.00609236 -0.00337572 0.016932
internal_weight=1232.36 845.367 823.923 171.629 652.293 386.994 42.5011 31.5581 344.493 160.727 183.766 21.4438
internal_count=5200 3571 3482 728 2754 1629 179 133 1450 677 773 89
is_linear=0
shrinkage=0.03


Tree=199
num_leaves=7
num_cat=0
split_feature=24 62 39 109 39 75
split_gain=4.02231 6.29793 7.04648 6.20481 11.649 7.30765
threshold=-0.099189444926434792 0.099327354260089692 1.4899041485558027 0.032832947167958031 1.6515819256994362 0.46289898289464804
decision_type=2 2 2 2 2 2
left_child=1 2 -1 4 -3 -5
right_child=-2 3 -4 5 -6 -7
leaf_value=0.034576752529353383 -0.016122041920347305 0.0013139264124781144 0.00021865676773496936 0.0052153874601827228 -0.016107457033248979 -0.00069172683836215274
leaf_weight=10.067119017243387 13.772726327180861 82.288522467017174 11.519629955291746 245.7141161262989 59.535433724522591 809.20576155185699
leaf_count=42 59 344 50 1040 255 3410
internal_value=-4.3482e-07 0.000181813 0.0162418 -0.000107875 -0.00599929 0.00068417
internal_weight=1232.1 1218.33 21.5867 1196.74 141.824 1054.92
internal_count=5200 5141 92 5049 599 4450
is_linear=0
shrinkage=0.03


Tree=200
num_leaves=11
num_cat=0
split_feature=105 56 53 118 68 112 121 101 68 109
split_gain=3.99431 8.58823 18.5362 10.1282 9.63532 7.6556 7.7005 14.1852 7.38126 7.13762
threshold=0.15120256605433527 0.10114284461489965 0.03723141645533512 0.9398140601472601 0.62976771260671927 6.4794833247184558 0.65138035155828755 0.74733527692348467 0.91039629439011849 0.49216074065412707
decision_type=2 2 2 2 2 2 2 2 2 2
left_child=5 4 -3 -4 -2 6 9 -8 -6 -1
right_child=1 2 3 -5 8 -7 7 -9 -10 -11
leaf_value=0.002830522963080933 -0.012054769032117016 0.032121792902226123 -0.01388283875194722 0.0097219090929982991 0.045804525778852939 -0.027413582775502682 -0.012584496264591544 0.0012937144202103442 0.014339188061034507 -0.0033769352276131321
leaf_weight=594.80674383044243 8.2226234674453718 13.528339952230452 49.451387584209442 24.447435975074768 9.9174417704343814 9.485338166356085 117.38400852680206 152.26517583429813 20.745244145393372 231.6353952512145
leaf_count=2500 36 58 210 104 43 40 496 644 89 980
internal_value=-4.42534e-07 0.00505347 -0.000163512 -0.00607384 0.016783 -0.000577854 -0.000345623 -0.00474777 0.0245162 0.0010907
internal_weight=1231.89 126.312 87.4272 73.8988 38.8853 1105.58 1096.09 269.649 30.6627 826.442
internal_count=5200 540 372 314 168 4660 4620 1140 132 3480
is_linear=0
shrinkage=0.03


Tree=201
num_leaves=14
num_cat=0
split_feature=83 128 55 29 66 65 58 1 29 39 73 109 55
split_gain=3.96022 10.1196 11.262 9.52786 14.6932 10.4333 19.8568 9.96629 9.73334 9.18039 8.9717 8.34853 5.54663
threshold=3.4617997200945054 2.9104183261601402 0.28993233776571431 1.1294274082429163 0.75048638132295731 4.4546809256662003 2.8375914696313793 69.73337036522706 2.6260660717433493 1.7719490598389716 0.4788059701492538 0.22922344229832226 0.14295885675667791
decision_type=2 2 2 2 2 2 2 2 2 2 2 2 2
left_child=1 2 9 4 11 8 -7 -6 -5 -1 -4 -2 -3
right_child=3 12 10 5 7 6 -8 -9 -10 -11 -12 -13 -14
leaf_value=0.0071579523066697751 0.0085924131269625691 0.0065224615986457521 -0.0028993806647091189 -0.0071633760510151703 0.021997131646051989 0.027833365691001585 -0.013425522748783903 -0.0047923703010107864 0.0075804301020135599 -0.0026026813882387228 -0.032628464790299613 0.039116103524595373 0.042066012184801452
leaf_weight=275.84549601376057 17.296732857823372 7.4995394200086585 238.5911885201931 349.99983072280884 14.825282976031302 24.451531305909157 18.39702495932579 79.622164011001587 45.541724517941475 126.49598316848278 9.4997200667858106 15.109026134014128 8.3518621176481229
leaf_count=1149 73 33 1006 1476 63 105 79 340 197 537 40 64 38
internal_value=-3.54766e-07 0.00156657 0.000989391 -0.00184737 0.00539333 -0.00394255 0.0101189 -0.00058726 -0.00546581 0.00408921 -0.00403775 0.0228239 0.0252498
internal_weight=1231.53 666.284 650.432 565.243 126.853 438.39 42.8486 94.4474 395.542 402.341 248.091 32.4058 15.8514
internal_count=5200 2803 2732 2397 540 1857 184 403 1673 1686 1046 137 71
is_linear=0
shrinkage=0.03


Tree=202
num_leaves=8
num_cat=0
split_feature=24 54 118 98 10 105 105
split_gain=3.96593 7.84403 8.14975 4.65508 7.16543 5.68919 6.46709
threshold=-8.1850993563622527 0.22845702529237746 0.50606072430463334 3.0998145427459405 3.8058150717926109 0.017412430486969697 0.022389243775650772
decision_type=2 2 2 2 2 2 2
left_child=1 2 -1 5 -5 -2 -7
right_child=3 -3 -4 4 -6 6 -8
leaf_value=0.024973314195434481 -0.024119660575169431 -0.036133800909245471 -0.019273880129664949 -0.00033985719876522769 0.036245068702851269 0.017261099078662998 -0.00011539941302543664
leaf_weight=6.760232716798785 8.7404431700706464 8.0868352949619275 8.403483569622038 11.789367049932482 8.1482056528329831 19.602323517203331 1159.5503988564014
leaf_count=28 37 37 40 51 36 82 4889
internal_value=-2.39751e-07 -0.0122728 0.000452243 0.000236006 0.0146119 -5.27851e-06 0.000173469
internal_weight=1231.08 23.2506 15.1637 1207.83 19.9376 1187.89 1179.15
internal_count=5200 105 68 5095 87 5008 4971
is_linear=0
shrinkage=0.03


Tree=203
num_leaves=14
num_cat=0
split_feature=138 68 108 90 124 86 4 22 69 4 0 118 89
split_gain=3.8887 12.1797 10.6064 9.48532 7.44145 7.24505 12.1849 10.2493 10.2341 10.5238 10.1077 9.8155 6.50673
threshold=16189.000000000002 1.0617788988813339 0.13440785284418819 0.37926128600610981 0.79819361108419773 47175.000000000007 67.31345963048507 11.925149307557911 7.8035860880514143 25.648131631360183 -0.05512973813808162 0.95205407899433281 2543.5000000000005
decision_type=2 2 2 2 2 2 2 2 2 2 2 2 2
left_child=5 2 -2 12 -5 6 7 -1 11 -10 -8 -7 -3
right_child=1 3 -4 4 -6 8 10 -9 9 -11 -12 -13 -14
leaf_value=-0.00092333351642197282 -0.0076136657432121189 -0.010787772582620909 0.030494989746825549 -0.024391209677972071 0.0046902883480010168 0.0015380076819853715 0.0082858891011256819 0.017628827487357234 -0.014084944903541266 0.029371013777740148 -0.032421419821562103 0.033959508497519171 0.028590420225925728
leaf_weight=784.2481058165431 13.183542951941492 7.8507196158170682 13.10867130756378 41.688704498112202 9.7759080380201322 258.95080843567848 7.6818480044603374 27.749081239104271 6.2664235085248974 25.125055909156799 19.237315595149994 8.6859439760446531 7.2771791964769363
leaf_count=3295 56 33 55 179 42 1096 32 122 26 113 83 37 31
internal_value=-2.5239e-07 -0.00590244 0.0113864 -0.0127285 -0.0188671 0.000481514 -0.000947638 -0.000289334 0.00449096 0.0206963 -0.0208049 0.00259022 0.00815486
internal_weight=1230.83 92.8847 26.2922 66.5925 51.4646 1137.94 838.916 811.997 299.028 31.3915 26.9192 267.637 15.1279
internal_count=5200 396 111 285 221 4804 3532 3417 1272 139 115 1133 64
is_linear=0
shrinkage=0.03


Tree=204
num_leaves=14
num_cat=0
split_feature=75 98 69 103 4 98 44 53 44 27 28 124 45
split_gain=3.95649 6.75243 6.28894 6.13298 6.87689 6.79297 5.16729 9.3388 8.17069 8.65495 6.37514 4.50203 4.38809
threshold=0.601141371909376 0.13952149303931363 3.8260599277959995 2.0338483995991434 21.224638351090267 0.5747319184270937 3.9424680371457899 0.17465660508256622 3.3687396774679077 2.1192824763455964 1.8853253663140361 0.74842107107655587 0.53708791208791229
decision_type=2 2 2 2 2 2 2 2 2 2 2 2 2
left_child=6 2 -2 4 -3 -5 8 11 9 -1 -10 -8 -9
right_child=1 3 -4 5 -6 -7 7 12 10 -11 -12 -13 -14
leaf_value=0.0019567446215187985 -0.0041005852297235799 0.0084968389395396575 0.033683981276305341 -0.015279155883418181 -0.014725489294451461 0.012637478268770763 -0.023821831529870944 0.0035241337337171296 -0.019065332370029886 -0.005848050376276003 0.0060481395644364049 0.009718468048185526 0.032754770676027098
leaf_weight=856.43077022582293 8.4213739782571775 13.508011952042578 7.4911023825407019 11.673372492194174 76.325756698846817 23.917942255735397 7.2079043537378293 6.5981617569923428 33.170250833034515 150.31869950890541 12.535467952489851 7.199215903878212 15.43362721800804
leaf_count=3608 37 57 32 50 328 102 30 30 140 633 53 31 69
internal_value=-2.12117e-07 -0.00472244 0.0136872 -0.00705804 -0.0112336 0.00348128 0.000612729 0.0117193 0.00022819 0.000791403 -0.0121776 -0.0070618 0.0240007
internal_weight=1230.23 141.338 15.9125 125.425 89.8338 35.5913 1088.89 36.4389 1052.46 1006.75 45.7057 14.4071 22.0318
internal_count=5200 606 69 537 385 152 4594 160 4434 4241 193 61 99
is_linear=0
shrinkage=0.03


Tree=205
num_leaves=6
num_cat=0
split_feature=63 10 36 47 59
split_gain=3.90757 8.41968 5.1908 4.95622 5.41366
threshold=0.12556306306306309 1.0540818822893616 13.26666666666671 10.500000000000002 2.076454206520681
decision_type=2 2 2 2 2
left_child=1 -1 -2 4 -4
right_child=2 -3 3 -5 -6
leaf_value=-0.007558659187711851 0.019463923134851152 0.03247632164301141 -0.0035972307137165211 -0.022761366948623893 0.00097848222942062044
leaf_weight=8.9827906340360659 11.948413982987402 9.9809261411428434 317.30459939688444 8.8609279841184598 872.87227772921324
leaf_count=39 55 47 1344 37 3678
internal_value=-1.6728e-07 0.0135124 -0.000211771 -0.000407839 -0.000241416
internal_weight=1229.95 18.9637 1210.99 1199.04 1190.18
internal_count=5200 86 5114 5059 5022
is_linear=0
shrinkage=0.03


Tree=206
num_leaves=9
num_cat=0
split_feature=67 149 83 121 134 134 138 49
split_gain=3.88981 4.75417 15.6067 11.428 6.19945 14.8396 12.1009 3.15468
threshold=4.866666666666668 41.500000000000007 2.7195339128877341 0.2459730324751859 28175.000000000004 20536.000000000004 4279.5000000000009 41400.000000000007
decision_type=2 2 2 2 2 2 2 2
left_child=1 4 7 -4 5 -1 -6 -3
right_child=-2 2 3 -5 6 -7 -8 -9
leaf_value=0.00042677721919590544 0.022049224132502626 -0.043272383951764234 -0.031658304927469287 0.0030511174778214789 0.0087443008182995999 -0.012501382663298083 -0.0018760643336063732 -0.018222341972008282
leaf_weight=642.09574018418789 7.158860743045806 9.6523546427488345 9.6312316507101041 75.158220991492271 196.05261880904436 91.266444362699986 190.26077915728092 8.5170225948095304
leaf_count=2698 31 44 41 322 836 388 802 38
internal_value=-1.20649e-07 -0.000129226 -0.00629837 -0.000891525 0.000438053 -0.00118212 0.00351373 -0.03153
internal_weight=1229.79 1222.63 102.959 84.7895 1119.68 733.362 386.313 18.1694
internal_count=5200 5169 445 363 4724 3086 1638 82
is_linear=0
shrinkage=0.03


Tree=207
num_leaves=14
num_cat=0
split_feature=59 24 23 149 17 0 68 104 26 98 118 62 45
split_gain=3.90715 12.1109 11.2914 13.3894 6.98371 6.79049 14.7371 14.5291 12.5016 10.2551 10.2557 9.75195 3.30113
threshold=5.0624543432325133 -1.3663801614642941 -0.68781310333497714 41.500000000000007 -2.8679226403546614 -0.027403102237721511 1.0417537443399516 0.78863968162503351 -0.75513474628770016 0.20198947695301858 0.56786517369556255 0.6032401941492852 1.7350877192982461
decision_type=2 2 2 2 2 2 2 2 2 2 2 2 2
left_child=5 2 3 -2 -4 9 7 -7 -8 10 -1 -11 -3
right_child=1 12 4 -5 -6 6 8 -9 -10 11 -12 -13 -14
leaf_value=-0.013949965024714014 0.005256115945579746 -0.039126982496126825 -0.0052127777345189153 -0.036256545020973245 -0.031627221499819974 0.023251194755155007 -0.0048380035637042816 0.0040205683089545854 0.0061401331817451856 -0.0021296721094737087 0.014204909117055709 -0.018119779818492821 -0.014236024751717931
leaf_weight=14.522090688347815 120.20650762319565 9.5213457345962542 22.254731118679047 7.4245509207248679 15.134592145681379 55.107221588492393 216.00185014307499 98.664648503065109 164.42373628914356 400.21857216209173 58.752623364329338 37.547038987278938 9.661155626177786
leaf_count=61 511 41 98 33 67 233 912 414 702 1678 250 158 42
internal_value=-1.98497e-07 -0.00402883 -0.00140615 0.00284124 -0.0159049 0.000709769 0.00307482 0.0109122 -9.31433e-05 -0.00176245 0.00862498 -0.00350114 -0.0265908
internal_weight=1229.44 184.203 165.02 127.631 37.3893 1045.24 534.197 153.772 380.426 511.04 73.2747 437.766 19.1825
internal_count=5200 792 709 544 165 4408 2261 647 1614 2147 311 1836 83
is_linear=0
shrinkage=0.03


Tree=208
num_leaves=7
num_cat=0
split_feature=18 5 10 33 106 88
split_gain=3.94415 4.79781 10.132 4.72272 9.69888 7.68347
threshold=15.162121444092213 1.0000000180025095e-35 4.1490855100438022 2.5000000000000004 0.37488503885532515 389.50000000000006
decision_type=2 2 2 2 2 2
left_child=1 2 -1 5 -5 -3
right_child=-2 3 -4 4 -6 -7
leaf_value=-0.0046951789301495177 -0.019917262542663971 -0.00067217816845909666 0.036048359277039844 -0.030323832695083694 0.0092234291662849667 0.0072933639738312437
leaf_weight=11.979315623641016 8.8837675601243955 1053.4399665221572 10.14523011445999 13.207514494657518 9.6658557802438718 121.56204450875521
leaf_count=53 38 4450 49 56 40 514
internal_value=-2.60152e-07 0.000144771 0.0139878 -0.000110907 -0.0136119 0.000151912
internal_weight=1228.88 1220 22.1245 1197.88 22.8734 1175
internal_count=5200 5162 102 5060 96 4964
is_linear=0
shrinkage=0.03


Tree=209
num_leaves=9
num_cat=0
split_feature=50 12 50 105 18 50 86 84
split_gain=3.90434 9.62947 6.64688 11.6216 12.3103 7.02546 13.2408 10.5532
threshold=150.00000000000003 2.7104475321029509 270.00000000000006 0.1372536473589567 -2.4867087353628285 570.00000000000011 2548.5000000000005 0.6301135220053441
decision_type=2 2 2 2 2 2 2 2
left_child=1 -1 3 4 -2 6 -4 -7
right_child=2 -3 5 -5 -6 7 -8 -9
leaf_value=-0.035786211046951857 0.023733330573851654 0.009096165818647561 0.016124503654850499 0.034026067343249491 -0.00012434167830725168 -0.0087210317023764788 -0.0056000613135640306 0.0025542993428635525
leaf_weight=8.9367148876190203 23.031298384070396 8.2960140854120237 27.259923353791237 12.201090991497038 125.70567833632231 85.427595034241676 342.38019899278879 595.38044195622206
leaf_count=39 96 37 115 56 525 372 1445 2515
internal_value=-2.02996e-07 -0.0141794 0.000201505 0.00587887 0.00356992 -0.000668319 -0.00399794 0.00113947
internal_weight=1228.62 17.2327 1211.39 160.938 148.737 1050.45 369.64 680.808
internal_count=5200 76 5124 677 621 4447 1560 2887
is_linear=0
shrinkage=0.03


Tree=210
num_leaves=8
num_cat=0
split_feature=30 30 25 68 54 11 54
split_gain=3.80944 4.39757 9.46075 6.90557 5.76806 12.3747 7.61601
threshold=0.034582241021498317 0.30913542729684929 -0.58256132471037381 6.5688936426965068 1.0000000180025095e-35 2.4767284096736302 0.024948766156054496
decision_type=2 2 2 2 2 2 2
left_child=-1 2 3 -2 5 -3 -6
right_child=1 4 -4 -5 6 -7 -8
leaf_value=0.023397978245246118 -0.006714052543855196 -0.033918200934715891 0.01694315162861559 -0.031862412633512957 -0.020810926998712103 0.010651143455047836 -6.9223949684889612e-06
leaf_weight=6.2306216806173316 35.310115069150925 6.0136505514383307 11.119089543819426 13.616641297936438 16.078025080263615 82.84624157845974 1056.9378994628787
leaf_count=28 152 26 48 61 69 350 4466
internal_value=-1.92804e-07 -0.000119501 -0.0080362 -0.013713 0.000289635 0.00763488 -0.000318649
internal_weight=1228.15 1221.92 60.0458 48.9268 1161.88 88.8599 1073.02
internal_count=5200 5172 261 213 4911 376 4535
is_linear=0
shrinkage=0.03


Tree=211
num_leaves=14
num_cat=0
split_feature=83 24 57 29 47 57 69 25 64 30 71 97 58
split_gain=3.93269 9.61977 19.9056 12.878 13.5342 10.5201 9.55281 13.848 9.54882 9.3252 9.23216 9.1665 8.62053
threshold=3.4617997200945054 -1.1751242193866906 1.2836851941262586 1.058313206862481 2.5000000000000004 1.6996882588122917 1.1279647494774292 -0.42289576804830337 0.34655167098285861 0.054421802697840325 2.6223370172727578 2.7434954462551429 1.8543892069016386
decision_type=2 2 2 2 2 2 2 2 2 2 2 2 2
left_child=6 3 11 4 -2 -4 7 8 -1 -8 -11 -3 -5
right_child=1 2 5 12 -6 -7 9 -9 -10 10 -12 -13 -14
leaf_value=-0.037020608839925202 0.027117021620283437 0.025608704271803309 -0.033807423617424497 0.034575518760737736 0.00033495974269536199 -0.0084511699339643535 0.043837745246294996 0.0290498948945286 -0.007762797714664935 -0.0023392087184156782 0.0053382283695106959 -0.0017581829918279918 -0.0023976238805270378
leaf_weight=13.090271800756453 32.4856928139925 21.810251966118813 16.050937712192535 5.8068860173225394 35.58315546810627 178.42526052892208 4.9264097064733496 7.4105245471000663 43.076118946075439 228.71273715049028 367.42719478905201 22.255315735936165 250.8309535831213
leaf_count=62 137 93 68 26 153 756 21 32 187 965 1536 95 1069
internal_value=-2.34249e-07 -0.00184453 -0.00641875 0.00151587 0.0131166 -0.0105439 0.0015627 -0.009496 -0.0145817 0.00273242 0.00239273 0.0117871 -0.00156104
internal_weight=1227.89 563.248 238.542 324.707 68.0688 194.476 664.643 63.5769 56.1664 601.066 596.14 44.0656 256.638
internal_count=5200 2397 1012 1385 290 824 2803 281 249 2522 2501 188 1095
is_linear=0
shrinkage=0.03


Tree=212
num_leaves=15
num_cat=0
split_feature=80 139 66 95 27 26 108 83 64 68 56 138 36 1
split_gain=3.82829 9.58254 8.9016 8.51497 8.24451 9.2114 10.3109 8.66452 8.10676 10.0132 7.27132 10.3337 8.71442 7.03822
threshold=2.5000000000000004 49.500000000000007 1.1783946251768036 1.9686302003055745 0.42871335786888881 -0.83126621030682779 0.1931214532678627 3.8462249040236629 0.31306379520520117 2.8731837469461237 0.82005920579422964 1946.0000000000002 325.90833333333342 94.965976947646183
decision_type=2 2 2 2 2 2 2 2 2 2 2 2 2 2
left_child=4 8 3 -3 5 6 -1 -7 9 -2 12 -12 -6 -4
right_child=1 2 13 -5 10 7 -8 -9 -10 -11 11 -13 -14 -15
leaf_value=-0.032364129261529706 -0.0035092675011317012 -0.0056085333624696747 -0.021954210373396614 0.020840458721189958 0.0084307549606078835 -0.0059297307650173605 -0.0024749817205322452 0.034316369196968094 0.0019222929395891263 -0.030651589987372732 0.013092028381023593 -0.01765156583943981 -0.0023425918978049807 0.0047670873218002849
leaf_weight=18.90406122803688 83.488413512706757 91.91260140389204 48.165216282010078 12.437238559126852 241.16857090592384 13.523437678813936 23.05689649283886 7.4757498800754538 523.6591500043869 14.3327319920063 14.692941203713415 29.790937155485153 93.878111653029919 10.874242216348646
leaf_count=79 350 396 206 53 1019 60 99 35 2204 62 62 125 403 47
internal_value=-2.24686e-07 -0.00125825 -0.0077232 -0.00245613 0.00223121 -0.00782286 -0.0159405 0.00839796 0.000441401 -0.00748615 0.00389908 -0.00749701 0.00541213 -0.0170325
internal_weight=1227.36 784.87 163.389 104.35 442.491 62.9601 41.961 20.9992 621.48 97.8211 379.531 44.4839 335.047 59.0395
internal_count=5200 3318 702 449 1882 273 178 95 2616 412 1609 187 1422 253
is_linear=0
shrinkage=0.03


Tree=213
num_leaves=12
num_cat=0
split_feature=109 58 99 37 143 30 28 99 56 53 49
split_gain=3.83583 12.1124 9.06433 9.77448 6.47053 9.51461 8.756 7.34027 7.04252 10.8376 10.0673
threshold=0.49216074065412707 6.8294617497023431 0.037528339514225913 2.1833793983897274 1.0923630969605533 1.8953909024861122 1.4078453609899977 0.037528339514225913 1.2165367634174664 0.29120560106744303 253800.00000000003
decision_type=2 2 2 2 2 2 2 2 2 2 2
left_child=4 2 -2 -4 5 7 -7 -1 10 -10 -6
right_child=1 -3 3 -5 8 6 -8 -9 9 -11 -12
leaf_value=-0.022637009633739345 -0.033593251231646942 -0.037849046048391025 -0.0096272479630995118 0.0029228363625034451 -0.00046809131828519509 -0.031544332848841387 0.0011607181248873015 0.0096944084536753593 0.0018752210464792493 -0.024506333842751939 0.015126834362584246
leaf_weight=6.5692558139562598 7.9191855937242499 8.7482200190424901 81.356303475797176 178.16775670647621 646.93419230729342 10.537884667515753 24.488178208470345 166.44318661093712 29.602120295166969 26.614381641149521 39.531911969184875
leaf_count=28 33 40 350 757 2740 45 104 700 124 113 166
internal_value=-2.3948e-07 -0.00311242 -0.00197617 -0.0010114 0.000903873 0.00558009 -0.00867887 0.00846679 -0.000406017 -0.0106145 0.000429982
internal_weight=1226.91 276.191 267.443 259.524 950.721 208.039 35.0261 173.012 742.683 56.2165 686.466
internal_count=5200 1180 1140 1107 4020 877 149 728 3143 237 2906
is_linear=0
shrinkage=0.03


Tree=214
num_leaves=14
num_cat=0
split_feature=75 116 13 20 127 94 140 20 98 76 76 124 2
split_gain=3.83283 7.89882 8.13307 6.97087 6.58891 5.8629 6.15918 5.5502 7.62427 6.76538 5.64942 5.58743 4.38196
threshold=0.57441005417539637 4.5000000000000009 3.3981946322631176 3.6663444506547287 1.485652841006075 0.75015311594882228 14.500000000000002 1.5015473842324598 0.99417430526537376 10.244272288081495 9.2520919916525504 0.40014711463899949 81.846214745639259
decision_type=2 2 2 2 2 2 2 2 2 2 2 2 2
left_child=7 2 4 -4 -2 -3 -7 8 11 10 -9 -1 -10
right_child=1 5 3 -5 -6 6 -8 9 12 -11 -12 -13 -14
leaf_value=0.021734353130543095 -0.0069600512270506735 -0.020191146237586399 -0.017768673794785167 0.014403978758546968 0.019242627580032475 -0.0030753345334224094 0.013057206141725019 0.0011292770081912809 -0.046062847697630638 0.023505297186660994 -0.018318004286389328 -0.014853016780923592 -0.012379772280027689
leaf_weight=7.1943474560976046 24.765427902340889 9.1183103173971158 67.577225066721439 6.658362701535224 13.262309819459913 41.932438835501671 43.285169541835785 965.31883651018143 6.5354567319154722 12.017602130770682 13.633887261152266 7.8615313842892647 7.4255311638116837
leaf_count=32 110 38 292 30 56 177 183 4076 30 51 58 35 32
internal_value=-3.47937e-07 -0.00372654 -0.00910375 -0.014883 0.00217823 0.00267256 0.00511898 0.000754395 -0.0121781 0.00113308 0.000858434 0.00263 -0.0281476
internal_weight=1226.59 206.599 112.263 74.2356 38.0277 94.3359 85.2176 1019.99 29.0169 990.97 978.953 15.0559 13.961
internal_count=5200 886 488 322 166 398 360 4314 129 4185 4134 67 62
is_linear=0
shrinkage=0.03


Tree=215
num_leaves=14
num_cat=0
split_feature=105 11 63 7 37 66 7 55 8 112 138 138 58
split_gain=3.86167 22.9982 12.5414 9.47439 10.189 7.01275 12.1895 10.2598 7.26361 12.3215 8.58518 6.86193 3.87213
threshold=0.03791185613966349 2.930741020857822 0.38084316295325477 8.6462475768628781 2.3227383492486013 1.9289887187751815 0.62684171593758331 0.097450229253482665 1.0050049294066088 2.471675964303754 16189.000000000002 5429.5000000000009 1.3561836348287126
decision_type=2 2 2 2 2 2 2 2 2 2 2 2 2
left_child=1 2 -1 4 -3 8 12 -8 10 -10 -2 -4 -7
right_child=5 3 11 -5 -6 6 7 -9 9 -11 -12 -13 -14
leaf_value=-0.0060038597534427347 -0.00030961738772634386 -0.010809137095790783 0.014688418228162975 -0.034118677517206805 0.0057809455812345657 -0.039180017265974629 -0.024415773099849589 0.0085831352180327468 0.029882755705883633 0.0028662339384665412 -0.012101021158532087 0.045710042238635208 -0.014023677087613396
leaf_weight=8.8677687644958478 765.70314268767834 48.738411903381348 9.8544487208127993 7.4450716972351065 105.30616994947195 12.621386647224428 11.833338797092436 29.92141081392765 17.386379718780518 120.4408847540617 59.921553507447243 18.39958456158638 9.7690964043140394
leaf_count=38 3242 207 41 32 445 53 50 132 74 511 257 77 41
internal_value=-4.4318e-07 0.00382901 0.0251214 -0.0010655 0.000531983 -0.00074059 -0.0103454 -0.000768789 -0.000101118 0.00627426 -0.0011654 0.0348903 -0.0282042
internal_weight=1226.21 198.611 37.1218 161.49 154.045 1027.6 64.1452 41.7547 963.452 137.827 825.625 28.254 22.3905
internal_count=5200 840 156 684 652 4360 276 182 4084 585 3499 118 94
is_linear=0
shrinkage=0.03


Tree=216
num_leaves=11
num_cat=0
split_feature=136 76 64 107 9 1 111 15 69 30
split_gain=3.78779 6.88001 6.65868 5.04747 7.64801 7.82773 7.59984 5.51962 13.4567 9.14934
threshold=14.500000000000002 2.2071428571428577 0.43050956585724803 0.35374311137226483 -0.33442784569989686 84.814609082071954 0.76284220249791956 -5.9556797098594325 7.9942216648737467 0.83502057588792311
decision_type=2 2 2 2 2 2 2 2 2 2
left_child=1 2 -1 7 6 -6 -5 9 -9 -2
right_child=3 -3 -4 4 5 -7 -8 8 -10 -11
leaf_value=-0.023429444170152452 0.01391630486731356 0.029369359396907855 0.014996337746187914 -0.0025501785708126746 0.0036213854146560456 -0.010413804562429237 -0.028810960928734135 0.00038749839466198973 0.017796086387499431 -0.014435037215119281
leaf_weight=7.0142296701669755 13.113893046975134 11.01382866501808 9.6322494894266111 18.780797526240349 95.209711082279682 57.279554158449173 21.017633825540543 904.01816933602095 41.811016976833344 46.817306384444237
leaf_count=31 56 49 42 83 408 248 94 3809 180 200
internal_value=-4.04785e-07 0.0109752 -0.00119491 -0.000253808 -0.00470722 -0.00165065 -0.0164186 0.000597623 0.00115706 -0.00823132
internal_weight=1225.71 27.6603 16.6465 1198.05 192.288 152.489 39.7984 1005.76 945.829 59.9312
internal_count=5200 122 73 5078 833 656 177 4245 3989 256
is_linear=0
shrinkage=0.03


Tree=217
num_leaves=14
num_cat=0
split_feature=83 128 55 108 24 57 29 37 145 93 50 4 55
split_gain=3.76531 9.35373 10.2701 10.3552 8.98123 18.5637 12.0216 13.3355 10.4448 10.0611 8.71948 8.63264 5.30683
threshold=3.4617997200945054 2.9104183261601402 0.28993233776571431 0.71438023667789063 -1.1751242193866906 1.2836851941262586 1.058313206862481 4.6164220282430835 2.6810173539887585 0.83609253944591055 3270.0000000000005 26.874822250080552 0.14295885675667791
decision_type=2 2 2 2 2 2 2 2 2 2 2 2 2
left_child=1 2 10 -4 6 8 7 -2 -6 -7 -1 -8 -3
right_child=4 12 3 -5 5 9 11 -9 -10 -11 -12 -13 -14
leaf_value=0.0045534558951743388 0.017352191163696819 0.0061190092765291259 -0.0056542982997785478 0.016890974281239115 0.033187909256331923 -0.024684876096583999 0.0063161619862952597 -0.02507681124806348 0.0015663941906426003 -0.0069934670402984215 -0.028149032704899206 -0.005397305045613786 0.041103415563512581
leaf_weight=393.15469249337912 60.386307090520859 7.4470746815204611 227.10536985844374 19.945694163441658 13.629634127020834 35.383285149931908 84.51511438190937 7.4943727254867545 30.301617294549942 158.65061737596989 7.4774553477764121 171.59882679581642 8.1984978467226011
leaf_count=1653 258 33 960 86 58 151 357 32 130 673 33 738 38
internal_value=-4.42118e-07 0.00153026 0.000976573 -0.0038341 -0.00180726 -0.00623262 0.00144305 0.0126678 0.0113769 -0.0102196 0.00394309 -0.00153197 0.0244513
internal_weight=1225.29 663.329 647.683 247.051 561.96 237.965 323.995 67.8807 43.9313 194.034 400.632 256.114 15.6456
internal_count=5200 2803 2732 1046 2397 1012 1385 290 188 824 1686 1095 71
is_linear=0
shrinkage=0.03


Tree=218
num_leaves=13
num_cat=0
split_feature=53 104 64 137 28 62 102 50 77 83 79 148
split_gain=3.82071 9.58068 7.8183 13.7775 10.2505 6.08736 9.97776 11.4466 10.8687 7.98868 11.395 9.78104
threshold=0.86585818801031944 0.33301489102590781 0.4713282184137107 764.50000000000011 1.9452726214202811 0.48961925287356328 0.03021309150014579 930.00000000000011 8.5000000000000018 3.1983742025716198 6.0447597127479762 16.500000000000004
decision_type=2 2 2 2 2 2 2 2 2 2 2 2
left_child=5 -2 4 -4 -3 9 7 -7 -8 10 -1 -11
right_child=1 2 3 -5 -6 6 8 -9 -10 11 -12 -13
leaf_value=0.0007062662076314075 0.029397329477798675 -0.022626006729365697 0.021574580527350076 -0.006151673268570251 0.014114944178348977 -0.0019823220940647828 -0.0058343118990265555 0.013319778273319547 0.031569417613895541 0.0023874863828112084 0.016555605254907315 -0.0064598472836856855
leaf_weight=283.59170243144035 7.319311410188674 38.282304376363754 19.368213146924973 96.469885148108006 8.3194029778242093 152.70042055100203 10.063433110713957 61.802982240915298 22.907359153032303 182.03947558999062 47.69163353741169 294.2355185598135
leaf_count=1200 31 163 82 409 36 654 43 264 96 774 203 1245
internal_value=-3.71465e-07 -0.00417751 -0.00569034 -0.00151582 -0.016067 0.000671747 0.00478821 0.00242654 0.020153 -0.000589734 0.00298794 -0.00307826
internal_weight=1224.79 169.759 162.44 115.838 46.6017 1055.03 247.474 214.503 32.9708 807.558 331.283 476.275
internal_count=5200 721 690 491 199 4479 1057 918 139 3422 1403 2019
is_linear=0
shrinkage=0.03


Tree=219
num_leaves=11
num_cat=0
split_feature=86 85 143 86 19 118 54 138 113 97
split_gain=3.80451 7.36498 5.6187 5.41957 11.8245 12.4095 10.0359 14.2229 13.3549 9.37738
threshold=350063.50000000006 1.8792484818620048 1.7567842361969623 47175.000000000007 5.2588045370310725 0.77604235520498255 0.10840985684954942 4552.0000000000009 1.909731311920976 11.848635061289855
decision_type=2 2 2 2 2 2 2 2 2 2
left_child=3 -2 -3 4 9 -6 7 -5 -8 -1
right_child=1 2 -4 6 5 -7 8 -9 -10 -11
leaf_value=-0.00015667779309836476 0.013723766436597879 -0.040310258371936775 -0.0041010706755653555 0.025107165802880946 -0.030618600190714773 -0.0048148032277696429 0.010696750550601897 4.4420919827858011e-05 -0.0043069139666034074 0.033820971247037646
leaf_weight=779.831080108881 6.8197122216224697 8.3958950340747815 7.1342868357896796 40.978637829422951 22.566970616579056 65.34024803340435 78.517218425869942 40.538125172257423 166.86554507911205 7.3795111030340186
leaf_count=3289 30 36 31 176 98 283 333 173 718 33
internal_value=-3.38538e-07 -0.0122643 -0.0236764 0.000227694 -0.00100349 -0.011439 0.0035236 0.0126435 0.000493937 0.000161837
internal_weight=1224.37 22.3499 15.5302 1202.02 875.118 87.9072 326.9 81.5168 245.383 787.211
internal_count=5200 97 67 5103 3703 381 1400 349 1051 3322
is_linear=0
shrinkage=0.03


Tree=220
num_leaves=11
num_cat=0
split_feature=87 76 98 105 110 147 37 66 7 8
split_gain=3.74798 8.82814 7.65331 4.80632 12.7991 14.6182 9.47783 7.98588 9.20779 7.88432
threshold=285.50000000000006 0.45738498789346255 1.2167942347873166 0.03791185613966349 2.5607247829773017 -7.3091843786377382 2.2548882276265521 1.9289887187751815 0.62684171593758331 1.0050049294066088
decision_type=2 2 2 2 2 2 2 2 2 2
left_child=3 2 -2 4 5 -1 -6 9 -9 -5
right_child=1 -3 -4 7 6 -7 -8 8 -10 -11
leaf_value=-0.024670928795528999 -0.015549037256585772 -0.034071328004809005 0.024913237304358914 -0.0010123043907888289 -0.019946096866476255 0.018358304414671699 0.0023115351374980901 -0.026709531851579621 -0.0023782525998259254 0.0068878654363722178
leaf_weight=7.9099395871162406 9.8111804723739677 9.6386176720261556 7.3657057285308829 811.46618661284447 21.090836733579636 69.892102181911469 93.77913898229599 21.851187750697136 38.949413105845451 132.21778386831284
leaf_count=34 42 44 31 3443 91 293 398 92 170 562
internal_value=-3.4439e-07 -0.0110925 0.00180179 0.000248113 0.00458836 0.0139836 -0.0017751 -0.000584398 -0.0111227 9.45735e-05
internal_weight=1223.97 26.8155 17.1769 1197.16 192.672 77.802 114.87 1004.48 60.8006 943.684
internal_count=5200 117 73 5083 816 327 489 4267 262 4005
is_linear=0
shrinkage=0.03


Tree=221
num_leaves=15
num_cat=0
split_feature=50 52 89 106 1 27 22 109 121 121 66 4 137 62
split_gain=3.70744 9.46488 13.5212 14.003 11.5162 10.524 8.35509 7.12294 6.17514 11.2827 11.5728 10.7451 7.98939 7.40389
threshold=270.00000000000006 2850.0000000000005 1297.5000000000002 0.21522766657277145 73.260658241910861 1.2541888608858203 4.5323841415017947 0.10470910180133029 0.59784125261607646 0.93684182533773008 1.8689931350114419 37.099990129740966 160.50000000000003 0.12528026905829601
decision_type=2 2 2 2 2 2 2 2 2 2 2 2 2 2
left_child=1 2 7 -4 6 -6 -3 -1 12 11 -11 -10 -2 -14
right_child=8 4 3 -5 5 -7 -8 -9 9 10 -12 -13 13 -15
leaf_value=0.042878707528928875 -0.016007944222031428 0.043815992720550465 -0.034028289189517752 -0.0016487856786891937 -0.0045540210101812978 0.019407477314784399 0.010328763302167664 0.0050538758126553078 -0.014432310755975326 0.0036905527957833062 -0.026118630605440809 0.00062328289514537282 0.024012854942642679 0.0011652860421889227
leaf_weight=6.5458054691553142 23.991125613451004 13.32356256246567 17.0932477414608 40.504621207714081 46.551189005374908 25.551409184932709 13.49985186010599 14.202731788158415 118.70221872627735 164.55515066534281 12.620433554053305 66.601432919502258 13.022045508027075 646.80581993609667
leaf_count=27 102 56 72 170 197 108 59 64 509 698 53 288 56 2741
internal_value=-3.84744e-07 0.00401152 -0.00377787 -0.011258 0.0101805 0.00393735 0.0269623 0.016987 -0.000680115 -0.00384564 0.00156721 -0.00902106 0.000997869 0.00161619
internal_weight=1223.57 177.272 78.3464 57.5979 98.926 72.1026 26.8234 20.7485 1046.3 362.479 177.176 185.304 683.819 659.828
internal_count=5200 753 333 242 420 305 115 91 4447 1548 751 797 2899 2797
is_linear=0
shrinkage=0.03


Tree=222
num_leaves=12
num_cat=0
split_feature=42 53 75 42 142 28 146 19 75 48 142
split_gain=3.70933 7.15764 6.35825 5.89109 8.20377 8.55732 5.84891 14.4513 7.90099 4.70897 2.68768
threshold=3.9424680371457899 0.2092916084637888 0.53542111561708439 3.3687396774679077 2.3933315780131323 1.8853253663140361 34.207428725108493 5.2588045370310725 0.57441005417539637 0.93686743696595431 3.6864986091476513
decision_type=2 2 2 2 2 2 2 2 2 2 2
left_child=3 2 -2 6 -5 -6 8 -8 -1 10 -3
right_child=1 9 -4 4 5 -7 7 -9 -10 -11 -12
leaf_value=0.00036069217499866895 -0.019702671474454151 0.014524406131723457 0.014520965365291979 0.019616828148860021 -0.02371820523611342 0.0048376829471516378 0.015125109944214118 -0.0018477850820217284 -0.0071743257647146393 -0.0016308594118420931 0.038112741199862216
leaf_weight=790.2560573220253 11.2629491686821 7.8404299169778886 8.6287382394075376 7.1459715813398352 30.966794908046722 13.589429169893263 75.42014154791832 112.48201161623001 148.83106214553118 6.9042623639106742 9.7579293549060804
leaf_count=3335 48 34 38 30 132 58 320 489 640 31 45
internal_value=-3.88839e-07 0.0085125 -0.00485693 -0.000321019 -0.0102231 -0.0150088 0.000133251 0.00496479 -0.000833494 0.0193661 0.0276037
internal_weight=1223.09 44.3943 19.8917 1178.69 51.7022 44.5562 1126.99 187.902 939.087 24.5026 17.5984
internal_count=5200 196 86 5004 220 190 4784 809 3975 110 79
is_linear=0
shrinkage=0.03


Tree=223
num_leaves=7
num_cat=0
split_feature=63 10 36 2 85 2
split_gain=3.70921 7.72043 4.70864 4.80422 7.51906 5.44993
threshold=0.12556306306306309 1.0540818822893616 13.26666666666671 99.794975588328654 4.2948393011005548 99.48400357842722
decision_type=2 2 2 2 2 2
left_child=1 -1 -2 5 -5 -4
right_child=2 -3 3 4 -6 -7
leaf_value=-0.0070108337618680454 0.018654150383220977 0.031495532277374241 -0.00032345621498787203 -0.019980480304493783 0.013762542354428626 0.016966988020169126
leaf_weight=8.9173993915319461 11.796075120568274 9.8762259632348997 1143.1830958500504 24.504433408379555 7.8466068357229224 16.645595759153366
leaf_count=39 55 47 4850 103 35 71
internal_value=-3.1142e-07 0.0132246 -0.000206748 -0.000393368 -0.0117963 -7.53077e-05
internal_weight=1222.77 18.7936 1203.98 1192.18 32.351 1159.83
internal_count=5200 86 5114 5059 138 4921
is_linear=0
shrinkage=0.03


Tree=224
num_leaves=8
num_cat=0
split_feature=24 62 30 141 16 30 24
split_gain=3.69845 5.7608 6.55429 6.38857 5.71548 7.69125 7.54797
threshold=-0.099189444926434792 0.099327354260089692 1.5218705168028388 267.50000000000006 -5.989527577735152 0.63503089751086572 -6.2618456246464058
decision_type=2 2 2 2 2 2 2
left_child=1 2 3 -1 5 -3 -6
right_child=-2 4 -4 -5 6 -7 -8
leaf_value=0.0074593192427596048 -0.01556032551950689 -0.041932868949794658 -0.0072354733301076514 0.048029266639347666 0.021159384963654448 -0.0053259373541733792 -3.1172297275685966e-05
leaf_weight=7.0021544247865695 13.59511277079582 6.3946024328470221 7.3894134163856497 6.9711502194404602 15.331854760646818 26.874432764947414 1138.9908266067505
leaf_count=30 59 31 32 30 65 119 4834
internal_value=-2.68014e-07 0.00017471 0.0156153 0.0276993 -0.000103039 -0.0123621 0.000250283
internal_weight=1222.55 1208.95 21.3627 13.9733 1187.59 33.269 1154.32
internal_count=5200 5141 92 60 5049 150 4899
is_linear=0
shrinkage=0.03


Tree=225
num_leaves=14
num_cat=0
split_feature=53 64 51 140 71 110 140 27 118 26 53 47 93
split_gain=3.666 9.32282 11.4751 10.1935 9.91211 9.21428 5.83372 10.5522 6.98879 5.9022 13.5608 7.0568 5.53226
threshold=0.86036671376622953 0.46299273550077413 705.00000000000011 51.500000000000007 4.7912960258816417 2.8893901796357002 50.500000000000007 2.5625635996033034 0.9398140601472601 -0.40462116686006527 0.52017265334121021 9.5000000000000018 3.3401954495794839
decision_type=2 2 2 2 2 2 2 2 2 2 2 2 2
left_child=6 4 3 -3 5 -2 9 8 -8 11 -11 -1 -4
right_child=1 2 12 -5 -6 -7 7 -9 -10 10 -12 -13 -14
leaf_value=0.00093985465772973369 -0.02149254361642142 -0.0081408349915023624 0.032746754171762059 0.017007412903762155 -0.039723141796278137 0.0094022132509704939 -0.0080303036976401565 -0.03865977583686013 0.0063227550972166976 0.0030563098539226445 0.029873600118358008 -0.025362614147367426 0.0017764548260397999
leaf_weight=784.64402536302805 19.332684487104416 86.616260997951031 12.754728436470034 17.424132078886032 11.476665601134298 15.779956862330435 87.167102299630642 7.9100312888622275 46.991913266479969 93.437251225113869 20.737084820866585 9.288986533880232 8.7537021785974485
leaf_count=3326 83 368 55 73 51 66 379 35 203 393 91 40 37
internal_value=-2.7086e-07 -0.00405833 0.000194643 -0.00392914 -0.0155193 -0.00760814 0.000664901 -0.00498814 -0.00300285 0.00154929 0.00792704 0.000632117 0.0201422
internal_weight=1222.31 172.138 125.549 104.04 46.5893 35.1126 1050.18 142.069 134.159 908.107 114.174 793.933 21.5084
internal_count=5200 733 533 441 200 149 4467 617 582 3850 484 3366 92
is_linear=0
shrinkage=0.03


Tree=226
num_leaves=9
num_cat=0
split_feature=26 99 2 134 19 27 134 54
split_gain=3.69776 9.53206 9.38043 9.31232 6.98094 9.57665 9.64432 8.44588
threshold=-2.7886226256644027 0.037528339514225913 67.124581765532184 104710.00000000001 14.399130059279566 1.9281669496236844 2792.5000000000005 1.1272690253217508
decision_type=2 2 2 2 2 2 2 2
left_child=1 -1 -3 -4 5 7 -7 -2
right_child=4 2 3 -5 -6 6 -8 -9
leaf_value=-0.024539534168136569 -0.0005441054305179181 -0.027259552665275785 0.0061016714380449167 -0.01296113611093032 0.021828754381861232 -0.026731427056718909 -0.0049551270512021564 0.013222386736441497
leaf_weight=11.147591412067412 655.33694536983967 8.5772107392549497 282.8938729763031 25.110793903470039 11.895907893776892 20.609621062874794 163.61679040640593 42.723723478615284
leaf_count=47 2797 37 1194 105 50 86 699 185
internal_value=-2.97151e-07 0.0027257 0.00368578 0.00454753 -0.000999411 -0.0013072 -0.00739127 0.000298451
internal_weight=1221.91 327.729 316.582 308.005 894.183 882.287 184.226 698.061
internal_count=5200 1383 1336 1299 3817 3767 785 2982
is_linear=0
shrinkage=0.03


Tree=227
num_leaves=12
num_cat=0
split_feature=59 24 147 142 86 27 19 10 49 107 71
split_gain=3.6364 10.905 10.8321 11.2127 9.47902 6.02737 12.3126 10.7555 9.08462 7.1277 3.31885
threshold=5.0624543432325133 -1.3663801614642941 -12.587958784523517 2.568861354095644 19330.500000000004 1.9100356732607762 14.399130059279566 0.37576414233342903 358200.00000000006 0.3445999784469031 5.3448354612985156
decision_type=2 2 2 2 2 2 2 2 2 2 2
left_child=5 2 4 -4 -2 8 7 -7 9 -1 -3
right_child=1 10 3 -5 -6 6 -8 -9 -10 -11 -12
leaf_value=0.0027745187402430484 0.0011723870696319244 -0.040407894600643063 -0.013184100193822183 0.0070808490270165064 -0.033122735090917399 0.0047315110287471556 0.030313254122352432 -0.0097629862505645825 0.02901052286297829 -0.0047748452619651169 -0.014893369592804013
leaf_weight=670.88139201700687 13.034937947988512 7.8427727222442654 32.377716451883316 101.94232055544853 16.353348612785339 67.47287791967392 9.1830549836158735 145.2857783138752 10.956326574087141 135.24768490344286 11.057288765907286
leaf_count=2833 57 35 138 440 74 288 38 617 46 586 48
internal_value=-3.10944e-07 -0.00390458 -0.0014136 0.002196 -0.0179114 0.000685862 -0.0036983 -0.0051663 0.00187671 0.00150793 -0.0254809
internal_weight=1221.64 182.608 163.708 134.32 29.3883 1039.03 221.942 212.759 817.085 806.129 18.9001
internal_count=5200 792 709 578 131 4408 943 905 3465 3419 83
is_linear=0
shrinkage=0.03


Tree=228
num_leaves=11
num_cat=0
split_feature=136 76 64 107 57 109 6 107 110 57
split_gain=3.59943 6.38383 6.25858 4.52188 7.91318 9.21913 8.76626 5.56211 8.94941 6.13353
threshold=14.500000000000002 2.2071428571428577 0.43050956585724803 0.35374311137226483 3.956853655459994 0.032832947167958031 6.5000000000000009 0.32347486343759874 3.3108929307326949 0.4940909140439721
decision_type=2 2 2 2 2 2 2 2 2 2
left_child=1 2 -1 7 5 -5 -6 9 -9 -2
right_child=3 -3 -4 4 6 -7 -8 8 -10 -11
leaf_value=-0.022649406454373539 0.015500233801302034 0.028539538646330166 0.014710857027337222 -0.038708505055525921 0.018616848106588771 -0.0067586456396064986 -0.0040117447424300109 0.029945137780293795 -0.00064988861366891294 -0.00023903598518908512
leaf_weight=6.9668431580066743 22.822072014212608 10.920701727271078 9.5911181345581991 8.7527403980493528 23.343038201332092 113.91515628993511 45.325355485081673 14.885788112878798 20.392540886998177 944.29366175085306
leaf_count=31 102 49 42 43 99 494 197 62 87 3994
internal_value=-3.89576e-07 0.0107345 -0.00100866 -0.000247498 -0.00447368 -0.00903837 0.00368059 0.000559193 0.0122598 0.000132381
internal_weight=1221.21 27.4787 16.558 1193.73 191.336 122.668 68.6684 1002.39 35.2783 967.116
internal_count=5200 122 73 5078 833 537 296 4245 149 4096
is_linear=0
shrinkage=0.03


Tree=229
num_leaves=12
num_cat=0
split_feature=109 94 67 2 94 138 84 54 27 58 72
split_gain=3.58085 12.6454 12.4701 9.55094 8.60629 11.1388 9.64784 8.3283 7.84112 12.669 9.45625
threshold=0.49216074065412707 0.41794597496809083 1.1507405153175088 78.484203808105534 0.35520782617025021 9048.0000000000018 1.0821718037531645 0.029054523140620781 0.61787742983341276 1.3107795163524574 10.49567310004511
decision_type=2 2 2 2 2 2 2 2 2 2 2
left_child=4 -2 7 -4 5 6 -1 -3 9 -6 -10
right_child=1 2 3 -5 8 -7 -8 -9 10 -11 -12
leaf_value=0.034030805824183143 -0.034670433304731151 0.011449412689758184 -0.0089997394143932555 0.0074841814941676481 -0.025576751064876346 -0.011579089748969311 0.00056095492218720909 -0.013796144188711699 0.0011163471842904386 -0.002235212566756318 0.021320631527177617
leaf_weight=22.059692516922951 10.907200068235396 13.687105834484099 42.469797357916832 124.00142585486174 23.695335164666176 11.779838085174559 11.950017303228377 83.554239124059677 676.0866032242775 179.18936713784933 21.511840268969536
leaf_count=93 48 59 180 531 104 50 51 362 2856 774 92
internal_value=-4.19513e-07 -0.00301632 -0.0017071 0.00327884 0.000874833 0.0135623 0.0222705 -0.0102427 0.000229674 -0.00496132 0.00173939
internal_weight=1220.89 274.62 263.713 166.471 946.273 45.7895 34.0097 97.2413 900.483 202.885 697.598
internal_count=5200 1180 1132 711 4020 194 144 421 3826 878 2948
is_linear=0
shrinkage=0.03


Tree=230
num_leaves=11
num_cat=0
split_feature=105 56 64 64 134 75 112 121 101 109
split_gain=3.54512 7.77388 8.93278 10.0792 8.76042 9.87284 6.91521 6.56588 12.7704 6.26406
threshold=0.15120256605433527 0.10114284461489965 0.40234310770074 0.68026928191489378 108672.50000000001 0.51535773260811768 6.4794833247184558 0.65138035155828755 0.74733527692348467 1.4181081355201244
decision_type=2 2 2 2 2 2 2 2 2 2
left_child=6 2 -2 -4 5 -3 7 9 -9 -1
right_child=1 4 3 -5 -6 -7 -8 8 -10 -11
leaf_value=0.0015054764150862013 -0.0066210380764937975 0.013293985012339844 0.037805814132167423 -0.0014489652698774034 -0.031859296526580198 -0.0078661324384191045 -0.026129057594521488 -0.011893670063853206 0.0013419506012560883 -0.012814326117116907
leaf_weight=790.6309617087245 11.098399892449377 39.596498385071754 18.51512843370438 8.6310782134532911 7.2052143365144721 39.783468574285507 9.427553638815878 116.02964552491903 150.97880282253027 28.483607411384583
leaf_count=3357 48 170 81 39 31 171 40 496 644 123
internal_value=-4.72541e-07 0.00478965 0.0160543 0.0253248 -0.000185942 0.00268901 -0.000546271 -0.000324212 -0.00440964 0.00100752
internal_weight=1220.38 124.83 38.2446 27.1462 86.5852 79.38 1095.55 1086.12 267.008 819.115
internal_count=5200 540 168 120 372 341 4660 4620 1140 3480
is_linear=0
shrinkage=0.03


Tree=231
num_leaves=11
num_cat=0
split_feature=108 39 146 52 49 23 62 90 1 68
split_gain=3.57736 14.7484 11.2861 8.76094 6.41565 10.1268 8.8848 7.68595 8.31609 4.82477
threshold=0.56143331116754214 3.0841050337780884 7.4200772715294834 4350.0000000000009 77400.000000000015 -6.9199393319323406 0.6094494047619049 9.1440832110343191 61.540063880016667 8.8707843638221799
decision_type=2 2 2 2 2 2 2 2 2 2
left_child=4 2 -2 -4 5 -1 -7 8 -6 -3
right_child=1 9 3 -5 7 6 -8 -9 -10 -11
leaf_value=0.026800467675937727 0.05220964879266457 -0.043868521250715838 -0.00084715744324229039 0.016007338137499098 0.016705558672716544 0.0013559497544857466 -0.010169445587688617 0.021046501692934292 -0.0065101037655490909 -0.0077881812030992136
leaf_weight=13.285516358911989 4.9759173691272727 6.4674295485019666 67.73526194691658 47.026797711849213 14.648333683609961 715.86114852875471 65.724350854754448 10.328344628214834 267.08336097002029 6.8883672952651978
leaf_count=59 21 30 289 199 63 3049 280 46 1133 31
internal_value=-4.00637e-07 0.00464197 0.00797727 0.00605942 -0.000568855 0.000828247 0.000386767 -0.00437121 -0.00530303 -0.0252598
internal_weight=1220.02 133.094 119.738 114.762 1086.93 794.871 781.585 292.06 281.732 13.3558
internal_count=5200 570 509 488 4630 3388 3329 1242 1196 61
is_linear=0
shrinkage=0.03


Tree=232
num_leaves=10
num_cat=0
split_feature=86 85 86 54 138 113 134 148 143
split_gain=3.57643 6.96453 5.24985 9.23868 13.6822 12.3982 8.91126 8.56435 5.2396
threshold=350063.50000000006 1.8792484818620048 47175.000000000007 0.10840985684954942 4552.0000000000009 1.909731311920976 43652.500000000007 62.500000000000007 1.7567842361969623
decision_type=2 2 2 2 2 2 2 2 2
left_child=2 -2 6 4 -4 -5 7 -1 -3
right_child=1 8 3 5 -6 -7 -8 -9 -10
leaf_value=6.897944393121883e-05 0.013373216003726486 -0.039292422378434923 0.02450397892151147 0.010408292823597634 -0.00013512812433231122 -0.0040783283723677512 -0.027106265052798253 -0.013267540671607882 -0.0041970607843731123
leaf_weight=814.69935853034258 6.7930074408650425 8.2932879030704481 40.76252418756485 78.206988885998726 40.37449523806572 166.08511155843735 11.604547411203383 45.770983941853046 7.1117735654115668
leaf_count=3456 30 36 176 333 173 718 49 198 31
internal_value=-3.72599e-07 -0.011932 0.000220804 0.00347246 0.0122433 0.000559378 -0.000992606 -0.00064043 -0.0230906
internal_weight=1219.7 22.1981 1197.5 325.429 81.137 244.292 872.075 860.47 15.4051
internal_count=5200 97 5103 1400 349 1051 3703 3654 67
is_linear=0
shrinkage=0.03


Tree=233
num_leaves=8
num_cat=0
split_feature=98 59 105 105 57 10 57
split_gain=3.5551 7.97904 5.29416 6.00763 11.4169 4.95198 4.51495
threshold=3.0998145427459405 3.6138294042109167 0.017412430486969697 0.022389243775650772 3.274176370481467 3.2100690092527548 10.470043879316757
decision_type=2 2 2 2 2 2 2
left_child=2 5 -1 4 -4 -2 -5
right_child=1 -3 3 6 -6 -7 -8
leaf_value=-0.023661980723373128 0.0078728187400672403 -0.014641649207767117 -0.0021790964039225453 7.2597271449277074e-05 0.044808399881428623 0.042626216672056162 -0.0090950926792080361
leaf_weight=8.6070701926946622 7.7319484800100344 6.883046329021453 11.710807785391809 1119.1612770557404 7.7233794480562201 7.0587054342031479 50.530648037791252
leaf_count=37 34 30 49 4764 33 32 221
internal_value=-3.77986e-07 0.0120413 -0.000218279 -4.85899e-05 0.0164943 0.0244586 -0.000323447
internal_weight=1219.41 21.6737 1197.73 1189.13 19.4342 14.7907 1169.69
internal_count=5200 96 5104 5067 82 66 4985
is_linear=0
shrinkage=0.03


Tree=234
num_leaves=11
num_cat=0
split_feature=42 53 124 36 123 55 103 1 55 48
split_gain=3.54368 6.72448 7.31412 6.02301 7.88061 5.49239 7.92692 6.52589 4.79177 5.66932
threshold=3.9424680371457899 0.2092916084637888 0.74842107107655587 391.45833333333337 0.3173768976660914 1.0149609039967811 1.6682116790321799 99.159838911262341 0.11325197202884384 0.84982649592680604
decision_type=2 2 2 2 2 2 2 2 2 2
left_child=3 2 -2 5 -5 7 -7 -1 -3 -10
right_child=1 8 -4 4 -6 6 -8 -9 9 -11
leaf_value=0.00069194487241223436 -0.023301458392473457 -0.0018708770888521821 0.013187071808933658 0.0029886395648724955 -0.039212903361975658 -0.019557246041219025 0.0075295191517376903 -0.014917599940652572 0.041490599585902385 0.0063144086762307386
leaf_weight=1090.8463534936309 9.6603896915912646 7.062066555023196 10.127219825983046 7.7742282897233954 8.1649801880121213 29.070629999041557 14.610843710601328 24.64937187731266 10.351188868284227 6.8540344685316077
leaf_count=4633 41 31 45 40 38 125 63 105 47 32
internal_value=-3.1154e-07 0.00835301 -0.00462677 -0.000313476 -0.0186294 -6.16237e-05 -0.0104971 0.000347017 0.0189368 0.0274775
internal_weight=1219.17 44.0549 19.7876 1175.12 15.9392 1159.18 43.6815 1115.5 24.2673 17.2052
internal_count=5200 196 86 5004 78 4926 188 4738 110 79
is_linear=0
shrinkage=0.03


Tree=235
num_leaves=12
num_cat=0
split_feature=50 30 60 117 22 50 86 29 36 148 42
split_gain=3.57094 11.2531 12.231 11.7101 8.99194 5.90494 11.8148 10.6003 9.74623 10.3215 9.52969
threshold=270.00000000000006 2.6012075902500986 1.9428768625541839 3.5000000000000004 3.0924800464040891 570.00000000000011 2548.5000000000005 2.5878609212009676 26.083333333333318 44.500000000000007 2.0969309396254139
decision_type=2 2 2 2 2 2 2 2 2 2 2
left_child=1 2 3 -1 -4 6 10 -8 -7 -10 -2
right_child=5 -3 4 -5 -6 8 7 -9 9 -11 -12
leaf_value=0.015418462894409747 0.0041385201234036004 -0.02952017351907037 0.02239823242446563 -0.015297984134916419 0.0048792175917414292 0.038633765761925939 -0.0068660074725560467 0.012177357950451145 -0.00096283674923506798 0.0092510461397178178 0.043625897887418649
leaf_weight=15.888754427433012 19.389554396271709 8.6013755500316602 41.264418914914131 37.613398402929306 73.041431657969952 6.1353978365659705 310.82720670849085 28.739381030201912 563.92386183142662 105.74022001773119 7.6789353489875785
leaf_count=69 81 39 175 158 312 27 1318 127 2402 458 34
internal_value=-2.96298e-07 0.00394702 0.00566246 -0.00617599 0.0112036 -0.000668294 -0.00373376 -0.00525426 0.000994784 0.000649939 0.0153405
internal_weight=1218.84 176.409 167.808 53.5022 114.306 1042.43 366.635 339.567 675.799 669.664 27.0685
internal_count=5200 753 714 227 487 4447 1560 1445 2887 2860 115
is_linear=0
shrinkage=0.03


Tree=236
num_leaves=11
num_cat=0
split_feature=87 20 4 4 56 156 146 98 98 48
split_gain=3.53161 8.28626 4.20335 10.3872 10.8051 10.3998 8.58423 10.6697 9.31068 2.60091
threshold=285.50000000000006 3.8075342290312943 37.837526733157837 38.783844335338308 0.41355688041488864 0.36666666666666675 25.034793498477452 0.22160992023156115 0.031338675413533308 0.87989558640266863
decision_type=2 2 2 2 2 2 2 2 2 2
left_child=2 9 6 4 -4 -5 8 -8 -1 -2
right_child=1 -3 3 5 -6 -7 7 -9 -10 -11
leaf_value=-0.020965992362885405 -0.014012245266817994 0.0081779822870819592 0.028632348655780265 0.0091825120022685346 -0.010049887768438487 -0.0016983495740109337 0.014412528148805653 -0.0098583965649989402 0.0012335655706449985 -0.039111091059501946
leaf_weight=17.521477326750755 8.0585780367255229 11.629592001438139 24.988406583666801 108.39646259695292 8.7834371626377088 292.07959349453449 18.340051427483559 146.63781825453043 575.02965673059225 6.895352214574813
leaf_count=76 35 50 106 473 37 1257 77 629 2428 32
internal_value=-2.46048e-07 -0.0108149 0.000240982 0.00259415 0.0185718 0.00124676 -0.00110795 -0.00716028 0.000577134 -0.0255855
internal_weight=1218.36 26.5835 1191.78 434.248 33.7718 400.476 757.529 164.978 592.551 14.9539
internal_count=5200 117 5083 1873 143 1730 3210 706 2504 67
is_linear=0
shrinkage=0.03


Tree=237
num_leaves=15
num_cat=0
split_feature=59 71 60 27 106 23 106 19 28 147 0 30 30 99
split_gain=3.47052 9.14144 9.32458 11.0527 9.27847 8.41776 6.26788 9.87851 12.5096 11.5668 9.47856 14.539 14.0043 4.84517
threshold=5.0624543432325133 5.1028175377003135 1.7678112424379104 1.6945296967823154 0.37488503885532515 -0.92713325727719054 0.31996940019164632 5.0524225615628877 0.86376983150596476 25.156966295531067 -0.033261202994115439 1.7300520284267227 0.97220655365909159 0.43567565267933878
decision_type=2 2 2 2 2 2 2 2 2 2 2 2 2 2
left_child=6 5 4 -4 -3 13 7 9 -9 -1 12 -12 -8 -2
right_child=1 2 3 -5 -6 -7 10 8 -10 -11 11 -13 -14 -15
leaf_value=0.0044866099462022796 0.0080332640757631163 -0.0035801800809842983 -0.012846715043561618 0.006720157058321987 0.023361320790346786 -0.049183308262801907 0.0058806146124104515 0.022841667125707833 -0.0052956550569231674 0.029297504968883805 -0.0022993221952859696 0.013827949305677252 -0.010431019438314289 -0.026007900540669298
leaf_weight=351.0745432972908 7.3827667236328143 22.710490047931671 73.562729626893997 40.168851636350155 23.316258311271667 6.9751944690942755 64.820720702409744 15.558522716164587 165.38511718809605 17.766908913850784 175.03348197788 70.604032933712006 175.96459520608187 7.6752061992883682
leaf_count=1490 32 99 322 172 102 31 274 65 710 76 741 306 746 34
internal_value=-2.56178e-07 -0.0038235 -0.00132517 -0.00593589 0.0100679 -0.0219384 0.00067049 0.00286516 -0.00287625 0.00568174 -0.00181006 0.00233617 -0.00603984 -0.00931787
internal_weight=1218 181.791 159.758 113.732 46.0267 22.0332 1036.21 549.785 180.944 368.841 486.423 245.638 240.785 15.058
internal_count=5200 792 695 494 201 97 4408 2341 775 1566 2067 1047 1020 66
is_linear=0
shrinkage=0.03


Tree=238
num_leaves=11
num_cat=0
split_feature=74 88 67 41 12 5 50 23 80 63
split_gain=3.5128 9.18486 9.82558 6.90828 6.42334 5.37583 5.73027 8.18202 5.71113 5.37943
threshold=0.28708791208791212 344.50000000000006 1.1207843880257675 1.1176005652093421 3.2974617525175307 1.0000000180025095e-35 150.00000000000003 -1.0374492905804895 2.5000000000000004 0.45316348522167493
decision_type=2 2 2 2 2 2 2 2 2 2
left_child=1 2 3 -1 -4 9 7 -7 -8 -2
right_child=5 -3 4 -5 -6 6 8 -9 -10 -11
leaf_value=0.017066369900503257 0.035194875835674148 0.019940833749292401 -0.012266408232770816 -0.015640378639647456 -0.04069068453124508 -0.039339559965401727 0.0034416852366808835 0.0038503138595940367 -0.0011349096191340443 0.0035984380174906654
leaf_weight=13.370185375213625 7.8048860356211689 9.7639227136969549 19.113906383514408 10.281755700707434 11.43645443022251 7.9312956035137177 364.04757376015186 7.8596510440111143 752.98859375715256 12.807491123676298
leaf_count=59 38 43 82 46 48 36 1555 35 3199 59
internal_value=-2.9147e-07 -0.00684338 -0.0116683 0.00284839 -0.022907 0.000379205 0.000102939 -0.0178426 0.000356625 0.0155624
internal_weight=1217.41 63.9662 54.2023 23.6519 30.5504 1153.44 1132.83 15.7909 1117.04 20.6124
internal_count=5200 278 235 105 130 4922 4825 71 4754 97
is_linear=0
shrinkage=0.03


Tree=239
num_leaves=12
num_cat=0
split_feature=75 76 79 0 45 94 45 124 76 45 128
split_gain=3.4478 6.66655 6.98737 7.26564 6.29699 5.4679 5.02889 9.13999 5.62296 4.9896 4.73656
threshold=0.60759334392808173 2.0200000000000005 4.1580798629810864 -0.033261202994115439 2.9687500000000004 1.126545460155097 11.446091187019316 0.56747208911599889 10.244272288081495 12.412792455606661 0.92546263510124838
decision_type=2 2 2 2 2 2 2 2 2 2 2
left_child=6 4 3 -3 5 -2 8 -8 10 -6 -1
right_child=1 2 -4 -5 9 -7 7 -9 -10 -11 -12
leaf_value=-0.00095204042373285959 -0.023572575407904833 0.016682097178123252 0.026269293564362795 -0.018000258778046223 -0.042766401713664796 -0.0016403094982733227 0.0044042507099670012 -0.037860312699882437 0.020048290480533963 -0.0098895490951429223 0.0032181178604444621
leaf_weight=674.47393222153187 12.199626773595808 9.6178898364305496 11.075356245040892 12.50352643430233 7.9375525116920498 63.381773993372917 10.058882459998133 8.493462070822714 13.499490723013876 8.7172873169183713 385.09047000110149
leaf_count=2882 53 41 47 55 35 275 43 37 58 39 1635
internal_value=-3.06322e-07 -0.00471081 0.00681758 -0.00292116 -0.00886 -0.00518041 0.000540958 -0.0149449 0.000808695 -0.0255584 0.000563571
internal_weight=1217.05 125.433 33.1968 22.1214 92.2362 75.5814 1091.62 18.5523 1073.06 16.6548 1059.56
internal_count=5200 545 143 96 402 328 4655 80 4575 74 4517
is_linear=0
shrinkage=0.03


Tree=240
num_leaves=9
num_cat=0
split_feature=149 149 145 30 10 109 109 32
split_gain=3.4365 5.45201 9.50327 12.7813 9.69774 5.27679 13.8537 7.32204
threshold=78.500000000000014 45.500000000000007 4.4406417855935212 1.3362171000913792 0.44507820508342516 0.18425396426835847 0.08521942386067631 1.0000000180025095e-35
decision_type=2 2 2 2 2 2 2 2
left_child=1 5 4 -4 -3 6 -1 -7
right_child=-2 2 3 -5 -6 7 -8 -9
leaf_value=-0.0019055773698788598 0.020462013691178588 -0.0010740126882338233 -0.0093647644227359671 0.03310208800211234 -0.030190153126897341 -0.00011765164780489015 0.0078271195166536526 -0.0091913559857662395
leaf_weight=286.62016176432371 7.3420593142509452 18.423703745007515 18.644791617989544 9.6953493654727918 23.335932582616806 514.50692635029554 243.40800577402115 94.785039752721786
leaf_count=1219 31 78 89 42 101 2200 1031 409
internal_value=-3.83063e-07 -0.000124605 -0.00824497 0.00516343 -0.0173446 0.000375023 0.00256403 -0.00152921
internal_weight=1216.76 1209.42 70.0998 28.3401 41.7596 1139.32 530.028 609.292
internal_count=5200 5169 310 131 179 4859 2250 2609
is_linear=0
shrinkage=0.03


Tree=241
num_leaves=11
num_cat=0
split_feature=136 76 64 107 57 109 134 153 128 57
split_gain=3.41761 5.93434 5.91219 4.2093 7.24413 8.7949 8.42709 5.26894 9.27978 8.13814
threshold=14.500000000000002 2.2071428571428577 0.43050956585724803 0.35374311137226483 3.956853655459994 0.032832947167958031 25063.000000000004 0.58571428571428574 2.7670824892421222 0.4940909140439721
decision_type=2 2 2 2 2 2 2 2 2 2
left_child=1 2 -1 7 5 -5 -6 9 -9 -2
right_child=3 -3 -4 4 6 -7 -8 8 -10 -11
leaf_value=-0.021951333671059985 0.021252113880952342 0.027770429073539181 0.014457470813162902 -0.037982093048930639 -0.0061589807737575499 -0.0064948732956233088 0.014983956606828486 -0.004555469486227615 0.028839864577303968 0.0012442450414043179
leaf_weight=6.9207345545291963 18.754491746425629 10.809250399470328 9.5570937022566778 8.5884796008467656 37.193747743964195 113.37880788743496 31.197525776922703 223.20820294320583 7.748713642358779 749.09295249730349
leaf_count=31 85 49 42 43 160 494 136 944 34 3182
internal_value=-4.04107e-07 0.0104969 -0.00083433 -0.00024128 -0.00432974 -0.00871209 0.00348563 0.000537925 -0.00343504 0.00173293
internal_weight=1216.45 27.2871 16.4778 1189.16 190.359 121.967 68.3913 998.804 230.957 767.847
internal_count=5200 122 73 5078 833 537 296 4245 978 3267
is_linear=0
shrinkage=0.03


Tree=242
num_leaves=14
num_cat=0
split_feature=105 11 63 7 19 138 66 7 55 66 148 69 107
split_gain=3.4867 20.6998 11.2854 8.80924 10.6327 6.52971 5.88194 10.5712 9.16291 6.21613 11.1096 9.0764 3.77617
threshold=0.03791185613966349 2.930741020857822 0.38084316295325477 8.6462475768628781 2.5749439095988671 5429.5000000000009 1.9289887187751815 0.62684171593758331 0.097450229253482665 1.4146258503401363 26.500000000000004 1.2382592147929683 0.10494043137800697
decision_type=2 2 2 2 2 2 2 2 2 2 2 2 2
left_child=1 2 -1 4 -3 -4 9 12 -9 11 -11 -2 -8
right_child=6 3 5 -5 -6 -7 7 8 -10 10 -12 -13 -14
leaf_value=-0.0056525726406955147 -0.0097287238495961763 -0.01412148499696029 0.013590125425800409 -0.033121366895849894 0.0048134344295488237 0.043982464043874417 -0.037330907461648841 -0.022993140420613869 0.0083291322085703862 -0.0013674159651262082 0.014303751196960968 -1.5080709210033961e-05 -0.012379183440094933
leaf_weight=8.8008586764335615 99.014653138816357 34.477166786789894 9.806878402829172 7.3345279544591895 118.18210507929325 18.113030463457108 12.332089990377428 11.75026650726795 29.530217178165913 98.291054405272007 69.502551913261414 689.09572905302048 9.7940192669630033
leaf_count=38 437 149 41 32 503 77 53 50 132 417 300 2930 41
internal_value=-4.21026e-07 0.0036563 0.0239697 -0.00100589 0.000537098 0.0333071 -0.000706125 -0.0095546 -0.000586583 -0.000119192 0.00512381 -0.00123546 -0.0262861
internal_weight=1216.03 196.715 36.7208 159.994 152.659 27.9199 1019.31 63.4066 41.2805 955.904 167.794 788.11 22.1261
internal_count=5200 840 156 684 652 118 4360 276 182 4084 717 3367 94
is_linear=0
shrinkage=0.03


Tree=243
num_leaves=10
num_cat=0
split_feature=116 28 88 69 134 102 36 10 86
split_gain=3.43607 6.70961 5.26061 11.5098 6.87042 6.34543 5.78746 11.753 7.69385
threshold=10.500000000000002 1.9047318440370662 389.50000000000006 6.0324790235312031 10395.500000000002 0.0023191574384177336 390.21666666666675 2.2693759723895632 350063.50000000006
decision_type=2 2 2 2 2 2 2 2 2
left_child=2 -2 6 5 -5 -4 8 -8 -1
right_child=1 -3 3 4 -6 -7 7 -9 -10
leaf_value=0.00016144846514182216 0.007789989420167784 -0.026945451655329182 0.023668189355815647 0.00065080823298113721 0.034095669164948217 -0.0010831185624816701 -0.034795602682160691 0.012716018292867028 -0.019665165541060115
leaf_weight=1028.9280016645789 8.703521780669691 11.777359426021574 10.372947037219999 7.9875851273536709 17.952233374118805 92.004982329905033 12.199860863387586 7.6080735549330702 17.922092124819756
leaf_count=4388 38 50 44 34 79 393 59 37 78
internal_value=-3.92224e-07 -0.0121843 0.00020843 0.00594733 0.0237971 0.00142469 -0.000481953 -0.0165468 -0.000177984
internal_weight=1215.46 20.4809 1194.98 128.318 25.9398 102.378 1066.66 19.8079 1046.85
internal_count=5200 88 5112 550 113 437 4562 96 4466
is_linear=0
shrinkage=0.03


Tree=244
num_leaves=6
num_cat=0
split_feature=63 36 36 47 83
split_gain=3.41744 7.29247 4.35563 4.48993 5.06409
threshold=0.12556306306306309 221.07500000000002 13.26666666666671 10.500000000000002 5.8541123626306861
decision_type=2 2 2 2 2
left_child=1 -1 -2 4 -4
right_child=2 -3 3 -5 -6
leaf_value=-0.0095471804891562109 0.018060382453344882 0.028596557898432191 -0.00057518885182248605 -0.021804105383050838 0.010656706193649692
leaf_weight=7.7111315280199078 11.643727861344813 10.869716152548788 1138.8671124279499 8.7374310642480832 37.311076775193214
leaf_count=34 55 52 4854 37 168
internal_value=-3.74665e-07 0.0127667 -0.00019863 -0.000378054 -0.000218887
internal_weight=1215.14 18.5808 1196.56 1184.92 1176.18
internal_count=5200 86 5114 5059 5022
is_linear=0
shrinkage=0.03


Tree=245
num_leaves=11
num_cat=0
split_feature=59 60 59 72 148 93 37 50 91 24
split_gain=3.41335 14.1317 13.1703 10.7126 12.867 7.39541 6.02737 5.91965 14.7773 9.30953
threshold=0.97584340967141392 3.3931381532558205 1.0902001123695566 1.8307782986092616 16.500000000000004 2.058406942243916 2.5966860636151132 1950.0000000000002 1.5228573200554758 -5.2571352311174362
decision_type=2 2 2 2 2 2 2 2 2 2
left_child=1 3 5 -1 -5 -2 -3 9 -9 -4
right_child=2 6 7 4 -6 -7 -8 8 -10 -11
leaf_value=0.020242920893224627 -0.043240143073157294 0.050099396628737428 0.019379104620143167 0.0088315303671816642 -0.036786476651619056 -0.0069655562653213546 0.013691765769659534 -0.014351337782686512 0.015173543176825862 0.00028371394661461634
leaf_weight=11.371136613190172 9.6873928308486956 7.575593531131747 23.499588295817375 10.424190886318685 11.937193088233469 10.585368245840071 8.9008756726980192 65.703642159700394 19.870838299393654 1035.3485483750701
leaf_count=51 41 32 101 47 51 45 38 293 87 4414
internal_value=-3.10225e-07 0.0076584 -0.000330471 -0.00346493 -0.0155208 -0.0242995 0.0304314 9.41258e-05 -0.00749551 0.000707508
internal_weight=1214.9 50.209 1164.7 33.7325 22.3614 20.2728 16.4765 1144.42 85.5745 1058.85
internal_count=5200 219 4981 149 98 86 70 4895 380 4515
is_linear=0
shrinkage=0.03


Tree=246
num_leaves=8
num_cat=0
split_feature=24 62 30 27 16 118 24
split_gain=3.42716 5.64089 6.21389 6.05631 5.32636 7.2352 6.98528
threshold=-0.099189444926434792 0.099327354260089692 1.5218705168028388 1.1106344769026695 -5.989527577735152 0.50606072430463334 -6.2618456246464058
decision_type=2 2 2 2 2 2 2
left_child=1 2 3 -1 5 -3 -6
right_child=-2 4 -4 -5 6 -7 -8
leaf_value=0.0075752424390013911 -0.015069682357001634 0.0038427992665687116 -0.0068100697114552872 0.047265011960112034 0.020439379213726686 -0.024535841856768756 -3.762144213029073e-05
leaf_weight=6.9464980214834231 13.432541474699972 14.458849072456358 7.3342065513133994 6.894251674413681 15.19444803893566 18.343374878168106 1131.8945573195815
leaf_count=30 59 62 32 30 65 88 4834
internal_value=-3.4451e-07 0.000168189 0.0155151 0.0273452 -0.000107235 -0.0120269 0.000233619
internal_weight=1214.5 1201.07 21.175 13.8407 1179.89 32.8022 1147.09
internal_count=5200 5141 92 60 5049 150 4899
is_linear=0
shrinkage=0.03


Tree=247
num_leaves=10
num_cat=0
split_feature=83 69 25 30 60 41 85 110 82
split_gain=3.4871 8.55396 12.3412 8.61403 8.84686 8.5008 8.2398 7.65278 7.36951
threshold=3.4617997200945054 1.1279647494774292 -0.42289576804830337 0.054421802697840325 16.297983166286027 6.3964987633534394 1.4734298482810828 2.676323334642833 29.049227799227801
decision_type=2 2 2 2 2 2 2 2 2
left_child=1 2 7 -3 -5 6 -2 -1 -8
right_child=5 3 -4 4 -6 -7 8 -9 -10
leaf_value=0.0072972746707123063 -0.03179720425216314 0.042443306335086396 0.027590035940390886 0.0016424372810788402 0.024113046119021712 -0.034988929993990787 -0.0017941821130319459 -0.019797308455484369 0.012689827978691882
leaf_weight=11.980255037546156 7.8772435933351508 4.8404248356819144 7.2971818000078192 574.54618205875158 16.213935554027557 6.8393600583076468 507.67315997183323 43.25993762165308 33.715387955307961
leaf_count=52 35 21 32 2433 68 30 2185 197 147
internal_value=-3.31378e-07 0.00147749 -0.00907741 0.00258574 0.00225916 -0.00174929 -0.0013354 -0.0139212 -0.000892179
internal_weight=1214.24 658.138 62.5374 595.601 590.76 556.105 549.266 55.2402 541.389
internal_count=5200 2803 281 2522 2501 2397 2367 249 2332
is_linear=0
shrinkage=0.03


Tree=248
num_leaves=11
num_cat=0
split_feature=87 76 71 105 110 147 61 66 7 8
split_gain=3.4033 7.87551 4.52294 4.42133 11.5299 13.3641 11.6832 6.87717 7.94754 6.52141
threshold=285.50000000000006 0.45738498789346255 3.3226680000269631 0.03791185613966349 2.5607247829773017 -7.3091843786377382 0.67489837398373997 1.9289887187751815 0.62684171593758331 1.0050049294066088
decision_type=2 2 2 2 2 2 2 2 2 2
left_child=3 2 -2 4 5 -1 -6 9 -9 -5
right_child=1 -3 -4 7 6 -7 -8 8 -10 -11
leaf_value=-0.023798432620795614 0.015797753256719234 -0.032746349996535133 -0.015262855177748679 -0.0009434436358191833 -0.013908430195631953 0.017565329892399041 0.0058838725188659798 -0.024985576076032537 -0.0022376588406018629 0.0062746571552278344
leaf_weight=7.8229966610670081 9.1759831011295372 9.3680837452411634 7.8110056370496741 805.48465283215046 43.338811412453651 69.330273360013962 70.515428312122822 21.566713869571686 38.495357438921928 130.96860156953335
leaf_count=34 40 44 33 3443 184 293 305 92 170 562
internal_value=-3.36444e-07 -0.0106632 0.00151538 0.000236307 0.00441743 0.0133712 -0.0016501 -0.000565112 -0.0104058 6.6051e-05
internal_weight=1213.88 26.3551 16.987 1187.52 191.008 77.1533 113.854 996.515 60.0621 936.453
internal_count=5200 117 73 5083 816 327 489 4267 262 4005
is_linear=0
shrinkage=0.03


Tree=249
num_leaves=14
num_cat=0
split_feature=109 61 54 32 53 19 94 138 84 111 79 94 141
split_gain=3.36803 11.8641 13.5072 14.6823 10.2536 9.59421 7.9885 10.3306 9.02695 6.75412 11.4625 9.13002 3.91595
threshold=0.49216074065412707 0.67028980163704754 0.037892750981104471 1.0000000180025095e-35 0.030433104708120395 4.6855039951369166 0.35520782617025021 9048.0000000000018 1.0821718037531645 0.81754561846714136 5.0409176647787648 0.62490818602983722 544.50000000000011
decision_type=2 2 2 2 2 2 2 2 2 2 2 2 2
left_child=6 4 12 -4 -2 -6 7 8 -1 10 -8 -11 -3
right_child=1 2 3 -5 5 -7 9 -9 -10 11 -12 -13 -14
leaf_value=0.032962617759159062 -0.037128246883318575 0.043635602218333069 0.0046516365205313747 -0.022648674943186783 -0.00081636530287041049 -0.018532224892926566 0.0015921500961829118 -0.011165745660040607 0.00048034483508264502 -0.017046878041427037 0.021463877204911906 -0.0002608243478728212 0.012963461170085615
leaf_weight=21.888928920030594 10.955827683210371 8.3840664625167829 102.45362339913845 21.439920693635941 80.95648517459631 41.675283573567867 117.49965944886208 11.708679795265196 11.878612488508223 30.40397909283638 33.59371530264616 713.8876888602972 6.7721914798021308
leaf_count=93 48 38 442 95 349 178 504 50 51 130 147 3045 30
internal_value=-3.69238e-07 -0.00293639 0.0031976 -7.27139e-05 -0.0093212 -0.00683694 0.000850415 0.0131164 0.0215361 0.000227429 0.00601038 -0.000946527 0.0299305
internal_weight=1213.5 272.637 139.05 123.894 133.588 122.632 940.861 45.4762 33.7675 895.385 151.093 744.292 15.1563
internal_count=5200 1180 605 537 575 527 4020 194 144 3826 651 3175 68
is_linear=0
shrinkage=0.03


Tree=250
num_leaves=9
num_cat=0
split_feature=67 149 83 121 111 83 21 113
split_gain=3.35609 3.92653 13.2185 13.976 7.18155 5.98841 9.82929 8.35797
threshold=4.866666666666668 38.500000000000007 2.8982037199840391 0.2459730324751859 1.2809625704742948 3.1983742025716198 4.4410769707337172 0.60239044867197278
decision_type=2 2 2 2 2 2 2 2
left_child=1 5 4 -4 -3 6 -1 -7
right_child=-2 2 3 -5 -6 7 -8 -9
leaf_value=0.0017700442978322349 0.02072580231144765 -0.0093731252054845091 -0.028818001921953128 0.0047326887604147395 -0.038213129324830591 -0.035577742044728876 0.017662103484492219 -0.001058121904303174
leaf_weight=407.45352205634117 6.9908084422349921 17.861937984824184 12.845470830798147 85.896044015884399 13.755046993494032 6.3772010058164588 38.321450352668762 623.55198619514704
leaf_count=1731 31 82 55 370 61 28 167 2675
internal_value=-3.70338e-07 -0.000120507 -0.0050377 0.000368016 -0.02192 0.00047538 0.00313622 -0.00140759
internal_weight=1213.05 1206.06 130.358 98.7415 31.617 1075.7 445.775 629.929
internal_count=5200 5169 568 425 143 4601 1898 2703
is_linear=0
shrinkage=0.03


Tree=251
num_leaves=8
num_cat=0
split_feature=18 37 108 28 147 15 11
split_gain=3.33148 5.32924 6.18118 5.8502 4.85296 5.06642 3.36496
threshold=15.162121444092213 6.1009161561534118 0.15243362511679179 1.4726781184348749 -43.216849833719138 7.9473490553113768 9.907253144730408
decision_type=2 2 2 2 2 2 2
left_child=1 4 6 -4 -1 -6 -3
right_child=-2 2 3 -5 5 -7 -8
leaf_value=0.023951842586572829 -0.018448857804487965 0.045185276388341446 -0.020884678436445172 0.018669032997435473 2.664305840664202e-05 -0.011627830827025268 0.014242706352697717
leaf_weight=7.4624481052160254 8.7461288571357709 5.8675527572631854 6.5787176489829999 6.8901415169239044 1135.7415497526526 34.593056559562683 6.8624988943338394
leaf_count=34 38 28 30 30 4855 153 32
internal_value=-4.07226e-07 0.000133607 0.013516 -0.000650547 -0.000164072 -0.000317843 0.0285048
internal_weight=1212.74 1204 26.1989 13.4689 1177.8 1170.33 12.7301
internal_count=5200 5162 120 60 5042 5008 60
is_linear=0
shrinkage=0.03


Tree=252
num_leaves=9
num_cat=0
split_feature=98 71 49 124 7 105 69 148
split_gain=3.35238 8.44446 5.06567 7.60229 5.7012 10.3427 8.91334 4.83116
threshold=3.0998145427459405 4.0870815056547904 358200.00000000006 0.5422217812047484 -5.6422597569367827 0.041559572936294253 7.9942216648737467 17.500000000000004
decision_type=2 2 2 2 2 2 2 2
left_child=2 7 4 -4 5 -1 -6 -2
right_child=1 -3 3 -5 6 -7 -8 -9
leaf_value=0.013676101919203021 0.04191137779119905 -0.015199689421226912 0.030122873252887355 -0.0033631836754486845 -0.00070832390075201862 -0.021166016785608886 0.011688170647305245 0.0071517905732758459
leaf_weight=10.495544776320456 7.3598098009824771 7.0273804515600196 12.156129643321039 12.251502797007559 1072.8484885543585 28.459295958280563 54.871660076081753 7.0419826954603195
leaf_count=46 35 31 52 53 4587 124 242 30
internal_value=-3.50218e-07 0.0117601 -0.000211936 0.0133144 -0.000494916 -0.0117786 -0.000105146 0.0249151
internal_weight=1212.51 21.4292 1191.08 24.4076 1166.67 38.9548 1127.72 14.4018
internal_count=5200 96 5104 105 4999 170 4829 65
is_linear=0
shrinkage=0.03


Tree=253
num_leaves=15
num_cat=0
split_feature=65 61 62 58 82 83 100 99 14 90 2 26 42 83
split_gain=3.39551 13.294 11.6101 14.8205 10.0939 8.99528 7.19445 12.3492 8.59161 8.56614 10.4825 10.0066 6.31115 3.96861
threshold=1.2797489366116819 0.87996415770609338 0.28987867629703074 1.3868368174245236 8.7550000000000026 2.8626937925072529 0.57343997803132019 0.3934103832908869 2.7404651047436404 0.83863887002825976 98.88550135501356 -2.6769058906553007 0.6972400167852596 3.3629354972141408
decision_type=2 2 2 2 2 2 2 2 2 2 2 2 2 2
left_child=1 2 3 -1 -4 -3 7 8 -2 11 -11 -8 -7 -9
right_child=6 5 4 -5 -6 12 9 13 -10 10 -12 -13 -14 -15
leaf_value=-0.026007873842530699 -0.010468288166515511 0.0060304104918955841 0.0065289965343421482 -0.0024955364964675967 -0.0059731366169929329 -0.045055938538059982 0.029204007699998744 0.0086676670663013902 0.0054825315008302043 -0.0016074152331103707 -0.029495397819474398 0.0016678780110959684 -0.016729529993393947 0.031471786059237054
leaf_weight=29.680936127901077 36.131405353546143 11.166658431291578 216.07151171565056 128.9549508690834 79.507399283349514 9.9818239361047727 17.057783871889114 10.624096870422365 191.30428060144186 386.31404039263725 12.523536443710325 39.109449207782745 24.341548338532448 19.429196089506149
leaf_count=128 153 48 921 552 342 42 71 46 824 1661 54 168 104 86
internal_value=-3.00868e-07 -0.00189622 -0.000347695 -0.00689472 0.00316606 -0.0173582 0.0013294 0.00533675 0.00294852 -0.000938382 -0.0024831 0.0100305 -0.0249673 0.0234103
internal_weight=1212.2 499.705 454.215 158.636 295.579 45.49 712.494 257.489 227.436 455.005 398.838 56.1672 34.3234 30.0533
internal_count=5200 2137 1943 680 1263 194 3063 1109 977 1954 1715 239 146 132
is_linear=0
shrinkage=0.03


Tree=254
num_leaves=9
num_cat=0
split_feature=105 113 97 134 112 137 134 90
split_gain=3.33916 7.13 8.66255 8.39811 6.44107 6.12262 11.0242 9.12517
threshold=0.15120256605433527 4.6863997761433982 2.9982523896780902 108672.50000000001 6.4794833247184558 2887.5000000000005 28778.500000000004 2.3594389308853314
decision_type=2 2 2 2 2 2 2 2
left_child=4 2 3 -2 5 6 -1 -7
right_child=1 -3 -4 -5 -6 7 -8 -9
leaf_value=-0.0059840235700728195 0.0077389858140421803 0.033304895812295676 -0.026643137469026187 -0.021696357756819308 -0.025332252874377986 0.0062047091319632919 0.002967867926104453 -0.0015656304554531931
leaf_weight=329.89096977561712 98.437720157206059 7.3605856746435157 8.3171031773090345 9.5716207399964315 9.3436657190322858 245.35933499783278 198.19569208472967 305.23213356733322
leaf_count=1407 427 33 38 42 40 1041 847 1325
internal_value=-2.98417e-07 0.00467057 0.00285872 0.00513047 -0.000531286 -0.000316456 -0.0026243 0.00189706
internal_weight=1211.71 123.687 116.326 108.009 1088.02 1078.68 528.087 550.591
internal_count=5200 540 507 469 4660 4620 2254 2366
is_linear=0
shrinkage=0.03


Tree=255
num_leaves=13
num_cat=0
split_feature=75 76 41 77 45 94 45 36 76 101 42 73
split_gain=3.3076 6.22604 6.80752 6.09092 5.90275 5.10024 4.75792 6.83172 5.20837 5.08912 4.71215 4.47365
threshold=0.60759334392808173 2.0200000000000005 1.0388714392051734 9.5000000000000018 2.9687500000000004 1.126545460155097 11.446091187019316 289.78333333333336 10.244272288081495 0.74733527692348467 1.8828676939686202 0.087595907928388769
decision_type=2 2 2 2 2 2 2 2 2 2 2 2
left_child=6 4 3 -3 5 -2 8 -8 9 -1 -6 -4
right_child=1 2 11 -5 10 -7 7 -9 -10 -11 -12 -13
leaf_value=-0.0020038424358537663 -0.022925976467750128 0.040223155712139115 -0.025473646234914011 0.0048515563234994832 -0.038725377836627696 -0.0016645599204488841 -0.029274572324549233 0.0081223980192270482 0.019341632866017686 0.0022519224441576394 -0.0062932849053666407 0.0076994654070567208
leaf_weight=420.59842915087938 12.102080181241034 7.1957591623067882 7.2487215846776945 11.202558875083922 9.463054373860361 63.089953444898129 11.189956277608873 7.2415697276592246 13.450815312564371 634.2204362899065 7.0251017063856116 7.3875641971826553
leaf_count=1809 53 31 32 48 43 275 49 31 58 2708 31 32
internal_value=-2.68042e-07 -0.00462756 0.00653905 0.0186857 -0.00865116 -0.00508656 0.000530781 -0.0145817 0.000791526 0.000554979 -0.024907 -0.00872975
internal_weight=1211.42 124.715 33.0346 18.3983 91.6802 75.192 1086.7 18.4315 1068.27 1054.82 16.4882 14.6363
internal_count=5200 545 143 79 402 328 4655 80 4575 4517 74 64
is_linear=0
shrinkage=0.03


Tree=256
num_leaves=13
num_cat=0
split_feature=145 86 28 57 41 137 67 63 112 42 98 121
split_gain=3.33466 16.9352 11.6587 10.1945 6.50264 5.79238 8.21561 8.76721 5.82493 8.17628 5.81675 5.60739
threshold=1.2787447781802468 17454.500000000004 1.3996949219526715 2.0764932739937128 0.54246900589773095 281.00000000000006 1.1321160042964558 0.34020691609977333 6.4794833247184558 4.449874564353709 0.85016529282684028 0.93684182533773008
decision_type=2 2 2 2 2 2 2 2 2 2 2 2
left_child=1 2 -1 -3 -4 6 10 -8 9 -7 -2 -5
right_child=5 3 4 11 -6 8 7 -9 -10 -11 -12 -13
leaf_value=0.0092244894528894956 -0.041042371361328295 -0.0028678575426905281 -0.048059820290111258 0.043211812239171823 -0.0088024096003855596 7.418049758975782e-05 -0.025693121703742453 0.0050174497890881483 -0.022583703745635713 0.023007530465294065 -0.010597748052331836 0.016399616095756155
leaf_weight=13.044400170445444 9.6957973986864108 13.612026631832121 7.997921094298361 13.001076593995094 7.2304533720016479 1044.4014695286751 10.68969391286373 38.490350313484669 10.034449547529219 14.181453272700308 13.52931949496269 15.259520888328552
leaf_count=55 42 59 34 56 31 4471 47 164 43 67 61 70
internal_value=-3.2263e-07 0.00634848 -0.0115905 0.0184611 -0.0294203 -0.000390621 -0.00860225 -0.00165775 0.000165765 0.00038141 -0.0233075 0.0287344
internal_weight=1211.17 70.1454 28.2728 41.8726 15.2284 1141.02 72.4052 49.18 1068.62 1058.58 23.2251 28.2606
internal_count=5200 305 120 185 65 4895 314 211 4581 4538 103 126
is_linear=0
shrinkage=0.03


Tree=257
num_leaves=13
num_cat=0
split_feature=50 30 60 69 22 24 56 56 56 59 101 45
split_gain=3.3882 10.6182 11.4689 15.1625 8.50054 5.7353 14.3856 20.2577 12.1805 9.80321 8.02296 5.07963
threshold=270.00000000000006 2.6012075902500986 1.9428768625541839 2.1283698548834891 3.0924800464040891 -1.3152405401447174 0.08383574872098086 0.062103152593460366 0.099511270544512656 5.0361821925516592 1.3616698265222633 1.7350877192982461
decision_type=2 2 2 2 2 2 2 2 2 2 2 2
left_child=1 2 3 -1 -4 6 7 -2 -8 10 -7 -11
right_child=5 -3 4 -5 -6 9 8 -9 -10 11 -12 -13
leaf_value=0.019569717533127393 0.0036952580637903817 -0.028882565921314718 0.021830416704888153 -0.016032304466302081 0.0047374827512618794 -0.0002461576475346767 -0.0316297008172014 0.03120584876211455 -0.00052357300156167022 -0.039914394746839388 -0.010234840677622986 -0.0086772353343108066
leaf_weight=15.003458842635153 110.70581958442926 8.482354134321211 40.992113836109638 38.121838964521885 72.492217570543289 372.15284588187933 11.658395498991011 30.789569362998009 401.76429575681686 9.3860727697610873 89.84124581515789 9.3549157977104169
leaf_count=65 475 39 175 162 312 1586 49 132 1737 42 384 42
internal_value=-3.22678e-07 0.00385938 0.00552632 -0.00597771 0.0109117 -0.00065286 0.00142507 0.0096816 -0.00140076 -0.00305144 -0.0021886 -0.0243218
internal_weight=1210.75 175.092 166.61 53.1253 113.484 1035.65 554.918 141.495 413.423 480.735 461.994 18.741
internal_count=5200 753 714 227 487 4447 2393 607 1786 2054 1970 84
is_linear=0
shrinkage=0.03


Tree=258
num_leaves=12
num_cat=0
split_feature=74 88 9 2 128 99 36 45 48 141 134
split_gain=3.31665 8.52065 9.00249 6.90618 6.03746 5.32923 6.19589 6.12751 5.47497 5.01846 7.09004
threshold=0.28708791208791212 344.50000000000006 1.0852225051498405 83.711458977553761 0.88557145866852915 0.97823175577089272 390.21666666666675 0.70710784313725505 1.1499669770125829 837.50000000000011 14259.500000000002
decision_type=2 2 2 2 2 2 2 2 2 2 2
left_child=1 2 3 -1 -4 6 8 -8 -2 10 -7
right_child=5 -3 4 -5 -6 9 7 -9 -10 -11 -12
leaf_value=-0.010752878377967767 0.00059594115160753697 0.01919363118433981 -0.045021367530144234 0.018804643176666566 -0.0093235939260880567 -0.017030662453015936 0.0059886417483554968 -0.030566050243676389 -0.018680401557275794 0.033352385286768822 0.025096848447852971
leaf_weight=26.769005432724953 1092.8242628574371 9.7045824453234655 9.6136256605386752 9.6897829324007017 7.6625913977622977 7.1850863248109835 6.4447393119335201 11.47604228556156 13.423861280083655 8.2940966412425023 7.196926161646843
leaf_count=118 4670 43 41 43 33 31 31 56 58 41 35
internal_value=-3.56251e-07 -0.00667763 -0.01135 -0.00289727 -0.0291882 0.000369008 7.85592e-05 -0.0174201 0.000362031 0.014768 0.00405043
internal_weight=1210.28 63.4396 53.735 36.4588 17.2762 1146.85 1124.17 17.9208 1106.25 22.6761 14.382
internal_count=5200 278 235 161 74 4922 4815 87 4728 107 66
is_linear=0
shrinkage=0.03


Tree=259
num_leaves=15
num_cat=0
split_feature=75 105 87 108 118 138 30 71 149 29 102 8 107 17
split_gain=3.2486 7.5888 8.54136 7.98178 6.47514 7.80548 5.78078 5.73629 9.07666 7.0528 13.4843 6.63125 6.34407 5.62339
threshold=0.50555281107507188 0.15120256605433527 262.50000000000006 0.58088714124842689 0.70505276827159713 3042.0000000000005 0.70400038548521637 5.6759550928638607 25.500000000000004 2.7422373301470087 0.0068382730188219819 -0.33200022767420911 0.1290764007136381 -4.2459118840299359
decision_type=2 2 2 2 2 2 2 2 2 2 2 2 2 2
left_child=1 2 3 -1 5 -3 -6 9 12 11 -11 -2 -9 -10
right_child=7 4 -4 -5 6 -7 -8 8 13 10 -12 -13 -14 -15
leaf_value=0.00018006940693675029 0.0041496812783326483 -0.021273734094377876 -0.015924118291227248 0.013448782736701425 -3.3080939182063319e-05 0.012287820242633 0.031555949535035481 -0.01354941954919045 -0.0073774164549007763 -0.0070159646335858309 0.039532371930066042 -0.0031951338144927564 0.0068358468850221255 -0.037860861111214859
leaf_weight=439.56853023916483 154.99645499140024 8.7537232488393801 27.004334278404713 44.977237835526466 7.1640163436532047 21.690607100725174 19.152880921959877 25.5195641964674 9.3150660693645495 11.286637470126154 11.118551313877104 386.50162138789892 29.765397034585476 13.1142011731863
leaf_count=1880 664 38 118 194 33 94 84 111 44 51 48 1653 131 57
internal_value=-3.67071e-07 0.00165134 0.000496573 0.00141172 0.0120585 0.00263779 0.0229567 -0.00146337 -0.00910438 -0.000410323 0.0160836 -0.00109278 -0.002574 -0.0252008
internal_weight=1209.93 568.311 511.55 484.546 56.7612 30.4443 26.3169 641.617 77.7142 563.903 22.4052 541.498 55.285 22.4293
internal_count=5200 2441 2192 2074 249 132 117 2759 343 2416 99 2317 242 101
is_linear=0
shrinkage=0.03


Tree=260
num_leaves=11
num_cat=0
split_feature=50 67 65 123 8 23 16 61 58 4
split_gain=3.29913 14.9849 11.3902 11.96 10.6623 10.2601 5.41262 10.1189 9.93613 4.65417
threshold=1890.0000000000002 2.45247311827957 3.5232162203993194 0.29998996839828102 -3.6478751004260812 -0.96475080469047481 -3.12012204291119 0.84395292207792216 6.4495653653413187 23.022401413582923
decision_type=2 2 2 2 2 2 2 2 2 2
left_child=4 2 3 -2 5 9 7 -6 -8 -1
right_child=1 -3 -4 -5 6 -7 8 -9 -10 -11
leaf_value=0.013264244286187105 0.011072434442791455 0.03408066174641966 -0.035853264328653676 -0.012893482068499012 -0.02684809673166488 -0.0049419236590947605 -1.1774142002095811e-05 0.014731167500369234 0.026436278156256109 0.043823759831937772
leaf_weight=7.4388216435909333 28.779791310429573 8.0736515671014768 11.96627067774534 53.725790724158287 16.94795906543732 10.875673457980154 1039.8770344927907 7.6434064805507651 12.943290680646895 11.296813517808912
leaf_count=31 126 36 56 238 72 48 4452 34 60 47
internal_value=-3.53492e-07 -0.0051482 -0.00850073 -0.00453363 0.000476501 0.018236 -1.15976e-05 -0.0139246 0.000313376 0.0316904
internal_weight=1209.57 102.546 94.4719 82.5056 1107.02 29.6113 1077.41 24.5914 1052.82 18.7356
internal_count=5200 456 420 364 4744 126 4618 106 4512 78
is_linear=0
shrinkage=0.03


Tree=261
num_leaves=6
num_cat=0
split_feature=19 110 90 58 88
split_gain=3.21886 5.66675 6.32261 5.91163 4.91003
threshold=14.399130059279566 11.010518804301912 9.7640714305826375 0.62912705797973489 213.50000000000003
decision_type=2 2 2 2 2
left_child=1 2 3 -1 -3
right_child=-2 4 -4 -5 -6
leaf_value=-0.025046327262414483 0.01465761897309807 -0.0047474460342781842 0.020618994280984779 5.1636606051675775e-05 -0.035809156886212959
leaf_weight=8.5086919143795949 13.334618240594862 12.531341701745989 13.366692937910555 1154.2091494724154 7.2183648198842993
leaf_count=37 57 56 59 4959 32
internal_value=-3.52265e-07 -0.000163802 0.000103815 -0.000132029 -0.0161003
internal_weight=1209.17 1195.83 1176.08 1162.72 19.7497
internal_count=5200 5143 5055 4996 88
is_linear=0
shrinkage=0.03


Tree=262
num_leaves=15
num_cat=0
split_feature=70 70 30 65 36 102 85 28 70 61 118 24 2 24
split_gain=3.24621 14.3226 9.66308 10.7144 8.79876 14.084 7.79778 6.93082 5.87889 7.95602 9.35878 6.805 15.2031 7.69618
threshold=1.9044652265763669 1.7150119921750349 1.8067108249316213 1.6365732707957867 154.19166666666669 0.013104897302643069 2.9407901180190872 1.4692389949521945 2.0105766002258787 0.88667153741780613 0.41299911452319804 -0.35900559753431976 84.721148569304219 -1.1751242193866906
decision_type=2 2 2 2 2 2 2 2 2 2 2 2 2 2
left_child=1 2 3 -1 7 -6 -4 -3 9 10 -2 13 -13 -10
right_child=8 4 6 -5 5 -7 -8 -9 11 -11 -12 12 -14 -15
leaf_value=-0.0075241875494686094 -0.027120282972064206 0.039178753642904726 -0.026621480529351659 0.015290100335303937 0.017082570792509418 -0.015052250080701381 0.0095181305412869906 0.0050197632908985882 0.0012646314803285777 -0.03290892057368186 0.0041376102833229848 0.026337285454677246 -0.0055142765789108301 -0.0045222668011208698
leaf_weight=44.072931088507175 11.885020911693571 16.607503369450573 22.761324293911461 31.962582059204578 37.698538303375244 18.201262593269348 7.0338860154151908 7.8835090547800055 598.42414423078299 11.108851283788679 31.386881530284882 26.66733792424202 27.287498190999031 316.08623598515987
leaf_count=191 51 70 102 140 159 76 30 33 2586 49 132 117 117 1347
internal_value=-3.67676e-07 0.00364276 -0.00360852 0.00206611 0.0131887 0.00661931 -0.0180898 0.0281832 -0.000663643 -0.0102617 -0.00444765 -0.000124698 0.0102285 -0.00073552
internal_weight=1209.07 186.222 105.831 76.0355 80.3908 55.8998 29.7952 24.491 1022.85 54.3808 43.2719 968.465 53.9548 914.51
internal_count=5200 801 463 331 338 235 132 103 4399 232 183 4167 234 3933
is_linear=0
shrinkage=0.03


Tree=263
num_leaves=14
num_cat=0
split_feature=50 93 93 53 53 29 62 121 121 56 121 62 137
split_gain=3.23008 8.53449 13.3939 11.7397 9.29244 8.62289 6.69792 5.6231 9.64965 10.9083 10.0791 6.81857 6.45544
threshold=270.00000000000006 1.2143237589528939 0.58131343736984353 0.98469449565253997 0.50936037980918292 1.7121539072988246 0.35014124293785315 0.59784125261607646 0.93684182533773008 1.0606469555995617 0.85391260162601634 0.12528026905829601 160.50000000000003
decision_type=2 2 2 2 2 2 2 2 2 2 2 2 2
left_child=1 2 5 4 -3 -1 -4 11 10 -10 -9 -2 -13
right_child=7 3 6 -5 -6 -7 -8 8 9 -11 -12 12 -14
leaf_value=-0.016741684763878953 0.022667321097639699 -0.0012793495180674452 0.015601192797470619 -0.03253676702747578 0.022221297746507027 0.016616750154666838 0.050731111496166152 -0.0059171352326699272 0.0038460946363736378 -0.021139168442402774 -0.027695853922784237 -0.014848648316256778 0.0011208956542741644
leaf_weight=12.873354658484461 12.789656691253183 99.658571019768715 9.4991806000471133 9.4075946956872922 17.856270559132099 15.218580693006514 10.054975479841231 160.77690102159977 157.54203855991364 17.470508679747581 21.707144968211651 23.622313231229782 640.0868314281106
leaf_count=55 56 428 40 41 80 65 44 701 676 75 96 102 2741
internal_value=-3.72058e-07 0.00377421 0.0146006 -0.000289952 0.00229155 0.00132998 0.0336654 -0.000637632 -0.00368095 0.00135196 -0.00850779 0.000970613 0.000552518
internal_weight=1208.56 174.569 47.6461 126.922 117.515 28.0919 19.5542 1034 357.497 175.013 182.484 676.499 663.709
internal_count=5200 753 204 549 508 120 84 4447 1548 751 797 2899 2843
is_linear=0
shrinkage=0.03


Tree=264
num_leaves=7
num_cat=0
split_feature=116 111 47 83 75 88
split_gain=3.23338 6.0794 5.12065 6.15316 8.13528 5.56235
threshold=10.500000000000002 2.7203179597119465 10.500000000000002 5.8541123626306861 0.50664460447764681 389.50000000000006
decision_type=2 2 2 2 2 2
left_child=2 -2 3 5 -5 -1
right_child=1 -3 -4 4 -6 -7
leaf_value=-0.00077727072387687678 -0.024001941955483164 0.010274771999476169 -0.024436331844432925 0.025784926229758781 -0.00099713034744586758 0.0059937664336127518
leaf_weight=1016.8806903660297 13.142250701785089 7.212880700826644 7.5430773645639411 19.53590989112854 21.37773521989584 122.32736502587795
leaf_count=4359 56 32 33 93 99 528
internal_value=-3.54551e-07 -0.0118559 0.000202835 0.000360324 0.0117911 -5.02015e-05
internal_weight=1208.02 20.3551 1187.66 1180.12 40.9136 1139.21
internal_count=5200 88 5112 5079 192 4887
is_linear=0
shrinkage=0.03


Tree=265
num_leaves=15
num_cat=0
split_feature=83 55 147 3 39 91 102 68 153 64 39 10 131 55
split_gain=3.22662 9.20871 10.3286 14.8271 13.7898 9.66793 8.27079 7.87102 13.4728 11.1591 10.3803 10.3767 8.99813 7.83826
threshold=3.5900625823279753 0.28993233776571431 10.550160162095215 1.1291435170167956 1.9468277800963902 2.0703214568573594 0.052380597397051781 2.5955411255411258 0.18333333333333338 0.93095478838653778 2.518541546443132 2.6631374542241368 0.71264421515117637 0.27938799743338955
decision_type=2 2 2 2 2 2 2 2 2 2 2 2 2 2
left_child=1 2 4 -4 -1 6 -3 10 12 -10 11 -2 -9 -12
right_child=7 5 3 -5 -6 -7 -8 8 9 -11 13 -13 -14 -15
leaf_value=0.0039138409250622256 -0.0036532723814201792 -0.0055590430311758497 0.0057746896982909992 0.030610689027446285 -0.012461575868334841 0.021574876502155088 0.020791331934305123 -0.0028573472243278888 0.015797867290278895 -0.011137627117636951 0.0014026163759446296 -0.019955126455029715 -0.041488728301821466 0.031899399086636096
leaf_weight=263.1480585411191 301.41861403733492 244.83613366633654 100.60158154368401 27.560815021395683 56.159694120287895 13.574638195335863 11.211433187127112 19.562633112072948 71.727608986198902 17.153197079896927 21.963873386383057 39.780204460024834 7.5094662308692923 11.586115539073942
leaf_count=1112 1301 1050 432 118 246 61 47 86 322 74 95 173 32 51
internal_value=-2.87653e-07 0.0012824 0.00392133 0.0111156 0.00103374 -0.00309723 -0.00440525 -0.00187475 0.00495582 0.0105996 -0.00398823 -0.0055539 -0.0135732 0.0119343
internal_weight=1207.79 717.092 447.47 128.162 319.308 269.622 256.048 490.702 115.953 88.8808 374.749 341.199 27.0721 33.55
internal_count=5200 3066 1908 550 1358 1158 1097 2134 514 396 1620 1474 118 146
is_linear=0
shrinkage=0.03


Tree=266
num_leaves=11
num_cat=0
split_feature=74 88 62 17 99 36 77 48 141 134
split_gain=3.19412 8.00826 8.74182 8.39563 4.99015 5.86411 5.59833 5.2379 4.78891 6.60441
threshold=0.28708791208791212 344.50000000000006 0.17781506338553321 -0.11098509008937976 0.97823175577089272 390.21666666666675 9.5000000000000018 1.1499669770125829 837.50000000000011 14259.500000000002
decision_type=2 2 2 2 2 2 2 2 2 2
left_child=1 2 -1 -4 5 7 -7 -2 9 -6
right_child=4 -3 3 -5 8 6 -8 -9 -10 -11
leaf_value=0.021504098062846339 0.00058616266483282301 0.018572867165711812 -0.0015871191198575903 -0.027071708047028808 -0.01646856742211587 -0.0014505035624975569 -0.0352550080921369 -0.018290304957585789 0.032670716139911786 0.024348015738294572
leaf_weight=6.5001555383205405 1090.3934707194567 9.6601420715451223 21.138315543532368 25.876390770077709 7.1572698950767535 9.5691370069980639 8.1766114607453328 13.392433270812033 8.1781991422176343 7.1141572594642639
leaf_count=30 4670 43 94 111 31 46 41 58 41 35
internal_value=-2.38301e-07 -0.00656701 -0.0111051 -0.0156136 0.000362404 8.2075e-05 -0.0170264 0.000357131 0.014367 0.00387807
internal_weight=1207.16 63.175 53.5149 47.0147 1143.98 1121.53 17.7457 1103.79 22.4496 14.2714
internal_count=5200 278 235 205 4922 4815 87 4728 107 66
is_linear=0
shrinkage=0.03


Tree=267
num_leaves=12
num_cat=0
split_feature=99 60 100 69 102 82 124 106 39 33 64
split_gain=3.18746 9.5179 7.37828 5.97854 5.73123 7.79742 5.53299 5.19971 10.4968 4.86683 3.91076
threshold=0.040262753513434939 1.8111628120102219 0.071138494082917683 2.8988162829550403 0.0087141661695965631 3.375775862068966 0.64732733688854716 1.7968505971852984 1.3947703615983482 2.5000000000000004 0.55105351414406545
decision_type=2 2 2 2 2 2 2 2 2 2 2
left_child=1 6 3 -2 5 -3 -1 9 -9 -4 -6
right_child=2 4 7 -5 10 -7 -8 8 -10 -11 -12
leaf_value=-0.0060531096754107405 0.036235846298110129 0.018166356730877031 0.00060077113096265115 -0.00051594067049291834 -0.044060264900920507 -0.023891879811460189 0.030450838822379971 -0.037547584203728744 0.0033153290701054454 -0.0132679629439792 -0.01360366270041354
leaf_weight=7.5710168033838254 9.2369260340929049 7.3408711552619961 1097.9272470921278 7.0045131444931021 8.368187412619589 8.6326700299978238 7.3794326484203339 9.8389753401279467 13.313236400485037 23.255084291100502 6.9421429336071006
leaf_count=33 41 31 4731 31 35 37 31 42 58 100 30
internal_value=-2.46862e-07 -0.00772489 0.000307483 0.0203858 -0.0171346 -0.00456341 0.011965 2.25139e-05 -0.0140501 0.000313112 -0.0302504
internal_weight=1206.81 46.2343 1160.58 16.2414 31.2839 15.9735 14.9504 1144.33 23.1522 1121.18 15.3103
internal_count=5200 197 5003 72 133 68 64 4931 100 4831 65
is_linear=0
shrinkage=0.03


Tree=268
num_leaves=11
num_cat=0
split_feature=87 76 98 105 11 63 97 66 49 70
split_gain=3.18803 7.29366 6.56657 4.106 17.9783 10.808 8.56423 6.43603 7.21518 6.67437
threshold=285.50000000000006 0.45738498789346255 1.2167942347873166 0.03791185613966349 2.930741020857822 0.38084316295325477 5.7725586361073953 1.9289887187751815 37800.000000000007 2.1703544616885555
decision_type=2 2 2 2 2 2 2 2 2 2
left_child=3 2 -2 4 5 -1 -6 9 -9 -5
right_child=1 -3 -4 7 6 -7 -8 8 -10 -11
leaf_value=-0.0053018250093940771 -0.014834396633554525 -0.031835339336747565 0.0230549635233285 0.0046899005116618642 -0.0022472780165503424 0.033167663873334551 0.02347700090671748 0.00072459208260262681 -0.020192574602734513 -0.0013294198642176196
leaf_weight=8.743970260024069 9.625800579786306 9.2158907204866392 7.1928377598524085 215.78697223961353 141.90388660877943 26.471517190337181 12.689391642808912 28.637192979454994 30.809020414948463 715.54833739250898
leaf_count=38 42 44 31 922 612 113 53 126 136 3083
internal_value=-2.57316e-07 -0.0103844 0.00136977 0.000228735 0.00427088 0.0236157 -0.000135767 -0.000545638 -0.0101161 6.52346e-05
internal_weight=1206.62 26.0345 16.8186 1180.59 189.809 35.2155 154.593 990.782 59.4462 931.335
internal_count=5200 117 73 5083 816 151 665 4267 262 4005
is_linear=0
shrinkage=0.03


Tree=269
num_leaves=9
num_cat=0
split_feature=18 37 108 28 134 91 30 108
split_gain=3.1748 4.75989 5.88237 5.40599 4.70933 6.91925 4.9678 3.30339
threshold=15.162121444092213 6.1009161561534118 0.15243362511679179 1.4726781184348749 340229.00000000006 0.58926255102323555 2.7453423168299715 0.063097306745369328
decision_type=2 2 2 2 2 2 2 2
left_child=1 4 7 -4 6 -6 -1 -3
right_child=-2 2 3 -5 5 -7 -8 -9
leaf_value=0.00051679680610564255 -0.018043354680729533 0.012022485761415862 -0.020511124946931605 0.017660522859576804 0.009156776754461509 -0.02888613816278475 -0.0090245699839491406 0.042783862466498832
leaf_weight=1101.6301146671176 8.7134005427360517 6.2137427926063555 6.5372148007154447 6.8256025910377502 6.7446207404136684 11.885116651654242 51.403314851224422 6.3554139137268066
leaf_count=4735 38 29 30 30 30 51 226 31
internal_value=-2.29733e-07 0.000131047 0.0128441 -0.0010134 -0.000150325 -0.0151133 9.14337e-05 0.0275765
internal_weight=1206.31 1197.6 25.932 13.3628 1171.66 18.6297 1153.03 12.5692
internal_count=5200 5162 120 60 5042 81 4961 60
is_linear=0
shrinkage=0.03


Tree=270
num_leaves=10
num_cat=0
split_feature=54 26 55 49 86 23 104 84 79
split_gain=3.24249 10.5296 5.81623 8.04405 6.6836 6.5837 4.83666 5.94504 5.25909
threshold=1.6019649300407828 -1.4040553146496151 1.0149609039967811 30600.000000000004 26633.500000000004 -0.59892426924581244 4.9511686579016487 2.6711147564440414 4.8344888503677348
decision_type=2 2 2 2 2 2 2 2 2
left_child=2 -2 6 5 -5 -4 7 -1 -8
right_child=1 -3 3 4 -6 -7 8 -9 -10
leaf_value=0.00013666313579501941 0.029911903767395276 -0.0087087283967295041 0.020672277232072669 -0.04174233131092852 -0.0098120146023409592 -0.015071081139023392 0.033167820734883363 -0.020242658645754585 0.00338665276540182
leaf_weight=1100.4685587733984 12.70740966498852 12.706820674240587 9.8936271220445651 9.6174349784851092 15.263492234051226 8.7306193038821203 8.1213801801204699 13.035633862018583 15.56388647854328
leaf_count=4727 57 58 42 41 68 40 37 59 71
internal_value=-1.9709e-07 0.010602 -0.000228408 -0.0109935 -0.0221543 0.00391661 0.000183431 -0.000101915 0.0135982
internal_weight=1206.11 25.4142 1180.69 43.5052 24.8809 18.6242 1137.19 1113.5 23.6853
internal_count=5200 115 5085 191 109 82 4894 4786 108
is_linear=0
shrinkage=0.03


Tree=271
num_leaves=11
num_cat=0
split_feature=59 60 68 59 53 97 37 50 57 24
split_gain=3.18165 12.8935 13.4519 11.9313 10.2972 6.92135 5.69842 5.44322 14.7214 8.26265
threshold=0.97584340967141392 3.3931381532558205 1.1887479571813913 1.0902001123695566 0.37120407126212246 2.8272281808678352 2.5966860636151132 1950.0000000000002 0.9171334867419294 -5.2571352311174362
decision_type=2 2 2 2 2 2 2 2 2 2
left_child=1 2 -1 5 -4 -2 -3 9 -9 -5
right_child=3 6 4 7 -6 -7 -8 8 -10 -11
leaf_value=-0.038239085559933342 -0.038235330821260627 0.048445413252095247 -0.0063094123678427609 0.018366899395592492 0.033940319642664196 -0.0024882631357530413 0.012919259678365901 -0.042520218121166548 -0.0027960906647871465 0.0002737975005234913
leaf_weight=7.6338452249765387 11.645834013819696 7.5188267529010799 17.162645898759369 23.229339778423309 8.5805675685405713 8.3842631876468641 8.8422400057315809 9.4541241005063039 75.032933793962002 1028.3392494469881
leaf_count=34 50 32 77 101 38 36 38 46 334 4414
internal_value=-1.73833e-07 0.00742926 -0.00326483 -0.00031981 0.00710638 -0.0232722 0.0292455 8.48703e-05 -0.00724123 0.000673477
internal_weight=1205.82 49.7381 33.3771 1156.09 25.7432 20.0301 16.3611 1136.06 84.4871 1051.57
internal_count=5200 219 149 4981 115 86 70 4895 380 4515
is_linear=0
shrinkage=0.03


Tree=272
num_leaves=7
num_cat=0
split_feature=150 64 149 149 97 134
split_gain=3.14802 4.66619 4.64147 4.75071 8.41582 4.95874
threshold=0.067711482265215658 0.69478319783197839 72.500000000000014 45.500000000000007 6.113876928824407 28175.000000000004
decision_type=2 2 2 2 2 2
left_child=1 -1 3 5 -5 -2
right_child=2 -3 -4 4 -6 -7
leaf_value=-0.00051261904818830997 -0.0010482436195281847 -0.03285620836617726 0.018562892128826371 -0.014787918806717142 0.016417033676330038 0.0031404977055976627
leaf_weight=10.563987269997599 736.38073075562716 6.4751029089093199 12.238609924912451 41.577619716525078 9.5685300678014737 388.58137979358435
leaf_count=51 3158 33 52 181 43 1682
internal_value=-2.53604e-07 -0.0128037 0.000183328 -7.93044e-06 -0.00895003 0.00039862
internal_weight=1205.39 17.0391 1188.35 1176.11 51.1461 1124.96
internal_count=5200 84 5116 5064 224 4840
is_linear=0
shrinkage=0.03


Tree=273
num_leaves=7
num_cat=0
split_feature=24 62 39 109 22 26
split_gain=3.16437 4.95012 6.27572 4.81243 10.2495 5.97485
threshold=-0.099189444926434792 0.099327354260089692 1.4899041485558027 0.032832947167958031 8.4372096802463101 -0.12240881224197027
decision_type=2 2 2 2 2 2
left_child=1 2 -1 4 -3 -5
right_child=-2 3 -4 5 -6 -7
leaf_value=0.03206461267840028 -0.014575952247178881 -0.0031686007655334076 -0.00088659584691792295 0.00092263070325863126 -0.035926072798253605 -0.015973738355134281
leaf_weight=9.8381017148494738 13.257701367139815 129.44571747630835 11.038595780730246 1013.1695196777582 9.2080471217632276 19.192560240626335
leaf_count=42 59 560 50 4365 39 85
internal_value=-2.83678e-07 0.000161845 0.0146416 -9.62979e-05 -0.00534404 0.000608512
internal_weight=1205.15 1191.89 20.8767 1171.02 138.654 1032.36
internal_count=5200 5141 92 5049 599 4450
is_linear=0
shrinkage=0.03


Tree=274
num_leaves=7
num_cat=0
split_feature=63 10 36 2 144 2
split_gain=3.10359 6.90694 3.85737 4.36817 6.72776 4.85608
threshold=0.12556306306306309 1.0540818822893616 13.26666666666671 99.794975588328654 2.5425292579925216 99.588265459646649
decision_type=2 2 2 2 2 2
left_child=1 -1 -2 5 -5 -4
right_child=2 -3 3 4 -6 -7
leaf_value=-0.0070103917163626336 0.017165017232473007 0.029884674692031168 -0.00025472476281897748 -0.034613213427138349 -0.0031108611289653392 0.019006648146868449
leaf_weight=8.7435379922390002 11.416071370244024 9.5591394752264005 1131.8516873195767 8.27027475833893 23.265089467167854 11.904135271906851
leaf_count=39 55 47 4869 37 101 52
internal_value=-2.94587e-07 0.0122592 -0.000189374 -0.000357944 -0.0113725 -5.42537e-05
internal_weight=1205.01 18.3027 1186.71 1175.29 31.5354 1143.76
internal_count=5200 86 5114 5059 138 4921
is_linear=0
shrinkage=0.03


Tree=275
num_leaves=9
num_cat=0
split_feature=67 59 25 110 49 89 97 83
split_gain=3.10123 3.87527 13.3223 9.75017 8.90832 18.5216 9.45612 6.05608
threshold=4.866666666666668 1.6435225397291517 -0.35611644515307611 3.7468516882087846 9000.0000000000018 4556.5000000000009 0.19135585796674814 3.5900625823279753
decision_type=2 2 2 2 2 2 2 2
left_child=1 4 7 -4 5 -1 -6 -3
right_child=-2 2 3 -5 6 -7 -8 -9
leaf_value=-0.014246079109904809 0.020086585443033121 0.0020923223743815728 0.0026793844497605564 0.034633735789268573 0.030205790085194053 0.029706661139733297 -0.0081597300435766688 -0.0027080637759188848
leaf_weight=15.712423726916311 6.8780575394630423 541.76728844642639 16.827062979340553 17.564695611596107 5.9971895664930335 19.139716789126396 161.09229321777821 419.81107676774263
leaf_count=71 31 2311 75 79 26 84 701 1822
internal_value=-2.76055e-07 -0.000115609 0.000652724 0.0189992 -0.00390501 0.00989141 -0.00678271 -3.45614e-06
internal_weight=1204.79 1197.91 995.97 34.3918 201.942 34.8521 167.089 961.578
internal_count=5200 5169 4287 154 882 155 727 4133
is_linear=0
shrinkage=0.03


Tree=276
num_leaves=12
num_cat=0
split_feature=42 53 25 42 142 55 27 55 49 55 48
split_gain=3.10071 6.09798 5.81977 5.2856 7.23185 6.99335 5.19252 8.96837 8.15071 4.39787 5.16406
threshold=3.9424680371457899 0.2092916084637888 -1.4226549011738185 3.3687396774679077 2.3933315780131323 0.29386799964805749 2.1192824763455964 0.33036359198256554 358200.00000000006 0.11325197202884384 0.84982649592680604
decision_type=2 2 2 2 2 2 2 2 2 2 2
left_child=3 2 -2 6 -5 -6 8 -8 -1 -3 -11
right_child=1 9 -4 4 5 -7 7 -9 -10 10 -12
leaf_value=0.00062522131000809832 -0.019719017912422383 -0.0019675398116692955 0.013208916012178946 0.018489061089941316 -0.022797635437667493 0.0026576530931209856 0.00027181107476634216 -0.01439049709180688 0.021618655576952483 0.040168082765838081 0.0059954360133919801
leaf_weight=926.91448671370745 10.46006651222706 6.8781882822513607 8.9763991087675077 7.0246209800243369 29.117605045437813 14.575777530670164 109.88536114990711 57.030907951295376 16.948859006166458 9.9939294606447238 6.6137842237949362
leaf_count=3992 45 31 41 30 125 65 470 250 72 47 32
internal_value=-1.91545e-07 0.00791808 -0.00451181 -0.000292806 -0.00976372 -0.0143059 0.000139635 -0.00473791 0.0010022 0.0182048 0.0265593
internal_weight=1204.42 42.9224 19.4365 1161.5 50.718 43.6934 1110.78 166.916 943.863 23.4859 16.6077
internal_count=5200 196 86 5004 220 190 4784 720 4064 110 79
is_linear=0
shrinkage=0.03


Tree=277
num_leaves=14
num_cat=0
split_feature=101 17 125 14 134 16 99 61 12 84 149 54 74
split_gain=3.08854 11.9435 9.66614 9.72117 8.69033 14.7083 11.8819 8.49702 7.39321 13.4682 9.14939 3.84589 3.7761
threshold=0.75702159085873288 -1.1521228117379161 0.085215923550242975 2.8824662861529853 28175.000000000004 2.291028089226836 0.54853895151739784 0.37091362041791659 2.4040987956706377 0.76963184619063008 72.500000000000014 0.4098916204897855 0.46531676022453894
decision_type=2 2 2 2 2 2 2 2 2 2 2 2 2
left_child=1 11 8 -4 6 -6 -3 -5 9 -2 -10 12 -1
right_child=2 4 3 7 5 -7 -8 -9 10 -11 -12 -13 -14
leaf_value=-0.03475166457259015 -0.0079831633551149979 -0.0071237845792130224 0.011338578542736802 -0.043245496430403443 0.0068483505678077899 -0.035576221598132091 0.0076083001108037925 -0.010617118913474178 0.00014057996560982899 0.013850839097923418 0.034583563589744425 -7.1451136412159267e-06 -0.013172530137212491
leaf_weight=13.609176613390447 33.838701903820038 214.37595976889133 12.32113480567932 9.8739156723022443 160.31750235706568 7.708411991596221 63.976402521133423 26.359733693301678 528.45152481645346 102.28027234971523 7.0335648134350768 8.2606907263398153 15.73819664120674
leaf_count=63 149 916 52 43 696 34 278 115 2276 437 31 39 71
internal_value=-1.28015e-07 -0.00185347 0.00124542 -0.0116809 -0.000485557 0.00490207 -0.00373777 -0.0195086 0.00217995 0.00842298 0.000592987 -0.0180895 -0.0231794
internal_weight=1204.15 483.986 720.159 48.5548 446.378 168.026 278.352 36.2336 671.604 136.119 535.485 37.6081 29.3474
internal_count=5200 2097 3103 210 1924 730 1194 158 2893 586 2307 173 134
is_linear=0
shrinkage=0.03


Tree=278
num_leaves=10
num_cat=0
split_feature=54 26 55 49 86 23 104 84 79
split_gain=3.06282 9.90195 5.39978 7.52976 6.26426 6.17674 4.51848 5.43612 4.91464
threshold=1.6019649300407828 -1.4040553146496151 1.0149609039967811 30600.000000000004 26633.500000000004 -0.59892426924581244 4.9511686579016487 2.6711147564440414 4.8344888503677348
decision_type=2 2 2 2 2 2 2 2 2
left_child=2 -2 6 5 -5 -4 7 -1 -8
right_child=1 -3 3 4 -6 -7 8 -9 -10
leaf_value=0.00012736686428290722 0.029180399770911886 -0.0084115629632312509 0.020075376261749239 -0.040580382739609989 -0.0095267374848032327 -0.014641637292392923 0.032208076532047443 -0.019372096805257057 0.0033162165674371969
leaf_weight=1098.6664114445448 12.584986522793772 12.640257723629473 9.8561895489692706 9.501475006341936 15.197760760784147 8.669073708355425 8.0417996048927325 13.019750848412512 15.535410806536673
leaf_count=4727 57 58 42 41 68 40 37 59 71
internal_value=-2.21954e-07 0.0103432 -0.000221621 -0.0106287 -0.0214727 0.00382922 0.000174623 -0.000101005 0.0131708
internal_weight=1203.71 25.2252 1178.49 43.2245 24.6992 18.5253 1135.26 1111.69 23.5772
internal_count=5200 115 5085 191 109 82 4894 4786 108
is_linear=0
shrinkage=0.03


Tree=279
num_leaves=9
num_cat=0
split_feature=50 23 50 105 26 24 56 18
split_gain=3.07737 7.96707 5.28128 9.99167 10.4483 5.11037 10.3374 9.9633
threshold=150.00000000000003 -1.0374492905804895 270.00000000000006 0.1372536473589567 -1.1297486464840303 -1.1751242193866906 0.08383574872098086 -2.4185073913668576
decision_type=2 2 2 2 2 2 2 2
left_child=1 -1 3 4 -2 6 -4 -7
right_child=2 -3 5 -5 -6 7 -8 -9
leaf_value=-0.034571798372668133 0.0096504024952851798 0.0073114148394506093 0.0080377760280336188 0.032112520366297172 -0.0067893317513653059 -0.014799035439751964 -0.0010824219311100294 -0.0013172053031251798
leaf_weight=7.906592026352885 88.211258582770824 8.462404787540434 149.10051695257425 11.585788331925867 57.456120416522026 56.780954673886299 447.74142270535231 376.16818150877953
leaf_count=37 377 39 645 56 244 241 1943 1618
internal_value=-2.00481e-07 -0.0129191 0.000177948 0.00529868 0.00316602 -0.000604009 0.00119595 -0.00308534
internal_weight=1203.41 16.369 1187.04 157.253 145.667 1029.79 596.842 432.949
internal_count=5200 76 5124 677 621 4447 2588 1859
is_linear=0
shrinkage=0.03


Tree=280
num_leaves=10
num_cat=0
split_feature=108 39 30 121 30 86 23 145 23
split_gain=3.08069 10.5684 10.5976 11.8882 8.24473 4.49323 4.96665 11.2388 10.7124
threshold=0.6552459200764551 3.0841050337780884 1.2223857572843748 0.7013369734391347 1.6914876577298268 392719.00000000006 -1.8515623657074862 1.255359677290308 -1.6770955697025427
decision_type=2 2 2 2 2 2 2 2 2
left_child=5 2 3 -2 -4 6 7 -1 -8
right_child=1 -3 4 -5 -6 -7 8 -9 -10
leaf_value=0.01646200088860281 0.034226769114494675 -0.022860177187739136 -0.015227754790452991 -0.00086829612321934831 0.01080785654766629 -0.023012557719544021 0.015692981003396729 -0.0035895425868933315 0.00041956410179955889
leaf_weight=26.588427118957043 22.803261831402779 10.616106510162352 19.932130962610245 14.032649353146551 24.282803162932396 7.8777700811624518 44.591614827513695 467.45857538282871 564.87194472551346
leaf_count=118 99 49 85 62 105 35 191 2012 2444
internal_value=-2.00473e-07 0.00528582 0.0089724 0.0208573 -0.00092902 -0.00043619 -0.000275021 -0.00251042 0.00153705
internal_weight=1203.06 91.667 81.0508 36.8359 44.2149 1111.39 1103.51 494.047 609.464
internal_count=5200 400 351 161 190 4800 4765 2130 2635
is_linear=0
shrinkage=0.03


Tree=281
num_leaves=13
num_cat=0
split_feature=131 14 123 60 55 81 1 76 25 30 1 108
split_gain=3.08397 11.645 9.26841 6.70065 5.09148 7.04932 6.88218 6.89783 6.87172 6.49024 5.8633 3.85387
threshold=1.5360078036870357 2.5042225524486059 0.55920938500063244 1.8606258019474748 0.98776723763667496 0.072046410579256162 99.159838911262341 0.51389961389961403 -1.9950995262364999 1.4934471327249681 98.715456186640765 0.12370247581374715
decision_type=2 2 2 2 2 2 2 2 2 2 2 2
left_child=4 -2 11 -4 6 9 10 -8 -7 -6 -1 -3
right_child=1 2 3 -5 5 8 7 -9 -10 -11 -12 -13
leaf_value=0.00018396078403756623 -0.03379408965260066 0.013983091039272881 0.019107494976628916 -0.0062220015224171213 0.015368837117991021 0.0035631869256759399 -0.037422930181547631 -0.0042677602595628788 -0.032254535127724138 -0.017675979379096502 0.021323891623468108 0.043875566136639101
leaf_weight=1058.14255002141 5.8390925526618949 7.1048485636711112 14.896663933992384 25.471743203699589 13.132985949516298 6.8240812495350864 8.5045373141765612 16.810495749115944 16.420879200100899 9.0255630612373334 11.94127983599901 8.5562524646520597
leaf_count=4562 25 30 67 112 58 32 37 73 72 40 56 36
internal_value=-1.3455e-07 0.00652325 0.0107249 0.00312504 -0.000353914 -0.0101981 5.41204e-05 -0.0154062 -0.0217394 0.00190911 0.000419866 0.0303145
internal_weight=1202.67 61.8686 56.0295 40.3684 1140.8 45.4035 1095.4 25.315 23.245 22.1585 1070.08 15.6611
internal_count=5200 270 245 179 4930 202 4728 110 104 98 4618 66
is_linear=0
shrinkage=0.03


Tree=282
num_leaves=14
num_cat=0
split_feature=105 11 63 19 58 108 7 105 4 19 143 108 105
split_gain=3.06721 17.6612 12.2197 9.48268 8.77318 8.50891 8.37392 5.90394 11.9092 10.1501 5.94374 9.34801 8.88115
threshold=0.039660336675218941 3.0254216162551555 0.37415727795122394 2.5749439095988671 2.231781545684838 0.054345320518927702 8.6462475768628781 0.04420002291793293 20.494556182005628 9.1082661964421572 1.0990679815286215 0.27170057197293368 0.04611344467000638
decision_type=2 2 2 2 2 2 2 2 2 2 2 2 2
left_child=1 2 -1 5 -4 -3 -5 8 -2 -10 11 -9 -12
right_child=7 3 4 6 -6 -7 -8 10 9 -11 12 -13 -14
leaf_value=-0.0097955307314109962 0.023241568367531339 0.0088743306253641387 0.041569256321030278 0.0041556106536435877 0.011259775289923016 -0.024166664363636119 -0.028511584331689967 -0.00031348584272000891 -0.018418707585115442 0.014917417181226682 0.014451860851991743 0.012984309973862709 -0.0020945338115850838
leaf_weight=9.6652518808841688 9.0989935845136625 9.6929240152239782 19.660341963171959 132.1603973954916 15.270960196852682 25.387605585157871 7.4610250741243354 134.21223552525043 54.830093212425709 9.66993799805641 30.522647172212601 73.70605544000864 671.06223350763321
leaf_count=42 39 43 85 567 65 110 33 576 233 43 135 319 2910
internal_value=-1.46244e-07 0.00320797 0.0200584 -0.00109349 0.0283188 -0.0150373 0.00240996 -0.000715774 -0.00888835 -0.0134209 -5.44307e-05 0.00440052 -0.00137468
internal_weight=1202.4 219.299 44.5966 174.702 34.9313 35.0805 139.621 983.102 73.599 64.5 909.503 207.918 701.585
internal_count=5200 945 192 753 150 153 600 4255 315 276 3940 895 3045
is_linear=0
shrinkage=0.03


Tree=283
num_leaves=8
num_cat=0
split_feature=87 138 68 28 90 138 138
split_gain=3.05179 3.6122 10.8743 9.52555 8.53988 5.99415 8.37393
threshold=295.50000000000006 16189.000000000002 1.0617788988813339 1.6768886988049043 0.15351781355541136 14922.000000000002 14469.500000000002
decision_type=2 2 2 2 2 2 2
left_child=1 5 3 -3 -4 6 -1
right_child=-2 2 4 -5 -6 -7 -8
leaf_value=0.00058733184834387927 -0.018050442596187988 -0.0056949212535587152 0.011191148159095617 0.031016774065693878 -0.017465336481023146 0.020703278869100821 -0.029115524103724612
leaf_weight=1082.4756834283471 8.3712598010897619 14.166544973850252 11.40312024950981 11.544698268175123 52.221872337162495 13.183864459395407 8.6102630496025068
leaf_count=4674 40 62 50 49 231 56 38
internal_value=-1.10005e-07 0.000126485 -0.00567582 0.0107891 -0.0123294 0.000595895 0.000352933
internal_weight=1201.98 1193.61 89.3362 25.7112 63.625 1104.27 1091.09
internal_count=5200 5160 392 111 281 4768 4712
is_linear=0
shrinkage=0.03


Tree=284
num_leaves=11
num_cat=0
split_feature=59 60 68 59 53 93 50 65 24 118
split_gain=3.04233 12.1075 12.6481 10.9238 9.66352 6.53202 5.17973 12.2916 8.30187 4.53491
threshold=0.97584340967141392 3.3931381532558205 1.1887479571813913 1.0902001123695566 0.37120407126212246 2.058406942243916 1890.0000000000002 3.5232162203993194 -5.2571352311174362 0.98074984807387322
decision_type=2 2 2 2 2 2 2 2 2 2
left_child=1 2 -1 5 -4 -2 8 -8 -5 -3
right_child=3 9 4 6 -6 -7 7 -9 -10 -11
leaf_value=-0.037264352982042045 -0.040495176288715802 0.012615217660174418 -0.0060697892669548306 0.02024277165981497 0.03306537193266388 -0.0060287391978380957 -0.0025233259325196091 -0.03514946976659266 0.00031246779301300441 0.04427997676297573
leaf_weight=7.5419672280549994 9.4139132946729678 8.1287559419870394 17.079088605940346 19.163258224725723 8.5071882978081685 10.433558538556097 80.776504464447498 11.926944382488726 1020.6445915699005 8.1536975800991041
leaf_count=34 41 35 77 84 38 45 360 57 4394 35
internal_value=-1.35272e-07 0.00728935 -0.0031218 -0.000312693 0.00694227 -0.0223766 7.39814e-05 -0.00672091 0.000679776 0.0284718
internal_weight=1201.77 49.4107 33.1282 1152.36 25.5863 19.8475 1132.51 92.7034 1039.81 16.2825
internal_count=5200 219 149 4981 115 86 4895 417 4478 70
is_linear=0
shrinkage=0.03


Tree=285
num_leaves=9
num_cat=0
split_feature=147 128 147 37 123 114 91 20
split_gain=3.03166 6.96616 4.57186 11.0097 8.44419 6.35841 11.0058 5.38263
threshold=50.977378296406741 0.66042465295604036 26.300728401868614 2.2271360118417167 0.19095324932872174 17.500000000000004 0.50691733986469367 1.5015473842324598
decision_type=2 2 2 2 2 2 2 2
left_child=2 -2 5 -4 -5 7 -7 -1
right_child=1 -3 3 4 -6 6 -8 -9
leaf_value=-0.011582609719939156 -0.028611641869969263 0.010797718009582593 -0.035013981784900977 0.027816299347955802 0.0044789238650131792 0.015709323127774472 -0.027232954281913104 0.00034332372523456536
leaf_weight=35.249158754944801 9.9797744303941744 6.7788161337375632 5.6181023567914954 16.490888565778732 90.704351529479027 7.515622183680537 18.828166112303734 1010.1576752662659
leaf_count=163 48 30 25 73 402 32 83 4344
internal_value=-1.89912e-07 -0.0126706 0.000179065 0.0059236 0.00806914 -0.00042561 -0.0149819 -5.87964e-05
internal_weight=1201.32 16.7586 1184.56 112.813 107.195 1071.75 26.3438 1045.41
internal_count=5200 78 5122 500 475 4622 115 4507
is_linear=0
shrinkage=0.03


Tree=286
num_leaves=11
num_cat=0
split_feature=99 60 100 15 118 124 106 39 33 41
split_gain=3.0212 8.95667 7.00254 5.70487 5.30978 5.2782 4.96414 9.80212 4.60197 4.24673
threshold=0.040262753513434939 1.8111628120102219 0.071138494082917683 0.58914851928195011 0.56497065614777764 0.64732733688854716 1.7968505971852984 1.3947703615983482 2.5000000000000004 0.62322891217129894
decision_type=2 2 2 2 2 2 2 2 2 2
left_child=1 5 3 -2 -3 -1 8 -8 -4 -6
right_child=2 4 6 -5 9 -7 7 -9 -10 -11
leaf_value=-0.0060130197204344713 -0.00076551733295633509 -0.00068887716368589585 0.00058701832150987853 0.035354469534455216 -0.014544586184453817 0.029726581043501992 -0.036578447905489642 0.0030515045168596697 -0.01292860327681573 -0.043022941674412903
leaf_weight=7.5463092029094678 6.8610567748546627 11.653360620141031 1092.7938090115786 9.2292556762695295 11.418002620339395 7.3328429758548737 9.7625512629747409 13.228526726365088 23.153684005141258 8.0248509943485242
leaf_count=33 30 50 4731 42 49 31 42 58 100 34
internal_value=-2.41464e-07 -0.007542 0.000299955 0.0199526 -0.0167014 0.0116004 2.2313e-05 -0.0137763 0.000306596 -0.0262988
internal_weight=1201 45.9754 1155.03 16.0903 31.0962 14.8792 1138.94 22.9911 1115.95 19.4429
internal_count=5200 197 5003 72 133 64 4931 100 4831 83
is_linear=0
shrinkage=0.03


Tree=287
num_leaves=10
num_cat=0
split_feature=103 0 84 67 131 63 55 124 92
split_gain=3.02091 6.87584 6.15478 7.97917 6.38518 9.12187 5.2148 4.78293 5.98827
threshold=12.618306655745501 0.26445028266859599 2.6711147564440414 2.189577717879605 1.5360078036870357 0.67290209790209798 0.98776723763667496 0.49704083735373555 1.5309011483626753
decision_type=2 2 2 2 2 2 2 2 2
left_child=2 7 4 -4 6 -6 -1 -2 -9
right_child=1 -3 3 -5 5 -7 -8 8 -10
leaf_value=-3.1771237105117466e-05 -0.017633943801064669 0.033003737537869109 -0.044796128903762951 0.0013002010427248308 0.0033660438893902099 0.037332442880588221 -0.010542508673161978 0.030885507650772873 -0.0014480355199440968
leaf_weight=1065.9128559529781 8.3510688170790655 7.9856776297092429 6.3774229586124402 7.1896683573722839 27.239574819803238 9.6320661753416044 44.246363930404186 7.5273392498493221 16.357631132006645
leaf_count=4600 38 38 28 34 118 42 198 33 71
internal_value=-2.46943e-07 0.00808255 -0.000280365 -0.0203681 -4.27668e-05 0.0122392 -0.000450686 0.00190895 0.00874187
internal_weight=1200.82 40.2217 1160.6 13.5671 1147.03 36.8716 1110.16 32.236 23.885
internal_count=5200 180 5020 62 4958 160 4798 142 104
is_linear=0
shrinkage=0.03


Tree=288
num_leaves=9
num_cat=0
split_feature=67 62 39 141 84 104 70 55
split_gain=2.98057 3.88645 11.1609 9.67039 4.52566 7.65941 7.25258 2.90278
threshold=0.33562820576664515 0.11650507848568792 1.4899041485558027 242.50000000000003 0.83293885518503585 0.33301489102590781 1.7150119921750349 0.17854160665122673
decision_type=2 2 2 2 2 2 2 2
left_child=-1 2 7 -4 6 -6 -3 -2
right_child=1 4 3 -5 5 -7 -8 -9
leaf_value=-0.016893652331610276 0.041824692096088772 -0.019092236260358088 -0.031097180300784854 0.012560280297983707 0.018457027578358709 0.00062834244629240911 -0.0017983232660317245 0.015538074392393179
leaf_weight=9.3265049904584867 7.9341831654310209 23.268305040895939 7.7149807214736965 11.188801571726797 22.32415297627449 759.82119356840849 351.77975337207317 7.2225333452224731
leaf_count=43 34 105 36 50 99 3277 1525 31
internal_value=-2.17932e-07 0.000132043 0.0101199 -0.00525713 -0.000161937 0.00113721 -0.00287125 0.0292985
internal_weight=1200.58 1191.25 34.0605 18.9038 1157.19 782.145 375.048 15.1567
internal_count=5200 5157 151 86 5006 3376 1630 65
is_linear=0
shrinkage=0.03


Tree=289
num_leaves=12
num_cat=0
split_feature=74 88 67 41 24 99 36 45 48 141 63
split_gain=3.02739 7.36245 8.06247 6.06641 6.053 4.49404 5.45473 5.7267 4.68902 4.43276 4.42924
threshold=0.28708791208791212 344.50000000000006 1.1207843880257675 1.1176005652093421 -0.53473331911108235 0.97823175577089272 390.21666666666675 0.70710784313725505 1.1499669770125829 837.50000000000011 0.66028576662392391
decision_type=2 2 2 2 2 2 2 2 2 2 2
left_child=1 2 3 -1 -4 6 8 -8 -2 10 -7
right_child=5 -3 4 -5 -6 9 7 -9 -10 -11 -12
leaf_value=0.015969752099063751 0.00056940679675802105 0.017794981285051251 -0.029844189517888607 -0.014973365426177596 -0.0003273487724167943 -0.015557935244665167 0.0062123504255180463 -0.029527878924686876 -0.017366291377740754 0.031619684404433086 0.0183349673372252
leaf_weight=13.093554005026819 1084.7071136757731 9.5764905586838704 21.034457474946976 10.101420193910597 8.8977663964033145 6.1225265264511135 6.334386512637141 11.114908061921595 13.279204487800596 7.9806782752275458 8.0104797929525358
leaf_count=59 4670 43 90 46 40 28 31 56 58 41 38
internal_value=-2.17956e-07 -0.0064176 -0.0107821 0.00249401 -0.0210699 0.000353519 8.80202e-05 -0.0165536 0.00035249 0.0137455 0.0036523
internal_weight=1200.25 62.7037 53.1272 23.195 29.9322 1137.55 1115.44 17.4493 1097.99 22.1137 14.133
internal_count=5200 278 235 105 130 4922 4815 87 4728 107 66
is_linear=0
shrinkage=0.03


Tree=290
num_leaves=10
num_cat=0
split_feature=75 76 54 74 45 45 124 76 101
split_gain=3.00063 5.67029 5.94493 5.39449 4.79908 4.46513 8.35996 4.84023 4.63577
threshold=0.60759334392808173 2.8660714285714293 0.24257859599123022 0.96153846153846168 2.9687500000000004 11.446091187019316 0.56747208911599889 10.244272288081495 0.74733527692348467
decision_type=2 2 2 2 2 2 2 2 2
left_child=5 3 -3 4 -2 7 -7 8 -1
right_child=1 2 -4 -5 -6 6 -8 -9 -10
leaf_value=-0.0019240038191999404 -0.0063495489974404245 -0.007215165241866944 0.023199969567704558 0.011673728176081987 -0.023226381340972442 0.0043665787508983898 -0.036476091812993362 0.018717335828889087 0.0021573905894311973
leaf_weight=416.2978263348341 69.027233585715294 10.90057945251465 12.321346595883368 11.633124679327009 19.433390587568283 9.905364930629732 8.2813957929611188 13.339916512370108 628.75339586287737
leaf_count=1809 303 48 53 53 88 43 37 58 2708
internal_value=-2.30413e-07 -0.00443295 0.00892283 -0.00753151 -0.0100571 0.000507511 -0.0142313 0.000760773 0.000531561
internal_weight=1199.89 123.316 23.2219 100.094 88.4606 1076.58 18.1868 1058.39 1045.05
internal_count=5200 545 101 444 391 4655 80 4575 4517
is_linear=0
shrinkage=0.03


Tree=291
num_leaves=7
num_cat=0
split_feature=18 37 150 118 137 145
split_gain=2.98072 4.47522 6.96663 9.75957 4.65849 8.18212
threshold=15.162121444092213 5.6883548853483425 0.98731296706906468 0.97300766748777034 14826.000000000002 10.274461212820162
decision_type=2 2 2 2 2 2
left_child=1 4 3 -3 5 -1
right_child=-2 2 -4 -5 -6 -7
leaf_value=-1.2020141923950131e-05 -0.017543074444797843 -0.0073159507836590993 0.032875274988555518 0.03181691213497486 0.021605072634725535 -0.018031337732472678
leaf_weight=1120.4011142030358 8.6541049033403379 21.690566882491115 9.2479235827922803 7.7977483719587317 8.7431434541940671 23.147960402071476
leaf_count=4843 38 98 48 34 38 101
internal_value=-2.81944e-07 0.000127185 0.0101569 0.00303216 -0.000209981 -0.000376771
internal_weight=1199.68 1191.03 38.7362 29.4883 1152.29 1143.55
internal_count=5200 5162 180 132 4982 4944
is_linear=0
shrinkage=0.03


Tree=292
num_leaves=8
num_cat=0
split_feature=116 54 12 28 113 56 78
split_gain=2.99236 5.60136 8.17605 5.44469 4.55784 4.32042 3.84104
threshold=10.500000000000002 1.6019649300407828 2.8383062734938309 1.9047318440370662 0.50805173089124522 0.97882359840904709 0.086576317383404003
decision_type=2 2 2 2 2 2 2
left_child=1 4 -3 -2 -1 -6 -4
right_child=3 2 6 -5 5 -7 -8
leaf_value=-0.02204163755680396 0.006750443396952523 -0.014155269551204388 0.0098665077597661736 -0.024792362217218655 0.00072628680937720787 -0.0050701498730585251 0.038963399520500035
leaf_weight=8.4541090801358205 8.5334183126688021 6.3051318675279644 7.3650987595319775 11.647510379552839 1017.3548260778189 130.58474890142679 9.163207955658434
leaf_count=38 38 27 37 50 4407 561 42
internal_value=-2.11362e-07 0.000195816 0.01491 -0.0114546 -9.47214e-05 6.69087e-05 0.0259977
internal_weight=1199.41 1179.23 22.8334 20.1809 1156.39 1147.94 16.5283
internal_count=5200 5112 106 88 5006 4968 79
is_linear=0
shrinkage=0.03


Tree=293
num_leaves=7
num_cat=0
split_feature=105 105 39 57 84 69
split_gain=2.9946 4.69793 10.1024 3.68723 6.28898 4.60648
threshold=0.017412430486969697 0.022389243775650772 1.3818716719516135 10.470043879316757 1.1170989812394325 7.9942216648737467
decision_type=2 2 2 2 2 2
left_child=-1 2 -2 5 -5 -3
right_child=1 3 -4 4 -6 -7
leaf_value=-0.01701559007458878 0.042896439227288682 -0.00027296926577724881 -0.0018012934770417054 -0.018131614809045089 0.0029991501865995886 0.0073670846402257685
leaf_weight=9.2371445298194867 7.2205216288566616 1043.4364111572504 12.308796495199202 26.481959566473961 24.315618276596069 76.214049503207207
leaf_count=42 31 4511 53 119 107 337
internal_value=-1.64916e-07 0.000131917 0.0147247 -0.000111569 -0.00801681 0.000247085
internal_weight=1199.21 1189.98 19.5293 1170.45 50.7976 1119.65
internal_count=5200 5158 84 5074 226 4848
is_linear=0
shrinkage=0.03


Tree=294
num_leaves=14
num_cat=0
split_feature=145 57 93 5 113 107 149 89 36 21 1 1 137
split_gain=2.98779 8.71291 12.3162 9.89383 9.10215 4.65212 11.2672 10.691 10.2893 7.01619 8.2349 7.41136 2.86309
threshold=1.2217811907229608 2.0764932739937128 0.35998267238776499 7.5000000000000009 0.94268394228684826 0.051998640369731362 13.500000000000002 3803.5000000000005 383.23333333333341 2.4071048650914491 69.177891959450093 94.24385502013611 240.50000000000003
decision_type=2 2 2 2 2 2 2 2 2 2 2 2 2
left_child=1 2 -1 4 -3 6 7 -2 -8 11 -11 -7 -5
right_child=5 3 -4 12 -6 9 8 -9 -10 10 -12 -13 -14
leaf_value=-0.032532270406740338 -0.018667921640947924 -0.012495568916734335 0.01640645999455817 0.021574283923579161 0.027653674387247751 -0.01080732582220467 0.0026595908846801285 -0.00014544731138040344 -0.033927696564157686 0.0084641123607070764 0.00028498694168890344 0.012999328432020427 0.048577640061843369
leaf_weight=9.951335936784746 66.84631671756506 13.370589941740038 8.6523107141256315 7.0776244550943357 8.1978413090109807 76.135080173611641 169.34592611342669 48.316839247941971 7.2124555036425582 134.4959078207612 628.45926283299923 13.921046286821364 7.0576275736093521
leaf_count=44 292 57 38 32 39 340 729 206 33 583 2713 63 31
internal_value=-1.68941e-07 0.0068753 -0.00977151 0.0155492 0.00276456 -0.000326348 -0.00359665 -0.0108968 0.00116499 0.000792063 0.00172683 -0.00712725 0.0350569
internal_weight=1199.04 54.3073 18.6036 35.7037 21.5684 1144.73 291.722 115.163 176.558 853.011 762.955 90.0561 14.1353
internal_count=5200 241 82 159 96 4959 1260 498 762 3699 3296 403 63
is_linear=0
shrinkage=0.03


Tree=295
num_leaves=9
num_cat=0
split_feature=105 56 30 93 22 67 112 131
split_gain=2.96071 6.63907 9.34918 10.4107 9.92556 5.52418 5.501 5.13677
threshold=0.15120256605433527 1.1979956101235765 0.70400038548521637 1.0011220231790618 1.4213374347385472 0.33562820576664515 6.4794833247184558 1.5360078036870357
decision_type=2 2 2 2 2 2 2 2
left_child=5 2 3 -2 -4 -1 7 -7
right_child=1 -3 4 -5 -6 6 -8 -9
leaf_value=-0.026972696860604873 -0.033513681364301634 -0.021680995527257701 0.030468277070988474 0.0036650465559471077 0.0058756509673340857 -0.0006013309568826203 -0.023422095234933254 0.0090667285736033085
leaf_weight=7.0489631444215766 9.5847623199224454 8.1753719598054868 19.434888496994972 23.15216539055109 61.539237059652805 1008.1714544296265 9.2025849521160108 52.01162963360548
leaf_count=33 42 36 87 104 271 4359 40 228
internal_value=-1.91274e-07 0.00443129 0.00630865 -0.00722019 0.0117782 -0.000501975 -0.00032749 -0.000127025
internal_weight=1198.32 121.886 113.711 32.7369 80.9741 1076.43 1069.39 1060.18
internal_count=5200 540 504 146 358 4660 4627 4587
is_linear=0
shrinkage=0.03


Tree=296
num_leaves=8
num_cat=0
split_feature=24 62 30 8 30 24 53
split_gain=2.96147 4.59034 5.63185 4.7089 6.80928 4.63026 2.97255
threshold=-0.099189444926434792 0.099327354260089692 1.5218705168028388 -5.9614674844758175 0.63503089751086572 -5.2571352311174362 0.39844451943633424
decision_type=2 2 2 2 2 2 2
left_child=1 2 6 4 -3 -5 -1
right_child=-2 3 -4 5 -6 -7 -8
leaf_value=0.011238632349348287 -0.014170182848483927 -0.040378244119335598 -0.0072187740407795064 0.0095359413441370878 -0.0044649769066090576 -0.00018526452561607438 0.039498195353159377
leaf_weight=6.5532108396291751 13.128783240914343 6.065882712602618 7.1939430683851233 45.955514118075371 21.928876854479313 1090.278493501246 6.8534025400876999
leaf_count=29 59 31 32 201 101 4716 31
internal_value=-1.87829e-07 0.000156826 0.0141945 -9.15649e-05 -0.0122466 0.000207914 0.0256848
internal_weight=1197.96 1184.83 20.6006 1164.23 27.9948 1136.23 13.4066
internal_count=5200 5141 92 5049 132 4917 60
is_linear=0
shrinkage=0.03


Tree=297
num_leaves=11
num_cat=0
split_feature=87 76 98 105 11 97 110 66 41 70
split_gain=2.96411 6.73515 6.03067 3.89971 16.2399 7.81158 7.46619 5.79902 6.89552 6.36737
threshold=285.50000000000006 0.45738498789346255 1.2167942347873166 0.03791185613966349 2.930741020857822 5.7725586361073953 1.2705074827862346 1.9289887187751815 0.28946809422438541 1.9044652265763669
decision_type=2 2 2 2 2 2 2 2 2 2
left_child=3 2 -2 4 6 -6 -1 9 -9 -5
right_child=1 -3 -4 7 5 -7 -8 8 -10 -11
leaf_value=-0.0066273419987112362 -0.01436731103596074 -0.030942401927730141 0.022128198626642094 0.0067825184860144236 -0.0020398682832372741 0.022581567773012429 0.029287114858886642 0.008044929096400753 -0.015625158688969687 -0.00087522495355552173
leaf_weight=6.3811068683862677 9.5334544181823784 9.0313987061381322 7.1172227859497061 111.06053844094276 140.99211633205414 12.636670812964438 28.375680223107338 14.800453320145605 44.025275483727455 813.7952514141798
leaf_count=29 42 44 31 478 612 53 122 66 196 3527
internal_value=-2.05809e-07 -0.0100822 0.00123246 0.000220709 0.00417496 -1.46425e-05 0.0226935 -0.000536573 -0.0096698 4.43488e-05
internal_weight=1197.75 25.6821 16.6507 1172.07 188.386 153.629 34.7568 983.682 58.8257 924.856
internal_count=5200 117 73 5083 816 665 151 4267 262 4005
is_linear=0
shrinkage=0.03


Tree=298
num_leaves=15
num_cat=0
split_feature=53 64 37 9 71 48 160 59 147 68 55 147 146 2
split_gain=2.9358 8.15459 9.81251 10.7982 9.31649 8.83568 8.54045 4.86247 9.5611 10.0724 7.70803 5.74702 5.74829 4.0558
threshold=0.86036671376622953 0.46299273550077413 2.6067104196910411 -0.39540064660053531 4.7912960258816417 0.96945049726927801 0.75000000000000011 5.0361821925516592 -12.587958784523517 2.4577329813883897 0.037101522006855271 50.977378296406741 53.488284369285815 73.830699822838753
decision_type=2 2 2 2 2 2 2 2 2 2 2 2 2 2
left_child=7 4 3 -3 6 -4 -2 11 10 -10 -9 12 -1 -13
right_child=1 2 5 -5 -6 -7 -8 8 9 -11 -12 13 -14 -15
leaf_value=0.0013840578971164919 -0.024810746967801178 0.037873802673226716 -0.0028048617336799745 0.0033105576929393365 -0.038560692406313865 -0.037097864052257387 0.0055550492943055021 0.0067130132470739285 -0.0057232302745655597 0.014764048689830089 -0.032141489961879315 -0.0024827008464872323 0.017980387406467874 -0.034835811712920516
leaf_weight=848.51624935865402 14.097753673791884 10.660749502480028 70.536012962460518 34.338596314191818 11.001883231103418 7.4789048582315436 20.395912796258926 6.2384785562753704 95.684496879577637 27.893846929073334 17.444861195981503 7.4537295848131162 19.207829982042313 6.5532871335744858
leaf_count=3660 61 46 308 146 51 33 88 27 420 125 83 35 87 30
internal_value=-1.88409e-07 -0.00367081 0.000342626 0.0114989 -0.0145226 -0.00609236 -0.00685562 0.00060092 -0.00444531 -0.00109888 -0.0219067 0.00144371 0.00175143 -0.0176193
internal_weight=1197.5 168.51 123.014 44.9993 45.4955 78.0149 34.4937 1028.99 147.262 123.578 23.6833 881.731 867.724 14.007
internal_count=5200 733 533 192 200 341 149 4467 655 545 110 3812 3747 65
is_linear=0
shrinkage=0.03


Tree=299
num_leaves=8
num_cat=0
split_feature=98 90 49 124 57 11 4
split_gain=2.94039 6.63736 4.62753 6.967 5.12283 7.75435 4.96861
threshold=3.0998145427459405 1.136841064398409 358200.00000000006 0.5422217812047484 10.470043879316757 3.3386358736796855 37.837526733157837
decision_type=2 2 2 2 2 2 2
left_child=2 -2 4 -4 6 -6 -1
right_child=1 -3 3 -5 5 -7 -8
leaf_value=-0.0015784322410002025 0.024962169699065995 -0.0095569873541276017 0.028966940753827039 -0.0032597595079350743 -0.02893739180207704 -0.0020290034355590642 0.0026063490236254731
leaf_weight=707.29890545457602 12.53479214012623 8.3546172231435758 12.033531323075296 12.116732835769652 13.986960440874098 31.003311783075333 399.6160274296999
leaf_count=3040 58 38 52 53 65 137 1757
internal_value=-3.41655e-07 0.0111564 -0.000198511 0.0127981 -0.000470991 -0.0103945 -6.76516e-05
internal_weight=1196.94 20.8894 1176.06 24.1503 1151.91 44.9903 1106.91
internal_count=5200 96 5104 105 4999 202 4797
is_linear=0
shrinkage=0.03


end of trees

feature_importances:
current_regime_start_from_prior_mfe_atr__tf_5m=87
minutes_from_rth_open=68
prior_regime_max_mae_atr__tf_1m=59
regime_max_mae_atr__tf_5m=56
prior_regime_max_mae_atr__tf_1h=54
prior_regime_max_mfe_atr__tf_1h=52
prior_regime_max_mfe_atr__tf_30s=52
regime_expansion_rate_atr_min__tf_5m=51
regime_max_mae_atr__tf_1m=51
realized_range_15m_atr=48
context_level_span_atr=47
current_regime_start_from_prior_mae_atr__tf_1m=47
realized_range_1m_atr=47
prior_regime_duration_sec__tf_1m=46
current_regime_start_from_prior_mae_atr__tf_5m=43
regime_distance_from_mfe_atr__tf_1h=43
prior_regime_range_overlap_ratio__tf_30s=42
mtf_current_regime_mfe_mean_atr=40
regime_distance_from_mae_atr__tf_30s=39
prior_regime_total_range_atr__tf_1h=38
prior_regime_max_mae_atr__tf_30s=37
regime_expansion_rate_atr_min__tf_30s=36
atr_percentile_20d=35
regime_age_sec__tf_1h=35
atr_change_rate=34
regime_time_since_mfe_sec__tf_1h=34
session_new_low_count=34
prior_regime_range_overlap_ratio__tf_5m=33
pullback_depth_vs_max_mfe_ratio=33
prior_regime_max_mfe_atr__tf_1m=32
regime_progress_efficiency__tf_1h=32
current_max_mfe_from_prior_regime_mae_atr__tf_5m=31
prior_regime_range_overlap_ratio__tf_1m=31
prior_regime_range_reclaim_ratio__tf_1h=31
pullback_depth_atr=31
session_displacement_from_open_atr=31
regime_time_since_mfe_sec__tf_5m=30
mtf_prior_range_reclaim_mean=29
current_regime_start_from_prior_mfe_atr__tf_1h=28
prior_regime_duration_sec__tf_1h=28
regime_time_since_mae_sec__tf_1h=28
atr_percentile_session=27
prior_regime_max_mfe_atr__tf_5m=27
prior_regime_range_overlap_ratio__tf_1h=27
current_price_from_prior_mae_atr__tf_5m=26
current_price_from_prior_mfe_atr__tf_5m=26
prior_regime_max_mae_atr__tf_5m=26
session_position_in_range=26
current_regime_start_from_prior_mae_atr__tf_1h=25
regime_expansion_rate_atr_min__tf_1h=25
regime_progress_efficiency__tf_5m=25
current_regime_start_from_prior_mfe_atr__tf_1m=24
regime_age_sec__tf_30s=24
regime_distance_from_mfe_atr__tf_1m=24
regime_distance_from_mfe_atr__tf_30s=23
session_new_high_count=23
regime_distance_from_mfe_atr__tf_5m=22
regime_total_range_atr__tf_5m=22
current_max_mfe_from_prior_regime_mae_atr__tf_1h=21
current_regime_start_from_prior_mae_atr__tf_30s=21
prior_regime_range_reclaim_ratio__tf_30s=21
regime_max_mae_atr__tf_30s=21
session_current_range_atr=21
current_max_mfe_from_prior_regime_mfe_atr__tf_1h=20
current_price_from_prior_mfe_atr__tf_30s=20
regime_age_sec__tf_1m=20
regime_max_mae_atr__tf_1h=20
nearest_context_level_below_atr=19
prior_regime_total_range_atr__tf_1m=19
regime_max_mfe_atr__tf_5m=19
current_max_mfe_from_prior_regime_mae_atr__tf_1m=18
prior_regime_range_reclaim_ratio__tf_5m=18
regime_current_displacement_atr__tf_1h=18
context_levels_above_count=17
current_price_from_prior_mfe_atr__tf_1h=17
current_regime_start_from_prior_mfe_atr__tf_30s=17
regime_max_mfe_atr__tf_1h=17
regime_time_since_mae_sec__tf_5m=17
nearest_context_level_above_atr=16
prior_regime_total_range_atr__tf_30s=16
pullback_counter_bar_ratio=16
regime_recent_expansion_rate_180s_atr_min__tf_30s=16
regime_current_displacement_atr__tf_5m=15
current_price_from_prior_mae_atr__tf_1h=14
previous_max_depth_ratio=14
regime_current_displacement_atr__tf_1m=14
regime_distance_from_mae_atr__tf_5m=14
previous_pullbacks_max_depth_atr=13
prior_regime_range_reclaim_ratio__tf_1m=13
regime_distance_from_mae_atr__tf_1h=13
regime_max_mfe_atr__tf_30s=13
current_price_from_prior_mfe_atr__tf_1m=12
prior_regime_total_range_atr__tf_5m=12
realized_range_5m_atr=12
regime_recent_expansion_rate_30s_atr_min__tf_30s=12
regime_time_since_mae_sec__tf_30s=12
atr_ratio_short_long=11
current_price_from_prior_mae_atr__tf_30s=11
pullback_efficiency=11
regime_expansion_rate_atr_min__tf_1m=11
regime_total_range_atr__tf_1h=11
current_max_mfe_from_prior_regime_mfe_atr__tf_5m=10
pullback_velocity_vs_expansion_velocity_ratio=10
regime_total_range_atr__tf_1m=10
current_max_mfe_from_prior_regime_mae_atr__tf_30s=9
pullback_duration_sec=9
regime_age_sec__tf_5m=9
regime_max_mfe_atr__tf_1m=9
previous_pullbacks_count=8
regime_recent_expansion_rate_60s_atr_min__tf_30s=8
regime_recent_expansion_rate_180s_atr_min__tf_1m=7
regime_recent_expansion_rate_60s_atr_min__tf_1m=7
regime_time_since_mfe_sec__tf_1m=7
regime_time_since_mfe_sec__tf_30s=7
time_near_regime_extreme_300s_ratio__tf_1m=7
prior_regime_duration_sec__tf_5m=6
regime_new_extreme_count__tf_30s=6
regime_progress_efficiency__tf_30s=6
current_price_from_prior_mae_atr__tf_1m=5
prior_regime_duration_sec__tf_30s=5
pullback_duration_vs_regime_age_ratio=5
pullback_rebound_from_deepest_point_atr=5
regime_distance_from_mae_atr__tf_1m=5
regime_new_extreme_count__tf_5m=5
current_max_mfe_from_prior_regime_mfe_atr__tf_1m=4
current_max_mfe_from_prior_regime_mfe_atr__tf_30s=4
failed_new_extreme_attempt_count__tf_1m=4
failed_new_extreme_attempt_count__tf_30s=4
nearest_level_in_trade_direction_atr=4
pullback_longest_counter_run_bars=4
regime_new_extreme_count__tf_1h=4
regime_recent_expansion_rate_30s_atr_min__tf_1m=4
time_near_regime_extreme_180s_ratio__tf_30s=4
time_near_regime_extreme_300s_ratio__tf_30s=4
failed_new_extreme_attempt_count__tf_1h=3
previous_pullbacks_avg_duration_sec=3
regime_time_since_mae_sec__tf_1m=3
regime_total_range_atr__tf_30s=3
context_levels_below_count=2
mtf_prior_mfe_displacement_count=2
nearest_level_against_trade_direction_atr=2
pullback_close_location_ratio=2
regime_recent_expansion_rate_180s_atr_min__tf_5m=2
time_near_regime_extreme_60s_ratio__tf_1m=2
failed_new_extreme_attempt_count__tf_5m=1
mtf_regime_direction_agreement_count=1
regime_current_displacement_atr__tf_30s=1

parameters:
[boosting: gbdt]
[objective: binary]
[metric: binary_logloss]
[tree_learner: serial]
[device_type: cpu]
[data_sample_strategy: bagging]
[data: ]
[valid: ]
[num_iterations: 300]
[learning_rate: 0.03]
[num_leaves: 15]
[num_threads: 20]
[seed: 42]
[deterministic: 0]
[force_col_wise: 0]
[force_row_wise: 0]
[histogram_pool_size: -1]
[max_depth: 4]
[min_data_in_leaf: 30]
[min_sum_hessian_in_leaf: 0.001]
[bagging_fraction: 0.8]
[pos_bagging_fraction: 1]
[neg_bagging_fraction: 1]
[bagging_freq: 0]
[bagging_seed: 400]
[bagging_by_query: 0]
[feature_fraction: 0.8]
[feature_fraction_bynode: 1]
[feature_fraction_seed: 30056]
[extra_trees: 0]
[extra_seed: 12879]
[early_stopping_round: 0]
[early_stopping_min_delta: 0]
[first_metric_only: 0]
[max_delta_step: 0]
[lambda_l1: 0]
[lambda_l2: 0]
[linear_lambda: 0]
[min_gain_to_split: 0]
[drop_rate: 0.1]
[max_drop: 50]
[skip_drop: 0.5]
[xgboost_dart_mode: 0]
[uniform_drop: 0]
[drop_seed: 17869]
[top_rate: 0.2]
[other_rate: 0.1]
[min_data_per_group: 100]
[max_cat_threshold: 32]
[cat_l2: 10]
[cat_smooth: 10]
[max_cat_to_onehot: 4]
[top_k: 20]
[monotone_constraints: ]
[monotone_constraints_method: basic]
[monotone_penalty: 0]
[feature_contri: ]
[forcedsplits_filename: ]
[refit_decay_rate: 0.9]
[cegb_tradeoff: 1]
[cegb_penalty_split: 0]
[cegb_penalty_feature_lazy: ]
[cegb_penalty_feature_coupled: ]
[path_smooth: 0]
[interaction_constraints: ]
[verbosity: -1]
[saved_feature_importance_type: 0]
[use_quantized_grad: 0]
[num_grad_quant_bins: 4]
[quant_train_renew_leaf: 0]
[stochastic_rounding: 1]
[linear_tree: 0]
[max_bin: 255]
[max_bin_by_feature: ]
[min_data_in_bin: 3]
[bin_construct_sample_cnt: 200000]
[data_random_seed: 175]
[is_enable_sparse: 1]
[enable_bundle: 1]
[use_missing: 1]
[zero_as_missing: 0]
[feature_pre_filter: 1]
[pre_partition: 0]
[two_round: 0]
[header: 0]
[label_column: ]
[weight_column: ]
[group_column: ]
[ignore_column: ]
[categorical_feature: ]
[forcedbins_filename: ]
[precise_float_parser: 0]
[parser_config_file: ]
[objective_seed: 16083]
[num_class: 1]
[is_unbalance: 0]
[scale_pos_weight: 1]
[sigmoid: 1]
[boost_from_average: 1]
[reg_sqrt: 0]
[alpha: 0.9]
[fair_c: 1]
[poisson_max_delta_step: 0.7]
[tweedie_variance_power: 1.5]
[lambdarank_truncation_level: 30]
[lambdarank_norm: 1]
[label_gain: ]
[lambdarank_position_bias_regularization: 0]
[eval_at: ]
[multi_error_top_k: 1]
[auc_mu_weights: ]
[num_machines: 1]
[local_listen_port: 12400]
[time_out: 120]
[machine_list_filename: ]
[machines: ]
[gpu_platform_id: -1]
[gpu_device_id: -1]
[gpu_use_dp: 0]
[num_gpu: 1]

end of parameters

pandas_categorical:[]
