anchor,lag,tercile,block,N,lag_median,real_final_pnl,null_final_pnl,res_final_pnl,res_final_pnl_lo,res_final_pnl_hi,real_add_mfe,null_add_mfe,res_add_mfe,res_add_mfe_lo,res_add_mfe_hi,real_giveback,null_giveback,res_giveback,res_giveback_lo,res_giveback_hi,real_frac_surrendered,null_frac_surrendered,res_frac_surrendered,res_frac_surrendered_lo,res_frac_surrendered_hi,real_exit_below_entry,null_exit_below_entry,res_exit_below_entry,res_exit_below_entry_lo,res_exit_below_entry_hi,real_giveback_ge_1A,null_giveback_ge_1A,res_giveback_ge_1A,res_giveback_ge_1A_lo,res_giveback_ge_1A_hi
0.5,trig_pos,low,discovery,1131,-1.7086136183125566,0.5482220011247967,0.5029501496682146,0.04527185145658205,-0.13000105864095998,0.22238788980149016,2.562250259763724,2.3467991415544507,0.21545111820927304,0.04357075018344136,0.3947481688357007,2.6168192150268688,2.4466399482741776,0.17017926675269093,0.11035019040688049,0.23811560502088872,1.4382301869459202,1.4539698273262487,-0.015739640380328532,-0.08996401380386115,0.06436885675723956,0.5172413793103449,0.5479696308020741,-0.03072825149172927,-0.059318256377613544,-0.0001519112513026318,0.9787798408488063,0.9992740111964112,-0.02049417034760495,-0.02868002102060662,-0.013394023026766615
0.5,trig_pos,mid,discovery,1130,-1.1951707507192784,0.3360621305837015,0.49788222253811,-0.16182009195440852,-0.295609804675134,-0.01854219270709958,2.0000575791735713,2.2758177689508927,-0.27576018977732214,-0.4098240946345171,-0.12991958846848364,2.2448725459882723,2.358812643811186,-0.11394009782291362,-0.16072849781130696,-0.06534436442524981,1.4578586146211554,1.4210463298023963,0.036812284818758916,-0.01836253901367231,0.09321028757880918,0.5893805309734513,0.5627310365185293,0.026649494454922065,-0.004631081833023739,0.054401753979430936,0.9823008849557522,0.9996385113780025,-0.017337626422250316,-0.02475819927300245,-0.010523542299249502
0.5,trig_pos,high,discovery,1131,-0.8421300852903609,0.5554826261098521,0.4926206011927796,0.06286202491707255,-0.07688394810326404,0.22212343293641518,2.144761103605414,2.2111778677527596,-0.06641676414734567,-0.217682964729163,0.10650878152987642,2.1635979885052494,2.2928767775696675,-0.1292787890644182,-0.17604650557048224,-0.07734511221562475,1.3538346067587497,1.3865630472433539,-0.03272844048460426,-0.0889991883179726,0.024358399692633,0.5641025641025641,0.5752352866356443,-0.011132722533080137,-0.040723971074498155,0.018666859374686054,0.9761273209549072,0.9984743713426767,-0.022347050387769584,-0.031191923361838642,-0.015251109170782361
0.5,trig_pos,low,replication,360,-1.7147894004725444,0.5420102551325393,0.5112897236125106,0.030720531520028876,-0.20082284539985815,0.2859922013343468,2.4850128494682155,2.37622092533087,0.10879192413734545,-0.11169863500411108,0.3652701464823425,2.528691524410464,2.450620131793148,0.07807139261731662,-0.02779621686295499,0.19098095267806423,1.4604786882298362,1.448103570769827,0.012375117460009183,-0.0871313159708573,0.11106884752989883,0.5333333333333333,0.544251520986232,-0.010918187652898675,-0.05789820397432064,0.03260821106040651,0.9805555555555555,0.9996961805555555,-0.019140625,-0.03207829076461963,-0.007180188029443233
0.5,trig_pos,mid,replication,381,-1.1873548569981445,0.5905329969337033,0.4887388186561529,0.10179417827755052,-0.114726123682159,0.32593771766188,2.209845954018183,2.2516050431478978,-0.04175908912971483,-0.2533497005472043,0.1894048137509617,2.1938189393908,2.337372206798065,-0.14355326740726534,-0.20502603244631773,-0.08110282143110273,1.4029087510197884,1.4142316689198962,-0.011322917900108047,-0.10462888914374743,0.08859458306183672,0.5695538057742782,0.5611811334403092,0.008372672333969005,-0.03631439887304231,0.0507307801365856,0.9868766404199475,0.9999179790026247,-0.013041338582677165,-0.024600111920914314,-0.002625671487603306
0.5,trig_pos,high,replication,386,-0.8327249346824165,0.5310043728624239,0.495476545916433,0.03552782694599079,-0.1485499293181018,0.23837479123883926,2.00072866647461,2.174405516915614,-0.17367685044100395,-0.37795587300734973,0.04412067608091665,2.049015456929625,2.2582201343166197,-0.20920467738699478,-0.2749654194912113,-0.15087241966046752,1.3349173846602116,1.3742025221974443,-0.03928513753723271,-0.120259234072079,0.04296041180293306,0.5673575129533679,0.5713979652057793,-0.004040452252411411,-0.051035506864578896,0.041801005439967245,0.9585492227979274,0.9988786320462621,-0.040329409248334766,-0.05761994465705201,-0.02548453591395107
0.5,trig_pos,low,pooled,1491,-1.7106044482239597,0.5467221831789799,0.5049637288901775,0.04175845428880262,-0.1070050283726762,0.18677414985584745,2.5436013880625956,2.3539029927680732,0.18969839529452193,0.04340539396302451,0.33718576194007166,2.595540899385081,2.4476009583793616,0.14793994100571928,0.09308195497994735,0.2082461577926861,1.4436020584832838,1.4525534273528669,-0.00895136886958301,-0.07463338221229217,0.055312959148923764,0.5211267605633803,0.5470718980497581,-0.025945137486377823,-0.05038346167670595,0.0006109340914731472,0.9792085848423877,0.9993759434360436,-0.020167358593656065,-0.02683686055856995,-0.013646131819878895
0.5,trig_pos,mid,pooled,1511,-1.1939869552455504,0.4002271868903532,0.4955767050801182,-0.095349518189765,-0.21104127341027482,0.02697612553745274,2.052955905325654,2.269712508506855,-0.21675660318120143,-0.3381608938808778,-0.08799197125564834,2.2319993334709745,2.353406418462411,-0.12140708499143646,-0.16496214820792174,-0.08231057113938665,1.4440029574192221,1.4193280069723284,0.024674950446893728,-0.02393872489676139,0.07140392923887678,0.5843812045003309,0.5623402270725981,0.022040977427732707,-0.002561938983120958,0.04753266783674505,0.9834546657842489,0.9997089793892409,-0.016254313604991966,-0.022123552515423042,-0.010130072787898504
0.5,trig_pos,high,pooled,1517,-0.8391705861789699,0.5492541450594188,0.4933472951040059,0.05590684995541297,-0.0593760675848809,0.17812826206340804,2.1081121116921047,2.2018211588383645,-0.09370904714625938,-0.22044881773387454,0.04220630956871419,2.134442512441841,2.284058409543513,-0.14961589710167236,-0.18822378920239072,-0.10946824699602496,1.349021127701376,1.3834179169416259,-0.034396789240250004,-0.08395863049139106,0.013343549171422261,0.5649307844429796,0.57425888184202,-0.009328097399040499,-0.03557409928879425,0.016944241465709376,0.971654581410679,0.9985772353054875,-0.02692265389480858,-0.033968698238056864,-0.020003638463680636
0.5,price_to_trig,low,discovery,1131,1.3417327296704697,0.45405991614214897,0.47467406425487907,-0.02061414811273017,-0.1611463043685149,0.13832586131257735,2.062523833797624,2.201295855150784,-0.13877202135315975,-0.2893922602428314,0.0373978916867879,2.1686171015469857,2.286774974787415,-0.11815787324042953,-0.16569769064750914,-0.06560336213777684,1.3867012081470085,1.4105931737593942,-0.023891965612385994,-0.08157728241560162,0.03680721159738597,0.5764809902740937,0.5800286897883355,-0.003547699514241764,-0.03319218040031855,0.023707882193773025,0.9770114942528736,0.9983756912871001,-0.021364197034226574,-0.02978862811270443,-0.01419700691019036
0.5,price_to_trig,mid,discovery,1130,1.7030221397515533,0.42654895690114847,0.49448322744641615,-0.06793427054526763,-0.20523664504428982,0.06956203090482385,2.0939095943278137,2.2737693274726607,-0.17985973314484732,-0.3200177890943179,-0.03632797330738335,2.2458986569199277,2.357824119519508,-0.11192546259957971,-0.15488088245468853,-0.06575704360043141,1.4384086464740495,1.4201100852125341,0.018298561261515144,-0.032959233630733734,0.07067440103986418,0.5743362831858407,0.562373095026203,0.01196318815963775,-0.018054727375442024,0.04300429214870424,0.9796460176991151,0.9997234513274337,-0.020077433628318583,-0.027901903956319238,-0.013218935260207879
0.5,price_to_trig,high,discovery,1131,2.2477874670687443,0.5592378908107005,0.5242926763971092,0.03494521441359146,-0.14655962303135298,0.21299693375376003,2.550718495863031,2.3587277844574017,0.19199071140562948,0.008913337788729237,0.3746101614339514,2.6107748983133634,2.453729401321325,0.15704549699203804,0.09738345743495654,0.2242029862212486,1.4247963565622854,1.4308751175976038,-0.006078761035318259,-0.0805605441648585,0.07007590514592055,0.519893899204244,0.5435338526593994,-0.023639953455155373,-0.053231968856931496,0.006785679395017138,0.9805481874447391,0.999287826404192,-0.01873963895945287,-0.02714677571107077,-0.011754204685812758
0.5,price_to_trig,low,replication,391,1.3357112605751953,0.4864348287938706,0.47053238778816203,0.015902441005708493,-0.17171080230415625,0.23036793568430705,1.970738050877035,2.1633942146711984,-0.1926561637941638,-0.3984898506571517,0.018109732305229876,2.043363874320778,2.2519224791206502,-0.20855860479987237,-0.27528792836743005,-0.14875027038579888,1.3605054838925001,1.4045791981886036,-0.04407371429610339,-0.13294477223300208,0.040504254603004136,0.578005115089514,0.5775229838599654,0.00048213122954866427,-0.04608006041230589,0.04155990581372625,0.9565217391304348,0.9988929717899161,-0.04237123265948138,-0.06003845658376906,-0.026991899744189668
0.5,price_to_trig,mid,replication,369,1.696093280097449,0.6231544596847118,0.48555442412101457,0.1376000355636972,-0.08665885204423683,0.36259925571867585,2.235106967609586,2.2445478036533433,-0.009440836043757264,-0.2453534426075395,0.22546699162279812,2.190449005818491,2.337489877425946,-0.1470408716074545,-0.21241738385422632,-0.07733721909717028,1.3927481906416832,1.402402758202239,-0.009654567560555988,-0.09844531252924225,0.08659318981501314,0.5609756097560976,0.5599240085782835,0.0010516011778141303,-0.04550243615219262,0.046972610586983606,0.989159891598916,0.9999153116531165,-0.010755420054200542,-0.021016433662280704,-0.002486299859299625
0.5,price_to_trig,high,replication,367,2.2232165400984885,0.5584317109599148,0.5405449346223854,0.017886776337529366,-0.22301678675554104,0.29470481862673104,2.48916662290961,2.393722906276204,0.09544371663340588,-0.13977304797041318,0.3632674983660175,2.533686575106403,2.456129634810526,0.07755694029587652,-0.02368623420508831,0.1884433537866692,1.4432614327830338,1.4275330807505764,0.015728352032457513,-0.09797029372153719,0.13164930974781894,0.5313351498637602,0.5391736460779266,-0.007838496214166426,-0.06084945874744295,0.041517739063910694,0.9809264305177112,0.9997019754768393,-0.018775544959128067,-0.031706365389967836,-0.006986996135050431
0.5,price_to_trig,low,pooled,1522,1.3398813886048604,0.4623769929140432,0.4736100724687513,-0.011233079554708146,-0.1234792921113523,0.10922699569905892,2.0389441747161854,2.1915589685361203,-0.15261479381993545,-0.27677057005149913,-0.011179182598615812,2.136439695603854,2.2778214098690808,-0.14138171426522728,-0.18278864755866248,-0.09630612182525133,1.3799715575665135,1.4090481905477132,-0.029076632981199082,-0.07660748904215837,0.01886704015126207,0.5768725361366623,0.5793849768987214,-0.002512440762059073,-0.02853456882031958,0.020736230289089663,0.9717477003942181,0.9985085800365094,-0.026760879642291378,-0.03386087381582545,-0.01974737472247124
0.5,price_to_trig,mid,pooled,1499,1.699993329609997,0.47494617539823647,0.4922852765277549,-0.01733910112951843,-0.13397542229212064,0.10039176377354285,2.1286673199722257,2.2665760370861845,-0.13790871711395858,-0.2617744052014866,-0.018157765448687243,2.232248942939654,2.352818558924094,-0.12056961598444016,-0.15771180942681637,-0.083320073315634,1.4271686810289905,1.4157511768290794,0.011417504199911242,-0.035669603086437185,0.059045908810430016,0.57104736490994,0.5617702178418919,0.00927714706804808,-0.014775733133703775,0.03553865699211338,0.9819879919946631,0.9997706804536357,-0.01778268845897265,-0.02427584665707565,-0.011709821008594365
0.5,price_to_trig,high,pooled,1498,2.239999741960154,0.5590403821289659,0.5282743711692562,0.030766010959709766,-0.11792205794953609,0.17383972567958272,2.5356386978831207,2.367301355690713,0.1683373421924078,0.02035044896661228,0.31574423307374644,2.591888773735957,2.454317442503259,0.13757133123269807,0.08562746241266164,0.19603141580277045,1.4293201769715076,1.4300563408800742,-0.0007361639085667925,-0.06515874742454617,0.059752774607784165,0.5226969292389854,0.5424656311537915,-0.019768701914806282,-0.04571164513768831,0.0072525202621017216,0.9806408544726302,0.9993892901623105,-0.01874843568968037,-0.0252179158322469,-0.012358653361112179
0.5,mfe_to_trig,low,discovery,1131,1.3999587069547377,0.47100539120281293,0.4838131354226847,-0.012807744219871752,-0.14618562542141303,0.14279476634591834,2.0496743237025927,2.214635647285262,-0.1649613235826689,-0.3138686717575659,0.0049820920351350195,2.134035622588244,2.286189201951041,-0.15215357936279705,-0.19623372804951678,-0.10163031826702414,1.3732132977767983,1.3993639574847967,-0.0261506597079983,-0.08015691378878835,0.0345663739525388,0.5729442970822282,0.5776957093546876,-0.004751412272459527,-0.03321626395166063,0.025484950769659134,0.9770114942528736,0.9985020017582382,-0.02149050750536463,-0.02979202602782498,-0.014350636668679355
0.5,mfe_to_trig,mid,discovery,1130,1.7723252101872204,0.4107036216211168,0.49867003561961754,-0.08796641399850072,-0.22730201858308108,0.045099464208846335,2.094727614459162,2.2808403681923006,-0.1861127537331384,-0.3259169683125896,-0.04300374431877476,2.261033039309944,2.359179379044582,-0.09814633973463766,-0.14517191579055758,-0.0500112939923847,1.439818160766021,1.4212198182782791,0.018598342487741976,-0.03504944481581085,0.07369872715797353,0.5831858407079646,0.5625449148722307,0.020640925835733976,-0.009690110629028947,0.048553746922797736,0.9814159292035398,0.9995970290771176,-0.01818109987357775,-0.025356692770616848,-0.011070232514655954
0.5,mfe_to_trig,high,discovery,1131,2.329765837011786,0.5581237410077162,0.5109704989200924,0.04715324208762381,-0.13842767071037823,0.22692509093728755,2.562750709098271,2.3383232036286774,0.22442750546959392,0.04189318586817992,0.3979398473895931,2.630235376298879,2.4529611129169084,0.17727426338197005,0.1118397150747709,0.24921732423861687,1.436875998895424,1.440995582002801,-0.004119583107377331,-0.08019680542157477,0.07645014358148534,0.5145888594164456,0.5456951651655396,-0.031106305749093874,-0.058944558737023894,-0.0020867015457975836,0.9787798408488063,0.999287826404192,-0.020507985555385674,-0.028866470023098178,-0.01322209659385524
0.5,mfe_to_trig,low,replication,379,1.396980916690552,0.5361471093485708,0.4786746492635837,0.05747246008498706,-0.1449252502466762,0.28158900429262546,2.014263313918681,2.1740338008099074,-0.15977048689122628,-0.36304313664473287,0.06285255308386113,2.0338514964900365,2.25109444346625,-0.21724294697621338,-0.28500161072090063,-0.1571485443887238,1.3295117229809381,1.3906097754990867,-0.06109805251814849,-0.15537199741751623,0.024206305313575368,0.5725593667546174,0.5743471190443744,-0.001787752289756995,-0.05098773084006274,0.041942395267242145,0.9577836411609498,0.9988579207647947,-0.0410742796038449,-0.05875007051550661,-0.02605248440216518
0.5,mfe_to_trig,mid,replication,395,1.7593631631593247,0.6436818299983434,0.4832542222433354,0.160427607755008,-0.019964885800235022,0.3442979744164913,2.263631558313848,2.2483926768981304,0.015238881415718032,-0.16811886416595964,0.196743141727846,2.1974856891971752,2.342674415536465,-0.14518872633928995,-0.20631654366957203,-0.08333030704014159,1.4069813123097434,1.4170180117600755,-0.010036699450331631,-0.10094713846840435,0.08460474361550525,0.5645569620253165,0.5635576271818106,0.0009993348435059326,-0.03768284879178244,0.039527684909727384,0.9873417721518988,0.9999208860759494,-0.012579113924050632,-0.024206381073696645,-0.0024630541871921183
0.5,mfe_to_trig,high,replication,353,2.3071832272105293,0.4748735816201041,0.5360471027626783,-0.06117352114257411,-0.3019324512322223,0.21115708973016353,2.4116060567692195,2.3811548617738607,0.030451194995358703,-0.19876329278249022,0.31424000591480494,2.5446384324869378,2.4530137163490053,0.09162471613793281,-0.014099273581051307,0.20230872042375306,1.461518728067982,1.4272478904941872,0.03427083757379485,-0.07744112619646439,0.1400181044859327,0.5325779036827195,0.5382927850158613,-0.005714881333141864,-0.05733919964349842,0.04221549359372812,0.9801699716713881,0.9996901558073654,-0.019520184135977336,-0.032939221683594956,-0.00746471854237131
0.5,mfe_to_trig,low,pooled,1510,1.3991861604474487,0.4873555310552913,0.48252340942646005,0.004832121628831219,-0.10156128461959979,0.12440183696204722,2.04078639475683,2.2044448527063487,-0.16365845794951875,-0.28657097176528085,-0.02692830815723597,2.1088900704086275,2.2773806499869775,-0.16849057957834992,-0.20649246238333158,-0.12814321110490032,1.36224449191744,1.3971667157810985,-0.0349222238636585,-0.08665437173875491,0.01433702697205175,0.5728476821192053,0.5768552353628938,-0.004007553243688497,-0.02971431059622638,0.02142799311184476,0.9721854304635762,0.9985913350718043,-0.026405904608228222,-0.03374136119202894,-0.019422292760803598
0.5,mfe_to_trig,mid,pooled,1525,1.7685959091986585,0.47104879690571,0.4946770872369084,-0.023628290331198478,-0.13133632750126792,0.0908172340132621,2.1384765048346384,2.2724358842177446,-0.13395937938310673,-0.253553068152303,-0.013167268720677873,2.244573233870899,2.3549043229228075,-0.11033108905190826,-0.14911900114016585,-0.06897907407670623,1.431312878706854,1.4201314815079902,0.011181397198863893,-0.03383805507552097,0.05866271783476766,0.5783606557377049,0.5628072239622529,0.015553431775451957,-0.008794797306771919,0.04061723057536118,0.9829508196721312,0.9996809133489462,-0.016730093676814987,-0.022754018220534244,-0.011043349102445662
0.5,mfe_to_trig,high,pooled,1484,2.32171151528051,0.5383209739835739,0.5169354862222708,0.02138548776130317,-0.13109941390674149,0.17021015464926784,2.526797836947223,2.3485115967049914,0.17828624024223202,0.02854220199879536,0.3315681465837941,2.609874378208842,2.4529736257279127,0.15690075248092888,0.10070711555308874,0.21667681595125998,1.4427377801608636,1.4377254101008197,0.005012370060044356,-0.06043409653389842,0.0685043506482971,0.5188679245283019,0.5439343564102589,-0.025066431881957042,-0.04918739030591862,0.0008583925197024227,0.97911051212938,0.9993835287487474,-0.02027301661936738,-0.02699346905020636,-0.013687555919386814
0.5,catchup1,low,discovery,1131,0.051845888559370445,0.4482651812883785,0.4984419366951923,-0.050176755406813885,-0.18787448137798599,0.09886474460575131,2.21996719031605,2.2616866477045985,-0.04171945738854784,-0.19670068516869413,0.11253348327932093,2.3569531523947718,2.3484958543765053,0.00845729801826604,-0.057568573705141735,0.07395164120347468,1.4554482314780814,1.4114010528721646,0.04404717860591672,-0.012733375923363497,0.10130454502085025,0.5738284703801945,0.5648550303657388,0.008973440014455766,-0.01660363669357422,0.0374835555853004,0.97789566755084,0.9986336738515276,-0.020738006300687513,-0.02895655679887534,-0.013348136713176048
0.5,catchup1,mid,discovery,1130,0.1592785294130868,0.5178067935940199,0.5027496733331659,0.015057120260854064,-0.1161873191198731,0.15424155929308886,2.2460451686245144,2.2942259024246474,-0.04818073380013298,-0.18585624231453668,0.10443435720639827,2.3110656913191496,2.3743035453801364,-0.06323785406098704,-0.1118691659948674,-0.008951439350668387,1.38059136579107,1.4201382053401903,-0.03954683954912024,-0.10420429056381868,0.018511407011315505,0.5539823008849557,0.5631702645362746,-0.009187963651318827,-0.03845840395096761,0.02078939131089654,0.9849557522123894,0.9993753511729175,-0.014419598960528164,-0.021243530836895588,-0.008081054853620408
0.5,catchup1,high,discovery,1131,0.3053111918922766,0.4738554767140336,0.49226566704076824,-0.01841019032673465,-0.17182923058305968,0.1479229310846642,2.2412740792603674,2.277898504108941,-0.036624424848573214,-0.19180578675181575,0.142936494188376,2.3573294320180795,2.375543666539918,-0.018214234521838575,-0.07031860494546134,0.03560262225577782,1.4138154934184508,1.4300391432202433,-0.01622364980179251,-0.08253544529182627,0.05145633917778765,0.5428824049513705,0.5579110474079193,-0.015028642456548804,-0.04503898837122299,0.012977241038827629,0.9743589743589743,0.9993776362134191,-0.025018661854444783,-0.03369317200967502,-0.01719538369963096
0.5,catchup1,low,replication,388,0.05146386573216022,0.5645052690155603,0.4859167065878627,0.07858856242769759,-0.12324393341370289,0.30900001210022293,2.2743349259419543,2.229122246424369,0.04521267951758511,-0.14783946357638064,0.2571550146334815,2.289356879544491,2.3227327624546033,-0.03337588291011249,-0.12400488385475177,0.050046443118173224,1.41014962755547,1.4050275843737658,0.005122043181704182,-0.09698077230890201,0.094541121522759,0.5489690721649485,0.5640017114551474,-0.015032639290199006,-0.0669378664245968,0.02742728008451881,0.9690721649484536,0.9989649535305598,-0.029892788582106235,-0.04641993952371463,-0.015616339154952112
0.5,catchup1,mid,replication,396,0.15535309291719213,0.5587650153380623,0.5204410231366869,0.03832399220137532,-0.18117380413332063,0.24577593064205117,2.1550505832648352,2.2953891848999928,-0.14033860163515813,-0.372291469412725,0.09354007303769622,2.180554370033386,2.35921696386992,-0.1786625938365335,-0.2492415692304941,-0.09915088451378912,1.367429283478119,1.4117069099126573,-0.04427762643453827,-0.14782740558505794,0.06821132409125674,0.553030303030303,0.5566465748757417,-0.0036162718454385108,-0.05019497670242644,0.04536942613782726,0.9772727272727273,0.9999605429292929,-0.022687815656565656,-0.03562475151081425,-0.010111350056722044
0.5,catchup1,high,replication,343,0.30216853971129165,0.5387331228934131,0.48658136972018196,0.05215175317323121,-0.1863025619585261,0.3530574120085587,2.253630371167148,2.270402435145296,-0.016772063978148406,-0.2607225212164828,0.29453297407710455,2.289574143656017,2.358497960807396,-0.06892381715137956,-0.13984174027281904,0.0002962990659049279,1.4195878152515002,1.4180614747562634,0.0015263404952368738,-0.09427219542044431,0.09671708942575447,0.5714285714285714,0.5569547121569716,0.014473859271599799,-0.03286825762481276,0.05920564497641308,0.9795918367346939,0.9995444606413995,-0.01995262390670554,-0.03639640497967479,-0.007965148401354923
0.5,catchup1,low,pooled,1519,0.05179362674837562,0.4779565269356112,0.4952426020792319,-0.017286075143620697,-0.13858235965022206,0.10412623704070832,2.2338544065259587,2.253368683453954,-0.019514276927995133,-0.14478501322629558,0.10145560609339797,2.339686954984693,2.3419151567690677,-0.0022282017843744182,-0.050268175128736686,0.0501557081373588,1.4438775545050904,1.4097730701352464,0.03410448436984401,-0.015181672837599953,0.08352259604993062,0.5674786043449638,0.564637066088379,0.0028415382565847597,-0.02280016875194115,0.027214036574737626,0.9756418696510862,0.9987182930190485,-0.023076423367962343,-0.02990057869284012,-0.016519167592098163
0.5,catchup1,mid,pooled,1526,0.15804323923662433,0.5284355326573494,0.5073406133870284,0.021094919270320915,-0.08510443338036038,0.14693253864948566,2.2224318948352395,2.2945277765139247,-0.07209588167868472,-0.19455224132918167,0.05453481590932241,2.277197746870157,2.3703885478191626,-0.09319080094900566,-0.13644853252739014,-0.04674015392063974,1.377175779555206,1.4179502676014597,-0.04077448804625362,-0.09120615632476885,0.006266753975921104,0.5537352555701179,0.5614773542442884,-0.007742098674170333,-0.0320104725369766,0.016807022112048677,0.9829619921363041,0.9995272095841395,-0.016565217447835404,-0.022823284328635608,-0.010463327071625415
0.5,catchup1,high,pooled,1474,0.3039418352803197,0.4889525137829122,0.4909429302829927,-0.001990416500080464,-0.1439980900587811,0.14117779812109188,2.2441493900636416,2.2761541678439956,-0.0320047777803536,-0.177366182237651,0.12452783375910795,2.341562767222837,2.3715771285031098,-0.03001436128027315,-0.07614479097763592,0.018404620538298576,1.41515871349222,1.4272519381434827,-0.01209322465126261,-0.07241660465968783,0.04694275881255639,0.5495251017639078,0.5576885080652633,-0.008163406301355472,-0.03264403954529054,0.015960475058865206,0.9755766621438263,0.9994164562804457,-0.02383979413661944,-0.030749808923115803,-0.017318844422295556
1.0,trig_pos,low,discovery,887,-1.4753159618556348,0.9285224012613362,0.993599965453566,-0.06507756419222992,-0.2645321117436701,0.142591373008209,2.5394299673679153,2.3923649953271595,0.14706497204075608,-0.044957685077647,0.35785867545406047,2.727951689973545,2.515809153740559,0.21214253623298604,0.12784719845669407,0.30558998656794606,1.087956879905264,1.0426661769900207,0.04529070291524319,-0.010174303275088638,0.10208052627801471,0.44419391206313413,0.4387389266123522,0.005454985450781933,-0.028423659820362875,0.037870875462058674,0.9808342728297632,0.999301171605587,-0.018466898775823685,-0.027518799917530673,-0.010150017393487474
1.0,trig_pos,mid,discovery,886,-0.9411688127400015,0.9870445750869166,0.9912048975895681,-0.0041603225026517286,-0.15394885126188704,0.15805699260536507,2.2712536917595427,2.320196454396511,-0.048942762636967986,-0.19697458932514103,0.11444695003083735,2.384631257333041,2.429413697467357,-0.0447824401343163,-0.09470508580771195,0.01237522540611645,1.0030095534060497,1.013533547025647,-0.010523993619597351,-0.04966649742456713,0.026979943422003345,0.4401805869074492,0.44498142897641363,-0.004800842068964475,-0.03765484709299163,0.026995815784672125,0.9909706546275395,0.9998589164785553,-0.008888261851015801,-0.015171276629822948,-0.003227823009091992
1.0,trig_pos,high,discovery,886,-0.5893902608074603,0.9892987376416257,0.9827611652298176,0.006537572411807995,-0.1782775414852781,0.19904555700587553,2.0847599138000765,2.222235132212499,-0.13747521841242252,-0.32846899348532377,0.06988898495303852,2.1775020864976358,2.3215148773218663,-0.14401279082423057,-0.19579763811003714,-0.08388254198695966,0.95447405457061,0.9829371134888288,-0.028463058918218948,-0.062442389114771596,0.010244147021319868,0.42776523702031605,0.4412918102956222,-0.01352657327530613,-0.045763954521266324,0.019897979956420373,0.9717832957110609,0.999556803677587,-0.02777350796652594,-0.038705845527942935,-0.017960504566607263
1.0,trig_pos,low,replication,268,-1.505575718546924,1.0437556746257437,0.9758014667152917,0.06795420791045191,-0.3069340363150699,0.4684099918065345,2.6333443240991277,2.401833598924236,0.23151072517489218,-0.10641909305684068,0.6133336043498463,2.696478851191515,2.5329223339270746,0.16355651726444032,0.034795569810447576,0.30725308416613817,1.0973757925314198,1.0534143375972065,0.04396145493421312,-0.03786241625081696,0.13459804734678169,0.43656716417910446,0.4475491506083255,-0.01098198642922102,-0.06744762639581034,0.043219172320160766,0.9813432835820896,0.9995335820895522,-0.018190298507462687,-0.03437689887152778,-0.003423556300010044
1.0,trig_pos,mid,replication,297,-0.924093389257897,1.2310287894796899,1.0154377278132607,0.21559106166642925,-0.036656495794417016,0.4633699523603864,2.3384011352439322,2.3245910544276556,0.013810080816277033,-0.23695922143589693,0.25924162490227287,2.201768584346961,2.4035495651971135,-0.20178098085015225,-0.2820752803244932,-0.1248164704935042,0.9248680057736769,1.0051295908607991,-0.08026158508712239,-0.13260163616648304,-0.02751951198818871,0.4175084175084175,0.4422807773502218,-0.024772359841804287,-0.0700096270395484,0.02053999978106077,0.9764309764309764,0.9998947811447811,-0.023463804713804715,-0.041859916345869115,-0.009508528471232819
1.0,trig_pos,high,replication,304,-0.5962397551273493,0.9969550894150593,1.0187115536179707,-0.021756464202911375,-0.26911042677818314,0.2674568188628353,2.034391069855147,2.23439871658599,-0.20000764673084317,-0.44006311411013943,0.08335376797427946,2.125528250199444,2.3037794327273757,-0.17825118252793185,-0.24644475622237128,-0.11321828120958481,0.9481214663786076,0.9686757053362759,-0.020554238957668457,-0.07904765453381252,0.0329672331263139,0.4342105263157895,0.42981891661928584,0.0043916096965036615,-0.04404464993771808,0.050640288953401134,0.9736842105263158,0.9980534995053704,-0.02436928897905448,-0.04198829739847255,-0.008996400545538151
1.0,trig_pos,low,pooled,1155,-1.4873817305996966,0.9552605114445927,0.9894700973480618,-0.034209585903469134,-0.2099333808636349,0.138704294535531,2.561221350574811,2.394562039278689,0.16665931129612271,-0.002977867695818125,0.3439132596364502,2.7206489014076713,2.5197800042080796,0.20086889719959186,0.12685046506405617,0.27139255142569163,1.0901423938306403,1.045160122481558,0.044982271349082094,-0.0019705118778861803,0.09698679810553505,0.44242424242424244,0.44078320369540064,0.0016410387288418543,-0.028671827219475386,0.033166438088363004,0.9809523809523809,0.9993550988867148,-0.01840271793433386,-0.02600009170613764,-0.010946352510548117
1.0,trig_pos,mid,pooled,1183,-0.9375274339370049,1.0482984311094472,0.9972887104183397,0.051009720691107395,-0.0730191426949127,0.19841142647920199,2.2881115030147106,2.3212997478954542,-0.033188244880743324,-0.16470456347279072,0.11165719621883122,2.338722369863162,2.4229203354350135,-0.08419796557185076,-0.12695714404515834,-0.037525321397654125,0.9833915993512613,1.0114236780645651,-0.02803207871330397,-0.0649647501842554,0.003473159126678608,0.4344885883347422,0.44430341246501975,-0.009814824130277596,-0.03891098434766326,0.015744034563743594,0.9873203719357565,0.9998679205409975,-0.012547548605240913,-0.019316492421119477,-0.006502833028313281
1.0,trig_pos,high,pooled,1190,-0.5908975978164426,0.9912546459938305,0.9919451299945223,-0.0006904840006917375,-0.14358980562189008,0.14209194537794476,2.07189257887633,2.2253424680524505,-0.1534498891761199,-0.29686505494490345,0.011115261196520294,2.1642247367206187,2.3169841418960466,-0.15275940517542821,-0.19716068501940104,-0.11057309616284618,0.9528512085114765,0.9792938630027984,-0.026442654491322017,-0.05837054799392153,0.003840599932938839,0.4294117647058823,0.43836091981023867,-0.008949155104356402,-0.03732996039388537,0.0193888229315068,0.9722689075630252,0.9991727663092225,-0.026903858746197093,-0.03592547131983168,-0.018222183902537784
1.0,price_to_trig,low,discovery,887,1.586509050875938,0.93131861648003,0.9430876726336369,-0.011769056153606903,-0.16487801604919758,0.15215340240462963,2.0725033818107375,2.1967521585708787,-0.12424877676014134,-0.28805576031394864,0.06755068666487553,2.20407831699828,2.316558037604815,-0.11247972060653447,-0.17157748653705143,-0.04441202215361609,0.9685098153426409,0.9990590088055428,-0.030549193462901986,-0.0663080125356259,0.006135865221813786,0.42841037204058624,0.4505844900138208,-0.022174117973234504,-0.055385407277697474,0.013118466459215983,0.9740698985343855,0.9996101500094048,-0.025540251475019145,-0.035991185251194324,-0.015996201079349945
1.0,price_to_trig,mid,discovery,886,1.9607332942628908,0.9725805133827449,0.9885199479970966,-0.01593943461435171,-0.18754236130206176,0.1629349325773031,2.268352349914726,2.3231441934011943,-0.0547918434864681,-0.21949056583190998,0.12062878859186604,2.3861889953105675,2.4250414041826835,-0.03885240887211642,-0.09596571505466941,0.019175528201267337,1.0234675916143456,1.0150096598027385,0.008457931811607212,-0.03291579376826344,0.04948745629305769,0.4525959367945824,0.4441599870691207,0.00843594972546169,-0.025759932725727193,0.039732566454749804,0.9875846501128668,0.999788374717833,-0.01220372460496614,-0.019973555391218378,-0.0056440655932691
1.0,price_to_trig,high,discovery,886,2.501389204690004,1.000963428127985,1.0360154192593967,-0.035051991131411435,-0.21547509161043404,0.1697046483874732,2.5551148463776436,2.4151210119468915,0.13999383443075253,-0.047987242327078725,0.34605538928461405,2.7004090006973773,2.525363175135213,0.175045825562164,0.10250051326410632,0.2548269517587622,1.0535978970248947,1.025117386918997,0.02848051010589788,-0.022985726403518928,0.08137696159965528,0.43115124153498874,0.43025431909106127,0.0008969224439275046,-0.032777518236797934,0.033606946994027394,0.981941309255079,0.9993180183004013,-0.017376709045322358,-0.025758569736897278,-0.009559649081151065
1.0,price_to_trig,low,replication,310,1.5953270865641933,1.0140819452012078,1.0084372432008135,0.005644702000393997,-0.22456030729043433,0.28487056042479214,2.0361528972445764,2.2386424241052176,-0.2024895268606412,-0.4344528791642373,0.07089683225488116,2.092509834622036,2.300644063483072,-0.2081342288610353,-0.2582132220659778,-0.16086964938023365,0.9518480007458621,0.979835275489992,-0.02798727474412994,-0.08379695137963854,0.0202864663996911,0.4258064516129032,0.4356383456780626,-0.009831894065159339,-0.052960964258211354,0.03349035219708244,0.9741935483870968,0.9980911737084922,-0.02389762532139536,-0.04120475831960967,-0.00891752403933144
1.0,price_to_trig,mid,replication,282,1.945351576675214,1.2013759252529905,1.011194628878607,0.1901812963743835,-0.072157669977689,0.4571507317898807,2.3541466311203085,2.322040678812899,0.03210595230740871,-0.21570426548072688,0.2894923617092583,2.2418836309695314,2.399958975036506,-0.15807534406697485,-0.24432034093697721,-0.0696368319701434,0.9294512284118764,1.0036825044981268,-0.07423127608625063,-0.14070357380385062,-0.007341992404984044,0.425531914893617,0.44214985787459193,-0.016617942980974895,-0.06761580113396788,0.033675907553305906,0.9787234042553191,0.9998891843971631,-0.021165780141843973,-0.03925919258832565,-0.006739819215357378
1.0,price_to_trig,high,replication,277,2.5220544500929556,1.0659314242730236,0.9928363891844055,0.07309503508861814,-0.2812803549752799,0.44407665551390363,2.6123449571849577,2.399124673722002,0.21322028346295518,-0.09551367548619781,0.5676044890095387,2.678169520089406,2.5380442717150684,0.14012524837433704,0.013064881398921929,0.27688959003466324,1.0824307193102265,1.0416192913847193,0.040811427925507286,-0.0388481913814269,0.12733756516802475,0.4368231046931408,0.4412684722291541,-0.004445367536013282,-0.058013772396793284,0.0502895774002222,0.9783393501805054,0.9995487364620939,-0.021209386281588447,-0.03935271311726173,-0.006646295798448424
1.0,price_to_trig,low,pooled,1197,1.5881405288267625,0.952752728345999,0.9600119557379181,-0.007259227391919105,-0.13094378177148122,0.1276925874914288,2.063089304771882,2.2076009324352435,-0.14451162766336187,-0.28680118756059886,0.006386593623321645,2.175184223818133,2.312436624089576,-0.13725240027144278,-0.1856773082163268,-0.08799381682099827,0.9641947255139011,0.9940804312551496,-0.029885705741248405,-0.06126629108740765,0.0003447569275549807,0.4277360066833751,0.44671372581659013,-0.018977719133215037,-0.04822492066739719,0.008971867333901517,0.9741019214703425,0.9992167643341477,-0.025114842863804963,-0.03410526533757371,-0.016715514138908143
1.0,price_to_trig,mid,pooled,1168,1.955176162424088,1.02782050152265,0.9939944856756804,0.033826015846969655,-0.10580581714986498,0.19288083940096712,2.2890663801373066,2.322877762652993,-0.033811382515686196,-0.17182982177638084,0.1246793135299836,2.3513481453583647,2.418985543721021,-0.06763739836265588,-0.11126570561639333,-0.01844809848618573,1.0007684354301878,1.0122748500459744,-0.011506414615786543,-0.047919119745053446,0.021151804159488162,0.4460616438356164,0.4436746647807156,0.0023869790549008035,-0.025121204282270194,0.02809099567947396,0.985445205479452,0.9998127140410958,-0.014367508561643835,-0.02177737939006803,-0.007677399992437992
1.0,price_to_trig,high,pooled,1163,2.5036866666187088,1.0164373188693228,1.0257311618812601,-0.009293843011937494,-0.18177356557494403,0.15562441831554719,2.5687457498115442,2.4113110500481,0.15743469976344399,-0.012229490365057244,0.3194037076038245,2.695112065075358,2.5283835222999764,0.1667285427753815,0.10091458638837683,0.2305743314034227,1.0604652158323211,1.0290477631331025,0.03141745269921843,-0.012832051275256636,0.07894592092989443,0.43250214961306965,0.43287763845413235,-0.0003754888410626925,-0.030094195915101186,0.03059919671691896,0.9810834049871023,0.9993729700895577,-0.01828956510245538,-0.02602340206092873,-0.010916368706757057
1.0,mfe_to_trig,low,discovery,887,1.660469636865204,0.9064661533666382,0.9596122544910446,-0.053146101124406535,-0.22847395912981894,0.11406924295456247,2.0221859179420303,2.2216947530719935,-0.19950883512996304,-0.39024787757284574,-0.009497012613588884,2.17402070224204,2.320383436247597,-0.14636273400555647,-0.20061913585405441,-0.08417506053837155,0.9703832543478158,0.9921873565074802,-0.021804102159664454,-0.05953878391346147,0.01632102908364114,0.43404735062006766,0.4467749215669196,-0.012727570946852017,-0.048302355198017594,0.024531299600151622,0.9729425028184893,0.9996101500094048,-0.02666764719091543,-0.037874665542306805,-0.017127707627533493
1.0,mfe_to_trig,mid,discovery,886,2.027225288237962,1.038521813878156,0.9823155263632485,0.0562062875149074,-0.11284047758058992,0.23016781872439174,2.333115036975529,2.3132550937197647,0.019859943255764314,-0.14468790058531947,0.19283259094332456,2.3806217031690733,2.416968047428217,-0.036346344259143105,-0.08725258638784489,0.018346061125740405,1.0084588994070882,1.0161774206031964,-0.007718521196108226,-0.04554015133078422,0.03249397045653154,0.44243792325056436,0.4451689804830961,-0.0027310572325317845,-0.034690743092943586,0.03091770354500994,0.9875846501128668,0.9997707392776524,-0.012186089164785554,-0.02015821046306854,-0.005629313371959537
1.0,mfe_to_trig,high,discovery,886,2.610601698316504,0.9599026409300669,1.025676608266246,-0.06577396733617927,-0.27224163604878904,0.14511002400806242,2.5407264149054902,2.4000393652146768,0.14068704969081333,-0.05975224440766439,0.3500006272971333,2.736067832668199,2.5296068156412064,0.2064610170269926,0.12331505052218344,0.3022705956623357,1.0667310357360007,1.0308290342318365,0.03590200150416446,-0.017085317008205085,0.09259187666610903,0.435665914221219,0.43305919386264025,0.0026067203585786896,-0.032911470468546505,0.035479334367363446,0.9830699774266366,0.999335653740582,-0.016265676313945383,-0.025118413723923545,-0.007967039829298852
1.0,mfe_to_trig,low,replication,308,1.6829875660092615,1.0867829457375169,1.013554494106089,0.07322845163142766,-0.17225515235371094,0.3512781062889295,2.1010427634607565,2.248101689098208,-0.14705892563745163,-0.37678058095262074,0.1334442103574775,2.0798590081622024,2.300146385431082,-0.22028737726887931,-0.2685401902970477,-0.17259967425331327,0.9314536365123038,0.9752841508858199,-0.04383051437351607,-0.10114243092208808,0.009799227183324363,0.4155844155844156,0.4349917228969574,-0.01940730731254184,-0.06580252452396974,0.025949896595215016,0.974025974025974,0.9980787787325733,-0.024052804706599224,-0.041837441179909535,-0.008888349751655294
1.0,mfe_to_trig,mid,replication,285,2.02020022709024,1.088082922615852,1.0056025899110625,0.08248033270478955,-0.1557071278912166,0.33965774811772653,2.253807509998375,2.319392080594116,-0.06558457059574069,-0.30830255682972457,0.18637868823972528,2.2538664991044817,2.4019314024050114,-0.14806490330053024,-0.2266113478608841,-0.07110984287776595,0.9628187871822423,1.008520674666037,-0.04570188748379449,-0.10645937787311593,0.01493009256869302,0.4456140350877193,0.44215312587023115,0.003460909217488163,-0.039340234626914654,0.04975775099307332,0.9789473684210527,0.999890350877193,-0.02094298245614035,-0.03909239760739705,-0.0066655863014251455
1.0,mfe_to_trig,high,replication,276,2.6102316105359655,1.0999407182053345,0.9928137254738097,0.10712699273152461,-0.23023962363048375,0.4764348074254235,2.6421738759656845,2.3909786025626043,0.2511952734030807,-0.056334762386514275,0.5950247005238918,2.680411822363293,2.536343541691737,0.14406828067155605,0.013197269455483301,0.28691261340792573,1.0714505851433713,1.0416667921423315,0.02978379300103964,-0.05175785770424519,0.11965645681957242,0.427536231884058,0.44193631290953345,-0.014400081025475487,-0.07075988930794558,0.043602561090225554,0.9782608695652174,0.9995471014492754,-0.021286231884057972,-0.03918953224851649,-0.006671976099967649
1.0,mfe_to_trig,low,pooled,1195,1.6635100545618073,0.9529411090572076,0.9735153589273909,-0.020574249870183112,-0.16364073979378474,0.11197890493850153,2.042510527498321,2.228500892231888,-0.18599036473356675,-0.34160747547880294,-0.03269446533261744,2.149751412052425,2.315167526915809,-0.16541611486338362,-0.2064806549281401,-0.1175546796995013,0.9603495118429309,0.9878307143890943,-0.027481202546163444,-0.05977762380396755,0.004913075330481284,0.4292887029288703,0.4437379130394315,-0.014449210110561191,-0.043407415042967856,0.012873664205891493,0.9732217573221758,0.9992154534794768,-0.025993696157300874,-0.03449468926006675,-0.017910862136630932
1.0,mfe_to_trig,mid,pooled,1171,2.0243880197019544,1.0505840820167072,0.9879831720601971,0.06260090995650981,-0.07552261480060928,0.20449829268073172,2.313813034252652,2.3147487241716775,-0.0009356899190255546,-0.1430576230714671,0.15048858682175376,2.3497718029484,2.4133084028239353,-0.06353659987553535,-0.10759863195870165,-0.019745504609362762,0.9973509301636373,1.0143139085689603,-0.01696297840532307,-0.04990782636095929,0.014552251625006741,0.44321093082835183,0.4444349765850034,-0.0012240457566516094,-0.02938593084766738,0.026032756106017345,0.9854824935952178,0.9997998505550811,-0.014317356959863364,-0.022069474521154944,-0.008117171201629457
1.0,mfe_to_trig,high,pooled,1162,2.6102518518674795,0.993164697150354,1.01787096657028,-0.02470626941992602,-0.19640947227258732,0.1411234331145411,2.56482236951187,2.397887239145854,0.16693513036601626,3.95775551123595e-05,0.331737152091334,2.7228483328023176,2.531206933016375,0.19164139978594227,0.12287996839935815,0.2628063819949493,1.0678520302596104,1.03340323490593,0.03444879535368043,-0.011763357329274719,0.08166682794232501,0.43373493975903615,0.4351677006242087,-0.0014327608651725596,-0.03250174539118879,0.028072558724985316,0.9819277108433735,0.9993858771206159,-0.017458166277242348,-0.025617394282018844,-0.01070078210516454
1.0,catchup1,low,discovery,887,0.07536403199202779,0.9540075084957204,0.9874558150228149,-0.03344830652709443,-0.21589357124055492,0.16651596745372474,2.298555936163602,2.287894979038125,0.010660957125477311,-0.17931286751876374,0.2307656725823463,2.4471189168197585,2.4030096531671874,0.04410926365257177,-0.02417864367285642,0.12031422042132114,1.0362615740311272,1.004866348602947,0.031395225428180254,-0.009940305562734697,0.07480470843991982,0.4509582863585118,0.44452384943705114,0.006434436921460627,-0.02661793437838429,0.039797218527892995,0.9853438556933484,0.9993193978572819,-0.01397554216393342,-0.02182922147615803,-0.007059080183957709
1.0,catchup1,mid,discovery,886,0.1700269321249722,0.940140477984037,0.9939511026651874,-0.053810624681150394,-0.2073627505670427,0.11726568609393677,2.178135806591448,2.3097589196713137,-0.13162311307986588,-0.29694334577344583,0.0603638096717364,2.333310130417263,2.4111226188159782,-0.07781248839871548,-0.13277816630095282,-0.017384571951732805,0.9884989727904766,1.0083888068634972,-0.01988983407302056,-0.058631205558429496,0.017204396596661415,0.4255079006772009,0.442192141554695,-0.01668424087749412,-0.051734045470917714,0.01636360519210676,0.9785553047404063,0.9997868801890041,-0.021231575448597773,-0.030063006240124528,-0.01272060171768878
1.0,catchup1,high,discovery,886,0.277326985602467,1.0106889632807365,0.986166045291982,0.024522917988754604,-0.15828672206056657,0.22169806690593583,2.41902369702486,2.337260595208998,0.08176310181586162,-0.11749181388040299,0.2872335542979773,2.509972953579788,2.452732769752681,0.05724018382710701,-0.004796238551388983,0.12340763646598787,1.0207382879066786,1.0259243455012435,-0.005186057594564565,-0.0500781470190298,0.03918953843875865,0.435665914221219,0.4382896456343746,-0.002623731413155715,-0.038943476292060256,0.03147552020545818,0.9796839729119639,0.999610593144053,-0.019926620232089187,-0.02867472381499823,-0.011906813975110068
1.0,catchup1,low,replication,338,0.07090573467815531,1.1404392658523068,1.0129005581095087,0.12753870774279832,-0.1620889197886843,0.42796403022115825,2.4199130484341773,2.2957617557274026,0.12415129270677468,-0.16698628054898276,0.4206701485645988,2.381314302140059,2.3847017171760827,-0.003387415036023738,-0.10432172736989047,0.09455915416238247,0.9692750699075111,0.9971844335106826,-0.027909363603171488,-0.10025063305154562,0.04451354348458444,0.41124260355029585,0.43522104969576375,-0.023978446145467937,-0.07964856011218006,0.030906101657468234,0.9733727810650887,0.9980181622770194,-0.024645381211930655,-0.041070238308996976,-0.010521246677368421
1.0,catchup1,mid,replication,274,0.16951387756171188,1.136766690626878,0.9970684300210965,0.13969826060578147,-0.11096673598788821,0.4171488424724418,2.211013399666207,2.297832630327701,-0.08681923066149365,-0.34062798974652103,0.19087339737472683,2.1665970444663754,2.3931145357336505,-0.2265174912672751,-0.29656239529715667,-0.15388924641782406,0.9592252530198626,1.0022076263996709,-0.04298237337980826,-0.09828626668757073,0.017676918806989354,0.4416058394160584,0.44292469754560637,-0.0013188581295480253,-0.053313614643109554,0.05276143273169478,0.9817518248175182,0.9999429744525548,-0.018191149635036496,-0.034033203125,-0.003610316628035773
1.0,catchup1,high,replication,257,0.2789664564993828,0.9784975617412487,1.0008987240206433,-0.022401162279394652,-0.3315802426663307,0.33657558410807026,2.314972838064927,2.364897055926839,-0.0499242178619125,-0.3785073628919648,0.32558252798234666,2.4288341067076953,2.4563571622902134,-0.027523055582517872,-0.13938186921677367,0.0989616501405637,1.0372324627864515,1.025924969742475,0.011307493043976597,-0.07146869407186808,0.08423994572597202,0.4396887159533074,0.44163203098694814,-0.0019433150336407527,-0.06062773600552598,0.05466890595283812,0.9766536964980544,0.9997568093385214,-0.023103112840466927,-0.04202742722498786,-0.007275178237073312
1.0,catchup1,low,pooled,1225,0.07361332134264842,1.0054474546071703,0.9944764869928577,0.010970967614312727,-0.13781280533862025,0.17487649084697618,2.3320405924472385,2.2900655672185137,0.04197502522872505,-0.11976201512339868,0.20804381090096613,2.4289622149734416,2.3979581573590294,0.031004057614412356,-0.021966476626555362,0.09476950251652251,1.01777876717906,1.0027467671325914,0.015032000046468505,-0.021017424396129556,0.050884638666268224,0.44,0.44195703612067966,-0.001957036120679662,-0.02978527718226416,0.026735640022775523,0.9820408163265306,0.9989603630604421,-0.016919546733911432,-0.024128659951920862,-0.010507787624373021
1.0,catchup1,mid,pooled,1160,0.16968877635250157,0.9865849454531217,0.9946874368854624,-0.008102491432340632,-0.15283752476219592,0.13572333003446777,2.185901720817727,2.306941847878081,-0.1210401270603538,-0.2731278058781401,0.040487025011165995,2.2939313497702427,2.406868985398256,-0.11293763562801319,-0.16035703939739587,-0.057616126961456585,0.9815843182929351,1.0069287694091105,-0.025344451116175587,-0.05965343842777934,0.00978836920627464,0.42931034482758623,0.44236517633185857,-0.01305483150427237,-0.04356840770756255,0.018142905902319307,0.9793103448275862,0.999823750730567,-0.020513405902980713,-0.02818650133032516,-0.01312156945280426
1.0,catchup1,high,pooled,1143,0.27789345970484347,1.003450826626626,0.989478642346458,0.013972184280168134,-0.15454324588558604,0.18591203897403907,2.3956281845553034,2.343474567566378,0.05215361698892554,-0.13105917945544102,0.23661840666185593,2.4917291358666405,2.453547703157883,0.03818143270875741,-0.01955252404475702,0.09532044263355759,1.0244469518997685,1.0259244858599457,-0.001477533960176921,-0.03936764530103836,0.03846045238736845,0.43657042869641294,0.43904117059991393,-0.002470741903500995,-0.03196487907557745,0.028264691165065185,0.979002624671916,0.9996434694012519,-0.020640844729335975,-0.02813244008205425,-0.013116246491509519
1.5,trig_pos,low,discovery,701,-1.2363988431880137,1.4366975526717474,1.5006396268438411,-0.06394207417209383,-0.30328404788337754,0.17377588800742091,2.645890275117283,2.447269363958379,0.19862091115890412,-0.02109582276687408,0.4437872000626187,2.8372872824156317,2.5747242970846336,0.262562985330998,0.17471121642048568,0.35228613873102443,0.8871058185730715,0.8393634835945849,0.04774233497848644,0.0029982176521923796,0.09236104076149237,0.35805991440798857,0.3233234830425064,0.03473643136548218,-0.0013153295770112255,0.06735640881348347,0.9771754636233951,0.9997990399202953,-0.02262357629690012,-0.033546600979701455,-0.01290228380024911
1.5,trig_pos,mid,discovery,700,-0.7001171467372506,1.4650107007797133,1.503380923399752,-0.038370222620038814,-0.2367434531431191,0.17946844532437992,2.3184970500685522,2.3819894710650837,-0.06349242099653145,-0.26535676141694786,0.15991881573101202,2.4591716610702163,2.484293859446709,-0.025122198376492665,-0.08982045762307159,0.04284081079671367,0.8106431502710368,0.8153514367660905,-0.004708286495053585,-0.036990965569789425,0.02658971182880824,0.31142857142857144,0.3096863725328841,0.0017421988956873077,-0.03707603064792951,0.03991617459077985,0.9885714285714285,0.9999107142857143,-0.011339285714285715,-0.02003628031620958,-0.004238367287149485
1.5,trig_pos,high,discovery,701,-0.2449564661161921,1.5190611357842276,1.4790838736418999,0.03997726214232779,-0.14774470513778196,0.2194993473130971,2.1252469727689522,2.2249038519452347,-0.09965687917628255,-0.31200754929160257,0.10420974735080515,2.1952445753834757,2.3348787167020864,-0.13963414131861032,-0.19804765508335045,-0.07936255242548629,0.7366104036676719,0.7818941595647609,-0.04528375589708899,-0.06926994230029283,-0.019199100270320717,0.21968616262482168,0.27151732012155494,-0.05183115749673326,-0.07755193550239255,-0.02237098666368525,0.9757489300998573,0.9988152691130293,-0.02306633901317188,-0.03282290319760448,-0.013613791530443937
1.5,trig_pos,low,replication,211,-1.2693827405292242,1.6841945625674928,1.5122157272044632,0.17197883536302958,-0.2900097159177415,0.6492553937335327,2.8467461739344087,2.479456247899131,0.3672899260352781,-0.04974477227552305,0.8375178771699384,2.7720098732461973,2.5766987825739487,0.1953110906722485,0.023451362276044545,0.4055522894526914,0.8626099314642256,0.8408498111598282,0.021760120304397387,-0.05559167312468597,0.09883679477150561,0.3459715639810427,0.3226433979926374,0.023328165988405248,-0.038767750366792704,0.07948318012926989,0.985781990521327,0.9997037914691943,-0.013921800947867298,-0.031843358264409406,0.0003035025753000534
1.5,trig_pos,mid,replication,247,-0.6721876992498032,1.6296862836954782,1.5222093753277934,0.10747690836768467,-0.16254958781394974,0.36090033997000903,2.3701683519391943,2.3915602821753015,-0.021391930236106676,-0.26288177006062996,0.2240956922259942,2.334299811202675,2.4631686498064664,-0.12886883860379136,-0.22922888813528736,-0.014242412959779651,0.7736833138184775,0.8108980612134854,-0.03721474739500766,-0.07900181165851561,0.009039717731576132,0.27125506072874495,0.31061226784910995,-0.039357207120365015,-0.0813099521832999,0.003355492040105128,0.97165991902834,0.9999367408906883,-0.02827682186234818,-0.04794547983601071,-0.011583011583011582
1.5,trig_pos,high,replication,231,-0.25715465892373585,1.530012822375987,1.515971793094775,0.014041029281212094,-0.3098576394716285,0.3816044343351745,1.9994622745000474,2.2628955949110616,-0.26343332041101436,-0.5776745559900492,0.0941325345869418,2.046078283753028,2.323552633445255,-0.27747434969222645,-0.34589112569443425,-0.21507774733532567,0.7413060110122225,0.777529104161039,-0.036223093148816776,-0.08946723603950753,0.015528987125014835,0.2683982683982684,0.26657804327820833,0.001820225120060071,-0.05123237593562722,0.054665686646110184,0.9783549783549783,0.9994130163621688,-0.02105803800719055,-0.04128478562150175,-0.004629096262160778
1.5,trig_pos,low,pooled,912,-1.2376761547638804,1.493958374040171,1.5033178693614853,-0.009359495321314167,-0.22853674224603607,0.20411293677590805,2.6923602253918593,2.4547161101332673,0.23764411525859153,0.03880457730528913,0.45001127979343103,2.8221847239345457,2.57518111335464,0.24700361057990572,0.16634338796299705,0.3311356014204329,0.881438458726617,0.8397073598185611,0.04173109890805575,0.0057776337195841795,0.08368819792570979,0.35526315789473684,0.32316613880399503,0.0320970190907418,0.0014377603653223875,0.06233721516056155,0.9791666666666666,0.9997770032720691,-0.020610336605402395,-0.029985058849591614,-0.012528334034412284
1.5,trig_pos,mid,pooled,947,-0.6918890988540435,1.5079619879816077,1.508291829024067,-0.00032984104245943087,-0.15807339252684954,0.17361106775933188,2.331974147810948,2.3844857649871782,-0.05251161717623059,-0.2115582116565618,0.12737198293872498,2.4266021289505937,2.4787839050843647,-0.05218177613377122,-0.10360917971733705,0.003433194946515846,0.8010031506894295,0.8141898910834151,-0.013186740393985638,-0.0410959804413352,0.015618333778192878,0.30095036958817317,0.3099278679321532,-0.008977498343979982,-0.040355880757907754,0.021967103406007108,0.9841605068637803,0.9999175026399155,-0.015756995776135162,-0.023555701513394714,-0.009003893711594846
1.5,trig_pos,high,pooled,932,-0.24614623648318848,1.5217755559587947,1.4882266948796834,0.03354886107911135,-0.1292229426999941,0.20534121605432457,2.094070722446938,2.2343202603412715,-0.14024953789433306,-0.31709458018588604,0.041706913718572554,2.158273101814127,2.3320715007875714,-0.17379839897344437,-0.21991097791400355,-0.12659695120055342,0.7377742290931989,0.7808122627855122,-0.04303803369231336,-0.06623517539676377,-0.020653977612302248,0.2317596566523605,0.27029310021724906,-0.03853344356488857,-0.0626341475208297,-0.013847677547552777,0.9763948497854077,0.9989634232058953,-0.022568573420487667,-0.031829397530924855,-0.013354175190435297
1.5,price_to_trig,low,discovery,701,1.7285205522463636,1.512337940923033,1.4505041770176563,0.06183376390537684,-0.12059553945553353,0.24772182305497836,2.1564200437680916,2.2019114390750683,-0.04549139530697714,-0.2509190888626828,0.1609884441270835,2.2170542746326776,2.3243794338450314,-0.107325159212354,-0.1725073806365853,-0.042167129928045465,0.7486896873161111,0.7890803040578594,-0.04039061674174826,-0.06518712652912276,-0.0123992511200566,0.23395149786019973,0.2776745593355751,-0.04372306147537541,-0.07133925045583651,-0.0126618695354688,0.9757489300998573,0.9988152691130293,-0.02306633901317188,-0.03311571647862265,-0.01382462915275635
1.5,price_to_trig,mid,discovery,700,2.201407115276971,1.4537874455189075,1.486487172792969,-0.03269972727406135,-0.22544613149762524,0.19047965887381027,2.283712263680769,2.3832562048777297,-0.09954394119696033,-0.29075257760031237,0.12190174954161291,2.4255796666129785,2.4924238805358776,-0.06684421392289899,-0.129235998337985,-0.0014135859414195469,0.810835911324706,0.8194896331971248,-0.00865372187241888,-0.040462690116252246,0.020754441546136,0.30714285714285716,0.31301251047621526,-0.005869653333358128,-0.04249239595778574,0.03135362457891863,0.9871428571428571,0.9998883928571428,-0.012745535714285714,-0.02066388039044289,-0.005313952827880316
1.5,price_to_trig,high,discovery,701,2.785484055609084,1.454627992443875,1.546088974573289,-0.09146098212941425,-0.29594744096868686,0.14545665820952525,2.6494523688420353,2.468996850054148,0.18045551878788726,-0.025747871359359575,0.4172297231832922,2.8490216575174516,2.57710515660015,0.2719165009173014,0.18968260742327658,0.3628309918677048,0.874834048851068,0.8280450459463878,0.04678900290468026,0.005437916959983343,0.0858502675847363,0.34807417974322397,0.3138448507324352,0.034229329010788824,-0.0030518496623515422,0.06950469332927468,0.978601997146933,0.9998213295066005,-0.021219332359667595,-0.031227778899111273,-0.011095902722601391
1.5,price_to_trig,low,replication,232,1.7468349097788418,1.581446529444913,1.504764707194285,0.07668182225062815,-0.2602624373343403,0.47876894466042685,2.0754846273165057,2.2537685163289876,-0.1782838890124818,-0.5183973796955196,0.2033111277534037,2.062487116668305,2.3174528279314153,-0.2549657112631099,-0.3281418927757206,-0.17946597476194648,0.737737750776727,0.7813964622284453,-0.0436587114517182,-0.10293135528140107,0.013083103201978993,0.25862068965517243,0.27128837498821606,-0.012667685333043636,-0.0695141991056947,0.045940238869604084,0.978448275862069,0.9994155464640561,-0.020967270601987144,-0.041231546044308426,-0.00456517696646625
1.5,price_to_trig,mid,replication,251,2.1643699113632597,1.5914989761669955,1.5162093861394088,0.07528959002758669,-0.18421709388478305,0.35775292746906917,2.3049207288186686,2.4060468480262536,-0.10112611920758464,-0.36151735236537424,0.17560412675379974,2.290895100807482,2.4673108100426537,-0.1764157092351714,-0.2733762308220458,-0.07335724282776368,0.7797033127436944,0.8142146238343074,-0.03451131109061297,-0.0770767310411004,0.012637814014258713,0.2908366533864542,0.312994055523936,-0.022157402137481814,-0.06474138442874211,0.022261527863346744,0.9721115537848606,0.999937749003984,-0.027826195219123506,-0.048188421699438204,-0.011194029850746268
1.5,price_to_trig,high,replication,206,2.779509445500688,1.6746052858943763,1.531935681363758,0.1426696045306183,-0.329333341996257,0.6051895570123779,2.8539964784841603,2.4748421640075557,0.3791543144766046,-0.039142051205733025,0.852343329372813,2.8184395087341407,2.5819547987881553,0.23648470994598625,0.05513930979503631,0.4635158888191798,0.8616090918304415,0.8333422549332242,0.02826683689721729,-0.05139534765887996,0.11058731956408434,0.33495145631067963,0.31494225339159565,0.02000920291908391,-0.046663893559894906,0.08393119239949098,0.9854368932038835,0.9996966019417476,-0.014259708737864078,-0.03297115302460697,0.00030208110230598974
1.5,price_to_trig,low,pooled,933,1.7346208381921357,1.5295224988405856,1.4639966132459286,0.06552588559465689,-0.09440851230470572,0.23261727174189933,2.1362946240287903,2.214806232132849,-0.0785116081040587,-0.2494264385032146,0.09705868168923423,2.178619568686553,2.3226570623852685,-0.14403749369871557,-0.19636506778622503,-0.08927341364976583,0.7459663761937777,0.7871696381367188,-0.041203261942941216,-0.06739109896268007,-0.01683690929069408,0.24008574490889603,0.2760865692299081,-0.0360008243210121,-0.062045988012176825,-0.01084565184828462,0.9764201500535906,0.99896453422068,-0.022544384167089503,-0.03162413704403534,-0.013749200064139318
1.5,price_to_trig,mid,pooled,951,2.1899139533889027,1.4901340219570465,1.494331836883354,-0.004197814926307779,-0.1646239469763594,0.15834506013990543,2.2893098711987636,2.3892714009137754,-0.09996152971501154,-0.2660305145383054,0.06985454592431022,2.3900320051858706,2.485795719974574,-0.09576371478870381,-0.14678274852061526,-0.03840067247597383,0.802619000447909,0.8180973857207136,-0.015478385272804492,-0.039505310726085374,0.01023345118939891,0.3028391167192429,0.3130076396107872,-0.010168522891544298,-0.03763966731225841,0.017550491401336056,0.9831756046267087,0.9999014195583596,-0.016725814931650894,-0.024671350591151792,-0.009338586283705633
1.5,price_to_trig,high,pooled,907,2.7843002173884486,1.5045897592033053,1.5428744449137926,-0.03828468571048734,-0.23431201173219696,0.16092045230966184,2.6959089141411288,2.4703244516797294,0.22558446246139963,0.023073497753319114,0.4193910275005128,2.84207576705509,2.578206618883203,0.26386914817188695,0.18463508780507445,0.34618405176548483,0.8718303651176071,0.8292481606666615,0.04258220445094556,0.007182322019055255,0.08054180441602522,0.34509371554575524,0.31409409543782335,0.030999620107931922,-0.0013864872831357686,0.0639669694871785,0.980154355016538,0.9997930010850352,-0.019638646068497228,-0.02809442971610815,-0.011522034857215376
1.5,mfe_to_trig,low,discovery,701,1.8119548300949253,1.494560285419606,1.4589951717032992,0.035565113716306974,-0.1681167875462224,0.2253354783094236,2.118617601797785,2.215524402200152,-0.09690680040236707,-0.3258245406896224,0.11601281576845861,2.18782593166744,2.320297845786114,-0.132471914118674,-0.19285443320596876,-0.06615299254733577,0.7387881156707645,0.7853936714417563,-0.04660555577099177,-0.07126683670968277,-0.017718870954200126,0.2225392296718973,0.27407173584885397,-0.051532506176956656,-0.08010240116633773,-0.019949297919397434,0.9757489300998573,0.9988152691130293,-0.02306633901317188,-0.03385827491636572,-0.013211850742005187
1.5,mfe_to_trig,mid,discovery,700,2.2933838588552087,1.5047088329623264,1.4946992266394488,0.010009606322877417,-0.18328831834446532,0.2061821292502604,2.3266352882276897,2.3908128069659105,-0.06417751873822074,-0.25591956117433867,0.1406632562804853,2.414992318886551,2.4891794439476493,-0.07418712506109813,-0.12724099847110654,-0.020334837535572563,0.8040731953864431,0.8184520380458841,-0.014378842659441,-0.0456759052181019,0.01771111017098171,0.31,0.31246123180454977,-0.0024612318045497783,-0.03759032250573909,0.03612720409954741,0.9885714285714285,0.9999330357142857,-0.011361607142857142,-0.019899925595238094,-0.004277583876702672
1.5,mfe_to_trig,high,discovery,701,2.891668761377389,1.4215569015701364,1.5293976408112755,-0.10784073924113913,-0.35024116516816256,0.13516677471075064,2.644393017398869,2.4478380645870863,0.19655495281178248,-0.0411070372687345,0.4412986241296937,2.88882224500266,2.584426552949738,0.3043956920529216,0.20275210619575113,0.40811763760279085,0.8914886891936814,0.8327677935494644,0.0587208956442169,0.01321631238808931,0.10454338340046984,0.3566333808844508,0.31799816647331586,0.03863521441113491,0.0020667353979637584,0.07432735558925059,0.9771754636233951,0.99977675033399,-0.02260128671059484,-0.03302875788274934,-0.012808374518768675
1.5,mfe_to_trig,low,replication,231,1.8265373927612782,1.5734502045489687,1.5049153957059003,0.068534808843068,-0.27237493939533397,0.46703855543380696,2.0943531824234705,2.261880102885747,-0.16752692046227668,-0.5116561283521797,0.21592784658032416,2.082077556167072,2.3181392854724168,-0.23606172930534466,-0.30469117412004243,-0.17096127318523946,0.7464629699609494,0.7810713676590095,-0.034608397698060143,-0.09449959983601464,0.01637615108610514,0.26406926406926406,0.27003232495829643,-0.005963060889032387,-0.0617466178459581,0.04929427716239769,0.987012987012987,0.9994130163621688,-0.012400029349181892,-0.02946300433263604,0.0
1.5,mfe_to_trig,mid,replication,248,2.25061428349912,1.6526902291340206,1.5108170228492435,0.14187320628477726,-0.09864303998590368,0.3901854802523728,2.3421709044160415,2.397015324459389,-0.05484442004334687,-0.319596279827634,0.20721229696244806,2.267807634744341,2.4645252610724655,-0.19671762632812417,-0.3008577673240095,-0.08621336877428591,0.7641458002097075,0.8142014907508957,-0.050055690541188184,-0.08836451280806208,-0.012620909192330807,0.28225806451612906,0.31475985430809506,-0.03250178979196604,-0.08149384517852098,0.015003083774792555,0.9637096774193549,0.9999369959677419,-0.036227318548387094,-0.05892544699930267,-0.01625693535844772
1.5,mfe_to_trig,high,replication,210,2.869565378385155,1.609506441272992,1.5377840013158306,0.07172243995716132,-0.3633351047052893,0.5151887491707182,2.777699245731677,2.4745496961711204,0.3031495495605569,-0.07386020573169275,0.7278682287246699,2.8130191013227033,2.581591991719308,0.23142710960339558,0.047817420525420505,0.45172058900869955,0.8686240861092962,0.8331947557152446,0.03542933039405165,-0.04100039949790045,0.11140873359569309,0.3380952380952381,0.31400287713651776,0.024092360958720405,-0.038830528884121175,0.08400651552826166,0.9857142857142858,0.999702380952381,-0.013988095238095239,-0.03236337986646293,0.0002963153367663142
1.5,mfe_to_trig,low,pooled,932,1.813884993624888,1.5141134735299953,1.470376686450725,0.0437367870792703,-0.11676478172317424,0.21827795468448424,2.112603566523679,2.227013851619007,-0.1144102850953275,-0.277324988906056,0.0684678342380149,2.1616157656367694,2.3197628378113673,-0.15814707217459772,-0.20388756990763734,-0.11063548330380486,0.7406903595989113,0.7843223708260756,-0.04363201122716429,-0.06667439978233836,-0.019751171319383504,0.23283261802575106,0.27307055138992825,-0.04023793336417715,-0.0660775807036713,-0.014980529742695065,0.9785407725321889,0.9989634232058953,-0.02042265067370655,-0.02950457102749348,-0.012164381377551022
1.5,mfe_to_trig,mid,pooled,948,2.278963404156084,1.5434212657161028,1.498915696533994,0.044505569182108615,-0.11737066505380413,0.20467103769948608,2.330699457863461,2.392435406478972,-0.0617359486155111,-0.22365258181657527,0.10419154045361241,2.3764883086890114,2.482729826486631,-0.10624151779761969,-0.15168138099766254,-0.0579494560317342,0.7936280540321916,0.8173400805256762,-0.023712026493484566,-0.047754759085196156,0.0024754965392868706,0.3027426160337553,0.31306255921054055,-0.010319943176785256,-0.03951483844333673,0.020694228752003486,0.9820675105485233,0.9999340717299579,-0.0178665611814346,-0.026196642801857586,-0.010570339203787957
1.5,mfe_to_trig,high,pooled,911,2.889262030109414,1.4648822619846256,1.5313308303897128,-0.06644856840508742,-0.27430625380502954,0.1368594049105999,2.675122224808188,2.453995520824899,0.2211267039832892,0.0240837538594297,0.4237356902923521,2.871348413857994,2.5837731414696172,0.2875752723883766,0.19889185017104344,0.3816468872751428,0.8862180342565563,0.8328662151244522,0.053351819132104156,0.014261043022588803,0.09797407895649791,0.35236004390779363,0.31707718868986073,0.03528285521793289,0.0029670857668458077,0.06998529854043319,0.9791437980241493,0.9997596070078233,-0.020615808983673968,-0.029862666871259783,-0.01251651292150124
1.5,catchup1,low,discovery,701,0.09074463346122741,1.4235033176187692,1.4791222546167762,-0.05561893699800684,-0.2532759465353223,0.16168813216185046,2.292288052190001,2.3007993318251097,-0.008511279635108815,-0.2104951154439254,0.21132072809831987,2.4855349057907117,2.4384272484278138,0.0471076573628981,-0.02892170561036011,0.12061149321745766,0.8304667646645605,0.8045692815046448,0.02589748315991568,-0.005806790650426826,0.05853326296900059,0.31383737517831667,0.2903387015801252,0.02349867359819148,-0.010360816835790298,0.05675810937712724,0.978601997146933,0.9990293769671444,-0.020427379820211488,-0.029939927882232906,-0.011106818908484056
1.5,catchup1,mid,discovery,700,0.18587265622490146,1.4636189285674117,1.4824718264827927,-0.01885289791538084,-0.1875888228131893,0.1543498103103597,2.256475559708842,2.3349929043564157,-0.0785173446475738,-0.247872542002859,0.08890156260391689,2.3922229965076824,2.4518874432398756,-0.059664446732192976,-0.11762905268963374,-0.002408347472490332,0.7813621471890962,0.8117928556385839,-0.03043070844948773,-0.05787510105238714,-0.0030689424428425867,0.2757142857142857,0.3031044958305903,-0.02739021011630459,-0.0565197177491387,0.0036983324684258935,0.9828571428571429,0.9997409434203788,-0.01688380056323605,-0.02682350043427015,-0.008199735770959372
1.5,catchup1,high,discovery,701,0.2919098042779169,1.5336451576397894,1.5214805152582254,0.012164642381563812,-0.2024395216255514,0.23622353167344087,2.5407822103207662,2.4183034086092703,0.1224788017114959,-0.09841503601272868,0.35991392749006984,2.613850112056575,2.503535952726643,0.11031415932993206,0.03759387327415156,0.19143097948746,0.8224886903256242,0.8202418663469329,0.0022468239786913465,-0.034676692756342636,0.04024501099250804,0.2995720399429387,0.3110745890184663,-0.011502549075527684,-0.04480768939101727,0.02506177826662788,0.9800285306704708,0.9997544607476847,-0.019725930077213957,-0.029912238233465702,-0.010968993980570954
1.5,catchup1,low,replication,250,0.09000000599201001,1.5585393938635084,1.5182900396731043,0.04024935419040399,-0.2690599323374215,0.3498943773082575,2.360543522562662,2.368368903840762,-0.007825381278099485,-0.3079081243731594,0.30789302658240914,2.3921291051150053,2.4402038405835094,-0.048074735468503445,-0.15276240077321981,0.05016201069746194,0.8059521617346522,0.8050284213044782,0.0009237404301742326,-0.05195639613717565,0.05512010598306395,0.3,0.29170018654019647,0.00829981345980358,-0.04141068567090271,0.05334951009534859,0.972,0.9993951271186441,-0.02739512711864407,-0.04723882807769061,-0.010386038783523776
1.5,catchup1,mid,replication,226,0.18645979118306227,1.5298751495426837,1.4972050231086889,0.03267012643399486,-0.32025263713067054,0.4313409053987447,2.1689165629871345,2.3235657359694755,-0.15464917298234115,-0.4941458246122066,0.23057845953063932,2.230952924553717,2.418272223970053,-0.1873192994163361,-0.28088507485655034,-0.09196624103829476,0.7783793236107155,0.8046197863720131,-0.02624046276129771,-0.09019547098102067,0.031302019953117655,0.27876106194690264,0.29565290176540254,-0.01689183981849987,-0.07137975964637182,0.03761167700648332,0.9823008849557522,0.9999308628318584,-0.017629977876106196,-0.03565255929757883,-0.004171080508474576
1.5,catchup1,high,replication,213,0.2875396295889382,1.7649948097692651,1.5366754610805633,0.22831934868870193,-0.157568346094854,0.6058367094636854,2.6650694232999728,2.4384575499491983,0.2266118733507745,-0.15204304349619963,0.6222647955791809,2.497101328361814,2.498808803699742,-0.0017074753379273532,-0.13958315135354796,0.15975677507189148,0.7838046714847615,0.8179304098096724,-0.034125738324910775,-0.08757029216801257,0.023035343368421838,0.3004694835680751,0.31284466055592813,-0.012375176987853046,-0.06705976571663148,0.04609426101068395,0.9812206572769953,0.9997799295774648,-0.018559272300469484,-0.035805033474706004,-0.004332196124188312
1.5,catchup1,low,pooled,951,0.09061575802747357,1.4590017603750098,1.4894187280805848,-0.03041696770557496,-0.20873249427871762,0.15941739970210986,2.3102311306265575,2.3185621004937875,-0.008330969867230434,-0.19516716834296835,0.1912511300687538,2.4609802789043536,2.438894281066009,0.02208599783834459,-0.03816291586500865,0.08575762678717327,0.8240223369753101,0.8046899807159574,0.019332356259352736,-0.007591714438783726,0.0474238713716021,0.31019978969505785,0.29069661034986005,0.019503179345197814,-0.007831555838313083,0.045569003418045324,0.9768664563617245,0.9991255257977174,-0.022259069435992925,-0.031043350685846054,-0.01377534691628032
1.5,catchup1,mid,pooled,926,0.18597552547480145,1.4797894533410743,1.4860676174519638,-0.006278164110889568,-0.15907850539427984,0.15182734714679355,2.235105869364235,2.332203984210143,-0.097098114845908,-0.247856408944173,0.055924214766646364,2.3528633461171893,2.443683296852208,-0.0908199507350184,-0.13978212056360662,-0.04111760975923751,0.7806341578492322,0.8100421929450148,-0.029408035095782607,-0.054058561263664984,-0.004205520607723146,0.27645788336933047,0.3012858562423264,-0.024827972872995877,-0.052193615404356686,0.001055684158659236,0.9827213822894169,0.999787295242187,-0.01706591295277023,-0.025433770031377357,-0.009664232775658848
1.5,catchup1,high,pooled,914,0.2912431274458527,1.5875592450616474,1.5250215693721838,0.06253767568946361,-0.11929357116269126,0.2620363188893818,2.5697462982469927,2.4230001614598224,0.14674613678717022,-0.038593607226358635,0.36042346678074016,2.5866427915675336,2.502434330469827,0.08420846109770663,0.011861968070861846,0.15339529986841427,0.8134737056285741,0.8197032008738075,-0.006229495245233434,-0.0389360876289921,0.025268304783144464,0.29978118161925604,0.31148708927829055,-0.011705907659034577,-0.04242536988517457,0.016120779795326237,0.9803063457330415,0.9997603960439027,-0.019454050310861032,-0.028331980895044108,-0.011163261883825503
2.0,trig_pos,low,discovery,558,-1.0201949198146627,1.85806622680891,2.002537610340383,-0.14447138353147332,-0.4230523614974999,0.16494618234355288,2.7615730727803927,2.4981997454652785,0.2633733273151138,0.0035770516679879227,0.5585453578920276,3.038638454566032,2.630793743719445,0.4078447108465871,0.3087848315626707,0.5066500631967571,0.7754703891291889,0.7130815891941363,0.062388799935052495,0.022261458477360843,0.10165785229525723,0.2670250896057348,0.21540265797176716,0.051622431633967604,0.010726471155639749,0.08721320552633371,0.9838709677419355,0.9996919802867383,-0.01582101254480287,-0.025958098893318925,-0.007025342317386966
2.0,trig_pos,mid,discovery,558,-0.3621077835904556,2.0534653924243127,1.9960293803456097,0.05743601207870302,-0.1800636004932363,0.2893194919633929,2.420529455031279,2.4100725229145863,0.010456932116692493,-0.23541667157436727,0.2655601443687776,2.4669294817654808,2.513908561727492,-0.04697907996201057,-0.12117106296040946,0.03379499767659756,0.6717624099860074,0.6894221852442635,-0.017659775258255926,-0.04466841752736166,0.011412101612904972,0.17562724014336917,0.1784814529205138,-0.002854212777144621,-0.030350047571412356,0.03216037067351054,0.9910394265232975,0.9999439964157706,-0.008904569892473119,-0.016724233125712425,-0.0018214298051453719
2.0,trig_pos,high,discovery,558,0.17859170916235625,2.041405398215722,1.9745557869426957,0.06684961127302622,-0.14354156818858557,0.27843255936635564,2.1107732808035404,2.2073388873505655,-0.09656560654702488,-0.32749109662503834,0.14929223468867694,2.1694451011921227,2.3328603190121737,-0.1634152178200511,-0.23151584896046593,-0.0860423339861356,0.60636992828556,0.6535114706700502,-0.04714154238449028,-0.06824454800835056,-0.025080315957312048,0.07347670250896057,0.10925384681450681,-0.035777144305546224,-0.05609066153915274,-0.015700728194165424,0.967741935483871,0.9991177397381329,-0.03137580425426175,-0.04582576465305431,-0.017939810862760194
2.0,trig_pos,low,replication,184,-1.0106761773703683,2.1715805467826943,1.975848673606663,0.19573187317603136,-0.3201846636654947,0.6994010813943561,2.9207708467577347,2.505322027629898,0.4154488191278364,-0.03942250469666092,0.8983532720389171,2.8652586671830194,2.6455417212312144,0.21971694595180494,0.008833160974894798,0.4475703752020842,0.7180890405300447,0.7179050151890319,0.00018402534101264034,-0.07940975071572308,0.08338601783534819,0.21739130434782608,0.21551953238050714,0.0018717719673189523,-0.0642556023975467,0.0769876415673024,0.9728260869565217,0.9999150815217391,-0.027088994565217392,-0.0530294215425532,-0.005534684065934066
2.0,trig_pos,mid,replication,175,-0.3341874133255351,2.2681829328878242,1.9624646669181873,0.3057182659696366,-0.04171425132674763,0.6362296444994717,2.4790248037985325,2.341328898805196,0.1376959049933364,-0.20215841174086865,0.4702042947250468,2.304988522210757,2.4730108831870576,-0.1680223609763003,-0.28577307423642645,-0.05080288438127375,0.6348556094758494,0.6880467773698883,-0.0531911678940389,-0.09951243164207199,-0.003940735582897989,0.1657142857142857,0.175609410430839,-0.009895124716553287,-0.06327779703469964,0.042735616212375004,0.9714285714285714,1.0,-0.02857142857142857,-0.05454545454545454,-0.005951500422654269
2.0,trig_pos,high,replication,187,0.17940478032074314,2.1024656727588598,2.035404089241336,0.06706158351752446,-0.19632306061841306,0.32649192283057354,2.018587322209815,2.272389357900513,-0.25380203569069854,-0.5140732119124563,0.014978778888194549,2.0053796089777824,2.3262432281860055,-0.3208636192082231,-0.4012208961297277,-0.24907146704487768,0.5996869789015391,0.6479537754968461,-0.048266796595306846,-0.0804772415523786,-0.016572766802169604,0.0855614973262032,0.10299571031621205,-0.017434212990008833,-0.05799946988462464,0.023599214714821112,0.983957219251337,0.999895145223865,-0.01593792597252805,-0.037129745515227366,0.0
2.0,trig_pos,low,pooled,742,-1.0151697872576468,1.9358110177458054,1.9959193295330997,-0.06010831178729427,-0.31607717422132137,0.192093168880195,2.801050687890677,2.499965917861896,0.3010847700287808,0.05966258884172128,0.5419221197875729,2.9956440059427516,2.6344509241266763,0.361193081816075,0.2667458876153789,0.46088113846971845,0.7612410520102637,0.7142776948316847,0.046963357178579,0.012244053256466058,0.08286186605623407,0.25471698113207547,0.2154316403049318,0.039285340827143675,0.005450374317559099,0.07287429252231134,0.9811320754716981,0.9997473045822103,-0.018615229110512128,-0.028141105908826944,-0.009905182103368248
2.0,trig_pos,mid,pooled,733,-0.3548626603210233,2.1047281067232406,1.9880159767306043,0.11671212999263669,-0.06702899647704745,0.3099972124945715,2.434494920289491,2.3936603343482243,0.0408345859412664,-0.15423317001176773,0.24499184344027838,2.4282669061555535,2.504144450206924,-0.07587754405137032,-0.140478736643007,-0.008630035221597901,0.6629511001779889,0.6890938136507906,-0.02614271347280166,-0.050051848411240274,-0.0030948114994881837,0.17326057298772168,0.17779576746936362,-0.004535194481641912,-0.03185158850759464,0.02404791714151847,0.9863574351978172,0.9999573669849932,-0.013599931787175988,-0.022287065319548872,-0.0064183871458906045
2.0,trig_pos,high,pooled,745,0.17863083092599646,2.0567319369265498,1.989829119197522,0.06690281772902784,-0.11211470968714479,0.24216446403768366,2.087633986498807,2.223666992038942,-0.13603300554013495,-0.32804056573760215,0.05625132232500296,2.128263561535637,2.3311993848048003,-0.20293582326916276,-0.26068952107153887,-0.13750773286129503,0.6046924631381615,0.6521164518816085,-0.04742398874344692,-0.06702316640930182,-0.028536263235326875,0.07651006711409396,0.1076830125525187,-0.031172945438424762,-0.048968792632071746,-0.01107050941536394,0.9718120805369127,0.999312873732538,-0.02750079319562524,-0.03884712169271176,-0.016276488611370536
2.0,price_to_trig,low,discovery,558,1.8211838105743108,2.0062531334830283,1.946976896120281,0.05927623736274764,-0.1300479376318208,0.2570565709531162,2.1183096662248735,2.203942494659519,-0.08563282843464616,-0.3091990404808434,0.15761184020184638,2.195601968063902,2.340511033861296,-0.14490906579739377,-0.22475747457072287,-0.050345032608688264,0.6131174917826014,0.6598159177468244,-0.04669842596422303,-0.06808819099858805,-0.02571769163122613,0.08243727598566308,0.11704310518367325,-0.03460582919801017,-0.05611950610937507,-0.012287222749451663,0.9695340501792115,0.9991177397381327,-0.02958368955892125,-0.044443295395540594,-0.015890551244915414
2.0,price_to_trig,mid,discovery,558,2.3580232040544677,2.132284512322205,1.9879893744429777,0.1442951378792269,-0.0931248361674295,0.39618116297603384,2.495104685846539,2.3933140249166622,0.10179066092987687,-0.16194308762307924,0.3948779884552472,2.4647339263403665,2.5072384032897164,-0.04250447694935012,-0.11888638048835029,0.041606551878893075,0.6676540283103473,0.6892482673537154,-0.02159423904336818,-0.04849758674945997,0.007650748500868809,0.15770609318996415,0.17700015381629583,-0.019294060626331697,-0.052075060808346445,0.012872716773214532,0.989247311827957,0.9999439964157706,-0.01069668458781362,-0.019371542030704725,-0.003453940038934234
2.0,price_to_trig,high,discovery,558,3.0322881851111463,1.8143993716437108,2.0381565070654295,-0.2237571354217186,-0.4760297522628051,0.030466064426360757,2.6794614565437995,2.5183546361542493,0.16110682038955074,-0.05754449449299593,0.4048266899252151,3.0146771431193673,2.6298131873080983,0.38486395581126936,0.28538529367304444,0.4916481688155326,0.7728312073078079,0.7069510600079103,0.0658801472998975,0.029734972425843897,0.10514028826592943,0.27598566308243727,0.20909469870681865,0.06689096437561863,0.027486294009228543,0.10469455084489727,0.9838709677419355,0.9996919802867383,-0.01582101254480287,-0.02645110672109753,-0.006766905274552722
2.0,price_to_trig,low,replication,194,1.8315241521383079,2.1305653353224328,2.0143177087080995,0.11624762661433288,-0.16601788418236638,0.38277248482635284,2.0588005512716046,2.259782467512067,-0.20098191624046202,-0.485317701213911,0.09495446194575359,2.0067061952672316,2.323935738122026,-0.31722954285479493,-0.4001618760340964,-0.23720063614771342,0.6041284125098246,0.6521089169115694,-0.04798050440174485,-0.07850023692763541,-0.015059523512243524,0.09278350515463918,0.11031991189946769,-0.017536406744828512,-0.05496957516417964,0.02545383350989968,0.9845360824742269,0.9998989286436225,-0.015362846169395594,-0.03470588235294118,0.0
2.0,price_to_trig,mid,replication,167,2.3364405571092184,2.1256719903062433,1.9363036154364714,0.18936837486977182,-0.09027334551808133,0.5021866091889273,2.323309264672225,2.342265263759959,-0.018955999087734116,-0.29777259031787956,0.3047899971961637,2.285832795120301,2.494157169077807,-0.208324373957506,-0.3183989443072878,-0.11158777775838463,0.6443724720948948,0.694784595339022,-0.05041212324412723,-0.09078028692222406,-0.00924806652451526,0.18562874251497005,0.17972862838071937,0.0059001141342507005,-0.04041368567600752,0.05353762696880187,0.9640718562874252,1.0,-0.03592814371257485,-0.06510387422796182,-0.011834319526627219
2.0,price_to_trig,high,replication,185,3.000399714376921,2.277551444516742,2.0187443139198726,0.25880713059686916,-0.2518555039536717,0.7470127276245467,3.034200278780805,2.5194190408483914,0.5147812379324128,0.0592182304207734,0.9474329201546048,2.889467537083623,2.63349342974808,0.2559741073355436,0.05854541203965802,0.4756143427038311,0.7057214340737097,0.7088211218916833,-0.003099687817973593,-0.07629651610251967,0.07729496882758911,0.1945945945945946,0.20665240413224287,-0.012057809537648245,-0.0701865958551782,0.049830152659181934,0.9783783783783784,0.9999155405405405,-0.02153716216216216,-0.04545634806183664,-0.004867616639230636
2.0,price_to_trig,low,pooled,752,1.8256958986200575,2.0383230366171303,1.9643493929846914,0.07397364363243854,-0.09603525852878747,0.2375425661749315,2.102957580718312,2.2183480195709477,-0.11539043885263592,-0.29034207171245846,0.0642637555011544,2.1468708777413568,2.3362349602264314,-0.18936408248507447,-0.2534587644037199,-0.11967408326647952,0.6107985005872307,0.6578276755100697,-0.047029174922839034,-0.06342870420314879,-0.027325129779341397,0.0851063829787234,0.11530866436301385,-0.03020228138429043,-0.04769012478839554,-0.009643359402930148,0.973404255319149,0.9993192698547085,-0.02591501453555958,-0.03694823396373765,-0.015079756751123998
2.0,price_to_trig,mid,pooled,725,2.354139484232132,2.1307613520785282,1.976083827195962,0.15467752488256623,-0.0411379863935242,0.3614124013246155,2.455532499176042,2.3815552068295323,0.07397729234650992,-0.14222350484639265,0.29075861140609266,2.423524976114503,2.5042252086505594,-0.08070023253605638,-0.14511067188725862,-0.015175640114994544,0.6622912422579602,0.6905235318689515,-0.028232289610991307,-0.050953268470132845,-0.0028267712745142014,0.16413793103448276,0.17762864381941132,-0.013490712784928579,-0.039566918576965086,0.01406595588921127,0.983448275862069,0.9999568965517242,-0.01650862068965517,-0.025586758428723745,-0.0083245405104219
2.0,price_to_trig,high,pooled,743,3.0276733939121634,1.9297198743106165,2.0333230538596045,-0.10360317954898811,-0.34890972580790997,0.1145927308475556,2.7677880811923137,2.518619662895052,0.249168418297262,0.029093033851724386,0.45172860898329814,2.983501130849364,2.6307295330031137,0.3527715978462501,0.2536548449928302,0.45039076623578944,0.7561215060314846,0.7074166877986211,0.04870481823286364,0.016966320883619174,0.08540870186021843,0.2557200538358008,0.208486590367254,0.04723346346854679,0.015929066451277913,0.083612695626427,0.9825033647375505,0.9997476446837147,-0.0172442799461642,-0.026199153645833334,-0.008092097344078283
2.0,mfe_to_trig,low,discovery,558,1.8913504892980426,2.0564159824721036,1.9641425710833362,0.09227341138876732,-0.10951123294472027,0.2916820630216616,2.1645900057716476,2.2237827268669976,-0.05919272109534996,-0.2826371918783582,0.16789599054141843,2.17973644680496,2.331202579289077,-0.15146613248411728,-0.21978700370966872,-0.07893805512961385,0.6090984595415748,0.6560169956654074,-0.046918536123832545,-0.06828461772401949,-0.025325291236588384,0.08422939068100359,0.1122654441688968,-0.028036053487893228,-0.050819130049517165,-0.007275187139390802,0.967741935483871,0.9991177397381327,-0.03137580425426175,-0.045841623611912116,-0.017495427672144463
2.0,mfe_to_trig,mid,discovery,558,2.4619497517355367,2.023744958583383,1.9888806143029867,0.034864344280395934,-0.16546880941339603,0.2594693850322163,2.369618702927413,2.403465999480366,-0.033847296552952835,-0.25980010714794793,0.20814243237852953,2.445887966222471,2.51459960705582,-0.06871164083334877,-0.15239145836472,0.011593305452573454,0.6694110600778493,0.6903179084734976,-0.020906848395648294,-0.048176230538740955,0.006536862615959249,0.16308243727598568,0.17785934182657778,-0.014776904550592126,-0.045275489819498124,0.018032339654860046,0.989247311827957,0.9999439964157706,-0.01069668458781362,-0.019386061946902657,-0.003505272859598147
2.0,mfe_to_trig,high,discovery,558,3.162243827606437,1.8727760763934582,2.020099592242365,-0.1473235158489073,-0.40673515135531507,0.13308124466708038,2.7586670999161513,2.4883624293830673,0.27030467053308427,0.030797683050587964,0.5436045990849928,3.0493886244962054,2.6317604381142137,0.41762818638199145,0.313427352592398,0.5313555249673806,0.7750932077813322,0.709680340969545,0.06541286681178712,0.026798155355208127,0.10305160209150745,0.26881720430107525,0.21301317171131318,0.05580403258976211,0.017066491511357137,0.09360615944094827,0.985663082437276,0.9996919802867383,-0.014028897849462365,-0.025189411490096795,-0.005302965448755268
2.0,mfe_to_trig,low,replication,199,1.9234473280473685,2.125957223902952,2.021379001619626,0.10457822228332586,-0.16088357562473385,0.39290751231084453,2.0796333499509503,2.280675541846108,-0.20104219189515768,-0.4967626258850037,0.10299844535279021,2.0236218377825463,2.3292422519610296,-0.30562041417848346,-0.38258995183977507,-0.23160122638912864,0.6001661943558078,0.6511893478610803,-0.05102315350527261,-0.08252014732296538,-0.018502333475830194,0.08542713567839195,0.11006061763063683,-0.02463348195224488,-0.06360133755721491,0.017755504620002766,0.9849246231155779,0.9999014681249385,-0.014976845009360529,-0.034057977624998965,0.0
2.0,mfe_to_trig,mid,replication,168,2.4336878806852305,2.249838282591223,1.9518722558513777,0.29796602673984535,-0.013827835671477424,0.6364782368043068,2.432147504455896,2.3441878702974854,0.08795963415841063,-0.21956075479983148,0.4054610248561034,2.2721790495689786,2.4821854421504135,-0.21000639258143475,-0.31897976440347964,-0.09699504142081135,0.6262166489549722,0.6907857574116192,-0.064569108456647,-0.1137942661843201,-0.020130321597699223,0.15476190476190477,0.1761476544022627,-0.021385749640357936,-0.06941294235121573,0.026141067679217474,0.9642857142857143,1.0,-0.03571428571428571,-0.06548599230111206,-0.012046389149412022
2.0,mfe_to_trig,high,replication,179,3.13434435972167,2.171092713057424,1.996866352162578,0.1742263608948458,-0.327740667279922,0.665027251644368,2.94010719738867,2.502629191423762,0.43747800596490793,-0.0042229184377288636,0.8908292589733265,2.9115069663747946,2.648255321304733,0.26325164507006205,0.054481516739974825,0.4893490404908408,0.7303469858611655,0.7152590915246679,0.015087894336497666,-0.06499575571275142,0.0960724661842037,0.2346368715083799,0.21314284784617274,0.021494023662207123,-0.04483797161094144,0.09507300808405829,0.9776536312849162,0.9999127094972067,-0.022259078212290503,-0.04347993139700641,-0.005095703928424518
2.0,mfe_to_trig,low,pooled,757,1.904989796015292,2.0746969693211637,1.9791888718451875,0.09550809747597623,-0.06453374213991948,0.2582690882087581,2.1422566180459954,2.2387386980438047,-0.09648207999780933,-0.26661989654618584,0.08901726294250054,2.1386970713816305,2.330687248855416,-0.19199017747378555,-0.2439635082519098,-0.1292252905361401,0.6067503475574697,0.6547479046309806,-0.04799755707351098,-0.06498198705993491,-0.030818039135142864,0.0845442536327609,0.11168583983453258,-0.027141586201771664,-0.04640898255946654,-0.007922680338520172,0.9722589167767504,0.9993237660908069,-0.027064849314056543,-0.03904923083995737,-0.016135493659035834
2.0,mfe_to_trig,mid,pooled,726,2.455086105926366,2.076064074882718,1.9803166966447634,0.09574737823795443,-0.08031165984938647,0.2909505754441526,2.3840881776612775,2.3897487464463114,-0.005660568785034013,-0.19294671904674796,0.20540597824090462,2.405690861542324,2.5070988085653125,-0.10140794702298851,-0.16341982943082928,-0.02733285001064729,0.6594156591568529,0.6904261710376911,-0.031010511880838077,-0.05345452743060937,-0.007979511262878798,0.16115702479338842,0.17746324886888504,-0.01630622407549661,-0.04197914445848426,0.009749274286506977,0.9834710743801653,0.999956955922865,-0.016485881542699723,-0.025409786995459385,-0.008356255399599414
2.0,mfe_to_trig,high,pooled,737,3.1500101914687946,1.945230184891219,2.0144567835934075,-0.06922659870218843,-0.30892607769658903,0.17813911596829854,2.802734640550589,2.491827490991323,0.3109071495592666,0.08165812671907496,0.5531482942961078,3.0159004063093224,2.6357666580478676,0.380133748261455,0.2868704215229599,0.4832719395436405,0.7642254008292158,0.7110352885263523,0.05319011230286335,0.01876519986782449,0.09060714272674575,0.26051560379918587,0.21304466700051244,0.047470936798673445,0.015841164757601587,0.08177008773842398,0.9837177747625508,0.9997455902306649,-0.016027815468113975,-0.0250555164376472,-0.008015340032815337
2.0,catchup1,low,discovery,558,0.10745839186155079,1.95835810085522,2.0050275337413597,-0.04666943288613949,-0.2662805364981611,0.17506209620779425,2.413803396868082,2.3189063622838746,0.09489703458420753,-0.13617532364506868,0.32727277421757056,2.588624311752992,2.447057844282645,0.14156646747034707,0.04695781253208522,0.2411010556164575,0.6900568707425956,0.6729271948662437,0.01712967587635178,-0.009133376116481304,0.04631644417071492,0.16666666666666666,0.14945925475014513,0.01720741191652152,-0.010190033128321023,0.04602213399551644,0.9731182795698925,0.9990617361539033,-0.025943456584010857,-0.03914185123953285,-0.014373195239246368
2.0,catchup1,mid,discovery,558,0.20722977385156208,2.034211621360272,1.9734466772529187,0.060764944107353426,-0.13788520171470292,0.2693578551856857,2.3751338829777917,2.360001500640904,0.015132382336887497,-0.174787881275803,0.22381673581968628,2.4381555584899024,2.483788120260369,-0.04563256177046594,-0.1267489247019838,0.03389221880455138,0.6590550626008637,0.6861423413967376,-0.027087278795873897,-0.05232572106408452,0.00027456723959117934,0.15412186379928317,0.16508628946701856,-0.010964425667735403,-0.04229295481163398,0.02051820866827063,0.9838709677419355,0.9999159946236559,-0.01604502688172043,-0.02788275902876698,-0.00704248584761322
2.0,catchup1,high,discovery,558,0.3135733276759448,1.9603672952334525,1.9946485666344098,-0.03428127140095796,-0.25922595011260435,0.20653040754167112,2.503938528769339,2.436703292805653,0.06723523596368633,-0.15627700209405643,0.3214027830157797,2.648233167280741,2.546716659916097,0.10151650736464425,0.029741965370928748,0.17937261090379447,0.7044907940572971,0.6969457088454687,0.0075450852118284055,-0.023896975082685394,0.04039498496368136,0.1953405017921147,0.18859241348962405,0.006748088302490634,-0.02722485934147441,0.041527420180165434,0.985663082437276,0.9997759856630825,-0.014112903225806451,-0.023651477175767918,-0.005333866731998017
2.0,catchup1,low,replication,187,0.11257800175447963,2.1638471989181647,2.0162074707394244,0.14763972817874044,-0.24863916597932467,0.5055514922073069,2.4347199368198575,2.367055589069524,0.06766434775033314,-0.3502837596673262,0.47230755553657316,2.376906603882889,2.4568819843112957,-0.07997538042840725,-0.2099588426309964,0.05866588651773499,0.6599453479435053,0.6765020364924487,-0.016556688548943394,-0.06263462054948517,0.037319661523659044,0.1497326203208556,0.14791045651772297,0.0018221638031326608,-0.04637083126697767,0.05631921119513367,0.9625668449197861,0.999895145223865,-0.037328300304078854,-0.061342732969476454,-0.014386916209018163
2.0,catchup1,mid,replication,193,0.21334488904177487,2.1758677060747202,1.9387116410275742,0.23715606504714593,-0.11804485060618479,0.6701596401116091,2.333712781506559,2.293115672361934,0.040597109144625255,-0.30047443442317967,0.452593617136472,2.247925569950722,2.4444845258532433,-0.19655895590252073,-0.2954069647197084,-0.09554779604517255,0.6381923234750565,0.6834762467128628,-0.04528392323780626,-0.08820346248380394,-0.008009521032613867,0.16580310880829016,0.15839604408257257,0.007407064725717576,-0.03313243227183657,0.04904303096719733,0.9740932642487047,0.9999190414507773,-0.02582577720207254,-0.04927333774477367,-0.005671978456059391
2.0,catchup1,high,replication,166,0.31855285420082835,2.199289284332374,2.026541527685809,0.17274775664656408,-0.25877312279203163,0.6213250417932691,2.6688422331645936,2.4725174721707974,0.1963247609937962,-0.2070133457057112,0.6397916283085485,2.573827729522974,2.5502507251757427,0.023577004347231978,-0.15788109890554103,0.23333252111193975,0.6553535040618572,0.6942967976671814,-0.03894329360532435,-0.10180853915234522,0.025719286676785125,0.15060240963855423,0.18926353455295838,-0.038661124914404155,-0.09272208090383359,0.017681333370041557,0.9939759036144579,1.0,-0.006024096385542169,-0.01818739542665923,0.0
2.0,catchup1,low,pooled,745,0.10987155732678194,2.0099372435904828,2.007833772961008,0.0021034706294746504,-0.17882638103226,0.19918870466488348,2.4190535887754403,2.3309921413562456,0.08806144741919476,-0.09966732908767852,0.30099889181235184,2.535481746153382,2.4495237693636622,0.08595797678972013,0.008283007512039153,0.1730602653551986,0.6824986764292669,0.6738245041066468,0.00867417232261997,-0.01429088103078663,0.03258401595790564,0.16241610738255033,0.14907049599918817,0.013345611383362174,-0.010688334391072796,0.036876681233382703,0.9704697986577181,0.9992709274238132,-0.028801128766095037,-0.040675092837091816,-0.018260575550255793
2.0,catchup1,mid,pooled,751,0.20890816267522783,2.070615914768912,1.964520096704994,0.10609581806391793,-0.06954767685792496,0.2878084157045999,2.3644890459818555,2.3428124662096907,0.021676579772164986,-0.14626856754351422,0.19767195657407172,2.3892682245510724,2.4736874628428254,-0.08441923829175302,-0.1485460308856463,-0.02365445732810522,0.6536935331051503,0.6854571799133983,-0.031763646808247996,-0.05246723305259676,-0.00941446075228692,0.15712383488681758,0.16336695876236065,-0.006243123875543094,-0.030135972542132593,0.01855665163615806,0.9813581890812251,0.9999167776298269,-0.018558588548601863,-0.028486491187384045,-0.009768534171158237
2.0,catchup1,high,pooled,724,0.31574209263564473,2.0151477512975697,2.0019610411296207,0.013186710167949032,-0.20294428608619272,0.20726945557332704,2.5417479416555433,2.4449148311683793,0.09683311048716453,-0.11126699806417902,0.30833453627425705,2.631173356966115,2.5475269566468994,0.08364640031921547,0.01687595033631692,0.16203892120760555,0.6932245093345858,0.6963383618073532,-0.0031138524727674,-0.028676155587433912,0.026732997321317974,0.1850828729281768,0.18874628931353774,-0.0036634163853609325,-0.03323423179767528,0.02798775420062064,0.9875690607734806,0.9998273480662984,-0.01225828729281768,-0.020751537718304625,-0.005407578435824252
3.0,trig_pos,low,discovery,365,-0.47903828763707146,2.8712174561718524,3.0000809154938444,-0.128863459321991,-0.48911823862771914,0.2335265241436804,3.0025417437479294,2.578269834720766,0.4242719090271641,0.10414148997705322,0.7500989730506614,3.2897861365631567,2.7366507682140018,0.553135368349155,0.4033798986054227,0.7183998020029051,0.6326701267107221,0.5610607830052987,0.07160934370542345,0.03293106528857901,0.1155081380239685,0.13424657534246576,0.06201810176125245,0.0722284735812133,0.036888729771627354,0.11117400739957096,0.9808219178082191,0.9997003424657535,-0.018878424657534247,-0.0330816713238631,-0.005485160015531597
3.0,trig_pos,mid,discovery,365,0.40400706793293234,3.021604527757033,3.011366616123828,0.01023791163320432,-0.2723405592483123,0.30343298998137486,2.5189318579613467,2.4533432056743716,0.06558865228697508,-0.2292892297135831,0.39911349404123037,2.608797340670724,2.553446600016953,0.05535074065377077,-0.05127270491898518,0.15951545450793816,0.5299127697355,0.5298988722224837,1.3897513016505234e-05,-0.021623716365174957,0.022687297956827345,0.03287671232876712,0.02338063632498924,0.009496076003777883,-0.006154409257883165,0.026802938159126724,0.9863013698630136,1.0,-0.0136986301369863,-0.0273972602739726,-0.0027853218817703498
3.0,trig_pos,high,discovery,365,1.1533862767593457,3.008551527193478,2.9999783504962045,0.008573176697273968,-0.2180487000636591,0.2568946721551338,2.0569326749041377,2.2164868345086566,-0.1595541596045187,-0.4063157729946511,0.12030383800902936,2.1339443172465247,2.3020716535483174,-0.16812733630179263,-0.250541753462272,-0.07774831239909327,0.45408769589056014,0.4901941368856211,-0.036106440995061044,-0.054032207356046025,-0.0182525137099479,0.00821917808219178,0.00919446876323228,-0.0009752906810405011,-0.00910705031206149,0.009308310015565594,0.9808219178082191,0.9999565122852794,-0.01913459447706023,-0.03376063747926653,-0.005648993484495477
3.0,trig_pos,low,replication,104,-0.44942410216654727,3.7096709333850324,3.075679809276477,0.6339911241085563,-0.06943086858490705,1.3823380812953798,3.7697849642355665,2.677652014905663,1.0921329493299035,0.4748818219712227,1.7893619554587736,3.217687139650697,2.75954531442935,0.45814182522134705,0.15075625734505593,0.8027231998519406,0.5615438955598141,0.5562312135831768,0.0053126819766373765,-0.06825028096850082,0.0921591367800276,0.057692307692307696,0.05651661706349206,0.0011756906288156283,-0.03669373254913509,0.04613643775329275,1.0,0.9998497596153846,0.00015024038461538462,0.0,0.00048828125
3.0,trig_pos,mid,replication,115,0.41627526294221845,3.228700195086218,2.944024339830092,0.2846758552561271,-0.13242975420439315,0.7705729927469396,2.394628254367211,2.3395495396370602,0.05507871473015141,-0.3738078660335369,0.5538755051987911,2.271981472732386,2.5015786132583617,-0.22959714052597566,-0.36970554513087706,-0.10064996432021048,0.46930695317605137,0.526424538932121,-0.057117585756069705,-0.09889199262194104,-0.02174029089024378,0.008695652173913044,0.021754435762149648,-0.013058783588236603,-0.025168830414902654,0.00905461282855436,0.9565217391304348,0.9998641304347826,-0.043342391304347826,-0.08461821933962264,-0.009007505374692876
3.0,trig_pos,high,replication,126,1.0667503731685306,3.1075056396716345,2.957802027288365,0.1497036123832701,-0.1759506144663882,0.49681920627783965,2.0547050647048843,2.1701807036637195,-0.11547563895883459,-0.4524401338562436,0.2602731835679562,2.0381442758116504,2.303323527153755,-0.26517925134210474,-0.3768635419874833,-0.15927637026167185,0.4445481445321305,0.4933472148396793,-0.04879907030754876,-0.07616337998839912,-0.017331331999824676,0.0,0.007568420886873268,-0.007568420886873268,-0.00960564763869168,-0.005564622412865401,0.9761904761904762,0.9997519841269841,-0.023561507936507936,-0.05173997088626739,5.425347222217288e-06
3.0,trig_pos,low,pooled,469,-0.46465624623206314,3.0571431739334116,3.01684484929639,0.04029832463702163,-0.28650705019801775,0.3745305638336085,3.1726767009562753,2.6003076742500393,0.5723690267062364,0.2701571299041338,0.8945281232481869,3.2737982992947217,2.741727597225507,0.5320707020692146,0.3977636381722833,0.6777049700454956,0.616897998694316,0.5599898337091351,0.05690816498518091,0.021892507596225064,0.09517999031457952,0.11727078891257996,0.060798156327207496,0.05647263258537246,0.02919485542526342,0.08753836368478402,0.9850746268656716,0.9997334754797441,-0.014658848614072495,-0.025306563059427037,-0.005925828813084695
3.0,trig_pos,mid,pooled,480,0.40483856276462454,3.07122119805465,2.9952325290951203,0.07598866895952953,-0.16741230446450334,0.3340455667654274,2.489150786266918,2.426080139852932,0.06307064641398609,-0.21481038188429233,0.35445978551606283,2.5281018723104975,2.5410198948560407,-0.01291802254554347,-0.09837465293437167,0.07418056883102421,0.5153926261847989,0.5290664798716677,-0.013673853686868735,-0.03200168197649059,0.00702004064588519,0.027083333333333334,0.02299102577347559,0.004092307559857745,-0.010193644172547466,0.018873187129359117,0.9791666666666666,0.9999674479166667,-0.02080078125,-0.03415763608870968,-0.0086764119677214
3.0,trig_pos,high,pooled,491,1.1435146046495706,3.0339450468925575,2.989155098512115,0.044789948380442014,-0.15293792362215317,0.22798039116819124,2.056361027480297,2.204603794821361,-0.14824276734106412,-0.3627641398788149,0.07618986208192384,2.10936019256059,2.302392908282096,-0.1930327157215061,-0.26028071413559317,-0.12277700500952678,0.45163966438106484,0.4910032770530577,-0.03936361267199271,-0.05417447634159353,-0.02352458092415191,0.006109979633401222,0.008777193748117747,-0.0026672141147165264,-0.008625174730470012,0.0044007216946143485,0.9796334012219959,0.9999040264442505,-0.02027062522225455,-0.03306830614030907,-0.009647239751541154
3.0,price_to_trig,low,discovery,365,1.8457516700360357,2.963499518270162,2.974711222743955,-0.011211704473792883,-0.2367836007799325,0.2401419349304267,2.0753033332268496,2.1997774101230076,-0.12447407689615808,-0.3768256126152211,0.14847823767865656,2.189212852768366,2.3024752251907312,-0.11326237242236521,-0.21474775232423055,0.003231908679505946,0.4657624364119869,0.492990773034215,-0.027228336622227945,-0.04834094702155112,-0.0035573496070997425,0.010958904109589041,0.010590832103088773,0.00036807200650026863,-0.00829208212152228,0.010680559365319003,0.9808219178082191,0.9999565122852794,-0.01913459447706023,-0.033907132258002355,-0.005575730281502634
3.0,price_to_trig,mid,discovery,365,2.5982227185167783,2.9581564590510467,2.9784678695186115,-0.020311410467565138,-0.305653694648917,0.26512086301052834,2.442233425217056,2.440707536399639,0.001525888817417261,-0.29641962058320365,0.3309507773082076,2.576519693186258,2.5546823939012757,0.021837299284982403,-0.07436941315064083,0.13874840709928463,0.5343319167957593,0.5334386341328072,0.0008932826629519913,-0.020972272965065222,0.022746595812211164,0.043835616438356165,0.026466225583523705,0.01736939085483246,-0.0019233135378313782,0.03914497992238493,0.9835616438356164,1.0,-0.01643835616438356,-0.03021978021978022,-0.005346882466719763
3.0,price_to_trig,high,discovery,365,3.491784966869309,2.979717533801154,3.0582467898513093,-0.07852925605015465,-0.448508373257241,0.3005394260782889,3.0608695181695085,2.607614928381148,0.4532545897883613,0.1212817038964458,0.8201916987297335,3.2667952485257814,2.735011402687265,0.5317838458385159,0.38606911451299797,0.6889832473549995,0.6165762391290359,0.5547243849463811,0.06185185418265484,0.0253719972265364,0.10293839532100024,0.12054794520547946,0.05753614916286148,0.06301179604261797,0.02661243880861936,0.10032982254678127,0.9835616438356164,0.9997003424657535,-0.016138698630136988,-0.030252821180555556,-0.005056273132964768
3.0,price_to_trig,low,replication,123,1.9043324799076078,3.1862893000924806,2.932457882862414,0.2538314172300666,-0.08749649772030513,0.623928259250695,2.1529931698873566,2.1465197325781693,0.006473437309187431,-0.33195546714131713,0.385764665456141,2.0498539881522926,2.2972119680731713,-0.24735797992087918,-0.3614967678784023,-0.1449813053587921,0.44217930756392765,0.495056479513582,-0.052877171949654314,-0.08070909173188939,-0.024113160202322705,0.0,0.008894292811975738,-0.008894292811975738,-0.011381173913774547,-0.006372542735042737,0.975609756097561,0.9997459349593496,-0.024136178861788617,-0.053797188817257625,5.425347222217288e-06
3.0,price_to_trig,mid,replication,116,2.581998861456193,2.9753272485191373,2.9697741498372197,0.00555309868191798,-0.2798764416900521,0.29604816659037597,2.0941472338640272,2.3533850673902177,-0.25923783352618984,-0.5237004792015629,0.04960793933605121,2.227895273550752,2.4926862057588597,-0.2647909322081078,-0.4033755163036611,-0.11960970453314326,0.475477478544672,0.5231631242989336,-0.047685645754261624,-0.08108207401439783,-0.014484368919709207,0.008620689655172414,0.019700364271589242,-0.01107967461641683,-0.023067087419893398,0.010469603234330483,0.9655172413793104,0.9998653017241379,-0.03434806034482758,-0.07145748782467531,-0.008003048780487805
3.0,price_to_trig,high,replication,106,3.465763517572026,3.883023258169712,3.0748154123618274,0.808207845807885,0.09263030494354019,1.6041109601162744,3.948995138312939,2.6787941542047107,1.2702009841082278,0.5915117677182308,2.068003226139977,3.2278831921277886,2.765890053827445,0.46199313830034294,0.14260624277029046,0.8146916160627513,0.5550989492733015,0.5563183760452548,-0.0012194267719532166,-0.07510218262227081,0.08196142246259316,0.05660377358490566,0.05616857592093441,0.0004351976639712484,-0.036790787337662334,0.044425790007481036,0.9905660377358491,0.9998525943396226,-0.009286556603773585,-0.031583190439529674,0.0004223932739557739
3.0,price_to_trig,low,pooled,488,1.8510277641723638,3.0196535001639027,2.9640613030606984,0.05559219710320447,-0.14720112044883993,0.24444847375493453,2.094884992876936,2.186353856151665,-0.0914688632747288,-0.2938666715574625,0.11695165101201421,2.1540875651704625,2.3011486255483957,-0.14706106037793326,-0.2276265674763203,-0.06622220818921688,0.45981832811626705,0.4935114326591373,-0.03369310454287024,-0.05262447111019671,-0.013950005635145282,0.00819672131147541,0.01016322076536971,-0.001966499453894298,-0.00833114008653683,0.005172318208746578,0.9795081967213115,0.9999034364428832,-0.02039523972157169,-0.033544455815271844,-0.008565736292229087
3.0,price_to_trig,mid,pooled,481,2.5942785005406708,2.96229743946331,2.976371255208755,-0.014073815745444486,-0.23328965336540144,0.23247413141703097,2.358287483019652,2.4196484794243935,-0.06136099640474167,-0.3006219205925068,0.21152670250830805,2.4924439495735373,2.5397311302328345,-0.04728718065929716,-0.1271291439257362,0.038535950876356674,0.5201383308557882,0.5309605486011456,-0.010822217745357321,-0.0304175910898654,0.008006670689338035,0.035343035343035345,0.024834541774408532,0.01050849356862681,-0.0047942437317372005,0.027918099372563166,0.9792099792099792,0.9999675155925156,-0.02075753638253638,-0.03365226654452587,-0.010028641480942103
3.0,price_to_trig,high,pooled,471,3.48984210336787,3.183009267947794,3.061975609354738,0.12103365859305593,-0.2115442682068371,0.47760278467484885,3.2607449231274783,2.6236340322819918,0.6371108908454863,0.3368032863921361,0.9681387794958944,3.258037970440458,2.7419607381880273,0.5160772322524303,0.3862230103986088,0.6535248554053973,0.6027405857857071,0.555083117550374,0.04765746823533328,0.01662837623040238,0.08402660295222612,0.10615711252653928,0.057228372594614635,0.04892873993192465,0.021656941027398853,0.07915642635204975,0.9851380042462845,0.9997346072186837,-0.014596602972399151,-0.02665083635892116,-0.004161077878272807
3.0,mfe_to_trig,low,discovery,365,1.9099069624860259,2.9792814225042683,2.980966879106242,-0.0016854566019734053,-0.24022630198432401,0.2277162603794191,2.046912514737205,2.206712786441025,-0.1598002717038199,-0.42226052210464804,0.10883084510346243,2.1416494849193732,2.2997643000212196,-0.15811481510184655,-0.24391806424273513,-0.07266015771821485,0.45762790836127426,0.4916060713298496,-0.0339781629685754,-0.0521346058249294,-0.015349677329345003,0.00821917808219178,0.009066044105698034,-0.0008468660235062545,-0.009358400007377187,0.009705993134263869,0.9808219178082191,0.9999565122852794,-0.01913459447706023,-0.03396435933168373,-0.005795031055900623
3.0,mfe_to_trig,mid,discovery,365,2.690443455105937,3.061659239397078,3.0002957859885173,0.06136345340856038,-0.2068567906758006,0.333347883991625,2.5341149488367343,2.4646843438142705,0.06943060502246369,-0.22005166500329365,0.38404100352435805,2.56293023327887,2.554863081664967,0.008067151613903343,-0.08624667870743635,0.11644380446125714,0.5219356232010745,0.5316615088308456,-0.00972588562977121,-0.031843721078135684,0.01344206871585217,0.03287671232876712,0.024963860939035774,0.00791285138973135,-0.009700430107400291,0.027978052882018913,0.9835616438356164,1.0,-0.01643835616438356,-0.029331622678396875,-0.005390473292177492
3.0,mfe_to_trig,high,discovery,365,3.6279929326403693,2.8604328492210174,3.0301632170191177,-0.1697303677980997,-0.544947280872012,0.20812989695155473,2.9973788130394747,2.576702744648498,0.42067606839097665,0.07640755748524662,0.7660170036686077,3.3279480762821616,2.737541640093086,0.5904064361890764,0.44604496865714843,0.7535968812488227,0.6371070607744336,0.5578862119527082,0.07922084882172552,0.04117019754604951,0.12262954271797004,0.13424657534246576,0.060563301804740156,0.0736832735377256,0.036970793628156425,0.11359016863717825,0.9835616438356164,0.9997003424657535,-0.016138698630136988,-0.029298781203078078,-0.004894225383655626
3.0,mfe_to_trig,low,replication,120,1.9863333640695593,3.0883061317409766,2.943022934767454,0.14528319697352216,-0.19540484342144843,0.5118934371719335,2.0432302795459854,2.1641546213979828,-0.12092434185199753,-0.494012496096048,0.2779433528656403,2.0283144530069546,2.2945219918324744,-0.26620753882551973,-0.3836668795108438,-0.15514877038540426,0.4451972277385063,0.49312448517732577,-0.04792725743881958,-0.07603289559673394,-0.017499198566114663,0.0,0.007554150132275132,-0.007554150132275132,-0.009687687314365123,-0.005417991488297357,0.975,0.9997395833333333,-0.024739583333333332,-0.05506429252765155,5.787037037031774e-06
3.0,mfe_to_trig,mid,replication,119,2.664775074124043,3.0865903767156744,2.975406887967417,0.1111834887482581,-0.25071416646086975,0.503544909377457,2.209515777166227,2.3459955759009374,-0.1364797987347106,-0.4939444362263602,0.25399883228827574,2.235450729093045,2.4831140165760144,-0.24766328748296876,-0.38684750175571986,-0.10374409266013576,0.4733126181280427,0.5215734456710627,-0.048260827543019864,-0.08538712423282487,-0.013762108845020975,0.008403361344537815,0.018793135533783405,-0.01038977418924559,-0.021423909582368325,0.011180200993462916,0.9663865546218487,0.9998686974789915,-0.033482142857142856,-0.07088020247469067,-0.00768893929414971
3.0,mfe_to_trig,high,replication,106,3.532863561991584,3.875009617617945,3.0554753098427465,0.8195343077751991,0.09245116989593728,1.5570806178963692,3.9454029495966454,2.661271199718018,1.284131749878627,0.6606620619952334,2.04774131001573,3.238746599219414,2.774149157115987,0.4645974421034279,0.15902524785968394,0.8098660775496569,0.553170396968464,0.5594947075802674,-0.006324310611803365,-0.08383525081765322,0.08266926229213666,0.05660377358490566,0.058398379005690323,-0.0017946054207846666,-0.039169214627385616,0.04370035953778704,0.9905660377358491,0.9998525943396226,-0.009286556603773585,-0.03109542043585526,0.0004223932739557739
3.0,mfe_to_trig,low,pooled,485,1.9332948750771237,3.0062566082947937,2.9715786866925207,0.03467792160227294,-0.16591378111751737,0.23813478448722386,2.0460014462362848,2.1961829311726433,-0.15018148493635872,-0.387620389119696,0.08521157857722829,2.113607827538981,2.2984672340776124,-0.1848594065386317,-0.25278757987843714,-0.1078248814366691,0.45455227604223886,0.49198176135396743,-0.03742948531172859,-0.053270671773316125,-0.023234300796677876,0.006185567010309278,0.00869196724629443,-0.0025064002359851513,-0.008692255037837387,0.005165735554119665,0.979381443298969,0.9999028391425299,-0.020521395843560792,-0.034851253021188036,-0.009950687325835102
3.0,mfe_to_trig,mid,pooled,484,2.6855975839265462,3.067789002498137,2.9941764081692797,0.07361259432885794,-0.13926393353097422,0.30477353091106396,2.454306474810308,2.435502601290125,0.018803873520183232,-0.20946888198794733,0.28588555076092437,2.482413578324091,2.537222299132766,-0.05480872080867472,-0.1313470908565829,0.037114355788212525,0.5099807934413827,0.529181179252304,-0.01920038581092119,-0.0374353546620129,-0.00035671100749659905,0.026859504132231406,0.023446678453033644,0.0034128256791977627,-0.010362660881607698,0.020045369022490593,0.9793388429752066,0.9999677169421488,-0.02062887396694215,-0.03388099244836904,-0.008679614063629791
3.0,mfe_to_trig,high,pooled,471,3.617291804802645,3.0887664743804115,3.035859781433777,0.05290669294663416,-0.2823569833181676,0.41038552087121,3.2107345635173092,2.5957351358106404,0.6149994277066686,0.31485894057468217,0.9495791159190576,3.307873009257425,2.7457802744973905,0.5620927347600344,0.42689582383970387,0.7004781940924524,0.6182168561811581,0.5582482088455346,0.05996864733562348,0.024910573448055428,0.0996924775825788,0.11677282377919321,0.06007607926397736,0.056696744515215856,0.028832252424037513,0.0866373056898198,0.9851380042462845,0.9997346072186837,-0.014596602972399151,-0.026991614255765198,-0.004275452972691422
3.0,catchup1,low,discovery,365,0.12522989140945784,2.846466736377911,2.980272881784529,-0.1338061454066182,-0.44663559540353154,0.18823818515644403,2.285393166702209,2.2977917220964734,-0.01239855539426372,-0.3169316849303504,0.32764660835493636,2.5652596196872635,2.443852029674909,0.12140759001235449,-0.005722267351645205,0.260990068927428,0.5319177254479107,0.5141380145212919,0.017779710926618758,-0.01266378631617084,0.049955516444909746,0.049315068493150684,0.024656163438176542,0.024658905054974145,0.00487440375321908,0.04726621278001432,0.9753424657534246,0.9998708958469232,-0.024528430093498588,-0.04110924533675358,-0.01055716150251282
3.0,catchup1,mid,discovery,365,0.23340314395028222,2.9241396276812726,2.981417390861259,-0.05727776317998717,-0.3080130899828546,0.2084061436497811,2.45196451563345,2.3826982330822797,0.0692662825511703,-0.21651608695723656,0.3669759838738916,2.633400335469909,2.5068562897387516,0.12654404573115746,0.01682964281261849,0.245529669129444,0.5413229792584798,0.5256964559447335,0.015626523313746365,-0.008437806138775143,0.03935457822835716,0.06301369863013699,0.027347192181366657,0.03566650644877033,0.014560524174504924,0.058111452559709155,0.9835616438356164,1.0,-0.01643835616438356,-0.029891304347826088,-0.005361930294906166
3.0,catchup1,high,discovery,365,0.36905309525149854,3.1307671470631804,3.0497356094680876,0.08103153759509268,-0.2194812755256017,0.38641341929042106,2.841048594277755,2.5676099197250406,0.2734386745527139,-0.04969211792003898,0.6026025989449681,2.833867839323233,2.641460702365612,0.19240713695762118,0.092222533421672,0.29546590612157364,0.5434298876303918,0.5413193216473781,0.0021105659830137832,-0.02248981014470172,0.02854818427080259,0.06301369863013699,0.04258985122993077,0.020423847400206217,-0.003629648844985655,0.04826630469685089,0.989041095890411,0.9997859589041096,-0.01074486301369863,-0.021841762131169937,-0.0023071118445666446
3.0,catchup1,low,replication,115,0.127015684050799,3.413130770712677,2.987855956825234,0.4252748138874442,-0.00016393655621418587,0.9031219719852361,2.5412415852704493,2.259483069477762,0.2817585157926874,-0.14747554486592754,0.7481872040471396,2.2501924427018896,2.3937087407966464,-0.1435162980947568,-0.32741083997203463,0.04291712929595911,0.454105758636657,0.5057776459841657,-0.05167188734750878,-0.0920979792625001,-0.011461759726523428,0.008695652173913044,0.016187888198757765,-0.00749223602484472,-0.02171220501851398,0.014299130360223181,0.9652173913043478,1.0,-0.034782608695652174,-0.07547169811320754,-0.007936507936507936
3.0,catchup1,mid,replication,106,0.242311627513207,3.219743380883079,2.9077817620278767,0.3119616188552021,-0.20933133128911835,0.8838315843781418,2.4151943195137857,2.2746670544981806,0.140527265015605,-0.3666301113512182,0.7003618780761559,2.2913259561947985,2.4627603100343953,-0.17143435383959715,-0.31517982123257227,-0.006936384508663747,0.4792553619781434,0.5226102063072529,-0.04335484432910943,-0.09118575648707879,0.006877764276774386,0.018867924528301886,0.021989407322068614,-0.003121482793766726,-0.024816974295529228,0.028057544316071232,0.9716981132075472,0.9997051886792453,-0.028007075471698114,-0.063661123853211,0.0002895585317460315
3.0,catchup1,high,replication,124,0.3615658113976924,3.345557847580808,3.0587762328523493,0.2867816147284596,-0.2802573999867663,0.8287349090248025,3.049026963798231,2.5807380201881416,0.4682889436100889,-0.04029685985394768,0.9858670989717527,2.831216357845153,2.6497090289635237,0.18150732888162932,-0.03289858160973728,0.4046599358158574,0.5271024221904537,0.5402218234104519,-0.013119401219998082,-0.06362900663003362,0.04794846017184302,0.03225806451612903,0.04145665322580645,-0.00919858870967742,-0.03561388785501603,0.02247771956578774,0.9919354838709677,0.9997479838709677,-0.0078125,-0.026709088349713347,0.0005387931034482759
3.0,catchup1,low,pooled,480,0.12612278773012842,2.9822299946039488,2.9820896601796987,0.0001403344242509134,-0.24057873334173271,0.28136163113804513,2.34669018365085,2.2886136074065737,0.058076576244276645,-0.18302663925589807,0.34215131015830613,2.4897747752011847,2.4318385333811587,0.05793624182002576,-0.04245200168979119,0.17799616255560272,0.5132752750660479,0.512135009559272,0.0011402655067756968,-0.023957963890231755,0.02724291097703657,0.03958333333333333,0.022627305828732458,0.016956027504600877,-0.0001823637169625699,0.03622919185054109,0.9729166666666667,0.9999018270502645,-0.026985160383597884,-0.04242194598223258,-0.013332114119203072
3.0,catchup1,mid,pooled,471,0.2345527309924007,2.9906661623721247,2.9648454659008805,0.025820696471244402,-0.20908628354872535,0.24431907780131917,2.4436892697976025,2.3583854837618667,0.08530378603573523,-0.14823266388870812,0.31811104188297534,2.5564154433188224,2.4969323537543313,0.0594830895644908,-0.031212639281577477,0.15662129898327742,0.5273544709108882,0.5250018859626253,0.0023525849482628905,-0.018578296152419755,0.026396827452183518,0.05307855626326964,0.026141406204539495,0.026937150058730142,0.009586093418441957,0.04653656566875207,0.9808917197452229,0.9999336518046709,-0.019041932059447982,-0.031583173883413716,-0.008456213593099081
3.0,catchup1,high,pooled,489,0.3672302680792661,3.185233500568673,3.052028119283319,0.13320538128535342,-0.11715701017850469,0.41614003556341683,2.8937874855263006,2.570938926795439,0.3228485587308622,0.06373240769479856,0.5996619047162174,2.8331954800118178,2.643552302566309,0.1896431774455087,0.09962074150207843,0.28591089427137023,0.5392895896456222,0.5410410194359694,-0.0017514297903470982,-0.023788354064341637,0.02236878875334887,0.05521472392638037,0.04230249631681949,0.012912227609560878,-0.006828452592553235,0.03456516421182305,0.9897750511247444,0.9997763292433538,-0.010001278118609408,-0.019267125810748985,-0.0019726262603826372
