tree
version=v4
num_class=1
num_tree_per_iteration=1
label_index=0
max_feature_idx=99
objective=binary sigmoid:1
feature_names=decision_checkpoint_s atr_14 atr_at_signal flip_range_atr flip_body_atr flip_body_pct flip_close_location flip_upper_wick_pct flip_lower_wick_pct flip_volume flip_vol_vs_20avg flip_close_vs_prior_close_atr flip_high_vs_prior_high_atr flip_low_vs_prior_low_atr flip_bar_bullish_volume_pct flip_bar_vol_rank_20 bar1_range_atr bar1_body_atr bar1_body_pct bar1_close_location bar1_upper_wick_pct bar1_lower_wick_pct bar1_volume bar1_vol_vs_flip_vol bar1_vol_rank_20 bar1_hh_amount_atr bar1_close_vs_flip_close_atr bar1_close_above_flip_close bar1_close_above_50pct_range bar1_bullish_volume_pct two_bar_range_atr two_bar_body_atr two_bar_close_vs_open_pct two_bar_volume_total two_bar_vol_vs_40avg flip_low_to_bar1_high_atr prior_regime_duration_bars consecutive_trend_bars_pre_flip pre_flip_3bar_body_direction pre_flip_3bar_range_atr pre_flip_5bar_range_atr pre_flip_volume_trend regime_flips_last_30min regime_flips_last_60min price_vs_sma20_atr price_vs_sma50_atr sma20_slope_atr sma20_vs_sma50_atr sma50_slope_atr ema3_slope_atr ema_spread_atr ema3_ema9_spread_atr vol_1m_20avg vol_ratio_up_down_10bar vol_ratio_up_down_20bar vol_acceleration_5bar high_vol_bar_count_10 cumulative_volume_bias_10 hour_of_day minute_of_hour minutes_since_rth_open distance_from_session_high_atr distance_from_session_low_atr regime_30s_aligned_t0 regime_5m_aligned_t0 signal_direction atr_14_at_T regime_30s_T regime_30s_aligned_T regime_30s_duration_bars_T ema3_slope_30s_atr_T ema_spread_30s_atr_T price_vs_sma20_30s_atr_T bar_range_30s_current_atr_T regime_5m_T regime_5m_duration_bars_T ema3_slope_5m_atr_T ema_spread_5m_atr_T price_vs_sma20_5m_atr_T regime_5m_changed_during_delay_by_T regime_1m_T micro_same_dir_count_12s_T micro_opp_dir_count_12s_T micro_aligned_T micro_opposing_T micro_net_return_atr_T micro_range_compression_T micro_body_pct_avg_T continuation_count_since_signal_T consecutive_continuation_bars_T bars_since_last_continuation_T checkpoint_bars_since_signal_1m_T is_rth_T hour_of_day_T minute_of_hour_T minutes_since_rth_open_T distance_from_session_high_atr_T distance_from_session_low_atr_T vol_total_30s_recent_T vol_vs_20avg_30s_T
feature_infos=[0:300] [0.5892857142857143:65.446428571428569] [0.5892857142857143:65.446428571428569] [0.224:7.4398758727695888] [0:6.8099301784328938] [0:1] [0:1] [0:0.94117647058823528] [0:1] [14:12219] [0.21698113207547171:9.1905754127263997] none none none [0:1] [0:0.94736842105263153] [0.17721518987341772:18.469344608879492] [0:10.477801268498943] [0:1] [0:1] [0:1] [0:1] [23:9191] [0.2535039609993906:14.380952380952381] [0:1] [0.0070778564206268966:17.640591966173361] [-2.5245901639344264:9.9746300211416496] [0:1] [0:1] [0:1] [0.35443037974683544:19.505285412262158] [-1.1830985915492958:10.803382663847781] [-0.70270270270270274:1] [44:18687] [0.24288325933664143:16.980436880428105] [0.35443037974683544:19.505285412262158] none [0:7] [-3.436619718309859:2.6747967479674792] [0.56204379562043794:4.7659574468085104] [0.78698224852071008:7.1904761904761907] [0.19369845633326285:1548.75] [1:9] [1:13] [-5.3800620636151901:4.6909186351706245] [-4.9303025601241526:6.8848484848488374] [-1.7300380228136882:1.8842857142856311] [-5.3316022099447737:7.090755813953618] [-3.0002588996762629:3.4983720930232201] [-5.6456557410750969:5.9862261599597542] [0.34007248901666282:10.014771897791169] [-3.26367376879517:3.151861680478969] [23:5171.75] [0.046437842515142776:999] [0.13806133625410733:13.528735632183908] [0.19369845633326285:1548.75] [0:10] [-0.91124586549062847:1] [8:14] [0:59] [0:389] [0.22201492537313433:88.941176470588232] [0.14583333333333334:239.51351351351352] [0:1] none [-1:1] [0.7321428571428571:71.25] [-1:1] [0:1] [1:66] none [0.21306905896698008:8.8062914773381209] [-15.740380549682962:11.494794952681453] none [-1:1] [1:119] none [0.84285283436339486:7.88767634173111] [-16.276109936575097:14.269230769230768] none [-1:1] [0:11] [0:11] [0:1] [0:1] [-3.9303278688524594:4.4595300261096602] [0:27] [0:1] [0:4] [0:4] [0:4] [0:5] [0:1] [8:15] [0:59] [0:394] [0:90.687058823529412] [0:238.75675675675677] none none
tree_sizes=6805 6893 6904 6895 6888 6901 6879 6894 6908 6900 6912 6904 6887 6919 6904 6911 6900 6922 6928 6919 6930 6890 6905 6925 6897 6906 6921 6924 6932 6922 6892 6921 6915 6932 6904 6913 6941 6923 6920 6916 6924 6922 6904 6904 6912 6910 6889 6909 6901 6901 6891 6907 6884 6909 6912 6925 6896 6892 6920 6886 6919 6899 6930 6936 6940 6922 6908 6918 6922 6928 6934 6926 6935 6926 6925 6897 6934 6887 6926 6926 6896 6889 6920 6913 6931 6927 6919 6895 6883 6900 6906 6913 6904 6928 6902 6896 6914 6906 6904 6911 6887 6895 6849 6901 6877 6921 6967 6892 6901 6908 6881 6925 6903 6892 6917 6884 6868 6915 6873 6931 6898 6884 6880 6863 6929 6879 6901 6894 6898

Tree=0
num_leaves=63
num_cat=0
split_feature=52 72 72 52 78 52 48 78 78 72 72 72 45 52 48 72 78 45 51 66 45 88 78 78 52 46 44 51 78 75 78 78 72 78 52 47 78 75 66 53 29 35 15 38 23 1 45 66 52 60 52 25 22 3 78 26 52 97 25 0 94 0
split_gain=3132.57 670.385 730.914 463.91 407.53 403.357 249.825 246.507 203.484 135.487 95.4839 134.113 134.31 92.9619 90.0547 84.6495 81.9375 78.8697 78.3769 71.0295 70.9491 69.8738 69.1974 65.6214 63.4893 59.8212 54.2322 82.7264 64.9045 52.0546 51.996 51.0914 44.0661 41.2292 39.32 33.6317 32.9906 32.1317 31.7673 30.7394 30.6445 33.0258 30.5961 30.5466 30.9215 29.9102 28.6278 28.5971 27.7228 27.5896 27.8247 28.5792 27.5449 27.2757 30.9317 27.2492 27.0697 26.8513 26.7031 25.3132 24.6237 24.4818
threshold=731.25000000000011 -1.8768963649547239 1.6059915743486139 444.90000000000003 -0.60534761057446296 1026.9750000000001 -0.73105507955932614 0.31938749490006063 2.2674003502236713 1.2560438404545209 -0.923587376212054 0.66270709570954089 -0.22246059169931559 560.25000000000011 1.1307665770610138 -1.5850148136597253 -2.0233117367626612 0.42583029882674334 0.26211520808877525 4.2053571428571432 -0.20835327496759512 1.5000000000000002 2.6250515615792609 -2.1374930936291014 322.0750000000001 -0.41370841368817363 0.64026699465522985 -0.24274849734387458 0.46219803772143209 12.500000000000002 -0.09199013157907468 0.11666666666677274 -2.3619683874674577 0.46219803772143209 862.07500000000016 1.3501614317396353 -0.18604164798717696 6.5000000000000009 4.3839285714285721 1.0849214570053591 0.57770472514088744 1.6343012393081817 0.81578947368421062 -0.41762731060146419 0.93281000247087975 10.883928571428573 -1.2114007944389629 4.0267857142857153 624.02500000000009 309.50000000000006 891.95000000000016 0.85565063841347466 505.50000000000006 1.8047654024216526 2.2674003502236713 -0.16302800189843375 979.55000000000007 4.3868637888140407 0.09897491515936048 90.000000000000014 53.500000000000007 210.00000000000003
decision_type=2 2 2 2 2 2 2 2 2 2 2 2 2 2 2 2 2 2 2 2 2 2 2 2 2 2 2 2 2 2 2 2 2 2 2 2 2 2 2 2 2 2 2 2 2 2 2 2 2 2 2 2 2 2 2 2 2 2 2 2 2 2
left_child=3 7 5 24 16 14 23 32 10 13 17 -12 36 38 19 30 -4 -8 -10 -3 21 -6 56 -7 52 -14 27 28 39 -18 -15 59 -2 -11 -29 43 -13 48 -5 -21 53 -42 -33 44 -17 -45 -25 -37 -35 50 51 -30 -1 54 -40 -26 -9 -31 -27 -28 -49 -38
right_child=1 2 4 9 20 6 8 22 18 33 11 12 25 15 -16 35 29 -19 -20 26 -22 -23 -24 46 55 58 31 34 49 57 -32 42 -34 37 -36 47 61 -39 40 -41 41 -43 -44 45 -46 -47 -48 60 -50 -51 -52 -53 -54 -55 -56 -57 -58 -59 -60 -61 -62 -63
leaf_value=-0.39047681100015696 -0.41674346786563504 -0.42487587013587458 -0.55261747389812332 -0.43507928681525943 -0.48719697889783048 -0.57205411464100564 -0.4877741465626354 -0.45683616423026341 -0.56205848284109128 -0.45706034048957994 -0.54613902819661142 -0.54739787191470857 -0.54800691217677933 -0.42843584448533123 -0.54277087923215062 -0.53452449803023383 -0.52607947703803126 -0.52681976270145403 -0.47453215919494418 -0.47359578449444906 -0.41876014089169555 -0.42347409727100932 -0.55044467720747325 -0.5625907626552098 -0.4554400894673617 -0.52169595060077667 -0.5254777632167652 -0.51419190368011813 -0.50638353682675674 -0.50321798602827039 -0.48009038784530395 -0.44012562597600136 -0.45628278749320184 -0.41502267746648813 -0.53661825588916989 -0.45456926289952926 -0.52897932098307765 -0.39329698831471704 -0.44645038758275879 -0.52095187764583972 -0.52321010685069114 -0.45821187777701161 -0.50419363024950781 -0.48243904868294019 -0.47932609930553077 -0.4411087198067879 -0.52702755126722156 -0.50433794819623112 -0.47057094456297738 -0.54291178909552218 -0.52828494653953828 -0.45492325883066109 -0.44368336859660867 -0.49422249490187914 -0.48654474136785064 -0.42419231763381482 -0.50453391141547033 -0.44104666530313086 -0.46977400660717067 -0.48949927270552213 -0.55453727760388427 -0.47873782737339299
leaf_weight=186.91121107339859 149.8107445538044 24.185747161507607 121.63317504525185 118.81541809439659 114.11915650963783 711.24881701171398 252.65887326002121 46.49298968911171 624.60279077291489 154.50700613856316 802.59110483527184 209.21845360100269 34.047896489500999 103.08294178545475 235.75233155488968 54.241821303963661 75.844624593853951 264.63434030115604 26.533877953886986 206.87032280862331 179.86681869626045 69.269858375191689 65.278036028146744 96.038549408316612 92.046727061271667 28.412382587790489 87.115652397274971 382.27569299936295 108.9532687664032 29.821261063218117 93.220792457461357 61.286213681101799 135.48714672029018 50.95443819463253 401.99999165534973 25.124999478459358 81.714951574802399 64.57359679043293 278.95793813467026 40.857475787401199 41.561915025115013 36.630840361118317 26.533877953886986 549.93223157525063 47.432242006063461 47.667055085301399 139.948595225811 191.37265957891941 41.092288866639137 71.617989167571068 96.977801725268364 35.691588044166565 28.882008746266365 46.962615847587585 58.703269809484482 309.95326459407806 81.714951574802399 42.031541183590889 184.09345412254333 111.06658647954464 27.942756429314613 34.282709568738937
leaf_count=796 638 103 518 506 486 3029 1076 198 2660 658 3418 891 145 439 1004 231 323 1127 113 881 766 295 278 409 392 121 371 1628 464 127 397 261 577 217 1712 107 348 275 1188 174 177 156 113 2342 202 203 596 815 175 305 413 152 123 200 250 1320 348 179 784 473 119 146
internal_value=-0.503251 -0.521951 -0.526484 -0.457447 -0.475651 -0.532461 -0.542539 -0.465018 -0.534368 -0.468986 -0.526063 -0.532955 -0.514435 -0.474482 -0.513861 -0.482792 -0.522241 -0.50774 -0.55848 -0.509739 -0.441099 -0.46307 -0.50856 -0.564462 -0.4195 -0.48662 -0.511005 -0.51521 -0.500557 -0.497242 -0.452916 -0.491244 -0.43548 -0.43861 -0.525696 -0.489016 -0.535536 -0.420481 -0.458209 -0.48143 -0.464171 -0.492806 -0.459519 -0.483436 -0.508726 -0.479124 -0.541541 -0.504962 -0.439704 -0.51567 -0.507562 -0.493695 -0.397544 -0.458367 -0.453399 -0.431321 -0.487253 -0.466744 -0.476745 -0.505292 -0.510777 -0.514079
internal_weight=9143.15 6492.58 6013.8 2650.57 632.586 5381.21 3490.03 478.784 2542.79 2032.78 1891.65 1374.36 571.77 1721.65 1891.18 1140.02 269.331 517.293 651.137 1655.43 363.256 183.389 193.486 947.236 617.793 246.554 1631.25 1345.24 560.968 147.697 196.304 286.002 285.298 311.127 784.276 943.714 325.216 156.62 581.632 247.728 462.817 78.1928 87.8201 699.273 101.674 597.599 235.987 244.44 92.0467 313.241 241.623 144.645 215.793 384.624 337.661 402 128.208 71.8528 212.506 198.182 219.315 115.998
internal_count=38938 27650 25611 11288 2694 22917 14863 2039 10829 8657 8056 5853 2435 7332 8054 4855 1147 2203 2773 7050 1547 781 824 4034 2631 1050 6947 5729 2389 629 836 1218 1215 1325 3340 4019 1385 667 2477 1055 1971 333 374 2978 433 2545 1005 1041 392 1334 1029 616 919 1638 1438 1712 546 306 905 844 934 494
is_linear=0
shrinkage=1


Tree=1
num_leaves=63
num_cat=0
split_feature=52 72 72 52 52 45 48 47 45 26 72 48 48 52 72 72 0 46 2 72 45 45 22 60 59 62 72 7 45 60 96 72 53 31 31 72 9 47 46 22 22 52 45 47 34 66 16 17 15 60 38 23 45 47 59 2 37 0 46 72 45 48
split_gain=2809.94 605.79 663.841 403.058 371.81 295.509 233.595 180.4 173.458 120.222 118.676 117.207 82.5574 82.0167 77.9384 74.8514 69.1628 63.8837 63.5175 61.5804 79.2038 57.3497 56.9739 55.7154 61.1557 52.4404 52.0627 44.8338 43.4325 42.3094 41.7828 38.0677 37.7693 33.9257 32.5048 32.3022 32.2677 31.4465 32.5584 31.5101 31.9931 30.9353 30.6861 30.1192 29.5429 29.1322 32.5301 28.506 27.9207 27.6063 27.3152 28.0099 26.9773 26.831 26.6594 26.3116 26.2928 26.1317 26.052 44.8034 34.5689 25.4986
threshold=731.25000000000011 -1.8768963649547239 1.6059915743486139 444.90000000000003 1026.9750000000001 -0.46848644637749787 -0.73105507955932614 1.3501614317396353 1.1493642810498874 0.4225626397136471 1.2560438404545209 -1.1397774953543556 1.112424147352215 560.25000000000011 -1.1038608318932768 -1.5850148136597253 90.000000000000014 -0.13028144423498594 4.3125000000000009 0.66270709570954089 -0.24762257896889653 -0.74873449253302626 203.50000000000003 312.50000000000006 55.500000000000007 3.7818918918918922 -2.9361615154536986 0.086785347483738465 2.0350129790807854 282.50000000000006 5.230287365774573 2.3844249429223514 0.65058559827106421 0.65902762592025665 0.94288306205404659 2.2074082127623749 1299.5000000000002 -2.2955174011922512 0.85545401798663034 666.50000000000011 1232.5000000000002 854.77500000000009 1.1672233948579935 1.3501614317396353 1.0894546200664712 6.1517857142857153 1.3781381302521012 0.1112215595316987 0.39473684210526322 188.50000000000003 -0.41762731060146419 0.93281000247087975 -1.6378544641990855 0.69583603522567217 22.500000000000004 10.883928571428573 1.5000000000000002 150.00000000000003 -0.44717432950188218 0.9583572598041975 -0.57068378995439806 0.4124504748982179
decision_type=2 2 2 2 2 2 2 2 2 2 2 2 2 2 2 2 2 2 2 2 2 2 2 2 2 2 2 2 2 2 2 2 2 2 2 2 2 2 2 2 2 2 2 2 2 2 2 2 2 2 2 2 2 2 2 2 2 2 2 2 2 2
left_child=3 8 4 22 12 11 21 9 30 14 13 57 18 45 17 34 -13 -8 -3 32 -21 -6 -1 25 -25 -20 -10 29 -28 36 -2 -7 -16 -24 -15 52 -27 -29 39 -39 41 -41 -9 50 -19 -5 49 -23 -22 -47 51 -17 -18 -36 -45 -52 -55 -4 -11 -60 -61 -42
right_child=1 2 5 10 6 31 7 42 26 58 -12 16 -14 15 19 43 35 44 23 20 48 47 33 24 -26 27 28 37 -30 -31 -32 -33 -34 -35 53 -37 -38 38 -40 40 61 -43 -44 54 -46 46 -48 -49 -50 -51 55 -53 -54 56 -56 -57 -58 -59 59 60 -62 -63
leaf_value=0.11867744670857708 0.028381750362282271 0.065361934201602453 -0.063366337208760393 0.051863347981087882 -0.065728846264795276 0.056348981120777353 0.079183602448217358 -0.031151664580136997 0.058509942781895467 -0.021877181421815509 0.060536810280662136 -0.015723214780875749 -0.037324700069760568 0.090429645159355393 -0.018819511403391852 -0.029904976445618577 -0.0097225679959046657 -0.033063124073835583 -0.025903979460221688 -0.038687641122096994 0.045824934884056638 0.013678472943953225 0.049319665557053041 -0.029391173071065479 0.050452705014432143 0.015406590363216802 0.0078082306701652048 -0.061336701894776052 -0.046841083811608779 0.059986498934396205 0.07013215630084714 0.10113767775217548 -0.047849119097046866 0.079153522181227801 0.064867362851590463 0.079727130272024091 -0.022257258258240618 0.021715547524116988 -0.058618518204583206 0.0019350936239553374 0.038070376720568316 -0.028435830677058613 -0.05539225847649755 0.021806070858671544 0.015134892003019252 0.082966728883613894 -0.0027638901638729133 -0.042748539209610623 -0.003187660691453618 0.030897329552865567 0.019718682257151163 0.02264622455663803 0.040517149494791786 0.003887798717367376 -0.013242673263897595 0.058224438115475653 0.056566187626326953 -0.015842714396037967 -0.0039927975810462061 -0.015560417198027502 0.052026395288963058 -0.02268402379999343
leaf_weight=76.49470517039299 82.85735222697258 30.450373396277428 67.837319552898407 341.23643121123314 723.86949707567692 192.64794518053532 24.016893744468689 169.21253179013729 28.458777710795403 107.01116040349007 315.75187981128693 100.18473352491856 242.05042690038681 35.896752178668976 139.49270513653755 53.81373605132103 38.142185866832733 65.143838554620743 196.15572848916054 206.05275422334671 36.284178122878075 25.304834544658661 124.78132764995098 357.82655929028988 25.571867346763611 335.14423123002052 86.132132411003113 25.226782262325287 62.630415543913841 45.255382418632507 222.87185837328434 63.827177137136459 586.50667522847652 428.29000924527645 58.383378207683563 34.905895635485649 68.299561858177185 113.31320485472679 26.243607312440872 151.82380126416683 57.787745743989944 186.32912668585777 595.45157799124718 81.125284820795059 61.769614368677139 30.60501466691494 59.896657526493073 183.03457450866699 143.54817798733711 156.02451927959919 552.71085169911385 47.706922709941864 87.770345911383629 67.823665976524353 163.18808330595493 48.359211802482605 36.503788948059082 51.105101749300957 288.36183306574821 25.172905191779137 74.372842773795128 24.425691738724709
leaf_count=318 350 128 292 1437 3136 809 102 728 120 459 1325 427 1041 151 600 231 162 278 839 885 154 109 523 1529 109 1428 365 108 268 193 936 267 2525 1790 245 147 291 483 112 646 246 797 2569 345 263 129 253 789 610 658 2342 202 371 286 696 203 154 219 1233 108 315 104
internal_value=3.43991e-05 -0.0178185 -0.0221716 0.0430907 -0.0279244 0.0260918 -0.0376724 -0.0297622 0.0360374 -0.0209358 0.0323327 -0.00189083 -0.0100642 0.0271887 -0.0291215 0.0193869 0.0168423 0.00456125 -0.00604519 -0.0336982 -0.0175296 -0.0590651 0.0780854 -0.00739995 -0.0240409 -0.00220727 -0.00329384 0.00228602 -0.0151821 0.0141785 0.0588465 0.0675498 -0.0422816 0.0724417 0.0472979 0.0371577 0.0090141 -0.00682558 -0.00435019 -0.0016617 -0.00797879 -0.0147886 -0.0500394 0.0135231 -0.00957202 0.0423795 0.0292163 -0.0358677 0.00669363 0.0395027 0.0187815 -0.00516276 0.0252629 0.0377019 -0.00157997 0.0228342 0.0224042 -0.0430197 -3.79044e-05 0.00597805 0.0348866 0.0199538
internal_weight=9138.47 6459.88 5976.93 2678.59 5340.51 636.421 3454.61 2522.4 482.951 1757.73 2049.03 379.946 1885.9 1733.27 1262.81 1145.51 261.003 150.93 1643.85 1111.88 385.885 932.209 629.566 1613.4 383.398 1230 177.221 1033.85 148.763 448.699 305.729 256.475 725.999 553.071 198.608 160.818 403.444 585.15 559.923 533.68 420.366 338.153 764.664 946.904 126.913 587.763 246.526 208.339 179.832 186.63 702.591 101.521 125.913 162.711 244.313 601.07 104.327 118.942 494.919 387.908 99.5457 82.2134
internal_count=38938 27650 25611 11288 22917 2694 14863 10829 2039 7532 8657 1618 8054 7332 5417 4855 1107 643 7013 4774 1649 4034 2631 6885 1638 5247 753 4408 633 1912 1286 1076 3125 2313 836 680 1719 2496 2388 2276 1793 1443 3297 4019 541 2477 1040 898 764 787 2978 433 533 685 1041 2545 440 511 2115 1656 423 350
is_linear=0
shrinkage=0.05


Tree=2
num_leaves=63
num_cat=0
split_feature=33 24 33 72 72 33 72 72 78 31 78 78 48 33 78 10 48 78 78 78 33 46 6 72 51 72 78 46 1 32 46 75 26 7 48 97 0 72 48 75 31 17 26 48 46 78 48 50 33 78 72 21 6 29 25 78 46 46 78 48 19 21
split_gain=1660.86 680.038 297.441 281.104 280.333 226.253 210.203 257.97 182.685 180.636 178.466 159.948 155.459 134.438 97.4834 95.5911 88.2168 64.2616 63.5165 67.2788 63.0438 59.7011 56.5048 53.6577 52.4125 49.5721 48.7337 48.5151 46.4126 44.1465 60.0871 43.9018 42.6489 41.8989 41.8191 45.8824 41.4141 40.1755 39.9404 39.3705 48.2198 39.9837 38.0993 38.4781 37.6627 34.8283 32.6755 38.0076 31.194 30.9569 29.4861 28.1876 28.0055 27.9107 27.4046 26.4468 35.2697 26.1573 25.9418 25.791 25.6436 25.5337
threshold=1432.5000000000002 0.81578947368421062 832.50000000000011 1.5854235218510033 -1.5211173854821878 1777.5000000000002 -1.8768963649547239 1.6491095414177346 -1.5343468056721659 0.93066199666935367 1.7058452168746288 -0.09199013157907468 -0.85611219556672113 1963.5000000000002 1.2750105218855048 0.97699285593136631 0.87954961704951973 3.2808198648036506 2.9357190286472776 -2.058276886669169 508.50000000000006 0.46967432950195215 0.31643132220795894 -1.5850148136597253 0.48823315148787172 0.99678894636209703 -0.46150471737454285 -0.20647593211787121 5.4910714285714297 0.67281223449447758 -0.25071345611412049 7.5000000000000009 -0.053486199699327129 0.38138528138528144 0.38235552706296344 3.5298508819785419 90.000000000000014 1.1996883670773786 0.13992332968235152 7.5000000000000009 0.94940619860013908 0.20151942446043167 0.7559342723004695 -0.62642717010254945 0.80603405772372139 0.025897745571605037 0.2791444713479187 1.1778825505621469 1066.5000000000002 0.70437371930396375 -2.6297282447036188 0.53914227365554812 0.2259467040673212 0.38184984929774429 0.26766674164885845 0.48486425436029473 -0.67832390805727771 -0.13530418145636822 -2.684838193716991 -1.1995981255111565 0.43951219512195128 0.39892473118279576
decision_type=2 2 2 2 2 2 2 2 2 2 2 2 2 2 2 2 2 2 2 2 2 2 2 2 2 2 2 2 2 2 2 2 2 2 2 2 2 2 2 2 2 2 2 2 2 2 2 2 2 2 2 2 2 2 2 2 2 2 2 2 2 2
left_child=2 3 20 4 10 15 14 13 -5 17 26 27 -7 42 58 24 29 23 19 22 -1 28 -15 -4 51 -25 50 59 -11 37 38 49 -32 -22 35 -34 -10 -14 -31 -21 41 -41 43 -8 -28 -27 -23 -48 -30 -13 -2 54 -20 -16 -6 56 -38 -18 -3 -9 -37 -19
right_child=1 6 9 8 5 12 7 11 36 21 -12 31 16 18 53 -17 57 61 52 39 33 46 -24 25 -26 45 44 -29 48 30 32 -33 34 -35 -36 60 55 -39 -40 40 -42 -43 -44 -45 -46 -47 47 -49 -50 -51 -52 -53 -54 -55 -56 -57 -58 -59 -60 -61 -62 -63
leaf_value=0.10538655019786186 0.098365335188896882 0.081386866896071289 0.064250853319467532 -0.035296551808802666 -0.049463144019569617 -0.058718304146709803 -0.039161936708523332 -0.059660832956018407 0.012792206944076949 0.067467404076500329 -0.038379955581578487 0.0013114120280349278 -0.036683374486432663 0.024018857061226501 -0.039174346528552145 0.011776305644968793 -0.0061964995330311586 -0.041744356401688221 -0.049414948491924987 -0.013913010996265721 0.067715588744590591 0.055076313554152913 -0.047719330692498785 0.0064973003507368416 0.047847617845858594 0.015584453988964851 0.024198427552232019 0.034756864238512757 0.066229040107502066 -0.041823505715908017 -0.057245696041344919 0.094292154487559607 -0.022561678216865957 0.0095695385191543348 -0.02529055574051077 0.0012817560240457344 -0.0099452641241837697 0.00018638072355951408 0.0092364765385867763 0.018683504602003246 0.012826433174875411 -0.054572059830194114 0.043300495771200959 0.017185180931112053 -0.04179821114776739 0.068312420188257658 -0.013820819220657865 0.049189792465511806 0.033906299761406619 0.061023121410873238 0.041825044353095246 0.009879577033218909 0.0086021172529372244 0.021001243458560769 -0.020573791789517584 0.077530004051334339 0.057004891168997332 -0.053877661335894556 0.047198270857023855 -0.0023581216421412294 0.03639978257197022 0.0067981693054537983
leaf_weight=111.52633054554462 28.820902854204178 73.70905564725399 55.417015448212624 111.6124714165926 148.67790725827217 701.25178173184395 34.733654350042343 33.527789458632469 85.798229858279228 253.18720850348473 125.74480909109116 27.408163696527481 882.74793276190758 32.917068526148796 36.437208399176598 348.29649597406387 31.038073047995567 71.050329774618149 147.16348671913147 460.34536325931549 343.35233892500401 40.874446019530296 161.10881273448467 543.6666262447834 23.711372330784798 64.69423234462738 115.85844977200031 54.65544930100441 94.93877138197422 267.00562524795532 37.343760207295418 89.63915166258812 83.477163180708885 34.316067293286324 129.22903698682785 92.261207282543182 27.413902282714844 80.338629513978958 44.492104381322861 28.432647243142128 434.57451876997948 53.236183881759644 124.92742410302162 230.94116711616516 26.43482218682766 61.306590229272842 87.604274943470955 32.798018500208855 359.95404621958733 107.56628519296646 120.09137320518494 42.052927657961845 24.024031639099121 40.587824359536171 185.71903610229492 75.950883656740189 68.274155616760254 444.5044270157814 235.83724592626095 47.676761284470558 119.89638075232506 43.44841493666172
leaf_count=456 119 305 231 482 644 3082 147 146 361 1052 544 115 3823 140 155 1480 134 304 640 1973 1422 171 702 2299 101 273 491 230 395 1155 161 370 358 143 558 396 116 345 191 122 1855 229 526 975 113 256 371 137 1513 446 505 181 104 172 800 315 286 1942 982 202 511 185
internal_value=2.00997e-05 -0.011995 0.0378871 -0.0236912 -0.0274725 -0.0318957 0.00898575 0.00272555 0.0180849 0.0280388 0.0113627 0.0412041 -0.038195 -0.00527999 0.0428558 -0.00736541 -0.0316851 0.0114872 -0.0127973 -0.00862992 0.072268 0.0440147 -0.0355169 0.0169883 -0.0240374 0.0130607 0.0328649 -0.00158721 0.0502712 -0.0264518 -0.0175408 0.0670983 -0.00608623 0.0624494 -0.00156535 0.00879364 0.0412526 -0.0336029 -0.0345138 -0.00327989 0.00619307 -0.0290156 0.0205273 0.00978773 0.0118819 0.0413131 0.0165007 0.00332858 0.0406763 0.0489449 0.0528602 -0.02859 -0.0412435 -0.00741428 -0.0334443 0.0554344 0.0377816 -0.050778 0.055379 -0.0261231 0.0211593 -0.0232906
internal_weight=9125.63 6927.49 2198.13 4448.04 4078.99 3662.04 2479.45 2092.88 369.05 1708.94 416.95 360.474 2913.59 1732.4 386.571 748.458 2212.33 839.583 1341.8 1170.61 489.195 869.357 194.026 725.084 400.161 669.667 291.206 135.86 708.08 1736.79 773.705 224.614 462.208 377.668 424.864 295.635 257.437 963.087 311.498 976.589 516.243 81.6688 390.602 265.675 142.293 126.001 161.277 120.402 454.893 134.974 148.912 376.45 171.188 77.025 334.397 171.639 95.6881 475.543 309.546 81.2046 212.158 114.499
internal_count=38938 29730 9208 19194 17634 15862 10536 8922 1560 7187 1772 1509 12656 7413 1614 3206 9574 3548 5765 5021 2021 3639 842 3059 1726 2828 1228 578 2960 7498 3330 931 1984 1565 1823 1265 1078 4168 1346 4179 2206 351 1648 1122 604 529 679 508 1908 561 624 1625 744 327 1444 717 402 2076 1287 348 907 489
is_linear=0
shrinkage=0.05


Tree=3
num_leaves=63
num_cat=0
split_feature=52 72 72 52 78 52 78 78 47 6 72 78 51 72 46 47 1 78 1 72 72 75 52 78 33 60 52 78 46 78 78 52 66 78 72 47 78 8 71 75 47 75 31 72 51 57 29 43 29 15 10 40 46 77 52 97 50 25 33 77 31 71
split_gain=2309.73 500.084 576.882 380.029 293.782 265.419 247.56 185.773 150.656 107.763 103.618 70.8299 68.1305 93.1369 79.4904 67.0314 78.1292 61.6809 58.1722 53.2806 52.0324 47.912 47.8958 47.0432 45.857 40.2173 40.0098 39.48 38.0422 37.9928 36.9157 34.6867 32.7894 32.2689 37.0279 39.4995 32.2618 31.3867 30.9481 36.6232 30.146 28.7727 28.6239 28.2302 27.8578 27.5101 26.3784 25.8319 27.3934 32.2405 28.702 28.0899 25.5798 25.5661 25.1838 25.0209 24.4074 24.265 27.1378 23.7772 23.7745 27.4325
threshold=696.80000000000007 -1.6273187313865394 1.6059915743486139 1026.9750000000001 -1.2019295239973216 444.90000000000003 1.0000000180025095e-35 -2.1374930936291014 1.3501614317396353 0.32392686804451515 0.9583572598041975 0.58120480425561549 0.40995709924243778 -0.93839046714452223 -0.21313712374576121 1.4843056440387155 4.3125000000000009 2.1863411896744291 2.9375000000000004 -2.0509236047471293 -2.3619683874674577 5.5000000000000009 891.95000000000016 1.0000000180025095e-35 508.50000000000006 303.50000000000006 560.25000000000011 -0.09199013157907468 0.31948502655053035 0.70437371930396375 -2.0233117367626612 979.55000000000007 4.8839285714285721 -1.1494146052571634 0.63421870528935365 -0.44989342017611628 -1.3372822144258143 0.037123169681309222 0.57203863202450267 18.500000000000004 -2.2563465730496888 12.500000000000002 0.65902762592025665 2.3844249429223514 0.50749138006263561 -0.2043650928427608 0.57770472514088744 3.5000000000000004 0.45634764041963383 0.50000000000000011 1.2779890244696459 1.7218496636191134 0.65024907857437453 2.1223319647346854 866.77500000000009 3.5298508819785419 1.1042982241727994 0.28431947969543153 4731.5000000000009 2.3161167495002801 0.45235534183302228 0.92229089460432367
decision_type=2 2 2 2 2 2 2 2 2 2 2 2 2 2 2 2 2 2 2 2 2 2 2 2 2 2 2 2 2 2 2 2 2 2 2 2 2 2 2 2 2 2 2 2 2 2 2 2 2 2 2 2 2 2 2 2 2 2 2 2 2 2
left_child=5 6 3 15 30 24 20 9 12 -5 18 21 13 28 27 16 -3 31 -7 -20 -2 -6 25 32 -1 36 46 -14 29 -9 -4 -8 -12 -15 45 -36 59 -24 -38 -40 -39 -32 -26 -13 -42 -35 60 -28 49 51 -50 -49 -22 -29 -19 -16 -46 -57 -59 -18 -21 -62
right_child=1 2 4 7 11 10 17 8 -10 -11 23 43 14 33 55 -17 22 54 19 26 52 -23 37 -25 42 -27 47 53 -30 -31 41 -33 -34 34 35 -37 38 40 39 -41 44 -43 -44 -45 56 -47 -48 48 50 -51 -52 -53 -54 -55 -56 57 -58 58 -60 -61 61 -63
leaf_value=0.098598235493547223 0.074070929760479132 0.0793339363588801 -0.04492677759678524 0.026706284921060232 -0.011346343004682354 0.084799723584949804 0.036101951868379577 0.026896876469984746 -0.04943286213961353 -0.060776908779509413 0.084730561792134007 0.051639755396815507 -0.03866363033412893 -0.050526955904011621 -0.011715938471425115 -0.027296601642363527 -0.021346817752960004 0.009661377870666038 0.054503559693083216 0.008841624427957823 0.043477391651193728 0.039698427967862375 -0.038545917760071872 0.069608401989504062 0.041000746518155974 -0.016437323777003958 -0.0052792280591442862 0.045801168309360145 -0.024963512839120069 -0.024630313999114275 -0.032593543581972244 -0.0048920846867654523 0.024517639080864573 -0.016429967335402133 -0.029017551047011366 0.010643949564764069 0.030755003403150117 -0.059940591887843259 -0.0034933574431625283 0.033084917333864573 -0.011957732312707742 0.026528864825269047 0.069294315363778711 0.087682544844749355 0.064404590636700343 -0.043655571229571269 0.0037756741209131481 0.039138118856150539 0.017309995610531499 0.042128830272660539 -0.016087434347759597 -0.014231684458209069 -0.0027070261871990336 -0.014170955776067945 -0.042294302944608744 0.068506589402934165 -0.0063381133354590341 0.0059250376404245244 0.063145054353822283 0.012644309305058927 0.048369064041665848 0.01006740161440367
leaf_weight=111.47935219109058 153.60851112008095 27.4565639346838 118.22757296264172 36.73276099562645 66.152919098734856 40.071834862232208 82.490225404500961 126.44141685962677 668.9122783690691 778.63682791590691 27.069463327527046 175.89064587652683 158.45358301699162 237.47752043604851 51.140570670366287 386.12448541820049 145.85834719240665 29.099283963441849 127.07325100898743 64.692476332187653 193.44714230298996 149.32213720679283 131.14776833355427 224.00511533021927 115.7409575432539 251.43023970723152 150.34673835337162 25.110900580883026 111.6451700180769 49.694566279649734 38.806589305400848 137.02899938821793 139.27171070873737 122.19952189922333 169.58840671181679 99.339494034647942 170.97879359126091 29.057566374540329 290.07628154754639 89.385909229516983 374.96236391365528 43.567687913775444 417.35458724200726 80.149395152926445 23.728347837924957 396.4989035576582 71.832942545413971 40.707914710044861 224.08603638410568 177.87299813330173 89.996069595217705 62.041219294071198 35.224588692188263 60.007316187024117 113.85286565124989 30.492325618863106 24.699464082717896 94.713706955313683 26.526270002126694 79.179378896951675 283.51924087107182 56.459245011210442
leaf_count=450 628 114 519 158 279 166 346 539 2961 3486 112 724 695 1045 220 1671 623 125 525 269 806 621 567 922 477 1077 635 108 482 214 167 582 579 532 738 425 725 127 1232 379 1619 183 1704 327 101 1745 300 171 943 748 381 261 148 258 498 130 106 405 112 338 1175 235
internal_value=8.9081e-06 -0.0151517 -0.0199947 -0.0255611 0.0236218 0.0418241 0.0234651 -0.0361702 -0.0292299 -0.0568268 0.031856 0.0451845 -0.0215433 -0.0272815 -0.00465532 -0.00855652 -0.00413438 -0.00612743 0.0254484 0.0236751 0.0515315 0.024006 -0.00556532 0.0546266 0.0693192 0.000930543 0.0204598 -0.0239147 -0.0021274 0.012325 -0.0270338 0.0104992 0.0343914 -0.0343373 -0.0294438 -0.0143499 0.00656949 -0.0170024 0.0130934 0.00511627 -0.0107395 -0.00126887 0.0631697 0.0629717 -0.00733765 -0.0372556 0.0317817 0.0132088 0.0178913 0.029248 0.00772242 0.00688164 0.0363432 0.00349586 -0.0316839 0.0184435 0.0282822 0.0286426 0.0185272 -0.00936455 0.0367385 0.042028
internal_weight=9108.19 6684.57 5939.81 5267.7 672.117 2423.62 744.752 3243.61 2428.24 815.37 1779.05 471.515 1759.33 1312.88 446.445 2024.09 1637.96 362.471 1388.7 1348.63 382.28 215.475 1610.5 390.346 644.575 1026.91 1221.55 243.572 287.781 176.136 200.602 219.519 166.341 1025.1 787.626 268.928 775.479 583.596 550.441 379.462 452.448 82.3743 533.096 256.04 423.39 518.698 476.504 745.051 594.704 280.622 314.082 102.749 228.672 85.1182 142.952 202.873 48.4278 151.732 121.24 225.038 404.671 339.978
internal_count=38938 28885 25752 22932 2820 10053 3133 14253 10609 3644 7422 1951 7648 5720 1928 8679 7008 1551 5809 5643 1582 900 6894 1613 2631 4374 5118 1061 1235 753 869 928 691 4485 3440 1163 3297 2520 2336 1611 1953 350 2181 1051 1826 2277 1979 3139 2504 1180 1324 432 954 366 623 867 207 647 517 961 1679 1410
is_linear=0
shrinkage=0.05


Tree=4
num_leaves=63
num_cat=0
split_feature=52 72 72 52 52 78 48 78 78 72 72 72 45 44 51 51 46 52 78 72 78 46 78 78 46 45 78 52 88 72 48 2 95 52 78 75 72 46 78 77 77 78 44 75 32 48 39 26 2 66 47 26 26 44 19 32 45 30 52 50 32 75
split_gain=2079.33 456.407 502.889 299.803 283.795 260.512 201.845 167.054 164.876 87.43 73.1352 110.436 100.825 70.7369 65.2029 64.1121 60.3011 59.0291 58.0742 56.3743 56.1651 54.5673 49.5969 48.6967 46.8978 44.5317 44.1453 43.1385 42.4985 44.9743 40.956 40.4095 44.2966 37.8938 35.7881 35.6765 34.9541 37.4284 29.5976 29.3181 29.3107 29.0154 26.2981 26.1344 25.9585 25.8883 33.2651 25.3995 24.7015 25.0687 25.6778 25.3485 24.487 23.9717 30.9588 23.9556 23.9116 23.745 22.4914 21.6991 21.3467 21.3049
threshold=731.25000000000011 -1.8768963649547239 1.6270316698657405 1026.9750000000001 444.90000000000003 -0.60534761057446296 -0.73105507955932614 2.2674003502236713 0.99420431423069677 1.2560438404545209 -0.923587376212054 0.66270709570954089 -0.24762257896889653 0.64026699465522985 0.26211520808877525 -0.51156913385764657 0.31948502655053035 560.25000000000011 -1.1494146052571634 -1.353519818331794 -2.0233117367626612 -0.015918617310757031 0.63186170499000638 -0.46150471737454285 -0.41370841368817363 0.84986081164532168 0.70437371930396375 339.4500000000001 1.5000000000000002 2.5159611135660325 1.1307665770610138 4.5446428571428585 312.50000000000006 891.95000000000016 2.6250515615792609 12.500000000000002 -2.9361615154536986 0.65024907857437453 -0.46150471737454285 2.2593198247703818 2.6752557474856031 0.46219803772143209 0.90319207049514227 6.5000000000000009 0.47922830374753461 -0.55311208341086693 1.2197314497379519 0.28666367541485233 11.348214285714286 3.848214285714286 1.3501614317396353 -0.37810964373464367 -0.68685775250783887 -0.62140724101484157 0.41048534798534803 0.82369652406417126 -0.74873449253302626 2.4351748095024655 624.02500000000009 0.94764997344629009 0.63174039392960946 5.5000000000000009
decision_type=2 2 2 2 2 2 2 2 2 2 2 2 2 2 2 2 2 2 2 2 2 2 2 2 2 2 2 2 2 2 2 2 2 2 2 2 2 2 2 2 2 2 2 2 2 2 2 2 2 2 2 2 2 2 2 2 2 2 2 2 2 2
left_child=4 8 3 13 27 20 18 10 36 17 16 53 38 15 -9 25 26 52 56 23 -4 28 -15 57 -14 47 40 -1 29 -7 31 -17 33 45 -10 -22 -2 -38 -13 59 -8 -11 -24 58 -29 -33 -47 -3 49 -21 51 -51 -6 54 -12 -41 -5 -19 -43 -26 -25 -40
right_child=1 2 5 6 9 21 7 14 34 41 11 12 24 22 -16 30 -18 19 -20 48 35 -23 42 60 39 -27 -28 44 -30 -31 -32 32 -34 -35 -36 -37 37 -39 61 55 -42 43 -44 -45 -46 46 -48 -49 -50 50 -52 -53 -54 -55 -56 -57 -58 -59 -60 -61 -62 -63
leaf_value=0.08091677981686636 0.076145468862656288 -0.0044885440936182344 -0.042788428659203681 -0.061818948918395046 -0.0043741374911221709 0.012401799106764132 0.034104973611131968 -0.052157665305948946 0.007659209116784662 0.036068262576013213 0.012739645837408713 -0.041180112359811505 -0.037042722967249073 0.0026826086153688825 0.026621707477515494 0.05034972398689902 -0.020085222152869016 0.082189929669223838 -0.01155209457233753 0.046150991508692209 -0.020452001749738657 0.082642724696843015 0.014993531411099329 0.049568303887539106 0.01671207600757451 -0.020868562554829835 -0.019912076435014917 0.032737933982695089 0.067880772935713443 0.07353610047450819 -0.039539984025927927 -0.019506042700183662 -0.033243669776609752 -0.022356626496752876 -0.042739117813427346 0.030277324664558892 0.048429142285246883 -0.0018735257183077406 -0.020386130278436707 -0.013292258119387633 -0.02400614854710742 0.070778041733167069 0.078360564362229282 0.089969918848481448 0.06236752806649213 0.034227843629822514 -0.0019900390309622886 0.0356768753244468 0.043118420120958872 -0.012068683448049598 -0.0097804189637459155 0.015796891964610198 0.03830750552015922 -0.041836119840369557 -0.03408585404441529 0.042183062787960024 -0.039965032712825171 0.034847017889460589 0.021864839386530943 0.058364137574421271 0.0082075110634535729 0.026895102419904483
leaf_weight=264.65606898069382 89.557820156216621 56.609782800078392 110.32082362473011 665.89017048478127 35.485062211751938 146.45774421095848 167.53568704426289 589.9642713367939 79.147124245762825 160.04334542155266 49.445029735565186 171.25315733253956 36.960229590535164 225.52724330127239 27.344765156507492 23.917835965752602 249.8023117929697 62.903729155659676 74.827843874692917 41.228146374225616 68.85995689034462 95.616782754659653 28.758548766374588 42.132448837161064 58.119163319468498 82.531734734773636 69.256277710199356 101.65917973220348 84.81004436314106 37.886748626828194 178.70137007534504 137.29136824607849 259.9900161921978 348.96035708487034 63.149945974349976 69.501204207539558 214.19851566851139 44.453136429190636 109.86856508255005 67.653069838881493 24.749683514237404 53.524099141359329 38.798667445778847 67.999507203698158 283.40348340570927 80.920897647738457 290.50055864453316 127.38236416876316 53.84052087366581 97.173663899302483 190.8095456212759 501.87310980260372 565.31263770163059 598.41119012236595 121.76485773921013 27.185700237751007 156.93165139853954 46.94383142888546 42.718848302960396 68.939647346735001 121.21744321286678 30.248731255531311
leaf_count=1067 363 243 491 3050 148 606 710 2660 335 658 217 759 161 966 116 99 1088 258 329 172 296 388 121 175 246 358 300 416 346 154 787 590 1130 1517 278 289 878 185 479 286 105 217 163 275 1148 344 1236 541 224 410 813 2105 2329 2660 541 114 704 192 175 290 506 131
internal_value=-6.99845e-07 -0.0156957 -0.0195747 -0.0245842 0.0364643 0.0232535 -0.033517 -0.0261279 0.0306265 0.0274597 -0.0186106 -0.0247502 -0.00806018 -0.00858539 -0.0486562 -0.0127554 -0.00251192 0.0230539 -0.0538259 0.0164462 -0.0161899 0.0501548 0.013971 0.0363037 0.0149831 0.00959862 0.0142548 0.0653198 0.0385685 0.0250264 -0.0172721 -0.0137788 -0.01516 -0.00966912 -0.0146862 0.00499757 0.049157 0.0397672 -0.0272319 0.0236841 0.0265907 0.0513266 0.0515217 0.0661335 0.0545686 -0.000953391 0.00589431 0.0232961 0.0103066 0.00817004 0.00617563 0.0112671 0.035778 -0.037107 -0.020534 0.00258486 -0.0576623 0.0620533 0.0491643 0.0393791 0.01893 -0.0101314
internal_weight=9082.93 6350 5859.5 5246.04 2732.92 613.453 3366.15 2468.5 490.507 2083.21 1851.19 1339.85 570.228 1879.89 617.309 1586.81 511.344 1758.92 897.65 1158.12 248.682 364.771 293.084 273.197 258.858 266.524 261.542 649.719 269.155 184.344 1320.28 1141.58 1117.66 857.673 142.297 138.361 348.209 258.652 311.37 221.898 192.285 324.286 67.5572 164.242 385.063 508.713 371.421 183.992 884.925 831.084 789.856 599.047 600.798 769.621 171.21 94.8388 822.822 109.848 96.2429 127.059 163.35 140.117
internal_count=38938 27650 25611 23041 11288 2570 14946 10863 2039 8657 8087 5884 2466 8095 2776 6845 2203 7332 4083 4855 1076 1494 1250 1131 1097 1142 1115 2631 1106 760 5703 4916 4817 3687 613 585 1426 1063 1369 936 815 1325 284 667 1564 2170 1580 784 3724 3500 3328 2515 2477 3418 758 400 3754 450 392 536 681 610
is_linear=0
shrinkage=0.05


Tree=5
num_leaves=63
num_cat=0
split_feature=52 52 72 72 78 78 78 72 45 72 72 78 52 72 78 78 72 52 45 45 72 78 72 46 14 47 45 75 1 19 46 26 45 51 1 33 44 15 41 52 77 91 75 61 4 6 45 38 38 46 1 46 53 26 29 44 78 52 46 38 29 75
split_gain=1839.92 438.579 352.149 381.181 222.695 211.657 169.609 151.174 165.069 117.978 145.961 114.549 96.7676 76.6386 60.1145 59.1339 48.5374 48.4591 45.4873 42.6784 73.307 42.6569 41.5983 43.3988 34.9509 34.5894 33.5618 32.6183 32.3589 35.5319 32.2576 31.563 30.863 29.489 28.8396 28.4036 30.9027 28.3736 29.2046 26.995 26.934 26.7799 26.0274 24.6058 24.7398 24.3317 24.2409 24.1235 29.9059 33.2428 23.7133 23.6581 23.1917 23.002 25.4015 22.2673 22.0764 21.2068 21.1529 20.7929 27.3081 23.0581
threshold=878.72500000000014 560.25000000000011 1.7849999999999118 -1.5424415011038541 1.1817103227689956 -2.7318899018233096 -0.1156406810034971 1.1054923168154114 -0.20835327496759512 1.2700545301575183 -1.353519818331794 2.3082164881531519 339.4500000000001 -0.77748599632075466 0.89392515866795075 -0.50974868881120428 0.93267973219620315 657.47500000000014 0.93505306996662674 -0.4561721002439299 0.42859730848853905 0.23110306656903964 -2.7581371753246198 0.82270143975752996 0.4626824712879074 1.3501614317396353 1.7365241902223014 6.5000000000000009 2.9375000000000004 0.87941420855837149 -0.40468811758625028 -0.61142398233197792 -0.54269696969694803 -0.13204881347401312 7.1339285714285721 1644.5000000000002 -0.90106479300066888 0.60526315789473695 0.95242277264276498 1099.9000000000003 2.1378003154388128 2.5000000000000004 12.500000000000002 2.1019671661807147 1.1556380371230885 0.21471257825839501 -1.2873062402843096 1.0451385767790267 0.72931279225116918 0.32573669812656453 5.6517857142857153 0.23297435897395066 1.0849214570053591 -0.064739970917799997 0.61611467713143919 0.51042224081699039 -2.7841386470729863 1179.8750000000002 -0.015918617310757031 0.34436313348122971 0.42173642625924862 5.5000000000000009
decision_type=2 2 2 2 2 2 2 2 2 2 2 2 2 2 2 2 2 2 2 2 2 2 2 2 2 2 2 2 2 2 2 2 2 2 2 2 2 2 2 2 2 2 2 2 2 2 2 2 2 2 2 2 2 2 2 2 2 2 2 2 2 2
left_child=1 12 3 4 22 24 32 11 15 10 14 13 -1 18 56 46 28 59 51 33 57 50 -2 -24 -5 35 42 -23 -14 47 -10 -22 39 -15 43 36 -19 38 -17 -4 41 -33 -6 -13 -45 -31 -9 48 -30 -50 -11 52 -7 -37 -55 -42 -3 -21 -8 61 -61 -12
right_child=2 9 6 5 26 7 58 8 30 21 17 34 16 19 -16 37 -18 25 -20 20 31 27 23 -25 -26 -27 -28 -29 29 45 -32 40 -34 -35 -36 53 -38 -39 -40 -41 55 -43 -44 44 -46 -47 -48 -49 49 -51 -52 -53 -54 54 -56 -57 -58 -59 -60 60 -62 -63
leaf_value=0.075402889043237234 0.066022869212221266 0.080084358738542277 0.018735951369634789 0.006233634864136162 -0.048314473570157841 0.021275652878292868 0.050197782542371561 -0.050364957717056638 -0.018945859242771718 0.067522252439617444 0.0011774338906591448 -0.069988042166897607 0.078959154615393823 -0.015215960967700101 0.0096691621310761797 0.039026364430785526 0.061762524798469547 0.054382181999994686 -0.02872700851203517 -0.020873996270115786 -0.059386985829780428 0.037466036106991674 0.031636186488424402 -0.029740932821874583 -0.056373824213805525 -0.019161327100999711 -0.047634966128693085 0.077265315824803921 0.038865559193593885 -0.018774766714639922 0.037898789180940917 -4.269641342727018e-05 0.030906285031336911 -0.04467715128135985 -0.052465284585486251 -0.02446965304137105 0.0058881843963255898 -0.021744803868460248 -0.018615583538225525 -0.029861526330740309 -0.033825068478055519 0.047156595845227051 0.0095924171818462661 -0.027690631453787418 0.032444290642660412 0.038140781945549179 -0.020745891174699507 0.064287196844973429 0.032253077629065277 -0.027103563853737189 0.015032199554329433 -0.013097024101708866 -0.014970340591115917 0.0063499812055712703 -0.030757978805937659 0.0025166820977680004 0.040427364401394647 -0.042555880137186142 0.088290758539854922 0.032285849995810752 -0.005518081815259499 0.035665115380404712
leaf_weight=268.70682437717915 80.056677639484406 40.513289019465446 38.452634021639824 22.881200179457664 27.277966499328613 170.16011182963848 132.20750564336777 133.8456209897995 28.225482776761055 24.440764352679253 68.117659315466881 24.483879595994949 42.296750381588936 102.83694615960121 185.24103389680386 65.745163276791573 240.1056464612484 35.300370141863823 181.31667816638947 181.52117249369621 23.544460535049438 132.04756972193718 306.74943093955517 31.622075289487839 678.63722637295723 270.04400949180126 115.42060194909573 85.625027984380722 556.3631938546896 50.355667516589165 205.17246973514557 77.355825111269951 42.92506742477417 507.3307618945837 540.98648904263973 143.66398118436337 464.75842051208019 70.315287694334984 32.773113861680031 109.42526546120644 70.34493762254715 48.826178342103958 66.294659405946732 73.9438865929842 22.085149511694908 29.791263848543167 144.8581525683403 75.693990096449852 59.937203779816628 38.691477224230766 180.89600914716721 161.30097758769989 59.328163713216782 256.89995265007019 56.099585369229317 104.34072989225388 282.72793087363243 304.38238787651062 51.493507072329521 65.930833995342255 172.20856510102749 170.59468549489975
leaf_count=1078 323 164 166 102 119 728 538 607 122 100 286 111 171 455 783 282 972 148 805 801 104 541 1273 135 3147 1172 518 346 2269 207 861 335 178 2285 2469 617 1964 303 141 478 307 212 288 333 99 122 644 309 245 158 758 703 256 1092 240 450 1164 1369 207 276 721 715
internal_value=0.000122379 0.0254547 -0.0199731 -0.0237194 0.0125296 -0.0293552 0.0266635 -0.0241001 -0.00307465 0.0135442 0.00891388 -0.0294922 0.0484932 -0.0235001 0.0324207 -0.0208581 0.0418682 0.00189334 -0.00803504 -0.0297242 -0.0221848 0.0377383 0.033585 0.0258784 -0.0543241 -0.003361 -0.0295977 0.053173 0.0362566 0.0340134 0.0309978 -0.00376026 -0.00633058 -0.0397233 -0.0475278 0.00109511 0.00933168 0.00246593 0.019801 -0.0171868 0.000594496 0.0182044 -0.00726858 -0.0252968 -0.0137892 0.00234006 -0.0350011 0.03748 0.034365 0.00891329 0.0213341 0.00155763 0.011881 -0.00791328 -0.000292689 -0.0121003 0.0454364 -0.0344723 0.0609451 0.0154192 0.00493642 0.0258494
internal_weight=9035.52 3997.05 5038.47 4663.96 627.421 4036.54 374.504 3335.02 680.935 2635.11 2212.1 2654.09 1361.94 1992.59 508.482 447.537 1093.24 1703.62 572.106 1420.48 810.316 423.009 418.428 338.372 701.518 1226.77 208.993 217.673 853.13 810.833 233.398 324.412 190.803 610.168 661.499 956.722 500.059 168.834 98.5183 147.878 300.868 126.182 93.5726 120.513 96.029 80.1469 278.704 730.686 654.992 98.6287 205.337 390.789 229.488 456.664 313 174.686 323.241 485.904 183.701 476.852 238.139 238.712
internal_count=38872 16618 22254 20687 2656 18031 1567 14782 2960 11087 9342 11822 5531 8810 2111 1977 4453 7231 2492 6318 3578 1745 1731 1408 3249 5233 925 887 3481 3310 983 1408 822 2740 3012 4061 2112 726 423 644 1304 547 407 543 432 329 1251 2981 2672 403 858 1687 984 1949 1332 757 1328 2170 745 1998 997 1001
is_linear=0
shrinkage=0.05


Tree=6
num_leaves=63
num_cat=0
split_feature=33 24 72 47 33 78 72 72 72 34 47 48 78 33 33 45 45 28 46 33 34 78 48 78 33 72 9 78 72 75 46 34 51 3 15 51 78 3 33 55 66 60 78 50 1 7 51 46 77 60 78 0 72 40 94 14 59 1 34 3 54 78
split_gain=1059.94 461.417 215.375 223.644 199.885 191.557 182.995 151.275 186.965 122.047 92.5138 95.3953 83.6483 79.6061 76.6627 72.8761 66.4156 61.4959 60.3732 55.125 55.0741 51.6368 50.3257 66.1714 46.6095 45.8594 42.2353 42.1173 39.7333 39.424 38.4936 36.7639 36.0209 35.4528 34.9435 33.8288 33.6391 32.231 31.7585 34.3175 31.2078 41.0552 30.8904 30.1115 29.9928 30.8621 29.7721 29.1894 29.1835 28.7644 28.71 28.4693 27.6757 27.5947 33.7231 29.9164 27.5436 38.8424 26.2156 31.9133 26.1166 25.9054
threshold=1432.5000000000002 0.81578947368421062 1.7849999999999118 -1.3830730833116311 832.50000000000011 2.3906553201811129 -1.5211173854821878 1.9922734390291024 -1.842463924044712 0.82294036597505771 -1.2769707282816307 1.051431700953902 -0.2544634489222643 1777.5000000000002 1764.5000000000002 -0.51563530814287428 1.1493642810498874 1.0000000180025095e-35 0.20914117200206797 2007.5000000000002 1.1573453263817974 1.1558627723286938 0.55896472641908235 -1.3634429339520178 414.00000000000006 1.184195054338218 1117.5000000000002 0.65898701853701758 1.2869113201210094 16.500000000000004 -0.20103725112414567 1.5008041629680857 -0.46191989873442596 1.5067692232499603 0.078947368421052641 -0.10961679305523009 -2.0948676539629671 1.1639077340569879 1974.5000000000002 1.3324301205570757 5.3839285714285721 177.50000000000003 -0.50974868881120428 1.0708895931546036 3.1875000000000004 0.033473389355742303 0.47749716680578475 -0.097811865702995618 2.1539958088931228 312.50000000000006 -0.55779630974740069 90.000000000000014 0.37498743718593991 2.5157835144927541 42.500000000000007 0.39799195052235209 38.500000000000007 7.3125000000000009 1.1573453263817974 1.1054680639306835 0.92976442313764907 -0.41657827065256253
decision_type=2 2 2 2 2 2 2 2 2 2 2 2 2 2 2 2 2 2 2 2 2 2 2 2 2 2 2 2 2 2 2 2 2 2 2 2 2 2 2 2 2 2 2 2 2 2 2 2 2 2 2 2 2 2 2 2 2 2 2 2 2 2
left_child=4 2 3 13 24 6 16 8 21 22 36 17 -4 42 20 37 -5 26 33 -7 29 -3 23 35 -1 32 56 -15 38 46 50 48 -16 44 60 -6 -10 -9 58 -40 41 -24 -2 -28 -11 -46 -8 -31 -20 -35 -27 -23 -21 54 -50 -56 57 -12 59 -19 -26 -30
right_child=1 7 12 5 9 19 14 15 10 18 11 -13 -14 27 25 -17 -18 28 31 52 -22 51 40 -25 34 30 43 -29 61 47 -32 -33 -34 49 -36 -37 -38 -39 39 -41 -42 -43 -44 -45 45 -47 -48 -49 53 -51 -52 -53 -54 -55 55 -57 -58 -59 -60 -61 -62 -63
leaf_value=0.092565394308687168 -0.01960590632303557 0.043656586487269396 -0.0018426374839426508 0.041726484816618933 0.036227408954324095 -0.019561449322710516 -0.018704579317733217 0.051450874702103959 -0.045362928603346855 0.087793544704616561 0.054463948899365171 -0.028110551705910099 0.05906961971789576 -0.051675673538068657 -0.0031817492998115226 0.070206979584617871 -0.0057487431583329038 0.037439413849517399 -0.0077284654183556005 -0.052241180427475276 0.038200703283080659 -0.022786714452790569 -0.028276811368798938 0.02698298817652918 0.050408461142892047 -0.039090670199549038 0.021100327415572676 0.015227131467691413 0.0071527829136932321 -0.0085842963802608956 0.023590179770140877 0.0688497207663364 -0.026615209303663234 0.079415882975833421 0.056373913495781407 -0.030270065554058007 -0.012135253098979523 -0.013489133304168371 -0.0033853413998724603 0.031341538795608505 -0.028049146626634276 0.064343058884881746 0.042483327444039376 -0.025837521420995616 0.057572437194373105 0.0272970486855535 0.037277932989595829 0.050665698930406101 0.042249103771507437 0.02450436727048004 0.0036130658730602321 0.036467217342594956 -0.001656409223182168 -0.021572380202633586 -0.021308578117762888 0.046050682898498257 -0.016244850516397135 0.0016739930207178644 0.043324249113210742 -0.039851169576045592 -0.019727994100001842 0.048504007459885042
leaf_weight=80.609148859977722 119.94700960814953 319.43026682734489 114.93601585924625 216.36709666252136 23.666944235563278 243.79880459606647 269.52890078723431 30.028643950819969 147.69697944819927 26.008841320872307 56.985253721475601 225.68208289146423 110.19536001980305 780.05998438596725 191.05498288571835 133.87700815498829 111.37716419994831 27.712500289082527 125.91723211109638 429.11672332882881 90.629950821399689 52.794785350561142 23.618208691477776 284.72483044862747 24.686737269163132 72.161944136023521 39.488192930817604 24.09604150056839 54.358767092227936 36.471204176545143 101.44302621483803 30.580753222107887 1180.4364780187607 90.215861171483994 372.15494123101234 96.999796539545059 158.4710521697998 51.966197371482849 382.2718181014061 87.266261383891106 150.75215944647789 23.973131433129311 23.913337960839272 245.75870777666569 103.35326226055622 465.66027362644672 25.897290766239166 47.7759680300951 143.77828976511955 32.962793558835983 85.987609222531319 32.767112001776695 29.083010345697403 31.862988650798798 50.09864316880703 24.438991859555244 67.961329072713852 89.9831582903862 105.75762644410133 25.591478690505028 28.36844801902771 127.43666242063046
leaf_count=323 529 1294 496 893 98 1083 1169 125 679 105 238 1003 446 3653 834 539 475 116 524 1999 379 226 102 1189 100 326 172 104 231 157 429 123 5284 366 1500 418 685 220 1647 374 647 101 101 1069 423 1909 108 205 592 134 368 140 127 132 208 101 290 382 436 107 116 523
internal_value=0.000107922 -0.00975 -0.0196268 -0.0222551 0.0299666 -0.0158097 -0.00915791 0.00750645 0.00366287 0.0218701 -0.00309658 0.00190274 0.027963 -0.043534 -0.0145793 0.0474781 0.0255809 0.00707663 0.0316032 -0.0388153 0.00319621 0.034419 0.00372488 0.0138282 0.0576163 -0.0197076 -0.00670192 -0.0496631 0.0155867 -0.00515423 -0.000417068 0.0161834 -0.0233549 0.0403241 0.0509588 -0.017167 -0.0281904 0.0102664 0.00961888 0.0030635 -0.0168966 0.0183107 -0.00922798 -0.019317 0.03524 0.0328141 -0.0137692 0.0249769 0.0118706 0.0647938 -0.015853 -2.01519e-05 -0.0490424 0.0217541 0.0281074 0.000741926 0.0100183 0.0221998 0.0289244 0.000233096 0.0128461 0.0361778
internal_weight=9002 6767.56 4304.28 4079.15 2234.43 3131.13 2429.13 2463.29 2247.41 1728.61 1842.42 1536.25 225.131 948.016 2101.39 215.872 327.744 1310.57 1124.88 701.999 470.303 404.992 603.735 405.392 505.819 1631.08 500.177 804.156 810.395 379.673 259.593 406.677 1371.49 718.201 425.21 120.667 306.168 81.9948 628.6 469.538 198.343 47.5913 143.86 285.247 595.022 569.014 295.426 84.2472 376.096 123.179 158.15 85.5619 458.2 250.179 218.316 74.5376 214.93 146.968 159.062 53.304 53.0552 181.795
internal_count=38872 29661 19165 18223 9211 13836 10627 10496 9612 7172 7952 6588 942 4387 9259 884 1368 5585 4617 3209 2018 1660 2555 1705 2039 7241 2151 3757 3434 1639 1123 1680 6118 2937 1716 516 1364 345 2680 2021 850 203 630 1241 2437 2332 1277 362 1557 500 694 366 2126 1033 901 309 910 620 659 223 216 754
is_linear=0
shrinkage=0.05


Tree=7
num_leaves=63
num_cat=0
split_feature=52 52 72 72 78 78 45 78 72 72 52 26 97 44 45 45 6 78 14 72 52 72 46 95 78 54 44 78 1 69 45 1 26 52 47 78 1 48 72 69 17 23 78 39 52 48 29 95 29 26 45 7 39 43 40 38 14 48 61 77 1 20
split_gain=1535.59 354.661 294.978 344.55 212.101 178.115 155.066 129.948 98.5395 124.155 80.9149 60.3413 64.3782 55.2422 64.7573 50.665 47.1496 45.9243 42.9322 42.182 40.3938 40.1549 36.2048 34.8849 34.4382 33.9378 32.5427 32.2947 31.8312 31.5005 30.4526 29.0699 28.9882 27.1553 26.9187 26.5669 25.2409 25.1947 32.037 24.9187 24.0746 23.9391 23.8324 33.9784 35.8419 24.5586 23.7896 23.7013 22.2661 22.1021 22.0641 21.7524 35.1041 25.9846 21.7399 31.1265 21.5155 27.2502 21.4386 20.7879 21.5695 20.73
threshold=878.72500000000014 560.25000000000011 1.5471853257431125 -1.4984814845844101 -0.58302792321119579 1.1817103227689956 -1.3077495291902121 2.3477795087313162 1.2700545301575183 -1.4984814845844101 339.4500000000001 -0.071519912312751163 3.4872414969150163 0.5320268714011801 -0.58749074020318259 -0.54269696969694803 0.44281045751633991 0.89392515866795075 0.46507361290448174 0.93267973219620315 657.47500000000014 -2.7581371753246198 0.53394068902519043 380.50000000000006 0.23110306656903964 0.8092729960145274 -0.39394867120904614 1.0233430263618668 2.9375000000000004 9.5000000000000018 1.7365241902223014 4.3125000000000009 -0.3666304268046533 1092.6750000000004 1.3501614317396353 -1.5976544193055322 7.2589285714285721 -0.8025160315192702 1.1996883670773786 11.500000000000002 0.70123614022364333 1.414266867696947 1.2143390449132678 1.3491588023734253 472.12500000000006 -0.33755769230752208 0.50866643532073963 348.50000000000006 0.29849665086174459 -0.94286727737190634 -0.20835327496759512 0.038314738696418098 1.7201816809357602 4.5000000000000009 1.6690524707081 -0.30202253291706255 0.54511998876792822 0.47191341137385434 2.1019671661807147 2.4383999678600987 10.883928571428573 0.18776709401709404
decision_type=2 2 2 2 2 2 2 2 2 2 2 2 2 2 2 2 2 2 2 2 2 2 2 2 2 2 2 2 2 2 2 2 2 2 2 2 2 2 2 2 2 2 2 2 2 2 2 2 2 2 2 2 2 2 2 2 2 2 2 2 2 2
left_child=1 10 3 5 15 21 18 11 9 17 -1 37 26 23 -15 35 36 -3 -5 25 51 -2 -23 29 -10 -12 -13 39 -27 40 -7 -22 -30 -20 48 -4 58 -8 41 50 -14 -39 45 -44 -45 -34 -43 54 -33 -50 -6 52 53 -11 56 -56 57 -31 -9 60 -16 -51
right_child=2 8 4 6 27 30 7 16 24 20 19 12 13 14 59 -17 -18 -19 33 -21 31 22 -24 -25 -26 28 -28 -29 32 47 -32 34 42 -35 -36 -37 -38 38 -40 -41 -42 46 43 44 -46 -47 -48 -49 49 61 -52 -53 -54 -55 55 -57 -58 -59 -60 -61 -62 -63
leaf_value=0.068372677241389401 0.060577166434075291 0.044360666590371106 -0.040359546843818206 -0.011502861883434981 -0.01060071526002546 -0.0060313485871965611 -0.053274834078445056 -0.067543928905568859 0.019705077133104626 0.020787273612750783 0.04735055536406324 0.0055922103823877536 -0.02913326577646257 -0.029456009994255364 0.063549506240184503 0.026098611275138319 0.016257043603781537 0.0094878459572841981 -0.033110047407522769 0.056204271004941887 0.039265270687109916 0.031095130230701297 -0.0046448962653930495 0.032844742829013909 0.048237387426458306 0.077447848279846424 -0.035784003795418462 0.057927185497690659 -0.00081491312670907759 0.069235846890119079 -0.043456660524648 0.040678990720329655 0.012486346318794094 -0.05741793920950472 -0.017627986509335891 -0.0041716953212232299 -0.051680723336617988 -0.031788741467559167 0.022067790517673359 0.051121730326675746 -0.001350965647487678 -0.028951533771973088 0.04080983650938802 0.027043062688802917 -0.031563918624151054 0.046040287343349473 0.042084659134230727 -0.049447535960204937 -0.048103603840592188 0.011217900903712993 0.036995110236135102 0.0086065969418560578 -0.0073718070990542355 0.077660167189197132 0.041242988168073993 -0.015428308417419743 -0.013444618531433406 0.0068541137530120887 -0.014628829532205729 0.0030691454201506384 0.022899231908615467 -0.0050412138400982758
leaf_weight=268.70618398487568 80.497696727514267 278.93020741641521 147.5872601121664 70.819836184382439 54.864048808813095 100.10016375780106 100.27671989798546 24.205703839659691 206.24047718942165 37.844655752182007 266.69376866519451 55.026383444666862 375.42037379741669 67.695279285311699 50.888462409377098 53.629610568284988 31.112347260117531 143.3951465934515 146.22933453321457 241.89916123449802 40.543853640556335 262.28714016079903 96.727371528744698 40.04088220000267 219.25628764927387 28.42214147746563 338.04432153701782 161.0391440987587 102.44977381825447 31.141054958105087 119.84189113974571 32.710250958800316 74.020424470305443 565.36759534478188 271.05205665528774 77.77647003531456 490.08081372082233 548.12851439416409 32.397048518061638 61.211827769875526 98.906395852565765 24.24850969016552 70.1896912753582 48.892584145069122 55.646846413612366 212.94255690276623 22.705987170338631 26.34225757420063 24.386222347617149 284.87091888487339 43.483018189668655 392.54283551871777 36.706355795264244 43.6652562469244 27.295484155416489 207.69984638690948 35.258437126874924 40.333314776420593 92.601140528917313 64.350729659199715 92.980947822332382 628.08204667270184
leaf_count=1078 323 1132 678 316 229 438 469 114 858 158 1078 241 1672 309 216 225 134 604 672 972 169 1078 407 175 887 114 1537 650 420 136 553 137 300 2737 1187 336 2318 2486 140 250 430 110 284 197 227 861 101 117 105 1210 176 1636 153 180 120 922 156 180 424 279 400 2671
internal_value=9.62116e-05 0.0231028 -0.0185084 -0.0230317 0.0143661 0.0102569 -0.0289669 -0.0236607 0.0123886 0.00815088 0.0437468 -0.0180722 -0.0124933 -0.00655335 0.0129616 -0.0174967 -0.0436112 0.0325369 -0.0487386 0.0377273 0.00240077 0.0286425 0.0214533 -0.0126616 0.0344273 0.0325139 -0.029979 0.0421063 0.0258212 -0.0148342 -0.0264568 -0.00233446 0.023198 -0.0524352 -0.00370051 -0.0279001 -0.0466908 -0.0299551 -0.0262126 0.026081 -0.0233522 -0.0288527 0.0285364 0.0139212 -0.00410629 0.03741 0.00530992 -0.00384028 0.000187381 -0.00122451 0.0104086 0.0142908 0.0330999 0.0513735 -0.000296564 -0.00880974 0.0183909 0.0341622 -0.0256855 0.0267837 0.0373466 2.73538e-05
internal_weight=8968.73 4010.09 4958.64 4359.05 599.591 659.454 3699.6 2917.18 2640.23 2214.73 1369.86 2279.18 1551.42 1158.35 275.915 278.993 638 422.325 782.417 1101.16 1792.4 439.512 359.015 882.438 425.497 859.258 393.071 320.598 592.564 842.397 219.942 1281.65 564.142 711.597 1241.1 225.364 606.888 727.757 627.48 159.559 474.327 595.083 461.692 174.729 104.539 286.963 46.9545 368.07 970.049 937.339 98.3471 510.759 118.216 81.5099 341.728 234.995 106.733 71.4744 116.807 208.22 143.869 912.953
internal_count=38872 16618 22254 19710 2544 2799 16911 13186 11087 9342 5531 10196 6890 5112 1204 1239 2990 1736 3725 4453 7606 1808 1485 3908 1745 3481 1778 1305 2403 3733 991 5479 2289 3409 5310 1014 2856 3306 2837 655 2102 2697 1869 708 424 1161 211 1631 4123 3986 405 2127 491 338 1514 1042 472 316 538 895 616 3881
is_linear=0
shrinkage=0.05


Tree=8
num_leaves=63
num_cat=0
split_feature=52 52 72 72 78 48 78 52 45 72 45 72 72 78 72 72 48 88 66 45 72 22 48 72 78 26 44 46 45 23 1 72 46 46 32 48 59 49 14 29 46 60 10 19 6 62 78 1 61 1 5 26 44 60 41 54 23 60 19 49 77 39
split_gain=1391.34 320.1 269.326 279.592 203.662 160.781 118.972 106.518 87.8409 150.549 76.4876 74.1391 69.8742 67.9291 66.6399 57.0867 56.8333 51.7221 47.5656 41.9437 39.8872 38.703 38.3229 42.3312 37.9936 36.8089 47.1601 35.6568 32.2648 31.4361 30.6492 32.0968 30.1191 29.089 28.2987 26.6041 26.5399 24.9043 24.7506 24.6133 23.9035 34.6148 26.4769 23.4605 22.81 29.0635 21.9019 21.8919 21.335 21.0969 21.0586 21.0113 20.822 32.2832 28.4432 20.6604 31.328 21.3367 31.164 21.3677 19.8128 19.8085
threshold=878.72500000000014 472.12500000000006 1.9922734390291024 -1.842463924044712 -2.7318899018233096 0.92361406722221751 1.3903665217748997 657.47500000000014 -1.3077495291902121 1.0795624844488323 -0.20835327496759512 -0.77748599632075466 -2.3619683874674577 -0.2769584709768273 1.6059915743486139 1.3294464241059718 -0.39264921820448523 1.5000000000000002 3.7410714285714293 0.42583029882674334 -0.53395839286163693 203.50000000000003 1.1307665770610138 -1.353519818331794 0.70437371930396375 -0.071519912312751163 0.5320268714011801 0.27818295228264089 -0.22246059169931559 1.1746871345029242 2.9375000000000004 -2.0864114987079594 -0.40468811758625028 0.20914117200206797 0.73931311655096832 -1.1081968046513502 49.500000000000007 1.293386820226071 0.29445411791508685 0.64149115108965937 0.10077428464724568 368.50000000000006 0.62020710955471203 0.78287061288632798 0.15047169811320757 4.5745853094547089 -1.0418366653066318 4.4017857142857153 8.2843082033087327 8.0982142857142865 0.65402588066139478 -0.11613440405166421 -0.30950941619582589 161.50000000000003 0.76921913537158559 1.4498390201559077 0.78856023843596346 346.50000000000006 0.41048534798534803 -0.83957539081782107 2.1190719503112136 2.2189910718212613
decision_type=2 2 2 2 2 2 2 2 2 2 2 2 2 2 2 2 2 2 2 2 2 2 2 2 2 2 2 2 2 2 2 2 2 2 2 2 2 2 2 2 2 2 2 2 2 2 2 2 2 2 2 2 2 2 2 2 2 2 2 2 2 2
left_child=1 21 3 6 16 8 46 15 20 11 17 24 -9 50 18 30 -5 -11 -14 -7 -6 -1 23 -20 27 48 60 44 -28 -16 -3 -32 -12 38 37 -36 51 40 -33 -22 41 42 -25 -42 45 -10 -2 -38 -13 -21 -4 -23 53 -24 -55 57 -57 58 59 -35 -27 -51
right_child=2 7 13 4 5 19 -8 12 9 10 32 25 14 -15 29 -17 -18 -19 22 49 39 36 52 34 -26 26 28 -29 -30 -31 31 33 -34 55 35 -37 47 -39 -40 -41 43 -43 -44 -45 -46 -47 -48 -49 -50 61 -52 -53 -54 54 -56 56 -58 -59 -60 -61 -62 -63
leaf_value=0.083337638149366025 0.048873883667360486 0.071437907970624118 0.042786718407868934 -0.051712598495477519 0.01122217457850134 -0.0056044858718595422 -0.02764751261077418 0.055058720560494857 0.0019046222368510664 -0.018440844207984957 -0.014828408046176725 -0.042820947266786383 0.065759671881005136 0.057534855699179654 0.052971115000649029 0.051988800622652313 0.028484279026732007 0.024289548085112089 0.024300327424600861 -0.031322486720831037 -0.045227055968102892 0.035047466965116271 -0.04969676490401042 0.059817183572709265 -0.019694301822244818 -0.012846493335339685 -0.025629559687770549 -0.0093343192891834504 0.016738970821724684 0.01008718766000217 0.048278883000835049 0.05116693781019991 0.035171915943254556 0.0099526348448802579 -0.036201988673490504 0.015115679470336589 0.053745908654633315 -0.032947396529429872 0.020646588858206989 -0.0086236787247283599 -0.022768848350476649 -0.044911728581889278 0.0055852590110203127 0.0089949768299011669 0.00099996112926635538 0.054732997186868804 0.021839703344899465 0.010529720135565648 -0.021452392115927192 -0.054755463876176164 -0.011013654003630935 0.056518542436500153 -0.035917943357989153 -0.025113566429595169 0.037114617014130012 -0.025068927163887644 0.03684910293028975 -0.038524239524330359 -0.01398753563415989 0.058418630591945631 -0.033195900098321025 -0.0057840886443619368
leaf_weight=79.396955817937851 148.34740737080574 30.034239128232002 24.237603768706322 664.39870834350586 41.600858733057976 72.452317759394646 100.36990790069103 73.257997512817383 41.419945240020752 237.24720641970634 33.924837201833725 330.47912967205048 28.757611408829689 135.99747116863728 99.850366204977036 179.08120001852512 22.709763467311859 100.77390867471695 215.63734649121761 174.62874799966812 334.41966028511524 156.62458755075932 28.01173010468483 23.796889469027519 240.71831715106964 190.86145754158497 66.949456602334976 201.68601571023464 136.00076693296432 75.328085273504257 93.665499001741409 75.855309829115868 256.09381373226643 90.516684323549271 27.04839026927948 354.34394505620003 45.361132010817528 72.794364273548126 550.82597056031227 53.701284840703011 202.73654049634933 32.335643231868744 396.24279800057411 81.154394641518593 85.522135272622108 70.949603229761124 153.82795171439648 83.742103964090347 183.04576849937439 392.80304473638535 71.754074916243553 440.5677223354578 97.792094826698303 29.886904835700989 47.079750150442123 25.643895000219345 97.739317998290062 32.752796828746796 116.2651699334383 30.467728525400162 325.69248463213444 22.063726007938385
leaf_count=322 597 121 105 3261 179 328 453 296 176 1047 146 1532 119 547 405 720 99 438 889 822 1573 632 124 100 1082 865 307 886 590 308 378 309 1060 373 117 1494 182 308 2257 247 867 140 1683 349 365 300 629 337 841 1882 312 1767 432 132 205 107 403 136 481 125 1480 105
internal_value=8.45608e-05 0.0219224 -0.0177529 -0.020359 -0.0241064 -0.0193335 0.0194692 0.0148447 -0.0143036 -0.0107122 0.0104668 -0.0178154 0.00721117 0.0348155 0.00527189 0.0257232 -0.049051 -0.00568347 0.00213227 -0.0415927 -0.0351898 0.0500997 0.000987835 0.00392163 -0.00400194 -0.0249836 -0.0176672 0.00544169 0.00273203 0.0345755 0.0216022 0.0202474 0.0293028 0.0176641 0.000224319 0.0114546 0.0464484 -0.00506423 0.0243564 -0.0401789 -0.00229654 0.00483204 0.00868312 -0.0136711 0.0205234 0.0353237 0.03514 0.0257825 -0.0352195 -0.0460056 0.00254913 0.0509025 -0.0193235 -0.00379794 0.0128847 0.00698686 0.0239297 -0.00074302 0.00446572 0.0222374 -0.0256906 -0.0521651
internal_weight=8929.27 4014.6 4914.68 4682.69 4280.14 3593.03 402.545 3208.9 2931.09 2501.36 628.04 1873.33 1886.05 231.989 1812.8 1322.85 687.108 338.021 1637.62 661.948 429.722 805.693 1608.86 1406.09 640.296 1233.03 719.504 399.578 202.95 175.178 1143.77 1113.73 290.019 1020.07 1190.45 381.392 726.296 809.061 626.681 388.121 736.266 452.375 420.04 283.891 197.892 112.37 302.175 129.103 513.525 589.496 95.9917 597.192 202.77 104.978 76.9667 393.386 123.383 270.002 237.25 120.984 516.554 414.867
internal_count=38872 16618 22254 21290 19611 16251 1679 13378 13114 11115 2691 8424 7968 964 7672 5410 3360 1485 6959 3137 1999 3240 6840 5947 2809 5615 3242 1727 897 713 4690 4569 1206 4191 5058 1611 2918 3447 2566 1820 3139 1923 1783 1216 841 476 1226 519 2373 2809 417 2399 893 461 337 1625 510 1115 979 498 2345 1987
is_linear=0
shrinkage=0.05


Tree=9
num_leaves=63
num_cat=0
split_feature=52 52 72 72 78 78 78 78 72 72 52 46 72 48 46 66 66 78 72 78 72 46 72 52 48 72 32 46 44 26 48 19 46 52 78 75 52 48 50 88 78 44 14 52 26 23 6 97 21 75 10 77 22 69 48 78 95 14 46 52 5 4
split_gain=1263.39 301.428 248.355 285.89 178.532 139.561 134.764 105.625 83.2059 96.3333 70.2576 53.5654 55.8819 45.4443 43.5879 39.9492 39.71 38.016 36.6839 36.0806 35.4733 44.1215 35.2536 34.8614 34.4962 32.764 31.3706 30.6802 29.5386 33.3464 29.4846 29.443 28.9098 29.2648 28.4741 26.9284 26.6523 24.5632 24.2376 23.7223 23.639 23.1256 27.8643 22.8349 22.1602 21.7929 21.7228 21.4755 21.4149 29.5734 21.0023 20.7842 21.4174 20.7108 20.1367 37.4304 26.0527 30.7496 19.9946 19.9018 19.8077 25.7161
threshold=891.95000000000016 560.25000000000011 1.5471853257431125 -1.4984814845844101 -0.58302792321119579 1.1817103227689956 -2.7318899018233096 2.8764483871552726 1.6059915743486139 -2.0864114987079594 339.4500000000001 -0.53600878477305536 1.0644899000203265 1.1307665770610138 -0.2183073297302959 3.848214285714286 2.9196428571428572 -1.4237739234450379 -1.353519818331794 -0.50974868881120428 -0.77748599632075466 0.44420985408326796 0.9583572598041975 657.47500000000014 -0.63636081515168075 -2.9361615154536986 0.73931311655096832 0.82270143975752996 0.5320268714011801 -0.071519912312751163 -1.1081968046513502 0.87941420855837149 -0.12053918660599387 1770.2750000000003 1.0233430263618668 5.5000000000000009 1099.9000000000003 0.87127711442791711 1.0272472301576083 1.5000000000000002 -0.024072534403653808 -0.35567368188875864 0.28388513811698024 588.05000000000007 0.40458252056526905 1.1746871345029242 0.21471257825839501 5.9127732523027623 0.21450482033304122 4.5000000000000009 1.0001967076920601 2.037968230439263 1003.5000000000001 12.500000000000002 -0.44187543597403506 0.11666666666677274 312.50000000000006 0.42221690335620449 0.095416867825306548 727.30000000000007 0.71946220691916718 0.56773440106773443
decision_type=2 2 2 2 2 2 2 2 2 2 2 2 2 2 2 2 2 2 2 2 2 2 2 2 2 2 2 2 2 2 2 2 2 2 2 2 2 2 2 2 2 2 2 2 2 2 2 2 2 2 2 2 2 2 2 2 2 2 2 2 2 2
left_child=1 10 3 5 14 25 24 11 9 -3 -1 19 20 15 36 -11 -12 -14 47 -8 21 39 31 43 -5 -2 -25 53 51 -30 -28 54 -19 -34 35 50 -4 -23 -26 -13 58 42 -15 -20 59 -10 -33 -17 49 -47 -6 52 -22 -27 -18 -56 -57 -58 -31 -43 61 -45
right_child=2 8 4 6 34 -7 7 -9 45 13 16 12 17 41 -16 18 22 32 23 -21 28 37 -24 26 38 27 30 -29 29 40 -32 46 33 -35 -36 -37 -38 -39 -40 -41 -42 44 -44 60 -46 48 -48 -49 -50 -51 -52 -53 -54 -55 55 56 57 -59 -60 -61 -62 -63
leaf_value=0.062568406573045618 0.058399837187644056 0.04320679764743926 0.0071344031040400189 -0.052192546977842036 0.032396466170212794 -0.02451254708638681 -0.045221651994102656 -0.044310291356998266 0.051596750811711917 0.052942592608039789 0.075731839747934793 -0.0050617398193327189 -0.025815169774866632 0.051217256002808936 0.016684481833277798 0.056080415547986609 0.0074157957334828302 -0.0014919380083753498 -0.0011249322358081299 -0.013184328408169774 0.0053349844155783982 -0.018004885943439894 0.049383760859611464 -0.0055098630362131092 -0.043046875507995665 0.016757133603677025 -0.037298796411344398 -0.025899251906640219 -0.03053077565326421 -0.024344957158587404 0.015153708224901348 -0.02147522063911388 0.017589218408323278 0.079225895334545521 0.053636977747057814 0.039588083326192652 -0.037984984069305547 -0.058956515736918562 0.030814045170613587 0.026513487303851804 0.028230732551173379 0.0078520620654417266 -0.0079174374892457457 0.035159546850540235 -0.054424957031124425 -0.0099155443824669662 0.031973615724961039 0.01780402646369058 -0.0186015106695951 0.053695891566118627 -0.028019672602762641 -0.034837729425756046 -0.026833957873005833 0.045388075162194896 0.048728438163645409 0.030756215164325675 -0.018650765996725806 0.042080598516648519 0.018102106836078224 -0.034645653825430979 0.034441400522750951 -0.0094292156377463378
leaf_weight=266.42870724201202 63.57644747197628 180.71085102856159 40.970330566167831 558.73242554068565 24.329839080572128 209.11385755240917 281.05790656805038 480.51892077922821 138.65990701317787 48.270842388272285 54.137938499450684 295.64170348644257 87.676240310072899 23.606358766555786 71.73423658311367 44.031497403979301 87.148697108030319 157.89740842580795 132.53413699567318 128.72456276416779 72.965293526649475 157.84319077432156 223.99930210411549 849.46804894506931 22.176307544112206 249.439020216465 28.706569880247116 33.649062529206276 131.64359784126282 82.162733316421509 375.59939116239548 51.055354237556458 83.064182087779045 25.149507075548172 158.06658080220222 97.561310276389122 158.66877602040768 47.924330830574036 22.010045409202576 74.34149956703186 59.775077879428864 54.440203920006752 124.47608514130116 54.850962191820145 47.732971712946892 26.439421385526657 30.137988582253456 223.24291943013668 25.230465322732925 57.983446776866913 34.834799557924271 553.39697481691837 175.56344829499722 85.12383921444416 242.17109380662441 321.38316784799099 64.429527550935745 30.681136652827263 41.646896600723267 55.301872104406357 179.60483472049236 78.233495011925697
leaf_count=1078 255 731 183 2826 101 962 1352 2342 561 196 217 1299 405 102 307 180 352 690 547 583 335 715 898 3631 104 1022 126 144 610 375 1581 209 349 105 637 396 732 228 100 327 255 232 540 226 208 107 122 919 103 236 145 2568 815 349 974 1296 261 124 183 251 740 325
internal_value=7.39222e-05 0.0203502 -0.0174524 -0.0217261 0.0130198 0.00899522 -0.0272897 -0.022865 0.0107951 0.00805071 0.0394962 -0.0186663 -0.0153568 0.00530853 -0.0166841 0.00803541 0.0339242 0.00270291 0.00692779 -0.0351757 -0.0191339 -0.00903595 0.0317589 0.00421476 -0.0488285 0.0252364 -4.96182e-05 0.0194825 -0.0243323 -0.0113339 0.0114088 0.0269737 0.0121238 0.03202 0.0386398 0.0234579 -0.0287015 -0.027591 -0.00615597 0.00127468 0.0024136 -0.0126502 0.0015039 0.016232 -0.0259844 0.0384 -0.00155923 0.0241471 0.0216349 0.0337268 -0.00307808 -0.0294336 -0.0173711 0.0240681 0.0300864 0.0330768 0.0239547 0.00091128 -0.0100232 -0.0135302 0.0236028 0.00892317
internal_weight=8887.68 4120.7 4766.98 4180.81 586.166 640.902 3539.91 2936.99 2749.12 2500.81 1371.57 2456.47 2046.69 2320.1 271.373 2014.54 1105.14 353.787 1966.27 409.782 1692.9 575.751 1051.01 1699 602.919 431.788 1253.77 368.212 1117.15 315.228 404.306 827.007 266.111 108.214 314.793 156.726 199.639 205.768 44.1864 369.983 183.585 305.557 148.082 445.223 157.475 248.313 81.1933 267.274 109.653 84.4229 59.1646 801.926 248.529 334.563 745.814 658.665 416.494 95.1107 123.81 109.742 312.689 133.084
internal_count=38872 17073 21799 19298 2501 2732 16566 13536 11542 10535 5531 11194 9259 9804 1222 8471 4453 1549 8275 1935 7710 2569 4236 7176 3030 1770 5338 1515 5141 1423 1707 3338 1144 454 1279 642 915 943 204 1626 813 1333 642 1838 691 1007 331 1099 446 343 246 3718 1150 1371 3007 2655 1681 385 558 483 1291 551
is_linear=0
shrinkage=0.05


Tree=10
num_leaves=63
num_cat=0
split_feature=52 72 72 52 78 52 48 78 78 72 6 72 45 72 45 48 88 1 78 44 45 66 33 72 0 78 0 48 19 59 53 3 32 37 45 54 33 33 45 0 61 41 19 77 62 62 32 54 3 3 61 78 52 59 62 47 6 78 34 72 54 95
split_gain=1136.4 271.711 295.899 196.265 180.423 167.428 147.438 122.455 120.131 66.5483 63.3643 56.1027 55.7589 54.7323 74.3088 52.2073 41.5766 40.4204 40.3253 39.9175 39.8961 37.2945 36.4932 34.5401 34.5365 33.5164 32.3226 30.4373 29.4525 27.5805 30.0658 27.1206 27.3335 26.4975 25.4298 24.4126 25.2509 27.5483 24.2537 29.5575 24.0389 23.6077 23.4579 22.894 22.778 28.4513 24.2953 29.9005 23.8725 22.8104 22.7147 22.6645 22.3506 22.0616 21.7055 20.9268 25.0526 23.1164 21.8885 21.4717 20.431 20.2449
threshold=731.25000000000011 -1.8768963649547239 1.5471853257431125 985.32500000000016 -0.32406453977334365 444.90000000000003 -0.73105507955932614 2.2674003502236713 1.6373620713086405 1.5854235218510033 0.38138528138528144 -0.93839046714452223 -0.54269696969694803 0.66270709570954089 -0.23508811610578065 1.112424147352215 1.5000000000000002 4.2410714285714297 -2.1374930936291014 -0.90106479300066888 0.94875255173764572 4.3839285714285721 414.00000000000006 2.2896290438533744 210.00000000000003 -1.9471586473539073 150.00000000000003 0.94978588421896848 0.10822072072072074 26.500000000000004 0.36938109276130021 0.95793075063024136 0.75620004099200666 3.5000000000000004 0.17167958228008501 1.1137500867803989 979.50000000000011 704.00000000000011 -0.17826098625021278 90.000000000000014 12.296451838690574 0.76603413434389178 0.46211251435132039 2.2593198247703818 3.9294093221218733 4.5745853094547089 0.73931311655096832 0.74686704352440048 1.4668185269552014 1.8429217967765503 21.862814313346231 -0.96757899629529154 1369.3250000000003 53.500000000000007 10.678890358334909 -1.0919703517012129 0.86497211497211512 -0.62730876335530794 0.77217071601857723 -0.90966902888313339 0.88489742427135043 314.50000000000006
decision_type=2 2 2 2 2 2 2 2 2 2 2 2 2 2 2 2 2 2 2 2 2 2 2 2 2 2 2 2 2 2 2 2 2 2 2 2 2 2 2 2 2 2 2 2 2 2 2 2 2 2 2 2 2 2 2 2 2 2 2 2 2 2
left_child=5 8 3 15 12 22 18 11 51 16 52 20 25 19 50 17 21 -3 -5 42 26 34 -1 38 44 -4 -8 29 -26 -23 -31 32 40 35 -7 -24 37 -37 39 -6 -32 -39 -13 -16 -19 -46 47 54 -48 -50 -15 -2 -9 -29 -47 -33 58 -58 -57 -60 -10 -49
right_child=1 2 4 6 23 9 7 10 60 -11 -12 13 -14 14 43 -17 -18 24 -20 -21 -22 27 33 -25 28 -27 -28 53 -30 30 31 55 -34 -35 -36 36 -38 41 -40 -41 -42 -43 -44 -45 45 46 48 61 49 -51 -52 -53 -54 -55 -56 56 57 -59 59 -61 -62 -63
leaf_value=0.081032269124167 0.04927828034987479 0.063291769853274324 -0.04224001711058975 -0.051938895358288065 -0.016472524084569274 0.058571096810157812 -0.0018194509834350368 -0.035265103377812537 0.014080129505266881 0.048351949282695442 0.019680901140996118 0.037817012670270815 0.025094327530615537 -0.02902930196326102 0.025267955683354017 -0.028695013591395414 0.032060637567544577 -0.025037080843242243 -0.026779287958251553 -0.032134116095410066 -0.021194485446439315 0.023119759306835234 0.054606229203368065 0.062235154902031291 0.057350864073818154 -0.0059673827789609368 0.029607732944383659 -0.00035152097689887166 0.0060979921095294142 0.050464386204323967 0.026247219343258833 -0.023989988148622073 0.061118528983235047 -0.004690349918615261 0.020517985375949996 0.048364136556399068 0.062748130175388592 0.044921770753613255 0.044819762419764708 0.031017497422671333 -0.028983649431534225 -0.011805052824491099 -0.016129021834362583 -0.0045022280652453148 0.040623197019139842 0.03771477559363582 -0.0040097677996698087 -0.013011358405705284 0.043660192485478526 -0.012642838109195484 0.021773252514641055 0.024673139677947119 -0.055515674414765716 -0.048510233125877211 -0.0057013689202474634 -0.044584510435396574 -0.011165465373543362 0.044446829155113228 0.016963425736653128 -0.010041534385386934 -0.035309967092379983 -0.039808938549370398
leaf_weight=77.202950716018677 191.00950503349304 23.35043303668499 121.540756508708 589.91596265137196 49.504222348332405 68.260682329535484 241.20354329049587 296.99981640279293 28.056987464427948 185.64369218051434 40.914225444197655 32.023398041725159 77.722707077860832 268.35853198170662 143.12512420117855 206.97552764415741 371.05502146482468 157.64062359929085 219.98908871412277 693.34798491001129 158.93988461792469 473.90548172593117 351.73527364432812 108.8307159692049 30.654246300458908 134.52782140672207 123.49940687417984 205.07924948632717 322.12316906452179 38.036041185259819 69.547677174210548 80.437919959425926 37.137184470891953 26.138622403144836 125.10616837441921 59.758510485291481 51.775079190731049 25.619866847991943 126.74617072939873 95.929015040397644 27.311558097600937 63.664877101778984 53.877811640501022 117.11959962546825 33.647232055664062 43.008814603090286 193.39496432244778 332.82713471353054 62.284717738628387 25.054351627826691 23.781172454357147 186.57079771161079 257.01113869249821 26.833221361041069 86.173582389950752 28.123775437474251 26.632483929395676 61.273821905255318 128.1899426728487 172.47901876270771 80.49940612912178 89.805278941988945
leaf_count=320 767 95 582 3058 204 275 1034 1468 123 746 182 143 321 1246 606 958 1519 701 1039 3269 720 1938 1415 439 131 584 526 856 1403 155 285 332 151 105 510 241 208 103 510 390 113 256 251 502 144 186 829 1445 265 107 112 760 1297 114 375 117 110 250 523 715 367 399
internal_value=9.81811e-05 -0.0120313 -0.0151544 -0.0195666 0.0148796 0.0265659 -0.026616 -0.0204975 0.0238131 0.0197444 -0.0402399 -0.0141623 -0.0119457 -0.0196143 -0.00756028 -0.005261 0.0170011 -0.00179106 -0.0451153 -0.0281506 -0.000286992 0.0134332 0.0486529 0.0383905 -0.00290316 -0.0232132 0.00881423 0.0105349 0.0105807 0.0138868 0.00733813 0.00472357 0.0246797 0.0443113 0.0340003 0.0466388 0.0326387 0.0221106 0.0288185 0.0148177 0.0106083 0.00444857 0.00394415 0.0118545 -0.00755468 -0.00436473 -0.00619357 -0.012288 0.00576795 0.0274558 -0.0248707 0.0371433 -0.0446769 -0.00596374 0.00873252 -0.000649141 0.00384916 0.0275479 -0.00247821 0.00145719 -0.0224976 -0.0187255
internal_weight=8848.93 6067.98 5581.85 4867.05 714.801 2780.95 3260.11 2450.2 486.137 2125.05 594.925 1855.28 333.791 1331.63 552.384 1606.94 1939.41 1399.96 809.905 779.249 523.643 1568.35 655.895 381.01 1376.61 256.069 364.703 1374.99 352.777 1143.07 669.169 631.133 133.996 578.692 193.367 552.554 200.818 149.043 272.179 145.433 96.8592 89.2847 85.9012 260.245 1023.84 866.196 832.549 551.815 280.734 87.3391 292.14 377.58 554.011 231.912 129.182 497.137 416.699 87.9063 328.793 300.669 108.556 422.632
internal_count=38895 27538 25521 22491 3030 11357 15453 11356 2017 8709 2947 8409 1487 6129 2466 7038 7963 6080 4097 3663 2280 6444 2648 1543 5985 1166 1560 5659 1534 4689 2751 2596 549 2328 785 2223 808 600 1104 594 398 359 394 1108 4451 3750 3606 2405 1201 372 1358 1527 2765 970 561 2047 1715 360 1355 1238 490 1844
is_linear=0
shrinkage=0.05


Tree=11
num_leaves=63
num_cat=0
split_feature=52 52 47 72 72 45 72 78 72 72 44 78 52 0 72 26 46 66 78 78 52 78 47 46 51 77 45 46 46 78 51 78 44 71 78 72 32 45 66 10 86 88 32 96 30 52 61 61 7 78 34 53 46 72 88 39 50 78 9 59 75 18
split_gain=1029.58 257.006 211.227 239.668 195.768 115.757 90.9469 90.777 89.0351 84.8066 71.102 67.8269 64.6993 50.2977 48.2877 46.0522 51.4068 45.7249 44.9548 43.6313 41.4114 38.2185 38.2166 36.4365 36.2829 34.8718 34.2511 34.0889 31.0141 30.2992 29.8417 30.2835 62.3425 40.7817 27.877 27.3723 26.2482 24.8913 23.9461 23.8817 23.4893 23.0844 22.9116 25.5231 22.6554 25.7881 25.7629 22.6412 22.4689 22.4095 22.1221 21.076 21.0392 22.6737 27.4074 20.7231 24.8087 22.1475 21.5792 26.8459 20.4849 20.3227
threshold=891.95000000000016 472.12500000000006 -1.9607543103449536 1.5471853257431125 -1.8768963649547239 1.8025414900964878 -0.93839046714452223 2.0329598611473574 1.6059915743486139 -2.0864114987079594 0.37458710841333637 -0.30045834362256768 643.12500000000011 150.00000000000003 2.2074082127623749 -0.071519912312751163 -0.25071345611412049 3.9375000000000004 -1.2019295239973216 2.3477795087313162 339.4500000000001 -1.5976544193055322 0.53499660786973346 0.11313043478275296 -0.23694760242325236 2.037968230439263 0.1113494739681358 0.40310245310249043 0.20914117200206797 -0.96757899629529154 -0.43869461304474755 -1.3078355620181357 0.44025585297032827 0.58043836058371256 -0.1156406810034971 0.32111746902485722 0.37912885662431944 -0.17826098625021278 8.2767857142857171 1.1433740261391341 0.77525510204081638 1.0000000180025095e-35 0.70022026431718076 11.386208026208028 1.013535796574411 673.35000000000014 25.414688269223706 27.862838915470498 0.049752475247524762 -2.4930521388774616 1.5119830606964739 0.9813301962834674 0.052193151212085433 2.5159611135660325 1.5000000000000002 1.3491588023734253 1.2051249215434778 0.58120480425561549 449.50000000000006 14.500000000000002 27.500000000000004 0.21113838997286474
decision_type=2 2 2 2 2 2 2 2 2 2 2 2 2 2 2 2 2 2 2 2 2 2 2 2 2 2 2 2 2 2 2 2 2 2 2 2 2 2 2 2 2 2 2 2 2 2 2 2 2 2 2 2 2 2 2 2 2 2 2 2 2 2
left_child=1 20 14 4 7 6 13 29 9 49 18 23 28 26 -2 -12 34 -14 24 30 -1 -18 25 -5 -8 48 42 -15 47 -4 60 -32 44 -34 -17 -35 51 41 39 -7 -31 -10 -6 -44 -33 -46 -47 -11 -20 -3 -28 -22 53 54 -13 58 57 -57 -30 -60 -19 -50
right_child=2 8 3 11 5 38 10 -9 37 12 15 52 17 27 -16 16 21 19 22 -21 36 -23 -24 -25 -26 -27 50 -29 55 40 31 32 33 35 -36 -37 -38 -39 -40 -41 -42 -43 43 -45 45 46 -48 -49 61 -51 -52 -53 -54 -55 -56 56 -58 -59 59 -61 -62 -63
leaf_value=0.059791844607097647 -0.046295629873497862 0.071770066767825519 0.046795763547500424 -0.011429303347019146 -0.014155497933388795 -0.038947458460881879 0.008236238219048609 -0.034260265880848413 0.0029680180453120135 0.026354942886262098 -0.026104603645444025 0.0093472402767134765 0.05294155324688124 0.033547302890480489 0.013903458317156826 -0.038262414952666905 -0.014067621651611122 0.01266560266478892 -0.027166599297778239 -0.016073211277407472 -0.0070996158617067972 0.022173866235476757 -0.032446814185013349 0.053353694900959897 -0.046686509336835963 -0.021153174580244634 -0.028304234275333514 -0.0069921573936305888 0.062593898770407913 -0.028043790218304422 -0.012122783501092393 0.033100527506962747 0.054193070263966019 -0.028855641776692944 0.0069950702867879666 0.022877960877343888 0.04099719815017823 0.054838610382504198 -0.051886518699886579 0.0083075363532552522 0.023648094508186227 0.04132821114580805 0.0084514357005753202 0.066952797251437185 0.021411635606527646 -0.014767099915763372 0.028710058404034462 -0.012882900560539708 0.056488298007617024 0.031633013364072322 0.0064678996539161166 0.03799533180623503 0.064321131590352146 0.068238192382615651 0.052888241364695901 0.012351648682054269 0.019288487402059445 -0.027196116739253814 0.050934243523086134 -0.0025131010422589223 0.049370490042856319 0.0064234000001822736
leaf_weight=265.78263819217682 592.56187427043915 44.313680469989777 144.3205428570509 140.9887923002243 69.326133027672768 101.3041812479496 32.61779759824276 66.444293275475502 67.625709667801857 604.10613523423672 250.16488549113274 112.03606897592545 42.016528591513634 146.08971939980984 35.11969867348671 105.17915399372578 104.73904916644096 237.66495084762573 37.137120276689529 332.03679415583611 57.743801295757294 236.73168356716633 480.89077353477478 25.546006485819817 359.52563014626503 386.83217640221119 212.93517234921455 80.034674763679504 25.680858790874481 26.19784951210022 336.43045485019684 39.117184937000275 88.437768623232841 32.98033195734024 49.981347918510437 111.7887517362833 440.45004612207413 130.05692985653877 296.78746619820595 36.04986546933651 131.89804340898991 94.303060531616211 74.228786051273346 24.935622736811638 71.487293347716331 392.2287163734436 37.151680827140808 38.912350878119469 25.827901229262352 167.83402583003044 57.925850003957748 46.650960847735405 63.950014352798462 34.328030690550804 53.563885524868965 52.264255538582802 83.349262535572052 108.4398540109396 32.12262849509716 86.135362818837166 45.377856358885765 94.50688011944294
leaf_count=1092 3057 178 580 621 299 499 149 312 276 2450 1187 456 172 628 154 501 501 990 171 1467 233 1018 2317 105 1792 1788 972 361 104 108 1447 163 368 141 216 468 1769 524 1493 177 541 382 315 105 295 1671 158 159 118 678 258 188 259 139 216 213 342 449 131 355 187 432
internal_value=8.8024e-05 0.0183502 -0.015922 -0.0117494 -0.0159303 -0.0198332 -0.0161409 0.0185859 0.0121541 0.00959385 -0.0211115 0.0235212 0.00727973 1.66667e-05 -0.0429178 -0.00861477 0.000188685 0.00146786 -0.0276915 0.000207981 0.0435776 0.011042 -0.02217 -0.0014357 -0.0421044 -0.0130769 -0.00983695 0.0191799 0.0172329 0.0302208 0.00409418 0.000392469 0.00584542 0.0274461 -0.0236564 0.0110461 0.0356494 0.0385166 -0.0438778 -0.0265115 0.0150384 0.0253506 0.00783928 0.023265 -0.00347751 -0.00635023 -0.0109878 0.0239711 0.00673162 0.0400703 -0.0208498 0.0130212 0.0392852 0.0312239 0.0234843 0.00604953 -0.00280753 -0.0143036 0.0210932 0.0119934 0.0185832 0.0172485
internal_weight=8803.2 4112.49 4690.71 4063.03 3632.61 3263.75 2829.61 368.861 3301.86 3009.88 2164.13 430.413 2797.73 665.476 627.682 746.796 496.631 1766.72 1417.34 1724.7 810.627 341.471 1025.19 166.535 392.143 544.304 439.352 226.124 1031.01 302.416 1392.66 1109.62 773.192 233.207 155.161 144.769 544.845 291.986 434.142 137.354 158.096 161.929 168.491 99.1644 539.985 500.868 429.38 643.018 157.472 212.148 270.861 104.395 263.878 199.928 165.6 387.992 244.053 160.704 143.939 118.258 283.043 120.335
internal_count=38895 17050 21845 18634 16838 15297 13128 1541 13768 12586 10190 1796 11730 2938 3211 3423 2236 7527 6767 7355 3282 1519 4826 726 1941 2509 1949 989 4203 1229 5888 4711 3264 977 717 609 2190 1182 2169 676 649 658 719 420 2287 2124 1829 2609 721 856 1230 421 1070 811 672 1594 1004 662 590 486 1177 550
is_linear=0
shrinkage=0.05


Tree=12
num_leaves=63
num_cat=0
split_feature=33 34 47 72 33 78 72 34 26 72 9 44 47 34 44 78 72 33 97 22 25 45 72 51 45 9 39 35 1 62 51 72 24 72 60 60 46 0 40 38 38 21 72 94 78 75 34 33 16 33 78 88 18 88 94 44 66 78 40 3 66 29
split_gain=602.795 333.183 169.06 182.713 161.886 146.343 144.038 95.0887 75.58 63.4515 61.8715 56.7442 71.4505 51.8341 44.9388 44.5258 43.6424 42.2029 41.3882 40.6575 43.1446 39.8955 45.5477 36.9323 36.1197 59.8382 34.3727 33.5044 33.0218 32.908 32.0073 31.7933 31.7656 31.7559 38.7212 31.6942 30.4084 39.8393 30.3334 33.1861 29.2761 29.0761 28.1836 27.5161 26.2851 26.2291 25.8012 25.6979 25.1294 24.8897 24.7016 24.5508 24.2659 23.2207 22.974 22.8607 22.5896 22.2803 21.8014 21.3377 25.2341 21.266
threshold=1664.5000000000002 1.481732649940007 -1.9292670863308847 1.5471853257431125 872.50000000000011 2.3477795087313162 -1.7770775782686987 0.77217071601857723 -0.03718466053389017 1.3294464241059718 1039.5000000000002 0.98525784951040429 -1.204201278740104 1.4340790118449527 -0.66306501107438953 3.2165973861719053 2.2074082127623749 414.00000000000006 4.3868637888140407 649.50000000000011 0.35348576933429676 -0.26292142530838974 0.66270709570954089 0.27742035232405954 1.8767748183189508 1283.5000000000002 1.7145468790807001 1.4798215388884668 8.0446428571428594 3.5856627067318896 0.10640719380061625 -1.5211173854821878 0.86842105263157909 -1.5850148136597253 326.50000000000006 346.50000000000006 0.045433162552411664 210.00000000000003 1.9698212844828278 0.6677443000859411 0.41491728883033235 0.18770973154362419 2.3844249429223514 40.500000000000007 1.0489765323185269 28.500000000000004 0.63021656915113711 5495.5000000000009 1.9321839080459773 1897.5000000000002 -2.1374930936291014 1.5000000000000002 0.53883861236802422 1.5000000000000002 31.500000000000004 -0.16750939940228535 7.7232142857142865 1.4473307856421707 2.1457348290386178 1.0594154107541771 14.187500000000002 0.53357102304022519
decision_type=2 2 2 2 2 2 2 2 2 2 2 2 2 2 2 2 2 2 2 2 2 2 2 2 2 2 2 2 2 2 2 2 2 2 2 2 2 2 2 2 2 2 2 2 2 2 2 2 2 2 2 2 2 2 2 2 2 2 2 2 2 2
left_child=4 2 16 5 17 6 -4 15 32 13 38 12 48 19 45 26 50 -1 -5 33 27 49 57 28 31 -26 29 54 -7 -6 46 44 41 -9 -35 -15 37 -20 53 -40 -32 -3 47 -22 -14 51 -31 59 56 -16 -2 -12 -41 -8 -21 -48 -10 -23 -13 60 -33 -24
right_child=1 8 3 18 7 23 10 9 11 -11 14 58 24 35 21 -17 -18 -19 36 20 43 22 61 -25 25 -27 -28 -29 -30 30 40 42 -34 34 -36 -37 -38 -39 39 52 -42 -43 -44 -45 -46 -47 55 -49 -50 -51 -52 -53 -54 -55 -56 -57 -58 -59 -60 -61 -62 -63
leaf_value=0.076703734850014263 -0.050673747827594151 -0.059926634267632631 0.024571103751436677 -0.009645847383125055 -0.029033341366350593 -0.024184318996856368 -0.017330340735883808 0.049033808791251049 0.0094957301593796718 0.041984033984877919 -0.014196780451112986 0.031465881291207649 0.040797666146233529 0.051751384384089744 0.0071791566484291003 -0.039223477724959571 0.017090849337612672 0.036602813071240158 0.0077013485339014285 -0.047056518603276504 0.019476234718650971 -0.019876378761506375 -0.01507779687625993 0.019990993599198679 0.04002806400861586 -0.051077146356531079 -0.019964693259954622 0.011462653968068618 -0.047471122297303499 0.037592127043809064 0.058552371051156286 0.019281826769352292 0.0059496163030727392 0.021362426993551575 -0.011145590950800898 -0.0062942233890948378 0.058632917786522271 0.060187451965461249 0.024381189772404867 0.0083323173972172197 0.0043426016839438353 -0.012981797650740409 0.06148300336141959 -0.00468080162012226 0.0026922684239651822 0.047602123215678721 0.0070111614585381989 -0.010551513832248375 0.02777367497840097 -0.036366349144711471 -0.027273982437013441 0.027288568794994323 -0.036778695460937476 0.012101660083736893 -0.0087691632542035245 -0.03784180269076514 -0.041498377188759282 -0.0469264018102424 0.076481906402101119 0.011679519686360898 0.084220852042871233 0.01432013859582984
leaf_weight=75.872472852468491 418.01970073580742 42.932103827595711 258.41410171985626 80.210225448012352 47.076001718640327 239.57529360055923 322.41757798194885 82.218392178416252 28.368414729833603 236.19923470914364 188.4795013666153 64.320253610610962 253.0873446315527 131.3509411662817 34.671775564551353 84.777835041284561 30.300437048077583 501.54720839858055 145.56487986445427 77.880106210708618 349.97612005472183 406.82255490124226 111.004269272089 27.379337713122368 29.716805547475815 45.368716657161713 144.8713858127594 82.96064281463623 424.81481423974037 39.217518076300621 64.727172300219536 41.376490414142609 171.49044452607632 563.99937273561954 109.07967056334019 28.434150502085686 73.593833699822426 48.152224853634834 168.00089828670025 74.200355798006058 40.809976726770401 143.64065088331699 29.163786932826042 177.23306712508202 55.471175223588943 24.850578889250755 79.722493693232536 108.52955801784992 22.915960192680359 547.921790137887 156.53874354064465 43.827565059065819 49.565095499157906 84.309940129518509 79.625956863164902 43.907984778285027 90.082391992211342 94.189131453633308 47.193164229393005 327.11908441781998 23.657548129558563 137.66334953904152
leaf_count=324 2243 207 1056 349 213 1144 1438 332 123 960 850 269 1023 531 157 390 131 2034 602 347 1458 1882 487 116 130 218 628 351 2179 173 273 177 755 2319 451 116 299 197 738 335 174 664 119 738 238 108 341 480 98 2685 746 196 223 372 348 188 428 452 195 1403 103 591
internal_value=7.91508e-05 -0.00949063 -0.0167726 -0.0126451 0.018062 -0.0163436 -0.0107997 0.0124741 0.0105232 0.0177095 -0.0147978 0.0166929 0.0130979 0.014297 -0.0202487 -0.00594709 -0.0412264 0.0418931 0.0217973 0.0114483 0.00333639 -0.0239423 -0.0162984 -0.0367385 0.0182199 -0.0149484 0.000177638 -0.0142019 -0.0390865 0.00944698 0.0162235 0.0211978 -0.00955956 0.0196851 0.0160859 0.0413933 0.0312511 0.0207979 -0.00238603 0.00990514 0.0376614 -0.0238373 0.0137474 0.0113465 0.0339666 -0.00109152 0.002285 0.0109452 -0.0199542 -0.0337655 -0.044313 -0.00634017 -0.0097083 -0.0112157 -0.0277502 -0.00889589 -0.0292456 -0.0249801 0.0506132 0.0169084 0.0430746 0.00117613
internal_weight=8756.41 5714.92 4190.49 3585.63 3041.49 3238.11 2546.34 2464.07 1524.43 1918.96 2287.92 1166.37 1054.86 1682.76 1589.43 545.11 604.859 577.42 347.521 1522.97 767.676 1332.27 749.679 691.769 913.491 75.0855 460.333 240.467 664.39 315.461 268.385 838.405 358.063 755.297 673.079 159.785 267.311 193.717 698.494 291.766 105.537 186.573 529.846 527.209 308.559 257.158 162.848 500.683 141.367 582.594 574.558 232.307 123.765 406.728 157.506 123.63 118.451 501.012 111.513 392.153 65.034 248.668
internal_count=38895 26206 19576 16456 12689 15009 11570 10331 6630 7951 10514 5004 4540 6991 7408 2380 3120 2358 1447 6344 3242 6254 3412 3439 3891 348 1990 1046 3323 1362 1149 3543 1626 3102 2770 647 1098 799 3106 1296 447 871 2282 2196 1261 1154 702 2163 649 2842 2989 1046 558 1810 695 529 551 2334 464 1683 280 1078
is_linear=0
shrinkage=0.05


Tree=13
num_leaves=63
num_cat=0
split_feature=52 52 47 26 88 48 88 45 34 34 66 48 52 33 33 51 69 45 44 60 47 60 78 78 54 97 14 32 32 48 78 47 43 62 54 41 78 62 45 49 14 78 22 51 45 19 46 46 57 26 48 30 45 67 54 57 35 4 47 49 44 45
split_gain=859.94 214.944 184.227 153.089 103.597 84.6654 69.4443 64.4875 61.9385 51.3858 47.858 55.2031 41.549 37.8188 36.3397 36.2587 35.5838 43.8404 35.3595 34.7268 35.6536 34.6034 33.5353 32.275 29.9714 29.6517 32.911 29.5008 28.5692 27.7532 34.0591 31.304 27.5282 27.3866 26.6388 25.1401 25.1217 24.3402 24.1134 31.8367 29.4252 26.434 24.0614 27.9277 23.206 23.1745 30.6711 22.6147 24.7313 22.4108 27.6099 22.2209 22.0695 36.0139 23.9306 21.3116 24.4399 26.8773 21.2882 20.9264 32.2187 21.0359
threshold=891.95000000000016 472.12500000000006 -1.9607543103449536 0.62729597767960954 1.5000000000000002 0.92361406722221751 1.5000000000000002 1.7024848358197124 1.4513683926964112 1.6977302611608589 3.848214285714286 0.7260796546781505 1290.5750000000003 414.00000000000006 4731.5000000000009 0.73725495391352414 8.5000000000000018 -1.2873062402843096 1.0857274326394981 357.50000000000006 -1.4951827309236636 386.50000000000006 -2.1722213883208048 2.7195783926218806 0.53824711929207725 4.3195357118860453 0.52111606491522211 0.37912885662431944 0.75373467112597559 0.49316603443262547 -1.2019295239973216 0.33435478706383109 3.5000000000000004 16.756247628340656 0.88802112960378277 0.67703365232361301 0.16015075471697343 5.5504877584848247 -0.38738110646979318 -0.85951273205140621 0.48477454558423189 0.23110306656903964 3233.5000000000005 -0.56175381383809264 1.8415964006629846 0.2310562571756602 0.045433162552411664 -0.39054371387286174 -0.14673483542666052 -0.064739970917799997 -0.8025160315192702 1.9443087539737927 -0.38738110646979318 1.0000000180025095e-35 1.1309389185353671 -0.21227927896978857 1.7779147828469655 0.70717576958290207 -1.0727859749325919 -0.64148678984777252 -0.8443375766148794 -0.51563530814287428
decision_type=2 2 2 2 2 2 2 2 2 2 2 2 2 2 2 2 2 2 2 2 2 2 2 2 2 2 2 2 2 2 2 2 2 2 2 2 2 2 2 2 2 2 2 2 2 2 2 2 2 2 2 2 2 2 2 2 2 2 2 2 2 2
left_child=1 13 22 4 8 14 9 16 12 10 -3 19 29 -1 24 21 -6 37 44 20 -12 33 -2 -7 -5 26 -26 -15 34 30 31 -4 -8 35 47 -10 -13 -18 39 -16 41 -40 43 -37 58 51 -47 48 -22 50 -19 -27 54 -54 -36 56 57 -31 -14 -60 -61 -62
right_child=2 6 3 5 7 23 32 -9 15 -11 11 36 18 27 38 -17 17 49 -20 -21 28 -23 -24 -25 25 45 -28 -29 -30 55 -32 -33 -34 -35 52 42 -38 -39 40 -41 -42 -43 -44 -45 -46 46 -48 -49 -50 -51 -52 -53 53 -55 -56 -57 -58 -59 59 60 61 -63
leaf_value=0.074192568241158802 -0.047950922776291559 0.037642748002216814 -0.032187364204664615 0.063939530824211596 -0.019571290491556759 -0.002261671525205065 0.0043441663196769828 -0.0382268975714945 -0.035883638835765251 0.026310335440185569 -0.0087238104331971711 0.036603372528834915 -0.047280377820500312 0.015135487824925124 0.040508943077256096 0.057356198815935226 -0.049874688908032636 -0.048934627109507106 0.010033622975188903 -0.015724934596637982 -0.035154740319966182 0.051834615727955217 -0.021719598590160514 -0.044499492043684419 0.011744291580463924 -0.042599925305125658 -0.03494841792564253 0.041202329584627412 0.022786282062004112 -0.024644671087286105 -0.0023131039103186347 0.025555456946122407 0.030264331013914382 -0.04032869631112234 -0.037705543606937418 0.054776409412839372 -0.013208336364702129 0.016153219455369152 0.043305802337597586 -0.023692908955991972 0.062469001234580324 -0.018936732388251477 -0.026415683756006614 0.0014078912888363364 -0.054978098891567365 0.0082756740110190834 0.045095315011566835 0.028132569926741763 0.015577572131177386 0.026437182299330161 0.010999284220040572 0.0057389686756927844 -0.0093651642644371636 0.021491298223562039 0.0071030545313099025 -0.03794536058959002 -0.0432799262093694 0.037883945633580024 -0.038892955008832164 0.031173348095681008 -0.049393934583057866 -0.016911441080166952
leaf_weight=73.347882777452469 431.80486316978931 105.79385717213154 225.48488450050354 21.808512061834335 109.12171252071857 86.537921592593193 126.67136101424694 93.773860856890678 57.361054718494415 315.80102048814297 219.01975530385971 26.492197826504707 174.58791247010231 133.65524879097939 37.336886763572693 22.07383519411087 40.920310854911804 21.939222812652588 44.555181160569191 144.18394204974174 33.926655247807503 22.635948345065117 171.23276269435883 95.272708520293236 67.128597319126129 30.607762977480888 85.638217374682426 596.91223834455013 478.70612478256226 33.995243966579437 369.23212464153767 26.025277882814407 546.57019166648388 68.601702660322189 69.061909213662148 28.026969999074936 509.51248119771481 20.951298043131828 41.988445192575455 39.70765845477581 80.636172100901604 28.474822893738747 64.721831694245338 192.62009234726429 130.98050135374069 173.3981394469738 84.214818596839905 213.06610184907913 81.577315255999565 269.4114101678133 149.36050805449486 104.78360803425312 188.33851161599159 189.47298669815063 52.020724728703499 240.06236393749714 37.63636277616024 34.486175328493118 225.51366923749447 28.960594713687897 63.809603109955788 232.27182269096375
leaf_count=320 2386 428 1100 94 518 387 533 472 264 1305 929 108 897 540 154 92 203 106 200 608 143 100 825 492 286 135 400 2422 1960 169 1666 116 2261 320 286 118 2192 98 175 177 332 128 295 886 701 755 357 881 340 1183 674 448 790 786 218 1179 180 163 1074 135 312 1093
internal_value=7.04142e-05 0.0167174 -0.0147497 -0.0108696 -0.016422 0.0063308 0.0110671 0.000352412 -0.0215168 0.00739207 0.00480387 0.00322466 -0.0255512 0.0399023 0.0133688 -0.00498209 0.00628005 0.0119057 -0.0332858 0.00770883 0.0099283 -0.00817693 -0.0405157 -0.024435 0.00658074 0.00426828 -0.0144038 0.036443 0.0130602 -0.0183387 -0.011996 -0.0261847 0.0253962 -0.0115034 0.00742527 -0.00570896 -0.0107307 -0.0274453 0.030224 0.00736759 0.0418326 0.018091 0.000349286 0.00823125 -0.035547 0.0115409 0.0203444 0.0184776 0.000615343 0.0174465 0.00327 -0.00517542 0.000133951 0.00609776 -0.0184232 -0.0296906 -0.0109514 0.00678019 -0.0320233 -0.0271683 -0.0190088 -0.0239431
internal_weight=8713.82 4104.13 4609.69 4006.66 3029.12 977.534 3300.22 705.478 2323.64 2626.97 2311.17 2205.38 1867.6 803.915 795.724 456.041 611.704 502.583 900.679 1669.37 1525.19 433.968 603.038 181.811 567.58 545.771 152.767 730.567 1306.17 966.922 620.742 251.51 673.242 411.332 827.464 342.73 536.005 61.8716 228.144 77.0445 151.099 70.4633 285.369 220.647 856.124 393.004 257.613 328.57 115.504 440.711 171.3 135.391 498.894 377.811 121.083 346.18 106.118 68.4814 725.144 550.556 325.042 296.081
internal_count=38895 17050 21845 18634 14314 4320 13768 3254 11060 10974 9669 9241 8985 3282 3441 2075 2782 2264 4412 6941 6333 1983 3211 879 2475 2381 686 2962 5404 4573 2882 1216 2794 1883 3444 1563 2300 301 966 331 635 303 1299 1004 4212 1695 1112 1364 483 1963 780 583 2080 1576 504 1691 512 332 3511 2614 1540 1405
is_linear=0
shrinkage=0.05


Tree=14
num_leaves=63
num_cat=0
split_feature=52 72 72 52 78 52 45 78 78 44 72 34 46 1 78 48 48 51 78 72 33 78 72 78 1 46 78 89 72 33 45 6 45 3 37 52 72 46 54 33 33 59 3 30 44 41 40 3 60 53 41 59 3 0 18 46 50 44 78 54 0 32
split_gain=784.76 201.883 226.303 144.155 131.085 119.26 109.519 93.4461 87.0599 56.5041 51.3783 45.8151 45.372 44.1526 42.2585 36.9204 36.6529 46.5499 52.6318 32.1018 31.3562 31.304 31.1124 31.2057 29.4142 37.5541 37.4081 32.8599 28.032 26.8526 26.1349 25.3261 24.9413 24.7239 24.1663 23.3107 22.9634 24.1781 22.691 23.2591 25.1004 22.5096 29.7715 25.6134 21.6152 21.3709 21.3234 26.1659 21.2884 21.1664 20.8941 20.7936 20.1227 20.0192 19.8757 18.9154 22.6366 18.7735 19.6545 22.9291 21.7505 22.0592
threshold=731.25000000000011 -1.697962385137171 1.5471853257431125 1086.1000000000001 -0.32406453977334365 444.90000000000003 -1.2873062402843096 1.6373620713086405 2.6250515615792609 0.6302509683970251 1.5854235218510033 1.1015031115000067 0.15979062539104746 4.0446428571428585 0.65898701853701758 -0.054211376113004563 1.112424147352215 -0.24274849734387458 -0.50974868881120428 -0.93839046714452223 414.00000000000006 -1.9471586473539073 0.94455081065943869 -0.81475904016662437 4.4017857142857153 0.23297435897395066 2.2674003502236713 1.0000000180025095e-35 2.2896290438533744 1733.5000000000002 -0.92741177427221477 0.38138528138528144 0.90328212860864054 1.0891464311994115 3.5000000000000004 940.12500000000011 -2.9361615154536986 0.78006024096375848 1.1137500867803989 979.50000000000011 704.00000000000011 52.500000000000007 1.1639077340569879 2.5643335643335647 1.108248299319776 0.76603413434389178 2.0744331589206939 1.3882288545852297 48.500000000000007 0.49183201596817749 0.93216005301643889 40.500000000000007 0.84862934522335076 90.000000000000014 0.27178030303030304 0.057421874999927063 0.99736606905458614 -0.57056590440566746 -0.024072534403653808 1.6362654325210595 210.00000000000003 0.65913346952672802
decision_type=2 2 2 2 2 2 2 2 2 2 2 2 2 2 2 2 2 2 2 2 2 2 2 2 2 2 2 2 2 2 2 2 2 2 2 2 2 2 2 2 2 2 2 2 2 2 2 2 2 2 2 2 2 2 2 2 2 2 2 2 2 2
left_child=5 7 3 9 12 20 15 36 11 13 24 29 21 -3 53 -5 17 18 -15 32 -1 -4 -21 -24 25 54 27 51 55 -8 -20 -10 33 -13 38 -9 -2 -38 -22 40 -40 42 -28 46 49 -42 47 -44 -23 50 -31 -26 -32 -11 -7 56 -6 -19 59 -59 61 -60
right_child=1 2 4 6 28 10 8 35 31 14 -12 19 -14 16 -16 -17 -18 57 30 22 34 48 23 -25 26 -27 41 -29 -30 44 52 -33 -34 -35 -36 -37 37 -39 39 -41 45 -43 43 -45 -46 -47 -48 -49 -50 -51 -52 -53 -54 -55 -56 -57 -58 58 60 -61 -62 -63
leaf_value=0.072132063084280371 0.050797989268748289 0.048987769980924717 -0.03555592879638405 -0.048333537092479562 0.037807536672869103 0.016194258242675532 0.014260294243598976 0.01266397539920878 -0.045076889718787434 -0.013109258934588364 0.041539036356371899 0.066113181246016214 0.050932689301733128 0.028955758790649457 0.049082534326582716 0.0088553400117065539 -0.030108491576007312 -0.043561370969760566 0.034457521162962287 -0.020274130848811415 0.046944657404382473 0.041351902964098179 -0.022446253855288215 0.020222529732988704 0.014623494818578681 0.012768440183359027 -0.020328424739700691 0.026159651200741436 0.054758537741176644 -0.024087629151380976 0.017872161984391673 0.0085485800276283597 -0.016246122972508215 0.012584376975933231 -0.009981451934488822 -0.030710628945393462 0.026785383639064898 -0.011847479169996176 0.040822295287382224 0.054734989888437641 0.037428144049966937 -0.042616359367149234 0.0091738883755307626 -0.030410869271018794 0.006736187640256454 -0.016814930694569824 -0.011672459298915121 0.062440524771154776 -0.0093875658210869767 -0.029186474344897545 0.026432417826465122 -0.0012496345913935749 -0.014671865398541423 0.015524385282473151 0.064616949059177142 0.050697086313371255 0.0046762122290458256 -0.023316285142920223 -0.025309105334393157 0.023955305966772436 0.017693799338199076 0.0086678306715332575
leaf_weight=71.715186893939972 86.459648370742798 30.026627987623215 120.96264763176441 514.02285726368427 85.144346430897713 29.247551053762436 46.80528649687767 43.662310436367989 351.6922192722559 108.26362034678459 184.37667371332645 26.865670666098595 27.587944567203522 137.40796390175819 62.215787082910538 29.676048815250397 240.41978150606155 59.818705290555954 35.566252693533897 374.72502742707729 346.15894567966461 23.767581909894943 67.022312521934509 118.20839184522629 664.2560905367136 141.23237775266171 103.33466821908951 443.72615388035774 106.54764556884766 48.036524370312691 54.864903748035431 23.291146472096443 56.579285591840744 110.26798069477081 25.975890770554543 105.00577436387539 343.61514592170715 45.659800827503204 58.749394118785858 51.059805914759636 25.328949525952339 34.642642691731453 46.081196397542953 25.991426393389702 51.744772911071777 63.355309545993805 31.04431164264679 46.632744833827019 153.78166945278645 739.75328755378723 35.473725393414497 298.42790508270264 344.95557136833668 139.49976597726345 80.677888169884682 54.760903596878052 131.57480530440807 452.1469968110323 129.36261776089668 27.012553483247757 81.818330839276314 75.36306332051754
leaf_count=320 352 126 607 2882 346 118 219 190 1915 479 746 114 114 583 258 134 1174 272 153 1806 1415 105 322 512 2709 575 432 1805 439 231 241 106 266 473 105 512 1393 193 241 208 103 150 193 109 243 256 130 194 661 3565 167 1223 1529 611 325 223 535 2097 585 119 358 328
internal_value=6.16746e-05 -0.0102454 -0.0134271 -0.0174905 0.0129545 0.0220062 -0.0252444 0.0166337 -0.0199482 -0.00732178 0.0163052 -0.0150678 -0.0102602 -0.0109649 0.0122719 -0.0452018 -0.0120694 -0.00896232 0.00198178 -0.00591365 0.0408943 -0.0159475 -0.011987 0.00475286 0.0139089 0.0298875 0.0115355 0.0148968 0.0329909 -0.0225453 -0.00652442 -0.0417314 0.0116137 0.0231481 0.0369477 -0.0179384 0.0274496 0.0222392 0.0391965 0.0256421 0.0155024 -0.00487649 0.00028446 0.0145458 -0.0245212 -0.00124164 0.0240448 0.0360579 -0.00254774 -0.0264924 -0.00256183 0.00969808 -0.0101902 0.00299211 0.0518051 0.0244123 0.0177273 -0.0165613 -0.0144401 -0.0206365 -0.00405742 -0.0127791
internal_weight=8673.45 5901.44 5277.03 4572.91 704.128 2772.02 2594.16 624.403 2050.47 1978.74 2129.67 1675.48 326.1 1668.76 309.979 543.699 1638.74 1398.32 572.795 753.669 642.343 298.512 559.956 185.231 1945.29 251.158 1694.14 1406.41 378.028 921.814 435.387 374.983 193.713 137.134 570.628 148.668 475.735 389.275 544.652 198.493 147.434 287.727 253.084 149.75 875.008 88.6843 123.758 92.7139 177.549 823.264 83.5102 962.684 399.82 247.763 109.925 271.48 216.719 825.522 765.704 479.16 286.544 204.726
internal_count=38895 27538 24898 21868 3030 11357 12955 2640 9939 8913 8709 7918 1487 7565 1348 3016 7439 6265 2506 3493 2648 1373 2640 834 7963 1018 6945 5737 1543 4425 1923 2021 853 587 2328 702 1938 1586 2223 808 600 1208 1058 626 4206 359 517 387 766 3963 398 3932 1770 1090 443 1104 881 3759 3487 2216 1271 913
is_linear=0
shrinkage=0.05


Tree=15
num_leaves=63
num_cat=0
split_feature=52 52 72 72 78 78 48 78 72 72 44 1 1 60 26 78 48 22 52 75 72 60 78 88 45 48 60 45 59 77 61 45 62 45 26 77 48 1 22 72 72 88 45 30 48 41 88 26 42 52 44 48 16 26 77 17 42 72 60 25 0 45
split_gain=730.772 164.16 153.334 182.853 126.714 122.06 104.528 82.9213 63.7876 67.5861 55.628 47.4155 44.4096 43.7047 42.0247 40.3162 35.591 35.1469 34.8653 33.4081 31.8091 37.3531 32.5979 31.6111 28.8562 28.5478 28.3207 28.0574 27.5014 27.4413 27.4687 26.3083 26.305 26.1204 38.8953 25.1827 24.9069 48.0001 31.5372 24.7588 24.2404 24.1182 34.5404 23.5947 23.5433 31.135 23.2191 22.9822 22.5937 21.6962 21.4299 21.3889 22.0918 21.082 20.9581 20.3194 20.0965 19.7356 19.4745 19.7572 18.6409 35.8382
threshold=891.95000000000016 472.12500000000006 1.6491095414177346 -1.3024016534397644 0.39219049599187122 -2.0948676539629671 0.6926902914656724 -1.2273996539929255 -2.2918101037437637 1.2560438404545209 0.81286220669732301 5.2946428571428585 2.9375000000000004 17.500000000000004 -0.064739970917799997 0.58120480425561549 1.1307665770610138 242.00000000000003 975.52500000000009 6.5000000000000009 -1.353519818331794 368.50000000000006 -2.058276886669169 1.5000000000000002 -0.58749074020318259 -1.3800393394282837 385.50000000000006 1.8767748183189508 49.500000000000007 2.9153672039089735 18.343192230468016 0.3297023177023804 12.782087874070232 1.4556008753845944 -1.0000000180025095e-35 2.0345277372699764 0.25286960098728167 7.4017857142857153 666.50000000000011 -0.50195842915949374 2.5159611135660325 1.0000000180025095e-35 0.42583029882674334 1.4606169768705151 -0.64747036196024543 0.59956505429532692 1.0000000180025095e-35 0.038514515787243069 4.5000000000000009 1092.6750000000004 0.56746212121213635 0.073197784294672621 1.3781381302521012 -0.11613440405166421 2.8834720350960743 0.71353147350816648 1.5000000000000002 0.93267973219620315 322.50000000000006 0.31669091148327116 150.00000000000003 0.3827824644382159
decision_type=2 2 2 2 2 2 2 2 2 2 2 2 2 2 2 2 2 2 2 2 2 2 2 2 2 2 2 2 2 2 2 2 2 2 2 2 2 2 2 2 2 2 2 2 2 2 2 2 2 2 2 2 2 2 2 2 2 2 2 2 2 2
left_child=1 17 3 4 41 18 10 49 -3 12 11 -7 -10 -6 43 56 20 -1 -5 51 29 22 25 26 -16 -22 35 -15 53 30 -14 -20 -18 34 -8 39 37 48 -39 -13 54 42 -2 -12 -25 -46 -26 -37 -24 -4 -40 52 -17 -19 60 -30 -11 -47 -38 -60 61 -9
right_child=2 8 7 5 13 6 33 40 9 15 14 23 16 27 24 19 32 28 31 -21 21 -23 36 44 46 -27 -28 -29 55 -31 -32 -33 -34 -35 -36 47 58 38 50 -41 -42 -43 -44 -45 45 57 -48 -49 -50 -51 -52 -53 -54 -55 -56 -57 -58 -59 59 -61 -62 -63
leaf_value=0.062212256173496232 0.024684726779934715 0.042423583428743548 0.022008080812536149 -0.0061906433934338159 0.050686149403509476 0.053874183684426792 -0.044682863503641042 -0.0021777406136795096 0.061714155936244998 -0.014732590337828264 0.014296081620344861 0.015517538139408782 0.017012400914139424 -0.010324154367771671 -0.022359218902566338 0.051721171038734838 -0.038979331866047351 0.019460081292836676 -0.045473801216148413 0.063841196538490019 0.037548018875187682 -0.025694212580144232 0.030888898278038802 -0.026120949951158923 0.014575814916589878 -0.018917601477686022 0.032722910858844566 -0.039020534356377173 -0.0042099513883989215 -0.023321431943133394 0.052512871073179014 0.0012150816278813257 -0.0038824397480924293 -0.044795888678729787 -0.0084414229920739877 -0.036616590332152352 0.0049237963440050634 0.019491563323073786 -0.014390046198310994 -0.016963069596426007 0.054802591627731358 0.033803359178318886 -0.017797639709246905 -0.037007898359337203 0.054732844131380798 -0.010800527994725841 0.052911608105236055 -0.019556705426000326 -0.0069790302003420015 -0.028721065059043045 0.016797133329839422 -0.0037482193024392834 -0.0025787475030067549 0.041446737377965497 -0.017547212589721136 0.043724003726818214 0.018640275959508242 0.020701441609945168 -0.043124278068451517 -0.0012432862602325162 0.042910917617356596 0.055686842512557455
leaf_weight=105.7832794636488 139.9675989896059 143.92876812815666 25.7132698148489 69.563173174858093 22.178519502282143 24.392395511269569 131.95536887645721 97.834750801324844 34.053296029567719 55.392273902893066 35.018487975001335 77.595057129859924 280.97303795814514 221.22248227894306 30.68966418504715 73.611300781369209 65.464751079678535 149.45653827488422 673.38734990358353 91.236336141824722 25.168180912733078 100.44622395932674 350.65279072523117 83.121919378638268 97.017386808991432 193.45013897120953 24.793585672974586 139.20907261967659 82.700914651155472 33.484023541212082 67.855390816926956 31.3637475669384 290.06673066318035 327.21931597590446 169.59199178218842 303.22462889552116 510.68212597072124 182.93041914701462 227.52603407204151 238.22348612546921 62.979413688182831 221.3036382496357 72.453443512320518 61.399015113711357 27.393207669258118 167.65525925159454 67.241050079464912 574.38680629432201 44.100122824311256 112.99691195785999 72.451458945870399 44.310598567128181 24.869897708296776 416.1804653853178 32.089378476142883 29.999136537313461 238.2656663954258 70.530456766486168 46.072728350758553 72.858724966645241 91.653545275330544 36.651679962873459
leaf_count=468 575 583 117 340 96 109 678 403 138 231 165 355 1143 998 145 298 289 605 3812 375 109 432 1441 412 409 828 112 725 336 136 275 151 1270 1783 829 1485 2134 755 963 1131 263 915 304 288 125 785 285 2684 181 547 302 180 101 1706 132 122 976 312 197 305 376 150
internal_value=-0.000635732 0.0148106 -0.014363 -0.0174329 0.00374037 -0.0226947 -0.017339 0.0130048 0.00988073 0.00837943 -0.011439 -0.0151177 0.00506325 -0.0172237 0.00863348 0.0246942 0.00430658 0.0353581 -0.0400549 0.0401814 0.00667142 0.0039221 0.00565004 -0.0161982 0.0219959 -0.01238 -0.0199982 -0.0214291 0.0311544 0.0197876 0.0239455 -0.043389 -0.0103681 -0.0349925 -0.0243266 -0.0211003 0.00826912 0.0137128 0.0031276 -0.00896453 0.0269604 0.022245 0.0101696 -0.0183272 -0.00290638 0.00434769 0.0303221 -0.0254603 0.0266451 -0.0192721 -0.00683788 0.024995 0.0379691 0.0356506 0.0201321 0.0085325 0.0123253 -0.00144655 0.000671913 -0.0175321 0.0255063 0.0135846
internal_weight=8615.99 4053.97 4562.02 4102.1 816.335 3285.76 2511.45 459.919 3269.85 3125.92 1882.68 1591.32 2598.24 382.61 291.366 527.686 2564.18 784.12 774.314 234.028 2208.65 1826.34 1725.89 1566.92 194.948 218.618 1218.22 360.432 678.337 382.312 348.828 704.751 355.531 628.767 301.547 1193.43 1507.27 877.661 482.908 315.819 321.209 433.725 212.421 96.4175 348.701 265.579 164.258 877.611 394.753 138.71 299.977 142.792 98.4812 565.637 258.229 112.7 293.658 238.186 629.614 118.931 226.14 134.486
internal_count=38875 16879 21996 20008 3613 16395 12092 1988 13642 13059 8802 7510 10898 1819 1292 2161 10760 3237 4303 954 9201 7647 7215 7401 839 937 5767 1723 2769 1554 1418 3963 1559 3290 1507 5655 6278 3642 2020 1486 1324 1794 879 453 1634 1222 694 4169 1622 664 1265 579 399 2311 1061 458 1207 1097 2636 502 929 553
is_linear=0
shrinkage=0.05


Tree=16
num_leaves=63
num_cat=0
split_feature=52 47 72 52 72 47 45 72 45 88 72 26 9 72 44 47 77 32 44 51 46 33 0 45 89 48 52 19 44 94 75 9 6 0 95 52 19 48 96 72 47 44 32 54 39 53 41 57 95 96 44 56 69 54 32 40 59 61 26 23 16 46
split_gain=663.718 154.123 167.182 152.014 144.028 79.1006 69.3926 58.4972 55.8119 54.3851 54.3213 53.7135 50.0795 45.9043 44.0225 41.5872 37.0725 34.1088 33.5796 39.4477 31.5046 28.2584 27.9742 31.3358 27.4022 27.2006 25.3032 23.5181 31.1647 26.5838 24.7478 26.1455 26.5756 23.4997 23.1097 22.6956 24.1979 21.6934 21.5744 21.4649 27.0391 21.955 21.4317 21.4315 24.2284 21.905 22.6198 21.373 21.271 20.5176 25.4278 26.0762 20.2046 20.1584 20.1538 19.8669 19.7711 19.471 18.7196 18.7182 18.3129 18.2532
threshold=891.95000000000016 -1.8677285817256446 1.3294464241059718 560.25000000000011 -1.5642061212969354 1.9956259383555006 1.7024848358197124 -2.3619683874674577 -0.20835327496759512 1.0000000180025095e-35 1.2560438404545209 -0.064739970917799997 247.50000000000003 1.9922734390291024 0.79792067485573004 -0.75438181226617573 3.1877001923636734 0.45753696357735313 -0.59541496320528042 -0.13204881347401312 0.43105590062118732 4147.5000000000009 90.000000000000014 -0.17826098625021278 1.0000000180025095e-35 0.32119281243690539 1234.1500000000003 0.7514044943820225 0.44025585297032827 47.500000000000007 25.500000000000004 996.50000000000011 0.027855369335816265 1.0000000180025095e-35 292.50000000000006 1099.9000000000003 0.61602564102564117 -0.8025160315192702 2.9557836428804176 -0.67171128474450581 0.85430058173375401 0.35768322841728312 0.85485998808409236 1.1456670689646156 1.6923563777994159 0.7771451191776575 0.703354492397812 0.33737611611348178 307.50000000000006 4.3845323143379309 -0.94946195686249912 1.0000000180025095e-35 4.5000000000000009 0.85532137812908815 -0.08633540372670806 1.5839775577747603 53.500000000000007 11.449483334383467 -0.37810964373464367 1.2753263892830791 0.66098057758056317 -0.19003938659016945
decision_type=2 2 2 2 2 2 2 2 2 2 2 2 2 2 2 2 2 2 2 2 2 2 2 2 2 2 2 2 2 2 2 2 2 2 2 2 2 2 2 2 2 2 2 2 2 2 2 2 2 2 2 2 2 2 2 2 2 2 2 2 2 2
left_child=3 13 4 12 5 21 9 -5 24 39 18 37 -1 35 15 -13 17 -14 19 56 43 49 23 -12 -4 -8 -7 29 48 30 31 32 -20 -19 -35 36 -2 -11 -39 40 -6 -41 -33 45 -45 -17 -47 -30 -29 -3 -51 -52 -34 -38 -40 -32 -9 -26 -27 -56 -36 -10
right_child=1 2 8 7 6 26 25 10 61 11 22 14 16 -15 -16 20 -18 33 27 -21 -22 -23 -24 -25 57 58 -28 28 47 -31 55 42 52 34 60 -37 53 38 54 41 -42 -43 -44 44 -46 46 -48 -49 -50 50 51 -53 -54 -55 59 -57 -58 -59 -60 -61 -62 -63
leaf_value=0.056443987799869137 -0.046859426274080455 -0.020704184016579547 -0.014129838752228932 0.042680323005499635 0 0 0.004231896060140663 0.013053675371861907 0.011789420198033737 -0.056011295604273849 -0.010180709574285518 -0.024323225688023684 0.011047235774040449 0.0020042736089869043 0.038736997771779802 0.020227052597818932 -0.028160564713416065 0.016545665536070852 -0.023987572824990967 -0.036223047470963388 -0.020023631319897789 0.035516760236205008 0.032976298570713054 0.029936601593671466 0.029190190862448173 -0.010375229889385336 -0.040156847366684317 0.0096789566248421197 0.054737938377638767 -0.019515103589473587 0.009023067993280837 -0.0080262371907659225 -0.0061853471451516753 0.042071489931172892 -0.017797191208253203 -0.045995438347176953 0.039671188395561108 -0.042351541717695645 -0.059365107047870194 -0.033121877397840553 -0.026317264567951283 -0.017160588798730239 -0.057982667182828906 0.014634752137737801 0.071938068370042241 0.031277772171660556 -0.021626730962469382 0.00012135567886498932 -0.024030384141042319 0.052256528991015419 0.03046156516343046 -0.0095197603287380389 0.014808148372329785 -0.021784095593076157 -0.012344348868123543 -0.03478901545296563 0.046802158186232345 -0.0057065583130922982 -0.047246385241657182 0.031558810644849229 0.027400405137642799 0.040051833337829253
leaf_weight=137.35533444583416 45.203509256243706 47.12677788734436 161.98414114117622 111.59255634248257 198.00572590529919 71.682626396417618 32.967925906181335 506.13906355202198 83.752998068928719 42.827129036188126 109.41613200306892 166.79572427272797 288.9671994894743 68.300541743636131 69.852679073810577 119.89475318789482 32.295914188027382 218.14968100190163 64.831875249743462 38.589020043611526 94.928302332758904 167.04214714467525 244.67851829528809 87.379301682114601 96.939608857035637 39.194064930081367 86.286616280674934 195.97638939321041 55.292809963226318 241.97097046673298 36.453209802508354 142.89715759456158 151.72387138009071 447.41581216454506 25.053393796086311 464.63585437834263 21.858729347586632 72.075498059391975 20.116556912660599 564.07498341798782 192.07463777065277 351.98427979648113 25.261780112981796 52.679279074072838 28.596451669931412 25.685168072581291 92.56180328130722 26.745623677968979 61.344834610819817 38.764843419194221 70.269604563713074 96.655238136649132 464.20649053156376 33.872999042272568 212.22984667122364 87.441737085580826 47.560769021511078 67.570813223719597 310.24710930883884 27.267453029751778 198.55119489133358 184.31069213151932
leaf_count=605 236 205 741 454 889 337 153 2116 350 232 453 843 1171 308 304 543 132 890 275 167 455 687 1002 358 418 220 423 835 229 1032 152 621 644 1827 102 2715 111 365 100 2868 929 1677 107 241 125 118 426 111 267 160 293 402 1949 176 1029 376 197 306 1719 130 807 762
internal_value=-0.000611874 -0.0137806 -0.0100497 0.0140947 -0.0144576 0.00820154 -0.0192838 0.00724471 0.0143457 -0.016041 0.00571318 -0.00741484 0.0278093 -0.0366428 0.00125781 -0.00324444 0.0245514 0.0260029 0.00242483 0.0125551 0.00523262 0.0195543 0.0216855 0.00761257 0.000447694 -0.0390331 -0.0219339 -0.00143316 0.0101974 -0.00468694 -0.000991929 0.00205013 0.00641668 0.0308559 0.0354975 -0.0413183 -0.0197143 -0.0224995 -0.0181419 -0.022809 -0.0129567 -0.026997 -0.0155907 0.0127581 0.0349217 0.00516144 -0.010076 0.0370149 0.00161708 0.00897779 0.0158095 0.00728922 0.00962848 0.00225782 -0.0113877 -0.0218611 0.0159695 0.0148316 -0.0431293 -0.00731389 0.0223083 0.0312479
internal_weight=8567.61 4520.32 3886.45 4047.29 3291.89 577.828 2714.06 2699.5 594.558 2331.65 2587.91 1025.51 1347.79 633.872 650.994 581.141 1210.43 1178.14 2146.44 592.289 414.346 419.859 441.474 196.795 326.495 382.409 157.969 1554.15 339.36 1214.79 972.816 848.921 680.762 889.17 671.02 565.571 100.935 374.516 331.689 1306.14 390.08 916.059 168.159 319.417 81.2757 238.142 118.247 82.0384 257.321 252.816 205.69 166.925 615.93 55.7317 259.614 123.895 553.7 164.51 349.441 239.497 223.605 268.064
internal_count=38875 21996 18450 16879 15873 2507 13366 11345 2577 11274 10891 4911 5534 3546 3055 2751 4929 4797 9078 2480 1908 1747 1813 811 1465 2092 760 6598 1442 5156 4124 3596 2868 3626 2736 3238 523 1856 1624 6363 1818 4545 728 1453 366 1087 544 340 1102 1060 855 695 2593 287 1259 528 2313 724 1939 1159 909 1112
is_linear=0
shrinkage=0.05


Tree=17
num_leaves=63
num_cat=0
split_feature=52 47 52 48 26 88 88 78 2 42 32 32 44 33 66 45 69 52 52 31 46 78 88 31 52 19 54 55 14 78 55 2 8 47 51 45 39 54 75 48 29 55 54 59 30 31 4 54 51 48 46 6 26 9 48 44 40 61 32 69 54 32
split_gain=602.642 143.838 139.482 124.641 101.693 90.8446 50.2382 43.1159 42.9047 43.2634 46.3964 36.1983 34.218 33.7136 33.5119 33.4619 44.8722 36.2082 33.2746 32.6936 31.4821 30.1939 29.8571 29.4121 27.9578 25.0894 27.039 24.2598 24.0388 23.7486 29.1017 23.7101 23.706 23.5416 28.0485 25.6287 23.4588 23.4228 23.2005 22.9154 30.2878 24.2728 24.4681 23.4351 22.6543 22.8317 22.617 24.2004 22.4053 21.477 21.2785 21.2646 21.1438 26.9064 26.8288 26.5177 24.6996 37.2029 34.6525 21.0247 20.8071 20.7863
threshold=891.95000000000016 -1.9607543103449536 472.12500000000006 0.93709244839928041 0.62729597767960954 1.0000000180025095e-35 1.5000000000000002 0.99420431423069677 3.1875000000000004 1.5000000000000002 0.76325833668139831 -0.08633540372670806 0.52163291650441668 739.50000000000011 5.8839285714285721 -1.3077495291902121 6.5000000000000009 985.32500000000016 1099.9000000000003 3.3671992583705972 -0.53600878477305536 -0.39259949727131593 1.0000000180025095e-35 0.80416127331128062 657.47500000000014 0.61602564102564117 0.90172981562306531 0.89113653254220682 0.29037652977902212 1.8488249371050427 1.4272582867403882 5.9553571428571432 0.055250305250305255 1.2412531166090754 -0.68663765799707266 1.308474080681993 2.1847732791946957 0.81193319921560181 7.5000000000000009 0.24309894736840446 0.45634764041963383 1.3631806992866475 0.8092729960145274 20.500000000000004 1.7397253978284601 1.4274732528397374 0.86172789391786775 1.0680332367658549 -0.51765987960513782 -0.29863846928512799 -0.20647593211787121 0.71010186757215632 -0.064739970917799997 2262.5000000000005 -0.8025160315192702 0.81286220669732301 2.3027815875192874 2.6258732534930145 0.49857142857142861 7.5000000000000009 0.87871104124495758 0.89808138824392036
decision_type=2 2 2 2 2 2 2 2 2 2 2 2 2 2 2 2 2 2 2 2 2 2 2 2 2 2 2 2 2 2 2 2 2 2 2 2 2 2 2 2 2 2 2 2 2 2 2 2 2 2 2 2 2 2 2 2 2 2 2 2 2 2
left_child=2 18 13 4 5 20 8 38 -4 -10 24 -7 29 -1 27 17 -17 -13 25 22 -3 -20 -6 31 39 -2 -27 -9 -18 30 32 -15 -12 34 -22 37 -16 -36 -5 40 49 42 -41 -42 -44 -46 -14 -48 -26 -11 -24 -19 54 55 -30 -54 57 -56 -59 60 -8 -52
right_child=1 3 6 7 19 11 59 14 9 10 12 15 46 23 36 16 28 51 21 -21 33 -23 50 -25 48 26 -28 -29 52 -31 -32 -33 -34 -35 35 -37 -38 -39 -40 41 43 -43 44 -45 45 -47 47 -49 -50 -51 61 -53 53 -55 56 -57 -58 58 -60 -61 -62 -63
leaf_value=0.046024182472438363 -0.0392401919920694 -0.039168504767650568 0.052817867995325465 -0.024114837959940259 -0.00083983952795367751 -0.051827265192616295 0.029294325277706243 0.049086098213228596 -0.010552765387632716 0.015408765878400718 -0.0029248756978362401 0.034137897353025325 0.0056007578704144381 0.015949378841882363 -0.039607870817907606 -0.019266692735710925 -0.02287240065049416 0.0075270287575197482 -0.045816773153604225 0.048964265486323322 0.04445180439767267 0.0085758497577188529 0.002130185891405954 0.030621250961928664 0.019779755824057842 0.047499151625820191 -0.02104396289309042 -0.027064358143872803 -0.04311593437473462 -0.0070980856527248157 0.052974590597181806 -0.037617487451256232 0.021620162948343846 -0.033525149514589146 -0.0026916063507770108 0.018677737716415146 0.0012819700639810914 -0.021771452018747209 0.030508433703258137 0.038224689266867812 0.035571839727872236 -0.035238618354892462 -0.021338691810045048 -0.0012837063766279128 0.038468638255131485 -0.015135238681719856 0.017823519445008946 0.065928611223400921 -0.0065352670048020676 0.061748784380375538 0.01953159114264685 -0.048409580058814586 0.006560666360508071 0.041960546314738278 -0.04119970679267676 0.042904237747739569 -0.020450148924591412 0.042856945186649113 -0.0084774933440901635 0.024979256517259393 -0.016069883859042618 0.057302602229987398
leaf_weight=289.054000005126 44.231918320059776 182.65385776758194 47.416632160544395 35.429836541414261 454.05906435847282 33.37583215534687 40.234598129987717 20.023613452911377 386.34764532744884 44.195984780788422 151.62201553583145 22.017606973648071 39.721046507358551 69.527265578508377 527.69107928872108 171.75136098265648 55.635402634739876 21.411071047186852 432.7358830422163 49.887886956334114 20.258291959762573 26.91886305809021 109.07918694615364 387.02598734200001 90.652509763836861 26.746293440461159 30.810016393661499 21.612564578652382 32.018947705626488 126.71246881783009 50.839193001389503 29.271831005811691 278.15091080963612 175.71611775457859 216.00676544010639 53.439994364976883 37.313737228512764 637.42783740162849 42.736606687307358 46.813691198825836 59.510878294706345 41.902267068624496 81.676925450563431 155.14812625944614 47.117024123668671 34.053272545337677 40.28784242272377 76.655974015593529 739.76173804700375 58.789866417646408 131.64657357335091 79.099244996905327 354.28703498840332 89.819199413061142 24.463314414024353 58.506176888942719 65.447981029748917 95.76358525454998 49.76580399274826 561.66702856123447 67.579884722828865 50.769447505474091
leaf_count=1246 231 944 193 161 1993 170 167 105 1656 179 627 101 163 281 2891 838 253 97 2590 213 85 120 496 1592 379 130 160 116 165 531 209 118 1136 875 1030 238 197 3066 177 189 241 172 337 631 192 139 165 316 3172 238 571 427 1608 398 121 247 300 440 228 2326 284 214
internal_value=-0.000589323 -0.0132179 0.0134091 -0.0098248 -0.00571945 -0.0107837 0.0088827 -0.0292032 0.00573169 0.00485212 0.00760558 -0.000591181 0.0175159 0.0324821 -0.0337072 0.000935692 0.00396979 -0.0237062 -0.0368882 0.00980079 -0.0199238 -0.0426193 0.00716729 0.0244068 0.00219156 -0.0109422 0.0107483 0.00946788 0.00881089 0.0121257 0.0172048 6.24022e-06 0.0129505 -0.0167287 -0.0135366 -0.0148423 -0.0368988 -0.016949 0.00568675 0.0107283 0.0196544 -0.000526086 0.00640112 0.00892245 -0.00273436 0.0159278 0.0383587 0.0494282 -0.00365452 0.0419449 0.0196531 -0.0364484 0.0111091 0.017152 -0.000230313 0.011733 0.00559655 0.0156602 0.0252743 0.0210975 0.000824421 0.0300969
internal_weight=8522.29 4480.56 4041.74 3919.12 3234.31 2438.87 3266.86 684.807 2597.38 2549.96 2163.61 1153.36 763.989 774.879 606.641 1119.99 997.459 122.528 561.443 795.442 1285.5 459.655 745.554 485.825 1399.62 101.788 57.5563 41.6362 825.707 607.325 480.612 98.7991 429.773 1102.85 927.133 906.875 565.005 853.435 78.1664 569.208 317.645 251.563 209.661 214.659 162.847 81.1703 156.665 116.944 830.414 102.986 291.495 100.51 770.072 502.612 267.46 412.793 235.441 169.993 145.529 669.482 107.814 182.416
internal_count=38875 21996 16879 18765 15118 11631 13642 3647 10865 10672 9016 5393 3147 3237 3309 5223 4598 625 3231 3487 6238 2710 3274 1991 5869 521 290 221 3760 2503 1972 399 1763 5294 4419 4334 3088 4096 338 2318 1289 1029 857 872 668 331 644 481 3551 417 1281 524 3507 2253 1254 1855 1089 789 668 2777 451 785
is_linear=0
shrinkage=0.05


Tree=18
num_leaves=63
num_cat=0
split_feature=33 34 33 72 88 72 72 15 47 47 47 26 48 48 72 78 34 77 2 22 33 50 47 44 78 78 22 26 57 88 78 72 14 60 44 78 2 89 69 31 44 72 29 88 43 29 18 57 8 44 44 18 23 72 9 9 48 72 32 10 97 34
split_gain=390.921 193.388 107.615 91.4136 87.3258 86.724 80.6574 76.9344 66.0751 75.5819 49.3374 47.1404 43.0137 37.8061 45.4333 36.2575 33.8097 32.4056 31.5088 31.9686 31.2804 30.6452 30.2416 40.5784 41.1637 29.631 27.2557 27.7082 35.5524 26.8179 26.566 28.5568 26.0392 25.8235 24.3873 24.1946 23.2596 23.035 22.8424 22.8351 21.5796 24.2749 26.713 21.3165 21.4867 20.8403 20.4932 20.1714 27.3617 19.9328 28.3566 19.8442 19.7536 22.5683 27.2078 19.0485 19.2505 18.8854 18.6976 18.3835 18.1018 18.0865
threshold=1777.5000000000002 1.2364443418479343 872.50000000000011 -2.2918101037437637 1.5000000000000002 2.5159611135660325 1.2700545301575183 0.44736842105263158 -1.0727859749325919 1.2784357104557695 -1.7373752060526957 -0.058947629684785306 1.0921842182951735 -1.263881366860155 1.5471853257431125 -1.4237739234450379 1.5008041629680857 2.1223319647346854 9.1160714285714306 1723.5000000000002 414.00000000000006 1.1881546422550697 1.1600690704010754 -0.50717312348660915 -1.3078355620181357 0.047064393939346784 832.50000000000011 0.35178927566776697 -0.29343150890647801 1.5000000000000002 2.7688259419452375 -1.842463924044712 0.27671905717007439 357.50000000000006 0.77625825007561577 1.0233430263618668 3.1875000000000004 1.0000000180025095e-35 9.5000000000000018 1.3614188307936144 0.72975299055225606 -0.95286564608926294 0.40081385625460542 1.0000000180025095e-35 3.5000000000000004 0.64638652057315726 0.5843869002284845 -0.27653419631394632 0.065861769809138243 -0.59541496320528042 -0.74996570644721572 0.28035087719298252 1.220932666502202 -1.1485353183742142 2382.5000000000005 1635.5000000000002 0.85412341269436864 0.74799999999998346 0.68199436222692045 0.92572078567471572 8.7428672368293157 1.6788845910281081
decision_type=2 2 2 2 2 2 2 2 2 2 2 2 2 2 2 2 2 2 2 2 2 2 2 2 2 2 2 2 2 2 2 2 2 2 2 2 2 2 2 2 2 2 2 2 2 2 2 2 2 2 2 2 2 2 2 2 2 2 2 2 2 2
left_child=2 4 20 35 8 10 7 22 25 26 -5 29 17 -6 30 -8 33 38 49 51 -1 -11 23 -4 -25 -2 -10 28 -28 32 31 -15 -12 36 45 -3 -9 52 47 -40 41 42 -29 -38 -45 -26 -41 -13 -49 50 -19 -20 53 -21 -55 56 -23 -30 60 -43 -59 -14
right_child=1 3 6 5 13 -7 15 16 9 21 11 12 61 14 -16 -17 -18 18 19 37 -22 55 -24 24 34 -27 27 40 57 -31 -32 -33 -34 -35 -36 -37 43 -39 39 46 -42 59 -44 44 -46 -47 -48 48 -50 -51 -52 -53 -54 54 -56 -57 -58 58 -60 -61 -62 -63
leaf_value=0.065729177778159384 -0.040201428317099955 0.041107300542932934 0.026448212391992007 -0.027075536024821656 -0.039360005976948886 0.046634006221456074 -0.0046252855138254707 0.050520911539193095 0.022555377891269889 -0.040857998967800777 0.01606554307827289 -0.014855051047019969 -0.033588729783020431 0.033402342979858467 0.034501736207631854 0.036474414787663272 0.036132876060098774 0.015630648042479885 0.006522454089849021 0.042656886819338623 0.028434914683707915 0.028906634231614436 -0.017682826054198054 -0.022995355435278295 -0.0038388847232684537 -0.0025975617795239289 0.017343588990882761 -0.0071189198685291362 -0.029424112783505454 0.0069553826262063181 -0.034186693354693702 -0.0047307990499565267 -0.026941455380724628 -0.01624266039823373 0.038579418055207537 -0.0071605282691848907 0.0048840274790450744 0.022040966856472034 0.060929824159486556 -0.0088635343883376634 0.029409899138981212 0.0010062103604086591 0.039888902576890053 -0.0023067518442607344 0.023575901098426347 0.044118429887527282 0.04845654083857643 0.039949267588587738 0.0033614734973548849 0.0038082561397448978 0.073853620208287271 -0.03147622272494436 -0.024861197095010928 0.036458921278979331 -0.023459989267656314 -0.048347110241336505 -0.018526879078051572 0.02268622535492229 -0.029265860437621933 -0.029406609008601089 -0.0302436074630218 0.0044142214906477371
leaf_weight=63.800960227847099 574.53492920100689 168.2281723767519 125.14568378031254 205.74527896940708 61.960803151130676 88.619877904653549 63.917717799544334 38.090673074126244 61.848519027233124 363.93384121358395 39.534960195422173 61.526844009757042 103.90708175301552 56.351689726114273 89.267864093184471 326.92838804423809 139.31251609325409 90.622821733355522 44.093109473586082 31.473797053098679 490.52086715400219 34.533150643110275 331.10624554753304 202.75327914953232 277.7991561293602 57.97226881980896 60.258886560797691 76.923778772354126 352.81930138170719 103.44793178141117 64.274368613958359 376.58838874101639 306.88805371522903 85.977472558617592 47.483684107661247 30.462869390845299 660.26816540956497 104.15317420661449 53.15771421790123 35.29951448738575 49.682095155119896 85.317594304680824 49.515061363577843 99.256615951657295 409.47152438759804 24.563632547855377 27.637306317687035 83.487333580851555 132.39251345396042 226.3415063470602 27.264925271272659 151.85819053649902 87.459809362888336 26.414464548230171 66.065540418028831 26.760612845420837 55.828088104724884 58.17695514857769 57.680914461612701 117.83693458139896 22.197272464632988 44.447170540690422
leaf_count=310 3265 690 531 1102 359 379 278 157 279 1978 186 263 527 235 381 1343 571 376 194 133 2034 158 1502 932 1197 260 285 326 1756 474 360 1821 1469 361 195 136 2761 451 234 155 209 388 214 417 1697 103 117 359 579 971 114 674 387 119 307 139 288 267 262 547 100 213
internal_value=-0.000566818 -0.009319 0.0125991 0.00124641 -0.0182989 -0.00176162 0.00865273 0.00527335 -0.0232393 -0.0174277 -0.00385505 -0.00126505 0.00326354 -0.00224585 0.00167271 0.0297408 0.0127232 0.00628991 0.000822419 -0.00704146 0.0327475 -0.0336946 -0.00529933 0.000744845 -0.00507081 -0.0367637 -0.00953369 -0.0116744 -0.0188319 -0.0153426 -0.00421698 0.00022765 -0.0220157 0.0101947 0.00530667 0.033682 0.0120831 0.00279499 0.0181641 0.0367941 -0.00125819 -0.00590371 0.0112674 0.0108221 0.0185167 5.3884e-05 0.0162649 0.010339 0.0175462 0.0125212 0.0291899 -0.0229013 -0.00666887 0.00613674 -0.00627084 -0.0113774 -0.000332132 -0.0232856 -0.00755147 -0.0166155 0.00798683 -0.022174
internal_weight=8481.19 5094.79 3386.4 2340.53 2754.26 2141.84 2832.07 2441.23 2105.82 1473.31 2053.22 1847.47 1397.6 648.443 586.482 390.846 1432.38 1249.25 855.747 511.518 554.322 481.056 1008.85 677.745 552.6 632.507 992.257 930.409 551.133 449.871 497.214 432.94 346.423 1293.06 349.846 198.691 1207.09 315.567 393.501 116.095 379.275 329.593 126.439 1169 508.728 302.363 62.9368 277.407 215.88 344.229 117.888 195.951 211.414 123.954 92.48 117.122 90.3612 490.874 138.055 203.155 80.3742 148.354
internal_count=38875 24486 14389 10609 13877 9783 12045 10424 10721 7196 9404 8302 6173 3156 2797 1621 5964 5433 3726 2265 2344 2563 4460 2958 2427 3525 4633 4354 2670 2129 2416 2056 1655 5393 1495 826 5032 1397 1707 506 1684 1475 540 4875 2114 1300 272 1201 938 1461 490 868 946 559 426 585 446 2385 629 935 367 740
is_linear=0
shrinkage=0.05


Tree=19
num_leaves=63
num_cat=0
split_feature=52 47 72 52 72 78 48 78 51 72 72 78 47 1 95 72 78 44 22 75 46 48 72 1 26 45 95 39 1 62 15 31 61 52 66 8 72 46 71 51 48 52 66 57 1 39 96 78 72 44 16 29 30 16 1 8 72 44 8 52 44 88
split_gain=504.292 128.404 146.406 117.213 115.256 71.0446 62.7314 52.0025 51.5363 49.5479 49.1299 46.8591 39.0337 35.7055 34.6741 32.8051 32.1718 31.4488 31.1511 30.2338 28.3574 27.7115 27.7233 27.5387 27.491 29.4355 26.9659 25.4262 25.3944 24.2936 24.2519 22.8277 22.4595 22.2483 22.2181 21.5807 21.4641 21.2214 21.1783 21.1036 20.5157 20.4525 25.4736 20.3765 20.271 28.5245 20.6371 20.195 21.2939 26.7611 19.8775 19.5622 21.8702 21.5351 19.4053 19.3722 19.2283 18.9982 19.7109 18.9016 20.5953 18.556
threshold=891.95000000000016 -1.9607543103449536 1.4777777777776488 472.12500000000006 -1.5424415011038541 0.31938749490006063 0.93709244839928041 -1.2273996539929255 -0.23694760242325236 -2.2918101037437637 1.1996883670773786 -1.1494146052571634 0.515135270099636 2.9375000000000004 35.500000000000007 2.1443736603240464 0.58120480425561549 0.27464277453896774 242.00000000000003 6.5000000000000009 0.33099732444506286 1.1307665770610138 -1.353519818331794 9.0625000000000018 -0.59367299367299353 -0.47794232421019384 307.50000000000006 1.5692761515770368 6.0446428571428585 13.031415339959892 0.55263157894736847 1.7149610244988867 18.343192230468016 560.25000000000011 2.9196428571428572 0.19625350140056025 -0.38545960771285437 -0.2183073297302959 0.66501261407914891 0.59955773888520847 0.073197784294672621 1099.9000000000003 11.062500000000002 -0.092753217512156358 8.0446428571428594 2.1847732791946957 3.0257077604396119 -1.3372822144258143 0.37498743718593991 -0.40058360042729507 1.3781381302521012 0.54585522643724627 1.753438140386087 0.81103984349978797 4.8660714285714297 0.32571204598902542 2.5159611135660325 0.33454310547338112 0.21767001114827203 713.1500000000002 0.56746212121213635 1.5000000000000002
decision_type=2 2 2 2 2 2 2 2 2 2 2 2 2 2 2 2 2 2 2 2 2 2 2 2 2 2 2 2 2 2 2 2 2 2 2 2 2 2 2 2 2 2 2 2 2 2 2 2 2 2 2 2 2 2 2 2 2 2 2 2 2 2
left_child=3 15 4 18 5 -3 7 8 -6 -5 13 37 24 -11 -7 41 54 -10 -1 40 27 22 32 -19 -9 36 33 51 -22 -23 35 -25 -15 -24 -20 38 -26 -4 -27 -36 50 42 -2 -32 46 -46 -8 57 49 -49 -18 52 53 -14 -12 -37 61 -35 -59 -28 -61 -13
right_child=1 2 11 9 6 14 44 12 17 10 16 56 20 21 -16 -17 19 23 34 -21 28 29 26 31 25 30 59 -29 -30 -31 43 -33 -34 47 39 55 -38 -39 -40 -41 -42 -43 -44 -45 45 -47 -48 48 -50 -51 -52 -53 -54 -55 -56 -57 -58 58 -60 60 -62 -63
leaf_value=0.056155524338199141 -0.032076500475433339 0.022727724290550665 -0.028404625837889198 0.036965678649773216 0.0080996889261113151 0.035519499757788377 -0.03446909410429682 -0.034176057332590715 -0.04310729120061263 0.055019315915931191 0.048554722787900149 0.012697361726663057 0.013771089237217083 0.011495987251388702 -0.01912688951144946 0.0081121325183969705 0.044896143678256992 0.010488568879956025 0.059115850942803944 0.056306684079621666 0.02705967253052502 -0.036405252309148754 0.021096605117404733 -0.032917518688931023 0.0093393424650416584 0.043829465093361004 0.00039217631930110275 -0.021715897691678088 -0.030667416446447954 -0.0033437280516737211 0.022943612958667006 0.0062037386362440881 0.042148205375113851 0.0038722865392644655 0.02113537859250705 -0.016848936394961767 -0.017762191017233659 0.01631434579374497 0.0016153119050718258 0.060973171423254618 -0.006767161581760571 -0.04324393990631703 0.029810542850844009 -0.0083987377031850847 -0.043573683208392236 0.014205985527145824 0.0055020724352016354 0.012730879906364257 0.018925269776650228 -0.009157486963991707 -0.0057827621518131015 0.049998865251927704 0.022749192031083269 -0.048741397943577909 0.0058380028691136215 0.03362073982291322 0.05388761606102456 -0.037705478345889998 0.0060637050906309532 -0.026791274695622383 0.019280733673450581 0.038972215878283811
leaf_weight=98.474906906485558 66.525769904255867 330.94420425593853 69.918494820594788 142.30656023323536 101.68680499494076 33.121553763747215 71.788072928786278 63.410602658987045 268.80520348250866 33.526933997869492 29.189215198159218 220.54516041278839 24.102007910609245 308.28869418799877 227.65483637154102 40.511645868420601 78.796003982424736 60.024336084723473 47.110347330570221 92.583970919251442 20.011116817593575 69.111860126256943 215.3497170060873 236.27575272321701 98.030879735946655 101.7169397175312 301.27389620244503 129.13853925466537 340.95999202132225 284.21463733911514 65.64336633682251 43.99241828918457 74.361158564686775 135.00974528491497 583.93973544239998 57.534828573465347 283.83117248117924 42.481823280453682 42.316811621189117 35.354807019233704 48.498910248279572 411.79747839272022 21.993205055594444 245.01446838676929 324.24360866844654 22.684009686112404 58.243140205740929 277.6390864700079 265.74528349936008 280.60491542518139 25.385570585727692 24.127182230353355 54.983502492308617 31.650236114859581 295.04548868536949 28.271995514631271 51.109176874160767 79.574772030115128 37.680665791034698 159.51746620237827 28.399645000696182 97.274145781993866
leaf_count=468 353 1357 345 583 450 145 405 318 1504 138 119 918 116 1253 1097 183 322 301 200 390 94 310 867 1250 440 452 1239 621 1721 1249 301 217 301 578 2420 259 1388 186 192 149 198 2576 119 1097 1890 123 305 1158 1098 1184 104 115 252 156 1216 126 221 344 161 708 122 403
internal_value=-0.000544628 -0.0122215 -0.00903129 0.0122485 -0.0126958 0.00734623 -0.0169355 -0.0135376 -0.0248058 0.00811524 0.00679651 0.0167665 -0.00856089 0.00382866 -0.0121561 -0.0350437 0.0200752 -0.0303079 0.0298663 0.0337441 -0.0183364 0.00314259 0.00526443 -0.020173 -0.00235697 -0.000160574 0.00263698 -0.00585516 -0.0274468 -0.00983329 0.0073412 -0.026759 0.0174752 0.00642551 0.0259662 0.0196525 -0.010791 -0.0114591 0.0314715 0.0234272 0.0200017 -0.0385491 -0.0166275 -0.00175462 -0.0334573 -0.0397783 -0.0165365 0.00348361 0.00727652 0.00171993 0.0325057 0.00930014 0.000350449 -0.0216511 0.00971277 -0.000141992 0.0253803 -0.00888356 -0.0236042 -0.00735487 -0.0197953 0.0207647
internal_weight=8439.35 4412.36 3871.54 4026.98 3390.21 591.721 2798.49 2321.53 710.785 3262.1 3119.8 481.329 1610.74 2550.3 260.776 540.828 569.499 609.098 764.88 245.264 624.973 2516.77 2163.45 340.293 985.771 922.36 1780.8 264.001 360.971 353.326 540.498 280.268 382.65 1291.6 666.405 229.841 381.862 112.4 144.034 619.295 152.68 500.316 88.519 310.658 476.959 346.928 130.031 1076.25 823.989 558.244 104.182 134.863 110.736 55.7522 324.235 85.8068 368.928 252.265 117.255 489.191 187.917 317.819
internal_count=38875 21996 18765 16879 16692 2599 14093 11370 3722 13642 13059 2073 7648 10710 1242 3231 2349 3272 3237 1014 3075 10572 9013 1768 4573 4255 7459 1260 1815 1559 2427 1467 1554 5390 2769 1029 1828 531 644 2569 624 3048 472 1398 2723 2013 710 4523 3440 2342 426 639 524 272 1335 385 1542 1083 505 2069 830 1321
is_linear=0
shrinkage=0.05


Tree=20
num_leaves=63
num_cat=0
split_feature=33 34 72 72 33 72 48 47 72 10 47 88 26 38 57 9 46 20 47 39 60 33 32 32 34 60 96 23 78 60 78 72 75 78 66 54 48 44 72 17 30 72 78 33 78 3 78 88 48 51 50 17 49 48 46 43 39 29 23 44 46 46
split_gain=314.173 176.73 100.023 98.1194 88.8695 64.716 61.2201 61.1417 59.7915 58.0863 51.0369 48.0215 43.4913 43.1581 41.1683 40.0492 35.5837 34.4544 34.4298 33.7938 33.5319 30.1962 29.2911 29.2058 29.0884 27.6795 26.8157 27.1534 26.2395 26.048 32.4524 25.3191 25.1498 24.8343 24.7259 24.4624 24.1588 24.0843 24.0483 23.7803 23.6173 22.9218 22.9101 22.8889 26.2385 30.7022 23.6963 22.2128 25.5099 21.7959 21.7186 21.6863 27.7134 24.1149 21.6269 21.2126 29.0311 27.3489 31.875 21.1805 21.1478 20.9739
threshold=1777.5000000000002 1.1015031115000067 -2.0864114987079594 2.0364416221033861 872.50000000000011 1.7018845638530533 -0.73105507955932614 -1.0727859749325919 1.2141257164784041 0.91862102830718395 2.0652320935894846 1.5000000000000002 -0.064739970917799997 1.0000000180025095e-35 -0.055545125262859811 1182.0000000000002 -0.66799602385689749 0.21896404109589043 1.5291875229933605 1.5652720122350889 120.50000000000001 414.00000000000006 -0.08633540372670806 0.035623640319071802 1.5008041629680857 385.50000000000006 24.459520433731935 0.95068782354265147 -2.6326746303813779 312.50000000000006 1.2143390449132678 -0.93839046714452223 5.5000000000000009 -2.058276886669169 7.5625000000000009 0.96607207267147543 1.0373438841319345 0.52163291650441668 0.82834689581508736 0.60486913580246926 2.1750979737665199 1.1996883670773786 -1.4237739234450379 1066.5000000000002 2.2224095982657626 1.3516545761701284 -1.3078355620181357 1.0000000180025095e-35 1.1454343891402443 0.41374346143145574 1.2129421007577059 0.61651727015652125 -1.4784272018522786 -0.2694768598753427 -0.20647593211787121 3.5000000000000004 0.90874392782789737 0.39173925758810141 1.0414301629718117 -0.50717312348660915 -0.097811865702995618 -0.10984318065941089
decision_type=2 2 2 2 2 2 2 2 2 2 2 2 2 2 2 2 2 2 2 2 2 2 2 2 2 2 2 2 2 2 2 2 2 2 2 2 2 2 2 2 2 2 2 2 2 2 2 2 2 2 2 2 2 2 2 2 2 2 2 2 2 2
left_child=4 5 47 6 21 7 15 28 9 19 13 12 -8 14 35 49 -5 -13 25 20 -6 -1 -15 -21 29 31 38 -28 -2 55 32 59 -31 -7 -20 -9 51 -33 -24 40 -39 -19 -10 -22 45 46 -45 48 -3 -4 -12 53 -53 -25 -40 57 -57 -11 -59 -14 -30 -55
right_child=1 2 3 16 8 33 11 10 42 24 50 17 18 22 -16 -17 -18 41 34 23 43 -23 26 36 -26 -27 27 -29 60 30 -32 37 -34 -35 -36 -37 -38 39 54 -41 -42 -43 -44 44 -46 -47 -48 -49 -50 -51 -52 52 -54 61 -56 56 -58 58 -60 -61 -62 -63
leaf_value=0.063980294415928105 -0.046611550949655793 0.024128471296106242 -0.022249524676562736 -0.015106076820675976 -0.025914582697648476 -0.029820992199639868 -0.020190300923077269 0.04798460467404906 5.6857078832657681e-05 -0.040816517429445316 -0.04333697758415328 0.03036161089581357 0.023037867322795721 -0.065296561129987413 -0.0106236754626556 -0.032248233507184969 0.038887845539822136 -0.00967364786437277 0.0040086700398565909 -0.055967476121753693 0.028497546993267578 0.026462910111179058 -0.022990127005186795 -0.029218588370552769 0.034602470801121984 0.046255821773853768 0.052438064878605278 -0.018213889830557189 -0.031590093230185426 -0.014313873746820808 -0.026533983111197004 -0.011281730130293512 0.023694399826756835 0.024029369290472887 -0.030131325124148518 0.0042215894948256921 -0.039484292911353899 0.014705167914448751 -0.019177262945138551 0.034582811116040127 -0.026577227920975138 0.030510169332166666 0.031189037315519048 -0.0052710037365801413 -0.017512752914677149 -0.034661381436289829 0.025283656853593656 0.042518188323444069 -0.028478231797048611 0.021292808603217795 -0.0031190026721810357 -0.01878599618964857 0.044390143168608349 0.026800575977116377 0.017749115562197933 0.073920819446443464 0.016078112414884164 -0.0029644147420832107 0.058640148033452438 -0.0015091114356377692 0.0029943412282171728 -0.011736136620115625
leaf_weight=60.491273790597916 270.95358285307884 133.31282657384872 51.20069482922554 36.647562086582184 80.203913435339928 26.23397196829319 394.41594086587429 64.921697348356247 71.390612542629242 35.261214405298233 199.15267397463322 174.53102989494801 194.18382079899311 30.504588484764099 179.8175804913044 310.81791454553604 177.33059230446815 149.91635720431805 80.228371188044548 37.489263817667961 115.0375784188509 489.31658959388733 539.47422993183136 110.05362741649151 134.52056658267975 35.176312372088432 28.189526244997978 25.976643994450569 216.31289030611515 70.317008540034294 97.55076402425766 441.68684400618076 113.46364103257656 113.23272454738617 154.87811934947968 63.322835400700569 58.476118221879005 85.594776839017868 79.688422426581383 64.339148461818695 58.02522748708725 46.383349731564522 352.24165080487728 91.953178599476814 111.3428857922554 33.531526774168015 202.68741919100285 136.78885343670845 27.688579767942429 65.196860834956169 40.716252014040947 28.41669188439846 44.008917510509491 53.191186249256134 78.70054580271244 22.333002284169197 719.87444581091404 112.9424954354763 25.656552582979202 159.77285750210285 55.203441828489304 104.45589624345303
leaf_count=310 1774 551 253 163 372 140 1928 307 314 150 1160 787 808 165 875 1757 760 694 380 173 476 2048 2649 504 555 148 129 121 1171 295 416 2026 466 478 809 308 280 372 377 271 247 197 1456 427 528 144 864 572 124 302 216 117 185 225 343 93 2985 477 106 686 270 450
internal_value=0.000436038 -0.00753255 0.000200518 -0.00285244 0.0122161 -0.0189785 -0.00567234 -0.0214263 0.00863517 0.00557836 -0.0156491 -0.00206348 -0.00568329 -0.0110479 0.00479098 -0.0228815 0.0296143 0.014205 -0.00118653 -0.00308792 0.00426822 0.0306106 -0.0172894 -0.0138052 0.0125494 0.00272031 -0.015327 0.018492 -0.0355809 0.010065 -0.00322701 0.00118495 0.00912484 0.0138501 -0.0184633 0.026435 -0.00981416 -0.00467149 -0.0179614 0.00934271 -0.00194581 -0.000142518 0.0259557 0.0086464 0.00343393 0.0105592 0.0157325 0.0276879 0.0150382 0.00209393 -0.0365352 -0.00468833 0.0195419 -0.0112673 -0.000798059 0.0141525 0.0178351 -0.00154092 0.00843743 0.0119462 -0.0245416 0.00124346
internal_weight=8366.73 4990.52 2978.12 2680.33 3376.21 2012.4 2466.35 1872.93 2826.4 2402.77 1330.46 2039.13 1668.3 1090.6 308.062 427.215 213.978 370.831 1273.89 1070.85 634.757 549.808 782.534 436.092 1331.92 1038.78 752.029 54.1662 542.47 1197.4 281.331 1003.6 183.781 139.467 235.106 128.245 398.602 649.646 697.863 207.959 143.62 196.3 423.632 554.553 439.515 328.172 294.641 297.79 161.001 116.398 239.869 340.126 72.4256 267.701 158.389 916.068 742.207 173.86 138.599 353.957 271.516 157.647
internal_count=38734 24318 13835 12588 14416 10483 11665 9865 12058 10288 6650 9353 7675 5274 1490 2312 923 1678 5747 4745 2811 2358 3784 1934 5543 4558 3619 250 3215 4988 1177 4410 761 618 1189 615 1761 2916 3369 890 619 891 1770 2439 1963 1435 1291 1247 675 555 1376 1481 302 1179 720 3811 3078 733 583 1494 1441 675
is_linear=0
shrinkage=0.05


Tree=21
num_leaves=63
num_cat=0
split_feature=52 88 51 47 78 52 52 32 45 69 46 52 51 52 45 43 78 32 8 44 33 32 49 45 51 37 44 29 37 32 78 16 30 77 1 23 97 44 77 18 38 77 53 44 18 47 78 23 5 30 8 41 51 21 29 25 53 7 61 59 94 32
split_gain=405.259 126 88.7147 79.4691 97.66 66.1852 62.8124 47.6321 45.9647 40.3313 38.3101 38.1118 35.8467 34.7059 32.96 29.7902 29.7215 29.4218 27.9921 27.8093 25.6068 25.4182 24.8797 55.4085 24.5553 24.1367 24.0878 23.9472 25.815 22.8513 22.188 26.5696 21.9208 21.8809 21.4558 21.2294 21.1895 25.0819 24.4092 21.2014 20.9003 23.0526 20.697 20.3571 29.9948 25.7798 22.7257 19.9422 23.3045 19.598 19.5528 19.5266 21.58 19.4148 22.782 23.1365 24.5586 19.3758 25.1002 20.8326 18.7642 23.5084
threshold=731.25000000000011 1.5000000000000002 0.78409535206406755 -1.2953381398702126 2.2674003502236713 444.90000000000003 1099.9000000000003 0.70022026431718076 -1.7932553926166834 8.5000000000000018 0.57384169884183711 1359.7750000000003 0.35402998592511431 1425.95 -0.4561721002439299 3.5000000000000004 -1.8815429876515086 0.75043859649122824 0.052357456140350887 -1.02356146001082 414.00000000000006 0.9093073593073594 -0.81640361742058898 -0.61657586972615375 -0.49468747287631815 3.5000000000000004 -1.3294068789140614 0.36073254488897105 1.5000000000000002 0.93187767729652549 -2.7318899018233096 0.93349458650080641 1.8984989476016396 2.4383999678600987 11.419642857142859 0.80449160942648146 28.268907950562632 0.84042906363002912 2.1256388008672249 0.40936473165388837 -0.51499892988072193 2.3988389259773695 0.67061960134199483 0.51042224081699039 0.26500600240096045 -0.68039487758497386 -0.22963114325319581 1.6120677102293415 0.71068484464172488 0.87544147325933408 0.1213537241574625 0.77200548407899461 -0.64991414313562601 0.10367218987908645 0.55095175719740264 0.14115275142314992 0.93313905787053952 0.068337484433374854 3.2962962962962972 14.500000000000002 12.500000000000002 0.49857142857142861
decision_type=2 2 2 2 2 2 2 2 2 2 2 2 2 2 2 2 2 2 2 2 2 2 2 2 2 2 2 2 2 2 2 2 2 2 2 2 2 2 2 2 2 2 2 2 2 2 2 2 2 2 2 2 2 2 2 2 2 2 2 2 2 2
left_child=5 2 3 6 7 20 33 11 -3 -10 29 24 13 26 -4 21 -12 40 36 34 -1 32 23 -19 -5 -22 -6 28 -25 43 -8 -32 53 -2 -20 -35 37 38 39 -9 41 -17 -41 45 46 -11 -45 48 -21 -26 -37 -29 -53 -7 55 -55 -57 58 -50 -59 61 -51
right_child=1 8 14 4 12 15 30 18 9 10 16 -13 -14 -15 -16 17 -18 22 19 47 25 -23 -24 27 49 -27 -28 51 -30 -31 31 -33 -34 35 -36 50 -38 -39 -40 42 -42 -43 -44 44 -46 -47 -48 -49 57 60 -52 52 -54 54 -56 56 -58 59 -60 -61 -62 -63
leaf_value=0.062430559276653044 -0.016524211966377707 -0.019583446227345511 -0.014662745367262964 0.017962688841226135 0.025078668203234719 0.032786351608648297 -0.046331236952827301 -0.021913030289555047 -0.011299274493738224 -0.0045407498018532255 0.055759639492418703 -0.023188526384089185 0.019591436672551504 -0.048386649745752172 0.04360383617372858 -0.023912507473418665 -0.014494982661124083 0.061037236682733677 0.014648311948813629 -0.010778156965116088 0.029731998582390895 -0.047720966249563596 0.032017648765865325 0.00032372116682237494 0.035003963601008083 -0.018226148928116467 -0.024166778190215177 -0.042076360328493601 0.055470792528249248 0.055083188258161331 -0.040894282236389176 -0.0097001509202577479 0.01621348643210007 0.054709053279042609 0.063047022426764757 -0.027561974008871129 0.030509168068981116 0.019966884583171432 -0.024340172130021705 -0.017106569016704432 0.012190924165573463 0.028164004281093193 0.040564439070895172 -0.026998989789900247 0.046368455484461127 0.019106185815662171 0.038120698738404256 0.023097391457920752 0.053081360881354726 0.029136478133478597 0.026332763237241843 0.035377217983877267 -0.01669468481549578 0.039573947159883945 -0.044542426149203646 -0.036970486297394745 0.015875225440938931 -0.038382127282016558 0.010016627021724069 0.0051904353389168219 -0.013631044703852763 -0.012454737268409011
leaf_weight=57.729364827275276 235.01259930431843 147.95361641049385 31.99208115041256 101.34442330896854 25.940657109022141 24.164753749966621 275.28777053952217 48.973856985569 184.55645520985126 161.77596786618233 16.611715584993362 444.28173922002316 41.925772473216057 159.59838111698627 98.471689939498901 83.241231337189674 150.2854942381382 47.061118617653847 63.045382708311081 259.06392319500446 532.97389581799507 26.605698302388191 361.04180853068829 57.026367291808128 25.171612560749054 27.398200988769531 503.97571049630642 38.897207528352737 33.874513909220695 41.449568331241608 144.92027971148491 130.08420094847679 163.95374780893326 22.257779687643051 36.280544564127922 34.748228698968887 33.416265577077866 57.299858957529068 251.36605226993561 23.320150524377823 977.0308381319046 28.361045241355896 45.7974763661623 30.675336956977844 116.11230358481407 397.80834400653839 23.617679119110107 118.46267473697662 41.628787204623222 63.593341797590256 32.426972180604935 29.394820585846901 61.036082953214645 24.740353628993034 46.718717008829117 52.548345372080803 37.513627216219902 35.735248520970345 182.03896301984787 116.42592580616474 587.76945632696152 72.545073062181473
leaf_count=306 1143 843 152 437 129 99 1873 224 909 773 70 2214 175 985 423 344 743 191 266 1157 2263 110 1480 233 116 113 2684 158 138 180 820 679 676 101 153 161 143 241 1140 100 4009 118 196 148 523 1761 100 504 183 298 150 120 251 104 194 220 154 163 812 523 2722 336
internal_value=0.000412207 -0.00725233 -0.0113038 -0.0125621 -0.00904475 0.0162868 -0.0259799 -0.00451308 0.0065928 0.0100477 0.0142524 -0.0113183 -0.0251903 -0.027923 0.0292772 0.0120367 -0.00744321 0.014829 0.00219459 0.00756075 0.0306672 -0.000692673 0.0234497 0.0118501 -0.00510912 0.0273754 -0.0217424 0.00129362 0.0209678 0.018953 -0.0362693 -0.0261657 0.00288425 -0.00850678 0.0324227 0.0125006 -0.00773728 -0.0107502 -0.0155319 0.00317967 0.00984705 -0.0106204 0.0210375 0.0168874 0.0320331 0.0122613 0.00125442 0.00427232 0.000748854 -0.00823921 -0.00147099 -0.0125016 0.000196585 -0.00886045 -0.0151385 -0.00310071 -0.0149099 0.00870863 0.0180743 -0.00502829 -0.00975438 0.00694389
internal_weight=8326.36 5615.05 4344.2 4213.74 3339 2711.31 874.738 2607.56 1270.85 1122.89 938.336 1294.71 731.441 689.515 130.464 2093.21 166.897 1716.97 1312.86 852.681 618.101 376.245 628.332 267.29 850.424 560.372 529.916 220.229 90.9009 771.439 550.292 275.004 349.64 324.446 99.3259 89.433 460.174 426.757 369.458 118.091 1088.63 111.602 69.1176 729.99 170.405 559.584 54.293 753.356 634.893 749.079 67.1752 129.328 90.4309 185.686 161.521 114.802 90.062 375.829 223.668 152.161 723.908 136.138
internal_count=38734 27453 21403 20828 15901 11281 4927 11928 6050 5207 4298 6123 3973 3798 575 8599 813 7042 5805 3761 2682 1557 2571 1091 3909 2376 2813 900 371 3485 3372 1499 1447 1555 419 412 2044 1901 1660 520 4471 462 296 3305 771 2534 248 3342 2838 3472 311 529 371 771 672 478 374 1681 995 686 3356 634
is_linear=0
shrinkage=0.05


Tree=22
num_leaves=63
num_cat=0
split_feature=22 26 48 88 47 48 48 22 97 32 31 44 54 19 45 45 45 1 96 1 59 32 88 89 38 48 78 26 68 24 44 40 21 44 43 20 47 34 18 59 48 22 54 35 1 38 41 57 97 59 18 45 78 94 49 35 77 18 1 94 19 45
split_gain=263.825 153.327 94.9264 81.6323 66.7514 53.3656 57.5303 52.7729 51.8721 46.8803 44.4622 40.2504 38.173 36.3317 40.4581 35.7309 33.8685 33.7053 32.4838 32.6131 31.8379 31.4425 30.7933 28.1664 28.1514 26.734 27.651 26.4839 25.569 24.8178 24.8064 24.1642 24.0696 23.8817 23.2969 22.3983 22.3819 22.1338 22.1293 22.1209 21.1034 20.7242 20.6188 20.3847 20.0172 26.4766 20.0108 30.46 19.2668 18.8406 18.8247 30.0641 18.8204 18.74 18.7337 19.9362 23.6195 29.726 18.5133 27.4032 18.3384 18.2389
threshold=649.50000000000011 0.62729597767960954 -0.73105507955932614 1.5000000000000002 1.5291875229933605 -1.1397774953543556 1.1307665770610138 306.50000000000006 3.4046073576229223 0.69702499447025013 0.96201568689173955 0.52163291650441668 1.6079173632484751 0.47196016771488475 0.84986081164532168 1.7024848358197124 -0.38738110646979318 8.9017857142857171 23.764846587908981 4.1339285714285721 49.500000000000007 0.65232809127351232 1.5000000000000002 1.0000000180025095e-35 0.36940301131528802 0.18931171055443444 -1.0657750929589473 0.59944230043368085 1.0000000180025095e-35 0.18421052631578949 -1.2950993113085671 2.1688207677437177 0.78918128654970776 -1.2304577206917355 6.5000000000000009 0.21294035577258461 -2.6793437702095164 1.1744224463777126 0.60903532608695665 22.500000000000004 -0.25239436619727634 443.50000000000006 0.72332259032119517 1.3935918384447799 5.6517857142857153 0.7926865920854903 1.0959842295655002 0.2565030066809742 28.268907950562632 39.500000000000007 0.45416348357524833 0.24969467431271777 0.047064393939346784 24.500000000000004 1.7865820052517638 1.4630889085807122 2.0937715094946969 0.61416040100250646 8.133928571428573 31.500000000000004 0.47849213691026832 2.31567554215497
decision_type=2 2 2 2 2 2 2 2 2 2 2 2 2 2 2 2 2 2 2 2 2 2 2 2 2 2 2 2 2 2 2 2 2 2 2 2 2 2 2 2 2 2 2 2 2 2 2 2 2 2 2 2 2 2 2 2 2 2 2 2 2 2
left_child=7 2 8 4 9 36 11 -1 -2 18 22 23 13 27 58 28 54 34 19 -4 21 -12 25 33 -13 26 29 49 -5 -9 -21 -20 -32 38 43 -17 -3 39 -7 -8 -14 -23 -27 -6 -39 -46 47 60 -35 50 -11 -52 -26 -54 55 -10 -57 -58 59 -15 -18 -44
right_child=1 5 3 15 17 6 37 10 16 12 20 24 40 14 -16 35 46 -19 31 30 -22 41 -24 -25 52 42 -28 -29 -30 -31 32 -33 -34 48 -36 -37 -38 44 -40 -41 -42 -43 61 -45 45 -47 -48 -49 -50 -51 51 -53 53 -55 -56 56 57 -59 -60 -61 -62 -63
leaf_value=0.041079655251334168 -0.038349616955070359 -0.052354449723776092 0.045044567024677983 -0.019736505465612904 -0.042187646719065011 -0.001545062528774207 0.00031528672602653633 -0.036210526451866128 -0.030860494469710516 0.01498366706619917 0.054696978338262175 0.045739930271064003 0.076371511967109118 0.039778272856689278 0.031443498248933825 0.0070022434808041517 -0.029099142773280479 -0.036707988975077162 0.028460966629588427 0.013746319890704663 0.0015344979524980825 0.0399795478089984 0.022731731599581265 0.022177230774113425 -0.0063821409794978384 0.024259777079479919 0.0211567634702617 -0.038725764095647666 0.014792487535487016 0.0071060787296097997 -0.017350424963075976 -0.026111031407748349 0.030822669118090774 -0.00017944904243281918 0.034346477478606446 -0.037908308140293806 -0.0077214252945625519 0.035943001547687169 0.058800888481281503 -0.053292433082366836 0.018445411550647738 0.017053260058453753 -0.019180612137695854 -0.010081489799542792 -0.028372570412964634 0.029975909683657126 -0.026293945995075781 0.068257980363188364 0.023025806445643966 0.0019081998098687627 0.079332444553798731 0.0099746465436168011 -0.0012768939537487164 0.05444614161667799 -0.065262237234119697 -0.034020199346565881 -0.0065912354469152617 0.058583254171287014 -0.021465389210403796 -0.019922891347774075 0.023444109295056463 0.02251317996669075
leaf_weight=202.4981936365366 359.84961266815662 44.208499372005463 23.243728190660477 58.037201166152954 63.006266295909882 25.060113027691841 29.600130900740623 47.453111812472343 180.06443379819393 125.83359292149544 94.167309701442719 148.82250620424747 24.665898695588112 33.905446827411652 52.394465610384941 49.156136378645897 26.669333562254906 289.7351351827383 81.912219345569611 72.725907951593399 138.92151983082294 135.02634386718273 224.91328805685043 332.3979679197073 60.807676568627357 39.013229861855507 230.8927016556263 23.527400657534599 674.76812571287155 108.11979757249355 1168.5268899351358 26.775467067956924 26.356846123933792 707.31065908074379 23.766257002949715 63.135561794042587 77.749501913785934 28.24258428812027 37.850605249404907 53.93172998726368 44.208474308252335 371.80074958503246 237.57985502481461 232.32669815421104 68.765564605593681 26.930470213294029 30.408194229006767 24.388597875833511 102.23191332817078 137.41641275584698 35.154772937297821 28.444554448127747 24.608098685741425 38.190560415387154 22.230861410498619 68.384839490056038 162.07945258915424 19.509569928050041 282.76871590316296 44.025658071041107 43.556302174925804 29.29302005469799
leaf_count=941 2290 276 98 282 339 105 155 222 1011 554 393 645 103 143 226 250 128 1682 376 317 581 572 936 1429 272 161 952 101 2971 450 5584 125 118 3096 112 343 399 120 158 280 200 1542 1016 1118 346 129 140 105 428 610 148 130 104 163 119 366 837 110 1315 187 195 130
internal_value=0.000390332 -0.00440634 -0.0092337 -0.00561883 -0.00967813 0.00794284 0.0102573 0.0169764 -0.0234437 -0.00567153 0.0140258 0.0137216 0.00372027 0.000495338 -0.00954202 0.00801979 -0.0141386 -0.0243541 -0.0112605 -0.0134731 0.0231466 0.0281329 0.00666132 0.0097895 0.0310837 0.00143103 0.0101772 0.012343 0.0120487 -0.00608908 -0.0145535 0.0149594 -0.0162811 0.00506214 -0.0131134 -0.0182153 -0.023971 -0.0143808 0.0347188 -0.0342587 0.0393436 0.0231777 -0.00960252 -0.0169599 -0.000926426 -0.011886 0.00886236 0.0202299 0.0027473 0.0160451 0.0262673 0.0484553 0.0133744 0.0325639 -0.0205084 -0.0181686 -0.0089975 0.000411855 -0.0155164 0.00600488 0.00340585 -0.0145787
internal_weight=8289.35 6429.67 4622.96 3685.82 2840.72 1806.71 1684.75 1859.68 937.141 2231.89 1657.18 1477.28 832.345 763.471 413.094 845.097 577.292 608.834 1399.54 1290.85 739.916 600.994 917.265 1204.85 272.429 692.352 386.466 350.377 732.805 155.573 1267.61 108.688 1194.88 872.453 319.099 112.292 121.958 207.47 62.9107 83.5319 68.8744 506.827 305.886 295.333 123.939 95.696 125.022 94.6142 809.543 326.849 189.433 63.5993 123.606 62.7987 452.269 430.038 249.974 181.589 360.7 77.9311 70.2256 266.873
internal_count=38734 30838 22733 17432 13586 8105 7430 7896 5301 10335 6955 6400 3717 3414 1871 3846 3011 3251 6618 6117 3088 2507 3867 5216 1184 2931 1624 1543 3253 672 6019 501 5702 3787 1569 593 675 1030 263 435 303 2114 1307 1457 595 475 568 428 3524 1442 832 278 539 267 2443 2324 1313 947 1645 330 323 1146
is_linear=0
shrinkage=0.05


Tree=23
num_leaves=63
num_cat=0
split_feature=33 34 33 26 48 88 15 47 44 48 88 89 9 45 78 1 39 44 29 45 46 78 14 32 88 48 38 32 68 61 45 60 60 77 33 66 3 59 30 33 32 8 49 32 46 49 61 75 69 33 46 23 41 66 44 29 77 38 47 20 78 26
split_gain=245.863 146.692 71.616 68.55 55.5479 52.285 51.1284 45.6633 44.8878 44.2924 40.7288 39.0152 38.1332 36.1009 35.7374 35.8518 34.363 30.3601 29.9558 29.8519 33.3255 30.4786 30.078 40.2694 28.8674 27.6035 25.218 24.7415 24.2504 24.0217 23.794 22.9378 22.633 22.469 22.3486 22.2836 21.9648 21.895 21.7473 21.4402 22.5969 21.0072 20.8583 27.2995 20.7185 25.8183 20.3165 20.2865 22.0324 27.1136 20.054 19.8538 19.342 19.2478 23.8862 18.9321 18.9011 18.8209 18.7065 20.7092 21.7166 23.2677
threshold=1777.5000000000002 1.1015031115000067 704.00000000000011 0.54775167428510696 -1.3233696258915477 1.5000000000000002 0.44736842105263158 0.67992334232041707 1.0593557812539447 -0.57735324413786304 1.0000000180025095e-35 1.0000000180025095e-35 1173.5000000000002 -1.7932553926166834 -0.69654720845884588 6.6339285714285721 0.90874392782789737 -0.47270833333333123 0.64354743462087227 1.771553600538543 -0.24460462962961319 -0.16454469897680321 0.33665750169046582 0.74563938748605629 1.0000000180025095e-35 1.1307665770610138 0.83948229338300273 0.6567895815042436 1.0000000180025095e-35 25.075561876566148 1.7024848358197124 120.50000000000001 350.50000000000006 2.9509250178522071 1974.5000000000002 8.9017857142857171 2.0770372061173252 10.500000000000002 1.4770281819211484 414.00000000000006 0.54030127793246241 0.10544848035581914 -1.4156359871643061 0.77066256830601099 -0.39671631138817581 1.5851349109625874 7.564667952350967 41.500000000000007 10.500000000000002 1077.5000000000002 0.60130344814962255 0.85303590366533888 0.75222376670660351 6.1517857142857153 0.96935912716602812 0.57502588434791835 2.8543407461721562 1.1378701108809555 0.031699942903452925 0.21294035577258461 -0.18604164798717696 -0.064739970917799997
decision_type=2 2 2 2 2 2 2 2 2 2 2 2 2 2 2 2 2 2 2 2 2 2 2 2 2 2 2 2 2 2 2 2 2 2 2 2 2 2 2 2 2 2 2 2 2 2 2 2 2 2 2 2 2 2 2 2 2 2 2 2 2 2
left_child=2 4 38 10 -2 19 7 14 9 12 44 25 -5 -12 15 -4 46 -17 30 20 21 -6 34 29 36 33 -27 -26 -15 -24 57 35 -33 -11 -22 -16 53 -23 39 -1 41 -41 -25 -44 -3 -46 -8 48 -9 -50 58 -19 -45 -18 -55 -14 -13 -7 -30 -60 -61 -62
right_child=1 3 6 8 5 18 16 47 -10 11 13 56 55 28 31 17 24 51 -20 -21 22 37 23 42 27 26 -28 -29 50 -31 -32 32 -34 -35 -36 -37 -38 -39 -40 40 -42 -43 43 52 45 -47 -48 -49 49 -51 -52 -53 -54 54 -56 -57 -58 -59 59 60 61 -63
leaf_value=0.061818716199727453 -0.045385356405261229 -0.026909976082698246 0.025743904587266105 0.013771852166460187 -0.037307481716990235 0.0053726714270960953 0.019479437003925681 -0.016401787415729029 0.045300795875180745 0.013169080148844351 -0.030029927651734324 0.038339628977453605 0.0033123032238740802 -0.019780400497413864 -0.032433627478664372 0.038750946278523789 0.013787529493265734 -0.047398265183163868 0.046911725871028868 -0.039841608520167514 0.0081610548293241259 0.035093989757655673 -0.018817075413730261 -0.032697295523420919 0.011126172620339783 -0.035222785843357717 0.02565294888903772 0.02911477227742423 0.0042609346012214061 0.028612177933515327 -0.03431957772637035 0.027067751098774941 -0.019764656608395634 -0.018172759515384225 -0.042916188291228813 0.028866370976227674 0.048767967872563184 -0.017814075370091064 0.050925106297054858 -0.040205817315863666 0.037092145702286132 0.016716260610039578 0.067563717515993257 -0.017415656473651658 -0.011728288203826698 0.026019442097896542 0.074454004815687397 -0.054505264965554946 0.037954183903036391 -0.0062024592806940596 -0.012397984694990608 -0.010402825417653963 0.019333909111378111 -0.0040390240805256395 0.0348324889523677 -0.038203852276146394 0.0079884022546059287 -0.03143962792434897 0.041524109773247345 0.038830192899310237 -0.039045248738078527 0.013465569195069938
leaf_weight=28.116874724626541 162.23863011598587 214.06250607967377 84.021283984184265 86.387499913573265 290.20798344910145 313.03381177783012 31.907129541039467 307.49466435611248 81.134452238678932 504.85693572461605 78.597054943442345 167.46735224127769 36.12296225130558 82.963607355952263 39.1811563372612 27.016394481062889 396.70737245678902 44.004562452435493 31.735714793205261 161.75171576440334 26.665111780166626 23.663034662604332 387.53321114182472 24.645970091223717 392.1973412334919 68.18227256834507 22.480463683605194 375.51537908613682 303.06396770477295 28.503553435206413 54.029096454381943 330.48417453467846 27.785723119974136 64.274170979857445 104.97984249889851 23.654721394181252 30.225783810019493 109.43693870306015 123.26323875784874 26.92985737323761 55.002468824386597 40.277075052261353 22.62503756582737 48.952701032161713 661.80679562687874 48.459372937679291 36.369860231876373 24.989157825708389 47.635613784193993 127.45796054601669 93.861096918582916 208.56448337435722 131.61366182565689 478.25735591351986 42.973366796970367 111.441634953022 74.670646235346794 38.939519286155701 92.586653918027878 48.970528766512871 29.471882179379463 73.43242746591568
leaf_count=156 1095 1179 351 391 1724 1508 133 1394 362 2168 449 728 192 412 172 115 1652 213 148 1006 127 110 2006 112 1639 351 108 1560 1391 137 312 1375 119 273 544 102 128 521 583 112 238 170 104 236 3156 214 152 115 198 574 468 965 600 2023 177 579 323 193 413 205 142 331
internal_value=0.000369426 -0.00676127 0.010811 0.00029316 -0.0173574 -0.0148236 0.00862807 0.00104993 0.00938334 0.00680965 -0.00610895 0.0118409 -0.0125624 0.00212341 0.00861214 -0.00285885 0.0141139 -0.0114786 0.000195866 -0.0196592 -0.0169288 -0.0282187 -0.0107571 -0.00629248 0.0127239 0.00552987 -0.0200615 0.0199342 0.00562284 -0.0155495 -0.00345408 0.0185271 0.0234172 0.00961817 -0.032534 -0.00926845 0.00687907 -0.00835105 0.0353272 0.0224788 0.0133437 -0.00604401 0.0105885 0.0158769 -0.0132651 -0.00914253 0.0489025 -0.0106308 -0.0083377 0.00579698 0.00891912 -0.0168845 0.00933907 0.00548915 -0.000818567 -0.0280117 0.0290077 0.00127808 0.0125842 0.0228763 0.0114554 -0.00154834
internal_weight=8254.88 4904.85 3350.03 2944.29 1960.56 1798.32 3076.44 1292.29 1217.02 1135.88 1727.28 901.932 233.952 802.947 784.712 363.607 1784.15 279.585 437.738 1360.58 1198.83 423.308 775.519 643.874 1715.88 659.794 90.6627 767.713 724.35 416.037 406.002 421.106 358.27 569.131 131.645 62.8359 948.164 133.1 273.59 150.326 122.209 67.2069 227.837 203.191 924.329 710.266 68.277 507.577 482.588 175.094 641.387 252.569 180.566 917.938 521.231 147.565 242.138 351.973 547.525 244.461 151.875 102.904
internal_count=38734 24318 14416 13835 10483 9388 13157 5693 5475 5113 8360 3951 1162 3811 3412 1644 7464 1293 2161 7227 6221 2355 3866 3195 7179 2900 459 3199 3362 2143 2013 1768 1494 2441 671 274 3980 631 1259 676 520 282 1052 940 4549 3370 285 2281 2166 772 2950 1178 836 3852 2200 771 1051 1701 2482 1091 678 473
is_linear=0
shrinkage=0.05


Tree=24
num_leaves=63
num_cat=0
split_feature=52 72 72 52 78 78 78 48 78 72 72 39 33 77 77 45 72 41 52 47 32 94 31 75 45 8 35 75 59 1 26 16 69 45 19 47 61 40 45 42 57 6 48 96 30 45 78 48 20 49 94 41 10 47 9 23 44 57 9 33 38 69
split_gain=316.016 99.706 111.51 87.7883 84.5836 79.3907 70.0079 54.6017 47.4718 46.558 41.4623 34.9469 33.9781 32.0218 29.9417 29.5912 27.6245 24.0426 23.2906 22.9592 29.208 22.0721 21.8715 26.4761 21.4947 21.3541 30.4479 23.442 22.2334 21.0823 20.9254 21.4739 20.7681 21.7131 21.1308 22.3494 27.11 20.318 20.2743 20.0612 23.982 20.9386 20.4279 20.3825 25.0796 19.6794 19.559 19.2658 38.4707 20.3215 21.5497 23.399 19.1509 19.1423 21.3783 18.8709 18.7776 18.7426 29.9179 18.6974 18.5389 17.8635
threshold=891.95000000000016 1.5292937757688145 -1.1636214605066948 560.25000000000011 0.39219049599187122 -2.7318899018233096 -1.3078355620181357 0.48281316226588006 -1.1742702793164326 -2.0864114987079594 1.949752672652068 0.9644969771252484 414.00000000000006 2.1444554724128064 3.1877001923636734 1.8767748183189508 0.94455081065943869 0.72710863630476175 1272.825 -1.3256182958639673 -1.0000000180025095e-35 12.500000000000002 0.66735822959889357 23.500000000000004 1.1672233948579935 0.10923295454545455 1.5003828483920369 13.500000000000002 48.500000000000007 3.1875000000000004 -0.030770568458476633 0.67885882233708339 12.500000000000002 0.42583029882674334 0.095695970695970703 -0.14290714466597412 16.785412353347141 1.7911647868340783 -2.0612334152336005 1.5000000000000002 -0.058282393229298561 0.85426779935275088 0.51436773752576082 28.725185285002024 1.8643182723370362 0.86705036855033979 -1.0418366653066318 0.80009324009318805 0.06104702750665484 1.5045897379184285 47.500000000000007 0.6178951716618325 0.66676237595880139 0.084927290997735425 682.50000000000011 1.3535373066424026 0.44025585297032827 -0.095984899325186612 776.50000000000011 704.00000000000011 -0.38225305446262164 13.500000000000002
decision_type=2 2 2 2 2 2 2 2 2 2 2 2 2 2 2 2 2 2 2 2 2 2 2 2 2 2 2 2 2 2 2 2 2 2 2 2 2 2 2 2 2 2 2 2 2 2 2 2 2 2 2 2 2 2 2 2 2 2 2 2 2 2
left_child=3 2 4 12 32 -4 -3 8 53 -5 11 17 -1 19 22 -6 18 57 21 -10 -21 -15 23 25 30 26 37 28 -27 -13 45 -32 33 34 -2 -36 -37 -14 -8 40 42 -42 -31 47 -45 -9 -34 49 -49 50 -41 -52 -53 54 -7 -12 -56 -11 -59 -24 -20 -40
right_child=1 6 5 9 15 7 38 24 13 10 55 29 14 16 -16 -17 -18 -19 60 20 -22 -23 59 -25 -26 27 -28 -29 -30 39 31 -33 46 -35 35 36 -38 -39 61 43 41 -43 -44 44 -46 -47 -48 48 -50 -51 51 52 -54 -55 56 -57 -58 58 -60 -61 -62 -63
leaf_value=0.059838070185423524 0.053388344595022244 -0.016010047130423633 -0.036898490388351655 0.030040314825301534 -0.0038882963916006038 0.022537400732588992 -0.02350458282297558 -0.040969045779406472 -0.023513301701132167 -0.022190603420132737 0.04782812929600775 0.044098454711855126 0.0050055193069017401 0.025338502457550212 -0.026407137784061969 -0.031321538355374157 0.0031656989928607105 0.060964846985153157 0.0044406063427455842 -0.048750324490017788 0.014500946386517275 -0.014719736308104423 0.043061434565764112 0.04600051518014845 -0.03499383185145722 0.036509101064150035 0.028893732389910966 -0.022212268095578129 -0.016955342834885451 -0.052372994346622216 0.034774283088642492 -0.012846208187465322 0.053292314634706323 -0.0042613298660458951 -0.016072675018655402 0.012568902214239706 0.069256061628299975 -0.049068547968220723 0.019786415731957809 0.0079346472999963467 0.013259944743176053 -0.024559025150762012 -0.013612847305260453 0.0018353447071528699 0.052685334689249554 0.0084846151814729487 0.013482627750342764 0.033256144977710372 -0.017531803331706862 -0.018651144061266122 -0.052083152546968971 0.040933335151182956 -0.0073523287599324061 0.007341391844783403 -0.034993425475276417 0.0045439931979228323 -0.014944928568342118 0.067534170117130837 -0.0052134158197671317 0.021678077011262679 -0.035911133890471313 0.047923810864564396
leaf_weight=54.008794814348221 40.71532416343689 171.09863437712193 434.85262325406075 176.57627259194851 296.08622185885906 23.506032273173332 22.407516270875931 106.17654946446419 52.942431882023811 25.793631479144096 74.242137774825096 27.550079375505447 26.011200860142708 44.678136199712753 34.644584834575653 147.46604239940643 248.70970946550369 38.395108699798584 33.613143920898438 19.040338218212128 381.57746811211109 147.50280439853668 117.75497063994408 41.146094545722008 327.58808843791485 93.332325965166092 29.36666564643383 32.931727901101112 24.35031221807003 46.092139631509781 28.090912669897079 146.79800464212894 66.557474598288536 140.48238024115562 47.047170385718346 105.59009101986885 26.393689200282097 51.156991735100746 289.53038665652275 1126.7907468825579 125.7940748333931 51.468919739127159 131.46370413899422 55.165568962693214 43.476418614387512 24.578972846269608 58.373877823352814 43.23976369202137 265.00960600376129 97.960398599505424 26.741010129451752 22.514478296041489 221.80597352981567 54.347150862216949 265.34230598807335 38.51908141374588 211.08309637010098 26.620059698820114 29.726415127515793 810.2866298109293 177.58293615281582 70.569556966423988
leaf_count=310 170 911 2973 732 1388 119 100 580 274 110 317 113 106 213 145 871 1133 161 167 101 1783 714 534 171 2021 386 121 134 100 198 137 737 277 599 196 439 110 210 1231 4704 553 228 585 234 182 144 246 185 1163 407 113 93 935 259 1516 162 1129 109 126 3374 898 297
internal_value=0.000349581 -0.00921704 -0.0122115 0.0103955 0.00274816 -0.017306 0.0105518 -0.0135871 -0.00881627 0.00522488 0.00348183 0.00208993 0.0209872 -0.00282353 0.0193146 -0.0130252 -0.00992277 0.028319 -0.0180039 0.007372 0.0114709 -0.00537268 0.0206124 0.00880441 -0.0260818 0.00281771 -0.0142824 0.0149479 0.025399 0.000703004 -0.0165054 -0.00515326 0.0171788 0.0110607 0.0208761 0.0134286 0.0239867 -0.0307941 0.0224472 0.000169276 -0.0107414 0.00224323 -0.0237266 0.00220699 0.0243288 -0.0316353 0.034757 0.000993371 -0.0103828 0.0033416 0.00488763 -0.00775849 -0.00286735 -0.0207586 -0.0238242 0.0331038 -0.0261263 0.0129429 0.0291253 0.024401 -0.0294662 0.0253262
internal_weight=8220.26 4210.33 3656.72 4009.94 928.712 2728.01 553.606 2293.16 1659.93 2694.95 2518.37 2405.61 1314.99 1105.65 1260.98 443.552 652.087 120.535 403.377 453.56 400.618 192.181 1226.34 298.295 633.233 257.149 106.535 150.614 117.683 2285.07 305.644 174.889 485.16 360.229 219.746 179.031 131.984 77.1682 382.507 2257.52 354.819 177.263 177.556 1902.7 98.642 130.756 124.931 1804.06 308.249 1495.81 1397.85 271.061 244.32 554.279 499.931 112.761 476.425 82.1401 56.3465 928.042 211.196 360.1
internal_count=38734 21733 19194 17001 4296 14898 2539 11925 8306 11410 10678 10199 5591 5283 5281 2259 3125 506 1992 2158 1884 927 5136 1228 3619 1057 437 620 486 9693 1598 874 2037 1514 915 745 549 316 1628 9580 1564 781 783 8016 416 724 523 7600 1348 6252 5845 1141 1028 3023 2764 479 2645 345 235 3908 1065 1528
is_linear=0
shrinkage=0.05


Tree=25
num_leaves=63
num_cat=0
split_feature=52 88 72 72 52 66 1 78 47 52 46 47 52 72 34 78 72 72 45 48 18 47 94 47 93 26 52 29 77 52 77 17 45 49 45 96 23 51 16 22 51 72 18 14 14 78 72 78 33 78 77 14 51 49 39 38 78 30 17 48 61 53
split_gain=328.912 103.854 64.2457 81.4808 60.4477 46.4254 45.8357 44.3138 39.5845 43.5005 38.3795 39.5554 36.1124 44.43 35.7412 34.6067 30.257 35.2572 56.422 27.4545 26.5171 29.1401 26.0191 25.408 29.2649 24.4594 23.8918 23.3118 22.444 22.5054 21.7393 30.7105 21.9648 21.4086 21.1236 21.0434 21.7162 20.5752 23.377 20.366 19.74 29.0598 18.3092 18.0828 18.7375 20.1184 17.5422 18.5451 20.0375 17.539 25.7558 17.335 23.4566 22.61 17.853 17.2809 17.2668 17.1332 16.8695 16.5246 16.5202 18.7506
threshold=696.80000000000007 1.0000000180025095e-35 -1.6273187313865394 1.5471853257431125 1250.3250000000003 4.3839285714285721 3.1875000000000004 -1.7850100877012516 -1.9607543103449536 811.85000000000014 -0.50417828239060469 1.3501614317396353 339.4500000000001 1.4939617966752035 1.6977302611608589 0.89392515866795075 0.9583572598041975 -0.59745910431749694 0.80014825181466043 0.6926902914656724 0.8512955103864196 -0.97330141523634739 53.500000000000007 -1.3475963510359705 13.500000000000002 -0.043037233037233023 688.30000000000007 0.36549298102216132 2.1414895761654176 916.35000000000002 2.1873192731597997 0.71353147350816648 -0.7762677063029505 0.10159079958402135 0.45529822307855355 12.476741968911918 1.3897253702704326 0.51348200550712408 1.0434029085976946 562.50000000000011 0.282722523552422 -0.7918495876254853 0.69604037267080754 0.53809361157765589 0.73582945177170644 0.11666666666677274 -1.9798287336382032 0.60518312045732514 1289.5000000000002 1.0000000180025095e-35 2.2342188786723969 0.28388513811698024 -0.24274849734387458 -0.61581546068057547 1.2165548407320061 0.31907916311405532 -1.1742702793164326 1.6395958771303196 0.46236330670292941 -0.28803396741677545 4.8561575929996996 2.1927443942677036
decision_type=2 2 2 2 2 2 2 2 2 2 2 2 2 2 2 2 2 2 2 2 2 2 2 2 2 2 2 2 2 2 2 2 2 2 2 2 2 2 2 2 2 2 2 2 2 2 2 2 2 2 2 2 2 2 2 2 2 2 2 2 2 2
left_child=6 4 15 5 14 -4 -1 -5 9 -7 -6 20 39 22 19 -3 17 18 51 23 21 -12 26 43 30 -16 46 -24 29 -19 31 32 33 -25 49 36 -27 38 -9 -8 41 -23 56 -2 45 -45 47 48 -14 -18 -51 -10 53 54 -53 -43 -42 -28 -17 -39 -32 -62
right_child=1 2 3 7 10 8 12 37 16 -11 11 -13 13 -15 25 58 34 28 -20 -21 -22 40 27 24 -26 35 57 -29 -30 -31 60 -33 -34 -35 -36 -37 -38 59 -40 -41 42 55 -44 44 -46 -47 -48 -49 -50 50 -52 52 -54 -55 -56 -57 -58 -59 -60 -61 61 -63
leaf_value=0.043504194738932085 0.008770743988508533 0.030760368096887765 0.051517740321712094 -0.019049823008140444 -0.038635061182468622 0.050947460850840537 0.041178278416405478 0.0276545091144649 -0.01552760885132602 -0.034335209258052064 -0.031382374303287108 -0.034562471311227971 0.066751641115455479 0.03459351318863909 -0.019331137425837711 -0.021131087520863928 -0.0064072480298543212 0.01379819043202081 -0.015467221014885025 -0.021163754609859482 0.02581247981807594 -0.0012168705082047995 -0.044646537888818449 0.07007853800993355 -0.020123242624851202 0.020111748957618053 0.013456345731172797 0.00025354511150973573 -0.023730330611367617 -0.014414893405740953 -0.022894418961339896 0.037439017586759035 -0.003631075583896852 0.0027258395691429961 0.039925012478617405 0.044017619605437257 -0.023848111402889002 0.054813502189632858 -0.010982781644619476 -0.0094645293938134673 -0.016225200573983366 -0.015358398452763836 -0.02450898419087863 -0.034858885067602777 0.021853781608311081 0.01710516225460729 0.0086649868593252997 -0.0017253090609191065 0.021397677114294692 0.043259246668367127 -0.0024621958467470344 0.048075543327694453 -0.0099678892746205578 0.062608645694814974 0.011054386095959221 -0.048181322973980999 0.023748700859140607 0.067502132712726953 0.016981954239378164 0.011245609686254293 0.00379782704727073 -0.035638808133494938
leaf_weight=136.93022890388966 46.289873167872429 247.10406598448753 33.731637939810753 63.231961295008659 254.84675625711679 16.047232195734978 161.13454788923264 139.52309669554234 39.714151605963707 197.0460766851902 173.64407353103161 239.39419269561768 38.214190185070038 193.99579794704914 54.243325382471085 58.796915709972382 185.80885285139084 98.896605923771858 285.751439422369 404.28553175926208 45.273890927433968 186.09467868506908 35.011435821652412 21.773958519101143 188.55864082276821 102.41777196526527 27.659289047122002 162.40098524093628 401.14815314114094 246.15272404253483 105.85772043466568 83.513647451996803 227.77399408817291 25.983363181352615 45.06731903553009 57.384083107113838 38.525961264967918 85.223218023777008 54.121291995048523 22.424555346369743 35.758869469165802 90.050774782896042 39.698519229888916 188.68444135040045 19.025843098759651 20.47002100944519 1472.3716473430395 40.995379745960236 68.667014166712761 55.237640410661697 69.013314321637154 42.520111277699471 53.263748094439507 36.982467949390411 141.06951858103275 73.31819312274456 108.21741063892841 31.931492239236832 57.097917035222054 29.713406696915627 296.89004646241665 33.443641975522041
leaf_count=622 231 1023 151 348 1622 68 787 593 176 1319 1031 1434 160 825 259 287 913 433 1498 2075 204 830 147 94 859 451 116 670 2016 1317 473 360 1021 129 187 252 166 364 228 99 184 482 176 1020 93 89 6052 167 285 235 297 186 247 160 612 409 472 131 271 127 1324 150
internal_value=-0.000210017 -0.00660326 0.000631486 -0.00242825 -0.0127429 -0.00652531 0.015408 0.0190135 -0.00755364 -0.0278686 -0.0213151 -0.0168546 0.0136977 0.0118091 -0.00716095 0.0201897 -0.00500369 -0.00843174 0.000591825 -0.00982483 -0.0112073 -0.0135891 0.00945021 -0.00617622 -0.00241675 0.0103512 0.0114693 -0.00770282 -0.0156847 -0.00631244 0.00177736 0.0108925 0.00281741 0.0336206 0.00796909 0.0185003 0.0080518 0.026833 0.0168299 0.0349625 -0.00777958 -0.0147571 0.00546952 -0.0196275 -0.0254117 -0.0297435 0.01032 0.0267481 0.0377075 0.00329678 0.0178422 0.0152433 0.0197283 0.0269233 0.0196774 -0.03014 0.0137815 0.0425649 -0.00231237 0.0436134 -0.00571494 -0.000189262
internal_weight=8235.42 5843.68 2682.26 2319.26 3161.42 1947.45 2391.74 371.813 1913.72 213.093 1246.3 991.451 2254.81 2071.25 1915.12 362.999 1700.63 1345.5 599.301 1662.55 752.056 706.783 1877.25 1258.27 983.795 252.571 1679.84 197.412 746.197 345.049 795.236 359.045 275.531 47.7573 355.127 198.328 140.944 308.581 193.644 183.559 533.138 349.464 183.675 274.47 228.18 209.154 1620.25 147.877 106.881 310.06 124.251 313.55 273.836 220.572 183.59 163.369 143.976 59.5908 115.895 114.937 436.191 330.334
internal_count=39007 28946 13056 11475 15890 9815 10061 1660 9664 1387 6844 5222 9439 8553 9046 1581 8277 6645 2879 7918 3788 3584 7728 5843 4410 1128 6911 817 3766 1750 3551 1604 1244 223 1632 869 617 1312 821 886 2553 1721 832 1433 1202 1109 6664 612 445 1445 532 1381 1205 958 798 891 656 247 558 491 1947 1474
is_linear=0
shrinkage=0.05


Tree=26
num_leaves=63
num_cat=0
split_feature=52 88 52 48 26 44 1 46 47 68 22 52 48 62 97 97 66 31 38 44 44 47 77 89 96 1 25 96 22 38 52 94 66 44 48 77 18 94 22 1 1 48 32 47 62 1 17 97 46 46 51 25 54 19 1 10 9 46 57 1 10 50
split_gain=298.196 94.5961 55.9066 45.6635 45.0985 47.4963 42.3894 36.2924 35.3039 34.0736 34.0586 33.5818 31.8059 39.8296 32.0516 31.5504 27.4659 26.8293 26.4767 25.9939 31.6253 25.1531 24.7212 23.5058 21.0877 22.9613 21.8654 20.8772 20.5372 20.2452 26.976 20.5189 20.4508 20.4447 20.2335 20.0052 19.3454 18.9722 18.8959 18.315 18.3005 18.5293 19.1646 23.1801 18.1218 18.0149 17.8752 17.5788 17.4013 17.2101 17.1447 19.8638 17.0057 16.5933 16.5492 21.286 18.5878 16.0613 15.8286 26.4499 19.2565 15.8001
threshold=696.80000000000007 1.0000000180025095e-35 1250.3250000000003 -1.1397774953543556 0.052780442738869351 0.68541070516096625 3.1875000000000004 -0.55079950886297124 1.3501614317396353 1.0000000180025095e-35 3141.0000000000005 339.4500000000001 1.310838509664473 3.3044581770028696 3.3262551872534458 3.7927354128635962 7.6517857142857153 1.0292541212503381 0.59873110729981793 -1.1183480682213232 0.68541070516096625 -1.4072513871105172 2.037968230439263 1.0000000180025095e-35 18.481618497109832 7.9732142857142865 1.0938979370249731 9.0128275445981725 1400.5000000000002 0.20373145674507509 1341.5000000000002 9.5000000000000018 10.419642857142859 -0.94946195686249912 -0.9018711441471764 2.0014546541919436 0.80104166666666676 53.500000000000007 562.50000000000011 5.6517857142857153 4.0446428571428585 0.49316603443262547 0.69302588153552203 0.351886196220695 2.6035370481788314 7.3125000000000009 0.62249901146698317 7.0607205331895448 0.45255295511781651 0.35751506397953903 0.15389496809661299 0.27040083561822698 1.3883541894198357 0.66209453197405022 13.562500000000002 0.93561035889778854 2473.0000000000005 0.61794855978362839 -0.028733005132701741 13.723214285714286 0.90914846834816454 0.92082253325593655
decision_type=2 2 2 2 2 2 2 2 2 2 2 2 2 2 2 2 2 2 2 2 2 2 2 2 2 2 2 2 2 2 2 2 2 2 2 2 2 2 2 2 2 2 2 2 2 2 2 2 2 2 2 2 2 2 2 2 2 2 2 2 2 2
left_child=6 2 10 16 22 9 -1 -4 15 45 19 38 13 36 -15 34 -3 -17 -16 47 24 -22 35 37 40 -26 -27 28 -23 31 32 -24 -31 -33 -9 48 -11 -13 -8 -20 -21 44 -43 -44 -42 -6 58 -2 -5 -34 -35 -52 -18 -7 -19 -56 -57 -25 -41 60 -60 -37
right_child=1 3 7 4 5 53 11 8 -10 12 -12 23 -14 14 18 17 52 54 39 20 21 27 29 57 25 26 -28 -29 -30 30 -32 33 49 50 -36 61 -38 -39 -40 46 41 42 43 -45 -46 -47 -48 -49 -50 -51 51 -53 -54 -55 55 56 -58 -59 59 -61 -62 -63
leaf_value=0.041885668533479539 0.050300852836890245 0.020606697024499188 -0.038842531301179581 0.0072281082431804103 0.019150261557755944 0.01197803140915939 0.039797456337899377 -0.047758227661583469 -0.033453355574326542 -0.014700563274520332 0.031389121968137944 0.009562030631423496 -0.018216337410418348 0.054839946591934863 0.019365592377660921 -0.019057895209012285 -0.031917473623681601 -0.0076481322792092523 0.045129964012573728 0.026342842323839578 -0.019723850705083618 0.050021110242406942 0.030238010030829567 0.02176164043219259 0.018986799459320421 -0.016477238698627023 0.030763883844029297 0.0019117356054267145 -0.0056132226785175678 -0.019788312532096543 -0.039196889684892232 0.028135034621037655 0.024725206850918915 -0.022176089319640969 -0.0168470765903103 0.066245487734961084 0.034956231904893331 -0.0095644825250194559 -0.0089677104821271527 -0.02498230362366673 -0.043157944821914734 -0.035742601389623867 0.032681629573358885 -0.020299387604842491 -0.0096964229801084819 -0.031653446902812223 0.013849782496834502 0.0042856020390447556 -0.02617057035405795 -0.027879872836481547 0.040138293621615355 -0.023645068082727122 0.013349882375716913 0.042380705416386055 0.049290117297622414 -0.013361778363662173 0.024060770821504318 -0.0040869960703953708 -0.0088261733173735472 -0.039825304315430257 0.044822838363545475 0.0070650558552001821
leaf_weight=135.15981459617615 25.898247390985489 35.427062042057514 221.65453742444515 191.12677568942308 21.437908202409744 72.056585639715195 158.46138814091682 68.552224531769753 235.07926273345947 192.36332431435585 56.403557986021042 1274.6861467212439 112.58750507235527 46.416446849703789 500.10588708519936 169.34187832474709 186.09121937304735 129.07102485001087 21.871775418519974 24.936265483498573 73.075266391038895 58.054914936423302 43.498951852321625 583.85545837879181 97.189630076289177 186.95574503391981 28.029616743326187 131.68986654281616 22.965784281492233 168.79530976712704 115.48204755783081 34.584194049239159 59.002366527915001 144.96265888214111 237.21115940064192 22.51591744273901 21.695636123418808 143.99516113102436 22.487428605556488 101.11514274775982 43.200813941657543 211.46080395579338 23.271604046225548 173.75760759413242 645.76456773281097 90.016430139541626 110.79011055827141 104.61521176993847 48.885879844427109 20.933374047279358 27.495457842946053 21.705407023429871 23.127810671925545 121.75843603909016 37.515074342489243 61.866047188639641 71.128823012113571 66.602927103638649 30.753206811845303 25.252410724759102 36.163920879364014 22.970079958438873
leaf_count=622 111 193 1457 954 98 320 787 483 1434 941 254 5261 620 197 2232 911 1201 596 93 110 362 247 211 2419 446 930 126 576 102 793 618 161 281 720 1185 107 99 598 99 468 239 1118 101 863 2988 469 483 473 256 108 127 104 132 533 173 287 318 275 141 121 163 112
internal_value=-0.000203105 -0.00631509 -0.0122006 0.000599376 0.0026774 0.00801506 0.0146812 -0.0205072 -0.0164739 0.00459292 -0.00683415 0.0130431 0.00705447 0.00967911 0.0144229 -0.0113114 -0.0199822 -0.00314959 0.0121395 -0.00800331 -0.00963721 0.0055377 -0.00602671 0.0112319 -0.0126639 -0.00115144 -0.0102833 0.0142448 0.0342021 -0.0115125 -0.0192217 -0.00117751 -0.00991533 -0.00718398 -0.0238071 0.00618495 -0.00963035 0.00761664 0.0337079 0.00103442 -0.0158611 -0.0168269 -0.025275 -0.0140029 -0.0118078 -0.0218283 -0.00213468 0.0134864 0.000396561 0.010869 -0.0135119 0.0119074 -0.0268856 0.0311154 0.00582946 0.0160594 0.00661816 0.019107 -0.0113252 0.00361407 0.0201163 0.0365506
internal_weight=8194.93 5809.68 3138.69 2670.99 2426.34 1504.38 2385.25 1231.42 1009.77 1310.57 1907.27 2250.09 1199.12 1086.53 872.469 774.686 244.646 468.923 826.052 1850.87 1720.35 285.786 921.958 2069.14 1434.57 312.175 214.985 212.711 81.0207 636.46 364.213 272.247 248.731 228.748 305.763 285.499 214.059 1418.68 180.949 325.947 1122.39 1097.46 408.49 197.029 688.965 111.454 304.075 130.513 240.013 79.9357 194.164 49.2009 209.219 193.815 299.581 170.51 132.995 650.458 193.285 92.1695 66.9171 45.486
internal_count=39007 28946 15890 13056 11530 6978 10061 6844 5387 6125 9046 9439 5558 4938 3898 3953 1526 2285 3701 8792 8208 1287 4552 8553 6921 1502 1056 925 349 3123 1800 1323 1182 1112 1668 1429 1040 5859 886 1469 5419 5309 2082 964 3227 567 1376 584 1210 389 951 231 1333 853 1374 778 605 2694 893 425 304 219
is_linear=0
shrinkage=0.05


Tree=27
num_leaves=63
num_cat=0
split_feature=52 72 72 52 45 45 47 66 72 72 46 72 45 0 0 60 97 95 29 44 1 52 18 23 45 45 77 60 69 48 72 5 47 32 47 35 6 55 38 75 44 39 33 62 25 53 39 23 21 37 4 4 39 54 59 54 50 29 97 6 25 45
split_gain=271.695 88.4307 91.7372 72.048 65.0776 61.073 43.85 38.2447 38.6708 37.3005 37.2153 36.9885 58.0017 33.8419 31.991 28.5816 27.0542 27.0416 24.7268 24.0685 23.7231 23.7006 28.1839 23.4487 23.3439 23.5281 22.8152 27.6336 21.6924 21.222 32.1835 21.2004 20.9438 20.8216 27.7542 21.4562 24.1656 20.6355 26.3795 26.4083 19.9095 19.5398 19.1837 19.0002 19.7338 18.9864 18.9494 18.8629 18.8498 18.1122 18.0086 27.7682 20.4611 18.9355 23.942 23.6412 18.9344 28.3891 28.6197 25.7517 21.5647 17.9452
threshold=891.95000000000016 1.4777777777776488 -1.1636214605066948 444.90000000000003 1.771553600538543 -0.7194615908519949 -2.2563465730496888 4.3839285714285721 2.3844249429223514 -1.460441913390492 0.23297435897395066 0.86718532841865847 -0.22246059169931559 150.00000000000003 90.000000000000014 368.50000000000006 5.9792719783893675 384.50000000000006 0.41353569199679047 0.53927639103201674 6.4196428571428585 727.30000000000007 0.057417582417582429 0.7802258714831688 -0.70639684140972725 -0.28939240506337932 2.2102668061474726 303.50000000000006 11.500000000000002 0.92361406722221751 -0.62736130560127157 0.5300120048019209 0.95982758620692676 0.79963503649635048 -1.4256532972115628 2.36398136967397 0.97234964322120299 1.7573653923883679 0.38482886888545015 8.5000000000000018 -1.2304577206917355 2.4945383335899538 414.00000000000006 20.06608408505155 0.66425194288622913 0.79376510483644058 2.1847732791946957 1.2516733721024007 0.071625887924230483 3.5000000000000004 1.6147139334670682 1.4014925373134333 0.90874392782789737 1.4498390201559077 42.500000000000007 1.3774562645953445 0.91911455512378748 0.56104708663946978 12.930193261973118 0.776631130063966 0.055592347314201623 -0.7194615908519949
decision_type=2 2 2 2 2 2 2 2 2 2 2 2 2 2 2 2 2 2 2 2 2 2 2 2 2 2 2 2 2 2 2 2 2 2 2 2 2 2 2 2 2 2 2 2 2 2 2 2 2 2 2 2 2 2 2 2 2 2 2 2 2 2
left_child=3 2 4 42 14 13 -4 10 9 16 -5 20 -13 -3 40 19 -9 45 -12 21 23 41 -23 -8 -18 -26 28 37 -24 30 -22 -21 -27 35 -35 36 43 38 39 -28 -2 50 -1 44 47 -17 -31 -33 -40 61 51 52 -11 55 -55 56 57 58 -54 -60 -58 -44
right_child=1 5 6 7 -6 -7 11 8 -10 15 18 12 -14 -15 -16 17 24 -19 -20 31 29 22 26 -25 25 32 27 -29 -30 46 -32 33 -34 34 -36 -37 -38 -39 48 -41 -42 -43 49 -45 -46 -47 -48 -49 -50 -51 -52 -53 53 54 -56 -57 60 -59 59 -61 -62 -63
leaf_value=0.055224006363633796 0.022893320718176347 -0.021877474566185887 -0.038345706872828067 0.042104877950941311 -0.025224992917218605 0.024283912532276724 0.054416604467637679 0.046299633110241357 0.045668667219991757 0.048808144725749993 -0.018305039015828976 -0.01709644831705898 0.013170199209956594 0.011406888809829513 0.017784597521367618 -0.0041020584500495892 0.039471435187381568 0.024195123656888431 0.023360906251838433 0.045375688353109789 -0.0044896058643183424 -0.046318117756506919 -0.0020583406179295123 -0.007313038449439032 -0.025836842105076915 0.030771225670630516 -0.0070881311626457754 -0.038301059621144912 0.026988442419652522 -0.035613335681653605 -0.022021409963480759 -0.0027983173858924021 0.0034643904883791816 -0.01220981910175895 0.039355001748309325 -0.029997092198472592 0.043357083317412067 -0.050575201038218609 -0.050909648343096164 0.037211398169996086 -0.0086931350033613488 -0.034740884956710259 0.042685463838726762 0.030454029505016685 0.036344112342866809 -0.047038786239786648 0.01430629090928168 -0.043982422535513349 -0.0074372432561775233 -0.018459825239239266 0.032224492451641211 -0.027625042386969556 -0.020326811591839994 0.039386107754154756 -0.0094786644277512922 -0.041376437840046063 -0.035122679075080231 -0.034123802267689171 0.00060518100274469834 0.053172206724036268 0.011527050555750455 0.019702012440169579
leaf_weight=49.113056004047394 60.453073740005493 173.66735377162695 219.39612003415823 140.96719528734684 183.37689872086048 304.20165690779686 19.673169352114201 65.481874316930771 56.498681113123894 27.65838611125946 60.641742527484894 391.20921609550714 265.57257971167564 135.95465555042028 393.39883236587048 40.818961620330811 65.255685806274414 26.972849264740944 85.762027904391289 44.390012085437775 354.5797920897603 41.964193522930145 247.67457132041454 68.887975707650185 47.315631434321404 101.07965068519115 69.023237019777298 80.931192591786385 86.579801857471466 278.38448394834995 1008.9912040159106 144.31137745082378 231.27095167338848 35.157022655010223 99.262660145759583 43.907352089881897 40.275861665606499 23.657719060778618 30.312504857778549 65.202182769775391 282.18623985350132 30.202296182513237 108.18548817932606 46.54226690530777 25.237822502851486 70.990916401147842 20.202358588576317 34.439639464020729 141.25824873149395 25.495116233825684 61.468106418848038 63.481365546584129 72.131630778312683 79.935950070619583 36.236581355333328 29.431244805455208 25.862448439002037 70.632953777909279 60.064198702573776 38.168120533227921 522.9056611508131 406.41221918165684
leaf_count=307 264 917 1660 589 1069 1307 100 271 252 113 251 2179 1159 661 1705 179 270 115 356 183 1743 190 1102 366 194 415 294 366 378 1820 5600 604 968 148 412 185 167 106 130 284 1262 124 478 192 105 310 119 147 624 107 252 262 295 330 154 123 107 290 248 156 2149 1794
internal_value=-0.000196771 -0.00914378 -0.0121772 0.00910584 0.00141088 0.00837238 -0.0169348 0.00631485 0.00470675 0.0039492 0.0237713 -0.01498 -0.00485024 -0.00724724 0.00805627 0.00148347 0.0162898 -0.0205702 0.00606766 0.00275196 -0.0187768 0.000159117 -0.00648744 0.00638924 0.0118524 0.00708307 -0.00423015 -0.0121313 0.00545633 -0.020121 -0.0174668 0.0123578 0.0117912 0.00921396 0.0258322 0.00251951 0.00745482 -0.00567775 -0.00217255 0.0144055 -0.00310058 0.00483939 0.0252527 0.00164816 -0.00491142 -0.031426 -0.0322154 -0.0107813 -0.0151721 0.0225083 0.00594583 0.00436439 0.00648093 0.0052189 0.0241061 0.00253173 0.00417937 -0.00748954 0.00353724 0.0211142 0.00931342 0.024551
internal_weight=8160.7 4160.14 3546.31 4000.57 919.415 613.824 2626.9 3411.36 3123.99 3067.49 287.371 2407.5 656.782 309.622 736.038 2557.09 510.404 138.783 146.404 2418.31 1750.72 1904.78 786.604 88.5611 444.922 379.666 744.639 410.385 334.254 1662.16 1363.57 513.524 332.351 469.134 134.42 334.714 290.807 329.454 305.796 134.225 342.639 1118.18 589.206 250.531 203.989 111.81 298.587 178.751 171.571 540.093 1087.98 1026.51 963.027 935.369 116.173 819.196 789.765 240.997 170.364 98.2323 548.768 514.598
internal_count=39007 21931 19046 17076 4300 2885 14746 14390 13194 12942 1196 13086 3338 1578 3231 10824 2118 604 607 10220 9748 8077 3474 466 1847 1577 3284 1804 1480 9282 7343 2143 1383 1960 560 1400 1215 1438 1332 578 1526 4603 2686 1048 856 489 1939 751 754 2379 4479 4227 3965 3852 484 3368 3245 989 699 404 2256 2272
is_linear=0
shrinkage=0.05


Tree=28
num_leaves=63
num_cat=0
split_feature=52 72 72 78 52 78 78 47 2 66 72 72 46 78 46 46 26 61 78 60 78 44 46 77 0 29 22 96 14 97 4 10 66 34 60 31 42 45 78 25 40 39 30 94 68 47 32 16 7 22 56 89 2 97 97 95 52 46 10 71 33 39
split_gain=246.577 80.4866 84.0265 69.7392 66.0461 60.5822 54.7049 38.3069 43.456 34.6723 35.5039 34.939 34.0183 30.0456 27.2089 25.3965 25.2196 34.0422 24.5913 25.6121 33.8085 24.4277 23.979 23.0946 22.4907 22.3123 23.7012 20.9487 20.772 28.3553 21.6147 20.9751 20.6228 38.5359 24.4876 21.3245 22.9712 21.0328 20.3002 20.4823 20.1859 22.0704 21.1631 20.0177 20.2816 21.0482 19.7838 19.7129 19.4854 19.2356 30.8099 19.1854 19.0866 19.3784 27.0256 18.9864 20.9252 27.1978 18.7864 18.7557 18.6623 18.5819
threshold=891.95000000000016 1.4777777777776488 -1.1636214605066948 -1.718691236680314 444.90000000000003 1.3903665217748997 -2.7318899018233096 1.2784357104557695 5.2946428571428585 4.3839285714285721 2.3844249429223514 -2.2918101037437637 0.23297435897395066 1.0233430263618668 -0.13530418145636822 -0.53600878477305536 -0.42363715954088715 8.2843082033087327 2.4378066037736237 347.50000000000006 -1.3078355620181357 0.10392680921052783 -0.58502260428303321 2.2199923692458432 90.000000000000014 0.41353569199679047 637.50000000000011 12.476741968911918 0.33665750169046582 3.8948749827324218 0.38373694623225069 0.76373487586134547 9.5267857142857171 1.2424742391595016 139.50000000000003 0.23606076466293191 3.5000000000000004 -0.32925945890441949 0.18314758758782337 0.29023901052983464 1.3938161860574001 1.2781962521923755 1.9146178984414279 2.5000000000000004 1.0000000180025095e-35 -1.8310830143976984 0.35319472616632869 1.5514488715519648 0.36247810160853644 2256.5000000000005 1.0000000180025095e-35 1.0000000180025095e-35 4.9375000000000009 14.45641993910483 47.60205278592376 384.50000000000006 774.85000000000002 -0.31473949903148896 1.1317650009604046 0.41986446543991135 414.00000000000006 1.7951975429289406
decision_type=2 2 2 2 2 2 2 2 2 2 2 2 2 2 2 2 2 2 2 2 2 2 2 2 2 2 2 2 2 2 2 2 2 2 2 2 2 2 2 2 2 2 2 2 2 2 2 2 2 2 2 2 2 2 2 2 2 2 2 2 2 2
left_child=4 2 5 -3 60 14 -4 8 -8 12 11 27 -6 22 -2 38 17 -17 19 20 21 -13 -5 52 -16 26 -14 -11 -18 30 -30 -32 34 61 37 -36 40 -25 -10 -40 -37 42 -42 -31 -45 -46 -7 -35 -47 50 -26 -24 -22 -54 -55 56 57 -21 -59 -33 -1 -34
right_child=1 3 6 13 9 46 7 -9 15 10 -12 18 25 -15 24 16 28 -19 -20 55 23 -23 51 32 49 -27 -28 -29 29 43 31 59 33 47 35 36 -38 -39 39 -41 41 -43 -44 44 45 48 -48 -49 -50 -51 -52 -53 53 54 -56 -57 -58 58 -60 -61 -62 -63
leaf_value=0.054301716548389223 0.033655264483616151 -0.021843825875163383 -0.033356652447711431 -0.015001698731536325 0.040272391917062361 0.029519564292116881 0.060085009001271464 -0.025961846089878688 -0.029997779168392955 0.013576547471306403 0.043997665346450596 0.0076181878751082153 0.018098990304269057 0.03495904708725129 -0.0065501344484026535 -0.041050373853011045 -0.023960294287290643 0.0042465064917243051 -0.0079277713438862443 -0.034857519562785981 -0.022811650601660551 -0.014469054029017582 0.0031031047195103998 0.022483247596809738 0.027434962299632923 0.022185433372645211 -0.044770594103216162 0.054399069618104694 0.021040660104192699 0.038880950095651401 -0.051410226560697742 0.029097038561720565 0.021574332095225562 -0.051314499344678147 -0.029161066140178306 -0.031893895515435325 0.030006228598273444 -0.032501042694002405 -0.029383210272973904 0.027968277958580801 0.0056124590583863637 0.0048090645326892079 0.060789551974034399 -0.023395737775606155 -0.035295909060452692 0.008169817895900558 -0.021781277276575028 -0.0015348605629454375 -0.028481556511155273 0.033481887834676489 -0.010395632444655726 0.032675130712780047 0.010891268909574236 0.031907434808225325 -0.020138128017476831 0.029968422877864373 -0.032302820642282924 0.023714896862394697 -0.0099429053431573395 -0.017878212031350229 0.021527936109346849 -0.020843089174137991
leaf_weight=47.492785573005676 100.98534149676561 148.33665493130684 396.53655058145523 81.136917352676392 140.04074288904667 20.095591440796852 21.863776639103889 462.9785347878933 248.71952805668116 87.002245664596558 55.735664233565331 225.12197394669056 26.354537799954414 161.23497691750526 227.77614969015121 118.17859892547131 131.95143553614616 63.56222902238369 466.02256463468075 52.519509509205818 29.33348123729229 281.26261320710182 119.63253927230835 24.471809014678001 95.210171297192574 85.795077130198479 34.301391020417213 49.604299023747444 37.496638879179955 35.966431364417076 43.14468851685524 23.098596334457397 87.338741943240166 57.769657120108604 28.759623035788536 29.215944841504097 172.13304975628853 58.900863319635391 28.462358862161636 34.09256286919117 31.689011365175247 272.18974480032921 39.028701514005661 77.694265931844711 32.745923437178135 561.14991839230061 259.3237144947052 30.631738886237144 38.621733948588371 90.799817517399788 123.32365030050278 101.86900527775288 402.17213368415833 290.56599459052086 27.096323683857918 29.537407338619232 89.159054949879646 80.488129690289497 85.059992715716362 245.29209991544485 536.58350899815559 36.44538614153862
leaf_count=307 423 868 2917 371 589 112 105 2871 1485 366 252 948 108 700 984 650 665 334 2076 220 121 1209 511 101 410 356 143 212 198 172 228 115 362 241 120 121 709 249 145 163 132 1127 160 404 196 2653 1464 127 195 382 525 435 1669 1196 111 124 398 334 356 1250 2379 153
internal_value=-0.000190167 -0.00875263 -0.0116641 0.00797373 0.00867461 0.00134074 -0.0162524 -0.0131728 -0.00976974 0.00600819 0.00447687 0.00375481 0.0226561 0.0175222 0.00984761 -0.010664 -0.00780196 -0.0251871 0.00259886 0.00459457 0.00662694 -0.00464035 0.00820742 0.010157 0.00535664 0.00576079 -0.0173871 0.0284655 -0.00522133 -0.00295711 -0.0147203 -0.0190459 0.00459992 -0.00893611 0.00898392 0.0126728 0.0148975 -0.0162944 -0.0235953 0.00178842 0.00788905 0.0113015 0.0361778 0.00253976 0.000687126 0.00365644 -0.0180646 -0.0341432 0.005797 0.0141396 0.00606843 0.0167345 0.0165916 0.0182072 0.0274473 -0.00820781 -0.011903 -0.00352841 0.00639549 -0.0138074 0.0242103 0.0090384
internal_weight=8121.1 4131.28 3519.07 612.21 3989.82 917.514 2601.56 2205.02 1742.04 3405.75 3119.26 3063.52 286.492 463.873 638.095 1720.18 1408.9 181.741 2926.91 2460.89 2124.13 506.385 302.638 1617.74 537.11 146.451 60.6559 136.607 1227.16 1095.21 349.032 311.535 868.574 212.186 656.389 573.016 544.256 83.3727 311.274 62.5549 372.123 342.907 70.7177 746.178 710.212 632.518 279.419 88.4014 599.772 309.334 218.534 221.502 749.168 719.834 317.662 336.764 307.227 218.068 165.548 268.391 584.076 123.784
internal_count=39007 21931 19046 2885 17076 4300 14746 11829 8958 14390 13194 12942 1196 2017 2724 8853 7060 984 12364 10288 8856 2157 1317 6699 2301 607 251 578 6076 5411 1791 1593 3602 883 2719 2369 2249 350 1793 308 1540 1419 292 3620 3448 3044 1576 368 2848 1317 935 946 3097 2976 1307 1432 1308 910 690 1365 2686 515
is_linear=0
shrinkage=0.05


Tree=29
num_leaves=63
num_cat=0
split_feature=52 88 52 51 44 45 47 17 72 72 35 72 72 14 52 1 47 60 43 47 54 14 72 34 78 18 45 49 44 78 18 23 44 52 16 72 45 6 54 7 45 38 23 29 9 22 44 75 40 41 78 10 35 22 44 7 1 77 43 8 50 23
split_gain=223.873 80.7817 60.4971 55.0322 47.6914 40.5741 51.7777 34.018 31.8543 34.0541 30.6492 30.3115 35.1074 27.9217 27.4224 27.339 25.3844 23.8002 23.6449 23.423 23.0595 24.3105 22.9044 21.7091 21.4038 28.8068 21.2871 21.0599 22.3116 22.503 27.5348 20.7288 34.7459 25.7336 20.5133 19.9808 40.99 19.6683 20.4881 18.3097 18.2555 21.8123 24.052 20.4107 24.3283 21.5892 19.6885 19.3633 25.2597 19.1703 19.7116 18.9761 25.4477 18.0752 18.0609 17.9718 19.2155 21.1139 17.686 17.6271 17.4374 26.8751
threshold=891.95000000000016 1.5000000000000002 444.90000000000003 0.78409535206406755 -1.02356146001082 -1.3558378440631964 1.5973964707962012 0.4769749324761714 1.6059915743486139 -1.9798287336382032 1.1699802872430303 1.3011988311097273 -0.62736130560127157 0.30258683538584763 1099.9000000000003 3.1875000000000004 0.33435478706383109 347.50000000000006 3.5000000000000004 -1.0098625327330073 1.5100424388687974 0.38398312236286924 1.5292937757688145 2.1585308324661652 0.72792045454539733 0.2184659090909091 -2.2716870754693943 1.5631233546738359 0.53927639103201674 -0.53363240869981521 0.15227743271221536 1.3276661475264899 -0.81766559748130752 727.30000000000007 1.6239738072965391 0.42859730848853905 -0.22246059169931559 0.98816526610644273 1.682505190064955 0.27308238636363641 0.82751017388100323 0.36940301131528802 0.7802258714831688 0.44801944705829644 1240.5000000000002 666.50000000000011 0.32164393395551744 2.5000000000000004 2.574921088678459 0.703354492397812 -0.69654720845884588 0.94008716796767244 1.6593710089399747 203.50000000000003 0.90319207049514227 0.42967032967032975 7.2589285714285721 2.0712383908969323 7.5000000000000009 0.2007194244604317 0.9163240793685743 1.0967982666240865
decision_type=2 2 2 2 2 2 2 2 2 2 2 2 2 2 2 2 2 2 2 2 2 2 2 2 2 2 2 2 2 2 2 2 2 2 2 2 2 2 2 2 2 2 2 2 2 2 2 2 2 2 2 2 2 2 2 2 2 2 2 2 2 2
left_child=2 3 53 4 24 14 11 22 9 -4 -9 12 13 -7 -6 -11 37 18 19 59 31 -22 58 -5 25 -2 -12 28 40 30 -30 32 -19 -33 -27 -14 -37 38 -13 -15 43 -42 -43 44 46 60 -20 -47 49 50 -49 -44 -53 -1 -32 56 57 -8 -3 -17 61 -45
right_child=1 7 8 23 5 6 55 10 -10 15 26 16 35 39 -16 17 -18 20 27 -21 21 -23 -24 -25 -26 34 -28 -29 29 -31 54 33 -34 -35 -36 36 -38 -39 -40 -41 41 42 51 45 -46 47 -48 48 -50 -51 -52 52 -54 -55 -56 -57 -58 -59 -60 -61 -62 -63
leaf_value=0.051840846208823135 -0.01937784811132405 -0.010344145735515752 0.021476001323959326 0.0062912305733161091 -0.0071988718207897781 -0.025959498162536478 -0.052244599963066067 -0.031561700520347895 0.021831094779106247 0.037702239451870657 -0.024558129315340474 -0.0077812472615735422 -0.025988883655393875 0.0080169705532805429 -0.036082035803335598 -0.043424014239853433 0.051286520145522957 0.021112203635010866 0.022373276131844755 -0.00049320656953682422 -0.019325788193044164 0.045614054088055099 0.020673350483508629 0.054370744321599107 -0.0089630276097245384 0.049926686606036136 0.024152453238615739 -0.022792941537689442 -0.04653885326711088 0.03040175459629086 0.029461464794962797 0.030285965772876951 -0.031650142645155581 -0.028915234926007307 0.0033270416094943983 -0.025198669766718459 0.0016664346849748397 0.039553463418608575 0.038497184636697088 -0.015279644307405742 0.0070455572476681707 -0.054918485964209875 -0.02238858537353022 -0.0094694168697716016 -0.029834563139946577 -0.035153572828066686 -0.019953019773142996 -0.0059149521081355233 -0.04292752408316796 -0.0028743951499366539 0.052991335220242977 0.052770464788398454 -0.010551954019536725 0.020450299067306929 -0.009403968566008343 0.013760470478961893 -0.036059860276787863 0.0059803924046716757 0.021909432244069563 0.00043769458096747782 0.022505230460102582 0.039504700515926312
leaf_weight=50.461557358503342 33.689418658614159 447.10593654215336 263.02402667701244 64.474310979247093 109.07235229760408 102.85492300987244 20.783872932195663 30.482664912939072 281.35289959609509 54.551624149084091 23.978743061423302 263.26885787397623 425.43293672800064 371.8114366158843 339.73100631684065 64.308980002999306 26.421597540378571 37.098749652504921 381.48358070850372 363.69025245308876 24.47314327955246 34.541078954935074 85.929282560944557 37.108106389641762 108.38182578235865 67.846269324421883 313.13028249889612 60.712919071316719 22.529735431075096 185.94004589319229 72.42611888051033 46.541273325681686 191.06000722944736 30.118025064468384 36.585807606577873 280.7922892048955 286.43237617611885 29.002374015748501 26.184998832643032 108.89408235996962 202.58606798946857 33.339830979704857 100.06524240970612 139.85198326408863 26.641447603702545 48.102556332945824 29.405364513397217 23.7583197504282 32.730580717325211 245.59174831211567 34.627286821603775 24.29031366109848 45.089413061738014 528.70950271189213 50.526755332946777 23.859699122607708 329.94280098378658 60.724938184022903 46.78693225979805 35.197018042206764 179.93717435002327 34.920928314328194
leaf_count=321 151 2372 1104 296 615 482 117 165 1211 234 152 1198 2433 1715 2515 279 111 156 1567 1566 108 148 395 173 581 298 1500 253 95 765 307 191 830 136 160 1598 1329 131 111 518 862 150 435 578 112 205 124 103 139 1042 145 104 194 2365 213 147 2106 347 215 152 739 143
internal_value=-0.000184141 -0.00838343 0.00826323 -0.0122304 -0.0134368 -0.0152903 -0.0126612 0.00441527 0.00571674 0.00426095 0.0163145 -0.00912834 -0.0120669 -0.00232403 -0.0290769 0.00267315 0.00428683 0.00198797 0.00376993 -0.00639088 -0.00993551 0.0186118 -0.00312143 0.0239401 0.00763289 0.0206887 0.0206666 0.00615621 0.00707831 0.0188778 0.004104 -0.0154831 -0.0230436 0.0069544 0.033668 -0.0177886 -0.0116258 0.000356797 -0.00356562 0.00272712 0.00460283 -0.00453975 -0.0161361 0.00775586 0.0163168 0.00268257 0.0193279 -0.00551016 -0.00125124 0.00323243 0.0289665 -0.00844794 0.0115897 0.0232024 0.0134546 -0.0282352 -0.0306854 -0.00885091 -0.0072748 -0.0278743 0.0115837 0.000304379
internal_weight=8080.4 4100.71 3979.69 3153.3 3051.71 2805.21 2356.41 947.414 3400.51 3119.16 367.592 1921.1 1576.22 583.56 448.803 2856.14 344.878 2801.59 2437.75 463.196 363.832 59.0142 579.822 101.582 246.503 138.121 337.109 1974.56 1913.84 331.423 145.483 304.818 228.159 76.6593 104.432 992.658 567.225 318.456 289.454 480.706 1582.42 405.371 202.785 1177.05 437.53 739.521 410.889 384.81 336.708 303.977 58.3856 169.445 69.3797 579.171 122.953 435.311 411.452 81.5088 493.893 99.506 354.71 174.773
internal_count=39007 21931 17076 17132 16663 15473 12343 4799 14390 13179 1817 9626 8075 2715 3130 12075 1551 11841 10272 1997 1569 256 2982 469 1190 609 1652 8275 8022 1380 615 1313 986 327 458 5360 2927 1440 1309 2233 6642 1745 883 4897 1803 3094 1691 1634 1429 1290 248 733 298 2686 520 2717 2570 464 2587 431 1460 721
is_linear=0
shrinkage=0.05


Tree=30
num_leaves=63
num_cat=0
split_feature=52 34 1 78 52 72 78 72 47 47 72 78 78 22 23 50 91 95 45 47 31 3 6 41 40 5 61 97 6 47 78 45 75 45 1 10 96 62 69 97 52 97 72 69 96 53 39 29 34 8 34 25 14 9 78 34 25 40 6 91 49 34
split_gain=201.455 84.227 77.6209 76.4416 42.8846 41.2902 40.5745 38.2429 34.5374 33.3598 28.6523 27.4634 26.9726 26.5096 25.642 25.2713 24.9651 24.2543 24.1234 31.9455 33.8039 30.5349 24.4703 37.3116 29.5699 24.1583 26.7146 24.8443 23.9765 23.7954 23.5289 24.0458 22.5814 22.2142 21.4794 20.7369 20.6015 25.6901 20.6697 20.5616 20.7635 32.0858 22.6163 20.4921 20.4332 20.5111 19.954 19.8255 25.4109 28.7663 22.2258 28.4352 19.3229 19.0863 18.8562 18.638 18.4706 23.0794 18.2024 17.8418 17.8003 17.7415
threshold=1026.9750000000001 1.4513683926964112 4.4017857142857153 -2.8896384763139906 657.47500000000014 1.2288695546542268 1.6709238310708849 -2.3619683874674577 0.2650572390572542 -0.2725474901657377 1.6059915743486139 -0.96757899629529154 -1.3078355620181357 1250.5000000000002 0.79506397642534543 0.75224870335316718 2.5000000000000004 111.50000000000001 -0.4401341630699947 1.6364059224321392 0.37280864173212841 1.1353749186448809 0.88266583229036299 1.0863022999585643 2.4519157221333709 0.87884030617594644 4.8561575929996996 4.7461839737482814 0.44281045751633991 -2.2955174011922512 -2.1722213883208048 -0.84214630815197433 11.500000000000002 -0.4401341630699947 8.508928571428573 0.61274726951985348 29.856830493450214 4.004659947922991 7.5000000000000009 60.612292238609037 377.00000000000006 6.2035217508573197 1.3294464241059718 11.500000000000002 6.6114589544822104 0.7771451191776575 1.5523603050344177 0.62840029995754298 1.1015031115000067 0.057623132263420043 0.92976255194613744 0.24794443822112697 0.53998250931184422 944.50000000000011 -0.14251820647465133 2.3618864523189962 0.37283121051048046 1.8375876753507014 1.0000000180025095e-35 3.5000000000000004 1.490734250744066 1.3051221879370296
decision_type=2 2 2 2 2 2 2 2 2 2 2 2 2 2 2 2 2 2 2 2 2 2 2 2 2 2 2 2 2 2 2 2 2 2 2 2 2 2 2 2 2 2 2 2 2 2 2 2 2 2 2 2 2 2 2 2 2 2 2 2 2 2
left_child=2 3 33 8 17 6 9 -6 -2 11 16 35 -7 59 -12 -11 58 -4 22 20 -20 -22 23 55 -25 26 46 -27 34 -24 -17 -32 -16 -1 56 -5 37 -18 -39 40 41 -19 61 -21 -28 -46 -23 48 50 -50 51 -33 -15 -13 -44 -3 -8 -58 -9 -14 -54 -42
right_child=1 18 4 5 7 12 28 10 -10 15 14 53 13 52 32 30 36 39 19 43 21 25 29 24 -26 27 44 -29 -30 -31 31 47 -34 -35 -36 -37 -38 38 -40 -41 42 -43 54 -45 45 -47 -48 -49 49 -51 -52 -53 60 -55 -56 -57 57 -59 -60 -61 -62 -63
leaf_value=0.041068041352937748 -0.040182753983309234 0.0043422174073029941 0.03441473949068876 0.022142212919140793 0.030926274199004844 -0.016216170168528096 -0.029959308639503798 -0.031295023981731257 0.031663551368102415 0.037767317080923374 0.040828043500401263 0.032109968831825646 -0.027644018029475265 0.056233369496811174 -0.0071173264803907291 0.038176524089017276 -0.022144607127043622 -0.021271709779967785 -0.037672593167069328 -0.035139192451111238 0.051085901127943645 0.014550894414135918 0.024720915319570741 0.071546576397895967 -0.0013647104788064841 -0.001350046016753837 0.068312347170651475 0.061653358825549058 0.017366526096836893 -0.036600816179533542 0.042972592327459223 -0.029297675080061647 0.028566153552206763 0.018173270413041228 -0.035815607746904773 -0.032481567968631359 0.036382408851209712 -0.0083629502011772338 0.0098661223324339343 -0.031036311928413374 0.0015950072997957605 0.039481928593339655 0.00010590579443178221 0.022261093348280782 0.055310125513608033 -0.00061158848910999094 -0.02563654430740335 0.03812386241362347 -0.024683725384589988 0.015876687981333612 -0.032706229519821876 0.0060069280513179836 0.023253245200461518 -0.011391027288851132 0.037268002535005611 -0.036732240077195402 -0.021479208898625063 0.041226893579846907 -0.0054838974878461044 0.019530788998509071 -0.0096618045321228037 0.01552743122934775
leaf_weight=143.12056341767311 314.76054100692272 73.626725971698761 101.75712151825428 18.369047313928604 98.638747721910477 132.31197204440832 62.977478839457035 72.091232240200043 17.51558692753315 37.131815269589424 69.725228786468506 29.243651121854782 61.373486056923866 31.093836262822151 125.49279369413853 30.632927879691124 97.617635369300842 26.546644568443298 25.760982394218445 52.339705288410187 70.28015324473381 52.925860866904259 19.153340645134449 30.621697753667831 25.157069884240627 23.450437039136887 21.779758170247078 45.992811724543571 29.161407262086868 87.04652114957571 23.447029158473015 95.126561880111694 68.33002732694149 415.55873763561249 333.32141969352961 274.64868420362473 45.852615892887115 211.494520008564 584.50520646572113 30.98985131084919 811.4694245159626 116.14698295295238 49.981846690177917 21.911483898758888 22.037795469164848 62.565086185932159 73.599588304758072 21.872037425637245 62.005805820226669 147.25771208107471 151.75907951593399 141.73050221800804 143.25977194309235 177.81357690691948 109.43158549070358 43.912882477045059 29.982067085802555 28.46890464425087 1307.7790174335241 29.53251776099205 57.253940165042877 318.52067828178406
leaf_count=650 2469 362 436 112 427 754 405 334 77 175 301 147 275 135 535 141 455 126 137 301 309 241 136 144 116 109 97 207 139 475 105 492 299 1833 2239 1676 205 966 2565 127 3338 583 207 116 99 290 346 102 292 676 745 693 636 912 480 201 189 167 5947 133 248 1310
internal_value=3.90497e-05 -0.00960767 0.00653323 -0.0140499 0.00422645 -0.0105959 -0.0141857 0.00038597 -0.036372 -0.00928787 -0.00077956 -0.0191827 0.00277129 0.010579 0.0148369 -0.00231932 -0.00255679 0.0108039 0.00504447 0.0119334 0.0175514 0.0213917 -0.00658635 0.00497069 0.0386294 0.0144583 0.0067077 0.0403344 -0.0264283 -0.0254814 -0.00454101 -0.00658886 0.00544494 0.0240536 -0.0292509 -0.0290338 0.00372636 0.00204126 0.00501599 0.00915609 0.0100314 0.0281374 0.00802181 -0.018126 0.0251757 0.0139443 -0.00878835 -0.00847861 -0.0101979 0.00382851 -0.0177628 -0.00815739 0.0195659 -0.00521051 0.0256551 -0.0109789 -0.0111751 0.00899504 -0.00683819 -0.0122588 0.0138297 0.00552772
internal_weight=8039.26 3234.21 4805.05 2482.05 4246.37 2149.78 1694.95 2681.53 332.276 1211.04 2582.89 500.075 454.826 322.514 263.548 710.963 2319.34 1564.84 752.162 472.644 398.392 372.631 279.518 173.318 55.7788 302.351 232.908 69.4432 483.911 106.2 673.832 643.199 193.823 558.679 454.75 293.018 939.47 893.617 796 1463.09 1432.1 142.694 1289.4 74.2512 106.383 84.6029 126.525 619.752 597.88 209.264 388.616 236.857 231.608 207.057 159.413 117.54 121.428 58.451 1379.87 90.906 200.514 1129.99
internal_count=38944 17820 21124 14134 18641 11588 9407 12034 2546 6268 11607 2847 2181 1427 1135 3421 10472 6607 3686 2252 1835 1698 1434 823 260 1389 1073 316 3139 611 3246 3105 834 2483 3000 1788 4191 3986 3531 6171 6044 709 5335 417 486 389 587 3000 2898 968 1930 1185 1019 1059 687 563 761 356 6281 408 884 4648
is_linear=0
shrinkage=0.05


Tree=31
num_leaves=63
num_cat=0
split_feature=9 34 1 45 72 89 72 89 32 46 14 1 45 46 46 51 97 46 54 59 72 72 53 72 72 1 4 39 56 34 1 19 32 3 45 40 8 77 95 59 26 7 45 54 32 94 47 94 9 41 21 44 21 1 53 50 97 47 22 33 43 94
split_gain=135.306 92.2577 56.1415 45.7214 41.8522 41.3062 40.8145 28.0326 27.7236 27.0118 24.9049 30.5239 24.8695 24.3643 23.2983 37.7709 24.1517 22.7925 22.3258 21.9506 21.0628 23.6173 21.0532 20.6719 20.1203 19.8743 19.7008 19.5575 19.0441 20.1063 22.7293 22.7052 22.1588 22.5961 22.837 31.1158 26.8428 19.214 18.951 23.1622 19.1635 18.6407 18.6187 18.3197 24.5227 23.9158 28.4918 23.1821 24.7002 21.9639 20.5593 19.1318 18.2707 18.0707 18.0675 17.9497 17.7863 23.6991 17.4336 16.7809 17.6672 16.6494
threshold=900.50000000000011 1.2251503810579853 4.4017857142857153 -2.2716870754693943 2.5159611135660325 1.0000000180025095e-35 -2.2918101037437637 1.0000000180025095e-35 0.9093073593073594 -0.4260509613808538 0.53809361157765589 11.687500000000002 1.7024848358197124 0.22659467221721724 0.30666192575734791 0.61559457014300223 28.268907950562632 0.44420985408326796 1.0360162900580616 41.500000000000007 -0.98284495902419156 1.2418655440317685 1.7059195318970934 -1.2536601604364199 1.1054923168154114 6.9017857142857153 0.94681124665485006 0.90874392782789737 6.5000000000000009 1.4204162387184109 20.223214285714288 0.45129664769133465 0.33447488584474888 1.0639516407599312 -0.47794232421019384 1.6529886492292509 0.066838487972508603 1.8558282500608281 17.500000000000004 4.5000000000000009 1.0982683557563262 0.038585607940446659 1.8025414900964878 0.75043911489836013 0.78622597697742214 9.5000000000000018 2.337966527904193 22.500000000000004 456.50000000000006 1.2789561155928006 0.66431924882629112 0.90319207049514227 0.25069832402234643 9.7232142857142865 0.81283319342491334 1.2714884903889254 2.9762550072907241 -0.50709137126204495 1220.5000000000002 2178.5000000000005 6.5000000000000009 21.500000000000004
decision_type=2 2 2 2 2 2 2 2 2 2 2 2 2 2 2 2 2 2 2 2 2 2 2 2 2 2 2 2 2 2 2 2 2 2 2 2 2 2 2 2 2 2 2 2 2 2 2 2 2 2 2 2 2 2 2 2 2 2 2 2 2 2
left_child=2 3 13 -2 6 25 -3 27 12 10 -8 52 20 55 16 38 28 23 -19 -20 -7 -22 -13 -9 -25 -5 -24 -4 29 37 32 -32 -31 -34 35 -35 53 -11 -16 -40 -41 -10 56 -29 47 -46 49 50 -49 -47 -45 59 -12 -36 -26 -1 57 -27 -18 60 -50 -57
right_child=1 4 7 5 -6 8 9 17 41 14 11 22 -14 -15 15 -17 58 18 19 -21 21 -23 26 24 54 42 -28 43 -30 30 31 -33 33 34 36 -37 -38 -39 39 40 -42 -43 -44 44 45 46 -48 48 51 -51 -52 -53 -54 -55 -56 61 -58 -59 -60 -61 -62 -63
leaf_value=0.040828432086215102 -0.040706093713893408 0.024795225071622445 0.029665420574641041 0.0033720249228853558 0.037707932349591626 0.013918658285157896 0.013266908951196286 0.031386081938273497 -0.0074429775795086797 0.029683580279118528 -0.018177976075851653 -0.046597530777072009 -0.030091954949349839 0.010946557078560376 0.018012839359281788 0.053719243834403956 0.059458320211731766 0.032928771543113293 0.0019158462276112221 -0.036148782813846904 -0.01502626395742805 0.0086062611707077696 0.029823131739780784 0.0041715510111028269 -0.0042624674027892271 -0.040789959565155978 -0.03993386919461233 0.0089838608134029212 -0.030684997008363964 -0.027163842244294297 -0.0033737557051790714 0.058437280782704763 0.042592967599242595 0.026809259247967173 0.060132733987442205 -0.02457877060294715 0.0018396340828503222 -0.010998517594142698 0.02222850086202087 -0.013712216424504767 -0.052514515271245003 0.052616716827700132 -0.036262385092462338 0.00089059071932399069 -0.021706407976383846 0.011965073481896543 -0.03480483951264763 0.006694111431830756 -0.026069653125202458 0.04947647967320995 0.048212403323441955 0.013551157430236521 0.014337681235551326 0.017702677787329289 0.028133660093875364 0.042447981873328766 -0.013081448821493345 -0.002286064172682783 0.012540357678810425 0.018990388665820146 -0.0032873925794413097 -0.010444406871479944
leaf_weight=198.61138840019703 137.14661161601543 157.66925510764122 59.354834161698818 120.22413827478886 77.836166337132454 173.1595601439476 72.857030481100082 158.96020160615444 19.490612290799618 32.95006400346756 105.98100474476814 111.81918329000473 82.61295073479414 223.97698609530926 53.472074791789055 24.252002418041229 33.923089429736137 34.601718708872795 110.11467325687408 57.445239707827568 294.33490448445082 164.57455863803625 20.514385677874088 401.10810277611017 53.182811632752419 138.55256211012602 19.752145349979401 487.95765501260757 38.452474758028984 43.321824952960014 21.982009574770927 44.737473115324974 48.081112086772919 41.282765261828899 41.783241331577301 101.72499239444733 154.92801563441753 235.8549936786294 41.069971263408661 366.47682823985815 34.904085822403431 37.322028771042824 124.39018697291613 348.33141922950745 57.476274482905865 284.23139255493879 28.531680077314377 150.20296774804592 384.21732631325722 45.322860360145569 24.492165468633175 49.526927277445793 72.660324305295944 64.128327041864395 219.41013354808092 24.112508088350296 967.28799918293953 56.559300050139427 48.369594320654869 27.480898268520832 110.00756547600031 38.277811512351036
leaf_count=915 1094 691 263 598 370 765 342 672 94 152 549 696 522 986 255 106 141 153 503 253 1623 772 117 1766 233 982 114 2169 177 220 101 199 207 184 178 459 671 1099 197 1828 173 173 898 1573 250 1221 141 651 1777 194 110 213 378 286 970 111 5116 282 220 135 481 175
internal_value=3.45673e-05 -0.00580888 0.00726716 -0.0127007 0.00174969 -0.0109335 0.000368698 0.00478387 -0.00162814 -0.00168358 -0.0131423 -0.0189775 -0.00430828 0.0230847 0.00145605 -0.00704724 0.00611012 0.0114966 -0.00354171 -0.011118 -0.000926151 -0.00654022 -0.0354379 0.0151537 0.0113122 -0.0160318 -0.00428542 0.00140426 0.00365079 0.00524954 0.0106318 0.0380231 0.00692468 0.0102088 0.0063312 -0.00970102 0.0151405 -0.00598394 -0.0100392 -0.013444 -0.0171112 0.0319474 -0.0178487 0.000560668 -0.00215872 0.00817518 0.0129901 -0.00608814 -0.0113211 0.0171525 0.00402484 -0.0160672 -0.00492401 0.0345299 0.0217956 0.0334736 -0.015871 -0.0296609 0.0319905 -0.0188906 -0.0210104 0.00995256
internal_weight=8003.38 4426.44 3576.94 2315.66 2110.78 2178.51 2032.95 3091.96 771.495 1875.28 403.584 330.727 714.682 484.979 1471.69 520.175 951.52 1034.82 202.162 167.56 632.069 458.909 152.086 832.661 673.701 1407.01 40.2665 2057.13 869.227 830.775 561.97 66.7195 495.25 451.928 403.847 143.008 260.84 268.805 495.923 442.451 401.381 56.8126 1286.79 1997.78 1509.82 415.562 358.086 1094.26 721.436 329.554 372.824 571.233 178.641 105.912 272.593 261.002 1162.4 195.112 82.2927 521.706 494.225 62.3903
internal_count=38944 23029 15915 12919 10110 11825 9740 13728 3949 9049 2196 1854 3682 2187 6853 2559 4294 4550 909 756 3160 2395 927 3641 2969 7876 231 9178 3933 3756 2505 300 2205 1985 1778 643 1135 1251 2453 2198 2001 267 7278 8915 6746 1806 1556 4940 3257 1415 1683 2606 927 464 1203 1201 6380 1264 361 2393 2258 286
is_linear=0
shrinkage=0.05


Tree=32
num_leaves=63
num_cat=0
split_feature=52 34 78 66 89 72 44 78 78 48 52 60 26 46 46 47 66 40 51 14 91 77 45 47 78 41 47 52 3 9 44 96 78 44 1 77 38 4 50 48 22 33 94 41 50 77 32 24 52 66 22 72 72 96 69 60 66 52 35 22 60 72
split_gain=169.509 71.8598 69.9408 66.2178 41.2035 39.4774 56.9313 42.8094 38.5432 35.2858 34.3809 35.0306 32.1446 29.4491 29.3488 27.3546 29.2971 28.3168 26.8385 26.5953 26.4988 24.9697 26.7705 24.6282 29.0583 24.5478 24.0353 23.6256 28.4967 24.5936 22.4534 20.8405 20.8196 20.2974 19.5417 22.8504 19.4348 26.9433 19.0129 18.7066 24.0445 23.459 18.5134 22.318 18.4477 18.2 17.8909 17.6972 17.6414 17.2169 17.1928 35.5122 26.6503 17.1878 17.131 17.0642 20.8343 17.0259 16.4614 18.632 17.6239 16.3681
threshold=1026.9750000000001 1.4513683926964112 -2.8896384763139906 4.4732142857142865 1.0000000180025095e-35 -1.4406250506031537 0.53927639103201674 -0.96757899629529154 -2.684838193716991 -0.079567297690804825 721.65000000000009 303.50000000000006 -0.4500579985236739 -0.33951247120900585 0.22659467221721724 1.6364059224321392 10.473214285714286 1.6581484703494276 0.40995709924243778 0.69403404798280821 2.5000000000000004 2.9509250178522071 0.90328212860864054 0.77612125482827088 -1.1742702793164326 1.3631806992866475 0.084927290997735425 1257.7750000000003 1.0418945931451418 2323.5000000000005 -0.64180483705788338 5.2883293365307766 -1.718691236680314 -0.96700378988180014 12.044642857142859 1.9278327600784861 0.13259676768280834 1.1556380371230885 0.82913370596240576 -0.054211376113004563 2662.0000000000005 3860.5000000000005 52.500000000000007 0.93462152377715968 0.85758941305731096 2.0345277372699764 0.89808138824392036 0.55263157894736847 828.42500000000007 6.6339285714285721 2694.5000000000005 -0.48645138591451631 1.0795624844488323 11.617164484451719 6.5000000000000009 33.500000000000007 10.794642857142859 1840.1250000000002 1.3338541666666668 802.50000000000011 217.50000000000003 1.3151348126938649
decision_type=2 2 2 2 2 2 2 2 2 2 2 2 2 2 2 2 2 2 2 2 2 2 2 2 2 2 2 2 2 2 2 2 2 2 2 2 2 2 2 2 2 2 2 2 2 2 2 2 2 2 2 2 2 2 2 2 2 2 2 2 2 2
left_child=3 2 9 14 23 8 10 49 -5 -2 34 20 -9 19 -1 16 -15 54 30 39 33 22 -10 24 26 44 -4 31 -29 -30 36 -19 -20 -12 35 -7 37 -6 -13 40 41 -3 -37 -44 -14 -26 -32 -24 -40 -8 51 -31 -52 -23 -18 -17 -57 -34 60 -60 -51 -46
right_child=1 13 4 5 18 6 7 12 21 -11 11 38 25 15 -16 55 17 27 32 -21 -22 53 47 -25 45 -27 -28 28 29 50 46 -33 57 -35 -36 42 -38 -39 48 -41 -42 -43 43 -45 61 -47 -48 -49 -50 58 52 -53 -54 -55 -56 56 -58 -59 59 -61 -62 -63
leaf_value=0.033138280727580863 -0.038359668847616796 -0.029418517517742684 -0.027083756712872532 0.049086849825247636 0.067680548827253245 -0.0140373954505133 -0.024713807072180856 -0.015987208154291374 0.022149350498214669 0.045345951183091246 0.019592167872403667 -0.053036598896025605 0.044130313761571151 -0.010261336213958033 0.010031258187743966 0.022609845818759241 0.019750604685763402 0.0011834393412571496 -0.016652583421543934 -0.054226871549443757 0.0065702160317542141 -0.037213204606804294 -0.023092945530910527 -0.024078979109447757 0.012982316825810273 0.050676790914706629 0.021546152893771427 0.046992409600700696 -0.031778943580623713 0.075112799628187454 -0.012955314324449664 0.061073123061756468 0.016224734806387267 -0.012752887779794454 0.026654994129097623 0.0073666055808260054 -0.0032282074449631638 -0.005910893409366574 -0.032500286264560217 0.034994202031431929 -0.041087993833199596 0.026618984502971517 -0.030878374888407528 0.010218909909070612 0.0052113579178057617 -0.0082787805307845599 0.024670455518983645 0.0091586811050239688 -0.0072729464915479826 0.0094276195813612768 -0.01849377148067648 -0.0032936061467956027 0.040316003768554952 0.015545386576121731 0.065035527681855707 -0.00051637497105567738 -0.06220347453269115 0.059129108814125156 0.035014469042090476 -0.00046356303973991173 -0.049975755913563846 0.028038905639615599
leaf_weight=292.25956985354424 305.32354938983917 30.524297699332237 269.74390088766813 72.808328300714493 29.776612214744091 184.25491835176945 66.085632607340813 50.364325761795044 365.35768148303032 12.996152341365812 53.228844925761223 41.63462620973587 68.866549879312515 95.749152362346649 261.01172813773155 18.974898904561996 36.897290833294392 22.425152704119682 36.898943841457367 31.95647419244051 433.95539629459381 42.762842655181885 60.675680682063103 488.92284829169512 133.12873294949532 82.949870362877846 27.860039561986923 36.606876894831657 48.893784955143929 25.093716040253639 461.41883954405785 42.078575178980827 107.79255926609039 525.71601492166519 87.5946064889431 973.64866471290588 71.467411749064922 21.081894248723984 112.19227604568005 25.380311638116837 45.09630823880434 47.67648608237505 73.706195890903473 59.488329097628593 174.72214628756046 410.50580085813999 33.739711903035641 141.56161203980446 183.03048588335514 24.486144676804543 76.515962183475494 33.550645664334297 25.615955278277397 23.896181270480156 49.602114826440811 26.925615482032299 28.095551609992981 29.612943470478058 57.815241366624832 101.74806749820709 25.079141825437546 143.60294716060162
leaf_count=1341 2490 171 1666 323 139 774 282 219 1532 56 237 202 293 444 1143 99 171 102 220 189 1985 180 268 3032 652 364 135 162 230 112 2459 190 489 2493 375 4096 360 108 518 117 258 265 315 250 735 2025 169 617 903 112 356 160 116 101 223 155 166 134 252 462 121 631
internal_value=3.11246e-05 -0.00889982 -0.0130554 0.00598294 -0.00977261 0.00385421 0.00168916 0.0134568 0.0146365 -0.0349133 -0.00174126 -0.00741478 0.0218894 0.00465684 0.0222501 0.0102624 0.0145227 0.0205096 -0.000735145 -0.0129076 -0.00276309 0.0106669 0.014072 -0.015148 -0.00994921 0.0259602 -0.0225088 0.013436 0.00634945 -0.000741696 -0.00563235 0.0403635 0.0165781 -0.00976754 0.00380969 0.00225393 0.0135251 0.0371255 -0.0213822 -0.00396245 -0.0120439 0.00467224 0.00497147 -0.0124918 0.0206404 -0.0030616 -0.010377 -0.000499443 -0.0168847 -0.00247571 0.00867987 0.0302419 -0.00366963 -0.0182303 0.0458216 -0.0180379 -0.0321622 0.0255439 0.00453619 0.0123739 -0.0205688 0.0155306
internal_weight=7972.43 3187.93 2440.27 4784.5 2121.95 4231.23 3524.17 795.72 707.062 318.32 2728.45 1349.76 520.506 747.659 553.271 567.025 493.029 397.28 791.789 180.634 1012.9 634.254 567.595 1330.16 841.238 470.142 297.604 310.781 246.277 209.67 617.484 64.5037 174.304 578.945 1378.69 1291.1 122.326 50.8585 336.857 148.677 123.297 78.2008 1106.84 133.195 387.192 543.635 495.159 202.237 295.223 275.214 160.776 58.6444 102.132 66.659 86.4994 73.9961 55.0212 137.406 209.129 159.563 49.5653 318.325
internal_count=38944 17820 14134 21124 11588 18640 15619 3471 3021 2546 12148 6338 2242 3686 2484 2686 2266 1822 4078 1000 4715 2698 2417 7510 4478 2023 1801 1428 1136 974 3235 292 843 2730 5810 5435 607 247 1623 811 694 436 4661 565 1659 2677 2628 885 1421 1229 744 272 472 281 394 420 321 623 947 714 233 1366
is_linear=0
shrinkage=0.05


Tree=33
num_leaves=63
num_cat=0
split_feature=9 34 48 66 10 72 44 72 72 46 19 23 33 97 72 69 48 77 72 29 45 69 33 31 45 55 29 26 21 48 72 78 51 62 53 4 77 33 62 14 10 10 59 53 39 75 21 78 15 53 23 3 45 50 24 71 78 29 61 19 94 31
split_gain=114.46 77.4793 57.4667 47.6858 37.4206 37.0721 35.597 34.6788 34.2305 34.9688 32.9098 29.5841 28.9828 28.3514 28.1213 24.7043 24.5963 27.0795 24.2662 22.5495 21.6029 21.0089 25.2573 23.2179 21.4939 20.4384 20.3283 23.493 19.8399 22.1839 19.6331 28.7129 19.1869 18.8406 18.652 25.6173 19.6156 24.9585 25.0068 22.9183 19.159 18.6289 18.6101 18.3155 18.295 18.0319 19.7564 17.7906 17.7094 17.4321 19.7315 19.6898 17.4217 23.876 28.956 20.2827 17.4162 18.7075 20.797 19.7215 17.4153 17.2859
threshold=900.50000000000011 1.2251503810579853 -1.3800393394282837 2.9196428571428572 1.5039639598791563 2.6718480013723416 0.51042224081699039 -2.2918101037437637 -0.93839046714452223 -0.13530418145636822 0.37057844361215153 1.5499213011542501 604.50000000000011 3.1068752664652348 1.3294464241059718 10.500000000000002 -0.75324081657353714 2.1256388008672249 2.1443736603240464 0.4113440366024953 1.1672233948579935 8.5000000000000018 1312.5000000000002 -1.0000000180025095e-35 2.4468486590038139 0.7550829343804647 0.41651677737484383 0.23032349738876898 0.22295321637426904 -0.64747036196024543 -1.2384615384615112 0.72792045454539733 0.55920470282880863 28.342439782439786 2.1927443942677036 0.86172789391786775 2.0196699642478104 2540.5000000000005 6.0594950150433613 0.59685850419157382 0.98035241186877353 1.3016584560611937 49.500000000000007 1.0251248936043611 1.3653971191357408 3.5000000000000004 0.091186252771618639 0.53003139458022563 0.44736842105263158 0.90700302813904987 0.79506397642534543 1.400737618545838 0.76662209302316786 0.85530963945519412 0.71052631578947378 0.6124018248934624 2.2674003502236713 0.60612071592623706 3.1007464452173097 0.25121359223300976 53.500000000000007 -1.0000000180025095e-35
decision_type=2 2 2 2 2 2 2 2 2 2 2 2 2 2 2 2 2 2 2 2 2 2 2 2 2 2 2 2 2 2 2 2 2 2 2 2 2 2 2 2 2 2 2 2 2 2 2 2 2 2 2 2 2 2 2 2 2 2 2 2 2 2
left_child=3 2 -2 -1 12 7 8 -3 9 19 49 20 -5 -12 21 25 -17 -18 28 -4 26 22 -14 -24 -25 33 -11 -28 29 -10 31 -23 56 -9 36 -36 -15 39 40 -38 -39 48 45 -30 -33 46 -16 -47 61 51 -51 -8 53 -31 55 -55 57 58 -27 -60 -50 -32
right_child=1 5 6 4 -6 -7 10 15 18 11 13 -13 14 34 42 16 17 -19 -20 -21 -22 30 23 24 -26 32 27 -29 43 52 41 44 -34 -35 35 -37 37 38 -40 -41 -42 -43 -44 -45 -46 47 -48 -49 60 50 -52 -53 -54 54 -56 -57 -58 -59 59 -61 -62 -63
leaf_value=0.042160078892678823 -0.045501285747281815 0.023065063710115258 -0.010588625211960098 0.029341935921884135 0.029175502595873148 0.040857219183010551 0.031135679807183066 -0.020657305323328382 -0.027944019362211511 -0.022746477549199465 -0.023266001330399293 0.03305186481280397 0.004572391251232359 -0.0089471657497856884 -0.046194547281006026 -0.014988946648567071 0.030592274428251721 0.0043027177387533408 0.037125641213592707 0.048371619359502661 -0.024637751711026595 0.028264349752078217 -0.043051058493209456 -0.00425009009932338 -0.042847254163708687 0.019585582200142712 -0.0057800361242163929 0.033361415620301753 -0.016695628911902568 -0.024854444780920994 -0.040487072715683969 0.021339325197969147 0.013189047923974748 0.023952756775046997 0.025185503233516884 -0.037724631056812841 0.016327165131044631 0.071057774777056701 -0.021402386925764693 0.067676521681599364 0.0093993320746810285 -0.027134405166754472 0.037718646025714758 -0.033669317760225657 -0.014847192700483037 0.0080743064885611133 0.006328057946511101 0.035671651474177148 0.016397731073366215 -0.0025830317345261074 -0.045076814785222838 -0.026486951282967686 -0.025704212885674645 0.044374641802424369 -0.01869217639222074 0.0031498277823241399 -0.021935250451273799 -0.026873600357324907 -0.018238201327143651 0.0029488636467747058 -0.019680898046919481 0.00049790155718079296
leaf_weight=92.221916690468788 119.57338269799948 156.09484659135342 24.001936130225658 114.1086895018816 162.33439593017101 58.223074540495872 33.560067914426327 272.23298274725676 138.02015291154385 82.116090029478073 51.494139932096004 39.701182782649994 714.71312031894922 37.375691004097462 25.397629454731941 103.21263284236193 137.84393855184317 340.07071062922478 19.066372632980347 48.918038889765739 190.47603172808886 211.4680251032114 45.61815220117569 687.53771654516459 38.016624704003334 118.93490631878376 112.40038628131151 57.947164490818977 320.36048074066639 58.051665112376213 27.087463647127151 57.599745564162731 174.61805801838636 25.737115778028965 31.842512793838978 32.63270441442728 34.968524254858494 20.365042462944984 34.725675724446774 58.961013592779636 33.465150684118271 49.441256269812584 77.8835668861866 319.53589761257172 88.377362832427025 180.5738750398159 59.674940302968025 86.76126728951931 329.51863369345665 46.822795927524567 66.408806905150414 26.34167542308569 69.254465788602829 65.790644511580467 52.710335917770863 55.063769854605198 128.77019070088863 67.741511799395084 158.97136636823416 353.93374884128571 37.019810199737549 475.22694266587496
leaf_count=462 996 691 108 619 718 285 194 1376 929 366 311 192 3041 188 108 595 634 1561 86 211 1145 893 225 3122 203 550 518 259 1899 310 130 250 799 125 151 164 174 99 176 261 157 205 342 1935 388 804 254 390 1399 250 371 137 458 328 261 285 723 338 744 1689 159 2203
internal_value=2.74132e-05 -0.00538595 -0.0117612 0.00668543 0.00573955 0.00155141 -0.00989109 0.000424179 -0.0134505 -0.00332547 0.00166262 -0.00821084 0.00458642 0.0107996 0.00369897 -0.00145208 0.00711448 0.0119006 -0.0185689 0.0289082 -0.0119272 0.00184415 -0.00219418 -0.00847162 -0.00628497 -0.00528284 -0.00231168 0.00751715 -0.0195612 -0.0113491 0.00655142 0.0164943 -0.00186068 -0.0167806 0.0169926 -0.00658675 0.0239299 0.0306922 0.0115541 0.0486508 0.0329072 0.00267434 0.0155885 -0.0251833 -0.00052963 0.0106741 -0.0093292 0.0170595 0.00437926 -0.0160277 -0.027567 0.005711 -0.00371311 0.00284901 0.0121527 0.0256512 -0.00504043 -0.00192081 0.000750371 -0.00361045 0.0127358 -0.00170989
internal_weight=7938.92 4378.34 2281.95 3560.58 3468.36 2096.39 2162.38 2038.16 1653.41 555.561 508.964 482.641 3306.02 335.83 3191.92 1882.07 581.127 477.915 1097.85 72.92 442.94 2761.62 1485.89 771.172 725.554 1300.94 252.464 170.348 1078.79 438.891 1275.74 357.445 1002.97 297.97 284.336 64.4752 219.861 182.485 88.5559 93.9295 53.8302 918.294 430.291 639.896 145.977 352.408 85.0726 267.335 868.853 173.133 113.232 59.9017 300.871 231.616 173.565 120.854 828.352 699.582 631.84 512.905 366.538 502.314
internal_count=38944 23029 12919 15915 15453 10110 11923 9825 9290 2799 2633 2480 14735 1681 14116 9134 2790 2195 6491 319 2288 12218 6591 3550 3325 6344 1143 777 6405 2571 5627 1531 4843 1501 1370 315 1055 867 432 435 256 4096 1898 3834 638 1556 362 1194 3891 952 621 331 1642 1184 874 613 4044 3321 2983 2433 1558 2333
is_linear=0
shrinkage=0.05


Tree=34
num_leaves=63
num_cat=0
split_feature=66 72 78 44 78 47 72 46 33 26 6 97 78 1 61 78 49 89 46 60 38 75 50 53 44 5 77 18 17 1 22 3 48 40 48 41 40 15 40 59 23 35 62 1 6 62 3 61 77 8 54 75 33 10 10 72 94 38 49 41 77 0
split_gain=107.857 77.0917 103.222 103.422 56.8732 54.6636 52.4571 51.3466 38.6779 37.0403 34.5545 33.5596 31.899 30.0399 28.6465 26.8166 27.9285 26.2415 26.195 24.2565 22.8926 22.6106 21.3363 19.9482 19.0148 20.6335 18.8936 18.7654 31.286 28.0677 26.1053 20.9812 18.7824 18.7311 26.2862 18.5924 18.3203 18.1272 18.1175 17.9963 20.479 17.8686 20.276 20.8464 23.4167 20.7031 17.4888 17.4553 17.4211 25.5386 22.0324 21.9251 21.6086 20.3578 19.3669 16.6596 16.5383 16.2146 16.1985 16.0769 15.8061 15.805
threshold=4.4732142857142865 -1.4220551406718274 -1.5976544193055322 0.50330590124438401 0.72792045454539733 0.28114166391900025 0.21073348694320862 0.30666192575734791 1713.5000000000002 -0.74884895113301664 0.44281045751633991 3.4046073576229223 0.53003139458022563 7.0446428571428585 5.4845404597359302 -2.684838193716991 -1.3776772541824343 1.0000000180025095e-35 0.25205604380214003 19.500000000000004 0.97752871952928 4.5000000000000009 1.2656561509457518 1.4153864847346358 0.11640855457231332 0.80982519590114543 2.2736260427079706 0.13069358178053833 0.22188603241732399 7.4553571428571432 454.50000000000006 1.1092222735319022 -0.09948195805907141 2.6853250732351861 -0.33755769230752208 1.3324301205570757 2.2570037810814227 0.55263157894736847 2.1562859195402302 2.5000000000000004 1.4921031469682673 1.8503974884804297 7.9172022279348768 6.2589285714285721 0.085867895545314918 4.2017811704834616 0.91826092624580402 7.2882692121329598 2.2030654074945488 0.29555335968379454 0.84497009871851125 21.500000000000004 1785.5000000000002 1.0028948621915494 1.3212092851940955 -0.62736130560127157 45.500000000000007 1.1623595122948032 -0.78273905049326875 0.72198453494809867 2.2593198247703818 90.000000000000014
decision_type=2 2 2 2 2 2 2 2 2 2 2 2 2 2 2 2 2 2 2 2 2 2 2 2 2 2 2 2 2 2 2 2 2 2 2 2 2 2 2 2 2 2 2 2 2 2 2 2 2 2 2 2 2 2 2 2 2 2 2 2 2 2
left_child=18 4 5 7 15 11 -5 8 27 -8 13 -3 14 36 -11 -2 56 55 22 -6 -19 24 -1 35 25 -18 -14 30 29 -29 -4 32 -32 34 -28 39 58 -36 47 -15 -41 42 45 44 -44 -30 -46 -13 51 50 53 -49 -52 -50 -54 -10 -17 -21 -9 -43 -60 -45
right_child=1 2 3 6 19 -7 9 10 17 12 -12 38 26 23 -16 16 21 20 -20 57 -22 -23 -24 -25 -26 -27 33 28 41 -31 31 -33 -34 -35 37 -37 -38 -39 -40 40 -42 59 43 61 46 -47 -48 48 49 -51 52 -53 54 -55 -56 -57 -58 -59 60 -61 -62 -63
leaf_value=0.037724186206283733 0.039349396777347272 -0.02895146910547838 0.053436459545310899 -0.017051650388840722 0.047339447747215047 0.026826972391603726 -0.031251612600930533 -0.0072500557567720461 -0.00063772849349022563 -0.0087212202447993457 0.039984977716972556 -0.02532277826229495 0.039499992963805755 0.027752924594945605 0.017081776552619967 -0.0040359333446083915 0.033937682504121998 0.0082037028218739545 0.0093017371588103321 -0.00380652630044116 -0.020162850710921106 0.03118416390654884 0.0056390114913760026 -0.040516560722804539 -0.033007254407803367 -0.016895051295393534 0.041678839417082975 -0.033934890909138954 0.015926449664974817 0.0039872031500570804 0.023860413971477951 0.032069729457649625 -0.031349221409582996 0.054763597545278909 0.020471685911100948 0.0073438776320254185 -0.026912128063730695 -0.024860518661386256 -0.023877096840345058 -0.025730211657451853 0.0039420216456793021 0.045780192004549816 -0.047064646481693617 0.0029646212446004213 0.036307031192932875 -0.027902902129709573 -0.0114149784671819 -0.019720159189655376 -0.012464377072252565 0.058484978774095989 0.018275195770460113 0.027021596917371785 -0.047871197396098679 0.040985558134264938 0.011735120119897373 -0.014817247936534762 0.023100506487668853 -0.035454904473351111 0.0043831304549168584 0.013061577112674578 0.044597002046888129 0.028990963096285266
leaf_weight=242.18541299551725 121.88304118812084 497.7429201155901 47.371965572237968 132.6897768676281 21.283520042896271 68.676819428801537 39.147594720125198 181.91618187725544 295.97725142538548 139.14393819868565 29.201890021562576 100.07880724966526 213.70394666492939 18.596785634756088 469.83489087224007 229.66423150897026 55.254056930541992 420.15259873121977 262.00237320363522 376.66787061840296 85.455662563443184 258.45934326946735 66.444539040327072 109.81821267306805 26.08538119494915 30.9989313185215 41.779884859919548 92.075477346777916 39.416822716593742 103.19903415441513 25.07991136610508 55.532512784004211 39.390356287360191 26.778116956353188 37.307277694344521 67.581345580518246 66.762827858328819 53.456808388233185 222.7698979601264 469.19897571206093 66.019672706723213 50.575939998030663 28.578371807932854 101.56239788234234 29.379874885082245 83.964839175343513 54.767770797014236 164.82667984813452 27.375282138586044 22.492577821016312 34.767086483538151 29.419260963797569 46.276423893868923 50.081507802009583 19.078842461109161 696.07258538156748 74.14435750246048 45.338384442031384 80.777938634157181 148.48159165680408 35.15994668006897 138.4973758161068
leaf_count=1139 544 3508 209 678 92 311 185 852 1406 633 133 549 961 109 2065 964 234 1965 1163 1822 404 1084 306 621 110 131 190 392 173 453 110 236 173 116 163 377 311 230 1249 2721 352 215 120 449 124 360 232 926 168 120 154 158 290 273 103 3507 311 242 372 626 163 607
internal_value=2.36666e-05 -0.00160416 -0.00391561 -0.000555462 0.00976034 -0.0165137 0.0124956 -0.00467085 -0.000724045 0.0163411 -0.0135606 -0.0189698 0.0182465 -0.0149956 0.0111774 0.0177501 0.013835 -0.0058665 0.0209613 -0.00458492 0.00339639 0.0230436 0.0308369 -0.020842 0.00425889 0.0156123 0.0297675 0.00669158 0.00373538 -0.0138764 0.0220252 0.00954958 -0.00979071 0.0166651 0.00889483 -0.017351 -0.00325475 -0.00617031 -0.0120322 -0.0203743 -0.0220607 0.00883739 0.00356406 0.00967377 -0.00802763 -0.0138587 0.00521097 -0.00668109 -0.00193188 0.00840656 0.00200602 -0.012605 -0.0134484 0.0220388 -0.0304029 -0.0105923 0.00257567 -0.00722612 0.00203843 0.0214185 0.0166496 0.0180066
internal_weight=7908.41 7337.77 6097.99 4814.41 1239.78 1283.59 1153.84 3660.57 2535.53 1021.15 1125.03 1214.91 982.005 1095.83 608.979 796.489 674.606 1497.66 570.632 443.29 505.608 370.798 308.63 731.215 112.338 86.253 373.026 1037.87 870.499 195.275 167.375 120.003 64.4703 159.322 132.544 621.397 364.617 90.7641 717.166 553.815 535.219 675.225 476.167 352.786 112.726 123.382 84.1476 494.396 394.318 200.072 177.579 194.246 100.122 77.4568 65.3553 992.05 303.809 422.006 297.854 199.058 115.938 240.06
internal_count=38944 36336 30802 22993 5534 7809 5221 17772 11761 4543 6011 7498 4358 5878 2698 3378 2834 7282 2608 2156 2369 1559 1445 4180 475 365 1660 4479 3751 845 728 519 283 699 583 3559 1698 393 3990 3182 3073 2906 2065 1532 476 533 356 2741 2192 1108 988 1084 547 441 393 4913 1275 2064 1387 841 535 1056
is_linear=0
shrinkage=0.05


Tree=35
num_leaves=63
num_cat=0
split_feature=52 72 72 78 78 52 88 72 44 46 78 49 61 61 6 1 72 66 7 7 60 62 20 33 32 60 77 7 54 78 18 20 50 30 53 19 29 44 77 96 77 23 50 97 32 77 40 22 44 40 18 32 33 8 54 54 49 29 20 66 51 52
split_gain=140.499 58.2989 58.0209 54.5418 45.0041 43.0041 32.5313 32.3908 39.2847 32.6087 30.0175 28.2903 26.1574 28.5332 23.7269 22.6684 22.5723 21.1214 24.6544 22.9235 20.8225 20.645 23.7527 20.3036 21.8993 20.0388 20.0241 27.7305 21.9006 23.5237 23.2041 20.6932 21.9541 19.0924 19.5709 18.5084 18.0862 32.3091 18.0728 17.6841 26.4841 20.9574 22.9512 17.6791 17.6233 20.1161 17.2845 23.297 22.8171 16.8479 19.9816 26.7721 22.366 19.2161 26.4386 16.7226 18.0408 16.4368 21.4854 18.8962 18.007 16.8587
threshold=930.37500000000011 2.0364416221033861 -2.9361615154536986 -3.3130769230768284 2.6250515615792609 444.90000000000003 1.5000000000000002 -0.93839046714452223 0.51042224081699039 -0.044435259310978255 -1.0916639610389429 -0.5515551788417018 4.6128099944061169 3.5451631701631707 0.38138528138528144 4.1339285714285721 -2.3619683874674577 9.0625000000000018 0.045663052543786498 0.028653530377668313 31.500000000000004 3.7354938271604943 0.22599846390168973 414.00000000000006 0.46991243663177307 15.500000000000002 2.037968230439263 0.046620299934796793 0.8054955103374225 0.27466911137636668 0.83409785932721725 0.26348078785921863 0.98723990431525943 2.9569193560577438 0.84682481883987737 0.18770973154362419 0.41244657280926716 -0.58521451108603706 2.2102668061474726 11.17110706419149 2.0078574974454981 1.0617394972910563 1.0014621807376163 4.8685884165237239 0.45407685098406753 2.2168381498267866 1.7446481178396074 1309.5000000000002 0.17959819376782757 1.5669855598266604 0.7679865424430643 0.65426329756547841 1112.5000000000002 0.21294035577258461 0.90481224009564409 0.62913254310436606 -0.34990579431367719 0.34513956772021293 0.21896404109589043 7.5982142857142865 -0.48861698754263883 584.72500000000014
decision_type=2 2 2 2 2 2 2 2 2 2 2 2 2 2 2 2 2 2 2 2 2 2 2 2 2 2 2 2 2 2 2 2 2 2 2 2 2 2 2 2 2 2 2 2 2 2 2 2 2 2 2 2 2 2 2 2 2 2 2 2 2 2
left_child=5 2 -2 11 7 23 15 9 26 33 -10 -4 13 -12 17 36 -8 18 19 -6 21 -11 -23 -1 -25 -24 27 -9 29 55 -30 -29 46 34 -5 -26 37 -7 -18 40 -14 42 -42 -3 45 -22 48 -48 -33 50 51 52 -17 -54 -55 56 -28 -53 60 61 -59 -60
right_child=1 43 3 4 14 6 16 8 10 20 12 -13 39 -15 -16 49 38 -19 -20 -21 44 22 25 24 35 -27 28 31 30 -31 -32 32 -34 -35 -36 -37 -38 -39 -40 -41 41 -43 -44 -45 -46 -47 47 -49 -50 -51 -52 57 53 54 -56 -57 -58 58 59 -61 -62 -63
leaf_value=0.052173639970554443 0.039745254247701867 -0.0054237600399765704 0.027477158368053967 0.044037398284322293 -0.0098452941563903548 0.041930179771236101 0.04706166624218075 -0.030374496087660692 -0.012460228487661472 -0.019848565548333627 0.0096255565640360231 -0.035781347007731668 -0.0088430953054137434 -0.038227437422297589 0.013454500220116877 0.032669537770115775 0.020242045909966699 -0.037333872342445173 -0.024598608600766261 0.064419382572870429 0.050467815325418788 0.052956552228727985 0.031334580395188681 -0.0014914869037696765 0.00025929949754512034 -0.03038218098021922 0.014097670594973979 -0.010975184628986057 -0.026315855105082969 0.012673727730213726 0.015287708823182894 0.032755465970910037 -0.017914114603567254 -0.01792804864743975 0.0048049892100259558 0.027709706617844273 0.03086924429136019 -0.026869761904238301 0.0037975966443563533 0.0032046838593313576 0.051035211659347282 0.068584502690436824 -0.0044002003465684258 0.030157409104573984 -0.010767239229599112 -0.0073440538242928403 0.020204245593251131 0.09178230037124302 -0.030903124881180161 -0.0020456600475060841 -0.019349794493076618 0.055603950535107298 -0.016634433410266714 0.056520665113913918 -0.013489036357396922 -0.0047911324686072858 -0.040972015282237775 -0.037057727835618802 0.047355852994235788 0.048762655926226389 0.011843062014796478 -0.0029767162610161491
leaf_weight=41.648622594773769 59.281068459153175 47.859636329114437 18.818873107433319 88.164268389344215 26.990915484726429 27.115580469369888 45.584590598940849 78.419924683868885 260.79512894898653 31.452981188893318 80.637994065880775 256.62037350982428 34.442450433969498 50.527455851435661 40.019295521080494 40.981429100036621 288.92434969544411 217.28072369843721 136.10620947182178 16.684489116072655 26.626738399267197 45.640324369072914 29.294834151864052 133.97312304377556 77.865947484970093 23.672107867896557 17.772687196731567 131.48595782369375 568.07010984420776 97.949913859367371 35.397675439715385 39.188010394573212 34.817105196416378 24.417719855904579 50.197032317519188 297.07977901399136 111.01200258731842 45.631862431764603 398.37949119508266 109.93312345445156 39.010056763887405 43.250103011727333 35.406816884875298 126.49762013554573 430.26292380690575 34.101843237876892 27.423043794929981 19.698951452970505 21.781681783497334 2111.3940188735723 61.526750981807709 31.463135316967964 155.28033073246479 24.326398894190788 29.857353329658508 136.00827471911907 86.017136618494987 25.63186377286911 23.826716154813766 66.83013628423214 69.969872608780861 54.04359869658947
leaf_count=310 269 231 79 373 168 117 203 455 1517 135 368 2222 158 241 191 169 1223 1631 914 103 125 201 124 588 363 114 89 721 3211 485 178 216 196 103 218 1402 475 195 1707 494 175 191 162 591 1999 162 144 105 128 9144 263 134 684 104 132 809 557 110 99 293 301 237
internal_value=-0.00071665 -0.00783743 -0.00924285 -0.0100886 -0.00823085 0.00557441 0.00358815 -0.00584455 -0.00929853 0.00273326 0.000681903 -0.0314328 0.00941208 -0.00878533 -0.0231296 0.00119183 0.012993 -0.0268319 -0.0140979 0.0184928 -0.00248146 0.0152873 0.026554 0.0185923 0.0158246 0.00365249 -0.0143462 -0.00416739 -0.0181555 -0.00793518 -0.0238651 0.00331253 0.0164917 0.022649 0.0298539 0.0220239 0.0181785 -0.00113456 0.0107196 0.0185398 0.0295805 0.040868 0.024622 0.0203645 -0.00720061 0.0179629 0.0276265 0.0503637 0.00991793 3.11616e-05 0.00755071 0.0107328 -0.00104193 -0.00767385 0.0178967 -0.0163759 -0.0314894 0.0215986 0.0171041 0.0292512 -0.00124055 0.0124009
internal_weight=7840.37 3678.02 3503.67 3444.39 3168.95 4162.35 3611.78 2731.86 1948.03 783.831 654.003 275.439 393.208 131.165 437.082 2878.89 732.888 397.062 179.782 43.6754 621.052 130.06 98.6073 550.567 508.919 52.9669 1294.03 352.815 941.216 337.748 603.468 274.395 142.909 162.779 138.361 374.946 183.759 72.7474 687.304 262.043 152.109 117.667 74.4169 174.357 490.992 60.7286 108.092 47.122 60.9697 2695.13 583.738 522.211 250.446 209.464 54.1838 239.798 103.79 271.765 240.302 144.7 95.6017 77.8703
internal_count=38806 20553 19731 19462 17161 18253 15590 14154 10600 3554 3306 2301 1789 609 3007 12457 3133 2816 1185 271 2860 574 439 2663 2353 238 7294 1965 5329 1940 3389 1510 789 694 591 1765 787 312 2930 1180 686 528 337 822 2286 287 593 249 344 11670 2526 2263 1089 920 236 1455 646 1174 1040 629 411 336
is_linear=0
shrinkage=0.05


Tree=36
num_leaves=63
num_cat=0
split_feature=33 72 72 45 45 72 45 72 60 0 31 49 66 0 33 21 72 46 77 19 19 38 6 48 55 32 44 45 44 48 51 60 49 18 33 55 55 56 14 77 59 55 16 5 96 14 19 60 6 51 49 6 15 46 46 32 55 34 60 75 44 0
split_gain=100.289 59.9183 70.3808 58.5444 51.6976 50.2321 45.3768 41.1993 35.1204 32.8985 29.419 27.5111 26.8729 25.7195 23.609 21.9381 21.8149 27.6744 21.5214 20.4997 24.2406 21.0272 20.7361 21.5579 24.4979 23.3623 20.6664 20.3943 20.2459 20.0107 35.4567 26.3697 29.2166 24.7154 20.0047 22.0615 30.316 19.9951 28.0794 26.3079 19.7302 22.3376 19.8985 24.6822 19.6843 22.4326 19.2031 29.1184 25.7596 21.5453 20.199 18.7392 18.5746 18.5557 18.4866 18.0609 17.9953 17.5255 17.4837 18.6731 16.9289 16.8632
threshold=1312.5000000000002 2.0364416221033861 -1.1485353183742142 0.42583029882674334 -1.7932553926166834 0.8144976136982286 1.308474080681993 -2.7581371753246198 120.50000000000001 1.0000000180025095e-35 0.97381896377931609 1.490734250744066 10.741071428571431 210.00000000000003 414.00000000000006 0.31612258494337114 -0.48645138591451631 0.36410612392212205 2.2102668061474726 0.11583184257602865 0.25121359223300976 0.036410984848484852 0.10948202054794522 -0.43075959267780189 0.86439903237499582 0.62380779362339911 -0.73723015996272701 -0.50432489865961816 0.13901633575042852 0.13992332968235152 -0.24274849734387458 320.50000000000006 -1.3451257121004445 0.31296641791044782 2595.5000000000005 1.0242943173990633 1.1588632944532367 1.5000000000000002 0.37124761802995504 2.0740817867302774 44.500000000000007 0.74158640263296904 1.9321839080459773 0.66751700680272119 15.725729040982509 0.33867999208391059 0.16720430107526885 261.50000000000006 0.15891053391053392 -0.41543563393833377 -1.5590980634238194 0.098262032085561515 0.55263157894736847 -0.21313712374576121 0.50090616945623523 0.73710792131844771 0.99742416705473957 0.7563253540594711 237.50000000000003 11.500000000000002 -0.067311901606609506 1.0000000180025095e-35
decision_type=2 2 2 2 2 2 2 2 2 2 2 2 2 2 2 2 2 2 2 2 2 2 2 2 2 2 2 2 2 2 2 2 2 2 2 2 2 2 2 2 2 2 2 2 2 2 2 2 2 2 2 2 2 2 2 2 2 2 2 2 2 2
left_child=10 2 3 40 34 8 9 -5 16 -7 14 27 29 -9 -1 -13 17 -6 55 -16 21 -21 26 24 25 -24 -22 -11 -23 30 33 -31 -33 -10 35 -4 -37 38 39 -25 42 -42 43 58 45 51 48 61 49 50 -12 -45 57 -3 -49 -14 -26 -29 59 -2 -15 -48
right_child=1 53 4 7 5 6 -8 13 12 11 46 15 18 60 19 -17 -18 -19 -20 20 22 28 23 37 56 -27 -28 52 -30 31 -32 32 -34 -35 -36 36 -38 -39 -40 -41 41 -43 -44 44 -46 -47 47 54 -50 -51 -52 -53 -54 -55 -56 -57 -58 -59 -60 -61 -62 -63
leaf_value=0.052963126197174686 0.0061373525533580039 0.0074648120792047386 -0.02348607147083287 0.031390104157369113 0.0037355085391950205 -0.014083853838019612 0.039414464273330799 -0.012894898214118539 0.0044961978200995147 -0.00023588361999657303 -0.0078571014266061532 -0.0033775531582994033 -0.012905390113522309 0.01966486773068896 0.02793762826243076 -0.041892710608018156 -0.024940498005576926 -0.024805155681946994 -0.027031885706228134 0.022261468780945412 0.016811050409705829 -0.00535608287254964 0.037809375888654899 0.035748515648648095 -0.060862204246112286 -0.021881578661817197 -0.015911789732224634 -0.0043653448959314169 -0.051651077137891369 -0.00070321214655477205 -0.00076912286844249805 0.018300692165510998 -0.031818703146132492 0.057272199523529299 -0.035742339346760563 0.062511300502254549 -0.013996739940490752 -0.0099058601856508582 0.030999914532986301 -0.029295712761982853 -0.0046861667274167391 0.036856299783526586 -0.012085302424983436 -0.015406459019115229 0.045448408688316351 0.030694849884063954 0.011547871717748423 0.015240434313803142 -0.024614958003786554 -0.01730361523115977 0.04786809456858894 0.023745264962068177 0.0076027807074468884 0.033408202880967568 -0.021330936339526253 0.020471413753666026 -0.0082275823995181328 0.038490075834672177 0.02529318004830311 -0.044357275551940856 -0.012512088084954482 0.038558487098344849
leaf_weight=24.200017392635345 35.005132630467415 157.68257404863834 158.6107299849391 73.137059137225151 193.32405580580235 351.57504493743181 73.452546700835228 591.05598632991314 39.645572736859322 409.32291910052299 22.985787734389305 145.76469316333532 181.52166193723679 119.09630858153105 75.747831463813782 49.606115192174911 534.19050886482 151.01956153661013 229.81970489770174 23.321091294288635 64.853967696428299 43.852673128247261 42.785897493362427 24.150771230459213 24.985544353723526 26.340868100523949 186.56202946603298 29.677285254001617 51.815338850021362 446.03388543426991 353.15648671239614 35.317092701792717 160.18806887418032 50.958554446697235 207.49141208827496 19.835604950785637 36.684004120528698 57.358116179704666 220.05738146603107 43.105921015143394 40.330101042985916 159.07182943075895 85.733420446515083 76.31169106066227 66.847920134663582 115.39149704575539 76.925848640501499 210.41030257195234 56.862244300544262 32.315876483917236 54.130137398838997 50.830945089459419 266.57557003945112 123.3371460288763 41.151696279644966 51.998034544289112 46.937341347336769 117.04405781626701 29.802040323615074 37.893206983804703 61.935617133975029 240.79618555307388
leaf_count=184 148 722 1020 325 983 1719 313 2926 174 2102 106 671 1041 550 327 239 3209 936 1291 100 278 189 184 103 110 112 810 132 223 2208 1699 165 785 216 1724 124 212 248 944 185 171 676 374 325 284 487 350 944 253 140 237 213 1168 596 178 273 210 504 125 163 301 1097
internal_value=-0.000685947 -0.00366673 -0.00475357 0.00440494 -0.00804548 -0.00623018 0.00115438 -0.00443757 -0.0106224 -0.000896667 0.0100879 0.00365371 -0.0060869 -0.0078415 0.00429665 -0.0131988 -0.0186101 -0.00877069 -0.0161673 0.00302191 0.000808586 -0.0201153 0.00419518 0.0102322 -0.00620507 0.0149931 -0.00744757 0.00766336 -0.0305102 -0.00177767 0.00637867 -0.00742743 -0.0227346 0.0342646 -0.024652 -0.0139207 0.0128285 0.0169731 0.0223581 -0.00584677 0.0151308 0.0284309 0.00978876 0.0143536 0.0214061 0.0147429 0.0176067 0.0219736 0.00262312 0.0168316 0.0312048 0.000213256 0.0154969 0.0188768 0.00923195 -0.00544636 -0.026641 0.0297906 -0.00684341 -0.0200665 0.00862788 0.0320402
internal_weight=7807.93 6116.28 5835.26 1542.44 4292.81 3870.19 1443.02 845.225 2427.17 1369.57 1691.65 1017.99 1548.64 772.088 956.075 195.371 878.534 344.344 463.339 931.875 856.127 118.989 737.138 485.722 141.05 69.1268 251.416 822.62 95.668 1085.3 443.761 641.539 195.505 90.6041 422.622 215.13 56.5196 344.672 287.314 67.2567 697.218 199.402 497.816 412.082 309.382 242.534 735.578 569.284 166.294 109.432 77.1159 127.143 413.297 281.02 251.562 233.52 71.9229 146.721 102.7 72.8983 181.032 317.722
internal_count=38806 31294 29976 7068 22908 19828 6848 4102 12980 6535 7512 4816 7852 3777 4207 910 5128 1919 2605 4023 3696 512 3184 2096 616 296 1088 3906 412 5247 2089 3158 950 390 3080 1356 336 1480 1232 288 2966 847 2119 1745 1309 1025 3305 2569 736 483 343 538 1804 1318 1122 1314 320 636 436 311 851 1447
is_linear=0
shrinkage=0.05


Tree=37
num_leaves=63
num_cat=0
split_feature=52 72 48 78 78 52 72 89 1 72 54 46 0 6 45 22 62 60 14 4 52 77 45 72 31 0 60 52 22 95 48 42 32 38 38 42 38 77 41 45 77 71 29 10 33 94 25 78 46 47 78 77 34 5 54 37 46 33 16 32 23 29
split_gain=118.595 48.7289 59.6196 52.3798 39.2244 38.6488 33.5092 32.762 26.4262 25.5113 33.2241 25.4425 26.1336 25.376 25.5018 24.9114 24.4286 27.9204 23.5431 23.1508 22.2711 22.7867 20.6839 20.675 19.8437 19.6319 20.6252 18.7593 18.5189 19.0832 18.079 19.7236 17.9844 17.8 23.755 22.3389 22.2088 20.1068 17.9428 17.6492 19.1678 17.4823 17.2987 17.2472 17.2408 16.7824 24.9909 18.4145 16.5131 16.3994 16.3442 16.4752 16.1472 33.233 23.2561 16.0571 15.9147 17.5898 15.8124 15.5725 15.4556 18.9591
threshold=930.37500000000011 2.0364416221033861 -0.73105507955932614 2.6250515615792609 -2.1374930936291014 339.4500000000001 -1.8768963649547239 1.0000000180025095e-35 2.9375000000000004 0.85422707780267271 0.74686704352440048 -0.20103725112414567 210.00000000000003 0.90260840108401097 0.88601317826827952 798.50000000000011 11.338271154172157 197.50000000000003 0.52388080980895368 0.96298512097768618 1369.3250000000003 2.7817970915992745 -0.64727831910916611 -0.923587376212054 1.022010852012144 210.00000000000003 15.500000000000002 989.82500000000016 589.50000000000011 325.50000000000006 -0.91999404557040576 4.5000000000000009 0.55087252292221245 0.38482886888545015 0.1539872971065632 1.5000000000000002 0.97752871952928 2.2554043861943471 1.0557339710901938 0.20347391906445875 2.533308315521118 0.70362780847337369 0.42065592505876975 0.81234476429870173 4326.5000000000009 6.5000000000000009 0.98865552166583026 -1.9854063553381576 0.85545401798663034 1.4374056047195929 0.77509531891295025 2.1742250143698372 0.92597168775104444 0.63680926916221037 1.1581562022418115 1.0000000180025095e-35 -0.33951247120900585 3561.5000000000005 0.80198063380281703 0.35319472616632869 0.99220025689204883 0.29254959274829223
decision_type=2 2 2 2 2 2 2 2 2 2 2 2 2 2 2 2 2 2 2 2 2 2 2 2 2 2 2 2 2 2 2 2 2 2 2 2 2 2 2 2 2 2 2 2 2 2 2 2 2 2 2 2 2 2 2 2 2 2 2 2 2 2
left_child=5 2 4 6 27 28 19 8 -7 10 13 12 32 14 16 -6 17 39 20 -4 21 42 -13 25 -9 26 -12 -2 29 -1 31 -17 -11 34 35 -10 37 49 45 40 -8 -40 -5 -25 -21 -36 47 -47 -26 -35 -34 -52 53 -44 -55 -38 57 -3 -15 -49 -39 -62
right_child=1 56 3 18 15 7 9 24 33 11 23 22 -14 58 -16 30 -18 -19 -20 44 -22 -23 -24 43 48 -27 -28 -29 -30 -31 -32 -33 50 36 38 -37 55 60 41 -41 -42 -43 52 -45 -46 46 -48 59 -50 -51 51 -53 -54 54 -56 -57 -58 -59 -60 -61 61 -63
leaf_value=0.040750913084493683 0.0039688187745573035 0.023007686788869899 0.031441009858878675 -0.040794142936392337 0.049548914555778284 0.03786642558345768 -0.0007745365462870522 0.0041077464289504331 -0.017946961507726643 0.016309986835153844 0.035449615868865601 -0.029120516514173658 0.022039765745941589 -0.051920163176412674 -0.03182859096477493 -0.0056308617581989628 0.043168743821894583 0.043942433904283401 0.016703422024605299 -0.013747212690213477 -0.040283169626726116 0.030845426604424034 0.021768684417965627 -0.0027149679032524771 0.018360631919138063 0.015108359558385213 -0.013036170459946969 -0.034039353202708837 -0.013158285148947749 -0.0031517086121223784 -0.023718969520862176 0.049380446846601748 -0.026445792436938717 0.003620392235954277 0.044982351256197324 0.0032047198964519985 -0.025858781979603548 -0.0052452479761370069 0.050598469298773631 0.030570360306747542 -0.050369253925067997 0.01017397771786094 -0.043357471953534385 -0.022095297616739763 0.018186716687537317 -0.02957927065601015 -0.043242792179500278 -0.019026923195878464 -0.020981552728573539 -0.019930290528553045 0.037328704841767771 -0.01547912975344231 -0.02394924875164085 0.07609233324902194 -0.00063188383127555682 0.0096412609640780453 0.034017861942126477 -0.022100453506378515 -0.00033762456017545042 0.022088262340144132 0.020118437484280743 -0.029429415326459388
leaf_weight=138.30052534490824 35.092165805399418 50.304698422551155 113.15743687748909 71.756718873977661 18.06183011084795 47.504662543535233 88.86225875467062 597.61750128865242 144.17446850240231 47.124962173402309 23.428123503923416 21.846357420086861 73.46333634853363 27.234151363372803 29.645163394510746 116.0047862008214 66.175205424427986 41.41084261238575 37.203736640512943 84.438715770840645 146.20923865586519 23.697265304625034 214.79565732181072 148.48337753862143 631.87350043654442 104.4803177267313 315.62608513981104 395.3391390144825 24.822391599416733 29.873060263693333 136.6211614087224 18.844692021608353 154.82695426046848 357.43517419695854 26.934604406356812 925.57622040808201 35.111623093485832 174.19088780879974 59.017673373222351 31.371062248945236 24.932366512715816 49.617009177803993 19.638057343661785 515.73591843247414 84.341630816459656 26.154141306877136 25.470518350601196 27.300282776355743 27.649018749594688 93.050517231225967 23.036198332905769 40.648377656936646 92.536663301289082 18.796692579984665 20.420255981385708 328.8355131149292 85.158263921737671 37.680661626160145 32.982523396611214 141.31337596476078 21.034851387143135 213.31039647758007
leaf_count=819 207 228 485 492 90 226 445 2575 644 245 100 109 340 175 159 641 305 196 195 362 1173 147 916 839 2735 479 1527 3411 117 154 749 91 811 1542 117 3994 151 759 253 149 122 214 137 2905 368 121 112 119 124 422 100 183 624 117 139 1430 411 183 198 607 91 927
internal_value=-0.000655731 -0.00725351 -0.00855063 -0.00518154 -0.0213552 0.00512175 -0.00219298 0.00405325 0.000942878 -0.00444239 -0.00797839 0.00445642 -0.00431225 0.00561784 0.011914 -0.00709954 0.0170749 0.00777496 -0.0211973 0.0139502 -0.0248008 -0.0155975 0.0170393 -0.0121882 0.0107191 -0.00381341 -0.00966167 -0.0309288 0.0269687 0.0329254 -0.0109038 0.0020506 -0.0116244 0.000277315 0.00407554 0.000347941 -0.00414598 -0.00853388 0.0152654 -0.00253112 -0.0117193 0.0322076 -0.0205635 -0.0177715 0.00218228 0.00778894 0.00319923 0.00931736 0.0167008 -0.00123639 -0.0176764 0.00357288 -0.010921 0.00948409 0.0361149 0.00619651 0.0186156 0.00362973 -0.0237971 0.0153943 -0.0165662 -0.024954
internal_weight=7777.58 3631.41 3458.27 2738.31 719.964 4146.17 2308.05 3953.17 2696.03 2026.11 1450.37 575.742 339.1 342.614 282.397 289.532 252.752 186.577 430.259 281.938 393.055 246.846 236.642 1107.75 1257.14 443.535 339.054 430.431 192.996 168.174 271.471 134.849 265.636 2648.53 1425.56 1069.75 1222.97 859.022 355.808 145.166 113.795 108.635 223.148 664.219 168.78 247.173 220.238 194.768 659.523 450.486 218.512 63.6846 151.392 58.855 39.2169 363.947 173.144 87.9854 60.2167 168.614 408.536 234.345
internal_count=38806 20553 19731 14542 5189 18253 11518 17163 11729 10303 7599 2704 1679 1749 1376 1571 1217 912 3024 1215 2829 1656 1025 5850 5434 2106 1627 3618 1090 973 1481 732 1339 11503 6181 4638 5322 3741 1543 716 567 467 1509 3744 730 1076 959 847 2859 1964 1094 283 1017 393 256 1581 822 411 373 726 1777 1018
is_linear=0
shrinkage=0.05


Tree=38
num_leaves=63
num_cat=0
split_feature=22 24 69 47 47 32 20 31 26 6 48 9 78 59 26 77 54 5 45 5 30 53 96 32 53 3 4 10 9 20 48 16 95 32 5 14 29 75 48 72 66 53 47 54 17 66 62 40 48 59 40 6 96 19 46 50 54 46 56 18 77 96
split_gain=84.5121 61.6117 45.1603 31.8797 39.4918 31.0604 29.742 29.0862 27.989 24.3994 27.3251 23.8559 21.7861 21.1768 21.106 21.6853 20.7751 20.4196 20.3982 19.8037 26.123 21.5453 20.1612 19.6641 23.373 19.4232 30.2218 28.271 41.063 23.3964 25.4517 20.2117 19.3546 19.1939 18.8212 23.3012 18.413 18.3629 21.1298 18.2769 20.2921 19.4251 18.0861 23.6299 17.9867 17.8477 17.469 17.4332 20.5714 18.3781 27.8641 23.0289 17.2524 21.9343 18.223 17.1715 24.0812 22.9662 20.9293 16.9788 16.9775 16.9351
threshold=649.50000000000011 0.44736842105263158 10.500000000000002 1.9956259383555006 -1.4072513871105172 0.74563938748605629 0.22187060478199719 0.97381896377931609 0.73892556819764654 0.12534153005464485 -0.52495750342301284 643.50000000000011 -3.0034262689979383 34.500000000000007 0.68584155265669755 2.6893548365499007 0.74686704352440048 0.70620204603580572 -1.7932553926166834 0.33541666666666675 1.1311487804878051 0.34291307057054909 7.6725384615384629 0.60081300813008143 1.2884268290106833 1.0688017968072556 1.4310072308419028 0.68617001552550516 930.50000000000011 0.26209992193598758 -0.28803396741677545 0.94103494892494866 360.50000000000006 0.57985507246376822 0.91695402298850581 0.27372998427413403 0.38845387680049043 3.5000000000000004 1.051431700953902 1.1713856283996886 5.8839285714285721 0.32191841304986907 -0.6447563352827258 1.1210384791780224 0.2163858338856588 2.9196428571428572 7.6999548464780263 1.6529886492292509 1.3555244937608222 28.500000000000004 2.5886747262773731 0.083683473389355764 4.476268158160492 0.48295234405269283 -0.039875770289777616 0.91361562898188642 0.98390022025375579 -0.52658729516380876 1.5000000000000002 0.25126262626262635 2.2702087504198656 4.202095925808889
decision_type=2 2 2 2 2 2 2 2 2 2 2 2 2 2 2 2 2 2 2 2 2 2 2 2 2 2 2 2 2 2 2 2 2 2 2 2 2 2 2 2 2 2 2 2 2 2 2 2 2 2 2 2 2 2 2 2 2 2 2 2 2 2
left_child=7 8 3 4 -3 14 61 9 12 11 42 16 -2 -13 19 -16 -1 -7 -8 -6 -21 -22 -23 24 -24 27 29 -20 -29 -27 -31 -30 55 -9 35 -19 -32 -37 -39 40 -14 -42 43 -11 -25 -35 -46 -47 49 51 -51 -49 54 -54 -38 56 57 -12 -58 60 -57 -4
right_child=1 2 6 -5 5 17 18 33 -10 10 32 13 39 -15 15 -17 -18 34 25 20 21 22 23 44 -26 26 -28 28 31 30 36 -33 -34 45 -36 37 52 38 -40 -41 41 -43 -44 -45 46 47 -48 48 -50 50 -52 -53 53 -55 -56 59 58 -59 -60 -61 -62 -63
leaf_value=0.033919852158497826 -0.033167214065642117 -0.017222721376428683 -0.00024681691520788156 -0.01939091412755177 -0.047670551344765041 -0.0063344403366088851 -0.027213976801763903 0.047944467935969182 0.034244572939064334 0.010756850778156716 -0.0099728120277316461 -0.057492887430408049 0.019925423765395765 -0.0040079093488590766 0.020601220436382909 -0.021981418695098877 -0.0065828372711873419 -0.010653953674299374 -0.022055262764963009 0.027557182706756396 0.028407737629101228 -0.016195302501127797 0.015373729792353852 -0.033964867672778183 -0.016781171143440677 -0.043767371920688081 0.019802599400683209 0.047659376306584456 0.021261016733388021 -0.022521904904697649 -0.030814586815059327 -0.024232155396422914 -0.029669107405750579 0.05026261708572153 -0.0037224099487567089 0.0012639129002896682 0.027870548254414443 0.025997669625755161 -0.016562324201761746 0.001866149947253759 0.032332765025360713 -0.018334287905321975 -0.036777256187641605 -0.033911710822646657 0.012509311198067833 0.023404491954282129 -0.023426183769289965 -0.0090054766325463418 -0.038004925136653205 -0.0060565210633119057 0.051498055301107015 0.031986268096450436 0.043817440756228586 -0.0020479882827757821 -0.030126789298142803 0.033104860695734199 0.0049563620970600663 0.034761636922946572 -0.042041940309332428 0.040357325082663258 -0.015834098024336964 0.016289709297311519
leaf_weight=37.248950451612473 142.30666746944189 402.81923166662455 202.97486067563295 319.36087749898434 30.271590985357761 256.87946698069572 68.663550600409508 45.511847227811813 29.660841718316078 131.51769414544106 38.576680205762386 39.912443280220032 38.563277088105679 34.860659971833229 132.54484134912491 38.40779621899128 207.6602646484971 83.043931856751442 44.98433381319046 52.82336089015007 38.206877484917641 562.78338101506233 201.54461575299501 72.756790801882744 78.31037325412035 47.23416593670845 101.74756858497858 84.41201139241457 52.357219614088535 138.6799953058362 29.435570508241653 45.569632910192013 22.777545720338821 33.075318597257137 196.14204831421375 130.10799244046211 20.800623640418053 388.25427936017513 31.317199870944023 186.57349808514118 19.226683519780636 783.96191760897636 39.613038837909698 38.094634972512722 77.174524232745171 240.57441602647305 59.962591633200645 46.054823353886604 24.276760429143906 204.45213959366083 23.338486313819885 131.38474054634571 60.435948640108109 45.412643685936928 38.170769654214382 36.422460108995438 96.889978766441345 109.70569265633821 31.195067189633846 120.16955608874559 34.192607559263706 644.5745206028223
leaf_count=169 1283 2478 972 1850 152 1152 458 211 155 600 172 181 204 158 588 171 921 370 226 262 176 2809 983 351 377 230 479 378 264 675 138 249 100 187 887 585 92 1756 155 934 105 4557 171 169 367 1069 270 210 107 906 107 583 277 205 204 163 425 489 136 518 149 3081
internal_value=-0.000628652 -0.003469 -0.000923756 -0.00441492 -0.00272451 -0.000319017 0.00584445 0.00897544 -0.0135961 0.00347036 0.00870557 -0.0079627 -0.0148154 -0.0326626 -0.00539958 0.0109977 -0.000390929 0.005969 -0.00120947 -0.00779261 -0.00672854 -0.00839592 -0.00973922 -0.00230836 0.00635535 0.00130453 -0.0043706 0.0133542 0.0221247 -0.0108569 -0.00616108 3.69305e-05 0.0151673 0.016459 0.00978838 0.0139845 0.00549884 0.0177172 0.0228058 -0.0122679 -0.0154065 -0.0171113 -0.00640147 0.000680837 -0.0138812 0.0144074 -0.00317251 0.0126229 0.00656829 0.00925967 -0.000117766 0.0213195 0.0120292 0.0241091 -0.00957255 0.01737 0.00937298 0.0230911 -0.00647492 0.0289171 0.00934848 0.012324
internal_weight=7745.96 5978.46 4778.17 3152.71 2833.35 2430.53 1625.45 1767.51 1200.29 1018.84 699.155 319.682 1170.63 74.7731 1344.79 170.953 244.909 1085.74 777.904 1173.83 1143.56 1090.74 1052.53 489.749 279.855 709.24 481.917 227.323 182.339 380.17 332.936 97.9269 489.93 748.669 828.865 632.723 194.256 549.679 419.571 1028.33 841.752 803.189 209.225 169.612 209.894 703.157 137.137 670.081 429.507 405.23 227.791 177.44 164.82 105.849 58.9714 467.152 276.367 148.282 128.085 190.785 70.6151 847.549
internal_count=38806 30905 23667 15739 13889 11411 7928 7901 7238 4521 3092 1429 7083 339 6506 759 1090 4905 3875 5747 5595 5333 5157 2348 1360 3417 2300 1117 891 1821 1591 513 2152 3380 3753 2866 916 2496 1911 5800 4866 4662 940 769 988 3169 637 2982 1913 1806 1013 793 778 482 296 2052 1222 661 561 830 312 4053
is_linear=0
shrinkage=0.05


Tree=39
num_leaves=63
num_cat=0
split_feature=52 72 78 72 45 72 52 19 44 89 48 1 78 3 95 46 46 17 66 18 17 78 31 95 33 61 41 7 8 61 53 53 41 69 52 9 75 77 7 53 77 48 78 20 69 61 53 95 38 46 78 7 10 72 52 46 95 29 25 46 26 45
split_gain=100.806 44.5129 51.7233 46.1958 41.9439 37.6908 34.239 31.3327 31.247 29.0695 26.2522 23.3816 22.2922 24.6949 25.9529 22.256 19.5368 21.1756 18.6321 19.399 20.3913 17.478 17.4645 16.9889 20.1795 17.5607 16.9803 19.4351 19.7065 19.1264 18.1457 16.7031 23.1636 16.6707 29.3246 16.3036 15.9107 15.8703 22.6506 18.7786 17.5169 16.6389 19.4901 19.7323 18.1907 16.2767 16.1716 15.3213 16.9396 15.2902 15.2374 15.0377 25.4146 15.9998 14.9655 17.7034 15.1908 14.9464 15.7378 14.7817 14.4895 17.2693
threshold=930.37500000000011 -2.9361615154536986 -3.3130769230768284 1.5471853257431125 1.8025414900964878 -0.93839046714452223 339.4500000000001 0.86721763085399461 0.51042224081699039 1.0000000180025095e-35 -0.33755769230752208 2.9375000000000004 -0.1156406810034971 1.694967585979563 67.500000000000014 -0.015918617310757031 -0.044435259310978255 0.046357742965612715 16.062500000000004 0.47391107078039935 0.91788528804416558 0.50852327746727588 1.022010852012144 325.50000000000006 677.50000000000011 7.2882692121329598 1.0098993891484012 0.1064701778862923 0.30053763440860221 23.080325414812954 0.37913126658424712 1.0799778689869339 1.250090383224874 13.500000000000002 1369.3250000000003 1965.5000000000002 5.5000000000000009 2.037968230439263 0.049752475247524762 0.47802035606998367 2.1602976538611149 0.89161987261141618 -2.0233117367626612 0.26348078785921863 8.5000000000000018 5.0466223577493539 1.0799778689869339 354.50000000000006 0.1539872971065632 0.33798667281331668 2.1083499335989888 0.10994505494505495 1.2665065930239978 0.55881702104882591 1099.9000000000003 -0.488721221221108 51.500000000000007 0.52329164720087851 0.18273780874780116 0.85545401798663034 0.54113160442498331 -0.88605263157890934
decision_type=2 2 2 2 2 2 2 2 2 2 2 2 2 2 2 2 2 2 2 2 2 2 2 2 2 2 2 2 2 2 2 2 2 2 2 2 2 2 2 2 2 2 2 2 2 2 2 2 2 2 2 2 2 2 2 2 2 2 2 2 2 2
left_child=6 -2 10 4 5 16 23 33 37 11 -3 -8 36 14 -14 21 31 -18 57 -20 -21 54 -11 24 -1 -26 -13 30 29 60 -28 32 35 -6 -35 -4 -10 38 -7 40 -39 42 -40 -44 46 -42 -45 48 -32 -41 -50 -38 53 -53 -5 -56 -57 58 -19 -24 61 -29
right_child=1 2 3 15 7 8 9 -9 12 22 -12 26 13 -15 -16 -17 17 18 19 20 -22 -23 59 -25 25 -27 27 28 -30 -31 47 -33 -34 34 -36 -37 51 39 41 49 45 -43 43 44 -46 -47 -48 -49 50 -51 -52 52 -54 -55 55 56 -58 -59 -60 -61 -62 -63
leaf_value=0.046893465478037064 0.036568649463734469 -0.032955894151528421 0.047346195122882608 0.018330266997487753 -0.035606471051154984 -0.028093759288698214 0.035917146388966113 0.028853641377040991 -0.030485263945604475 0.0038078600894243496 0.030036983654485497 -0.0030073804728212865 0.0011426498003074166 -0.029018044228204337 0.043600364250360242 0.029699935203233149 -0.036725542668993985 -0.039371694010223161 -0.0017009398995066261 0.050089748766065215 -0.0037198053342815981 0.018552474976238652 0.017207532830119037 -0.0069752014384044381 -0.016963438574043636 0.03649085188568453 0.047791377655632607 0.0099537347104526903 0.030183309569952296 0.023373108410700422 0.004317677522261274 -0.016918080445534365 -0.016174933989983421 0.037179236249577197 -0.038818229328665653 0.0063397119438671256 -0.011578317541269789 0.047755612066562876 -0.027400505165032087 -0.017219469571050132 0.019796741212453017 -0.034628876572776544 -0.004351481031861359 0.031879087170547431 0.046824471368796063 -0.031846406843850719 -0.023212223819556999 -0.015034180155741192 0.031603085450830029 -0.035526528826980645 -0.002483278682100552 -0.041726770507593838 0.046401247860509018 0.009248811869931383 -0.026542778560090727 0.040097461882589773 -0.008263942915867387 0.017772549272569951 -0.0046698665415532718 -0.02009721654666579 0.0051017841490127516 -0.022166980891366612
leaf_weight=94.644571460783482 58.259315803647041 246.42813239246607 80.143361285328865 52.643332004547119 236.55048747360706 85.183299146592617 46.459738671779633 24.362768582999706 59.941342055797577 596.87540572881699 17.569648072123528 1621.4940050244331 69.800216734409332 26.736387148499489 74.772317260503769 101.81527157127857 38.753070086240768 36.546350076794624 78.770425386726856 55.432769000530243 25.515671581029892 120.1158005297184 629.89079791307449 32.900395974516869 30.326276794075966 30.81005622446537 32.665922939777374 51.933625474572182 42.779226988554001 50.988426819443703 267.38249045610428 28.158180773258209 27.286366835236549 23.29314298927784 27.619743883609772 35.20684365183115 171.07552571594715 18.293108358979225 37.543526850640774 633.15694960206747 28.263530515134335 28.52594905346632 99.166486084461212 27.861037194728851 54.424143850803375 32.791903004050255 25.276885740458965 56.953500017523766 145.48285327851772 140.11076620966196 41.955079823732376 20.733110994100571 36.227169558405876 58.631564937531948 95.591013364493847 22.456343673169613 57.591645210981369 64.757701113820076 307.70484060049057 27.519537210464478 120.98201245069504 210.2843699157238
leaf_count=616 269 2270 345 237 1730 522 226 179 363 2575 77 7064 318 126 328 474 189 180 363 246 113 526 2735 169 148 157 139 226 183 221 1160 126 120 147 211 151 956 99 279 3815 160 200 538 151 275 186 138 251 623 884 187 133 182 316 509 104 276 310 1432 124 526 923
internal_value=-0.000600998 -0.00672911 -0.00744556 -0.00572384 -0.00810035 -0.00594595 0.0047233 -0.0253962 -0.0100604 0.00372594 -0.0287349 0.000792153 0.000208132 0.0149677 0.0231511 0.009142 0.00318579 -0.00100771 0.00142334 0.0159067 0.0330831 0.00311303 0.0100118 0.0255296 0.0324267 0.00990915 0.000171461 0.0052226 -0.0021372 -0.00533937 0.0116787 0.0181223 0.0250817 -0.0300198 -0.00394591 0.03489 -0.00707446 -0.0144573 -0.00559995 -0.0181692 0.00493893 0.00141331 0.00565521 0.0116929 0.0265217 -0.00786493 0.00558471 0.00935501 0.0124227 -0.0205472 0.0239495 -0.00215296 0.0117513 -0.0040408 -0.00499344 -0.012019 0.00527389 -0.00422271 -0.00837876 0.0156355 -0.00917799 -0.0157849
internal_weight=7723.42 3591.09 3532.83 3268.83 2818.62 2506.79 4132.33 311.826 1728.52 3943.65 263.998 2689.36 517.918 171.309 144.573 450.213 778.276 607.481 568.728 159.719 80.9484 348.398 1254.29 188.681 155.781 61.1363 2642.9 1021.41 476.968 434.188 544.44 170.795 142.637 287.463 50.9129 115.35 346.609 1210.6 357.981 852.616 79.3485 272.798 244.272 206.729 107.562 61.0554 53.1379 511.774 454.82 773.268 187.438 286.667 115.592 79.3647 228.282 175.639 80.048 409.009 344.251 657.41 383.2 262.218
internal_count=38806 20553 20284 17937 15811 13544 18253 2267 9969 17163 2347 11729 2722 772 646 2126 3575 2833 2644 722 359 1652 5434 1090 921 305 11503 4439 2079 1896 2360 742 616 2088 358 496 1950 7247 2103 5144 445 1581 1381 1102 564 346 289 2221 1970 4699 810 1587 631 449 1126 889 380 1922 1612 2859 1675 1149
is_linear=0
shrinkage=0.05


Tree=40
num_leaves=63
num_cat=0
split_feature=52 18 45 45 22 88 88 78 60 33 14 72 72 15 75 34 10 29 9 60 43 60 72 43 33 44 61 57 29 30 34 44 52 3 14 19 14 66 9 4 25 17 38 7 34 8 34 60 4 51 45 57 44 5 23 38 9 14 46 77 23 35
split_gain=88.532 45.9138 44.6259 42.4731 42.4501 40.328 36.6957 33.091 32.8869 31.8413 27.6966 26.1043 25.9665 28.2525 24.8471 25.5891 26.3902 24.5213 22.3488 21.8764 21.8762 25.5948 20.1031 19.5309 19.2662 18.9212 18.375 18.3518 18.3391 27.3042 18.1714 30.5859 17.6381 17.172 16.7534 17.3939 17.3897 16.751 16.5547 16.8795 16.4783 16.4767 19.4358 19.7013 18.9692 17.6092 17.3554 16.4026 24.9133 16.2886 16.0983 15.6238 15.3481 15.2503 16.852 15.0988 15.0771 14.9748 14.9436 14.9135 14.902 14.8621
threshold=1174.8500000000001 0.8512955103864196 -1.3077495291902121 1.5906201922376331 306.50000000000006 1.0000000180025095e-35 1.0000000180025095e-35 0.16015075471697343 385.50000000000006 4275.5000000000009 0.54230921398102405 -3.1668821098451052 1.1054923168154114 0.44736842105263158 5.5000000000000009 0.86724170612091667 1.0458603483632609 0.45762014368417386 2582.5000000000005 347.50000000000006 4.5000000000000009 347.50000000000006 1.0505927664439698 5.5000000000000009 1066.5000000000002 1.108248299319776 9.1753670348473069 -0.16790078175091744 0.43336646785950966 1.9289737759587695 3.1978854171352098 -1.7180359579737907 769.62500000000011 1.1593976449275365 0.3006717691757062 0.21595124536301011 0.52659300894546401 8.0446428571428594 1483.5000000000002 1.0398938992042444 0.26189982424396396 0.40883018791305853 0.49021277320368845 0.07854152897113903 1.0539299040003953 0.019704911667637357 1.3314029317519263 126.50000000000001 1.1593976449275365 0.51348200550712408 -0.55631943585291921 -0.48929967711770989 -0.94946195686249912 0.74482364700842507 1.2256389249015656 0.051238478285329542 1110.5000000000002 0.49527754928097845 0.27138679454488251 2.0740817867302774 0.96368593432879446 1.7028719238021566
decision_type=2 2 2 2 2 2 2 2 2 2 2 2 2 2 2 2 2 2 2 2 2 2 2 2 2 2 2 2 2 2 2 2 2 2 2 2 2 2 2 2 2 2 2 2 2 2 2 2 2 2 2 2 2 2 2 2 2 2 2 2 2 2
left_child=4 2 7 6 -1 8 50 10 18 25 14 -7 13 24 -2 -16 -17 20 19 30 26 -22 -5 33 -13 27 28 38 29 61 31 -6 40 49 -11 36 -36 47 -8 -40 -21 42 44 -44 55 -43 56 48 -33 -3 52 -26 -4 54 -42 59 -46 -20 -53 -19 -45 -15
right_child=1 23 3 22 5 11 9 -9 -10 34 -12 12 -14 17 15 16 -18 41 57 32 21 -23 -24 -25 51 -27 -28 -29 -30 -31 -32 37 -34 -35 35 -37 -38 -39 39 -41 53 45 43 60 46 -47 -48 -49 -50 -51 -52 58 -54 -55 -56 -57 -58 -59 -60 -61 -62 -63
leaf_value=0.028004557110060082 -0.047244362092051691 0.00016293635723001675 0.010223266344340473 -0.028525299350627472 0.049823508376034525 0.047653386981632607 0.031406322188235268 0.024343139872402431 0.059025922999891525 -0.016209271288342555 -0.036776586725569466 0.0088199977349017657 0.016419597501922692 -0.019048555707234304 0.064684244143739619 -0.045916498012659311 0.027370691852177151 -0.016342423727211019 0.0007735981093136726 -0.026017684747606351 0.03066560832398852 -0.0072018846191097387 0.033409101961450451 0.047769613981548456 0.029759519636018934 0.037511477161682273 0.021453410174560861 -0.010616033090065667 0.03376034171802663 0.0083839543669138508 -0.035674267702581523 -0.022285030346980345 -0.02545137951225588 -0.015533623239745052 0.026941214858276344 0.032993145570630059 -0.035165573003680409 -0.00566292344752483 0.016684472163677862 -0.030755112703793854 -0.037424823008354459 -0.034806645161704085 0.019983456886992067 -0.031930916272157175 0.0060626056041430329 -0.0017391423393794464 0.023603085905732672 0.004890535175185143 0.024778950191266982 0.064777944906131035 -0.006634882861866794 -0.0056911251571026287 -0.028330023981872191 0.024117607248139397 0.014263606322400849 0.056185699668602609 -0.040492931473515709 0.049769940159557366 -0.026078311081847341 0.03489986232084976 0.0086412103914320689 -0.071628723891566715
leaf_weight=169.87296904623508 25.045120745897293 21.172297455370426 29.976228550076485 246.69437622278929 29.989087700843811 39.69880485534668 57.42855928838253 31.313005089759827 22.272100366652012 27.651765115559101 281.56560548394918 169.57172292470932 536.56350351125002 34.098172396421432 16.589489988982677 23.009381845593452 26.066522277891636 21.500563718378544 28.852596066892147 54.761152133345604 268.39873731136322 53.232452407479286 13.681765228509901 44.552872560918331 21.775792434811592 28.123694531619549 92.076519533991814 349.94147766381502 22.501304805278778 58.675779901444912 36.699788957834244 128.36592234671116 174.09247259050608 42.193646363914013 23.862413436174393 157.03553286194801 21.159770540893078 1039.5743986964226 42.514651529490948 33.327449291944504 30.287191435694695 50.361036375164986 48.904689714312553 68.478264577686787 44.081789970397949 201.10848923027515 63.4517982006073 1167.1234162002802 35.819734655320644 18.235481113195419 643.80911799520254 231.85936297476292 176.37739146500826 63.305501326918602 32.526350513100624 41.775573700666428 28.445042505860329 34.393118634819984 147.64413719624281 40.880920365452766 33.476233631372452 22.596968412399292
leaf_count=968 165 125 138 1833 130 188 284 152 97 131 2500 722 2426 157 132 181 151 100 138 239 1186 240 65 220 99 140 413 1840 104 260 162 619 888 225 107 751 114 5001 210 165 130 229 220 320 190 924 276 5168 168 90 3396 1081 1112 273 137 183 150 170 706 183 150 102
internal_value=-0.000135721 -0.00816486 -0.0098087 -0.00652053 0.00341134 0.00260941 -0.00345283 -0.0248764 -0.00135314 0.00467504 -0.0290352 0.0074827 0.00678556 0.00385303 -0.00493692 0.0111706 -0.00691205 0.00822856 -0.00182783 -0.00249556 0.0159616 0.0243824 -0.0252401 0.0211658 -0.00529031 -0.00226351 0.00415617 -0.00459611 -0.00736655 -0.0154533 -0.000804343 -0.000267774 -0.0140914 0.00653878 0.0201363 0.0251406 -0.00215051 -0.000905558 0.0111696 -0.00410921 -0.00312209 0.0015802 0.00800749 -0.0060304 0.0168461 -0.00839255 0.00449742 0.0028057 -0.011978 0.0302776 -0.0105431 -0.0112662 -0.0227031 0.00679234 -0.0105997 0.0328998 -0.0121583 0.0275333 -0.0136406 0.0171607 -0.0185649 -0.0401827
internal_weight=7770.42 2381.33 2255.17 1851.58 5389.09 5219.22 1591.21 403.589 2878.06 741.045 372.276 2341.16 2301.46 1764.9 90.7105 65.6654 49.0759 1194.04 2855.79 2792.55 551.58 321.631 260.376 126.154 570.851 511.336 229.949 483.212 137.872 115.371 2437.57 2400.87 354.973 81.6014 229.709 202.058 45.0222 2370.88 133.271 75.8421 180.88 642.464 390.995 150.859 240.136 251.47 135.979 1331.31 164.186 39.4078 850.163 401.279 206.354 126.119 62.8135 104.157 72.5268 63.2457 379.504 62.3815 101.954 56.6951
internal_count=39124 14227 13567 10286 24897 23929 8388 3281 13320 3742 3129 10609 10421 7995 629 464 332 5387 13223 12915 2462 1426 1898 660 2608 2639 1036 2499 623 519 11248 11086 1667 440 1103 972 221 10956 659 375 779 2925 1772 690 1082 1153 616 5955 787 215 4646 1886 1250 540 267 466 340 308 1787 283 470 259
is_linear=0
shrinkage=0.05


Tree=41
num_leaves=63
num_cat=0
split_feature=52 48 47 1 78 48 88 60 48 26 50 88 26 18 94 40 41 97 19 46 60 72 72 52 49 44 53 78 54 5 5 41 25 60 35 62 30 49 60 97 30 25 44 26 53 47 4 46 32 54 52 60 29 47 14 77 40 52 26 22 29 50
split_gain=80.4209 49.4145 41.6415 40.1142 37.1775 36.443 34.6485 33.7773 33.7706 33.268 26.6961 25.4976 24.6853 21.6747 21.2272 28.3723 22.9882 22.1916 21.0322 20.7799 24.742 18.8582 28.6002 29.6851 22.9459 31.0327 19.2761 19.0615 18.4831 18.3677 31.7109 31.2355 18.1322 17.9426 26.6717 23.965 25.512 23.4517 22.5602 22.2221 20.839 17.4354 17.3617 16.7909 16.7192 21.8146 19.5679 16.4001 16.2308 16.8151 18.0025 21.3579 18.4058 23.0391 17.1985 21.7829 16.481 17.5892 16.0732 16.0196 26.7105 25.9171
threshold=1174.8500000000001 -0.73105507955932614 2.2723388429752069 4.4017857142857153 -1.8174174331103954 1.0373438841319345 1.5000000000000002 385.50000000000006 0.10845116892912356 0.40458252056526905 1.538416820672218 1.5000000000000002 0.7559342723004695 0.88597091531223271 42.500000000000007 1.544936315625971 0.4766361223697112 32.173993808049538 0.86721763085399461 -0.52658729516380876 48.500000000000007 -0.7918495876254853 0.66270709570954089 1823.9500000000003 -0.62941367406089455 -0.54062998405097706 1.0731347114986465 1.1817103227689956 1.4498390201559077 0.86978260869565227 0.91331186258722497 0.94050859313701685 0.48024276216639444 344.50000000000006 1.4590296641166833 13.435129964612264 2.5643335643335647 -0.24217539227194254 159.50000000000003 27.019130281080727 1.8856180856180857 1.9258151119161602 -0.56130505215083903 0.11433239962651728 2.6283458566839975 -1.1320731243112447 0.75508255933952539 -0.25071345611412049 -0.08633540372670806 1.5279240494376265 858.82500000000016 348.50000000000006 0.41801669546618087 1.1073135065019024 0.59519419721211608 2.6579306486736356 2.2237701806669419 688.30000000000007 1.1425860666847385 577.50000000000011 0.48403482935469927 1.3153450643368447
decision_type=2 2 2 2 2 2 2 2 2 2 2 2 2 2 2 2 2 2 2 2 2 2 2 2 2 2 2 2 2 2 2 2 2 2 2 2 2 2 2 2 2 2 2 2 2 2 2 2 2 2 2 2 2 2 2 2 2 2 2 2 2 2
left_child=3 4 9 8 28 6 7 12 -1 21 33 13 14 -11 16 17 -5 32 -4 -6 -21 24 -23 27 -3 -26 -25 -24 -2 41 -31 -32 43 34 -7 -36 37 38 -37 40 -40 44 -10 -16 45 46 -14 -28 -18 50 52 -52 53 -50 55 56 57 -51 -12 -44 61 -61
right_child=1 2 18 5 19 10 -8 -9 42 11 58 -13 29 -15 15 -17 48 -19 -20 20 -22 22 23 26 25 -27 47 -29 -30 30 31 -33 -34 -35 35 36 -38 -39 39 -41 -42 -43 59 -45 -46 -47 -48 -49 49 54 51 -53 -54 -55 -56 -57 -58 -59 -60 60 -62 -63
leaf_value=0.034322468412686789 -0.034216030541017642 -0.0057070212404588209 -0.033369271088533117 0.038081690079685489 -0.028657297811040434 -0.026915992890695795 0.012192324231834816 0.055488372925299172 0.020998475183071488 -2.3626542050054412e-05 0.057297166452396825 0.028671881846275161 0.011914623621447027 0.039034649284808744 0.014932727497630303 -0.012900684639624705 -0.027026826816157763 -0.032123392676646878 0.024861041322092579 0.05814674911836968 -0.0012165787958164304 -0.020790555884019405 -0.019280497926688248 0.045530490818258856 0.060258928948208668 0.00013871198307030593 -0.015860010309864874 0.019256153810824114 0.0030418179763908012 0.051636612137674211 -0.034888492380100597 0.03669093396131326 -0.0069207015887453906 -0.037883108385065457 -0.025203874975389368 -0.0087388740489860433 -0.031467118260155261 -0.036254045196266009 0.018915353276169819 0.0050860623950935019 0.068831475196658096 -0.022328691836131238 0.011805822109146586 0.060928683109030851 0.040431427257625115 0.01069950851662589 -0.042608482281694414 0.037807863893715071 0.022878806749488726 0.037410120833026653 -0.0044430208121176993 -0.036550081372212849 -0.00048333794915903004 -0.012830326885273607 0.033620136930057255 0.048269210921628176 -0.035776926769806823 -0.008293158380215087 -0.00085291583291402994 -0.057623846317228201 0.019982299097350515 0.0021662169437372358
leaf_weight=173.25202634185553 322.73351594805717 213.9077765494585 152.91108547151089 41.751576989889145 51.955177158117294 152.47192183881998 893.75770372152328 28.204985484480858 147.02991281449795 506.69289753586054 22.256408035755157 114.43775115162134 27.587479487061501 38.076693147420883 50.755142524838448 642.0403293967247 51.549833938479424 24.549579039216042 17.082983754575253 21.117981754243374 100.7218200340867 388.67982871830463 163.30204764008522 45.323594160377979 35.980909809470177 53.399512507021427 40.973509356379509 39.72185380011797 36.8248430788517 63.113989174365997 30.256855487823486 30.500070229172707 42.186431773006916 62.303812429308891 84.164344131946564 60.166488662362099 39.99863988161087 22.797861181199551 41.700873091816902 63.661214612424374 42.773704051971436 51.017872020602226 117.51714058220387 32.999659031629562 37.454126432538033 340.1515643671155 40.136703662574291 21.663903325796127 201.18898699432611 30.792444288730621 454.31563327461481 58.468175806105137 787.85256162285805 57.973419196903706 75.451870284974575 23.689209029078484 30.594571053981781 65.710935592651367 25.00602251291275 42.240210399031639 36.767295226454735 31.404432028532028
leaf_count=847 2980 1071 1213 196 316 799 4000 121 690 2460 107 525 131 173 233 2975 242 111 129 102 500 2492 841 228 164 269 214 182 272 279 131 135 192 335 422 341 193 114 200 320 207 232 557 149 172 1469 187 96 855 129 2359 318 3398 250 337 104 148 315 113 184 165 135
internal_value=-0.000131341 -0.00781516 -0.00391222 0.00324655 -0.0212098 0.00179082 0.00345378 0.00109973 0.016064 -0.00149766 -0.00955209 0.00722312 0.000630569 0.00270384 -0.00145391 -0.00831712 0.00143798 0.0112002 -0.027477 -0.00218903 0.00907086 -0.00723467 -0.0117497 -0.000431002 0.00316516 0.0244368 0.0207251 -0.0117104 -0.0303865 0.00961724 0.0268434 0.000963575 0.0197037 -0.0125531 -0.0094282 -0.00190325 0.00531876 0.0117181 0.0170074 0.0274969 0.044301 0.00530359 0.00760735 0.033166 0.00848473 0.00552971 -0.0203399 0.00265265 0.00060066 0.00140233 -0.000442558 -0.00812006 0.0033132 0.0148697 0.0141385 0.00434125 -0.00383849 0.00626178 0.0264882 -0.00101434 -0.0147031 -0.0320913
internal_weight=7745.07 2365.51 1832.15 5379.56 533.353 4831.35 4214.05 3320.29 548.211 1662.16 617.301 659.207 3292.09 544.77 2671.87 792.531 1879.34 150.491 169.994 173.795 121.84 1002.95 699.665 310.985 303.288 89.3804 107.961 203.024 359.558 620.219 123.871 60.7569 125.941 570.039 507.735 355.263 271.099 231.1 208.302 148.136 84.4746 496.348 374.959 83.7548 445.33 407.876 67.7242 62.6374 1837.59 1786.04 1559.8 512.784 1047.01 259.162 226.239 150.787 127.098 96.5034 47.2624 227.929 110.412 73.6446
internal_count=39124 14227 10057 24897 4170 22319 19168 15168 2578 8715 3151 3158 15047 2633 12311 3660 8651 685 1342 918 602 5557 4053 1561 1504 433 538 1023 3252 2736 545 266 574 2931 2596 1797 1375 1182 1068 727 407 2191 1731 382 1959 1787 318 310 8455 8213 7180 2677 4503 1105 1033 696 592 444 220 1041 484 319
is_linear=0
shrinkage=0.05


Tree=42
num_leaves=63
num_cat=0
split_feature=52 45 52 45 72 88 0 78 20 14 33 14 45 51 78 72 6 72 72 49 22 77 25 50 38 72 1 40 22 53 75 62 94 94 29 78 3 45 62 78 45 61 41 16 20 14 25 26 20 62 23 39 52 3 30 25 66 66 20 38 59 53
split_gain=73.0562 38.6714 38.662 38.318 36.04 32.1525 30.807 29.9496 27.9747 28.2676 25.5004 23.1486 22.9962 22.6334 21.0094 25.8624 21.7997 20.9294 20.3749 18.5388 18.1416 18.486 17.5922 22.6022 22.5431 20.2226 17.3326 17.3126 16.7268 16.3159 16.2817 20.0912 20.1755 15.6038 15.5126 15.5004 16.58 15.6732 15.4748 15.3225 15.2866 17.6755 16.2135 16.0662 15.2069 14.8387 14.673 14.6727 16.7414 14.6015 14.5922 14.5641 14.5076 14.4535 14.3757 14.3713 14.3488 13.9306 13.8866 15.9976 13.8609 13.8345
threshold=1174.8500000000001 -1.3558378440631964 339.4500000000001 1.5906201922376331 1.7273070354579179 1.0000000180025095e-35 150.00000000000003 0.16015075471697343 0.18537609774723179 0.49833316664999838 4275.5000000000009 0.54230921398102405 -0.51563530814287428 -0.50168836446773002 1.3012724083108616 -1.3874507874015631 0.91321465251626166 -1.4808577966340042 -2.6297282447036188 -0.50566058795770263 1042.5000000000002 2.1573378442050335 0.88123740666113559 1.1174775447015046 1.1503837388238505 1.4939617966752035 2.9375000000000004 1.740883190883191 589.50000000000011 0.46047048676321251 5.5000000000000009 7.5964694143833 28.500000000000004 42.500000000000007 0.64354743462087227 -1.6283778130618851 0.75040735825887916 0.24969467431271777 7.5019982485470917 -2.2910630113287778 -0.7194615908519949 12.988469072119264 0.7638787394736718 1.9678686644203889 0.59611795446061977 0.3006717691757062 0.06456575682382136 0.63497667499870569 0.26348078785921863 3.5196784484664714 0.6807761393002798 1.353403826787513 739.37500000000011 0.93442757984448455 2.0371754137564277 0.090080454852821457 12.598214285714286 15.687500000000002 0.24025316455696205 1.4111876734615756 17.500000000000004 3.6190455919606159
decision_type=2 2 2 2 2 2 2 2 2 2 2 2 2 2 2 2 2 2 2 2 2 2 2 2 2 2 2 2 2 2 2 2 2 2 2 2 2 2 2 2 2 2 2 2 2 2 2 2 2 2 2 2 2 2 2 2 2 2 2 2 2 2
left_child=2 7 27 5 6 47 14 11 13 -10 22 30 20 -5 15 40 26 -15 -8 -19 21 -6 23 24 25 29 -16 -1 -29 -7 -2 32 53 58 -13 49 37 -37 -28 -36 43 42 54 -4 -40 -12 -38 48 -3 -17 -51 52 -43 -32 -42 -48 -26 -31 59 -20 -25 -57
right_child=1 3 4 8 12 10 18 -9 9 -11 45 34 -14 17 16 35 -18 19 33 -21 -22 -23 -24 60 56 -27 38 28 -30 57 31 -33 -34 -35 39 36 46 -39 44 -41 41 51 -44 -45 -46 -47 55 -49 -50 50 -52 -53 -54 -55 -56 61 -58 -59 -60 -61 -62 -63
leaf_value=0.046336466714381762 -0.03710082205068823 -0.021254739420443605 0.042020711289912985 -0.031938170451883185 -0.019296400243991631 0.040682467350734566 0.038348329821019725 0.023467006455388559 -0.046398315005462362 0.016150632327161282 -0.01446856748285578 -0.037017826437664471 0.029051273242016215 0.059143230893242763 0.033394978556856698 -0.025262018558288985 0.024102723102945083 -0.02232988061799596 0.014885882034269363 0.03932652344255895 -0.012573570587485606 0.034043527988338977 0.023753032272602094 0.0047103286089514888 -0.0034704296391970622 0.03790916399634689 -0.041594438390076739 0.022965186026651273 -0.025204763248251796 -0.0097005359848093518 0.05747683177908075 0.061362163062567782 -0.041933996201684906 -0.0018326207864683621 -0.029359094720091152 0.031772214098210627 -0.024637392625912791 -0.014046472385064308 -0.011580575016263653 0.04146865310574209 0.0038166208442703253 0.029845199781358047 0.0066433596233932178 -0.0055651859475335441 0.01580570232978799 0.023507718948350041 0.031764745985082513 0.0018124866963633243 -0.0050045056612137671 0.021856555505297366 -0.0094215387552556915 0.037440244315380629 -0.024306380298762198 -0.014989562190826597 -0.045298235627300773 -0.0017534760298046192 -0.059372985276729955 0.014554685036846841 0.0031347372537348589 -0.028021696388812214 -0.041280508038112 0.037652310250584006
leaf_weight=64.886708185076714 25.483453504741192 287.42888491600752 68.280389651656151 46.033017985522747 21.72461311519146 23.733332134783268 47.549121201038361 33.543703034520149 122.43705116957426 21.003798946738243 28.963465079665184 247.64480231702328 196.52624148130417 18.156826332211494 22.146224543452263 120.55160791426897 48.934805154800415 37.878427058458328 625.78950427472591 17.841910339891911 83.979020498692989 62.55955995619297 65.697263784706593 22.699062317609787 23.063892886042595 42.071934312582016 40.086434803903103 99.4477668851614 21.827284306287766 196.86115106195211 14.329042606055738 14.612512633204458 21.129453249275684 552.2343782261014 18.055235438048843 74.226166903972626 62.286606788635254 24.685480520129204 763.88195575773716 13.076781325042246 26.252660885453224 23.703920856118202 161.32353515923023 23.682485297322273 54.05657484382391 215.83251751959324 35.046686083078384 258.3989581912756 355.67403397709131 44.285101607441902 231.46862290799618 67.754036590456963 25.621480047702789 12.930422149598597 33.782158777117729 921.18972032517195 23.183153696358204 84.45223843306303 674.57717935740948 22.336782917380333 56.924309238791466 22.719768837094307
leaf_count=398 170 1701 294 300 99 114 224 159 1000 124 138 2330 932 102 107 689 210 315 2822 120 377 276 308 114 119 188 196 606 104 1082 110 81 174 2508 172 325 279 110 3704 74 113 100 685 108 255 1036 156 1215 2025 212 1137 289 109 91 142 4069 133 422 3064 101 310 97
internal_value=-0.00012743 -0.00748214 0.00308944 -0.00456863 0.00228405 -0.00179274 0.0011356 -0.0216277 -0.0223031 -0.0371997 0.0056119 -0.0257653 0.0174357 -0.00442544 -0.00212054 0.000804228 -0.0083169 0.0126702 0.00604299 -0.00246256 0.00383007 0.0202291 -0.00046065 -0.00383876 0.00106877 0.00545277 -0.0101275 0.0254734 0.0142407 0.000949056 -0.00341589 0.0101673 -0.0052841 0.00521905 -0.0328373 -0.00222772 0.000729222 0.0202841 -0.0112605 0.000269022 0.0116374 0.006702 -0.00158869 0.0297192 -0.00976283 0.01899 -0.00112534 -0.00823346 -0.0122773 -0.0107454 -0.00437416 0.0224076 0.00162339 0.0229908 -0.023767 0.000367888 -0.0316693 -0.0023986 0.00816685 0.0133953 -0.0281172 -0.0007958
internal_weight=7718.55 2349.14 5369.4 1948.34 5183.24 1684.98 4818.45 400.805 263.351 143.441 783.482 367.262 364.789 119.91 2895.97 1966.86 929.106 73.8772 1922.49 55.7203 168.263 84.2842 538.686 472.989 393.366 347.119 880.171 186.162 121.275 305.047 88.4849 63.0014 48.3889 1874.94 278.777 1536.46 1140.15 98.9116 858.025 31.132 430.401 338.438 221.358 91.9629 817.939 244.796 1041.24 901.502 643.103 396.305 275.754 117.079 49.3254 27.2595 60.0348 978.956 46.247 281.313 1322.7 648.126 79.6234 943.909
internal_count=39124 14227 24897 10866 23789 8905 22105 3361 1961 1124 3964 3202 1684 837 13386 8914 4472 537 8719 435 752 375 2790 2482 2058 1806 4262 1108 710 1618 626 456 375 8495 2576 7074 5036 435 4155 246 1840 1438 940 402 3959 1174 4601 4941 3726 2038 1349 498 209 201 255 4322 252 1504 5987 2923 424 4166
is_linear=0
shrinkage=0.05


Tree=43
num_leaves=63
num_cat=0
split_feature=52 18 45 22 0 45 38 78 9 54 69 14 97 96 39 78 41 20 14 44 1 44 75 1 60 44 72 77 1 53 51 72 18 50 35 53 42 23 32 78 38 97 18 43 61 54 77 42 53 72 54 59 49 41 8 20 61 38 7 87 51 7
split_gain=66.4096 38.3379 36.638 36.046 36.3372 34.9797 30.8821 27.6671 27.1392 25.0824 25.0399 24.3989 24.2894 22.6664 22.0733 26.413 23.8346 22.0342 26.6901 21.9305 21.899 21.8687 21.4714 21.3005 21.7053 20.8789 21.0048 21.0184 20.7331 20.8091 20.1378 21.7934 20.0435 20.008 28.647 19.9235 19.7674 19.7154 19.6257 19.0043 21.7067 18.7229 18.5893 17.4324 17.0551 17.0045 16.7922 25.4123 18.8986 16.3284 18.5482 16.921 15.7398 15.6977 16.423 15.7567 17.7576 15.5878 25.5826 15.4581 15.2448 15.0415
threshold=1174.8500000000001 0.8512955103864196 -1.3077495291902121 306.50000000000006 150.00000000000003 1.5906201922376331 1.0000000180025095e-35 0.16015075471697343 2582.5000000000005 0.56213861882381011 8.5000000000000018 0.54230921398102405 4.4421877142465389 43.078805170606735 1.3575342059181434 -0.14251820647465133 0.73471530136378804 0.18537609774723179 0.49833316664999838 -1.0904681430661178 4.4017857142857153 0.53927639103201674 5.5000000000000009 18.473214285714288 55.500000000000007 1.108248299319776 -1.842463924044712 2.0452336618986697 6.7410714285714297 1.231280301819963 -0.50168836446773002 -1.4808577966340042 0.36306818181818185 1.538416820672218 1.5731835205992513 1.7465538401280547 2.5000000000000004 0.9078355292009076 0.29745817245817252 0.79719207281950111 0.35719981772613357 6.4692910339491254 0.56021978021978036 5.5000000000000009 4.2345854209505065 0.55766064521746639 2.1444554724128064 3.5000000000000004 0.36938109276130021 -0.7918495876254853 0.96607207267147543 32.500000000000007 0.67845738398768884 1.0357310026898847 0.15349965349965353 0.26348078785921863 3.5865859583771971 0.33256037660816201 0.1283882783882784 0.86366341991341999 -0.11662222519158356 0.21631706333198872
decision_type=2 2 2 2 2 2 2 2 2 2 2 2 2 2 2 2 2 2 2 2 2 2 2 2 2 2 2 2 2 2 2 2 2 2 2 2 2 2 2 2 2 2 2 2 2 2 2 2 2 2 2 2 2 2 2 2 2 2 2 2 2 2
left_child=3 2 7 -1 8 6 9 11 13 -4 20 22 14 19 16 -16 -11 30 -19 41 -6 28 -2 33 -25 26 36 53 29 -21 -7 -32 -18 34 -14 59 -8 -24 -29 -23 -41 -5 44 57 -31 -40 47 -22 -48 51 -51 -36 -10 55 -55 -28 -57 -3 -59 -30 -46 -58
right_child=1 43 5 4 10 17 25 -9 52 12 -12 -13 23 -15 15 -17 32 18 -20 21 46 39 37 24 -26 -27 27 38 35 42 31 -33 -34 -35 49 -37 -38 -39 45 40 -42 -43 -44 -45 60 -47 48 -49 -50 50 -52 -53 -54 54 -56 56 61 58 -60 -61 -62 -63
leaf_value=0.025952438605136571 -0.044601038588385017 -0.022520883541548225 0.047554388375371327 0.04966092156280448 0.028359955259312633 -0.036172730493194784 -0.018845140986874412 0.021933421639287742 0.0072099525016971911 -0.032254183492206448 0.010613143479191279 -0.034455584576790127 -0.020811638255956888 0.041160824519127164 -0.036434728858303497 0.021884185990450868 -0.0080397067014808272 -0.045526634820237805 0.015280421130988745 -0.0045096467766044717 -0.0062027972551728311 -0.0002667576018575722 0.04498132439980182 0.075448009698293628 0.014969924972030844 0.018324397975089737 -0.02046706148812541 -0.039412527837747811 -0.0086268176071318901 -0.020601200312552095 0.055904304458084801 -0.006960183008866117 0.057107551724405375 -0.031773476647412861 0.077835023969262479 -0.026087122488794103 0.028748353846231301 -0.011250671392745576 -0.048478402731254221 0.038332551351758871 -0.00037765781187901892 0.0067400997686087498 0.033055148406150418 0.044798049406498286 -0.0082353951143727001 -0.011178924386418185 0.02820664257237776 0.033129880233063562 -0.01704444803554029 0.043056501360995036 -0.0065022363438041663 0.016332448394749174 0.054269836984518274 0.060895259589986234 0.0034512554452560888 0.033598473466374373 -0.026383312920504838 0.059987167042084615 -0.010901272657756715 0.022015360825183083 0.031558244747806261 0.024071683012942439
leaf_weight=164.89014276862144 23.850946992635727 30.209021620452404 36.141075648367405 28.410425379872322 53.314847648143768 37.048914313316345 32.794430837035179 31.581843167543411 38.562865778803825 20.897275149822235 1529.9837957471609 262.55890568345785 46.68216522783041 30.15319199860096 87.431683503091335 24.761602893471718 19.329338394105434 118.64111433923244 21.093283340334892 632.64778417348862 130.94607856869698 421.63421323895454 25.493551947176456 25.067530982196331 36.946223489940166 72.089205145835876 97.998443514108658 82.030851505696774 1130.2079142779112 50.979680061340332 18.420244708657265 53.517263263463974 29.665531434118748 29.64522160589695 23.9327307716012 164.87372583150864 64.257602602243423 39.572159744799137 32.36597316712141 79.168524831533432 66.205597907304764 239.32734278589487 77.201252475380898 44.547924622893333 40.951851636171341 552.36127436906099 25.140029713511467 59.628565244376659 261.35675679147243 29.446158558130264 51.883568964898586 21.49980940669775 33.362597152590752 19.444704197347164 34.835799030959606 39.938096359372139 42.164715521037579 24.101773671805859 26.588713221251965 42.534015215933323 57.60478088259697 22.533792823553085
leaf_count=968 165 168 182 124 240 250 142 152 184 113 6913 2500 267 144 493 119 113 1000 124 2824 625 1924 180 119 197 355 537 544 5453 226 101 423 153 145 118 798 276 284 176 363 301 1060 349 220 181 2942 111 266 1221 153 287 102 171 102 194 196 250 131 141 195 256 113
internal_value=-0.000123284 -0.00716428 -0.00869377 0.00294154 0.00220961 -0.00573848 -0.00298423 -0.0227544 -0.00117998 0.00753345 0.00736742 -0.0267891 0.00427793 -0.00189508 -0.00976333 -0.0235109 0.0122354 -0.0231638 -0.0363075 -0.0023263 -0.00198621 -0.00365131 -0.00408175 0.013941 0.0395793 -0.00764083 -0.00948115 -0.011809 -0.00591171 0.000142429 -0.00624828 0.00912268 0.0313399 0.0060721 0.0125841 -0.00980481 0.0126119 0.0107402 -0.0164905 0.00509783 0.0206808 0.0113301 0.0131411 0.019701 0.00281135 -0.01326 -0.00539324 0.00608863 -0.0130478 0.0249287 0.0114104 0.0489401 0.0291531 0.000322683 0.0241953 -0.00605627 0.00739922 0.00578113 0.0227573 -0.00750942 0.0149811 -0.00872319
internal_weight=7692.46 2333.37 2207.92 5359.09 5194.2 1824.87 1576.14 383.057 3133.83 483.33 2060.37 351.476 447.189 3061.9 182.085 112.193 69.8921 248.721 139.734 3031.75 530.386 2764.01 88.9167 265.103 62.0138 1092.81 1020.73 923.674 2197 859.385 108.986 71.9375 48.9949 203.09 173.444 1337.62 97.052 65.0657 666.758 567.008 145.374 267.738 226.738 125.447 149.536 584.727 477.071 190.575 286.497 126.762 81.3297 45.4325 71.9255 256.916 54.2805 202.635 104.637 80.8995 50.6905 1172.74 98.5566 64.6985
internal_count=39124 14227 13567 24897 23929 10286 8388 3281 14553 2561 9376 3129 2379 14198 991 612 379 1898 1124 14054 2463 12870 629 1388 316 5827 5472 5054 10282 3836 774 524 266 1072 927 6446 418 464 3662 2588 664 1184 1012 660 663 3118 2223 891 1332 660 440 220 355 1392 296 1096 559 440 272 5648 437 363
is_linear=0
shrinkage=0.05


Tree=44
num_leaves=63
num_cat=0
split_feature=52 88 72 26 20 45 10 22 46 48 48 46 44 19 26 38 97 35 88 57 19 51 7 48 69 45 97 21 66 51 5 66 38 94 54 46 19 1 34 5 16 46 77 38 17 77 14 7 72 61 44 34 38 19 20 52 69 46 61 61 77 61
split_gain=61.7604 42.5209 29.8782 29.8743 29.5808 31.9826 26.3424 24.5557 23.4047 22.8716 22.6315 35.9454 20.3695 24.7363 23.8702 20.148 20.0817 19.6379 18.5253 18.4122 20.8097 17.9269 18.6652 17.9152 17.6324 17.7251 19.0828 19.3346 20.4974 17.5705 19.2525 17.733 17.3713 22.2709 17.1156 22.8974 20.501 20.4905 17.9329 16.7842 16.6706 16.5169 20.7988 16.4782 16.0359 15.7646 15.748 15.6271 15.5032 19.1351 15.4788 15.0577 21.8579 14.9628 16.3583 15.2714 14.353 14.0447 13.7122 18.3616 14.6391 27.2252
threshold=657.47500000000014 1.0000000180025095e-35 -2.9361615154536986 -0.89022757697456478 0.17677696078431376 1.7024848358197124 2.8608414138062197 203.50000000000003 -0.32836534379407417 -1.3233696258915477 0.38235552706296344 -0.54295034182354573 0.44744967411525205 0.71478174603174616 -0.071519912312751163 0.21882773631840799 14.303217937892862 1.1779634034423989 1.5000000000000002 -0.36386658785759091 0.25121359223300976 -0.79416103477624711 0.076767990074441697 0.3939363907240408 19.500000000000004 2.1201416917131133 3.940254143789832 0.11796331435800128 5.8839285714285721 0.59955773888520847 0.83189559009444503 2.598214285714286 1.2203034492213833 14.500000000000002 0.852032513387596 0.15595266562822116 0.86402157164869042 8.008928571428573 2.8436219218405614 0.65608198924731187 0.88567952728536681 -0.033922101449204614 2.3684542950355323 0.52485093696763208 0.56040057224606599 3.111083851120104 0.4626824712879074 0.071714285714285717 0.82834689581508736 11.063292811839325 0.079587100766682198 1.1573453263817974 0.22511329234124974 0.68599439775910376 0.53583099906629328 989.82500000000016 7.5000000000000009 0.41642635391500177 28.540012398073532 10.823112223612851 2.6579306486736356 5.7955238809702427
decision_type=2 2 2 2 2 2 2 2 2 2 2 2 2 2 2 2 2 2 2 2 2 2 2 2 2 2 2 2 2 2 2 2 2 2 2 2 2 2 2 2 2 2 2 2 2 2 2 2 2 2 2 2 2 2 2 2 2 2 2 2 2 2
left_child=7 6 -3 -4 17 8 9 -1 16 -2 11 46 13 15 -14 56 39 -5 29 20 -17 22 -12 -7 25 26 51 -28 -29 31 -31 -9 33 -30 38 58 37 43 -13 48 47 42 -16 -37 -41 -33 -11 -35 50 -50 -6 -19 -53 54 55 -43 -10 -42 59 60 -36 -62
right_child=1 2 3 4 5 23 -8 18 12 10 21 34 14 -15 41 19 -18 24 -20 -21 -22 -23 -24 -25 -26 -27 27 28 32 30 -32 45 -34 40 35 36 -38 -39 -40 44 57 53 -44 -45 -46 -47 -48 -49 49 -51 -52 52 -54 -55 -56 -57 -58 -59 -60 -61 61 -63
leaf_value=0.047045257453322276 -0.030140473439620858 0.04147606354955917 -0.031693852990860798 -0.011298739783185989 0.0047741184170796607 0.02596955944829445 0.02106056374541386 0.038193609017207447 -0.0057429011930861668 0.026837774575035958 0.030026166529415511 0.010338653657472281 -0.0039614530644833017 -0.022874424603503082 0.062273693948227661 -0.0062311763445027073 0.0097639032151570007 -0.020667303999527577 0.016734680760298926 -0.010143354930647724 0.054941242588045482 -0.014811189250080278 -0.017073801297900641 -0.029089062956709235 0.043218998001543489 -0.017421113633040181 0.033293486865818275 0.046401496080348451 0.033401507543924645 0.0075301772143077112 0.05524513812450943 0.0030390688297382211 -0.024361253565055266 0.047662367662582902 -0.0080786841574684767 0.037683603048561373 0.031054824864626598 -0.0063906909623066173 -0.035763744464285971 -0.025718024915384941 -0.011124619230489395 -0.04275667814778264 0.012319636131772733 -0.0046858023451902655 0.0064628305525780269 -0.0283490502297803 -0.021162272747666234 0.0040610440178716857 0.039512208704294435 -0.010825563354542354 -0.050036005675231733 -0.016758852755123434 0.041821445051725845 0.042112008721925942 0.033732069535939276 0.010916750551773236 0.021842834957249393 0.019585468513786716 0.018321291878436743 -0.02230113628551024 -0.01788273413475127 0.060266424720447478
leaf_weight=38.482595607638359 108.05862806737423 46.689580917358398 67.292023606598377 102.51400495320559 28.816367626190186 16.319843322038651 82.473983988165855 34.846271395683289 62.96332511305809 17.916533805429935 47.403983451426029 422.78362116217613 100.58153057843447 99.670303098857403 52.014404892921448 30.305431291460991 120.1262950450182 70.318203113973141 373.38313259929419 251.47969014942646 25.361098602414131 914.79613879323006 37.529040031135082 141.66110602766275 42.585501551628113 53.943726934492588 128.82658423483372 37.916667684912682 86.87385381013155 55.921479567885399 34.22097309678793 1385.9551148116589 37.53129031509161 36.5084478110075 341.23714476823807 56.881253749132156 65.857205159962177 265.67313848435879 22.062138423323631 232.10840021818876 149.09403052926064 25.219034358859062 35.28994857519865 38.065931499004364 46.130560338497162 41.069363161921501 308.33473218977451 47.532489910721779 40.294933244585991 35.158003509044647 22.959185890853405 31.233078733086586 32.143914617598057 31.337164364755154 25.92779441177845 27.516712605953217 184.22867701947689 49.446480721235275 41.508082777261734 235.28346861153841 21.42170213162899 22.89097810536623
leaf_count=326 983 229 355 565 174 80 404 185 318 87 213 2087 515 494 245 137 566 415 1650 1194 113 5210 174 929 207 337 595 168 413 257 171 5973 181 179 1712 250 314 1316 104 1438 705 107 162 172 262 179 1993 235 205 212 165 163 162 150 123 130 842 242 208 1228 103 113
internal_value=-0.000119844 -0.00275268 0.0018713 0.00115913 0.00203202 -0.00198106 -0.00678054 0.00752712 0.000302596 -0.00755662 -0.00670047 -0.00343536 0.00498188 3.73743e-05 0.0158171 0.00416933 -0.00816182 0.00927745 0.00673227 -0.00436933 0.0215972 -0.012769 0.00915987 -0.0233569 0.0119085 0.0101452 0.0122564 0.0162221 0.0112612 0.00432175 0.0257409 0.00299591 0.00796455 0.0112676 -0.000225693 -0.00360505 0.00542278 0.000720633 0.00803344 -0.013486 0.0044359 0.025922 0.0421758 0.0206573 -0.0203642 0.0021303 -0.0185035 0.0230956 0.00152099 0.0160074 -0.0194839 -0.00472344 0.0128926 0.0129498 0.00123024 -0.0146884 0.0147967 -0.0034451 -0.0094255 -0.0112913 -0.00455553 0.0224197
internal_weight=7669.98 5706.1 2655.92 2609.23 2541.94 1635.47 3050.18 1963.88 1477.49 2967.7 2859.65 1859.92 951.895 654.009 297.887 554.338 525.594 906.468 1925.4 307.146 55.6665 999.729 84.933 157.981 803.954 761.369 707.425 573.73 444.903 1552.01 90.1425 1461.87 406.987 369.455 1533.66 1088.82 426.478 360.62 444.846 405.467 282.581 197.305 87.3044 94.9472 278.239 1427.02 326.251 84.0409 127.228 75.4529 51.7756 133.695 63.377 110.001 78.6635 52.7357 247.192 198.541 662.341 620.833 385.55 44.3127
internal_count=39124 30383 13712 13483 13128 8561 16671 8741 7552 16267 15284 9687 4530 3098 1432 2604 3022 4567 8415 1444 250 5597 387 1009 4002 3795 3458 2718 2123 6765 428 6337 1955 1774 7607 5416 2052 1738 2191 2456 1361 917 407 422 1700 6152 2080 414 756 417 339 740 325 510 360 237 1160 947 3364 3156 1928 216
is_linear=0
shrinkage=0.05


Tree=45
num_leaves=63
num_cat=0
split_feature=52 69 0 34 34 48 51 48 66 48 25 62 48 21 78 18 54 61 10 29 19 15 35 45 26 61 62 78 10 54 48 41 41 48 22 44 61 78 78 18 17 26 25 78 40 20 19 32 29 48 94 41 97 38 7 57 48 44 57 66 45 19
split_gain=63.2681 50.8029 35.7251 21.4548 21.3261 20.3553 22.1489 18.8673 18.9782 20.3308 22.1155 18.7945 23.3687 22.0319 18.7424 23.688 21.3989 20.9312 19.7161 21.6388 18.5417 22.2597 24.2846 17.3031 22.0801 20.1578 20.8022 19.0177 17.1238 17.817 18.3059 18.7119 17.0939 17.9444 16.7742 16.335 15.9767 16.7208 15.8595 16.5988 20.0047 16.6585 15.8841 15.7351 15.2844 15.7915 20.9628 17.863 17.1126 15.26 15.2086 15.068 14.7866 14.648 14.571 14.0509 13.9198 17.3471 14.9833 21.6198 14.4778 17.9523
threshold=696.80000000000007 6.5000000000000009 150.00000000000003 1.4912719993512622 1.6977302611608589 1.7994777618361268 0.22665425663582792 1.1307665770610138 5.3125000000000009 -0.48181386651321484 0.32670855774985047 16.340000489831908 -0.47504434138784452 0.70473174366617009 -0.81475904016662437 0.45416348357524833 0.7905738250565838 4.7936566703689998 1.2258966705131196 0.55653467908902698 0.79431909750201457 0.71052631578947378 1.2749399872133562 -2.0612334152336005 0.04753833736884585 35.324101860584761 3.6541826219607114 1.0000000180025095e-35 0.96781075736664379 1.430920964893805 0.20805970149241826 0.83990038500062614 0.71134350027232507 0.82555082458774365 808.50000000000011 0.82573190522564788 5.1863944697059505 -1.6283778130618851 0.50852327746727588 0.54487917146145004 0.58492060581612837 -0.19517053736274412 0.32117847803926786 0.36767015953933463 1.351827734201569 0.042644117112202222 0.3504385964912281 0.90021645021645036 0.59031957710097926 1.286811594202854 54.500000000000007 0.92963491652828256 13.191545205785449 0.66026998005829129 0.1064701778862923 0.22640803672986917 -0.99148115829617456 0.59519948569340853 -0.053350037501396268 6.0982142857142865 1.1083992604147712 0.78979857050032498
decision_type=2 2 2 2 2 2 2 2 2 2 2 2 2 2 2 2 2 2 2 2 2 2 2 2 2 2 2 2 2 2 2 2 2 2 2 2 2 2 2 2 2 2 2 2 2 2 2 2 2 2 2 2 2 2 2 2 2 2 2 2 2 2
left_child=5 3 4 56 7 6 11 8 -3 36 35 12 -1 38 15 16 -8 43 -19 -20 28 22 -22 50 -25 26 27 -26 29 30 31 -14 33 53 -21 -11 -10 -38 -13 40 41 42 -40 55 -34 -46 47 49 -48 -47 -4 -50 -35 -28 -39 -16 -2 58 60 -60 -58 -62
right_child=1 2 23 -5 -6 -7 14 -9 9 10 -12 13 20 -15 17 -17 -18 18 19 34 21 -23 -24 24 25 -27 32 -29 -30 -31 -32 -33 44 52 -36 -37 37 54 39 -41 -42 -43 -44 -45 45 46 48 -49 51 -51 -52 -53 -54 -55 -56 -57 57 -59 59 -61 61 -63
leaf_value=-0.030786993494866879 -0.027497866480261219 0.027768085640523604 -0.019858437238162455 0.00012782749282937709 0.0099538562950560391 0.04400804858928703 0.022627492056230374 -0.023006499360701246 -0.043723243459653123 -0.014867816650815633 0.0051105972511302881 0.017932237655876853 0.044186727635834887 -0.026286247182473604 0.0069817589500583968 0.020561728930837804 -0.025382309850361384 0.035764426408309929 0.038071716411151105 -0.02583368069281743 -0.034108638740560721 -0.044993339916051103 0.033740708838342896 -0.0010767284098201404 -0.010564722009397197 0.054817032650408937 0.04889045418097035 0.028453733019968133 0.011930924624340956 0.02960339438525611 -0.02652040514707121 -0.016671066194027608 -0.016091627499033437 -0.032844816845581798 0.022636207496846295 0.022304732442375321 -0.019500019403488004 -0.012356193100477066 0.0054401208469908747 0.016872814737411878 -0.03364901547337984 -0.004020127050977546 0.052978820161272006 0.015659928035150865 -0.0082127696238398096 0.0026708695211606868 0.032031339666300389 0.032047198298552619 -0.017673265828545583 -0.038198163603593023 0.034190754308158731 0.022288967274250553 0.024779056801946722 0.013060882029320637 0.018109421021341356 -0.047073496053003296 -0.0021808899406772081 0.0017011464170470555 0.014432116919422994 -0.022467633823530647 -0.027321131929008403 0.024638689558278346
leaf_weight=69.559160269796848 140.79532878100872 43.615843646228313 100.95128344744444 434.85416933894157 225.47186594456434 36.693891182541847 31.178988397121429 155.7206320092082 42.064214155077934 304.62559475749731 530.89728453010321 340.48150955885649 22.417242906987667 45.086079351603985 23.902520917356014 94.248843818902969 89.141583554446697 209.24472336471081 43.435287393629551 44.283174104988575 24.341715127229691 46.21834558993578 28.518552199006081 545.1062830016017 176.92573533207178 25.895171448588371 87.077764935791492 37.783923268318176 278.87039508670568 26.901929907500744 103.02825583517551 28.54028046131134 51.303778931498528 19.080241456627846 29.687800824642181 32.539361789822578 244.6789578422904 87.080667354166508 48.824457123875618 172.57837524265051 43.691422462463379 242.30596911907196 27.620093859732151 88.80980159342289 81.022177137434483 145.19464389979839 207.57541761547327 43.635041318833828 38.479308791458607 26.970477245748043 14.788752555847166 60.34602352976799 26.42437969148159 43.178619980812073 71.235066622495651 23.766381144523621 368.29165022075176 224.24598780274391 42.955374166369438 490.32950864732265 129.85764944553375 18.882040552794933
leaf_count=308 1185 201 764 2175 1093 166 134 1056 238 1582 2511 1506 108 199 102 417 386 972 194 203 110 199 121 2839 976 124 394 173 1208 120 446 122 256 107 137 147 1853 418 218 756 187 1068 119 407 386 677 964 210 186 185 102 275 145 199 340 101 1866 1117 215 2837 848 127
internal_value=9.47977e-05 -0.00288348 0.000683266 -0.0095745 -0.00437949 0.00709701 0.00648455 -0.00652008 -0.0046226 -0.0057043 -0.00124272 0.00318151 -0.00347887 0.00773322 0.0140252 0.0017822 -0.0128914 0.019685 0.0265562 0.010086 -6.5948e-05 -0.0196825 0.00239683 0.00576697 0.00710669 0.0112766 0.0101877 -0.00366505 0.00415393 -0.00780802 -0.0143914 0.0100377 0.0137761 0.0276337 -0.00630879 -0.01126 -0.0143929 -0.011309 0.00949364 0.00411171 -0.00195373 0.00238428 0.0227284 0.00319542 0.0100435 0.0122769 0.0154665 0.00349979 0.0238746 -0.00372089 -0.0128856 0.00667632 0.000488494 0.0370708 0.0013232 -0.0199061 -0.0125588 -0.0109026 -0.0135982 -0.0194839 -0.00751515 -0.0206793
internal_weight=7583.26 5319.88 3469.67 1850.21 1737.93 2263.38 2226.68 1512.46 1356.74 1313.12 868.062 1548.98 628.396 920.588 677.699 214.569 120.321 463.13 326.651 117.406 558.837 99.0786 52.8603 1731.74 1616 1070.89 1045 214.71 459.758 180.888 153.986 50.9575 830.288 175.761 73.971 337.165 445.059 402.995 875.502 535.02 362.442 318.751 76.4446 136.479 654.527 603.223 522.201 215.8 306.401 172.165 115.74 98.8253 45.5046 130.256 158.316 47.6689 1415.36 1274.56 1050.32 533.285 517.031 148.74
internal_count=38785 28771 18401 10370 9439 10014 9848 8346 7290 7089 4240 6795 2742 4053 3053 937 520 2116 1506 534 2434 430 231 8962 8096 5257 5133 1149 2004 796 676 230 3984 845 340 1729 2849 2611 3854 2348 1592 1405 337 610 3139 2883 2497 1072 1425 862 866 461 252 593 758 203 8195 7010 5893 3052 2841 975
is_linear=0
shrinkage=0.05


Tree=46
num_leaves=63
num_cat=0
split_feature=52 69 88 72 72 48 33 52 48 72 34 48 1 32 38 4 59 52 10 44 53 17 9 77 47 5 44 34 34 30 50 33 50 4 47 66 32 30 44 17 16 47 44 9 8 77 19 25 34 77 27 94 53 45 41 7 54 34 75 45 72 54
split_gain=57.3005 46.1128 33.5762 31.8445 24.4384 26.8687 21.998 21.8948 20.0794 19.7128 19.5956 16.9553 18.9294 16.9541 18.409 17.1563 16.9076 17.0089 15.7476 18.7111 17.0358 15.9921 15.5821 15.5293 23.3615 19.3467 16.6568 15.1778 19.6801 14.9885 19.9174 14.9647 25.5232 18.7828 14.4187 17.3771 14.7983 21.4649 15.6647 14.3339 22.7183 14.2272 16.3046 15.1727 14.1702 13.7679 13.4668 13.4592 25.0249 13.422 13.1204 20.6189 15.1208 15.5553 14.8688 13.5316 13.471 12.8124 18.2197 14.7813 13.8702 14.0332
threshold=696.80000000000007 6.5000000000000009 1.0000000180025095e-35 1.0644899000203265 2.2074082127623749 -1.2911142104221567 414.00000000000006 1250.3250000000003 1.7994777618361268 -2.3619683874674577 1.4912719993512622 1.6351987278991291 4.7232142857142865 0.89808138824392036 0.66026998005829129 1.3065366759517181 49.500000000000007 688.30000000000007 1.2729462987241507 0.38945617593682069 1.0614494924354354 0.71922206861882632 2382.5000000000005 2.2134331266960476 -1.0919703517012129 0.92651213027583934 -0.91605006835282332 1.0794369879468155 1.0172942251990957 0.96634706126609049 0.79003729717568671 832.50000000000011 0.80335381768146286 0.47398704068241476 1.919888187702335 4.0267857142857153 0.75373467112597559 1.9899651801820701 -0.61296925635951693 0.53579972658920039 0.83095538121756574 -1.8976872300752408 0.59519948569340853 820.50000000000011 0.044859969813852089 2.3853589708460707 0.15954545454545457 0.45460696272604262 1.0497179560469103 2.4674927147627259 1.0000000180025095e-35 5.5000000000000009 1.5767534938833243 -2.0612334152336005 1.2874055339863424 0.092688048873615897 1.697217824770499 1.5840982379797555 5.5000000000000009 -0.097264283274030763 0.55881702104882591 0.79785494918750366
decision_type=2 2 2 2 2 2 2 2 2 2 2 2 2 2 2 2 2 2 2 2 2 2 2 2 2 2 2 2 2 2 2 2 2 2 2 2 2 2 2 2 2 2 2 2 2 2 2 2 2 2 2 2 2 2 2 2 2 2 2 2 2 2
left_child=3 10 7 6 5 -4 -1 22 16 45 41 12 -11 23 15 -15 17 29 -5 20 -20 44 -3 24 -14 26 -26 28 -28 30 -8 32 -31 -34 35 -18 37 47 -38 40 -29 43 -43 -2 -21 -7 -35 48 -37 -13 51 -25 53 -52 -54 -53 -57 58 -12 -59 61 -61
right_child=1 2 4 18 -6 9 8 -9 -10 11 57 49 13 14 -16 -17 34 -19 19 21 -22 -23 -24 50 25 -27 27 39 -30 31 -32 -33 33 46 -36 36 38 -39 -40 -41 -42 42 -44 -45 -46 -47 -48 -49 -50 -51 52 55 54 -55 -56 56 -58 59 -60 60 -62 -63
leaf_value=0.049267036932413105 0.0043599949517617127 -0.0016712278725673256 -0.021868088387053161 0.02700544578219571 0.031431592766821274 0.053618845492896118 0.0045043463411272786 -0.013543917233777042 0.041080844769755598 0.041695632105214181 -0.015089128908873067 -0.041154164969955456 -0.0080547676468085191 0.040853633493177458 -0.008933964884182315 0 0.038567131394025234 0.03517353376515877 0.016136134234719487 0.037156568076867839 -0.039239023491678765 0.051374976102981078 0.038503132858418575 0.035404811156265099 0.045321979541902112 -0.027860376143389123 0.0099640676079751581 0.009269457940534704 -0.037363871448144549 -0.0324939318598398 -0.055410166554699415 0.0026691246027009232 -0.013073675471593094 0.00026642196990179346 -0.035007148379532983 -0.012767352822742904 0.041333063491428616 -0.046407257323208419 -0.0070001891633984757 -0.00073198317079222429 0.05425191416176766 -0.013061735766330705 0.001671038441865876 -0.037591687138758448 -0.013522547371433893 0.013606540881662126 0.036935034647708309 -0.031875813422222884 0.044135618212762621 0.0063091259672631173 -0.043301092254038623 -0.0039866618729013439 0.0094189324439722596 -0.0002501818724575361 0.05446749592338427 -0.019689722556019581 -0.06540161238242756 -0.014676071394687948 0.039953688330664372 0.024709998708220281 0.024042153866551844 -0.012576350310400598
leaf_weight=26.376501865684986 27.481030806899071 811.34618055820465 98.982614859938622 255.97735170274973 81.521843299269676 31.821692019701004 31.752065300941467 519.8338819667697 34.506864711642265 33.555515564978123 23.034914679825306 36.947727367281914 166.1591410562396 87.067673049867153 43.364823237061501 36.128777183592319 22.10490870475769 44.650703817605972 23.702113673090935 22.127999141812325 32.996562972664833 28.673967026174068 24.773026958107948 21.966809444129467 43.995497651398182 26.361239425837994 237.06851030886173 50.852363608777523 24.078372031450272 23.032402321696281 24.32452267408371 1180.8129802495241 30.071522280573845 31.366421684622765 42.857802256941795 61.95752064883709 27.019612699747086 42.573885545134544 43.502538248896599 38.745425432920456 63.539328247308731 1055.0170019567013 227.71713869273663 96.145861409604549 36.101749032735825 67.74555953592062 129.70161272585392 34.252059072256088 27.926802545785904 24.596944190561771 21.88743818551302 136.82929358631372 122.95860263705254 464.79887810349464 21.548213884234428 105.00191252678633 19.163301065564156 164.02911990135908 42.400188691914082 33.060495235025883 67.302396208047867 105.0384284555912
leaf_count=246 149 4067 814 1201 400 153 135 3361 147 149 113 261 976 413 214 167 106 187 107 103 144 147 124 106 202 133 1153 246 121 101 104 5005 133 158 191 264 114 181 186 183 289 5974 1130 942 163 320 630 144 117 162 145 706 606 2187 101 542 100 823 222 155 315 547
internal_value=8.93833e-05 -0.00274999 0.000648351 0.0067598 0.00459963 0.00351555 0.00400308 -0.00548678 0.00334616 0.00482363 -0.00914338 0.00363873 0.00454108 0.0038158 0.0189804 0.028846 0.0026169 0.00479849 0.019567 0.00626319 -0.0160145 0.020857 -0.000470477 0.0021975 0.00810153 0.0136516 0.0160559 0.0129257 0.00556855 0.00385802 -0.0214483 0.00488035 0.0170414 0.0230504 -0.00816238 -0.00369499 -0.00766856 -0.0158006 0.0114796 0.0254274 0.0343244 -0.0120115 -0.0104425 -0.0282298 0.00568109 0.0264856 0.0298298 -0.00523462 0.00488607 -0.0221244 -0.00200063 -0.0109478 0.00200353 -0.00220505 0.016204 -0.0148803 -0.026832 0.000121434 0.0205074 -0.00348045 0.00543859 -0.0036025
internal_weight=7562.24 5303.87 3462.64 2258.37 2106.69 2025.17 1858.79 1355.95 1832.41 1926.18 1841.23 1826.62 1765.07 1731.52 166.561 123.196 1797.91 1495.71 399.58 143.602 56.6987 86.9037 836.119 1564.95 650.8 484.641 458.279 414.284 261.147 1451.06 56.0766 1394.98 214.172 191.14 302.195 259.337 237.232 166.71 70.5222 153.137 114.392 1406.36 1282.73 123.627 58.2297 99.5673 161.068 124.136 89.8843 61.5447 914.154 282.961 631.193 486.686 144.507 260.995 124.165 434.866 65.4351 369.43 205.401 138.099
internal_count=38785 28771 18401 10014 10849 10449 8149 7552 7903 9635 10370 9162 8739 8590 794 580 7756 6453 1865 664 251 413 4191 7796 3303 2327 2194 1992 1274 6266 239 6027 1022 921 1303 1112 1006 706 300 718 535 8195 7104 1091 266 473 788 525 381 423 4493 1454 3039 2332 707 1348 642 2175 335 1840 1017 702
is_linear=0
shrinkage=0.05


Tree=47
num_leaves=63
num_cat=0
split_feature=52 69 88 72 45 26 88 78 52 33 48 34 38 54 62 7 29 60 54 52 21 21 38 77 61 50 46 17 31 31 72 66 14 77 48 45 94 66 6 21 17 94 31 47 9 47 77 6 44 14 14 54 9 22 53 87 62 17 44 60 77 26
split_gain=52.2108 44.9743 33.5513 26.0463 23.7772 22.9861 22.6589 22.5289 20.2097 20.1668 19.1018 18.661 17.941 17.6475 22.5237 18.9938 18.2526 17.9427 17.7925 17.0072 17.6303 22.8119 18.7433 16.8095 16.6449 16.8796 16.5644 16.4414 20.6848 22.5989 16.2064 14.6463 14.6106 15.9484 14.3772 22.1645 24.1965 20.9819 20.8491 18.4998 28.157 17.7568 28.8428 16.5135 14.3277 14.2633 16.4395 16.9486 15.0315 14.0701 15.6676 17.3296 19.4436 15.8713 13.9451 13.515 13.3862 13.314 19.6172 15.0581 19.985 13.1969
threshold=657.47500000000014 6.5000000000000009 1.0000000180025095e-35 1.0644899000203265 -2.5176960741706678 0.04753833736884585 2.5000000000000004 0.13816337067403389 1250.3250000000003 414.00000000000006 -1.4012674938424394 1.4912719993512622 1.1623595122948032 0.8054955103374225 7.0681753554502373 0.073252032520325208 0.27068692974265735 77.500000000000014 1.4498390201559077 322.0750000000001 0.41719409282700431 0.25069832402234643 -0.59120961774089831 2.4583302052430809 19.205839416058396 1.6544856936708474 -1.1127543959825921 0.067388785912882318 1.0473446749813211 1.419844808450381 2.5159611135660325 4.1160714285714297 0.65608303166384097 2.2479635556317712 -0.79018765972988669 0.96759316291967534 54.500000000000007 7.1875000000000009 0.97484177215189882 0.48181216931216936 0.2609172387490466 13.500000000000002 0.74900788970144971 1.7284872189485172 2382.5000000000005 -1.8976872300752408 2.091632626892038 1.0000000180025095e-35 -0.70127133910668105 0.33987956577858008 0.37124761802995504 1.194712723984876 624.50000000000011 779.50000000000011 0.59758220658833816 0.74243256743256747 19.251570915619393 0.7247194161148437 0.86872955694326837 225.50000000000003 1.8288436419418694 -0.68685775250783887
decision_type=2 2 2 2 2 2 2 2 2 2 2 2 2 2 2 2 2 2 2 2 2 2 2 2 2 2 2 2 2 2 2 2 2 2 2 2 2 2 2 2 2 2 2 2 2 2 2 2 2 2 2 2 2 2 2 2 2 2 2 2 2 2
left_child=3 11 8 9 26 34 10 32 44 -1 -7 31 -8 14 15 -11 -15 -18 19 -19 21 -21 -23 -20 25 -16 -4 -22 -29 -30 49 -2 -5 -34 37 36 41 -6 -39 -37 43 42 -36 -41 -3 -33 47 -47 56 -12 -51 -52 -53 -54 -43 -56 -49 58 59 -50 -61 -13
right_child=1 2 4 7 5 6 12 -9 -10 13 30 61 -14 16 24 -17 17 18 23 20 27 22 -24 -25 -26 -27 -28 28 29 -31 -32 45 33 -35 35 39 -38 38 -40 40 -42 54 -44 -45 -46 46 -48 48 57 50 51 52 53 -55 55 -57 -58 -59 -60 60 -62 -63
leaf_value=0.048625031191661248 0.029043184234873416 -0.0016269990141107899 0.024483761827167706 0.018069081908805098 0.035736432456141019 -0.038556839337311605 0.030164928818588246 0.031469601656925264 -0.012946762216784841 -0.046740349349748765 -0.0049237482461287826 -0.032251143272369935 -0.017458229345044759 0.033570579251573092 0.016465732045759598 0.0090155333744820643 0.0325395085286454 0.0269594803487722 0.019105584710128926 -0.010568874457443284 0.013328022077668098 0.055185957535398435 0.0057889861489955818 -0.0097612889437901536 0.046458626888725013 -0.017519748657816921 -0.035370501117703089 -0.037847979120477916 0.018837763360911204 -0.029634471736344481 0.046471767164710312 -0.02781040559257161 -0.039525816042905559 0.012147195533616964 0.044931398163047753 -0.026021523532801762 0.043200241161316655 -0.037434641932040734 0.019902915451332215 0.025215923003791781 0.060763943825402379 0.021331188179560166 -0.013666449322323585 -0.032897992993600467 0.036765680848896004 -0.043906648703156227 -0.014342825998319523 0.034400829890361403 -0.02276332619608272 0.028727296716225689 0.0023405379241137271 -0.022360278413544328 0.054533226114291872 0.017047551006116008 -0.0021435302850811256 -0.035734270752466039 -0.010951848333758471 0.01481905936436901 0.025709571466643429 -0.03946755616671322 0.013448762456921684 0.002568961516373439
leaf_weight=25.414305694401264 22.148111268877983 891.4938312843442 14.262978300452231 89.873696066439152 15.750577569007872 22.567726284265518 180.59374874085188 185.91467508673668 516.70648742467165 27.934713959693909 207.27276979386806 28.949241757392883 22.002896681427956 39.630698621273041 330.88908849656582 33.246841117739677 38.416120588779449 37.500069096684456 158.46799440681934 306.42435255646706 34.783531814813614 21.579407319426537 172.11435896158218 73.618856534361839 40.628180935978889 40.847397848963737 57.820565268397331 116.07424356043339 45.93538872897625 50.128236964344978 26.36345636844635 127.03290920704603 29.934115774929523 29.420723296701908 56.855330027639866 109.85542479157448 42.962669923901558 80.03387974947691 19.573718160390854 19.078658074140549 17.900797873735428 53.759586438536644 33.033987924456596 33.379228696227074 24.877572163939476 23.719543136656284 872.81382736563683 50.699433870613575 171.39129395782948 94.853808060288429 575.47166160494089 27.205438904464245 32.656341686844826 215.06249354034662 227.2996072396636 34.468261659145355 23.669052369892597 71.015480495989323 35.498798988759518 22.935713320970535 78.94905386865139 429.31228061020374
leaf_count=246 105 4408 127 408 78 169 863 925 3361 121 999 162 112 178 1451 143 174 212 681 1300 149 93 734 313 178 176 466 486 195 210 138 1116 130 137 274 624 203 539 130 91 90 248 153 199 125 133 4801 255 1025 444 2832 119 140 1040 1100 165 123 360 169 126 415 2118
internal_value=8.47378e-05 -0.00235394 0.00092209 0.00718181 0.00477298 0.00572316 0.00948841 0.0198543 -0.00504004 0.00451255 0.00687311 -0.0084681 0.0249621 0.00379142 0.0118549 -0.016395 0.000297881 -0.00095027 -0.00222377 -0.00582549 -0.00748132 -0.00207164 0.0113437 0.0099271 0.0160614 0.0127142 -0.0234405 -0.0184126 -0.0236444 -0.0064087 0.00775023 -0.0111661 0.00533865 -0.0138513 -0.00137654 0.00159467 0.00755387 -0.0175975 -0.0261085 -0.0132003 0.00675584 0.00375432 0.0233501 -0.0116594 -0.000575364 -0.011774 -0.0102601 -0.0027915 -0.000623965 0.0068562 0.00944482 0.00728503 0.0176121 0.0220294 -0.00181803 -0.00659764 0.0199041 -0.004661 -0.00916078 -0.0137165 0.0014605 0.000351845
internal_weight=7540.08 5611.3 3653.16 1928.78 2220.09 2148 1404.05 335.143 1433.08 1593.63 1201.45 1958.13 202.597 1568.22 473.546 61.1816 1094.67 1055.04 1016.63 784.54 747.04 500.118 193.694 232.087 412.365 371.736 72.0835 246.921 212.138 96.0636 1178.89 1499.87 149.229 59.3548 743.952 628.594 448.379 115.358 99.6076 180.214 70.3587 405.417 89.8893 52.4579 916.371 1477.73 1350.69 477.878 454.159 1152.52 945.25 850.396 274.924 247.719 315.527 261.768 74.3685 379.79 308.775 273.276 101.885 458.262
internal_count=38785 30145 19237 8640 11343 10750 6856 1600 7894 7040 5881 10908 975 6794 2069 264 4725 4547 4373 3379 3167 2127 827 994 1805 1627 593 1040 891 405 5712 8628 675 267 3894 3147 2143 747 669 1004 380 1940 427 290 4533 8523 7407 2606 2473 5574 4575 4131 1299 1180 1513 1265 378 2095 1735 1566 541 2280
is_linear=0
shrinkage=0.05


Tree=48
num_leaves=63
num_cat=0
split_feature=72 52 72 45 69 0 39 50 53 48 45 26 44 66 34 61 78 46 62 62 45 59 14 34 59 34 62 21 14 61 60 45 24 54 8 38 97 31 8 31 14 32 3 54 21 38 52 61 61 8 72 5 41 25 34 4 38 5 62 5 7 44
split_gain=48.0501 48.9552 39.2629 32.5212 31.6255 23.0481 22.3977 23.1702 22.7046 21.9503 29.2125 29.7636 28.5162 27.1805 25.4027 23.5194 19.1605 18.1806 21.642 21.1597 28.1965 19.1528 18.0361 20.0165 17.8715 29.6087 18.5018 18.0574 17.7066 17.6122 17.712 17.5231 17.1254 18.847 17.0791 16.5611 22.2075 16.4903 16.3937 24.5474 20.2283 22.2251 16.0522 21.6698 16.0284 17.9909 15.9663 15.7985 21.7221 20.621 15.5542 15.9415 15.1228 16.3402 15.0569 19.9483 16.843 17.3261 16.8186 15.013 14.7033 14.5422
threshold=2.0364416221033861 657.47500000000014 -2.1337534347917164 -1.7932553926166834 9.5000000000000018 150.00000000000003 1.3081159507600859 0.70787036465603925 2.2674853861727087 0.3939363907240408 -0.22246059169931559 -0.89022757697456478 -0.66306501107438953 5.9910714285714297 0.91385897851959697 4.8561575929996996 2.6250515615792609 0.20914117200206797 5.0345583597261792 7.0681753554502373 -0.92741177427221477 57.500000000000007 0.40332283472329017 0.68659196180349258 20.500000000000004 1.5008041629680857 24.920526041424733 0.31271258503401367 0.3167301298508286 25.870199275362321 219.50000000000003 -1.4740024149442148 0.39473684210526322 0.81866061009678404 0.032433380084151482 -0.62789566755083981 10.530242206270801 1.9163372175919327 0.055250305250305255 1.4006487488415202 0.52894157439612 0.46560175794455722 1.4061256915331459 0.80149582616533144 0.30571895424836609 0.80966959845682862 1137.8500000000001 2.4095325648822574 9.5496609870444136 0.13221420643729193 1.0364811512990542 0.35339366515837112 1.2723573336806207 0.35348576933429676 1.6977302611608589 1.6833022065435432 0.21882773631840799 0.62178642056690847 22.552916248116528 0.52189897698209731 0.259437321937322 -1.3789390134654911
decision_type=2 2 2 2 2 2 2 2 2 2 2 2 2 2 2 2 2 2 2 2 2 2 2 2 2 2 2 2 2 2 2 2 2 2 2 2 2 2 2 2 2 2 2 2 2 2 2 2 2 2 2 2 2 2 2 2 2 2 2 2 2 2
left_child=1 17 35 6 9 52 -4 -8 38 10 13 -12 14 -5 15 -11 42 19 -19 20 31 28 23 -20 26 34 27 -25 -21 -15 -31 -1 -22 -34 -26 -3 -37 -27 -9 40 41 -40 -16 -44 45 -24 -41 -36 -49 -50 51 -7 53 -6 55 56 57 59 -59 -13 -55 -38
right_child=-2 2 3 4 5 50 7 8 -10 12 11 54 -14 29 16 -17 -18 18 22 21 32 -23 44 24 25 37 -28 -29 -30 30 -32 -33 33 -35 47 36 61 -39 39 46 -42 -43 43 -45 -46 -47 -48 48 49 -51 -52 -53 -54 60 -56 -57 -58 58 -60 -61 -62 -63
leaf_value=-0.0014639529172517625 0.019371273354578604 -0.029607225173600732 -0.034129184365141695 0.02379388263481233 -0.018049562200439153 -0.035144797520020442 0.054194477623281556 -0.04050950215104776 0.033955899480286961 0.050011064968440544 -0.049020928960470146 0.012973596422161665 -0.018488453536468084 -0.014184372672022312 -0.019346966571977042 -0.0061971523026725355 -0.030281692261316634 0.041719338494571219 0.039778415565073243 0.028500480251978041 -0.023294511313367326 -0.026203974177272445 0.035911497469367837 -0.029480578968514616 0.0010506392846802803 0.04314146145035469 0.025947830393758871 0.016466851956351693 0.010999354394230415 -0.023246630147260722 0.03036854957932968 -0.051669562655863061 -0.012043024275243237 0.034917573715555476 -0.0024669925306066202 0.031503255210423818 0.042841502142830307 -0.010707480461808194 -0.030585394123428141 0.061097975499790513 -0.032757577983317597 0.056411387029126209 0.041647165545647534 -0.0072161360690597229 -0.0038516920471793484 -0.0081262811250886 -0.006407463248201785 -0.056043501280226976 0.020510962270891459 -0.043535895825907459 0.01495663384885278 0.0034600816234616701 0.019133466070826246 0.0034976873644139914 0.020063052098195068 -0.03795120884855277 -0.0038268905113901814 0.011629384232105168 -0.02768140279315667 0.070654876543672612 -0.024920114526397901 -0.0025032058897490978
leaf_weight=30.862379424273968 309.42121487110853 20.059090480208397 140.44312050938606 56.567044332623482 250.91801608353853 27.382466532289982 13.556378394365309 58.402152575552464 23.192300796508789 42.205661982297897 26.281931951642036 24.067847840487957 657.60691659152508 756.19517788290977 55.815545625984669 32.938142247498035 68.296777591109276 29.386869318783283 20.788807883858681 179.09161596000195 30.490624986588955 29.886280059814453 78.551717683672905 51.798425279557705 44.813837617635727 26.304615125060081 57.193342246115208 36.137830585241318 761.47862637042999 23.085160762071609 45.467760004103184 40.330532625317574 31.491706378757954 65.227976121008396 33.373366050422192 139.79590274393559 20.381615743041039 30.505585238337517 13.738590940833094 17.46880978345871 84.929954029619694 15.458700388669966 40.939051881432533 50.385128349065781 111.24812022596598 32.607736147940159 17.194984450936317 87.524907268583775 22.678509041666985 27.784332819283009 327.59732228517532 970.46857353299856 54.26371755450964 278.27032886445522 137.0063064917922 29.886767260730267 351.34445649385452 244.12609197199345 30.464847192168236 21.662983685731888 54.294578075408936 128.2987022548914
leaf_count=139 1548 90 1176 253 1398 141 117 437 196 239 147 115 3902 4232 267 183 431 130 103 823 133 135 353 225 196 115 249 156 3415 149 243 174 140 294 144 637 93 133 113 87 776 98 182 253 494 148 152 381 98 126 1509 4891 274 1400 624 139 1682 1178 142 101 284 602
internal_value=8.01236e-05 -0.000747329 -0.00317685 -0.00423725 -0.00308213 0.00174256 -0.0182162 -0.00902397 -0.0127875 -0.00659937 -0.00326959 0.00325439 -0.0127251 -0.00967693 0.000302377 0.0253311 -0.0084121 0.00624018 -0.000184194 0.0100404 -0.00481763 0.0130834 -0.00205986 -0.00794354 -0.0103372 -0.0178755 0.00381028 -0.0105442 0.0143397 -0.0119813 0.0122333 -0.030008 0.0092533 0.019579 -0.0263228 0.0141312 0.017199 0.0141701 -0.0180577 -0.00919024 -0.0204062 0.0153403 0.00171867 0.0146553 0.009527 0.0229527 0.0275459 -0.033507 -0.0409708 -0.0146701 0.00550235 0.00239228 -0.00606332 -0.00841805 0.0049044 0.00193451 0.00372211 0.0120164 0.00724131 0.0405012 -0.00113287 0.00370382
internal_weight=7519.44 7210.02 5350.46 5041.92 4657.54 1963.2 384.385 243.942 230.385 2694.34 1746.16 864.841 948.187 881.315 290.58 75.1438 215.437 1859.56 690.698 1168.86 198.403 970.457 661.311 438.904 418.115 272.985 145.13 87.9363 940.57 824.748 68.5529 71.1929 127.21 96.7197 216.175 308.535 288.476 56.8102 207.193 148.791 114.127 29.1973 147.14 91.3242 222.408 111.159 34.6638 171.361 137.988 50.4628 1325.45 997.851 637.747 583.483 838.559 701.553 671.666 320.322 274.591 45.7308 332.565 148.68
internal_count=38785 37237 28933 27511 24359 9897 3152 1976 1859 14462 9005 4128 5457 4877 1555 422 1133 8304 3051 5253 880 4373 2921 1926 1823 1193 630 381 4238 4624 392 313 567 434 945 1422 1332 248 1663 1226 987 211 702 435 995 501 239 749 605 224 6541 5032 3356 3082 3981 3357 3218 1536 1320 216 1684 695
is_linear=0
shrinkage=0.05


Tree=49
num_leaves=63
num_cat=0
split_feature=52 69 72 47 72 0 16 32 33 96 62 59 53 78 48 23 41 52 48 51 31 23 46 66 24 3 41 46 1 52 29 46 1 38 66 78 60 34 22 15 66 43 59 16 22 45 1 46 46 15 9 38 38 44 59 5 31 52 22 43 9 44
split_gain=43.6742 35.8851 27.9039 29.6395 26.0677 25.7611 21.05 22.3306 19.4966 18.9824 20.4609 26.8589 25.9815 20.6332 21.0011 19.4172 18.4998 18.1665 17.9417 17.606 26.8257 18.1025 16.5816 16.2932 18.8423 24.5114 16.8181 19.4853 16.2249 20.9288 22.3228 18.1366 16.3768 16.0869 17.3166 15.643 19.115 15.2023 20.1285 15.1447 15.1354 15.1274 18.9625 15.1074 23.8697 14.8994 22.5849 15.9457 14.7851 24.2288 20.1111 14.8739 14.7765 15.8055 14.4538 15.9061 23.5852 17.7224 17.8243 15.1539 20.2305 15.0952
threshold=696.80000000000007 6.5000000000000009 2.2074082127623749 -2.210980245775092 1.0644899000203265 90.000000000000014 0.60631060528733294 0.68199436222692045 414.00000000000006 32.501470268825294 3.6541826219607114 52.500000000000007 0.49767052645524273 -0.3687018110095413 -0.061706457840256836 1.2457840623215004 1.0208615300110238 866.77500000000009 1.7994777618361268 0.36335015730421671 1.9751356029114062 0.61068479000523834 0.2202845581048441 6.8482142857142865 0.44736842105263158 1.1438452527416898 0.71134350027232507 -0.23962666166394664 11.758928571428573 1143.7750000000003 0.64354743462087227 -0.80250903769468718 7.3482142857142865 1.4111876734615756 5.3839285714285721 -2.1374930936291014 239.50000000000003 1.2942091192122664 962.50000000000011 0.44736842105263158 8.8482142857142865 4.5000000000000009 37.500000000000007 0.80198063380281703 1480.5000000000002 0.96759316291967534 16.848214285714288 0.45255295511781651 -0.31473949903148896 0.81578947368421062 532.50000000000011 1.110822135529548 0.40237272828566578 -0.94946195686249912 49.500000000000007 0.39504283965728276 0.46209106347527962 688.30000000000007 321.50000000000006 2.5000000000000004 563.50000000000011 -1.4780703458997628
decision_type=2 2 2 2 2 2 2 2 2 2 2 2 2 2 2 2 2 2 2 2 2 2 2 2 2 2 2 2 2 2 2 2 2 2 2 2 2 2 2 2 2 2 2 2 2 2 2 2 2 2 2 2 2 2 2 2 2 2 2 2 2 2
left_child=4 33 3 6 8 52 7 -3 -1 10 28 13 -13 14 23 16 17 -14 54 21 -21 -15 -18 -12 25 -25 27 -26 32 -30 31 -31 -7 34 -2 -8 -37 -36 -39 -19 -17 42 -33 -43 -45 46 47 -23 49 50 -6 -50 53 -5 55 56 -10 58 -57 60 -60 -61
right_child=1 2 -4 5 48 9 35 -9 18 -11 11 12 15 19 -16 40 22 39 -20 20 -22 45 -24 24 26 -27 -28 -29 29 30 -32 41 -34 -35 37 36 -38 38 -40 -41 -42 43 -44 44 -46 -47 -48 -49 51 -51 -52 -53 -54 -55 -56 57 -58 -59 59 61 -62 -63
leaf_value=0.047849288766573128 0.015911781958801198 0.075294377956421368 0.024346328715389661 0.031954628400725764 0.037808100173852457 0.022020225082181544 -0.036430699156208356 -0.017060577918219036 -0.046071042284363352 0.029286676600152863 0.030469551796918855 -0.015768555175630063 0.043284349695137725 -0.029463772707970584 0.0244648938038073 0.020019938408634131 0.067388016231110084 0.026701216844605691 0.038639072247068779 0.019096198895383814 -0.029238091172817927 0.0034331822092894763 0.0088691866708518995 -0.050144993043233811 0.0016050328496120449 0.0066087537553079102 -0.001114656341973611 0.067775337026945645 0.034980745353235296 -0.059747891635236895 0.044959984654305007 -0.056673100735397303 -0.025413569346016286 -0.035128405503613971 -0.011749444255113147 0.01403271355605753 -0.046802580745865838 0.037260603970719293 -0.0039745012949582879 -0.025165544388161001 0.074410581748102819 -0.017075145897326713 0.002290762430291326 0.063357170360674814 0.0012339479590231333 -0.0097972256289947032 0.032642737857859296 -0.026933081734618752 0.030732266299102824 -0.026301936584594204 -0.0016165900889445188 -0.010323322892850172 -0.011639287788424151 -0.0022689517893164238 -0.0078519854002463436 0.02660079328687889 0.01103728078368188 0.037156547109596531 0.013402067894186643 0.030710748293014112 -0.04558442666203727 0.0029261239227413374
leaf_weight=24.292141169309616 76.759953618049622 11.308967396616938 119.16680762171745 39.34603113681078 62.008744910359383 20.656237974762917 112.00408983230591 15.141061641275881 37.60947185754776 69.673866577446461 47.055331103503704 39.59599681198597 22.3889299929142 66.017956353724003 186.34473383426666 21.11265667527914 28.783468008041382 20.372157566249371 34.243943512439728 184.46255214512348 33.832428693771362 330.33521831035614 21.27045352011919 38.952235355973244 23.19156251847744 36.791182063519955 152.17921065539122 21.578429907560349 37.873977705836296 16.738217391073704 20.18142531812191 27.825380235910416 143.01708523929119 53.439466178417206 1111.9171661883593 41.590964496135712 18.580038294196129 31.189302831888199 543.05215130001307 44.628263555467129 33.941724009811878 55.182637810707092 26.32529017329216 20.479757972061634 62.901698753237724 358.05578364431858 59.186930663883686 49.631515793502331 197.01245961338282 42.121382489800453 67.00568813085556 24.595779970288277 531.79076240211725 231.9044908285141 300.50617317855358 84.39335124194622 34.458356186747551 42.38109578192234 24.254786312580109 50.958884850144386 35.656000137329102 1178.9296883940697
leaf_count=246 377 109 597 188 309 102 1112 135 158 345 205 195 97 359 837 103 133 108 147 812 147 1523 110 215 131 190 756 93 182 136 108 182 778 319 6705 244 110 148 2821 230 153 314 144 109 339 2095 283 244 964 187 292 113 2897 1251 1303 433 151 177 104 225 152 5053
internal_value=7.44741e-05 -0.00241583 0.000583814 -0.000267738 0.0059207 0.0009219 -0.0189924 0.0223732 0.00343032 0.00359444 0.00279568 0.00511778 0.0210047 0.00279093 0.0111234 0.0285991 0.0184697 0.00450842 0.00283322 -0.00110425 0.0115723 -0.00431668 0.0426874 0.00332733 -0.0013474 -0.0225395 0.00678464 0.0336895 -0.00699154 0.000578217 -0.00508684 -0.00995202 -0.0193869 -0.00810162 -0.00727758 -0.0253854 -0.00471598 -0.00833709 -0.00172006 -0.00881683 0.0537172 -0.00557233 -0.0279643 0.00315624 0.0166099 -0.00222451 0.0039392 -0.000526167 0.0176202 0.00653617 0.0173081 0.0261504 -0.00679426 0.00268684 0.00214299 0.00416438 -0.0187187 0.00533332 0.0043456 0.00288358 -0.021638 0.00408381
internal_weight=7498.18 5257.76 3441.4 3322.23 2240.43 3123.61 198.625 26.45 1847.68 2320.56 2250.89 1819.71 232.094 1587.62 506.093 192.498 137.443 87.3894 1823.39 1081.52 218.295 863.227 50.0539 319.748 272.693 75.7434 196.949 44.77 431.182 267.508 229.634 209.453 163.673 1816.36 1762.92 172.175 60.171 1686.16 574.241 65.0004 55.0544 192.715 54.1507 138.564 83.3815 797.209 439.154 379.967 392.744 171.136 129.014 221.608 803.041 271.251 1789.15 1488.64 72.0678 1416.57 1374.19 1289.8 59.9108 1229.89
internal_count=38785 28771 18401 17804 10014 16094 1710 244 8149 11758 11413 9019 1129 7890 2427 934 678 435 7903 5463 959 4504 243 1590 1385 405 980 224 2394 1514 1332 1224 880 10370 10051 1466 354 9674 2969 338 256 1088 326 762 448 4145 2050 1767 1865 788 601 1077 4336 1439 7756 6453 309 6144 5967 5534 256 5278
is_linear=0
shrinkage=0.05


Tree=50
num_leaves=63
num_cat=0
split_feature=52 69 33 47 62 14 24 29 17 32 22 25 1 47 96 3 10 94 24 22 20 9 54 95 60 72 41 49 8 14 50 48 94 35 34 40 41 9 14 32 95 49 29 50 62 35 48 14 16 48 16 75 29 59 22 33 43 37 10 62 31 41
split_gain=44.0871 29.3509 24.9963 20.7263 32.2624 26.9995 30.6539 23.8989 33.0752 23.4647 25.512 22.7933 20.6578 19.89 19.8663 19.6783 21.8234 23.3582 19.3873 25.3559 18.7228 17.9166 17.2068 16.8729 21.1578 43.3023 19.5437 17.2879 16.6865 21.2191 16.5858 16.4476 15.4632 14.7837 15.8164 14.4219 38.8125 22.2444 23.6489 20.0444 24.3618 22.6382 19.9789 20.7034 35.6262 29.6348 19.6734 19.3583 28.7696 23.0039 23.5293 23.6797 35.504 18.9007 18.306 31.557 19.8389 18.1997 17.8683 17.2787 19.5273 17.5719
threshold=930.37500000000011 12.500000000000002 414.00000000000006 1.2412531166090754 3.3044581770028696 0.55870382800600582 0.13157894736842107 0.52783204801898786 0.63826658322903651 0.67281223449447758 870.50000000000011 0.37283121051048046 7.4017857142857153 -0.62624421296287669 24.119007495205249 0.62100351608814763 1.0386096566313163 6.5000000000000009 0.97368421052631582 2338.0000000000005 0.081696829675266341 2852.5000000000005 0.51611304350872045 386.50000000000006 368.50000000000006 -1.5211173854821878 0.44481386843954956 -1.0923134646700807 0.0086581709145427312 0.67684177700296078 1.2774513956007676 -0.17671091445421078 58.500000000000007 1.3216391608391611 0.7383591782725033 1.6529886492292509 1.4013938730374738 449.50000000000006 0.23667617990592466 0.65426329756547841 133.50000000000003 -1.1803209777142867 0.65234898400186359 0.8996279875581652 15.549074113029734 1.2483002071982201 0.85412341269436864 0.30743130524822154 1.1575111072009856 0.97803476165890857 0.66413259859784779 12.500000000000002 0.37720458629985493 1.0000000180025095e-35 733.50000000000011 2007.5000000000002 5.5000000000000009 1.5000000000000002 1.3096862221130279 2.5662397237910199 -1.0000000180025095e-35 0.82870324518285388
decision_type=2 2 2 2 2 2 2 2 2 2 2 2 2 2 2 2 2 2 2 2 2 2 2 2 2 2 2 2 2 2 2 2 2 2 2 2 2 2 2 2 2 2 2 2 2 2 2 2 2 2 2 2 2 2 2 2 2 2 2 2 2 2
left_child=2 3 -1 4 5 6 -2 8 -5 14 -11 -9 -7 -14 15 -6 33 -18 19 -10 -20 30 -12 24 26 -26 31 -27 -19 -30 -8 -4 35 -17 -35 36 37 46 58 40 -40 -42 43 44 -43 -45 -28 48 -41 50 -49 52 -52 -37 -47 56 -56 -53 -39 61 -61 -55
right_child=1 -3 23 7 9 12 21 11 18 10 22 -13 13 -15 -16 16 17 28 20 -21 -22 -23 -24 -25 25 27 32 -29 29 -31 -32 -33 -34 34 -36 53 -38 38 39 47 41 42 -44 45 -46 54 -48 49 -50 -51 51 57 -54 59 55 -57 -58 -59 -60 60 -62 -63
leaf_value=0.049180402753068717 0.057961828898879533 0.0040185360215942286 0.0012399501447844443 -0.030631398847002996 0.041718958304641972 0.036290589655765031 -0.0047553489290202032 -0.0094295624957860674 -0.0057344502590569325 0.03887062677527383 0.039343235211277333 0.040339031415761714 -0.030503558164845575 -0.0042436781055456103 0.029764239347147798 -0.032729674774637181 0.03840419188743105 0.040761291805703592 -0.06624377002876107 0.046076774566565559 0.0021165293757120971 -0.035402451563873345 0.0014725700441398759 0.043337775567703372 0.040089815315295471 0.018811290034458625 0.03340960111008888 -0.0305349248287239 -0.0036014799773866619 -0.045645124494796886 0.042303670681504396 0.058394242904987494 -0.021194488917805211 0.027024325875173477 -0.016770125134619097 -0.037057969606287711 0.055658849075080077 -0.057847396653194952 -0.034661214048502545 0.063382922663974925 -0.038792674734806881 -0.041217486583390729 -0.03300059880807886 0.069806776983469918 0.033215880380499857 0.028047723245447239 -0.0062863872437212412 0.046902620985919991 0 -0.018170066308094781 0.04785742118177852 0.013792148825147361 -0.011849664197576168 -0.050711085185648742 -0.043908241364942702 0.039877213730368698 0.010100681375337719 0.062314165213089238 0.0014797393175556659 -0.019440877600160299 0.0038384443530810348 -0.00048985555431920152
leaf_weight=29.81594405323267 20.805932268500328 846.81716587021947 22.017697781324387 284.67519979178905 18.127541616559029 14.663546063005922 127.11397941038013 74.066773496568203 96.6616470515728 53.426193684339523 31.256267465651035 33.203304558992386 286.73643266037107 96.991147741675377 34.038537308573723 135.15847054868937 32.818930543959141 17.437322683632374 20.476205863058567 31.0955845490098 19.237526305019855 40.241168908774853 702.30318902432919 26.052325114607811 31.407941222190857 20.206512570381165 125.10651310533285 136.22376073896885 207.91488847881556 35.051558412611485 21.841981433331966 29.882269471883774 62.602255806326866 23.98378673940897 140.78401339799166 30.833411648869514 42.08633478730917 26.454038292169571 51.672370314598083 41.806958347558975 30.569439575076103 43.020092412829399 29.200264602899551 24.465243279933929 25.478347256779671 86.912939339876175 41.274323716759682 45.986753582954407 31.518782258033752 67.939334891736507 29.631009504199028 61.611119672656059 152.84628891944885 30.395573250949383 41.163983032107353 29.518724739551544 28.651395693421364 28.376871153712273 23.994823217391968 93.465644516050816 2382.3778638988733 41.094222098588943
leaf_count=312 146 4852 99 2041 104 94 828 547 592 274 156 204 2385 510 185 870 183 103 112 168 98 203 3546 112 139 91 594 622 1156 213 108 132 282 135 824 136 191 115 241 185 134 196 131 105 117 372 188 201 138 310 126 271 671 145 184 133 124 122 105 422 10615 190
internal_value=9.22593e-05 -0.00406216 0.0036331 -0.0066959 -0.00435475 -0.014 0.000484759 -0.0152249 -0.0202603 -0.000253572 0.00553763 0.00595196 -0.0216461 -0.023882 -0.00732367 -0.0094016 -0.0109791 -0.00126001 -0.00259353 0.00686326 -0.033082 -0.00583684 0.00309816 0.00329247 0.00302865 -0.0133421 0.0038391 -0.0241209 -0.00629094 -0.00970376 0.0021353 0.0342927 0.0034154 -0.0204607 -0.0103525 0.00383512 0.00860311 0.00673768 0.00362754 0.00560696 -0.00270973 0.00215482 0.00624097 0.0103732 -0.0134507 0.0181442 0.0235343 0.0126841 0.03624 0.00819278 0.0138367 0.00822236 -0.00210603 0.00178144 0.0112972 -0.00332188 -0.0216894 0.0292008 -0.0295838 0.00225496 0.00295686 -0.0219534
internal_weight=7492.59 3446.93 4045.66 2600.11 2040.69 608.394 210.003 559.416 452.146 1432.3 786.986 107.27 398.391 383.728 645.315 611.277 593.149 293.223 167.471 127.757 39.7137 189.197 733.559 4015.85 3989.79 187.838 3801.95 156.43 260.404 242.966 148.956 51.9 3750.05 299.926 164.768 3687.45 1109.29 1067.2 900.819 850.37 390.653 338.98 308.411 279.211 68.4984 210.712 166.381 459.717 73.3257 386.391 318.452 272.465 182.477 2578.17 186.247 99.3341 69.8154 89.988 50.4489 2547.33 2475.84 71.4898
internal_count=38888 20637 18251 15785 12023 4274 1285 3762 3011 7749 3976 751 2989 2895 3773 3588 3484 1655 970 760 210 1139 3702 17939 17827 852 16975 713 1472 1369 936 231 16744 1829 959 16462 4954 4763 3981 3761 1737 1496 1362 1231 313 918 782 2024 323 1701 1391 1190 797 11508 813 441 308 393 220 11372 11037 335
is_linear=0
shrinkage=0.05


Tree=51
num_leaves=63
num_cat=0
split_feature=62 45 72 44 52 5 40 72 47 48 18 96 55 66 77 61 6 5 40 77 33 24 54 40 44 5 45 57 29 7 4 60 40 44 52 48 55 24 49 72 45 66 44 5 42 54 16 22 32 29 62 54 77 59 5 72 49 32 55 49 40 49
split_gain=40.1218 45.1149 32.9178 35.1819 33.8505 30.2451 26.1487 25.7457 25.1947 25.0315 24.5583 24.1619 21.9952 21.474 20.2725 23.1592 22.8013 19.0023 18.6207 19.9412 18.4886 18.3022 18.2495 25.9779 19.535 25.3554 17.0325 16.9615 17.9435 16.952 16.8685 17.6968 18.5582 16.745 16.4347 19.7616 25.3941 16.8223 16.7785 16.4001 16.3467 38.9901 23.5978 19.9915 18.1057 20.383 22.3443 27.3131 23.6123 26.3822 23.0579 20.0421 19.9981 16.8349 16.4808 15.5599 26.8683 21.1861 19.8005 22.1633 21.5757 18.7338
threshold=3.5196784484664714 -0.84214630815197433 1.3294464241059718 -0.64180483705788338 339.4500000000001 0.99632352941176483 2.2155744270748596 -3.4815288034856349 0.38624413145538183 0.89161987261141618 0.8512955103864196 3.4017377922906586 0.46205940912010279 5.3125000000000009 1.9762489491238664 24.316242399257966 0.97789987789987798 0.6903085177733066 1.634123504412474 1.9030281236087057 979.50000000000011 0.13157894736842107 1.3063333032111697 1.7911647868340783 -0.38597010626059863 0.80795574288724981 -0.49031206757422402 -0.014072130318166639 0.44634317115586836 0.043384152079804263 1.2479440512301991 314.50000000000006 2.4723496432212033 -0.48109262589930074 1129.9250000000002 1.3555244937608222 0.72497560806851824 0.76315789473684215 -0.95973282386203029 0.61872334598746959 1.0855058463058025 8.4732142857142865 -0.88815753887757654 0.69252256123764522 1.5000000000000002 0.55109226786642829 1.7471470521003678 1480.5000000000002 0.32934002869440465 0.49748844052122748 12.042776703924702 0.88489742427135043 2.2872312344064079 48.500000000000007 0.68642083699151313 -1.353519818331794 -0.8298233788093804 -0.08633540372670806 0.83796462480181888 -1.0358895862885367 1.3605576890699038 -1.4494921350735128
decision_type=2 2 2 2 2 2 2 2 2 2 2 2 2 2 2 2 2 2 2 2 2 2 2 2 2 2 2 2 2 2 2 2 2 2 2 2 2 2 2 2 2 2 2 2 2 2 2 2 2 2 2 2 2 2 2 2 2 2 2 2 2 2
left_child=1 10 3 5 -5 11 14 -6 13 12 -1 20 -9 -4 18 16 21 -17 19 -3 -2 -16 23 -11 25 33 -8 28 -28 -20 31 32 -25 -24 35 -26 -37 -36 -38 -31 43 42 -42 -13 51 -46 47 48 -47 50 -50 -45 -51 -49 -43 61 58 -58 60 -60 -57 -14
right_child=2 6 8 4 7 -7 26 9 -10 22 -12 40 55 -15 15 17 -18 -19 29 -21 -22 -23 24 30 34 -27 27 -29 -30 39 -32 -33 -34 -35 37 36 38 -39 -40 -41 41 54 -44 44 45 46 -48 53 49 52 -52 -53 -54 -55 -56 56 57 -59 59 -61 -62 -63
leaf_value=-0.021790665990785416 0.034321120643510963 0.021712530595107252 0.032547409208805715 0.028137958330185488 0.043809244197710213 -0.043734807740349269 -0.046128750918168003 0.030160230973616909 0.040260000436282029 -0.030474482362798396 0.02164662878639884 0.0032414712463176699 -0.0090178378242483908 0.0054513307344254899 0.029903006091798114 0.06214108371056877 0.041604594963448233 0.0080842754420720961 0.044385842918800454 0.080258925598691591 -0.0086576922115327373 -0.016932208153215458 0.013305255197470792 0.0012057872610285671 -0.012941511683570453 -0.021848757680448666 -0.013616277666054206 -0.022579286113751682 0.051240061506501566 -0.032799104753444525 0.023317460521312033 -0.040836282314935531 -0.043895665133989091 0.078675494980325583 -0.042735471808263419 -0.027077457159797248 0.0094074527977245637 0.010701333575884545 0.067751074668229133 0.018716612908205085 -0.010141026587693691 0.0014055103077284456 0.04238119234468711 -0.025472942547508082 0.046110102736462662 0.057156514909004585 -0.0067741390644239195 0.032905547659143365 3.2541101794900402e-05 0.010401923400816363 0.035122946753646925 0.025787325926138333 -0.033193025485580452 0.080504170396388242 -0.048764943198660052 0.038977310714395724 -0.02554019317809756 0.00013922282273539933 -0.011179266585245651 -0.041300681872952417 -0.0089690983449202521 0.012697499605256317
leaf_weight=506.14806786924601 27.425258725881577 43.905451975762844 81.786150924861431 89.869812704622746 29.190847679972649 28.79019059240818 38.718086436390877 54.80260356515646 67.114622294902802 210.38133665174246 34.581668011844158 313.19341737031937 139.13413632661104 693.84909658133984 22.942112885415554 21.929226040840149 21.184313304722309 63.311074055731297 21.031104400753975 22.007121600210667 272.21854463964701 214.69389999657869 19.32290306687355 156.61047922819853 109.22460808604956 19.908394604921341 22.168532393872738 71.412832461297512 20.240785032510757 31.36481749266386 39.108861297369003 43.46096833050251 26.559482656419277 20.33376544713974 52.670877642929554 19.419846944510937 23.785601854324341 20.194688379764557 26.067300327122211 30.151106178760529 38.414743386209011 25.040827691555023 47.705977112054825 45.420510314404964 74.341420516371727 31.374757058918476 76.768502451479435 66.374972656369209 74.300723381340504 60.553534343838692 127.77979297935963 32.672066763043404 46.226410187780857 26.263300567865372 46.122416809201241 26.712897315621376 83.581192322075367 1990.8777397945523 148.70781712979078 104.40568558126688 186.93981196731329 344.79965177923441
leaf_count=3952 129 227 423 601 143 138 222 253 331 1206 213 1426 603 3297 115 103 110 297 103 111 1460 1125 120 878 556 122 108 350 99 174 207 257 150 111 501 96 129 154 143 148 182 140 231 202 338 145 343 313 334 277 563 151 214 117 282 116 448 9916 731 510 933 1511
internal_value=8.61924e-05 -0.008349 0.00167734 0.000253555 -0.00217826 0.0068915 0.000573109 -0.00287953 0.0108729 -0.00323438 -0.019 0.00791567 -0.00119887 0.00831872 0.00618334 -0.000467307 -0.00792669 0.0221062 0.02162 0.0414279 -0.00469719 -0.0123789 -0.0111924 -0.0173453 -0.00175197 0.0239488 -0.0175006 -0.00768648 0.0172679 0.00571227 -0.00692482 -0.0121737 -0.00532698 0.0470629 -0.00786922 0.000275435 0.0211757 -0.0278626 0.0400891 -0.0074789 0.0112572 -0.00367383 0.0189107 0.0136705 0.0185951 0.0216196 0.018029 0.0224399 0.0158553 0.0116265 0.0222521 -0.00395738 -0.00843751 0.0465261 -0.0310637 -0.00176959 -0.00333576 -0.000894187 -0.0141737 -0.0236351 -0.00293556 0.00644329
internal_weight=7475.6 1185.79 6289.81 5447.06 3986.07 1460.99 645.06 3896.2 842.75 3867.01 540.73 1432.2 3079.96 775.635 492.52 344.061 258.82 85.2403 148.46 65.9126 299.644 237.636 787.049 476.121 310.928 59.5651 152.54 113.822 42.4093 82.547 265.74 226.631 183.17 39.6567 251.363 178.497 69.2727 72.8656 49.8529 61.5159 1132.55 157.284 86.1207 975.269 662.076 583.983 509.642 432.873 340.235 308.86 202.081 78.0926 106.78 92.6383 71.1632 3025.16 2541.23 2074.46 466.766 253.114 213.653 483.934
internal_count=38888 7457 31431 27380 20395 6985 3292 19794 4051 19651 4165 6847 15021 3720 2513 1750 1350 400 763 338 1589 1240 4630 2698 1932 353 779 557 207 425 1492 1285 1028 231 1579 924 368 655 272 322 5258 835 413 4423 2997 2644 2306 1963 1533 1388 897 353 491 430 422 14768 12654 10364 2290 1241 1049 2114
is_linear=0
shrinkage=0.05


Tree=52
num_leaves=63
num_cat=0
split_feature=66 88 52 78 51 45 72 78 51 15 46 1 20 59 4 60 45 77 53 16 38 29 72 75 61 78 96 77 96 38 30 9 61 97 45 52 77 53 72 47 78 95 19 51 32 45 29 35 31 32 45 34 15 1 97 52 4 95 5 33 22 29
split_gain=37.9865 29.6209 24.2317 23.4839 22.678 23.9776 34.9735 26.731 25.8827 27.0047 23.6416 22.4914 27.3927 21.9315 21.6564 20.3997 20.127 24.8716 20.0601 19.9228 25.8284 26.0312 19.7175 18.5468 18.546 18.5342 18.1708 17.8125 22.0488 19.158 20.64 17.3656 17.748 17.2617 21.1931 40.5417 17.0315 16.6946 16.437 15.9059 15.861 16.4472 17.9662 15.8177 15.1748 15.1304 15.0905 23.8822 19.1272 18.5853 20.944 19.762 19.8878 16.981 14.6817 14.5362 27.172 15.237 14.3221 21.2089 14.1006 13.9466
threshold=5.3125000000000009 2.5000000000000004 891.95000000000016 5.7772546214689706 0.78409535206406755 2.0350129790807854 -0.76236220788062459 -1.2273996539929255 0.16876181323619599 0.55263157894736847 -0.2906318560772268 10.830357142857144 0.11147660818713452 54.500000000000007 1.0480300279844526 31.500000000000004 -0.57068378995439806 2.3769777564707706 1.3483994950002154 0.79852653124851758 0.2114538282401027 0.49748844052122748 1.3294464241059718 23.500000000000004 3.2472658479193872 -0.09199013157907468 4.6088745750581506 2.0078574974454981 3.7505887665051785 -0.21571937049096593 3.1285980941153357 247.50000000000003 22.475285140562253 3.4046073576229223 -3.2911773275062921 1969.2000000000003 2.027093833740492 0.52635929944885784 1.1996883670773786 0.33435478706383109 1.6373620713086405 379.50000000000006 0.93364779874213844 -0.26430616935780255 0.8753531073446329 -0.76226549219593698 0.41353569199679047 1.4798215388884668 1.263476270141763 0.92117446393762192 -0.70639684140972725 1.3250734223193132 0.86842105263157909 5.0267857142857153 1.8682067930789048 444.90000000000003 0.47398704068241476 334.50000000000006 0.7918333333333335 2716.5000000000005 1489.5000000000002 0.5849737787077941
decision_type=2 2 2 2 2 2 2 2 2 2 2 2 2 2 2 2 2 2 2 2 2 2 2 2 2 2 2 2 2 2 2 2 2 2 2 2 2 2 2 2 2 2 2 2 2 2 2 2 2 2 2 2 2 2 2 2 2 2 2 2 2 2
left_child=22 2 3 55 5 6 15 33 19 13 -6 12 14 16 -7 23 -10 -18 -19 20 21 26 31 54 -14 -21 -9 28 -17 30 39 -1 46 34 35 -8 -22 60 43 -29 41 42 -11 -3 -12 -31 49 -48 -49 50 -33 53 -53 -52 -4 56 -2 -58 -41 -60 -27 -57
right_child=1 38 4 -5 10 11 7 8 9 40 44 -13 24 -15 -16 27 17 18 -20 25 36 -23 -24 -25 -26 37 -28 29 -30 45 -32 32 -34 -35 -36 -37 -38 -39 -40 58 -42 -43 -44 -45 -46 -47 47 48 -50 -51 51 52 -54 -55 -56 61 57 -59 59 -61 -62 -63
leaf_value=0.037534356508314465 -0.04310483208165776 0.016932141912904288 -0.0055361903221364866 -0.039070236437155334 -0.019001452709619403 0.056674926623297296 0.097002763653577226 0.090722795588909652 -0.0065848195249362572 -0.017715150910674035 0.056864405660749962 -0.043601068490510812 -0.042943551882617163 0.050039852471320138 -0.019826245663772415 -0.017621139094834957 0.028320979726053089 0.023107266700350168 -0.034687811751505253 0.0044202194947452565 0.012030491135099552 -0.0096320147048535466 0.031155221168307181 -0.023232970433602576 0.0013264725683832792 0.03379617845845722 0.018761018664035796 -0.0099091807779894195 0.026100692474665815 0.017506772631589878 -0.02946421264352175 0.028733005631407495 0.035404988316679958 -0.0087563252456021919 -0.026913563869148956 -0.052940275098942849 -0.035036372623627229 -0.031207247523238387 0.024907417659465341 0.063164791799631123 0.01839133437278519 0.029714783132422113 0.019056243161956202 -0.0057302408933858975 0.010265927217579393 -0.010995444822331012 -0.0039510189638223897 0.030704713024007596 0.0045599273399155966 0.032668810245538638 -0.033620161795701174 0.037520742400686452 -0.01972423331760197 0.010509605360013609 0.033693676646407121 0.0025926722373228327 0.026664701445780675 -0.010299982100694546 -0.016402598323781031 0.048439748149096712 -0.019897907415064572 -0.0068448974380184427
leaf_weight=44.198703125119209 18.522008627653122 140.23584058880806 29.77204142510891 35.480134472250938 29.62333620339632 22.961325921118259 9.7847653441131133 17.558978170156479 151.71473664790392 309.16452196985483 35.878168910741806 77.144818603992462 54.851497389376163 32.644041381776333 15.25641283392906 38.241464950144291 148.75103320926428 26.362954750657082 34.4638592004776 64.161686234176159 31.543457254767418 28.035199850797653 94.207993015646935 22.260802552103996 41.156622625887394 19.452600322663784 17.984716884791851 27.213652096688747 115.11930406093597 51.565184533596039 22.80793970823288 29.574791342020035 46.248027622699738 397.32927756756544 330.60716351866722 8.1570733003318292 48.457236103713512 225.69500245153904 145.11892323940992 27.758379943668842 52.089993424713612 23.047983631491661 37.005218632519245 170.08487922698259 34.667047314345837 462.05079487711191 212.03133923560381 147.11574421823025 134.34656615555286 27.636135503649712 123.40232340991497 29.300598755478859 31.1556206792593 26.226516775786877 115.21628651767969 2003.9981789588928 156.95753782242537 33.620904669165611 23.413394145667553 26.932784184813499 32.531372919678688 486.25834232568741
leaf_count=318 94 667 132 182 150 166 129 100 799 1515 181 701 481 157 103 223 681 120 159 358 194 178 497 103 297 111 103 120 532 228 105 138 212 2800 2956 117 314 1503 717 136 237 106 171 895 176 2353 967 670 616 126 559 132 137 124 534 8721 834 163 123 136 194 2137
internal_value=8.09031e-05 -0.00127844 -0.00220411 0.00127961 -0.00507489 -0.00580504 -0.00465898 -0.00835604 -0.00402304 0.00141423 0.0183308 -0.0220858 -0.0096597 0.0108289 0.0260333 0.00319808 0.00725935 0.0173034 -0.00955996 -0.0131634 0.00243443 0.026231 0.00944632 0.0190652 -0.0239323 -0.0197282 0.054606 -0.000135249 0.0151614 -0.00380036 0.0134749 0.0070345 0.00535349 -0.0159037 -0.0240322 0.02864 -0.0164241 -0.0253257 0.0110155 0.0228404 -0.00737742 -0.0110305 -0.0137655 0.00449708 0.0340829 -0.00812134 0.00351569 0.00870179 0.0182492 -0.00604009 -0.0105364 -0.0160994 0.00795359 -0.02585 0.0256055 0.00181324 0.0144735 0.0201154 0.0343132 0.0182131 0.000124935 0.000747643
internal_weight=7456.16 6510.71 6055.27 2734.84 3320.43 3220.27 3008.89 2046.54 1300.66 815.244 100.169 211.371 134.226 393.937 38.2177 962.352 361.293 209.578 60.8268 485.42 143.58 63.5789 945.444 167.249 96.0081 341.841 35.5437 795.103 153.361 641.742 128.126 851.236 807.038 745.878 348.549 17.9418 80.0007 277.679 455.44 105.318 421.308 369.218 346.17 310.321 70.5452 513.616 760.79 493.494 281.462 267.296 239.66 210.085 60.4562 149.629 144.988 2699.36 209.1 190.578 78.1046 50.3462 51.984 2490.26
internal_count=38888 34392 32113 12131 19982 19475 17727 13002 7000 3945 507 1748 1047 1916 269 4725 1759 960 279 3055 889 381 4496 769 778 2166 203 3956 755 3201 620 3999 3681 6002 3202 246 508 1808 2279 515 2029 1792 1686 1562 357 2581 3469 2253 1286 1216 1090 952 269 683 666 11949 1091 997 395 259 305 10858
is_linear=0
shrinkage=0.05


Tree=53
num_leaves=63
num_cat=0
split_feature=2 62 48 26 18 44 47 41 18 72 14 62 96 8 18 96 52 72 7 9 48 33 2 6 2 48 62 61 6 9 33 60 5 53 26 53 62 60 6 16 78 2 41 2 97 53 26 18 54 21 54 41 96 60 59 7 14 75 44 2 6 44
split_gain=35.2154 29.0431 31.8887 30.2534 32.3795 29.7321 39.0209 33.7564 25.9794 22.9115 22.2886 22.5442 22.1522 22.1472 22.7469 21.8142 20.9716 20.5543 20.1968 19.0919 19.3549 32.2387 25.4787 20.2764 18.3937 18.3279 18.533 18.3056 17.9475 19.1538 25.4483 24.926 25.0468 22.5642 20.8257 19.6666 19.3661 19.2446 18.6547 29.0266 19.7944 17.5812 17.5607 16.8696 16.6351 17.0825 16.8554 16.1766 19.807 21.4053 24.1836 21.8436 20.171 19.5321 18.7646 17.5878 22.1658 17.4471 17.4042 17.1765 16.0696 20.4616
threshold=4.4017857142857153 3.5196784484664714 1.1307665770610138 -0.31270073659120329 0.35758377425044097 1.0593557812539447 -0.70029831170022427 0.72710863630476175 0.8512955103864196 2.3844249429223514 0.49833316664999838 13.170523648648651 5.0734136656168713 0.13804446460980038 0.052911534154535277 22.859354228024852 377.00000000000006 -2.0864114987079594 0.34498016478486426 2667.0000000000005 -0.29863846928512799 3745.5000000000005 8.1875000000000018 0.85760368663594477 11.294642857142859 0.10845116892912356 32.673631840796027 8.5566510172143992 1.0000000180025095e-35 1117.5000000000002 3822.5000000000005 312.50000000000006 0.80565547561950457 1.1804703482341208 0.42773817605793168 0.30914383533322864 9.0070356395511713 374.50000000000006 0.24264069264069268 1.2907025709219859 0.72792045454539733 7.4017857142857153 0.99056643540057343 14.330357142857144 49.635110952040094 0.7724148102697036 -0.85614244612127444 0.77303030303030307 0.81193319921560181 0.66869918699187003 1.194712723984876 0.93462152377715968 7.2356974298466126 253.50000000000003 10.500000000000002 0.22874354561101551 0.6805463404243991 9.5000000000000018 1.108248299319776 8.8125000000000018 0.06472559698366151 0.61910021551729089
decision_type=2 2 2 2 2 2 2 2 2 2 2 2 2 2 2 2 2 2 2 2 2 2 2 2 2 2 2 2 2 2 2 2 2 2 2 2 2 2 2 2 2 2 2 2 2 2 2 2 2 2 2 2 2 2 2 2 2 2 2 2 2 2
left_child=15 5 9 4 -4 6 8 24 13 16 11 -5 -13 41 -15 25 -3 -18 19 20 21 22 -9 27 -8 -1 -27 -22 -19 31 35 44 -33 38 36 -31 -35 60 39 40 -32 -2 -7 -36 46 -46 -30 48 53 50 51 -50 54 55 -53 56 -37 -55 59 -52 -34 -62
right_child=1 2 3 10 -6 42 7 18 -10 -11 -12 12 -14 14 -16 -17 17 28 -20 -21 23 -23 -24 -25 -26 26 -28 -29 29 30 33 32 37 34 43 47 -38 -39 -40 -41 -42 -43 -44 -45 45 -47 -48 -49 49 -51 58 52 -54 57 -56 -57 -58 -59 -60 -61 61 -63
leaf_value=0.024468435723769721 0.0059931275588177195 0.023145951249355094 0.064133486744867393 -0.034397133598161767 9.0968783339510039e-05 0.055319773347370309 -0.052519878090783817 0.0377977185835289 0.021730724919747309 0.02572398274638359 0.024027663751972548 -0.020179993283508665 0.0047494038559285053 0.046545753597016043 -0.013692656773409249 0.059857641871309944 0.013779198077109795 -0.013955112035654594 -0.036822665567773111 -0.015270588544971734 -0.0071596968533726869 0.054564231352370013 -0.023249532288839931 0.063678905871689978 -0.0080290515274780011 -0.0056498397114691304 0.018285125446616309 0.033499249017413933 -0.025213671322229576 0.031098355758300129 0.039924035714790522 -0.012137030698359638 0.045362864750835626 -0.0092957696756860372 0.010489717674096085 0.0048110812342612407 0.03297273068991257 -0.034217912534973596 -0.016811412749835428 -0.016028616827933106 -0.00042893732178814605 -0.03314240643061387 0.001422941297446724 0.054125457990505312 0.0099542158591922076 -0.045668587886796001 0.0075239182178414941 0.011685567159686897 -0.039370986006874803 0.016862541009917475 0.007230442581649542 -0.039185020418206172 -0.032475873693792554 0.0017346881299148513 0.01501221887271883 -0.054558187617370413 -0.043028782455754762 0.043824474083048549 0.024278633774791412 -0.020528510525626424 -0.0029163142851205146 0.040008773605339193
leaf_weight=157.72206756472588 31.551201082766056 109.18295506387949 24.309253424406052 139.71098661422729 103.92619036138058 27.559618033468723 36.647028781473637 21.645409293472767 38.793454140424728 99.360236637294292 34.785359837114811 238.49409325420856 141.73645112663507 16.5147983469069 268.36117585003376 23.304857306182384 295.18234784901142 214.29946701973677 22.880707710981369 54.927977010607719 42.336164817214012 23.734776042401791 79.234903939068317 32.784783534705639 64.197525091469288 204.19051361083984 133.6009564101696 78.754059076309204 39.955987580120564 31.334971271455288 69.338963314890862 427.20304941385984 33.989934131503105 82.776323214173317 38.380860887467861 126.64393380656838 40.111061036586761 22.810214892029762 138.75133926421404 82.282369554042816 53.605537466704845 292.57084299251437 33.763674549758434 53.535996474325657 24.690338999032974 30.774921283125877 1969.9277398139238 86.429062746465206 173.80757682770491 47.527806952595711 79.976197205483913 20.741070814430714 78.272103670984507 67.507746122777462 68.101945348083973 19.53301876783371 29.803104139864445 38.904992461204529 37.608118303120136 181.69350862503052 115.95354431122541 36.328377977013588
leaf_count=820 174 649 136 911 664 151 182 95 238 536 206 1583 742 132 2050 126 1341 1020 121 269 207 115 427 155 329 972 645 358 193 157 316 1962 145 447 177 705 219 102 759 396 316 2228 188 254 104 132 8973 421 994 249 399 117 427 359 353 111 185 218 180 1059 528 161
internal_value=7.50152e-05 -0.00086694 0.000591673 -0.00954841 0.0123108 -0.00806117 -0.00994586 0.00122916 -0.0178387 0.00195975 -0.0146119 -0.0172107 -0.0108752 -0.0203707 -0.0101679 0.0126381 0.00148285 0.000994454 0.00846867 0.0116019 0.0169236 0.00222871 -0.0100769 0.0287825 -0.0242826 0.0103956 0.00380457 0.0192484 0.000165952 0.000863342 -0.00338558 0.00345497 -0.00519294 0.0052814 0.017995 -0.00784196 0.00447582 0.00897058 -0.00264625 0.00690982 0.0223029 -0.0293167 0.025777 0.0359904 0.00612173 -0.0208448 0.00686939 -0.00900441 -0.0108539 -0.0154315 -0.0178391 -0.0269481 -0.013982 0.000278205 0.00227342 -0.00992765 -0.00429212 0.0171966 -0.0074403 -0.0120257 0.0143016 0.00731062
internal_weight=7434.37 6915.55 5749.29 682.962 128.235 1166.26 1104.93 457.143 647.791 5066.33 554.727 519.942 380.231 608.998 284.876 518.818 4966.97 4857.78 356.299 333.418 278.49 124.615 100.88 153.875 100.845 495.514 337.791 121.09 4562.6 4348.3 1646.67 2701.63 636.285 558.782 214.804 1087.89 122.887 209.082 343.978 205.227 122.945 324.122 61.3233 91.9169 2065.35 55.4653 2009.88 1056.55 970.121 687.728 640.201 340.923 167.115 282.393 88.843 175.98 156.447 106.413 299.278 261.67 186.272 152.282
internal_count=38888 36325 28906 4242 800 7419 7080 2258 4822 24664 3442 3236 2325 4584 2182 2563 24128 23479 1747 1626 1357 637 522 720 511 2437 1617 565 22138 21118 8818 12300 2898 2884 1097 5934 666 936 1787 1028 632 2402 339 431 9402 236 9166 5777 5356 3778 3529 1891 897 1578 470 1001 890 577 1638 1458 834 689
is_linear=0
shrinkage=0.05


Tree=54
num_leaves=63
num_cat=0
split_feature=52 34 38 54 78 29 34 34 26 14 53 34 33 52 15 14 77 29 60 7 22 44 72 60 72 94 23 95 20 2 40 77 34 19 37 46 39 53 10 33 7 10 62 10 52 14 26 44 54 95 22 30 31 0 14 38 49 44 40 78 53 18
split_gain=32.3224 26.047 30.2281 37.0912 58.7698 38.4511 25.5526 23.3297 22.9201 22.4178 33.3313 25.617 22.3282 21.956 21.4934 22.9084 21.316 22.6124 21.1089 20.8596 20.3853 21.7923 19.974 18.5418 29.4141 18.4566 18.0791 25.2655 18.0188 24.1215 18.8043 17.1038 25.8577 27.9321 23.5804 21.3393 20.8075 25.6927 20.3971 28.7411 19.1022 18.0862 16.9331 18.8792 16.8072 30.7887 41.2773 25.5988 18.9164 17.9569 16.7648 18.2723 16.4324 16.338 16.2478 15.5421 15.4633 15.3591 16.7423 15.0697 22.2656 14.9851
threshold=1026.9750000000001 1.1015031115000067 1.0000000180025095e-35 0.91322226379434623 -0.81475904016662437 0.52783204801898786 1.1090838402677337 1.0760364733343015 -0.57678491243825769 0.36049006886914864 0.34291307057054909 0.63687138378246033 414.00000000000006 1179.8750000000002 0.44736842105263158 0.34925568422930037 2.4674927147627259 0.52444511934858995 385.50000000000006 0.22654088050314466 2120.5000000000005 -0.036026756930945252 2.3844249429223514 367.50000000000006 -1.4808577966340042 58.500000000000007 0.93939758138148222 19.500000000000004 0.030076888285843515 10.598214285714286 1.5719818614332444 2.4075187916536822 1.0249502222827547 0.47849213691026832 1.0000000180025095e-35 -0.71361340133783513 1.0596102078173795 1.0121480016529627 0.91183868151479597 2813.5000000000005 0.090703414232826005 0.95092042616738348 8.8130206277654306 0.85783755615762802 1323.6500000000003 0.46011160352922137 0.60597739888977009 -0.64180483705788338 1.430920964893805 39.500000000000007 2092.5000000000005 2.1855099310486783 0.51215357916018112 150.00000000000003 0.3802352240794617 0.48305625239168337 0.90122934656910936 -0.50717312348660915 1.5937226357267953 -2.6326746303813779 1.0000805671930391 0.4006802721088436
decision_type=2 2 2 2 2 2 2 2 2 2 2 2 2 2 2 2 2 2 2 2 2 2 2 2 2 2 2 2 2 2 2 2 2 2 2 2 2 2 2 2 2 2 2 2 2 2 2 2 2 2 2 2 2 2 2 2 2 2 2 2 2 2
left_child=12 2 3 4 59 -5 -3 8 -4 13 -11 19 -1 -10 15 -8 20 -18 23 -12 21 -17 26 25 -25 53 27 -16 29 -28 50 34 40 -34 -13 -36 -37 42 39 -39 41 -33 43 -38 47 -46 61 55 -49 -48 51 -30 -42 -14 -6 -32 -22 -7 -59 -2 -61 -47
right_child=1 6 7 5 54 57 14 -9 9 10 11 31 18 -15 22 16 17 -19 -20 -21 56 -23 -24 24 -26 -27 28 -29 30 -31 44 32 33 -35 35 36 37 38 -40 -41 52 -43 -44 -45 45 46 49 48 -50 -51 -52 -53 -54 -55 -56 -57 -58 58 -60 60 -62 -63
leaf_value=0.047817057250211868 -0.043777381758953182 0.056520854807730697 -0.041850321931431907 -0.027094691498602164 0.081074767358686961 0.056137509160418278 0.059838341419054045 -0.04682502380036236 0.0023116363547772698 0.057976847995959736 -0.0011880170188845853 -0.02716411687757744 0.00084495427937016402 -0.040636207922612938 0.025613331254148171 -0.05261052969666824 0.0082633983651273623 0.07762574240950286 0.049325444859896914 0.054609142855080207 0.038433556553649995 0.0035726205265211725 0.029979005505977704 0.027242049513298495 -0.019036554590774996 -0.022323136146527398 -0.018044803202525533 -0.0023635781780044132 0.0073630857254671847 0.04162511038472972 -0.0024058801443038822 -0.027953559319224636 0.063666161142977767 -0.027502446909693674 -0.031302447766042039 0.039882940958841956 -0.02726868683488845 0.0075503630210157456 -0.0053091936063040593 0.066314701450772465 6.3142651134502476e-05 0.019270659704477437 -0.039203230011500695 0.023595357251470949 -0.04419265492781075 -0.0168518028449966 -0.019934170595848233 -0.0261843599519016 0.019325257463451331 0.037841498026666288 0.023094309608484877 -0.055294564670350738 -0.04813756098993157 0.0072420882612002123 0.034294308918570597 0.057567274238343728 -0.016113679554583194 0.044000859375758226 -0.0080008387524695759 0.050964618000972288 -0.024306283258430057 -0.062268902294102979
leaf_weight=27.157387591898441 24.975338745862246 20.122494168579578 58.727216836065054 132.33843615278602 27.64240437746048 17.637908071279526 24.903930962085724 49.141003035008907 41.952485449612141 19.487425066530704 41.998159151524305 97.524882700294256 2535.5527871251106 100.42395300418139 98.847024954855442 29.738641545176506 29.022159729152918 19.89110528677702 23.765318214893341 27.572756238281727 38.126883275806904 40.555235356092453 45.041944533586502 41.140826985239983 203.28964497894049 70.959725424647331 30.86630117893219 436.45383316278458 30.916719198226929 37.114560015499592 20.995338603854179 51.796686645597219 17.144602473825216 16.212096136063337 46.38857090100646 37.518343158066273 35.937277164310217 56.393014691770077 79.807134989649057 33.11578082665801 20.941320233047009 33.070414382964373 50.488052137196064 36.823750238865614 119.43601264059544 49.08054606616497 19.119603164494038 104.69784988462925 28.986837342381477 44.156965851783752 61.259477071464062 18.433104075491428 106.71679924800992 1648.1831167861819 59.170220352709293 21.806451342999935 19.459418497979641 20.427464354783297 62.547162845730782 16.141519404947758 24.709285654127598 29.252627272158861
leaf_count=312 291 114 443 918 150 102 133 344 242 108 287 678 11684 716 486 188 161 103 103 165 195 236 237 184 951 327 156 2713 205 179 98 350 100 103 429 231 251 367 515 206 167 195 372 229 628 297 95 603 145 250 332 104 709 7469 311 108 122 124 406 97 168 196
internal_value=6.94145e-05 -0.00409193 -0.0088171 0.00315852 0.022318 -0.00937829 0.000718237 -0.0131814 -0.0115351 -0.0096542 -0.00642423 -0.00802743 0.00268902 -0.0279534 -8.52889e-05 0.0150057 0.00863182 0.0366732 0.00241589 0.0209007 -0.00207501 -0.0201663 -0.00263451 0.0021659 -0.0112189 0.00293627 -0.00391714 0.00279703 -0.00975818 0.0144722 -0.0127745 -0.0108326 -0.0215373 0.019257 -0.0052657 0.000399509 0.00487805 0.000359864 0.0130153 0.0293971 -0.0279696 -0.00949169 -0.0169817 -0.00146114 -0.0174328 -0.0254935 -0.00966704 -0.00547387 -0.0162721 0.0203012 0.00560616 -0.0160041 -0.0401976 0.00336641 0.0493236 0.0280954 0.0199184 0.0138787 0.00477879 -0.0132423 0.00536549 -0.0339338
internal_weight=7413.11 2863.06 1444.77 385.59 152.639 232.951 1418.29 1059.18 1010.04 951.314 808.937 789.45 4550.05 142.376 1398.16 201.697 176.793 48.9133 4522.89 69.5709 127.88 70.2939 1196.47 4499.13 244.43 4254.7 1151.42 535.301 616.122 67.9809 548.142 719.879 245.882 33.3567 473.997 376.472 330.083 292.565 169.316 89.5088 212.525 84.8671 123.249 72.761 437.532 261.046 141.61 176.486 133.685 63.2766 110.609 49.3498 127.658 4183.74 86.8126 42.8018 57.5863 100.613 82.9746 65.8261 40.8508 78.3332
internal_count=38888 17858 9774 2567 1017 1550 8084 7207 6863 6420 5462 5354 21030 958 7970 1138 1005 264 20718 452 741 424 6832 20615 1135 19480 6595 3199 3396 335 3061 4902 1624 203 3278 2600 2171 1940 1088 573 1421 545 852 480 2420 1466 838 954 748 345 641 309 876 19153 461 206 317 632 530 556 265 493
is_linear=0
shrinkage=0.05


Tree=55
num_leaves=63
num_cat=0
split_feature=88 52 44 44 44 1 51 19 21 47 47 95 45 51 18 16 20 77 26 14 38 19 78 20 6 4 25 72 72 44 38 55 9 45 97 46 59 18 22 95 94 97 96 57 78 53 18 94 21 95 21 45 8 25 85 96 7 8 1 38 47 39
split_gain=34.2148 24.1832 23.6919 22.5597 23.0549 22.0137 25.9782 22.335 23.7097 20.2154 35.4186 26.4578 20.189 23.8252 20.132 19.9436 21.044 18.6015 18.4732 21.5677 18.5555 18.2054 22.7569 19.3386 22.7274 18.4347 18.0744 17.9812 26.2354 18.5085 17.9654 16.8629 16.5426 16.3697 18.7038 18.6482 21.3922 20.8002 16.1418 16.0713 16.0077 15.9424 15.4401 17.8065 15.3085 16.9824 15.2507 15.0996 14.9477 15.5554 14.8202 20.472 21.5993 16.9761 14.7099 15.1735 14.5861 18.2877 17.5269 16.19 15.0885 14.5036
threshold=1.5000000000000002 1250.3250000000003 1.0857274326394981 -0.64180483705788338 0.56746212121213635 5.3660714285714297 0.20674318333613315 0.05917366946778712 0.24019230769230773 -0.39594470012340949 1.2784357104557695 27.500000000000004 -0.82183565950753612 -0.20945453609792533 0.8512955103864196 2.0129204329642278 0.032389194859690544 2.5806154386205615 -0.058947629684785306 0.34145200666225567 -0.075370257658754297 0.64031250000000017 -2.0233117367626612 0.077097902097902113 0.98164983164983177 0.54861226274291064 0.26766674164885845 -1.2710723543333926 1.4570666424989385 -0.073931675189942508 0.42147888630352631 1.3324301205570757 580.50000000000011 1.7365241902223014 5.9792719783893675 -0.17211208539833106 32.500000000000007 0.48507130124777192 589.50000000000011 137.50000000000003 53.500000000000007 26.269772392336666 3.2514594146441191 0.15593942104064193 0.58120480425561549 0.66110353721243331 0.42075358851674644 12.500000000000002 0.040134228187919473 357.50000000000006 0.53390804597701158 -1.1949761104604923 0.031373031496062999 0.51382517838939867 -0.16386437670431561 31.380221210149646 0.07854152897113903 0.050252525252525264 12.151785714285717 0.35085239298082588 -0.55790994399320215 1.910434304562947
decision_type=2 2 2 2 2 2 2 2 2 2 2 2 2 2 2 2 2 2 2 2 2 2 2 2 2 2 2 2 2 2 2 2 2 2 2 2 2 2 2 2 2 2 2 2 2 2 2 2 2 2 2 2 2 2 2 2 2 2 2 2 2 2
left_child=1 3 9 12 5 6 7 -5 -9 14 15 -12 13 50 42 16 -11 -8 19 -18 -21 25 -23 30 32 -6 -22 29 -29 -2 -24 39 -25 34 -14 47 37 38 -37 -20 54 -35 43 -3 45 -30 -33 -36 -27 56 51 52 -1 -52 -7 -56 58 60 -50 -59 -58 -39
right_child=27 2 -4 4 21 40 17 8 -10 10 11 -13 33 -15 -16 -17 18 -19 31 20 26 22 23 24 -26 48 -28 28 44 -31 -32 46 -34 41 35 36 -38 61 -40 -41 -42 -43 -44 -45 -46 -47 -48 -49 49 -51 53 -53 -54 -55 55 -57 57 59 -60 -61 -62 -63
leaf_value=-0.025187108039479766 0.021249830225146052 -0.023494202008045206 0.015682171791034011 0.0382356953801435 0.028336188922042482 -0.013518441286298498 0.037857733776147817 -0.022188214977603496 0.0050549767197306979 0.038364625692156623 0.026639402015842376 -0.023996652057365564 0.023154896650441428 -0.025056976577360637 0.018310339225314422 -0.041638297778695078 -0.053158645355549095 -0.013470950554794312 -0.0017437213376191995 0.03756468014678882 -0.030192477206797672 -0.017031065002690245 0.019659905530722669 -0.008608606403319086 0.072555441901333548 -0.030897543178764843 0.019068001659417359 -0.00085842685865199382 -0.036252582788208976 -0.0032690161777034323 -0.030435164884355805 0.06487938431667585 0.02816759318230766 0.0068827612421701479 0.015606806180194905 0.0076190508098441211 0.012486150954529889 0.017894530903819414 -0.029825703002398219 0.028201648632268164 -0.019603375056627927 0.064900308687218258 -0.022658309434693893 0.03243186185965119 0.031517749781953312 0.013057426793361049 0.0070041739237624362 -0.02955522301726762 0.021602096596354148 -0.030838278588914914 0.034819366621979361 0.050845895486170106 0.028751367296659364 -0.0211955058739666 -0.0039769596805613655 0.019833428008798362 0.037468987156317822 -0.00025523713645008025 -0.023535983242222377 -0.042814390198289615 -0.01618992810859848 -0.026827014265291618
leaf_weight=23.967206932604313 309.51509495824575 27.760142333805561 101.24059719592333 33.005269557237625 46.10671228915453 413.39892600104213 83.440720349550247 124.65798009186983 221.36496189236641 43.477234616875648 28.55822429805994 252.45587719231844 78.121176101267338 28.064241118729115 37.581430725753307 23.755976177752018 27.424104668200016 22.159106910228729 240.51226351410151 21.770780101418495 56.875751309096813 50.082376677542925 39.249269753694534 37.648751229047775 24.115227542817593 48.854118339717388 27.451637350022793 949.18937553465366 19.658034075051546 101.95357245206833 32.688972108066082 23.164488308131695 157.52608925849199 30.446860000491142 22.787780709564686 38.255741454660892 232.00279229879379 84.97217334061861 113.36536928266287 54.896187499165535 216.0678343847394 19.542201355099678 445.54123354703188 28.934337764978409 106.54725656658411 148.07114735245705 22.760273933410645 94.457091078162193 122.49593809992075 39.139312826097012 22.407916203141212 73.551941961050034 80.125878311693668 33.773229375481606 1360.4480747245252 70.217682100832462 30.485842771828175 43.226891092956066 25.895942978560925 46.696222089231014 22.685338415205479 22.87720201164484
leaf_count=109 1447 143 552 149 222 2098 424 577 1033 205 169 1983 354 135 216 112 181 115 1189 125 359 274 193 182 118 232 156 4958 101 497 154 109 732 173 106 173 1093 390 543 274 1085 101 3726 139 539 733 105 431 565 181 97 329 361 145 6801 360 145 206 143 220 105 103
internal_value=-0.000265022 -0.00207358 -0.0076252 -0.000186503 -0.0021741 -0.00446536 0.00511618 -0.00098345 -0.00474877 -0.00936121 -0.00442065 -0.0188253 0.00639874 0.0183227 -0.016883 0.00303947 0.0051044 0.027037 0.00204117 -0.0137062 -0.00342111 0.00542196 0.014024 0.0193857 0.0267648 -0.00146659 -0.0140936 0.00611944 0.00307285 0.0151631 -0.0030447 0.00821808 0.0210472 0.00215193 0.000132166 -0.00281761 0.00144849 -0.00840247 -0.0203462 0.00381181 -0.0067219 0.0297476 -0.0195296 0.00496678 0.0166914 0.00723029 0.0363827 -0.0207291 -0.0051073 -0.00127316 0.023559 0.0306356 0.0162719 0.00107942 -0.0052089 -0.00280354 0.00268876 -0.0086769 0.0136808 -0.0224344 0.0144943 0.00834574
internal_weight=7409.47 5774.54 1464.16 4310.38 3311.66 2544.76 484.628 379.028 346.023 1362.92 823.103 281.014 998.719 261.89 539.817 542.089 518.333 105.6 474.855 133.522 106.098 766.897 341.311 291.228 219.29 425.586 84.3274 1634.93 1223.47 411.469 71.9382 341.333 195.175 736.828 686.839 608.718 491.473 259.47 151.621 295.408 2060.13 49.9891 502.236 56.6945 274.276 167.729 45.9248 117.245 379.48 330.625 233.826 177.645 104.093 56.1811 1844.06 1430.67 291.486 143.094 148.392 89.9231 53.1712 107.849
internal_count=38975 30700 9743 20957 16314 12642 2298 1759 1610 9191 4967 2152 4643 1176 4224 2815 2703 539 2498 821 640 3672 1653 1379 1032 2019 515 8275 6331 1944 347 1677 914 3467 3193 2839 2302 1209 716 1463 10344 274 4008 282 1373 834 214 537 1797 1565 1041 799 470 242 9259 7161 1384 676 708 426 250 493
is_linear=0
shrinkage=0.05


Tree=56
num_leaves=63
num_cat=0
split_feature=0 72 22 52 60 5 75 72 72 45 45 45 52 34 1 62 5 6 7 49 45 53 25 19 54 20 44 23 20 42 32 49 95 10 41 38 43 46 66 69 18 40 44 22 60 9 47 1 44 96 22 59 38 38 31 6 25 39 34 29 38 60
split_gain=33.6148 26.6604 27.3646 23.8406 22.442 22.863 25.2904 22.2463 28.8937 34.1315 27.6269 20.776 19.8033 22.7055 19.2176 20.7452 18.6047 17.6838 20.5685 31.3083 23.4281 19.2243 22.9128 18.9248 18.308 18.7378 17.2332 16.1475 17.0162 18.7902 18.1279 19.0133 21.4736 16.8739 16.2231 18.6954 19.8549 18.4291 16.0299 15.9946 21.4095 24.9508 18.9488 18.2984 19.6664 15.7786 15.125 15.0965 14.4316 14.3518 16.8848 14.4114 13.8108 13.794 13.4541 13.4255 19.732 13.1868 16.736 13.1149 16.0479 12.9978
threshold=1.0000000180025095e-35 -3.4815288034856349 643.50000000000011 453.97500000000008 312.50000000000006 0.38799283154121872 6.5000000000000009 1.1713856283996886 -0.67171128474450581 0.42583029882674334 -0.20835327496759512 0.35768996024522598 339.4500000000001 1.4113167194619989 11.419642857142859 3.5196784484664714 0.4817045961624275 0.25893997445721589 0.091168831168831191 -0.60472541775294764 -1.1132800972395536 0.84132092772986955 0.43894793179906727 0.59585213840533002 1.0544963096146522 0.28619047619047627 1.165128931997627 1.4231608207609228 0.18237250554323728 1.5000000000000002 0.45753696357735313 0.76226797613489872 253.50000000000003 0.70468266739138374 0.83796462480181888 0.37759564196673617 4.5000000000000009 0.53394068902519043 4.3839285714285721 15.500000000000002 0.84292763157894746 2.2237701806669419 0.96935912716602812 2363.5000000000005 48.500000000000007 505.50000000000006 1.0073598472826752 5.7053571428571432 -1.1183480682213232 11.503378522493625 1009.5000000000001 35.500000000000007 -0.85963701777947532 0.13259676768280834 1.4637216670728737 0.026432231020027949 0.85565063841347466 1.2197314497379519 1.7224886570127571 0.45266065003286526 0.098119379916038488 385.50000000000006
decision_type=2 2 2 2 2 2 2 2 2 2 2 2 2 2 2 2 2 2 2 2 2 2 2 2 2 2 2 2 2 2 2 2 2 2 2 2 2 2 2 2 2 2 2 2 2 2 2 2 2 2 2 2 2 2 2 2 2 2 2 2 2 2
left_child=26 -2 4 -4 5 6 -3 8 9 11 39 17 -7 14 15 -14 -12 18 24 20 -20 22 -19 -21 52 -26 -1 28 29 -17 31 32 -30 -32 35 36 -35 59 46 40 41 42 43 44 -9 -11 -10 -29 54 50 -22 -51 -5 -54 -47 56 -40 -52 -59 -36 -61 -57
right_child=1 2 3 7 -6 12 -8 10 38 45 16 -13 13 -15 -16 27 -18 21 19 23 49 -23 -24 -25 25 -27 -28 47 30 -31 33 -33 -34 34 37 -37 -38 -39 55 -41 -42 -43 -44 -45 -46 48 -48 -49 -50 51 57 -53 53 -55 -56 61 -58 58 -60 60 -62 -63
leaf_value=-0.0077427323030425437 0.037913275058962949 0.016093121813034121 0.03096294398908522 -0.025093079025938232 -0.0052659486555961116 0.037529870802227243 -0.04765786879782144 0.04510775086782913 0.053483751676025128 -0.033970412231179532 0.064842226449361842 0.046895838075348528 -0.027402684934363798 0.053317395331653888 0.032098505210260468 -0.015341911758639188 0.01457585055155612 -0.034166846047320502 0.037337170422112209 0.061374683517445086 0.005049619379444965 -0.049793062846791969 0.03331439607120542 0.0023534266857903655 0.025028784437206256 0.076977570056416145 0.015622042440127288 0.010286277447276884 -0.038007599613932394 0.029098526075661664 0.052120562931852091 0.027197175520416575 0.01650197360731457 -0.012354612604528217 0.046362273742274071 -0.023560360185466651 0.039665556621398229 -0.015981123953819683 -0.039811169074361323 0.01864466474921686 0.026232999645757961 -0.027781263175683208 0.04387639698395257 -0.036554192061497515 -0.0032002014731195038 -0.0062382521107264 -0.0055768980455246624 -0.041133554604576905 -0.0045080441295643056 -0.011395453783285443 0.0019522683785905403 0.03876530729749169 0.031860130513917555 0.0043316020444742103 0.047934097806043484 -0.0073870373617464444 0.012467648042035172 -0.058208457921253412 -0.0088973814049634701 -0.0062937710940584937 0.034431913328896453 0.032970897285252682
leaf_weight=1560.3231527134776 49.874232962727547 28.704150691628456 58.815327435731888 21.641702085733414 264.26713536679745 75.904598347842693 33.552954748272896 22.627317037433386 20.779329925775528 42.990552298724651 19.606894791126251 36.811875864863396 41.700758263468742 30.366655290126801 83.4890311434865 27.295027978718281 299.45516262948513 22.44715877622366 26.898756012320518 30.942291647195816 43.658032469451427 25.349916502833366 28.316402494907379 24.484131284058094 60.799149863421917 24.587341204285622 82.898667745292187 26.940472647547722 63.394402422010899 175.37747121602297 23.607245981693268 24.402784958481789 25.038897760212421 37.351551845669746 50.798423528671265 66.676649130880833 35.689369216561317 31.971025764942169 69.807536192238331 94.070575654506683 53.591160908341408 111.39164991304278 22.200711686164141 37.608419854193926 288.24350858107209 20.143420815467834 22.227608419954777 29.899548321962357 801.7014723867178 36.082112446427345 21.887789838016033 23.514072299003601 84.340302750468254 99.829286873340607 25.989551536738873 1679.9653167128563 24.102417014539242 51.775280259549618 26.194655954837799 46.286301732063293 50.11760812997818 20.049684934318066
leaf_count=8394 261 130 284 95 1215 562 153 126 99 190 90 168 190 139 369 121 1389 102 118 133 189 118 120 113 269 108 420 126 277 781 107 104 110 163 227 300 157 144 437 494 262 623 118 231 1551 102 103 128 4327 160 100 105 367 437 126 10134 123 237 114 206 226 103
internal_value=-0.000253288 0.00154901 0.00122916 -0.00062826 0.00768986 0.0110897 -0.0182061 -0.00105567 -0.00293723 0.00201696 0.00571558 0.0103701 0.0130241 0.0108772 0.00933092 0.00680788 0.0176998 0.00829569 0.0112907 0.00173208 -0.00638168 -0.014314 0.00336803 0.0354438 0.0206393 0.0401187 -0.00656008 0.00881411 0.0110278 0.0230842 0.00564651 -0.0117059 -0.0225161 0.0113796 0.00833254 -0.00440843 0.0130147 0.0182926 -0.00720212 -0.000350291 -0.00369829 -0.00704082 -0.000788891 -0.00366052 0.00031328 -0.00444377 0.0229009 -0.016699 -0.00293686 -0.0122116 -0.0207822 0.00834384 0.0125179 0.0169759 0.0242099 -0.00792782 -0.0263414 -0.0321197 -0.0417386 0.0257763 0.0148403 -0.00690621
internal_weight=7390.86 5747.63 5697.76 4424.93 1272.83 1008.56 62.2571 4366.11 3417.32 1580.39 948.795 689.56 946.308 870.403 840.037 756.548 319.062 652.748 576.635 285.437 230.011 76.1135 50.7636 55.4264 291.198 85.3865 1643.22 714.847 658.007 202.672 455.334 112.836 88.4333 342.498 318.891 139.718 73.0409 179.173 1836.93 629.733 535.663 482.072 370.68 348.479 310.871 890.825 43.0069 56.84 847.834 203.112 143.516 59.5962 205.811 184.17 46.133 1793.92 93.91 99.8577 77.9699 147.202 96.4039 1700.02
internal_count=38975 30161 29900 23965 5935 4720 283 23681 18797 7798 4884 3053 4437 3875 3736 3367 1479 2885 2545 1269 1023 340 222 246 1276 377 8814 3177 2923 902 2021 491 387 1530 1423 620 320 803 10999 3405 2911 2649 2026 1908 1677 4745 202 254 4555 905 640 265 899 804 228 10797 560 451 351 659 432 10237
is_linear=0
shrinkage=0.05


Tree=57
num_leaves=63
num_cat=0
split_feature=0 72 22 52 72 95 3 6 31 8 72 44 72 19 4 40 14 61 44 94 32 25 7 52 44 26 52 69 21 41 54 31 3 32 52 5 40 77 61 29 95 19 3 52 47 52 5 14 77 16 47 22 38 71 1 25 8 1 78 54 39 19
split_gain=30.3989 24.4894 24.8034 21.7727 20.7239 19.2786 20.9924 21.2908 17.3789 17.9166 28.8392 18.0155 22.8762 17.025 21.0085 19.8 17.7716 16.7658 15.5769 15.559 26.2091 25.7485 21.5581 26.9688 20.4627 24.1627 20.3204 17.6668 21.0822 23.7452 22.7187 22.082 18.0535 17.4044 17.3562 19.221 16.22 20.1161 15.1605 15.6369 21.1452 15.1517 15.1298 16.0618 15.1177 15.028 16.5774 15.3409 14.5362 24.2641 19.3504 18.8496 14.5342 15.7308 14.532 28.4891 19.5137 19.1208 14.211 15.2557 21.0098 17.1163
threshold=1.0000000180025095e-35 -3.4815288034856349 643.50000000000011 453.97500000000008 2.3844249429223514 316.50000000000006 1.342159394284214 0.10733486943164364 -0.056114252666752337 0.32363520947947527 0.80290340987422093 -0.64180483705788338 -0.89567554932222582 0.32630878438331862 0.97741798402175772 1.8906577733031296 0.4573562247731372 4.3755920162381612 1.165128931997627 22.500000000000004 0.49857142857142861 0.15626025935653318 0.15949737897008945 806.80000000000007 0.95086124401908689 -0.11613440405166421 989.82500000000016 15.500000000000002 0.26944684528954194 0.85392196614700322 0.89492572018009964 1.3931193546828964 1.7153651675390806 0.85115174960436091 752.02500000000009 0.89202437731849515 2.1408692706064572 2.2839023873073319 1.6787096774193551 0.67328718410696509 240.50000000000003 0.82891986062717782 1.3746110715241484 437.97500000000008 -1.1320731243112447 1804.0000000000002 0.57678270634475026 0.37629764000143689 2.2134331266960476 1.1935950027969422 0.56289629088476689 798.50000000000011 0.2488386286124574 0.6580242985845669 19.544642857142858 0.11936058344640436 0.26442841287458385 20.223214285714288 4.4345253075834608 1.5586902376343612 1.8375257504414362 0.17684288905435594
decision_type=2 2 2 2 2 2 2 2 2 2 2 2 2 2 2 2 2 2 2 2 2 2 2 2 2 2 2 2 2 2 2 2 2 2 2 2 2 2 2 2 2 2 2 2 2 2 2 2 2 2 2 2 2 2 2 2 2 2 2 2 2 2
left_child=18 -2 5 -4 8 6 7 13 17 11 45 12 48 15 16 -3 -15 -5 -1 20 21 26 23 -23 25 -22 -13 28 32 30 -30 -32 -27 -26 -31 -36 37 -25 -21 54 41 -41 -8 -44 -42 46 47 -11 50 51 -10 -50 53 -53 56 -56 58 -57 59 -40 61 -61
right_child=1 2 3 4 -6 -7 42 -9 9 10 -12 19 -14 14 -16 -17 -18 -19 -20 38 24 22 -24 36 33 27 -28 -29 29 34 31 -33 -34 -35 35 -37 -38 -39 39 40 44 -43 43 -45 -46 -47 -48 -49 49 -51 -52 52 -54 -55 55 57 -58 -59 -60 60 -62 -63
leaf_value=-0.0073680277168466871 0.036604432837035412 -0.0090805320535141867 0.029768106313858067 0.0076161947207836703 0.022138190497674678 -0.0048476878254673427 0.062064338357082777 0.011314736985443705 0.046176181182278592 0.0479822271060623 0.026237744956557021 0.031010384284775535 -0.0051966554434652642 0.0097456944053955549 -0.048574998532669389 0.048757570845097332 -0.033795315401995034 -0.036061806133268863 0.014853968990475662 0.026760674268556269 -0.037216435070767329 -0.0063014932846881854 0.005690368264849744 0.049588968416393361 0.0063671171675562382 -0.0087782825642137262 -0.030932506013049827 0.019881247206655753 -0.0078614950333457233 0.022194006378748948 0.021180734540135662 0.081529284119265522 -0.043444833807468497 0.057624912814795183 -0.02796947893068873 0.025031446853202206 0.022022839695458429 0.12046017810232124 -0.0089843219976098888 0.059949211215555957 -0.03821603768670883 0.010044067168053391 0.038302474558942284 0.010247514319741399 0.012088652400966579 -0.037708782077148437 -0.026436531833294166 0.0028837376058232951 -0.048245608163955497 0.018408113111050783 0.011090244850560548 0.047505624958865685 -0.0181292418597171 -0.0056573055723775564 0.057470801310548353 0.04135161007199438 -0.027446202893810646 -0.010077850286560552 -0.030659465100348473 -0.046067301471932075 0.036832990206333745 0.003863839422532499
leaf_weight=1557.7626943662763 49.098293006420135 36.193052798509598 58.138808369636536 32.064384028315544 94.498178228735924 258.13813506811857 22.262819647789001 545.03806579858065 59.758602440357208 23.384296573698521 151.15024714916945 20.083350725471973 349.48975833877921 67.393857933580875 38.638910308480263 24.777945458889008 35.738320790231228 68.33256658166647 82.832835201174021 33.58966002613306 54.234990131109953 17.784961387515068 52.585449919104576 23.790685597807169 56.940484538674355 362.19877197593451 38.198102008551359 77.624382492154837 36.845823880285025 37.055148154497147 48.174452986568213 22.328738994896412 41.943724744021893 23.432477697730064 85.92372228577733 21.172026362270117 17.072435889393091 18.008471745997667 1217.9532921053469 25.519335217773914 27.69189041852951 38.297090630978346 74.018282748758793 166.55755324661732 32.000953644514084 26.846597068011761 37.170064281672239 97.270828399807215 26.099239140748978 159.4990771189332 116.27641182392836 24.062173798680305 61.657660014927387 32.432948492467403 22.909864947199821 21.096958234906197 141.3327807225287 122.09836267307401 66.035781260579824 19.669678710401058 43.174622781574726 129.49152598157525
leaf_count=8394 261 168 284 200 506 1187 106 2550 262 115 812 96 1859 322 173 114 161 438 420 179 346 78 305 158 285 1944 275 438 229 157 294 111 213 109 514 126 110 100 6653 126 138 198 430 724 150 208 199 579 118 715 543 114 300 152 134 119 756 714 498 110 221 677
internal_value=-0.000240529 0.00147637 0.00117137 -0.000598482 -0.00100558 0.00733274 0.0104491 0.00616594 -0.00152044 -0.00102297 0.010046 -0.0019962 0.00452277 -0.00764983 -0.0171644 0.0143837 -0.00531223 -0.0220686 -0.00624217 -0.00380221 0.00107975 0.0180286 0.0304723 0.0473777 -0.00257831 -0.005037 -0.00948525 -0.00264533 -0.0053226 0.00602818 0.0238312 0.0404527 -0.0123984 0.0214263 -0.00720236 -0.0174314 0.063662 0.0804566 -0.00645941 -0.00704846 0.0101326 0.0301413 0.0226086 0.0189123 -0.0111893 -0.0031866 0.00267424 0.0116982 0.0116127 0.00496325 0.0230487 -0.00987051 -0.00131776 0.0169412 -0.00824139 0.00582068 -0.00968869 -0.00244229 -0.00798358 -0.00691615 0.00615228 -0.00271346
internal_weight=7372.84 5732.25 5683.15 4414.39 4356.25 1268.76 1010.62 747.78 4261.75 4161.36 335.822 3825.54 829.276 202.742 141.771 60.971 103.132 100.397 1640.6 2996.26 1055.4 187.523 129.242 76.6566 867.875 787.502 58.2815 733.267 655.642 251.5 107.349 70.5032 404.142 80.373 144.151 107.096 58.8716 41.7992 1940.86 1907.27 123.509 63.8164 262.839 240.576 59.6928 184.672 157.825 120.655 479.786 303.751 176.035 144.252 118.153 56.4951 1783.76 166.105 1617.66 143.195 1476.32 1410.29 192.336 149.161
internal_count=38975 30161 29900 23965 23681 5935 4748 3488 23175 22537 1913 20624 4063 938 656 282 483 638 8814 16561 5888 1122 751 446 4766 4372 371 4026 3588 1431 634 405 2157 394 797 640 368 258 10673 10494 612 324 1260 1154 288 1101 893 694 2204 1399 805 684 566 266 9882 967 8915 833 8159 7661 1008 787
is_linear=0
shrinkage=0.05


Tree=58
num_leaves=63
num_cat=0
split_feature=88 66 48 45 51 45 33 39 25 40 38 6 25 8 59 41 61 16 21 5 46 61 78 48 95 19 54 56 44 45 45 20 62 10 25 30 77 3 51 25 7 39 16 17 48 29 69 39 40 48 77 44 77 48 51 46 39 95 59 78 19 66
split_gain=29.4322 24.2283 25.1677 27.585 42.7117 31.1329 25.2062 21.0316 25.2823 20.2139 30.1309 23.765 19.5791 19.2863 19.214 19.1666 18.0466 17.582 16.7423 16.6364 15.5692 16.5961 17.935 17.5296 18.4964 16.258 17.4796 15.2778 17.1248 15.1941 15.2289 15.0399 14.9833 14.2176 16.2363 16.9652 14.1447 15.1837 15.2455 13.9205 15.6343 14.9422 13.9056 19.3811 13.8545 18.1414 14.2482 13.8198 24.3683 16.365 13.7088 22.6864 13.5277 13.5256 33.3357 26.0856 20.4186 19.8293 18.6047 18.0716 16.9932 16.7518
threshold=1.5000000000000002 5.2589285714285721 0.89161987261141618 -0.20835327496759512 -0.2040276036499041 -0.74873449253302626 1673.5000000000002 1.2781962521923755 1.4629164408978215 1.5630260821437634 -0.25387234450678553 0.980580693815988 0.35348576933429676 0.3874259381171824 55.500000000000007 1.2035670072970253 11.25065907413266 0.90201131999191442 0.42886904761904765 0.54583651642475173 -0.44717432950188218 15.948782617130664 0.55633632541276956 -0.70904535326111995 349.50000000000006 0.36700680272108849 0.79448541096688985 1.0000000180025095e-35 -0.33154419066533974 0.70132530191631826 0.36921875803875082 0.24536878216123501 3.0112265784915766 0.77681555245238398 1.136447500838645 2.6955272363818095 2.3200627482198111 0.90423644338118037 0.282722523552422 0.085977572161319543 0.079286500078579306 1.0541672572643519 1.2490936198720561 0.398444417612493 1.5091065336464677 0.46400618560509949 7.5000000000000009 1.5652720122350889 2.1688207677437177 0.32119281243690539 2.4075187916536822 -0.013703135977522948 2.4337993351766265 -0.58844970959069132 0.41374346143145574 0.44420985408326796 1.5780597340309572 191.50000000000003 50.500000000000007 0.84387881404726339 0.27055180180180188 5.8839285714285721
decision_type=2 2 2 2 2 2 2 2 2 2 2 2 2 2 2 2 2 2 2 2 2 2 2 2 2 2 2 2 2 2 2 2 2 2 2 2 2 2 2 2 2 2 2 2 2 2 2 2 2 2 2 2 2 2 2 2 2 2 2 2 2 2
left_child=1 -1 3 4 5 7 12 18 -9 -5 33 13 19 20 15 27 -13 29 -3 -6 -12 25 23 -23 47 -22 -27 -7 31 30 -4 -29 -14 -11 35 50 37 -34 -39 -19 41 -41 43 -43 45 46 -44 49 -49 -25 -35 -52 -42 54 -2 58 57 -56 -55 -57 -61 -62
right_child=53 2 17 9 6 14 -8 8 -10 10 11 16 32 -15 -16 -17 -18 39 -20 -21 21 22 -24 24 -26 26 -28 28 -30 -31 -32 -33 36 34 -36 -37 -38 38 -40 40 52 42 44 -45 -46 -47 -48 48 -50 -51 51 -53 -54 55 56 59 -58 -59 -60 60 61 -63
leaf_value=0.0066486852271552656 -0.014053225658643226 0.057311941453477858 -0.019307801985324748 0.012179262342281096 -0.03451224714649484 0.0091264780501343953 -0.014962870278860447 0.014588494725418292 -0.034593354415082794 0.040610398036278458 -0.033304552657246238 0.047559949576753205 -0.022660841165146786 0.023362013846254873 -0.046780343438577822 0.026160220598642533 -0.0069779974205554348 0.026817188098504398 0.010950794745923165 -0.0036859070394758644 -0.016667828068905554 -0.022404941285277334 -0.01288818862099844 0.027631719362888486 -0.019426758043332458 0.021380163068004589 -0.0063202369224081255 0.0039147307506086654 -0.049861508340450833 -0.030123685914897988 0.035230524783218253 -0.03313929164897108 0.032532554375920612 0.003522328567983634 0.033026921853443934 -0.018625214237436124 0.033148900334121205 0.026184019086821005 -0.022776892768639076 -0.034383166943225921 -0.024343396253005859 0.018449888903384486 0.0029463276048479468 -0.031873678258447981 0.053038046274189378 -0.029908955314404396 0.056204666298421857 0.064436435912960333 0.0031867865322061993 -0.023917735722119256 0.065742012659821741 0.0011368284198460597 -0.00093615297794257457 0.0096209270620213998 0.0540350487764392 0.0094214592737985412 -0.0048791629247629071 0.0080188384581473052 0.029319941432323745 -0.038211000795339123 0.022682004830896 -0.016254719052113429
leaf_weight=721.69106210023165 241.19633150100708 47.068759620189667 36.641064740717411 417.06889922916889 54.532655037939548 81.493710964918137 992.82339711487293 213.7860803976655 29.625040501356125 39.645039357244968 51.327101871371269 38.704080477356911 29.129396341741085 56.969065815210342 26.588577374815941 48.567533545196056 24.627546608448029 29.537189781665802 33.780077680945396 222.86193062365055 364.54405930638313 28.282168060541153 92.039015285670757 48.497949697077274 25.019000023603439 64.630485780537128 471.16688075661659 78.787184476852417 32.435442879796028 178.50765102729201 19.541047446429729 41.708275981247425 33.284036606550217 170.08436924219131 58.32561457157135 63.770390950143337 71.475886754691601 22.618119157850742 52.534421265125275 24.328159414231777 178.39245463907719 35.493058376014233 30.813635349273682 41.127642564475536 23.812143288552761 21.060154378414154 21.36192149668932 45.667286857962608 25.460128217935562 22.354373097419739 26.258452773094177 28.387009143829346 95.060953699052334 744.69719272851944 45.567157283425331 146.18692737072706 72.525672152638435 48.729836039245129 143.27738209068775 52.297621265053749 39.457617819309235 91.157845862209797
leaf_count=3480 1480 214 189 2016 270 378 6963 956 133 186 249 182 139 272 119 223 123 193 147 1057 1760 142 454 221 120 316 2356 353 146 1305 102 191 148 833 281 306 325 100 234 146 1117 218 152 251 128 114 104 209 121 103 128 137 590 3508 265 671 383 255 675 309 184 545
internal_value=-0.000229555 -0.00191377 -0.00314791 -0.0016767 -0.00574021 0.00511358 -0.0103943 0.0159432 0.0085704 0.00229114 -6.88641e-05 -0.0035744 -0.00105838 -0.00503987 -0.00621487 -0.00237069 0.0262956 -0.0116907 0.0380407 -0.00977429 -0.00635162 -0.00517988 0.00527081 0.0138572 0.0200381 -0.0085207 -0.00296618 -0.00831161 -0.0176366 -0.0229897 -0.000220759 -0.00888652 0.0104827 0.0122455 0.00897802 0.00408901 0.0158863 0.00444155 -0.00795982 -0.00638412 -0.00848009 0.00219797 0.00736801 -0.00850342 0.0199461 0.00906058 0.024913 0.0270364 0.0426175 0.0112863 0.0105622 0.0323359 -0.0162279 0.00570901 -0.00215907 0.00835082 0.0150059 0.0303419 0.012808 -0.00366055 -0.0141427 -0.00444572
internal_weight=7358.39 5733.3 5011.61 4275.93 2113.1 633.841 1479.26 324.26 243.411 2162.83 1745.76 1359.29 486.436 1295.96 309.581 282.992 63.3316 735.677 80.8488 277.395 1238.99 1187.66 287.32 195.281 166.999 900.341 535.797 234.425 152.931 234.69 56.1821 120.495 209.042 386.471 346.826 288.5 179.912 108.437 75.1525 500.987 471.45 197.997 173.669 76.6207 97.0479 73.2357 52.1756 141.98 71.1274 70.8523 224.73 54.6455 273.453 1625.09 408.019 1217.07 166.823 94.297 887.975 329.1 182.913 130.615
internal_count=38975 30700 27220 22611 12096 2860 9236 1450 1089 10515 8499 6628 2273 6323 1410 1291 305 4609 361 1327 6051 5802 1370 916 774 4432 2672 1068 690 1596 291 544 946 1871 1685 1404 807 482 334 3013 2820 1113 967 469 498 370 256 654 330 324 1098 265 1707 8275 2383 5892 903 520 4183 1709 1038 729
is_linear=0
shrinkage=0.05


Tree=59
num_leaves=63
num_cat=0
split_feature=88 66 48 45 51 45 72 78 14 40 45 5 38 39 25 38 14 30 9 61 52 53 19 34 32 45 60 1 1 31 94 33 55 30 1 18 39 26 29 34 52 60 38 6 5 61 29 72 56 18 16 40 8 53 78 19 38 52 9 26 18 94
split_gain=27.8574 23.759 23.3482 30.7588 42.1078 32.4208 29.4264 27.4961 36.2609 25.6243 23.5351 25.9755 22.6164 22.414 21.8783 20.2553 19.5687 19.9355 19.2916 21.1713 18.9162 18.4614 21.1044 18.3405 18.3021 18.0964 19.2377 20.4826 19.7617 17.7506 17.5762 17.6636 17.294 17.2716 17.2247 19.4535 22.1742 20.7307 17.0466 16.8474 16.8077 16.4377 16.4005 20.8136 19.1087 16.0924 16.0693 16.0324 15.8383 15.7223 18.1456 30.1185 15.4778 15.3522 15.8127 16.2833 15.2441 15.5268 15.8336 15.0058 14.621 17.1664
threshold=2.5000000000000004 5.2589285714285721 0.93709244839928041 -0.20835327496759512 -0.2040276036499041 -0.74873449253302626 0.42859730848853905 0.39219049599187122 0.52894157439612 1.682564140191259 1.308474080681993 0.46499057196731625 -0.79759698797313716 1.2450641901334982 1.4629164408978215 -0.25387234450678553 0.48191940729254168 2.0648632884401166 906.50000000000011 28.540012398073532 1026.9750000000001 0.44684847962619084 0.37567204301075274 0.77217071601857723 0.62867965367965384 0.80014825181466043 118.50000000000001 10.383928571428573 14.116071428571431 0.83423066161075266 54.500000000000007 1166.5000000000002 1.1799349817818985 1.6804802744425389 10.080357142857144 0.14379699248120303 1.7313157794749041 0.53429117296801787 0.69932742204885989 1.4051412268918606 1446.7250000000001 42.500000000000007 0.35085239298082588 0.032433380084151482 0.83189559009444503 5.5219047619047625 0.67003717472118973 1.0644899000203265 1.0000000180025095e-35 0.7372735116479725 1.1080108885864284 1.9847422280420972 0.31357916300848704 0.47280125099240783 -0.86295988438243743 0.72783389450056124 -0.27984461709211977 1786.7250000000001 1083.5000000000002 -0.18909096011899745 0.77019260639950304 15.500000000000002
decision_type=2 2 2 2 2 2 2 2 2 2 2 2 2 2 2 2 2 2 2 2 2 2 2 2 2 2 2 2 2 2 2 2 2 2 2 2 2 2 2 2 2 2 2 2 2 2 2 2 2 2 2 2 2 2 2 2 2 2 2 2 2 2
left_child=1 47 3 4 5 13 7 8 25 20 11 -8 -13 45 -15 33 23 24 34 -20 -9 22 -17 59 -18 26 27 -5 -29 -28 31 -14 42 -11 -6 -36 37 -37 46 -22 60 -42 43 -7 48 -3 -33 -1 -45 50 51 -21 -10 -44 -55 -56 -27 58 -58 -4 61 -25
right_child=-2 2 16 6 18 32 10 9 52 15 -12 12 30 14 -16 21 17 -19 19 49 39 -23 -24 40 -26 56 29 28 -30 -31 -32 38 -34 -35 35 36 -38 -39 -40 -41 41 -43 53 44 -46 -47 -48 -49 -50 -51 -52 -53 -54 54 55 -57 57 -59 -60 -61 -62 -63
leaf_value=0.0039574424465725752 0.011126605890942533 0.062247002705813598 -0.00084077029607367959 -0.027665773221237623 -0.0075057393607849722 -0.031858353684614982 0.041799505767894686 0.016267091658382263 -0.020606848957998018 0.033859037701355524 0.030727838013438431 0.03628414336429283 0.025402048440471434 0.014189075692495804 -0.02799715718018141 -0.015766076900542679 -0.029332506302634478 0.05776760244384474 -0.015375469429573581 0.055064277584597837 -0.026602346683520867 -0.023488023133391562 0.042460111630445496 -0.019041445151298683 0.034051813251517814 0.02818623645342478 0.04895407595173993 0.046055797925521468 -0.0016764936155108726 0.017884768794202029 0.027787831028693089 -0.0026806730327395625 0.017010004240358024 -0.0071811596183220588 0.043739043769944787 0.0010047073891792456 -0.023664408255834268 0.045334784797144971 -0.043932011250851485 0.018800318414851771 0.010188883163108425 -0.038351818060913562 0.014106956015985182 0.028165256894110847 0.043456029654392138 0.017486987560288807 0.035473556559814948 0.023615933342522211 -0.02021224165067512 0.053651671279669459 -0.028577117004862942 -0.031284972366555919 0.023036212386882856 0 -0.051507303079398582 -0.0010106578724760878 -5.0972594623989681e-05 0.031886986179878479 -0.031346112259703712 -0.044591371379490208 -0.028521605918238664 0.0027209032559564464
leaf_weight=727.53750567883253 503.64579826593399 38.635889373719692 27.365361861884594 41.672552965581417 554.49085859954357 35.044977895915508 50.079187124967575 155.97108305990696 154.35906991362572 34.227848194539547 118.25243616104126 52.77880035340786 62.457378789782524 256.76667077839375 34.750302240252495 43.501557186245918 26.357985749840736 19.826336219906807 974.58257111907005 25.806573648005724 63.978611424565315 359.66959514468908 24.066292017698288 121.23934389650822 19.881011173129082 39.176803432404995 58.332509927451611 32.336376152932644 64.828853882849216 222.55233563482761 62.440852582454681 563.69403056055307 69.264235585927963 100.86430476605892 34.085149340331554 89.354716971516609 55.616558082401752 37.463995836675167 23.749254703521729 29.785228528082371 22.019505847245455 80.482773475348949 24.036001965403557 26.972433045506477 33.867240518331528 42.771733455359936 28.910458616912365 121.10858154296875 44.94770060479641 16.617741391062737 31.70172518119216 16.388978440314531 23.20357908308506 33.54888316988945 70.810132749378681 20.870663732290268 116.93920040130615 23.881994843482971 61.925634667277336 71.147283114492893 62.426326662302017 356.89366485178471
leaf_count=3460 2543 174 189 193 2621 160 230 703 802 170 578 247 292 1145 156 212 178 98 6933 179 423 1945 114 682 124 184 265 154 316 992 287 2602 313 501 188 476 285 178 109 158 168 744 106 123 150 190 131 637 203 98 207 125 118 152 326 101 533 116 312 462 347 2067
internal_value=-0.000220051 -0.00105662 -0.00216664 -0.00093308 -0.00481966 0.00531301 0.00288435 -0.0011632 0.00517976 -0.00772417 0.00983396 0.00689769 0.00468516 0.0156421 0.00913524 -0.013645 -0.0100742 0.0159511 -0.00886362 -0.0132252 0.00558782 -0.0189817 0.00493112 -0.0124013 -0.00195709 0.0105683 0.0168451 0.00157884 0.0141883 0.02437 0.00242391 7.96813e-05 -0.00539334 0.00319743 -0.00283105 0.00911529 0.00259858 0.0141652 -0.00248192 -0.0121217 -0.00930964 -0.0278758 -0.0107636 0.0014433 0.0125423 0.0388416 -0.000805196 0.00677121 -0.00198574 0.00986374 0 0.0214129 -0.0148658 -0.0223076 -0.0293425 -0.0400801 -0.000303481 -0.00584438 -0.0109252 -0.032502 -0.00577532 -0.00278971
internal_weight=7341.96 6838.32 5989.67 5182.03 2568.4 732.287 2613.64 1651.27 839.209 812.065 962.362 844.11 794.031 372.925 291.517 562.33 807.64 66.0653 1836.11 1065.1 249.735 427.237 67.5678 741.574 46.239 661.646 419.723 138.838 97.1652 280.885 741.252 678.811 359.362 135.092 771.011 216.52 182.435 126.819 616.354 93.7638 643.062 102.502 290.098 140.832 105.787 81.4076 592.604 848.646 71.9201 90.515 73.8973 42.1956 177.563 149.266 125.23 91.6808 241.924 202.747 178.865 98.5126 540.559 478.133
internal_count=38975 36432 32335 27276 14589 3299 12687 8211 3985 4226 4476 3898 3668 1665 1301 2942 5059 400 11290 7542 1284 2271 326 4659 302 3065 1920 663 470 1257 3421 3134 1634 671 3748 1127 939 654 2842 581 4008 912 1321 636 476 364 2733 4097 326 609 511 304 920 685 579 427 1145 961 845 651 3096 2749
is_linear=0
shrinkage=0.05


Tree=60
num_leaves=63
num_cat=0
split_feature=88 72 78 66 0 78 66 72 78 52 72 44 78 4 94 44 15 32 7 26 49 50 59 77 15 29 41 2 23 45 77 96 60 45 25 5 96 45 0 25 22 77 19 40 39 47 49 52 54 21 21 47 43 54 2 34 33 30 40 50 16 26
split_gain=31.1169 22.9858 22.8535 22.7424 17.5369 20.6648 15.9039 15.2734 27.2655 20.2598 19.3672 22.6612 18.7869 18.3041 17.9113 16.9678 20.6594 16.1999 16.7315 16.1502 23.6253 21.4284 18.4935 16.0801 21.0388 17.3433 17.2136 15.8253 15.1158 15.5829 14.376 14.3483 13.6974 13.6676 15.5542 17.0544 13.9101 14.3295 14.1931 13.6875 13.2611 12.7365 14.2053 15.2781 12.8748 12.7013 12.437 12.3451 13.3625 12.316 12.2642 16.2178 14.2954 20.0022 14.2299 16.1221 13.1688 12.1496 17.7714 14.9363 16.4831 13.9768
threshold=2.5000000000000004 -2.3619683874674577 -2.684838193716991 2.9196428571428572 1.0000000180025095e-35 5.7772546214689706 8.2767857142857171 0.99678894636209703 -1.6283778130618851 339.4500000000001 -0.88114234709013484 -0.12456726084713703 -1.0916639610389429 2.2513591348555648 42.500000000000007 0.50330590124438401 0.55263157894736847 0.70321085164835184 0.13069358178053833 0.52068816460620748 1.1853611389474839 1.0462419716525495 46.500000000000007 2.8543407461721562 0.81578947368421062 0.56331943391458184 1.1972236090892052 6.7410714285714297 1.0094611528822057 -0.15284372274927358 2.5387760029704283 3.5163554973250357 31.500000000000004 -0.82183565950753612 0.2376658493807314 0.84152378652499404 18.949027202454285 0.73238064836495098 210.00000000000003 0.65136755887084996 321.50000000000006 2.8987415116269113 0.9548008171603678 2.574921088678459 0.88004656577415619 -0.16078742168065172 1.0087593919040017 811.85000000000014 1.4714664933049113 0.24544852697782193 0.17411248504188276 -1.0505171771715298 3.5000000000000004 0.64767796645036801 6.3125000000000009 1.1527650204952014 1984.5000000000002 2.4495862884160764 2.2799963163384409 1.2161292685271416 0.86882339262876418 0.079252816838219289
decision_type=2 2 2 2 2 2 2 2 2 2 2 2 2 2 2 2 2 2 2 2 2 2 2 2 2 2 2 2 2 2 2 2 2 2 2 2 2 2 2 2 2 2 2 2 2 2 2 2 2 2 2 2 2 2 2 2 2 2 2 2 2 2
left_child=1 2 -1 -3 6 7 -5 9 47 -6 11 13 -13 23 40 19 27 18 -18 20 28 30 46 25 26 33 -25 -17 29 -10 -21 49 -8 45 35 -35 38 39 -36 -38 -12 42 43 44 -16 -11 -23 -9 -49 -14 51 -46 53 -52 -53 -56 -55 58 59 60 -54 -60
right_child=-2 3 -4 4 5 -7 32 8 15 10 14 12 31 -15 41 16 17 -19 -20 21 -22 22 -24 24 -26 -27 -28 -29 -30 -31 -32 -33 -34 34 36 -37 37 -39 -40 -41 -42 -43 -44 -45 50 -47 -48 48 -50 -51 52 54 57 56 55 -57 -58 -59 61 -61 -62 -63
leaf_value=0.043223243112525268 0.012710655244314827 0.028839072788936111 0.0065175073295039273 -6.2420354508152531e-05 0.025155380902031555 -0.025087022000058409 0.0053209203215559588 0.013027457200478841 0.003949818921890085 0.010899870937231951 0.036626158011385336 0.018074514894035981 -0.020434484317277041 -0.033238625042655637 0.032804031089693646 -0.0040404096434898664 -0.019759462249570744 0.018465643615499173 0.022984551831959094 0.020470422870695615 -0.028819440539998072 0.017594245676082164 0.034526888698099889 -0.0088219853784334487 0.016677464619105298 0.033840837196232341 -0.064407116495228997 0.039820087236292608 -0.014292193335503637 0.042118513640483433 0.066772557508528646 -0.020346670280185261 -0.01272798435573305 0.00069907268066939012 0.0018232908294041339 -0.041969609922205796 0.020076019725507165 0.0034509466659712641 0.025376713544806324 0.07286162235038289 -0.0017573507660421214 0.023741935774131452 -0.042576110522595967 -0.035983036491552073 -0.045885861829889345 0.047217145604553944 -0.016227236135585105 -0.019437207723034391 0.022814199926457893 0.022661917739507154 0.064655711596072474 -0.040645648397935011 -0.0020335919114467635 0.022096888900873135 0.015781899680513946 -0.025057428716976873 -0.027518337043567022 -0.043570827121963189 -0.0049884872102426104 0.026175271871332801 -0.02836807900939638 0.05285224493571361
leaf_weight=54.724209502339363 494.4922601878643 63.79126026853919 189.58636242896318 690.91154634580016 73.095434427261353 78.55842475220561 121.65643604099751 49.225596539676189 111.57669991999865 59.461289376020432 22.72730303555727 57.179052777588367 26.823560290038586 26.732360631227493 18.535265430808067 24.57545518130064 73.129128083586693 170.42111212015152 33.137788936495781 61.274553723633289 73.835022948682308 38.348334163427353 35.237954922020435 39.355192579329014 43.496206164360046 75.439238227903843 21.714312560856342 119.39103000611067 75.85650921612978 35.236254453659058 23.357615292072296 197.3531418479979 754.3068258240819 94.442516408860683 351.055409707129 30.943198680877686 26.136925607919693 34.651653751730919 78.279775090515614 23.838755741715431 1542.5789705403149 25.557174630463123 36.190856847912073 53.405092749744654 46.045001417398453 41.004494875669479 92.060588255524635 175.00406834855676 20.763020027428865 42.836236245930195 16.085711367428303 31.162360966205597 122.77641041204333 31.910704750567675 55.694855473935604 42.495503142476082 22.855092249810696 23.435635484755039 20.468534927815199 24.290499210357666 115.88353368639946 20.893901564180851
leaf_count=294 2491 390 897 3311 489 615 676 218 544 259 108 253 154 117 102 122 336 835 151 290 363 175 163 184 195 348 105 552 359 163 106 1008 4518 462 1641 150 112 164 355 102 8622 133 193 304 321 177 424 1418 123 238 97 143 688 161 300 238 164 118 103 121 651 107
internal_value=0.000602755 -0.000279395 0.0147742 -0.000842854 -0.0011365 0.000332874 -0.00574186 0.00074793 0.00560485 -0.000878931 -0.00141804 0.00352325 -0.00787677 0.00743343 -0.00418275 0.00938054 0.016932 0.00890851 -0.00637428 0.00355984 -0.00432204 0.0129154 0.00241976 0.00862439 -0.0098026 0.0109949 -0.028741 0.0323007 0.0037879 0.0131671 0.0333721 -0.0134575 -0.0102153 0.00865428 0.0059479 -0.00981609 0.00980456 0.0283365 0.00613429 0.0454502 -0.00119455 -0.0107841 -0.0120883 -0.010366 -0.00804307 0.0258045 -0.00623744 -0.0092821 -0.0149211 0.00598982 -0.00937627 -0.0203984 -0.00450973 0.0158157 -0.0112587 -0.00184947 0.00128771 -0.00892235 -0.00622416 -0.0110309 -0.014848 0.0241657
internal_weight=7277.29 6782.8 244.311 6538.49 6474.7 4907.82 1566.87 4829.26 1212.43 3616.83 3543.74 1270.74 324.192 946.551 2272.99 967.438 420.655 276.688 106.267 546.784 296.504 250.279 165.647 919.819 104.566 815.253 61.0695 143.966 222.669 146.813 84.6322 267.013 875.963 739.814 639.348 125.386 513.963 84.6273 429.335 49.9757 1565.31 707.686 682.129 645.938 592.533 100.466 130.409 244.993 195.767 69.6598 573.998 175.398 398.6 70.8515 129.353 98.1904 54.7658 327.749 304.313 262.95 238.66 41.3624
internal_count=38721 36230 1191 35039 34649 26144 8505 25529 6342 19187 18698 6024 1653 4371 12674 4583 1996 1322 487 2587 1429 1158 762 4254 484 3770 289 674 1066 707 396 1400 5194 3422 2986 612 2374 378 1996 214 8730 3944 3811 3618 3314 436 599 1759 1541 392 3212 1002 2210 422 681 538 325 1788 1670 1460 1339 210
is_linear=0
shrinkage=0.05


Tree=61
num_leaves=63
num_cat=0
split_feature=72 0 72 72 44 78 33 45 4 75 50 15 23 66 1 62 95 62 44 69 66 62 21 61 43 96 21 39 34 3 29 53 39 21 4 1 1 39 1 60 8 60 7 18 25 54 22 14 24 33 9 5 61 38 94 78 61 60 1 94 60 15
split_gain=28.4674 24.114 22.0864 24.3395 28.6265 21.8995 21.7073 18.9789 17.8983 17.5411 20.7018 21.5611 20.7311 17.3406 16.1398 15.6592 14.9967 14.7614 15.0591 14.6088 14.5143 14.4752 17.4211 14.149 14.1293 14.0455 13.5642 13.5325 17.8674 13.5232 13.4912 14.1947 13.3667 13.2217 13.2056 16.2392 14.8354 27.9299 26.6958 18.9242 14.146 13.0461 14.5129 12.8958 12.6019 17.5695 16.7903 12.4958 12.4456 12.3583 12.3338 12.1242 12.0502 12.0439 12.0356 11.8817 16.4959 18.2716 11.7447 11.8474 11.7284 11.5423
threshold=-3.4815288034856349 1.0000000180025095e-35 1.1996883670773786 -0.88114234709013484 -0.35567368188875864 -1.718691236680314 1777.5000000000002 2.0350129790807854 2.2513591348555648 6.5000000000000009 0.99371285308572699 0.50000000000000011 0.69798161947342285 4.5625000000000009 10.348214285714286 3.4741517860047675 372.50000000000006 2.4748087460392489 -1.4780703458997628 7.5000000000000009 8.2767857142857171 13.435129964612264 0.2310562571756602 16.150891933410669 9.5000000000000018 29.856830493450214 0.34391801075268824 1.2320849772382398 1.3187426283647936 0.72065447800741933 0.63449284129864914 2.0192711497752076 1.1768033999637662 0.60158730158730167 0.84873707346953497 6.9017857142857153 10.133928571428573 1.4493281225752717 12.580357142857144 122.50000000000001 0.014870093974571589 259.50000000000006 0.07854152897113903 0.46709956709956718 0.52361216578074432 1.3523717375911837 696.50000000000011 0.32774407969524216 0.76315789473684215 995.50000000000011 776.50000000000011 0.84455231930960095 1.9695032163062856 0.021084528637398733 1.5000000000000002 0.025897745571605037 5.7955238809702427 77.500000000000014 8.9553571428571441 56.500000000000007 31.500000000000004 0.71052631578947378
decision_type=2 2 2 2 2 2 2 2 2 2 2 2 2 2 2 2 2 2 2 2 2 2 2 2 2 2 2 2 2 2 2 2 2 2 2 2 2 2 2 2 2 2 2 2 2 2 2 2 2 2 2 2 2 2 2 2 2 2 2 2 2 2
left_child=-1 20 3 4 8 30 15 19 17 10 -7 14 -13 -8 -12 49 34 -3 47 -6 -2 -9 -23 27 25 54 -27 28 32 -29 31 -4 48 55 36 41 39 -38 -39 -17 -37 42 -36 -14 45 46 -25 -19 51 -5 -42 -20 -21 -45 -15 56 -11 -58 59 -41 -22 -24
right_child=1 2 5 6 7 9 13 21 -10 33 11 12 43 24 -16 16 -18 18 23 52 60 22 61 44 -26 26 -28 29 -30 -31 -32 -33 -34 -35 35 40 37 38 -40 58 50 -43 -44 53 -46 -47 -48 -49 -50 -51 -52 -53 -54 -55 -56 -57 57 -59 -60 -61 -62 -63
leaf_value=0.036219003199181206 0.00018298337934267628 0.050174393259566824 -0.0072586158838079317 0.016202054297090363 -0.011658971461210588 0.016318216678411428 0.0374453912763009 -0.042822140836697796 -0.023588176927567331 -0.02627462196624783 -0.00069990018686202796 0.026797551800410702 -0.037901805974762892 0.015258055948236111 0.054999192869183956 -0.031287642053132565 -0.027324625549048027 0.014927850993410966 0.029045888002033601 0.038777448448087566 0.0047553004841388831 -0.030119644554259629 0.027070220941670015 0.030732670247119589 0.033806224519489003 -0.00055455930964485548 0.049847379545348416 0.039234756150610339 0.044440557972589723 0.00042414107123511183 -0.031086190553140859 0.032945420815968567 0.043187976137450575 -0.019610589530517059 0.026556725802801814 -0.0064125881839370629 0.044936859511650412 0.024398977829556523 -0.036002687091149406 0.0043659605405957785 0.035307666283248967 -0.0094658743141663518 -0.0051636953496216869 0.016589959017537258 0.038103496805234581 0.047717341830221138 -0.023485658527578623 0.058687237446235496 -0.028694123274977057 -0.026323075988991359 0.0089814001408982224 -0.018327767305948966 0.0043335639432711993 -0.020863915838839033 -0.0099364625714748848 0.029756416078662203 0.04861608795621658 0.011009443725704053 -0.021506952268303049 -0.029421189560609393 -0.011637040561532148 -0.018062291116051645
leaf_weight=55.485451102256775 726.33759054541588 24.681504264473915 117.72530026733875 21.656255818903446 148.44939317554235 195.83578432351351 21.757054708898067 42.796978268772364 36.459822826087475 23.924357444047928 30.8197405859828 27.163822792470455 63.249339014291763 48.926281858235598 22.181231692433357 54.404899567365646 37.866948142647743 38.679324299097061 37.325745411217213 27.19126633554697 126.58986174315214 50.38668230548501 36.837005473673344 22.06377874314785 20.375718034803867 41.693750225007534 19.402124885469675 23.412230417132378 47.718698047101498 501.55891628563404 45.017257884144783 26.88043924793601 21.066979423165321 21.87102597206831 81.345421452075243 40.64933905005455 49.35108283162117 39.20972578972578 34.081547476351261 434.88523235172033 125.2023461163044 125.2025244385004 64.257722560316324 31.338192135095596 71.928765580058098 22.060539588332176 39.9335669092834 28.768830366432667 27.709999024868011 77.800925016403198 70.019197821617126 20.916617318987846 377.70380841940641 66.984079904854298 1321.4225758649409 184.94217935949564 38.613107495009899 200.1219204813242 58.0030906945467 27.468485482037067 770.54713562130928 22.765454657375813
leaf_count=300 3498 106 851 106 711 950 109 293 164 110 140 132 297 303 103 289 177 179 192 122 697 324 215 102 102 273 125 112 217 2384 305 184 106 105 371 187 238 195 172 1986 563 566 299 149 328 100 187 132 132 414 327 102 1731 318 8648 953 185 908 273 127 4606 141
internal_value=0.000573586 0.000297909 0.00185847 0.000302103 0.00508429 0.0082189 -0.00253396 -0.0025588 0.0106861 0.0114514 0.00423285 -0.00553978 -0.0134696 -0.00672373 0.022576 0.00206508 0.00359762 0.0120407 0.0109876 0.00174108 -0.00506455 -0.0181553 -0.00848177 0.00914259 -0.00739163 -0.00798387 0.0154251 0.00601406 0.0190079 0.00217165 -0.00721521 0.000197873 0.00759015 0.0181665 0.00457642 0.0107189 0.000105729 0.0158924 -0.00363136 -0.0032563 0.0203101 0.00234215 0.0125296 -0.0202827 0.0227305 0.00948669 -0.00409136 0.0337259 -0.00111685 -0.0170063 0.0259004 0.0119446 0.00666804 -0.00887074 -0.00903223 0.0200276 0.0131496 0.0171307 -0.000310477 0.00234192 -0.00931817 0.00974651
internal_weight=7261.03 7205.54 5582.07 4485.4 1670.42 1096.67 2814.98 706.131 964.285 907.045 437.572 241.736 188.735 1473.58 53.001 1341.4 1241.95 927.825 903.144 553.344 1623.47 152.786 109.989 835.696 1451.82 1431.44 61.0959 679.709 154.738 524.971 189.623 144.606 107.019 469.473 1204.08 506.677 697.404 122.642 73.2913 574.762 235.871 270.806 145.603 161.572 155.987 84.0579 61.9973 67.4482 85.9524 99.4572 195.222 58.2424 404.895 98.3223 1370.35 447.602 262.659 238.735 520.357 462.354 897.137 59.6025
internal_count=38721 38421 29620 23930 8080 5690 15850 3537 4543 4350 2089 1139 896 9560 243 6290 5770 4379 4273 2564 8801 973 680 3962 9451 9349 398 3245 749 2496 1340 1035 532 2261 5593 2313 3280 605 367 2675 1077 1236 670 764 717 389 289 311 426 520 890 294 1853 467 8951 2156 1203 1093 2386 2113 5303 356
is_linear=0
shrinkage=0.05


Tree=62
num_leaves=63
num_cat=0
split_feature=72 0 14 72 72 46 52 78 52 75 50 52 33 71 29 49 71 61 97 35 22 75 71 52 78 95 66 15 23 53 21 25 72 20 20 21 21 46 95 29 53 57 3 78 49 29 29 23 5 28 78 10 21 35 41 22 22 14 51 3 23 32
split_gain=26.1334 21.8037 22.2867 21.3036 21.944 23.8082 22.6025 19.837 24.0083 19.1148 20.3226 17.5045 17.4992 16.2819 17.0361 16.6741 15.3806 15.0794 14.7198 15.0595 20.7919 17.5451 15.5302 13.4127 13.3482 13.2427 13.1651 13.0493 18.5175 12.9185 14.08 12.8606 13.0921 12.5112 19.6838 12.388 12.1878 13.3656 12.1002 11.9364 12.8572 11.837 14.6205 12.8658 16.8969 21.137 12.2864 11.4483 11.9099 18.8349 11.1971 13.5882 14.5296 15.465 11.1244 10.9091 15.1745 14.4807 13.2335 17.0589 16.7742 11.5136
threshold=-3.4815288034856349 1.0000000180025095e-35 0.15528250968117341 1.1996883670773786 -0.88114234709013484 0.53394068902519043 339.4500000000001 -1.6283778130618851 1926.1750000000002 6.5000000000000009 0.99371285308572699 1174.8500000000001 5943.5000000000009 0.59695572229822302 0.5766472764601468 -0.8298233788093804 0.36214751788489047 16.150891933410669 37.142391965916012 3.4516735205207119 1466.5000000000002 41.500000000000007 1.1043958143436183 534.22500000000014 0.53003139458022563 345.50000000000006 8.2767857142857171 0.50000000000000011 0.69798161947342285 0.37913126658424712 0.1813852813852814 0.12616402460152462 0.85422707780267271 0.017316341829085462 0.042644117112202222 0.5929064657878218 0.36425061425061428 0.11823129336822059 276.50000000000006 0.63449284129864914 2.0192711497752076 -0.011345637675949066 0.99958982772764571 1.3595651650037808 -1.5071462517483822 0.4815834101382489 0.52208086364371764 0.82021969407650108 0.84638980651250606 1.0000000180025095e-35 1.0000000180025095e-35 1.3510071471126135 0.097693531283138943 1.3481340066510656 0.99334754792602376 1944.5000000000002 2120.5000000000005 0.30481468310415688 -0.7379163827926164 1.0731688060077682 0.9431315393820382 0.82773969098536793
decision_type=2 2 2 2 2 2 2 2 2 2 2 2 2 2 2 2 2 2 2 2 2 2 2 2 2 2 2 2 2 2 2 2 2 2 2 2 2 2 2 2 2 2 2 2 2 2 2 2 2 2 2 2 2 2 2 2 2 2 2 2 2 2
left_child=-1 26 -3 4 5 17 -6 39 9 10 24 13 -10 -8 15 -15 -13 18 19 20 21 22 23 -4 -9 -20 -2 -12 -29 30 -7 -16 -33 -31 -35 50 -19 -38 -30 40 -5 43 -43 44 -36 -46 -44 48 49 -25 51 52 -11 -54 -34 57 -57 -22 -58 -60 -61 -59
right_child=1 2 3 7 6 29 11 8 12 35 27 16 -14 14 31 -17 -18 36 25 -21 55 -23 -24 47 -26 -27 -28 28 38 33 -32 32 54 34 41 -37 37 -39 -40 -41 -42 42 46 -45 45 -47 -48 -49 -50 -51 -52 -53 53 -55 -56 56 58 61 59 60 -62 -63
leaf_value=0.034969597109463645 0.00017383355808791505 0.053950238225003055 0.022933378412893096 -0.0066617557582249708 0.028998095006189994 -0.011789830669983114 0.0048432307169695406 -0.0038085862234812414 0.050592835456184683 -0.0043103944434235517 0.013672776506997532 0.033786179820386557 0.0013683990864695114 -0.010504079376593721 0.013550690126602403 0.003754542591055743 -0.010648522818568972 0.029241246858056492 0.013342247851741927 -0.021577592814164163 -0.0052901193884431087 -0.043150426104359499 -0.030461493616329573 0.031162707939733383 0.024420827704630086 0.054440631234430208 -0.0088810441407167831 0.022897618323609075 -0.034907494002299526 -0.039683285452009713 0.043268206972954533 -0.026939255429862585 -0.017664280093987971 0.035557464967901291 -0.038732953931816909 -0.020794588383955918 0.030166808184417689 -0.013995438310208514 -0.0052441268535216605 -0.02861549533298547 0.029594891950609405 0.030012011289379376 -0.014879608702349426 -0.026971980123535102 0.024845936995938789 -0.021915441773549305 0.024675815726406401 0.0059490857785316391 -0.037157398909128433 -0.018637663277439119 0.02741981647782131 -0.011006051328969224 -0.0021668182484707492 0.03909195943911483 0.026348311637452573 -0.029245852279742524 0.043954126182168277 0.048811849415586007 0.039049165289409833 0.025089642759224918 -0.026516885775082807 0.007662676143476238
leaf_weight=54.620391815900803 726.34520123153925 20.29345591366291 77.842393234372139 127.0014315918088 55.137492205947638 19.756364323198795 781.13939743861556 69.389093697071075 61.070012904703617 51.612759321928024 46.146527051925659 19.828464452177286 25.923637717962265 314.89944077283144 32.597777277231216 586.74818619713187 778.24245758354664 139.08988951146603 84.519055210053921 55.434053242206573 24.425218425691128 22.81290765106678 35.045254468917847 27.917424269020557 104.37653792649508 25.693331323564053 894.30401120707393 25.488662607967854 87.251542486250401 27.794925160706043 27.55954696983099 170.15232765674591 34.944928273558617 27.709101215004921 27.123026810586452 21.679108500480652 28.518304035067558 42.475331626832485 57.476976163685322 46.028033889830112 30.173049423843622 37.604138318449259 87.124996356666088 114.40637357532978 58.964777290821075 40.730078354477882 25.17335743829608 270.46220164000988 34.875345997512341 58.70425558835268 172.34439107403159 55.409688524901867 31.157058231532574 81.427938424050808 24.215718455612659 23.021427407860756 29.626472771167755 65.145929880440235 27.187579866498709 24.570670880377293 43.223166294395924 23.457781411707401
leaf_count=300 3498 110 384 903 394 101 3783 345 291 232 212 139 127 1511 160 2832 5888 627 408 249 119 106 163 128 498 118 5303 124 414 134 139 813 165 139 125 103 130 192 269 313 201 196 472 736 265 188 140 1218 156 275 896 250 145 367 109 113 134 304 131 117 207 112
internal_value=0.000545976 0.00028332 0.00176909 0.00157642 4.03071e-05 0.00459937 -0.0026596 0.00782816 0.0110458 0.00833458 0.00038137 -0.00329887 0.036 -0.000737079 -0.00448774 -0.00122033 -0.00953416 0.00850363 0.00582449 0.00357139 0.00534871 -0.000349906 0.00158241 0.00398937 0.0131236 0.0230093 -0.00481997 -0.00983041 -0.0162359 -0.00459127 0.0201974 -0.0157122 -0.0198979 -0.0072325 -0.00505809 0.0158219 0.020637 0.00369179 -0.0231734 -0.00625062 0.000281094 -0.00795661 0.00304891 -0.0148148 -0.00379551 0.00568878 -0.00595412 0.000209483 -0.0125206 -0.00251235 0.0178647 0.0103343 0.0175684 0.0276377 0.000280704 0.0168995 0.00789373 0.0286005 0.0148133 0.00563454 -0.00772997 0.0379949
internal_weight=7245.42 7190.8 5570.15 5549.86 4455.9 1657.99 2797.91 1093.96 890.754 803.76 390.129 2742.77 86.9937 1944.7 1163.56 901.648 798.071 1164.05 953.964 843.752 788.318 527.66 504.847 469.802 173.766 110.212 1620.65 216.364 170.217 493.947 47.3159 261.911 229.313 446.631 418.836 413.631 210.084 70.9936 144.729 203.203 157.174 391.127 149.902 241.224 126.818 99.6949 112.298 391.959 121.497 86.6217 391.952 219.607 164.198 112.585 59.1606 260.658 147.629 113.029 124.608 94.9814 67.7938 88.6037
internal_count=38721 38421 29620 29510 23820 8026 15794 5690 4273 3855 1862 15400 418 9373 5590 4343 6027 5391 4442 3916 3667 2430 2324 2161 843 526 8801 1019 807 2635 240 1247 1087 2395 2261 1993 949 322 683 1417 1104 2122 808 1314 578 453 612 1777 559 403 1890 994 744 512 274 1237 702 535 589 455 324 416
is_linear=0
shrinkage=0.05


Tree=63
num_leaves=63
num_cat=0
split_feature=88 2 72 78 38 61 62 47 44 26 22 8 77 31 57 19 62 9 30 45 54 44 32 3 15 61 8 44 9 46 21 0 43 9 57 26 49 37 53 23 62 77 9 30 10 77 56 77 10 54 5 94 53 62 77 52 22 7 20 51 31 54
split_gain=26.2608 20.0432 18.5094 21.2823 18.193 31.3144 25.3803 27.5361 22.7194 21.8866 21.5492 19.9788 24.7862 20.0089 19.3129 21.2261 19.1307 18.901 17.8178 19.9978 17.7927 17.6042 20.5263 21.5067 17.4734 17.4656 16.9726 17.8838 17.4766 16.8264 16.376 16.3259 17.0696 17.1434 16.0525 23.3046 24.1514 21.5232 21.6979 25.2638 19.178 16.9502 16.0322 21.3286 23.6799 20.2033 15.9489 21.9947 22.6415 16.2507 20.6326 17.3845 16.7542 15.8764 20.0452 16.0047 15.975 15.8135 15.7454 15.5612 19.1805 14.9782
threshold=2.5000000000000004 2.9375000000000004 -2.3619683874674577 -2.684838193716991 0.38482886888545015 23.080325414812954 2.5662397237910199 -0.75438181226617573 0.58357399683598232 0.25061174551386628 378.50000000000006 0.3322510822510823 2.1190719503112136 0.40845797024190816 -0.081462901632835913 0.13811445341159209 6.5643233895373978 1835.5000000000002 2.030102438901614 -0.53140328385069024 1.1309389185353671 -0.94946195686249912 0.073395181804578796 0.65607330371567052 0.60526315789473695 14.557433283932697 0.23570261437908499 0.29610723075151696 2473.0000000000005 0.31340998256326652 0.25069832402234643 90.000000000000014 6.5000000000000009 619.50000000000011 -0.31073349265305089 -1.0000000180025095e-35 -1.3334737421552119 1.0000000180025095e-35 1.7613481397042401 1.7861216891278722 14.904869309644504 2.1315508639480139 797.50000000000011 1.7469548387484564 0.79524230027226961 2.3013662277370917 1.0000000180025095e-35 2.3161167495002801 1.086485504135416 0.84781687041176435 0.78979857050032498 8.5000000000000018 1.1939976485891537 17.157312073501334 2.2168381498267866 802.92500000000007 594.50000000000011 0.052506265664160411 0.20656665468918436 0.31757819147403693 2.0907878787878791 0.73810005595671535
decision_type=2 2 2 2 2 2 2 2 2 2 2 2 2 2 2 2 2 2 2 2 2 2 2 2 2 2 2 2 2 2 2 2 2 2 2 2 2 2 2 2 2 2 2 2 2 2 2 2 2 2 2 2 2 2 2 2 2 2 2 2 2 2
left_child=1 -1 3 -3 6 11 7 -4 10 18 -8 12 13 -6 15 -7 17 -13 19 -10 -16 24 -23 -24 58 -21 27 31 -29 -15 -22 32 -25 -34 35 40 -37 38 39 -36 -14 -39 43 45 -45 -43 47 -33 -49 59 52 -52 -51 54 -18 56 -55 -46 -12 60 -48 -44
right_child=-2 2 4 -5 5 14 8 -9 9 -11 21 16 34 29 20 -17 53 -19 -20 25 30 22 23 26 -26 -27 -28 28 -30 -31 -32 46 33 -35 37 36 -38 41 -40 -41 -42 42 61 44 57 -47 49 48 -50 50 51 -53 -54 55 -56 -57 -58 -59 -60 -61 -62 -63
leaf_value=0.02665654631163418 0.011670104990589262 0.041581347237938104 -0.025005230505241206 0.0051970822956880413 0.017262869447951499 -0.018036099876497742 0.022188236650014802 0.0094548825105875024 -0.017147122122282126 0.022061280021863139 0.0053598349514374331 0.034642447559290239 0.0043163152461697871 0.0012916242898253598 -0.01015444327144727 0.039892461446306988 -0.034357453108501732 -0.014585915100989373 -0.017395071995017126 0.0078205210272212673 -0.0018901210209056997 -0.030685302474317007 0.042765637258732114 -0.0080039901946129532 0.0036471216979611244 0.04194503242251265 -0.012903716003966321 -0.01491486844298558 0.031648216695057164 -0.018458899536252332 0.040494452024955246 0.0054298882793459118 0.043938492253860213 0.0022407500060131372 -0.037960483466481211 0.0060534121208402044 -0.028222884741339646 -0.052842699745340331 0.017481221923609017 0.016378270194429469 0.071894257594668498 0.011530160642067341 0.0022488798263796518 -0.016397948143651125 -0.0048927308498537391 -0.017011187567970723 -0.028022923858464849 0.015787763375746836 0.06066506229120832 0.037968703849330196 0.032675267375692783 -0.0089783122407033188 -0.00096093014244806162 0.021928180107874486 0.0050413998552270127 0.038428940741272198 -0.030157772558219068 0.044686607372775661 0.049345151543505196 0.022709448055627093 0.013617751764398563 -0.016588575426600215
leaf_weight=68.181905493140221 492.026980612427 51.51826024055481 173.93049930408597 183.77543888241053 143.77407646551728 19.331243332475424 110.80177743732929 86.605143442749977 54.112250436097383 268.87361391633749 36.43870072811842 83.162042886018753 23.781757675111294 437.29050261154771 120.31896119937301 83.094371248036623 62.020597144961357 25.235538560897112 81.805170692503452 136.21078111976385 45.541441604495049 60.652484182268381 27.35024256259203 489.61363631486893 243.9579191878438 51.956422597169876 293.02507882937789 262.24241334944963 21.674123235046864 142.87126446887851 45.073586218059063 191.76499105617404 31.866686299443245 109.04040609300137 185.62916833907366 149.56019324809313 78.062705602496862 22.456928573548794 24.893889844417572 23.980930663645267 18.959518671035767 88.653715532273054 126.55633668601513 37.026224717497826 21.597448147833347 204.5825926437974 108.28122480586171 75.251839321106672 45.275137953460217 79.107189610600471 29.826254971325397 153.15593726933002 42.062989380210638 30.174363240599632 66.780826099216938 37.452464394271374 28.509491503238678 60.759276896715164 46.855919279158115 28.81293249130249 36.878419116139412 620.8301973156631
leaf_count=430 2491 284 1448 867 819 104 609 458 373 1367 181 531 142 2302 693 421 318 173 413 656 230 343 134 2642 1127 241 1484 1369 125 807 226 1031 139 559 1053 728 397 126 137 113 94 431 822 165 98 975 548 403 225 392 149 771 218 143 350 210 128 271 222 145 172 3698
internal_value=0.000519722 -0.000293824 -0.000570432 0.013199 -0.00107485 -0.00386915 0.00145369 -0.0135319 0.00270831 0.0115151 0.000636946 -0.00558009 -0.00716713 0.000565623 0.0110974 0.0289036 0.00588387 0.0231329 0.00274596 0.00957154 0.00241773 -0.000351412 -0.0020451 -0.00118343 0.0104261 0.0172868 -0.00178969 0.000118271 -0.0113328 -0.00356589 0.019159 0.00241045 -0.00358462 0.0117308 -0.0104876 0.000659344 -0.00568683 -0.0126179 -0.0264661 -0.031715 0.0345076 -0.00986535 -0.00902454 -0.0010998 0.0166939 -0.00836429 0.00719893 0.0159867 0.0327234 0.00144649 0.00842638 -0.00214729 0.0244238 -0.00241279 -0.0139031 0.0129282 -0.00329915 0.031634 0.0301925 -0.0107254 -0.0174074 -0.0133922
internal_weight=7230.89 6738.87 6670.69 235.294 6435.39 3057.96 3377.43 260.536 3116.89 592.958 2523.94 2744.6 2411.27 723.936 313.36 102.426 333.335 108.398 324.085 242.279 210.934 2413.13 2085.88 2025.23 327.253 188.167 1997.88 1704.85 283.917 580.162 90.615 1420.94 630.521 140.907 1687.33 270.364 227.623 1416.97 234.504 209.61 42.7413 1182.46 1160.01 412.619 119.383 293.236 790.417 312.292 120.527 478.125 304.152 182.982 121.17 224.938 128.801 96.1363 58.6839 82.3567 83.2946 173.973 145.16 747.387
internal_count=38721 36230 35800 1151 34649 16705 17944 1906 16038 3050 12988 15031 13178 3928 1674 525 1853 704 1683 1270 1149 12379 10849 10506 1530 897 10372 8888 1494 3109 456 7394 3340 698 9250 1361 1125 7889 1303 1166 236 6586 6460 1940 534 1406 4054 1659 628 2395 1530 920 610 1149 668 481 271 369 403 865 720 4520
is_linear=0
shrinkage=0.05


Tree=64
num_leaves=63
num_cat=0
split_feature=88 1 16 72 78 75 52 96 53 18 19 16 41 75 37 40 54 72 94 8 47 31 72 94 78 61 94 16 54 41 60 60 47 8 46 97 1 77 22 54 40 61 52 47 33 45 45 18 54 60 20 72 34 96 25 49 41 34 47 95 60 33
split_gain=23.687 18.3455 18.0203 16.8044 19.8246 13.7343 16.4856 14.3393 21.7696 24.1776 21.0823 18.1701 18.7902 18.1682 17.4711 15.5587 17.1098 18.8588 15.1178 14.1742 13.7454 15.7504 15.0275 14.2824 18.9529 18.9362 17.5909 22.4949 23.2736 20.8708 17.0093 19.6454 19.6029 33.3697 19.6811 23.1884 18.1804 25.0471 20.2278 16.7804 16.7375 20.1834 18.9745 21.3113 37.4086 21.269 26.6397 22.5749 18.0825 29.8491 16.9029 16.7181 20.7161 16.7082 16.3803 16.2862 16.0422 15.4782 16.1511 15.168 15.108 26.4653
threshold=2.5000000000000004 2.9375000000000004 1.3377874779148666 -2.3619683874674577 -2.684838193716991 1.5000000000000002 339.4500000000001 22.570411794611086 0.84132092772986955 0.24190177638453506 0.17684288905435594 0.66802092012241909 0.97568816290144478 7.5000000000000009 1.0000000180025095e-35 1.7827974163588702 1.5100424388687974 0.21073348694320862 45.500000000000007 0.056980519480519486 -2.3406375300723012 0.23606076466293191 2.0364416221033861 27.500000000000004 6.0453908539835863 18.791771409418473 34.500000000000007 1.4785787402269641 0.94852701943677065 1.0722698999046114 188.50000000000003 195.50000000000003 0.62181178675798321 0.0086581709145427312 -0.40468811758625028 6.0602795152866387 10.633928571428573 2.5552195431799603 1368.5000000000002 1.5943936014685918 2.4218290499936077 4.5664687667341868 1323.6500000000003 2.9956683240712509 2057.5000000000005 -0.64727831910916611 -0.55631943585291921 0.43951219512195128 1.4216594250477435 96.500000000000014 0.68441295546558722 -0.23917188431722711 0.9960628632473062 11.286662930427758 0.20656587096844423 -0.61581546068057547 1.4013938730374738 0.66625124241130396 0.45418006134061978 207.50000000000003 222.50000000000003 1693.5000000000002
decision_type=2 2 2 2 2 2 2 2 2 2 2 2 2 2 2 2 2 2 2 2 2 2 2 2 2 2 2 2 2 2 2 2 2 2 2 2 2 2 2 2 2 2 2 2 2 2 2 2 2 2 2 2 2 2 2 2 2 2 2 2 2 2
left_child=1 2 -1 4 -3 -5 -7 20 9 13 -11 12 -10 -9 -12 16 17 -13 19 -16 21 -8 23 40 25 26 27 28 56 -28 32 -32 33 -31 35 -35 38 -38 -36 -27 42 55 43 45 -45 47 -47 -22 50 -50 57 52 -51 -34 -43 -42 -25 58 -48 -33 -49 -62
right_child=-2 3 -4 5 -6 6 7 8 11 10 14 15 -14 -15 18 -17 -18 -19 -20 -21 22 -23 -24 24 -26 39 29 -29 -30 30 31 59 53 34 36 -37 37 -39 -40 -41 41 54 -44 44 -46 46 48 60 49 51 -52 -53 -54 -55 -56 -57 -58 -59 -60 -61 61 -63
leaf_value=0.043867345884867404 0.011079559613389653 0.040345184846970666 -0.010917531416251085 -0.021340736102668015 0.0049420304972908335 0.017346178028263198 0.037880550020744502 -0.038541488274175306 -0.00094587011504046058 0.0048981991508255576 0.0034413265869819212 -0.033626280793501363 0.054533434498968726 0.013944710757378118 0.0014532992691197308 -0.01412381242074992 0.043212564653044322 0.0096036696426878704 0.085293130518438287 0.051613813583209323 0.0029548868393376145 -0.019489846537074196 0.012898152244543853 0.0015347302276357796 -0.037054162171352545 -0.025787590968156766 -0.0040082665328911131 -0.034348998915001275 -0.017107641081175677 -0.034577297662560048 -0.045886838214751417 0.037748607875191485 -0.0081887278014622332 -0.031306211709698169 0.052227959625606307 0.043390552309836905 0.038164558172935979 0.10253369466676446 -0.012167669860412506 0.021366828934618651 -0.047110880143668377 -0.024255575210730809 -0.0064752313680163697 0.087183599268192261 -0.014723289146300351 -0.038545986695369856 0.0038891311483601355 0.042246299695258088 0.073089425606387579 -0.02661587207740573 0.041370927723706596 0.02552602311181934 0.015576528068421434 0.044071274230729651 0.0079308996152449417 -0.0095252799066836771 0.049632453603513683 -0.00027420904244194354 -0.048088404258325071 -0.00085756264813381493 0.036016582316199794 -0.01641888928681506
leaf_weight=45.011582463979721 492.3367212601006 50.471907734870911 22.251996792852879 82.038977861404419 183.6064583286643 123.13863946869969 12.721600614488123 29.032550811767578 33.52852002158761 73.928728323429823 27.175564549863338 33.059834204614162 27.645393617451191 37.731129065155983 19.750943146646023 214.57943328097463 26.261651881039143 105.30212726444006 22.273110903799534 50.903386503458023 203.30578248202801 170.17393068224192 174.77615099400282 176.67187122255564 43.503250103443861 150.80835916101933 1525.2328260652721 86.556085553020239 231.74025552719831 19.897026851773262 22.416755922138691 27.668748937547207 99.867315337061882 21.645152904093266 25.107465960085392 19.76908577978611 42.264328181743622 23.979051485657692 23.372925713658333 21.368913941085339 51.498723443597555 52.706468798220158 432.14176992699504 20.700722754001617 15.707513667643068 41.176197364926338 25.326842173933983 87.364492259919643 20.0052649974823 52.258787728846073 22.670545227825642 89.115329556167126 65.282362721860409 17.956061497330666 157.08750074356794 66.392230913043022 19.156680680811405 723.55073732882738 35.735004261136055 301.3579826168716 56.006272360682487 41.905550070106983
leaf_count=291 2491 284 139 395 867 854 131 138 183 375 148 171 147 205 103 1191 125 574 102 250 1020 1617 912 941 368 795 8005 410 1235 105 109 127 570 158 113 102 219 108 111 105 267 276 2864 113 116 189 116 445 101 272 103 416 328 87 798 332 91 3399 189 1456 256 213
internal_value=0.000493951 -0.000280356 0.02568 -0.000543743 0.012611 -0.00102402 -0.000760097 -0.00111968 0.00561311 0.0170597 0.025993 -0.00115668 0.0240925 -0.00882793 0.0389214 -0.00524839 0.00629151 -0.000706293 0.0492285 0.0376843 -0.00197621 -0.0154535 -0.00151297 -0.00200228 -0.00432451 -0.00382308 -0.00278962 -0.0111055 -0.00638154 -0.000817143 0.00671709 -0.000692689 0.0155931 0.0261537 0.033942 0.00424848 0.0446045 0.06166 0.0211181 -0.0198972 0.000975858 -0.00946789 0.00274997 0.00541109 0.0431613 0.00446578 0.000836912 0.0144904 0.00241372 0.0148907 -0.00108468 0.00920004 -0.00314639 -0.000151382 -0.00013918 -0.0260123 0.00628828 -0.00232288 -0.0264766 0.00238423 0.0271131 0.0135297
internal_weight=7217.98 6725.64 67.2636 6658.38 234.078 6424.3 6342.26 6219.12 701.172 260.795 194.032 440.377 61.1739 66.7637 120.103 379.203 164.624 138.362 92.9274 70.6543 5517.95 182.896 5335.05 5160.28 2900.34 2856.84 2684.66 514.125 427.569 2170.53 645.302 351.443 293.858 176.035 156.138 41.4142 114.724 66.2434 48.4804 172.177 2259.94 327.685 1932.25 1500.11 36.4082 1463.7 1075.12 388.582 1033.94 226.662 807.283 206.656 117.541 117.823 209.794 117.891 195.829 784.613 61.0618 329.027 185.276 97.9118
internal_count=38721 36230 430 35800 1151 34649 34254 33400 3712 1321 978 2391 330 343 603 2061 870 745 455 353 29688 1748 27940 27028 15215 14847 13947 2677 2267 11270 3265 1692 1573 916 811 260 551 327 224 900 11813 1673 10140 7276 229 7047 5113 1934 4924 1117 3807 1016 600 657 1074 599 1032 3704 305 1583 914 469
is_linear=0
shrinkage=0.05


Tree=65
num_leaves=63
num_cat=0
split_feature=72 72 78 44 72 47 4 46 16 54 77 1 50 51 46 56 6 52 97 44 33 54 57 3 97 14 62 32 53 4 32 15 43 24 16 3 96 19 49 77 62 46 7 16 19 59 53 23 78 62 1 50 38 23 14 43 56 91 53 91 94 46
split_gain=18.4507 19.1631 21.9521 26.0393 32.3257 24.5304 24.2177 18.8922 40.7887 18.8195 18.516 17.6624 25.0567 22.2648 21.0771 23.3899 21.9312 24.242 20.7755 18.4503 18.3938 17.6913 17.6439 17.6132 17.4668 17.3297 16.9039 16.7151 21.0958 20.0839 18.1229 16.5679 16.1574 16.0441 29.6174 17.1303 15.5804 18.7745 16.3582 15.4792 15.2365 14.9177 14.6406 14.6174 22.6095 21.7611 18.0974 15.8076 16.1159 20.7453 16.1113 25.3774 17.1479 14.2444 14.1022 13.978 15.2292 13.8493 13.818 13.7654 13.7566 17.2124
threshold=2.0364416221033861 -1.460441913390492 -2.058276886669169 0.50330590124438401 0.28598947609251407 0.2650572390572542 0.46185746780958142 -1.1127543959825921 0.67885882233708339 1.2682366736990978 3.1484223560815523 4.4017857142857153 0.84761548676722731 0.13295960758961459 0.30144350811490361 6.5000000000000009 0.38138528138528144 1436.1000000000001 9.7014726205943465 0.30483136888782725 2892.5000000000005 1.7269081340479098 -0.18194032580171735 0.69675752182024842 6.8367013750317467 0.45458365164247522 4.0700591567418298 0.70321085164835184 1.054415086463967 1.0812065760504148 0.44283046275160826 0.76315789473684215 3.5000000000000004 0.81578947368421062 0.81827671284873804 1.3839994775339606 29.315483942169742 0.37567204301075274 1.5448054870451926 3.111083851120104 44.285525889870648 0.82270143975752996 0.1064701778862923 0.85761902790999278 0.4451137884872825 39.500000000000007 0.958694719213109 0.5989114471451531 2.2674003502236713 24.537351433496646 16.705357142857149 1.0115939421212266 1.2476155872467982 1.6120677102293415 0.62845154785098889 5.5000000000000009 1.0000000180025095e-35 3.5000000000000004 0.51222003087264156 2.5000000000000004 27.500000000000004 0.93598539272033177
decision_type=2 2 2 2 2 2 2 2 2 2 2 2 2 2 2 2 2 2 2 2 2 2 2 2 2 2 2 2 2 2 2 2 2 2 2 2 2 2 2 2 2 2 2 2 2 2 2 2 2 2 2 2 2 2 2 2 2 2 2 2 2 2
left_child=1 24 5 11 53 7 9 8 -3 -6 -2 13 18 -4 15 19 17 58 22 21 32 36 -13 26 41 57 -24 28 29 30 -8 -27 -20 34 35 -21 38 -38 39 40 43 -1 -10 44 46 -46 59 -45 49 50 52 -52 -49 -5 -31 -51 -57 -26 -16 -14 61 -60
right_child=10 2 3 4 6 -7 27 -9 42 -11 -12 12 14 -15 16 -17 -18 -19 20 33 -22 -23 23 -25 25 31 -28 -29 -30 54 -32 -33 -34 -35 -36 -37 37 -39 -40 -41 -42 -43 -44 47 45 -47 -48 48 -50 55 51 -53 -54 -55 -56 56 -58 -59 60 -61 -62 -63
leaf_value=0.018504534138122104 0.016003382175518631 0.097061003516376476 0.0029504365037425298 -0.0083482777758822537 0.061318091710310677 0.030090781173841254 0.010831057687324426 -0.013190216332456057 -0.056729010330608377 0.0098218857951117983 -0.034876682663746737 0.00069592763696310514 0.0020058278172156601 0.038879818285049217 0.0087775432479343992 -0.049634409357861689 0.030783731369688361 -0.027082786579231927 -0.031806757469825454 0.033162079021651907 0.043171659677227026 0.041339096558600609 0.033935436175586774 -0.034443031737100095 -0.0046944015664621835 0.0071446793483566379 -0.031138947247134032 0.014074938138601403 -0.0088136895115056568 -0.038206207744507475 0.055569932566985926 0.048548283400367785 -0.0012340301504421653 0.0059712789519455398 -0.034601835899446258 -0.021892586010426089 -0.0072498094288646594 0.048127996291958235 -0.022106421125766145 -0.02963291176468924 -0.019322554317329058 -0.018420739465960342 0.02875331236586717 -0.027094682909179237 -0.0089688406868376602 0.02354794582280027 0.054065494257488925 -0.0017862300637653578 -0.011351807092521244 0.039105588671273769 -0.017397163144296235 0.038219566162901099 0.038928884845570444 -0.052887891457250563 0.0093563810528168017 -0.021947044173399217 0.028564552028725616 0.012250425443004859 -0.0044468817149082643 0.039965856633940644 -0.01535312463120183 0.037319844294495204
leaf_weight=299.20492677390575 264.68590504303575 12.316122021526096 241.96420319750905 151.59761353954673 38.869590409100056 37.140597686171532 55.313662551343441 705.1041004024446 10.996211145073177 33.135229624807835 19.027157537639141 67.08502484858036 62.132692810148001 52.480661891400814 140.6313864775002 21.98308714479208 35.815173245966434 154.53745438531041 52.450038898736238 32.90282791852951 19.646280463784933 31.122252821922302 20.269178256392479 196.01102602109313 590.52010317519307 81.41684752702713 19.447046384215355 466.5457492209971 251.71293997764587 22.757919780910015 38.711917906999588 34.516035690903664 245.61902055516839 97.38198534399271 110.73587976396084 24.519018657505512 24.272915996611118 40.573230661451817 65.419326938688755 34.52306042611599 65.781627908349037 29.889212131500244 8.9630426429212076 43.776544854044914 133.41343692690134 83.527425743639469 48.219152137637138 604.00469674915075 153.66060303151608 72.802714109420776 28.94858180731535 69.048599824309349 26.916999727487564 20.361192710697651 48.639956824481487 26.333057284355164 34.041843131184578 151.35366508364677 257.9431573189795 39.011749058961868 339.39132403582335 27.171426996588707
leaf_count=1360 1414 123 1195 854 185 176 264 5505 123 154 96 365 307 283 725 115 185 1210 315 160 129 145 106 1120 2879 408 115 2184 1205 107 179 160 1230 453 546 127 115 179 320 168 301 145 100 220 705 419 237 2872 878 319 161 362 128 103 235 116 152 729 1380 188 1884 177
internal_value=6.64037e-05 -0.000444296 -0.00163939 -0.000418818 0.0062609 -0.00946911 0.00985498 -0.0114723 0.0258294 0.0377364 0.0125624 -0.00237897 -0.00335583 0.00938235 -0.00142105 0.00152623 -0.00751798 -0.0090182 -0.0124834 0.00210714 -0.00353095 0.00403712 -0.0218556 -0.0282923 0.0053385 0.00157444 0.00194801 0.00757346 0.000288274 0.0141652 0.0293434 0.0195458 -0.00663942 -0.0101362 -0.0194919 0.00956973 0.00333079 0.027343 0.00234764 0.00340054 0.00417038 0.0151311 -0.0181405 0.00525902 0.0138703 0.00353294 0.0288389 0.00227614 0.00354942 0.00621223 0.00288763 0.0217383 -3.53844e-05 -0.0136788 -0.00576639 0.0243553 0.00645092 -0.00122947 -0.00536004 0.0167215 -0.00855255 -0.000437292
internal_weight=7218.3 6934.58 5747.68 4973.16 1127.65 774.52 955.687 737.379 32.2754 72.0048 283.713 3845.52 3551.07 294.445 2930.54 1975.05 955.49 919.675 620.528 1953.07 317.715 1687.53 302.812 235.727 1186.9 857.807 39.7162 883.682 417.136 165.423 94.0256 115.933 298.069 265.54 168.158 57.4218 1656.41 64.8461 1591.56 1526.14 1491.62 329.094 19.9593 1425.84 366.304 216.941 149.364 1059.53 1015.76 862.096 728.919 97.9972 630.922 171.959 71.3979 133.178 60.3749 741.874 765.137 101.144 624.506 285.115
internal_count=38800 37290 31609 25582 5470 6027 4513 5851 346 339 1510 20112 18634 1478 15254 9693 5561 5376 3380 9578 1674 8292 1706 1341 5681 4176 221 4174 1990 785 443 568 1545 1286 833 287 8147 294 7853 7533 7365 1505 223 7064 1856 1124 732 5208 4988 4110 3523 523 3000 957 342 587 268 3608 4166 495 3441 1557
is_linear=0
shrinkage=0.05


Tree=66
num_leaves=63
num_cat=0
split_feature=66 61 45 48 26 17 62 45 26 44 40 48 19 5 75 22 39 39 17 19 33 77 14 32 1 49 52 25 38 7 77 77 45 46 40 39 14 48 18 31 17 1 26 7 38 75 24 38 9 31 30 52 44 38 49 14 19 95 4 10 9 29
split_gain=18.9262 17.9399 26.6286 17.7237 22.1371 35.4279 21.7144 23.384 23.1927 24.7585 27.8094 25.3915 25.6657 23.4228 26.9098 22.7943 21.2228 23.478 23.4135 21.8746 20.7357 20.4181 19.4914 18.27 22.2023 17.7832 21.8301 17.612 17.407 17.3496 21.932 17.2446 23.6199 18.9598 17.0813 25.0882 17.0243 19.6032 16.9627 17.8847 29.8451 44.4437 16.6916 15.7951 17.4144 20.2722 18.3298 18.3211 20.9668 17.2712 30.9049 17.346 25.7937 18.8458 16.8024 16.4451 20.4833 18.5189 17.8923 21.936 18.7499 26.3822
threshold=2.2410714285714293 43.493517908152064 -0.58749074020318259 1.1307665770610138 -0.31270073659120329 0.39462826117638455 3.6541826219607114 -0.88605263157890934 -0.064739970917799997 -1.3294068789140614 2.4628315089481752 0.26127426160343159 0.9213106295149639 0.70396452790818997 5.5000000000000009 2587.5000000000005 1.485781735046882 1.4337949236490772 0.82191602257391738 0.68982758620689666 739.50000000000011 2.0345277372699764 0.3142982566160793 0.49857142857142861 5.2946428571428585 0.71257519265070723 769.62500000000011 0.4926050679571104 0.98950214144560444 0.16601049868766407 2.227061918437705 2.037968230439263 -0.84214630815197433 0.25205604380214003 1.4394550342130989 1.2684950742456578 0.33665750169046582 1.4463241574849541 0.8512955103864196 0.48307917754270285 0.28586789554531494 12.651785714285717 -0.11613440405166421 0.13221420643729193 0.43516685453391563 3.5000000000000004 0.44736842105263158 0.46464267162338929 2789.5000000000005 1.9061530047658624 2.3226297447094395 1116.5000000000002 -0.26380613099900102 0.077508687639605681 -1.5236187507399948 0.34925568422930037 0.23570261437908499 364.50000000000006 0.54861226274291064 0.7285007362346575 1275.5000000000002 0.5864840328030354
decision_type=2 2 2 2 2 2 2 2 2 2 2 2 2 2 2 2 2 2 2 2 2 2 2 2 2 2 2 2 2 2 2 2 2 2 2 2 2 2 2 2 2 2 2 2 2 2 2 2 2 2 2 2 2 2 2 2 2 2 2 2 2 2
left_child=-1 3 -3 6 5 -5 7 38 9 -8 11 15 20 22 28 16 17 19 23 25 -13 -9 -10 24 -18 -11 -27 -14 31 -26 -31 32 -15 -34 -21 -36 37 -7 39 40 41 -2 -12 54 45 46 -45 -46 55 50 51 53 -53 -47 -24 -49 -57 58 59 -58 61 -61
right_child=1 2 -4 4 -6 36 8 21 13 10 42 12 27 14 -16 -17 18 -19 -20 34 -22 -23 43 -25 29 26 -28 -29 -30 30 -32 -33 33 -35 35 -37 -38 -39 -40 -41 -42 -43 -44 44 47 49 -48 48 -50 -51 -52 52 -54 -55 -56 56 57 -59 -60 60 -62 -63
leaf_value=0.046020058417255739 0.10137934238455415 -0.0095540836268868164 0.063633098858557807 0.060553196754597208 -0.011685152421692494 -0.010468079217368082 0.02347598270324773 0.012633998819939438 -0.017915285472720695 -0.011801951891404077 -0.017458427011930022 0.027678677526610407 0.030687828721868489 -0.026441479037355081 0.01168571438992462 0.0550967457340392 -0.039392819815660479 0.04834058578289098 -0.048406091505455218 0.064068752351804106 -0.019873136469858929 -0.005841715237263987 -0.031887052877463032 -0.021988396301331783 0.021713272700073231 0.043852498395845957 -0.0037261334183636649 -0.023537776472242124 0.020692326809834547 0.017007973169712792 -0.042629087683066842 -0.0066008883400973497 0.038139943853686437 -0.0042380561220749123 -0.0097560654474208967 0.052756320929652357 -0.017350642733015943 0.056723529641974982 0.021144980570577055 -0.021097142237694617 -0.027058525075344904 -0.012277009082557855 -0.067324152949154767 -0.043535294262337113 -0.044004090927358158 0.010740886938095971 0.0084557690433694401 0.030443886067362813 0.051315230606727984 0.047661932655694322 -0.031733823334301907 0.02826578029551426 -0.041510471468408187 0.042297715081538456 -0.0027438492206276928 -0.02127558649426655 -0.017128188592819799 0.039417818550064862 -0.013123913914576206 0.046931622800661432 -0.017097631333990306 -0.0078851404824406626
leaf_weight=22.232202135026455 15.650491483509539 22.895346540957689 26.762006089091301 27.967888209968805 610.28659738600254 21.890671513974667 80.799240905791521 223.75886020436883 146.66945018991828 157.14099052548409 185.01634635031223 24.36496826261282 53.2237254306674 30.220146965235472 1360.8388011157513 20.847207598388195 24.59676780924201 36.372388031333685 31.022412493824959 23.341448798775673 349.30964586138725 450.24330914020538 55.567805275321007 87.762585930526257 125.35561675578356 39.794524654746056 60.466149240732193 20.63494074344635 90.637507066130638 33.042415395379066 28.631130911409855 554.98628306761384 74.224877841770649 40.58906164765358 41.39089223742485 25.99226701259613 70.299562357366085 21.186645619571209 31.393027141690254 370.8681344203651 32.907250083982944 18.760012488812208 18.485386893153191 26.81232064217329 23.234126254916191 92.734864197671413 45.449270933866501 39.194398604333401 20.03134822845459 43.785296574234962 32.662647195160389 27.325734008103609 25.475487552583218 97.822708021849394 449.31436493247747 118.416189532727 53.130685105919838 31.166832268238068 157.74800283461809 72.685408346354961 25.704649165272713 31.182377174496651
leaf_count=174 138 155 125 173 3825 123 378 1179 699 821 1003 141 279 165 6593 113 110 175 164 107 1881 2411 261 450 645 181 356 101 459 161 146 2732 348 197 196 132 463 135 200 3120 331 190 101 133 114 424 214 182 103 203 156 153 168 454 2211 581 267 152 787 343 159 159
internal_value=6.16355e-05 -8.06116e-05 0.0298371 -0.00029008 -0.00755201 0.010254 0.000564937 -0.00567544 0.00192913 -0.00340112 -0.00497225 -0.00203051 -0.0114231 0.00400677 0.00742362 0.00367664 0.00216271 0.0101528 -0.00712047 0.00613582 -0.0167526 0.000285499 -0.000539101 -0.00281105 0.00512493 -0.00128913 0.0151334 0.0154591 8.10642e-05 0.0110242 -0.010621 -0.00258308 0.0127509 0.0231243 0.027235 0.0143257 -0.00215219 0.0225177 -0.0142403 -0.016791 0.00685431 0.039415 -0.0220435 0.00119296 0.00494611 0.0130635 -0.0107997 -0.000605604 0.00122876 0.0184728 0.0138088 0.0199524 -0.00532012 0.0269805 -0.00596696 -0.000666907 -0.00317115 0.00258856 -0.000778902 0.00985392 0.0209611 0.0304351
internal_weight=7202.3 7180.07 49.6574 7130.41 751.631 141.345 6378.78 1143.58 5235.2 1467.59 1386.79 1183.29 447.533 3767.61 2151.5 735.757 714.91 384.499 330.411 348.126 373.675 674.002 1616.11 299.389 211.626 257.402 100.261 73.8587 790.658 187.029 61.6735 700.02 145.034 114.814 90.7246 67.3832 113.377 43.0773 469.579 438.186 67.3178 34.4105 203.502 1469.44 964.562 392.068 72.2616 572.494 549.26 319.807 276.021 243.359 52.8012 190.558 504.882 529.229 490.034 371.618 340.451 182.703 129.572 103.868
internal_count=38800 38626 280 38346 4719 894 33627 7569 26058 7641 7263 6159 2402 18417 10494 3757 3644 1968 1676 1793 2022 3590 7923 1512 1062 1358 537 380 3901 952 307 3442 710 545 435 328 721 258 3979 3779 659 328 1104 7224 4752 1905 347 2847 2733 1558 1355 1199 321 878 2472 2630 2448 1867 1715 928 661 502
is_linear=0
shrinkage=0.05


Tree=67
num_leaves=63
num_cat=0
split_feature=88 47 46 19 96 66 47 1 78 32 44 44 40 14 96 97 16 38 41 71 5 10 72 41 59 20 45 48 41 44 72 32 8 60 59 47 72 54 60 41 87 20 60 60 3 53 16 34 40 21 32 71 50 77 3 23 51 32 9 95 32 25
split_gain=18.3823 17.0952 21.5078 20.636 18.7458 16.1419 21.1463 19.1586 18.7351 14.7226 17.2822 19.8534 27.7323 21.2384 19.5215 15.9532 15.8011 15.7801 15.8341 14.7196 15.0771 14.4601 14.4173 15.2511 16.4682 19.6651 20.9151 15.7513 15.6372 15.1168 18.0623 15.408 14.2924 14.8388 14.1387 17.6705 14.1111 14.0737 13.1999 18.6827 13.1154 17.9248 13.6512 14.655 12.8813 12.6167 14.6358 12.5083 12.3348 18.1721 16.531 14.2449 13.6266 14.2137 13.6224 17.9178 18.5232 14.5276 12.2593 17.8776 22.0336 16.5164
threshold=1.5000000000000002 -2.3406375300723012 -0.98595528528963949 0.50225225225225234 43.078805170606735 2.9196428571428572 2.0652320935894846 10.687500000000002 5.7772546214689706 0.74147617202634653 1.2307619228248707 -0.80369063128431428 1.6581484703494276 0.30258683538584763 6.2029484398464882 3.7458826719696292 0.86025234352807511 0.51099428486843179 1.2182356427945649 0.77350670709221692 0.80982519590114543 0.66676237595880139 -3.1668821098451052 0.74158640263296904 36.500000000000007 0.0955232392358141 -1.2873062402843096 0.42189577717864218 0.74967204787502428 -0.54062998405097706 0.77497474747468731 0.83830956625074282 0.3488455988455989 309.50000000000006 22.500000000000004 3.2847266756805644 -0.64163333333339745 1.2978848300561949 127.50000000000001 0.885294254879465 0.64106391293891296 0.11796331435800128 272.50000000000006 197.50000000000003 1.3152220195039626 1.386000814945173 0.82160893287653869 1.4340790118449527 2.0112454750952407 0.019704911667637357 0.95045413632272335 0.66830569267366691 1.1944554911901968 1.8743301621929471 1.6084328648408424 1.064828720385101 0.52740516257287029 0.78471275559883169 1032.5000000000002 312.50000000000006 0.72564832384566735 0.7846464426014842
decision_type=2 2 2 2 2 2 2 2 2 2 2 2 2 2 2 2 2 2 2 2 2 2 2 2 2 2 2 2 2 2 2 2 2 2 2 2 2 2 2 2 2 2 2 2 2 2 2 2 2 2 2 2 2 2 2 2 2 2 2 2 2 2
left_child=1 2 3 -1 5 -3 8 34 9 58 11 12 -11 38 19 47 -12 48 21 20 -14 -19 -2 24 25 -24 -27 -28 -25 36 45 37 33 44 35 -8 -30 -32 -13 -40 -23 -42 43 -43 -26 -31 -47 -15 49 -17 52 -50 53 -51 55 -55 57 -57 59 -7 61 -61
right_child=22 4 -4 -5 -6 6 7 -9 -10 10 16 13 14 15 -16 17 -18 18 -20 -21 -22 40 23 28 32 26 27 -29 29 30 31 -33 -34 -35 -36 -37 -38 -39 39 -41 41 42 -44 -45 -46 46 -48 -49 51 50 -52 -53 -54 54 -56 56 -58 -59 -60 60 -62 -63
leaf_value=0.061096128752675539 0.043875616370580441 0.024692644067672419 -0.02563220309861225 -0.015257518803213174 0.034093167510514548 0.0033168957950482081 -0.0013569087880977368 -0.030546876811182472 -0.043983345562300998 0.036668715586959687 -0.0036695110609841156 -0.042095260774320971 -0.026023236427012687 -0.0162875247942958 0.017980777522457841 0.034725365760316568 0.045247070874527555 -0.043148407957029594 0.022941418244367486 -0.031501894177827817 0.025360458119333292 -0.012398666668875589 0.050140034069547583 -0.044056677720326412 0.015170882580445062 -0.024219694046406497 0.034381566306351474 0.00081078589510506977 0.019570147507410235 -0.0029808100316992881 -0.0035298241762975729 0.024980847990936701 0.041916781007086096 -0.034428417263595731 -0.013587536491371352 0.046283812967535393 -0.0077455942360018584 0.023334610620906068 -0.027433005391340137 0.0087204225919882174 0.028987099859917764 -0.0001644033267668057 0.020045122674203799 -0.05314341625807726 -0.01758155711790475 0.0018339562238653768 -0.034801162181841733 0.0091310841220497499 0.028748269399063959 -0.018998488575760933 -0.030661022685855882 0.0057367723789521763 -0.011368401045697486 -0.0038125523924074315 0.048254037334238262 0.050447683951705992 0.065698001803830328 0.0023435411415230578 -0.0062977009718701493 -0.011062815366941321 -0.056306534868075797 0.015219015749241234
leaf_weight=15.483346603810785 23.207188930362463 60.153448831290007 138.50840740278363 20.243947193026543 38.134533349424601 1250.9350089728832 126.41641479730606 101.49160572886467 24.346651893109083 92.759993433952332 25.693440124392509 38.4892543181777 23.144490711390972 180.40509499981999 122.44872903451324 43.621555730700493 45.125589434057474 25.497325569391251 50.511676527559757 48.734556078910828 36.769415870308876 199.43375241011381 47.531288459897041 18.604606334120035 86.825443539768457 29.787418536841869 91.689263872802258 56.924852438271046 190.41951555013657 349.26895900815725 261.35588399320841 89.022324051707983 19.322463117539883 31.182707294821739 243.52463039383292 22.868494477123022 62.520965673029423 59.795663863420486 70.122564874589443 72.397496543824673 57.480964042246342 31.716891102492809 29.394318446516991 22.312253199517727 45.676735330373049 41.799653254449368 76.904008537530899 65.782497175037861 137.02351346611977 37.451779186725616 37.759583242237568 133.38106754049659 105.75018410384655 114.45680932700634 25.916751079261303 20.668802209198475 21.781991332769394 65.317950755357742 1182.7730942517519 304.56465516611934 22.939403027296066 74.14618281275034
leaf_count=155 138 391 1316 230 202 6019 728 913 165 431 122 187 105 1166 573 208 259 128 231 222 167 968 232 104 474 212 439 301 897 1810 1367 470 106 157 1447 169 330 297 327 339 269 155 139 108 232 219 393 353 649 176 182 636 503 586 125 101 105 307 7147 1478 106 329
internal_value=5.68651e-05 -0.0012852 -0.0166986 0.0177709 -0.000789733 -0.00103783 -0.00132933 -0.0111795 -0.000322318 -9.96814e-05 0.00320596 0.00230331 0.013583 0 0.00428322 0.0020765 0.0274493 0.00453396 -0.00324964 -0.0111105 0.00541755 -0.00688484 0.00481764 0.0042301 0.0125232 0.021552 0.0138835 0.0215655 0.00127511 0.00202899 -0.00106837 0.00658365 0.0013436 -0.00343807 -0.00615628 0.00593365 0.0127982 0.00146225 -0.0161153 -0.00903945 -0.0041415 0.0075106 -0.0072444 -0.0221931 0.00383787 -0.00778595 -0.0218679 -0.0094743 0.00890139 0.0040141 0.000873064 0.0174223 0.00393552 0.00962177 0.0139674 0.00992642 0.0245544 0.0140097 -0.00241146 0.000367153 -0.00880588 -0.00590135
internal_weight=7189.72 5607.88 174.236 35.7273 5433.64 5395.51 5335.36 494.301 4841.06 4816.71 1981.35 1910.53 323.857 1586.67 231.097 1405.66 70.819 1159.48 416.347 108.648 59.9139 365.836 1581.84 1558.63 408.94 225.933 178.402 148.614 1149.69 1131.09 878.146 410.174 183.007 163.685 392.81 149.285 252.94 321.152 181.009 142.52 340.338 140.904 83.4235 54.0291 132.502 467.973 118.704 246.188 743.13 472.725 429.104 270.405 391.344 285.594 248.142 222.226 107.769 85.9868 2835.36 1652.59 401.65 378.711
internal_count=38800 30622 1701 385 28921 28719 28328 3257 25071 24906 9827 9446 1498 7948 1067 7095 381 5576 1998 494 272 1767 8178 8040 2153 1184 952 740 5887 5783 4556 2134 969 863 2344 897 1227 1664 853 666 1639 671 402 263 706 2422 612 1519 3578 2293 2085 1285 1903 1400 1224 1099 513 408 15079 7932 1913 1807
is_linear=0
shrinkage=0.05


Tree=68
num_leaves=63
num_cat=0
split_feature=22 88 61 47 34 3 6 32 7 9 23 97 3 19 16 31 24 31 43 17 1 39 8 52 3 62 22 5 60 46 5 8 41 61 47 60 62 46 7 7 94 46 75 33 3 39 45 57 29 4 1 46 46 14 39 31 9 43 8 62 77 38
split_gain=17.2102 17.1628 16.1581 22.7439 16.4749 22.6671 22.2208 23.7734 21.3549 19.5891 20.7017 20.3019 18.7704 18.8959 18.0972 18.6917 16.8212 21.0767 18.6337 18.2134 16.3054 15.9821 17.8627 17.7461 16.0417 15.8327 15.4011 15.0234 15.5947 21.5868 16.891 19.4282 33.1615 20.3698 18.7485 15.334 14.8018 21.587 19.1041 16.0477 21.0924 17.8087 17.5429 21.7328 24.2951 15.2602 14.7987 15.8262 14.465 15.8485 14.8394 17.2015 19.2472 14.3078 15.1701 20.601 18.1437 17.6253 14.5582 15.3617 19.3443 30.105
threshold=203.50000000000003 2.5000000000000004 43.493517908152064 -0.52435076348985266 1.4340790118449527 1.0639516407599312 0.79087122526900389 0.67455869991594286 0.35767590618336892 1457.5000000000002 1.4842724277073709 4.565084720063683 1.5067692232499603 0.087920951804799363 0.98466113947544642 1.6574130788432031 0.86842105263157909 0.96201568689173955 5.5000000000000009 0.32163382594417084 2.9375000000000004 1.1909612242332832 0.28959665518937533 696.80000000000007 1.8543360670040134 13.730725517558879 2307.5000000000005 0.9719868173258005 309.50000000000006 -1.0511237373737694 0.80402263998382872 0.016736694677871151 0.66167821130147775 8.4962210675484204 -1.0919703517012129 253.50000000000003 29.607534007673532 0.50090616945623523 0.21461949265687585 0.090703414232826005 48.500000000000007 -0.40468811758625028 17.500000000000004 6616.5000000000009 2.056297724836138 1.2408252298928351 -1.6123386585966135 0.23833991403725061 0.63294625777140134 1.2479440512301991 7.5803571428571432 0.44420985408326796 -0.58502260428303321 0.69636663666366649 1.662667624521073 0.7944487467240694 2323.5000000000005 5.5000000000000009 0.062828947368421068 2.7352579524191398 2.115681808953668 0.19644200682065888
decision_type=2 2 2 2 2 2 2 2 2 2 2 2 2 2 2 2 2 2 2 2 2 2 2 2 2 2 2 2 2 2 2 2 2 2 2 2 2 2 2 2 2 2 2 2 2 2 2 2 2 2 2 2 2 2 2 2 2 2 2 2 2 2
left_child=-1 2 4 -4 9 6 -6 -8 14 12 48 -12 20 25 16 21 17 -7 19 -18 -2 -16 23 -23 -25 -14 -10 28 29 -22 -30 -32 -33 -34 -35 -29 37 38 39 40 41 -17 43 44 -43 -39 -41 -48 50 -50 -11 52 -52 54 58 57 -57 -56 59 -54 -61 -62
right_child=1 -3 3 -5 5 8 7 -9 26 10 11 -13 13 -15 15 36 18 -19 -20 -21 27 22 -24 24 -26 -27 -28 35 30 -31 31 32 33 34 -36 -37 -38 45 -40 46 -42 42 -44 -45 -46 -47 47 -49 49 -51 51 -53 53 -55 55 56 -58 -59 -60 60 61 -63
leaf_value=0.039477538471134707 0.02910434906307216 0.0088642841150300047 -0.0062648928789792134 0.063262135914009296 0.033905302585273599 -0.014449207054124936 -0.029679878385606352 0.025490218155880914 0.052859138511575823 0.017930551753184497 -0.019945693700023776 0.046657432846989401 0.0078644946958063688 0.010194272472101563 0.0084152403007474643 -0.031950662632569057 -0.018018058437508061 0.026145672368391094 -0.038641078957538211 0.045318475021043352 0.045512116898219483 -0.0042839821532741056 0.014268485405410697 -0.04521276873274159 -0.0064684208317838015 -0.044304797143117608 -0.0019462572460159169 -0.043397987912912994 -0.013811389374446058 -0.00090866016282295048 -0.022432375665201121 -0.041021568045848222 -0.0020799066906754204 -0.0047207994147649398 0.050445231621326948 0.0072754275118771528 0.018302018768015956 -0.055774227752073524 0.032132086797002968 -0.051442519027062664 0.034563370872797997 0.023847160477706741 -0.019335461794965269 0.050273264961289504 -0.024416440015330082 -0.009368036905119996 -0.016459954439497378 0.023511557610781469 0.019374259770369162 -0.033384055176136761 -0.029863494960026566 -0.029506367483761922 -0.030788321017755332 -0.033441547285871891 0.0061427312587050342 -0.017434631659724465 0.030733430705018078 0.070301828300892918 -0.01817773065607883 -0.015959409422774531 0.080205858108231498 -0.0018775527292923607
leaf_weight=27.476347539573908 40.793358497321606 496.85114642605186 23.302176851779222 23.379025429487228 112.65340044349432 39.207590710371733 37.194046381860971 40.874854288995266 33.528446204960346 36.294367626309395 17.807554017752409 31.288729920983315 27.165867809206247 540.94005878642201 65.741735003888607 37.515130527317524 24.155286863446236 168.69152658432722 31.175232771784067 21.145133391022682 25.172362368553877 70.912364833056927 33.873946383595467 102.80733612179756 36.561951890587807 30.801156103610992 20.426238134503365 43.834904652088881 501.17899937182665 2744.0108473971486 56.543580248951912 25.229578129947186 55.867418218404055 20.198848642408848 62.442424118518829 22.340562418103218 108.80258364975452 28.090309709310532 47.499225325882435 22.228509657084942 52.685926355421543 62.93988486379385 51.097739547491074 32.988958902657032 44.321052320301533 48.71501686424017 111.70439782738686 31.636473007500172 68.52308364585042 17.816079620271921 105.90550222620368 155.01181731373072 21.515593137592077 43.475475009530783 21.270376082509756 64.758487693965435 27.86082362011075 21.878442257642746 183.65962713584304 26.964221358299255 21.350374720990658 23.057205989956856
leaf_count=332 240 2520 152 112 554 236 209 209 163 222 120 168 142 2663 340 199 125 865 149 110 187 323 168 571 209 151 106 223 2552 14367 286 125 279 118 288 112 527 139 229 129 250 295 241 172 213 249 525 167 426 117 1043 1225 167 321 157 399 146 131 1225 164 113 135
internal_value=5.33438e-05 -9.80575e-05 -0.000768467 0.0285098 -0.000976605 0.00359086 0.0197069 -0.000734624 0.00127205 -0.0023422 -0.00908712 0.022407 -0.000912872 0.00728017 -2.95298e-05 -0.00322665 0.0110817 0.0184626 -0.00891595 0.0114705 -0.00227835 -0.0134042 -0.0193008 -0.0247364 -0.0350964 -0.0197985 0.0320531 -0.00264049 -0.00219111 -0.000483253 -0.00873847 0.00278165 0.0115277 0.0211584 0.0369119 -0.0262302 0.00140397 -0.00180742 0.00201451 -0.00118029 0.00607107 -0.000478471 0.00567924 0.0148358 0.00385353 -0.0264558 -0.0135375 -0.00759282 -0.0109377 0.00840371 -0.0131629 -0.0147467 -0.0106601 -0.0061815 -0.0032876 0.0103773 -0.00287375 0.0388773 -0.0100157 0.00607104 0.0172801 0.0375659
internal_weight=7175.14 7147.66 6650.81 46.6812 6604.13 1519.17 190.722 78.0689 1328.45 5084.96 888.438 49.0963 4196.52 598.907 1274.5 990.123 284.375 207.899 76.4757 45.3004 3597.61 309.897 244.156 210.282 139.369 57.967 53.9547 3556.82 3490.64 2769.18 721.461 220.282 163.738 138.509 82.6413 66.1755 680.225 571.423 494.617 447.118 281.549 228.863 191.348 140.25 107.261 76.8053 165.569 143.341 839.341 86.3392 753.002 716.708 561.696 455.791 412.315 135.768 92.6193 43.1488 276.547 92.8874 71.3718 44.4076
internal_count=38800 38468 35948 264 35684 7672 972 418 6700 28012 6279 288 21733 2956 6431 4946 1485 1101 384 235 18777 1611 1271 1103 780 293 269 18537 18202 14554 3648 1096 810 685 406 335 3335 2808 2420 2191 1370 1120 921 680 508 388 821 692 5991 543 5448 5226 4001 2958 2637 833 545 288 1804 579 412 248
is_linear=0
shrinkage=0.05


Tree=69
num_leaves=63
num_cat=0
split_feature=66 88 47 31 47 1 78 61 59 47 25 8 95 72 38 39 45 9 29 38 49 23 38 34 54 32 77 53 23 10 6 23 44 8 77 54 29 3 35 46 22 54 30 49 5 44 78 34 4 32 30 48 77 14 97 49 52 14 10 6 49 38
split_gain=16.3806 16.1661 15.1291 19.6904 16.8878 19.2228 16.4233 15.0058 14.3817 14.5195 13.7809 15.8613 15.784 13.2741 12.898 19.5872 22.8108 28.2188 21.6469 17.6681 20.8464 21.2411 16.9325 16.8105 27.1179 30.2976 16.7211 26.1464 16.5998 19.0107 18.6782 18.4733 17.3714 27.5911 19.3673 19.2071 16.2618 19.7692 16.1282 15.4585 15.3159 14.8102 14.8815 14.427 13.9314 13.8675 14.2426 13.4107 19.9304 21.1289 15.4913 13.2702 17.2725 17.1189 16.5499 15.6087 14.2431 13.9231 13.745 17.5259 13.2412 13.1963
threshold=2.2410714285714293 1.5000000000000002 -2.3406375300723012 0.23606076466293191 2.0652320935894846 10.687500000000002 5.7772546214689706 43.493517908152064 22.500000000000004 3.2847266756805644 0.02913660028240023 0.07419919919919922 387.50000000000006 -3.1668821098451052 0.24149189397838397 0.89419538740606386 -0.47794232421019384 726.50000000000011 0.58929289736811874 0.063219691640106782 0.87842156186595088 0.89059783293169581 -0.41762731060146419 1.0894546200664712 0.58451246107751431 0.60617990932951582 2.598260642689787 0.62906440470438219 0.79506397642534543 1.0623042389425768 0.95024752475247531 2.0475692529992209 -0.073931675189942508 0.073350071736011491 2.4201330239219385 1.0274034093485389 0.50611885126383582 1.9219242100985474 1.411984470002198 -0.2288500190443582 1561.5000000000002 0.55766064521746639 0.83509229051257916 0.21197892942290447 0.97580487804878058 1.165128931997627 -0.60534761057446296 1.1865905463958761 0.98165849821191065 0.59958677685950423 1.320137347089809 -0.46394390908829075 2.2168381498267866 0.44798685651697706 10.29335511982571 0.8468893093237394 692.85000000000002 0.3586671978147053 1.3442145711838396 0.8089919173776382 0.38366357835145742 0.53127964895635682
decision_type=2 2 2 2 2 2 2 2 2 2 2 2 2 2 2 2 2 2 2 2 2 2 2 2 2 2 2 2 2 2 2 2 2 2 2 2 2 2 2 2 2 2 2 2 2 2 2 2 2 2 2 2 2 2 2 2 2 2 2 2 2 2
left_child=-1 2 3 -2 6 8 7 10 9 -6 11 -4 14 -3 15 18 17 22 -12 26 21 -21 -17 41 25 39 36 -28 47 30 31 32 38 -34 35 -35 37 40 -30 -25 43 -16 -43 -19 45 -18 -47 -26 50 -50 -49 55 53 57 -54 -31 -55 -53 59 -57 -29 -33
right_child=1 13 4 -5 5 -7 -8 -9 -10 -11 12 -13 -14 -15 23 16 44 19 -20 20 -22 -23 -24 24 28 -27 27 60 29 51 -32 61 33 34 -36 -37 -38 -39 -40 -41 -42 42 -44 -45 -46 46 -48 48 49 -51 -52 52 54 56 -56 58 -58 -59 -60 -61 -62 -63
leaf_value=0.044085527290655915 0.046432958122266998 0.042424089494572242 -0.046650113356863011 -0.020552621220743809 0.00053781223585370531 -0.029365355130242844 -0.0410285199915447 0.033274709717043285 -0.012231101547589161 0.042656648201762626 0.011732901809263355 -0.00068531705613547329 0.029812500623132617 0.0038341115380579431 -0.026377640163537254 -0.013324961321378613 0.0050370072779815983 0.0040498545284046754 0.066787290273398872 0.053539504501019956 -0.026587398976184021 -0.0048507499109715123 0.019794520931335803 0.018354767208376848 0.033815363579788614 0.041688651575863725 -0.043806105448329039 0.054139611170415131 -0.036440613385939041 -0.065786734273317202 -0.026991530362019296 -0.042598574183129713 -0.0039049089249789202 0.061823808831379029 0.082369661643465958 -0.00082152612348120502 -0.032565471574597042 -0.038536319034046224 0.013217658756476937 -0.042940225091605194 0.03035454216387052 0.025384618366659707 -0.0057732139199716329 -0.043871984371590851 -0.025346879368754346 -0.00096042954048899769 0.040195122642116131 0.018128367923689437 -0.012588386379452721 0.028806481015989545 -0.031764165290989674 0.0095209385263128003 0.0010474314985923472 0.053599817438566594 -0.024795962944381994 0.010182929143738259 0.0081499453464275711 -0.028892046568639418 0.0035122107122039256 -0.049579400073986028 0.00041855011294014797 0.0033933424238728398
leaf_weight=20.955786649137735 11.643086813390253 22.540516506880522 33.711948107928038 160.02393877878785 130.75809402763844 98.911730382591486 24.151633761823177 33.994139403104782 247.52450544014573 24.214855190366507 78.923086825758219 42.697285879403353 44.854325905442238 1551.7777984850109 84.907035518437624 53.415336038917303 1217.5986559949815 50.100811321288347 23.132805578410625 30.573057848960161 30.258434254676104 31.323342762887478 137.19333666935563 21.352297596633434 49.600509699434042 82.034385800361633 18.624834813177586 22.02329994738102 21.052712932229042 18.795930005609989 37.82676000520587 23.070329606533051 37.376219809055328 23.404869273304939 27.10573872178793 25.191610127687454 166.62093709036708 42.311780236661434 71.782999984920025 19.566651411354542 32.541416432708502 39.40021325647831 1234.0620992667973 22.666655115783215 35.231652997434139 32.595773871988058 57.909020267426968 22.307846523821354 44.679875247180462 98.034278556704521 50.212439488619566 54.683472022414207 108.73177963122725 27.38792423158884 142.76125121116638 17.027716901153326 47.225076146423817 41.193346463143826 47.901163641363382 42.382733199745417 24.218128845095634 47.159868642687798
leaf_count=174 116 137 217 1584 751 913 166 181 1473 173 409 264 222 8013 489 252 6021 260 110 169 189 172 654 125 266 397 96 103 132 103 203 102 198 127 125 128 1030 215 348 89 191 219 6595 158 188 158 298 115 226 486 264 260 535 132 673 106 245 198 256 236 142 223
internal_value=4.89088e-05 -8.02121e-05 -0.0013458 -0.0159559 -0.000879805 -0.0096183 1.44815e-05 0.000219859 -0.00474706 0.00717448 -1.21106e-05 -0.0210649 0.000325198 0.00439246 4.3024e-05 0.00295324 0.00186242 -0.00573071 0.0243141 -0.0123008 0.00729113 0.0239497 0.0104849 -0.00230634 0.00187528 0.024163 -0.0170771 0.00596715 -0.000553976 -0.00392183 0.0058774 0.0104061 0.0179661 0.0311187 0.0484591 0.0293118 -0.0218502 -0.00970813 0.00187557 -0.0108666 0.00185281 -0.00615742 -0.00480336 -0.0108486 0.00560748 0.00644688 0.0253329 0.0103872 0.00495175 0.0158121 -0.0163441 -0.00954444 -0.00527338 0.00699095 -0.0136068 -0.0237812 0.0249494 -0.00694396 -0.0163229 -0.0323785 0.0261737 -0.0116828
internal_weight=7163.24 7142.29 5567.97 171.667 5396.3 501.409 4894.89 4870.74 402.497 154.973 4836.75 76.4092 4760.34 1574.32 4715.48 2107.26 2005.21 661.871 102.056 471.263 92.1548 61.8964 190.609 2608.22 1249.85 122.953 379.108 64.8663 1126.9 862.062 313.971 276.144 205.914 113.078 75.7022 48.5965 314.242 147.621 92.8357 40.9189 105.309 1358.37 1273.46 72.7675 1343.34 1308.1 90.5048 264.835 215.234 142.714 72.5203 548.09 421.983 170.49 251.493 126.108 74.613 95.8768 107.312 59.4105 46.2414 70.2302
internal_count=38800 38626 30476 1700 28776 3310 25466 25300 2397 924 25119 481 24638 8150 24416 10815 10296 3631 519 2725 530 341 906 13601 6298 611 2195 341 5687 4330 1586 1383 1058 578 380 255 1854 824 480 214 609 7303 6814 418 6665 6477 456 1357 1091 712 379 2744 2043 835 1208 701 377 458 598 342 245 325
is_linear=0
shrinkage=0.05


Tree=70
num_leaves=63
num_cat=0
split_feature=91 29 35 44 72 66 10 71 39 69 29 95 46 40 38 2 40 97 19 57 39 25 5 62 62 41 40 9 60 38 38 25 60 59 14 32 59 57 39 2 59 17 19 19 29 43 75 52 77 38 46 14 19 41 67 41 41 52 5 60 44 52
split_gain=17.3478 18.2798 17.1255 19.2866 16.4316 14.7753 14.0559 13.8536 15.1871 17.0951 16.2042 14.9715 18.1639 13.8342 13.0319 13.632 12.727 15.1343 14.8637 16.7186 13.4896 13.0595 12.398 12.3727 22.0728 15.2976 18.0886 14.7392 13.8268 12.4988 13.4243 12.1842 12.1321 17.5413 12.4075 24.0695 12.9759 16.3604 16.4572 12.0913 13.7544 11.9288 16.4513 13.7408 19.7258 16.5809 16.1248 22.8554 20.6531 19.9976 18.705 16.4954 15.1818 18.4779 12.5621 12.2196 12.1941 12.6449 15.2809 11.8206 15.3021 11.5067
threshold=1.0000000180025095e-35 0.27855097472833906 2.549975214041456 -0.061214574898733179 -2.6297282447036188 2.9196428571428572 1.1509644954675839 0.60474456732019588 0.95363926012148847 6.5000000000000009 0.60272645216098553 167.50000000000003 -0.20103725112414567 1.3272932485122104 0.64004689331770226 24.875000000000004 1.6529886492292509 51.64217187500001 0.24037037037037037 -0.48929967711770989 1.1186390811090716 0.36158655704204107 0.50217391304347836 12.546298056155509 10.297485167940954 0.87292291752677642 2.3259487015133158 1182.0000000000002 241.50000000000003 -0.18396878021826216 0.87287637583813749 0.15845320381094716 309.50000000000006 53.500000000000007 0.27671905717007439 0.74858304780812712 4.5000000000000009 0.34841186968052412 1.9934524957671618 6.3660714285714297 19.500000000000004 1.5839722648176549 0.97241248097412492 0.52440476190476204 0.39704057801780768 6.5000000000000009 13.500000000000002 555.70000000000016 2.4831883248556457 -0.14710298533827945 0.017487290099797801 0.41836284381360672 0.68599439775910376 0.8348102250544519 1.0000000180025095e-35 0.83990038500062614 0.67345957391562739 1092.6750000000004 0.73753932770326225 219.50000000000003 -0.57056590440566746 2084.0750000000003
decision_type=2 2 2 2 2 2 2 2 2 2 2 2 2 2 2 2 2 2 2 2 2 2 2 2 2 2 2 2 2 2 2 2 2 2 2 2 2 2 2 2 2 2 2 2 2 2 2 2 2 2 2 2 2 2 2 2 2 2 2 2 2 2
left_child=-1 2 3 -2 -3 -6 -4 8 10 -10 11 -7 -13 -11 -15 61 22 18 23 -20 31 -19 -9 24 25 27 28 -18 -27 -25 59 -21 34 -34 35 -22 -36 -38 -39 -33 -41 42 43 46 -45 -46 47 -24 49 51 54 -49 -47 -54 -51 -52 -48 58 -58 -31 -61 -16
right_child=1 4 6 -5 5 7 -8 16 9 13 -12 12 -14 14 15 -17 17 21 19 20 32 -23 41 29 -26 26 -28 -29 -30 30 -32 39 33 -35 36 -37 37 38 -40 40 -42 -43 -44 44 45 52 56 48 -50 50 55 -53 53 -55 -56 -57 57 -59 -60 60 -62 -63
leaf_value=-0.004758008007872884 0.044253751700503802 0.018075501383360379 -0.033071031328517776 -0.0031037729151520538 0.027152167886363883 -0.015214038322007493 0.021440506007467608 0.021409374852136575 -0.0072100756066889315 -0.01422668886961044 0.058221825125139903 -0.0029924384928281928 0.058018172442012787 0.0096234087058170784 0.00041120479700248487 0.035278401925760816 -0.0066099795043987695 -0.061121154269290767 0.026727133223141426 -0.054341676863410328 0.037428513025143745 -0.01196375262477304 0.033663269634459474 0.0017418692534594577 0.030873960819387099 0.020854120437638742 -0.028898976856747541 -0.046935784635336243 -0.017231182412817042 -0.050146899789015487 -0.0045059872729648256 0.02310269626970218 -0.013415991839071859 0.01915418409214133 -0.018497262777281868 -0.022442264758880195 -0.00054049790202478595 0.029092239276857359 -0.012516276948045727 0.011423981750636365 -0.032202638860004427 -0.036053952117189418 0.044149272152658368 -0.054831718987992772 -0.00915983465015981 -0.014448907669951617 0.051946710686619324 0.0090095240877272626 -0.03148106806332205 0.061551066081556298 -0.025471171002028406 -0.051391756934947033 0.060685338488601429 -0.0010819171979975937 0.013773538220043969 0.014444522930112792 0.00082777214772011473 -0.010444517904584439 0.043942810843667385 0.014684474354045221 -0.03540596431722047 -0.026674040403441408
leaf_weight=1615.3971571139991 71.017336677759886 131.91602868959308 24.125064253807068 30.52234211564064 50.317523188889027 32.350411035120487 22.926151990890503 81.683260776102543 389.26449244096875 92.506099715828896 23.520607519894838 23.322911761701107 25.121653325855732 863.33885150030255 532.89184165745974 26.141284056007862 48.962414536625147 20.568995572626591 52.064974330365658 19.213342219591141 59.193638648837805 40.215956196188927 42.462610192596912 55.262682020664215 39.60687717795372 84.321047212928534 39.721530124545097 42.688187472522259 32.982913713902235 60.807112760841846 55.571380402892828 20.68141021579504 297.43877127766609 47.806344069540501 83.891266360878944 23.22859850153327 834.89718382433057 95.239373654127121 31.399132795631886 25.402866847813129 60.907794266939163 21.052267707884312 22.386969991028309 19.72686954960227 275.36293866857886 24.375115320086479 25.26978612318635 19.268361397087574 59.982684049755335 23.749775152653456 35.489160500466824 26.743347708135843 27.512620769441128 21.278722319751978 33.537276908755302 41.357590068131685 37.787580251693726 37.252765640616417 45.600994013249874 21.86526882648468 49.075293526053429 42.201846588402987
leaf_count=8864 342 698 124 150 331 211 107 420 2335 546 121 132 123 4705 2953 151 241 106 254 106 294 179 210 284 194 459 214 287 183 315 288 96 1510 235 458 107 4477 509 168 128 320 110 109 100 1513 121 132 95 304 122 194 147 134 114 173 216 183 246 212 100 243 320
internal_value=-0.000197767 0.00112958 0.0184255 0.0299801 0.000652192 0.000214434 -0.00641459 -4.50073e-05 0.00315528 0.0021557 0.0217377 0.010996 0.0285969 0.00450064 0.00568781 2.75357e-05 -0.00212021 -0.00415377 -0.00346499 -0.0011217 -0.00203305 -0.0287533 0.00282211 -0.0107433 -0.00371736 -0.00925704 0.000188814 -0.0254777 0.0100974 -0.0190672 -0.0252307 -0.0177164 -0.000684895 -0.00888726 0.00182206 0.0204881 0.000343809 0.00199459 0.0187345 -0.0110481 -0.0193063 0.00100678 0.00196964 0.000772832 -0.00630212 -0.00352604 0.00686479 -8.87068e-05 -0.00608952 0.00235009 0.0121327 -0.0260243 0.0175921 0.0336982 0.0337408 -0.0039334 0.0203569 0.0136611 0.0244895 -0.0339244 -0.0198978 -0.00157198
internal_weight=7161.78 5546.38 148.591 101.54 5397.79 5265.87 47.0512 5215.56 2050.66 1946.34 104.316 80.795 48.4446 1557.08 1464.57 601.235 3164.9 2243.01 2182.23 1651.36 1599.3 60.785 921.881 530.865 288.283 248.676 157.025 91.6506 117.304 242.582 187.319 126.205 1473.09 345.245 1127.85 82.4222 1045.43 961.536 126.639 106.992 86.3107 840.197 819.145 796.758 368.256 348.529 428.502 282.591 240.128 180.146 134.134 46.0117 73.1665 48.7913 57.2871 76.8468 145.911 120.641 83.3886 131.748 70.9406 575.094
internal_count=38823 29959 723 492 29236 28538 231 28207 11597 11010 587 466 255 8675 8129 3424 16610 11755 11470 8662 8408 285 4855 2808 1578 1384 856 528 642 1230 946 650 7758 1745 6013 401 5612 5154 677 544 448 4435 4325 4216 1982 1882 2234 1461 1251 947 705 242 369 248 295 410 773 641 395 658 343 3273
is_linear=0
shrinkage=0.05


Tree=71
num_leaves=63
num_cat=0
split_feature=22 0 35 47 22 35 48 77 59 4 49 29 59 16 26 63 7 43 66 78 60 21 40 19 19 75 41 39 46 95 19 8 59 59 59 9 23 41 40 32 71 22 26 48 22 50 17 29 26 54 53 46 97 21 77 95 59 47 19 19 48 54
split_gain=15.9803 16.2101 15.8667 16.3496 20.1171 15.4246 12.7489 18.4854 16.4535 15.2664 14.3177 12.4958 12.1245 18.6513 13.0378 11.6024 12.93 11.8524 11.8027 12.5657 12.0693 11.488 11.2908 16.191 18.4555 21.4212 15.3646 15.3473 16.6244 17.3489 14.7472 23.0545 32.1189 18.6222 27.051 20.762 20.4096 16.3186 16.1925 15.9263 15.1361 18.1792 14.946 15.4703 14.704 17.3763 17.3207 14.0882 14.0472 15.235 16.9638 17.7231 14.4443 14.171 14.8123 13.9941 16.447 13.7896 14.6781 18.9076 16.3266 14.5209
threshold=321.50000000000006 90.000000000000014 1.2001224739742808 -1.4256532972115628 786.50000000000011 0.820386668590391 0.3939363907240408 2.5158324989073124 43.500000000000007 2.1849654045742848 1.2097410124872692 0.48920406241715658 38.500000000000007 1.4852251057852641 -0.49882001898820011 1.0000000180025095e-35 0.12415559686267399 9.5000000000000018 2.598214285714286 5.7772546214689706 271.50000000000006 0.79843750000000013 1.6781215556605262 0.97467948717948727 0.54408172329558091 13.500000000000002 0.90037608997970398 1.5367557567791248 0.21543696096524326 185.50000000000003 0.24037037037037037 0.32173123486682814 11.500000000000002 33.500000000000007 51.500000000000007 1026.5000000000002 0.9291116257791503 0.76165968130347916 1.6989186801165472 0.95694289951798306 0.66170170365186742 1480.5000000000002 0.50025536261491321 0.7260796546781505 721.50000000000011 0.91155176086695844 0.070647653000594182 0.61121657091699444 -0.64978014827667785 0.73099361452027689 1.118800353236127 -0.25071345611412049 12.175189270330245 0.18770973154362419 2.1676263637561886 349.50000000000006 43.500000000000007 -2.3406375300723012 0.97467948717948727 0.90940656565656575 1.4163355867915723 1.1456670689646156
decision_type=2 2 2 2 2 2 2 2 2 2 2 2 2 2 2 2 2 2 2 2 2 2 2 2 2 2 2 2 2 2 2 2 2 2 2 2 2 2 2 2 2 2 2 2 2 2 2 2 2 2 2 2 2 2 2 2 2 2 2 2 2 2
left_child=-1 2 5 4 -4 -2 7 12 10 21 -9 -10 -5 14 -14 16 -3 18 -17 22 -21 -8 23 24 25 44 -27 28 29 -28 38 40 -33 36 35 37 -34 -35 -24 -40 57 -42 43 -43 45 -20 -46 -44 -26 52 -51 53 -50 54 -52 56 -53 -32 59 60 61 -59
right_child=1 15 3 6 -6 -7 9 8 11 -11 -12 -13 13 -15 -16 17 -18 -19 19 20 -22 -23 30 -25 48 26 27 -29 -30 -31 31 32 33 34 -36 -37 -38 -39 39 -41 41 42 47 -45 46 -47 -48 -49 49 50 51 55 -54 -55 -56 -57 -58 58 -60 -61 -62 -63
leaf_value=0.015201385344140492 0.013211733956997318 0.0067184233588322324 0.0098182494532518191 0.0091989096361394917 -0.020230501374608596 -0.01671729099917954 -0.0049287654813153616 -0.0088490146359824582 -0.016742311883564256 -0.044567533805086962 -0.040395475230214514 0.029261192345210619 -0.043566178954267426 0.025797444910197795 -0.0031575853132573407 0.040389400713806048 -0.047564787815616558 0.02845740423827341 -0.0049444167103963243 -0.036039601323547568 0.018356501536811558 0.034346342332427303 -0.052636479529106994 0.037777282702674241 0.034635078600020665 0.035062191751068346 -0.016424953245099117 0.043740760322746236 -0.030053879368615279 0.043800116464241028 -0.021948047477427502 -0.025648128299590525 0.085979916545983706 0.048697404952141109 0.051379095825412627 -0.04223307779917896 0.026064488462099491 -0.012027226642677254 -0.0071262411670994924 0.033580342706542504 -0.0093293004068470756 -0.012103163809147893 0.033287444541153635 0.030431976322282197 -0.03888155545778172 0.035774485632197706 0.0018936215894085244 -0.0085349373920130586 4.4055085569305409e-05 -0.0208157673677862 0.042084125746502304 0.027721125562775506 0.041234632716550465 -0.028620794566512609 -0.018458068621732614 -0.028384974350053244 -0.010310758706360099 -0.0021164371150690629 -0.02599176875538238 0.028288866950816966 0.043622775234256006 0.011949922587582984
leaf_weight=164.65694573894143 49.152376648038626 19.180407576262951 73.390423629432917 708.89015405625105 227.87754338607192 333.98654231801629 847.8399569131434 127.65997698903084 23.448054611682892 23.838666215538979 50.370037004351616 39.103686705231667 21.104287683963776 54.569045163691044 351.11725184321404 19.331797957420349 25.020475763827562 41.152660243213177 43.329485088586807 40.920231908559799 13.366582222282885 18.910265408456326 18.675269968807697 37.858673341572285 24.645712710916996 119.60264718905091 21.584353260695934 23.863335978239775 31.536631267517805 26.370154343545437 47.189871601760387 34.159246254712343 23.511640414595604 20.539360016584396 32.903530370444059 23.067230492830276 36.937960185110569 23.575148969888687 585.90005558356643 24.921987779438496 608.26420175656676 109.21735659241676 72.333631943911314 26.442062765359879 28.563151720911264 65.344050884246826 283.66485261172056 27.603412631899118 62.381386987864971 159.87682035192847 17.953164771199226 95.661485847085714 32.398610815405846 72.202163737267256 22.735491883009672 19.803621955215931 40.136166863143444 486.40747864544392 34.979984786361456 93.05968689545989 25.706585574895144 294.0532131716609
leaf_count=1085 312 106 346 3495 1862 2026 4641 629 116 121 250 192 125 264 1695 120 147 195 208 335 100 98 100 195 124 635 118 124 166 129 433 197 133 96 177 155 197 121 3107 129 2991 602 380 155 162 299 1544 160 402 848 89 494 154 412 128 96 215 2584 178 467 159 1500
internal_value=-0.000189081 -0.000552589 -0.00336966 -0.00195106 -0.0128931 -0.0128622 -0.000494142 0.00251973 -0.0100606 -0.00515696 -0.0178202 0.0119374 0.0051898 -0.00145814 -0.00547319 0.00150515 -0.0239344 0.00178855 0.00150891 0.00131552 -0.0225451 -0.00406225 0.00165131 0.00561114 0.00458195 0.0103221 0.0228535 0.00865697 -0.00185413 0.016611 -0.000184556 0.00189599 0.0182471 0.0276285 0.0142996 -0.00383591 0.0495545 0.0161788 -0.00686787 -0.00545197 0.000148236 -0.00475886 0.00701888 -0.00375929 0.00366832 0.0195038 -0.00183181 0.0216888 -0.00215636 -0.00390546 -0.0079267 -0.000228249 0.0142055 -0.0153206 0.00817023 0.0106922 0.0164444 0.00437278 0.00570989 0.0069514 0.00447891 0.00317777
internal_weight=7153.85 6989.19 2951.26 2568.12 301.268 383.139 2266.85 1376.26 240.582 890.589 178.03 62.5517 1135.68 426.791 372.222 4037.93 44.2009 3993.73 3952.58 3933.25 54.2868 866.75 3878.96 1229.51 1191.65 643.859 222.957 103.354 79.4911 47.9545 2649.45 2019.95 194.694 160.535 100.085 67.1817 60.4496 44.1145 629.497 610.822 1825.26 843.861 235.596 135.659 420.902 108.674 312.228 99.937 547.795 523.149 428.369 268.492 94.78 112.891 40.6887 155.601 135.798 981.397 934.207 899.227 806.167 780.461
internal_count=38823 37738 16172 13834 2208 2338 11626 6766 1187 4860 879 308 5579 2084 1820 21566 253 21313 21118 20998 435 4739 20563 6542 6347 3385 1172 537 413 247 14021 10685 1076 879 549 372 330 217 3336 3236 9609 4288 1297 757 2213 507 1706 540 2962 2838 2282 1434 556 629 217 805 709 5321 4888 4710 4243 4084
is_linear=0
shrinkage=0.05


Tree=72
num_leaves=63
num_cat=0
split_feature=66 91 48 48 77 78 20 95 60 22 7 77 49 20 49 19 19 5 62 54 19 32 5 47 20 44 54 69 7 24 26 18 50 16 69 38 43 46 60 32 32 5 32 32 16 9 32 25 50 60 97 49 77 1 7 10 20 20 5 38 25 16
split_gain=15.1823 14.6141 13.1267 12.7388 12.13 11.6724 12.4503 11.4756 12.5952 18.5837 16.1799 16.7347 19.4998 22.8482 21.3349 15.6434 19.414 14.3938 18.0732 16.3965 15.8303 14.5074 14.7925 20.8783 15.4175 22.5435 17.7589 13.7696 14.6604 18.456 13.6486 17.725 21.9063 24.5446 20.9389 16.5853 18.1072 24.3218 17.2208 27.3916 24.6856 26.4103 20.67 18.4059 29.0517 35.428 16.9518 17.926 18.2771 16.2681 16.103 16.7543 15.6732 18.9427 15.4877 15.5254 15.2593 19.1856 19.1177 15.1393 24.1466 15.0886
threshold=2.9196428571428572 1.0000000180025095e-35 -0.77539922763826574 0.3939363907240408 2.2411607628600922 1.0000000180025095e-35 0.35160160160160164 387.50000000000006 309.50000000000006 643.50000000000011 0.47213622291021679 1.9723132456667651 0.83008308548011056 0.18127053669222346 -0.88356548653895739 0.55618686868686884 0.60097087378640779 0.72982836851450006 8.086928149471083 1.3774562645953445 0.35859310910582448 0.91402049731182811 0.89303051317614435 -1.3635540662826151 0.32799692622950821 0.28107024988213697 0.71430462574227482 9.5000000000000018 0.099504950495049524 0.71052631578947378 0.45571762763176005 0.55622089155023302 0.98242234550739804 1.0296625168134794 8.5000000000000018 -1.0581887431231483 6.5000000000000009 -0.22391553544491036 35.500000000000007 0.26057176891006556 0.43403539564136323 0.92876658860265426 0.24264069264069268 0.67984375000000019 0.64923445535296886 1375.5000000000002 0.58380149812734095 0.45460696272604262 0.8970521345524215 278.50000000000006 3.021145576263236 -0.81640361742058898 2.1638880474282547 8.2232142857142865 0.018350168350168353 1.4774086140190648 0.34556677890011228 0.12933094384707292 0.48749218261413391 0.81621871373515387 0.31029706753271574 0.78833124677811339
decision_type=2 2 2 2 2 2 2 2 2 2 2 2 2 2 2 2 2 2 2 2 2 2 2 2 2 2 2 2 2 2 2 2 2 2 2 2 2 2 2 2 2 2 2 2 2 2 2 2 2 2 2 2 2 2 2 2 2 2 2 2 2 2
left_child=-1 2 -2 4 5 -4 -7 8 9 10 11 12 13 -3 -15 17 -17 18 20 21 -10 22 23 -19 26 -26 -25 -20 -29 -30 31 35 -33 34 -34 -11 38 46 40 42 -37 -42 59 56 -45 54 -38 48 -48 52 -32 -52 53 -39 -46 -56 57 -41 -59 -40 -61 -60
right_child=1 7 3 -5 -6 6 -8 -9 15 30 -12 -13 -14 14 -16 16 -18 19 27 -21 -22 -23 -24 24 25 -27 -28 28 29 -31 50 32 33 -35 -36 36 37 49 39 43 41 -43 -44 44 45 -47 47 -49 -50 -51 51 -53 -54 -55 55 -57 -58 58 61 60 -62 -63
leaf_value=0.022541536096385057 -0.016753095230229248 0.01939998126363171 -0.00059878276395970644 -0.008979507649194883 -0.0064378792230892967 0.022421861385416266 -0.0040443516483656145 0.021622982081406811 -0.0019706686414485328 -0.025281528905074242 -0.025805306443286324 0.012643290797810659 0.030922839933751192 0.017509841272541352 -0.036305843711892792 -0.041737829953554663 -0.0076128161342487143 -0.030977248678985627 -0.026783834989769696 -0.017689625844143748 0.047498032058757383 0.051513031926531373 -0.010979330096983122 0.075079345838771516 -0.0086162261489153378 0.051933882136843301 0.022601125280416579 -0.033670825172998006 -0.017771541512363813 0.02951439453821313 -0.014915184151769519 -0.030124941517719148 -0.0061883203860104985 -0.013458300993503812 0.071331205177617776 -0.019517060033958492 0.010115998745674995 -0.013463697091229597 -0.0078468785032890891 -0.022590233726514169 0.031369676418758319 -0.031385890296970149 0.069836466931783192 0.026684683294885644 -0.024949483016609323 -0.027722941992333296 -0.042396289649379831 -0.070076090997252344 0.02480499022652545 0.05798895529396482 -0.00079551775868698783 0.011079927337516761 0.0034946432547681063 0.038285826337390375 0.0077040778492005043 0.055922634203669733 -0.019327024350085143 0.053377668871874819 -0.02127220947035376 -0.0029793469649903905 0.076160658967013115 0.0085561346290974755
leaf_weight=72.65641051158309 195.93482466042042 41.242163218557835 304.02175160497427 535.79183368384838 343.70587671548128 150.77154199033976 62.529810413718224 65.346709027886391 46.402299962937832 66.244549199938774 33.967790216207504 726.04443732276559 31.948824793100357 23.474130757153034 82.769075080752373 45.936638660728931 451.84775428473949 19.183073237538338 105.91102839261293 48.171535663306713 24.571937277913094 23.451432503759861 60.238209120929241 24.811543293297291 54.378572523593903 21.273727066814899 47.300190597772598 26.756465800106525 36.513941653072834 46.996761180460453 102.69589450955391 121.8403621353209 16.080690398812294 99.65923560783267 18.592306040227413 46.991957392543554 52.685570482164621 21.839132860302925 51.954826179891825 98.216537915170193 117.37210369110107 19.396119698882103 16.941869683563709 87.863544717431068 31.379701163619757 116.10196707397699 20.984847232699394 18.150720167905092 19.278061874210835 22.425234168767929 542.18063513562083 654.69885141029954 158.07909988984466 89.096061076968908 145.18539052084088 18.843667395412922 357.02648212388158 17.883128263056278 60.576712626963854 20.740211330354214 17.708828613162041 140.57524855807424
leaf_count=487 1476 193 1524 3006 1715 732 299 325 256 370 157 3451 151 113 377 229 2363 134 529 247 142 120 317 115 267 99 221 132 186 223 684 825 105 627 112 294 306 100 312 560 659 124 92 554 165 817 126 98 97 104 2745 3396 811 451 800 84 2247 118 426 146 90 792
internal_value=-0.00018101 -0.000415527 -0.00463143 -0.00292644 0.000834997 0.00567702 0.0146415 0.000809455 0.000556848 0.00176454 0.00798678 0.00926268 -0.00438788 -0.0120867 -0.0243631 -0.00426205 -0.0107797 0.00126721 -0.00671565 0.00895509 0.0151282 0.0141011 0.0101962 0.0178688 0.0242605 0.00839078 0.0408056 -0.0139141 -0.0014944 0.00878292 3.81877e-05 -0.00246246 -0.0147804 -0.000813617 0.0353209 -0.000738015 0.000180513 0.0095007 -0.00256533 -0.004784 0.0116614 0.0224169 0.0192741 -0.0071956 0.00129942 -0.00585087 -0.0103706 -0.0289195 -0.0101144 0.0170939 0.00406295 0.00569661 0.013646 0.0280502 0.00712637 0.0133046 -0.0122341 -0.00423249 0.00398296 0.00967665 0.0334442 -0.000407903
internal_weight=7143.24 7070.58 1592.76 1396.82 861.029 517.323 213.301 5477.83 5412.48 4328.74 939.446 905.479 179.434 147.485 106.243 1083.75 497.784 585.961 287.152 298.808 70.9742 250.637 227.185 166.947 147.764 75.6523 72.1117 216.178 110.267 83.5107 3389.29 2089.71 256.173 134.332 34.673 1833.54 1767.3 402.539 1364.76 1181 183.76 136.768 107.346 1073.65 399.374 311.511 111.099 58.4136 40.2629 291.44 1299.58 1196.88 269.014 110.935 195.409 164.029 674.278 317.252 219.035 90.4039 38.449 201.152
internal_count=38823 38336 8752 7276 4270 2555 1031 29584 29259 23679 4442 4285 834 683 490 5580 2592 2988 1468 1520 398 1273 1153 836 702 366 336 1070 541 409 19237 12412 1669 844 217 10743 10373 2093 8280 7203 1077 783 640 6563 2420 1866 627 321 223 1466 6825 6141 1362 551 1049 884 4143 1896 1336 548 236 1218
is_linear=0
shrinkage=0.05


Tree=73
num_leaves=63
num_cat=0
split_feature=72 75 66 29 44 5 78 1 10 4 62 72 0 29 50 7 32 30 17 9 1 4 44 44 46 51 46 32 47 60 30 94 29 14 16 3 7 25 7 56 8 29 62 34 17 30 23 10 54 25 5 4 51 10 7 78 41 62 62 34 20 96
split_gain=14.5279 17.069 15.9396 22.2732 14.9109 26.6238 24.3642 20.6728 16.4149 17.201 20.6903 16.0927 15.1475 14.33 14.0956 13.591 14.8923 20.2465 14.7563 13.1309 16.0959 21.749 17.0362 15.1291 14.6317 22.8445 19.4767 18.3768 14.7575 14.7892 13.8472 14.4918 14.2931 18.8662 16.6408 24.9149 16.1403 19.6479 15.2644 20.0049 26.7268 18.269 31.4352 19.6163 22.8124 18.7842 18.1532 20.2138 22.2017 19.8049 16.4637 16.727 14.9704 15.8105 14.7441 14.3724 13.8201 13.6095 13.9475 13.3582 13.34 13.057
threshold=-2.1337534347917164 1.5000000000000002 4.4732142857142865 0.41353569199679047 0.81286220669732301 0.56350832266325235 -0.86295988438243743 6.4732142857142865 1.2779890244696459 0.76568143704850378 6.0594950150433613 2.5159611135660325 90.000000000000014 0.47525464286528019 0.94194507626235324 0.016461184121392771 0.68199436222692045 1.7864805135145203 0.2370015557193155 900.50000000000011 15.598214285714286 0.71880643513935294 0.0069063856803364939 -0.62140724101484157 -0.13530418145636822 -0.2040276036499041 -0.10375565946704148 0.27042925278219404 1.0073598472826752 343.50000000000006 0.85901152165276129 56.500000000000007 0.42173642625924862 0.42565519846069838 0.54811120721430906 0.92635139906493624 0.10994505494505495 0.75207848226896223 0.0857864357864358 1.5000000000000002 0.3874259381171824 0.60612071592623706 8.3622143006919725 0.81688163767011301 0.25792559287666411 2.3896978538116396 0.63192870454316519 0.83287046990088631 0.61212203967704648 0.055592347314201623 0.81520675855935976 1.2036618066029832 -0.35099839248342973 0.92572078567471572 0.058292880258899685 -2.1722213883208048 1.2121715218299911 27.898657230992566 13.286195415546166 0.92976255194613744 0.40651483050847464 26.9908443327048
decision_type=2 2 2 2 2 2 2 2 2 2 2 2 2 2 2 2 2 2 2 2 2 2 2 2 2 2 2 2 2 2 2 2 2 2 2 2 2 2 2 2 2 2 2 2 2 2 2 2 2 2 2 2 2 2 2 2 2 2 2 2 2 2
left_child=-1 -2 3 -3 19 13 7 -7 9 10 -8 -10 -9 -6 -15 -14 18 -18 -17 20 30 22 -22 24 25 28 -26 -28 29 -21 -4 32 33 61 35 -34 52 -38 39 40 41 42 55 44 -44 54 -40 -48 -49 -50 -51 -52 -35 -54 -43 -36 -41 58 -45 -57 -37 -32
right_child=1 2 4 -5 5 6 8 12 11 -11 -12 -13 15 14 -16 16 17 -19 -20 23 21 -23 -24 -25 26 -27 27 -29 -30 -31 31 -33 34 36 38 60 37 -39 46 56 -42 45 43 57 -46 -47 47 48 49 50 51 -53 53 -55 -56 59 -58 -59 -60 -61 -62 -63
leaf_value=0.0089941956323952976 -0.024261509668843283 -0.0073213105602025312 0.023694441431023453 0.016019748000969416 0.0014103127926164589 -0.050351901325733563 0.029080410787620137 -0.018421057955247844 -0.0073955584944136914 0.027185537534801907 -0.0260668756744677 0.039745891106335633 0.049755833499011866 0.017359757159525403 0.074002477832012012 -0.049598222720311815 0.050787292769401499 -0.0049854772529713915 0.0035640672935631154 0.035728164656363276 0.02622903841603896 0.041604069336174734 -0.034707288803859482 -0.0063075593897530926 -0.041273855176885615 -0.028345999862513745 0.033102004288844099 -0.0028688052701708079 -0.0053895400759042637 -0.0088743951044587752 -0.002655672510340198 -0.018378768930787891 0.018170840772073617 0.029783273444182329 0.023275917817613845 -0.017287484392854668 0.042138943478729325 0.0055840811351547635 -0.038619670867805843 -0.020957787094818905 0.054558409328539351 -0.019935349300261869 -0.033566940414329713 0.017396475819353267 0.02662070787103132 -0.052549201090340419 -0.012809002782520507 0.038343512817614223 -0.044637885866223886 0.0062919998849163706 -0.040658252620608244 0.012524631781541541 -0.03869551457107466 0.0099525335356288377 0.027028567514291214 -0.0010579399277590475 0.021603914288048313 0.010487384713120718 0.054616447947334459 -0.042070819362094461 -0.069251795837205754 0.035433057709480777
leaf_weight=407.22317416593432 76.099876530468464 150.81886575371027 59.107962004840374 315.19979042559862 21.539791107177734 27.201388329267502 29.702577315270901 108.51084723323584 149.16708289831877 170.32668823376298 39.477473706007004 20.49259552359581 15.972797665745018 18.906611423939466 27.304404094815254 22.588286578655243 26.08987707644701 42.566951885819435 30.334536869078875 110.90010456740856 22.137007296085358 54.444131433963776 23.532781612128019 2247.8117004968226 30.307506404817104 28.116072509437799 38.448409400880337 449.83126369863749 42.715894170105457 22.075740404427052 380.41534851118922 111.39393972232938 22.079848609864712 31.175140962004662 23.612707242369652 23.419697381556034 90.203744597733021 62.634117253124714 39.451892964541912 100.17303584888577 31.025153897702694 39.603073053061962 29.288958229124546 39.700440257787704 33.790576621890068 22.732471063733101 365.49838327988982 40.119295239448547 23.890924051403999 354.08971579745412 40.508327387273312 23.002925708889961 30.429781593382359 36.554188646376133 28.758086137473583 41.254691563546658 23.358373045921326 53.114187255501747 71.589411973953247 38.648368537425995 27.00912182033062 23.811476744711399
leaf_count=2026 378 755 296 1656 124 127 137 642 704 795 194 149 104 103 138 149 133 221 185 495 115 260 129 14561 156 205 223 2415 219 101 1771 531 109 143 123 111 428 290 187 478 163 196 150 183 159 103 1857 182 110 1624 191 104 159 163 137 189 111 237 329 174 127 109
internal_value=-0.000174078 -0.000730196 -0.000459718 0.00845514 -0.00113269 0.00547268 0.00249452 -0.00905427 0.01022 0.0186479 -0.00230932 -0.001652 -0.00445006 0.0353491 0.0510234 0.00654028 0.000785422 0.0161787 -0.0190829 -0.00204596 0.000652712 0.0202795 -0.00506829 -0.00428412 0.00200512 0.0133563 -0.00244805 -1.99344e-05 0.0200708 0.0282849 -0.000178074 -0.000794128 9.84428e-05 0.00628279 -0.00253713 -0.025905 0.0170473 0.0272046 -0.00137404 0.00495308 0.00982175 0.00650948 0.011974 0.0223724 -0.00125525 -0.0132831 -0.00549514 -0.00394218 0.0027778 -0.000450757 0.0020753 -0.0213281 0.00116948 -0.0120977 -9.49721e-05 -0.0108284 -0.0128584 0.0314636 0.0414114 -0.0209858 -0.0452999 -0.000391434
internal_weight=7131.29 6724.07 6647.97 466.019 6181.95 750.182 682.431 273.265 409.166 239.507 69.1801 169.66 246.063 67.7508 46.211 137.552 121.58 68.6568 52.9228 5431.77 2461.56 100.114 45.6698 2970.21 722.395 203.808 518.587 488.28 175.692 132.976 2361.45 2302.34 2190.94 655.224 1535.72 72.5087 250.997 152.838 1463.21 576.65 453.118 422.093 330.999 227.484 63.0795 91.0936 886.561 847.11 481.611 441.492 417.601 63.5113 98.1591 66.984 68.3612 103.516 123.531 164.404 111.29 79.9031 50.4288 404.227
internal_count=38823 36797 36419 2411 34008 3905 3540 1561 1979 1126 331 853 1434 365 241 792 688 354 334 30103 11728 504 244 18375 3814 1020 2794 2638 815 596 11224 10928 10397 3063 7334 347 1183 718 6987 2732 2143 1980 1544 1058 309 436 4255 4068 2211 2029 1919 295 465 322 333 486 589 749 512 363 238 1880
is_linear=0
shrinkage=0.05


Tree=74
num_leaves=63
num_cat=0
split_feature=22 0 35 47 22 61 72 61 72 20 3 35 71 5 62 47 26 66 7 49 51 45 4 14 49 40 54 45 39 41 61 61 97 23 6 29 32 9 22 19 44 56 62 9 5 60 49 8 46 40 17 39 8 44 20 49 39 46 17 39 54 46
split_gain=14.1841 13.8675 14.1588 14.0255 17.9485 22.0209 13.9832 18.9735 15.0288 14.8221 13.9902 13.8243 13.5597 12.2097 12.9892 11.6644 19.0064 14.0622 19.5147 17.1758 14.3282 11.8941 14.6313 15.0147 11.8737 11.4983 14.8977 12.3057 12.3046 11.2563 12.9952 16.0483 18.1021 18.5685 20.6312 15.1003 14.2781 16.3448 15.3579 13.7036 16.2724 15.9008 19.1532 24.6696 16.317 18.361 14.4708 14.3963 16.5639 14.1899 22.381 17.1603 22.5358 16.4798 17.0716 19.898 16.1643 16.1202 14.4177 13.7633 13.5965 17.6807
threshold=321.50000000000006 90.000000000000014 1.2001224739742808 -1.4256532972115628 786.50000000000011 7.8755214541120386 1.7018845638530533 17.142297726360358 -2.6297282447036188 0.31287650602409645 1.1888194527901297 0.820386668590391 0.6823890800999165 0.40991803278688527 7.0681753554502373 1.6163664484766105 -0.61142398233197792 7.5089285714285721 0.41240409207161127 -0.80615021946595711 -0.28483857280855807 1.308474080681993 1.6147139334670682 0.41677631749802196 -1.0709753131144226 1.5669855598266604 1.6200356703258059 -1.6998013915243781 0.93695517983770216 0.44481386843954956 8.9719369983340922 11.449483334383467 15.503917967554335 0.74610801447463371 0.88863049095607238 0.27855097472833906 0.82369652406417126 2382.5000000000005 1206.5000000000002 0.24037037037037037 -0.22907502240427369 1.5000000000000002 26.721222161640735 808.50000000000011 0.58476052249637167 25.500000000000004 0.63203679090003406 0.013638658588435376 1.0824400355342847 1.9548374801700399 0.7247194161148437 1.8643384259072411 0.18933143669985777 -1.0439349553127835 0.50146198830409372 -1.0290324971261355 1.2571077139342826 0.7651107627724214 0.1677204844638287 1.5652720122350889 1.1581562022418115 -0.26167567267409703
decision_type=2 2 2 2 2 2 2 2 2 2 2 2 2 2 2 2 2 2 2 2 2 2 2 2 2 2 2 2 2 2 2 2 2 2 2 2 2 2 2 2 2 2 2 2 2 2 2 2 2 2 2 2 2 2 2 2 2 2 2 2 2 2
left_child=13 2 11 4 5 -4 8 12 -3 10 -9 -2 -8 -1 -15 21 -17 19 -19 -18 -21 25 23 24 -23 26 28 -27 -5 -10 35 32 33 34 -32 -31 37 -33 -38 40 -37 47 44 -44 -43 -46 -42 -41 49 50 57 53 -53 -51 55 -55 -52 58 59 60 61 -49
right_child=1 6 3 15 -6 -7 7 9 29 -11 -12 -13 -14 14 -16 16 17 18 -20 20 -22 22 -24 -25 -26 27 -28 -29 -30 30 31 36 -34 -35 -36 39 38 -39 -40 41 46 42 43 -45 45 -47 -48 48 -50 51 56 52 -54 54 -56 -57 -58 -59 -60 -61 -62 -63
leaf_value=-0.027491682342232877 0.012506329808838824 0.020046209194661102 -0.026307834282073429 0.031695248349709569 -0.019031625102941159 0.030423452344882335 0.03059883255662393 0.039629302748325802 0.026168143817625857 -0.035805580574610855 -0.010884201604149418 -0.015820187212625205 0.0057664713336397257 -0.012887827939958893 0.025800812697306941 0.038782815280432009 -0.011009600909716994 -0.025572429604113725 0.037111431426946791 0.053280070367231737 0.00032203441161627959 0.026053132391773454 -0.019460936225792286 0.038672717265667338 -0.029640593087230511 0.027806288844661176 0.040678134608978962 -0.0027382439519708542 0.0014406695335694112 0.021969942879962196 -0.037539654508443307 -0.0039387891523290043 0.035510622755087901 0.014177962852900459 0.024663878944389594 -0.0014517806936335761 0.020200095132895265 0.028170016624117451 -0.0039696284698293892 -0.013687161341628016 -0.027574503453010303 0.0070373287821979165 -0.019708393609397808 0.031288022660413743 0.0062795038781885016 -0.027180861789046475 -0.00028915298107118809 -0.019577954485590757 0.040569968412584805 0.058309126168433437 0.053482753378817006 -0.017588908786098045 0.026415395465391213 0.058095906585897632 -0.024427491577716176 0.012412324314462545 0.0050909236221856327 -0.042871087597700801 -0.0097897191559893713 0.036611849918587527 -0.023865766162797286 0.031691544674764184
leaf_weight=15.532818261533974 49.248639449477196 96.069079123437405 26.956875696778297 37.805929847061634 223.73178758099675 46.209894847124815 122.0043583996594 20.961274318397045 40.590620130300522 30.875174976885319 38.953320227563381 330.5122087970376 101.13867388665676 26.173356812447309 121.09393982589245 20.080534569919109 129.31958696991205 167.18715370073915 13.262561351060866 22.208042502403259 30.33121869713068 19.720673181116581 23.495375402271748 65.097764916718006 18.395412564277649 33.681000508368015 31.702722959220409 1345.5526435859501 300.57023794203997 59.203056059777737 40.980936393141747 875.98780923336744 70.060127098113298 201.48430262878537 19.551974207162857 228.71319634094834 164.14439683407545 41.386445328593254 109.02251127362251 130.20444008708 176.37274033948779 65.491293031722307 40.516193389892578 56.690964858978987 50.395181968808174 213.81688269227743 67.574189350008965 26.103895448148251 29.948488868772984 23.577729672193527 27.853702135384083 92.264735031872988 42.335754591971636 28.188365440815687 25.004779227077961 155.94160056114197 45.848056510090828 27.932811446487904 315.46038018167019 34.800329897552729 37.432905271649361 46.499161850661039
leaf_count=89 312 524 123 187 1862 223 626 112 214 159 212 2026 535 157 839 127 663 1235 88 108 160 98 138 321 113 164 157 6601 1466 277 225 4766 344 1124 121 1153 785 280 651 687 1047 330 185 272 249 1119 378 163 187 112 146 502 220 138 130 841 227 203 1693 189 197 243
internal_value=-0.000166231 -0.000508438 -0.00312199 -0.00178069 -0.011996 0.00944629 0.00139789 0.0115292 0.000538379 -0.00769619 0.00674135 -0.0121312 0.0193737 0.014417 0.0188868 -0.000435074 -0.00839465 -0.0110332 -0.0209196 -0.00118974 0.0228608 0.00118502 0.0159717 0.024097 -0.000701913 0.000110253 0.00793746 -0.00198676 0.00484408 1.75112e-05 -0.000279078 0.00321763 0.0129359 0.00686939 -0.0173581 -0.00288101 0.000501852 -0.00248187 0.0105376 -0.0036243 -0.0110583 -0.00130313 -0.00948308 0.00998279 -0.0152387 -0.0207798 -0.0200401 0.0018984 0.00402046 0.00283289 -0.0021552 0.010476 -0.00370183 0.018696 0.0141804 0.0194609 0.0234948 -0.00604151 -0.00378685 0.00925093 0.000526887 0.0131876
internal_weight=7119.25 6956.45 2935.07 2555.31 296.899 73.1668 4021.38 313.933 3707.45 90.7898 59.9146 379.761 223.143 162.8 147.267 2258.41 382.389 362.309 180.45 181.859 52.5393 1876.02 126.709 103.214 38.1161 1749.31 370.079 1379.23 338.376 3611.38 3570.79 1522.62 332.077 262.017 60.5329 2048.17 1190.54 917.374 273.167 1988.97 472.66 1516.31 426.911 97.2072 329.703 264.212 243.947 1089.4 959.193 929.244 561.931 367.313 134.6 232.712 209.135 184.13 73.7018 488.229 460.297 144.836 110.036 72.6031
internal_count=38823 37738 16172 13834 2208 346 21566 1644 19922 483 324 2338 1161 1085 996 11626 2381 2254 1323 931 268 9245 670 532 211 8575 1810 6765 1653 19398 19184 8296 1814 1470 346 10888 6482 5046 1436 10611 2578 8033 2155 457 1698 1368 1425 5878 5191 5004 3061 1943 722 1221 1109 979 373 2688 2485 792 603 406
is_linear=0
shrinkage=0.05


Tree=75
num_leaves=63
num_cat=0
split_feature=39 39 46 95 69 46 61 48 47 4 4 78 44 41 46 57 94 50 32 9 40 47 48 22 40 48 85 14 48 54 33 1 50 57 1 6 62 77 77 32 57 59 16 18 42 19 16 4 95 33 42 59 35 37 3 40 20 10 1 23 23 23
split_gain=14.8839 17.3074 18.382 17.7465 15.2721 15.6174 20.0869 24.6262 21.7231 19.7978 17.1518 17.0381 21.985 23.3972 21.7674 20.6886 17.2676 21.411 17.4008 16.3736 20.9943 15.9257 25.4942 15.5256 15.2605 15.7461 14.755 14.7405 14.6277 20.1403 16.1144 13.9474 13.6221 13.2592 13.0026 12.9397 12.6381 12.5985 12.4611 20.288 12.1452 11.8711 11.7468 19.1012 16.2783 11.7464 11.7335 11.4564 11.1478 10.92 17.6623 12.5294 11.1332 15.7684 13.973 17.1923 13.0596 16.7798 14.5042 11.7877 14.8138 11.5949
threshold=0.89419538740606386 0.84559106917403171 0.017487290099797801 289.50000000000006 4.5000000000000009 -0.35169652265547896 23.080325414812954 -1.1397774953543556 0.73498327779089212 1.598125641903458 1.4739996395097335 0.16015075471697343 0.051644516903181815 1.0007145310147465 -1.1127543959825921 -0.14673483542666052 50.500000000000007 0.953779693354462 0.66566866267465075 1032.5000000000002 1.9375609161793375 -1.1320731243112447 -1.0743024475524783 2092.5000000000005 1.1888194527901297 -0.2694768598753427 -0.15719305986731169 0.48191940729254168 -0.32857045130993157 0.86248498367594262 1874.5000000000002 11.187500000000002 0.78211743041362436 -0.33101526046171914 9.4375000000000018 0.51683501683501698 5.4344048412169679 2.1512328944727934 1.7872794423706251 0.28800719054956353 0.080830593866387079 58.500000000000007 1.067918923641447 0.71470099667774101 1.5000000000000002 0.095695970695970703 0.80198063380281703 0.91023294367590624 387.50000000000006 995.50000000000011 4.5000000000000009 45.500000000000007 1.1928755785618503 1.0000000180025095e-35 0.84862934522335076 1.5563279267350769 0.14909495077802479 0.78483664394079589 10.687500000000002 0.70468956242874303 0.79195289834850358 1.414266867696947
decision_type=2 2 2 2 2 2 2 2 2 2 2 2 2 2 2 2 2 2 2 2 2 2 2 2 2 2 2 2 2 2 2 2 2 2 2 2 2 2 2 2 2 2 2 2 2 2 2 2 2 2 2 2 2 2 2 2 2 2 2 2 2 2
left_child=1 2 -1 -3 41 9 26 -8 23 10 11 12 13 14 -6 46 17 18 32 20 -16 22 -17 31 -14 42 -7 33 29 -19 -30 34 -13 -10 -9 -21 -11 -34 39 -28 -22 -2 45 44 -44 -26 -15 -37 49 50 51 -40 53 -51 56 -56 -55 61 -59 -57 -61 -58
right_child=4 3 -4 -5 5 6 7 8 27 36 -12 16 24 15 19 21 -18 28 -20 35 40 -23 -24 -25 25 -27 38 -29 30 -31 -32 -33 37 -35 -36 47 -38 -39 48 -41 -42 -43 43 -45 -46 -47 -48 -49 -50 52 -52 -53 -54 54 55 59 57 58 -60 60 -62 -63
leaf_value=0.019600764063554071 -0.0045662236895914277 0.016841431415178094 -0.020628576853341182 0.069436365551370241 0.043579288500900919 -0.0045440426969917116 -0.037385923508229162 0.031195080228453617 0.02108587025158154 -0.04958856104909911 0.033212658978302889 -0.037433757265015591 -0.063823401410625355 -0.040356632643539329 -0.017263013316944981 0.05631615163436679 0.029424064500293903 0.048386374919953574 0.035169597141651167 0.01319784526999992 0.0062284226768407024 0.056758404199440116 -0.013386031351436515 -0.014752476664053417 0.028000252222478136 -0.041781207824579475 -0.027327008457683669 0.038538233887137313 0.00020385845060982553 -0.016660275555873429 -0.036965701983721816 0.050690629777848641 0.039864295622081464 -0.013146791990576499 -0.0029617086820215343 -0.04507482349795551 -0.0064881086649838052 -0.0092177458879224919 0.02367797608280478 0.025086169080050291 0.056975171184095043 -0.040854705654268998 -0.022782628529435758 -0.028218476838263229 0.030420031110146614 -0.017864187136762615 0.012133484061256535 -0.0079956584522136911 0.033739916982064161 -0.041547716835790421 -0.019680009568282076 -0.0037261162671066816 0.0019098690813422416 -0.025823635081643655 0.028583277843476102 -0.057891279968557842 -0.024052074390936456 0.0077451954914566122 0.05497543740292149 0.022387569255247024 -0.027500072931554827 0.025369659214855584
leaf_weight=60.273296315222979 1385.4091415554285 62.168338295072317 53.495106294751167 21.765357207506895 18.916915148496628 907.13895438611507 23.005553834140301 98.739646058529615 38.563383847475052 37.790769588202238 32.336915783584118 18.963675051927567 15.431696102023123 18.587492384016514 67.622392609715462 21.561878226697445 62.072447098791599 20.997451424598694 60.581779167056084 17.856978964060545 31.968470480293036 37.070445790886879 33.002683572471142 20.78993946313858 14.557063989341257 43.609169237315655 21.590753238648176 23.750452071428299 50.877228453755379 27.069514974951744 67.379997350275517 59.716236803680658 22.777464494109154 104.84494080394506 38.418636493384838 63.993167795240879 31.460757195949554 30.175138458609581 167.07972637936473 121.66526905074716 18.853316020220518 22.852148354053497 18.878211803734303 32.618590842932463 58.354940369725227 268.24925350025296 24.460079081356525 31.466010205447674 27.325670659542084 31.925886958837509 38.654285907745361 55.144761841744184 2168.6586824208498 26.095257565379143 17.641300402581692 21.167727656662464 35.714753724634647 34.915486689656973 30.853897981345654 19.154925297945738 64.368469849228859 17.584642730653286
leaf_count=339 7837 349 297 108 182 4769 153 471 182 263 192 97 100 118 365 189 293 99 285 84 183 193 199 109 120 236 121 115 235 123 330 302 107 526 186 568 163 151 864 626 95 138 152 196 336 1954 131 252 134 173 188 289 11135 155 90 122 226 179 178 107 378 93
internal_value=-0.000126999 0.0133958 0.000639088 0.030606 -0.000514121 0.000671961 0.00215035 0.012696 0.0157119 -0.00411852 -0.00264866 -0.00362355 -0.00754116 0.00121995 -0.00779628 0.0180318 0.00544868 0.000443522 0.0154486 -0.0120282 0.000932242 0.031466 0.0141188 0.0261208 -0.0150252 -0.0132735 0.00101893 0.00212076 -0.011482 0.0116922 -0.0209455 0.0304677 -0.00112057 -0.0038983 0.021596 -0.0256082 -0.0301178 0.0118359 0.00276116 0.0171383 0.025227 -0.00516149 -0.0100848 0.00375218 0.0173383 -0.0154766 -0.0104563 -0.032926 0.0020115 0.00169074 0.0114183 0.0168566 0.00066008 -0.00837282 -0.00438064 -0.0168332 0.00608329 0.0131338 0.0300277 -0.0245539 -0.0159862 -0.00763615
internal_weight=7120.01 197.702 113.768 83.9337 6922.31 5514.05 4214.51 407.829 384.823 1299.54 1230.29 1197.95 837.059 385.36 250.677 134.683 360.895 298.822 132.498 231.76 118.444 91.635 54.5646 217.664 451.699 436.267 3806.68 167.159 166.324 48.067 118.257 196.875 71.9163 143.408 137.158 113.316 69.2515 52.9526 2899.54 143.256 50.8218 1408.26 392.658 109.852 77.2332 282.806 43.0476 95.4592 2756.29 2728.96 260.879 222.224 2468.08 299.422 267.496 122.332 145.164 119.069 65.7694 104.691 83.5234 53.2994
internal_count=38930 1093 636 457 37837 29862 21871 2044 1891 7991 7565 7373 5653 2559 1729 830 1720 1427 640 1547 643 581 388 1068 3094 2994 19827 823 787 222 565 959 355 708 657 904 426 258 15058 747 278 7975 2758 684 488 2074 249 820 14311 14177 1341 1153 12836 1701 1528 697 831 676 357 607 485 319
is_linear=0
shrinkage=0.05


Tree=76
num_leaves=63
num_cat=0
split_feature=72 41 78 32 7 48 22 4 44 23 21 8 44 21 77 53 57 7 7 32 5 75 45 41 6 45 24 8 32 37 14 44 8 61 50 78 47 66 6 48 47 78 19 97 75 14 23 47 21 21 50 41 33 39 49 66 49 45 26 39 30 41
split_gain=19.326 14.7802 21.0562 14.3223 17.1334 15.8519 15.0801 13.9407 25.6793 20.0239 18.2678 15.2282 19.0719 17.8664 26.1739 20.6449 17.749 20.5587 22.9403 16.2041 21.6898 14.8339 14.6071 19.4319 14.2458 22.042 13.7521 13.7412 23.4622 19.6155 29.482 24.5695 17.4689 16.3132 15.9911 15.671 46.168 33.1084 24.8862 21.4616 21.3176 23.8288 19.4072 18.0279 22.5356 21.6082 19.3793 25.4084 30.1141 18.8223 20.5162 18.4974 17.2235 18.3052 19.2133 17.0985 17.0444 18.4666 16.8841 20.1307 16.0899 16.0623
threshold=2.3844249429223514 0.44481386843954956 -1.0657750929589473 -0.08633540372670806 0.65301003344481623 -0.40947888589402265 203.50000000000003 2.1849654045742848 -1.4780703458997628 1.1555263297028657 0.38266583229036299 0.3322510822510823 0.50330590124438401 0.29740897922716109 2.3379204964134703 2.1261633934229933 -0.1292965773914794 0.093836325966850834 0.061591148577449954 0.59284802043422735 0.47100840336134459 1.5000000000000002 -0.10766780993402818 0.79674770367380332 0.10948202054794522 -0.63212428189270031 0.28947368421052638 0.24025316455696205 0.64264069264069279 1.0000000180025095e-35 0.34487531242365593 -0.38597010626059863 0.23836580086580089 3.3417843388960207 1.0651066416731052 0.96834203264556773 0.031699942903452925 4.6339285714285721 0.85426779935275088 -0.48181386651321484 0.30155735987421023 -0.46150471737454285 0.88782894736842122 3.4872414969150163 21.500000000000004 0.26738390536806378 1.2256389249015656 -0.12483078293254529 0.33466666666666672 0.2310562571756602 0.93738729612845573 0.89682580995770755 1948.5000000000002 1.3653971191357408 -1.6400581543213364 8.2232142857142865 -1.4784272018522786 0.44001620466711683 -0.3666304268046533 1.1962233315504844 1.7987384066666228 0.74158640263296904
decision_type=2 2 2 2 2 2 2 2 2 2 2 2 2 2 2 2 2 2 2 2 2 2 2 2 2 2 2 2 2 2 2 2 2 2 2 2 2 2 2 2 2 2 2 2 2 2 2 2 2 2 2 2 2 2 2 2 2 2 2 2 2 2
left_child=1 2 -1 5 6 -3 -5 8 10 -9 -8 21 13 14 26 16 -15 18 -18 -16 -21 -10 23 -14 25 -12 -13 32 -29 34 -31 -32 35 -33 -30 36 37 39 52 -23 56 -42 -43 -39 45 -45 -47 48 49 50 -48 61 53 58 -55 -50 -38 -58 59 -37 -52 -46
right_child=-2 3 -4 4 -6 -7 7 9 11 -11 24 12 22 15 19 -17 17 -19 -20 20 -22 27 -24 -25 -26 -27 -28 28 29 30 31 33 -34 -35 -36 38 40 43 -40 -41 41 42 -44 44 51 46 47 -49 55 -51 60 -53 -54 54 -56 -57 57 -59 -60 -61 -62 -63
leaf_value=-0.021442863620967194 0.018880911925449384 -0.041852182297653751 0.035476144656193802 0.041323705197352782 -0.041340018836982885 -0.005941691226012907 0.038496863365164447 -0.025781855550858698 -0.024927619154524076 0.024883064773352927 -0.050074020269690635 -0.054993663232772862 0.047473525737574719 -0.0024674319734342542 -0.022238371249815474 -0.028368202792398864 0.031140349276875826 0.0049660684077414393 0.097219465336798774 0.065426565013723167 0.0065874070207332953 0.049549228094318755 0.041390360408296654 -0.015888665267552674 0.02927490562576603 0.02031701209440339 -0.013146923675579823 0.0016864723791728889 -0.070457049658239346 -0.041610883899150436 0.021371138982130503 0.015774741405324658 0.047778712615047458 -0.022197164973931375 -0.018978234512028663 -0.042220781992405428 -0.018576917989515922 -0.012620542715768021 0.011666245213482007 -0.00026825852572250221 0.015845956146975031 -0.0023921495779836263 0.029994246101180629 -0.049619223331735914 0.011735064289064831 -0.006810014263963271 -0.018705896349530921 -0.032542000724799583 0.0162610964394765 0.042357688451580409 0.053498921509119404 3.3918882177666545e-05 -0.012480171105155948 -0.04498147346726173 -0.0053788871151235441 -0.03941360097207236 0.038385118109162085 0.0054102736820132282 0.011218147645786481 0.016760705026321706 0.012083757894163157 0.054773787820432733
leaf_weight=21.892602983862162 131.20409910008311 42.2141143232584 61.376806806772947 21.660043261945248 25.343998312950134 114.06289690360427 72.352493666112423 106.834313493222 65.389266904443502 23.671116858720779 22.159622564911842 23.633891507983208 18.336948029696941 55.09605348855257 23.635308977216482 24.684999700635672 47.475842759013176 42.322539914399385 18.370042394846678 22.920328728854656 49.807500936090946 48.294412679970264 64.137401856482029 34.989644918590784 30.881057947874069 22.02335050702095 118.31953081861138 349.726536847651 27.601188965141773 62.566736444830894 71.687285963445902 36.170744210481644 18.890745520591736 126.68793405219913 34.132006697356701 34.838189736008644 21.508649595081806 476.17502240464091 219.46414314210415 38.714193876832724 400.50255371257663 573.64440621808171 50.210967719554901 25.127148970961571 48.065127454698086 916.12449522688985 45.712589409202337 37.131855458021164 20.57079953700304 61.497073665261269 28.10548247396946 101.32220933958888 653.80220232531428 32.669308349490166 481.27316699177027 40.857151817530394 136.34199874848127 62.238182909786701 315.69976377487183 24.46719528734684 143.78535152599216 40.062879383563995
leaf_count=145 763 297 322 279 132 660 356 547 320 114 100 140 105 309 157 146 261 259 107 114 241 260 307 220 144 100 663 1965 151 313 345 187 91 711 175 173 96 3633 1047 207 1876 2707 240 118 238 4929 243 169 97 305 137 509 4460 159 2363 230 641 303 1505 123 714 202
internal_value=-0.000122569 -0.0004808 0.0204437 -0.000734482 -0.000386627 -0.0156945 -0.000230687 -0.000366535 -4.38383e-05 -0.0165419 0.0205808 -0.000518901 0.00748414 0.00255309 -0.00652219 0.0140843 0.020547 0.0323072 0.0497707 0.0135499 0.0252637 -0.00126104 0.0253185 0.00585363 0.00321722 -0.0149075 -0.020183 -0.000993202 -0.00751694 -0.0164984 -0.0111389 -0.00297467 -8.51947e-05 -0.0137285 -0.0421522 -0.000265169 0.00175859 -0.00281227 -0.00407603 0.0273508 0.00937102 0.00632968 0.000210844 -0.00413855 -0.0014569 -0.00377647 -0.00287851 0.00664454 0.0109405 0.0179254 0.0109813 0.0146586 -0.00631931 -0.0017816 -0.00791426 -0.020692 0.0234943 0.0280834 0.0066097 -0.0178158 0.0189117 0.031397
internal_weight=7110.47 6979.26 83.2694 6895.99 6739.71 156.277 6714.37 6692.71 6562.21 130.505 147.417 6414.79 543.73 426.266 238.317 187.949 163.264 108.168 65.8459 96.3631 72.7278 5871.06 117.464 53.3266 75.064 44.183 141.953 5805.67 708.572 358.846 297.113 234.546 5097.1 162.859 61.7332 5078.21 3315.99 2071.55 1762.21 87.0086 1244.45 1024.36 623.855 1984.54 1508.36 1318.91 1293.78 377.66 340.528 279.1 217.603 189.45 1542.75 888.948 513.942 61.428 220.089 198.58 375.005 59.3054 171.891 88.128
internal_count=38930 38167 467 37700 36743 957 36611 36332 35671 661 700 34971 3029 2397 1315 1082 936 627 368 512 355 31942 632 325 344 200 803 31622 3847 1882 1556 1243 27775 898 326 27684 17854 11991 9830 467 5863 4823 2947 11524 7891 6942 6824 1895 1726 1399 1094 949 8783 4323 2522 327 1040 944 1801 296 851 440
is_linear=0
shrinkage=0.05


Tree=77
num_leaves=63
num_cat=0
split_feature=0 46 96 14 97 53 34 40 35 45 93 22 5 49 39 96 31 30 61 56 34 77 1 40 77 41 45 7 42 22 23 45 26 53 9 41 42 15 16 85 95 38 31 22 43 29 95 38 34 14 59 21 34 26 62 49 53 29 14 8 77 94
split_gain=14.8495 12.5198 18.241 18.0166 11.8763 12.3125 17.4722 12.4346 15.5334 20.2833 12.3498 11.522 11.3788 14.8818 11.196 12.7885 11.9277 12.3908 11.8188 10.722 15.254 15.9758 14.394 18.6995 16.8636 15.4566 19.1772 17.9749 15.9334 14.3576 16.8103 12.7975 12.3584 12.039 11.4514 14.4992 15.6423 14.4994 16.3973 15.7484 15.4344 18.0035 14.421 16.4214 13.7725 12.7036 12.0423 14.2044 10.9315 27.6108 20.4082 17.1823 18.1791 17.6579 17.3527 18.4379 20.2181 13.9916 13.5161 15.2526 13.7867 14.4934
threshold=150.00000000000003 -0.54295034182354573 43.078805170606735 0.53998250931184422 4.6838840500816561 1.0956569753606626 1.4273031450042897 1.619364742903346 1.6476291347563958 -1.1543122700048418 10.500000000000002 306.50000000000006 0.99632352941176483 -0.72153657714726749 0.95363926012148847 4.290478094730295 1.8264688233047843 1.6687223552970105 2.7144988344988348 6.5000000000000009 1.6977302611608589 2.6893548365499007 5.9910714285714297 1.480544021183126 1.8353065179392563 1.0863022999585643 -0.47794232421019384 0.026491228070175444 3.5000000000000004 1904.5000000000002 1.1016198263334471 0.014383102203239776 0.80127581031195494 0.79814699710440629 1039.5000000000002 0.60651544502072541 5.5000000000000009 0.39473684210526322 1.383183031527307 0.13059060368261785 53.500000000000007 -0.039298264966827923 1.0473446749813211 1518.5000000000002 3.5000000000000004 0.45024639699958785 358.50000000000006 1.0248213845774823 0.76031909585952473 0.40497340060069498 7.5000000000000009 0.12141687141687144 0.78816406192940913 0.10500016406275636 9.6182194616977252 -1.0923134646700807 0.98789986409665531 0.28610462629959132 0.29643832943013276 0.17411248504188276 2.3013662277370917 4.5000000000000009
decision_type=2 2 2 2 2 2 2 2 2 2 2 2 2 2 2 2 2 2 2 2 2 2 2 2 2 2 2 2 2 2 2 2 2 2 2 2 2 2 2 2 2 2 2 2 2 2 2 2 2 2 2 2 2 2 2 2 2 2 2 2 2 2
left_child=1 3 11 -1 -5 10 7 -7 9 -9 -6 -3 19 -14 15 18 17 -17 -2 20 34 22 31 24 -24 26 -25 -28 32 33 -31 -22 -29 -27 46 44 37 38 40 -39 41 -37 43 -43 -36 -42 48 -48 49 -13 -51 -50 53 -53 55 -54 -57 -56 59 -59 61 -60
right_child=14 2 -4 4 5 6 -8 8 -10 -11 -12 12 13 -15 -16 16 -18 -19 -20 -21 21 -23 23 25 -26 29 27 28 -30 30 -32 -33 -34 -35 35 36 -38 39 -40 -41 45 42 -44 -45 -46 -47 47 -49 51 50 -52 52 54 -55 57 56 -58 58 60 -61 -62 -63
leaf_value=0.0081652771833161612 0.020546439567513269 0.018646688102261791 0.039947747277105011 -0.026509577860112134 -0.048739857458015165 -0.0321265432022299 0.031339883682080218 -0.013696895163888556 -0.022300390508862896 0.057670655234242155 -0.010340016923562548 -0.027951288457363416 -0.056812460436599037 0 0.0019599835163147819 0.014667084003173115 -0.0038247649203435098 0.055712404021515088 -0.034612846155293531 -0.032001828998507897 -0.032545349011125997 -0.013585666371962513 0.070563430327882468 -0.028906286843117347 0.014296300133107183 0.069056204215935488 0.049170090641916554 -0.0011958675586362707 -0.024079836670289775 0.026716341397236939 -0.017006562167849751 0.0075607858957954105 0.045191430447543167 0.020892731797869005 0.012571655695410217 0.062436814359306508 0.038464261059535126 -0.0128621478708279 0.046720883420732745 0.0015398421181955059 -0.04706419462878049 0.02780556078581083 0.041186378576168768 -0.037349051284443616 -0.035049116621658598 -0.0013451428082063505 -0.021970126993157077 0.022383499952858238 -0.0066904501952585408 0.05037613824119333 -0.0019367613663846116 0.069708609301837338 0.039469646234053662 0.0088365495731243301 0.033335098489368296 -0.00681539760951075 0.021219063851426172 0.0053764590102910789 -0.028531831393012071 0.051452536226138462 -0.013863593840665964 0.0058497055930982478
leaf_weight=112.02451222762465 18.71038256585598 70.853255543857813 26.88850100710988 135.59371818602085 29.22762930393219 37.145800516009331 36.277856171131134 18.458068665117025 32.127148166298866 21.2102070748806 75.263482473790646 107.73804620280862 21.369815036654472 24.806102767586708 2719.3672438710928 35.980380963534117 24.759085163474083 38.622463677078485 19.875177141278982 28.26197761297226 32.96231073141098 81.877799857407808 26.220898739993572 43.634079217910767 27.629243306815624 23.716192029416561 23.209616340696812 36.943038545548916 39.835065342485905 56.750667385756969 35.620987385511398 49.524491257965565 23.174895539879799 29.687768630683422 18.851628042757511 17.07275115698576 20.40830560028553 590.50650087371469 23.103175792843103 278.82152975723147 21.415423303842545 15.522354714572428 18.091107491403818 25.109398700296879 74.189182035624981 52.557532466948032 109.88922027498484 21.404141642153263 349.43853341415524 20.391483649611473 205.41358416900039 21.491431832313538 59.308341309428215 27.142373383045197 30.447775483131409 117.07584727555513 141.96646085381508 96.635372586548328 34.215452678501606 22.069754891097546 231.43063705787063 285.46802066266537
leaf_count=667 104 510 137 1361 202 225 192 132 183 112 439 566 106 126 14638 196 119 208 107 149 158 397 133 222 141 110 113 188 194 305 183 250 112 144 144 104 109 3725 139 1617 181 102 100 185 473 401 537 103 1673 110 1048 105 273 133 140 547 684 453 160 106 1091 1358
internal_value=-0.000117552 -0.00199658 -0.00100392 -0.00945007 -0.0145854 -0.00808245 0.00130476 -0.00867077 0.00342313 0.0243859 -0.0211651 -0.00130288 -0.00169282 -0.0263345 0.00266732 0.0165633 0.0260545 0.0360296 -0.00775254 -0.0013743 -0.00112941 0.00668762 0.0103987 0.014651 0.0418668 0.00993436 -0.000432342 0.00963012 0.000358784 0.0218224 0.00980139 -0.00842537 0.0166483 0.0424642 -0.00249736 -0.00641466 -0.00475034 -0.00560497 0.0076019 -0.00823757 0.00150693 0.0173828 0.00411519 -0.0123284 -0.0253435 -0.0146941 -8.84519e-05 -0.0146898 0.00100478 -0.00713325 0.00278547 0.00292469 0.00607788 0.0359265 0.00464447 0.0143217 0.00853167 0.000236528 -0.00126531 0.0140211 -0.0045689 0.00214647
internal_weight=7094.79 4237.47 3740.14 497.328 385.304 249.71 145.219 108.941 71.7954 39.6683 104.491 3713.25 3642.4 46.1759 2857.31 137.947 99.3619 74.6028 38.5856 3596.22 3567.96 530.787 448.909 366.422 53.8501 312.572 166.797 123.163 99.953 145.776 92.3717 82.4868 60.1179 53.404 3037.18 1155.65 1062.61 1042.2 172.872 869.328 149.769 75.7956 58.7229 40.6318 93.0408 73.973 1881.53 131.293 1750.23 333.543 225.805 1416.69 1067.25 48.6338 1018.62 318.351 259.042 700.267 669.819 118.705 551.114 319.683
internal_count=38930 23558 20045 3513 2846 1485 844 652 427 244 641 19908 19398 232 15372 734 523 404 211 19166 19017 2650 2253 1845 274 1571 829 607 494 742 488 408 300 254 16367 7280 6663 6554 1212 5342 1073 491 387 287 617 582 9087 640 8447 1724 1158 6723 5050 238 4812 1504 1231 3308 3168 559 2609 1518
is_linear=0
shrinkage=0.05


Tree=78
num_leaves=63
num_cat=0
split_feature=0 87 46 14 31 47 14 78 18 47 24 14 43 78 77 1 1 60 31 20 56 15 8 54 46 97 19 46 8 1 95 52 52 47 5 23 52 46 6 7 44 44 49 23 47 40 14 17 57 97 34 46 19 41 39 39 6 41 85 48 34 45
split_gain=13.4209 11.6515 12.9932 15.1154 14.2148 11.0102 12.5803 22.979 18.8126 16.4489 16.1193 18.4986 15.8664 13.9363 19.1552 15.04 14.8937 13.9241 13.6941 13.1386 13.0197 14.8018 14.6749 14.059 18.8278 14.2233 13.3137 12.7888 13.3265 15.175 26.4991 14.1491 12.5096 11.9369 14.5401 15.5646 12.457 11.9315 11.8099 11.7431 11.5432 14.7932 11.1422 15.7802 12.579 11.0033 10.9006 10.8842 10.8513 11.8267 12.877 19.8403 12.1916 12.0691 12.3949 10.6949 11.0573 10.6598 10.5314 10.3869 11.1479 10.312
threshold=150.00000000000003 0.86366341991341999 -0.54295034182354573 0.53998250931184422 0.39658648998991797 -2.2955174011922512 0.47003522208826803 0.72792045454539733 0.8512955103864196 -0.20863603597455929 0.39473684210526322 0.44043677073478399 1.5000000000000002 0.31938749490006063 2.5262286721550491 23.000000000000004 4.5446428571428585 110.50000000000001 0.40845797024190816 0.13771551724137934 3.5000000000000004 0.76315789473684215 0.32363520947947527 1.6362654325210595 0.54185112776295496 14.303217937892862 0.40105820105820111 0.29365871260031112 0.29779113204482704 10.383928571428573 109.50000000000001 2210.3250000000003 1823.9500000000003 0.33435478706383109 0.70859704641350219 0.78459496950843211 606.70000000000016 0.16531605424331394 0.86755846917080104 0.0857864357864358 -1.1183480682213232 -0.98695726730229694 -1.2055933267938146 1.4921031469682673 0.53499660786973346 2.0565504743630751 0.56111296031504199 0.41245075879883764 -0.14283490655192729 4.6838840500816561 1.4273031450042897 -0.72444347912241713 0.90748521630874579 0.6294778552253516 1.1514585103370154 1.4493281225752717 0.87844152563778743 0.44481386843954956 -0.061381082362590177 0.59844315408548276 0.81377431679901935 -0.32925945890441949
decision_type=2 2 2 2 2 2 2 2 2 2 2 2 2 2 2 2 2 2 2 2 2 2 2 2 2 2 2 2 2 2 2 2 2 2 2 2 2 2 2 2 2 2 2 2 2 2 2 2 2 2 2 2 2 2 2 2 2 2 2 2 2 2
left_child=1 2 3 4 -1 -4 7 27 9 13 11 18 -12 15 38 16 -8 -10 58 55 21 22 23 24 25 26 45 28 29 30 -7 32 -31 34 -23 -36 -35 59 -15 -27 -14 -42 -29 44 47 -11 -41 -44 -5 -50 52 -52 53 -51 -55 56 -18 -2 -9 60 -32 -40
right_child=57 -3 5 48 -6 6 8 10 17 20 12 -13 40 14 -16 -17 19 -19 -20 -21 -22 33 -24 -25 -26 39 -28 42 -30 31 37 -33 -34 36 35 -37 -38 -39 61 46 41 -43 43 -45 -46 -47 -48 -49 49 50 51 -53 -54 54 -56 -57 -58 -59 -60 -61 -62 -63
leaf_value=-0.029353178180250818 0.031487091923925091 0.010656626696179101 -0.024979795168385652 -0.03364984517118743 0.015428315041057209 -0.031104513040332179 0.031360649117240111 -0.026355798434037403 0.052424809481168372 0.028649421536381517 0.041086825043900987 0.020388805508975774 0.0095962083325503381 0.032031261938331883 -0.022567538245329168 0.029528055389750254 0.02025569065969272 0.0097786905252400802 -0.032908061469997203 -0.0059372654297982783 -0.025664601582413793 0.035102124915452081 0.031411851570377396 0.024855897210563662 -0.037161540081808615 0.052925993244302819 -0.018914121835496272 -0.014758733773640467 -0.015899761478347606 0.019401122089569279 0.032516247233782596 -0.01461863275244531 0.058072594670495949 0.00041326734981634726 -0.043035536198562235 0.013586848108927152 0.046546268311204467 0.032555318903885161 -0.0173476988765289 0.025553364807368324 -0.037779397689193916 -0.0070714494935458982 0.036712591534469652 0.042556952717381989 -0.013030231886990793 -0.012610286253544087 -0.016591843988562918 -0.0093990254918307689 -0.024363408986881153 0.032015414741319359 0.051285615308529209 -0.012440776513318701 -0.047262675393719623 -0.047222473282394171 -0.0036740160243754318 -0.035890656088020306 -0.024501755296458986 0.0022090894365228127 0.025341462035519235 0.028378106347274674 -0.0054380644200759517 0.014893329882372006
leaf_weight=22.159973900765181 31.365763448178768 176.71148558706045 48.806881494820118 64.611786473542452 86.108704101294279 50.06685433909297 22.79567863047123 19.079217590391636 30.236703559756279 35.914714775979519 17.638785645365715 23.804532449692488 95.540932260453701 63.748684160411358 42.396279715001583 27.336225844919682 22.230723798274994 53.061506353318691 153.20737760141492 506.31712494045496 27.717943392693996 31.578565821051598 42.77007881551981 49.579899325966835 37.050133146345615 18.633133076131344 99.536416627466679 169.71164733171463 59.18848304823041 153.82618630677462 21.826338723301888 25.940677411854267 24.376696854829788 19.466910298913717 19.492884516716003 31.634304635226727 61.654427595436573 43.160057947039604 35.113799743354321 36.031905755400658 41.682487528771162 667.6053040549159 30.243866287171841 22.165040709078312 98.72365216165781 29.032861083745956 26.444812290370464 21.829931698739529 107.69930323585868 18.362589668482542 23.666907519102097 24.868690952658653 20.030883762985468 19.93899766728282 90.444660823792219 76.120281107723713 35.789284832775593 2826.8236820064485 20.152903992682695 35.928676433861256 163.88098931312561 83.219729423522949
leaf_count=168 178 934 447 482 477 248 119 125 152 180 100 153 482 310 198 169 114 264 1009 2884 141 154 225 258 210 90 499 785 282 735 101 128 119 94 95 157 310 196 165 189 219 3868 149 105 503 142 125 106 1105 111 135 133 123 133 552 428 205 15194 130 165 754 419
internal_value=-0.000112488 -0.00190227 -0.00245157 -0.0101953 0.00619786 -0.00141427 -0.00108582 -0.0037562 0.00225487 0.000950689 -0.00885478 -0.0210078 -0.00565126 -0.00319072 0.00761937 -0.00671241 -0.00821784 0.0253632 -0.0261624 -0.00963903 0.00764806 0.00937545 0.00387939 0.000311467 -0.00398357 0.00101438 -0.00741329 0.00198976 0.00652953 0.00909961 0.00219574 0.0197171 0.0247487 0.0219152 0.00845308 -0.00794541 0.0355513 0.0085203 0.0146841 0.0181546 -0.00668677 -0.00888817 -0.00565529 0.00325154 -0.00251703 0.0101376 0.00763646 0.0173053 -0.015011 -0.0110366 -0.00372841 0.0185722 -0.0110447 -0.00533866 -0.0116212 -0.0235594 -0.00726129 0.00253323 7.00345e-05 0.00380474 -0.000935253 0.00527747
internal_weight=7086.09 4227.9 4051.19 477.892 108.269 3573.29 3524.49 1959.58 1564.91 1481.61 1038.71 216.244 822.468 915.068 224.478 690.589 663.253 83.2982 192.439 640.457 566.539 538.821 374.994 332.224 282.644 245.594 164.484 920.869 578.195 519.006 314.863 204.144 178.203 163.827 82.7058 51.1272 81.1213 264.796 182.082 81.1099 804.829 709.288 342.674 172.962 150.797 64.9476 62.4767 52.0738 369.624 305.012 197.313 48.5356 148.777 128.746 110.384 134.14 58.02 2858.19 39.2321 221.636 185.707 118.334
internal_count=38930 23558 22624 3419 645 19205 18758 10462 8296 7880 6086 1417 4669 5011 1092 3919 3750 416 1264 3631 2869 2728 1918 1693 1435 1225 821 4376 2728 2446 1464 982 854 810 406 252 404 1216 894 404 4569 4087 1648 863 758 322 314 255 2774 2292 1187 268 919 796 685 747 319 15372 255 1020 855 584
is_linear=0
shrinkage=0.05


Tree=79
num_leaves=63
num_cat=0
split_feature=72 2 72 75 39 33 61 34 46 31 57 50 29 52 85 96 69 9 59 62 14 47 3 22 29 34 44 61 6 40 40 27 34 2 24 46 61 57 57 16 22 60 49 30 44 44 50 7 40 62 52 34 50 33 41 7 44 23 10 9 59 29
split_gain=16.6668 13.2534 13.5487 15.3102 14.8509 15.8116 18.8415 14.4333 13.9457 13.9877 19.4252 13.0118 12.7483 12.4581 10.8438 14.9283 12.4017 14.0061 13.4278 12.916 19.9725 21.8713 14.0463 13.9943 16.1394 16.5696 16.015 14.6946 12.633 13.1335 12.3362 15.3415 14.6819 14.6145 15.2006 15.6908 14.407 14.1924 16.1915 14.0054 15.6698 13.769 14.0887 15.7563 13.9635 14.4181 20.024 19.6623 19.6625 17.2701 22.173 22.8012 19.73 18.4418 17.8938 17.2925 19.6713 16.2515 20.9936 16.0627 16.0372 15.4023
threshold=2.3844249429223514 2.9375000000000004 -2.1337534347917164 1.5000000000000002 0.89419538740606386 1644.5000000000002 7.564667952350967 1.1486679980413166 0.045433162552411664 1.1730074336631715 0.077144298698130845 1.1633438843241957 0.51416791636043868 254.22500000000002 -0.13556977752772109 29.856830493450214 17.500000000000004 1340.5000000000002 21.500000000000004 3.5196784484664714 0.55870382800600582 -0.61011304173706671 1.006024315006351 2013.0000000000002 0.61611467713143919 1.0968492288369436 0.32164393395551744 16.150891933410669 0.97789987789987798 2.0468095343844848 2.1457348290386178 1.0000000180025095e-35 0.726549954323504 15.169642857142859 0.23684210526315791 -0.092549691328591269 7.8755214541120386 0.33737611611348178 -0.31633384538598236 0.98466113947544642 1736.5000000000002 370.50000000000006 -1.2055933267938146 2.714934528044302 -0.90106479300066888 0.37458710841333637 0.90819377593946105 0.041308211873444724 1.5669855598266604 5.9761976244534933 1092.6750000000004 1.4204162387184109 0.85263153752234933 1524.5000000000002 1.1698212443865235 0.098199935711989719 1.0077450137151196 0.96368593432879446 1.0001967076920601 996.50000000000011 43.500000000000007 0.61611467713143919
decision_type=2 2 2 2 2 2 2 2 2 2 2 2 2 2 2 2 2 2 2 2 2 2 2 2 2 2 2 2 2 2 2 2 2 2 2 2 2 2 2 2 2 2 2 2 2 2 2 2 2 2 2 2 2 2 2 2 2 2 2 2 2 2
left_child=1 -1 -3 7 5 6 -5 -4 9 -7 -11 -10 -9 -6 -15 16 19 18 -18 20 23 28 -23 24 25 26 -16 -27 -22 -30 41 32 36 34 35 -33 -32 38 -34 40 -35 42 -21 44 -44 46 57 48 -48 54 52 -52 -51 -54 55 56 -47 58 -46 -59 61 -49
right_child=-2 2 3 4 13 8 -8 12 11 10 -12 -13 -14 14 15 -17 17 -19 -20 30 21 22 -24 -25 -26 27 -28 -29 29 -31 31 33 37 39 -36 -37 -38 -39 -40 -41 -42 -43 43 -45 45 49 47 60 -50 50 51 -53 53 -55 -56 -57 -58 59 -60 -61 -62 -63
leaf_value=0.021260004128893277 0.017668109087074359 0.0083389054339035647 -0.050162548124740441 0.0078162557957034626 0.027633323179916763 -0.0094234159182964711 0.064603537495903349 -0.031776538736419307 -0.037218937833973578 0.072559168183097184 0.0012425741097102539 0.011762585690611478 0.020820814917654307 -0.0049711410988287769 -0.0078890767769626627 0.013115246819522006 0.020521289645212659 0.028573395276158056 -0.0067196909574212902 -0.0098756809508494248 -0.026271485549719392 0.036129711888821366 -0.0061326738417721736 -0.014755104139579908 -0.028543280412681084 0.069080642167384326 0.039693762381433635 0.012205807525573037 0.027703685029975507 -0.032354454655190809 0.04070957089094733 0.060739674893161226 0.025611866717168804 0.019937932052705887 0.0030946342113061876 0.0069251002198474666 -0.0079680541395327608 0.029219998215130744 -0.014723731230991452 0.0033344041843304086 0.074294746863406258 -0.020941539635403825 0.018031048356628093 -0.021827043019249377 -0.037528997048740541 0.016239804468545827 0.014758289701900058 0.01454610620217694 -0.025011297510064229 0.032092770667693053 -0.032155227249795026 0.033403629613546711 -0.013183024575750123 0.014529839246007864 0.065592382129337878 0.035599250786114894 -0.043918508260639755 -0.0082159829134465217 -0.0060141063624441589 0.032087987980281202 -0.008447854791693429 -0.010897165110521072
leaf_weight=69.545478869229555 129.33745576068759 394.03890573605895 30.378891315311193 31.562257189303637 36.737882986664772 26.331365719437599 27.513482928276062 23.096557796001434 30.829195618629456 19.519541852176189 18.890628606081009 23.866290219128132 22.71093575656414 1666.9731534048915 62.050257880240679 199.49171501770616 69.000564455986023 70.88800698146224 130.59945758059621 419.52323889359832 249.02226342260838 26.330494601279497 76.274465940892696 70.611301999539137 20.90508958697319 24.628955099731684 24.570073667913675 21.554026465862989 23.535866435617208 14.672589782625435 33.269509717822075 24.198590617626905 27.18389018252492 31.772686198353767 544.15623724833131 31.218203760683537 27.602210260927677 23.412649147212505 274.67830159515142 37.617224887013435 23.219172693789005 95.933018080890179 115.60578870773315 77.165506597608328 105.33254121243954 41.409684937447309 42.469082236289978 373.74129582569003 114.00277198851109 66.391148373484612 73.282444633543491 16.032554686069489 114.62808951735497 125.74504611641169 20.270081091672182 52.575182300060987 20.082283541560173 131.77445688843727 106.91667016223073 30.31795509532094 148.82360873371363 70.430625729262829
leaf_count=474 763 1958 153 148 333 174 141 117 196 102 111 120 106 9300 398 1077 344 419 652 2197 2077 133 390 405 156 129 166 114 197 132 170 123 146 169 2652 160 149 117 1506 203 116 505 560 378 638 222 223 2003 578 310 500 84 542 602 102 272 100 678 586 199 789 366
internal_value=-0.00010789 -0.000439813 -0.000660279 -0.00120812 -0.000942164 0.0132704 0.0344129 -0.0234781 0.00275107 0.0184774 0.0377089 -0.0157722 -0.00560179 -0.00135051 -0.00152372 -0.000252515 -0.00087049 0.00949096 0.00267788 -0.00156311 -0.00824216 -0.0150831 0.00468864 0.00362548 0.0121059 0.0185589 0.00558047 0.0427284 -0.0221625 0.00448573 -0.000369288 0.00406014 -0.00391513 0.00851644 0.00564815 0.0305812 0.0185779 -0.00814424 -0.0110675 0.0270063 0.0430729 -0.00239328 -0.00160511 0.000271182 0.00123868 6.11003e-05 -0.00314275 0.00156844 -0.0141827 0.00685792 0.00158814 -0.0203069 0.00798376 0.00129347 0.0223454 0.0145658 -0.00336516 -0.0125862 -0.0216878 -0.000631517 0.00573477 0.0104989
internal_weight=7076.25 6946.91 6877.37 6483.33 6407.14 178.513 59.0757 76.1864 119.437 64.7415 38.4102 54.6955 45.8075 6228.63 6191.89 4524.92 4325.43 270.488 199.6 4054.94 614.155 389.836 102.605 224.32 153.708 132.803 86.6203 46.183 287.231 38.2085 3440.78 1078.33 386.147 692.182 599.573 55.4168 60.8717 325.275 301.862 92.6091 54.9919 2362.45 2266.52 1847 1769.83 1654.23 1123.81 749.467 156.472 530.417 396.079 89.315 306.764 240.373 134.337 114.067 61.492 374.342 212.249 162.092 592.996 444.172
internal_count=38930 38167 37693 35735 35359 992 289 376 703 387 213 316 223 34367 34034 24734 23657 1415 996 22242 4297 2929 523 1368 963 807 564 243 2406 329 17945 5511 2088 3423 2935 283 319 1769 1652 488 285 12434 11929 9732 9354 8794 6060 3959 801 2734 2038 584 1454 1144 696 594 322 2101 1224 877 3158 2369
is_linear=0
shrinkage=0.05


Tree=80
num_leaves=63
num_cat=0
split_feature=94 22 60 19 4 30 48 44 34 52 96 48 14 4 54 24 26 14 46 23 10 44 34 54 17 32 32 23 59 8 29 61 61 51 19 34 14 4 29 31 40 38 53 44 25 6 34 34 3 10 5 96 19 37 50 17 25 51 34 8 62 23
split_gain=14.6533 14.0926 17.1838 18.1949 16.1036 16.8526 15.9321 15.3722 14.8861 14.5737 17.1859 20.7253 15.2946 17.6943 14.4477 14.2812 20.0379 14.1415 17.9101 14.0671 14.7357 14.2234 20.6 20.2674 17.008 24.022 26.2329 20.1701 20.0173 22.4216 23.2514 18.6543 17.5727 17.529 18.7962 18.9413 19.9418 23.7139 17.5906 16.2378 19.0862 23.9813 15.749 18.5639 16.0005 15.403 14.8955 14.0631 13.9945 25.6159 17.4025 17.4988 17.288 15.5186 18.5205 21.9457 23.3729 19.1652 17.6202 15.7077 14.7163 15.1618
threshold=58.500000000000007 643.50000000000011 312.50000000000006 0.55618686868686884 0.30812228014331627 0.83509229051257916 -0.49239701933968122 0.30483136888782725 0.76031909585952473 935.77500000000009 17.627604821539343 0.54817001385057107 0.55669039253867469 0.71880643513935294 0.82358073496337258 0.44736842105263158 0.73892556819764654 0.42221690335620449 -0.2906318560772268 0.53340508832441147 1.6105951984305866 -0.80369063128431428 0.88524734606832178 0.95592726620843671 0.17466211583858646 0.49857142857142861 0.61311827956989251 1.1440039015725094 43.500000000000007 0.21975609756097564 0.50866643532073963 28.979743850600553 5.2564802821882717 0.2712137696525439 0.90553289138194815 1.1527650204952014 0.54230921398102405 0.91023294367590624 0.3585128553756311 1.0848423423423426 1.9410427807486632 0.8627918898375494 2.1927443942677036 -0.55126907092844546 0.17332096986788464 0.81848688224527166 0.88132926613170037 0.76436302873337547 1.0688017968072556 1.284354552097519 0.80402263998382872 25.13687686543469 0.10473880597014927 1.0000000180025095e-35 1.2714884903889254 1.0077220843672459 0.093203890666868586 0.61559457014300223 1.1573453263817974 0.26198686371100172 6.8268164794007502 0.86022346509460113
decision_type=2 2 2 2 2 2 2 2 2 2 2 2 2 2 2 2 2 2 2 2 2 2 2 2 2 2 2 2 2 2 2 2 2 2 2 2 2 2 2 2 2 2 2 2 2 2 2 2 2 2 2 2 2 2 2 2 2 2 2 2 2 2
left_child=1 2 4 6 14 -6 -4 -8 9 10 11 12 -7 -14 -1 16 19 -5 -19 20 -3 22 23 -21 25 27 -27 28 29 -23 -31 32 39 38 35 36 -35 -38 -34 40 47 46 43 -28 -45 -30 -42 -26 49 50 53 52 -52 59 55 56 -55 -58 -57 -17 -51 -62
right_child=-2 15 3 17 5 8 7 -9 -10 -11 -12 -13 13 -15 -16 48 -18 18 -20 21 -22 24 -24 -25 31 26 42 -29 45 30 -32 -33 33 34 -36 -37 37 -39 -40 -41 41 -43 -44 44 -46 -47 -48 -49 -50 60 51 -53 -54 54 -56 58 57 -59 -60 -61 61 -63
leaf_value=0.015057390368792152 -0.016639876824623985 0.039082419421755971 -0.031139252601023938 -0.036245833670406548 0.050983607311425976 0.026957438857658111 0.0046938088427596007 0.048478062738661988 0.011642197800629807 0.03758507327865343 -0.027143350348125869 -0.01628457491515992 -0.023886534144683197 0.024230342170518171 -0.032817986382236125 -0.029875328418854666 0.038273377319091424 -0.033070288015360903 0.012580640508836264 0.054295686537937309 -0.012991812286280614 0.073573864046448043 -0.021161780443851683 -0.0068202813740042209 -0.044390987869484769 -0.036248114948352173 -0.037123739365499932 0.075250941371817134 -0.061314561074472473 0.049986205740843143 -0.033875361947847765 0.027862597155396192 0.011280233708901688 0.032127777380635075 -0.047287875040691582 0.049567176945998298 -0.041819178129103671 0.01270637059626047 -0.040021629737235193 -0.031163558613953552 0.018585053597159614 -0.016905823234197669 -0.045319880222235792 -0.0034121792184238749 0.034146111695554766 0.013531372498963551 0.084489025437055679 0.00052562962282300606 -0.0012578398692819211 0.061963255542714805 0.05215199111371345 0.061854862570266844 0.0066154900044740166 0.053321462572985562 0.0236976300421015 -0.051535493557788463 -0.0017437688952094783 0.042518350251261383 0.0064980011904909249 0.02151002677607914 -0.015526418671813964 0.040400213886032529
leaf_weight=23.983596846461296 127.53653891384602 32.28334878385067 24.859063021838665 63.17167717218399 23.067479319870472 88.81993056461215 119.29315273463726 24.093822248280048 793.92603982612491 23.038838893175125 62.011836234480143 96.831606857478619 44.730720553547144 33.154683336615562 44.997496981173754 74.301945436745882 24.73421298712492 35.238505698740482 54.549168385565281 32.594601012766361 23.146843001246452 17.906057681888342 32.183641172945499 22.924265187233686 23.826135613024235 67.0009297542274 20.025382574647665 14.0161658488214 13.786484990268947 15.028572302311657 18.092126954346895 23.205174021422863 18.352601088583469 21.633672352880239 30.040241520851851 14.835361324250696 53.322423372417688 31.572694811969995 167.52853229269385 46.528114911168814 17.840853735804558 20.490883480757475 15.982208345085381 57.584707282483578 55.327334672212601 13.383669462054966 16.982140392065048 63.357456225901842 3151.7059034891427 27.907141175121069 22.915097050368786 17.977566383779049 227.44235159829259 21.282465741038322 87.339042190462351 36.068121828138828 578.28154786676168 25.435280419886112 20.234723903238773 18.394312083721161 21.082557592540979 27.984248772263527
leaf_count=118 696 226 125 293 115 425 561 116 3893 125 291 478 208 166 208 410 141 167 260 164 141 116 184 142 189 523 132 89 110 112 138 150 122 137 214 95 402 246 1322 306 121 145 116 417 355 95 96 429 16863 145 126 82 1259 116 427 208 3269 127 97 109 106 127
internal_value=0.000146838 0.0004563 0.00464811 -0.00564384 0.00733013 0.00872246 0.00567921 0.0121145 0.00786044 -0.000739238 -0.00347748 0.00208046 0.0127812 -0.00333496 -0.0161024 -0.000754135 -0.00606298 -0.0181267 -0.00529698 -0.00716746 0.0172627 -0.00860687 0.0105346 0.0290035 -0.0105711 -0.00114999 -0.0102882 0.0201813 0.0101631 0.028649 0.00406238 -0.0158436 -0.017785 -0.0246275 -0.0119359 -0.00311268 -0.0105354 -0.0214911 -0.0349262 -0.00554271 0.0028039 0.0257802 0.00137448 0.00705567 0.0149612 -0.0243486 0.0510175 -0.011729 0.000493996 0.00507358 0.00316559 0.0142819 0.0108225 -0.000292975 0.00203266 -0.000740397 0.00194737 0.000119497 -0.0306156 -0.0196125 0.0329701 0.0162858
internal_weight=7067.17 6939.64 1555.77 321.205 1234.56 1165.58 168.246 143.387 1142.51 348.588 325.549 263.537 166.705 77.8854 68.9811 5383.87 1025.52 152.959 89.7877 1000.78 55.4302 945.352 87.7025 55.5189 857.65 308.134 215.921 92.2131 78.1969 51.0268 33.1207 549.516 526.311 337.286 151.404 121.364 106.529 84.8951 185.881 189.026 142.497 55.3139 148.92 132.937 112.912 27.1702 34.823 87.1836 4358.35 1206.65 1129.67 268.335 250.357 861.337 768.641 681.302 624.999 603.717 56.3028 92.6963 76.9739 49.0668
internal_count=38891 38195 7549 1522 6027 5701 802 677 5586 1693 1568 1277 799 374 326 30646 7175 720 427 7034 367 6667 490 306 6177 2203 1543 660 571 366 250 3974 3824 2538 1094 880 785 648 1444 1286 980 362 1020 904 772 205 217 618 23471 6608 6230 1467 1385 4763 4244 3817 3512 3396 305 519 378 233
is_linear=0
shrinkage=0.05


Tree=81
num_leaves=63
num_cat=0
split_feature=88 22 94 47 52 46 53 39 24 72 38 19 51 47 41 95 6 72 33 22 19 19 45 25 3 45 22 21 95 46 41 9 38 30 62 50 53 51 29 9 77 94 30 7 7 19 17 39 53 9 45 38 22 10 33 25 25 1 18 47 32 10
split_gain=17.9606 14.303 13.9193 12.1856 13.717 19.1053 20.7945 19.6351 14.2601 11.6422 10.324 10.8143 11.0811 13.7138 13.0999 10.2165 21.7133 17.5332 13.4008 15.5458 18.7689 20.6384 21.1368 19.118 15.864 15.6184 18.397 16.872 15.5821 14.7315 14.2142 16.7037 13.7162 14.9717 13.5794 16.8411 16.8292 17.1209 15.343 13.5318 13.235 13.0426 15.224 13.0408 13.0217 17.9051 14.5876 12.6994 14.1587 21.1435 12.8211 16.3577 12.6527 20.5167 18.019 12.598 20.396 24.5782 16.1532 23.8774 13.1774 12.3101
threshold=2.5000000000000004 203.50000000000003 58.500000000000007 -2.3406375300723012 1770.2750000000003 -0.98595528528963949 2.2345076491740214 1.5279034507485185 0.76315789473684215 0.9583572598041975 1.1913777868841964 0.05917366946778712 0.40995709924243778 -1.1634825281326895 0.76921913537158559 351.50000000000006 1.0000000180025095e-35 -1.1038608318932768 2396.5000000000005 1457.5000000000002 0.8062108810784786 0.74106002554278427 1.8025414900964878 1.9258151119161602 1.5685875448492455 0.6205887416077992 1530.5000000000002 0.022902097902097907 47.500000000000007 -0.69044241098223758 0.94641567812539973 1430.5000000000002 -1.0000000180025095e-35 2.0431554799332949 40.89131374243734 1.0115939421212266 0.535923202224586 0.55920470282880863 0.34268763180511969 1009.5000000000001 2.4201330239219385 54.500000000000007 1.9899651801820701 0.077254641909814334 0.062718531468531485 0.88284313725490204 0.87560848400556346 0.90874392782789737 0.87022071953041136 865.50000000000011 -2.0119040881956298 0.23223667796709671 744.50000000000011 1.2779890244696459 1572.5000000000002 0.4706614900007326 0.2925832881795643 9.1160714285714306 0.40936473165388837 -0.47998869775040715 0.90709661951570375 1.3718523473674469
decision_type=2 2 2 2 2 2 2 2 2 2 2 2 2 2 2 2 2 2 2 2 2 2 2 2 2 2 2 2 2 2 2 2 2 2 2 2 2 2 2 2 2 2 2 2 2 2 2 2 2 2 2 2 2 2 2 2 2 2 2 2 2 2
left_child=1 -1 3 4 5 -3 7 -7 9 -9 11 -2 13 14 -13 18 -17 -18 47 34 21 22 29 25 -23 26 -22 -28 -24 43 32 -32 33 -29 35 36 -20 -38 -37 -30 -27 -31 -43 -21 -34 -46 -47 48 -5 -50 51 -49 53 -19 -54 56 58 -58 -40 -60 -57 -56
right_child=10 2 -4 15 -6 6 -8 8 -10 -11 -12 12 -14 -15 -16 16 17 52 19 20 23 24 28 -25 -26 40 27 30 39 41 31 -33 44 -35 -36 38 37 -39 55 -41 -42 42 -44 -45 45 46 -48 50 49 -51 -52 -53 54 -55 61 60 57 -59 59 -61 -62 -63
leaf_value=0.039308213793671498 0.044381882661266241 0.037496155497732074 -0.017690270128255439 -0.004036268499446093 -0.03516927466113566 -0.038327440486744885 0.028903682730077609 0.019454855239700017 0.050330251505900314 -0.041421175866666937 -0.014513985335882947 0.015865013612909106 0.027066697520573703 0.010611165129917933 -0.033058264116349996 -0.041662471585706413 0.010258681655998579 -0.0076161165892092327 0.03746970512082623 -0.0506531281805375 0.05689080514025046 -0.040862527852472574 0.011350696585247358 -0.039511518706956211 0.0018848378647366112 0.018929073435355021 0.04502960778856617 0.044629864782283118 0.0173087477455575 0.0015775027354672068 0.057552569642305956 0.0047054730613981634 -0.047751581311410746 -0.013717274179236931 0.034780317509493265 0.019629551003317355 -0.00923491737675179 0.044130539109326183 -0.04575318758685077 -0.041705072051729609 0.068427950676786781 0.053096953510971927 -0.0027029614503273655 0.0022293956461390332 0.03013954898849679 -0.060390384457157144 0.0024423422618848351 0.066346881564388074 0.05454205371280603 -0.0044028168573409226 0.0016870432158734906 0.0082991792053856567 0.031801067513287866 -0.049874071392005795 -0.015086943600587556 -0.039640876220186735 0.052080848940572869 -0.014908489161683866 0.04617980926833784 -0.030729659528659244 0.0037539512072329259 0.0046345308278670245
leaf_weight=22.337251864373684 23.996483936905861 22.497346166521311 117.97972594201565 39.038900971412659 49.705619815737009 67.402024924755096 24.998392671346664 14.462365016341211 12.211039476096628 16.80379393696785 40.646427612751722 20.91868931427598 76.143026657402515 276.56472211331129 38.650453951209784 39.435627486556768 171.24270877242088 86.976409517228603 25.237751863896847 24.624721799045801 17.868855848908424 59.621769849210978 25.858666095882654 18.033697120845318 33.73887399956584 39.649551223963499 23.180579327046871 19.758287206292152 11.162875454872845 818.50935741886497 18.474394969642162 78.213915776461363 31.070619471371174 24.372156139463186 16.748654916882515 24.02968292683363 213.40681741014123 16.046603821218014 49.544376015663147 67.290993370115757 20.815771095454693 27.115739449858665 21.877140134572983 21.714803397655487 20.237008534371853 17.92754914239049 18.629834190011024 17.048790469765663 42.995511211454868 23.260687872767448 3326.9126923792064 42.529974702745676 32.76569364964962 43.090751811861992 193.34503624588251 113.51160633191466 22.636661492288113 34.175693430006504 15.291497144848107 29.151827618479729 20.414462566375732 133.3137202039361
leaf_count=307 125 181 645 198 700 593 196 159 85 165 216 132 396 1360 231 203 845 416 159 202 97 394 195 98 187 280 115 122 77 4438 98 452 178 129 96 137 1582 84 321 641 124 152 118 180 121 123 100 86 202 129 16511 258 154 194 1127 624 118 219 101 199 113 703
internal_value=0.000137732 -0.000540675 -0.000677765 -0.000365052 -0.0122649 -0.00502716 -0.0121269 -0.0214403 0.00465269 -0.0131309 0.00950668 0.0117589 0.00983765 0.00591307 -0.0157965 3.1666e-05 -0.0056574 -0.0034949 0.000752743 -0.00246564 0.000282977 -0.00288704 -0.000817746 0.0104136 -0.0253754 0.0131665 0.00798724 0.00447667 -0.0221329 0.001612 0.000326271 0.0149037 -0.0103173 0.012335 -0.00938853 -0.0107163 -0.0011765 -0.00546348 -0.0185665 -0.0332332 0.0361369 0.00308555 0.0281236 -0.0258132 -0.0217523 -0.00738206 -0.0283148 0.00263441 0.0197323 0.0337974 0.00210075 0.025077 -0.00831775 -0.021682 -0.00346296 -0.0218134 -0.0118381 0.0117399 -0.0261406 -0.00411111 -0.032991 -0.00702409
internal_weight=7057.22 6580.3 6557.96 6439.98 208.081 158.375 135.878 110.879 43.4772 31.2662 476.92 436.273 412.277 336.134 59.5691 6231.9 700.17 660.734 5531.73 2039.94 1459.75 1111.51 1018.15 348.232 93.3606 330.199 269.733 251.864 104.313 913.842 228.684 96.6883 131.995 44.1304 580.196 563.447 254.691 229.453 308.756 78.4539 60.4653 867.502 48.9929 46.3395 87.865 56.7944 36.5574 3491.79 105.295 66.2562 3386.49 59.5788 489.492 130.067 359.424 284.726 150.8 56.8124 93.9877 44.4433 133.926 326.659
internal_count=38891 36431 36124 35479 2079 1379 1198 1002 409 324 2460 2244 2119 1723 363 33400 3642 3439 29758 12374 8621 6584 6003 2037 581 1939 1535 1438 913 5090 1323 550 773 251 3753 3657 1825 1666 1832 718 404 4708 270 382 522 344 223 17384 529 331 16855 344 2594 610 1984 1695 958 337 621 300 737 1830
is_linear=0
shrinkage=0.05


Tree=82
num_leaves=63
num_cat=0
split_feature=88 22 94 78 46 4 62 14 61 14 46 77 97 52 22 56 78 23 46 94 14 14 66 29 52 14 33 41 14 19 18 38 60 48 8 46 19 77 5 32 15 23 16 53 77 57 94 47 6 14 61 34 66 56 38 60 47 44 14 17 17 44
split_gain=16.2364 13.3436 12.6011 12.3173 17.4616 11.5896 11.8297 15.0602 17.8238 18.6455 14.7066 26.6518 17.3488 13.8415 15.3212 13.6509 19.7462 17.0034 13.9479 24.7339 13.2824 13.1477 14.887 23.2983 16.877 16.4879 21.7722 16.9882 32.686 15.0542 14.3223 17.8458 14.3166 15.1447 14.1918 13.9702 20.2826 17.7199 23.6146 22.0163 16.5367 24.6254 21.8229 15.5486 15.5295 15.1421 17.9887 19.9826 21.5704 17.5689 16.9725 27.5526 15.0758 20.0432 15.4826 14.7814 14.521 23.8071 14.3918 15.4866 15.2811 14.7641
threshold=2.5000000000000004 203.50000000000003 58.500000000000007 -0.09199013157907468 0.45255295511781651 0.23302820703204777 3.5196784484664714 0.52894157439612 31.686363636363641 0.5158550599727072 -0.2183073297302959 2.0345277372699764 3.5298508819785419 1314.2250000000001 1148.5000000000002 2.5000000000000004 -1.2019295239973216 0.74610801447463371 -0.83274291027422942 49.500000000000007 0.59863494401362849 0.40497340060069498 5.5089285714285721 0.35062723791697387 761.62500000000011 0.53809361157765589 934.00000000000011 0.79674770367380332 0.6514806233400966 1.0000000180025095e-35 0.15227743271221536 0.63204352156922849 19.500000000000004 0.66554711606941286 0.42330316742081453 0.23297435897395066 0.95670914542728647 2.2446526563273137 0.89926536652396816 0.80712322976115003 0.078947368421052641 1.7861216891278722 1.4103835857567202 0.57234462456310842 2.3583058130617731 0.18821575141684585 22.500000000000004 0.69583603522567217 0.076505016722408045 0.27372998427413403 2.4604687500000004 1.3115297866506903 10.258928571428573 2.5000000000000004 1.0171335343065862 185.50000000000003 0.56289629088476689 -0.16750939940228535 0.32396939493232241 0.70777873811581693 0.36351217088922011 -0.62140724101484157
decision_type=2 2 2 2 2 2 2 2 2 2 2 2 2 2 2 2 2 2 2 2 2 2 2 2 2 2 2 2 2 2 2 2 2 2 2 2 2 2 2 2 2 2 2 2 2 2 2 2 2 2 2 2 2 2 2 2 2 2 2 2 2 2
left_child=1 -1 5 -2 -5 -3 7 8 9 -7 15 -12 -13 14 -14 16 18 -18 19 -9 -19 32 23 -23 25 30 27 -27 -29 -24 -25 -32 33 -8 35 36 37 -34 44 -40 -37 45 -43 -44 -39 46 56 48 -48 -47 51 55 53 54 58 -49 57 -42 59 60 -46 -60
right_child=3 2 -4 4 -6 6 21 10 -10 -11 11 12 13 -15 -16 -17 17 20 -20 -21 -22 22 29 24 -26 26 -28 28 -30 -31 31 -33 34 -35 -36 40 -38 38 39 -41 41 42 43 -45 52 49 47 50 -50 -51 -52 -53 -54 -55 -56 -57 -58 -59 61 -61 -62 -63
leaf_value=0.038593458495974876 0.00069362403031730617 -0.017269123984038307 -0.016858021446033288 0.025264210649597309 -0.0040688865929869381 -0.0033290386423731355 0.0052545538995155709 -0.015864366543579429 0.046277643916346201 0.048087246135749523 0.023141345853961173 -0.022407063943676878 0.01807856246276161 0.037050092355354551 -0.039188308304544756 -0.040335789544440434 -0.028727751071066551 -0.015861336179737826 -0.025795006016881956 0.057375099487369498 0.029249018119785482 -0.022705927868796296 -0.031296632461689421 0.06125578068648535 0.039854141215937312 -0.050015806454131076 0.013828864794383861 0.045383116295539969 -0.04363523361339916 0.0019589002627493262 0.03229797055062586 -0.0092608931365587271 0.0089356565510119636 0.05408983947267812 0.039875248796968459 -0.042220860099028784 -0.043934866285720277 -0.027230370102086426 0.040846049775542556 -0.0069517561000430024 -0.003257598323636457 0.064465411448694609 -0.01766644358718145 0.032683835909855768 0.015900160082006325 0.0046725643436861799 -0.055806697399246485 -0.026963987898481107 -0.012089953540231698 -0.036094051291061885 -0.01148129240569015 0.055208433293692051 -0.022579456397066183 0.047666602128271063 0.032520724953401567 0.018109117415892956 -0.001317834720174494 0.061290197816005122 -0.0044933399941449867 0.032159619392127678 -0.041235584796826152 -0.056328373836765935
leaf_weight=21.633244782686234 229.89286284521222 99.541291307657957 117.62808162719011 175.55904798954725 70.919056624174118 214.47643149644136 58.623772799968719 50.262014321982861 23.750132352113724 19.10715951398015 85.232767645269632 117.37796232104301 25.566429384052753 26.883832078427076 21.257940612733364 47.087251260876656 26.410085864365101 22.026162415742874 197.01485418900847 14.846894357353447 61.056851387023926 44.650318533182144 34.360612321645021 22.216531723737717 59.608659777790308 28.765961054712534 132.99932561069727 20.144663743674755 20.91780698299408 2642.3277232013643 70.815625786781311 40.328256823122501 493.92766432464123 21.831618033349514 19.157377559691668 32.111589919775724 24.144180446863174 101.10859470814466 48.705886140465736 47.233439642935991 31.196495436131954 20.904864385724068 33.345032550394535 28.145501501858234 22.435377173125744 37.132715962827206 47.013597585260868 35.828437745571136 71.502582632005215 89.682898372411728 363.76741043105721 26.653781622648239 77.297259896993637 22.648825034499168 26.184330210089684 36.661166343837976 309.52967558056116 26.024606488645077 29.590210467576981 30.483224153518677 24.088819473981857 25.948791243135929
leaf_count=307 1216 568 645 860 384 1195 290 588 119 129 492 737 128 133 101 306 146 121 1915 170 315 223 192 102 302 152 641 107 110 14005 354 190 2424 111 94 194 130 501 237 227 147 99 160 138 110 187 223 271 346 549 2090 146 408 103 126 209 1789 121 134 140 112 122
internal_value=0.0001294 -0.000516104 -0.000646634 0.00904241 0.0168057 -0.000349124 -8.2094e-05 -0.00521899 0.0051004 0.0008742 -0.00904715 -7.53822e-05 -0.0104639 0.00849207 -0.00784176 -0.0149546 -0.0117151 0.00607933 -0.0191667 0.000822251 0.017225 0.000826373 0.002933 0.0114519 0.0153227 0.0109476 0.00193915 -0.0206226 0 0.00152898 0.0245994 0.0171787 -0.00207327 0.0186188 -0.00283919 -0.00322159 0.00121482 0.00237249 -0.0047303 0.0172791 -0.0068575 -0.00586847 0.0204424 0.0053144 -0.0106163 -0.00789149 -0.00571292 -0.0111837 -0.0295063 -0.0241236 -0.00647651 0.0118292 -0.0040951 0.0037628 -0.00249629 -0.00410612 0.00294722 0.0260677 -0.00947084 0.00446677 -0.0136007 -0.0288591
internal_weight=7047.58 6571.2 6549.57 476.371 246.478 6431.94 6332.4 952.357 257.334 233.584 695.023 276.319 191.086 73.7082 46.8244 418.704 371.617 109.493 262.124 65.1089 83.083 5380.05 3117.14 440.447 395.797 336.188 202.828 69.8284 41.0625 2676.69 133.36 111.144 2262.91 80.4554 2182.45 2163.3 973.797 949.652 455.725 95.9393 1189.5 1157.39 82.3954 61.4905 359.785 1074.99 948.178 581.427 118.516 126.816 462.911 99.1434 258.677 181.38 158.731 72.4896 366.751 57.2211 132.546 77.0074 46.5242 55.539
internal_count=38891 36431 36124 2460 1244 35479 34911 6595 1443 1324 5152 1591 1099 362 229 3561 3255 582 2673 758 436 28316 16378 2181 1958 1656 1010 369 217 14197 646 544 11938 401 11537 11443 4774 4644 2220 464 6669 6475 397 298 1756 6078 5342 3285 569 736 2716 626 1255 847 744 480 2057 268 618 362 222 256
is_linear=0
shrinkage=0.05


Tree=83
num_leaves=63
num_cat=0
split_feature=88 22 78 46 44 4 4 62 9 51 50 9 40 33 8 52 21 23 77 1 35 44 46 62 77 31 41 33 40 1 8 7 54 75 21 51 5 5 54 51 21 25 78 52 52 1 17 29 23 9 95 1 40 22 33 48 72 15 46 17 95 29
split_gain=14.6777 12.4442 11.1579 15.8235 11.2717 10.3765 11.1223 10.9909 15.4758 17.0562 14.6834 14.4317 18.4192 17.7028 16.0408 13.5219 11.9636 15.6018 12.5965 17.7853 18.4661 26.6301 17.0353 16.0366 14.0327 12.9326 13.347 12.8959 12.605 12.4374 15.3717 12.9718 12.8794 11.6143 11.288 11.1617 18.4289 16.6378 17.1712 20.1523 23.5686 23.973 16.547 16.4277 15.4394 14.5983 14.1405 14.1396 23.8527 18.3376 15.7022 21.6413 14.0596 13.8152 17.3569 13.7145 13.7017 20.3983 13.9779 13.4477 13.6836 12.9705
threshold=2.5000000000000004 203.50000000000003 -0.09199013157907468 0.45255295511781651 -0.056298006654886858 0.23302820703204777 0.25018628912071539 3.5196784484664714 2974.5000000000005 -0.6147551984908276 1.0155119970334407 2382.5000000000005 1.9337929774896125 4873.0000000000009 0.3874259381171824 1735.3500000000001 0.02790758047767394 1.4231608207609228 2.0014546541919436 8.008928571428573 1.6408866626794261 0.44025585297032827 -0.2906318560772268 2.9366687477533726 1.821762951054356 0.96201568689173955 0.94050859313701685 1024.5000000000002 1.9093523567640249 19.544642857142858 0.32571204598902542 0.065681622088006916 1.582365677064594 12.500000000000002 0.27812939521800289 0.50188476200456578 0.99632352941176483 0.97385509227614497 1.3973136799611778 0.57259576344446905 0.2310562571756602 0.48024276216639444 -2.2910630113287778 949.47500000000002 1481.1000000000001 15.276785714285717 0.40883018791305853 0.67552659286098538 1.1555263297028657 687.50000000000011 163.50000000000003 8.2767857142857171 1.5489983565051306 655.50000000000011 1112.5000000000002 -0.60770194182157822 -0.67171128474450581 1.0000000180025095e-35 -0.061625596184455247 0.13755834777445783 131.50000000000003 0.45888036373969882
decision_type=2 2 2 2 2 2 2 2 2 2 2 2 2 2 2 2 2 2 2 2 2 2 2 2 2 2 2 2 2 2 2 2 2 2 2 2 2 2 2 2 2 2 2 2 2 2 2 2 2 2 2 2 2 2 2 2 2 2 2 2 2 2
left_child=1 -1 -2 -4 -5 -3 -7 8 9 -8 -10 14 13 -13 16 34 17 33 22 20 -20 -22 25 24 -24 26 -18 -21 -26 30 32 -31 -29 -11 -16 36 53 38 39 40 55 -42 -41 52 46 47 -45 49 -49 -44 -51 -52 -40 -9 -55 -37 57 -56 59 -59 -61 -62
right_child=2 5 3 4 -6 6 7 35 10 11 -12 12 -14 -15 15 -17 18 -19 19 27 21 -23 23 -25 28 -27 -28 29 -30 31 -32 -33 -34 -35 -36 37 -38 -39 43 42 41 -43 45 44 -46 -47 -48 48 -50 50 51 -53 -54 54 56 -57 -58 58 -60 60 61 -63
leaf_value=0.037878146172088012 0.00065892324710324418 -0.016506070732865367 0.024072538218858647 0.012861795383707708 -0.02751749475301097 0.030673430366888795 0.035666893775347423 0.0042943356817173413 -0.059494273886849497 0.0029141418824195605 -0.013310204766744042 0.073670302700555607 -0.0090914388723752331 0.005398918229425724 0.007764017827404256 -0.022530880367810188 0.03140944354268279 -0.022200955890114102 -0.024001238183935014 0.02836935308656463 0.052654888153399831 -0.017415850382866176 -0.01207886065416555 -0.021247135791486019 0.055635647405512717 -0.043039659641881972 -0.038157796173372248 -0.029623718451655151 0.0060463583384651135 0.038708375047419155 0.025749294064804536 -0.01690172176910516 0.0059702087948404065 0.052870793400473785 0.060319200342604365 0.060367007265006156 -0.027885401914115506 0.050930384086910897 0.041561101655456241 -0.051413635710919225 0.013288452366863086 -0.044149395626638506 0.039687821520233119 0.013981485877174302 0.0054529191613358723 -0.029465152128635298 0.064738726265058971 -0.06179750212518579 0.0020731002526683364 0.023214052516158754 0.014500933226504649 -0.032408161557203045 -0.004300089634720978 0.043573842221780637 -0.044643845855797504 0.017468335771506052 -0.0053860480489769493 0.03810463053585892 -0.00068758455699199569 0.021790038613202618 0.0071136997188124013 -0.020727663941160112
leaf_weight=20.958828013390303 229.90464409440756 101.07220954075456 175.05535841733217 41.392897579818964 29.452872812747955 28.626498084515333 27.009611070156097 1269.0728728920221 22.955535344779491 23.958890084177256 70.091155208647251 19.568314451724291 36.174306444823742 18.718167517334223 21.120116762816906 14.239234477281569 17.39792757853866 23.545367371290922 33.102357663214207 13.507755577564238 32.047403182834387 23.242315273731947 18.412099443376064 24.017336677759886 36.10731877759099 29.644349560141563 11.256519585847853 296.23796841129661 20.248014844954014 16.565244257450104 14.494549404829739 28.101051937788725 27.51455707103014 22.960685171186924 20.217188213020563 29.158353313803673 60.607541456818581 20.122016154229641 20.226295903325081 20.200646750628948 57.288752738386393 26.450171649456024 35.316058456897736 21.427679289132357 35.342238318175077 49.467081695795059 39.857724994421005 22.119394585490227 42.293888673186302 47.520484931766987 43.773611091077328 55.58943548053503 93.321782246232033 20.821307346224785 24.055441427975893 53.02324727922678 1637.3439612425864 39.005282744765282 1364.2070042155683 104.91581139713526 158.59200953692198 56.702842369675636
leaf_count=307 1216 581 860 219 165 147 124 5953 198 164 423 145 251 143 166 131 167 132 185 62 166 120 111 138 207 247 116 2331 114 112 108 192 158 136 147 154 304 105 106 141 294 135 178 105 177 255 206 105 197 229 202 269 477 96 134 250 9613 185 7339 496 731 266
internal_value=0.000122037 -0.000492253 0.00860137 0.0160035 -0.00386983 -0.000616561 -0.000366113 -0.000505983 -0.00543173 -0.00334949 -0.0248096 -0.00461048 0.016373 0.0405239 -0.00665345 0.0191678 -0.00867738 0.0108325 -0.0108282 -0.0148154 0.00541624 0.0231305 0.00144731 0.0141217 0.0255631 -0.0199307 0.00386933 -0.0193394 0.0379495 -0.0210424 -0.0243181 0.00365092 -0.0265824 0.0275278 0.0336718 0.000363404 -0.000513557 0.00619803 0.00488362 -0.000305481 0.0137914 -0.00482552 -0.00771849 0.0168071 0.0319564 -0.00470407 0.0471252 0.000252319 -0.0198442 0.0073915 -0.000361397 -0.0116987 0.00385454 -0.000157023 -0.00181732 0.0328046 -0.00209929 0.000977593 0.00161983 0.0103944 0.00699257 -0.000201968
internal_weight=7036.74 6560.94 475.806 245.901 70.8458 6539.98 6438.9 6410.28 962.455 869.409 93.0467 842.399 74.4608 38.2865 767.938 55.5765 712.362 70.4649 641.897 484.813 88.3921 55.2897 157.084 98.7848 74.7674 58.2988 28.6544 396.421 56.3553 382.913 338.247 44.6663 323.753 46.9196 41.3373 5447.82 4735.32 712.499 692.377 482.201 165.921 83.7389 316.281 210.176 96.6276 296.08 61.2854 246.613 64.4133 182.2 146.884 99.363 113.548 4674.72 3405.64 82.1816 3384.82 1747.48 1723.42 359.216 320.211 215.295
internal_count=38891 36431 2460 1244 384 36124 35543 35396 6694 6073 621 5949 539 288 5410 444 4966 432 4534 3434 471 286 1100 570 432 530 283 2963 321 2901 2597 304 2489 300 313 28702 25117 3585 3480 2409 833 429 1576 1071 488 1435 311 1180 302 878 700 471 583 24813 18860 404 18764 9151 9017 1678 1493 997
is_linear=0
shrinkage=0.05


Tree=84
num_leaves=63
num_cat=0
split_feature=88 66 94 47 49 8 35 22 60 6 72 52 10 5 60 23 54 54 23 17 66 60 52 7 5 22 32 15 20 47 32 35 21 25 25 77 34 31 14 77 17 5 60 20 23 60 29 32 25 40 2 34 61 8 8 9 46 20 40 8 29 53
split_gain=13.2692 12.035 11.3432 10.1333 13.5014 21.1172 14.5579 14.725 10.3912 18.1852 14.471 13.3023 15.4718 13.0912 13.0259 11.8938 15.9294 21.2389 13.6421 13.5765 10.6654 20.4481 29.0176 21.1308 19.2796 18.9949 18.4383 18.4944 25.9301 23.1692 17.7045 17.6108 17.307 26.5366 21.1394 18.607 18.0651 21.3042 20.1493 17.5963 16.8073 16.6321 16.436 25.7203 19.6168 16.3725 16.3013 16.033 17.122 19.1018 17.4731 15.1421 15.2819 26.7856 19.7414 18.7531 18.0745 19.0841 17.769 15.1293 14.7044 19.0676
threshold=2.5000000000000004 2.9196428571428572 58.500000000000007 -2.3406375300723012 1.0341083874425048 0.3322510822510823 1.6408866626794261 1074.5000000000002 347.50000000000006 1.0000000180025095e-35 -1.1038608318932768 774.85000000000002 0.90498793107749786 0.19292803970223329 385.50000000000006 1.4668483786830533 1.4586508514253886 0.75043911489836013 1.1523778112828247 0.52347086087683314 9.0625000000000018 120.50000000000001 782.95000000000016 0.079286500078579306 0.82985960341583453 683.50000000000011 0.68528922180607588 0.81578947368421062 0.26348078785921863 1.3848970037454182 0.49857142857142861 1.6652408893438377 0.13660287081339714 0.50926243567753016 0.10513157894736842 2.4289728789690757 0.66006565660459815 1.2024959055292574 0.42565519846069838 2.6243212765375814 0.33527030446149958 0.85545650811337848 169.50000000000003 0.066946778711484606 1.2516733721024007 234.50000000000003 0.60425694390515405 0.33447488584474888 0.79122956949043921 2.4519157221333709 21.312500000000004 2.9818631769659114 11.25065907413266 0.26198686371100172 0.23836580086580089 1835.5000000000002 -0.20647593211787121 0.097800095648015326 1.8375876753507014 0.012422839506172841 0.50366035349475347 1.3390565131618311
decision_type=2 2 2 2 2 2 2 2 2 2 2 2 2 2 2 2 2 2 2 2 2 2 2 2 2 2 2 2 2 2 2 2 2 2 2 2 2 2 2 2 2 2 2 2 2 2 2 2 2 2 2 2 2 2 2 2 2 2 2 2 2 2
left_child=1 -1 3 4 -3 6 -6 -8 13 -10 11 -11 -13 -5 15 16 17 -12 -18 -17 21 32 -23 42 26 -25 30 28 59 -30 47 -27 39 34 -34 -35 -36 40 -39 -15 -38 -37 43 -24 -45 -33 60 -22 49 50 -49 52 53 54 56 -55 58 -58 -32 -28 61 -44
right_child=-2 2 -4 8 5 -7 7 -9 9 10 14 12 -14 20 -16 19 18 -19 -20 -21 24 22 23 25 -26 31 27 -29 29 -31 51 45 33 35 36 41 37 38 -40 -41 -42 -43 46 44 -46 -47 -48 48 -50 -51 -52 -53 -54 55 -56 -57 57 -59 -60 -61 -62 -63
leaf_value=0.021033165794852239 0.0081827489053091906 -0.024841882843250843 -0.016091773013960448 -0.037544998308577084 -0.031562374548935172 0.061501470643384508 0.053029187938827806 -0.0059148767909805037 -0.038852969109467651 0.026749471710725638 0.0031057306561294777 -0.03711269031307389 0.0078423566423756873 -0.013672833265502974 0.020467570468132489 0.030317525745877733 0.028439794896037908 -0.025920266840938084 -0.022262313250335685 -0.0099550242114460116 -0.0044721749883139105 0.0013858707610736965 -0.040521799360580819 0.027631600506661774 -0.0077366781643239879 -0.012336426852306809 0.041498848947047355 -0.0057694398798933243 0.034564614745075176 -0.016546623044196254 -0.01780984469178051 0.023817001174288775 0.028746568272216496 -0.00019477253964451555 0.021730695904282171 0.053255163442838475 -0.052745297957094574 -0.033759808521756987 0.03784510238754548 -0.063239425015644821 -0.0096133702599862231 -0.0014984302861108414 0.039399731943640472 0.0059973830760521023 0.062689677725950702 -0.0090081543980130106 -0.0036553915327182372 0.018015679793399388 -0.028240015730835018 -0.018783310827888797 0.063878269105557675 0.026691174677569224 -0.024082937998945786 0.027924567237138955 -0.061950805658012892 -0.027590945423291619 0.023814564322058918 -0.025266960642981891 0.037927408253459916 0.0023809417321526637 0.061930743019981221 -0.014558505579458064
leaf_weight=64.319112628698349 475.18890433013439 97.132889982312918 117.20447968319058 22.163983777165413 37.08586174249649 12.581031344830988 13.980304479598997 42.336786493659019 38.981675125658512 63.863990422338247 84.809027567505836 24.224760212004185 89.493486750870943 90.474144298583269 36.866541899740696 35.150252904742956 36.726471431553364 241.74298629164696 20.550803281366825 51.179127585142851 269.48309864103794 1628.6987658329308 21.283168785274029 81.72047483921051 824.23178017884493 142.39209885895252 26.240022674202919 210.69050316140056 155.30209083482623 25.659544236958027 24.834132965654135 102.9994932487607 25.552542746067047 86.889444004744291 22.220872439444065 42.409804582595825 68.806323692202568 18.149875447154045 21.140005055814981 22.401671849191189 34.136908087879419 20.318407669663429 81.662533342838287 56.870249088853598 20.891059450805187 59.809599492698908 25.080319792032242 149.75146671012044 21.908636827021837 29.721506640315056 24.204213563352823 27.344835981726646 161.21550104394555 77.102485071867704 19.821913987398148 18.773887097835541 22.844693593680859 141.37292740121484 33.212539538741112 409.95484594255686 50.062970891594887 20.262569721788168
leaf_count=459 2460 1061 649 108 410 118 78 407 204 295 468 132 454 511 187 177 196 1327 107 254 1803 7483 102 391 4775 873 154 1136 832 213 156 550 166 477 138 215 424 101 124 115 208 102 401 303 99 310 130 957 131 194 148 138 963 432 119 114 142 869 205 2265 258 113
internal_value=0.000115426 -0.000469346 -0.000683737 -0.00039906 -0.0113847 0.000913302 -0.00725127 0.00869699 -3.60502e-05 -0.00566551 -0.00376311 0.00850321 -0.00171443 0.000711901 -0.00806999 -0.0103222 -0.0140972 -0.018368 0.0101539 0.00640078 0.000870018 0.00306024 0.00497934 0.0137974 -0.00137616 0.00623695 0.00145606 0.00700339 0.0113722 0.0272845 -0.00303457 0.000484775 -0.00664715 -0.000992276 -0.0134053 0.0147366 -0.0199986 -0.0265637 0.0046387 -0.0236015 -0.0385141 0.0354661 0.0243677 0.00797937 0.0213533 0.0117295 0.0334967 0.00374598 0.0135831 0.018118 0.0244588 -0.00941905 -0.0114121 -0.00534773 -0.0142162 0.0169844 -0.00991071 -0.0183983 0.0140057 0.00475458 0.0396586 0.0286201
internal_weight=7023.49 6548.3 6483.98 6366.77 203.117 105.984 93.403 56.3171 6163.66 723.589 684.607 177.582 113.718 5440.07 507.025 470.159 383.829 326.552 57.2773 86.3294 5417.9 2744.23 2291.73 663.035 2673.67 386.922 1849.44 827.847 617.157 180.962 1021.59 305.201 452.5 339.624 190.007 149.618 164.454 142.233 39.2899 112.876 102.943 62.7282 276.113 99.0445 77.7613 162.809 177.068 495.069 225.586 203.677 173.956 526.523 499.178 337.963 242.086 95.8764 222.264 164.218 58.0467 436.195 151.988 101.925
internal_count=38891 36431 35972 35323 2074 1013 895 485 33249 3801 3597 881 586 29448 2716 2529 2098 1795 303 431 29340 13594 11013 3530 15746 2124 10971 4600 3464 1045 6371 1733 2581 1955 1161 794 995 857 225 626 632 317 1406 504 402 860 902 3233 1430 1299 1105 3138 3000 2037 1491 546 1372 1011 361 2419 772 514
is_linear=0
shrinkage=0.05


Tree=85
num_leaves=63
num_cat=0
split_feature=14 72 72 71 52 75 30 15 4 44 75 66 17 34 49 15 47 17 19 50 61 29 41 66 44 52 14 30 47 45 95 7 34 8 77 77 33 46 32 29 14 34 48 22 52 45 19 6 56 44 40 22 15 40 7 6 18 50 33 35 37 38
split_gain=14.4963 14.2916 14.4214 15.7923 14.1893 12.3123 13.4317 12.1612 11.0268 16.8845 14.6301 14.6223 13.3724 12.4124 25.1587 23.3454 23.4241 19.5727 16.905 23.3523 14.8541 17.7632 14.9342 14.1462 14.8967 14.2782 14.7607 17.2923 13.9165 19.1221 16.6288 14.2746 16.7651 15.4856 14.9852 22.426 22.5808 17.7277 22.0784 15.773 18.8041 14.6789 13.8328 13.8322 25.0933 25.6 21.5462 18.7162 19.9363 23.2656 20.2118 17.2994 16.3571 23.0551 22.7063 20.5917 13.9005 18.0617 17.0638 13.897 14.5463 15.4394
threshold=0.15528250968117341 -3.4815288034856349 2.3844249429223514 1.009355661501093 254.22500000000002 1.5000000000000002 2.4209072854822504 0.86842105263157909 2.1849654045742848 -1.4780703458997628 8.5000000000000018 16.312500000000004 0.46236330670292941 1.1015031115000067 -1.5590980634238194 0.55263157894736847 -2.210980245775092 1.2629514963880291 0.12220009955201594 1.1507069521390976 2.267781986531987 0.3366027866513121 0.68019675240864808 8.1875000000000018 -1.02356146001082 444.90000000000003 0.26376996697728744 2.609495632572556 1.9711574759438928 -0.57068378995439806 379.50000000000006 0.015444245676803818 1.4513683926964112 0.2007194244604317 2.0238065075354483 2.4240851013904994 5182.5000000000009 0.076762736337608731 0.8297287818564415 0.49245047979431628 0.58878871507737507 1.3630141853342217 -1.1226264864971329 1480.5000000000002 1886.2750000000003 -0.32925945890441949 0.89258241758241774 0.980580693815988 1.0000000180025095e-35 -1.176907124870459 2.5386995305164324 786.50000000000011 0.71052631578947378 1.6781215556605262 0.1202409638554217 0.93231791113147056 0.24467120181405896 0.77032020074424334 1357.5000000000002 2.042500825245924 1.0000000180025095e-35 0.45008038585209009
decision_type=2 2 2 2 2 2 2 2 2 2 2 2 2 2 2 2 2 2 2 2 2 2 2 2 2 2 2 2 2 2 2 2 2 2 2 2 2 2 2 2 2 2 2 2 2 2 2 2 2 2 2 2 2 2 2 2 2 2 2 2 2 2
left_child=-1 -2 4 -4 -3 6 -6 -5 9 10 -7 -10 -12 14 18 16 -15 -18 -11 -20 21 -16 -23 42 -25 -26 27 -27 29 -28 31 32 -31 34 39 -36 37 -37 -39 41 -41 -33 -17 44 47 -46 52 48 49 -22 -51 -52 55 -54 -55 -45 -49 -58 -59 -50 -61 -62
right_child=1 2 3 7 5 8 -8 -9 11 13 12 -13 -14 15 20 23 17 -19 19 -21 43 22 -24 24 25 26 28 -29 -30 30 -32 33 -34 -35 35 36 -38 38 -40 40 -42 -43 -44 46 45 -47 -48 56 59 50 51 -53 53 54 -56 -57 57 58 -60 60 61 -63
leaf_value=0.036303571313683107 0.026859764528290104 0.029583174835296374 0.03288065130638046 -0.028752244416623364 -0.037008288140017408 -0.0079480054447567134 0.0060516606549105706 0.016480567118694455 -0.025283673015714825 -0.044854671781654532 0.0091704482680643358 0.020461682673547185 0.045808141557068582 -0.031914178999685336 0.026693968693537209 -0.028075342804331667 0.016963162003326298 -0.010737316897274113 -0.026223983116915858 0.028049906009035803 0.042036526908487998 0.0091661661563629 -0.024081132269712653 0.013279973679088231 0.031198065232080203 -0.0055516402560451816 -0.012976588336187887 -0.057455785586545606 -0.025963955871696778 -0.0021438101598135742 0.02526685838869637 -0.0049723097815372545 0.043599982935669912 0.012023351470296683 -0.026827674409099184 -0.031884220185026936 0.028592972395148016 -0.015042033144945852 0.046035674084473489 -0.041215650091081517 0.01352720774147023 0.051506589146058428 0.005075023851940229 -0.012662367556042524 0.0061337054578197159 0.095079264453982654 0.015420150604876316 0.041285987889638998 -0.0042453778092810864 0.0030920611160157839 0.00026963900250379818 -0.059162257602888971 -0.041237157147638225 0.058057923854777232 -0.019025843677027327 -0.045750747261182216 -0.03891546442852014 0.048795143607674306 0.0020134704026891258 -0.046516698324815219 0.010955235248325196 -0.042757847393727788
leaf_weight=27.241954177618027 48.443639997392893 38.410710468888283 67.464929684996605 25.204933278262615 47.806491687893867 42.234666883945465 28.788897626101971 35.838468715548515 88.758608315140009 54.991371884942055 51.767041876912117 21.54230997338891 48.76516629755497 30.281345587223768 24.501546312123537 32.392810862511396 465.5842202231288 73.588146671652794 65.693746764212847 28.201289013028145 36.994415938854218 41.061958022415638 184.06473630294204 115.51202806085348 25.828945457935333 35.244422547519207 354.497767675668 29.767448164522648 73.647743463516235 44.03423610329628 65.263066090643406 18.739832080900669 36.333647310733795 118.81868787109852 163.37610835954547 59.208123151212931 46.892762653529644 43.082198485732079 22.374087281525135 26.1705631762743 38.677605032920837 29.021895095705986 963.97514174133539 211.25991309434175 19.57051482796669 13.86780973151326 70.548780661076307 42.108294419944286 1103.5171584933996 1265.5128899626434 23.99453316628933 24.551938962191343 15.954488433897493 25.602351978421211 15.016723260283468 60.73760087043047 17.499864362180233 28.029895044863224 64.306322369724512 41.141584038734436 38.347459197044373 20.36081400513649
leaf_count=163 293 406 388 144 245 197 137 242 447 289 245 111 231 295 147 188 2455 343 391 144 183 249 1189 556 133 197 2378 159 558 226 320 100 170 591 847 293 233 217 105 136 182 137 4581 1582 193 87 483 237 5915 6864 121 162 124 165 106 568 105 138 368 204 193 93
internal_value=-3.15121e-05 -0.000174255 -0.000363894 0.0162221 -0.000677487 -0.000850109 -0.0207719 -0.00213085 -0.000621403 -0.000358185 0.016642 -0.0162936 0.0270198 -0.000735516 -0.00272624 0.00168081 0.0107605 0.0131719 -0.0228385 -0.00985718 -0.00184042 -0.0135783 -0.0179934 -0.000524324 -0.00386823 -0.00548239 -0.0062752 -0.0294459 -0.00494713 -0.0034888 0.00122926 -0.00119224 0.0185029 -0.00399862 -0.00826521 -0.0135746 -0.00091618 -0.0120702 0.00579749 0.00748015 -0.00851765 0.0292779 0.00398955 -0.000904948 0.000360247 0.0433445 -0.00960046 -0.000170577 -0.00118678 0.00297946 0.00187297 -0.0297446 -0.014991 0.00939724 0.0294608 -0.0200835 0.01687 0.00743501 0.0163062 -0.00586834 -0.0237327 -0.00762919
internal_weight=7022.02 6994.78 6946.33 128.508 6817.82 6779.41 76.5954 61.0434 6702.82 6592.52 142.767 110.301 100.532 6449.75 3537.44 2912.31 569.454 539.172 148.886 93.895 3388.55 249.628 225.127 2342.86 1346.49 1230.98 1205.15 65.0119 1140.14 1066.49 711.993 646.73 80.3679 566.362 447.543 334.933 171.557 124.664 65.4563 112.61 64.8482 47.7617 996.368 3138.92 2739.8 33.4383 399.12 2706.37 2554.42 1351.05 1314.06 48.5465 328.571 56.5736 40.6191 271.998 151.944 109.836 92.3362 1203.37 99.8499 58.7083
internal_count=38949 38786 38493 774 37719 37313 382 386 36931 36373 673 558 476 35700 20300 15400 3093 2798 824 535 19476 1585 1438 12307 7538 6982 6849 356 6493 5935 3557 3237 396 2841 2250 1695 848 615 322 555 318 237 4769 17891 14863 280 3028 14583 13735 7330 7147 283 2545 395 271 2150 848 611 506 6405 490 286
is_linear=0
shrinkage=0.05


Tree=86
num_leaves=63
num_cat=0
split_feature=14 69 19 72 77 72 0 4 1 38 54 32 50 93 50 17 25 4 41 21 31 20 50 44 20 25 48 56 4 34 60 52 77 22 14 23 94 25 75 97 66 21 17 75 51 29 54 34 97 30 30 77 49 1 17 23 22 40 32 23 21 96
split_gain=13.2219 13.2212 13.2289 12.5551 12.2645 15.4446 13.0848 13.0063 12.7279 11.4257 10.8905 10.3342 16.7111 14.6317 11.9888 12.7898 12.7172 11.6452 15.5703 18.1671 17.0438 14.5118 14.4575 11.9116 21.1686 18.4393 14.7376 16.1835 14.4916 13.6459 15.4983 15.2338 18.756 15.6685 14.8449 13.7934 14.0152 13.1486 12.8223 18.1067 13.8626 12.7017 21.1181 12.2127 12.1288 14.5085 14.4879 12.2297 13.5377 13.6807 12.4632 11.9165 13.2832 14.1998 11.6605 13.9303 14.0661 11.974 11.6049 12.6964 11.5636 11.561
threshold=0.15528250968117341 6.5000000000000009 0.76975051975051989 -3.4815288034856349 3.5305452485398745 2.3844249429223514 90.000000000000014 0.23302820703204777 4.3125000000000009 1.4486134555100076 0.55109226786642829 0.91402049731182811 0.99736606905458614 9.5000000000000018 1.082363935823383 0.64806920196688778 1.1743827295499549 0.50250554230978384 0.75222376670660351 0.47655677655677658 1.1038385460818871 0.2009615384615385 0.79277585129595629 0.96935912716602812 0.31598297213622295 0.56886441887571693 -1.1081968046513502 1.0000000180025095e-35 1.0659494693124139 1.0894546200664712 295.50000000000006 727.30000000000007 2.2102668061474726 962.50000000000011 0.28650084551121885 1.1953842039696971 17.500000000000004 0.33680593235666495 10.500000000000002 16.552375121179654 7.7946428571428585 0.37965517241379315 0.13755834777445783 16.500000000000004 -0.38272652892382153 0.44427477712708424 1.1411164776003175 0.66006565660459815 15.187719108027036 1.6687223552970105 1.5631369196734226 2.6658189793043481 -1.3776772541824343 10.383928571428573 0.19603921568627455 0.99220025689204883 1242.5000000000002 1.9375609161793375 0.55087252292221245 1.1479483604617258 0.10029585798816569 11.037218703058132
decision_type=2 2 2 2 2 2 2 2 2 2 2 2 2 2 2 2 2 2 2 2 2 2 2 2 2 2 2 2 2 2 2 2 2 2 2 2 2 2 2 2 2 2 2 2 2 2 2 2 2 2 2 2 2 2 2 2 2 2 2 2 2 2
left_child=-1 2 9 -3 5 6 8 -8 -5 10 -2 17 13 -13 -14 -16 -17 18 22 20 -20 -21 -9 26 28 37 -19 51 -25 30 35 41 33 -33 43 44 -37 -26 39 40 -36 58 -43 -34 46 -46 -29 -47 49 -49 -50 61 -53 -54 -40 56 -56 -57 -31 -60 -22 -28
right_child=1 3 -4 4 -6 -7 7 11 -10 -11 -12 12 14 -15 15 16 -18 23 19 21 60 -23 -24 24 25 -27 27 29 -30 31 -32 32 34 -35 38 36 -38 -39 54 -41 -42 42 -44 -45 45 47 -48 48 50 -51 -52 52 53 -55 55 57 -58 -59 59 -61 -62 -63
leaf_value=0.034838089849521157 0.0082282550972722791 0.032460950578851643 0.0030279515478290366 0.017883692398770436 -0.026437056480704487 0.021852845466710576 -0.0224883635814235 -0.0021678370666494704 -0.0050167760888604951 -0.031522849732186317 -0.0057353933545815283 -0.0047166750280856953 -0.021805479158725188 0.043967763258529191 -0.020870012064576907 0.032529937410995712 -0.0060431677183571154 -0.015783841424019684 -0.0099864207544858308 0.0084084167345553264 0.051845476577602724 0.061946175124619952 0.035809640175421806 0.009828332622700723 0.0055006277008012791 0.038161871671292084 -8.4359044375853506e-05 -9.7485038927752344e-05 0.052542501641417598 0.044877859094857926 -0.026032791597368432 -0.030871518073659399 -0.050441324434606541 0.017015599357364835 0.043487664403778298 0.0063567860824194494 -0.031088893295798305 -0.037548408652651806 -0.043583646264042888 -0.029305448596127007 0.0037746436581539626 0.02837233702255414 -0.01689352304878566 -0.0012527382889956239 -0.024919467264621159 -0.034737817276810551 0.050579415251604413 -0.013670411027539778 0.050467941556079955 0.024794964187560609 -0.0011572535778829514 -0.014718629964025809 0.013102381768443708 0.056220279826184605 -0.022048723022720533 -0.047453183964759914 0.033817221190365995 -0.0045633577381833657 -0.00093789971637542281 0.028240101829995534 0.0022511733521057516 0.013244721675854353
leaf_weight=26.979520849883556 151.76677779480815 32.387248337268829 665.48436146974564 64.319646626710892 39.501649100333452 91.258570000529289 50.310074418783188 34.674990877509117 1024.0233106128871 40.204760432243347 1699.4311649501324 20.457886386662722 35.729295246303082 60.36808018758893 24.541054356843233 62.954973746091127 31.980029128491879 137.88733978569508 173.98722510039806 32.121920488774776 20.584449797868729 21.113471560180187 87.957353748381138 38.075616456568241 36.941274404525757 21.101048607379198 483.61288462951779 31.791342854499817 42.313854672014713 34.718573153018951 103.55158651247621 19.324448607861996 36.06809987872839 138.61932228505611 26.638710737228394 36.506356976926327 77.550415180623531 33.683518905192614 31.100090846419334 34.433603122830391 125.64899622276425 37.995764665305614 79.412767022848129 19.713844791054726 59.37320838496089 18.386997740715742 24.970350828021765 73.898880701512098 29.466006718575954 33.493993178009987 19.02166048809886 18.558852512389421 44.007038552314043 34.285289254039526 18.388588305562735 29.439107708632946 28.528790649026632 36.933058116585016 79.26863668859005 69.748818472027779 27.761944606900215 244.48177517950535
leaf_count=163 889 204 3836 326 191 549 289 205 5862 257 9609 132 195 322 122 320 159 1182 981 168 102 114 461 197 186 101 2620 160 214 155 521 96 188 732 124 184 400 174 184 174 649 177 358 98 318 95 136 422 158 173 101 111 223 186 100 153 158 188 366 327 146 1258
internal_value=-3.12808e-05 -0.000167237 -0.00303015 0.00148594 0.00125569 0.00150873 0.00107143 0.00269477 -0.00365728 -0.00516436 -0.00458753 0.00310274 0.0131641 0.0315928 0.00352065 0.0111481 0.0194908 0.00227804 0.0102173 0.0035972 -0.00266772 0.0298119 0.0250375 0.00100549 0.0136924 -0.00267567 6.02822e-05 0.0010659 0.0324109 -0.00229482 -0.00877296 0.00158997 -0.00339132 0.0111091 -0.0093252 -0.00433632 -0.0190647 -0.0149844 -0.00528243 0.00334779 0.0107782 0.0106169 -0.00219035 -0.0331805 0.00143568 -0.00358459 0.0221579 0.00366568 0.00824701 -0.0016153 0.0301518 0.00658756 0.0230675 0.0320957 -0.016472 -0.00895341 0.0118147 -0.023705 0.0188248 0.0126953 0.0235336 0.00438566
internal_weight=7008.84 6981.86 2556.89 4424.97 4392.59 4353.08 4261.83 3173.48 1088.34 1891.4 1851.2 3123.17 236.031 80.826 155.205 119.476 94.935 2887.14 398.201 275.569 222.334 53.2354 122.632 2488.94 172.115 91.7258 2316.83 2178.94 80.3895 1353.99 508.011 845.981 544.837 157.944 386.893 404.459 114.057 70.6248 331.111 186.721 152.288 301.145 117.409 55.7819 290.402 233.641 56.7617 174.268 155.881 107.393 48.4877 824.946 96.8512 78.2923 144.39 113.29 46.9174 66.3722 183.736 149.017 48.3464 728.095
internal_count=38949 38786 14591 24195 23991 23800 23251 17063 6188 10755 10498 16774 1250 454 796 601 479 15524 2177 1511 1229 282 666 13347 872 461 12475 11293 411 6895 2668 4227 2844 828 2016 2147 584 360 1730 947 773 1383 535 286 1563 1267 296 949 854 595 259 4398 520 409 783 599 258 341 848 693 248 3878
is_linear=0
shrinkage=0.05


Tree=87
num_leaves=63
num_cat=0
split_feature=0 72 53 44 8 32 41 44 22 1 18 60 35 40 19 29 17 40 37 59 8 66 47 40 54 75 41 61 41 50 22 61 19 39 5 22 22 94 34 44 21 53 29 31 40 32 75 52 94 78 25 59 54 69 53 45 96 34 20 25 16 25
split_gain=12.1456 14.0257 23.9806 21.9671 16.047 20.0015 16.7039 15.5869 20.6031 17.5373 18.7675 17.1827 15.9316 15.3578 19.0828 23.3972 14.878 16.0761 14.4663 16.2902 16.2458 13.6167 15.9125 17.4001 13.5172 13.1304 15.6244 20.6339 15.6213 14.5456 16.2323 19.3736 12.9562 13.0474 12.7522 14.7188 17.0276 15.279 12.671 12.6267 16.1845 16.8287 16.118 15.5055 14.5675 17.445 14.1908 17.3239 15.8916 16.9161 17.9338 13.8199 15.2684 13.5732 13.5526 17.8318 15.2233 13.8484 15.1261 16.7738 17.0585 15.7508
threshold=1.0000000180025095e-35 0.8144976136982286 1.52233945129714 -0.15966162861328501 0.068278943278943294 0.59958677685950423 0.87768748785792872 0.4324946182548246 2587.5000000000005 18.312500000000004 0.5946829182123301 356.50000000000006 1.2483002071982201 1.6740194588020676 0.54862963861266079 0.38529542020528323 0.23052045509561853 1.840976900190131 1.5000000000000002 13.500000000000002 0.05571073867163253 4.2053571428571432 0.79418961774505858 1.2776721588508664 0.91655667071030422 13.500000000000002 0.68019675240864808 2.127140151884896 0.74430803397653611 0.77859375340036507 894.50000000000011 7.355774163644055 0.2310562571756602 1.8087309988567559 0.52189897698209731 1648.5000000000002 1793.5000000000002 39.500000000000007 0.65367528258433572 -0.64180483705788338 0.24019230769230773 0.44684847962619084 0.29254959274829223 2.349936767557542 2.574921088678459 0.74858304780812712 15.500000000000002 628.6500000000002 23.500000000000004 2.0712721760610875 0.50926243567753016 14.500000000000002 0.75696150317608291 10.500000000000002 1.1435408738059454 -0.35622406576753202 16.121776273372021 0.68659196180349258 0.042644117112202222 1.3949629227708449 1.0510282743321144 0.12298708648453981
decision_type=2 2 2 2 2 2 2 2 2 2 2 2 2 2 2 2 2 2 2 2 2 2 2 2 2 2 2 2 2 2 2 2 2 2 2 2 2 2 2 2 2 2 2 2 2 2 2 2 2 2 2 2 2 2 2 2 2 2 2 2 2 2
left_child=-1 2 13 4 6 -6 -4 8 9 10 -3 32 -12 14 25 -16 -11 -18 19 -14 -21 -5 23 -23 -13 29 -27 -28 -29 -2 31 -31 33 -9 -32 -36 -37 -38 -25 54 41 -41 -43 44 46 -46 48 -48 49 51 -51 52 -42 -54 56 -56 57 -15 -59 60 61 -60
right_child=1 7 3 21 5 -7 -8 11 -10 16 12 24 18 39 15 -17 17 -19 -20 20 -22 22 -24 38 -26 26 27 28 -30 30 34 -33 -34 -35 35 36 37 -39 -40 40 43 42 -44 -45 45 -47 47 -49 -50 50 -52 -53 53 -55 55 -57 -58 58 59 -61 -62 -63
leaf_value=-0.0038942798922952785 -0.034491058498577885 -0.0054011188680886842 0.045634381705179576 0.022938588030019323 -0.022826218001579038 0.031435932503463458 -0.00012552396447372679 -0.015142270719506629 -0.027932852710470159 0.064641133012342158 -0.026718487123464786 0.018486043648961344 -0.022775082739527747 0.03117426864858305 -0.044960274092331054 0.00074928071234463755 0.041946247810346698 -0.022700142915346735 0.031605530913632891 -0.011117675087050883 0.030105645963167522 0.03423752655145592 -0.040183522880407968 0.019291583798355307 -0.026982760103232719 0.048114248071004312 -0.019319480737030006 -0.021258766747692594 0.027473331508337064 0.0013193745479977484 0.031892249255150044 0.035804931296547833 0.015651753311029273 0.025863452646235564 -0.014708638211677595 0.057153412071039335 -0.01932700413274601 0.029675004632145636 -0.019054112678463839 -0.031827791884217214 -0.042170194251719244 0.020954737824331396 -0.0094604346072437676 0.043862092393264135 -0.028722342796034722 0.01845051588651354 0.016761024862940229 -0.0166148359407523 1.4479465918487093e-05 0.07189411427606901 0.0059881240644430707 0.029377793777284784 -0.011648036129307511 0.034808999655721692 -0.0076714572129299025 0.043795381113967372 0.018261050391000035 0.021132043308436373 0.013980487621361002 -0.039680863379024767 0.0061519662538584144 -0.020366877179497037
leaf_weight=1576.1165547221899 21.10975756123662 477.85284940525889 38.030943650752306 21.205624897032976 67.006507787853479 22.58648619800806 41.353874288499355 71.37980742007494 59.616915538907051 19.410246126353741 24.528419483453035 23.831701572984457 36.997330818325281 30.347549054771662 30.516758266836405 324.90317883715034 19.837193567305803 18.392424423247576 86.976512990891933 36.410909119993448 68.442776169627905 17.909778285771608 67.386679738759995 23.051902763545513 50.943291015923023 42.107898630201817 36.567563634365797 18.308392841368914 147.9258736371994 75.411158252507448 27.204845998436213 89.267727561295033 577.35846484825015 26.481300245970488 132.5162183009088 16.669058252125978 38.832856815308332 26.790185064077377 291.88613457232714 76.936370499432087 18.973053593188524 47.426709957420826 511.80576569214463 20.194790527224541 82.219276256859303 25.511031042784452 51.023331299424171 161.01985914632678 309.34878558665514 26.188856437802315 17.314880453050137 55.136916492134333 35.379166416823864 28.013824667781591 26.475083589553833 45.275415495038033 116.98202963918447 55.446804977953434 41.100066628307104 35.059952225536108 216.30110649764538 172.94452372938395
leaf_count=8924 138 2763 193 118 366 134 212 367 378 112 154 130 201 164 151 1840 110 119 462 209 388 113 413 130 256 212 207 100 793 363 147 433 3136 141 764 100 247 144 1665 430 108 237 3045 105 493 137 243 988 1732 154 109 298 197 146 122 235 566 273 217 166 1054 897
internal_value=-3.01629e-05 0.00109193 -0.00055065 -0.00981708 0.0053896 -0.00907113 0.0217636 0.00502538 0.000377 0.00252611 0.000424306 0.0102767 0.0114291 0.0011395 0.00618715 -0.00317287 0.0290557 0.0107361 0.01555 0.00565486 0.0157461 -0.0159259 -0.0180028 -0.0134865 -0.0124192 0.0111396 0.0203781 0.0145737 0.0220666 0.00583549 0.00794893 0.0200537 0.0127989 -0.00397997 -0.000272068 -0.0043818 0.0121847 0.000616388 -0.0162263 -0.00121047 -0.00389889 -0.00989965 -0.0068688 0.000693331 -0.000381884 -0.0174985 0.00223837 -0.00855602 0.00691715 0.01868 0.0458515 0.01002 -0.00289771 0.00882541 0.00411082 0.0247509 0.0018836 -0.00158583 -0.00350982 -0.00646021 -0.00373354 -0.0137448
internal_weight=6999.55 5423.43 3824.97 590.418 168.978 89.593 79.3848 1598.46 848.466 788.849 731.209 749.995 253.356 3234.56 1028.13 355.42 57.6399 38.2296 228.828 141.851 104.854 421.44 400.234 332.848 74.775 672.712 244.91 202.802 166.234 427.802 406.692 164.679 675.22 97.8611 242.013 214.808 82.2921 65.623 314.938 2206.43 1466.49 636.169 559.232 830.324 810.129 107.73 702.399 212.043 490.355 181.007 43.5037 137.503 82.366 63.393 739.933 71.7505 668.182 551.2 520.852 465.406 430.346 214.045
internal_count=38949 30025 21099 3344 905 500 405 8926 4896 4518 4177 4030 1414 17755 5639 1991 341 229 1260 798 597 2439 2321 1908 386 3648 1312 1100 893 2336 2198 796 3644 508 1402 1255 491 391 1795 12116 8422 3712 3282 4710 4605 630 3975 1231 2744 1012 263 749 451 343 3694 357 3337 2771 2607 2334 2168 1114
is_linear=0
shrinkage=0.05


Tree=88
num_leaves=63
num_cat=0
split_feature=14 72 72 71 52 94 75 35 15 4 66 44 25 10 41 4 17 49 95 0 71 44 78 1 37 1 53 52 22 10 53 53 16 50 82 71 72 52 33 53 52 97 34 61 49 96 25 10 49 59 14 1 41 62 5 75 35 25 1 47 35 72
split_gain=11.9338 12.0699 11.6541 14.1067 13.1055 11.4862 11.5891 11.9184 11.0695 10.0189 14.907 14.4697 14.1307 16.228 10.4636 10.1682 11.9025 16.1939 11.5737 10.1023 10.6173 15.3225 17.229 14.5855 16.7862 14.5519 13.4646 11.4441 11.1093 12.1271 14.397 12.9924 11.8077 14.8161 10.7242 10.16 9.68854 11.7828 14.6056 11.6965 10.6082 9.56174 9.49003 9.44871 9.71801 10.4491 9.35331 9.14623 14.116 9.12938 28.5678 9.8504 9.25235 10.1751 9.85644 12.4672 8.99044 8.98605 9.43353 8.91969 9.51703 8.81321
threshold=0.15528250968117341 -3.4815288034856349 2.3844249429223514 1.009355661501093 254.22500000000002 58.500000000000007 1.5000000000000002 2.4209072854822504 0.86842105263157909 2.1849654045742848 16.312500000000004 -1.4780703458997628 0.50091803698425708 1.4318673627966432 0.3781577747378021 0.23302820703204777 0.68228583894553885 -0.80615021946595711 199.50000000000003 270.00000000000006 0.56060811043699432 0.44025585297032827 -1.2019295239973216 6.4196428571428585 2.5000000000000004 17.705357142857149 0.55629100643911167 1586.3750000000002 1309.5000000000002 0.76872793779052884 1.2149157134441511 0.63537146689092439 1.0434029085976946 0.88340232405124475 2.5000000000000004 0.50511901038855134 0.40996301039980215 1907.5500000000004 2575.5000000000005 2.3296151795383158 584.72500000000014 5.555730533683291 1.3051221879370296 6.3409522603520339 1.3281533576823126 10.483917953769835 0.21167580382278858 0.91862102830718395 -0.61581546068057547 19.500000000000004 0.6643031074771576 12.098214285714286 0.92963491652828256 14.72777746239001 0.78805704099821761 8.5000000000000018 1.7438302420674543 0.58755201757204023 4.4732142857142865 -0.19262209302349306 1.3167230516155066 0.82834689581508736
decision_type=2 2 2 2 2 2 2 2 2 2 2 2 2 2 2 2 2 2 2 2 2 2 2 2 2 2 2 2 2 2 2 2 2 2 2 2 2 2 2 2 2 2 2 2 2 2 2 2 2 2 2 2 2 2 2 2 2 2 2 2 2 2
left_child=-1 -2 4 41 -3 6 7 -6 -5 11 -11 12 46 -14 -13 16 17 -16 -19 20 21 23 43 24 -17 27 -27 28 29 30 -25 -31 33 -30 -22 -35 -24 38 39 40 -38 -4 -7 -23 45 -45 -8 -28 -49 50 51 -33 53 -51 55 -54 -46 58 -21 60 -42 -60
right_child=1 2 3 8 5 42 9 -9 -10 10 -12 14 13 -15 15 19 -18 18 -20 57 34 22 36 25 -26 26 47 -29 32 31 -32 49 -34 35 -36 -37 37 -39 -40 -41 59 -43 -44 44 56 -47 -48 48 -50 52 -52 -53 54 -55 -56 -57 -58 -59 61 -61 -62 -63
leaf_value=0.033286155594319848 0.025012536912681228 0.028775272527888175 -0.0001861496916203645 -0.027919252974530656 -0.035895638186593498 -0.025690673347979233 0.010588883521325245 0.0053400929052943294 0.015320872938242395 -0.024571740600787706 0.022171885685951929 0.031551089302138548 0.027762832273519486 -0.020686778505115327 -0.070112537709812406 0.0062902076560050688 0.010187107229442932 -0.039853524818732111 0.006940047189320492 0.027587179479805681 0.0058971896789747451 -0.041575866493801787 -0.0059559078321678076 0.023330301724179298 0.052468868885494839 0.048191668380673715 -0.015231309846225317 -0.022301368456328661 -0.011773552007716123 -0.030974111559005625 -0.016562558475067258 0.0018825113718750387 -0.0067421675105069721 0.072548074847590835 -0.0030548129941186932 0.016626932592509136 0.003298304017275678 0.053149596075099462 -0.0021418938995811927 -0.0039144951167149646 0.0024058191007564882 0.042245271057159993 0.0047964036321320683 0.013539204695679811 0.048167863250280461 -0.020272836948147941 0.047728624104098449 -0.019540746375570545 0.032511572730970849 -0.033067619150247737 0.058955822892873301 -0.038228161380882877 -0.0098230205565685777 0 -0.022851497686243505 0.043110635428141759 -0.0029249732918397039 0.013240774961412681 -0.0043320134273210137 0.064638774703980856 0.042794397695092183 0.011745458419398905
leaf_weight=26.675292462110519 47.198317095637321 37.617868393659592 17.995453394949436 25.301961023360491 45.785183627158403 81.730231780558825 30.385841149836779 28.002077348530293 35.286081567406654 86.736670818179846 21.033101566135883 25.449430380016565 30.082419440150261 40.340218663215637 16.918706387281418 141.73570302501321 29.388790465891361 23.626982126384974 29.447512656450272 32.069184619933367 366.92165573686361 14.311282221227883 35.795563608407974 61.199605211615562 22.840480163693428 21.447064302861691 36.572782870382071 98.717293679714203 15.150775838643311 68.06476791203022 35.614849764853716 64.487335048615932 43.84321591630578 18.312258519232273 3746.5564346015453 15.163852386176584 24.534171186387539 26.726769357919693 63.612101703882217 25.866103000938892 21.211565807461739 48.136434383690357 36.689554315060377 37.231762647628784 18.006710540503263 58.419977556914091 39.655684500932693 18.677466064691544 41.880913682281971 74.060728259384632 19.849333364516497 19.885904211550951 23.392174769192934 33.476439483463764 27.840559042990208 20.862936124205589 16.063563503324986 238.01568150147796 349.8942139968276 27.444208890199661 48.664552472531796 112.55442462489009
leaf_count=163 293 406 93 144 237 473 150 133 242 440 109 129 136 187 110 691 157 181 143 159 1920 109 234 352 110 128 270 871 122 369 206 340 264 119 20519 105 124 125 313 126 99 295 189 248 114 426 189 124 283 447 106 131 122 191 160 116 104 1217 1944 120 220 602
internal_value=-2.9364e-05 -0.000158176 -0.000331021 0.0146849 -0.000612213 -0.000777099 -0.000500673 -0.0201931 -0.00267035 -0.000278107 -0.0153905 -2.4681e-05 0.0158409 0 -0.000378795 -0.000509354 -0.0163684 -0.0275885 -0.0138326 -0.00025354 -0.00099476 0.00286711 0.0108102 -0.000724183 0.0127574 -0.00365724 0.0124096 -0.00664374 -0.00377491 -0.00703403 0.00860149 -0.0113508 0.0119773 0.028937 -0.00225496 0.0474911 0.0181735 0.0218237 0.0178151 0.0264385 0.0329204 0.0306407 -0.0162067 -0.0031582 0.00107039 -0.00705913 0.0317258 0.00441592 0.0163694 -0.00661858 0.00511578 -0.00754603 -0.0134537 -0.0227389 0.000339047 0.0150594 0.0239941 0.00525814 0.00140402 0.0403257 0.0306265 -0.000406448
internal_weight=6990.46 6963.78 6916.59 126.72 6789.87 6752.25 6633.83 73.7873 60.588 6560.04 107.77 6452.27 140.464 70.4226 6311.81 6286.36 99.382 69.9932 53.0745 6186.98 5454.44 1340.96 417.888 923.076 164.576 758.5 118.578 639.922 541.205 448.735 96.8145 351.92 92.4701 48.6269 4113.48 33.4761 273.855 238.059 211.333 147.721 121.854 66.1319 118.42 144.033 129.722 95.6517 70.0415 97.1312 60.5584 283.855 104.223 84.3732 179.633 107.537 72.0957 44.2551 34.0703 732.534 494.518 97.3203 69.8761 462.449
internal_count=38949 38786 38493 774 37719 37313 36651 370 386 36281 549 35732 662 323 35070 34941 591 434 324 34350 30428 7989 2362 5627 801 4826 805 4021 3150 2540 558 1982 610 346 22439 224 1361 1127 1002 689 563 388 662 1001 892 674 339 677 407 1613 577 471 1036 638 398 238 218 3922 2705 439 319 2546
is_linear=0
shrinkage=0.05


Tree=89
num_leaves=63
num_cat=0
split_feature=34 10 3 3 49 29 48 29 61 62 59 53 1 10 20 42 77 14 14 48 60 3 10 34 35 34 53 24 6 40 61 33 97 40 53 47 50 6 40 0 39 54 47 50 17 60 59 75 21 71 10 5 5 50 21 48 60 53 41 6 24 21
split_gain=10.9557 18.8739 15.8387 16.636 15.0112 17.5261 15.9072 14.5836 17.8795 14.7072 18.9859 20.8695 20.5654 19.1718 14.187 18.9247 14.0426 14.0227 15.8086 13.588 17.3959 15.1473 16.866 19.927 17.9733 25.4827 17.1896 14.8641 18.0892 22.3807 19.396 15.1912 14.3926 13.6892 14.7064 15.53 17.3259 14.5538 17.137 15.9454 23.6505 14.2991 13.9373 13.4455 16.4679 16.0775 13.4231 13.3225 13.7223 13.1356 13.0928 12.9722 15.1486 12.751 12.6827 14.8129 13.7263 12.9816 12.4928 12.3105 13.0038 12.2244
threshold=1.0894546200664712 0.84789960866919478 0.69675752182024842 0.78194843779950174 -1.693778499364649 0.27855097472833906 0.25286960098728167 0.32011274760405567 2.267781986531987 3.5856627067318896 12.500000000000002 0.75124368668395525 7.1339285714285721 1.3212092851940955 0.26705426356589151 3.5000000000000004 2.1351083460034159 0.67856492797337375 0.46507361290448174 1.7994777618361268 253.50000000000003 1.0594154107541771 1.2779890244696459 1.4435499749392644 1.8576008652815872 1.1167003169203089 0.535923202224586 0.55263157894736847 0.13363095238095241 1.9698212844828278 4.5205063527653229 2396.5000000000005 7.1393233882651232 1.0916991930119606 3.4412963435917088 -1.0919703517012129 1.0314987968979017 0.93039405684754539 1.7184545637407358 90.000000000000014 1.7641053848852473 2.2211445521019209 -0.99179532670710169 0.77859375340036507 1.1952076476429598 341.50000000000006 42.500000000000007 1.5000000000000002 0.81892697466467979 0.44138300177090756 1.3718523473674469 0.92530338959408576 0.71473779385171798 1.1345546931180677 0.13079116179615113 -0.63636081515168075 143.50000000000003 1.2623831688063698 1.0591821541570288 0.090499590499590513 0.44736842105263158 0.2809758771929825
decision_type=2 2 2 2 2 2 2 2 2 2 2 2 2 2 2 2 2 2 2 2 2 2 2 2 2 2 2 2 2 2 2 2 2 2 2 2 2 2 2 2 2 2 2 2 2 2 2 2 2 2 2 2 2 2 2 2 2 2 2 2 2 2
left_child=4 43 -3 -4 53 6 -6 59 -9 10 11 -10 -12 14 61 17 -17 18 -16 21 -21 22 24 50 25 -5 -27 28 51 -30 -31 -32 -26 -29 35 36 58 54 -39 -40 -41 42 -37 -2 45 -45 -46 -11 -49 -13 -24 52 -23 -1 56 57 -38 -56 -35 -7 -61 -14
right_child=1 2 3 19 5 7 -8 8 9 47 12 49 13 -15 15 16 -18 -19 -20 20 -22 27 23 -25 32 26 -28 33 29 30 31 -33 -34 34 -36 41 37 38 39 40 -42 -43 -44 44 46 -47 -48 48 -50 -51 -52 -53 -54 -55 55 -57 -58 -59 -60 60 -62 -63
leaf_value=-0.038613016553756527 -0.02488496586024096 0.036822540400352766 -0.028083319945089225 0.048374691298312483 -0.0075852040025859262 -0.046559750428858473 0.044840923298323676 -0.014727316473712171 0.05625645263163466 -0.040554724891312649 0.021846836906534051 0.042809882563373314 -0.01463694322504863 0.039623808231189744 0.025434819221024214 -0.016723806890533977 0.038583347989369514 0.014176223403166847 -0.03498206565786794 0.057386463384090008 -0.0024464062384713034 0.015731478347676828 0.03965128726948193 0.057908207437251148 0.054515093346191305 0.034057131534905215 -0.014201170157303039 -0.036173160370853524 0.028451553914586064 -0.036361484385750743 0.031442001011441789 -0.01464492082525877 0.0077127026215838756 -0.040645194734650447 0.023510339792612842 0.030112972003540017 0.029216596728889089 -0.051427503725447854 -0.036809352169577945 0.046559811206366333 -0.027802059069346588 0.030122811925592213 -0.0017578799260353597 0.029570626894987191 -0.017511671344065189 -0.011790845734706536 0.028858459586395414 0.0011630404740147931 0.041216459140381356 -0.0079209161725333783 -0.011703176366040138 0.025319528314608732 -0.03924457888037694 -0.00015196501305762312 0.0047831837220769658 -0.0061809609467006893 -0.020587518458793662 0.054525828575185488 -0.00052949706428222687 -0.036939459693613959 0.0097171844066468553 -0.041146718667534353
leaf_weight=50.834161482751369 20.533003229647875 30.187796488404274 50.022698253393173 21.448391009122133 23.001714181154966 31.893254209309816 38.133956916630268 232.99165338277817 19.885369878262281 18.861124690622091 37.776036716997623 15.050580389797686 80.826525297015905 14.305544529110191 12.172967657446859 18.305407427251339 30.05590396001935 24.918918408453465 88.012646622955799 23.96660290658474 24.20518871024251 17.582851976156235 20.768561627715826 35.72243669629097 27.140820827335119 20.547276943922043 170.45563834533095 29.208393055945635 145.06467277556658 29.322324719280005 41.709439784288406 30.992124542593956 42.243583455681801 71.20851144567132 55.970296982675791 34.871577136218548 17.062206730246544 31.06370297819376 26.938207145780325 23.050363108515739 19.702849116176367 37.239953354001045 1764.1889046244323 178.48585234954953 51.254967350512743 26.811812173575163 22.289037190377712 2518.8969435542822 21.476696852594614 80.753719925880432 30.333733309060335 17.909232374280691 42.221103105694056 37.809271045029163 23.490925513207912 43.397382073104382 70.228117194026709 30.351705774664879 27.017413433641195 24.214997924864292 38.375224556773901 96.427374519407749
leaf_count=307 140 163 264 115 112 174 200 1512 125 99 192 101 669 93 60 112 185 217 831 182 150 109 112 175 138 107 999 153 847 161 205 224 212 467 328 177 118 200 177 132 112 204 8817 966 247 134 107 13569 112 636 166 102 241 188 187 220 415 172 175 142 192 801
internal_value=-2.81178e-05 0.00198874 0.000838552 0.000484968 -0.00197332 -0.00145188 0.0250543 -0.00192995 -0.00137523 -0.000362378 -0.00804176 0.00978036 -0.0131741 -0.016817 -0.0191441 -0.0089293 0.0175544 -0.0192128 -0.0275733 0.00095658 0.0272755 0.000531189 0.0100223 0.0292863 0.00406161 -0.00313574 -0.00896848 -0.00079776 0.00921153 0.0158363 -0.00206229 0.0117337 0.0261443 -0.0022107 -0.00177104 -0.00241177 -0.0115622 -0.0053005 -0.0205802 -0.00670487 0.0121885 -0.000497454 -0.0011357 0.0139809 0.0168687 0.0241414 -0.00337024 0.00119173 0.00150524 3.29394e-05 0.0091069 -0.0117809 -0.0229984 -0.0222831 0.00302187 0.015455 -0.010773 0.0329655 -0.0296738 -0.0212924 -0.00828378 -0.0291017
internal_weight=6981.19 3426.21 3126.83 3096.65 3554.98 3466.34 61.1357 3405.2 3310.72 3077.73 518.491 115.69 402.801 365.025 350.72 173.466 48.3613 125.105 100.186 3046.62 48.1718 2998.45 368.66 86.8247 281.836 212.451 191.003 2629.79 324.802 247.089 102.024 72.7016 69.3844 2304.99 2275.78 2219.81 383.511 285.285 100.755 69.6914 42.7532 1836.3 1799.06 299.375 278.842 205.298 73.544 2559.23 2540.37 95.8043 51.1023 77.7132 59.804 88.6434 184.53 97.24 87.2903 53.8426 98.2259 94.4835 62.5902 177.254
internal_count=38949 18320 16726 16563 20629 20134 312 19822 19314 17802 4022 862 3160 2968 2875 1405 297 1108 891 16299 332 15967 2024 453 1571 1221 1106 13943 1889 1437 590 429 350 12054 11901 11573 2375 1733 621 421 244 9198 8994 1594 1454 1100 354 13780 13681 737 278 452 350 495 1112 579 533 359 642 508 334 1470
is_linear=0
shrinkage=0.05


Tree=90
num_leaves=63
num_cat=0
split_feature=0 77 41 8 72 77 54 61 72 54 78 77 45 53 58 71 50 43 21 24 5 21 41 72 62 9 45 24 38 31 26 7 32 16 4 3 7 41 51 21 10 34 5 8 77 34 17 50 9 1 29 31 78 38 38 47 8 51 4 34 62 61
split_gain=13.2577 12.3673 10.1224 10.9686 10.0842 12.1351 11.3799 11.9944 11.058 18.3967 20.0069 20.0537 28.4042 16.7132 16.4279 16.6789 16.252 14.3306 15.8307 14.8038 14.7096 14.2655 13.9983 13.7613 15.3916 13.1772 13.9619 13.109 16.0935 16.5512 12.6129 12.4041 12.8104 12.3647 13.9251 17.4506 12.1457 14.9665 21.3233 12.5729 11.8095 11.6937 11.5923 11.4813 11.4811 13.2015 22.3756 11.3994 15.4031 18.887 11.0541 11.0024 10.9305 12.8773 12.0211 15.0307 17.946 12.6653 11.6683 13.023 12.3973 10.904
threshold=1.0000000180025095e-35 2.2810225241302295 0.44481386843954956 0.12012658227848103 -1.5424415011038541 2.2168381498267866 0.63309000164697105 9.3670916732491794 0.8144976136982286 0.47584222003535265 0.63186170499000638 2.4163167863897814 -0.99094176952132251 1.52233945129714 10.500000000000002 0.93484008660031692 1.0255884992350373 4.5000000000000009 0.60158730158730167 0.92105263157894746 0.64530791788856312 0.44290238450074521 1.4557982678563512 -0.50195842915949374 28.754704905555943 1063.5000000000002 -0.57068378995439806 0.86842105263157909 -0.46700532172230275 1.5940334482886491 0.56821097647897367 0.052506265664160411 0.94301948051948059 0.98466113947544642 0.51346589545369448 0.8190405263814643 0.092688048873615897 0.83990038500062614 -0.2040276036499041 0.6195238095238097 0.58424894186009235 1.0023819893964718 0.74482364700842507 0.10509059534081105 2.2979483472720741 1.1624634685903981 0.53579972658920039 0.82035834608674274 1384.5000000000002 7.6875000000000009 0.63914647275934255 0.49176534393925703 -2.684838193716991 0.49021277320368845 0.33256037660816201 2.0946900018195342 0.14833149981664837 -0.43042242339478826 0.98630896594814133 1.3771197581604067 7.8029196042082516 35.324101860584761
decision_type=2 2 2 2 2 2 2 2 2 2 2 2 2 2 2 2 2 2 2 2 2 2 2 2 2 2 2 2 2 2 2 2 2 2 2 2 2 2 2 2 2 2 2 2 2 2 2 2 2 2 2 2 2 2 2 2 2 2 2 2 2 2
left_child=1 -1 3 -2 5 -4 7 -7 13 41 17 -12 -13 14 21 -16 -14 19 31 20 33 23 30 24 27 26 -25 28 -6 47 -18 44 61 34 35 -11 37 43 -39 42 -15 -10 -38 -23 -19 46 -46 -30 49 -49 -21 -28 -8 54 55 56 57 -54 59 60 -55 -33
right_child=2 -3 4 -5 8 6 52 -9 9 10 11 12 16 40 15 -17 22 18 -20 50 -22 36 -24 25 -26 -27 51 -29 29 -31 -32 32 -34 -35 -36 -37 39 38 -40 -41 -42 -43 -44 -45 45 -47 -48 48 -50 -51 -52 -53 53 58 -56 -57 -58 -59 -60 -61 -62 -63
leaf_value=-0.00084044057096709427 -0.0030193838591538111 -0.010027961389784118 0.015358361369231507 0.038974683168877144 0.045175303683793466 -0.035296879128344318 0.028142080928402487 0.011192467452196028 -0.059403306213008739 0.030229956235155144 0.021151030120508105 0.045770824134447219 0.011269830614938227 0.025847934137212716 0.0043535623872124262 -0.01388708975912676 -0.056437717926398338 -0.01895313070307398 -0.028095950425914226 0.03562566417704887 -0.017549228337276401 0.021632742600948215 0.014426752517372641 0.027204869969423614 -0.039493223244474747 -0.025992431236368997 -0.045345439759043676 -0.018454324213706349 0.026692871513134715 0.033850504087345364 -0.014157972932136074 0.0073325230500544377 0.049909422638681304 -0.018540695048559784 0.042504333408453054 -0.039559965601175334 0.01747282482989361 0.010247619957326412 0.068035372173505346 -0.024319539129856401 -0.011514913039929076 -0.0070990443042742921 -0.024727887016302727 -0.034334810836679261 -0.0018511881106775534 -0.014576480809391472 0.065968491417754974 -0.028101353937704979 -0.027409615083204854 0.022642014563298545 -0.010154051660090637 -0.0020625775865770984 0.039198800758225988 0.025803719114915403 0.037867990990629041 -0.020591711267150842 -0.014548851254075654 0.0047806256505182575 -0.023287757657334884 0.032149815071691165 -0.017164205301554762 0.0444301804078873
leaf_weight=1005.1360565889627 26.945862162858248 577.43874031119049 241.37145895138383 35.965348556637764 23.551889453083277 38.606594700366259 44.01333287358284 21.355884272605181 17.978504162281752 18.460150513797998 283.48301376774907 28.623215176165104 63.242559771984816 21.896849494427443 1472.7949202023447 136.7789962887764 30.316444553434849 78.496216513216496 34.420370072126389 32.481076426804066 244.43960285931826 16.630136031657457 20.940081905573606 27.106100555509329 26.338562112301588 182.06403974443674 20.8416045345366 71.061302296817303 24.755942214280367 33.281771644949913 43.238379083573818 430.27668814733624 20.022827699780464 35.873721230775118 30.637465979903936 17.186571776866913 62.953577317297459 46.235694278031588 24.530261073261499 53.709637261927128 508.43247767724097 26.837788410484791 21.771270282566547 20.034793544560671 31.801306504756212 39.265966832637787 19.45217639952898 28.037835076451302 67.82633912563324 52.40131489187479 21.860346127301455 50.058132074773312 58.95472489669919 21.855553660541773 33.060357838869095 43.483768403530121 42.969324633479118 49.553979340940714 72.964773129671812 27.568891175091267 70.58377718552947 20.742089465260506
leaf_count=5621 169 3359 1201 190 127 183 246 109 107 115 1468 138 322 127 7680 693 142 427 200 178 1595 108 104 162 174 1516 131 364 149 182 220 2336 106 228 183 116 394 253 162 346 2946 158 135 149 184 216 99 152 452 297 121 281 278 102 161 243 196 227 361 131 379 119
internal_value=-0.000170292 -0.0041963 0.00100603 0.0209324 0.000770372 0.006079 0.00180089 -0.0186652 -0.000116294 0.00325201 0.00417147 0.012778 1.00122e-05 -0.00190742 -0.000171402 0.00279963 -0.00828585 0.000405833 0.0048601 -0.0070742 -0.0108878 -0.00578189 -0.0214248 -0.0098976 -0.002915 -0.0180348 -0.00318965 0.000282055 0.00610179 0.00159714 -0.0317049 0.0066443 0.0108165 0.00500415 0.0178309 -0.00329495 0.00436412 0.0169826 0.0304174 -0.00539744 -0.00995822 -0.0282783 0.00655343 -0.00882378 -0.00495335 0.00713925 0.0238693 -0.00459408 -0.00986625 0.00487992 0.0171328 -0.0149023 0.00445417 0.00195973 0.0100117 0.0052454 0.012704 0.0235455 -0.00752907 0.00202196 -0.0069343 0.00905918
internal_weight=6995 1582.57 5412.42 62.9112 5349.51 766.342 524.971 59.9625 4583.17 1590.08 1545.26 469.844 186.361 2993.09 2462.76 1609.57 157.737 1075.42 674.478 400.939 346.598 853.19 94.4949 607.325 327.255 280.07 98.0058 300.916 229.855 206.303 73.5548 640.057 471.042 102.158 66.2842 35.6467 245.865 107.431 70.766 138.434 530.329 44.8163 84.7248 36.6649 169.016 90.5194 51.2535 173.021 148.265 80.4391 54.3414 70.8997 465.008 420.995 228.022 194.962 151.478 108.509 192.973 120.008 92.4393 451.019
internal_count=39018 8980 30038 359 29679 3817 2616 292 25862 8882 8617 2394 926 16980 13907 8373 788 6223 3687 2536 2237 5534 466 3987 1897 2090 574 1723 1359 1232 362 3487 2561 642 414 231 1547 672 415 875 3073 265 529 257 926 499 283 1050 901 449 299 412 2324 2078 1105 944 701 505 973 612 481 2455
is_linear=0
shrinkage=0.05


Tree=91
num_leaves=63
num_cat=0
split_feature=56 33 0 77 41 25 21 24 62 19 62 19 61 50 19 44 54 3 25 54 97 77 20 22 15 51 35 35 44 17 17 53 54 29 62 34 16 54 59 15 34 14 96 22 32 71 5 54 61 33 34 21 38 25 5 51 96 44 33 1 7 34
split_gain=12.6683 11.497 11.3406 11.1969 9.84396 10.6534 9.55845 15.8764 14.0527 17.4538 23.5841 12.9263 12.1705 11.146 18.2252 26.0223 22.2659 22.1689 19.0142 14.6087 14.7528 14.4443 16.5557 12.2599 11.6913 12.101 10.5481 10.1239 11.6965 13.2718 11.7348 10.6705 9.95692 17.3264 18.6257 16.7609 13.1671 12.8825 17.6526 23.0401 19.1227 24.2036 18.0232 17.3838 17.2599 16.7556 15.4255 19.7713 15.9312 15.378 15.3623 18.5778 15.5117 14.2875 13.1827 12.9635 12.2141 12.0875 12.0426 11.7026 14.765 11.3773
threshold=6.5000000000000009 414.00000000000006 1.0000000180025095e-35 2.2810225241302295 0.44481386843954956 0.31669091148327116 0.70074626865671652 0.23684210526315791 29.235716874018607 0.84108946608946622 5.7117987583198175 0.91967741935483882 43.493517908152064 0.77859375340036507 0.25121359223300976 0.45363623664357261 1.3063333032111697 0.85899330730619095 0.12616402460152462 1.0817579103601338 4.6229486616937256 1.9239470845996032 0.20656665468918436 859.50000000000011 0.44736842105263158 0.25362662489276327 2.0649763193504742 5.2351851851851867 -1.4316211652125277 0.45847678549822363 0.25264245040753291 0.55629100643911167 0.73810005595671535 0.27855097472833906 21.501156054993416 3.1978854171352098 2.7032220150961215 1.1456670689646156 50.500000000000007 0.39473684210526322 1.3630141853342217 0.60959159406791685 4.9069235383563763 643.50000000000011 0.71270481780386408 0.53538956816236138 0.87884030617594644 1.0156389494542342 15.347436958807869 1036.5000000000002 2.1585308324661652 0.50206611570247939 -0.13954655194682614 0.5973824468781801 0.85791925465838526 -0.42626430729623344 20.29645352081241 -1.3294068789140614 1204.5000000000002 9.0625000000000018 0.099504950495049524 1.9647702556013995
decision_type=2 2 2 2 2 2 2 2 2 2 2 2 2 2 2 2 2 2 2 2 2 2 2 2 2 2 2 2 2 2 2 2 2 2 2 2 2 2 2 2 2 2 2 2 2 2 2 2 2 2 2 2 2 2 2 2 2 2 2 2 2 2
left_child=1 -1 3 -3 5 -4 12 -8 9 26 -11 -12 13 14 19 17 -17 21 -19 20 -6 -16 -23 -20 25 -24 -9 28 29 30 -15 -31 35 34 -34 57 37 38 43 42 56 -42 -40 46 -45 -39 48 -48 53 -50 51 61 -52 55 59 -35 58 -30 -41 60 -53 -47
right_child=-2 2 4 -5 6 -7 7 8 -10 10 11 -13 -14 27 15 16 -18 18 23 -21 -22 22 24 -25 -26 -27 -28 -29 32 31 -32 -33 33 36 -36 -37 -38 45 39 40 41 -43 -44 44 -46 50 47 -49 49 -51 52 54 -54 -55 -56 -57 -58 -59 -60 -61 -62 -63
leaf_value=0.039480468239359051 -0.025338059285329929 -0.00062919685848446716 0.0470525391599972 -0.0094304509500557198 0.027318577022801067 0.0042297660943700572 0.02851339717844982 -0.036507428418829875 -0.049107188122384467 -0.038894163773236373 0.048291459358712825 0.00048689108373462008 0.030278660613226843 0.018122158365104005 -0.025249302910151008 0.040820306702574069 -0.015700153101872186 0.0085191651599758351 -0.056796254931375481 -0.05701250706781491 -0.029924824706700201 -0.018738887987857285 0.033659292712497728 -0.014024515725938241 0.061453862441195287 -0.019023486097202953 -0.0021279738885716533 -0.025423838542563738 -0.034189604278531509 0.0098168408728159101 -0.026086665630599543 0.047488450517982395 0.0022578166618927131 -0.023698630675357525 0.048463304540502121 -0.036401395867238291 0.038872500972516787 0.012871517835050203 0.062052485272479765 0.01503856289138115 -0.0032646091316744143 0.053335219642978493 0.011800547955851021 -0.014556750814521013 -0.0024633145089970085 -0.003050282604193928 -0.036471886605410307 0.021148123806015887 -0.035097770423948786 0.012660591452089559 -0.0058555293901078409 0.060364437781459959 0.03997384113307223 0.05237478445463805 -0.011162757461952666 0.016926107198708806 0.024724964806476079 0.0078032411563697061 -0.024955025083983395 0.0036679713599748151 0.015653381748833 -0.040730538487112396
leaf_weight=18.306787606328726 49.516409050673246 994.44053908064961 23.755516331642866 568.77966092899442 16.026706665754318 37.93674760684371 24.357218291610479 58.258601076900959 25.052115134894848 19.203176345676184 29.041004851460457 27.890795461833477 35.682321067899466 34.267583735287189 31.642011165618896 54.774661917239428 25.313850313425064 26.080466601997614 45.875575173646212 28.503396697342396 36.799199014902115 27.174076147377491 29.221152998507023 27.049364548176527 18.295811958611012 17.139037624001503 36.659400973469019 34.059874400496483 17.325394958257675 35.489109225571156 26.532680861651897 40.997975222766399 51.693773373961449 22.320501759648323 37.95009483397007 22.642596952617168 21.163758501410484 321.68688843026757 29.415701095014811 22.995204880833626 47.010068517178297 31.293975792825222 46.07898673415184 590.75892010703683 591.71931707672775 1012.7662875503302 44.241559386253357 22.216079071164131 33.728208377957344 33.319939598441124 30.327410683035851 31.678640197962523 46.335263326764107 24.717950485646725 39.592482097446918 154.09895525127649 19.879977341741323 914.73379861935973 99.074447916820645 53.813602074980736 45.299877438694239 20.366327300667763
leaf_count=317 260 5539 130 3297 115 211 139 331 124 102 154 141 207 162 195 300 145 164 226 173 190 194 171 216 100 113 188 184 80 173 137 205 253 108 185 112 113 1791 144 115 244 161 260 3525 3269 5572 208 110 161 152 162 155 253 136 215 729 104 5215 543 313 227 100
internal_value=-0.000163041 1.63558e-05 -8.79447e-05 -0.00383514 0.00100539 0.0208497 0.0007727 -0.00941424 -0.0141627 -0.00898983 0.00879005 0.0250017 0.00121673 0.0010092 -0.00717569 -0.00150673 0.022896 -0.0103202 -0.0279396 -0.0281765 -0.0124446 0.00377858 0.0138517 -0.0410407 0.0276341 0.0140762 -0.0232982 0.00168591 0.00188751 0.0162614 -0.00109922 0.0301102 0.00144558 0.000217454 0.0219065 0.0059751 -0.000347587 -0.000593259 -0.00348119 0.00768465 -0.000467291 0.0193307 0.031503 -0.00566153 -0.00851007 0.00267198 0.00438853 -0.0171322 0.0097445 -0.011306 0.000104299 -0.0012749 0.0217948 0.0167886 0.0140109 0.0117474 -0.0114297 0.00701372 -0.0173741 0.0216722 0.0341724 -0.00380179
internal_weight=6984.37 6934.85 6916.55 1563.22 5353.33 61.6923 5291.63 220.462 196.105 171.053 76.135 56.9318 5071.17 5035.49 383.895 302.566 80.0885 222.477 99.0054 81.3293 52.8259 123.472 91.8301 72.9249 64.656 46.3602 94.918 4651.59 4617.53 137.287 60.8003 76.4871 4480.25 3525.54 89.6439 954.702 3435.9 3414.74 1812.87 295.748 220.254 78.304 75.4947 1517.12 1182.48 1601.87 334.643 66.4576 268.186 67.0481 1280.18 1203.52 76.6627 201.137 170.385 176.419 141.95 932.059 122.07 130.792 76.9785 1033.13
internal_count=39018 38758 38441 8836 29605 341 29264 1179 1040 916 397 295 28085 27878 2302 1824 445 1379 606 478 305 773 578 442 384 284 519 25576 25392 677 299 378 24715 19308 438 5407 18870 18757 9969 1571 1167 405 404 8398 6794 8788 1604 318 1286 313 6997 6582 415 973 910 837 762 5295 658 695 382 5672
is_linear=0
shrinkage=0.05


Tree=92
num_leaves=63
num_cat=0
split_feature=56 33 91 78 96 45 60 66 24 45 52 18 48 3 6 44 32 53 51 47 44 4 9 41 9 41 44 33 6 46 60 60 38 9 18 9 52 94 96 44 17 44 96 66 53 5 21 4 21 40 24 97 39 21 40 26 21 38 78 46 6 5
split_gain=11.5046 10.7606 10.4724 10.1866 10.1818 12.9316 10.2927 15.9278 14.0065 12.7311 12.6213 12.2408 11.3405 10.9254 16.0075 13.7131 15.2262 13.6788 11.5953 17.7173 12.7327 10.086 12.4031 24.5279 21.9314 18.4272 16.1136 13.5636 17.268 18.5892 9.86892 11.2386 13.4625 16.5934 11.5586 10.9245 10.0954 9.74281 9.09972 10.181 14.5068 15.1518 13.0511 12.8464 10.7063 11.1614 11.2794 10.8028 9.80948 9.63112 9.87252 9.6116 11.6828 9.46194 10.3655 12.6654 11.7719 9.80749 9.40177 12.1397 11.5809 8.70986
threshold=6.5000000000000009 414.00000000000006 3.5000000000000004 5.5847909544955741 43.078805170606735 -0.58749074020318259 31.500000000000004 7.0446428571428585 0.34210526315789475 0.60111859830337433 2392.2000000000003 0.34815546772068517 -0.63636081515168075 1.0557614144424876 0.85254529767040566 -0.93033590037683533 0.46231487117062292 1.1022118163745347 -0.32091338208274373 0.084927290997735425 -0.34949043060675627 2.1849654045742848 2382.5000000000005 0.92083862597404165 2169.5000000000005 0.76603413434389178 -1.7180359579737907 6616.5000000000009 0.89198911141357196 0.42198342054532323 385.50000000000006 368.50000000000006 0.97752871952928 971.50000000000011 0.7372735116479725 1440.5000000000002 696.80000000000007 49.500000000000007 1.4400324026406641 0.81286220669732301 0.50815756403070311 0.13169209962227882 4.2447894051237531 3.848214285714286 1.7361628575585224 0.56833748443337495 0.24544852697782193 0.66409412352969188 0.44494949494949498 1.863167068448093 0.76315789473684215 32.630231017092335 1.6359915431877312 0.1925393883225209 1.7911647868340783 0.61957057884810696 0.034632683658170925 0.76322130055671444 -0.14251820647465133 -0.097811865702995618 0.10544848035581914 0.96042400850254528
decision_type=2 2 2 2 2 2 2 2 2 2 2 2 2 2 2 2 2 2 2 2 2 2 2 2 2 2 2 2 2 2 2 2 2 2 2 2 2 2 2 2 2 2 2 2 2 2 2 2 2 2 2 2 2 2 2 2 2 2 2 2 2 2
left_child=1 -1 4 38 6 -6 7 -3 9 11 21 -9 -12 14 17 -15 -17 -10 20 -20 -18 22 24 25 26 -24 -8 28 29 -25 31 -28 34 -34 35 36 -33 -38 -4 40 41 43 51 -40 45 46 -45 -46 -48 50 -41 52 -42 54 55 -44 -56 -55 59 -43 -60 -47
right_child=-2 2 3 -5 5 -7 10 8 13 -11 12 -13 -14 15 -16 16 18 -19 19 -21 -22 -23 23 27 -26 -27 30 -29 -30 -31 -32 32 33 -35 -36 -37 37 -39 39 49 42 58 53 44 47 61 48 -49 -50 -51 -52 -53 -54 57 56 -57 -58 -59 60 -61 -62 -63
leaf_value=0.038852609945058757 -0.024215303354242369 -0.032295060010548229 0.031696814034084392 -0.028340241243069726 -0.009472415425992281 0.047097698358032986 0.033402521810194992 0.026113416397770914 0.024000593624218469 -0.048187778820024375 -0.05149096042362912 -0.024989612087062685 -0.0089235934579775019 0.034303560693200334 -0.0013433235290146543 -0.027602834698198742 0.010211682894442669 0.074520235740056312 0.0071086531861222898 0.056185257863074579 -0.03776877276311149 -0.021107209396600844 0.009948255706101498 0.032138568956924046 -0.028509151135779748 0.059967016328758886 -0.0013853820127434245 -0.044758123587178018 -0.039623435692443379 -0.029616811264616433 0.026933536165226431 -0.011362002804877444 0.043958050019317192 -0.018432115527171663 0.016464742657908218 0.0010786947645791264 -0.055822703635809115 -0.019597659986084124 0.039344071827284138 0.044955141561011186 0.00050577153675780793 -0.026969532375177453 0.053622541816499919 -0.01176872415023174 -0.0085733228766055637 -0.0057986353634944402 0.043383681956786213 0.03845532189846209 0.0072540218666764904 0.0040581497614619617 0.0078100825104363341 0.015581476119806726 -0.035579053915518584 -0.0034244183547965622 -0.018698157256304009 0.017895380038155769 0.016772518812690578 0.022879980898698943 -0.032577495910706029 0.00055570421590415357 0.0058302785861531637 0.027718656528564468
leaf_weight=17.689857851713896 49.233653705567122 25.17853606492281 28.568846367299557 24.970923539251089 17.091821618378162 24.069190576672554 32.671113260090351 23.951377842575312 35.81757277995348 17.989251278340816 23.319310398772359 22.734895829111338 48.475305676460266 39.042375795543194 30.324707541614771 35.707301046699286 32.750130780041218 21.895889423787594 82.680598873645067 23.689517334103584 23.66243938356638 66.296071194112301 39.953844543546438 46.917563039809465 76.518117751926184 34.591698992997408 4048.303490716964 17.317061029374599 17.674550544470549 16.284201506525278 29.584525763988495 44.739166431128979 20.896103702485561 21.42835021391511 20.143023185431957 34.736815933138132 46.964484695345163 31.778040576726198 22.955982856452465 40.805726401507854 53.999932687729597 123.7657635062933 37.751790836453438 30.651477783918381 18.217983994632959 425.01843042299151 35.19580166041851 35.825899589806795 41.121757686138153 89.400260251015425 32.538950175046921 37.619966313242912 37.942271020263433 132.22176590189338 28.968559190630913 74.505619782954454 117.84876815974712 48.202772919088602 23.599655330181122 58.67785357311368 113.92424355447292 20.168662622570992
leaf_count=317 260 144 155 188 120 118 157 159 196 127 314 180 330 193 198 226 162 112 458 133 123 355 266 268 528 206 22299 99 127 129 138 203 99 127 104 199 282 174 124 223 300 808 205 167 108 2255 189 184 217 471 161 187 202 682 158 391 633 258 137 304 576 105
internal_value=-0.000155398 1.52246e-05 -8.40429e-05 0.00327743 -0.00121165 0.0235201 -0.00141136 0.0061298 0.00862941 -0.0125704 -0.00207646 0.00112059 -0.0228717 0.0128587 0.0279143 0.00724815 0.00188666 0.0433495 0.00839902 0.0181279 -0.00985662 -0.00175361 -0.00147195 0.0116629 -0.00198809 0.0332749 -0.00151775 -0.00471053 0.00384731 0.0161264 -0.00178509 -0.00198591 -0.0129739 0.0122838 -0.018999 -0.0235531 -0.030518 -0.0413102 0.00374383 0.00326391 0.00198559 -0.00179464 0.00829853 0.00270431 0.00130231 -0.000769402 0.0137143 0.0225232 0.0240165 0.0151496 0.0285771 -0.00561778 -0.0143537 0.0124127 0.018538 0.0299918 0.0097318 0.00358423 -0.0106547 -0.018094 -0.000743202 -0.00426306
internal_weight=6976.57 6927.34 6909.65 1734.47 5175.18 41.161 5134.02 415.425 390.246 64.6755 4718.59 46.6863 71.7946 325.571 88.0382 237.532 198.49 57.7135 162.783 106.37 56.4126 4646.8 4580.5 172.739 4407.76 74.5455 4331.25 98.1934 80.8763 63.2018 4298.57 4268.99 220.686 42.3245 178.362 158.219 123.482 78.7425 1709.5 1680.93 1518.18 949.124 569.061 629.156 606.2 552.156 106.969 54.0439 76.3176 162.745 73.3447 129.562 91.9422 439.499 259.075 112.257 146.817 180.425 319.968 182.444 137.524 445.187
internal_count=39018 38758 38441 9388 29053 238 28815 2411 2267 466 26404 339 644 1801 506 1295 1102 308 876 591 285 25760 25405 1095 24310 472 23782 623 524 397 23625 23487 1188 226 962 858 659 456 9200 9045 8190 5174 3016 3349 3225 2933 573 292 406 855 384 689 502 2327 1387 596 791 940 1825 1112 713 2360
is_linear=0
shrinkage=0.05


Tree=93
num_leaves=63
num_cat=0
split_feature=0 77 71 78 72 31 10 45 66 50 18 62 14 10 66 8 31 9 31 94 16 21 26 38 4 50 61 77 62 45 20 77 19 62 44 44 10 77 77 44 7 49 8 4 10 1 33 66 69 45 4 14 8 21 35 1 38 52 33 78 97 75
split_gain=10.5723 10.1489 11.8783 9.73741 9.63285 9.0002 8.97784 21.5228 18.1229 18.1332 14.9572 12.1695 13.033 12.0762 15.5451 15.1903 10.9029 10.3955 8.94672 8.33312 16.8796 14.7904 14.15 17.0635 31.1409 18.8163 14.9239 20.3011 15.7763 17.6875 16.4417 15.4539 15.9804 15.0644 18.6357 24.3323 15.6455 13.8847 16.9554 15.7004 15.6924 15.8581 15.3499 14.6158 15.7106 13.3142 13.2243 14.3637 13.0955 14.0328 18.8861 14.4004 22.1902 19.0107 18.4715 20.3823 17.4543 16.979 18.8353 23.6621 17.1671 16.8757
threshold=1.0000000180025095e-35 2.2102668061474726 0.59053514051811595 -0.65110756141355497 -3.4815288034856349 0.86541320785681586 0.61274726951985348 1.308474080681993 13.705357142857144 0.94194507626235324 0.63221420643729198 11.603779501567917 0.56741249772660296 0.65154074956871222 5.0446428571428585 0.047782126549249841 1.0008983152308026 505.50000000000006 0.98095680877772107 22.500000000000004 0.52527736044600981 0.32875939849624064 0.027210910052510296 -0.5468792405385795 1.5137792286668694 1.0375779255031896 32.874452051420981 2.4674927147627259 3.5196784484664714 -0.41268054884139693 0.27812939521800289 2.1256388008672249 0.79193722943722955 4.7393534272617925 0.4958131775580033 0.27464277453896774 0.96781075736664379 2.4029212420939774 2.8404750750195791 -1.02356146001082 0.048846765641569471 0.6186516345703611 0.013638658588435376 0.50250554230978384 0.83287046990088631 19.098214285714288 1269.5000000000002 7.7946428571428585 15.500000000000002 -2.2716870754693943 0.66409412352969188 0.34145200666225567 0.13521462639109702 0.31612258494337114 1.9830447568111447 6.4732142857142865 0.31907916311405532 1481.1000000000001 1400.5000000000002 1.4746770091927608 15.503917967554335 11.500000000000002
decision_type=2 2 2 2 2 2 2 2 2 2 2 2 2 2 2 2 2 2 2 2 2 2 2 2 2 2 2 2 2 2 2 2 2 2 2 2 2 2 2 2 2 2 2 2 2 2 2 2 2 2 2 2 2 2 2 2 2 2 2 2 2 2
left_child=1 2 3 -1 -2 -4 7 8 9 11 -11 12 -6 14 -8 -16 -17 -9 -7 20 21 -15 23 25 37 -21 28 -28 29 46 31 -31 -33 34 35 36 -30 40 39 -39 -25 42 -42 44 -44 -43 -24 -48 49 50 -22 53 56 54 -51 -56 -53 58 60 -60 -58 -57
right_child=4 -3 5 -5 6 18 13 17 -10 10 -12 -13 -14 19 15 16 -18 -19 -20 22 48 -23 26 24 -26 -27 27 -29 33 30 -32 32 -34 -35 -36 -37 -38 38 -40 -41 41 45 43 -45 -46 -47 47 -49 -50 51 -52 52 -54 -55 55 61 57 -59 59 -61 -62 -63
leaf_value=-0.025600269673376076 0.025611362876691298 -0.0082020941291383095 0.012717277603315369 -0.0020585690064411784 0.042358648899300341 -0.024963353073728052 0.025005883038754891 -0.035902940105195416 -0.025844422618879682 -0.016267831436681302 0.033362913714430009 0.055504802782174269 -0.0069547270423267254 -0.048209083892640475 0.015614719234948393 -0.046575589016429823 -0.0095093413847388356 0.0094114040988741224 0.0013321097548372252 0.010650578929392604 0.016131997115623572 0.003642431866125579 -0.063320500725306733 -0.015288961371526161 0.025907333328573839 -0.032539401189168322 0.0040461971902255199 0.064943139114042314 -0.0079958686692895263 0.021020276022212261 0.025105882430049561 -0.059215493938202038 -0.0031059740916173232 0.001423501193650383 0.048380065574079145 -0.040724470417762414 0.039085104859775385 0.020818853304488662 0.016002357586231867 -0.027283691715891158 0.0238273109314165 0.010293228229139688 -0.017733660034213627 -0.01227102544742251 0.035209434699593103 0.054438368327804271 0.021264504424678969 -0.02009014969563459 0.016129057940521659 -0.034643741723625783 -0.052674972866688624 0.0075148954839233941 0.014254506084600159 0.0061986182679092212 0.024438397032146866 0.0065961755671426828 -0.051068977173787146 -0.036586061162776101 0.015728654961910574 -0.030300454867097527 -0.00058720782321814596 -0.046030621036908609
leaf_weight=72.916950646787882 39.075510576367378 706.46163827553391 173.8409804366529 111.59575624018908 30.019577272236347 34.584951974451542 20.105153154581785 31.819668810814619 20.546375103294849 39.223726112395525 24.596167255192995 47.226519569754601 23.817754987627268 29.129081834107637 20.467799216508865 51.455180145800114 32.974154599010944 20.675698585808277 478.53483000397682 33.110194213688374 16.132628172636032 25.634320609271526 15.158880658447741 170.85336290299892 84.307471137493849 103.1165787987411 37.929106470197439 21.497946564108133 28.897840522229671 26.720309168100357 57.723451159894466 21.064005076885223 32.230028845369816 1569.3878672290593 38.270930740982294 20.703614987432957 44.497304920107126 18.645948030054569 33.456096585839987 170.29701469838619 45.942067474126816 111.10080654919147 22.288277111947536 255.47458779066801 37.027164194732904 20.223510265350342 23.916233852505684 162.37918423116207 205.3687437325716 79.576990287750959 25.489880820736289 347.36405600234866 491.14398383721709 183.64078138396144 41.515147220343351 28.812411036342382 33.669452007859945 47.244452189654112 126.4816882610321 35.681500524282455 34.004568286240101 31.830201253294945
leaf_count=540 256 4120 1018 604 150 203 107 170 148 197 131 237 164 174 122 320 197 147 2495 180 163 148 71 1017 463 571 208 116 152 142 290 112 169 8179 197 111 226 96 194 1026 262 650 132 1495 202 113 148 1315 1093 430 290 1887 2619 975 201 160 161 354 652 218 164 166
internal_value=-0.000148629 -0.00374876 -0.000132393 -0.0113978 0.000904256 0.00288737 0.000722453 0.0102152 0.0182286 0.0237633 0.00280389 0.0369335 0.0204772 0.000279634 -0.0150622 -0.022806 -0.0321868 -0.0179765 -0.000435016 0.000665335 0.00340627 -0.0238843 -0.000857176 -0.00543568 -0.00310055 -0.0220052 0.00155116 0.026232 0.000828816 -0.00901262 0.00476521 -0.00985944 -0.0254458 0.00279375 0.0189885 0.00694289 0.0204942 -0.00587121 -0.0166824 -0.0225017 -0.00223467 0.00229011 -0.00311475 -0.00706901 0.0152351 0.0171657 -0.0184553 -0.0147457 0.0042754 0.00267232 -0.0259112 0.00348074 0.00630428 -0.00512597 -0.016594 -0.00246483 4.19107e-05 -0.00930791 -0.0036655 0.00555742 -0.0258152 -0.0209747
internal_weight=6968.88 1577.94 871.473 184.513 5390.94 686.961 5351.87 237.925 185.43 164.884 63.8199 101.064 53.8373 5113.94 125.002 104.897 84.4293 52.4954 513.12 4988.94 1782.72 54.7634 3206.22 1105.84 969.616 136.227 2100.38 59.4271 2040.95 339.192 137.738 80.0143 53.294 1701.76 132.37 94.0988 73.3951 885.309 222.399 188.943 662.91 492.056 360.732 314.79 59.3154 131.324 201.454 186.295 1727.96 1522.59 41.6225 1480.97 1115.59 365.376 181.735 102.158 624.446 277.082 229.837 162.163 67.674 60.6426
internal_count=39018 8980 4860 1144 30038 3716 29782 1344 1027 879 328 551 314 28438 746 639 517 317 2698 27692 9855 322 17837 6401 5650 751 11436 324 11112 2247 713 423 281 8865 686 489 378 5187 1316 1122 3871 2854 2091 1829 334 763 1534 1463 9533 8440 453 7987 6055 1932 957 527 3436 1549 1195 870 325 326
is_linear=0
shrinkage=0.05


Tree=94
num_leaves=63
num_cat=0
split_feature=60 61 45 33 69 33 53 29 54 20 62 5 54 61 1 77 77 78 4 52 60 60 59 41 14 9 33 8 21 52 9 19 44 25 45 53 66 9 54 54 48 34 41 51 32 59 3 46 6 8 5 94 48 6 0 41 1 41 44 77 5 77
split_gain=9.99425 9.31749 23.8878 10.2186 9.75897 16.9915 17.8283 14.3422 12.0648 12.8212 9.92193 16.0633 24.4158 15.9662 22.5248 20.2186 17.7352 14.2526 13.6041 12.2963 11.6687 11.6169 15.8597 16.7487 16.023 15.2588 15.2363 16.679 16.5102 13.7289 17.1843 13.0366 12.9568 12.9157 13.4795 15.3051 12.8914 11.7252 11.403 11.2753 11.2466 11.1629 11.1171 11.0092 20.9712 21.33 14.4616 14.0814 13.8323 19.5017 13.1834 13.4455 12.7446 14.122 12.67 12.6678 11.8361 11.7527 15.1485 16.0865 11.6485 12.9283
threshold=387.50000000000006 43.493517908152064 -0.58749074020318259 414.00000000000006 19.500000000000004 3561.5000000000005 1.186907420270882 0.59454500546910849 0.94494150689285961 0.21676706827309242 3.5196784484664714 0.40991803278688527 1.0817579103601338 28.979743850600553 11.116071428571431 2.4337993351766265 3.1877001923636734 -4.0705180352238957 0.35947589480665049 998.95000000000016 243.50000000000003 41.500000000000007 32.500000000000007 1.5595789010971528 0.689936730506156 2667.0000000000005 4326.5000000000009 0.090023696682464474 0.29449472096530926 2084.0750000000003 2382.5000000000005 0.32630878438331862 -0.073931675189942508 0.66425194288622913 -1.0977978255839786 1.1309335361169037 18.276785714285719 4082.0000000000005 1.2072768687084423 0.61212203967704648 -1.4754611549646433 1.0603943076619986 0.87768748785792872 0.50188476200456578 0.9260311447811449 54.500000000000007 0.82369424951726111 0.25787141905383609 0.95847701149425302 0.040161290322580652 0.97580487804878058 39.500000000000007 -1.0440097863832352 0.93926218708827414 150.00000000000003 0.44481386843954956 8.6696428571428594 0.90620570199759631 0.81286220669732301 2.2593198247703818 0.85791925465838526 2.2626370820121608
decision_type=2 2 2 2 2 2 2 2 2 2 2 2 2 2 2 2 2 2 2 2 2 2 2 2 2 2 2 2 2 2 2 2 2 2 2 2 2 2 2 2 2 2 2 2 2 2 2 2 2 2 2 2 2 2 2 2 2 2 2 2 2 2
left_child=1 3 -3 -1 10 6 8 -8 9 -6 11 12 18 16 20 -16 21 19 -5 -12 -15 25 23 24 29 26 27 -13 -28 30 31 -23 -33 34 -34 -36 -29 -27 -35 41 -19 -24 -22 50 45 46 -45 48 52 -50 55 54 -48 57 -52 -42 -51 58 -54 -60 -46 -62
right_child=-2 2 -4 4 5 -7 7 -9 -10 -11 17 13 -14 14 15 -17 -18 40 -20 -21 42 22 39 -25 -26 37 28 36 -30 -31 -32 32 33 38 35 -37 -38 -39 -40 -41 43 -43 -44 44 60 -47 47 -49 49 56 51 -53 53 -55 -56 -57 -58 -59 59 -61 61 -63
leaf_value=0.038158593112129831 0.034004836678558525 -0.019563849972192141 0.050772767907526696 -0.030207612329415285 0.059692983857737941 0.037795915522665514 -0.030335479364110265 0.012444671089731147 0.00030935233386129423 0.01113081284895906 0.041407564484315429 -0.028269884741958563 0.060340427870033624 -0.0313223523311821 0.0087234430175839092 0.082956148405294097 -0.063778155681622442 -0.030528177350503977 0.037196463569859145 -0.0030208814787926162 -0.019392673127361468 0.024506125650861469 0.033943276170675891 0.040664241803960499 -0.028203843178331175 -0.027971998044854215 0.011273612961015346 -0.0011607430461048262 0.072597672473639366 -0.034803502522322637 0.053966152140363592 -0.031198601676359003 -0.040464061574448013 0.054354905594646841 0.0416569334643117 -0.015513365375346744 0.052788980856018144 0.018829457007389059 -0.0023556328101304374 -0.025113602414956818 0.021903126026444137 -0.019531551990418904 0.030297512192006573 0.032048591548419991 -0.035827236945600464 0.044345991246920374 0.043379278683232159 0.024264640445025076 0.021253697899717205 -0.0072868263993970924 -0.023653165803546018 -0.043505362912967006 0.0021869418159491472 0.031559540832695937 0.02425745580353526 -0.00091814697560096623 -0.050585211671627252 0.0089550332331428152 -0.0021363851232403318 -0.056394392975384761 0.026211077598522033 -0.025588595770406616
leaf_weight=17.032494690269232 21.25947342813015 20.547402542084455 28.765680432319641 21.594139441847801 24.455673433840275 43.066765185445547 52.54659266769886 30.932558789849281 60.694913651794195 31.273340109735727 38.132976621389389 32.780089896172285 22.691045086830854 27.179452523589134 20.588728569447994 16.733402397483587 14.722153544425963 30.559576641768217 11.296630594879387 25.920166857540607 18.899130199104548 40.096864175051451 17.192730884999037 19.157867673784494 70.887799493968487 54.298671420663595 28.787577584385872 30.907148025929928 17.929275665432215 26.649914741516113 15.360329702496527 41.761177573353052 24.640260560438037 17.878172401338816 17.890662781894207 33.309110552072525 17.001197058707476 17.538662806153297 17.150341954082251 232.41785283386707 61.487664800137281 22.235629927366972 27.30271939560771 50.864526879042387 41.944825246930122 40.359884165227413 20.427317060530186 73.187115743756294 24.009901538491249 28.83226802200079 34.369776174426079 36.012474153190851 79.295981392264366 37.128252133727074 22.859533466398716 4729.8084008358419 35.709088157862425 138.41179743409157 25.266034729778767 30.178655512630939 23.907575488090515 24.072845302522182
leaf_count=316 102 149 141 204 118 246 292 167 316 162 218 242 145 164 145 98 86 216 89 294 118 284 161 116 516 334 176 231 96 313 91 314 275 112 98 206 96 103 97 1718 319 173 154 250 217 195 113 367 125 148 184 191 391 192 116 25118 191 694 121 144 129 121
internal_value=-0.00014282 -0.000248651 0.021384 -0.000404522 -0.000501375 0.00933673 0.0031647 -0.0144279 0.0158235 0.0325998 -0.000862822 -0.0055156 0.0205419 -0.00709513 0.0106878 0.0422721 -0.00953095 -5.77847e-05 -0.00686294 0.0233742 -0.00534376 -0.00851331 -0.0120048 -0.0045247 -0.00738607 0.00191773 0.0123273 -0.000776756 0.0350205 -0.00106872 0.00324236 -0.000800293 -0.00749289 0.00141142 -0.0101388 0.00440836 0.0179503 -0.0164659 0.0265188 -0.0209182 -0.000327652 0.00368653 0.00986549 -0.000160158 0.00583061 0.00929935 0.00667903 0.00404249 0.000495591 -0.0170309 -0.000987433 -0.0195996 0.00520737 0.00266505 -0.00441972 -0.000623782 -0.0313613 -0.00125425 -0.0117776 -0.0318075 -0.0166135 0.000118869
internal_weight=6960.2 6938.94 49.3131 6889.63 6872.6 242.97 199.903 83.4792 116.424 55.729 6629.63 976.879 55.5818 921.297 110.703 37.3221 810.593 5652.75 32.8908 64.0531 73.3813 795.871 596.629 324.783 305.625 199.243 127.405 80.6884 46.7169 234.737 208.087 192.727 152.63 110.869 75.84 51.1998 47.9083 71.8373 35.0285 271.846 5588.69 39.4284 46.2018 5558.13 673.596 583.671 543.311 492.446 419.259 88.5513 4884.54 93.2418 330.708 310.281 57.2293 4791.3 64.5414 273.152 134.741 55.4447 89.9252 47.9804
internal_count=39018 38916 290 38626 38310 1301 1055 459 596 280 37009 6955 438 6517 679 243 5838 30054 293 512 436 5752 4474 2422 2306 1278 841 569 272 1790 1477 1386 1102 788 579 304 327 437 209 2052 29542 334 272 29326 3398 2931 2736 2486 2119 464 25928 491 1655 1542 300 25437 339 1350 656 265 467 250
is_linear=0
shrinkage=0.05


Tree=95
num_leaves=63
num_cat=0
split_feature=91 72 44 6 78 9 45 14 5 25 5 51 31 5 77 20 39 8 77 21 51 18 6 8 75 40 40 66 9 21 29 53 34 41 40 7 7 25 18 48 45 38 45 59 21 7 45 59 21 59 34 41 32 44 29 75 37 9 9 9 8 6
split_gain=13.4372 11.2727 9.40309 11.4933 11.8732 8.9667 16.6557 16.3051 13.9307 12.5302 15.8035 12.5104 14.2221 12.0427 14.6093 13.5726 13.9911 10.506 16.2589 15.5871 17.6415 15.0792 15.4774 14.4274 17.5886 24.8071 18.0047 14.2527 14.2506 15.3051 15.2685 13.6768 12.9932 13.6794 21.4074 16.3763 16.2365 16.0394 13.2357 12.3024 29.4439 19.1432 12.2779 24.8125 20.9317 25.3999 14.8349 15.1212 13.1095 12.0884 11.6653 13.4541 11.1807 17.6625 19.5198 14.6588 20.177 23.6166 20.6752 16.8627 17.1207 14.1464
threshold=1.5000000000000002 -3.4815288034856349 1.165128931997627 0.88021739130434795 1.4198968831057792 2262.5000000000005 -1.7932553926166834 0.29037652977902212 0.82380174291939012 0.28020028612303299 0.88915598290598297 0.41374346143145574 1.1405603678028597 0.68027777777777787 3.1484223560815523 0.11147660818713452 1.5877959144711724 0.30455486542443072 2.6187445847211497 0.037268518518518527 0.38662838528214388 0.65545505935556825 0.95471633629528385 0.24025316455696205 13.500000000000002 1.682564140191259 2.0915148398471941 11.580357142857144 1449.5000000000002 0.70991117344553545 0.67552659286098538 0.84682481883987737 1.1700080884971704 1.3324301205570757 1.7827974163588702 0.068337484433374854 0.091168831168831191 0.31669091148327116 0.42902930402930406 -0.52495750342301284 -1.1949761104604923 0.75023105360443632 -0.097264283274030763 16.500000000000004 0.2310562571756602 0.11378020713463753 0.82751017388100323 39.500000000000007 0.37567204301075274 27.500000000000004 0.73023766862127948 0.97926298285891267 0.65426329756547841 0.61910021551729089 0.64884815827788445 9.5000000000000018 1.0000000180025095e-35 624.50000000000011 563.50000000000011 770.50000000000011 0.085236118318630011 0.94902882593096638
decision_type=2 2 2 2 2 2 2 2 2 2 2 2 2 2 2 2 2 2 2 2 2 2 2 2 2 2 2 2 2 2 2 2 2 2 2 2 2 2 2 2 2 2 2 2 2 2 2 2 2 2 2 2 2 2 2 2 2 2 2 2 2 2
left_child=2 -2 -1 -4 -5 17 -7 8 -8 10 11 12 -9 15 -15 -11 -17 23 19 -19 42 22 -22 28 27 -26 -27 39 52 30 32 -29 50 34 37 38 -35 -34 -36 40 -25 -41 43 -21 -45 48 -44 -48 -46 -33 -30 -52 -3 55 61 56 58 -58 -54 -60 -61 -55
right_child=1 5 3 4 -6 6 7 9 -10 13 -12 -13 -14 14 -16 16 -18 18 -20 20 21 -23 -24 24 25 26 -28 31 29 -31 -32 49 33 36 35 -37 -38 -39 -40 41 -42 -43 46 44 45 -47 47 -49 -50 -51 51 -53 53 54 -56 -57 57 -59 59 60 -62 -63
leaf_value=-0.0028517167317426788 0.034866825658170585 -0.00069517407873457573 0.031140962995354172 -0.0084980418669864319 0.033617835231641198 -0.026732525560470524 -0.052802642184008923 0.013230025604440868 0.009694942916423973 -0.042956855702641676 -0.010167984850230434 0.074211805775260861 0.063518948718946019 0.009560651229840917 0.051922403875183057 0.036507365531567366 -0.021471549444098712 -0.034188850901653994 0.02944398871911243 -0.039540413710846656 0.033494140561895501 0.066969895166607729 -0.022575708509255832 0.019800689685140867 0.0082621077976261503 -0.064991574701865493 -0.014329553704072873 0.011523319776556441 0.014115880047986071 0.04154741532039638 0.033027037307530031 -0.010959927987108901 -0.022496239591455847 -0.0041932798153249615 -0.021381528890564799 -0.035273998227069649 0.056682175288451202 0.024183152978212913 0.033413259965549162 -0.00076955364588273051 -0.062999318072339092 0.040385175153867123 0.033623867962930903 -0.026011496764354731 0.077912828467707695 -0.027163477314673275 0.020232967274728508 -0.038604393631265797 0.020932981025968096 -0.068289985557244512 -0.013013431355834944 -0.040739917852151857 -0.046820257701842838 0.018212452471532522 -0.010607215489974257 0.0093384136917385504 0.025650333573186031 -0.0032227996792724778 0.021533995119187781 -0.035090997109014463 0.013710745695315552 0.051097309507599824
leaf_weight=2772.0705284439027 26.239952117204666 1073.7611707150936 45.098534520715475 76.816571556031704 21.282054238021374 29.389904953539371 16.718758415430784 46.649423588067293 18.693689245730639 20.405420951545238 19.763193152844906 19.744655519723892 20.303952805697918 124.9340007007122 24.362831078469753 20.179125037044287 21.191490743309259 24.617825116962194 77.437143635004759 45.156564526259899 37.163094509392977 18.766357708722353 18.18760173022747 23.890140937641263 34.793373353779316 40.624486565589905 31.446592435240746 18.471641406416893 24.160948313772678 16.173293877393007 21.850840523838997 18.031898088753223 25.391978569328785 23.810034170746803 24.633958961814642 75.259856153279543 19.948353037238121 65.489135999232531 19.746296085417271 78.965846370905638 19.267029788345098 43.699314516037703 47.981043327599764 33.560742523521185 17.104362595826387 17.541911266744137 23.784765526652336 19.95741294324398 25.499114405363798 19.286553736776114 128.71552623063326 66.983849287033081 42.758187368512154 118.54043205082417 42.213676640763879 555.50077307596803 94.882282581180334 277.59534155204892 37.246114552021027 54.471581038087606 26.552853658795357 45.666286993771791
leaf_count=15845 182 5680 251 401 131 317 103 283 114 121 122 103 106 742 119 112 120 131 387 264 205 104 100 144 189 227 181 112 171 92 112 111 158 127 136 462 106 368 112 378 102 223 232 207 101 114 144 119 161 116 989 515 219 604 223 2907 470 1413 177 290 139 240
internal_value=0.000379445 0.00225235 -0.00220478 0.0102773 0.00061282 0.00203622 0.0093191 0.012342 -0.0197359 0.0159403 0.0299384 0.0391396 0.028627 0.00884537 0.016537 -0.00965919 0.00670779 0.00126467 0.00883437 0.00396554 0.00707475 0.0282781 0.0149726 0.000303621 -0.00962094 -0.0262751 -0.0430061 -0.0015593 0.00143706 -0.00612172 -0.00769426 -0.0234143 -0.00958802 -0.00186793 -0.00717537 -0.0210787 0.0235103 0.0110757 0.00290645 0.00577324 -0.017109 0.013872 0.000228393 -0.00912431 0.0055063 0.02319 0.0144367 -0.00652442 0.0440551 -0.0408256 -0.0184891 -0.0225451 0.00307339 0.00620078 0.0196128 0.00365239 -0.00225933 0.00412363 -0.0170482 -0.0062121 -0.0190392 0.0274138
internal_weight=6940.43 4025.16 2915.27 143.197 98.0986 3998.92 382.336 352.947 35.4124 317.534 106.461 86.698 66.9534 211.073 149.297 61.776 41.3706 3616.59 406.758 329.321 304.703 74.1171 55.3507 3209.83 328.477 106.864 72.0711 221.612 2881.35 512.164 495.991 55.7901 474.14 254.28 210.521 119.64 43.7584 90.8811 44.3803 165.822 43.1572 122.665 230.586 138.863 93.7061 60.1454 91.7232 43.7422 42.6035 37.3185 219.86 195.699 2369.19 1295.43 206.42 1089.01 533.506 372.478 161.029 118.271 81.0244 164.207
internal_count=38934 22306 16628 783 532 22124 2362 2045 217 1828 614 492 389 1214 861 353 232 19762 2269 1882 1751 409 305 17493 1783 597 408 1186 15710 3348 3256 339 3144 1469 1236 710 233 526 248 847 246 601 1342 847 583 376 495 263 262 227 1675 1504 12362 6682 1067 5615 2708 1883 825 606 429 844
is_linear=0
shrinkage=0.05


Tree=96
num_leaves=63
num_cat=0
split_feature=88 41 19 47 19 52 21 17 41 78 14 71 50 48 44 33 38 1 66 38 10 61 33 50 3 41 19 41 48 47 44 95 33 7 47 45 10 18 40 19 1 3 23 50 47 8 29 16 41 60 52 18 31 10 40 49 97 29 77 66 33 1
split_gain=12.3969 10.9814 16.238 13.9306 13.1241 14.8682 14.7708 10.9744 13.1557 12.4119 19.6611 12.1537 10.9312 10.6997 14.5037 20.1937 10.9435 17.033 18.3621 14.1854 19.3975 18.6812 14.7058 23.2147 17.6392 17.2482 16.0808 15.8147 15.6825 17.9597 24.0043 27.374 15.6689 15.4204 18.9581 17.1848 14.0122 13.8941 13.8051 19.8057 16.0217 20.7075 25.7303 16.886 17.1363 14.0993 17.4084 14.0585 14.0486 16.1375 18.2766 13.6118 13.3525 13.3242 13.3066 25.2093 12.781 17.9281 14.7764 12.7362 12.3049 13.5057
threshold=1.5000000000000002 0.74158640263296904 0.05917366946778712 2.5561172937642671 0.24037037037037037 525.55000000000007 0.74147617202634653 0.87560848400556346 0.73223590920419612 -1.2546588796520319 0.46828895212092309 0.45920202676119304 1.2051249215434778 -1.4754611549646433 -0.056298006654886858 2832.5000000000005 0.38482886888545015 30.812500000000004 24.401785714285719 0.89972067039106152 0.65154074956871222 13.149121006908819 1644.5000000000002 1.2013528901629507 0.69675752182024842 0.73223590920419612 0.72783389450056124 0.93462152377715968 0.93709244839928041 -0.20863603597455929 -0.2574872922104679 59.500000000000007 1559.5000000000002 0.1472136222910217 1.5973964707962012 1.1837442167085865 1.4774086140190648 0.53529900332225921 1.5669855598266604 0.60097087378640779 6.3125000000000009 1.2867083923284852 0.99220025689204883 1.1200203593388933 -0.80617014869187686 0.087129054520358878 0.38334294254871876 0.9071539075472913 1.0315684111077774 84.500000000000014 786.47500000000014 0.68394199785177234 1.3073986768329358 1.1169057293655629 2.0468095343844848 -1.0041652949565771 5.9792719783893675 0.50611885126383582 2.3161167495002801 9.883928571428573 1424.5000000000002 11.116071428571431
decision_type=2 2 2 2 2 2 2 2 2 2 2 2 2 2 2 2 2 2 2 2 2 2 2 2 2 2 2 2 2 2 2 2 2 2 2 2 2 2 2 2 2 2 2 2 2 2 2 2 2 2 2 2 2 2 2 2 2 2 2 2 2 2
left_child=13 3 12 7 5 -4 -6 8 9 10 -2 -11 -3 14 15 -1 17 18 -15 38 21 37 32 24 26 -25 -24 36 29 56 53 -32 33 35 -35 -22 -27 -21 39 -18 45 48 43 47 -45 51 -47 -43 59 -50 -51 -40 -29 -31 55 -48 58 -58 -26 -42 -61 -62
right_child=1 2 4 -5 6 -7 -8 -9 -10 11 -12 -13 -14 16 -16 -17 19 -19 -20 20 22 -23 23 25 28 27 -28 52 -30 30 31 -33 -34 34 -36 -37 -38 -39 40 -41 41 42 -44 44 -46 46 54 -49 49 50 -52 -53 -54 -55 -56 -57 57 -59 -60 60 61 -63
leaf_value=0.070240718063856719 0.035088065284123129 0.041021731617400026 0.025219585413369078 -0.029833155926586294 0.0043039784278657281 -0.015886770316606097 -0.030869275598949905 0.036698598920309231 0.048116144411943181 0.046978045292011071 -0.021940586277864618 0.0097810559767841868 -0.0030440428440723036 0.0014413199102676791 -0.030807493858122537 -0.035406759276913953 0.011349552170677162 -0.039088206869193683 0.030449910327347032 0.018175769025178073 0.027850989411762391 -0.061378632751094488 0.049282141722272667 -0.024867242977176938 0.020003991196992432 0.061572531502448694 -0.017448732155071072 0.038138749833931784 -0.0383371988608876 -0.050005439477008855 -0.022701822185801336 0.042501687442943574 0.040202124064562444 -0.011682086980250353 0.039302680258211542 -0.018182897969183008 0.0078682008372516331 -0.030179660279541377 -0.039376562550845803 -0.012113695770384751 -0.014723027393103414 -0.0074537041437491534 -0.031240129450710648 0.05346558567700499 0.00072680213296990182 -0.037019149994670202 0.053199688951005741 -0.057449719358078834 0.043574018371106082 0.025871786454560255 -0.011601498570255992 0.0026819383396915492 -0.001069556858829674 -4.0563549163183038e-05 -0.021606377636039377 -0.0070989160312083053 0.0030122992763211964 -0.045287644200725806 -0.022095359164168795 0.040509041199597667 0.029533730803677397 -0.0065325784997552015
leaf_weight=9.4512067064642924 19.565137181431055 42.236854504793882 24.827454496175051 19.36053266748786 836.41983966529369 182.98105032742023 30.826964717358351 44.96627040579915 21.578809909522533 24.550388850271702 64.74414374306798 210.95849296078086 20.757423266768456 2716.8909581415355 60.53003903850913 8.4398519322276098 233.59155929088593 25.312462333589792 55.595082297921181 28.246368661522865 115.09413454681635 21.637964554131031 24.083479892462492 25.432404804974794 36.788090903311968 33.238926406949759 14.200762830674647 28.809098079800606 46.383776426315308 20.76989109814167 22.195484954863787 57.240827761590481 43.830525003373623 117.44737841188908 21.46055405959487 24.393432073295116 19.51958817243576 30.988759703934193 102.00449759885669 146.00446408614516 171.00571200996637 66.327247109264135 141.4237289018929 20.208256963640451 64.608542460948229 41.605389688163996 25.752454746514559 17.874269504100084 33.852980516850948 57.935759373009205 73.789818558841944 23.418482284992933 86.31674525141716 37.553789265453815 43.817171491682529 52.220137439668179 27.204659841954708 63.697321705520153 47.710788611322641 20.406220160424709 31.230606351047754 151.15480284020305
leaf_count=82 99 234 132 131 4456 970 160 228 109 122 460 1060 113 14994 707 156 1287 152 326 178 567 139 176 136 269 184 109 170 443 135 132 291 209 555 112 125 105 171 496 836 936 391 762 119 348 207 122 105 213 255 491 122 430 193 206 267 163 366 404 100 183 1035
internal_value=0.000359986 0.00431065 0.00178711 0.0113746 0.000335546 -0.0109419 0.00304454 0.0134597 0.0103743 0.00779792 -0.00862117 0.0136981 0.0264404 -0.000770946 -0.0190948 0.0202053 -0.000499047 0.00165075 0.00202589 -0.00289494 0.00174368 -0.021702 0.00382726 -0.000849228 -0.00776381 0.0133512 0.0244184 0.0191819 -0.0112103 -0.0071655 0.00631654 0.0242145 0.0124197 0.00801484 -0.00374663 0.0197576 0.0418501 -0.00704526 -0.00593584 0.00231087 -0.00868947 -0.0052225 -0.0155088 -0.00230562 0.0133993 -0.018868 -0.00913705 -0.0181817 0.000690379 0.0128183 0.00484926 -0.0314879 0.00872312 -0.0179745 0.000369476 0.0127948 -0.0177804 -0.0307903 -0.00370558 -0.00467048 0.00378484 -0.000316596
internal_weight=6932.47 1543.77 1138.05 405.724 1075.06 207.809 867.247 386.363 341.397 319.818 84.3093 235.509 62.9943 5388.7 78.4211 17.8911 5310.28 2797.8 2772.49 2512.48 994.245 80.8731 913.372 591.146 397.829 193.317 38.2842 167.884 359.545 313.161 137.76 79.4363 322.226 278.395 138.908 139.488 52.7585 59.2351 1518.23 379.596 1138.64 849.818 310.442 169.018 84.8168 288.818 163.395 84.2015 539.376 165.579 131.726 125.423 115.126 58.3237 121.79 77.9726 175.401 90.902 84.4989 373.797 202.792 182.385
internal_count=38934 8274 6065 2209 5718 1102 4616 2078 1850 1741 559 1182 347 30660 945 238 29715 15472 15320 14243 5762 488 5274 3706 2681 1025 285 889 2396 1953 751 423 1568 1359 667 692 289 349 8481 2123 6358 4938 1725 963 467 1420 802 496 3213 959 746 618 600 328 595 389 1202 529 673 2254 1318 1218
is_linear=0
shrinkage=0.05


Tree=97
num_leaves=63
num_cat=0
split_feature=45 72 44 47 44 49 49 16 47 60 54 50 49 77 14 38 5 77 40 23 62 34 19 21 29 45 17 30 97 53 53 23 45 14 32 5 49 25 4 14 60 18 58 47 53 29 18 16 75 32 21 22 45 8 21 49 60 39 20 77 77 94
split_gain=11.8808 23.4208 22.3965 21.4331 17.3918 15.9934 19.7103 22.7456 22.651 20.2752 19.6327 19.024 16.0582 20.42 15.8138 23.0118 15.7796 16.529 22.686 22.1648 23.2041 21.9339 18.0451 22.2022 17.2814 16.0036 15.3851 15.2605 19.0735 15.255 20.5839 18.4904 15.2055 23.1794 22.461 16.9407 15.2717 18.0482 15.1968 18.0165 15.1919 15.0186 14.9429 23.325 16.5047 14.5071 16.5293 23.8851 21.406 17.8854 16.0672 15.9569 14.483 13.9801 14.7738 14.1701 13.9318 23.2724 13.4614 19.0612 13.4602 13.4498
threshold=-0.20835327496759512 0.28598947609251407 0.20408868092688182 0.53499660786973346 -0.52447499268792641 -0.77164704472149415 -0.95071461766679433 1.09714130080693 1.0073598472826752 295.50000000000006 0.74686704352440048 1.1908951984651672 -0.090775856427899898 2.4636235350862594 0.5478436836518048 -0.40501098441259542 0.46499057196731625 1.9483597107412731 2.1952473509310937 0.59448483984412137 4.7393534272617925 0.97047170916776315 0.42126349527665324 0.2215007215007215 0.6918588556527655 -0.13769886436197529 0.89803619561031967 1.9221639719398285 7.5518966423276916 0.94264666600959612 1.4777081124153904 1.4046400289388929 -0.7762677063029505 0.46828895212092309 0.051064754454584971 0.68441295546558722 -0.8298233788093804 0.47475126243687821 0.80242001715547617 0.5158550599727072 366.50000000000006 0.56280339805825252 9.5000000000000018 -0.41357589556776958 0.48531642598127062 0.60425694390515405 0.43951219512195128 1.1024088754358712 7.5000000000000009 0.52479508196721325 0.037268518518518527 727.50000000000011 1.9941153898976387 0.069965034965034992 0.22816552250190694 -0.80615021946595711 94.500000000000014 1.3112669794618974 0.18237250554323728 2.1378003154388128 2.3494126403276998 44.500000000000007
decision_type=2 2 2 2 2 2 2 2 2 2 2 2 2 2 2 2 2 2 2 2 2 2 2 2 2 2 2 2 2 2 2 2 2 2 2 2 2 2 2 2 2 2 2 2 2 2 2 2 2 2 2 2 2 2 2 2 2 2 2 2 2 2
left_child=14 2 3 4 -2 6 40 8 -8 61 41 -9 26 -14 15 -1 -3 -18 21 -20 60 56 23 -22 25 -23 29 28 -24 31 52 -12 34 35 -17 42 58 -38 39 -35 -5 -7 -34 -44 -45 46 47 48 -36 -49 -48 -47 -31 55 -55 -4 57 -19 -37 -60 -21 -10
right_child=1 16 53 5 -6 10 7 11 9 -11 12 -13 13 -15 -16 32 17 18 19 20 22 24 27 -25 -26 -27 -28 -29 -30 30 -32 -33 33 38 45 36 37 -39 -40 -41 -42 -43 43 44 -46 51 50 49 -50 -51 -52 -53 -54 54 -56 -57 -58 -59 59 -61 -62 -63
leaf_value=-0.014121870343766746 0.057088920818945635 0.031459072789592667 -0.0054218403135586684 -0.0015682283674265331 0.011021525590453144 0.039272975583598012 -0.062348840510018738 0.033718110258530581 -0.018302314416518098 -0.051759357467995794 -0.011757924548817553 -0.01235384023391064 -0.033097381901053873 0.028034961497961128 -0.0054711350081310924 -0.029962672585142732 0.019755460507064056 0.030728921865045951 -0.034001723079580139 -0.027359554313466067 0.030549841325268803 0.03174002789993096 0.061360178158325542 -0.028511495190214856 -0.046738551200154271 -0.0095139039552628504 0.037892435947510489 0.056225101117966247 0.0072331738985080291 0.028412399392182992 -0.0096839768343255743 0.024202602115356145 0.0081073934144019616 0.02721708711843317 -0.0042543383855025915 0.0062490999425691036 0.0045774829232049829 0.06032557598095864 0.050170686263959957 -0.016953033739450795 0.024678543856643989 -0.0049350858855243245 0.0072819306853193688 -0.008684607586846145 -0.056021859933992495 0.024242306879470186 -0.01482167111088244 -0.037306724250834061 0.028735399287372645 0.0085430476684981646 0.031957647488624334 -0.022353459445866825 -0.011249311773827576 -0.017590617239797764 0.0063052799086977668 -0.035215612878678103 0.01743204117011905 -0.036090466757544258 0.012055445283251413 -0.036556172600000006 0.013324874003483476 0.019161198300670881
leaf_weight=191.43187516182661 22.375827886164188 67.991545803844929 70.81163065880537 1125.5517561174929 242.32480161823332 69.644469615072012 34.057681277394295 35.163945790380239 78.688381232321262 32.464750036597252 198.95212353393435 61.20172144472599 58.023923631757498 17.687095306813717 1580.9335042964667 33.057370658963919 196.72968733310699 20.520276099443436 21.58598580211401 35.253645606338978 37.360922515392303 25.294068425893784 22.849156141281128 27.517621025443077 28.777826186269522 310.27597078308463 34.961804553866386 61.158031824976206 57.017477985471487 142.20262314006686 73.087726455181837 43.413685489445925 35.986371025443077 52.92581644654274 75.679419733583927 95.334098778665066 52.327799241989851 20.12750119715929 27.723360262811184 40.669846292585135 57.866261385381222 26.2233726978302 32.986860658973455 26.653837535530329 61.77767151594162 27.233930617570877 20.324304196983576 42.155881933867931 138.89426605403423 42.492018111050129 172.72008384764194 55.671406794339418 27.203597862273455 111.57345336675644 153.25873146951199 92.805584616959095 168.77302477881312 35.138691136613488 29.791038252413273 61.229143865406513 47.613029889762402 34.230500511825085
leaf_count=952 107 359 426 6139 1197 366 179 179 487 187 1139 307 343 98 10445 216 1010 106 115 185 176 126 106 135 140 1528 185 315 285 781 427 231 196 273 418 456 272 94 140 214 310 140 156 120 300 150 116 211 725 201 917 375 187 643 887 568 821 192 138 295 238 204
internal_value=0.000340667 0.00210839 -0.000335265 0.0015319 0.0149547 -0.000118486 -0.00308872 -0.0151236 -0.0256455 -0.016976 0.00614262 0.00442356 0.00275078 -0.018732 -0.00208533 0.001914 0.00808306 0.00662542 0.00374515 0.0146839 0.018351 -0.00201387 0.027342 0.00541726 -0.0095942 -0.00638091 0.00589232 0.0373822 0.0228383 0.00356724 0.0124375 -0.00528856 0.00459861 -0.00152037 0.0100139 -0.00713489 0.000714501 0.0201946 0.0176904 0.007973 -0.000278624 0.0271358 -0.0200651 -0.0284559 -0.0418365 0.0123251 0.0155866 0.00819888 0.0170802 -0.0142489 0.0270016 -0.00697601 0.0220111 -0.0108707 -0.003746 -0.0223629 0.0102687 -0.011355 -0.00683938 -0.0205949 -0.00393519 -0.00689439
internal_weight=6925.76 4007.63 2843.78 2415.33 264.701 2150.63 1459.22 275.807 179.441 145.384 691.4 96.3657 595.533 75.711 2918.13 1337.19 1163.86 1095.87 899.136 310.356 288.77 588.78 205.903 64.8785 364.348 335.57 519.822 141.025 79.8666 484.86 242.494 242.366 1145.76 537.533 608.229 416.214 258.81 72.4553 121.319 93.5957 1183.42 95.8678 157.405 121.418 88.4315 575.171 492.266 299.222 214.574 84.6479 193.044 82.9053 169.406 428.449 264.832 163.617 224.432 55.659 186.354 91.0202 82.8667 112.919
internal_count=38934 21554 15717 13193 1304 11889 7992 1543 1057 878 3897 486 3391 441 17380 6935 5837 5478 4468 1555 1440 2913 1017 311 1794 1654 2950 706 391 2765 1395 1370 5983 2654 3329 2027 1255 366 627 487 6449 506 772 576 420 3113 2588 1555 1143 412 1033 525 968 2524 1530 994 1119 298 889 433 423 691
is_linear=0
shrinkage=0.05


Tree=98
num_leaves=63
num_cat=0
split_feature=91 72 71 32 38 7 62 94 3 23 41 7 10 3 50 50 46 26 38 38 8 30 6 46 94 32 8 61 94 20 20 77 30 38 50 34 52 3 33 8 47 49 7 95 21 43 32 8 62 61 21 53 61 54 23 41 22 9 54 66 41 54
split_gain=12.2436 10.1825 8.77347 11.3176 14.7091 16.4857 17.5612 14.4026 17.1965 18.682 12.4122 11.8536 14.6665 14.5893 11.6891 14.2161 11.6026 10.9372 10.6458 18.7946 10.7148 10.5467 10.259 12.3584 13.3892 9.99748 9.82816 9.47036 9.70813 9.42403 18.5521 13.0341 16.0554 12.8961 12.5254 13.7561 10.4314 12.0332 9.85049 9.37783 8.88805 8.6581 8.61539 8.56132 10.4706 8.32383 8.19241 18.8812 12.3175 10.9959 13.3648 9.96678 9.2534 8.94161 10.197 8.36684 8.29133 10.2634 8.18561 8.14728 15.2843 13.2367
threshold=1.5000000000000002 -3.4815288034856349 0.60474456732019588 0.67281223449447758 0.64004689331770226 0.096930786094581903 16.179588039433316 45.500000000000007 1.1092222735319022 0.76682046809718918 0.74430803397653611 0.023346656976744189 1.0804058181155558 0.62100351608814763 1.2883663170177753 1.1908951984651672 0.70887071983401151 0.099667863888391467 0.051238478285329542 -0.25387234450678553 0.099504950495049524 1.3504380079499712 0.047782126549249841 0.18899854175836311 10.500000000000002 0.7084973753280841 0.10923295454545455 6.1786105233706978 26.500000000000004 0.037386443046820407 0.056003584229390689 2.442730964564261 2.4025615090213237 0.49661404712880353 1.0401605568786076 1.2854815332974536 1122.7250000000001 1.5289136128816299 2036.5000000000002 0.031373031496062999 -2.0101864362738788 -2.2801645315655557 0.12914197937239416 55.500000000000007 0.17868968779564809 6.5000000000000009 0.49857142857142861 0.057623132263420043 6.9765079717277096 4.4815730337078667 0.29740897922716109 0.80256258380306456 2.9465692430642769 1.3832848406417544 0.79799006864235877 1.0863022999585643 875.50000000000011 1105.5000000000002 0.98882462238554014 8.0446428571428594 0.74158640263296904 1.5384295467848574
decision_type=2 2 2 2 2 2 2 2 2 2 2 2 2 2 2 2 2 2 2 2 2 2 2 2 2 2 2 2 2 2 2 2 2 2 2 2 2 2 2 2 2 2 2 2 2 2 2 2 2 2 2 2 2 2 2 2 2 2 2 2 2 2
left_child=59 -2 3 7 5 6 22 11 10 -10 -9 12 21 -13 15 -6 39 -11 19 42 -21 -3 -5 24 -24 -20 -18 28 -8 34 31 33 -33 -31 38 58 37 -37 -4 -15 -27 -32 -7 -26 -45 -12 51 -48 56 52 -51 -41 -50 54 -53 -56 -49 -58 -36 -1 61 -61
right_child=1 2 29 4 14 18 27 8 9 17 45 13 -14 16 -16 -17 26 -19 25 20 -22 -23 23 -25 43 40 -28 -29 -30 30 41 32 -34 -35 35 36 -38 -39 -40 46 -42 -43 -44 44 -46 -47 47 48 49 50 -52 53 -54 -55 55 -57 57 -59 -60 60 -62 -63
leaf_value=0.00095927027906150299 0.033509211340770784 -0.021193151009399436 0.023799894662099415 -0.033477837550645088 -0.00104115375781789 0.058339205456842916 -0.0065334204955378797 0.0012981634134701606 -0.029857882963714708 0.0039935815334812032 -0.044864363924269651 0.039323416989354043 0.048011146855533898 -0.021224689430873175 0.032346186135184897 -0.047170928947649682 -0.003581092426825366 0.046855375820559882 0.066726497747139915 0.0086618464440647528 -0.038556002050138781 0.026355666492753272 0.027625536425071796 0.025504444269298061 0.023415611402556453 -0.0044878378791810367 0.048364977576317886 0.056086581758406619 0.035410700826360733 0.024472530811037445 0.031348163099733012 0.058889463926221353 0.0062994613672510457 -0.030118803906767716 -0.050025266956846406 -0.032750251217666317 0.023550435225111143 0.012157255145620188 -0.017089904883109235 0.025945475642512695 0.032638832341575989 -0.00034686499749714245 0.016299143856646322 0.0043706197976293611 -0.025097439561010272 -0.0047668173317977885 0.040890350576207185 -0.050058887900257143 0.0046315631600710571 0.040866202443792521 -0.0063214259914526009 0.014638714969322984 -0.042665763376554144 0.0263061758270169 -0.030784368560721476 0.010089639211108002 0.015115735279553384 -0.032001317612732456 -0.01640712403305241 -0.01603761875563926 -0.0016415718949715022 0.010343438641792454
leaf_weight=1221.6409855466336 25.582925841212273 21.553224869072437 40.59663980640471 21.613261036574841 201.12207971327007 18.925581086426973 25.401315551251173 31.75827731564641 27.53336338698864 42.772016134113073 57.970693860203028 24.294093679636717 32.815588850528002 58.579975102096796 23.190243486315012 18.141910649836063 15.452014572918413 22.989202782511711 18.331153482198715 27.660824432969093 20.938888791948557 25.089000023901463 28.605681244283915 46.22369272261858 17.007086429744959 18.793064888566732 21.451074004173279 20.367207247763872 29.592892210930586 24.952738631516695 21.674426946789026 34.593151962384582 25.390944115817547 18.93104887008667 36.301478233188391 36.955914482474327 24.926339507102966 24.694129846990108 22.862624358385801 54.158689275383949 103.44309471920133 2058.6710372995585 35.641935627907515 47.547579117119312 80.930981434881687 17.05843522772193 18.698479562997818 25.876548033207655 19.158789336681366 25.129998035728931 36.621870281174779 34.819896552711725 21.895332366228104 25.699261996895075 43.866199292242527 17.223846331238747 17.898288570344448 31.755388010293245 37.498782366514206 368.15329396538436 1262.8652920685709 54.288982626050711
leaf_count=6129 182 143 210 116 1190 107 134 203 172 234 357 143 170 352 113 95 110 119 101 160 117 145 162 241 107 158 135 101 147 131 107 178 126 104 194 172 136 125 145 301 540 11209 187 274 488 98 101 134 109 126 185 213 112 144 283 96 107 256 201 2391 7768 340
internal_value=0.000323334 0.00211528 0.00191158 0.00481231 0.0089664 0.0134139 0.00587757 0.000482431 -0.0110537 0.00458263 -0.0247526 0.00452739 0.0224401 0.00162377 -0.00130544 -0.00490049 -0.00032934 0.0191018 0.0231976 0.0109113 -0.0116164 0.0042782 -0.000670545 0.00253895 -0.00354115 0.0321651 0.0265282 0.0269379 0.0159697 1.14232e-05 0.00101498 0.0216274 0.0367592 0.000793735 -0.00975509 -0.0172029 -0.0036086 -0.0146909 0.00898605 -0.0026441 0.026891 -1.27508e-05 0.0310514 -0.00971832 -0.014158 -0.0358329 0.000267046 -0.00671808 -0.0117579 -0.000440496 0.0128358 0.00812513 -0.0205143 0.000132956 -0.00684823 -0.0191809 -0.0270753 -0.0149206 -0.0330565 -0.00214637 -0.00440047 -0.0126339
internal_weight=6916.18 4009.23 3983.65 1575.6 803.478 561.024 317.29 772.12 200.082 93.2946 106.787 572.038 79.4578 492.58 242.454 219.264 468.286 65.7612 243.735 103.167 48.5997 46.6422 241.928 220.315 174.091 140.567 36.9031 75.3614 54.9942 2408.05 2184.21 103.868 59.9841 43.8838 223.836 160.377 86.5764 61.65 63.4593 431.383 122.236 2080.35 54.5675 145.486 128.479 75.0291 372.803 197.035 178.336 102.806 61.7519 175.768 41.0541 121.609 95.9099 61.09 75.5302 49.6537 73.8003 2906.95 1685.31 422.442
internal_count=38934 22306 22124 9086 4538 3140 1770 4548 1183 525 658 3365 458 2907 1398 1285 2764 353 1370 571 277 288 1388 1272 1031 799 245 382 281 13038 11855 539 304 235 1183 828 433 297 355 2519 698 11316 294 869 762 455 2167 1130 1029 532 311 1037 221 736 592 379 497 363 395 16628 10499 2731
is_linear=0
shrinkage=0.05


Tree=99
num_leaves=63
num_cat=0
split_feature=0 44 49 45 23 10 46 21 60 19 59 19 21 23 25 26 38 38 23 69 1 15 54 52 44 75 25 35 72 75 22 51 5 40 41 54 57 18 44 96 45 17 25 19 14 14 5 16 33 51 22 45 61 41 1 61 32 35 17 72 25 5
split_gain=11.3383 9.90467 11.4461 16.0045 21.977 15.4329 12.4535 15.6022 16.6791 12.5739 10.3599 10.941 9.86971 9.55188 9.03311 18.8199 17.6145 14.3584 11.6618 8.58799 11.6668 10.8357 9.21103 8.53971 8.32016 11.221 8.99855 9.75272 8.31224 9.33731 7.89714 12.0497 14.0649 13.8415 12.3626 17.3017 18.1548 16.8028 11.7236 22.5118 16.449 19.6471 14.478 16.0395 14.3792 17.635 19.1638 26.3654 14.6489 14.3119 14.2057 13.3257 15.3397 14.5577 16.0588 21.6383 15.7334 17.9706 14.1327 13.4476 12.3452 14.272
threshold=210.00000000000003 1.165128931997627 1.5045897379184285 0.44001620466711683 1.0463144331951388 1.7613570189041299 -0.061625596184455247 0.1822134387351779 77.500000000000014 0.68599439775910376 35.500000000000007 0.90038167938931302 0.082951070336391444 1.3403415614236511 0.33680593235666495 0.15868519267952699 0.36940301131528802 0.7714970333181197 0.5989114471451531 10.500000000000002 4.4732142857142865 0.65789473684210542 0.58451246107751431 1167.9500000000003 0.68541070516096625 14.500000000000002 1.1912944190709593 2.5840023834911876 0.5734277055215905 17.500000000000004 589.50000000000011 0.51348200550712408 0.86287939833467642 2.2930777063462897 0.96857842706440367 1.2008015358493596 0.31281841552674344 0.74589722894807653 -0.36443700375186111 21.407320129675544 1.6230144960838462 0.11393704568410247 0.5634432714354104 0.53378995433789966 0.55870382800600582 0.44984046657210347 0.69252256123764522 0.95909017479241399 1312.5000000000002 -0.28483857280855807 660.50000000000011 1.771553600538543 1.8130027548209369 0.68019675240864808 23.000000000000004 4.7936566703689998 0.81678403755868556 1.9288149907627343 0.091848571127280412 0.25012209357730719 0.67095548676521721 0.84152378652499404
decision_type=2 2 2 2 2 2 2 2 2 2 2 2 2 2 2 2 2 2 2 2 2 2 2 2 2 2 2 2 2 2 2 2 2 2 2 2 2 2 2 2 2 2 2 2 2 2 2 2 2 2 2 2 2 2 2 2 2 2 2 2 2 2
left_child=1 2 30 5 -5 6 7 10 -9 -10 11 13 -8 -4 18 -16 -17 -18 -3 20 21 -2 -22 -12 26 -26 27 28 29 -24 -1 38 33 34 35 37 -37 -33 39 40 44 -42 43 -41 45 46 47 -32 -48 -43 -50 53 -53 56 -55 -56 57 60 -54 -57 61 -40
right_child=19 14 3 4 -6 -7 12 8 9 -11 23 -13 -14 -15 15 16 17 -19 -20 -21 22 -23 24 -25 25 -27 -28 -29 -30 -31 31 32 -34 -35 -36 36 -38 -39 51 42 41 49 -44 -45 -46 -47 48 -49 50 -51 -52 52 58 54 55 59 -58 -59 -60 -61 -62 -63
leaf_value=0.0036220903521790686 0.0007751184683260073 -0.008668012817464368 0.020396502796566424 0.052522526618034117 -0.016800067285571523 0.022822339047021998 -0.063920884251496543 -0.073135934493251162 -0.049529795830791014 -0.0049974416511936589 0.035834956590817139 -0.042772797705102727 -0.017293689950758379 -0.024965520623084131 -0.028707435742152301 0.032892097513417491 -0.040429018121687206 0.017512445547569484 0.032145885514549076 0.0060424872998395517 0.01763822787427613 0.049807806776092582 -4.8987467659919887e-05 -0.0058476628782161613 0.023736572028184584 -0.018801096065826011 0.021161716813831766 -0.045096765483663474 -0.027773970507902784 -0.022435699781945144 0.0067781280509357361 -0.03172880290863607 0.027746644493872187 0.029433816397890139 -0.018760127593703366 0.00066038824882223889 0.063388189077148369 0.022916025101523192 -0.017682001237897229 -0.013500032402139338 -0.040871851934862528 0.015263573588384892 0.035345294331620584 0.03228453757745061 -0.028730611602448209 0.014922653645402524 0.028096561451533088 -0.025592330619531967 -0.033540107977870361 0.063408159456538465 0.00010578056151585419 0.035201924934575968 0.019262940620565574 -0.0026117252944705825 0.049909141883531516 -0.039478888910687418 -0.036736967062414007 0.013927262581018233 -0.02338405655664208 0.018776311778187744 -0.050564753535677957 0.021381711412707272
leaf_weight=863.06132843904197 26.123427279293537 23.347684696316719 25.751581948250532 22.257160693407059 23.174908936023712 24.641390766948462 24.325541220605373 17.073325853794813 22.631433565169573 53.480514897033572 26.237826712429523 21.838563218712807 22.071945115923882 20.958042588084936 37.694603905081749 51.017493609338999 20.67089805752039 21.815502874553204 67.367300726473331 1235.8498465493321 43.65084857866168 20.004350494593382 186.649404656142 22.65748455375433 45.727015160024166 23.222546357661486 21.948739763349295 20.55815763771534 51.502009022980928 62.167501617223024 93.082826193422079 36.152397681027651 69.242725793272257 37.83037182316184 78.483024332672358 24.744187142699957 21.781537987291813 22.804156538099051 138.94688986986876 48.674960259348154 12.697720941156147 78.141274988651276 72.156642362475395 31.317522291094065 51.540162969380617 139.11271086521447 44.356392093002796 192.33582941070199 32.876668117940426 19.338642001152039 638.89795327559114 13.561565730720757 21.291196290403605 1386.1890014838427 34.868501357734203 15.88022283837199 58.030727360397577 68.870779164135456 201.6612000092864 25.897671787068248 22.547058172523975 27.914989553391933
leaf_count=4321 151 128 163 115 121 130 114 118 146 319 133 121 126 124 201 300 111 119 362 6596 255 110 1109 144 252 132 112 112 304 390 506 213 362 199 437 127 106 135 927 255 128 574 350 173 394 770 206 960 155 129 3228 114 179 8333 183 109 349 370 1531 192 120 181
internal_value=0.000307115 -0.000865788 -0.00132991 -0.0103685 0.017092 -0.01482 -0.0184557 -0.0132432 -0.0285108 -0.0183521 -0.00107262 -0.0136466 -0.0419321 0 0.00946327 0.00103141 0.0130914 -0.0105891 0.0215884 0.00380228 -0.00170781 0.0222092 -0.00414555 0.0164452 -0.00647064 0.00933079 -0.00966501 -0.0117951 -0.00948461 -0.00566921 -0.000689276 -0.00167997 0.00808654 0.00191654 -0.00372782 0.00741663 0.0302073 -0.0105047 -0.00250072 0.000917505 -0.0012055 0.0172632 0.0191119 0.00438039 -0.00291778 -0.00174465 -0.00406594 -0.0150193 0.000294073 0.0249212 -0.00153816 -0.00496977 -0.0161234 -0.0034834 -0.00137607 0.0208805 -0.0132098 -0.00789221 -0.0192822 -0.00328911 -0.0158555 -0.011108
internal_weight=6910.71 5173.3 4951.39 327.1 45.4321 281.668 257.026 210.629 93.1853 76.1119 117.443 68.5482 46.3975 46.7096 221.913 131.198 93.5039 42.4864 90.715 1737.4 501.554 46.1278 455.426 48.8953 411.775 68.9496 342.826 320.877 300.319 248.817 4624.29 3761.23 291.038 221.796 183.965 105.482 46.5257 58.9566 3470.19 1454.53 1302.38 110.178 152.149 79.9925 1192.2 1140.66 1001.55 285.419 716.131 97.4799 671.775 2015.66 236.514 1779.15 1462.84 76.6464 316.31 258.28 222.952 41.7779 189.409 166.862
internal_count=38934 29411 28190 1874 236 1638 1508 1268 583 465 685 408 240 287 1221 731 530 230 490 9523 2927 261 2666 277 2411 384 2027 1915 1803 1499 26316 21995 1579 1217 1018 581 233 348 20416 7828 7050 831 778 428 6219 5825 5055 1466 3589 703 3383 12588 1824 10764 8817 484 1947 1598 1710 301 1228 1108
is_linear=0
shrinkage=0.05


Tree=100
num_leaves=63
num_cat=0
split_feature=22 60 72 24 15 96 2 6 6 18 30 20 94 48 39 15 10 2 41 96 62 39 62 50 21 43 25 38 30 7 17 41 23 0 29 57 57 8 5 62 4 29 9 9 21 96 4 38 8 19 50 31 31 77 40 75 78 5 25 14 51 30
split_gain=12.4972 14.7749 17.4932 14.241 17.2775 23.2234 17.9225 16.6759 25.4749 15.7769 14.7161 13.913 14.2079 13.7518 14.7478 15.0871 15.0279 15.1196 13.3445 13.0842 20.6049 20.1885 14.2452 14.3413 13.006 13.0019 12.8243 12.4557 12.1952 17.7808 20.5599 16.377 12.9666 12.1473 11.5413 21.7983 11.4521 11.0627 13.915 12.5252 16.2008 17.1138 13.5767 20.2044 22.2942 16.4002 12.6913 12.4642 11.4221 16.8589 17.9306 14.4768 13.4601 12.7111 20.1308 17.8328 15.5819 13.809 14.3947 12.4388 17.0894 11.125
threshold=643.50000000000011 312.50000000000006 -1.4406250506031537 0.44736842105263158 0.34210526315789475 6.8670282490868404 24.419642857142858 0.071685508735868458 0.040472290472290486 0.28633540372670813 1.0060740941115716 0.081696829675266341 9.5000000000000018 -0.73105507955932614 1.5039075484881996 0.65789473684210542 0.94685882583346348 6.9017857142857153 0.65853143017272742 13.92669353291115 2.2451547003196155 1.975534939398474 6.0594950150433613 0.94601884739597153 0.40936473165388837 3.5000000000000004 0.37858312858312865 1.7926280469342981 1.1227242634889112 0.1715728715728716 0.13104014718444054 0.82623157775287603 1.2256389249015656 210.00000000000003 0.57502588434791835 0.092014671456238331 -0.17873868605933421 0.10729043683589139 0.39504283965728276 6.2728876080691647 0.76568143704850378 0.50154086497369377 387.50000000000006 271.50000000000006 0.45176799007444174 6.2029484398464882 0.62737586766604081 1.4486134555100076 0.23360215053763442 0.071750321750321769 1.0137114451214368 0.93660839863371514 1.3312806206554695 1.9080271692922575 1.8183240859297198 3.5000000000000004 1.9182949207281659 0.71473779385171798 0.36426995496720771 0.41118814912272422 0.14760493509415282 1.6191623637406771
decision_type=2 2 2 2 2 2 2 2 2 2 2 2 2 2 2 2 2 2 2 2 2 2 2 2 2 2 2 2 2 2 2 2 2 2 2 2 2 2 2 2 2 2 2 2 2 2 2 2 2 2 2 2 2 2 2 2 2 2 2 2 2 2
left_child=1 37 -3 4 5 6 7 8 -2 25 -9 -4 -13 -14 16 -16 -15 -18 24 -20 -21 22 -22 -24 -6 -7 -27 28 29 30 -5 -32 -31 -30 35 36 -12 38 -1 40 -40 -42 43 -41 45 -45 -44 48 53 -50 51 59 -52 -39 56 -56 -55 58 -57 -51 -61 -59
right_child=3 2 11 27 18 9 -8 10 -10 -11 34 12 13 14 15 -17 17 -19 19 20 21 -23 23 -25 -26 26 -28 -29 33 32 31 -33 -34 -35 -36 -37 -38 47 39 42 41 -43 46 44 -46 -47 -48 -49 49 50 52 -53 -54 54 55 57 -58 61 -60 60 -62 -63
leaf_value=-0.034523162100439833 -5.1780439474278885e-06 0.025107097038905068 -0.037947267383138993 -0.0088033398279049307 -0.015777510716820167 0.051994255137400594 0.061786931837015349 -0.029199021771028167 0.079334888029614817 -0.023260669480348148 0.027827642196257132 -0.03764561926558236 -0.038314742045937267 0.016173793755297105 0.0029953563589063155 0.046375528425719417 -0.043386315540321685 0.0074217819841343735 -0.013226540638635662 -0.047016371988063355 0.034571221308979327 -0.036640495248954269 -0.038713206934433073 0.021783229380884325 -0.0549261907605487 -0.018180545590591908 0.033276362694300184 -0.027051618632296805 -0.0019359695862892082 0.017177308267735444 0.020723344031637756 0.078025654139943876 -0.030844473112599816 0.004352262511536341 -0.021007824215348039 0.055571050279185158 -0.020780969269914826 -0.0088180785492563887 -0.053838798050839645 0.024523848600788104 0.027476430657327962 -0.025552900216754066 0.03399925594224619 0.020180609129496416 -0.067868101664864275 -0.031428267143227086 0.0069018158880159572 0.04519631984648699 -0.037085002503225876 -0.038801811703097634 0.043158776892823505 0.027815248368135165 -0.0060123697564067463 0.045849687984069264 -0.027275125950287599 -0.014113085408444963 0.006407641525708341 0.048956706442856684 0.034792483658516588 0.025926429530461023 -0.0148731657502929 0.0042947917240683461
leaf_weight=25.829785123467445 21.405793182551861 39.536979589611292 39.248705383390188 21.762436605989933 64.364151330664754 13.051888257265089 17.758612874895334 31.712596394121647 18.873726740479469 106.66171555034816 20.772050302475691 30.473734341561794 22.121500972658396 34.63553299754858 58.498794250190258 30.623116910457611 39.754423595964909 22.86656491458416 407.07997634075582 16.944972449913621 64.831357393413782 18.288805712014437 16.633977338671684 23.479884717613459 32.06425105035305 41.104252528399229 17.025037813931704 42.65119356289506 3140.6720844302326 29.09667244553566 25.718834955245256 24.860653102397919 26.919609393924475 1016.3072122000158 22.999975707381964 26.723422862589359 28.779296834021807 45.765558011829853 20.262283146381378 31.750253744423389 26.916520204395056 34.685180850327015 49.86511455476284 28.699793733656406 20.183616794645786 32.851670399308205 328.38355343043804 25.257492855191231 25.28117822483182 28.371830228716135 45.371890380978584 32.253655053675175 19.783122472465038 88.568454692140222 29.415968425571918 49.679069109261036 35.379325553774834 39.296862348914146 21.45875272154808 37.405380971729755 81.089058883488178 22.012463357299566
leaf_count=119 156 203 183 134 495 110 96 261 112 859 124 146 112 176 279 147 179 108 2912 195 440 138 104 134 251 330 117 239 17441 164 165 140 165 5443 160 167 196 230 106 279 139 163 225 158 94 165 1548 127 115 144 224 165 100 454 133 229 177 192 111 184 387 121
internal_value=-0.000299126 0.00366225 -0.00593639 -0.00144549 -0.00678965 0.00185826 0.0140685 0.0090582 0.0371517 -0.0110922 0.000359371 -0.0103732 -0.00580964 -0.0011168 0.00328964 0.0179925 -0.0101367 -0.0247714 -0.0117258 -0.00868749 0.00445832 0.0116091 0.0200921 -0.00321232 -0.0288904 0.00707853 -0.0029926 -0.000196387 7.03564e-05 0.0152445 0.0316138 0.0490854 -0.00582514 -0.000397339 0.00987178 0.019264 -0.000288408 0.00615479 0.0012893 0.00291643 -0.0151631 -0.00229402 0.00593894 -0.00919957 -0.0223746 -0.00728963 0.0104954 0.0108019 0.0093412 0.00167515 0.00572062 -0.00242714 0.0281659 0.0155559 0.019478 0.00781785 0.034646 0.0156643 0.000597243 -0.00911717 -0.00194071 0.0330358
internal_weight=6882.12 1543.58 317.759 5338.54 1010.56 366.868 189.025 171.267 40.2795 177.843 130.987 278.222 238.974 208.5 186.378 89.1219 97.2565 62.621 643.687 547.259 140.179 123.234 104.945 40.1139 96.4284 71.1812 58.1293 4327.99 4285.34 128.358 72.3419 50.5795 56.0163 4156.98 99.2747 76.2748 49.5513 1225.82 599.428 573.598 81.864 61.6017 491.734 113.485 81.7351 61.5515 378.249 626.39 601.133 269.556 244.275 179.12 65.155 331.576 285.811 161.863 123.948 132.447 71.1378 146.866 118.494 61.3093
internal_count=38870 7622 1533 31248 7357 2688 1272 1176 268 1416 908 1330 1147 1001 889 426 463 287 4669 3923 1011 816 678 238 746 557 447 23891 23652 768 439 305 329 22884 647 487 320 6089 2996 2877 408 302 2469 696 417 323 1773 3093 2966 1319 1204 880 324 1647 1417 786 631 653 340 715 571 313
is_linear=0
shrinkage=0.05


Tree=101
num_leaves=63
num_cat=0
split_feature=22 60 24 10 51 38 38 43 48 60 62 62 35 30 60 47 3 10 62 48 21 48 66 62 2 38 35 22 94 30 24 26 77 47 34 4 4 24 39 55 60 59 32 33 77 38 38 21 54 3 8 59 51 51 10 51 3 25 42 8 20 62
split_gain=11.321 13.3674 13.1134 16.1817 17.2114 13.5409 12.7915 13.2929 15.2237 16.346 17.4768 16.8235 19.1327 18.0248 14.3942 13.765 13.3816 17.3718 14.287 14.123 17.2285 13.7624 13.1161 18.6112 19.192 18.1631 16.5315 23.4146 18.3868 23.494 21.2017 16.806 16.3821 16.0709 15.5796 13.8401 18.324 21.4858 13.9283 14.5992 13.32 12.9997 12.7796 18.923 13.0049 12.6471 21.7582 20.464 16.0257 12.4382 18.9197 16.3119 18.5266 18.2518 17.7201 16.798 15.6452 15.3249 14.57 17.2659 14.2657 12.9471
threshold=643.50000000000011 312.50000000000006 0.39473684210526322 0.56168805503838604 0.40630490071962105 1.1623595122948032 1.7926280469342981 1.5000000000000002 1.1307665770610138 46.500000000000007 14.55860696517413 32.160193489613413 1.4186201261781828 1.5560525381611645 86.500000000000014 0.067453233271180982 1.0639516407599312 1.284354552097519 6.8268164794007502 0.9897409264743201 0.43364779874213844 0.9629025201541358 14.437500000000002 17.331182795698926 6.4732142857142865 0.64669520032131744 2.2672510376085353 1518.5000000000002 28.500000000000004 1.4816570124626998 0.55263157894736847 -0.023670685623795883 1.9364485602766746 -1.5196418409447572 1.1663824067810225 0.38373694623225069 0.78574845241511915 0.65789473684210542 1.9674905047613807 0.90037608997970398 193.50000000000003 45.500000000000007 0.81678403755868556 2082.5000000000005 2.1994873926349103 0.89972067039106152 0.098119379916038488 0.29449472096530926 1.2815356896688848 1.342159394284214 0.10729043683589139 32.500000000000007 0.39447574831003912 0.05066355902729161 1.0740124773939674 -0.31231873118378389 1.2643944131589444 0.35348576933429676 2.5000000000000004 0.095389748255990309 0.2009615384615385 11.603779501567917
decision_type=2 2 2 2 2 2 2 2 2 2 2 2 2 2 2 2 2 2 2 2 2 2 2 2 2 2 2 2 2 2 2 2 2 2 2 2 2 2 2 2 2 2 2 2 2 2 2 2 2 2 2 2 2 2 2 2 2 2 2 2 2 2
left_child=1 49 3 -2 -5 42 7 15 16 -10 -11 12 -12 -14 -15 -4 17 22 -19 21 -21 -18 23 24 -9 -24 27 28 29 30 -26 40 -25 -27 -33 -34 37 -37 39 -39 -30 -20 43 -6 -44 46 47 -16 -48 50 51 52 53 54 55 57 -52 -1 59 -51 -57 -55
right_child=2 -3 6 4 5 -7 -8 8 9 10 11 -13 13 14 45 -17 19 18 41 20 -22 -23 25 32 26 33 -28 -29 31 -31 -32 34 35 -35 -36 36 -38 38 -40 -41 -42 -43 44 -45 -46 -47 48 -49 -50 58 56 -53 -54 61 -56 60 -58 -59 -60 -61 -62 -63
leaf_value=0.046303964060354461 0.032971266202019893 -0.0056455001796297272 -0.012576815953382474 -0.011710771527994063 -0.0068061873310022352 -0.031301981532115684 -0.027132955880332189 -0.025332733800110602 0.030365854444877723 -0.026483522884715727 -0.038060876687138569 -0.023075315055836813 0.053120079832034955 -0.036741464476745422 -0.0038960202661744558 0.044595870769875638 -0.0015325218570478392 0.056941006479290103 -0.010961881991785055 0.031458558209904335 -0.010719308471787793 -0.037063658703818461 0.02660729290403422 0.049899070949436991 0.00014582605509750408 0.042005518107202044 0.034722220884324959 -0.022081627843810504 -0.0059507081299983808 -0.0049856865684918461 0.04671011856249363 -0.0071550789700186666 0.041209446409062177 -0.013733719056735658 0.032141876391889014 -0.035215399318532924 0.041336164393371892 0.01871208956674315 0.03862614077535409 -0.024857831214278481 -0.05820542257076522 0.041081042729289717 -0.044118505224598044 0.048183077846778048 0.013411982469871467 0.044600292806140758 -0.036165141837383917 0.058921888367650832 0.016002466181149887 0.018101799969866494 0.012273492454700049 0.0062723546234498082 -0.044236087599930106 -0.0063273693545477169 -0.057696099885700902 0.008762763150449741 -0.02100289917644033 -0.011211623636127269 0.022453980486633638 -0.020054080810706684 -0.041440969879838918 0.039549547481819491
leaf_weight=20.204929485917091 24.161255467683077 317.30519486963749 15.335796590894459 662.00201389379799 24.183689892292023 18.405803941190243 43.954603930935264 87.570163771510124 24.561917323619127 132.55863536521792 24.268164791166782 85.2747712880373 20.532912407070398 19.450340621173382 26.427085269242525 32.433162700384855 2712.155445786193 27.660240914672613 27.230960555374622 69.006873656064272 36.982935346662998 27.44536204636097 127.37877659499645 26.670452922582626 38.21822277083993 15.804977124556897 31.94267925620079 115.55384976230562 24.429359704256058 85.185089286416769 68.820620503276587 118.31160162016749 27.179407123476267 68.789160873740911 31.935915734618902 40.117748010903597 26.021758656948805 38.315398417413235 27.021686963737011 38.327327035367489 24.781402923166752 21.168333522975445 14.84300511702895 43.350477807223797 28.418382752686739 21.116312839090824 40.153389096260071 25.069398310035467 22.980723474174738 63.857991885393858 442.77751201577485 183.37788876891136 40.744361493736506 32.127308763563633 22.68842058442533 20.41006039083004 38.190930046141148 26.666364151984453 202.75828975811601 55.160504546016455 44.754676699638367 29.090168265625834
leaf_count=96 170 1533 130 5056 145 123 258 414 173 936 199 519 124 182 158 181 14615 148 134 357 211 139 736 134 250 155 159 806 154 424 378 644 134 415 170 211 132 181 127 183 138 104 123 270 184 124 242 140 158 330 2174 906 214 159 106 97 193 143 1051 261 213 146
internal_value=-0.000285418 0.00348967 -0.0013765 -0.00721251 -0.00844995 0.00821534 -0.000322069 -5.69596e-05 -0.000341479 -0.00914067 -0.0114817 -0.0044864 0.00342207 0.00919765 0.00332397 0.0261487 0.000634549 0.00521648 0.0282935 -0.00119691 0.0166981 -0.00189164 0.00355709 0.000776558 -0.00363602 0.014683 -9.88513e-05 -0.00230794 0.00351707 0.0145571 0.0301467 -0.00709943 0.0131604 -0.00322345 0.00118027 0.00813807 0.00279398 -0.00417054 0.00781789 -0.00301511 -0.032431 0.0117347 0.0148475 0.0284368 -0.00626767 0.00912432 0.00251247 0.0266429 -0.0171019 0.0058645 0.00284334 -0.00490096 -0.0135778 -0.00715791 -0.0174582 -0.00922087 0.009617 0.0135211 0.0143053 0.000374049 -0.0256509 0.0154205
internal_weight=6873.62 1540.11 5333.51 815.365 791.203 129.201 4518.14 4474.19 4426.42 442.394 417.832 285.273 199.998 175.73 155.197 47.769 3984.03 1138.44 76.0595 2845.59 105.99 2739.6 1062.38 850.403 626.749 211.973 539.179 507.236 391.682 192.224 107.039 199.458 223.654 84.5941 150.248 196.983 169.804 143.782 103.664 76.6427 49.2108 48.3993 110.796 67.5342 43.2614 135.747 114.631 51.4965 63.1341 1222.81 901.033 420.064 236.686 195.942 134.724 112.036 480.968 46.8713 321.777 119.018 65.1647 61.2175
internal_count=38870 7622 31248 6071 5901 845 25177 24919 24608 2955 2782 1846 1327 1128 1004 311 21653 6331 386 15322 568 14754 5945 4639 3537 1306 3123 2964 2158 1052 628 1106 1102 570 814 968 834 702 491 364 292 238 722 415 307 822 698 298 400 6089 4447 2080 1174 960 655 549 2367 239 1642 591 310 305
is_linear=0
shrinkage=0.05


Tree=102
num_leaves=63
num_cat=0
split_feature=22 0 60 72 3 18 62 25 41 1 3 8 59 10 48 97 29 3 59 29 62 46 51 52 18 17 39 5 61 44 39 8 77 75 77 26 41 62 53 25 26 77 3 3 72 15 26 45 39 24 4 35 34 3 43 17 60 62 31 51 44 62
split_gain=10.2407 12.281 12.0794 15.834 13.6105 15.212 14.498 15.3376 14.2962 13.5846 11.3037 17.0863 14.7143 16.7617 19.2866 15.5266 15.5879 14.1192 12.7326 14.1905 12.3378 12.0185 14.3616 11.982 11.8111 10.991 15.4204 13.8371 12.99 12.5122 15.1006 11.6077 14.9012 10.8259 10.6623 17.3938 11.2987 10.4245 10.3874 10.2137 13.1854 12.1949 11.6115 18.6254 10.0754 10.0264 9.75849 9.71631 12.8833 9.33577 13.8787 26.4422 19.0033 13.1626 15.6935 11.968 11.61 12.1498 17.4437 11.636 13.4752 11.4355
threshold=643.50000000000011 210.00000000000003 312.50000000000006 -1.4406250506031537 1.3068342309994019 0.64599358974358989 8.542721977631329 0.2925832881795643 1.2255813903399251 5.6517857142857153 1.342159394284214 0.10729043683589139 32.500000000000007 1.0740124773939674 0.06152566371678115 7.6326492410319258 0.51770997113397599 1.2643944131589444 54.500000000000007 0.40666631358019828 32.160193489613413 -0.13992715920899743 -0.34201610460488879 786.47500000000014 0.39602987421383656 0.2430907300209037 1.2527139997645123 0.70620204603580572 9.4584010584010603 0.28107024988213697 1.3901855764663493 0.3488455988455989 2.2702087504198656 7.5000000000000009 2.4940898319708342 0.30295745920745926 0.66823753410825526 19.851831258743768 1.1022118163745347 0.5920555942336313 -0.15462497522198557 2.0884745201360295 1.615759067080347 1.3839994775339606 1.4570666424989385 0.39473684210526322 -0.053486199699327129 0.41190406481598757 1.6680377875044365 0.44736842105263158 0.37660486585459457 1.2133768251009633 0.64651960761319249 0.96140165294595026 2.5000000000000004 0.17149859943977594 25.500000000000004 11.603779501567917 0.38376394428067745 0.34684862582820369 -1.0057795758329842 13.435129964612264
decision_type=2 2 2 2 2 2 2 2 2 2 2 2 2 2 2 2 2 2 2 2 2 2 2 2 2 2 2 2 2 2 2 2 2 2 2 2 2 2 2 2 2 2 2 2 2 2 2 2 2 2 2 2 2 2 2 2 2 2 2 2 2 2
left_child=2 49 10 -4 5 6 -5 9 -6 -8 11 12 13 15 -15 -1 21 25 19 -14 34 -17 -23 47 -18 26 37 29 31 33 -31 32 -28 -27 35 36 -12 -13 -22 41 -41 42 43 -3 -43 -35 -11 48 -21 50 51 52 -2 54 -52 -54 -55 -58 -59 60 -60 -62
right_child=1 39 3 4 8 -7 7 -9 -10 46 20 17 18 14 -16 16 24 -19 -20 23 38 22 -24 -25 -26 27 28 -29 -30 30 -32 -33 -34 45 -36 -37 -38 -39 -40 40 -42 44 -44 -45 -46 -47 -48 -49 -50 -51 53 -53 55 56 -56 -57 57 58 59 -61 61 -63
leaf_value=-0.038999587963584617 0.050008113452297089 0.0097619465994900796 0.024241255130324491 -0.02290187074144881 -0.035108841585071368 -0.040577555193346534 -0.032430795415058215 0.034854972357156365 0.0092653780874303125 0.034345947888066906 -0.0083217599068927013 -0.0011794758394266358 0.045355021837887158 -0.012859981326524876 -0.068832225321890012 0.018765845968665061 0.045044982144910789 -0.019889722018939016 -0.026113082943415356 -0.0068384522937554211 0.0098734907726015474 0.010681546244967503 -0.040103138379632454 0.03832414684224613 0 0.038577987299844171 0.055432965342357192 0.039135877598000024 -0.0039677740315294131 0.020260958624492703 -0.031789853218849529 -0.008970389418985791 0.0075752511376606969 0.031576773572377363 0.039247784248626988 -0.011240767261128234 0.028628776595368079 -0.046627809424634362 -0.029675890198765115 0.0411978364273555 0.0062612198130839597 -0.0080802027120857132 0.038674166093562681 -0.028811214818051212 0.011946170199297605 -0.010238291563855806 -0.010279640326719467 -0.020308636899044732 0.038887562679378179 -0.0015779410071046407 0.028867387292809278 0.072195654644947968 0.016840302865386098 0.019462552840023781 -0.026066314547302752 -0.040478489018324307 -0.013874416244222443 0.058231193516337112 0.0377591782862359 0.034798812420012121 0.024161539353889958 -0.023975936758437053
leaf_weight=27.463612444698811 12.625838201493023 220.16491279006004 39.369007606059313 37.697522647678852 75.294770799577236 21.613676644861698 24.069934837520123 46.935611568391323 23.64375676959753 25.948860615491867 24.626732487231493 30.840799175202847 25.63647910580039 40.575088415294886 25.041168296709657 23.401401542127132 28.245915032923222 38.314280841499567 26.300997292622924 41.304910130798817 44.677150232717395 20.679366305470467 41.45264033973217 21.944275707006454 29.984061606228352 49.998077984899282 37.135509420186281 63.594761949032545 75.22851088270545 25.820999711751938 29.910303026437759 19.813263967633247 29.421837106347084 24.125933717936277 51.223302390426397 51.834523882716894 121.95020090788603 21.537120044231415 26.212436757981777 28.483247846364975 514.28938990086317 450.47246612235904 27.09814827144146 36.340381702408195 72.709386304020882 34.796280257403851 22.819777607917786 43.766592394560575 24.320791605859995 3265.0383771453053 13.951549988240002 14.909706264734266 13.885813295841215 41.467176001518965 164.24992240779102 25.605502873659134 292.96531317569315 13.40143685415387 13.479945942759512 18.281416803598404 14.700474824756382 72.01850376278162
leaf_count=134 82 1353 203 190 348 104 123 231 109 118 124 149 132 198 117 116 141 193 143 198 235 108 203 104 157 245 183 334 361 125 135 98 154 119 285 265 601 98 132 143 2695 2673 143 225 395 173 107 210 119 18202 125 88 109 275 1308 217 2260 92 70 100 107 586
internal_value=-0.000272988 -0.00131162 0.00331907 -0.00536179 -0.00957886 -0.00132311 0.00405534 0.0125935 -0.0244554 -0.00171082 0.00557964 0.0027023 -0.00465459 -0.0128904 -0.034369 -0.00461504 0.00194134 0.00914421 0.00596237 0.0113817 0.0136458 -0.0116008 -0.0231301 0.00468269 0.0219047 0.0116749 0.00350252 0.0193097 0.0111639 0.0116026 -0.00759142 0.0243907 0.0343955 0.0214674 0.0188757 0.013574 0.0223851 -0.0200158 -0.00470123 0.00280778 0.00811106 -0.000754426 0.00758605 0.00426851 -0.00528572 0.00682283 0.0133842 -0.00204901 0.0100649 -0.00271093 -0.00790189 0.0137059 -0.0030373 -0.0101585 -0.0217237 -0.0202063 -0.0057245 -0.00819865 0.00437271 -0.00172109 -0.00846209 -0.0157397
internal_weight=6864.71 5326.14 1538.57 317.393 278.024 179.085 157.472 119.774 98.9385 72.8386 1221.18 900.655 420.117 236.843 65.6163 171.227 143.763 480.538 183.274 156.973 320.524 85.5334 62.132 131.337 58.23 442.223 213.977 228.246 161.599 164.652 55.7313 86.3706 66.5573 108.92 249.635 198.411 146.577 52.3779 70.8896 1349.56 542.773 806.785 283.603 256.505 523.182 58.9222 48.7686 109.392 65.6257 3976.58 711.543 67.0269 52.1172 644.516 178.201 39.4913 466.314 424.847 131.882 118.48 100.199 86.719
internal_count=38870 31248 7622 1533 1330 873 769 579 457 348 6089 4447 2080 1174 315 859 725 2367 906 763 1642 427 311 631 298 2174 1043 1131 796 797 260 435 337 537 1275 990 725 247 367 7627 2838 4789 1721 1578 3068 292 225 527 317 23621 5419 496 408 4923 1433 326 3490 3215 955 863 763 693
is_linear=0
shrinkage=0.05


Tree=103
num_leaves=63
num_cat=0
split_feature=33 48 4 33 34 49 57 34 4 78 47 34 21 4 51 97 17 46 39 38 96 4 26 62 60 33 54 45 48 26 54 19 41 18 21 23 31 21 16 5 5 40 52 5 47 5 31 94 33 26 41 15 34 78 95 94 10 20 45 50 53 60
split_gain=9.74689 19.1965 14.7086 21.1233 17.2616 19.0041 25.4387 16.5863 16.357 15.3763 22.7133 17.2499 17.7996 16.2739 15.5572 15.2402 14.7601 14.1069 18.5609 19.5748 15.2094 13.8483 19.9852 21.2204 13.7257 13.261 12.8079 18.5804 26.7627 18.7515 18.4494 19.3064 16.878 16.2851 15.3347 25.4106 22.0411 15.3317 17.7661 16.8013 14.7317 14.615 18.3905 13.9094 15.6205 14.9358 14.5079 15.448 16.2607 18.3343 14.4489 14.4332 14.0285 13.5055 13.4284 17.4844 14.8231 13.366 13.2916 22.1216 18.2442 24.5864
threshold=2408.5000000000005 -0.76380643918061819 0.98630896594814133 2558.5000000000005 1.0968492288369436 -1.5911286999174019 -0.50041975008774664 2.8436219218405614 1.1098652610567028 -1.6864557014801365 -0.44989342017611628 0.92049282144202538 0.22295321637426904 0.81494165398274998 0.33823295816138371 5.0045072156024739 0.29644376317302173 -0.40468811758625028 1.4247181476542614 1.1784149404701563 4.202095925808889 1.0751661742983754 0.18312630462307089 10.959012345679016 116.50000000000001 3497.5000000000005 1.4409517251937538 -0.73638624306733025 -0.035366432811645386 -0.64978014827667785 1.9123964728534741 0.26209992193598758 0.68327034504251116 0.72240143369175636 0.1813852813852814 1.139369100844511 0.74900788970144971 0.065395580898075567 0.8551759809844196 0.73093083387201041 0.32200460829493094 1.7144303065355699 739.37500000000011 0.78598691384950936 -1.1130869953024882 0.86855396065922397 1.0000000180025095e-35 18.500000000000004 2164.5000000000005 0.37094283106732512 1.0557339710901938 0.65789473684210542 0.9561814689004241 -0.41657827065256253 331.50000000000006 17.500000000000004 1.0740124773939674 0.18776709401709404 -0.20835327496759512 0.66282531120763677 1.2623831688063698 348.50000000000006
decision_type=2 2 2 2 2 2 2 2 2 2 2 2 2 2 2 2 2 2 2 2 2 2 2 2 2 2 2 2 2 2 2 2 2 2 2 2 2 2 2 2 2 2 2 2 2 2 2 2 2 2 2 2 2 2 2 2 2 2 2 2 2 2
left_child=26 -2 4 -4 5 -3 -7 17 21 10 -8 13 15 14 -11 -13 -15 18 -6 20 -20 22 -5 24 -24 -17 27 28 29 -1 43 -32 -33 54 35 37 -37 -31 39 -39 -36 -38 -43 46 -45 53 -28 51 49 -49 52 -48 -47 -46 55 -30 -56 -51 -29 -60 -61 -62
right_child=1 2 3 8 7 6 9 -9 -10 11 -12 12 -14 16 -16 25 -18 -19 19 -21 -22 -23 23 -25 -26 -27 30 58 33 34 31 32 -34 -35 40 36 41 38 -40 -41 -42 42 -44 44 45 50 47 48 -50 57 -52 -53 -54 -55 56 -57 -58 -59 59 60 61 -63
leaf_value=0.037074762413894909 -0.01267695507131826 -0.047424899462291843 -0.025871658605083225 -0.031397158446719045 0.0010451246399410638 0.06380643843743132 -0.018967640598530892 -0.02509341984662963 0.00048017506285069747 -0.016993060432924645 0.052969227881848158 -0.034831883500267599 -0.036900604224462209 0.055760055446677129 0.020730432779517621 0.035173789610641763 -0.00051316464558495039 0.0075049287048452474 0.022701813584097161 0 0.082268828145691184 -0.035633634054313183 0.039899744832093242 -0.028872630855213841 -0.010021247126892601 -0.020545346320451994 -0.020716338715670111 -0.0086135921273345593 0.059888129477747923 -0.028885333076036107 -0.043163320165924918 0.036331967389377239 -0.0067007291987102938 -0.015581588526455154 -0.048571153896961004 0.071004030296636142 0.03752539506760362 0.050148806408689656 -0.021188152972012923 -0.0092693734200337725 -0.0036440600937573233 0.034098551352162901 -0.017962353856306311 0.044024814396253747 0.01698624346787422 0.02142994391503689 0.051711530157148446 0.019897688018939746 0.055471772231926078 0.0053941357574788162 0.035604676102544412 0.0060600593613874456 -0.027470049137426629 -0.028631208914882602 -0.026163380603172283 0.022200464069023099 0.031006828144774057 -0.043772876605690507 0.050909396968791959 0.0017288250480695544 -0.0063400937976813747 -0.049384413369868735
leaf_weight=35.090928591787815 405.92860789597034 23.664642628282309 105.7332434207201 52.179147820919752 40.177321195602417 14.31838236749172 18.425989750772715 32.428611978888512 880.03680600598454 95.146171282976866 26.605451203882694 23.236738462001085 77.231276888400316 23.643596421927214 38.148958437144756 29.094322178512812 22.537448458373547 416.96061778068542 17.041207775473595 18.224437028169632 30.549367193132639 59.177865862846375 42.111591231077909 27.633865647017956 20.17562110722065 16.635855827480555 21.465860527008772 630.82835996523499 42.772196728736162 48.030524533241987 29.489248927682638 27.54566303640604 129.36977407708764 26.952006909996271 18.876167334616184 21.282537505030632 46.533593412488699 28.957206804305315 33.770339727401733 19.890126671642065 493.8513824287802 27.059505116194487 45.044386271387339 19.818701893091202 21.244468986988068 27.675681639462709 63.778811108320951 127.60800606384873 21.291188601404428 34.540571302175522 36.769015613943338 24.14701796323061 30.898736543953419 66.357446793466806 23.202737614512444 112.87985478900373 21.964407183229923 22.762234129011631 20.801545131951571 1495.0187744162977 365.35117499530315 36.460401553660631
leaf_count=207 3849 165 577 359 253 86 170 179 4967 761 141 141 558 154 191 180 146 2317 95 109 175 349 209 175 103 115 113 3125 205 293 167 156 686 135 113 118 257 157 194 121 2910 130 253 119 102 147 327 674 116 175 182 116 159 344 110 547 105 113 105 7546 1835 184
internal_value=-0.000259646 -0.00270467 -0.000820019 -0.00454776 0.00376472 -0.00402545 -0.0013334 0.00950596 -0.00245585 -0.00387941 0.0234465 -0.00767918 -0.0204268 0.00268254 -0.0061517 -0.00187979 0.0282476 0.0116654 0.0279627 0.0442924 0.0611363 -0.0153115 -0.00679409 0.00744598 0.0236594 0.0147944 0.00119339 -1.36624e-05 0.00559525 0.00136884 0.00735617 -0.00611401 0.000839914 0.0207516 -0.000228901 0.00939291 0.0241993 -0.00643242 0.00657947 0.0258827 -0.00531696 0.0157081 0.00152624 0.01221 0.00196253 -0.00258838 0.0187753 0.0216805 0.0141482 0.00933569 0.0110684 0.0392522 -0.00428305 -0.0175047 0.0256581 0.0326207 0.00153464 -0.0140915 -0.00231824 -0.000244364 -0.000810631 -0.0102697
internal_weight=6856.43 2557.05 2151.12 1187.05 964.07 408.689 385.024 555.382 1081.31 370.706 45.0314 325.674 146.198 179.476 133.295 68.9669 46.181 522.953 105.992 65.815 47.5906 201.278 142.1 89.9211 62.2872 45.7302 4299.38 3594.62 1046.16 818.387 704.762 186.405 156.915 227.771 783.296 270.568 139.92 130.648 82.6177 48.8473 512.728 118.637 72.1039 518.358 202.764 182.945 315.594 294.128 206.202 184.911 95.3434 87.9258 58.5744 87.6019 200.819 155.652 45.1671 57.3028 2548.46 1917.63 1896.83 401.812
internal_count=38870 16524 12675 6739 5936 2808 2643 3128 6162 2557 311 2246 994 1252 952 436 300 2949 632 379 270 1195 846 487 312 295 22346 18650 5855 4753 3696 1009 842 1102 4546 1523 758 765 472 278 3023 640 383 2687 1053 934 1634 1521 1078 962 488 443 306 446 967 752 215 288 12795 9670 9565 2019
is_linear=0
shrinkage=0.05


Tree=104
num_leaves=63
num_cat=0
split_feature=0 33 54 54 45 45 41 54 23 48 44 22 3 9 34 50 8 14 41 44 39 30 39 23 31 23 25 41 48 34 97 47 14 94 54 46 46 14 51 48 66 33 1 7 23 44 54 50 59 54 50 57 14 78 39 47 26 78 59 52 44 75
split_gain=9.44188 10.0573 15.6987 19.5079 18.0783 15.9229 12.1828 21.999 18.2467 13.9629 23.5509 16.4538 12.668 12.1037 24.4512 15.0978 14.2306 19.2008 12.0434 19.4985 17.0959 16.5302 16.2786 11.7823 11.5417 11.3253 11.9721 17.6275 19.9871 18.8921 13.5474 12.5241 22.8671 16.3587 25.1241 11.425 16.0964 13.9478 14.8731 13.8311 15.6217 26.7195 19.3787 12.7848 11.9705 11.3991 16.4348 14.8791 16.5437 13.1722 13.1655 12.85 10.7285 15.7924 12.701 10.4436 10.4291 12.5871 12.1401 15.06 10.2799 10.1466
threshold=270.00000000000006 1125.5000000000002 0.8092729960145274 1.430920964893805 1.1837442167085865 1.8767748183189508 0.80688657584783907 1.1262125745135532 1.3029451917097963 -0.52495750342301284 0.13901633575042852 454.50000000000006 1.1092222735319022 497.50000000000006 1.1122457532936718 1.4281840280502707 0.17411248504188276 0.39936604577330365 0.90037608997970398 -0.12456726084713703 1.3450869477381158 1.5470313876211068 1.2002766251728909 0.88298203611270776 0.7097470160420366 1.6742087707948321 0.9301512441047326 1.4557982678563512 0.43171295624996125 1.9973476792348466 7.806571531358677 -2.210980245775092 0.48477454558423189 49.500000000000007 0.59105907582102546 0.85545401798663034 0.41642635391500177 0.30258683538584763 -0.7379163827926164 -0.21806807899601538 11.008928571428573 2349.5000000000005 17.133928571428573 0.23354978354978359 2.0475692529992209 -0.59541496320528042 0.69732304778297005 1.7118629631810289 46.500000000000007 1.1581562022418115 1.6260883936241248 -0.33101526046171914 0.29037652977902212 0.53003139458022563 1.293288041508301 1.0682293785310828 0.85827754108338417 0.34475149070090777 36.500000000000007 1116.5000000000002 0.51042224081699039 5.5000000000000009
decision_type=2 2 2 2 2 2 2 2 2 2 2 2 2 2 2 2 2 2 2 2 2 2 2 2 2 2 2 2 2 2 2 2 2 2 2 2 2 2 2 2 2 2 2 2 2 2 2 2 2 2 2 2 2 2 2 2 2 2 2 2 2 2
left_child=1 2 18 6 -5 -6 52 8 9 -8 11 -11 -9 14 16 -16 17 -3 20 21 22 -20 -1 -14 -21 26 31 45 29 -29 -31 32 -15 -34 -35 36 37 38 -27 40 41 -39 60 44 -41 47 -47 48 -28 51 -51 -48 -4 -54 -55 -45 57 -53 -58 -60 -42 -33
right_child=-2 13 3 4 5 -7 7 12 -10 10 -12 -13 23 25 15 -17 -18 -19 19 24 -22 -23 -24 -25 -26 35 27 28 -30 30 -32 61 33 34 -36 -37 -38 39 -40 43 42 -43 -44 55 -46 46 49 -49 -50 50 -52 56 53 54 -56 -57 58 -59 59 -61 -62 -63
leaf_value=0.030400797026458794 0.0048548499333821932 -0.051485199743618641 0.035102122733198196 0.031103659743684064 -0.029589086424042628 0.018829609877860615 -0.043885938326081626 -0.047962513943883449 0.027822680915661709 0.00073647705570488041 0.033606494660666578 -0.04377410298331965 -0.040386714688142006 0.062730076731360385 0.032601082085342896 -0.016410772650817654 -0.061261775123582177 0.0073802705423424847 0.044826457218368809 -0.04572304364258821 0.043500795184561319 -0.0069543748085605026 -0.02572520367980824 0.0048281220003515198 0.0041842050149350826 0.0028938058982302122 -0.0041407852902553407 0.064598096555578202 -0.022705803173311011 -0.021804822901731972 0.03681388315718831 -0.004208199275718312 -0.026482974633308995 0.076662596384028475 -0.015853330290666559 -0.027308394254426493 0.030792307637077715 0.0034611336289000908 -0.050561152826801896 0.03579848098091467 0.012701146762469598 -0.049886278841680592 -0.028871994419547461 -0.031421968369307156 0.0061561815506524535 -0.043919890149651322 -0.041964673873289622 -0.02526101621383375 0.037733709693853236 -0.030877626955958554 0.011539819443773771 0.009096923456062396 0.014955620740200393 0.005881461553980654 -0.03584900038369522 0.016582432522444374 -0.0037743072570054978 -0.042712071270683279 0.059476490687820821 -0.00075379003705203804 0.059502429618327218 0.0013042348396529639
leaf_weight=28.45917440764606 800.09673902764916 24.358760975301266 25.701148625463247 84.302656970918179 31.427815042436123 36.63085026293993 24.194546457380056 48.931473717093468 42.804454855620861 55.442007850855589 33.0314807202667 32.885889619588852 24.02493966370821 9.0333595611155015 31.046096958220005 31.487053021788597 29.600677870213985 31.618595622479916 34.244769778102636 23.507339410483837 65.420543201267719 27.652845989912748 23.440050076693296 35.323597736656666 22.388618739321828 29.932152472436428 74.854583874344826 22.140869587659836 28.633062537759542 20.047064609825611 19.126964166760445 1246.6709275376052 131.60449363477528 10.413969770073889 24.059892693534493 24.601462114602327 64.280891973525286 66.883849047124386 22.687173549085855 86.307674381881952 29.006468541920185 35.925534434616566 17.60431832075119 21.654509708285332 57.047806106507778 49.835966924205422 18.938389301300049 44.63375523686409 34.218410082161427 116.96266748383641 21.43782614916563 22.326278541237116 85.059342548251152 33.335787929594517 39.617483362555504 23.430554464459419 58.333679564297199 24.226533852517605 22.19751863181591 19.108292816206813 20.103561948984861 2524.5653640404344
leaf_count=157 4378 113 135 442 155 179 113 238 228 292 174 150 118 64 148 154 132 155 179 114 346 153 125 175 128 143 372 112 140 108 117 6803 1547 104 264 156 339 335 112 412 197 208 120 104 285 279 111 226 159 612 128 148 438 176 199 125 301 127 104 119 114 14781
internal_value=-0.000248292 -0.000924202 0.0040891 4.59113e-05 0.0156366 -0.0034662 -0.00489107 -0.0111615 -0.00080687 -0.00927389 -0.00230192 -0.0158097 -0.0291103 -0.0017537 -0.01584 0.00785572 -0.0332021 -0.0181922 0.0154258 0.00330185 0.0265104 0.0216387 0.00495486 -0.0134284 -0.0213128 -0.00133868 -0.00212515 -0.00872464 0.0116363 0.0277658 0.00670968 -0.00112529 -0.0141941 -0.0184435 0.0120904 0.00580442 0.00753582 0.003876 -0.020111 0.00742059 -0.00291617 -0.0151623 0.0158751 0.0167428 0.0240498 -0.0123478 -0.0172918 -0.000945537 0.00897282 -0.0128903 -0.0242676 -0.00331545 0.00520693 0.000293652 -0.01673 -0.0063821 0.00168243 -0.0177916 0.0108398 0.0315584 0.0320432 -0.000516767
internal_weight=6848.87 6048.77 857.827 632.713 152.361 68.0587 480.352 296.638 188.358 145.554 121.359 88.3279 108.28 5190.95 148.111 62.5331 85.578 55.9774 225.113 107.794 117.32 61.8976 51.8992 59.3485 45.896 5042.84 4543.37 597.022 89.948 61.3149 39.174 3946.35 175.112 166.078 34.4739 499.466 474.864 410.584 52.6193 357.964 169.524 102.809 66.7143 188.441 143.355 507.074 353.367 153.707 109.073 303.531 138.4 165.131 183.714 158.013 72.9533 45.0851 146.192 46.5528 99.6395 41.3058 49.11 3771.24
internal_count=38870 34492 4414 3212 776 334 2436 1488 957 729 616 442 531 30078 702 302 400 268 1202 574 628 332 282 293 242 29376 26726 3163 477 337 225 23563 1979 1915 368 2650 2494 2155 255 1900 974 543 431 926 697 2686 1929 757 531 1650 740 910 948 813 375 229 799 275 524 223 311 21584
is_linear=0
shrinkage=0.05


Tree=105
num_leaves=63
num_cat=0
split_feature=85 62 46 53 94 7 96 53 16 46 77 61 91 45 26 19 96 50 47 2 49 9 19 75 75 18 7 48 19 39 96 50 78 51 59 39 48 48 6 59 60 52 16 48 16 51 48 5 40 32 97 2 48 5 34 60 46 17 46 29 17 59
split_gain=9.01253 9.87285 9.61639 12.8407 9.46587 9.23653 9.19039 16.5579 13.0549 13.1106 11.0009 14.1808 14.0326 15.0098 18.4984 13.2146 12.7899 12.6429 12.164 11.8896 12.5698 11.4961 11.124 10.8507 10.6986 15.5234 14.0409 11.5746 15.4038 15.1801 12.9609 11.7056 12.8207 17.553 11.63 11.4761 11.4142 10.52 15.3586 10.4516 10.3365 14.0143 10.3149 10.0768 11.0533 11.4571 10.88 9.76198 20.0161 19.3322 17.2477 16.9155 15.2603 16.8472 13.7458 13.3022 13.0521 12.6018 12.5982 11.3914 12.9133 15.9878
threshold=-0.11934240394197761 2.6035370481788314 0.54944099700066229 0.37913126658424712 58.500000000000007 0.2669211195928754 22.570411794611086 0.85598678364166758 1.673790124323945 -0.488721221221108 2.1190719503112136 18.791771409418473 2.5000000000000004 -0.35622406576753202 -0.030770568458476633 0.76449579831932779 13.485386843899116 0.8720307402673656 2.0302760484435578 17.866071428571434 1.293386820226071 673.50000000000011 0.74106002554278427 2.5000000000000004 19.500000000000004 0.15450928381962867 0.30816714150047492 -0.17671091445421078 0.27055180180180188 1.281778643133487 4.7001805054151635 1.7118629631810289 -0.34786136519198091 0.50188476200456578 47.500000000000007 1.4560832095096585 -0.58844970959069132 -0.66145853591447668 0.098262032085561515 11.500000000000002 179.50000000000003 824.10000000000002 0.74112908684762757 -0.63636081515168075 1.0510282743321144 0.38282831921368249 0.17897775278033898 0.72982836851450006 2.8801840203305522 0.8409673659673661 6.2035217508573197 7.9196428571428585 1.6682435297412186 0.63003220611916277 1.0023819893964718 351.50000000000006 -0.19003938659016945 0.14032099634407702 0.36410612392212205 0.5292491041556987 0.061515936479333268 24.500000000000004
decision_type=2 2 2 2 2 2 2 2 2 2 2 2 2 2 2 2 2 2 2 2 2 2 2 2 2 2 2 2 2 2 2 2 2 2 2 2 2 2 2 2 2 2 2 2 2 2 2 2 2 2 2 2 2 2 2 2 2 2 2 2 2 2
left_child=1 5 -3 -4 6 -1 10 8 9 -8 12 15 24 42 16 22 -15 39 21 -19 -21 -16 47 -13 27 -26 37 28 -2 -30 -31 32 -29 34 -34 -32 -37 -27 -39 -17 -11 -42 -14 44 45 -44 -45 49 55 50 51 -12 57 -54 -51 -49 -50 59 -53 60 -52 -62
right_child=4 2 3 -5 -6 -7 7 -9 -10 40 11 23 13 14 18 17 -18 19 -20 20 -22 -23 -24 -25 25 26 -28 31 29 30 35 -33 33 -35 -36 36 -38 38 -40 -41 41 -43 43 46 -46 -47 -48 48 56 54 52 58 53 -55 -56 -57 -58 -59 -60 -61 61 -63
leaf_value=-0.019894640910873691 0.014890531308621455 -0.00026608129568915826 0.022691435899782095 -0.013408292277793313 -0.015055285588426859 0.022009863027281144 -0.018917414217313518 0.0005266492602800033 0.058721126311764071 -0.0092287134726586721 0.054287285890597704 -0.048045090940164181 -0.013500992631999307 -0.0022870965305506839 0.011640606216341869 0.026281533249311952 0.038613398251560238 0.0107786499156345 -0.0032795608125832931 0.0064322148418423418 -0.036917228232978758 0.04275131256758221 -0.026643635122021364 -0.010138638162804926 -0.022951335743803942 -0.0097840574641560284 -0.023071610234301737 0.021428276228694629 -0.031324944224604065 0.020394725700288337 0.010695523743333742 -0.025643054179717264 0.0015977927162040438 0.038629877383758338 -0.02376355526754299 -0.0061319645783088593 -0.043919819088723236 0.0023480600806096417 0.039631247173214035 -0.01609238310530518 0.0087136669586538006 0.040462139430384979 -0.015766634060505307 0.029040612117398525 -0.048221255984913135 0.041691669214024257 -0.010804989404696121 -0.0024517708978317719 -0.0067283136926719308 -0.063677443381597254 -0.0092405559006428946 0.012854060366632246 -0.0054940946229603731 0.069857623645039835 -0.016425012235664154 0.016915214256312931 0.041781356393804647 -0.013143523304059032 -0.021196181629074072 -0.015676435686024753 -0.00025752541774053106 0.058797290855569652
leaf_weight=127.63080496154726 50.971294680610299 1508.4221730474383 26.920525372028351 270.02930891513824 88.545233843848109 14.466155551373957 25.053528524935246 324.69956305064261 18.45026951469481 25.707976011559367 19.523728869855404 21.415257830172777 81.651736445724964 119.96612821146846 41.978784564882517 16.933406174182892 22.598961710929871 547.28313009627163 25.3626046217978 40.667653191834688 28.099788833409548 106.43268990516663 46.261784128844738 162.07111303694546 28.854243528097868 22.024000875651836 19.466933231800795 92.981187142431736 91.728723786771297 36.438353464007378 33.511452980339527 33.308512430638075 230.99714264273643 27.175532761961222 56.018525514751673 42.849471531808376 38.006573133170605 41.371420256793499 84.916409600526094 97.524986142292619 68.085476528853178 72.109384380280972 23.922050271183252 67.057894416153431 13.150766955688594 13.446107782423494 22.725209169089794 838.49907698109746 19.224391819909215 21.396602023392916 28.692685533314943 116.22004021890461 16.817384717985991 12.999716706573961 56.270415376871824 99.031660761684179 47.941324703395367 444.0041102617979 35.273318409919739 41.321655753999949 19.936618681997061 26.332367427647114
leaf_count=1059 320 8195 151 1677 500 109 174 1849 103 133 98 110 536 654 204 96 113 3030 181 246 161 522 283 953 172 184 103 440 580 197 212 184 1264 142 311 289 197 224 445 648 321 376 191 345 99 102 110 4688 124 119 164 780 142 93 274 533 240 2378 201 227 109 134
internal_value=-1.36054e-05 -0.00289119 -0.00188883 -0.0101122 0.00113018 -0.0155809 0.00142968 0.00761359 0.018573 0.014639 0.000655324 -0.00117968 0.00416108 0.0105863 0.0175788 -0.000236508 0.00418379 0.00547196 0.0285306 0.00831164 -0.0112365 0.033999 -0.00244602 -0.0146138 0.000438443 0.0107976 0.0166417 -0.00233102 -0.0100249 -0.0152857 -0.00548234 0.0027854 0.00512897 0.000284195 -0.00334127 -0.0137813 -0.0239883 0.0219 0.0274685 -0.00976231 0.0197449 0.0250964 0.000594428 0.00883694 -0.00894835 0.00483111 0.0188988 -0.00183466 0.00148586 -0.00581763 -0.00338352 0.0105818 -0.00744036 0.0273145 -0.0295721 -0.000399112 0.0278331 -0.00930339 0.00488416 0.00531509 0.0169585 0.0332979
internal_weight=6842.78 1947.47 1805.37 296.95 4895.31 142.097 4806.76 534.106 209.407 190.956 4272.65 2803.74 1468.91 538.293 316.339 2620.26 142.565 730.509 173.774 616.051 68.7674 148.411 1889.75 183.486 930.62 196.633 167.779 733.987 293.506 242.535 150.806 440.481 407.172 314.191 287.016 114.367 80.856 148.312 126.288 114.458 165.903 140.195 221.954 140.302 50.5189 37.3682 89.7831 1843.49 1004.7 838.789 761.122 171.017 590.105 29.8171 77.667 937.531 67.1657 560.287 151.493 116.283 74.9617 46.269
internal_count=38799 11191 10023 1828 27608 1168 27108 2956 1107 1004 24152 15831 8321 3057 1674 14768 767 4181 907 3437 407 726 10587 1063 5264 1128 956 4136 1795 1475 895 2341 2157 1717 1575 698 486 853 669 744 830 697 1383 847 392 293 455 10304 5585 4719 4326 1079 3247 235 393 5221 364 3012 981 634 407 243
is_linear=0
shrinkage=0.05


Tree=106
num_leaves=63
num_cat=0
split_feature=0 72 50 82 55 60 94 52 71 0 30 85 54 60 40 33 48 54 38 60 32 16 54 3 19 38 34 10 7 53 38 14 78 53 60 18 51 49 18 18 30 3 22 8 45 16 18 53 96 77 55 53 19 53 16 49 40 20 72 33 33 18
split_gain=8.75714 9.07533 10.2083 8.02671 9.71704 8.58601 13.4343 12.3084 8.73997 13.035 8.80708 8.74784 9.13827 9.26894 8.67594 14.1365 10.0712 8.88485 13.3243 16.1621 15.0297 14.0216 13.544 13.1708 13.2114 12.851 12.0455 16.2524 16.1982 12.8629 11.9013 11.7848 14.3375 16.9447 11.4683 11.8004 11.3099 17.8144 13.1279 13.2487 11.6248 13.0646 12.1313 11.2793 22.5838 11.3415 11.1202 11.0148 10.5399 10.2411 11.1833 11.7031 11.9766 13.826 11.6241 11.5052 10.8981 10.5602 9.81433 9.70642 13.7956 16.7792
threshold=270.00000000000006 1.1996883670773786 1.2225236463311049 2.5000000000000004 0.3781577747378021 385.50000000000006 57.500000000000007 1129.9250000000002 0.60322170283546528 1.0000000180025095e-35 0.83509229051257916 -0.15719305986731169 0.46597329740529514 369.50000000000006 3.171601225763955 6616.5000000000009 0.12786355522421353 0.8092729960145274 0.27407320467463664 31.500000000000004 0.16329966329966333 0.70983788382940582 0.84497009871851125 2.5618914831269501 0.96172161172161186 -0.50208933507929576 0.9561814689004241 0.90914846834816454 0.1226279985678482 0.35131525016126947 0.94394958604376122 0.42366472788415349 -0.79203796861900322 1.1379731094322689 118.50000000000001 0.42711950970377938 0.7574764594144715 1.1311428656344407 0.48507130124777192 0.39043445121951226 1.5974241020837974 1.2149146520429446 583.50000000000011 0.032433380084151482 0.86705036855033979 0.84510738974529598 0.58195386702849394 2.3296151795383158 5.4568847397555595 2.1959506025749698 0.70590560334805874 0.48531642598127062 0.66833333333333345 1.386000814945173 1.0325362455281495 -0.60472541775294764 2.1408692706064572 0.45875007397762924 -0.7047243678261873 1289.5000000000002 1512.5000000000002 0.84660633484162906
decision_type=2 2 2 2 2 2 2 2 2 2 2 2 2 2 2 2 2 2 2 2 2 2 2 2 2 2 2 2 2 2 2 2 2 2 2 2 2 2 2 2 2 2 2 2 2 2 2 2 2 2 2 2 2 2 2 2 2 2 2 2 2 2
left_child=3 -2 -3 -1 -5 6 8 -7 9 10 -6 -11 -13 -14 17 16 -16 23 19 25 -21 -20 46 24 59 48 27 31 34 -28 47 -24 -33 -34 -29 -36 37 38 39 40 41 -31 -42 44 -44 -45 -22 49 -19 56 55 -52 57 54 -54 -51 -23 -53 -30 -10 -61 -62
right_child=1 2 -4 4 5 7 -8 -9 14 11 -12 12 13 -15 15 -17 -18 18 21 20 22 30 26 -25 -26 -27 29 28 58 36 -32 32 33 -35 35 -37 -38 -39 -40 -41 42 -43 43 45 -46 -47 -48 -49 -50 50 51 52 53 -55 -56 -57 -58 -59 -60 60 61 -63
leaf_value=0.0050803248834461051 0.0027315927405475136 0.025914513383823098 -0.01046453245188197 0.031758324456717023 0.028497316208345221 0.048237395009429543 -0.015551327326826223 0.00035467751767772238 0.014415919381671373 -0.0040985930660610995 -0.0091931858352818901 -0.024818278748041267 0.007097128517148452 -0.022668026199441922 -0.051390294147145056 0.016188188342045117 -0.0051517927151963384 -0.030756319721069875 -0.023608611130299603 -0.031458494603492509 -0.04085267667433734 -0.0075067514401603117 -0.014537961756119842 -0.025857903094688828 -0.036399676468823146 0.031612539381060754 -0.041071261490332078 -0.018015233115874149 0.074503579449444052 -0.00024810648782685085 0.0019664784353778998 -0.014292814660014599 0.06326480596934983 0.0037240719913664878 0.0050154994369566675 0.050818592145929299 0.030097907331932513 -0.035150204226084746 0.0082587812750323231 -0.026426836868082584 0.034150369889666458 -0.055495077734779498 -0.0083924014507612121 -0.039811136232650458 0.061446978233169407 -0.0024463308747076306 0.0059204464213885571 0.010218626964587965 0.022186311747308701 0.012680471664051935 0.0039342326447259889 -0.038668203494697441 -0.0010476631248993501 0.0096648613022130674 -0.045356096277052303 -0.023739549225396339 0.021397255078619719 -0.0092260207343821642 0.026384232062117187 -0.015919619388572413 0.0059381747249819313 -0.026225151279600369
leaf_weight=551.93781481310725 684.50053488835692 88.718492820858955 24.349417544901371 22.101824769750237 16.165054317563772 20.967753335833549 166.84421558491886 37.569355744868517 173.54895777255297 281.14590477384627 308.82309686020017 23.805008647963405 1097.5581842623651 26.622546192258596 31.325517926365137 19.265712462365627 19.282092239707708 19.117507822811604 121.88840207830071 41.243457071483135 36.455998502671719 247.38713298365474 83.985142141580582 41.522924497723579 20.853889394551516 67.792039345949888 21.44302773848176 26.230663927271962 18.536468215286732 23.454349864274263 345.38053166307509 30.940675834193826 20.761035826057196 28.455826226621866 40.047250431030989 21.834931071847677 26.550394982099533 40.551304835826159 232.44803885929286 70.595027353614569 26.565517447888851 19.86771509796381 28.947472482919693 24.185091409832239 19.055975202471018 126.43677628040314 19.179544247686863 66.449443124234676 18.240385957062244 58.890954170376062 42.725257106125355 136.60816719383001 26.138406079262495 46.495782926678658 34.769435685127974 34.176608886569738 37.404748015105724 39.896956644952297 26.102684173732996 100.67710138857365 639.5510594304651 43.153308320790529
leaf_count=3016 3746 488 128 124 111 97 982 202 899 1743 1993 158 6512 159 175 109 99 114 717 255 201 1377 489 219 119 370 113 183 100 122 1961 198 111 146 213 105 149 225 1242 383 138 106 155 136 105 674 102 369 96 319 220 751 154 255 192 194 197 222 163 460 3704 234
internal_value=-1.39366e-05 0.00490917 0.0180337 -0.000664924 -0.00124372 -0.00137866 -0.00158584 0.0176444 -0.00113998 0.00173696 -0.00729487 0.00379468 0.00573232 0.00638584 -0.00258889 -0.0200265 -0.0339164 -0.00223023 -0.00389345 -3.61267e-05 -0.00190608 -0.00749975 -0.000694516 0.00167648 0.0028534 0.0186422 0.00069576 0.00906264 0.0220661 -0.00306066 -0.00573443 -0.00143064 0.0122413 0.0290187 0.00954178 0.0213136 -0.00177039 -0.00316555 -0.000881769 -0.00716266 -0.00207133 -0.0257692 0.00247488 -0.00175151 0.019298 -0.00850154 -0.0246569 -0.00919072 -0.00478282 -0.0110297 -0.0159984 -0.0203544 -0.0240273 -0.0107781 -0.0264561 -0.000651279 -0.00368675 -0.0320504 0.0465995 0.00371776 0.00133979 0.00389429
internal_weight=6837.53 797.568 113.068 6039.96 5488.02 5465.92 5407.38 58.5371 5240.54 1754.12 324.988 1429.13 1147.99 1124.18 3486.42 69.8733 50.6076 3416.54 2397.24 1159.02 1053.87 1238.21 1012.63 1019.31 977.784 105.15 956.995 296.895 132.752 660.101 1116.32 164.143 80.1575 49.2169 88.1128 61.8822 638.658 612.107 571.556 339.108 268.513 43.3221 225.191 198.625 48.0034 150.622 55.6355 770.943 37.3579 704.493 419.702 326.634 283.909 107.404 60.9078 93.0676 284.792 176.505 44.6392 956.93 783.381 682.704
internal_count=38799 4362 616 34437 31421 31297 30998 299 30016 10676 2104 8572 6829 6671 19340 383 274 18957 13322 6394 5814 6928 5559 5635 5416 580 5256 1708 764 3548 6211 944 455 257 501 318 3435 3286 3061 1819 1436 228 1208 1070 260 810 303 4250 210 3881 2307 1794 1574 601 346 513 1574 973 263 5297 4398 3938
is_linear=0
shrinkage=0.05


Tree=107
num_leaves=63
num_cat=0
split_feature=40 57 44 38 9 47 26 44 44 78 44 48 40 61 41 39 21 37 9 3 41 16 97 39 1 40 45 43 25 47 3 44 34 60 5 46 8 25 25 17 41 38 45 46 77 4 40 10 45 53 46 52 96 39 1 53 45 40 61 44 59 20
split_gain=8.4976 17.3592 22.9089 19.1188 16.9061 16.2212 15.9559 15.7188 16.2193 15.3559 21.1905 14.6558 14.3179 16.8031 16.4801 14.8756 14.8669 16.9333 15.8303 17.9101 14.8062 13.9676 13.7837 13.5592 13.3248 13.3064 13.2122 14.0889 13.2048 21.9901 16.0875 14.822 14.3266 13.8021 16.4249 13.4498 13.1816 13.1481 15.7932 14.4201 13.1306 19.9995 27.9268 16.552 18.7899 15.5045 18.111 13.1936 12.7497 12.6977 14.3635 14.4792 12.6298 12.5028 12.2279 19.6469 18.9048 12.1372 15.098 12.0768 12.0543 11.918
threshold=2.4218290499936077 -0.14673483542666052 -0.62140724101484157 -0.85963701777947532 416.50000000000006 0.30155735987421023 -0.27889169842230843 0.52163291650441668 0.47124026116535372 -1.8466704894613246 0.68541070516096625 0.25286960098728167 2.1457348290386178 6.6464866102082869 1.9827845100105377 2.0953897482559909 0.31158186076218869 1.5000000000000002 1182.0000000000002 1.0219570163493501 1.0357310026898847 0.82160893287653869 26.269772392336666 2.2744863013698633 12.044642857142859 2.375591701640738 -0.47794232421019384 4.5000000000000009 0.41776204206241524 0.14214575160938375 0.75551808131909326 0.5320268714011801 1.1624634685903981 100.50000000000001 0.89488223320732785 0.21543696096524326 0.037123169681309222 0.65136755887084996 0.19766037907782033 0.87560848400556346 1.3631806992866475 0.11213818630475016 -0.90988369157820703 0.50090616945623523 2.4940898319708342 2.2513591348555648 1.5563279267350769 2.3072116064277588 0.45529822307855355 1.8000357653791133 -0.73618934577921313 791.07500000000016 8.4405312907431576 2.240527306967985 9.9553571428571441 1.1250498007968128 0.28489888360506338 2.1618288037506415 7.966590871277246 0.27464277453896774 33.500000000000007 0.46182983682983686
decision_type=2 2 2 2 2 2 2 2 2 2 2 2 2 2 2 2 2 2 2 2 2 2 2 2 2 2 2 2 2 2 2 2 2 2 2 2 2 2 2 2 2 2 2 2 2 2 2 2 2 2 2 2 2 2 2 2 2 2 2 2 2 2
left_child=12 3 48 5 -4 -2 -6 8 11 -9 -11 22 15 16 28 40 23 18 19 -18 -19 -13 49 25 -20 37 -12 -28 29 30 -15 -32 35 59 53 -31 -5 38 -14 -39 45 54 -43 44 -44 47 -47 -1 -3 50 -8 -52 -49 57 55 56 -42 -35 -59 -30 -37 -53
right_child=1 2 4 36 6 -7 7 9 -10 10 26 21 13 14 -16 -17 17 20 24 -21 -22 -23 -24 -25 -26 -27 27 -29 33 32 31 -33 -34 34 -36 60 -38 39 -40 -41 41 42 43 -45 -46 46 -48 52 -50 -51 51 61 -54 -55 -56 -57 -58 58 -60 -61 -62 -63
leaf_value=-0.00087298646450456791 -0.01459133858189064 0.029710452485261982 -0.031278787476466917 -0.04213908045675098 -0.02301120122061652 0.042657258441911428 0.045696930229159306 -0.024330962155660399 -0.050682303433233544 0.055696412007282141 -0.025773422091091486 0.010648852951106102 0.020558802960738906 0.02434175010051351 0.04555867756008343 -0.026925874007931262 0.032896809317398218 0.057546288927041479 0.057174859618469444 -0.021120511593454152 0.0090607295382214154 -0.028215870171204884 0.046621737822044151 -0.031987344676260077 0.0077750241279825258 0.045462470349390237 0.051901735782464611 0.0069274653936902131 0.0069194571129808343 0.022158098685238034 -0.041928219868073137 -0.0091719526188840453 0.045636558650744757 0.029661568666554391 0.030572736590614952 -0.040404467548799096 -0.013812104334716663 0.04713063726696097 -0.018659481420849729 0.00017029031215382858 -0.034597889545374329 0.061647961601511737 0.014120330743685894 0.040228477615304625 -0.028656880542495978 0.0074259354748570459 -0.057746794692341341 0.043740014604803965 -0.012611216164027743 -0.025017027174907565 0.030224344477373349 -0.016460929247218332 -0.0033416995763567146 0.03418759847674565 -0.023813228836442255 0.033693374975330717 0.020481737449151632 -0.05218308563902016 -0.0064533510286717876 0.06476371132908236 0.0091106763706687421 0.023772683638861574
leaf_weight=4273.3646991811693 24.070840673521161 87.461937386542559 50.738832551985979 51.198170140385628 73.315154135227203 25.09231274202466 21.692490622401237 22.145479045808315 17.743113499134779 32.632574588060379 20.901664070785046 32.750116474926472 38.203651616349816 17.210642665624619 19.528601951897144 52.139461878687143 22.650315150618553 51.29228013753891 27.248028505593538 46.935706205666065 23.140056394040585 76.899781338870525 18.851723790168762 22.275716904550791 27.860496304929256 22.199903704226017 23.092304311692715 71.506671331822872 18.855736438184977 36.8646873049438 74.347012124955654 65.418510442599654 20.677242211997509 19.102067951112986 41.985152285546064 26.712786994874477 213.26813201606274 30.902500726282597 77.412791050970554 35.038236349821091 36.840304963290691 32.801996411755681 97.236061166971922 38.120483100414276 34.73862985894084 18.09232746437192 25.356035582721233 32.484194882214069 22.088553436100483 35.580441858619452 34.113189175724983 80.485116675496101 24.953585214912891 19.449775960296392 53.147627085447311 38.863529298454523 26.740602049976587 20.660627271980047 142.07409076392651 17.643017150461674 22.393101051449776 23.685077004134655
leaf_count=24578 132 447 285 306 478 130 168 164 110 160 109 187 228 126 109 324 106 253 145 246 123 399 91 128 166 112 117 366 128 197 509 374 104 95 224 146 1150 161 435 185 183 196 500 214 173 105 134 164 136 209 156 471 133 107 327 193 138 110 762 121 122 144
internal_value=-1.42579e-05 -0.0041312 1.35673e-05 -0.0139986 -0.00361748 0.0145535 -0.00120647 0.00190946 -0.00426245 0.0143229 0.0201478 -0.00169055 0.000740376 0.00621996 0.000543667 -0.000390226 0.0137219 0.0236866 0.0123484 -0.0034441 0.0425722 -0.0165631 0.00589625 0.00491459 0.0323503 0.00898712 0.0100215 0.018002 -0.00107298 -0.00910858 -0.0210152 -0.0266496 0.00837338 0.00648155 0.00215197 -0.000573504 -0.0193287 0.004477 -0.00565063 0.0222916 -9.627e-05 0.00910079 0.0194433 0.0112436 0.0028094 -0.000851343 -0.0305387 -0.000551655 0.0211279 0.00192292 0.00795779 0.00197278 0.0232284 -0.00376356 -0.00435796 0.00569995 -0.0113584 -0.00786696 -0.0123183 0.0351178 -0.0177505 -0.00725107
internal_weight=6832.28 1059.31 745.684 313.629 636.134 49.1632 585.395 512.08 341.801 170.279 148.133 324.058 5772.96 988.083 562.923 4784.88 425.16 199.127 124.695 69.586 74.4323 109.65 214.408 226.033 55.1085 203.757 115.501 94.599 543.394 263.624 156.976 139.766 106.648 279.77 243.272 85.9706 264.466 181.557 115.616 65.9407 4732.74 358.489 202.897 170.095 131.975 4374.25 43.4484 4330.8 109.55 195.556 159.976 138.283 57.4378 201.287 155.592 102.444 63.5809 181.837 162.735 36.4988 49.1059 104.17
internal_count=38799 5915 4197 1718 3614 262 3329 2851 1935 916 752 1825 32884 5522 3234 27362 2288 1039 663 352 376 586 1239 1249 311 1121 592 483 3125 1578 1009 883 569 1547 1298 465 1456 1009 663 346 27038 1924 1083 887 673 25114 239 24875 583 1148 939 771 297 1074 841 514 321 967 872 249 268 615
is_linear=0
shrinkage=0.05


Tree=108
num_leaves=63
num_cat=0
split_feature=96 53 26 26 9 77 47 20 10 18 44 47 62 78 5 34 21 95 39 75 9 10 9 18 17 10 44 44 10 19 52 45 40 46 38 30 8 50 38 50 33 97 94 46 5 38 18 34 45 18 50 42 21 32 44 39 41 97 62 53 51 38
split_gain=8.36438 19.2192 16.9881 17.8664 19.0361 12.8922 14.4554 11.3782 11.3219 20.3896 12.5405 15.8526 11.7959 14.4419 14.0724 16.6816 33.2948 24.4074 15.4561 15.2559 13.5899 13.765 13.574 13.5378 12.9403 12.6985 12.9627 20.2398 15.2857 14.7996 14.7034 12.663 15.7762 21.8676 13.4549 15.6298 16.8845 12.4206 17.5664 15.3136 12.2733 11.6431 24.497 22.662 17.0228 13.893 21.1006 24.1814 18.8362 19.2651 26.4873 17.2669 17.6569 16.4098 15.5787 15.4263 15.3673 14.9647 18.8309 14.0335 21.1171 13.801
threshold=22.570411794611086 0.84682481883987737 0.196675262479278 0.052780442738869351 1340.5000000000002 2.2872312344064079 1.124728703025023 0.013160173160173162 0.60427620911144453 0.13819628647214857 -0.40058360042729507 -0.41357589556776958 3.6541826219607114 -4.0705180352238957 0.77488738738738749 1.1048371242470778 0.29449472096530926 299.50000000000006 1.8195645261785318 7.5000000000000009 855.50000000000011 1.1976772793276098 2852.5000000000005 0.45499549954995505 0.75736328426082944 0.70468266739138374 0.44025585297032827 0.60674919500514035 0.83907035823826648 0.11583184257602865 811.85000000000014 -0.27585683196968819 1.9548374801700399 0.10077428464724568 0.14696264707421827 1.5511642547494584 0.045584415584415595 2.6207460548193517 -0.075370257658754297 2.3990522546562301 2315.5000000000005 6.2679065250891908 1.5000000000000002 0.74928734052725743 0.90392307692307705 1.1503837388238505 0.18245838668373884 0.93214768797805458 -0.8028109965635527 0.43408639523336651 1.2656561509457518 2.5000000000000004 0.18770973154362419 0.90709661951570375 0.79792067485573004 1.6002754820936642 0.74158640263296904 32.630231017092335 8.3622143006919725 0.75124368668395525 -0.26430616935780255 1.2203034492213833
decision_type=2 2 2 2 2 2 2 2 2 2 2 2 2 2 2 2 2 2 2 2 2 2 2 2 2 2 2 2 2 2 2 2 2 2 2 2 2 2 2 2 2 2 2 2 2 2 2 2 2 2 2 2 2 2 2 2 2 2 2 2 2 2
left_child=8 2 3 4 -2 6 -4 -3 9 -1 -11 -12 14 20 15 17 18 25 22 -18 -14 -22 23 -17 -25 -10 29 -28 -29 -27 -31 34 33 -33 35 36 -16 39 -39 41 -36 42 -15 44 -44 48 56 -48 49 50 51 52 -43 61 -51 -54 -47 58 -53 60 -60 -49
right_child=1 7 5 -5 -6 -7 -8 -9 12 10 11 -13 13 37 31 16 19 -19 -20 -21 21 -23 -24 24 -26 26 27 28 -30 30 -32 32 -34 -35 40 -37 -38 38 -40 -41 -42 45 43 -45 -46 46 47 53 -50 54 -52 57 55 -55 -56 -57 -58 -59 59 -61 -62 -63
leaf_value=0.042842253428793525 0 -0.040511630214069096 0.03086556379122293 -0.032988582187348722 0.058040591128786949 0.037379000796774718 -0.012641034251446165 0.00022915919195367758 -0.031705779974816092 0.023128992042245861 0.011726548346548505 -0.020890946488696188 0.059197871667035822 0.058058055176610439 0.059129537832720215 -0.036100546404669136 0.010273992699448974 -0.05202708598381095 0.026114670955725373 0.059158787138251845 -0.027450394764490217 0.042545927802078748 -0.051029818253686382 0.033704114512346763 -0.014742095926859386 0.040821154535837706 0.052034891484223737 0.03918129121999879 -0.021561190224134483 0.037214425408654682 -0.022271959689108948 0.046974721781469234 -0.019609880447326759 -0.017399375683279775 -0.0089946615004091839 -0.020641811128814636 -0.01770794107699326 0.0063171273176392808 -0.06027663606669479 0.043513558865260427 -0.04536184943015336 0.028000751595741526 0.0092577230428840876 -0.028680744055013804 -0.012792658330568444 -0.025580611636394263 -0.036345907260960479 -0.037782655486393896 -0.0022926830237922783 0.017853686963507732 -0.029447337788016167 -0.018630374189524807 -0.031552467039072503 0.036915103087052481 -0.024303608691066826 0.00707396658222111 0.023414645177431439 -0.020646542298262436 0.034811395079659337 0.037373048614393854 -0.03342497275453913 -0.0041539641878810428
leaf_weight=39.294988920912147 69.920610938221216 17.708578854799271 39.068767458200455 29.744549755007029 17.650153886526823 95.314167406409979 36.973599851131439 449.45363351330161 34.622969249263406 58.68365266546607 76.294552588835359 72.459160130470991 19.479428231716156 21.244147967547178 14.925216492265465 24.238626018166542 27.868273928761482 29.762054331600666 30.613487098366022 38.310080111026764 15.10842874273658 12.919111222028731 20.12397138401866 26.579458888620138 28.271721038967371 12.973097655922173 26.902964612469077 15.098397240042685 32.35912598669529 11.558724597096441 92.153332291170955 29.783491536974907 54.808399990200996 23.402066774666309 34.127414703369141 77.624876942485571 13.432430520653723 18.767940990626812 20.538946058601141 19.821613118052483 75.337441360577941 26.210022706538439 600.25666753947735 50.227723032236099 102.20443230867386 21.015710216015577 102.57098251953721 38.562129899859428 3018.2847751881927 329.94821850024164 67.682651162147522 26.823396325111389 70.852737013250589 19.472464628517628 23.290240358561277 40.322428040206432 65.296745002269745 26.357332438230515 24.83618189394474 99.20219336822629 20.66588331386447 147.07842714712024
leaf_count=241 377 85 210 158 139 488 181 2611 291 316 459 418 114 116 99 169 154 197 179 232 204 99 130 178 165 78 181 92 234 58 888 149 307 131 261 661 120 108 104 108 738 141 3228 310 536 119 607 206 16191 1783 337 169 447 103 145 212 369 125 112 508 111 812
internal_value=-1.38027e-05 0.00494521 0.015087 0.000382292 0.0117989 0.0251189 0.00965714 -0.00131283 -0.000632126 0.00985443 0.0035638 -0.00413147 -0.00107741 -0.000194804 -0.0068212 -0.00110502 0.00985182 -0.00953292 -0.00483072 0.038695 0.0272123 0.00467274 -0.0144463 -0.00502197 0.0086613 -0.00388592 0.00114364 0.0174688 -0.00208936 -0.00922318 -0.0155646 -0.0147812 -0.000757672 0.0185763 -0.0217837 -0.00900789 0.0226232 -0.000456668 -0.0284177 -0.000233606 -0.034088 -0.000410943 0.00521936 0.00371386 0.00604103 -0.00145758 -0.0103913 -0.0165255 -0.000523463 0.00653101 -0.000929805 0.00481933 -0.00877248 -0.00657664 0.0150539 -0.0175042 0.0114114 0.0142806 0.0196856 0.0268306 0.00370519 -0.011183
internal_weight=6826.48 755.834 288.672 117.315 87.5708 171.357 76.0424 467.162 6070.65 246.732 207.437 148.754 5823.92 5049.04 774.878 451.436 196.006 255.431 129.827 66.1784 47.507 28.0275 99.2138 79.0898 54.8512 225.669 191.046 74.3605 47.4575 116.685 103.712 323.441 107.994 53.1856 215.447 105.983 28.3576 5001.53 39.3069 4962.23 109.465 4942.41 773.933 752.689 702.461 4168.47 393.996 307.684 3774.48 756.191 402.953 335.27 137.385 205.113 353.238 111.175 86.3125 197.885 171.528 144.704 45.5021 185.641
internal_count=38799 4249 1553 674 516 879 391 2696 34550 1434 1193 877 33116 27424 5692 3226 1207 2019 821 386 417 303 642 512 343 1822 1531 507 326 1024 946 2466 587 280 1879 880 219 27007 212 26795 999 26687 4190 4074 3764 22497 2216 1728 20281 4090 2162 1825 800 1121 1928 659 488 1025 900 731 223 1018
is_linear=0
shrinkage=0.05


Tree=109
num_leaves=63
num_cat=0
split_feature=0 49 96 53 26 26 52 19 20 7 52 95 54 19 43 62 78 49 49 49 25 49 29 46 51 49 5 43 14 5 10 9 9 20 31 5 49 3 25 18 78 41 53 4 41 1 54 54 4 9 41 56 54 62 10 25 10 53 51 94 44 78
split_gain=8.32619 7.43321 7.41423 15.731 12.8804 16.9573 14.3775 12.6724 10.5935 9.51018 13.8089 12.2373 10.862 10.5762 10.7177 9.4685 13.4267 12.4661 22.3397 17.618 14.6278 17.6297 16.8736 15.3558 14.4741 15.6061 14.1192 13.2909 15.5821 14.8693 13.1024 13.6728 13.8678 18.3712 13.0238 12.9581 13.9484 12.7026 12.2453 15.1796 13.6171 14.3029 13.3708 14.5834 13.1202 12.6782 11.9572 15.9511 25.6168 11.8921 11.7929 13.2348 20.904 15.1969 19.5978 16.9578 16.5913 12.1452 12.0958 11.4708 11.7046 14.9248
threshold=270.00000000000006 1.0748015284396428 22.570411794611086 0.85598678364166758 0.196675262479278 0.052780442738869351 930.37500000000011 0.22301587301587303 0.017316341829085462 0.039510853404698197 1174.8500000000001 240.50000000000003 1.4714664933049113 0.25824574121058358 4.5000000000000009 3.6541826219607114 -4.0705180352238957 -0.81640361742058898 -0.95071461766679433 -1.1701969121199356 0.35348576933429676 0.23143445014381994 0.56576326273851973 0.18397786998613966 0.68892663916795527 1.5631233546738359 0.97979591836734703 4.5000000000000009 0.42565519846069838 0.66229127216388373 0.70468266739138374 881.50000000000011 1869.5000000000002 0.32483766233766237 1.0775813428625167 0.40991803278688527 -1.0144038072843453 1.548717651453672 0.43453627953207435 0.29102416570771006 0.63186170499000638 0.91315821995658919 0.69253640395999538 0.93378465506125097 1.2182356427945649 8.5625000000000018 1.8609128634070717 1.2072768687084423 0.36700803480479427 963.50000000000011 0.44481386843954956 1.0000000180025095e-35 0.74686704352440048 26.721222161640735 1.3442145711838396 0.28431947969543153 0.92861733736723862 1.231280301819963 0.46459268337267906 47.500000000000007 0.013878612716788273 0.63186170499000638
decision_type=2 2 2 2 2 2 2 2 2 2 2 2 2 2 2 2 2 2 2 2 2 2 2 2 2 2 2 2 2 2 2 2 2 2 2 2 2 2 2 2 2 2 2 2 2 2 2 2 2 2 2 2 2 2 2 2 2 2 2 2 2 2
left_child=2 -2 15 4 5 6 -4 -8 -5 11 13 -10 -12 14 -11 46 -17 18 19 -18 24 22 38 -24 25 50 -23 28 29 -21 -20 -32 33 -33 -27 -29 59 -31 39 -22 41 -40 -42 -44 -43 -46 47 -1 -49 -41 -19 52 -52 54 55 58 -55 -58 -54 60 61 -37
right_child=1 -3 3 8 -6 -7 7 -9 9 10 12 -13 -14 -15 -16 16 17 20 30 27 21 26 23 -25 -26 34 -28 35 -30 37 31 32 -34 -35 -36 36 -38 -39 40 49 42 44 43 -45 45 -47 -48 48 -50 -51 51 -53 53 56 -56 -57 57 -59 -60 -61 -62 -63
leaf_value=-0.003695864237575423 0.0024528336761257307 0.014825877362407293 -0.0057275122750309942 -0.039397536230374522 0.022851127796025317 -0.034440854864298175 0.0010022326857389145 0.064937328281940002 -0.0068413502890273597 -0.04637053517992247 -0.035499492726181116 0.03208120950509933 0.014575063647558284 0.0060661123226562128 0.0037187158630872727 0.026030874975222763 -0.0051057677699719332 0.034495312325780778 0.009593640588877711 -0.020417014039683851 0.047545981033527994 0 0.0057412745546043635 0.059896745671730367 0.041547435397217725 -0.056886928178340637 0.041990695479253326 -0.041615696716446063 0.048016285304428336 0.0083064157019857362 -0.034606940846791515 -0.017012596239688187 -0.045637003408977757 0.032499620226012466 -0.0028703515745048709 0.031868630824396012 -0.014637661989395229 0.049499304622861839 -0.0048692852419967569 0.029639985998036085 -0.018347057082408642 0.046529556958214452 0.031838964730051038 -0.0039832151659861545 0.033011446900181506 -0.019678639373955944 0.028615161149628345 0.035735802815627181 -0.029121843660220567 -0.02073377056581225 0.021577909022908202 -0.0072362239786235077 0.0017186792719780008 0.0038876020275901099 0.050890666648871569 -0.024034754019688243 -0.064590855705366504 -0.013119835382223818 0.039047931933434345 -0.012667114045002327 0.049350153980780569 -0.0071598367623638944
leaf_weight=513.88281145691872 646.09412019141018 149.85686158388853 46.63825448602438 17.848234228789806 158.02480994537473 26.279347114264965 13.726895110681655 18.203890360891819 35.568627307191491 21.256193023175001 50.394071511924267 46.000006020069122 13.566130150109528 201.53042888641357 20.994881961494684 47.233983542770147 1073.0147009585053 21.550733286887407 37.002568058669567 30.066424652934074 41.929451573640108 993.78237371146679 22.007601108402014 33.097897782921791 18.293782655149698 24.196843955665827 20.334837563335896 17.351357370615005 34.707548029720783 67.289283696562052 112.31353760883212 55.151897363364697 20.957697339355946 28.245186809450388 21.034727908670902 45.492063138633966 75.596511136740446 26.080545596778393 48.963100921362638 24.904074568301439 85.196099355816841 48.313862401992083 40.856752380728722 92.116905644536018 24.979567697271705 20.756691388785839 22.975565768778324 16.953131459653378 138.40769762545824 21.867788940668106 119.49899387359619 710.91596409864724 252.03909844905138 36.601738009601831 19.658911027014256 61.620032703503966 25.080833170562983 21.677376162260771 23.688940063118935 37.637394953519106 24.954006850719452 52.53939388692379
leaf_count=4051 3496 866 232 85 811 142 112 129 190 112 470 251 85 1052 106 415 5716 110 193 176 218 5268 110 172 99 122 107 91 222 380 563 328 157 177 113 220 408 141 235 122 481 227 247 509 115 107 128 101 923 151 673 3900 1501 200 102 348 133 114 124 207 143 312
internal_value=-1.48562e-05 0.00479021 -0.000650769 0.00430559 0.0138401 0.000202407 0.0118823 0.037697 -0.00183977 -9.5391e-05 -0.00413222 0.0150599 -0.0247943 0.00127628 -0.0214127 -0.00127218 -0.000460525 -0.0007334 -0.00407644 -0.00172934 0.00128637 0.0046568 0.0122896 0.0384087 -0.00248626 -0.0030953 0.000850186 0.00705729 0.0184279 0.0100357 -0.0177882 -0.0224898 -0.00937995 -0.000164921 -0.0319388 -1.89536e-05 0.00303167 0.0199068 0.00907143 0.0257201 0.00496293 0.0169534 -0.00287823 0.00700139 0.0283606 0.00899902 -0.00672882 -0.00795377 -0.0219939 0.0059875 -0.00207952 -0.00270638 0.00303694 -0.00198678 0.0024905 -0.000329445 -0.0212016 -0.0409142 0.00495691 0.0113827 0.0187876 0.0109146
internal_weight=6818.8 795.951 6022.85 670.032 262.873 104.848 78.569 31.9308 407.159 389.31 307.742 81.5686 63.9602 243.782 42.2511 5352.82 4660.6 4613.37 1738.4 1484.73 2874.96 1519.11 504.99 55.1055 1355.86 1337.56 1014.12 411.715 158.144 123.436 253.671 216.668 104.355 83.3971 45.2316 253.571 236.219 93.3698 449.884 88.7013 361.183 143.013 218.17 132.974 94.0501 45.7363 692.219 669.244 155.361 46.7719 1292.33 1270.78 559.866 440.367 357.007 337.348 83.3599 46.7582 275.728 160.623 122.985 98.0315
internal_count=38799 4362 34437 3777 1426 615 473 241 2351 2266 1825 441 555 1270 218 30660 25457 25042 9434 8016 15608 8069 2694 282 7539 7440 5375 2300 919 697 1418 1225 662 505 235 1381 1290 521 2412 491 1921 684 1237 756 449 222 5203 5075 1024 273 7205 7095 3195 2522 2075 1973 447 247 1625 882 675 532
is_linear=0
shrinkage=0.05


Tree=110
num_leaves=63
num_cat=0
split_feature=30 20 6 5 7 21 35 54 37 29 47 51 25 29 47 16 2 16 8 10 38 78 59 54 97 8 34 2 20 54 3 62 8 50 21 8 59 44 61 21 59 32 2 60 66 45 25 45 40 59 54 7 21 61 75 78 48 63 23 8 34 77
split_gain=10.2419 13.5834 13.2826 15.6097 17.7008 11.1023 9.84203 19.4101 15.3845 14.9455 13.3404 22.3828 19.7915 23.3003 20.7597 17.9346 14.4053 13.9914 16.4947 13.2881 12.8502 17.0996 12.5447 14.1973 12.3496 12.31 11.7958 16.5544 14.2222 12.3283 12.3024 11.5416 11.1524 12.4941 10.1096 9.96375 21.9406 16.5038 14.9509 14.0288 15.3566 16.0851 14.014 13.1959 18.4956 15.613 12.3187 23.3205 15.9322 12.2705 25.9123 26.8161 20.073 18.4568 20.774 12.9299 13.0347 12.3618 12.0634 11.5139 14.3716 14.2371
threshold=0.85901152165276129 0.12933094384707292 0.91905541905541921 0.43792808219178087 0.14982993197278913 0.36873433583959908 1.1928755785618503 1.0680332367658549 1.0000000180025095e-35 0.623723856552998 -0.47998869775040715 -0.2040276036499041 0.29984709480122329 0.48676938682048204 -1.1841958322892305 1.0019302603621407 9.5803571428571441 0.63112114859667923 0.058578431372549027 0.97402783552385375 0.28990530641415052 0.18314758758782337 5.5000000000000009 1.2306677472202998 14.614393338620145 0.26198686371100172 0.8877996875677342 7.0446428571428585 0.32799692622950821 1.3774562645953445 0.89450656727014566 5.105647729177142 0.17278338945005614 0.80687285381483198 0.32875939849624064 0.32363520947947527 7.5000000000000009 0.38288030700900133 26.746327470743122 0.28281378178835115 42.500000000000007 0.51630627437079057 35.250000000000007 110.50000000000001 7.3839285714285721 -0.60473574172211653 0.12616402460152462 -0.85630018248176454 1.8586888759010327 3.5000000000000004 0.96607207267147543 0.041841736694677882 0.51136950904392775 3.636023129451972 4.5000000000000009 2.8279113592577718 -0.83208035034280259 1.0000000180025095e-35 1.0414301629718117 0.24025316455696205 0.76031909585952473 2.1902697120870029
decision_type=2 2 2 2 2 2 2 2 2 2 2 2 2 2 2 2 2 2 2 2 2 2 2 2 2 2 2 2 2 2 2 2 2 2 2 2 2 2 2 2 2 2 2 2 2 2 2 2 2 2 2 2 2 2 2 2 2 2 2 2 2 2
left_child=1 -1 3 -3 -5 -6 7 9 -9 10 12 20 14 -14 17 24 -16 -2 -19 -18 -12 -22 -10 25 31 -24 27 28 -25 -28 -31 -13 33 -29 -15 42 37 -37 39 40 43 -42 49 45 -45 -38 -41 -48 -49 50 55 -52 53 -53 -55 56 -8 -51 -56 -59 61 -61
right_child=6 2 -4 4 5 -7 35 8 22 -11 11 15 13 34 16 -17 19 18 -20 -21 21 -23 23 26 -26 -27 29 32 -30 30 -32 -33 -34 -35 -36 36 38 -39 -40 46 41 -43 -44 44 -46 -47 47 48 -50 57 51 52 -54 54 58 -57 -58 59 -60 60 -62 -63
leaf_value=-0.026251437703342956 0.026409675349390427 -0.028146384275384635 0.059055660560741532 -0.0079271412240655755 0.021475507487560733 0.073726183039151141 -0.03730034662641455 -0.043344210930027958 -0.045854964559986229 0.030247588552485678 0.026823494930214249 0.045951782725105028 0.064890245071488536 -0.034107768115521735 -0.05145008050994309 -0.012660437783463499 -0.036378317083427446 0.01895338428963797 -0.034258837349085448 0.018740713480062517 0.010714403036900451 -0.033526680734130093 -0.034533752440779671 0.043325822398859556 0.05815689037537284 0.0081687274719491557 0.047440339550207239 -0.036822163719676358 -0.014581597575093034 0.020715768676146259 -0.027867431582277693 0.0018278354415732533 -0.042843729669002288 0.017546657062603145 0.023570523651686454 -0.037577847009787398 -0.0009804834731271157 0.019558229271116636 0.049077519515930049 0.055866329888984559 -0.043091808731890717 0.001648291562270611 -0.040682897157999547 0.032851724291720945 -0.014303692093833335 0.053157170793562927 -0.027133562931087964 0.0039882292416891073 0.045563865784600227 -0.031381708211326687 -0.016811238033799452 0.057808036871661965 0.075425841231391344 -0.031844854793746415 0.046363590505224116 -0.041735506949347113 0.0059451844109187947 0.00046306541550212698 0.0046632996813302874 0 -0.0048363434665156385 -0.058027100982647219
leaf_weight=17.557886779308319 31.98456759750843 18.289790958166122 18.845662478357553 26.966948200017214 24.599324967712164 17.851041112095118 19.861186496913433 40.172823250293732 23.121737632900476 40.188925607129931 20.28759652748704 24.609892673790455 17.370380911976099 16.391745116561655 51.522543709725142 28.634140189737082 24.971548441797495 23.112501988187432 38.674822175875306 19.180115006864071 34.661744188517332 58.142731729894876 68.261004384607077 21.983105804771185 31.159738283604383 22.133104044944048 21.308712501078844 18.247185572981834 20.151962827891111 35.137508131563663 20.5478375852108 37.678136117756367 37.768444310873747 24.720310904085636 13.914020169526337 42.324197515845299 22.30838598869741 17.800196208059788 25.127580275759101 22.265796925872564 32.048410996794701 53.002688225358725 21.080728586763144 30.001036822795868 67.144465632736683 32.287806965410709 25.334055799990892 42.418130021542311 51.151740673929453 32.239654408767819 34.582476694136858 30.087448058649898 22.564340513199568 20.274174135178328 34.685664959251881 20.453592598438263 136.86720280721784 4459.3921797256917 35.224583979696035 17.708411211147904 488.61594775691628 26.209277052432299
leaf_count=117 268 110 120 189 150 99 172 248 152 231 104 125 105 128 260 166 173 176 351 114 181 343 410 115 159 127 125 122 107 184 139 197 265 157 93 231 152 107 155 123 208 279 136 147 378 168 194 229 266 198 185 161 120 106 188 124 715 25044 192 100 2676 144
internal_value=3.88173e-05 0.0142663 0.0210081 0.0127179 0.0235816 0.0436869 -0.000223058 -0.00519865 -0.0142099 0.00100988 -0.00147333 0.00695075 -0.00984868 0.0188688 -0.0171083 0.0218011 -0.0334821 -0.000331109 -0.0142747 -0.0123326 -0.00904098 -0.0169554 -0.0104466 -0.00759394 0.0324164 -0.0240253 -0.000129151 -0.00976679 0.0155431 0.0151789 0.00268117 0.019387 -0.0230404 -0.00545817 -0.00747157 0.000511115 0.00754793 -0.0205749 0.0117592 0.00925263 0.0017894 -0.0151825 -9.17263e-05 0.0113388 0.000226507 0.0309834 0.0217257 0.0152489 0.0267941 6.71845e-05 0.00905588 0.0225622 0.032135 0.0239157 0.0125017 -0.00444534 0.000412783 -0.000566401 0.0254608 -0.000365758 -0.00731443 -0.0346977
internal_weight=6853.21 124.111 106.553 87.7071 69.4173 42.4504 6729.1 866.039 353.554 512.485 472.296 235.174 237.122 47.6761 189.446 122.082 95.6742 93.7719 61.7873 44.1517 113.092 92.8045 313.381 290.259 93.4478 90.3941 199.865 122.871 42.1351 76.9941 55.6853 62.288 80.7359 42.9675 30.3058 5863.06 463.214 60.1244 403.09 377.963 236.793 85.0511 5399.85 151.742 97.1455 54.5962 141.17 118.904 93.5699 5378.77 354.601 177.419 142.836 120.272 90.1844 177.182 156.728 5024.17 69.9102 4991.93 532.534 43.9177
internal_count=39008 785 668 548 438 249 38223 5325 2151 3174 2943 1275 1668 326 1342 647 547 795 527 287 628 524 1903 1751 481 537 1214 766 222 448 323 322 544 279 221 32898 2637 338 2299 2144 1332 487 30261 845 525 320 812 689 495 30125 1963 952 767 647 486 1011 887 28162 380 27964 2920 244
is_linear=0
shrinkage=0.05


Tree=111
num_leaves=63
num_cat=0
split_feature=30 20 6 5 5 60 66 48 51 53 40 50 31 14 77 38 19 0 72 30 16 25 10 17 97 20 5 69 53 54 4 25 19 16 32 25 51 1 54 50 8 59 59 48 38 97 18 19 6 48 72 8 96 31 10 16 40 48 26 8 30 54
split_gain=9.25198 12.2935 11.8596 14.1279 13.1648 9.40596 9.27456 11.1805 13.6294 9.20667 15.043 9.97513 25.4763 14.4583 13.5385 10.9471 9.512 9.34115 9.82597 8.51506 19.7085 15.6144 13.4119 12.2078 11.9521 17.7873 10.1054 9.39113 9.02507 11.188 9.43166 9.32349 8.6444 8.43964 17.1299 15.5746 12.3185 13.0661 11.8544 10.539 9.68289 20.9711 17.0316 16.4126 13.1115 14.3788 18.6109 12.5087 12.1709 11.8031 15.1679 10.9116 10.8155 10.3894 9.27701 8.97852 14.7817 17.5365 20.4513 18.6261 18.0402 17.0877
threshold=0.85901152165276129 0.12933094384707292 0.91905541905541921 0.43792808219178087 0.58476052249637167 193.50000000000003 2.9196428571428572 0.87954961704951973 -0.23694760242325236 0.24026143620383564 1.5150384441429219 2.6207460548193517 3.3671992583705972 0.50129626575462904 3.5305452485398745 -0.22466403600519791 0.12588028169014087 270.00000000000006 1.5854235218510033 1.0479641131815047 0.61142398233197814 0.34911831716932412 0.52859672378583233 0.59512664191337505 13.88927806966336 0.35160160160160164 0.68642083699151313 1.5000000000000002 0.62496793227296055 1.5491475811712101 0.67615210897574329 0.061867061570883418 0.64760348583878014 0.58082110138820375 0.67281223449447758 0.28431947969543153 0.42438347409645477 10.544642857142859 0.97378899972266975 0.80687285381483198 0.32363520947947527 8.5000000000000018 33.500000000000007 -0.76380643918061819 0.18258902373682825 9.2117658782886007 0.55622089155023302 0.29449472096530926 0.68790584415584421 -0.044498778688510508 1.0000000180025095e-35 0.39504283965728276 10.386342365974823 0.78638499863435596 1.0329077395420982 1.0296625168134794 1.8541381381381383 0.73635908312462017 0.61957057884810696 0.077254641909814334 1.7289996639946243 0.87097018402069271
decision_type=2 2 2 2 2 2 2 2 2 2 2 2 2 2 2 2 2 2 2 2 2 2 2 2 2 2 2 2 2 2 2 2 2 2 2 2 2 2 2 2 2 2 2 2 2 2 2 2 2 2 2 2 2 2 2 2 2 2 2 2 2 2
left_child=1 -1 3 -3 -5 -6 7 8 -2 10 -8 12 14 -13 17 -14 -12 19 -19 20 24 23 26 28 25 -11 -21 -24 -22 30 31 -30 -33 34 -29 36 37 39 -37 -36 55 48 44 -44 -43 52 -47 -45 -42 51 -51 -49 -46 -53 -39 -35 -57 58 -58 -59 -60 -62
right_child=6 2 -4 4 5 -7 9 -9 -10 11 16 13 15 -15 -16 -17 -18 18 -20 22 21 -23 27 -25 -26 -27 -28 33 29 -31 -32 32 -34 40 35 38 -38 54 -40 -41 41 42 43 47 45 46 -48 49 -50 50 -52 53 -54 -55 -56 56 57 59 60 -61 61 -63
leaf_value=-0.025149663145604562 -0.027046868557164084 -0.026975740582835479 0.055789320595704239 0.049691415229904279 -0.017901299963619763 0.028977980547895323 0.044371790918591447 0.047134631763092995 0.030060239863206318 0.019387759826978403 -0.024295978098322586 -0.049493429729651893 0.011235221446622335 0.0078364545182826716 -0.031724615157089374 0.055970165758768342 0.012547836270226568 0.0030407448456557257 0.02544531940169056 -0.040394862566950018 0.00046046096244091168 0.025021422037506361 -0.013551587408968228 0.019645016256026576 0.034093437375033696 -0.042111863343383883 -0.0006594112398268906 -0.027380313530129624 0.002190963334459368 0.0029949046862532891 -0.070445497532128795 -0.051200024852362885 -0.019860874180832461 0.0017611184565742397 0.0023657041285782728 -0.050855684696360731 0.037879929533852275 -0.0084219930607802498 0.00010422137325474529 -0.048425230578120787 -0.050168209720396643 -0.0038307278025937739 -0.028817290590571382 -0.012055010922918446 0.080128069678989111 0.038882635457909986 -0.015211914694125417 0.030672113231684242 -0.001992790580074337 0.0092730722624069679 0.067552392160822289 0.014744110837439718 0.033454729485593492 -0.035385385950696922 0.039679279360511521 -0.0069509022496169783 -0.0090235001996741265 0.028434261018574009 -0.030075646243816763 0.0018872891992273305 0.024532017648422218 0.0015524384762175387
leaf_weight=17.418730530887842 19.507145076990128 18.13762278854847 18.95451345667243 26.937774885445833 21.747848624363542 20.787712253630161 29.308550074696541 22.386142564937472 22.221922256052494 29.91567306779325 23.241427157074213 24.845733925700188 28.350340932607651 19.390244379639626 35.061702288687229 27.064052492380142 69.73896961286664 702.04066779464483 52.614885471761227 37.251882892102003 26.833734877407551 19.122287776321173 135.76519844681025 15.782144688069819 33.328827057033777 19.196656007319689 28.451523263007402 85.197510167956352 17.632034361362457 20.65057997405529 17.740304915234447 50.188178429380059 40.696184132248163 2281.7657524198294 23.455501968041062 21.706828612834215 29.856351036578417 16.522266613319516 23.530956827104092 17.742933191359043 21.473591282963753 31.059409234672785 34.304927535355091 47.849747430533171 20.733019653707743 38.447046633809805 26.826432589441538 25.403301011770964 34.028450563549995 22.883632693439722 22.203479766845703 19.937845446169376 32.904403414577246 21.081822276115417 24.711596377193928 1066.8569221161306 493.57479969225824 107.44492626190186 31.219381298869848 172.54632565751672 123.44400733336806 235.91463365219533
leaf_count=117 137 110 120 162 164 112 153 148 193 193 121 121 158 120 183 163 355 3818 290 213 173 119 845 104 183 138 178 569 110 134 118 351 263 13286 133 145 161 119 133 107 105 183 267 266 111 204 145 127 226 127 110 100 198 111 148 5775 2696 608 167 970 628 1216
internal_value=3.55928e-05 0.013565 0.0199576 0.0120937 0.0223897 0.00490621 -0.000213369 0.018696 0.00324393 -0.000396469 0.0131886 -0.000651587 -0.000489383 -0.0242899 -0.000781001 0.033235 0.00326841 -0.000610254 0.00461259 -0.00130916 -0.00963773 -0.0178227 -0.000855422 -0.0221828 0.011013 -0.00458587 -0.0232914 -0.000575402 -0.0260202 -0.0308881 -0.0364676 -0.0308071 -0.0372592 -0.000232402 -0.00933218 0.000408542 0.0104186 0.000377923 -0.0242963 -0.0194517 0.00021643 0.00768073 0.0122965 0.0024692 0.0249437 0.0324985 0.0165848 0.00924936 -0.0207784 0.0184386 0.0381698 0.00493293 0.0517044 -0.0109215 0.0203106 -0.000442806 -0.0026991 0.00119335 -0.00225551 0.0120989 0.00628454 0.00946474
internal_weight=6846.94 123.984 106.565 87.611 69.4733 42.5356 6722.95 64.1152 41.7291 6658.84 122.289 6536.55 6492.31 44.236 6436.9 55.4144 92.9804 6401.84 754.656 5647.18 291.087 208.645 5356.1 189.523 82.4412 49.1123 65.7034 5290.39 173.741 146.907 126.257 108.516 90.8844 5154.63 242.724 157.526 112.289 82.4323 45.2378 41.1984 4911.9 399.137 343.635 193.665 149.97 118.911 65.2735 159.36 55.502 111.51 45.0871 66.423 53.6374 41.0197 41.2339 4512.77 2231 1164.14 884.153 279.991 390.578 359.359
internal_count=39008 785 668 548 438 276 38223 478 330 37745 629 37116 36875 241 36554 321 476 36371 4108 32263 1886 1372 30377 1253 514 331 391 29986 1149 976 842 724 614 29141 1515 946 668 507 278 240 27626 2280 1949 1108 841 658 349 841 331 575 237 338 309 211 267 25346 12060 6285 4707 1578 2011 1844
is_linear=0
shrinkage=0.05


Tree=112
num_leaves=63
num_cat=0
split_feature=66 48 51 94 32 32 45 46 57 14 6 94 22 31 7 17 40 20 25 31 62 14 22 57 3 75 4 41 21 54 51 31 32 21 45 21 57 40 40 60 52 71 50 51 49 24 10 38 52 40 34 16 6 6 60 52 21 19 45 75 21 19
split_gain=8.21561 9.42495 12.7087 8.08696 15.0655 22.7415 15.3572 14.7185 19.4928 14.0053 20.6849 13.0924 16.5694 14.3752 17.2324 25.9036 17.5445 21.5268 19.2391 17.9361 18.3971 17.1378 16.8258 15.8387 20.5804 15.2151 14.496 15.5701 15.8558 15.6676 14.2968 13.1617 16.9535 20.3937 14.3847 12.9057 14.679 17.1035 16.6773 13.3067 15.3454 12.8496 12.5546 20.2562 17.402 13.1398 12.5177 18.3466 17.9097 16.2174 12.4431 15.129 16.7559 17.4766 13.2629 14.2426 12.9764 12.4795 18.9608 12.253 16.183 12.0993
threshold=2.9196428571428572 0.87954961704951973 -0.23694760242325236 22.500000000000004 0.49857142857142861 -0.08633540372670806 2.4468486590038139 -0.06502212389372701 0.2676332194358495 0.43470025324864042 0.95252183713722183 19.500000000000004 378.50000000000006 1.263476270141763 0.047847985347985351 0.14801389855840782 1.2154767388300323 0.10733486943164364 0.25469991173874679 1.6045223577235774 7.1435363368802367 0.73206194915026856 1148.5000000000002 -0.17134164804918223 1.1690021018917027 5.5000000000000009 0.35947589480665049 0.79674770367380332 0.094044811320754734 1.5384295467848574 -0.58301129159787535 1.5218564580469984 0.9093073593073594 0.25069832402234643 -0.097264283274030763 0.60158730158730167 -0.31073349265305089 2.1252062706270629 2.375591701640738 309.50000000000006 502.47500000000008 0.96849865059469364 0.87663207748678451 0.34195025383216709 0.64582926826639764 0.23684210526315791 1.147029174235372 0.11213818630475016 1155.6250000000002 1.9093523567640249 1.3974952204395916 0.64923445535296886 0.18544973544973548 0.82444286391654831 222.50000000000003 748.40000000000009 0.34391801075268824 0.53914227365554812 0.73238064836495098 10.500000000000002 0.29740897922716109 0.10822072072072074
decision_type=2 2 2 2 2 2 2 2 2 2 2 2 2 2 2 2 2 2 2 2 2 2 2 2 2 2 2 2 2 2 2 2 2 2 2 2 2 2 2 2 2 2 2 2 2 2 2 2 2 2 2 2 2 2 2 2 2 2 2 2 2 2
left_child=1 2 -1 4 5 -2 7 8 42 46 -11 12 -6 21 15 -15 -16 31 -19 22 25 26 23 -20 -25 -21 -14 28 -28 -30 59 -18 33 34 -33 -5 -37 39 -39 40 -38 -32 44 61 -7 -46 47 -9 -49 -48 51 52 -29 -54 55 -53 -55 58 -56 -17 -61 -44
right_child=3 -3 -4 35 11 6 -8 9 -10 10 -12 -13 13 14 16 30 17 18 19 20 -22 -23 -24 24 -26 -27 27 50 29 -31 41 32 -34 -35 -36 36 37 38 -40 -41 -42 -43 43 -45 45 -47 49 48 -50 -51 -52 54 53 56 57 -57 -58 -59 -60 60 -62 -63
leaf_value=-0.025350949546671678 -0.022545058643766918 0.043776042326039627 0.029588110527167717 -0.00052233555997247905 0.027518336397523838 -0.029088265812667369 0.055344958006501403 0.054442077356899023 -0.0161546843478192 -0.019578886808049031 0.038939245245100194 0.011191867169990169 0.017803185377557689 0.035140027140972502 -0.037592898433545872 0.023080273416346574 0.044169890607022456 0.038208889681519254 -0.034459167690929181 -0.037782775591156448 0.020419137633938329 0.036209888349020641 -0.03504959395083946 -0.025455504414557434 0.032536102605016187 0.0058767372738001804 -0.036828798763482405 -0.039742538461266547 -0.0022452901592841384 0.040343888584728461 -0.016147506692604226 -0.05007093076564946 0.041350163886789304 0.029948070227356949 0.0011843874015520224 0.01151703622379067 0.025535905722532559 0.02041237949551318 -0.01605603767014736 -0.044915028502135246 -0.020645095902608341 -0.058517337184958385 0.0048338801797980025 -0.016204144166845451 0.054898502763500584 -0.0060221154411457256 -0.028860240576709936 0.024683035340433153 -0.030898360061777399 0.025137748791193432 0.013119707007003455 0.0099338710418490628 0.054476686546002143 -0.040009898266343664 0.0028051325099906323 -0.0271622847229855 0.025046569990020601 -0.063297186274475711 -0.062832315714013154 0.011126840327074707 -0.04402498774898532 0.046625867606130557
leaf_weight=19.771167742088437 51.302780890837312 22.566431149840355 22.230936756357551 3952.4219812527299 47.09734146296978 22.206384982913733 19.862809911370277 31.575451888144016 32.571896471083164 98.007186226546764 17.710021652281284 226.52983614057302 43.053177006542683 31.178911402821541 21.802923306822777 42.342049188911915 48.115299135446548 32.002544064074755 25.933051854372025 31.252525120973587 117.38968393951654 20.573374260216951 62.461659457534552 23.774689845740795 42.257191888988018 54.437558241188526 28.218015985563397 19.821843352168798 166.33589928783476 24.691124517470598 171.60283884592354 19.440296448767185 41.013416029512882 43.687187016010284 45.096623662859201 68.178425379097462 20.052414394915104 59.089133743196726 66.51533922739327 49.223161853849888 162.22672191634774 20.048954240977764 20.932565256953239 18.126726005226374 19.337221909314394 15.972323589026926 33.346524722874165 49.594488594681025 20.310748372226954 23.638607408851385 27.21267120167613 33.039230696856976 17.506944611668587 15.506685629487039 25.745790604501963 115.64772294461727 14.895601956173776 41.877306114882231 18.926703684031963 30.351310215890408 23.400374718010426 109.20184125751257
leaf_count=137 313 151 203 22539 313 126 126 160 207 554 92 1289 246 159 117 202 266 191 127 156 600 113 401 122 198 323 183 107 1008 148 959 104 216 219 230 336 107 331 366 257 975 94 153 96 151 110 173 242 154 138 141 153 100 100 130 785 107 231 116 149 109 599
internal_value=3.33849e-05 0.017771 0.00360973 -0.000135167 0.0021979 0.0091843 0.0122549 0.0105647 0.019653 0.00264168 -0.0105539 -4.74404e-05 -0.00165476 -0.00255155 0.00137029 -0.00803605 0.0063077 0.00795333 0.00112193 -0.00219372 0.00755467 -0.00849297 -0.0150423 -0.001376 0.0115738 -0.0100138 -0.0100595 -0.0122548 -0.00189858 0.00325163 -0.0127424 0.0214035 0.0140053 0.00356773 -0.0142313 -0.00141431 -0.00969007 -0.013755 0.00106291 -0.0218132 -0.0155261 -0.0206342 0.0253503 0.0330451 0.00540529 0.0272606 0.0123097 0.0228432 0.00844154 -0.00636838 -0.0191137 -0.0220288 -0.00112648 0.0147958 -0.0280229 -0.0188845 -0.00799394 -0.0436243 -0.0249705 0.00295027 -0.0128274 0.0399507
internal_weight=6840.24 64.5685 42.0021 6775.67 2397.97 583.698 532.395 512.532 238.349 274.183 115.717 1814.27 1587.74 1540.64 927.589 318.924 608.665 586.862 389.509 357.506 203.08 613.052 154.427 91.9649 66.0319 85.6901 592.479 549.426 219.245 191.027 287.746 197.353 149.238 108.224 64.5369 4377.71 425.285 357.107 125.604 231.502 182.279 191.652 205.777 148.261 57.5159 35.3095 158.466 101.481 69.9052 56.9851 330.181 302.968 67.7311 47.9092 235.237 148.687 30.4023 86.5498 44.6725 96.0937 53.7517 130.134
internal_count=39008 491 340 38517 13606 3394 3081 2955 1442 1513 646 10212 8923 8610 4942 1672 3270 3153 2118 1927 1079 3668 848 447 320 479 3555 3309 1339 1156 1513 1035 769 553 334 24911 2372 2036 697 1339 1082 1053 1235 848 387 261 867 556 396 311 1970 1829 414 307 1415 938 207 477 246 460 258 752
is_linear=0
shrinkage=0.05


Tree=113
num_leaves=63
num_cat=0
split_feature=77 48 6 48 53 39 35 18 71 33 38 48 32 50 6 46 51 66 49 25 47 97 46 51 48 19 47 0 54 39 54 7 41 40 9 40 69 77 4 77 1 54 39 38 47 72 71 18 1 40 40 78 48 18 77 1 78 78 46 38 30 45
split_gain=8.58466 17.9353 19.3728 14.9342 14.9252 13.8396 13.8045 20.7058 15.9079 15.5702 14.6744 15.6052 15.4552 15.2732 14.1865 19.3342 13.6449 13.5995 18.4337 14.1963 18.225 23.8121 17.7459 18.3703 17.5974 20.0319 21.3089 15.0397 14.9944 13.6555 13.5515 18.2064 15.5895 14.7047 17.6995 14.2852 13.5298 12.9551 12.6521 15.1035 12.4393 12.4305 12.3618 12.0889 13.7293 12.0804 12.3252 11.8828 11.6159 16.5312 11.4149 11.3938 11.3354 16.1043 12.428 11.334 12.7978 11.2168 11.1783 11.3951 12.5897 13.3405
threshold=2.2102668061474726 -0.45154554613020564 1.0000000180025095e-35 1.1307665770610138 0.26405847649737907 0.81990990990990997 1.1928755785618503 0.64012195121951232 0.76555852874728447 6102.5000000000009 0.96098917178811838 -0.50480362221220443 0.20734437975817291 2.0132624693577492 0.91125175808720116 0.63013055374103399 0.34684862582820369 4.4732142857142865 0.83930232415898021 0.33945445899796833 -2.9111920544450176 3.4421631092704685 0.40310245310249043 0.44773961225489395 -0.96302394818784343 0.26209992193598758 -0.73830654158217357 210.00000000000003 1.4586508514253886 1.3353587743989666 1.3063333032111697 0.043384152079804263 0.82151575688067557 1.9246412032687354 870.50000000000011 1.351827734201569 9.5000000000000018 2.5098890089215753 0.65938047459786597 2.1048974534738458 11.008928571428573 1.582365677064594 1.8087309988567559 -0.39337477561332351 -0.20863603597455929 -2.0864114987079594 1.2900431594755768 0.13069358178053833 4.1339285714285721 2.0508887682918706 1.2455222473604828 -3.6874410039052203 0.10845116892912356 0.3047162859248343 2.2979483472720741 6.2053571428571432 -0.99322248803825652 1.1306082537727209 0.52541983317884189 0.20373145674507509 0.89608730988041341 -0.54269696969694803
decision_type=2 2 2 2 2 2 2 2 2 2 2 2 2 2 2 2 2 2 2 2 2 2 2 2 2 2 2 2 2 2 2 2 2 2 2 2 2 2 2 2 2 2 2 2 2 2 2 2 2 2 2 2 2 2 2 2 2 2 2 2 2 2
left_child=1 17 48 4 -4 -6 7 14 9 -8 11 42 -12 52 15 58 -16 18 -1 20 21 -19 23 38 -22 26 36 55 43 -29 33 -32 -33 35 -35 -5 -26 -11 39 -21 -17 -34 -10 -27 -45 46 -7 -40 -3 -50 -47 -49 53 -13 -55 -25 -57 -54 59 -2 61 -61
right_child=6 2 3 30 5 45 8 -9 10 37 12 13 -14 -15 16 40 -18 19 -20 22 24 -23 -24 27 25 28 -28 29 -30 -31 31 32 41 34 -36 -37 -38 -39 47 -41 -42 -43 -44 44 -46 50 -48 51 49 -51 -52 -53 57 54 -56 56 -58 -59 -60 60 -62 -63
leaf_value=-0.010529550485379442 0.014116790649509889 0.016967473492850989 0.033626403285525679 0.012756745654039196 -0.027908872425571149 0.036168113553838963 0.002807462233752243 -0.039572110440831691 0.01672735832489838 -0.053780865233646495 0.047549031460693836 -0.041376854960166756 0.0023691103529149805 0.013460053526766512 0.029831985516258114 0.033680799021956496 -0.024030952544488855 0.10460716899956629 0.061759256249333275 -0.02331464656935496 -0.018037135886225724 -0.0094266357133907033 0.033958573667717672 -0.049632613822953371 0.066735779494512301 -0.048898730837814569 -0.015236492063404581 0.057085772196371787 0.030998143839834919 -0.0036068324964191167 0.050345891991738882 -0.031047421895430999 0.046648070297309864 0.03215761120909455 -0.01999760444763559 -0.030668558899425581 0.014852476296451381 -0.0046181031318299438 0.00033518395348276428 0.027797060517730135 -0.020756217497668848 -0.0067086078599780585 -0.017870955050432773 -0.010422581296251647 0.036510564255995574 0.024250869910801151 -0.0070996785006935464 0 -0.027979560913166803 0.013164018934657799 0.0050715058547192967 -0.047125914902999361 -0.0011286817884381066 -0.040957271710781076 -0.0051477998871366218 -0.017843054181054599 0.012494754867836435 -0.015366707610566105 -0.054154236897711233 -0.019260700349923641 -0.02287269634005101 0.041564641000959024
leaf_weight=17.197045123204589 33.267543986439705 27.830301232635975 51.738060217350721 22.946994487196207 28.79175922088325 64.565022066235542 2057.4804749786854 52.156931849196553 102.09917771816254 21.886829148977995 21.171231027692556 70.961679723113775 174.99421343579888 62.658753879368305 45.693651083856821 36.093800012022257 15.635920088738201 9.4505131505429762 17.738892933353782 46.608851116150618 107.72535797208548 8.6219633221626264 19.773365467786789 16.302770793437958 30.321712967008352 16.891985427588224 20.114143148064613 17.47511887922883 27.387343116104603 19.27916419506073 21.785647422075272 27.73031147569418 19.349241893738508 33.017961978912354 31.783421222120523 103.26289188116789 22.020386356860399 35.015062369406223 20.616748958826065 20.774622974917293 14.580896394327281 24.524964112788439 34.333701437339187 114.90767609514296 17.900661833584309 81.622162541374564 21.797896414995193 14.778036262840031 104.27920538187027 31.617047842592001 1600.2313382383436 95.136759353801608 275.21552513726056 30.392754502594471 120.48542219214141 86.737502101808786 57.704688016325235 279.70836126804352 17.681930832564831 18.7972122579813 173.215721398592 17.051465597003698
leaf_count=99 186 150 265 143 154 338 11732 353 633 149 118 362 955 324 307 241 103 142 110 315 979 87 96 82 200 103 112 97 136 111 128 200 134 177 233 690 125 243 121 151 146 181 203 726 85 421 111 188 574 176 8204 635 1363 148 604 584 291 1588 96 127 1073 100
internal_value=3.05965e-05 0.00196329 0.00423613 0.00551007 0.00715206 0.00638522 -0.00159437 -0.0100827 -0.000496988 0.00209127 -0.00517037 -0.00768123 0.00729239 -0.0102328 -0.00592532 -0.0102735 0.0160015 -0.00435463 0.0261042 -0.00571016 0.00132496 0.0501766 -0.0120809 -0.0144039 -0.00114556 0.00613063 0.0282645 -0.00358256 -0.00290817 0.0251909 -0.00514486 0.0104274 -0.00170127 -0.0127862 0.00650837 -0.0227297 0.0450737 -0.023677 -0.0251699 -0.00746475 0.0179088 0.0167614 0.00797727 -0.00916119 -0.00403633 0.006948 0.025194 -0.0342588 -0.0123243 -0.0183679 0.00600666 -0.0407874 -0.012152 -0.0217174 -0.0124167 -0.0102043 -0.00568824 -0.00831582 -0.01579 -0.0129489 -0.0172844 0.009567
internal_weight=6832.92 3122.34 2296.87 2133.15 1848.75 1797.01 3710.58 424.175 3286.4 2114.38 1172.02 975.855 196.165 839.422 372.018 310.689 61.3296 825.465 34.9359 790.529 375.342 18.0725 415.188 395.414 357.269 249.544 72.4562 197.499 177.088 36.7543 284.401 93.3902 71.6045 191.011 64.8014 126.21 52.3421 56.9019 197.915 67.3835 50.6747 43.8742 136.433 149.7 132.808 1768.22 86.3629 130.532 163.727 135.896 1681.85 109.915 776.764 221.84 150.878 160.745 144.442 554.924 260.014 242.332 209.064 35.8487
internal_count=39008 17854 12279 11379 9493 9228 21154 2732 18422 12124 6298 5225 1073 4389 2379 1969 410 5575 209 5366 2695 229 2671 2575 2466 1487 437 1165 1050 208 1886 643 515 1243 410 833 325 392 1410 466 387 315 836 914 811 9074 449 944 900 750 8625 823 4065 1114 752 957 875 2951 1582 1486 1300 227
is_linear=0
shrinkage=0.05


Tree=114
num_leaves=63
num_cat=0
split_feature=30 17 44 7 44 38 1 19 54 48 17 48 38 53 43 52 44 59 97 35 59 35 31 92 24 19 49 30 16 40 51 94 95 6 40 94 40 19 18 19 57 34 24 38 97 29 14 6 66 4 53 52 5 5 44 9 47 29 51 1 29 48
split_gain=8.04175 10.7396 10.4057 11.4281 10.1383 9.25292 9.03268 8.77518 25.1164 16.8598 14.9132 18.6723 14.9256 14.8519 14.4271 17.3945 13.415 14.7485 13.2076 18.6992 23.3372 15.1414 12.1883 11.7883 11.3538 11.0696 16.0121 14.2279 13.6925 12.854 15.4236 12.2513 14.3466 11.4336 14.7456 11.3433 11.2647 11.1728 10.8781 10.7006 18.5098 16.4312 23.5495 20.7624 20.8018 24.3916 19.1309 19.4138 17.026 15.2543 15.2285 14.4198 13.7229 23.551 13.5192 17.5515 24.5343 18.4964 16.5818 13.3039 13.2775 13.8144
threshold=0.85901152165276129 0.07335333450987315 0.47124026116535372 0.093836325966850834 -0.028717161984992332 1.7926280469342981 7.0089285714285721 0.17684288905435594 1.8609128634070717 1.3347807614688973 0.39041522012965074 -0.97494245271600988 -0.13954655194682614 0.76639294252734447 7.5000000000000009 638.62500000000011 -0.48729368119129551 33.500000000000007 4.157349796231288 1.1928755785618503 24.500000000000004 1.3481340066510656 1.5307408880053017 1.0000000180025095e-35 0.44736842105263158 0.071750321750321769 -1.5372715863191537 1.4531061664546538 1.4691732785112377 2.4218290499936077 -0.67801938945643447 13.500000000000002 99.500000000000014 0.14729990356798459 1.4084103045172467 19.500000000000004 1.6946278707363363 0.034632683658170925 0.51538825757575768 0.407785336356765 0.41432042108561701 1.1744224463777126 0.71052631578947378 -0.11974492781896214 44.788975041118114 0.31213607472553478 0.28650084551121885 0.10733486943164364 7.5089285714285721 0.48637106357694598 0.9278049060579282 1174.8500000000001 0.78979857050032498 0.71473779385171798 -0.056298006654886858 900.50000000000011 1.0073598472826752 0.43207298586339971 -0.38272652892382153 5.7053571428571432 0.32011274760405567 1.4720358868183636
decision_type=2 2 2 2 2 2 2 2 2 2 2 2 2 2 2 2 2 2 2 2 2 2 2 2 2 2 2 2 2 2 2 2 2 2 2 2 2 2 2 2 2 2 2 2 2 2 2 2 2 2 2 2 2 2 2 2 2 2 2 2 2 2
left_child=1 -1 3 -3 -5 7 -7 8 9 10 12 -12 13 -2 25 -16 -17 -18 21 20 -20 -14 -10 -9 -15 26 28 37 -13 31 -31 32 -27 38 -35 -30 -34 -28 -33 40 41 42 43 48 45 -45 47 -43 -25 -44 51 -50 53 -51 55 57 58 -47 -57 -56 -41 -62
right_child=5 2 -4 4 -6 6 -8 23 22 -11 11 14 18 24 15 16 17 -19 19 -21 -22 -23 -24 39 -26 29 27 -29 35 30 -32 33 36 34 -36 -37 -38 -39 -40 60 -42 46 49 44 -46 54 -48 -49 50 52 -52 -53 -54 -55 59 56 -58 -59 -60 -61 61 -63
leaf_value=0.039147302348080462 -0.040441233616461798 0.024513034301213002 0.035399598024636117 0.0026995069702593971 -0.042154132939728396 0.012007122319205924 -0.030570273905108566 0.036722415990439607 -0.063601487726078917 -0.020807681962027716 -0.038384781768849019 -0.036343963567854902 0.024308534636824707 0.036119039290719093 -0.060046270956559893 0.02486933749535751 0.0025871336637866126 -0.056212652023940948 -0.04480004945675542 0.032282072611875316 0.0283374673382378 -0.035986894864481742 -0.010157019771830566 0.04715305814590013 -0.018508975443807387 -0.019863294501805268 -0.027342102321176634 0.026583829208076212 0.035637447746250148 0.0069835360440254181 -0.044259826722516993 -0.022883618513059492 0.054354758944063476 -0.055309905188858449 -0.0092010578818359622 -0.014575525148000349 0.011064724628401117 0.020728775734279479 0.013507450117504441 -0.02259413608955415 -0.025758430175565845 -0.023838538856843998 -0.044394956481043552 0.055375636108078156 -0.043090180947110243 0.049552840534101972 0.015910730447442827 0.020018631726931278 0.0033673645754180612 -0.0078575985651802415 -0.011665298903616639 0.063341784055422942 -0.022542544254225128 0.046439573948153248 0.025547092408716245 -0.021817945342360194 -0.044728161092822905 0.0082262434098653563 0.036076650683921137 -0.013074917683957311 -0.00087282593693602587 0.014960010711045614
leaf_weight=29.171458380296826 26.145732168108225 23.091726187616587 20.953953273594379 27.117583215236664 23.102777697145939 16.739740055054426 46.515805970877409 22.696377255022526 25.194854751229286 113.04813091829419 37.492504065856338 30.289161007851362 18.66791121289134 18.694006146863103 21.841725561767817 20.454886540770531 23.099753238260746 19.455809898674488 20.339184205979109 123.48663342557847 23.240956798195839 23.172926055267453 18.956790640950203 48.792658912017941 19.051396291702986 21.581117391586304 26.491343218833208 119.49265804700553 19.575718864798546 22.904323108494282 39.951284315437078 26.233841583132744 23.84271851927042 19.910344548523426 134.56651765666902 26.016536898910999 41.598657108843327 21.986172564327717 92.369892686605453 67.782458368688822 49.227730985730886 67.15516747161746 32.222313616424799 21.614895988255739 24.996563037857413 40.619899336248636 488.24592088907957 40.193811466917396 21.709296211600304 94.740262787789106 41.012618713080883 18.839818567037582 86.683678496629 25.179126340895891 25.355424929410219 20.53625713288784 29.029460769146681 82.109879795461893 30.562039157375693 176.39252818003297 3721.15951503627 142.95442805252969
leaf_count=169 142 158 128 179 151 84 310 110 163 773 355 149 138 96 102 96 123 123 119 645 123 199 111 243 113 110 153 650 98 109 204 138 111 104 721 135 201 123 465 354 302 344 182 117 122 198 2559 202 112 505 273 124 460 125 129 107 234 420 226 1152 21336 1001
internal_value=2.72731e-05 0.0126689 0.0043891 -0.00444231 -0.0178778 -0.000204992 -0.0192226 -2.27532e-05 -0.00385606 -0.00245865 -0.000498857 -0.00398709 0.00957138 -0.0115182 -0.00225983 -0.0216663 -0.00820905 -0.0242469 0.0160476 0.0223452 -0.00570632 -0.00897216 -0.0408426 0.000838658 0.00843824 0.000205041 0.00869457 0.0173141 -0.0103174 -0.00467857 -0.0255261 -0.0010197 0.0152903 -0.00623919 -0.0152083 0.00690555 0.026972 -0.00543963 0.00540353 0.000686153 0.00433351 0.00538495 0.000788888 0.00622313 0.00113191 0.00374663 0.0117062 -0.00736757 0.0237935 -0.0124204 0.00971729 0.0314428 -0.00739026 0.00353056 0.000963139 0.0100864 -0.0080641 0.021974 0.0127142 -0.00818593 -0.000671837 -0.000285418
internal_weight=6825.66 123.437 94.266 73.3121 50.2204 6702.22 63.2555 6638.97 1219.15 1175 1061.95 789.155 272.799 63.8911 751.662 84.8522 63.0104 42.5556 208.908 167.067 43.5801 41.8408 44.1516 5419.81 37.7454 666.81 243.852 167.97 75.8814 422.959 62.8556 360.103 87.0225 273.081 154.477 45.5923 65.4414 48.4775 118.604 5397.12 1465.22 1415.99 820.397 581.571 451.217 426.22 595.595 107.349 130.354 238.825 81.5617 40.5491 206.603 119.919 404.605 202.858 80.1278 122.73 51.0983 201.748 3931.9 3864.11
internal_count=39008 785 616 488 330 38223 394 37829 6892 6618 5845 4270 1575 351 3915 444 342 246 1224 887 242 337 274 30937 209 3471 1308 926 382 2163 313 1850 422 1428 825 233 312 276 603 30827 8136 7834 4729 3457 2705 2583 3105 546 752 1272 509 236 1090 630 2466 1185 567 618 333 1281 22691 22337
is_linear=0
shrinkage=0.05


Tree=115
num_leaves=63
num_cat=0
split_feature=95 94 77 86 22 56 96 46 96 5 48 29 34 29 3 7 47 29 71 71 77 42 75 18 32 71 16 96 50 5 16 30 20 60 57 3 77 59 47 45 8 59 60 54 52 1 96 77 3 8 87 39 50 39 10 8 52 77 52 20 96 32
split_gain=8.99826 12.8762 10.3865 9.67252 11.3032 8.61976 8.75699 7.81089 14.9589 10.7791 10.4292 12.2609 13.0093 14.9111 11.4116 8.19138 7.9563 19.0418 12.2506 9.625 11.6352 10.6637 14.8682 16.7932 10.4775 9.34755 9.29243 9.22215 9.0275 13.3875 14.908 17.8514 17.5597 10.2219 10.1884 10.0362 11.5295 9.91138 10.6105 19.7014 9.88309 24.3054 23.8037 13.3998 12.849 14.3648 15.0684 13.9861 12.7666 16.8766 15.4544 11.5899 11.6139 14.7785 11.5766 10.5539 15.2233 13.9678 13.3675 19.6639 12.7184 10.2664
threshold=387.50000000000006 58.500000000000007 2.1444554724128064 6.7888888888888896 203.50000000000003 6.5000000000000009 4.5630779338096419 -1.1127543959825921 9.2789338820514846 0.77823315118397096 -1.4754611549646433 0.63914647275934255 1.4273031450042897 0.53484801342610933 0.94806638094288853 0.079286500078579306 -2.3406375300723012 0.64354743462087227 0.671489207573994 0.83443449060148212 2.2102668061474726 3.5000000000000004 17.500000000000004 0.2184659090909091 0.62108532200065392 0.87479618621062616 0.64923445535296886 3.1477900003971251 0.76503206896332931 0.5300120048019209 0.63112114859667923 0.76905767686040516 0.59611795446061977 13.500000000000002 -0.060388187513545674 0.81332914499444808 2.2907784770790665 49.500000000000007 0.95982758620692676 -0.31503301190650224 0.29779113204482704 8.5000000000000018 352.50000000000006 1.1456670689646156 1290.5750000000003 14.223214285714286 4.202095925808889 2.2134331266960476 1.1483035217819768 0.45080645161290328 0.63543320105820111 1.281778643133487 0.92510071189626264 1.6971630617938733 1.0353239403081906 0.24025316455696205 1926.1750000000002 1.9080271692922575 935.77500000000009 0.077097902097902113 20.841861261897879 0.59284802043422735
decision_type=2 2 2 2 2 2 2 2 2 2 2 2 2 2 2 2 2 2 2 2 2 2 2 2 2 2 2 2 2 2 2 2 2 2 2 2 2 2 2 2 2 2 2 2 2 2 2 2 2 2 2 2 2 2 2 2 2 2 2 2 2 2
left_child=1 3 -2 4 -1 7 -7 8 -6 -10 11 12 13 -9 -15 -16 17 18 26 28 -21 25 23 -23 -25 -22 -12 -27 29 34 31 -31 37 -30 -18 36 -32 38 39 -33 55 43 44 -42 48 54 -47 -48 49 51 -51 -43 53 -53 -46 -35 57 61 60 -60 -59 -57
right_child=2 -3 -4 -5 5 6 -8 10 9 -11 16 -13 -14 14 15 -17 19 -19 -20 20 21 22 -24 24 -26 27 -28 -29 33 30 35 32 -34 40 -36 -37 -38 -39 -40 -41 41 42 -44 -45 45 46 47 -49 -50 50 -52 52 -54 -55 -56 56 -58 58 59 -61 -62 -63
leaf_value=0.040018065923226202 -0.010373814635068418 -0.017791218092686443 0.031947646101348641 -0.032227923134485345 -0.0087899207390419367 -0.040143871493863545 0.0031617223591573862 -0.036660536999046568 0.081075258679919548 0.011863788387237428 0 -0.051449800699213503 0.047175801507833987 0.054065234196901082 0.023143402231455005 -0.035769303144731389 -0.049972911455770902 0.032079404947715988 0.0035047178335429678 0.0025676404276668108 -0.0163787186067408 -0.036963111547059023 -0.037715232990586656 0.025327024818030591 -0.0083394928939872059 -0.020235936210764173 -0.041090468479246439 0.0018003127848253274 0.022372276236669087 0.053976473523073734 -0.024327957550173612 -0.00028477016363590154 -0.039882776447259301 0.0020749041080552299 -0.011183888262325048 -0.051728280403366939 0.026113884052860088 -0.02403214106214456 -0.013889390247832978 0.040534508839785377 -0.028347229237986521 0.072188525958850544 -0.020203872141868848 0.019640695319813398 -0.038844548511990311 0.059167930373264434 -0.031476296018657132 0.031605957269094438 0.0095916383712960109 0.03856267852679169 -0.018405694869371599 -0.016672929685446574 0.048832509727628592 0.041564336797920133 0.014836093119208169 -0.0075225642949189077 0.030210116195772675 -0.010742553251892557 0.013144206855902715 -0.039268144241752213 0.02978932805043874 0.043232501953579063
leaf_weight=17.795485407114029 21.028033867478371 100.64135894179344 45.251054435968399 22.784930948168039 21.204038443043828 26.353685632348061 20.510676480829716 36.607724569737911 12.265043552964928 10.74553353153169 18.04192265868187 19.384992236271501 9.5730161815881711 9.9431798458099347 10.469549076631667 13.130062928423284 25.758611682802439 20.914682568982244 37.617857584729791 569.78003765270114 113.7367401085794 37.074297152459621 59.312114227563143 33.210094373673201 75.189877409487963 52.941067885607481 57.528216039761901 451.67304756864905 63.159735731780529 17.578824333846569 37.769084572792053 63.928274046629667 22.557751275599003 3599.0379449930042 50.646802421659231 18.838686808943748 15.996681183576582 22.311210565268993 31.944790916517377 54.49989990144968 59.768457032740116 24.727490592747927 46.299327483400702 19.0109458938241 27.651822108775377 16.314385380595922 16.918503757566214 18.054578002542257 108.24380576238036 20.990613520145416 27.136284086853266 20.448095619678497 55.124725613743067 22.924105767160654 15.506602026522158 19.862582005560398 25.084374383091927 146.41704821586609 22.550814460963011 83.497064562514424 22.158959113061428 19.566849809139967
leaf_count=313 107 603 233 115 208 148 103 490 108 121 168 183 73 106 104 145 171 151 341 3002 617 186 300 175 384 318 608 2354 335 104 241 394 139 19971 283 114 107 155 197 260 328 127 259 110 208 92 131 115 532 108 137 100 278 113 111 98 161 685 137 593 102 103
internal_value=0.000130697 -4.9492e-05 0.0184498 0.000219735 0.000333044 0.000224342 -0.0211179 0.000378535 0.0213001 0.0491623 0.00023487 -0.0158506 -0.00707837 -0.0146099 0.00934441 -0.00943538 0.000485409 -0.0115581 -0.0196868 0.000744586 -0.00291835 -0.0067217 -0.0166143 -0.00795684 0.00194255 -0.0034352 -0.0312866 -0.000505242 0.00179499 -0.0057981 -0.000801102 0.00585599 0.0014724 0.00240669 -0.0243744 -0.0203646 -0.00920679 0.00692352 0.0115626 0.0184762 0.00212088 0.00875018 0.0135335 -0.0166932 0.0177272 0.00172247 0.0196413 0.000944124 0.0231131 0.0316149 0.0063659 0.0414225 0.0335827 0.0140178 -0.0194521 0.00127922 -0.00714827 -0.0101568 -0.0141628 -0.0280738 -0.00537058 0.0175838
internal_weight=6786.99 6720.71 66.2791 6620.07 6597.29 6579.49 46.8644 6532.63 44.2146 23.0106 6488.41 99.1085 79.7235 70.1505 33.5428 23.5996 6389.31 134.103 113.188 6255.2 1392.92 823.137 204.786 145.474 108.4 618.351 75.5701 504.614 4862.29 361.831 285.425 212.821 195.242 4500.46 76.4054 72.6045 53.7658 172.684 150.373 118.428 4437.3 499.12 420.34 78.7794 374.041 94.4459 51.2875 34.9731 279.595 171.351 48.1269 123.224 98.4969 43.3722 43.1584 3938.18 339.138 314.053 274.624 106.048 168.576 39.4294
internal_count=38863 38523 340 37920 37805 37492 251 37241 437 229 36804 1101 918 845 355 249 35703 1268 1117 34435 7336 4334 1045 745 559 3289 776 2672 27099 2165 1711 1249 1145 24934 454 462 348 1006 851 654 24599 2749 2311 438 2052 657 338 246 1395 863 245 618 491 213 319 21850 1879 1718 1517 730 787 201
is_linear=0
shrinkage=0.05


Tree=116
num_leaves=63
num_cat=0
split_feature=0 87 32 39 46 31 53 66 8 8 59 19 14 60 14 38 19 31 3 45 44 47 5 34 3 39 44 37 53 29 34 10 25 34 52 94 4 31 5 4 52 5 10 7 77 45 20 71 3 61 17 44 38 75 54 8 19 45 38 55 17 21
split_gain=8.43021 13.2693 8.27683 10.1644 11.2583 8.58637 8.54457 8.06446 7.6501 17.7165 13.608 17.6975 13.0311 12.9059 12.771 11.0658 14.801 11.7688 10.3663 9.2541 13.8538 11.3858 10.7039 10.5604 13.2277 10.1699 11.5444 11.1443 9.9547 14.5629 11.027 12.6499 9.87365 16.9823 15.7321 13.942 12.4857 11.3618 10.3468 10.753 9.23748 9.21547 12.0427 10.4481 13.1981 9.18675 9.07293 8.88536 11.3567 10.3734 14.6841 14.2113 12.9333 11.0177 10.3509 9.35405 9.1388 10.2745 8.82634 8.7094 8.62993 8.51381
threshold=150.00000000000003 0.85727513227513241 0.93409883529644022 1.6561644304490695 0.045433162552411664 1.7663160944516878 0.90109229209641806 9.2767857142857171 0.29779113204482704 0.24165739710789771 9.5000000000000018 0.25121359223300976 0.40332283472329017 208.50000000000003 0.55515360058614205 0.69120003611167546 0.53378995433789966 0.94940619860013908 1.2385337182924314 2.2640984178688095 -0.40058360042729507 1.6163664484766105 0.82070417145044028 1.4340790118449527 1.442480285016613 1.0337340622992774 0.46189005235589892 1.5000000000000002 0.69724281920883879 0.42772561222582256 1.4435499749392644 0.94345474368673254 0.19766037907782033 1.2214921562896752 1122.7250000000001 49.500000000000007 1.1917380030547369 1.0473446749813211 0.89303051317614435 1.2561456348645075 971.95000000000016 0.80051020408163276 0.96159610098400106 0.21357917987131472 2.1048974534738458 -0.28939240506337932 0.24536878216123501 0.84571257963951718 0.88953201661637749 19.047486371895825 0.40594423600382556 0.36722958226019192 0.021084528637398733 13.500000000000002 0.56213861882381011 0.096930786094581903 0.82160537482319673 -0.41268054884139693 0.41491728883033235 1.145829313031588 0.18682248191430165 0.42770034843205579
decision_type=2 2 2 2 2 2 2 2 2 2 2 2 2 2 2 2 2 2 2 2 2 2 2 2 2 2 2 2 2 2 2 2 2 2 2 2 2 2 2 2 2 2 2 2 2 2 2 2 2 2 2 2 2 2 2 2 2 2 2 2 2 2
left_child=1 -1 8 5 -5 -4 -7 -3 9 19 -10 -12 13 -11 40 59 -17 60 -16 21 -21 25 28 24 -24 26 27 46 30 -30 31 -23 33 34 35 37 -36 41 39 -35 -14 43 -43 45 -45 -27 -2 49 -49 52 -51 53 54 -52 -34 56 -54 -58 -31 -13 -18 -50
right_child=2 7 3 4 -6 6 -8 -9 10 12 11 15 14 -15 18 16 17 -19 -20 20 -22 22 23 -25 -26 32 -28 -29 29 58 -32 -33 47 38 36 -37 -38 -39 -40 -41 -42 42 -44 44 -46 -47 -48 48 61 50 51 -53 55 -55 -56 -57 57 -59 -60 -61 -62 -63
leaf_value=-0.0019470714339042694 0.011942024075893736 0.0075760628860492285 0.043924177427242875 -0.03314623620178167 0.019587465041277091 0.034765031661036803 -0.0074140113297790772 0.037839118834569974 -0.014064271881244098 -0.058767750687449688 -0.011382503831544755 0.0024273724724024701 0.025083745178846546 -0.01053071533610221 -0.0038441064169270518 0.058416684714831614 0.025781610760898667 0.047071068360112864 -0.04137688074222852 0.023665324111151197 -0.019943730600615241 0.018034702459223163 0.0078257152388163092 0.028546902339914478 -0.03567048134422917 0.059821950923552462 0.037093322155729094 0.032912204718893792 0.0034563454567511569 0.065139873190293657 0.041042550248117676 -0.025133893036816658 0.045846288308756734 0.022855809481326157 -0.023841444565061213 -0.02497287546426569 0.023004974521990081 0.045636287084295381 -0.0064092931549943055 0.067116932372304122 -0.011425738742733345 -0.034153236542274666 0.015127596443481909 -0.027852966932067121 0.026678098169462729 0.015862161256580538 -0.019574578493900041 0.022039585047660161 -0.0086992163024072269 -0.026229130212327312 -0.0013429605005888428 -0.022996410987467186 -0.013024339048518624 0.042340970063637906 0.0083479141168528899 0.0046845568787528017 -0.013768666432965393 0.03223864018390795 0.025299055145153088 0.03744145428994447 -0.019410395767694173 -0.032396065850203611
leaf_weight=3856.9117599148303 48.407775301486254 151.35038964822888 34.684611590579152 19.29874512553215 20.979976758360863 21.290450718253851 26.983549879863858 25.858962193131447 53.644312247633934 27.064038902521133 56.371888134628534 91.388594072312117 40.95749594271183 29.051484651863575 43.762492794543505 35.047832978889346 20.162586322054267 22.395632319152355 32.088901318609715 22.331737019121647 95.20462853088975 36.81388833746314 40.663821417838335 22.445606783032417 30.345478150993586 20.347160086035728 38.737092934548855 28.475989472121 30.441881369799376 30.153588350862265 19.179314993321896 31.278849307447672 19.85849055275321 51.98889734223485 78.592148816213012 25.462984025478363 17.172893334180117 25.08030541241169 19.058589808642864 18.973963715136051 29.677264127880335 23.548462968319654 25.816524289548397 21.170851543545723 23.088593535125256 29.655746273696423 42.947957227006555 22.191840007901192 130.42416655085981 84.116576287895441 32.832513246685266 33.945591790601611 223.34308146871626 25.356114365160465 251.39946824125946 247.3051121737808 22.398630786687136 26.029672902077436 27.122237864881754 22.065619818866253 21.924492413178086 53.9581035412848
leaf_count=22485 255 833 191 108 113 104 150 150 306 151 338 537 196 155 239 185 123 119 199 160 674 214 224 118 174 98 213 156 185 148 99 180 115 272 606 129 120 132 106 103 188 118 130 105 112 143 254 121 693 477 167 192 1205 139 1325 1380 138 134 154 118 136 271
internal_value=0.000122732 -0.00133117 0.00226004 0.0149236 -0.00557452 0.0249309 0.0111184 0.0120392 0.00166267 0.000648357 0.00886823 0.0134575 -0.0134641 -0.0339471 -0.0055656 0.0200578 0.0322392 0.0178653 -0.0198217 0.00201436 -0.0116025 0.0028257 0.0123999 -0.00121203 -0.0107159 0.00132062 0.0133784 0.005646 0.0196945 0.0315993 0.00764925 -0.00172953 8.55555e-05 0.00709273 0.00118163 0.00937604 -0.0153734 0.0146016 0.0260529 0.0348384 0.0096791 0.00911959 -0.00830116 0.0182949 0.000477266 0.0339337 -0.00282502 -0.00218004 -0.0115903 -0.000162754 -0.0111326 0.00260948 0.00227838 0.0176468 0.0111274 -0.00233756 -0.00874527 0.0108722 0.0464379 0.00930824 0.00213094 -0.0156748
internal_weight=6780.63 4034.12 2746.51 123.237 40.2787 82.9586 48.274 177.209 2623.27 2300.27 323.001 269.357 202.602 56.1155 146.486 212.985 99.5305 64.4827 75.8514 2097.67 117.536 1980.13 268.445 93.4549 71.0093 1711.69 158.569 119.832 174.99 87.7177 87.2721 68.0927 1553.12 379.957 289.936 194.171 95.765 168.708 90.0215 70.9629 70.6348 143.627 49.365 94.2624 44.2594 50.0029 91.3557 1173.16 206.574 966.585 176.251 92.1342 790.334 58.1886 271.258 519.076 271.771 48.4283 57.2758 113.454 42.0871 184.382
internal_count=38863 23468 15395 666 221 445 254 983 14729 12867 1862 1556 1128 306 822 1218 563 378 438 11739 834 10905 1496 516 398 9409 878 665 980 487 493 394 8531 2174 1693 967 726 838 481 375 384 706 248 458 217 241 509 6357 1085 5272 975 498 4297 306 1440 2857 1477 272 302 655 259 964
is_linear=0
shrinkage=0.05


Tree=117
num_leaves=63
num_cat=0
split_feature=62 44 60 60 95 94 77 56 86 22 61 18 95 6 31 41 62 29 3 5 43 44 1 29 41 20 29 42 9 45 26 78 4 3 10 3 1 97 1 1 1 5 49 22 46 33 39 5 17 61 17 41 38 77 53 26 78 22 5 26 54 39
split_gain=9.62559 12.8836 12.6083 11.1155 10.2845 11.3274 9.09768 9.06531 8.75058 10.473 7.72243 14.3883 8.00326 15.6637 18.2377 11.5886 10.1543 14.4255 10.0121 10.6693 11.8235 9.76866 11.3613 12.7192 18.0208 23.4841 14.1406 12.0292 11.8242 11.6357 12.1923 12.1409 10.8367 18.1428 9.96528 9.6024 11.8292 9.54308 19.0809 9.05848 20.7252 17.8424 15.211 15.1124 12.3586 10.2932 8.70887 10.1079 8.70217 18.6494 17.1193 15.7768 15.5043 18.5575 22.3657 15.8544 16.2984 15.4985 16.8187 14.4786 15.0262 19.4946
threshold=1.7927847346452002 -0.12456726084713703 39.500000000000007 154.50000000000003 387.50000000000006 58.500000000000007 2.1444554724128064 6.5000000000000009 6.7888888888888896 203.50000000000003 43.493517908152064 0.40936473165388837 333.50000000000006 1.0000000180025095e-35 2.8099027409372241 0.3781577747378021 2.0446143397951846 0.42772561222582256 2.3231996834608286 0.92340286831812268 6.5000000000000009 1.0593557812539447 15.705357142857144 0.58786892992440998 0.88836619381861837 0.15811403508771932 0.48403482935469927 4.5000000000000009 408.50000000000006 0.68692314029155155 0.14018716577540111 1.4198968831057792 0.68499419645016213 1.197087833005148 0.84473762652755446 1.7701176004228332 7.3125000000000009 60.612292238609037 4.8660714285714297 6.3660714285714297 8.3660714285714306 0.61126984126984141 0.73396654956050023 875.50000000000011 -0.050763008543967605 1850.5000000000002 1.8434407936323647 0.77609058952342547 0.2163858338856588 2.0103095508736684 0.28054552688036116 0.53383660390991172 -0.15466327445467218 2.4112908138942717 1.8681018722626626 -0.064739970917799997 -1.3634429339520178 708.50000000000011 0.38799283154121872 0.052780442738869351 1.0115592815271937 1.9674905047613807
decision_type=2 2 2 2 2 2 2 2 2 2 2 2 2 2 2 2 2 2 2 2 2 2 2 2 2 2 2 2 2 2 2 2 2 2 2 2 2 2 2 2 2 2 2 2 2 2 2 2 2 2 2 2 2 2 2 2 2 2 2 2 2 2
left_child=1 2 -1 -3 5 7 -6 8 9 -2 12 -12 15 -14 18 -11 17 -17 19 21 -21 22 23 26 34 -26 28 29 -15 30 -28 -31 -32 -34 -25 39 -37 48 -39 41 -41 -30 44 -43 -42 -46 47 -24 49 -18 51 -50 55 57 59 -51 -57 58 -54 -55 61 -61
right_child=4 3 -4 -5 6 -7 -8 -9 -10 10 11 -13 13 14 -16 16 37 -19 -20 20 -22 -23 46 24 25 -27 27 -29 35 31 32 -33 33 -35 -36 36 -38 38 -40 40 42 43 -44 -45 45 -47 -48 -49 50 52 -52 -53 53 54 -56 56 -58 -59 -60 60 -62 -63
leaf_value=0.0057103208111829529 0.039239877871713347 0.025504178911373576 0.063391029424279266 -0.037287763077520901 -0.0075992910695664362 -0.016973619565081807 0.032454518220616346 -0.022897675745403284 -0.03071156515533921 0.036070093997409944 -0.0076499267342154164 0.050213026576905462 -0.030180310656135485 0.030402357522125063 0.042661550010402352 0.026836583346813825 -0.029956013394872361 -0.027236334617699826 -0.034297911096851479 0.029682948300794106 -0.016428246918368292 0.021255764102202947 -0.03235300804393787 -0.026570473436876879 0.0025948422721434211 -0.053471433591667145 -0.0091084030301794901 -0.023650913922955499 0.034457424434908131 0.060996803897308771 0.052941307909702286 0.013001213167740586 -0.029810658273764046 0.029416666659903126 0.016018952393231735 -0.010103608102397072 0.041959056304091337 0.011703854158763728 -0.041695104267367937 -0.037990356262040531 0.030404118864000646 -0.027539956335194779 -0.045017448051216463 0.019551734507908862 0.019472913187599271 -0.022504008068003747 -0.057741112042349219 0.013212633125428093 -0.030820992962782151 -0.025952732609496144 0.0012014070752550986 0.01405635861479259 -0.029540632702437633 -0.01317369424858153 -0.044077943527454394 -0.025191417700024879 0.0061725482993212144 -8.6578863783805384e-05 0.016872758804942652 0.011434503818788338 0.026501681070501017 -0.047636731608824652
leaf_weight=17.401960188522935 17.079368079081178 13.546545427292587 21.307164531201124 14.407424211502073 20.500952366739511 99.80876494012773 44.363165430724621 42.878320209681988 22.798102259635925 23.048722963780165 21.18967717140913 21.38454607129097 54.378565300256014 20.347840994596481 21.633857343345881 15.031708303838967 57.664087036624551 65.224190678447485 25.851385436952114 47.936537027359009 19.336357913911343 35.542894847691059 31.833484029397368 19.792027238756418 29.341660162433982 50.461651436984539 68.767153564840555 24.186780035495758 27.4741280823946 22.847850039601326 18.671289626508951 31.919249255210161 19.582947721704841 37.390440031886101 44.11949672549963 24.198924943804741 19.563350189477205 30.024205692112446 37.26310957223177 79.144846089184284 29.479506453499198 52.74113404750824 19.295573275536299 24.936843551695347 21.693358592689037 43.764285515993834 15.72045395709574 19.406472962349653 20.425936251878738 111.15559088997543 3323.5407891515642 403.3257706053555 20.631404139101505 165.64836850389838 38.276321835815907 57.183076269924641 149.16247793287039 456.3171589653939 317.87859711796045 42.27970570512116 63.240246964618564 20.686009872704744
leaf_count=102 311 115 121 122 105 599 228 234 115 129 120 134 292 99 118 109 372 645 136 274 107 176 215 111 171 269 391 127 133 110 95 201 120 190 233 123 106 163 181 418 161 248 126 125 108 252 101 135 118 624 18640 2319 96 984 237 351 770 3027 1548 251 374 148
internal_value=0.000116649 0.0190084 0.0376706 -0.006698 -7.05908e-05 -0.000264892 0.0197259 -9.05934e-06 0.000141468 0.000251276 0.000146847 0.0213464 5.13948e-06 -0.00410044 -0.00259455 0.000764921 0.000612495 -0.0170256 -0.0036625 -0.00277277 0.0163502 -0.00432636 -0.00547647 -0.00365795 -0.0169829 -0.0328173 -0.000379193 0.00950579 -0.00648252 0.013567 0.00607278 0.0331899 0.0199335 0.00895482 0.00273091 -0.00869801 0.0130989 0.000880099 -0.0178118 -0.0119133 -0.0183333 -5.31616e-05 -0.00464908 -0.0123522 0.00354174 -0.00850766 -0.0251848 -0.0150061 0.00112107 -0.0020952 0.00240997 0.0118746 -0.000975966 0.00177432 -0.00818225 -0.0107339 -0.0025029 0.00591657 0.0140213 -0.00344397 0.00928726 -0.00793754
internal_weight=6776.03 66.6631 38.7091 27.954 6709.37 6644.51 64.8641 6544.7 6501.82 6479.02 6461.94 42.5742 6419.37 1001.36 946.982 5418.01 5394.96 80.2559 925.348 899.497 67.2729 832.224 796.681 729.72 143.715 79.8033 586.006 223.366 362.64 199.179 144.412 54.7671 75.6447 56.9734 63.9115 342.292 43.7623 5314.7 67.2873 298.53 193.378 105.152 114.233 77.678 94.9372 65.4576 66.9604 51.24 5247.42 1500.12 3747.29 423.752 1442.46 1124.96 330.131 317.501 206.346 794.827 338.51 291.854 126.206 62.9657
internal_count=38863 460 223 237 38403 38070 333 37471 37237 37122 36811 254 36557 5471 5179 31086 30957 754 5061 4925 381 4544 4368 3917 784 440 3133 1234 1899 1107 796 311 405 310 344 1800 229 30203 344 1571 1065 506 647 373 521 360 451 350 29859 8782 21077 2437 8410 6665 1994 1745 1121 4671 1644 1757 773 399
is_linear=0
shrinkage=0.05


Tree=118
num_leaves=63
num_cat=0
split_feature=0 87 40 7 45 96 18 10 25 21 5 9 44 44 40 51 8 78 37 69 37 8 19 14 18 40 77 50 3 77 21 31 30 3 77 97 23 50 31 18 31 5 57 20 7 31 94 25 14 19 95 29 10 30 7 20 35 31 31 77 25 31
split_gain=7.80001 11.9337 9.08222 12.2551 10.6884 10.5205 10.0983 16.241 14.1789 12.7563 11.9143 10.0129 9.5536 13.7278 11.2316 9.45763 9.45164 11.6025 9.3216 9.16557 9.00884 9.0063 8.77183 8.15556 16.6228 11.7691 13.6305 11.8403 14.4132 10.5359 12.2725 13.4808 9.55896 10.0163 16.6498 9.41527 9.31839 9.27971 9.13792 8.69972 9.22458 11.0586 11.8385 10.2669 8.54865 15.73 12.8959 14.0818 12.9481 10.6399 10.4889 10.0273 9.82095 10.967 9.58904 8.35548 8.14799 8.03487 9.87201 12.6922 10.2245 9.22429
threshold=150.00000000000003 0.85727513227513241 1.6781215556605262 0.31612258494337114 2.9256472299085066 13.778859148779864 0.43662842012356579 1.1635134134432186 0.10513157894736842 0.11167800453514741 0.61938296445338714 1761.5000000000002 0.81286220669732301 0.05796169659508979 1.538833549043173 -0.35610377117203834 0.085867895545314918 -0.39259949727131593 1.0000000180025095e-35 7.5000000000000009 1.5000000000000002 0.034602490421455946 0.32630878438331862 0.65450988416796896 0.5946829182123301 2.2860732232591534 2.0518255714160887 1.0078268331570028 1.415312836463692 2.504515621492978 0.47100840336134459 0.56243393234672323 2.0648632884401166 1.3335464620630864 2.3131622597636379 13.471537241743848 0.78856023843596346 0.94194507626235324 1.3784480821846139 0.8512955103864196 2.6629766973960467 0.92172181372549022 -0.020370737480142335 0.55028089887640463 0.28232998885172805 0.31588075247052066 2.5000000000000004 0.1380105002776516 0.33987956577858008 0.29935064935064942 203.50000000000003 0.54585522643724627 0.75758959131764148 1.5852705097466906 0.1502688172043011 0.12208672086720869 1.493986792634725 2.197913967779439 1.8491362632860688 2.6658189793043481 0.30688753745452563 1.439094124693465
decision_type=2 2 2 2 2 2 2 2 2 2 2 2 2 2 2 2 2 2 2 2 2 2 2 2 2 2 2 2 2 2 2 2 2 2 2 2 2 2 2 2 2 2 2 2 2 2 2 2 2 2 2 2 2 2 2 2 2 2 2 2 2 2
left_child=1 -1 3 4 6 -5 8 10 -2 -9 20 12 13 14 16 -16 21 -18 -15 -4 -8 -10 -11 29 25 26 -25 36 -29 30 32 -32 33 44 35 -35 -28 -27 -26 40 41 43 -43 57 46 -46 -21 49 -49 -48 -47 54 -53 -54 -50 -33 -20 58 59 60 -31 -61
right_child=2 -3 19 5 -6 -7 7 9 11 22 -12 -13 -14 18 15 -17 17 -19 56 23 -22 -23 -24 24 38 37 27 28 -30 39 31 55 -34 34 -36 -37 -38 -39 -40 -41 -42 42 -44 -45 45 50 47 48 51 -51 -52 52 53 -55 -56 -57 -58 -59 -60 61 -62 -63
leaf_value=-0.001873715733434191 0.025816391917248258 0.011406228040004986 -0.0063709607533731939 0.01355645522472439 -0.028938223729480395 0.054386518715958503 0.04512492957539161 0.0046385759584666435 -0.019241610429927572 0.056770726401716612 -0.0017011646093319345 0.016894938261171239 0.020665101584109353 -0.0022828542567751155 0.037043673297970474 -0.0016868245835807438 0.0068873866087995686 -0.038894035298121514 -0.017469804999743349 0.04621275075668517 0 0.025644587972227587 0.023491780227276413 -0.035700498756940237 0.041579148191285664 -0.061548647523522793 -0.0064010103027642463 -0.048857143711227798 0.0069727418178980724 -0.037611696830846315 0.045186386291715154 -0.0087327428079313589 0.018253569741196133 -0.013245897874002635 0.014795719587916792 -0.054784386901339722 0.039173490652249898 -0.018492697743189099 0.0026199683249941868 0.022911295393029954 -0.033972778768863496 -0.0046817619864786648 0.051074423467208974 -0.032166713714586154 -0.047589923404990651 0.022042770995500428 -0.0028325274210922917 -0.029390314245915417 0.0046515050793576197 0.040715298402823147 -0.020098200714325467 -0.029435361552737516 -0.01591702646882634 0.029829679144949092 0.03542919803847993 0.01955712300713126 -0.053037763163804236 0.022480797772288241 -0.027402170008982308 0.01534711851508468 -0.0035894827108026413 -0.011769213138442277
leaf_weight=3851.6440906766802 46.682864272966981 176.76246192492545 412.00875952281058 55.844566892832518 23.014826759696007 22.243265183642507 26.939083609730005 46.561255265027285 19.612900692969561 34.633311983197927 192.76518009789288 51.042282437905669 27.945256996899843 31.165982138365507 27.789070174098015 35.696999866515398 20.321565344929695 42.011335447430611 32.364187981933355 20.748479023575783 18.834027864038944 25.552539009600878 48.550748944282532 28.63352483138442 21.242448177188635 18.952406786382198 18.018375124782324 18.133787702769041 31.20657854527235 33.434299968183041 38.856023628264666 36.238717716187239 98.166445851325989 34.485651381313801 32.071188684552908 23.049730941653252 28.78642675280571 38.438132673501968 52.184659320861101 31.75428370013833 24.388155750930309 18.644599914550781 19.009254220873117 31.723676223307848 20.633218884468079 32.555460330098867 20.549094902351499 32.345558177679777 86.245892932638526 42.649599205702543 26.799536354839802 33.822374153882265 28.359081909060478 24.098158434033394 36.031159736216068 90.96039966121316 33.384552141651511 29.387154150754213 41.681872677057981 111.96625270321965 65.870868420228362 43.262767292559147
leaf_count=22485 281 983 2480 307 172 112 145 249 110 175 1116 322 155 186 137 185 117 226 197 112 107 138 252 160 132 115 112 95 176 186 217 192 502 202 164 120 164 214 298 162 120 103 98 174 117 187 125 176 497 227 141 189 164 130 198 484 193 153 225 609 361 232
internal_value=0.000109624 -0.0012895 0.00216817 0.00641372 0.00452479 0.0253055 0.00554591 0.0114956 -1.02962e-05 0.0257319 0.00372365 -0.00350681 -0.00704816 -0.00996429 -0.00140841 0.0152192 -0.0112798 -0.0239013 -0.0249907 0.000213778 0.0266322 0.00604304 0.0374589 0.00206887 -0.00603721 -0.0141443 -0.00546733 0.00351237 -0.0135023 0.00378596 0.00738525 0.0194025 0.00400676 0.00116499 -0.0139384 -0.0300399 0.0215459 -0.0328806 0.0140001 -0.00225629 -0.00417888 -0.00231846 0.0233946 -0.00504779 0.00452293 -0.0100827 0.00813669 0.00550803 0 0.0264946 0.00292969 0.0045628 -0.00844734 0.00502004 0.0137831 0.0114576 -0.0356588 -0.00238117 -0.00487131 -0.00115277 -0.0151208 0.00775482
internal_weight=6768.76 4028.41 2740.35 862.956 784.868 78.0878 761.853 368.284 393.57 129.745 238.538 346.887 295.844 267.899 170.984 63.4861 107.498 62.3329 96.9147 1877.39 45.7731 45.1654 83.1841 1465.39 255.596 182.169 124.779 96.1452 49.3404 1209.79 758.666 166.055 592.611 494.444 89.6066 57.5354 46.8048 57.3905 73.4271 451.123 419.369 394.981 37.6539 357.327 404.838 79.9882 324.849 304.101 240.902 63.1987 59.355 208.557 86.2796 52.4572 122.277 127.199 65.7487 325.603 296.216 254.534 99.3052 155.229
internal_count=38863 23468 15395 4882 4463 419 4291 2044 2247 676 1368 1966 1644 1489 913 322 591 343 576 10513 252 248 427 8033 1466 1036 707 547 271 6567 4144 893 3251 2749 486 322 276 329 430 2423 2261 2141 201 1940 2263 445 1818 1706 1354 352 328 1178 483 294 695 676 390 1766 1613 1388 547 841
is_linear=0
shrinkage=0.05


Tree=119
num_leaves=63
num_cat=0
split_feature=62 44 60 60 95 94 22 56 5 86 22 5 61 38 18 20 62 8 30 18 39 19 5 25 41 38 40 51 85 15 9 77 38 97 5 14 44 41 96 18 53 21 77 38 25 3 34 62 7 20 38 95 3 19 61 49 59 51 44 94 6 22
split_gain=8.56732 11.6248 11.1782 10.1223 9.22321 10.2121 8.34311 8.20722 8.05317 7.91994 9.7589 7.60184 7.27739 17.3981 14.2196 10.4705 9.12176 15.9288 16.1771 14.3087 12.4584 11.7711 11.6797 16.6844 13.8954 13.217 12.318 11.3057 12.9199 10.5118 10.1182 10.0694 9.78723 10.04 14.7218 17.0379 14.3911 13.818 16.036 15.7626 21.6787 18.7237 14.0662 19.5021 16.6825 14.4089 13.8922 13.8454 13.6893 15.6577 15.5106 13.9606 13.4218 12.7237 12.5109 11.5256 13.2328 13.2245 17.217 27.0636 13.5098 13.304
threshold=1.7927847346452002 -0.12456726084713703 39.500000000000007 154.50000000000003 387.50000000000006 58.500000000000007 2389.5000000000005 6.5000000000000009 0.68642083699151313 6.7888888888888896 203.50000000000003 0.78598691384950936 37.059941066997524 0.81621871373515387 0.61416040100250646 0.43364779874213844 3.5196784484664714 0.21066856330014228 1.1389596592649498 0.16807909604519775 1.4524747838616718 0.05917366946778712 0.40991803278688527 0.49656397917944367 0.94641567812539973 0.52485093696763208 1.7096241882252745 0.63277380965954022 1.0000000180025095e-35 0.55263157894736847 714.50000000000011 2.3853589708460707 -1.7538546255506604 6.3354919384133916 0.92747779336138392 0.72522340619545123 -0.94946195686249912 0.68019675240864808 1.9015606801770326 0.78211474993653229 0.68019992382664951 0.36425061425061428 2.0238065075354483 0.40841069849690542 0.1913171639861406 1.0418945931451418 1.1829859135183973 16.544286905754799 0.21076774505070017 0.15227743271221536 0.34436313348122971 259.50000000000006 1.8429217967765503 0.63680926916221037 6.7204777141156349 -1.4156359871643061 16.500000000000004 -0.34201610460488879 0.48690194529481939 6.5000000000000009 0.06472559698366151 562.50000000000011
decision_type=2 2 2 2 2 2 2 2 2 2 2 2 2 2 2 2 2 2 2 2 2 2 2 2 2 2 2 2 2 2 2 2 2 2 2 2 2 2 2 2 2 2 2 2 2 2 2 2 2 2 2 2 2 2 2 2 2 2 2 2 2 2
left_child=1 2 -1 -3 5 7 8 9 -6 10 -2 -9 16 14 15 -14 17 21 20 -20 -19 29 -21 26 31 -26 -24 28 -23 -12 -30 -25 -18 34 35 36 54 38 -35 41 -41 48 -43 44 -44 -46 -45 53 49 50 -40 -51 55 -47 -34 56 -38 60 59 -59 -57 -61
right_child=4 3 -4 -5 6 -7 -8 11 -10 -11 12 -13 13 -15 -16 -17 32 18 19 22 -22 27 23 24 25 -27 -28 -29 30 -31 -32 -33 33 37 -36 -37 52 -39 39 40 -42 42 43 46 45 47 -48 -49 -50 51 -52 -53 -54 -55 -56 57 -58 58 -60 61 -62 -63
leaf_value=0.005397479656770128 0.038535514252339094 0.023753091716818081 0.059592596667101032 -0.036262564117685019 0.0060516168936082379 -0.016153680339170407 -0.0079550944346991666 -0.0017083079186836745 0.049171020464043064 -0.029214449445356006 0.056557988417490428 -0.044217702742330639 -0.023883902089071419 0.056063174325344224 0.036046729927729497 0.016050535473705389 0.031719634997607861 -0.0083624439816776166 0.034674221005301348 0.02363115663094361 0.047640196234913348 -0.021716995013881812 -0.0027187782159976601 0.0027085551445844396 -0.006360974110626561 0.053568727575567104 -0.051382192211181933 0.0074341912955696188 -0.031165442218725393 -0.0048510167102254927 -0.001700375542984161 -0.047219056124382382 -9.7544858879509736e-05 0.035074773964603699 -0.01433051014499692 0.038965650347130024 -0.041264981217852284 -0.0018202673697740182 0.049010739307211428 -0.061183966312895889 9.2565353685411923e-05 -0.021735079498989854 -0.022707730031664902 -0.00073365473493968271 0.062945838352762087 -0.032249471205930649 -0.04148414267689822 0.039329896597525775 0.030577081296335951 -0.0091124709442928827 0.0064451236239946629 0.015708250287574197 -0.017465349239298308 0.025702444561476051 0.042789790963535926 -0.0099789181888474965 0.0017675258587548362 0.036124827758454402 0.016571683109659861 -0.036150213807995026 0.027960434187538925 -0.0039311829378099825
leaf_weight=17.429420858621597 16.48793688043952 13.6870229318738 21.507549896836281 14.154254058375953 19.377098776400089 99.422025851905346 19.978587813675404 22.580790728330612 25.40283140912652 22.812770683318377 12.372658774256708 20.02639864385128 41.222398016601801 19.131549570709467 24.895381201058626 27.002719620242715 25.135011844336987 13.643953450024126 24.774968441575766 27.303194163367152 34.811661789193749 245.01462293788791 21.174944324418902 25.355745069682598 17.214856104925275 19.292470995336771 34.601553332060575 73.553802166134119 33.536667563021183 15.457068270072339 221.51013066060841 16.484739664942026 26.788657627999783 43.073297161608934 89.602464526891708 39.532573685050011 26.444611646234989 3658.5582845453173 40.052757669240236 21.165368992835283 44.425187308341265 78.932228583842516 21.025349870324135 69.208869997411966 20.902522943913937 20.068165190517902 30.036508344113827 32.71380577981472 86.229569006711245 134.70675392448902 46.573171157389879 97.55506544187665 69.458260744810104 17.707810543477535 45.379236996173859 28.774085029959679 53.990639857947826 39.424608249217272 174.69072683900595 36.492786534130573 121.95890421047807 262.82066741213202
leaf_count=102 311 115 121 122 97 599 105 125 131 115 91 109 251 110 146 152 128 138 178 211 240 1940 165 171 118 102 334 436 184 136 1720 118 141 246 487 219 139 19808 209 118 247 428 116 403 106 116 154 167 464 749 243 520 375 106 226 148 270 217 975 174 593 1578
internal_value=0.000103577 0.017911 0.0355372 -0.00659996 -7.34818e-05 -0.000257691 0.018689 -1.47958e-05 0.0306789 0.000128176 0.000232887 -0.0218626 0.000133632 0.0127479 0.00374461 -0.00800477 -8.91347e-05 -0.00495545 0.00607857 -0.000597261 0.0317835 -0.00926906 -0.0060596 -0.012154 0.00267086 0.0252324 -0.0330351 -0.0108167 -0.0135122 0.0223762 -0.0056051 -0.0169089 0.000649344 0.000505301 0.00499311 0.00687016 0.00542857 -0.000514685 0.00541679 0.00372784 -0.0196676 0.00594322 -0.00372775 0.00297092 0.0172432 0.0265036 -0.0131464 0.0155526 0.0128919 0.00808589 0.0262174 0.00129353 0.00352272 -0.00495587 0.0268228 0.00548935 -0.0123518 0.00765912 0.00382251 -0.00274056 0.0206831 -0.00788684
internal_weight=6764.65 66.7782 38.937 27.8413 6697.87 6633.11 64.7585 6533.69 44.7799 6491.08 6468.27 42.6072 6451.78 112.252 93.1205 68.2251 6339.53 836.103 234.658 186.202 48.4556 601.445 161.428 134.124 78.3478 36.5073 55.7765 573.615 500.061 27.8297 255.047 41.8405 5503.43 5478.29 1015.36 925.756 886.223 4462.93 804.376 761.303 65.5906 695.713 290.595 211.663 112.418 91.3923 99.2454 70.4898 405.117 318.888 86.6259 232.262 814.055 37.776 72.1679 744.597 80.4353 664.162 513.429 338.738 150.733 299.313
internal_count=38863 460 223 237 38403 38070 333 37471 228 37237 37122 234 36811 659 549 403 36152 6282 1775 1397 378 4507 1219 1008 509 220 499 4280 3844 227 1904 289 29870 29742 5542 5055 4836 24200 4392 4146 365 3781 1596 1168 611 495 557 389 2185 1721 452 1269 4469 222 367 4094 409 3685 2944 1969 741 1752
is_linear=0
shrinkage=0.05


Tree=120
num_leaves=63
num_cat=0
split_feature=54 54 25 47 96 59 26 46 14 14 55 45 45 54 17 17 15 53 96 3 24 44 75 61 75 46 21 35 97 53 14 14 20 14 20 22 77 77 75 14 18 66 47 17 52 52 47 75 66 50 43 44 26 2 40 96 3 3 38 60 60 3
split_gain=9.34122 13.4605 15.8143 14.9813 21.5878 21.8597 18.8546 15.4968 14.4653 12.661 12.2493 13.2217 11.4763 11.2523 17.5692 16.8192 13.2225 10.0576 10.4268 9.84113 12.8496 14.6246 13.4049 13.5338 14.5104 11.7187 11.2243 11.0226 15.6588 11.4892 11.067 10.7703 9.91246 16.6503 17.4693 19.3996 14.3283 16.3222 13.7626 21.3211 12.5518 13.5558 12.4228 12.6932 11.9691 19.8393 20.9151 16.2053 15.0921 11.0987 10.6389 10.2149 10.0936 9.34066 16.6267 15.0443 17.9584 16.9982 16.8343 16.3626 21.3862 16.5259
threshold=0.75043911489836013 0.71430462574227482 1.4629164408978215 0.97257136952329237 8.8426212590299311 32.500000000000007 0.59944230043368085 0.20914117200206797 0.44798685651697706 0.15528250968117341 0.81786821948687383 -0.53140328385069024 -0.38738110646979318 0.76943712377141926 0.84124800782980758 0.33865031715342092 0.71052631578947378 0.26405847649737907 5.4060952970297036 0.94806638094288853 0.86842105263157909 0.48690194529481939 29.500000000000004 17.298896188348287 9.5000000000000018 -0.19003938659016945 0.17684288905435594 2.2133860342555995 26.636467665437028 0.48531642598127062 0.37124761802995504 0.33867999208391059 0.17875939849624065 0.7219660376684448 0.19069264069264072 477.50000000000006 2.184190514282232 1.8743301621929471 13.500000000000002 0.36722884981121134 0.7372735116479725 13.223214285714286 0.93885698061772882 0.63320883144328011 795.47500000000002 1212.8250000000003 -0.70029831170022427 11.500000000000002 12.526785714285717 0.8720307402673656 5.5000000000000009 0.30483136888782725 0.25061174551386628 6.7410714285714297 1.0916991930119606 4.3845323143379309 0.97781563505583957 0.79324274915356019 1.0171335343065862 292.50000000000006 171.50000000000003 1.3882288545852297
decision_type=2 2 2 2 2 2 2 2 2 2 2 2 2 2 2 2 2 2 2 2 2 2 2 2 2 2 2 2 2 2 2 2 2 2 2 2 2 2 2 2 2 2 2 2 2 2 2 2 2 2 2 2 2 2 2 2 2 2 2 2 2 2
left_child=1 2 17 4 5 12 10 -5 -4 -2 -6 -12 -3 14 15 16 -11 18 -1 20 21 22 23 24 25 26 -19 32 29 31 -31 -29 36 34 -34 -36 37 -21 40 -40 41 -38 43 44 47 48 51 -37 49 -46 52 -47 -39 54 -15 56 57 -56 -57 60 61 -58
right_child=9 3 8 7 6 -7 -8 -9 -10 13 11 -13 -14 53 -16 -17 -18 19 -20 27 -22 -23 -24 -25 -26 -27 -28 28 -30 30 -32 -33 33 -35 35 42 38 50 39 -41 -42 -43 -44 -45 45 46 -48 -49 -50 -51 -52 -53 -54 -55 55 58 59 -59 -60 -61 -62 -63
leaf_value=-0.0011832487534292968 0.036193610606583826 0.042593488159390264 -0.026617988217766592 0.01652428702020876 0.018326329608280928 0.067849147644526944 0.050716970723724525 -0.031184109255599585 0.014758319149108162 -0.020465082931119271 -0.048611160058463013 0.0085663324993173872 -0.0048809307852673385 -0.041204546303649579 0.02622381156287213 -0.040232965781622602 0.034674839798188202 0.0012438148008781758 0.043920940794513884 0.039396801560779349 0.022168151509744188 0.026932499317073436 0.029116300893972533 0.013036187163870597 -0.044250504783245971 0.021368663158811724 -0.033058992924946733 -0.016593004068472205 0.025707337939551236 0.00088294898125484522 -0.027977933420400759 0.026949467268591432 -0.041982768594844816 -0.028050837491664107 0.043831772242076364 -0.023397301131287646 0.07199317444948225 0.030736803889138145 -0.034714092634931568 0.033680689204782621 0.010249754251220964 0.018277411725728023 -0.015098169828057367 0.043056521569432571 -0.0078680922206272215 -0.0071927205452219914 0.024705199696595639 0.021326552926362711 0.069989298541345682 0.032701945359573013 -0.032442479290818844 -0.053455845798497381 -0.019813874421091365 -0.0022793409731909011 -0.0090502491632366653 0.0044408767136137174 -0.040676981123034417 0.028911983487380107 0.025234830829999805 -0.024917348335932756 0.0098417165479349738 -0.00034995754531608197
leaf_weight=22.202928707003593 22.495071424171329 23.889559250324965 86.353293502703309 36.24947490170598 26.707360360771418 37.951638292521238 17.052339114248753 31.827029764652252 27.712394889444113 30.631131650879979 24.311083383858204 16.992413453757763 26.732821568846703 21.306943755596876 20.861005261540413 64.247696006670594 16.717512629926205 37.787856787443161 29.516104370355606 21.616328451782465 34.830070957541466 23.771652340888977 16.377820638939738 30.364667009562254 55.16809294372797 20.180484879761934 63.262569664046168 24.311256736516953 35.712201708927751 51.122621264308691 92.986294876784086 33.619843974709511 17.675312703475356 37.952155644074082 35.607574934139848 61.060820803046227 35.503056151792407 20.821917785331607 18.896427795290947 28.297430092468858 24.071981120854616 18.076034717261791 62.341143421828747 25.556091686710715 24.664063408970833 34.26605437323451 38.823198113590479 30.095309801399708 18.528525788336992 51.774509470909834 30.362129811197519 18.497804254293442 18.512399960309267 3612.846844708547 50.810955420136452 796.33327724039555 49.167009754106402 69.537688862532377 111.00903441570699 116.00648132711649 149.28206932544708 52.976411432027817
leaf_count=114 136 140 423 184 183 190 92 176 147 192 200 85 139 107 114 371 92 249 163 117 183 155 99 197 426 108 398 121 182 248 560 167 100 239 205 278 195 120 97 198 138 117 342 161 146 430 204 137 105 268 167 212 116 21506 282 4006 279 346 562 590 729 282
internal_value=-0.000113673 0.00322507 0.00128595 0.014096 0.0218926 0.0391614 0.00382752 -0.00571996 -0.0165176 -0.00114511 -0.00791285 -0.0250035 0.0174643 -0.0013095 -0.0156913 -0.0235878 -0.000859257 0.00292334 0.0244964 0.00198155 -0.00617605 -0.0102019 -0.0141906 -0.0176576 -0.0229738 -0.0132218 -0.0201935 0.004511 -0.00472908 -0.0101438 -0.0177114 0.00859325 0.00778292 0.00359336 0.00647832 0.00863564 0.0166085 0.00149406 0.0276133 0.00617419 0.0405544 0.054032 0.00518307 0.00937228 0.00624013 0.0135042 -0.00305105 -0.00856968 0.0295091 0.0195529 -0.0102294 -0.0235765 0.0068288 -0.000929422 0.00251017 0.00318429 -0.00389007 0.0128487 0.00699293 -0.00938829 -0.00219633 -0.0198312
internal_weight=6784.22 1599.99 1358.28 241.714 173.637 88.574 85.0632 68.0765 114.066 5184.23 68.0109 41.3035 50.6224 5161.73 132.457 111.596 47.3486 1244.21 51.719 1192.5 281.743 246.913 223.141 206.764 176.399 121.231 101.05 910.752 237.752 202.04 144.109 57.9311 673 456.843 418.89 401.215 216.158 91.3128 124.845 47.1939 77.6511 53.5791 365.608 303.266 277.71 186.554 91.5871 91.1561 94.9671 76.4386 69.6964 52.7639 39.3343 5029.28 1416.43 1395.12 487.781 120.349 907.342 367.432 251.425 102.143
internal_count=39015 9421 8032 1389 1029 469 560 360 570 29594 468 285 279 29458 769 655 284 7462 277 7185 1815 1632 1477 1378 1181 755 647 5370 1278 1096 808 288 4092 2827 2588 2488 1265 520 745 295 450 312 2283 1941 1780 1365 846 415 519 414 403 642 236 28689 7183 7076 2508 628 4568 1880 1290 561
is_linear=0
shrinkage=0.05


Tree=121
num_leaves=63
num_cat=0
split_feature=7 54 29 29 40 21 44 14 10 57 38 30 14 15 42 10 18 31 18 8 1 4 14 88 54 17 17 15 30 17 47 41 21 39 59 23 21 44 38 5 49 41 54 44 30 24 9 9 38 47 57 17 42 29 40 60 49 54 23 39 1 44
split_gain=8.89754 9.39532 17.4513 12.957 15.1601 12.9407 12.6139 13.4021 14.9012 13.4894 22.891 14.3457 13.3499 13.2918 12.5263 14.8328 12.8258 12.0114 12.7745 15.8312 12.268 11.8422 11.1869 10.1595 10.1273 16.1084 16.5001 11.6006 10.1031 16.5325 10.0319 10.021 10.011 17 24.9204 14.2798 17.781 12.4415 21.9814 22.0139 19.3333 12.3739 12.3525 14.1598 10.8435 10.7805 10.6245 11.9246 10.7495 24.0466 10.3463 9.82939 9.50553 9.88139 10.4136 9.15696 10.776 8.97658 8.31947 9.02884 8.23834 15.4804
threshold=0.65301003344481623 0.75043911489836013 0.24980680061823804 0.24980680061823804 1.9375609161793375 0.70074626865671652 0.56746212121213635 0.5478436836518048 1.0001967076920601 -0.098756194287016194 1.0568733153638816 1.9356315605455692 0.5158550599727072 0.50000000000000011 2.5000000000000004 0.96159610098400106 0.26500600240096045 1.2734512359085739 0.43408639523336651 0.11372875092387288 12.098214285714286 1.5489264471202671 0.15528250968117341 1.5000000000000002 0.76943712377141926 0.84124800782980758 0.33865031715342092 0.71052631578947378 1.7397253978284601 0.2163858338856588 -0.99179532670710169 0.78122039268728738 0.45483682983682988 1.5563279267350769 33.500000000000007 1.5368341949519289 0.41719409282700431 -0.70127133910668105 -0.30202253291706255 0.58476052249637167 -0.8712422015670811 0.77445495822284505 0.62522486883263373 -0.5159324462640541 2.714934528044302 0.92105263157894746 605.50000000000011 754.50000000000011 0.26110548950164442 0.56289629088476689 -0.24370988133350677 0.14293010360426092 2.5000000000000004 0.4815834101382489 1.9656847352514035 253.50000000000003 -0.8298233788093804 3.1434744810247537 1.3403415614236511 1.5652720122350889 6.7410714285714297 0.45363623664357261
decision_type=2 2 2 2 2 2 2 2 2 2 2 2 2 2 2 2 2 2 2 2 2 2 2 2 2 2 2 2 2 2 2 2 2 2 2 2 2 2 2 2 2 2 2 2 2 2 2 2 2 2 2 2 2 2 2 2 2 2 2 2 2 2
left_child=1 2 -1 4 -3 6 7 12 9 10 13 17 32 -9 16 -16 -8 18 19 -11 -20 23 -5 -10 25 26 27 -24 29 -14 -17 -18 35 41 -35 36 37 46 -39 40 -40 -34 43 44 -37 -43 -4 -48 52 -50 -44 -7 -49 54 -54 56 -41 60 59 -28 -26 -62
right_child=-2 3 5 22 -6 51 14 8 21 11 -12 -13 28 -15 15 30 31 -19 20 -21 -22 -23 24 -25 57 -27 58 -29 -30 -31 -32 -33 33 34 -36 42 -38 38 39 55 -42 45 50 -45 -46 -47 47 48 49 -51 -52 -53 53 -55 -56 -57 -58 -59 -60 -61 61 -63
leaf_value=-0.032584539608396017 -0.027116550305043646 -0.0051616738056814342 0.033605947595783663 0.034290975686279278 0.046028418813177555 -0.003246803756112999 -0.036989936676235673 -0.047664113009953227 0.0018695777649792317 0.019648687387036883 0.028546455894704281 0.036216358288366612 0.049532524823553525 0.0017371556314627883 0.057150226457698988 -0.0038504665577632005 0.03996081352839366 -0.043867031489384485 0.043145539002398064 -0.035980365734311077 -0.018180953683631578 -0.030972650038650729 -0.018911725610553928 0.0249934970575806 0.002364346528999989 0.02480918123383263 -0.06951545653811117 0.032920114533329999 0.059882498854394388 -0.008187545362682019 0.037705094977214026 -0.0049220688606170654 0.007109513572888887 -0.033131659491438162 0.027923321626966802 0.043520894710734323 -0.044971555304235723 0.025477673342065424 0.028569321918166204 -0.056421026576497627 -0.024628228372832701 0.061601381618658406 0.015616126615440132 -0.025686320870565917 -0.002846302549450965 0.017226072171403189 -0.029358770594101143 -0.030537442472864048 0.059262901429583605 0.0026439792651144402 0.056830040475454757 -0.047375828359319326 0.020255438076463423 0.032545290804466463 -0.025524213575710969 -0.0096359213276321978 -0.0145029595468404 -0.032121079688473782 -0.0090891062450854706 -0.024160647742403649 -0.0043505076694702015 0.0028529893660829927
leaf_weight=32.89437841065228 30.257791489362717 26.498397080227733 35.125015009194613 21.886943327262998 31.283802341669798 34.179696146398783 15.991997325792907 64.280672306194901 175.93479859828949 19.569799894466996 15.604179130867122 20.565889604389668 21.559142481535673 17.014187086373568 33.103929674252868 31.584889406338334 21.575882421806455 20.249423278495669 23.424426941201091 36.103411363437772 12.275280106812714 20.885812729597092 29.987808806821704 65.262320835143328 1367.9313810355961 20.951285492628813 26.62847762927413 16.733071472495794 18.574046541005373 28.711947832256556 26.462286319583654 28.742625676095486 36.898415429517627 33.681989971548319 32.947697252035141 23.499253146350384 22.49034396931529 38.821332760155201 39.482041455805302 43.544883150607347 29.883550375699997 35.455202125012875 37.499793287366629 27.591055329889059 26.649841025471687 23.020691500976682 23.75390999764204 23.781734675168991 27.806067675352097 57.821577794849873 26.221252717077732 20.175190858542919 20.969670347869396 23.409160554409027 29.991464614868164 34.49989840015769 24.3362803068012 23.089429803192616 16.937816344201565 19.600517045706511 2497.9744518361986 1062.3291020058095
leaf_count=164 161 139 189 131 161 207 115 443 1199 172 99 146 126 118 187 186 131 165 164 309 127 158 188 401 6929 114 170 92 110 198 132 184 193 180 164 116 124 197 202 213 177 177 184 143 130 109 112 118 145 301 135 101 108 117 154 174 150 147 87 111 15062 6169
internal_value=-0.000108327 1.24768e-05 0.00338167 -0.00102044 0.0224984 0.00414973 0.00502323 0.00344392 -0.00312096 -0.0124396 -0.0266046 -0.00200601 0.00725206 -0.0372741 0.0184126 0.0304341 0.00179156 -0.00911917 -0.0013244 -0.0163363 0.021927 0.00500703 -0.00128811 0.00815486 -0.00144299 -0.015171 -0.0228548 -0.000210712 0.0283585 0.0165161 0.01504 0.014265 0.00537737 0.0164408 -0.00286907 0.00246303 -0.00167558 0.000471299 -0.00840789 -0.0161068 0.00557672 0.0299721 0.0164073 0.00295016 0.0188247 0.0442764 0.00819714 0.00385851 0.00819274 0.021136 0.0327165 -0.0197751 -0.00305806 0.00569122 -0.00658594 -0.0308378 -0.0415098 -0.00107891 -0.0394975 -0.0504872 -0.000931814 -0.00219969
internal_weight=6776 6745.74 1583.91 5161.83 57.7822 1551.01 1496.66 1339.2 491.17 229.087 96.899 132.188 848.027 81.2949 157.462 91.1511 66.3105 111.622 91.3729 55.6732 35.6997 262.083 5104.05 241.197 5082.16 130.839 109.888 46.7209 68.8451 50.2711 58.0472 50.3185 779.182 162.004 66.6297 617.178 475.717 453.227 210.568 171.747 69.3656 95.3743 141.461 77.7401 50.1491 58.4759 242.659 207.534 183.78 85.6276 63.721 54.3549 98.152 74.3703 50.9611 102.381 67.8812 4951.32 63.1668 46.229 4928.23 3560.3
internal_count=39015 38854 9354 29500 300 9190 8882 7947 3501 1743 660 1083 4446 561 935 505 430 937 772 481 291 1758 29200 1600 29069 762 648 280 434 324 318 315 4012 823 344 3189 2481 2357 1113 916 379 479 708 389 246 286 1244 1055 943 446 319 308 497 379 262 537 363 28307 368 281 28160 21231
is_linear=0
shrinkage=0.05


Tree=122
num_leaves=63
num_cat=0
split_feature=72 59 77 29 44 51 61 30 18 61 9 94 40 24 9 18 26 61 59 23 6 6 53 40 54 1 7 54 41 1 60 77 77 7 53 3 29 45 41 25 43 24 53 20 78 31 19 20 1 22 54 44 49 40 31 31 41 66 26 41 19 29
split_gain=8.33694 10.7767 9.58198 11.8028 8.04466 15.7924 11.8917 13.6305 20.7926 10.1081 7.99498 7.74184 15.4143 14.5013 21.3285 20.0563 14.5989 14.0237 13.907 15.6217 14.9153 14.5513 14.7478 16.1854 14.7384 13.8713 13.5893 13.55 14.9 13.3921 12.6101 12.5069 17.6406 21.4589 14.9834 12.3788 12.1129 17.5259 11.9214 21.4772 16.4132 14.7608 10.8195 10.9701 10.6334 10.6074 10.3376 16.2901 20.5011 21.1057 18.3493 22.2313 15.7889 14.3428 14.136 29.6468 14.1216 14.0427 13.9552 12.8612 21.4763 11.8392
threshold=2.2074082127623749 38.500000000000007 2.5616713439006267 0.63914647275934255 -1.4316211652125277 -0.41910855214641296 4.0505973545726084 2.2066740823136821 0.47391107078039935 7.7158686189157111 1091.5000000000002 22.500000000000004 2.5060579713417876 0.39473684210526322 1853.5000000000002 0.050316455696202543 -0.18909096011899745 24.010032879980159 15.500000000000002 0.6807761393002798 0.022347066167290892 0.03939976345357777 0.69724281920883879 1.7446481178396074 1.0030133545165094 10.241071428571431 0.24341649341649343 0.8054955103374225 1.2337491067271971 9.9553571428571441 289.50000000000006 2.8543407461721562 2.4831883248556457 0.074263314409299827 1.0799778689869339 0.60313259985196821 0.5849737787077941 -0.34256090092291108 0.97210834639729382 0.35348576933429676 4.5000000000000009 0.60526315789473695 0.44684847962619084 0.29051012753188304 -1.1221044606131341 1.2244121983394121 0.42526595744680856 0.34031585874095199 8.9910714285714306 865.50000000000011 0.93339828080214471 0.41451414868107156 1.1853611389474839 1.9014046855254205 0.64892398862013212 1.0008983152308026 0.82870324518285388 7.2767857142857153 0.22455605172403234 0.72198453494809867 0.16720430107526885 0.38334294254871876
decision_type=2 2 2 2 2 2 2 2 2 2 2 2 2 2 2 2 2 2 2 2 2 2 2 2 2 2 2 2 2 2 2 2 2 2 2 2 2 2 2 2 2 2 2 2 2 2 2 2 2 2 2 2 2 2 2 2 2 2 2 2 2 2
left_child=4 2 3 -2 5 6 -1 10 9 -9 -8 12 13 14 15 -6 27 35 19 25 -20 -22 26 36 45 -18 42 29 38 -15 44 32 34 -34 -14 -17 37 -24 40 -40 -29 -42 -23 -44 -26 -25 54 48 57 -50 -51 53 -53 -52 -21 -56 59 61 -58 60 -57 -48
right_child=1 -3 -4 -5 11 -7 7 8 -10 -11 -12 -13 31 16 -16 17 18 -19 20 46 21 22 23 24 30 -27 -28 28 -30 -31 -32 -33 33 -35 -36 -37 -38 -39 39 -41 41 -43 43 -45 -46 -47 47 -49 49 50 51 52 -54 -55 55 56 58 -59 -60 -61 -62 -63
leaf_value=0.026469313302684944 0.025833823882489178 0.027583564778715253 -0.020598526359837759 -0.01463103603607455 0.037056276447760966 0.051094629648337643 0.038282212282670869 -0.050298196426498611 0.016512282406458152 -0.010608193225082854 -0.0032214987352383977 -0.0020078316276944284 -0.031133391965136755 0.052437969014778985 -0.038012704344065271 0.035354199962523071 0.043826266601519656 0.029553438591236377 -0.027791088455292962 -0.035350101458201631 0.055054052947233902 0.028512393474598569 0.045257291648102209 0.035684373170649868 0.087312150635496022 -0.0063260932617679681 -0.043633737788559668 -0.01081764159528131 0.039359087446561032 0.0086560513621882895 0.0080962141800332878 -0.034714558937836308 0.049349300798728145 -0.0066734976250406993 0.0025878596311900773 -0.008555616478441495 -0.02060347698554281 -0.003560167754571813 -0.035883817379331849 0.028731114569772578 0.062557721435748351 0.01058161833644234 0.0092688747262855767 -0.035141502655268726 0.040480024868783396 -0.0074062912917932369 -0.037647578949736506 -0.023621994030143836 0.066265302743671081 -0.017388410675119769 0.021096518835633554 0.07147311691011167 0.010482735611526527 -0.033013820652741568 0.052822794046035265 -0.03237386634075675 -0.028960465532063426 -0.032994668316790488 0.014978675756706448 -0.028832183214885145 0.026445469099012332 0.0051646280171064006
leaf_weight=47.644921105355024 49.638320591300726 61.187172662466764 34.028516778722405 28.009964011609554 31.749544076621532 20.177443958818913 26.480121769011021 30.849985748529434 39.045531842857599 34.263707045465708 20.19934668391943 4108.0127114411443 72.247138857841492 42.854674268513918 42.999928947538137 16.64608620852232 35.973975228145719 28.632011536508799 23.230755224823952 21.259920017793775 19.781376905739307 28.812642611563206 29.074222300201654 23.761342635378242 17.625263288617134 22.022777494043112 18.422108529135585 41.342230882495642 33.565166048705578 30.028054688125849 19.817019864916801 42.816472169011831 27.718731109052896 43.960947807878256 59.985526479780674 368.60034860670567 35.529830979183316 49.235415551811457 39.964499656111002 18.773084327578545 21.988494362682104 36.711871851235628 33.459836594760418 23.52203081920743 42.33982103690505 35.176462940871716 19.778459750115871 113.18106599338353 15.486607179045675 56.324428930878639 25.889324527233839 24.296460587531328 19.229786168783903 23.009098712354898 31.357271209359169 25.163417272269726 20.033672850579023 61.371347911655903 171.77886397950351 56.597970440983772 40.064532518386841 85.526605265215039
leaf_count=245 344 371 185 171 199 100 125 153 211 170 107 23728 417 212 427 113 190 164 136 133 99 156 167 141 92 133 109 250 178 219 107 237 147 256 336 2242 217 256 223 98 121 199 184 134 220 198 94 671 72 432 167 125 104 155 188 143 119 313 879 304 191 438
internal_value=-0.000103555 0.0107316 0.00143729 0.0111726 -0.000388458 0.00903777 0.0047136 -0.00213816 -0.012228 -0.0295377 0.0202472 -0.000712608 0.00163046 0.00307215 -0.00442251 -0.00116228 0.00546383 -0.00411443 0.00322708 -0.000320416 0.0109429 0.0133526 0.0110116 0.017544 0.0290092 0.024718 -0.0047727 0.0161343 0.00913317 0.0345047 0.043024 -0.0101607 -0.004966 0.0149596 -0.015808 -0.00663666 0.00351595 0.0145353 0.00269137 -0.0151336 0.0132114 0.0302096 0.00355456 -0.00900552 0.0544509 0.00991245 -0.00212142 -0.00725336 -0.00163429 0.0108826 0.00504238 0.01877 0.0447281 -0.00427841 0.00408781 0.00654215 0.00188375 -0.013997 0.0103507 -0.0114039 0.00366299 -0.00285704
internal_weight=6768.26 172.864 111.677 77.6483 6595.39 218.661 198.484 150.839 104.159 65.1137 46.6795 6376.73 2268.72 2021.99 488.628 445.628 1533.36 413.878 1268.13 868.346 399.788 376.557 356.776 252.559 138.72 57.9968 104.217 265.228 192.345 72.8827 79.7821 246.729 203.912 71.6797 132.233 385.246 113.839 78.3096 158.78 58.7376 100.043 58.7004 85.7945 56.9819 59.9651 58.9378 810.349 444.093 330.912 164.236 148.749 92.4247 43.5262 48.8984 366.256 344.996 313.638 166.676 191.813 121.826 65.2279 105.305
internal_count=39015 1071 700 515 37944 1111 1011 766 534 323 232 36833 13105 11712 3145 2718 8567 2519 7067 4851 2216 2080 1981 1398 758 323 583 1500 1069 431 419 1393 1156 403 753 2355 640 423 891 321 570 320 474 318 312 339 4528 2571 1900 1055 983 551 229 322 1957 1824 1636 845 998 638 334 532
is_linear=0
shrinkage=0.05


Tree=123
num_leaves=63
num_cat=0
split_feature=7 54 29 29 40 54 29 33 77 53 33 4 20 60 52 1 4 69 97 20 54 50 30 1 22 29 6 20 18 61 97 29 26 77 49 38 77 1 95 61 18 40 18 51 5 48 5 60 59 78 47 47 61 29 24 50 3 52 57 75 40 61
split_gain=8.14288 8.48123 15.5188 11.6966 13.7491 10.6408 13.4477 19.9239 12.8029 23.8548 12.3274 11.0955 9.30192 11.4387 11.616 12.0636 12.3456 11.1479 10.2943 9.7735 9.26033 12.5818 22.6913 9.30429 11.9119 9.25202 14.1859 10.8093 14.9012 11.714 10.459 10.0917 13.9407 11.4055 20.9273 17.0026 15.9983 15.2259 14.799 14.8055 27.3241 12.6658 12.8162 12.0541 11.8581 13.1735 11.4595 10.0133 9.60362 9.3883 9.22929 11.7533 9.10466 8.8016 9.64111 12.0429 9.50738 8.51712 8.37392 11.8078 8.32464 8.07781
threshold=0.65301003344481623 0.75043911489836013 0.24980680061823804 0.24980680061823804 1.9375609161793375 0.71430462574227482 0.55095175719740264 2672.5000000000005 2.1444554724128064 0.58291631491883666 1644.5000000000002 1.9749960931395532 0.77032967032967048 378.50000000000006 560.25000000000011 5.9196428571428585 1.0398938992042444 22.500000000000004 14.882294670672268 0.36319073083778969 0.76943712377141926 1.1375217479607158 2.1340748457735841 6.5803571428571432 991.50000000000011 0.52783204801898786 0.97789987789987798 0.081696829675266341 0.39602987421383656 3.5451631701631707 2.9762550072907241 0.50366035349475347 0.26097091314482623 2.2134331266960476 -1.8076929201511953 1.0984979023074619 2.1676263637561886 9.5803571428571441 228.50000000000003 9.870325203252035 0.26250347318699646 1.4507154213036568 0.22259759759759762 0.2173420381428022 0.86855396065922397 -0.21058949964772553 0.80565547561950457 161.50000000000003 27.500000000000004 0.91576515231650524 1.1819120121878155 -0.24517437669334549 13.533241116970695 0.37902412234296468 0.65789473684210542 0.99894923837154315 1.2385337182924314 1122.7250000000001 -0.16096512359926871 12.500000000000002 1.9847422280420972 3.9458816351433805
decision_type=2 2 2 2 2 2 2 2 2 2 2 2 2 2 2 2 2 2 2 2 2 2 2 2 2 2 2 2 2 2 2 2 2 2 2 2 2 2 2 2 2 2 2 2 2 2 2 2 2 2 2 2 2 2 2 2 2 2 2 2 2 2
left_child=1 2 -1 4 -3 11 8 10 9 -7 -8 12 13 14 15 19 -17 25 -15 58 21 23 -23 -5 -25 27 30 28 -16 -30 -27 33 57 36 -35 38 37 41 39 40 -36 -29 -43 44 45 -39 60 -44 -47 -42 51 -31 -41 -10 55 -55 -56 -33 59 -4 -40 -32
right_child=-2 3 5 20 -6 6 7 -9 53 -11 -12 -13 -14 18 17 16 -18 -19 -20 -21 -22 22 -24 24 -26 26 -28 31 29 50 61 32 -34 34 35 -37 -38 43 46 52 49 42 47 -45 -46 48 -48 -49 -50 -51 -52 -53 -54 54 56 -57 -58 -59 -60 -61 -62 -63
leaf_value=-0.030677484369203079 -0.026047495360015022 -0.0049323236377550525 -0.02571702312430137 0.00069914206680513178 0.043870109604126815 -0.017629386661434831 0.037717925021179002 0.071935621695553773 0.02772240285959723 0.046718790776063696 -0.01677470110016686 -0.020311467309874723 -0.032875995550730612 0.056542825700146161 -0.050196527598572432 0.044583463430386112 -0.00040200108718857513 0.036452720754645826 0.0056189889057151237 -0.01857797561581501 -0.00087173737285788653 0.048586192460979873 -0.023431746230993838 -0.061314051420691698 -0.016779649026928387 -0.030566163556290899 -0.039052171972146582 0.027872755300945986 -0.027558408988423207 -0.013135247030808062 0.024770179041837204 0.028120249837838403 0.062114203205821727 0.045411540124010781 0.012032385243620377 -0.045195544753461929 0.044869936457997653 -0.013259141522171849 -0.023190687777681296 0.036669543753767894 -0.060710835035412837 -0.046050769483218429 -0.030095618511443364 -0.014344728510389869 0.060188024835638114 0.009745947650083471 0.041681518131368986 0.012251078662839374 0.053186976782319852 -0.018071975427280115 -0.021504032195141316 0.032780780514192587 -0.011308610220208409 -0.015548046936334584 -0.052027771232026059 0.041564161801944666 -0.0079796296242568409 -0.011284711725051702 0.037996555859167891 0.024047775039670611 0.019540186112046359 -0.0034973969590429235
leaf_weight=32.917159648612142 29.998695615679026 26.456369306892157 21.25941651687026 24.176421124488115 31.174092406406999 21.883005075156689 22.636345846578479 21.905182790011168 18.190677430480719 41.295688927173615 18.867254354059696 52.450747389346361 17.558968424797058 18.979507051408291 19.329003700986505 48.757169935852289 21.851718947291374 21.263260142877698 21.239222586154938 33.05614336207509 4963.6521812081337 18.949038773775101 25.514301102608442 26.209069468080997 36.225053684785962 31.629850344732404 31.734862761572003 20.142085582017899 33.833966888487339 20.944307167083025 28.81211844086647 31.327495545148849 17.596664370968938 19.489387400448322 32.154444023966789 27.542318599298596 30.51321398280561 24.159526530653238 20.980195354670286 19.162643913179636 36.504759654402733 25.046148356050253 22.053811851888895 22.321636313572526 20.325151326134801 26.158946231007576 25.533156000077724 37.508257072418928 25.410840839147568 20.721487928181887 20.533179797232151 40.583316184580326 20.0240130238235 21.039809243753552 19.133950794115663 16.202936708927155 34.810020856559277 24.030978797003627 24.35743422806263 26.830765683203936 24.714147573336959 200.64935846067965
leaf_count=164 161 139 111 125 161 118 127 142 99 242 121 282 95 116 112 267 121 122 113 180 28433 97 142 151 252 424 238 106 182 132 152 151 104 97 178 174 161 192 121 104 206 131 112 185 123 138 141 191 127 120 98 187 146 149 102 82 185 222 140 153 127 1241
internal_value=-9.86441e-05 1.66588e-05 0.00322455 -0.000964862 0.0214101 0.00395201 0.0137271 0.0334183 0.00644714 0.0243591 0.012845 0.00218528 0.0031298 0.00364669 0.00276088 0.014619 0.03061 0.000712821 0.029855 0.0038507 -0.00121936 -0.0143347 0.00718825 -0.0254371 -0.0356227 -4.45808e-05 -0.00752416 0.0030397 -0.00965775 -0.00281611 -0.00365939 0.00604388 0.0234159 0.00349732 -0.00413889 -0.00842689 0.0109468 0.00626732 -0.00331313 -0.0134589 -0.0247036 -0.00758021 -0.0161022 0.0185592 0.0262645 0.0170264 0.0149232 -0.00336882 0.0313096 -0.0454171 0.0073455 0.0170737 0.0120595 -0.0038663 -0.0102461 0.00921023 -0.0237634 0.010935 0.0141648 0.00193659 0 3.94585e-05
internal_weight=6760.31 6730.31 1577.96 5152.36 57.6305 1545.04 235.965 63.4088 172.556 63.1787 41.5036 1309.08 1256.62 1239.07 1198.85 176.113 70.6089 1022.73 40.2187 105.504 5094.73 131.074 44.4633 86.6105 62.4341 1001.47 292.826 708.645 135.224 115.895 261.091 573.421 72.9551 500.466 246.827 227.337 253.64 223.126 199.795 128.567 89.3807 104.75 84.6082 118.376 96.0545 75.7293 71.2275 59.5621 51.5698 57.2262 82.0608 61.5276 39.1867 109.377 91.1867 37.2427 53.944 55.3585 72.4476 48.0902 45.6943 229.461
internal_count=39015 38854 9354 29500 300 9190 1367 390 977 360 248 7823 7541 7446 7217 972 388 6245 229 584 29200 767 239 528 403 6123 2055 4068 711 599 1817 3357 477 2880 1414 1317 1466 1305 1143 754 504 540 434 765 580 457 389 303 265 326 417 319 250 617 518 231 287 373 404 264 248 1393
is_linear=0
shrinkage=0.05


Tree=124
num_leaves=63
num_cat=0
split_feature=88 21 34 34 4 50 95 4 52 6 14 61 66 33 97 75 49 29 43 29 30 94 55 44 17 75 17 75 30 4 75 46 32 4 66 19 42 75 59 53 55 30 54 46 52 21 59 44 19 33 52 38 33 26 51 19 21 5 14 53 14 35
split_gain=8.11122 12.4182 8.87239 15.6741 14.0368 18.9496 16.7672 13.741 13.0602 13.3212 12.908 13.5929 12.1364 18.9896 18.8088 12.439 11.256 14.6827 13.0997 12.508 13.9055 19.6717 14.0662 16.4629 13.2657 12.6202 10.8988 12.3851 14.0774 12.6297 15.5818 18.8639 15.0985 13.5406 17.9911 16.3703 14.134 13.0244 16.1479 12.8414 12.6988 19.4025 17.1305 13.9243 13.8284 12.6512 12.4813 12.4427 22.5956 12.917 13.0801 12.8791 17.2457 13.6261 12.7882 19.0204 14.4649 17.1885 16.8454 13.3854 12.434 13.5203
threshold=2.5000000000000004 0.70473174366617009 1.0894546200664712 1.0760364733343015 0.71541551125977698 0.75703938632325263 169.50000000000003 0.60484494573767444 935.77500000000009 0.21471257825839501 0.67684177700296078 2.5389038770659718 12.866071428571431 1995.5000000000002 9.8204003678291034 10.500000000000002 -1.693778499364649 0.27068692974265735 5.5000000000000009 0.35062723791697387 1.9060219402221914 53.500000000000007 0.88034830996330538 0.17240607008545158 1.2381558952355414 1.5000000000000002 1.0652576701299663 31.500000000000004 1.4770281819211484 0.55352990033222604 9.5000000000000018 -0.14432294460002404 0.60081300813008143 0.77806995575590632 5.2589285714285721 0.18245838668373884 4.5000000000000009 17.500000000000004 32.500000000000007 0.85598678364166758 1.1588632944532367 1.9697522093224749 1.711675830287801 0.37123512785118545 1039.6250000000002 0.32875939849624064 17.500000000000004 -0.90106479300066888 0.60922587486744451 3106.5000000000005 1861.2500000000002 0.090693159055047629 979.50000000000011 0.032672512390392684 0.40288493431567912 0.69274475524475532 0.54592314901593253 0.5300120048019209 0.63230942936974721 0.78188637200795585 0.27671905717007439 1.454647028948705
decision_type=2 2 2 2 2 2 2 2 2 2 2 2 2 2 2 2 2 2 2 2 2 2 2 2 2 2 2 2 2 2 2 2 2 2 2 2 2 2 2 2 2 2 2 2 2 2 2 2 2 2 2 2 2 2 2 2 2 2 2 2 2 2
left_child=2 -2 3 16 5 6 -4 12 9 -5 11 -9 13 14 -7 -16 18 -18 -1 20 21 22 23 -19 25 -21 27 28 47 30 31 -30 -32 34 -31 -36 37 40 -39 -40 42 43 -35 44 -42 -44 -38 48 -27 50 51 52 53 -49 56 -56 58 -58 60 -59 -53 -62
right_child=1 -3 4 8 -6 7 -8 10 -10 -11 -12 -13 -14 -15 15 -17 17 19 -20 24 -22 -23 -24 -25 -26 26 -28 -29 29 33 32 -33 -34 36 35 -37 46 38 39 -41 41 -43 45 -45 -46 -47 -48 49 -50 -51 -52 54 -54 -55 55 -57 57 59 -60 -61 61 -63
leaf_value=-0.035250307041679883 0.0079645970225901887 -0.03369012870142498 -0.063071957580990157 -0.038195866451508999 -0.00033747926434364101 -0.021596623337090996 0.0061989760193620824 -0.0066393563600529188 -0.048787356018133735 0.0089227812606271547 -0.019479010991310889 0.029352539673115075 0.020330067235083141 -0.014089869535988939 0.037672789927283484 0.0030685710470327024 0.028116819330224481 0.036115995322458141 0.0097308490819948846 -0.041320633273176123 -0.032505794705017008 -0.054093799537563075 -0.015960955297685115 -0.020289545159317909 0.033425507863163312 0.043426396236746434 -0.025775181962870611 -0.012685901693784874 0.0028423409234778268 0.035050426203110233 -0.024260825759557333 0.053466857848201689 0.033400027826155164 2.5139083490238497e-05 0.024144009859119839 -0.018993935400410278 0.056320609119669511 0.033885229703282352 0.02521828642969641 -0.021128938741054561 0.026002681935720102 -0.051083498977200971 0.0037380164968545803 -0.039666954742806473 -0.024089767864188569 0.054342167541533572 0.013756855509969102 -0.0090134896121581518 -0.0088698043204721039 -0.022443538053442399 0.032982551620552795 0.034798056288821155 -0.02052886797304667 0.045302218524663422 -0.038951227007546094 -0.0011647019586793748 -0.012543971605002261 0.06578991200231589 0.018607488617158729 0.018371539665461532 -0.0044858297357658877 -0.049838430045952474
leaf_weight=50.958611477166414 445.29372739419341 18.504394691437483 17.003359369933605 24.28657428920269 2527.7648332230747 31.508256088942289 17.581602619960904 30.725092619657516 31.472174858674407 38.61786251142621 18.630776040256023 169.85028681159019 88.444788988679647 137.46039312332869 58.621180694550276 47.197761818766594 41.594448059797287 43.327668350189924 23.42306661605835 19.399876575917006 66.598082475364208 17.184736054390669 51.91789118014276 18.224873572587967 27.781870499253273 38.734876915812492 43.38088863901794 194.18841574341059 30.828564830124378 21.170857910066843 30.421207372099161 46.401676779612899 17.956747949123383 415.4335463475436 25.116276700049639 168.20230004750192 21.801655821502209 68.856598805636168 25.870596328750253 35.068950906395912 40.007551070302725 28.366929180920124 23.286892436444759 19.495699904859066 20.812424790114164 26.792827259749174 83.99493670091033 28.196127187460661 43.802138393744826 91.737903393805027 24.670884996652603 19.231240443885326 194.61609240062535 19.297592625021935 50.975379411131144 96.557537939399481 29.685755107551813 21.304372545331717 92.716393390670419 50.865256745368242 483.73176283575594 16.944249209016562
leaf_count=330 2435 99 121 114 13935 159 98 173 261 194 111 937 538 786 281 228 220 240 113 106 352 100 313 118 152 194 277 1215 178 115 200 258 101 2535 129 1020 117 444 170 231 200 174 135 120 162 146 455 144 238 873 215 107 1201 112 285 555 177 110 588 312 2902 106
internal_value=-9.45525e-05 0.00628499 -0.000565833 -0.00244405 0.00131112 0.00807202 -0.0277969 0.0102149 -0.0225063 -0.0092215 0.0201041 0.0238137 0.00422921 -0.000940429 0.0121861 0.0223032 -0.00182109 -0.00133885 -0.0210244 -0.00175894 -0.0139177 -0.00438699 0.00313792 0.0193282 -0.000880597 -0.00123537 -0.000942949 -0.000533156 0.000427358 0.00446115 0.0194246 0.0333532 -0.0027306 0.00261957 -0.00853886 -0.0133539 0.00558197 0.00301151 0.0173097 -0.00136221 -0.000214319 -0.0156033 0.00337035 -0.00296178 0.00876771 0.0309654 0.0226201 -0.00312848 0.0156353 -0.00440263 -0.00293014 -0.00374003 -0.0139284 0.0129998 -0.000871385 -0.0142721 0.00189034 0.0193307 -0.00100384 0.0325102 -0.0045137 -0.00604032
internal_weight=6753.9 463.798 6290.1 3145.31 3144.79 617.023 34.585 582.439 94.3766 62.9044 219.206 200.575 363.232 274.788 137.327 105.819 3050.93 2976.55 74.3817 2934.96 197.253 130.655 113.47 61.5525 2737.7 2709.92 2690.52 2647.14 2452.95 1149.89 125.608 77.2302 48.378 1024.28 214.489 193.319 809.789 703.992 129.796 60.9395 574.196 108.683 465.513 80.3157 60.82 50.0797 105.797 1303.07 82.537 1220.53 1128.79 1104.12 242.11 47.4937 862.012 147.533 714.479 101.855 612.624 72.1696 519.907 500.676
internal_count=39015 2534 36481 19114 17367 3432 219 3213 569 308 1221 1110 1992 1454 668 509 18545 18102 443 17882 1123 771 671 358 16759 16607 16501 16224 15009 6890 737 436 301 6153 1264 1149 4889 4317 845 401 3472 656 2816 482 362 281 572 8119 432 7687 6814 6599 1457 256 5142 840 4302 599 3703 422 3115 3008
is_linear=0
shrinkage=0.05


Tree=125
num_leaves=63
num_cat=0
split_feature=0 7 72 72 77 23 33 22 46 44 50 50 47 17 46 60 39 62 33 46 60 9 56 77 24 3 21 25 34 17 41 49 21 41 9 96 44 8 61 53 3 78 51 30 50 16 2 5 47 34 8 34 53 21 23 21 43 77 25 22 33 59
split_gain=9.37746 8.63558 8.33591 8.2153 9.20102 7.38105 7.30017 17.7665 10.925 14.6459 12.9565 13.0558 12.9124 17.0354 12.0285 11.9342 11.0269 10.9581 11.0619 9.94691 9.59821 9.5319 11.7698 11.1654 10.2503 10.0825 10.9896 12.8348 15.8397 17.8434 12.5331 11.2301 14.1359 16.2494 13.6383 15.0782 14.7758 14.6492 13.0383 12.2407 11.841 10.4822 10.1433 10.0606 11.1503 10.5511 9.56009 9.44986 9.39965 13.4171 15.4673 16.4996 14.5596 13.3368 16.0963 17.2668 22.3167 13.2626 13.2223 18.3966 17.8897 13.1906
threshold=1.0000000180025095e-35 0.15170694284618338 -2.9361615154536986 2.0892394822006151 3.1484223560815523 0.80449160942648146 2408.5000000000005 962.50000000000011 -0.076451305452781906 0.81286220669732301 0.79277585129595629 0.66282531120763677 -1.5436620889511239 0.57045164286543615 -0.097811865702995618 348.50000000000006 2.4687530509831492 8.086928149471083 917.50000000000011 -0.088303157398916157 152.50000000000003 474.50000000000006 1.0000000180025095e-35 2.1014261026447905 0.65789473684210542 0.69675752182024842 0.025158227848101272 0.14115275142314992 0.82294036597505771 0.30292106355552645 0.88234934979633883 0.83008308548011056 0.21322404371584702 0.91881613136154572 669.50000000000011 10.591532323725778 -0.13091256072161678 0.32363520947947527 4.2345854209505065 1.255843800333581 1.0688017968072556 -1.0169414141413811 0.300765482038096 1.9830447568111447 1.0599818146330728 0.7762356645635472 10.133928571428573 0.71946220691916718 -0.43051957370236449 0.71216130821493773 0.38315602836879442 1.0304107959856639 1.8000357653791133 0.56306818181818186 0.83600395831018848 0.2215007215007215 3.5000000000000004 2.305764521819754 0.075760995959982994 1924.5000000000002 3086.5000000000005 55.500000000000007
decision_type=2 2 2 2 2 2 2 2 2 2 2 2 2 2 2 2 2 2 2 2 2 2 2 2 2 2 2 2 2 2 2 2 2 2 2 2 2 2 2 2 2 2 2 2 2 2 2 2 2 2 2 2 2 2 2 2 2 2 2 2 2 2
left_child=1 -1 -2 6 5 -5 8 -8 9 14 11 -10 -11 -14 15 16 21 -13 -19 -16 -20 22 -4 -24 -25 42 30 28 29 47 -27 32 33 40 35 -33 39 38 -38 -36 -29 46 -23 44 45 -40 -30 -28 53 -50 51 52 -51 54 55 56 -9 -58 -57 60 -60 -56
right_child=2 -3 3 4 -6 -7 7 48 10 12 -12 17 13 -15 19 -17 -18 18 20 -21 -22 25 23 24 -26 26 27 31 41 -31 -32 34 -34 -35 36 -37 37 -39 43 -41 -42 -43 -44 -45 -46 -47 -48 -49 49 50 -52 -53 -54 -55 61 58 57 -59 59 -61 -62 -63
leaf_value=-0.0062349751034090134 0.016691957634514722 0.0017066626563423211 0.033217786822364065 0.034425967765165412 -0.024150072444909531 0.009001660337108558 -0.0380189819414887 -0.06107030949060846 0.024548334855525877 0.00087151304561074107 0.00051942006749493535 -0.039761661274486021 0.046061402292111635 -0.0050222642297282254 0.047928448835300064 -0.012460771993472695 -0.029283725656118739 0.024499455094278651 0.013402619961058189 0.0046692046996562432 -0.030199721118208248 0.0068227615174056887 -0.01803216504334253 0.042363507758360293 0 -0.0035758932621766668 -0.010345556067251101 0.028229722655249791 -0.0084459762543136162 -0.043657523367888224 0.042701983302608659 -0.0090264438104532864 -0.00485152356870418 0.035716906725383288 -0.052145922677259399 -0.054924422237073722 0.035603609451983979 0.043164506929191396 -0.033252524533835766 0.0017666225781772867 -0.020036102741509215 0.041294423776033207 0.050988792486902468 0.017504930332392955 -0.053032071060201191 0.0078480704736497101 0.037720914771535441 0.040463539996485609 0.034046227383287019 -0.016290939652764649 0.037066275513506927 0.0026585103106919012 0.031430280822479582 -0.031195780779842083 -0.01195204891869741 0.067453671414994351 -0.020458607111276571 0.026745705002531907 0.034350044909265694 0.056208834918859335 -0.021758207328208115 0.02150602334638195
leaf_weight=988.92545953206718 83.073458518832922 522.13391915336251 61.936126442626119 36.975973006337881 16.58989268168807 129.07606858760118 33.897825725376606 16.035753833130002 18.271534565836191 51.211109351366758 1652.7085988782346 46.875439025461674 62.524971831589937 21.818319199606776 27.001966416835785 121.20278947241604 24.011282484978437 18.458607641980052 16.692918352782726 26.670017503201962 49.41667277738452 35.370705217123032 33.347725743427873 24.896092688664794 32.979742461815476 25.964278250932693 19.32797421887517 19.876911200582981 30.661834441125393 21.828701371327043 32.833845436573029 40.319757588207722 216.77287962473929 56.909875854849815 25.35381231084466 32.599269114434719 18.615385629236698 19.853600330650806 25.656463976949453 17.646409571170807 34.74272133409977 48.781777516007423 20.78930339217186 25.881692431867123 17.847402445971966 39.265650190412998 17.45774032920599 17.04030242189765 30.287123993039131 207.95712099224329 27.839209381490946 820.02529810741544 17.15645994618535 49.689117161557078 391.92825944907963 14.268741546198724 27.214486867189407 32.480797365307808 23.743063986301422 20.135151559486985 35.033593395724893 31.66212185844779
leaf_count=5776 523 3067 341 232 88 779 221 154 102 299 8495 253 304 106 130 652 141 106 101 130 295 209 186 163 189 139 134 111 172 146 162 199 1132 284 154 154 87 106 177 95 176 232 122 125 89 244 104 92 187 1560 142 4561 101 421 3018 109 224 230 164 125 307 223
internal_value=-2.0042e-05 -0.00348757 0.000987347 0.000730908 0.011142 0.0147105 0.000344035 -0.00221499 0.00179052 0.00519373 -0.000753928 -0.0148348 0.0207825 0.0327973 0.00344661 0.0023698 0.0041064 -0.0203618 -0.00951532 0.0265742 -0.0191108 0.00490437 0.0164006 0.00490397 0.0182142 0.00285283 0.00141627 -0.000217748 0.0125725 -0.00797277 0.0222102 -0.00358242 0.00257271 0.0170389 -0.0112818 -0.0296612 -0.0041943 0.00331557 -0.00289062 -0.0299525 -0.00236057 0.0249587 0.0233226 -0.00955854 -0.0180924 -0.00834367 0.00824313 0.0133695 -0.00151465 0.001281 0.000348384 -0.000628334 -0.0126194 -0.00632474 -0.00422563 0.0088062 -0.00887282 0.00514388 0.0232223 0.0150859 0.000841867 -0.00943487
internal_weight=6707.55 1511.06 5196.49 5113.42 182.642 166.052 4930.78 1779.35 3151.42 1349 1802.42 149.715 135.554 84.3433 1213.44 1159.77 1038.57 131.444 84.5682 53.672 66.1096 1014.56 153.16 91.2236 57.8758 861.398 805.238 746.44 155.098 58.197 58.7981 591.342 328.302 111.53 263.039 72.919 190.12 147.12 127.267 43.0002 54.6196 96.9014 56.16 108.651 82.7695 64.9221 48.1196 36.3683 1745.46 1103.27 1072.98 1045.14 225.114 642.191 592.502 168.912 75.731 59.6953 93.1806 78.9118 58.7767 423.59
internal_count=38850 8843 30007 29484 1099 1011 28385 11747 16638 7286 9352 857 709 410 6577 6317 5665 755 502 260 396 5524 879 538 352 4645 4314 4013 880 372 301 3133 1703 571 1430 353 1077 828 722 249 287 508 331 635 510 421 276 226 11526 6551 6364 6222 1661 4975 4554 1313 608 454 705 596 471 3241
is_linear=0
shrinkage=0.05


Tree=126
num_leaves=63
num_cat=0
split_feature=91 7 31 22 61 94 40 50 31 38 4 22 75 72 45 41 29 29 53 29 34 3 25 44 35 25 41 94 46 39 66 14 53 60 9 10 40 31 30 4 4 46 31 45 41 14 1 4 40 40 40 18 44 4 21 62 97 46 3 19 5 3
split_gain=8.46793 7.80613 7.75553 13.6228 12.2011 12.8269 10.7265 8.13156 13.6781 13.4211 8.95221 14.0961 11.2137 9.43285 8.74414 10.8931 7.8051 7.63329 11.092 10.9039 11.647 23.4937 13.48 12.8981 12.1662 10.2473 10.0848 9.91567 15.4364 12.287 9.74548 11.3822 14.695 10.5481 12.6982 10.6774 11.2978 9.09433 13.2504 13.0609 15.1964 12.4806 15.5887 14.9347 12.4046 12.144 10.7514 11.1604 11.6583 12.7993 12.5588 17.011 10.3838 10.0918 12.7135 12.1335 17.4793 15.0866 11.6893 11.5835 11.1425 10.8623
threshold=1.0000000180025095e-35 0.15170694284618338 -0.056114252666752337 589.50000000000011 3.9458816351433805 35.500000000000007 2.0010178117048349 2.6207460548193517 3.3671992583705972 -0.22466403600519791 2.1849654045742848 2627.5000000000005 8.5000000000000018 -3.4815288034856349 3.2496791696153831 1.0675455648075929 0.50942709613966086 0.27855097472833906 0.91170209948653069 0.35062723791697387 1.1573453263817974 1.1314460393407766 1.0245408009635655 -0.067311901606609506 1.1779634034423989 1.3949629227708449 1.0460347861734907 30.500000000000004 0.15595266562822116 1.4706847939438419 5.3125000000000009 0.40332283472329017 2.760579266149191 367.50000000000006 563.50000000000011 0.71571074551734226 1.538833549043173 1.1966693750039368 2.714934528044302 1.4614802746421509 1.3065366759517181 -0.25636453793717734 2.0907878787878791 -1.2377951256663209 0.97926298285891267 0.22629821049191048 5.2946428571428585 1.2693304105221206 1.3189177101967802 1.0519349860321556 1.4250748502994015 0.100561797752809 -0.8443375766148794 0.96298512097768618 0.24544852697782193 6.2728876080691647 3.8948749827324218 0.10622683581494467 1.3709157250470811 0.41048534798534803 0.32200460829493094 1.4111569723139448
decision_type=2 2 2 2 2 2 2 2 2 2 2 2 2 2 2 2 2 2 2 2 2 2 2 2 2 2 2 2 2 2 2 2 2 2 2 2 2 2 2 2 2 2 2 2 2 2 2 2 2 2 2 2 2 2 2 2 2 2 2 2 2 2
left_child=1 -1 3 -2 5 -5 16 8 10 -10 13 12 -12 -4 17 -16 -6 18 25 20 21 22 24 27 -19 26 -15 28 -22 -29 31 -21 33 34 35 -33 -37 39 45 40 46 43 -43 -40 -42 -39 -32 48 49 -48 51 -50 -44 60 55 56 -55 58 -57 -56 -52 -61
right_child=2 -3 7 4 6 -7 -8 -9 9 -11 11 -13 -14 14 15 -17 -18 19 -20 30 23 -23 -24 -25 -26 -27 -28 29 -30 -31 37 32 -34 -35 -36 36 -38 38 41 -41 44 42 52 -45 -46 -47 47 -49 50 -51 53 -53 -54 54 59 57 -58 -59 -60 61 -62 -63
leaf_value=-0.0059301285851287733 0.014126054098143293 0.0016207313405076829 0.031289466957190745 -0.026489703596593583 0.009623274932909185 0.037605176438680804 -0.050973772925964778 -0.022337319848644677 0.00411538013306946 0.060743852360590739 -0.057810113279742309 0.019880399337955032 -0.0086175312603404344 0.019355653717687174 -0.029440631704080997 0.022176652773989308 -0.039047886623072826 -0.01878101633656833 -0.011700152545054453 0.00019645014026742694 0.029565761958885828 -0.034749892350800539 -0.032439623140916071 0.026741807660279795 0.025326644624839086 -0.0043772730393753633 0.062141268664620775 -0.046004066159986159 -0.017721401252931462 -0.00047727480788517995 -0.03987856841877585 0.037547664441770483 -0.018605575748969792 -0.01658426662234563 0.036298153747569721 0.038507262172406083 -0.0043633456353998346 -0.027485425168141939 0.0048056718869337895 0.023172312574570596 -0.0045726558228263653 -0.019903597090304176 0.03853223527017835 -0.040531532182372786 -0.047357457433986609 0.0061838129869797136 0.024613821387580032 0.037382574087824048 -0.027350553990065758 -0.024575047159061718 -0.020860806249619071 0.028504853600285082 0.0031410181594713413 0.012654583374352558 0.0084115498597087529 0.068953171928402904 -0.047440234090203086 -0.0094734123743698117 0.011638435897550845 -0.03090156936740367 0.0016414997630557378 -0.0039742967901310556
leaf_weight=987.80888923257589 39.432412980124354 522.32683229260147 26.232428796589375 15.461279049515726 18.81202183291316 15.510877031832932 36.154598347842693 36.115798689424992 23.575395127758384 19.035098671913147 21.878177989274263 18.246453613042831 25.178496800363064 41.454395392909646 45.60411948338151 12.974038535729049 14.359781518578528 22.458789084106684 30.410806056112051 227.65346540696919 36.710432102903724 87.306289294734597 22.668486207723618 40.512754652649164 50.272359687834978 23.88219878077507 21.058942429721355 26.22711007297039 32.28375107422471 34.428138518705964 17.555457629263401 31.198895638808608 28.245762161910534 18.599927306175232 94.836683250963688 18.946706723421812 78.91547947190702 27.136451907455921 28.858871772885323 53.452948313206434 35.952958654612303 64.762124963104725 25.605938866734505 48.0083785392344 32.469554457813501 1452.3030474744737 15.343348722904919 18.966222018003464 16.577945563942194 89.170635007321835 57.206368470564485 73.118356354534626 109.22932087257504 26.902901947498322 38.113893726840615 17.77014572173357 21.714360855519772 26.325608015060425 18.303753215819597 113.49759034067392 1365.7749382071197 56.599039681255817
leaf_count=5776 200 3067 192 112 130 93 268 197 134 120 119 103 138 213 398 108 104 132 157 1171 184 488 115 206 287 124 105 135 159 181 86 175 162 93 496 115 445 135 190 309 198 325 126 249 211 8215 93 115 105 636 380 419 573 194 216 93 116 151 109 674 8217 313
internal_value=-1.94905e-05 -0.00331519 0.000939028 -0.0106728 -0.0204766 0.00546586 -0.0321299 0.00126167 0.00143318 0.0296127 0.00118993 -0.0171806 -0.0316689 0.00143594 0.00127371 -0.0179048 -0.0113498 0.00150825 0.0141327 0.00119328 -0.00725563 -0.0160218 0.00108361 0.00213123 0.0116308 0.0232865 0.033925 -0.00553521 0.00737317 -0.0202885 0.00188009 0.00845967 0.0153867 0.0193727 0.0223881 0.0121079 0.00391646 0.001027 0.00368164 -0.00119583 -0.00183746 -0.0063559 0.000214941 -0.0234611 -0.0249884 0.00556104 -0.00103082 -0.000677464 -0.00105474 -0.0172894 -0.000124893 0.0181068 0.00992263 -0.0010674 -0.00910151 0.00452574 -0.0141258 0.019137 0.0401227 -0.0163902 0.000731951 -0.0219786
internal_weight=6697.5 1510.14 5187.36 139.731 100.299 30.9722 69.3264 5047.63 5011.52 42.6105 4968.91 65.3031 47.0567 4903.6 4877.37 58.5782 33.1718 4818.79 116.806 4701.99 352.868 182.706 95.3996 170.162 72.7311 86.3955 62.5133 129.649 68.9942 60.6552 4349.12 498.397 270.743 242.498 223.898 129.061 97.8622 3850.72 1755.9 2094.82 2041.36 276.465 199.597 76.8673 68.4225 1479.44 1972.94 1955.39 1936.42 104.514 1831.9 89.6963 134.835 1742.21 319.227 111.017 48.6173 62.3995 36.0739 208.211 1422.98 170.097
internal_count=38850 8843 30007 907 707 205 502 29100 28903 254 28649 360 257 28289 28097 506 234 27591 599 26992 1887 1022 534 865 419 442 318 659 343 316 25105 2657 1486 1324 1231 735 560 22448 9813 12635 12326 1463 1024 439 409 8350 11917 11831 11716 729 10987 524 699 10463 1866 663 310 353 202 1203 8597 987
is_linear=0
shrinkage=0.05


Tree=127
num_leaves=63
num_cat=0
split_feature=0 32 22 54 34 78 75 54 23 5 8 31 32 46 17 26 49 47 34 3 43 29 29 46 17 54 72 57 57 31 21 57 49 18 77 20 7 3 77 32 3 16 54 17 48 30 96 23 97 5 4 6 38 24 8 58 46 97 31 22 22 61
split_gain=7.64337 7.49288 12.8975 14.4846 10.9752 9.62837 8.26118 12.0554 12.7721 16.3663 14.7169 14.5818 12.3229 11.8077 11.2238 10.8299 10.4728 10.1453 9.92011 26.1075 25.5067 9.89133 17.4504 10.7075 9.71589 9.54549 13.0483 11.3367 10.5199 9.5628 11.3932 8.82624 8.59106 8.5334 19.3856 13.0258 17.2288 13.7679 11.8767 20.6554 14.6923 18.2055 17.0163 15.9757 14.9775 13.6097 12.2297 13.8739 15.5869 12.4962 11.869 11.253 11.098 21.3337 10.7169 10.7003 10.6284 10.5809 13.6908 10.5367 19.4643 19.3572
threshold=1.0000000180025095e-35 -0.08633540372670806 865.50000000000011 1.0232069947131262 1.1787214001088067 6.0453908539835863 3.5000000000000004 0.51611304350872045 0.67693968586793385 0.6997109826589597 0.06472559698366151 1.9617834394904461 0.55364521841794578 -0.603812766098481 0.32163382594417084 0.079252816838219289 0.56557723313897956 0.93885698061772882 1.3395278838452391 1.7357874973067811 6.5000000000000009 0.57964988450084898 0.623723856552998 -0.48230282095560406 0.25792559287666411 1.5209884343474995 1.2288695546542268 0.18821575141684585 0.15319689910378562 1.2958387655218109 0.19650488400488403 0.053438213818873211 0.47691234515891323 0.58660256410256417 3.5305452485398745 0.027973395931142415 0.059017027863777098 1.2308178854668421 2.4163167863897814 0.69302588153552203 1.2385337182924314 0.92982100880795271 1.4714664933049113 0.45847678549822363 0.53522851216732892 1.417482695926765 27.518912536599625 0.92242621761269106 34.390862886185836 0.73598008385744251 1.6833022065435432 0.8893985728848115 -0.20494070219847182 0.86842105263157909 0.083683473389355764 11.500000000000002 -0.056233808290253685 7.3077146341525525 1.5751857749469216 1648.5000000000002 1385.5000000000002 14.2240956373234
decision_type=2 2 2 2 2 2 2 2 2 2 2 2 2 2 2 2 2 2 2 2 2 2 2 2 2 2 2 2 2 2 2 2 2 2 2 2 2 2 2 2 2 2 2 2 2 2 2 2 2 2 2 2 2 2 2 2 2 2 2 2 2 2
left_child=-1 2 3 -2 -4 6 7 -3 10 11 -9 15 -12 14 -11 24 -14 21 25 20 -20 23 -23 -17 -10 26 27 29 -27 32 -31 -25 -15 -8 35 36 -35 57 40 -40 41 43 44 -37 -43 -45 47 49 52 -41 -42 -47 53 -49 -55 -46 -39 -38 -59 60 61 -54
right_child=1 5 4 -5 -6 -7 33 8 9 13 12 -13 16 18 -16 17 -18 -19 19 -21 -22 22 -24 31 -26 28 -28 -29 -30 30 -32 -33 -34 34 -36 38 37 56 39 46 50 42 -44 45 55 51 -48 48 -50 -51 -52 -53 59 54 -56 -57 -58 58 -60 -61 -62 -63
leaf_value=-0.0031512338045882474 0.026021648070822412 -0.033084113632101786 -0.045715190846780877 -0.0208536857778488 0.002589142105323787 -0.018871793574579881 0.00090855965895864543 0.040977219735037956 -0.020119112331578173 -0.056553753492574257 0.031972203232631523 -0.030312160128372082 0.0080123901391854473 -0.043037343302613204 -0.011774257933928636 0.058429619171156522 -0.040973198769377661 -0.0087995969401532155 0.034877352984827269 -0.024041892818759097 -0.027471680815109135 -0.029120535267449454 0.03034300443121828 0.033842996807226647 0.017803844862721064 0.02870060655965409 0.007721905516545874 -0.058688657594929639 -0.019215424877572496 -0.029226911380498002 0.01563689549164033 -0.0017841101239453297 -0.0064855337696907815 -0.027826392988800054 -0.038472443926796322 0.029205099842132549 0.017676224572488356 -0.00061898883643231653 0.044793622491885232 0.0047467303491518717 -0.0084401332276800578 0.037176916505747559 -0.011413079876726656 -0.033720449370960547 0.027376607020345001 0.025177485295638069 0.042378582029280583 0.056772113082293733 0.041162670798247418 0.046215920345532957 0.025019070128642823 -0.027687340359693814 -0.023504273018712215 -0.029955362490296691 0.021856825360294974 -0.022559266777365795 0.042065973878329853 0.0060481877546326099 -0.046218812396361997 0.0072153936649491379 -0.061943784442740651 0.029915645602277177
leaf_weight=1509.2500079385936 33.825145531445742 32.082176396623254 35.619535917416215 31.894494857639074 17.231555532664061 59.0094831623137 2964.539691215381 34.962767165154219 49.499868489801884 24.997070033103228 21.136114217340946 26.154724083840847 23.47803708165884 49.655532628297806 32.59458127990365 25.157965242862701 20.031107980757952 34.861651826649904 68.122876793146133 54.158869236707687 21.424872532486916 22.882187984883785 26.504250066354871 45.822684541344643 25.403408240526915 25.277972891926765 38.281489439308643 21.309780698269606 20.684126380831003 24.910536907613277 32.394942805171013 27.54353429377079 24.319713938981295 57.890023797750473 23.949598409235477 27.520557302981615 24.048556547611952 26.048093523830175 53.040597526356578 33.411792431026697 223.00505669973791 117.15643116831779 32.902503866702318 44.582525948062539 21.465405739843845 27.166906226426363 29.094648558646441 21.769219297915697 24.060312025249004 40.558995205909014 29.928876109421253 15.809763703495262 54.461317334324121 20.37071156129241 19.312335681170225 21.208037756383419 32.380770970135927 22.650599556043744 27.470812667161226 69.149082735180855 20.139948215335608 24.458349231630564
leaf_count=8843 171 180 337 166 112 528 17347 187 280 146 113 129 121 282 183 132 118 183 343 285 109 115 140 231 145 128 199 125 118 120 169 138 140 318 122 174 147 150 303 193 1311 642 176 296 120 165 153 125 123 230 192 109 281 106 106 105 168 134 144 436 127 131
internal_value=-1.93904e-05 0.000892047 -0.0115232 0.00319943 -0.0298965 0.00118405 0.00142197 -0.00305471 -0.0018721 -0.00419364 0.0148917 0.00514676 0.00066485 -0.0102557 -0.0313613 0.0087757 -0.0144676 0.0153441 -0.00704103 0.00329347 0.0198902 0.0210705 0.00268759 0.0302224 -0.00718431 -0.0133317 -0.018263 -0.0248155 0.00703371 -0.0192386 -0.00379512 0.0204154 -0.0311132 0.00234418 0.00593106 0.00685453 -0.00508077 0.00482532 0.00920244 0.0156761 0.0044602 0.0117996 0.021196 -0.00389861 0.027943 -0.0143819 0.0113221 0.00853739 0.00295611 0.0275839 -0.00445293 0.00559498 -0.00104099 0.0171017 -0.00462296 0.00244764 0.0229827 -0.00942285 -0.022534 -0.00770504 -0.0181675 -0.00686848
internal_weight=6690.03 5180.78 118.571 65.7196 52.8511 5062.21 5003.2 853.653 821.571 721.963 99.608 283.83 64.6453 438.132 57.5917 257.676 43.5091 182.772 380.541 143.707 89.5477 147.911 49.3864 98.5242 74.9033 236.834 190.872 152.591 45.9621 131.281 57.3055 73.3662 73.9752 4149.55 1185.01 1161.06 190.489 132.599 970.573 409.827 560.746 307.812 192.732 115.08 159.83 87.5592 356.787 327.692 253.721 73.9708 252.934 42.9767 229.661 61.4523 39.683 42.6734 58.4289 74.17 50.1214 168.209 99.0596 78.9197
internal_count=38850 30007 786 337 449 29221 28693 4559 4379 3840 539 1493 352 2347 329 1364 239 939 2018 737 452 756 255 501 425 1281 1035 836 246 711 289 369 422 24134 6787 6665 1061 743 5604 2314 3290 1787 1043 744 867 570 2011 1858 1435 423 1503 274 1312 337 212 225 318 425 278 975 539 412
is_linear=0
shrinkage=0.05


Tree=128
num_leaves=63
num_cat=0
split_feature=45 16 3 47 48 37 29 4 35 33 30 45 30 55 32 34 77 0 32 95 3 94 77 4 47 69 34 32 53 45 4 97 16 61 14 38 42 5 14 29 1 44 4 4 24 5 24 56 48 47 71 3 3 48 30 34 96 1 77 42 96 40
split_gain=7.70952 24.1775 14.9878 8.65592 7.35675 14.9245 13.488 13.708 22.2988 13.0843 7.39834 18.0038 12.1652 11.9446 10.7684 11.2529 9.52482 8.09404 8.54996 8.0476 7.4643 12.0508 10.4307 9.42464 11.8607 11.561 10.0793 9.86926 14.0637 12.5125 11.8229 11.2934 12.9374 12.6343 10.6616 10.0652 11.8738 12.6728 14.1425 12.4559 11.7526 13.7083 17.3775 14.3342 16.0542 14.0368 12.8122 11.9631 17.9325 17.732 14.7649 13.4791 18.691 13.9024 12.7306 12.125 11.3506 11.3488 17.432 11.0359 14.666 12.2216
threshold=-3.1137819508700555 0.61142398233197814 0.96140165294595026 -3.511282462762372 -1.3549587136281021 1.0000000180025095e-35 0.66366360272981229 1.0994432009950477 1.5003828483920369 1024.5000000000002 5.2937266306605739 0.056613214047413367 3.7470590258668142 0.73471530136378804 0.76606330051868332 5.8117917331946742 3.5305452485398745 1.0000000180025095e-35 0.59041881812966157 103.50000000000001 2.2472086581165596 15.500000000000002 2.3238182012683573 1.4614802746421509 -1.5640699341546267 13.500000000000002 0.9229162935906684 0.68528922180607588 3.6190455919606159 2.9256472299085066 1.2984689107059377 19.724625322997422 0.97425702197073971 13.914170146995955 0.21735861437300927 0.63204352156922849 4.5000000000000009 0.78389189189189201 0.68397589260165981 0.39704057801780768 4.7232142857142865 0.59519948569340853 1.3922927095107382 1.2479440512301991 0.55263157894736847 0.93769409937888215 0.86842105263157909 1.0000000180025095e-35 -0.21058949964772553 1.1819120121878155 0.60322170283546528 0.99512575627989497 0.91425786688944588 -0.40194615600059175 1.8643182723370362 1.9647702556013995 4.5630779338096419 6.3125000000000009 2.1776943769343227 2.5000000000000004 3.4395979877728506 1.7446481178396074
decision_type=2 2 2 2 2 2 2 2 2 2 2 2 2 2 2 2 2 2 2 2 2 2 2 2 2 2 2 2 2 2 2 2 2 2 2 2 2 2 2 2 2 2 2 2 2 2 2 2 2 2 2 2 2 2 2 2 2 2 2 2 2 2
left_child=1 -1 -3 -4 5 -2 7 8 9 -7 12 -12 16 -14 15 -15 17 18 -6 -16 23 -22 -23 27 -25 26 -26 30 29 34 -19 32 -32 -34 -29 40 37 38 59 -39 46 42 43 45 -45 47 -36 48 54 50 -50 52 53 -49 -42 -53 -46 -43 -59 60 -37 -62
right_child=4 2 3 -5 10 6 -8 -9 -10 -11 11 -13 13 14 19 -17 -18 20 -20 -21 21 22 -24 24 25 -27 -28 28 -30 -31 31 -33 33 -35 35 36 -38 39 -40 -41 41 57 -44 44 56 -47 -48 51 49 -51 -52 55 -54 -55 -56 -57 -58 58 -60 -61 61 -63
leaf_value=0.092077875097368256 -0.040777077384298685 -0.047092482490513177 -0.015025970594030819 0.040116893697396738 0.0022717883686414128 0.0388487614958484 -0.05246809887462283 -0.031434162589520635 0.042651951403141819 -0.02769475209610921 -0.047885178521763411 0.013418529143489746 -0.019909052189830623 -0.0090695515131105197 0.015673797677408809 0.036965715350056758 -0.029789580984780874 -0.00072097527459129079 -0.0059887315452711596 0.056618109546805018 0.021527001948823208 0.003632053209771691 -0.028100070984950876 0.039561319116734217 0.035369615369657374 0.028381951831221431 0.00018056106503180143 -0.026683441761033183 0.034769012627731917 -0.024494994730450449 0.019374500746043469 -0.039655448511933068 -0.041274805663761335 0.01054470642184787 0.035232871881244361 0.044025250560713602 0.018296937932308646 0.014325136832934274 0.040227584780317731 -0.020324256154027748 -0.018492311543931505 -0.01545335992706664 -0.024046966617902201 0.053809468279268892 -0.017256608249776501 -0.024939780201058175 -0.0029471535887937534 0.034314164624688337 0.049900668133268648 0.0017158005140175837 0.015948589808108669 -0.0096555115459461428 0.04386581710437451 -0.016204325811405483 0.020206462916332463 0.025503998451321133 0.020546447009058597 0.0024140127276858175 0.03484293730874307 -0.0081823945070606773 -0.031315834816269969 0.010628129836595833
leaf_weight=9.237624077126382 33.105900883674622 10.893243346363304 10.73436647094786 20.184910098090771 465.03166761063039 9.5885732211172563 11.897219279780982 21.427030514925718 35.426330674439669 30.590662233531475 25.73047224804759 22.085066251456738 19.86107312142849 37.11630442366004 21.621760059148073 20.45821775496006 26.772816058248281 2202.5072548855096 954.85501378029585 28.387247480452061 24.131732329726219 39.025307305157185 75.272787265479565 28.93104438111186 21.809832043945789 50.871686700731516 290.04739093407989 29.143207183107734 34.668837532401085 41.342762878164649 30.234179176390171 37.427166022360325 31.402644969522953 18.509446565061808 66.940292162820697 25.781268905848265 67.108351171016693 30.87254786118865 22.004604533314705 155.60300977155566 71.409477794542909 23.483576767146587 58.01951602846384 27.100209411233664 26.910223592072725 46.593706320971251 32.319913499057293 19.048159170895815 54.987129509449005 95.276689305901527 78.331775978207588 312.23545803874731 34.278424248099327 46.985892001539469 30.050196044147015 26.448883747681975 73.949927520006895 71.090991761535406 100.49178496003151 209.44011187925935 21.72256688028574 84.694742988795042
leaf_count=85 371 184 157 192 2859 45 107 228 284 407 128 139 108 199 132 111 144 12829 5271 152 128 208 402 185 120 257 1586 154 190 361 178 212 177 101 395 142 345 172 117 892 460 118 309 143 149 263 179 116 259 551 391 1661 183 251 191 134 384 393 529 1137 116 479
internal_value=-1.94186e-05 0.0193169 0.00294116 0.0208248 -0.000169293 -0.0114222 -0.00242566 0.00370629 0.0137597 -0.0116333 7.63671e-05 -0.0194969 0.000222712 0.0155112 0.022109 0.00723741 -8.5269e-05 4.08737e-05 -0.00327981 0.0390819 0.00101042 -0.0104255 -0.0172282 0.00134637 0.00877454 0.006295 0.0026681 0.000674435 0.00323199 0.00267656 -0.00154837 -0.0169918 -0.00630964 -0.0219754 0.00325872 0.00371881 -0.00152955 -0.00396013 0.00146236 -0.0145564 0.00622225 0.00484452 0.00247629 0.00411479 0.0196703 0.00166617 0.0227604 0.00328765 0.0104807 0.0182487 0.0300164 -0.00211015 0.0139634 -0.00152632 -0.00697272 -0.00688832 0.0104037 0.0169718 0.0214452 -0.00103088 0.010259 0.00199796
internal_weight=6683.51 51.0501 41.8125 30.9193 6632.46 142.036 108.93 97.0326 75.6056 40.1792 6490.42 47.8155 6442.61 127.445 107.584 57.5745 6315.16 6288.39 1419.89 50.009 4868.5 138.43 114.298 4730.07 391.66 362.729 311.857 4338.41 2018.33 1983.67 2320.08 117.573 80.1463 49.9121 1942.32 1913.18 617.227 550.119 363.643 186.476 1295.95 1196.69 1001.63 943.606 127.96 815.646 99.2602 769.052 330.055 228.596 133.319 438.997 100.312 66.0341 101.46 338.684 100.86 195.066 171.583 341.639 132.199 106.417
internal_count=38850 618 533 349 38232 1442 1071 964 736 452 36790 267 36523 702 594 310 35821 35677 8130 284 27547 738 610 26809 2148 1963 1706 24661 11164 10974 13497 668 456 278 10613 10459 3400 3055 1991 1064 7059 6485 5445 5136 676 4460 574 4197 1852 1201 650 2345 550 367 651 1795 533 1040 922 1874 737 595
is_linear=0
shrinkage=0.05


end of trees

feature_importances:
price_vs_sma20_30s_atr_T=334
price_vs_sma20_5m_atr_T=307
vol_1m_20avg=254
price_vs_sma20_atr=243
price_vs_sma50_atr=242
sma20_slope_atr=206
sma50_slope_atr=202
ema_spread_5m_atr_T=199
sma20_vs_sma50_atr=184
vol_ratio_up_down_20bar=166
atr_14=159
pre_flip_3bar_body_direction=158
minutes_since_rth_open=155
two_bar_vol_vs_40avg=150
flip_bar_bullish_volume_pct=149
bar1_bullish_volume_pct=147
two_bar_volume_total=144
two_bar_close_vs_open_pct=142
pre_flip_volume_trend=140
bar1_volume=136
pre_flip_5bar_range_atr=135
bar1_close_location=134
vol_ratio_up_down_10bar=132
flip_body_pct=131
distance_from_session_high_atr=122
distance_from_session_low_atr=120
bar1_lower_wick_pct=115
bar1_close_vs_flip_close_atr=114
ema3_ema9_spread_atr=113
flip_lower_wick_pct=112
bar1_hh_amount_atr=112
flip_range_atr=111
flip_volume=111
atr_14_at_T=109
minute_of_hour=104
ema_spread_atr=103
bar1_body_pct=101
pre_flip_3bar_range_atr=101
ema3_slope_atr=101
flip_upper_wick_pct=100
flip_body_atr=98
flip_vol_vs_20avg=98
two_bar_body_atr=97
regime_5m_duration_bars_T=96
bar1_vol_vs_flip_vol=95
flip_close_location=91
minute_of_hour_T=91
bar1_body_atr=90
distance_from_session_low_atr_T=89
bar1_upper_wick_pct=87
two_bar_range_atr=83
distance_from_session_high_atr_T=82
bar1_range_atr=79
minutes_since_rth_open_T=70
decision_checkpoint_s=65
continuation_count_since_signal_T=61
flip_low_to_bar1_high_atr=55
cumulative_volume_bias_10=53
regime_30s_duration_bars_T=49
bar1_vol_rank_20=47
flip_bar_vol_rank_20=45
regime_flips_last_60min=44
atr_at_signal=35
ema_spread_30s_atr_T=35
high_vol_bar_count_10=26
regime_flips_last_30min=25
consecutive_trend_bars_pre_flip=24
vol_acceleration_5bar=24
consecutive_continuation_bars_T=13
checkpoint_bars_since_signal_1m_T=13
micro_net_return_atr_T=8
micro_body_pct_avg_T=7
regime_30s_aligned_T=4
micro_range_compression_T=4
hour_of_day=3
hour_of_day_T=3
bar1_close_above_flip_close=2
bar1_close_above_50pct_range=2
regime_30s_aligned_t0=2
regime_30s_T=2
micro_opp_dir_count_12s_T=2
is_rth_T=1

parameters:
[boosting: gbdt]
[objective: binary]
[metric: auc]
[tree_learner: serial]
[device_type: cpu]
[data_sample_strategy: bagging]
[data: ]
[valid: ]
[num_iterations: 2000]
[learning_rate: 0.05]
[num_leaves: 63]
[num_threads: 0]
[seed: 0]
[deterministic: 0]
[force_col_wise: 0]
[force_row_wise: 0]
[histogram_pool_size: -1]
[max_depth: -1]
[min_data_in_leaf: 100]
[min_sum_hessian_in_leaf: 0.001]
[bagging_fraction: 0.8]
[pos_bagging_fraction: 1]
[neg_bagging_fraction: 1]
[bagging_freq: 5]
[bagging_seed: 3]
[bagging_by_query: 0]
[feature_fraction: 0.8]
[feature_fraction_bynode: 1]
[feature_fraction_seed: 2]
[extra_trees: 0]
[extra_seed: 6]
[early_stopping_round: 0]
[early_stopping_min_delta: 0]
[first_metric_only: 0]
[max_delta_step: 0]
[lambda_l1: 0.1]
[lambda_l2: 0.1]
[linear_lambda: 0]
[min_gain_to_split: 0]
[drop_rate: 0.1]
[max_drop: 50]
[skip_drop: 0.5]
[xgboost_dart_mode: 0]
[uniform_drop: 0]
[drop_seed: 4]
[top_rate: 0.2]
[other_rate: 0.1]
[min_data_per_group: 100]
[max_cat_threshold: 32]
[cat_l2: 10]
[cat_smooth: 10]
[max_cat_to_onehot: 4]
[top_k: 20]
[monotone_constraints: ]
[monotone_constraints_method: basic]
[monotone_penalty: 0]
[feature_contri: ]
[forcedsplits_filename: ]
[refit_decay_rate: 0.9]
[cegb_tradeoff: 1]
[cegb_penalty_split: 0]
[cegb_penalty_feature_lazy: ]
[cegb_penalty_feature_coupled: ]
[path_smooth: 0]
[interaction_constraints: ]
[verbosity: -1]
[saved_feature_importance_type: 0]
[use_quantized_grad: 0]
[num_grad_quant_bins: 4]
[quant_train_renew_leaf: 0]
[stochastic_rounding: 1]
[linear_tree: 0]
[max_bin: 255]
[max_bin_by_feature: ]
[min_data_in_bin: 3]
[bin_construct_sample_cnt: 200000]
[data_random_seed: 1]
[is_enable_sparse: 1]
[enable_bundle: 1]
[use_missing: 1]
[zero_as_missing: 0]
[feature_pre_filter: 1]
[pre_partition: 0]
[two_round: 0]
[header: 0]
[label_column: ]
[weight_column: ]
[group_column: ]
[ignore_column: ]
[categorical_feature: ]
[forcedbins_filename: ]
[precise_float_parser: 0]
[parser_config_file: ]
[objective_seed: 5]
[num_class: 1]
[is_unbalance: 0]
[scale_pos_weight: 1]
[sigmoid: 1]
[boost_from_average: 1]
[reg_sqrt: 0]
[alpha: 0.9]
[fair_c: 1]
[poisson_max_delta_step: 0.7]
[tweedie_variance_power: 1.5]
[lambdarank_truncation_level: 30]
[lambdarank_norm: 1]
[label_gain: ]
[lambdarank_position_bias_regularization: 0]
[eval_at: ]
[multi_error_top_k: 1]
[auc_mu_weights: ]
[num_machines: 1]
[local_listen_port: 12400]
[time_out: 120]
[machine_list_filename: ]
[machines: ]
[gpu_platform_id: -1]
[gpu_device_id: -1]
[gpu_use_dp: 0]
[num_gpu: 1]

end of parameters

pandas_categorical:null
