outcome,anchor,variable,variant,block,n_used,delta,lo,hi,primary,meaningful
A_res_N2,0.25,time_to_anchor_s,tod_stratified,discovery,2410,-0.005901732966774198,-0.04467128311047804,0.034219632882514804,True,False
A_res_N2,0.25,time_to_anchor_s,plain,discovery,2410,-0.006978336262632603,-0.04573394119701169,0.032845641310192596,True,False
A_res_N2,0.25,time_to_anchor_s,tod_stratified_excl_last_hour,discovery,2366,-0.005552348954671446,-0.044981511411154695,0.03497954186136725,True,False
A_res_N2,0.25,time_to_anchor_s,tod_stratified,replication,768,0.012357705207968086,-0.05676379325035993,0.09156202275168249,True,False
A_res_N2,0.25,time_to_anchor_s,plain,replication,768,0.012127246732026142,-0.05588081649239806,0.09050905341075767,True,False
A_res_N2,0.25,time_to_anchor_s,tod_stratified_excl_last_hour,replication,757,0.01235411803822599,-0.056670296528144086,0.09016996069590469,True,False
A_res_N2,0.25,time_to_anchor_s,tod_stratified,pooled,3178,-0.0013302102869843745,-0.03494452812419299,0.03282538373909545,True,False
A_res_N2,0.25,time_to_anchor_s,plain,pooled,3178,-0.0022473141542153022,-0.036161557403390956,0.03132508225198498,True,False
A_res_N2,0.25,time_to_anchor_s,tod_stratified_excl_last_hour,pooled,3123,-0.001023923374554336,-0.03646011302284915,0.0335085875338177,True,False
A_res_N2,0.25,pullback_from_mfe,plain,discovery,2356,0.011866443662920743,-0.029085576060295344,0.054025649466071426,True,False
A_res_N2,0.25,pullback_from_mfe,plain,replication,757,-0.011898689897447391,-0.08992759981318531,0.06734779561675351,True,False
A_res_N2,0.25,pullback_from_mfe,plain,pooled,3113,0.005878541688775447,-0.03223475879659556,0.04274894399587005,True,False
A_res_N2,0.25,mae_before,plain,discovery,2356,0.0031917832214945962,-0.0370758748480616,0.04131477186014472,True,False
A_res_N2,0.25,mae_before,plain,replication,749,0.013650650829982033,-0.05709469827263964,0.07776827409146374,True,False
A_res_N2,0.25,mae_before,plain,pooled,3105,0.005655949376258473,-0.028009838934400805,0.04114113118719293,True,False
A_res_N2,0.25,ret30,plain,discovery,2356,-0.04105210101867572,-0.08525321559035906,-0.0014548396991721998,True,False
A_res_N2,0.25,ret30,plain,replication,771,-0.06853433548990831,-0.1323470602925766,-0.004529604623575897,True,True
A_res_N2,0.25,ret30,plain,pooled,3127,-0.047795666016216265,-0.08234701223725359,-0.013990195392548727,True,False
A_res_N2,0.25,ret15,plain,discovery,2356,-0.006366723259762308,-0.047846456145920056,0.03510531313871368,False,False
A_res_N2,0.25,ret15,plain,replication,761,-0.042600592334374396,-0.11025914178647055,0.023400235085372836,False,False
A_res_N2,0.25,ret15,plain,pooled,3117,-0.015306313470977814,-0.052955841336892615,0.02109102183864267,False,False
A_res_N2,0.25,ret60,plain,discovery,2356,0.005531090831918505,-0.03717494553698637,0.04562198607702913,False,False
A_res_N2,0.25,ret60,plain,replication,777,-0.041390565990856686,-0.10469200548225055,0.014224415451635844,False,False
A_res_N2,0.25,ret60,plain,pooled,3133,-0.006103162236340222,-0.04188849000895744,0.03095836914180395,False,False
A_res_N2,0.25,path_eff,plain,discovery,2345,-0.005676669383595425,-0.042979922659560396,0.03345220526030505,False,False
A_res_N2,0.25,path_eff,plain,replication,750,-0.011178095732500835,-0.07980685271818869,0.05012144828483762,False,False
A_res_N2,0.25,path_eff,plain,pooled,3095,-0.0070872830554182175,-0.041073775388748145,0.02762057141498389,False,False
A_res_N2,0.25,n_cross,plain,discovery,2697,-0.020367844613231555,-0.05841299638328038,0.017604765838635194,False,False
A_res_N2,0.25,n_cross,plain,replication,880,0.03513989861797081,-0.03254817571329504,0.1131315385016853,False,False
A_res_N2,0.25,n_cross,plain,pooled,3577,-0.006524544272819406,-0.038217186191847385,0.028229422102126,False,False
A_res_N2,0.25,rv60,plain,discovery,2356,-0.019338921901528014,-0.05598627159944822,0.020045115168552567,False,False
A_res_N2,0.25,rv60,plain,replication,745,-0.0089935601473408,-0.07546127480560869,0.06073044675527435,False,False
A_res_N2,0.25,rv60,plain,pooled,3101,-0.016990369256495372,-0.049300144401651674,0.015364578055358106,False,False
A_res_N2,0.25,accel,plain,discovery,2356,-0.008183892190152801,-0.049048870944334966,0.035496237256148575,False,False
A_res_N2,0.25,accel,plain,replication,771,-0.034426680880135695,-0.10593502070601697,0.03795032846780379,False,False
A_res_N2,0.25,accel,plain,pooled,3127,-0.01466012593628937,-0.05256040164791641,0.02498907465304828,False,False
A_res_N2,0.25,fav_share,plain,discovery,2358,0.0013592343031057419,-0.03629756108581174,0.04285389442214619,False,False
A_res_N2,0.25,fav_share,plain,replication,770,-0.014082347667830442,-0.08222642129649653,0.061123581791708556,False,False
A_res_N2,0.25,fav_share,plain,pooled,3128,-0.002357532141717987,-0.03782612975913559,0.032284025909123715,False,False
A_res_N2,0.25,tod_min,plain,discovery,2355,-0.00804913875193411,-0.04115092053229249,0.025673880846867832,False,False
A_res_N2,0.25,tod_min,plain,replication,751,-0.010987966141363707,-0.07945876753834537,0.057500063870919035,False,False
A_res_N2,0.25,tod_min,plain,pooled,3106,-0.008772510920905661,-0.038546620864228054,0.020157375718677213,False,False
A_res_N2,0.5,time_to_anchor_s,tod_stratified,discovery,1932,0.016433223280829117,-0.02998745268406351,0.06217957151458051,True,False
A_res_N2,0.5,time_to_anchor_s,plain,discovery,1932,0.01450230963286954,-0.031162411663513172,0.06176346061939846,True,False
A_res_N2,0.5,time_to_anchor_s,tod_stratified_excl_last_hour,discovery,1896,0.017983561674294535,-0.02876503948479124,0.06464718247800633,True,False
A_res_N2,0.5,time_to_anchor_s,tod_stratified,replication,645,0.0191908604244929,-0.05753600391695495,0.08390573962093623,True,False
A_res_N2,0.5,time_to_anchor_s,plain,replication,645,0.019327531873774083,-0.058220849495806554,0.08657639255311794,True,False
A_res_N2,0.5,time_to_anchor_s,tod_stratified_excl_last_hour,replication,638,0.020832522091432867,-0.05689958365338666,0.08719373913618715,True,False
A_res_N2,0.5,time_to_anchor_s,tod_stratified,pooled,2577,0.016501829165921904,-0.02495000915491954,0.05350349126645627,True,False
A_res_N2,0.5,time_to_anchor_s,plain,pooled,2577,0.015679931257048117,-0.02551616318521138,0.051603263637766704,True,False
A_res_N2,0.5,time_to_anchor_s,tod_stratified_excl_last_hour,pooled,2534,0.017974719058945612,-0.022491239005617454,0.05467118986260993,True,False
A_res_N2,0.5,pullback_from_mfe,plain,discovery,1934,-0.04832923991726991,-0.0926324275141155,-0.0021584924666612068,True,False
A_res_N2,0.5,pullback_from_mfe,plain,replication,625,0.0054734281437125755,-0.07452487938202043,0.08406697434575805,True,False
A_res_N2,0.5,pullback_from_mfe,plain,pooled,2559,-0.03477739584262564,-0.0755438418417341,0.006505852231582438,True,False
A_res_N2,0.5,mae_before,plain,discovery,1934,0.011295126468543916,-0.029821470242944494,0.05430885737529779,True,False
A_res_N2,0.5,mae_before,plain,replication,649,0.014511241562886208,-0.06795863791662114,0.09335902735491068,True,False
A_res_N2,0.5,mae_before,plain,pooled,2583,0.012394242304337362,-0.02577950339768261,0.046025623677978786,True,False
A_res_N2,0.5,ret30,plain,discovery,1934,0.0074009951345211655,-0.04053284931726901,0.05256152731014378,True,False
A_res_N2,0.5,ret30,plain,replication,618,-0.0349307185826425,-0.113278264563474,0.04809053286563094,True,False
A_res_N2,0.5,ret30,plain,pooled,2552,-0.002797660549836101,-0.04547779263426683,0.037749997707229824,True,False
A_res_N2,0.5,ret15,plain,discovery,1934,0.024140912404428096,-0.02297232730027501,0.07089971267079771,False,False
A_res_N2,0.5,ret15,plain,replication,636,-0.027287504944620254,-0.10254945352322578,0.05546452617004383,False,False
A_res_N2,0.5,ret15,plain,pooled,2570,0.011440276588518735,-0.02806041768276836,0.05374635044135584,False,False
A_res_N2,0.5,ret60,plain,discovery,1934,0.031363637326868636,-0.014870951304539609,0.0715951630881506,False,False
A_res_N2,0.5,ret60,plain,replication,618,-0.02795885429221208,-0.11419128200354259,0.05768902338531025,False,False
A_res_N2,0.5,ret60,plain,pooled,2552,0.016974704619144902,-0.027039606077673483,0.05384761152376325,False,False
A_res_N2,0.5,path_eff,plain,discovery,1936,-5.5532079858843994e-05,-0.046584342274592676,0.04652037734334641,False,False
A_res_N2,0.5,path_eff,plain,replication,639,-0.0015496310912834592,-0.07664543602217795,0.07584059071644622,False,False
A_res_N2,0.5,path_eff,plain,pooled,2575,-0.000252787503926653,-0.0389202464804181,0.043181077587557314,False,False
A_res_N2,0.5,n_cross,plain,discovery,1924,0.007421599408319879,-0.041265469337920226,0.05583811016727153,False,False
A_res_N2,0.5,n_cross,plain,replication,621,0.05979401344476744,-0.0003465375562386722,0.11508378271821082,False,False
A_res_N2,0.5,n_cross,plain,pooled,2545,0.02020518782316938,-0.01946640163798806,0.056080519067633214,False,False
A_res_N2,0.5,rv60,plain,discovery,1934,0.023866222642277113,-0.025092738488456962,0.07292526866045732,False,False
A_res_N2,0.5,rv60,plain,replication,618,0.012467131453234997,-0.06097133741382926,0.08320755612332875,False,False
A_res_N2,0.5,rv60,plain,pooled,2552,0.02107351183950383,-0.021054586686298157,0.05921218439046929,False,False
A_res_N2,0.5,accel,plain,discovery,1934,0.03079809958126367,-0.015192142925523972,0.07728470378011147,False,False
A_res_N2,0.5,accel,plain,replication,639,-0.01423497839887145,-0.09505112443534633,0.07084351556032698,False,False
A_res_N2,0.5,accel,plain,pooled,2573,0.019585213886446774,-0.02077031926103931,0.06135232871249664,False,False
A_res_N2,0.5,fav_share,plain,discovery,1937,-0.015664412733611233,-0.058939640754735366,0.02688476993531714,False,False
A_res_N2,0.5,fav_share,plain,replication,651,-0.028916677679397384,-0.10302613632161522,0.048821070762204266,False,False
A_res_N2,0.5,fav_share,plain,pooled,2588,-0.019071056632935825,-0.054551663050240895,0.019212966193278395,False,False
A_res_N2,0.5,tod_min,plain,discovery,1931,-0.019080333297205862,-0.05466809273784154,0.016520836147632816,False,False
A_res_N2,0.5,tod_min,plain,replication,627,-0.0005079334365325136,-0.07626456365375901,0.07686828017251351,False,False
A_res_N2,0.5,tod_min,plain,pooled,2558,-0.014179647427031681,-0.04679002710659993,0.01745270235350571,False,False
A_res_N2,0.75,time_to_anchor_s,tod_stratified,discovery,1648,-0.014691505700859253,-0.06598709571063613,0.03320161527220907,True,False
A_res_N2,0.75,time_to_anchor_s,plain,discovery,1648,-0.014273851886650073,-0.06473567266299897,0.03401089429345309,True,False
A_res_N2,0.75,time_to_anchor_s,tod_stratified_excl_last_hour,discovery,1618,-0.021184887394705747,-0.07372566370137341,0.027749529092842163,True,False
A_res_N2,0.75,time_to_anchor_s,tod_stratified,replication,557,-0.007405384422587051,-0.10119807773465252,0.07341281985587779,True,False
A_res_N2,0.75,time_to_anchor_s,plain,replication,557,-0.0009926973616274266,-0.09420713776089057,0.07615115002233072,True,False
A_res_N2,0.75,time_to_anchor_s,tod_stratified_excl_last_hour,replication,552,-0.007265323016874988,-0.10069299693671994,0.07424583123526025,True,False
A_res_N2,0.75,time_to_anchor_s,tod_stratified,pooled,2205,-0.011631247292574323,-0.05484584170861723,0.028782087049339367,True,False
A_res_N2,0.75,time_to_anchor_s,plain,pooled,2205,-0.01083647599213956,-0.05373419202541807,0.028414971005471544,True,False
A_res_N2,0.75,time_to_anchor_s,tod_stratified_excl_last_hour,pooled,2170,-0.016542216749419116,-0.05979737676577014,0.023960119381224835,True,False
A_res_N2,0.75,pullback_from_mfe,plain,discovery,1632,0.0016543509765017126,-0.04291330600837701,0.04795890576578919,True,False
A_res_N2,0.75,pullback_from_mfe,plain,replication,530,-0.005025775965837441,-0.08277515065067464,0.06835977991413861,True,False
A_res_N2,0.75,pullback_from_mfe,plain,pooled,2162,0.0002015609874284497,-0.04044881585745529,0.0394303826805816,True,False
A_res_N2,0.75,mae_before,plain,discovery,1632,0.013890104652972303,-0.032815966800146305,0.06428579783464601,True,False
A_res_N2,0.75,mae_before,plain,replication,551,0.027815112269922473,-0.05092294977439263,0.09015653354820713,True,False
A_res_N2,0.75,mae_before,plain,pooled,2183,0.017375351065677565,-0.02495897555017901,0.060372335854115326,True,False
A_res_N2,0.75,ret30,plain,discovery,1632,-0.010126402991752256,-0.06276274962116983,0.040806477816833386,True,False
A_res_N2,0.75,ret30,plain,replication,550,-0.009292245945051306,-0.08745164255824876,0.0699467283322522,True,False
A_res_N2,0.75,ret30,plain,pooled,2182,-0.009745855332288195,-0.054414904203874695,0.033866738034276055,True,False
A_res_N2,0.75,ret15,plain,discovery,1632,0.011579241071428572,-0.03452063209282283,0.0638486142519755,False,False
A_res_N2,0.75,ret15,plain,replication,556,-0.059921713250517594,-0.1624135692764254,0.04295593810097908,False,False
A_res_N2,0.75,ret15,plain,pooled,2188,-0.006630183081483264,-0.051501148388769,0.03775750301643083,False,False
A_res_N2,0.75,ret60,plain,discovery,1632,-0.02695774490351696,-0.0771357833681014,0.024227864005775444,False,False
A_res_N2,0.75,ret60,plain,replication,523,-0.035137245687748786,-0.11449909006417265,0.04638631861981178,False,False
A_res_N2,0.75,ret60,plain,pooled,2155,-0.028627268913923427,-0.07107788850628251,0.01286845738231221,False,False
A_res_N2,0.75,path_eff,plain,discovery,1631,0.002398481759779576,-0.05114400146017935,0.05334152374057279,False,False
A_res_N2,0.75,path_eff,plain,replication,548,-0.034989672174840086,-0.10477112069035274,0.04643384256290479,False,False
A_res_N2,0.75,path_eff,plain,pooled,2179,-0.007025832201063337,-0.04828752528667816,0.034383572025356066,False,False
A_res_N2,0.75,n_cross,plain,discovery,1638,0.012090337775991784,-0.04745566583804226,0.0659087972909122,False,False
A_res_N2,0.75,n_cross,plain,replication,563,0.07825880019594869,0.01126184789522676,0.14174185323510427,False,True
A_res_N2,0.75,n_cross,plain,pooled,2201,0.02914384957548045,-0.01655436603041751,0.07147896234927086,False,False
A_res_N2,0.75,rv60,plain,discovery,1632,-0.023904657349050736,-0.07112721846300399,0.020765404708124307,False,False
A_res_N2,0.75,rv60,plain,replication,525,0.060411352040816324,-0.029411036266479416,0.1516438692072913,False,False
A_res_N2,0.75,rv60,plain,pooled,2157,-0.0033010847946096816,-0.04692661146515615,0.03835695678048138,False,False
A_res_N2,0.75,accel,plain,discovery,1632,0.0026944371498599435,-0.04675275832374577,0.05502704739877801,False,False
A_res_N2,0.75,accel,plain,replication,553,-0.07383980148542087,-0.16696022876384597,0.025874173932549024,False,False
A_res_N2,0.75,accel,plain,pooled,2185,-0.01683153076509217,-0.0627627114844022,0.027928017570037638,False,False
A_res_N2,0.75,fav_share,plain,discovery,1625,-0.01304262804601651,-0.0624463405237351,0.03328416498354915,False,False
A_res_N2,0.75,fav_share,plain,replication,538,-0.024649799391256225,-0.09173702866159822,0.057517753882511374,False,False
A_res_N2,0.75,fav_share,plain,pooled,2163,-0.016021391924829882,-0.06062369019064401,0.026771153608165378,False,False
A_res_N2,0.75,tod_min,plain,discovery,1631,-0.018754386446978244,-0.06065654392234689,0.022140760803312558,False,False
A_res_N2,0.75,tod_min,plain,replication,524,0.03441953021308869,-0.041734405627627716,0.10767229092879241,False,False
A_res_N2,0.75,tod_min,plain,pooled,2155,-0.005406535213682114,-0.04239535254111539,0.030179478904230908,False,False
A_res_N2,1.0,time_to_anchor_s,tod_stratified,discovery,1430,0.02192132572793155,-0.027406805300534208,0.07447311414372426,True,False
A_res_N2,1.0,time_to_anchor_s,plain,discovery,1430,0.02154896903230843,-0.02839653563223303,0.0724886859545768,True,False
A_res_N2,1.0,time_to_anchor_s,tod_stratified_excl_last_hour,discovery,1400,0.014202213066334329,-0.035476218799567506,0.06552686604251144,True,False
A_res_N2,1.0,time_to_anchor_s,tod_stratified,replication,474,0.012557653671339339,-0.06868704742924515,0.09722840329383754,True,False
A_res_N2,1.0,time_to_anchor_s,plain,replication,474,0.017690256648058643,-0.0602471768221273,0.09219190958096572,True,False
A_res_N2,1.0,time_to_anchor_s,tod_stratified_excl_last_hour,replication,470,0.014738598050414735,-0.06616061383489631,0.09597858348425775,True,False
A_res_N2,1.0,time_to_anchor_s,tod_stratified,pooled,1904,0.020203462526321773,-0.021990206374823663,0.06055890483663064,True,False
A_res_N2,1.0,time_to_anchor_s,plain,pooled,1904,0.020585729041331487,-0.020471875327975113,0.06227238054573265,True,False
A_res_N2,1.0,time_to_anchor_s,tod_stratified_excl_last_hour,pooled,1870,0.014914395048310616,-0.026982578375828598,0.05428572240790619,True,False
A_res_N2,1.0,pullback_from_mfe,plain,discovery,1420,0.0013951766152470405,-0.04675152488759808,0.04823065735122796,True,False
A_res_N2,1.0,pullback_from_mfe,plain,replication,521,-0.008781261974238806,-0.09160294896856931,0.07567275541548388,True,False
A_res_N2,1.0,pullback_from_mfe,plain,pooled,1941,-0.0014725764716275553,-0.04148832399097659,0.03952726360656106,True,False
A_res_N2,1.0,mae_before,plain,discovery,1420,0.02492524591996423,-0.024090527182132542,0.07568169927403151,True,False
A_res_N2,1.0,mae_before,plain,replication,490,-0.0017239583333333308,-0.08556285009921903,0.07132476276933516,True,False
A_res_N2,1.0,mae_before,plain,pooled,1910,0.017967822659948483,-0.025456059528353895,0.0604814117474065,True,False
A_res_N2,1.0,ret30,plain,discovery,1420,0.0078125,-0.03066087811363216,0.048577230577356,True,False
A_res_N2,1.0,ret30,plain,replication,474,-0.04859129298523676,-0.13752188491189732,0.035015618207522005,True,False
A_res_N2,1.0,ret30,plain,pooled,1894,-0.006121769814729061,-0.04782420277245182,0.032235386700695506,True,False
A_res_N2,1.0,ret15,plain,discovery,1420,0.024361795774647886,-0.016211061772149923,0.07048924286129725,False,False
A_res_N2,1.0,ret15,plain,replication,475,-0.04915957866463372,-0.14298078387003535,0.04478323731375383,False,False
A_res_N2,1.0,ret15,plain,pooled,1895,0.00583334298042406,-0.03451685667718225,0.04641099609048714,False,False
A_res_N2,1.0,ret60,plain,discovery,1420,-0.03218128213726805,-0.08033549700123646,0.014788746011348823,False,False
A_res_N2,1.0,ret60,plain,replication,463,-0.008244534371382697,-0.08377859376497335,0.06749289439376431,False,False
A_res_N2,1.0,ret60,plain,pooled,1883,-0.026436642784044666,-0.06412172950671649,0.015186677063190946,False,False
A_res_N2,1.0,path_eff,plain,discovery,1420,-0.03631161971830986,-0.09095875543532689,0.015387247560523712,False,False
A_res_N2,1.0,path_eff,plain,replication,464,0.007857452097648175,-0.06588256431174427,0.08538220742507764,False,False
A_res_N2,1.0,path_eff,plain,pooled,1884,-0.025353768215715278,-0.0677120191071049,0.015742192777437238,False,False
A_res_N2,1.0,n_cross,plain,discovery,1359,0.008717672883053541,-0.051029844186386106,0.06860471733577259,False,False
A_res_N2,1.0,n_cross,plain,replication,474,0.025843881856540084,-0.05082953674722927,0.09987812756963717,False,False
A_res_N2,1.0,n_cross,plain,pooled,1833,0.01282093097966666,-0.034200880197484816,0.05870588721847153,False,False
A_res_N2,1.0,rv60,plain,discovery,1420,0.020761373798345632,-0.024999807072062237,0.06904181838674958,False,False
A_res_N2,1.0,rv60,plain,replication,464,-0.043573264482784264,-0.12040404938182328,0.02785361580994638,False,False
A_res_N2,1.0,rv60,plain,pooled,1884,0.004981106197482781,-0.03409837134984277,0.043943675650651784,False,False
A_res_N2,1.0,accel,plain,discovery,1420,0.011267605633802816,-0.03358819748606003,0.057766177485090116,False,False
A_res_N2,1.0,accel,plain,replication,487,-0.06599533638756706,-0.15423654628697087,0.028859763443523662,False,False
A_res_N2,1.0,accel,plain,pooled,1907,-0.008146824868674667,-0.04606470486122775,0.03179198631375799,False,False
A_res_N2,1.0,fav_share,plain,discovery,1417,-0.00908150952706653,-0.05896155313881167,0.04069145754531212,False,False
A_res_N2,1.0,fav_share,plain,replication,495,0.0029292401511681193,-0.06847917835839498,0.08874362066417354,False,False
A_res_N2,1.0,fav_share,plain,pooled,1912,-0.005674864021377681,-0.04755918130535749,0.036819475914266424,False,False
A_res_N2,1.0,tod_min,plain,discovery,1421,-0.0033934041098207814,-0.048337679926572376,0.043116131901291384,False,False
A_res_N2,1.0,tod_min,plain,replication,453,0.03448260095591105,-0.050581636583426924,0.12683608392672668,False,False
A_res_N2,1.0,tod_min,plain,pooled,1874,0.006094925779120969,-0.0342922072012055,0.04521054301179855,False,False
A_res_N2,1.25,time_to_anchor_s,tod_stratified,discovery,1247,0.04275431459625935,-0.011680353984571132,0.09104008025708524,True,False
A_res_N2,1.25,time_to_anchor_s,plain,discovery,1247,0.04204257647034229,-0.013194735539986917,0.09003970284366307,True,False
A_res_N2,1.25,time_to_anchor_s,tod_stratified_excl_last_hour,discovery,1219,0.03881967509907708,-0.015038702776466899,0.08860024644434489,True,False
A_res_N2,1.25,time_to_anchor_s,tod_stratified,replication,410,-0.0028138500525350632,-0.09843850387853574,0.09237029625273258,True,False
A_res_N2,1.25,time_to_anchor_s,plain,replication,410,0.005273846960167714,-0.09071014405398631,0.09335606972372712,True,False
A_res_N2,1.25,time_to_anchor_s,tod_stratified_excl_last_hour,replication,407,-0.0024558956564562,-0.09878180462375896,0.092582062968502,True,False
A_res_N2,1.25,time_to_anchor_s,tod_stratified,pooled,1657,0.0321866923322778,-0.014934191673133266,0.07853431333531208,True,False
A_res_N2,1.25,time_to_anchor_s,plain,pooled,1657,0.03253597512167142,-0.015181648232701763,0.0781619066305555,True,False
A_res_N2,1.25,time_to_anchor_s,tod_stratified_excl_last_hour,pooled,1626,0.029248508726536043,-0.017256555744221174,0.07458446692200718,True,False
A_res_N2,1.25,pullback_from_mfe,plain,discovery,1248,-0.004548150055962557,-0.05542909925392399,0.04597856584804516,True,False
A_res_N2,1.25,pullback_from_mfe,plain,replication,435,0.0001385171589370314,-0.08678686331548251,0.074854427032953,True,False
A_res_N2,1.25,pullback_from_mfe,plain,pooled,1683,-0.0031317173884486183,-0.04473932536678283,0.041504923639924335,True,False
A_res_N2,1.25,mae_before,plain,discovery,1248,0.03129093851750101,-0.018064826955474962,0.08072742654258984,True,False
A_res_N2,1.25,mae_before,plain,replication,427,-0.005633638657305838,-0.09224418349442963,0.07621594630860118,True,False
A_res_N2,1.25,mae_before,plain,pooled,1675,0.02181273868226929,-0.02337636384370249,0.06541634773410519,True,False
A_res_N2,1.25,ret30,plain,discovery,1248,-0.014727134844322346,-0.06183602072555856,0.028521119117768813,True,False
A_res_N2,1.25,ret30,plain,replication,402,0.02591298593159674,-0.06950200848657652,0.11793962061818666,True,False
A_res_N2,1.25,ret30,plain,pooled,1650,-0.0043921425077039855,-0.0439694440219789,0.037178127172603485,True,False
A_res_N2,1.25,ret15,plain,discovery,1248,-0.017111505392755393,-0.06488830334800069,0.031393586031881554,False,False
A_res_N2,1.25,ret15,plain,replication,418,-0.05298132183908046,-0.1487270250622892,0.040981949205170724,False,False
A_res_N2,1.25,ret15,plain,pooled,1666,-0.025166348340997874,-0.06920511670588063,0.019339742772534207,False,False
A_res_N2,1.25,ret60,plain,discovery,1248,-0.019941032636345137,-0.057766973625113426,0.019828105700198752,False,False
A_res_N2,1.25,ret60,plain,replication,426,-0.1021190523657629,-0.16951760649413117,-0.028942587366083586,False,True
A_res_N2,1.25,ret60,plain,pooled,1674,-0.041123965678363225,-0.07516224282724003,-0.006413677048004812,False,False
A_res_N2,1.25,path_eff,plain,discovery,1248,-0.028048448946886444,-0.07604454333254998,0.025979602954405354,False,False
A_res_N2,1.25,path_eff,plain,replication,414,-0.007426677204074465,-0.08868206916994086,0.07748403186069455,False,False
A_res_N2,1.25,path_eff,plain,pooled,1662,-0.02245566960498752,-0.06633758004012033,0.022477636189655398,False,False
A_res_N2,1.25,n_cross,plain,discovery,1333,0.009397405158142044,-0.0439016914536796,0.06120010598897326,False,False
A_res_N2,1.25,n_cross,plain,replication,461,0.010492256324824936,-0.07579993569225299,0.09447518137901421,False,False
A_res_N2,1.25,n_cross,plain,pooled,1794,0.009037867252669715,-0.03430081739393849,0.051615584358215096,False,False
A_res_N2,1.25,rv60,plain,discovery,1248,0.012010089158526657,-0.03019526832866674,0.0573096490926642,False,False
A_res_N2,1.25,rv60,plain,replication,390,-0.03311727335164835,-0.14070682430026127,0.07522977785471885,False,False
A_res_N2,1.25,rv60,plain,pooled,1638,0.001265340597182835,-0.039477270926305555,0.04251459429723731,False,False
A_res_N2,1.25,accel,plain,discovery,1248,-0.006766381766381766,-0.05758012525654286,0.04452813044434088,False,False
A_res_N2,1.25,accel,plain,replication,424,-0.06437103713768116,-0.1511639491416642,0.028066893918178546,False,False
A_res_N2,1.25,accel,plain,pooled,1672,-0.01969247850710997,-0.06734252109196256,0.025633356257003016,False,False
A_res_N2,1.25,fav_share,plain,discovery,1249,-0.023091603206837768,-0.07253604166093361,0.024526466120378034,False,False
A_res_N2,1.25,fav_share,plain,replication,433,-0.010150145702574614,-0.09806689319906099,0.07847458857299415,False,False
A_res_N2,1.25,fav_share,plain,pooled,1682,-0.019615920162567156,-0.0644619600889382,0.02803412661663221,False,False
A_res_N2,1.25,tod_min,plain,discovery,1247,0.0012599696332718392,-0.04388816252217008,0.04602148606320537,False,False
A_res_N2,1.25,tod_min,plain,replication,409,0.04056747869692182,-0.037116932406520906,0.12370391634806825,False,False
A_res_N2,1.25,tod_min,plain,pooled,1656,0.011427832349345468,-0.027733445148396665,0.05095061298049089,False,False
A_res_N2,1.5,time_to_anchor_s,tod_stratified,discovery,1113,0.025039416751849747,-0.014035919969434426,0.06414196442514888,True,False
A_res_N2,1.5,time_to_anchor_s,plain,discovery,1113,0.023471203493215707,-0.01663959470535352,0.06394552495851952,True,False
A_res_N2,1.5,time_to_anchor_s,tod_stratified_excl_last_hour,discovery,1088,0.023691099595217938,-0.015251238202484606,0.06319277248031281,True,False
A_res_N2,1.5,time_to_anchor_s,tod_stratified,replication,364,-0.03042387974274791,-0.11828826441961049,0.07035784139374589,True,False
A_res_N2,1.5,time_to_anchor_s,plain,replication,364,-0.022316511428878447,-0.10940465459393983,0.07131139248164009,True,False
A_res_N2,1.5,time_to_anchor_s,tod_stratified_excl_last_hour,replication,361,-0.028751572432097576,-0.11790256526390909,0.07327451079043203,True,False
A_res_N2,1.5,time_to_anchor_s,tod_stratified,pooled,1477,0.012114644574442043,-0.02739096677486065,0.04684605914956982,True,False
A_res_N2,1.5,time_to_anchor_s,plain,pooled,1477,0.011613493667907416,-0.02636257695518882,0.045529133445733914,True,False
A_res_N2,1.5,time_to_anchor_s,tod_stratified_excl_last_hour,pooled,1449,0.011323508837820682,-0.028963448362685933,0.04653289839915704,True,False
A_res_N2,1.5,pullback_from_mfe,plain,discovery,1110,0.02930743243243243,-0.01609097564786894,0.07554164908626282,True,False
A_res_N2,1.5,pullback_from_mfe,plain,replication,382,0.019904132326007323,-0.058795440004873925,0.10648279595334516,True,False
A_res_N2,1.5,pullback_from_mfe,plain,pooled,1492,0.027271634805674048,-0.013090107929020257,0.06890450335516671,True,False
A_res_N2,1.5,mae_before,plain,discovery,1110,-0.007826576576576576,-0.04900191292321636,0.036300320448665206,True,False
A_res_N2,1.5,mae_before,plain,replication,383,-0.04064840221803008,-0.1215666251378784,0.04843211326313309,True,False
A_res_N2,1.5,mae_before,plain,pooled,1493,-0.01603313917771214,-0.05491210761884611,0.022508748813615243,True,False
A_res_N2,1.5,ret30,plain,discovery,1110,-0.016019144144144147,-0.060103921046158575,0.02489739305450731,True,False
A_res_N2,1.5,ret30,plain,replication,350,0.0021288748083302528,-0.0704672553085927,0.07496888357884768,True,False
A_res_N2,1.5,ret30,plain,pooled,1460,-0.010813399506865749,-0.04873028038457185,0.02491974291937798,True,False
A_res_N2,1.5,ret15,plain,discovery,1110,0.006475225225225225,-0.0317151667165914,0.04684607498993188,False,False
A_res_N2,1.5,ret15,plain,replication,356,-0.03707845777864575,-0.11845543822128282,0.049377860976504956,False,False
A_res_N2,1.5,ret15,plain,pooled,1466,-0.0023732145787119614,-0.03687591118044574,0.03443371544109835,False,False
A_res_N2,1.5,ret60,plain,discovery,1110,-0.026661036036036034,-0.06801609612430602,0.017079746505329712,False,False
A_res_N2,1.5,ret60,plain,replication,358,-0.001564614501790669,-0.0734750055039632,0.08008422350444117,False,False
A_res_N2,1.5,ret60,plain,pooled,1468,-0.020426743140437992,-0.05546840390626479,0.015282533560142432,False,False
A_res_N2,1.5,path_eff,plain,discovery,1109,-0.023035479071128892,-0.06197512432270152,0.0168525624672085,False,False
A_res_N2,1.5,path_eff,plain,replication,374,0.020039106220746845,-0.0661255110755026,0.10252263967858757,False,False
A_res_N2,1.5,path_eff,plain,pooled,1483,-0.011733245922209659,-0.04625341973853417,0.02605249991319195,False,False
A_res_N2,1.5,n_cross,plain,discovery,1113,-0.0009585952267271882,-0.043338730016755804,0.04242624881094149,False,False
A_res_N2,1.5,n_cross,plain,replication,392,-0.002002211474867722,-0.08756939221967504,0.08775050164296488,False,False
A_res_N2,1.5,n_cross,plain,pooled,1505,-0.0020605508032621725,-0.03982783757157335,0.035188955673865846,False,False
A_res_N2,1.5,rv60,plain,discovery,1110,-0.0020833333333333337,-0.03984991571952319,0.0384926166542945,False,False
A_res_N2,1.5,rv60,plain,replication,354,-0.008682497414738142,-0.09036767545141028,0.07279017890954664,False,False
A_res_N2,1.5,rv60,plain,pooled,1464,-0.003349739972541048,-0.03640115968896991,0.033383047876400535,False,False
A_res_N2,1.5,accel,plain,discovery,1110,0.0330518018018018,-0.00784419490816101,0.0743977750466654,False,False
A_res_N2,1.5,accel,plain,replication,345,-0.043551139859039606,-0.11951341351482389,0.037126690683571134,False,False
A_res_N2,1.5,accel,plain,pooled,1455,0.015340937435746018,-0.01870323318853461,0.05294350893207524,False,False
A_res_N2,1.5,fav_share,plain,discovery,1109,0.005094094545809348,-0.037916577782168524,0.0457252467760354,False,False
A_res_N2,1.5,fav_share,plain,replication,386,0.035724870336051956,-0.05726357585120976,0.1184475517940753,False,False
A_res_N2,1.5,fav_share,plain,pooled,1495,0.012815210763812899,-0.026011171980598574,0.05178576587569355,False,False
A_res_N2,1.5,tod_min,plain,discovery,1110,-0.0005349099099099097,-0.038958357164675356,0.03434593289740009,False,False
A_res_N2,1.5,tod_min,plain,replication,359,0.011051541087449473,-0.055374127061237795,0.08524667969057684,False,False
A_res_N2,1.5,tod_min,plain,pooled,1469,0.0027207911807032247,-0.03099137147883687,0.038025480262509063,False,False
A_raw,0.25,time_to_anchor_s,tod_stratified,discovery,2410,-0.0068645603009392315,-0.046011569492491085,0.03212832560466973,True,False
A_raw,0.25,time_to_anchor_s,plain,discovery,2410,-0.007916695695240672,-0.047049946424407754,0.031057159781214528,True,False
A_raw,0.25,time_to_anchor_s,tod_stratified_excl_last_hour,discovery,2366,-0.00563461149494971,-0.04592349441930867,0.03485738132248251,True,False
A_raw,0.25,time_to_anchor_s,tod_stratified,replication,768,0.0021001759629857585,-0.06487825819841751,0.08094986400127184,True,False
A_raw,0.25,time_to_anchor_s,plain,replication,768,0.002287581699346397,-0.06503199352863674,0.079315238918532,True,False
A_raw,0.25,time_to_anchor_s,tod_stratified_excl_last_hour,replication,757,0.0022198357018963703,-0.06483388063252019,0.08077844907543998,True,False
A_raw,0.25,time_to_anchor_s,tod_stratified,pooled,3178,-0.004489890030221511,-0.03856706655885324,0.028793833443129174,True,False
A_raw,0.25,time_to_anchor_s,plain,pooled,3178,-0.005304918727629115,-0.039157836960026254,0.02855047208200599,True,False
A_raw,0.25,time_to_anchor_s,tod_stratified_excl_last_hour,pooled,3123,-0.003489983105243059,-0.03834550112076268,0.030491043132808995,True,False
A_raw,0.25,pullback_from_mfe,plain,discovery,2356,-0.022920203735144307,-0.0639065584598678,0.0185378891527174,True,False
A_raw,0.25,pullback_from_mfe,plain,replication,757,-0.033868979237300034,-0.11064113285627034,0.045104360076354,True,False
A_raw,0.25,pullback_from_mfe,plain,pooled,3113,-0.025915846264490006,-0.0645515837515677,0.011898853892999543,True,False
A_raw,0.25,mae_before,plain,discovery,2356,0.0,-0.04242164127877105,0.039270322582389695,True,False
A_raw,0.25,mae_before,plain,replication,749,0.005440517954422297,-0.06126058888545108,0.07155851957209892,True,False
A_raw,0.25,mae_before,plain,pooled,3105,0.0012446841613940607,-0.033575689423820256,0.038198441068326885,True,False
A_raw,0.25,ret30,plain,discovery,2356,0.0008488964346349824,-0.04587935525388186,0.04230186174823244,True,False
A_raw,0.25,ret30,plain,replication,771,-0.029204647968869957,-0.09453852286003071,0.033826319643364716,True,False
A_raw,0.25,ret30,plain,pooled,3127,-0.006502458620717855,-0.041012772856523945,0.02766743153565187,True,False
A_raw,0.25,ret15,plain,discovery,2356,0.03480475382003395,-0.006089499776817281,0.07710047225935798,False,False
A_raw,0.25,ret15,plain,replication,761,-0.00750393853127329,-0.07484108722612573,0.05735366524014947,False,False
A_raw,0.25,ret15,plain,pooled,3117,0.024348399623528028,-0.013242043762885366,0.060362287463164,False,False
A_raw,0.25,ret60,plain,discovery,2356,0.06112054329371819,0.01779218806276179,0.10144945466214565,False,True
A_raw,0.25,ret60,plain,replication,777,0.007155635062611798,-0.05627381387748372,0.06344829486283829,False,False
A_raw,0.25,ret60,plain,pooled,3133,0.04773219990871752,0.01178911877804269,0.08302505872729403,False,False
A_raw,0.25,path_eff,plain,discovery,2345,0.010533099975704008,-0.027144326438400975,0.05255056523478057,False,False
A_raw,0.25,path_eff,plain,replication,750,0.01187589335874445,-0.0554135822247488,0.0712543930297075,False,False
A_raw,0.25,path_eff,plain,pooled,3095,0.010759014772400766,-0.023822357358385244,0.04597241045377905,False,False
A_raw,0.25,n_cross,plain,discovery,2697,-0.018628502608624864,-0.056358835484973946,0.020248640420263843,False,False
A_raw,0.25,n_cross,plain,replication,880,0.022590861774933024,-0.04909118246475766,0.09875974702614354,False,False
A_raw,0.25,n_cross,plain,pooled,3577,-0.008414598183870414,-0.04025463307839937,0.027186141939755184,False,False
A_raw,0.25,rv60,plain,discovery,2356,-0.004244482173174857,-0.04055807208430898,0.034677732991218194,False,False
A_raw,0.25,rv60,plain,replication,745,-0.0035609763130199368,-0.06702659382445562,0.06653247644211349,False,False
A_raw,0.25,rv60,plain,pooled,3101,-0.004236653605211249,-0.03677836914741642,0.02976455762612373,False,False
A_raw,0.25,accel,plain,discovery,2356,0.029711375212224108,-0.011786265661468202,0.07250685999343334,False,False
A_raw,0.25,accel,plain,replication,771,-0.003008723278229486,-0.07188334097101824,0.06601980910633914,False,False
A_raw,0.25,accel,plain,pooled,3127,0.021607370044467392,-0.01655550680555776,0.06083281041562753,False,False
A_raw,0.25,fav_share,plain,discovery,2358,0.012426565552273838,-0.025339346565303348,0.053650429652546704,False,False
A_raw,0.25,fav_share,plain,replication,770,0.004159885468088376,-0.06410456357666076,0.07650357612762769,False,False
A_raw,0.25,fav_share,plain,pooled,3128,0.010506988574559784,-0.025226423402044465,0.04482678850454196,False,False
A_raw,0.25,tod_min,plain,discovery,2355,-0.006577950881748396,-0.038955756673021605,0.02746747692962133,False,False
A_raw,0.25,tod_min,plain,replication,751,-0.007482375636533811,-0.073702957302357,0.05564333254868551,False,False
A_raw,0.25,tod_min,plain,pooled,3106,-0.0068142012697949275,-0.03523254989348864,0.021948673188619306,False,False
A_raw,0.5,time_to_anchor_s,tod_stratified,discovery,1932,0.01527242836558119,-0.03201553073834227,0.06181433220464797,True,False
A_raw,0.5,time_to_anchor_s,plain,discovery,1932,0.013385354141656647,-0.03438202696132972,0.06159197484441205,True,False
A_raw,0.5,time_to_anchor_s,tod_stratified_excl_last_hour,discovery,1896,0.016659173967870856,-0.030411464816083394,0.06380884776642945,True,False
A_raw,0.5,time_to_anchor_s,tod_stratified,replication,645,0.00439622421033017,-0.07638338074172193,0.07232809721171778,True,False
A_raw,0.5,time_to_anchor_s,plain,replication,645,0.004701742240683038,-0.07805851587839227,0.07376328247328608,True,False
A_raw,0.5,time_to_anchor_s,tod_stratified_excl_last_hour,replication,638,0.006308585065291808,-0.07745663933061656,0.07561299298445233,True,False
A_raw,0.5,time_to_anchor_s,tod_stratified,pooled,2577,0.011840409395596132,-0.030026443414816542,0.05132201184963038,True,False
A_raw,0.5,time_to_anchor_s,plain,pooled,2577,0.01119045152149667,-0.02998939348647908,0.05055657362513116,True,False
A_raw,0.5,time_to_anchor_s,tod_stratified_excl_last_hour,pooled,2534,0.013232082434018373,-0.028224590479491548,0.05149451275453256,True,False
A_raw,0.5,pullback_from_mfe,plain,discovery,1934,-0.07549120992761121,-0.12003438475281784,-0.030519828859430522,True,True
A_raw,0.5,pullback_from_mfe,plain,replication,625,-0.03220363396917503,-0.11222242416017152,0.045838327240966585,True,False
A_raw,0.5,pullback_from_mfe,plain,pooled,2559,-0.06459504673548166,-0.10614826698362634,-0.023012598642687624,True,True
A_raw,0.5,mae_before,plain,discovery,1934,0.013443640124095158,-0.026392476146799532,0.05669435696256761,True,False
A_raw,0.5,mae_before,plain,replication,649,0.003279779446715481,-0.0813203606045429,0.07839188796301994,True,False
A_raw,0.5,mae_before,plain,pooled,2583,0.01116819017400722,-0.026526907812881275,0.04628522515836025,True,False
A_raw,0.5,ret30,plain,discovery,1934,0.04653567735263703,-0.00017262413343710427,0.09119711766930598,True,False
A_raw,0.5,ret30,plain,replication,618,0.006225305763123967,-0.07271986379289701,0.09136269466780082,True,False
A_raw,0.5,ret30,plain,pooled,2552,0.03683039004687638,-0.003457907583955187,0.07716539157071604,True,False
A_raw,0.5,ret15,plain,discovery,1934,0.06101344364012413,0.014144474407431567,0.105780993849448,False,True
A_raw,0.5,ret15,plain,replication,636,0.0061708860759494,-0.0693522311745421,0.09021965800232055,False,False
A_raw,0.5,ret15,plain,pooled,2570,0.047466087216671726,0.0066166948666629595,0.08990798626201583,False,False
A_raw,0.5,ret60,plain,discovery,1934,0.07445708376421928,0.028749024171627034,0.11371212627803085,False,True
A_raw,0.5,ret60,plain,replication,618,0.019178972300533448,-0.06219325714830384,0.10364178901711381,False,False
A_raw,0.5,ret60,plain,pooled,2552,0.06103265623003818,0.019533893435011458,0.09753256662074433,False,True
A_raw,0.5,path_eff,plain,discovery,1936,0.010314581392345756,-0.03658594399205619,0.05550156267910158,False,False
A_raw,0.5,path_eff,plain,replication,639,0.019011667810569677,-0.056287672139497744,0.1038895485799513,False,False
A_raw,0.5,path_eff,plain,pooled,2575,0.0126295137510512,-0.026407821810769217,0.05520758029609153,False,False
A_raw,0.5,n_cross,plain,discovery,1924,0.011567411280444249,-0.03925892228568627,0.058197407959476005,False,False
A_raw,0.5,n_cross,plain,replication,621,0.050114202657807305,-0.010651005177910568,0.10734315412779971,False,False
A_raw,0.5,n_cross,plain,pooled,2545,0.020978415593506217,-0.01873018802940522,0.05598837674470253,False,False
A_raw,0.5,rv60,plain,discovery,1934,0.04136504653567735,-0.005807912585998612,0.09040433524846402,False,False
A_raw,0.5,rv60,plain,replication,618,0.022397753938987575,-0.05384471413357252,0.09674552153980169,False,False
A_raw,0.5,rv60,plain,pooled,2552,0.036717724584513334,-0.007900692348887113,0.07394033040769787,False,False
A_raw,0.5,accel,plain,discovery,1934,0.06101344364012413,0.014875405769210474,0.10771796898712238,False,True
A_raw,0.5,accel,plain,replication,639,0.0141950273320402,-0.06511533138393384,0.10264474352312435,False,False
A_raw,0.5,accel,plain,pooled,2573,0.04935833917393728,0.00947076400235013,0.09077530005623763,False,False
A_raw,0.5,fav_share,plain,discovery,1937,-0.008799667373852627,-0.05198648270654299,0.034641442619850527,False,False
A_raw,0.5,fav_share,plain,replication,651,-0.010307915950839186,-0.08284065934065932,0.0713397023368275,False,False
A_raw,0.5,fav_share,plain,pooled,2588,-0.009240148301035811,-0.04420458675744195,0.029794746305012106,False,False
A_raw,0.5,tod_min,plain,discovery,1931,-0.018116517269048726,-0.05379547128814056,0.020680395126478457,False,False
A_raw,0.5,tod_min,plain,replication,627,0.00948142414860681,-0.06533318168299337,0.08280731713829242,False,False
A_raw,0.5,tod_min,plain,pooled,2558,-0.011027559729048952,-0.043482617096650536,0.021345961267555478,False,False
A_raw,0.75,time_to_anchor_s,tod_stratified,discovery,1648,-0.014326921904318269,-0.06510990067218761,0.03502557449619409,True,False
A_raw,0.75,time_to_anchor_s,plain,discovery,1648,-0.013975651610337423,-0.06665670498754275,0.03494515217483832,True,False
A_raw,0.75,time_to_anchor_s,tod_stratified_excl_last_hour,discovery,1618,-0.01939824827942889,-0.07202123974373453,0.030689998455092203,True,False
A_raw,0.75,time_to_anchor_s,tod_stratified,replication,557,-0.011205375324522522,-0.10292556393536938,0.0702560622476352,True,False
A_raw,0.75,time_to_anchor_s,plain,replication,557,-0.004517761255679487,-0.09457361601413951,0.0699171971056069,True,False
A_raw,0.75,time_to_anchor_s,tod_stratified_excl_last_hour,replication,552,-0.011534062551441673,-0.1026280128541482,0.06897250483708575,True,False
A_raw,0.75,time_to_anchor_s,tod_stratified,pooled,2205,-0.012196296767990753,-0.0551778013603225,0.029169354274388878,True,False
A_raw,0.75,time_to_anchor_s,plain,pooled,2205,-0.011414999185524466,-0.05385442443212357,0.029698289827317873,True,False
A_raw,0.75,time_to_anchor_s,tod_stratified_excl_last_hour,pooled,2170,-0.01617780861399638,-0.05748153688679644,0.023698637028226534,True,False
A_raw,0.75,pullback_from_mfe,plain,discovery,1632,-0.040441176470588314,-0.0855992421360132,0.006577152807334438,True,False
A_raw,0.75,pullback_from_mfe,plain,replication,530,-0.031726470251060346,-0.10660486354780985,0.03877799445136906,True,False
A_raw,0.75,pullback_from_mfe,plain,pooled,2162,-0.03810224976885934,-0.07923497424271664,0.0007439394218936895,True,False
A_raw,0.75,mae_before,plain,discovery,1632,0.013480392156862808,-0.03178587767314954,0.0632926385808871,True,False
A_raw,0.75,mae_before,plain,replication,551,0.024378988449976213,-0.05834148726160769,0.09152935567633502,True,False
A_raw,0.75,mae_before,plain,pooled,2183,0.01620980495519242,-0.02583553638153974,0.05841084440728651,True,False
A_raw,0.75,ret30,plain,discovery,1632,0.030637254901960783,-0.020854160473730857,0.08201160701921623,True,False
A_raw,0.75,ret30,plain,replication,550,0.016484607745779534,-0.06084262149053085,0.09588591879820868,True,False
A_raw,0.75,ret30,plain,pooled,2182,0.027221069736451886,-0.0177793943499837,0.07115346591555743,True,False
A_raw,0.75,ret15,plain,discovery,1632,0.04656862745098034,0.0010635600608349532,0.0972102491799336,False,False
A_raw,0.75,ret15,plain,replication,556,-0.03700828157349889,-0.13501555474761015,0.06208260089575026,False,False
A_raw,0.75,ret15,plain,pooled,2188,0.025293441351835533,-0.01754262176840115,0.06954997693009816,False,False
A_raw,0.75,ret60,plain,discovery,1632,0.024509803921568655,-0.026603163091433714,0.07852958515684604,False,False
A_raw,0.75,ret60,plain,replication,523,0.005086245024325531,-0.07809573618234593,0.09062035956898763,False,False
A_raw,0.75,ret60,plain,pooled,2155,0.019985281622537432,-0.02217727689151668,0.06047331591094824,False,False
A_raw,0.75,path_eff,plain,discovery,1631,0.015432154456874847,-0.03804275802213045,0.06508693667574068,False,False
A_raw,0.75,path_eff,plain,replication,548,-0.02164179104477615,-0.09239579621468613,0.060826910585760334,False,False
A_raw,0.75,path_eff,plain,pooled,2179,0.006075142716568616,-0.036659875372175674,0.046523218274247824,False,False
A_raw,0.75,n_cross,plain,discovery,1638,0.008193027733398917,-0.04950908001473855,0.06158413720672229,False,False
A_raw,0.75,n_cross,plain,replication,563,0.07516032166123776,0.007652398461385978,0.1408024569966584,False,True
A_raw,0.75,n_cross,plain,pooled,2201,0.02546263318354991,-0.020064557902625544,0.06611174393757684,False,False
A_raw,0.75,rv60,plain,discovery,1632,0.002450980392156854,-0.044029209601319265,0.04857016018824861,False,False
A_raw,0.75,rv60,plain,replication,525,0.06581632653061231,-0.022120284238136622,0.15583281993325118,False,False
A_raw,0.75,rv60,plain,pooled,2157,0.01801942802892187,-0.023622554331448047,0.060957243838787666,False,False
A_raw,0.75,accel,plain,discovery,1632,0.029411764705882363,-0.019312152739755402,0.08301094781712602,False,False
A_raw,0.75,accel,plain,replication,553,-0.05501558774986248,-0.14620697373518687,0.04219166688731697,False,False
A_raw,0.75,accel,plain,pooled,2185,0.007918246824741182,-0.03760437986165303,0.05211902814123351,False,False
A_raw,0.75,fav_share,plain,discovery,1625,-0.006045650645919665,-0.055194379741472496,0.03919005350798046,False,False
A_raw,0.75,fav_share,plain,replication,538,-0.016270060874377434,-0.08858846385929896,0.06548526458362519,False,False
A_raw,0.75,fav_share,plain,pooled,2163,-0.008694336241420242,-0.050957426149001596,0.033285242675205245,False,False
A_raw,0.75,tod_min,plain,discovery,1631,-0.018893600384939258,-0.0614271646359414,0.0207682989710007,False,False
A_raw,0.75,tod_min,plain,replication,524,0.02699706838965621,-0.046169412178611466,0.09794331636336713,False,False
A_raw,0.75,tod_min,plain,pooled,2155,-0.007332141171282003,-0.04310432147460851,0.027833465966393862,False,False
A_raw,1.0,time_to_anchor_s,tod_stratified,discovery,1430,0.022178218924869153,-0.028030430950993446,0.07665956150119553,True,False
A_raw,1.0,time_to_anchor_s,plain,discovery,1430,0.02190894845264013,-0.028558402673791335,0.07463537614573573,True,False
A_raw,1.0,time_to_anchor_s,tod_stratified_excl_last_hour,discovery,1400,0.01542040907927708,-0.03428649193965008,0.06733196310945994,True,False
A_raw,1.0,time_to_anchor_s,tod_stratified,replication,474,0.0221321034706908,-0.06217046159519826,0.10204360428281085,True,False
A_raw,1.0,time_to_anchor_s,plain,replication,474,0.028179564465212522,-0.051248044033746165,0.10405404981491938,True,False
A_raw,1.0,time_to_anchor_s,tod_stratified_excl_last_hour,replication,470,0.025132597286374462,-0.05925714594501283,0.10693345553958028,True,False
A_raw,1.0,time_to_anchor_s,tod_stratified,pooled,1904,0.02285061931330218,-0.0197694547231956,0.06375488519981379,True,False
A_raw,1.0,time_to_anchor_s,plain,pooled,1904,0.023460222884254645,-0.019392385169954764,0.0639872836880804,True,False
A_raw,1.0,time_to_anchor_s,tod_stratified_excl_last_hour,pooled,1870,0.018515834458585883,-0.023700690045703857,0.05916804276562372,True,False
A_raw,1.0,pullback_from_mfe,plain,discovery,1420,-0.029577464788732355,-0.07570944857105283,0.013688622629099497,True,False
A_raw,1.0,pullback_from_mfe,plain,replication,521,-0.050918147787897494,-0.13398451302352654,0.03550196726425969,True,False
A_raw,1.0,pullback_from_mfe,plain,pooled,1941,-0.035438237367602876,-0.07549129435211056,0.005962957294217576,True,False
A_raw,1.0,mae_before,plain,discovery,1420,0.026760563380281654,-0.02156708502506681,0.07529955773608629,True,False
A_raw,1.0,mae_before,plain,replication,490,0.0020000000000000018,-0.07954210299565316,0.07208690912752004,True,False
A_raw,1.0,mae_before,plain,pooled,1910,0.02030701754385955,-0.021554137036637888,0.06105550866109932,True,False
A_raw,1.0,ret30,plain,discovery,1420,0.035211267605633756,-0.004615623897458193,0.0765236595902812,True,False
A_raw,1.0,ret30,plain,replication,474,-0.03714850497747224,-0.125623504025056,0.048055135546408764,True,False
A_raw,1.0,ret30,plain,pooled,1894,0.017276004607529313,-0.024356775337701655,0.05538002505534144,True,False
A_raw,1.0,ret15,plain,discovery,1420,0.05211267605633796,0.009312994149162646,0.09782795964521931,False,True
A_raw,1.0,ret15,plain,replication,475,-0.03742642365789661,-0.13193123124907427,0.057103888124687294,False,False
A_raw,1.0,ret15,plain,pooled,1895,0.029573803068546622,-0.011619755466773653,0.06964291311560006,False,False
A_raw,1.0,ret60,plain,discovery,1420,0.0028169014084507005,-0.04567176632971632,0.04737218456772041,False,False
A_raw,1.0,ret60,plain,replication,463,0.020443598073260905,-0.05710655866800087,0.09749447369309167,False,False
A_raw,1.0,ret60,plain,pooled,1883,0.007052184586503474,-0.031236151966938002,0.04785607725102889,False,False
A_raw,1.0,path_eff,plain,discovery,1420,-0.028169014084507,-0.08399783387355109,0.022618986744534678,False,False
A_raw,1.0,path_eff,plain,replication,464,0.003016591251885359,-0.0713331038707741,0.08381381431334503,False,False
A_raw,1.0,path_eff,plain,pooled,1884,-0.020402527830594375,-0.06175719742008507,0.020252648940005554,False,False
A_raw,1.0,n_cross,plain,discovery,1359,0.008877131099353286,-0.048406588644973575,0.06744900362200434,False,False
A_raw,1.0,n_cross,plain,replication,474,0.029535864978902926,-0.044287709943574366,0.09851313071664584,False,False
A_raw,1.0,n_cross,plain,pooled,1833,0.013930380336277692,-0.033094835788656816,0.05786074660031535,False,False
A_raw,1.0,rv60,plain,discovery,1420,0.047887323943661915,0.0024509215797138164,0.09368164261079792,False,False
A_raw,1.0,rv60,plain,replication,464,-0.034431471703725736,-0.10955826927911977,0.036993182829631426,False,False
A_raw,1.0,rv60,plain,pooled,1884,0.027683111543871042,-0.010358371050088442,0.06637364080189855,False,False
A_raw,1.0,accel,plain,discovery,1420,0.032394366197183055,-0.014552208406901329,0.07975208986879534,False,False
A_raw,1.0,accel,plain,replication,487,-0.06162464985994398,-0.15095738018015506,0.033428596394664035,False,False
A_raw,1.0,accel,plain,pooled,1907,0.008689607229753205,-0.030729197023721122,0.05025458164695161,False,False
A_raw,1.0,fav_share,plain,discovery,1417,-0.005665677231707078,-0.05351080932807463,0.043147689868697346,False,False
A_raw,1.0,fav_share,plain,replication,495,0.0035174399581179294,-0.0657696524453301,0.08507477295609811,False,False
A_raw,1.0,fav_share,plain,pooled,1912,-0.003027029866475739,-0.042884602060483154,0.03944319700190745,False,False
A_raw,1.0,tod_min,plain,discovery,1421,-0.00646587586469205,-0.05192809357174828,0.03889271677752926,False,False
A_raw,1.0,tod_min,plain,replication,453,0.028443230589153434,-0.055176405005450346,0.11733015546983076,False,False
A_raw,1.0,tod_min,plain,pooled,1874,0.0022645257709411615,-0.037971407224112165,0.04006514509056487,False,False
A_raw,1.25,time_to_anchor_s,tod_stratified,discovery,1247,0.046612814299292676,-0.0071755633461057025,0.09485189999877211,True,False
A_raw,1.25,time_to_anchor_s,plain,discovery,1247,0.04614838480653183,-0.008714435841752424,0.09406713670765895,True,False
A_raw,1.25,time_to_anchor_s,tod_stratified_excl_last_hour,discovery,1219,0.043053048778943184,-0.012107780720343617,0.09035556764941939,True,False
A_raw,1.25,time_to_anchor_s,tod_stratified,replication,410,-0.005501217250958575,-0.09848625937531719,0.09062813029866935,True,False
A_raw,1.25,time_to_anchor_s,plain,replication,410,0.004192872117400381,-0.08732290529082007,0.09207605169928251,True,False
A_raw,1.25,time_to_anchor_s,tod_stratified_excl_last_hour,replication,407,-0.0045736032425098775,-0.09849487074724043,0.09237218295169393,True,False
A_raw,1.25,time_to_anchor_s,tod_stratified,pooled,1657,0.034486673492743265,-0.010331612115106024,0.08055447209026569,True,False
A_raw,1.25,time_to_anchor_s,plain,pooled,1657,0.03533695031410622,-0.009473023818344861,0.08106834970207419,True,False
A_raw,1.25,time_to_anchor_s,tod_stratified_excl_last_hour,pooled,1626,0.031964632110262084,-0.014090429541538793,0.07730965677815983,True,False
A_raw,1.25,pullback_from_mfe,plain,discovery,1248,-0.03685897435897434,-0.08722093611646223,0.01551315110466467,True,False
A_raw,1.25,pullback_from_mfe,plain,replication,435,-0.030446005416384647,-0.11748319457292627,0.045771062686745016,True,False
A_raw,1.25,pullback_from_mfe,plain,pooled,1683,-0.0349197830753587,-0.07686551228737225,0.010194230942107141,True,False
A_raw,1.25,mae_before,plain,discovery,1248,0.03525641025641024,-0.015317036410748476,0.08417502802917397,True,False
A_raw,1.25,mae_before,plain,replication,427,-0.010136024572180768,-0.09815094716545723,0.07583747595721417,True,False
A_raw,1.25,mae_before,plain,pooled,1675,0.02362119406219521,-0.021964001080868868,0.06544063115919493,True,False
A_raw,1.25,ret30,plain,discovery,1248,0.008012820512820484,-0.039379781707283124,0.05196286500233774,True,False
A_raw,1.25,ret30,plain,replication,402,0.04568502684430298,-0.0539864703488208,0.1376430957093376,True,False
A_raw,1.25,ret30,plain,pooled,1650,0.01764698966575362,-0.02184279187295429,0.05988736832179023,True,False
A_raw,1.25,ret15,plain,discovery,1248,0.009615384615384581,-0.03873762774596283,0.0584770861145707,False,False
A_raw,1.25,ret15,plain,replication,418,-0.024147200593251705,-0.1233725784453596,0.0690819644212883,False,False
A_raw,1.25,ret15,plain,pooled,1666,0.002223952924887529,-0.04187578187635333,0.04590574741676999,False,False
A_raw,1.25,ret60,plain,discovery,1248,0.0016025641025640969,-0.037008261637636285,0.04245736856973702,False,False
A_raw,1.25,ret60,plain,replication,426,-0.08107389686337063,-0.15018742426381926,-0.0032777866048196392,False,True
A_raw,1.25,ret60,plain,pooled,1674,-0.019901648332819266,-0.0558468824548373,0.01647171627938094,False,False
A_raw,1.25,path_eff,plain,discovery,1248,-0.024038461538461564,-0.07070753805836169,0.02676846128991524,False,False
A_raw,1.25,path_eff,plain,replication,414,-0.002388479100807861,-0.08764691930143667,0.08416960295909313,False,False
A_raw,1.25,path_eff,plain,pooled,1662,-0.01811513911158036,-0.061947549064993244,0.026260583429644987,False,False
A_raw,1.25,n_cross,plain,discovery,1333,0.015391014975041584,-0.03971570439091131,0.06844054067040162,False,False
A_raw,1.25,n_cross,plain,replication,461,0.007228371357578478,-0.07929767594201723,0.09202856000987615,False,False
A_raw,1.25,n_cross,plain,pooled,1794,0.012461483652818406,-0.029121451461435677,0.056389464017324295,False,False
A_raw,1.25,rv60,plain,discovery,1248,0.038461538461538436,-0.004778428269373428,0.0825249766338995,False,False
A_raw,1.25,rv60,plain,replication,390,-0.01717032967032961,-0.12098040721202481,0.09254442202786865,False,False
A_raw,1.25,rv60,plain,pooled,1638,0.025201612903225756,-0.015796800097654787,0.06546994181875204,False,False
A_raw,1.25,accel,plain,discovery,1248,0.01602564102564097,-0.03530363437900964,0.06596915181483312,False,False
A_raw,1.25,accel,plain,replication,424,-0.043115942028985506,-0.13124243092306798,0.05035401457942069,False,False
A_raw,1.25,accel,plain,pooled,1672,0.002750275027502691,-0.04540106048097337,0.04606622047246583,False,False
A_raw,1.25,fav_share,plain,discovery,1249,-0.022066779829640115,-0.07222843185096342,0.027587010692023777,False,False
A_raw,1.25,fav_share,plain,replication,433,-0.00010674181290293294,-0.0893541930046354,0.08948051772630149,False,False
A_raw,1.25,fav_share,plain,pooled,1682,-0.016286027781548307,-0.06163863388487385,0.03122897139465375,False,False
A_raw,1.25,tod_min,plain,discovery,1247,0.00224571693162523,-0.04385499731784044,0.04693447565467623,False,False
A_raw,1.25,tod_min,plain,replication,409,0.04100244147637511,-0.037385859720363845,0.12491684616249174,False,False
A_raw,1.25,tod_min,plain,pooled,1656,0.012297880038046105,-0.025473286500850942,0.05303411034000902,False,False
A_raw,1.5,time_to_anchor_s,tod_stratified,discovery,1113,0.02037063263153408,-0.019197575912339043,0.05925073940359266,True,False
A_raw,1.5,time_to_anchor_s,plain,discovery,1113,0.018386365544454608,-0.02211023359636337,0.05701182112017555,True,False
A_raw,1.5,time_to_anchor_s,tod_stratified_excl_last_hour,discovery,1088,0.0192055167896547,-0.02033721339609431,0.05879369942491934,True,False
A_raw,1.5,time_to_anchor_s,tod_stratified,replication,364,-0.01660006660006652,-0.10343084992410473,0.08404529032890831,True,False
A_raw,1.5,time_to_anchor_s,plain,replication,364,-0.008583172147001994,-0.09349995232646832,0.08165668730700709,True,False
A_raw,1.5,time_to_anchor_s,tod_stratified_excl_last_hour,replication,361,-0.014324087731289877,-0.1037496625400238,0.08861469775053427,True,False
A_raw,1.5,time_to_anchor_s,tod_stratified,pooled,1477,0.011672925388431734,-0.025145496127973427,0.04506148314353092,True,False
A_raw,1.5,time_to_anchor_s,plain,pooled,1477,0.011051212938005373,-0.025219470275366668,0.04477586002677072,True,False
A_raw,1.5,time_to_anchor_s,tod_stratified_excl_last_hour,pooled,1449,0.011207844173556091,-0.027363526379669264,0.0457826466376405,True,False
A_raw,1.5,pullback_from_mfe,plain,discovery,1110,-0.003603603603603678,-0.04811132233086021,0.042002851092645524,True,False
A_raw,1.5,pullback_from_mfe,plain,replication,382,-0.012802197802197714,-0.08865745122080004,0.07051435655163757,True,False
A_raw,1.5,pullback_from_mfe,plain,pooled,1492,-0.005529846253380821,-0.045065553808641835,0.035505090335245876,True,False
A_raw,1.5,mae_before,plain,discovery,1110,-0.010810810810810811,-0.05292238811715497,0.032793041355130455,True,False
A_raw,1.5,mae_before,plain,replication,383,-0.029984721161191663,-0.11247462598247938,0.06178399813320123,True,False
A_raw,1.5,mae_before,plain,pooled,1493,-0.015463658518202084,-0.05569642543618173,0.02266024499328468,True,False
A_raw,1.5,ret30,plain,discovery,1110,0.009009009009009028,-0.033133885637547995,0.05040239128465045,True,False
A_raw,1.5,ret30,plain,replication,350,0.020537864597270472,-0.05475130497586712,0.0939707167832168,True,False
A_raw,1.5,ret30,plain,pooled,1460,0.012719595769029146,-0.023357272141100744,0.04907661738044031,True,False
A_raw,1.5,ret15,plain,discovery,1110,0.03423423423423422,-0.0035309189601960464,0.07258786658685197,False,False
A_raw,1.5,ret15,plain,replication,356,-0.015460729746444081,-0.09797807617101095,0.06996275783040493,False,False
A_raw,1.5,ret15,plain,pooled,1466,0.024164317358034593,-0.009723408519856522,0.060884860316878064,False,False
A_raw,1.5,ret60,plain,discovery,1110,-0.003603603603603567,-0.042381204296089,0.038934095240620255,False,False
A_raw,1.5,ret60,plain,replication,358,0.008227351232532598,-0.06288024949198467,0.08791127782004321,False,False
A_raw,1.5,ret60,plain,pooled,1468,-0.0005273321449792423,-0.03539783173000104,0.03463145514383551,False,False
A_raw,1.5,path_eff,plain,discovery,1109,-0.011100269945035213,-0.04918491938383585,0.02780695572805519,False,False
A_raw,1.5,path_eff,plain,replication,374,0.010244963369963278,-0.07414826975788032,0.0921029948647097,False,False
A_raw,1.5,path_eff,plain,pooled,1483,-0.0051983295500844795,-0.039752383939634,0.031728924131678174,False,False
A_raw,1.5,n_cross,plain,discovery,1113,-0.004032231691444399,-0.04496344052277355,0.03821110953155045,False,False
A_raw,1.5,n_cross,plain,replication,392,0.01791666666666658,-0.06720941887554127,0.10590433235752436,False,False
A_raw,1.5,n_cross,plain,pooled,1505,0.0008596845331538816,-0.037586488273299655,0.03847795408095509,False,False
A_raw,1.5,rv60,plain,discovery,1110,0.021621621621621623,-0.015064961523144701,0.06182107379282413,False,False
A_raw,1.5,rv60,plain,replication,354,0.006850879196163561,-0.07495336542644666,0.08876633866262967,False,False
A_raw,1.5,rv60,plain,pooled,1464,0.018626622915529967,-0.015506775958131451,0.055424921518620614,False,False
A_raw,1.5,accel,plain,discovery,1110,0.05585585585585584,0.016263466151426667,0.0951402156932115,False,True
A_raw,1.5,accel,plain,replication,345,-0.01999588420908216,-0.09825324589295184,0.06170163395997411,False,False
A_raw,1.5,accel,plain,pooled,1455,0.03851086528858083,0.004305765236291817,0.07442544288045526,False,False
A_raw,1.5,fav_share,plain,discovery,1109,0.014128207630012657,-0.02952658737296355,0.05557177998942652,False,False
A_raw,1.5,fav_share,plain,replication,386,0.028684231729917076,-0.06513204330544105,0.11462781225427054,False,False
A_raw,1.5,fav_share,plain,pooled,1495,0.017669988402559955,-0.021595121489158264,0.05830289793611791,False,False
A_raw,1.5,tod_min,plain,discovery,1110,-0.005405405405405461,-0.04399365943731404,0.028421700853422386,False,False
A_raw,1.5,tod_min,plain,replication,359,0.0179503105590062,-0.05093829783573751,0.092072474658753,False,False
A_raw,1.5,tod_min,plain,pooled,1469,0.0007544441766920151,-0.03203764871351957,0.036547561685570315,False,False
B_res_N3,0.25,time_to_anchor_s,tod_stratified,discovery,2644,-0.03958655599165335,-0.0773684743246998,-0.0035429760644398707,True,False
B_res_N3,0.25,time_to_anchor_s,plain,discovery,2644,-0.04135631955484897,-0.07953542227508842,-0.005552468419818411,True,False
B_res_N3,0.25,time_to_anchor_s,tod_stratified_excl_last_hour,discovery,2576,-0.03836946065133594,-0.07803762902351032,-0.0016129128486834453,True,False
B_res_N3,0.25,time_to_anchor_s,tod_stratified,replication,867,-0.026285696117460514,-0.09109350574767683,0.033660180610849605,True,False
B_res_N3,0.25,time_to_anchor_s,plain,replication,867,-0.028374546339853982,-0.09155157994366807,0.031869593853460214,True,False
B_res_N3,0.25,time_to_anchor_s,tod_stratified_excl_last_hour,replication,848,-0.020902103855126128,-0.08567111309735773,0.040754569649835454,True,False
B_res_N3,0.25,time_to_anchor_s,tod_stratified,pooled,3511,-0.03671898025068188,-0.06998530981394185,-0.005036075871700202,True,False
B_res_N3,0.25,time_to_anchor_s,plain,pooled,3511,-0.03849603667445939,-0.07145316176730634,-0.006097477742566487,True,False
B_res_N3,0.25,time_to_anchor_s,tod_stratified_excl_last_hour,pooled,3424,-0.03427795230525615,-0.06731120719301156,-0.0014896848598554033,True,False
B_res_N3,0.25,pullback_from_mfe,plain,discovery,2586,0.015069122196442382,-0.026558782279552214,0.05844723840823573,True,False
B_res_N3,0.25,pullback_from_mfe,plain,replication,844,0.016633007847634468,-0.05312394057744759,0.08433966486566238,True,False
B_res_N3,0.25,pullback_from_mfe,plain,pooled,3430,0.015378917973947213,-0.021404556275463393,0.05228814656315267,True,False
B_res_N3,0.25,mae_before,plain,discovery,2586,-0.002900232018561485,-0.03830719164899713,0.03219397042323825,True,False
B_res_N3,0.25,mae_before,plain,replication,844,0.016814121209566366,-0.05099705380400113,0.0838866129032615,True,False
B_res_N3,0.25,mae_before,plain,pooled,3430,0.0016757373882034209,-0.02822160717356765,0.0317829256128127,True,False
B_res_N3,0.25,ret30,plain,discovery,2586,-0.030138244392884768,-0.07218782029423465,0.009312548759864061,True,False
B_res_N3,0.25,ret30,plain,replication,871,-0.054213797922269685,-0.11697415699718262,0.0017965311921203796,True,False
B_res_N3,0.25,ret30,plain,pooled,3457,-0.03624683994146633,-0.06915234806656162,-0.001563892539084481,True,False
B_res_N3,0.25,ret15,plain,discovery,2586,0.0019334880123743244,-0.038691921563908334,0.04283435834612091,False,False
B_res_N3,0.25,ret15,plain,replication,859,-0.021477252005835158,-0.09476842892252253,0.048515969160808595,False,False
B_res_N3,0.25,ret15,plain,pooled,3445,-0.004422698061525496,-0.03894590470619761,0.029511334272510025,False,False
B_res_N3,0.25,ret60,plain,discovery,2586,0.00633217324052591,-0.04209186141426588,0.047886121136909106,False,False
B_res_N3,0.25,ret60,plain,replication,864,-0.017484973432062755,-0.06620377704868963,0.03500321489615582,False,False
B_res_N3,0.25,ret60,plain,pooled,3450,0.00035267134576192835,-0.035900234013283204,0.035149455406426944,False,False
B_res_N3,0.25,path_eff,plain,discovery,2587,0.025108786846886694,-0.007668569397210472,0.058285170341886405,False,False
B_res_N3,0.25,path_eff,plain,replication,849,0.0029051054384017783,-0.061680683058334934,0.07004000703230462,False,False
B_res_N3,0.25,path_eff,plain,pooled,3436,0.019593565550734316,-0.010420808352961995,0.04746135428546054,False,False
B_res_N3,0.25,n_cross,plain,discovery,2963,-0.03864776264948919,-0.07502021421972421,-0.004663605703030188,False,False
B_res_N3,0.25,n_cross,plain,replication,990,0.02536574868638533,-0.03149328659659505,0.08231933897680001,False,False
B_res_N3,0.25,n_cross,plain,pooled,3953,-0.022537331111970177,-0.05347432578169254,0.007459070540975992,False,False
B_res_N3,0.25,rv60,plain,discovery,2586,-0.0277334686774942,-0.06179140054437969,0.008645225877183233,False,False
B_res_N3,0.25,rv60,plain,replication,832,0.025683268590455048,-0.04949543831439075,0.09558784145553553,False,False
B_res_N3,0.25,rv60,plain,pooled,3418,-0.01484816286250474,-0.045609707700825855,0.019404498707520753,False,False
B_res_N3,0.25,accel,plain,discovery,2586,0.004809551430781132,-0.03550162387378467,0.044603973147841945,False,False
B_res_N3,0.25,accel,plain,replication,873,-0.011922254415011036,-0.08801924493560731,0.05927643914562217,False,False
B_res_N3,0.25,accel,plain,pooled,3459,0.0005463451110669787,-0.0356886360218268,0.03515841658382051,False,False
B_res_N3,0.25,fav_share,plain,discovery,2581,0.008607652574421273,-0.024479936384914556,0.04360628600942478,False,False
B_res_N3,0.25,fav_share,plain,replication,863,-0.01945790740800551,-0.08612752157732799,0.04917390306547103,False,False
B_res_N3,0.25,fav_share,plain,pooled,3444,0.002000402436289,-0.02741880146425801,0.0314553285115957,False,False
B_res_N3,0.25,tod_min,plain,discovery,2589,-0.02523139445369426,-0.06046110429644598,0.006151835315901674,False,False
B_res_N3,0.25,tod_min,plain,replication,846,-0.030977531857813545,-0.09463139571366579,0.032625974290217546,False,False
B_res_N3,0.25,tod_min,plain,pooled,3435,-0.02663361301805238,-0.0560952330615778,0.004790535716300647,False,False
B_res_N3,0.5,time_to_anchor_s,tod_stratified,discovery,2278,-0.025963282993853355,-0.0654481610939994,0.01489024823692108,True,False
B_res_N3,0.5,time_to_anchor_s,plain,discovery,2278,-0.027206038092719806,-0.0676024559046401,0.013508499895955633,True,False
B_res_N3,0.5,time_to_anchor_s,tod_stratified_excl_last_hour,discovery,2217,-0.027890279420132207,-0.0689169532164706,0.012939908262464632,True,False
B_res_N3,0.5,time_to_anchor_s,tod_stratified,replication,764,-0.02288017773801731,-0.09145304406061266,0.0429723595204533,True,False
B_res_N3,0.5,time_to_anchor_s,plain,replication,764,-0.023570307359069977,-0.09150498138090724,0.04101224643037464,True,False
B_res_N3,0.5,time_to_anchor_s,tod_stratified_excl_last_hour,replication,744,-0.018324423436934852,-0.08774741056948461,0.0489458207280227,True,False
B_res_N3,0.5,time_to_anchor_s,tod_stratified,pooled,3042,-0.02514047531235279,-0.06267267917441081,0.007732130976166567,True,False
B_res_N3,0.5,time_to_anchor_s,plain,pooled,3042,-0.026481116309076885,-0.0642038344086637,0.006491858720141991,True,False
B_res_N3,0.5,time_to_anchor_s,tod_stratified_excl_last_hour,pooled,2961,-0.02536053597122556,-0.06424934104777759,0.008492728793823031,True,False
B_res_N3,0.5,pullback_from_mfe,plain,discovery,2262,-0.017047966401414677,-0.05760951905443557,0.021658811527495367,True,False
B_res_N3,0.5,pullback_from_mfe,plain,replication,733,0.015481563504522691,-0.05417146126802353,0.08378927541105982,True,False
B_res_N3,0.5,pullback_from_mfe,plain,pooled,2995,-0.008853486456457182,-0.047149663734835666,0.02820594466213424,True,False
B_res_N3,0.5,mae_before,plain,discovery,2262,-0.013096816976127322,-0.05096458689502263,0.02862616297660714,True,False
B_res_N3,0.5,mae_before,plain,replication,764,-0.00365915396116678,-0.06803782012369802,0.05718043221167184,True,False
B_res_N3,0.5,mae_before,plain,pooled,3026,-0.010626961514131636,-0.04277919379617346,0.02021215126170271,True,False
B_res_N3,0.5,ret30,plain,discovery,2262,0.029011936339522548,-0.012118181107065749,0.06704312890647501,True,False
B_res_N3,0.5,ret30,plain,replication,744,0.011468511505550418,-0.05645549402293327,0.08287879993805292,True,False
B_res_N3,0.5,ret30,plain,pooled,3006,0.02471203430023909,-0.009677773915715117,0.05872062152875395,True,False
B_res_N3,0.5,ret15,plain,discovery,2262,0.045410587975243145,0.0039082020423248515,0.09106195352845944,False,False
B_res_N3,0.5,ret15,plain,replication,744,0.024602295336975,-0.04313772195341275,0.0948746604515133,False,False
B_res_N3,0.5,ret15,plain,pooled,3006,0.040383213839847,0.006715199758882564,0.07611125822221959,False,False
B_res_N3,0.5,ret60,plain,discovery,2262,0.012033045977011495,-0.026479983153012514,0.050592284941847095,False,False
B_res_N3,0.5,ret60,plain,replication,738,0.015615360605170388,-0.047845336051442894,0.07832848992246677,False,False
B_res_N3,0.5,ret60,plain,pooled,3000,0.012907214069872918,-0.020554931445386452,0.04363565420498767,False,False
B_res_N3,0.5,path_eff,plain,discovery,2262,0.03511825817860301,-0.006645101326999332,0.08058328815083347,False,False
B_res_N3,0.5,path_eff,plain,replication,767,0.012279176045290226,-0.04866559587958877,0.08300973663087897,False,False
B_res_N3,0.5,path_eff,plain,pooled,3029,0.029742701454443653,-0.003974640525138319,0.06705871572788591,False,False
B_res_N3,0.5,n_cross,plain,discovery,2443,-0.02454562282825796,-0.0693013784112936,0.01690398927185795,False,False
B_res_N3,0.5,n_cross,plain,replication,796,0.04013319143446853,-0.023863187477515042,0.10272847857207115,False,False
B_res_N3,0.5,n_cross,plain,pooled,3239,-0.008677164000843847,-0.04285452549564218,0.022831507272529104,False,False
B_res_N3,0.5,rv60,plain,discovery,2262,0.02220103890362511,-0.020267661061981745,0.06462042373241865,False,False
B_res_N3,0.5,rv60,plain,replication,723,0.03207885218922229,-0.0460641377631076,0.1052143695534537,False,False
B_res_N3,0.5,rv60,plain,pooled,2985,0.02457610114908369,-0.010665922836673636,0.060727429839856656,False,False
B_res_N3,0.5,accel,plain,discovery,2262,0.06722480106100795,0.02723422811780132,0.1098945561062123,False,True
B_res_N3,0.5,accel,plain,replication,753,0.02056019188673916,-0.04102406462157773,0.08911212697045233,False,False
B_res_N3,0.5,accel,plain,pooled,3015,0.05564367884250474,0.02178952649569554,0.09142663638813094,False,True
B_res_N3,0.5,fav_share,plain,discovery,2251,0.020978530075597534,-0.017886590614470767,0.05756479116917463,False,False
B_res_N3,0.5,fav_share,plain,replication,769,0.0061189831161978965,-0.06041295560212239,0.07522339785862385,False,False
B_res_N3,0.5,fav_share,plain,pooled,3020,0.017141884904240373,-0.016160964540808263,0.05027708348146408,False,False
B_res_N3,0.5,tod_min,plain,discovery,2264,-0.033753808266278974,-0.07250971789552953,0.003202052163980482,False,False
B_res_N3,0.5,tod_min,plain,replication,747,-0.043793054938280465,-0.11697683614289242,0.026130184526598134,False,False
B_res_N3,0.5,tod_min,plain,pooled,3011,-0.036241445064874554,-0.06732223859608609,-0.00160560892734781,False,False
B_res_N3,0.75,time_to_anchor_s,tod_stratified,discovery,1990,-0.027473906169591045,-0.0695365061926482,0.014107067849960216,True,False
B_res_N3,0.75,time_to_anchor_s,plain,discovery,1990,-0.029117112192919455,-0.07144263041315532,0.012830509018157311,True,False
B_res_N3,0.75,time_to_anchor_s,tod_stratified_excl_last_hour,discovery,1932,-0.034265390487914306,-0.07519051578502707,0.00670951077041179,True,False
B_res_N3,0.75,time_to_anchor_s,tod_stratified,replication,669,-0.01605106237917635,-0.09440296075621606,0.05845863735723393,True,False
B_res_N3,0.75,time_to_anchor_s,plain,replication,669,-0.01609308729576406,-0.0917611315241025,0.05658888438869621,True,False
B_res_N3,0.75,time_to_anchor_s,tod_stratified_excl_last_hour,replication,657,-0.011718064346894866,-0.09005301926524387,0.06399572747583925,True,False
B_res_N3,0.75,time_to_anchor_s,tod_stratified,pooled,2659,-0.024095246203071997,-0.059849535452107916,0.011042600343815611,True,False
B_res_N3,0.75,time_to_anchor_s,plain,pooled,2659,-0.025667353271317795,-0.06176503369155393,0.008786628074035175,True,False
B_res_N3,0.75,time_to_anchor_s,tod_stratified_excl_last_hour,pooled,2589,-0.02812975691716461,-0.06442221975132044,0.007699175192475611,True,False
B_res_N3,0.75,pullback_from_mfe,plain,discovery,1991,0.015319743168654516,-0.027199463425376217,0.05867786951775365,True,False
B_res_N3,0.75,pullback_from_mfe,plain,replication,651,0.026113239017867308,-0.05484538127956648,0.09984294460923807,True,False
B_res_N3,0.75,pullback_from_mfe,plain,pooled,2642,0.018059455882218065,-0.020902090789680725,0.055807451393992104,True,False
B_res_N3,0.75,mae_before,plain,discovery,1991,-0.020988381919638352,-0.059805353231059837,0.016446281097500137,True,False
B_res_N3,0.75,mae_before,plain,replication,674,0.017648726928329146,-0.05595761743144212,0.08760522400751192,True,False
B_res_N3,0.75,mae_before,plain,pooled,2665,-0.01109808297343147,-0.04703202516970127,0.023697796016192204,True,False
B_res_N3,0.75,ret30,plain,discovery,1991,-0.006404244490524912,-0.05018402584390986,0.03765216363451347,True,False
B_res_N3,0.75,ret30,plain,replication,667,-0.00038601253689970333,-0.06996414453006794,0.07916334053208189,True,False
B_res_N3,0.75,ret30,plain,pooled,2658,-0.004775864607161461,-0.04201717621163449,0.03293087616648291,True,False
B_res_N3,0.75,ret15,plain,discovery,1991,0.03894264242901253,-0.008209958784169451,0.08988315850196882,False,False
B_res_N3,0.75,ret15,plain,replication,672,-0.03231824827219564,-0.11728844061654405,0.05009685671804399,False,False
B_res_N3,0.75,ret15,plain,pooled,2663,0.02103238605917026,-0.02326536671321092,0.06258774198059826,False,False
B_res_N3,0.75,ret60,plain,discovery,1991,-0.029964928810720267,-0.07442373304660094,0.013965617555357026,False,False
B_res_N3,0.75,ret60,plain,replication,653,-0.012080828618576143,-0.07183494807041685,0.05200072881139546,False,False
B_res_N3,0.75,ret60,plain,pooled,2644,-0.025521032471947928,-0.061877320041002964,0.009573120980456373,False,False
B_res_N3,0.75,path_eff,plain,discovery,1987,0.02220579783817409,-0.019561152144667433,0.06684202135359708,False,False
B_res_N3,0.75,path_eff,plain,replication,668,-0.014273066937501681,-0.08718275502985305,0.05933723940416805,False,False
B_res_N3,0.75,path_eff,plain,pooled,2655,0.013012430440718977,-0.021927167330724452,0.05054281995961742,False,False
B_res_N3,0.75,n_cross,plain,discovery,2142,-0.008590804642467673,-0.060789954131073395,0.03779299698879449,False,False
B_res_N3,0.75,n_cross,plain,replication,720,0.08081657925407926,0.010147841419308972,0.14781903967762056,False,True
B_res_N3,0.75,n_cross,plain,pooled,2862,0.014073497756845531,-0.02378288780543714,0.04954900686619318,False,False
B_res_N3,0.75,rv60,plain,discovery,1991,0.0023315781972109567,-0.03871805761038241,0.04291811485509296,False,False
B_res_N3,0.75,rv60,plain,replication,629,0.09705882352941177,0.01620113764610341,0.18573348247787452,False,True
B_res_N3,0.75,rv60,plain,pooled,2620,0.024968426173354222,-0.013322319697480944,0.06344733579849622,False,False
B_res_N3,0.75,accel,plain,discovery,1991,0.03781892645960727,-0.009422471398348505,0.08891734819606956,False,False
B_res_N3,0.75,accel,plain,replication,672,-0.037880939567886476,-0.12393624169747386,0.040936446032294765,False,False
B_res_N3,0.75,accel,plain,pooled,2663,0.018772156744957358,-0.023457518533434522,0.057413871000909854,False,False
B_res_N3,0.75,fav_share,plain,discovery,1991,0.019831161959395372,-0.017920345171226145,0.05619307614468605,False,False
B_res_N3,0.75,fav_share,plain,replication,671,-0.023625965521225912,-0.0912577674085074,0.05051660379217227,False,False
B_res_N3,0.75,fav_share,plain,pooled,2662,0.008779788113204994,-0.024791062658514967,0.04413077247959806,False,False
B_res_N3,0.75,tod_min,plain,discovery,1992,-0.037473664314516125,-0.08084942899526468,0.0025750875036346884,False,False
B_res_N3,0.75,tod_min,plain,replication,649,-0.011304366413954284,-0.08163131165387406,0.05558100817608921,False,False
B_res_N3,0.75,tod_min,plain,pooled,2641,-0.030947296485452597,-0.06543461567666076,0.006998941776144092,False,False
B_res_N3,1.0,time_to_anchor_s,tod_stratified,discovery,1774,-0.027202799199053534,-0.0750478854686872,0.01988887819150673,True,False
B_res_N3,1.0,time_to_anchor_s,plain,discovery,1774,-0.030337978144681067,-0.07778072294443428,0.015840771457934853,True,False
B_res_N3,1.0,time_to_anchor_s,tod_stratified_excl_last_hour,discovery,1727,-0.034332059791197495,-0.08367587665638997,0.011678636705105924,True,False
B_res_N3,1.0,time_to_anchor_s,tod_stratified,replication,559,-0.006597420322878382,-0.08658439934042551,0.07775220461229335,True,False
B_res_N3,1.0,time_to_anchor_s,plain,replication,559,-0.008874823514311386,-0.08325599500929035,0.06823664728826112,True,False
B_res_N3,1.0,time_to_anchor_s,tod_stratified_excl_last_hour,replication,546,-0.0004591105773304889,-0.08210194758649998,0.08819816330351775,True,False
B_res_N3,1.0,time_to_anchor_s,tod_stratified,pooled,2333,-0.02212173997457381,-0.05993112046676265,0.017430378295741275,True,False
B_res_N3,1.0,time_to_anchor_s,plain,pooled,2333,-0.02525979996560255,-0.06367991617958886,0.013717305490810126,True,False
B_res_N3,1.0,time_to_anchor_s,tod_stratified_excl_last_hour,pooled,2273,-0.02610578039746558,-0.0646992385703555,0.013540511894397034,True,False
B_res_N3,1.0,pullback_from_mfe,plain,discovery,1773,0.021850529087063964,-0.020730657647927114,0.06456658715020568,True,False
B_res_N3,1.0,pullback_from_mfe,plain,replication,632,-0.03614763212977499,-0.10690187760768521,0.027054888193659733,True,False
B_res_N3,1.0,pullback_from_mfe,plain,pooled,2405,0.0072927295918367345,-0.028526069529682223,0.041457640451871364,True,False
B_res_N3,1.0,mae_before,plain,discovery,1773,-0.024393849840052325,-0.0696922453654383,0.0218671414339458,True,False
B_res_N3,1.0,mae_before,plain,replication,594,0.0006313131313131319,-0.0873842430412241,0.08357791410621757,True,False
B_res_N3,1.0,mae_before,plain,pooled,2367,-0.018112667526730027,-0.05644587702888566,0.01802202088449896,True,False
B_res_N3,1.0,ret30,plain,discovery,1773,0.03834998447604093,-0.00040722158951859636,0.08080383509801804,True,False
B_res_N3,1.0,ret30,plain,replication,584,-0.033872003424657536,-0.10555526606809515,0.04152001100711503,True,False
B_res_N3,1.0,ret30,plain,pooled,2357,0.02045191719911698,-0.015817848369089907,0.057603713105622394,True,False
B_res_N3,1.0,ret15,plain,discovery,1773,0.05740480918254903,0.017391737243125437,0.10097700250898947,False,True
B_res_N3,1.0,ret15,plain,replication,592,-0.00819462200509092,-0.08346928970517739,0.06834401096858499,False,False
B_res_N3,1.0,ret15,plain,pooled,2365,0.04106639277934397,0.004694160892668424,0.07868786661006981,False,False
B_res_N3,1.0,ret60,plain,discovery,1773,0.015940131597364494,-0.0223809687814933,0.05743972016538665,False,False
B_res_N3,1.0,ret60,plain,replication,573,0.031806360585723004,-0.03629066864667492,0.10556503615466382,False,False
B_res_N3,1.0,ret60,plain,pooled,2346,0.019651679231404384,-0.01490638258432802,0.05534614685193349,False,False
B_res_N3,1.0,path_eff,plain,discovery,1773,0.018974003889896958,-0.02482028991899466,0.06377884376872898,False,False
B_res_N3,1.0,path_eff,plain,replication,561,-0.022128840488215486,-0.10886796142087173,0.05795904777413915,False,False
B_res_N3,1.0,path_eff,plain,pooled,2334,0.009292904487367804,-0.029229875142572605,0.04654623659778892,False,False
B_res_N3,1.0,n_cross,plain,discovery,1815,-0.01997413315563161,-0.06716530429203615,0.026493561244271695,False,False
B_res_N3,1.0,n_cross,plain,replication,613,0.0601891597985348,-0.010738248144594011,0.13064683496804563,False,False
B_res_N3,1.0,n_cross,plain,pooled,2428,0.0002619714183957518,-0.038439153461274786,0.03801080237307542,False,False
B_res_N3,1.0,rv60,plain,discovery,1773,0.04693017288218842,0.0001562842763509902,0.0949881570795473,False,False
B_res_N3,1.0,rv60,plain,replication,558,0.03592423702455776,-0.0447767031410406,0.11560101806779535,False,False
B_res_N3,1.0,rv60,plain,pooled,2331,0.04386688758757535,0.0064037288492462185,0.083186346986799,False,False
B_res_N3,1.0,accel,plain,discovery,1773,0.04006298814580306,-0.0019420336233464306,0.08776142051295582,False,False
B_res_N3,1.0,accel,plain,replication,595,-0.04753984467020024,-0.12035081508775641,0.031088518293101167,False,False
B_res_N3,1.0,accel,plain,pooled,2368,0.018555191237922104,-0.020916940176914207,0.06005876129230646,False,False
B_res_N3,1.0,fav_share,plain,discovery,1774,0.02477564860289183,-0.021842555040766185,0.06804268558896867,False,False
B_res_N3,1.0,fav_share,plain,replication,581,-0.009086713953874233,-0.0937864641221627,0.0854190152835108,False,False
B_res_N3,1.0,fav_share,plain,pooled,2355,0.016413278785360978,-0.019227949306794154,0.05513358234340362,False,False
B_res_N3,1.0,tod_min,plain,discovery,1769,-0.026381794732173214,-0.0725523351749921,0.01819289410304882,False,False
B_res_N3,1.0,tod_min,plain,replication,568,-0.008882090945169972,-0.07871410595355015,0.062059818797489494,False,False
B_res_N3,1.0,tod_min,plain,pooled,2337,-0.02204728588786936,-0.059559569072284914,0.016757132142579765,False,False
B_res_N3,1.25,time_to_anchor_s,tod_stratified,discovery,1569,-0.013063720608354723,-0.06389872482571791,0.036434205695923746,True,False
B_res_N3,1.25,time_to_anchor_s,plain,discovery,1569,-0.0127672351950006,-0.06281024652048486,0.0352620931553498,True,False
B_res_N3,1.25,time_to_anchor_s,tod_stratified_excl_last_hour,discovery,1520,-0.014789642407721846,-0.06773293830907917,0.03564788336768803,True,False
B_res_N3,1.25,time_to_anchor_s,tod_stratified,replication,499,-0.05203710879529172,-0.13873010004071523,0.04291537443327754,True,False
B_res_N3,1.25,time_to_anchor_s,plain,replication,499,-0.05153433463466359,-0.13308708064190347,0.03741889372159139,True,False
B_res_N3,1.25,time_to_anchor_s,tod_stratified_excl_last_hour,replication,492,-0.04677912054724308,-0.1345557401693494,0.05243199960647474,True,False
B_res_N3,1.25,time_to_anchor_s,tod_stratified,pooled,2068,-0.022409925765946883,-0.0641523112509562,0.02115710665572791,True,False
B_res_N3,1.25,time_to_anchor_s,plain,pooled,2068,-0.022183268858800776,-0.06382695947462264,0.022184282808486163,True,False
B_res_N3,1.25,time_to_anchor_s,tod_stratified_excl_last_hour,pooled,2012,-0.022530474301544354,-0.06472979709019092,0.022234949849654646,True,False
B_res_N3,1.25,pullback_from_mfe,plain,discovery,1571,0.008071840407772972,-0.037440316802406955,0.051333531483061315,True,False
B_res_N3,1.25,pullback_from_mfe,plain,replication,531,-0.0015596097751849752,-0.0678926293138956,0.06391849543735316,True,False
B_res_N3,1.25,pullback_from_mfe,plain,pooled,2102,0.005764737281505568,-0.028792038746579023,0.04692624267243479,True,False
B_res_N3,1.25,mae_before,plain,discovery,1571,-0.019626201358162756,-0.06576691773827992,0.024865842388103555,True,False
B_res_N3,1.25,mae_before,plain,replication,546,-0.023646880410129776,-0.11460945433936644,0.06646249602304187,True,False
B_res_N3,1.25,mae_before,plain,pooled,2117,-0.020579611157423853,-0.060449633389820887,0.019332249434185038,True,False
B_res_N3,1.25,ret30,plain,discovery,1571,0.015785856388065022,-0.032730101682127054,0.0629900531627057,True,False
B_res_N3,1.25,ret30,plain,replication,513,0.020345853858784894,-0.05420656233803193,0.09112804607740027,True,False
B_res_N3,1.25,ret30,plain,pooled,2084,0.016944032474655507,-0.017373467250525125,0.05585451457951391,True,False
B_res_N3,1.25,ret15,plain,discovery,1571,-0.012877779533556994,-0.05594475142156105,0.032196614326409446,False,False
B_res_N3,1.25,ret15,plain,replication,525,-0.07503687248410244,-0.16250469878427684,0.010050864785576612,False,False
B_res_N3,1.25,ret15,plain,pooled,2096,-0.027821771030007932,-0.06400100553004687,0.01114503513827113,False,False
B_res_N3,1.25,ret60,plain,discovery,1571,0.007208883364937362,-0.030328962921365738,0.04454540873678416,False,False
B_res_N3,1.25,ret60,plain,replication,523,-0.045152649684719194,-0.11277386296793032,0.02413665495100031,False,False
B_res_N3,1.25,ret60,plain,pooled,2094,-0.005755763877797807,-0.03678566651677624,0.026281268117646514,False,False
B_res_N3,1.25,path_eff,plain,discovery,1571,0.004720977982528643,-0.04005257824143375,0.05308937979482853,False,False
B_res_N3,1.25,path_eff,plain,replication,518,0.00984716051407443,-0.06910553495935776,0.09367479606024397,False,False
B_res_N3,1.25,path_eff,plain,pooled,2089,0.005882587486044581,-0.034897383501963336,0.048892668490582464,False,False
B_res_N3,1.25,n_cross,plain,discovery,1656,-0.01625743169479523,-0.06369664085710479,0.02936952899313077,False,False
B_res_N3,1.25,n_cross,plain,replication,574,0.006143014594101555,-0.06224929129529606,0.07994703453308857,False,False
B_res_N3,1.25,n_cross,plain,pooled,2230,-0.010566679843499766,-0.04969685631467852,0.026380887221879406,False,False
B_res_N3,1.25,rv60,plain,discovery,1571,0.039338300837911865,-0.0107229496124993,0.08751062217833216,False,False
B_res_N3,1.25,rv60,plain,replication,486,-0.016796450753461856,-0.11283427047979219,0.08685038706717538,False,False
B_res_N3,1.25,rv60,plain,pooled,2057,0.02611205953123818,-0.017271282219674357,0.06871388870402888,False,False
B_res_N3,1.25,accel,plain,discovery,1571,-0.0156591363997342,-0.061267291515543526,0.03281703286954169,False,False
B_res_N3,1.25,accel,plain,replication,521,-0.0931343808630394,-0.1721136745995454,-0.011379688056641269,False,True
B_res_N3,1.25,accel,plain,pooled,2092,-0.033440441261877084,-0.07265502729556629,0.00756256090470813,False,False
B_res_N3,1.25,fav_share,plain,discovery,1563,0.011167622093194614,-0.03630723680938381,0.0589674976464208,False,False
B_res_N3,1.25,fav_share,plain,replication,540,0.03292054760696306,-0.05225150098766621,0.11997244421913147,False,False
B_res_N3,1.25,fav_share,plain,pooled,2103,0.016741509530381993,-0.021808541089221645,0.05686966378453099,False,False
B_res_N3,1.25,tod_min,plain,discovery,1573,-0.010887662269427873,-0.058335519946276775,0.035271536478406154,False,False
B_res_N3,1.25,tod_min,plain,replication,519,-0.028212011805761807,-0.09944467929766122,0.04443785201136435,False,False
B_res_N3,1.25,tod_min,plain,pooled,2092,-0.015216702083904578,-0.05653134133197437,0.025950707072747582,False,False
B_res_N3,1.5,time_to_anchor_s,tod_stratified,discovery,1401,-0.006236842094811192,-0.04768377836314129,0.0339659969431475,True,False
B_res_N3,1.5,time_to_anchor_s,plain,discovery,1401,-0.005383816777325362,-0.04592117718495755,0.0342608026748798,True,False
B_res_N3,1.5,time_to_anchor_s,tod_stratified_excl_last_hour,discovery,1358,-0.0066891271506971505,-0.049399823952132986,0.033112168860938644,True,False
B_res_N3,1.5,time_to_anchor_s,tod_stratified,replication,463,-0.014056123311335704,-0.09303796941988822,0.07140515633946211,True,False
B_res_N3,1.5,time_to_anchor_s,plain,replication,463,-0.0161909710558728,-0.09314432666828856,0.06354235187288082,True,False
B_res_N3,1.5,time_to_anchor_s,tod_stratified_excl_last_hour,replication,458,-0.01516267886437571,-0.0958734776577924,0.07139544506789554,True,False
B_res_N3,1.5,time_to_anchor_s,tod_stratified,pooled,1864,-0.008188481312990898,-0.04847046594410203,0.028073708999405967,True,False
B_res_N3,1.5,time_to_anchor_s,plain,pooled,1864,-0.008131134709764768,-0.04752054572185429,0.02815153704359604,True,False
B_res_N3,1.5,time_to_anchor_s,tod_stratified_excl_last_hour,pooled,1816,-0.008765784766672105,-0.04927204210562905,0.02879348219837378,True,False
B_res_N3,1.5,pullback_from_mfe,plain,discovery,1402,0.024028174037089872,-0.02415853978620272,0.06953154025765776,True,False
B_res_N3,1.5,pullback_from_mfe,plain,replication,470,0.005079201101928374,-0.05475951453169384,0.07288639576025684,True,False
B_res_N3,1.5,pullback_from_mfe,plain,pooled,1872,0.019340215193933658,-0.01602525319831186,0.058969982715870874,True,False
B_res_N3,1.5,mae_before,plain,discovery,1402,-0.013819543509272468,-0.05238670873670316,0.022577749184285824,True,False
B_res_N3,1.5,mae_before,plain,replication,479,-0.027155608683512498,-0.10112233180387944,0.05028220461172806,True,False
B_res_N3,1.5,mae_before,plain,pooled,1881,-0.017084431431207348,-0.050441395137224294,0.016781751247087716,True,False
B_res_N3,1.5,ret30,plain,discovery,1402,-0.0067314550641940085,-0.0477417317158966,0.034083861411183865,True,False
B_res_N3,1.5,ret30,plain,replication,447,-0.04279746809554974,-0.12287119248982302,0.026635094631845393,True,False
B_res_N3,1.5,ret30,plain,pooled,1849,-0.015054303228277829,-0.05126057107646828,0.021182461820419066,True,False
B_res_N3,1.5,ret15,plain,discovery,1402,-0.0026524607703281022,-0.04029415320106206,0.031716022979954926,False,False
B_res_N3,1.5,ret15,plain,replication,456,-0.012877990477689463,-0.10887820427395986,0.07265494812389171,False,False
B_res_N3,1.5,ret15,plain,pooled,1858,-0.004336842357159018,-0.039792194150139376,0.0304452021198694,False,False
B_res_N3,1.5,ret60,plain,discovery,1402,-0.012259272467902996,-0.0534784499016753,0.02878478393854651,False,False
B_res_N3,1.5,ret60,plain,replication,444,-0.023739253992829203,-0.1011869774445108,0.05651653632949024,False,False
B_res_N3,1.5,ret60,plain,pooled,1846,-0.015173292275865795,-0.05012960336616704,0.019252805912964025,False,False
B_res_N3,1.5,path_eff,plain,discovery,1402,0.005104315263908702,-0.03549128613745639,0.04728925963960879,False,False
B_res_N3,1.5,path_eff,plain,replication,484,0.02149742052307009,-0.058700804842915115,0.09738404577668838,False,False
B_res_N3,1.5,path_eff,plain,pooled,1886,0.009214881458440169,-0.02656142539261717,0.048326385521663406,False,False
B_res_N3,1.5,n_cross,plain,discovery,1424,-0.012674793224445466,-0.060740683300914276,0.031129767489562348,False,False
B_res_N3,1.5,n_cross,plain,replication,489,-0.021399889009884404,-0.09565355342914816,0.06069807340999547,False,False
B_res_N3,1.5,n_cross,plain,pooled,1913,-0.014917225174906689,-0.05311173713701506,0.022866951650661996,False,False
B_res_N3,1.5,rv60,plain,discovery,1402,-0.005639265335235379,-0.052451941764421105,0.04349093801207182,False,False
B_res_N3,1.5,rv60,plain,replication,428,0.01947139511542322,-0.061895727606751626,0.09650913040744112,False,False
B_res_N3,1.5,rv60,plain,pooled,1830,-0.0006376948547348674,-0.034482640141233,0.035027527767005615,False,False
B_res_N3,1.5,accel,plain,discovery,1402,0.017764800285306706,-0.022399045163115725,0.05728171991588458,False,False
B_res_N3,1.5,accel,plain,replication,442,-0.006703557947569273,-0.09059538622924006,0.07261748288508459,False,False
B_res_N3,1.5,accel,plain,pooled,1844,0.011981559733901226,-0.021138917292147938,0.04873265163754867,False,False
B_res_N3,1.5,fav_share,plain,discovery,1400,0.015597640250286225,-0.019609431948198006,0.057278439302453354,False,False
B_res_N3,1.5,fav_share,plain,replication,483,0.03251463838366507,-0.04205515104596298,0.10785137197418701,False,False
B_res_N3,1.5,fav_share,plain,pooled,1883,0.01984442267078223,-0.016277734214829035,0.05487696680410386,False,False
B_res_N3,1.5,tod_min,plain,discovery,1405,0.0007472710454221243,-0.03596279770347885,0.040038792489903545,False,False
B_res_N3,1.5,tod_min,plain,replication,454,-0.03401170548277535,-0.10640257445821141,0.03591951592130663,False,False
B_res_N3,1.5,tod_min,plain,pooled,1859,-0.007820475537345047,-0.04211884751260681,0.027741806926147927,False,False
B_raw,0.25,time_to_anchor_s,tod_stratified,discovery,2644,-0.05459523014832463,-0.09263982810558115,-0.017987225950299553,True,True
B_raw,0.25,time_to_anchor_s,plain,discovery,2644,-0.056675689998424476,-0.09533344550676602,-0.019639527589943577,True,True
B_raw,0.25,time_to_anchor_s,tod_stratified_excl_last_hour,discovery,2576,-0.05169442717455982,-0.09100123899073055,-0.014381269881727722,True,True
B_raw,0.25,time_to_anchor_s,tod_stratified,replication,867,-0.05339367317323048,-0.1181570426627438,0.007917351485096234,True,False
B_raw,0.25,time_to_anchor_s,plain,replication,867,-0.05546095063751888,-0.11982881683775086,0.005758685436134154,True,False
B_raw,0.25,time_to_anchor_s,tod_stratified_excl_last_hour,replication,848,-0.04762078365194725,-0.11231445441549388,0.015666213796764483,True,False
B_raw,0.25,time_to_anchor_s,tod_stratified,pooled,3511,-0.05479060647510555,-0.08716409189910188,-0.02261031723895189,True,True
B_raw,0.25,time_to_anchor_s,plain,pooled,3511,-0.05681375413987921,-0.08943565197981465,-0.024914227982385025,True,True
B_raw,0.25,time_to_anchor_s,tod_stratified_excl_last_hour,pooled,3424,-0.05100061520484992,-0.08372664774888014,-0.01795014857089089,True,True
B_raw,0.25,pullback_from_mfe,plain,discovery,2586,-0.0007733952049497339,-0.0418161274370148,0.04117630915630066,True,False
B_raw,0.25,pullback_from_mfe,plain,replication,844,0.00748785752833242,-0.06029871575242188,0.07783360987570608,True,False
B_raw,0.25,pullback_from_mfe,plain,pooled,3430,0.0011091356120596085,-0.03553322573977289,0.03883144706913294,True,False
B_raw,0.25,mae_before,plain,discovery,2586,-0.013921113689095155,-0.04895789192413936,0.0212127646402279,True,False
B_raw,0.25,mae_before,plain,replication,844,-0.004153668886827999,-0.07267068220636186,0.06407617744686082,True,False
B_raw,0.25,mae_before,plain,pooled,3430,-0.011847445271358337,-0.04116876372219783,0.019067764245320744,True,False
B_raw,0.25,ret30,plain,discovery,2586,-0.008507347254447017,-0.05079418123074602,0.03190733480284921,True,False
B_raw,0.25,ret30,plain,replication,871,-0.033523176712545455,-0.09887409584486412,0.024389751729890972,True,False
B_raw,0.25,ret30,plain,pooled,3457,-0.014883110049864756,-0.047507484219738244,0.020319190787885594,True,False
B_raw,0.25,ret15,plain,discovery,2586,0.030162412993039456,-0.010092334740889603,0.07048673798095163,False,False
B_raw,0.25,ret15,plain,replication,859,-0.000958010821167643,-0.0730109190755873,0.06982244511304704,False,False
B_raw,0.25,ret15,plain,pooled,3445,0.021710914454277308,-0.012670616884432658,0.05610925926647053,False,False
B_raw,0.25,ret60,plain,discovery,2586,0.037122969837587005,-0.009874637272144366,0.07861086921213704,False,False
B_raw,0.25,ret60,plain,replication,864,0.010723688090808203,-0.03994383271919907,0.06244375113040331,False,False
B_raw,0.25,ret60,plain,pooled,3450,0.03040560523528113,-0.005374363786304992,0.06470906741144795,False,False
B_raw,0.25,path_eff,plain,discovery,2587,0.04740786784130435,0.014091276798618527,0.08137512457160463,False,False
B_raw,0.25,path_eff,plain,replication,849,0.03674250832408438,-0.029753303434774846,0.10430946566611608,False,False
B_raw,0.25,path_eff,plain,pooled,3436,0.04473961409075927,0.01584934923468533,0.07319807925294106,False,False
B_raw,0.25,n_cross,plain,discovery,2963,-0.05237097086720677,-0.08974281907286927,-0.018003934854145125,False,True
B_raw,0.25,n_cross,plain,replication,990,-0.0031323844589767336,-0.06337257506238428,0.05366939437576384,False,False
B_raw,0.25,n_cross,plain,pooled,3953,-0.04008345417292253,-0.07085871283588407,-0.010116225381001702,False,False
B_raw,0.25,rv60,plain,discovery,2586,-0.02320185614849185,-0.057001491854735624,0.013627809478349929,False,False
B_raw,0.25,rv60,plain,replication,832,0.02229004809470958,-0.051108805107002754,0.09229434939155257,False,False
B_raw,0.25,rv60,plain,pooled,3418,-0.012289868887293331,-0.042846722678283926,0.02093572892827483,False,False
B_raw,0.25,accel,plain,discovery,2586,0.033255993812838336,-0.0070334382384045786,0.07316087505336019,False,False
B_raw,0.25,accel,plain,replication,873,0.011762850835698502,-0.06136590345419897,0.08213521286672416,False,False
B_raw,0.25,accel,plain,pooled,3459,0.027675968889611047,-0.008657008524625797,0.06157442276184276,False,False
B_raw,0.25,fav_share,plain,discovery,2581,0.027266384209287453,-0.007326235628640674,0.06272018784102247,False,False
B_raw,0.25,fav_share,plain,replication,863,0.006324957474753978,-0.062342031926514406,0.07760948545119298,False,False
B_raw,0.25,fav_share,plain,pooled,3444,0.022524964120138102,-0.006922694812489677,0.05084622838033783,False,False
B_raw,0.25,tod_min,plain,discovery,2589,-0.03633385251624688,-0.0710254231921668,-0.0038120177917537624,False,False
B_raw,0.25,tod_min,plain,replication,846,-0.03413816230717642,-0.09638458556946507,0.028297092812801784,False,False
B_raw,0.25,tod_min,plain,pooled,3435,-0.03577421815408083,-0.06525396832461645,-0.004135037583278433,False,False
B_raw,0.5,time_to_anchor_s,tod_stratified,discovery,2278,-0.04447950260355785,-0.08551767239181574,-0.003218259764704005,True,False
B_raw,0.5,time_to_anchor_s,plain,discovery,2278,-0.045723906606423004,-0.08798378363566939,-0.003969090478081293,True,False
B_raw,0.5,time_to_anchor_s,tod_stratified_excl_last_hour,discovery,2217,-0.04595868731571879,-0.08708312795169021,-0.0041011888798026044,True,False
B_raw,0.5,time_to_anchor_s,tod_stratified,replication,764,-0.056188938848214,-0.12808425366077772,0.007430984790136762,True,False
B_raw,0.5,time_to_anchor_s,plain,replication,764,-0.05686554068874755,-0.12858302815894798,0.006809384508203723,True,False
B_raw,0.5,time_to_anchor_s,tod_stratified_excl_last_hour,replication,744,-0.05129960279838035,-0.1239501334560759,0.015248968678238585,True,False
B_raw,0.5,time_to_anchor_s,tod_stratified,pooled,3042,-0.04739955666948527,-0.0849740079991802,-0.014527981310438157,True,False
B_raw,0.5,time_to_anchor_s,plain,pooled,3042,-0.04871779908835677,-0.08650411642069088,-0.015895209974347974,True,False
B_raw,0.5,time_to_anchor_s,tod_stratified_excl_last_hour,pooled,2961,-0.04720543306148984,-0.08599556390917637,-0.01424657526422992,True,False
B_raw,0.5,pullback_from_mfe,plain,discovery,2262,-0.03536693191865603,-0.07716062781121577,0.003951127232886806,True,False
B_raw,0.5,pullback_from_mfe,plain,replication,733,-0.009045376392315174,-0.07662841398611134,0.05783598534034985,True,False
B_raw,0.5,pullback_from_mfe,plain,pooled,2995,-0.028633950562768018,-0.06586026630567797,0.007553944206035771,True,False
B_raw,0.5,mae_before,plain,discovery,2262,-0.019451812555260906,-0.056803593082732896,0.021562920745356137,True,False
B_raw,0.5,mae_before,plain,replication,764,-0.021789675109565643,-0.08778989563095112,0.03959984173941369,True,False
B_raw,0.5,mae_before,plain,pooled,3026,-0.019925313929633648,-0.05196607264166972,0.012181132569005054,True,False
B_raw,0.5,ret30,plain,discovery,2262,0.06631299734748008,0.028076836718169136,0.10263974462373515,True,True
B_raw,0.5,ret30,plain,replication,744,0.0478723404255319,-0.021108163411330053,0.11676472559572079,True,False
B_raw,0.5,ret30,plain,pooled,3006,0.061820023346685904,0.027126170396067417,0.09447960373334231,True,True
B_raw,0.5,ret15,plain,discovery,2262,0.08753315649867377,0.04634514297161186,0.1308594483343749,False,True
B_raw,0.5,ret15,plain,replication,744,0.05539196179864708,-0.01135786822957148,0.12681059071460038,False,False
B_raw,0.5,ret15,plain,pooled,3006,0.07976572045828834,0.046237227109758784,0.11571766124586638,False,True
B_raw,0.5,ret60,plain,discovery,2262,0.04597701149425287,0.00883521325734687,0.08581949521797859,False,False
B_raw,0.5,ret60,plain,replication,738,0.04601938895417157,-0.017291261217593484,0.1080274155609234,False,False
B_raw,0.5,ret60,plain,pooled,3000,0.04598402043734235,0.011907551663330953,0.07706441136361812,False,False
B_raw,0.5,path_eff,plain,discovery,2262,0.058355437665782446,0.01571663487344704,0.10449040641152771,False,True
B_raw,0.5,path_eff,plain,replication,767,0.048148148148148155,-0.015063508850662871,0.12295195399386713,False,False
B_raw,0.5,path_eff,plain,pooled,3029,0.056217208082161185,0.02256327057686117,0.0940243836227406,False,True
B_raw,0.5,n_cross,plain,discovery,2443,-0.04091904019261816,-0.0859792595491329,-0.00029713336057689244,False,False
B_raw,0.5,n_cross,plain,replication,796,0.011713106295149654,-0.0514050103098671,0.07179892470079342,False,False
B_raw,0.5,n_cross,plain,pooled,3239,-0.028007681804523454,-0.06232663311442641,0.0036595297502676535,False,False
B_raw,0.5,rv60,plain,discovery,2262,0.035366931918656086,-0.006969290775557084,0.07727832675887072,False,False
B_raw,0.5,rv60,plain,replication,723,0.034415186772810746,-0.04447901477642312,0.10671035782212451,False,False
B_raw,0.5,rv60,plain,pooled,2985,0.035116726539092424,-0.0007986077337268065,0.07143271524575963,False,False
B_raw,0.5,accel,plain,discovery,2262,0.103448275862069,0.06289202814473074,0.1454736986138269,False,True
B_raw,0.5,accel,plain,replication,753,0.0508261544979523,-0.009298140434911234,0.11700487000712761,False,False
B_raw,0.5,accel,plain,pooled,3015,0.09043866813587603,0.05659839568565088,0.12452851872426295,False,True
B_raw,0.5,fav_share,plain,discovery,2251,0.03419020010925966,-0.0053973410937780625,0.07154250864335761,False,False
B_raw,0.5,fav_share,plain,replication,769,0.030087801182407337,-0.03799038723459162,0.09918945713145945,False,False
B_raw,0.5,fav_share,plain,pooled,3020,0.03308825464324999,-0.0006678663859017469,0.06613341825030442,False,False
B_raw,0.5,tod_min,plain,discovery,2264,-0.03974955966921151,-0.07852103351292859,-0.0035205663271193482,False,False
B_raw,0.5,tod_min,plain,replication,747,-0.04422875657696668,-0.11515240760688424,0.0223549298814928,False,False
B_raw,0.5,tod_min,plain,pooled,3011,-0.04085720538197635,-0.07170773871032118,-0.005639598251606843,False,False
B_raw,0.75,time_to_anchor_s,tod_stratified,discovery,1990,-0.055494183144356696,-0.09782261478722845,-0.014579869349758084,True,True
B_raw,0.75,time_to_anchor_s,plain,discovery,1990,-0.056834836855018556,-0.09872022546376283,-0.015235535761994693,True,True
B_raw,0.75,time_to_anchor_s,tod_stratified_excl_last_hour,discovery,1932,-0.060105971769700534,-0.10189479318878408,-0.020496216597555537,True,True
B_raw,0.75,time_to_anchor_s,tod_stratified,replication,669,-0.05554955301665734,-0.13387832222182333,0.01997912042805204,True,False
B_raw,0.75,time_to_anchor_s,plain,replication,669,-0.0568549902467832,-0.13118305597951496,0.015337133983995553,True,False
B_raw,0.75,time_to_anchor_s,tod_stratified_excl_last_hour,replication,657,-0.05042016253554636,-0.13172828150946525,0.027483162123406426,True,False
B_raw,0.75,time_to_anchor_s,tod_stratified,pooled,2659,-0.055150823094221486,-0.0894639820132729,-0.02006279759399692,True,True
B_raw,0.75,time_to_anchor_s,plain,pooled,2659,-0.0566977121539065,-0.09084865325870854,-0.02125088604802291,True,True
B_raw,0.75,time_to_anchor_s,tod_stratified_excl_last_hour,pooled,2589,-0.05736171233696695,-0.09349634485340519,-0.020935264759449422,True,True
B_raw,0.75,pullback_from_mfe,plain,discovery,1991,-0.01148816371011685,-0.05488017174581247,0.03133165550834558,True,False
B_raw,0.75,pullback_from_mfe,plain,replication,651,0.018379424149311374,-0.06393779957530045,0.08981583792400812,True,False
B_raw,0.75,pullback_from_mfe,plain,pooled,2642,-0.003922013720742634,-0.04155742809865098,0.03414193874394787,True,False
B_raw,0.75,mae_before,plain,discovery,1991,-0.02957155254182553,-0.06816593360848476,0.008998269646577694,True,False
B_raw,0.75,mae_before,plain,replication,674,0.005083476498832562,-0.07275555090071222,0.08000896411016249,True,False
B_raw,0.75,mae_before,plain,pooled,2665,-0.02065915547535202,-0.05625909391266238,0.013763186965219502,True,False
B_raw,0.75,ret30,plain,discovery,1991,0.046775039857924194,0.004573714454680164,0.09096869609407063,True,False
B_raw,0.75,ret30,plain,replication,667,0.04368565051479578,-0.02431945198338328,0.12062673365973525,True,False
B_raw,0.75,ret30,plain,pooled,2658,0.046158811405793476,0.007716331016999252,0.08491926512259473,True,False
B_raw,0.75,ret15,plain,discovery,1991,0.090974955096769,0.04448373621342633,0.14097445059112224,False,True
B_raw,0.75,ret15,plain,replication,672,0.007761828814460414,-0.07458094198860753,0.0881403750892071,False,False
B_raw,0.75,ret15,plain,pooled,2663,0.07007530247905913,0.026689259382330004,0.11066942812786953,False,True
B_raw,0.75,ret60,plain,discovery,1991,0.02266150027244651,-0.02168589206808717,0.0671773629024513,False,False
B_raw,0.75,ret60,plain,replication,653,0.027656765676567607,-0.03311372554809748,0.09328915841831391,False,False
B_raw,0.75,ret60,plain,pooled,2644,0.024045451111207816,-0.01290888262824272,0.06045815694705156,False,False
B_raw,0.75,path_eff,plain,discovery,1987,0.055167187417682895,0.012559659093942386,0.10017950726027117,False,True
B_raw,0.75,path_eff,plain,replication,668,0.023603899306769982,-0.048258782555012675,0.0988890914325737,False,False
B_raw,0.75,path_eff,plain,pooled,2655,0.04721689103069748,0.011271738732305085,0.08356529209313063,False,False
B_raw,0.75,n_cross,plain,discovery,2142,-0.030802305655086456,-0.08068710427568558,0.01495875960807292,False,False
B_raw,0.75,n_cross,plain,replication,720,0.05104895104895102,-0.019841537067536157,0.12092923162986384,False,False
B_raw,0.75,n_cross,plain,pooled,2862,-0.010139505090855816,-0.04861554194679515,0.024259907014732306,False,False
B_raw,0.75,rv60,plain,discovery,1991,0.03471675647312866,-0.00454087457325257,0.07729969918279285,False,False
B_raw,0.75,rv60,plain,replication,629,0.1129757785467128,0.031875464410366164,0.19749303814564753,False,True
B_raw,0.75,rv60,plain,pooled,2620,0.05351446639431423,0.016330566550803918,0.08999195702418963,False,True
B_raw,0.75,accel,plain,discovery,1991,0.07892676232568474,0.031041647766138606,0.12827218468228319,False,True
B_raw,0.75,accel,plain,replication,672,-0.005022721836881128,-0.09073938291677756,0.07565019815696436,False,False
B_raw,0.75,accel,plain,pooled,2663,0.0578048147646767,0.016948339316407924,0.09703334016450156,False,True
B_raw,0.75,fav_share,plain,discovery,1991,0.03672075235615824,-0.001679992547854117,0.07355753820645088,False,False
B_raw,0.75,fav_share,plain,replication,671,-0.003324326246177956,-0.07289325890083705,0.07472821434685839,False,False
B_raw,0.75,fav_share,plain,pooled,2662,0.026502784062428005,-0.007535769614879379,0.06117109845532803,False,False
B_raw,0.75,tod_min,plain,discovery,1992,-0.044661290322580594,-0.08684703841241262,-0.00536165849972865,False,False
B_raw,0.75,tod_min,plain,replication,649,-0.030486993862699263,-0.09850961961363665,0.036180841318188404,False,False
B_raw,0.75,tod_min,plain,pooled,2641,-0.04107168460836996,-0.07701979035414998,-0.0036930368161293896,False,False
B_raw,1.0,time_to_anchor_s,tod_stratified,discovery,1774,-0.05480349989579037,-0.10245619650701751,-0.008165205917931965,True,True
B_raw,1.0,time_to_anchor_s,plain,discovery,1774,-0.05806816520816249,-0.10783888814983206,-0.012187267119613402,True,True
B_raw,1.0,time_to_anchor_s,tod_stratified_excl_last_hour,discovery,1727,-0.05987929181073655,-0.10853366387207927,-0.013404509628745417,True,True
B_raw,1.0,time_to_anchor_s,tod_stratified,replication,559,-0.03376458609005011,-0.10662095454052155,0.05089682002338313,True,False
B_raw,1.0,time_to_anchor_s,plain,replication,559,-0.03569503273007313,-0.10616996255726507,0.04243924944169034,True,False
B_raw,1.0,time_to_anchor_s,tod_stratified_excl_last_hour,replication,546,-0.025328534929060603,-0.10278955970693722,0.06308029441253304,True,False
B_raw,1.0,time_to_anchor_s,tod_stratified,pooled,2333,-0.049577751380198064,-0.08646983502150798,-0.008954246812736035,True,False
B_raw,1.0,time_to_anchor_s,plain,pooled,2333,-0.05277877001189202,-0.08971823025438416,-0.013796470769658443,True,True
B_raw,1.0,time_to_anchor_s,tod_stratified_excl_last_hour,pooled,2273,-0.05142710396349815,-0.08996479119784345,-0.012101151883853373,True,True
B_raw,1.0,pullback_from_mfe,plain,discovery,1773,-0.002654342509435193,-0.044222929825377795,0.03986186443056986,True,False
B_raw,1.0,pullback_from_mfe,plain,replication,632,-0.065410779696494,-0.13905448519755242,-0.00383901893803575,True,True
B_raw,1.0,pullback_from_mfe,plain,pooled,2405,-0.018439986163957145,-0.05391781438416617,0.015893247516103978,True,False
B_raw,1.0,mae_before,plain,discovery,1773,-0.03201116707088347,-0.0759888735812984,0.014583147714734188,True,False
B_raw,1.0,mae_before,plain,replication,594,0.0,-0.08548138318750538,0.08147359264306824,True,False
B_raw,1.0,mae_before,plain,pooled,2367,-0.02397706243860087,-0.061491972693083964,0.011830994354418973,True,False
B_raw,1.0,ret30,plain,discovery,1773,0.08757548843210561,0.0478484426041962,0.12994535182917794,True,True
B_raw,1.0,ret30,plain,replication,584,0.003424657534246589,-0.06786017810310972,0.07566566752829129,True,False
B_raw,1.0,ret30,plain,pooled,2357,0.06672153172885431,0.03009135378553774,0.10411120802625402,True,True
B_raw,1.0,ret15,plain,discovery,1773,0.10337048055560505,0.06270021883783213,0.14726695064382198,False,True
B_raw,1.0,ret15,plain,replication,592,0.029324140765007334,-0.045244781052789576,0.10646325059669753,False,False
B_raw,1.0,ret15,plain,pooled,2365,0.08492420049002569,0.04959814012088895,0.12438109486759,False,True
B_raw,1.0,ret60,plain,discovery,1773,0.06951807014284594,0.030686665920756293,0.10952272814452968,False,True
B_raw,1.0,ret60,plain,replication,573,0.07953630262355105,0.011217328818135234,0.15286988398138981,False,True
B_raw,1.0,ret60,plain,pooled,2346,0.07181670698236964,0.03875494430856955,0.10705611620754296,False,True
B_raw,1.0,path_eff,plain,discovery,1773,0.05372562293066896,0.008030192876127773,0.09867304174696757,False,True
B_raw,1.0,path_eff,plain,replication,561,0.008417508417508435,-0.08000653786948983,0.08659154453260878,False,False
B_raw,1.0,path_eff,plain,pooled,2334,0.04307138660399534,0.003510392271989924,0.08100963279135179,False,False
B_raw,1.0,n_cross,plain,discovery,1815,-0.038322875989060035,-0.08444419994553863,0.007708032730475469,False,False
B_raw,1.0,n_cross,plain,replication,613,0.03316935002981514,-0.031968007618001,0.10117591469786429,False,False
B_raw,1.0,n_cross,plain,pooled,2428,-0.020300469789899522,-0.05850369698038803,0.01647610857515152,False,False
B_raw,1.0,rv60,plain,discovery,1773,0.0841869390061103,0.035359252595470896,0.1301599352018935,False,True
B_raw,1.0,rv60,plain,replication,558,0.06605326248947063,-0.01746516722899469,0.14543189673089543,False,False
B_raw,1.0,rv60,plain,pooled,2331,0.07947702270330148,0.04156110732258812,0.11937419206819012,False,True
B_raw,1.0,accel,plain,discovery,1773,0.07742765453337774,0.0334370325308774,0.12538868523999708,False,True
B_raw,1.0,accel,plain,replication,595,-0.024621726918546694,-0.0983402513972445,0.053941809692890884,False,False
B_raw,1.0,accel,plain,pooled,2368,0.05234401921761145,0.01220683013183153,0.09508656380709812,False,True
B_raw,1.0,fav_share,plain,discovery,1774,0.04085321212860715,-0.0036745228509996106,0.08460254600883824,False,False
B_raw,1.0,fav_share,plain,replication,581,-0.0023228803716608404,-0.08151839585249744,0.08991429784232667,False,False
B_raw,1.0,fav_share,plain,pooled,2355,0.03020369480831386,-0.004882371025524568,0.06844344954688322,False,False
B_raw,1.0,tod_min,plain,discovery,1769,-0.03709668760401563,-0.08366502245766592,0.008889766253345283,False,False
B_raw,1.0,tod_min,plain,replication,568,-0.023774974885589883,-0.09146581995590693,0.04508409438008116,False,False
B_raw,1.0,tod_min,plain,pooled,2337,-0.033789484786162505,-0.07263087633594345,0.005322751036726117,False,False
B_raw,1.25,time_to_anchor_s,tod_stratified,discovery,1569,-0.04174555881199902,-0.09262634887654145,0.008393744937916383,True,False
B_raw,1.25,time_to_anchor_s,plain,discovery,1569,-0.04138055421052467,-0.09208702475210674,0.006831459633096755,True,False
B_raw,1.25,time_to_anchor_s,tod_stratified_excl_last_hour,discovery,1520,-0.040781031703245825,-0.09315973465599874,0.009218682142453239,True,False
B_raw,1.25,time_to_anchor_s,tod_stratified,replication,499,-0.07595885638114055,-0.16329579360345753,0.023874415218162325,True,False
B_raw,1.25,time_to_anchor_s,plain,replication,499,-0.07406336353704779,-0.15658134954955485,0.014805398141582774,True,False
B_raw,1.25,time_to_anchor_s,tod_stratified_excl_last_hour,replication,492,-0.06936766033024293,-0.1568665304402315,0.031123598317869185,True,False
B_raw,1.25,time_to_anchor_s,tod_stratified,pooled,2068,-0.049880745114344004,-0.09142161822660391,-0.0063850626560700155,True,False
B_raw,1.25,time_to_anchor_s,plain,pooled,2068,-0.049323017408123726,-0.09093088655390437,-0.0061422393431586385,True,False
B_raw,1.25,time_to_anchor_s,tod_stratified_excl_last_hour,pooled,2012,-0.047614298033991136,-0.09004257338515856,-0.004150714309251747,True,False
B_raw,1.25,pullback_from_mfe,plain,discovery,1571,-0.019482666407351634,-0.0656031999686843,0.025264526003739886,True,False
B_raw,1.25,pullback_from_mfe,plain,replication,531,-0.023121798520204906,-0.08955388585589445,0.041876141399048175,True,False
B_raw,1.25,pullback_from_mfe,plain,pooled,2102,-0.02016704455728846,-0.05639976960833124,0.021754858842786762,True,False
B_raw,1.25,mae_before,plain,discovery,1571,-0.022015850634511613,-0.06795889757535997,0.023023681308108713,True,False
B_raw,1.25,mae_before,plain,replication,546,-0.023781085179767292,-0.1122155531687476,0.06930864250729521,True,False
B_raw,1.25,mae_before,plain,pooled,2117,-0.022374112149032288,-0.0613623702178563,0.017116077933171284,True,False
B_raw,1.25,ret30,plain,discovery,1571,0.06582875480138084,0.01853495586464087,0.11341636318410285,True,True
B_raw,1.25,ret30,plain,replication,513,0.06362889983579634,-0.01330328794241388,0.13506605353260642,True,False
B_raw,1.25,ret30,plain,pooled,2084,0.06532601297365204,0.02990633734067257,0.10502551216084535,True,True
B_raw,1.25,ret15,plain,discovery,1571,0.03782272572567702,-0.007232460218580727,0.08125360852729785,False,False
B_raw,1.25,ret15,plain,replication,525,-0.025377749256169424,-0.10923460121692148,0.059284069205707154,False,False
B_raw,1.25,ret15,plain,pooled,2096,0.022661467853977935,-0.014033401401571837,0.06159082259040976,False,False
B_raw,1.25,ret60,plain,discovery,1571,0.05691804022625235,0.01754565676347929,0.09617522362710754,False,True
B_raw,1.25,ret60,plain,replication,523,0.004817608580352406,-0.0655350370457255,0.07706492029294107,False,False
B_raw,1.25,ret60,plain,pooled,2094,0.04380022359624902,0.013045909060972622,0.07622383256125495,False,False
B_raw,1.25,path_eff,plain,discovery,1571,0.03908850747961945,-0.0060494818050025,0.08731916173205036,False,False
B_raw,1.25,path_eff,plain,replication,518,0.03450023854961837,-0.046340948779980094,0.1182277033430923,False,False
B_raw,1.25,path_eff,plain,pooled,2089,0.03782949914480094,-0.003038849658706763,0.0802052651284791,False,False
B_raw,1.25,n_cross,plain,discovery,1656,-0.02998347692670833,-0.0782305865701189,0.01689567677798663,False,False
B_raw,1.25,n_cross,plain,replication,574,-0.011140164183642387,-0.07956513329727037,0.06314207083241462,False,False
B_raw,1.25,n_cross,plain,pooled,2230,-0.025246812219992365,-0.06338832760512116,0.011126590888553308,False,False
B_raw,1.25,rv60,plain,discovery,1571,0.09129187533427341,0.04099078190484484,0.14112383245037177,False,True
B_raw,1.25,rv60,plain,replication,486,0.03122454520771112,-0.0642818058063059,0.1337428174765012,False,False
B_raw,1.25,rv60,plain,pooled,2057,0.0771254065501854,0.03372140229037466,0.1200677827921393,False,True
B_raw,1.25,accel,plain,discovery,1571,0.02382295262637557,-0.02219234107522768,0.07187523292056752,False,False
B_raw,1.25,accel,plain,replication,521,-0.05853360731409507,-0.1359432724490551,0.024406396274334267,False,False
B_raw,1.25,accel,plain,pooled,2092,0.004804337348075283,-0.035398431172483896,0.04534724884601669,False,False
B_raw,1.25,fav_share,plain,discovery,1563,0.019643962392054015,-0.026953509255077605,0.06715929085413536,False,False
B_raw,1.25,fav_share,plain,replication,540,0.03845045885403087,-0.047482544625258444,0.12379738750452582,False,False
B_raw,1.25,fav_share,plain,pooled,2103,0.024461343931289292,-0.015037812707206232,0.06466084632885519,False,False
B_raw,1.25,tod_min,plain,discovery,1573,-0.015193106681539727,-0.06273869020133897,0.029557689768841853,False,False
B_raw,1.25,tod_min,plain,replication,519,-0.032031482031482095,-0.10433698277755125,0.04131376415064608,False,False
B_raw,1.25,tod_min,plain,pooled,2092,-0.01940224842336169,-0.059870480378733916,0.022805336809298,False,False
B_raw,1.5,time_to_anchor_s,tod_stratified,discovery,1401,-0.03923094279187102,-0.08050928303970911,0.0005747653146615388,True,False
B_raw,1.5,time_to_anchor_s,plain,discovery,1401,-0.03940916816453299,-0.07995391504197322,0.000219598448155374,True,False
B_raw,1.5,time_to_anchor_s,tod_stratified_excl_last_hour,discovery,1358,-0.03869178786599985,-0.08113589449877977,0.0017925501696064215,True,False
B_raw,1.5,time_to_anchor_s,tod_stratified,replication,463,-0.03152630984728911,-0.11157316820136237,0.05302534862788441,True,False
B_raw,1.5,time_to_anchor_s,plain,replication,463,-0.034169372597320224,-0.11180730304829808,0.04614176096404491,True,False
B_raw,1.5,time_to_anchor_s,tod_stratified_excl_last_hour,replication,458,-0.031821537784495105,-0.11204595607816231,0.05669883344671072,True,False
B_raw,1.5,time_to_anchor_s,tod_stratified,pooled,1864,-0.03747964788682553,-0.07794718259985806,-0.0004324111489560568,True,False
B_raw,1.5,time_to_anchor_s,plain,pooled,1864,-0.0381845748961287,-0.07700493937808076,-0.0011945544695259036,True,False
B_raw,1.5,time_to_anchor_s,tod_stratified_excl_last_hour,pooled,1816,-0.0370467155484515,-0.07661266930489197,0.0007698770230437839,True,False
B_raw,1.5,pullback_from_mfe,plain,discovery,1402,-0.005706134094151216,-0.05352976091445967,0.039851408295613996,True,False
B_raw,1.5,pullback_from_mfe,plain,replication,470,-0.01294040887342329,-0.0730477876881044,0.05557335796258286,True,False
B_raw,1.5,pullback_from_mfe,plain,pooled,1872,-0.00743795709590922,-0.044393425223077904,0.03172731360339443,True,False
B_raw,1.5,mae_before,plain,discovery,1402,-0.019971469329529312,-0.058359279908158083,0.017023678835217132,True,False
B_raw,1.5,mae_before,plain,replication,479,-0.021970543068546733,-0.09677169473245308,0.05650598665189925,True,False
B_raw,1.5,mae_before,plain,pooled,1881,-0.020286404276391615,-0.05391082187408494,0.014284370835325355,True,False
B_raw,1.5,ret30,plain,discovery,1402,0.0442225392296719,0.0038163640512292375,0.08302994655580737,True,False
B_raw,1.5,ret30,plain,replication,447,0.0014316099476440192,-0.08113836824815197,0.07202883919734555,True,False
B_raw,1.5,ret30,plain,pooled,1849,0.034284783820890286,0.0005342079189310301,0.07020175253031985,True,False
B_raw,1.5,ret15,plain,discovery,1402,0.04850213980028529,0.012267353720456,0.08303545315056082,False,False
B_raw,1.5,ret15,plain,replication,456,0.03179349964586453,-0.0641489644277698,0.11914935330321275,False,False
B_raw,1.5,ret15,plain,pooled,1858,0.045291425190135626,0.010570202297397606,0.08064463888778198,False,False
B_raw,1.5,ret60,plain,discovery,1402,0.03994293865905851,-0.0004650319442341382,0.0805119215296252,False,False
B_raw,1.5,ret60,plain,replication,444,0.02069752281616688,-0.057678125204257594,0.09890958792113687,False,False
B_raw,1.5,ret60,plain,pooled,1846,0.03516360173904264,2.545510644867414e-05,0.06874332174201177,False,False
B_raw,1.5,path_eff,plain,discovery,1402,0.0399429386590584,-0.0017973659472871354,0.08098833487076143,False,False
B_raw,1.5,path_eff,plain,replication,484,0.037735526742855297,-0.04305874578040847,0.11345787427063059,False,False
B_raw,1.5,path_eff,plain,pooled,1886,0.039258949376085206,0.0031168897609633625,0.07825693259288084,False,False
B_raw,1.5,n_cross,plain,discovery,1424,-0.028998307205416966,-0.07626357269891225,0.014864654164551828,False,False
B_raw,1.5,n_cross,plain,replication,489,-0.020170882894957276,-0.09440385283173905,0.05845450214606876,False,False
B_raw,1.5,n_cross,plain,pooled,1913,-0.026774304936976412,-0.06466603247775916,0.011394342158575776,False,False
B_raw,1.5,rv60,plain,discovery,1402,0.042796005706134066,-0.002050221909312569,0.0892951520578733,False,False
B_raw,1.5,rv60,plain,replication,428,0.07556596409055427,-0.00768274339080821,0.15424326299043728,False,False
B_raw,1.5,rv60,plain,pooled,1830,0.04952263878392471,0.014102107460849387,0.08532593682127053,False,False
B_raw,1.5,accel,plain,discovery,1402,0.05706134094151206,0.01639678364853861,0.09528162253350342,False,True
B_raw,1.5,accel,plain,replication,442,0.030736684917869517,-0.05157757925464634,0.11190319861876724,False,False
B_raw,1.5,accel,plain,pooled,1844,0.050890037070653205,0.017842298726168347,0.08621653099454955,False,True
B_raw,1.5,fav_share,plain,discovery,1400,0.027987812220024888,-0.008600954305924393,0.07005623338629555,False,False
B_raw,1.5,fav_share,plain,replication,483,0.03242964996568287,-0.0454305449370726,0.10891489244084893,False,False
B_raw,1.5,fav_share,plain,pooled,1883,0.02898040596034257,-0.007006593645697692,0.06501589376389567,False,False
B_raw,1.5,tod_min,plain,discovery,1405,-0.010800317727921227,-0.051005234405469814,0.029769791290934725,False,False
B_raw,1.5,tod_min,plain,replication,454,-0.03144104803493453,-0.10499902088361572,0.040233148861376085,False,False
B_raw,1.5,tod_min,plain,pooled,1859,-0.01592184913828032,-0.04986156625719697,0.020704337803779053,False,False
G_res_N3,1.0,time_to_anchor_s,tod_stratified,discovery,1112,-0.024959586172297345,-0.07208559533820316,0.02222475162687641,True,False
G_res_N3,1.0,time_to_anchor_s,plain,discovery,1112,-0.021338808181433952,-0.06763648819797531,0.02775550446854409,True,False
G_res_N3,1.0,time_to_anchor_s,tod_stratified_excl_last_hour,discovery,1089,-0.025437325493634977,-0.0727709189446317,0.023475986777815976,True,False
G_res_N3,1.0,time_to_anchor_s,tod_stratified,replication,346,-0.014869932796044785,-0.11108252179923887,0.08748937438185694,True,False
G_res_N3,1.0,time_to_anchor_s,plain,replication,346,-0.0006599321233429836,-0.09444274222570677,0.09396480966246523,True,False
G_res_N3,1.0,time_to_anchor_s,tod_stratified_excl_last_hour,replication,342,-0.012734420481906112,-0.10970925258862967,0.08942611464468686,True,False
G_res_N3,1.0,time_to_anchor_s,tod_stratified,pooled,1458,-0.02179613316874561,-0.06430822490408529,0.02059282772810258,True,False
G_res_N3,1.0,time_to_anchor_s,plain,pooled,1458,-0.016874458822570854,-0.05914800289835748,0.026307357545070385,True,False
G_res_N3,1.0,time_to_anchor_s,tod_stratified_excl_last_hour,pooled,1431,-0.021630788741205113,-0.06490263369114162,0.02089459521064767,True,False
G_res_N3,1.0,pullback_from_mfe,plain,discovery,1111,-0.01990106466905795,-0.06645580727433986,0.028629391717139314,True,False
G_res_N3,1.0,pullback_from_mfe,plain,replication,377,-0.03945425231392027,-0.11831948106839608,0.03903768113174837,True,False
G_res_N3,1.0,pullback_from_mfe,plain,pooled,1488,-0.023954732599286318,-0.061627751136118514,0.018105307357428973,True,False
G_res_N3,1.0,mae_before,plain,discovery,1111,0.02977461150177316,-0.016290036490532223,0.07348106706535454,True,False
G_res_N3,1.0,mae_before,plain,replication,378,0.015269420701596188,-0.06445249666549387,0.10087408347611494,True,False
G_res_N3,1.0,mae_before,plain,pooled,1489,0.02583856267284999,-0.01219560371810484,0.06559871856782486,True,False
G_res_N3,1.0,ret30,plain,discovery,1111,0.036449624348902865,-0.009766281084616012,0.08203690547380059,True,False
G_res_N3,1.0,ret30,plain,replication,360,0.017353363507891392,-0.053572938417720525,0.08885483981744302,True,False
G_res_N3,1.0,ret30,plain,pooled,1471,0.03186383486507294,-0.008723144544981989,0.06699408414771733,True,False
G_res_N3,1.0,ret15,plain,discovery,1111,0.055285848094936446,0.00994688012887607,0.1055750486644608,False,True
G_res_N3,1.0,ret15,plain,replication,356,0.02335569840265237,-0.07154426308539642,0.11202845948487299,False,False
G_res_N3,1.0,ret15,plain,pooled,1467,0.04798641340369838,0.004114934011310436,0.09013379092681237,False,False
G_res_N3,1.0,ret60,plain,discovery,1111,0.02494205852567349,-0.02045598874279791,0.06627678879684411,False,False
G_res_N3,1.0,ret60,plain,replication,350,0.01404049644243855,-0.06865798903077777,0.09857189568439954,False,False
G_res_N3,1.0,ret60,plain,pooled,1461,0.022203890120766255,-0.015141842983371222,0.05982489306476882,False,False
G_res_N3,1.0,path_eff,plain,discovery,1111,0.0032444313639306754,-0.044567816836181245,0.0500880774039569,False,False
G_res_N3,1.0,path_eff,plain,replication,350,-0.01440100957558941,-0.09355547513501186,0.06735593569006652,False,False
G_res_N3,1.0,path_eff,plain,pooled,1461,-0.00010344506352261054,-0.03954099592406898,0.04063286959995717,False,False
G_res_N3,1.0,n_cross,plain,discovery,1131,0.00630282635763407,-0.04153487578671447,0.04823475035394072,False,False
G_res_N3,1.0,n_cross,plain,replication,379,0.011892959558623638,-0.06285228271571215,0.08545330101917864,False,False
G_res_N3,1.0,n_cross,plain,pooled,1510,0.006601762944834216,-0.03249313679766197,0.04093233010718431,False,False
G_res_N3,1.0,rv60,plain,discovery,1111,0.08699969895585058,0.04108184396546062,0.12919318361802498,False,True
G_res_N3,1.0,rv60,plain,replication,353,0.02266673416136469,-0.052993974186587016,0.1004071144278887,False,False
G_res_N3,1.0,rv60,plain,pooled,1464,0.07246651644249989,0.03325134530582468,0.10939421945927592,False,True
G_res_N3,1.0,accel,plain,discovery,1111,0.05372520956625499,0.006208721538465167,0.10397924474358167,False,True
G_res_N3,1.0,accel,plain,replication,363,0.023275251061545606,-0.0733993451731453,0.11038857788853917,False,False
G_res_N3,1.0,accel,plain,pooled,1474,0.04747393399054653,0.0046287681016760965,0.08825208687166337,False,False
G_res_N3,1.0,fav_share,plain,discovery,1112,-0.023879887953406235,-0.06809615059928999,0.023381329305783734,False,False
G_res_N3,1.0,fav_share,plain,replication,365,-0.021271516073538277,-0.10562986032178925,0.06332508791505428,False,False
G_res_N3,1.0,fav_share,plain,pooled,1477,-0.022950178436291765,-0.06120414349834568,0.016048465283397817,False,False
G_res_N3,1.0,tod_min,plain,discovery,1106,0.051430961403974726,0.007177265458287319,0.09402242094290637,False,True
G_res_N3,1.0,tod_min,plain,replication,346,0.0646903545820125,0.0013266379367729167,0.13374562661745273,False,True
G_res_N3,1.0,tod_min,plain,pooled,1452,0.05459737231224597,0.018605773465198223,0.09438924121126507,False,True
G_res_N3,1.5,time_to_anchor_s,tod_stratified,discovery,1083,-0.055884646829132426,-0.10792751757063906,-0.007011370361630374,True,True
G_res_N3,1.5,time_to_anchor_s,plain,discovery,1083,-0.05231832784609483,-0.10127742717409374,-0.006165914975315058,True,True
G_res_N3,1.5,time_to_anchor_s,tod_stratified_excl_last_hour,discovery,1053,-0.057947948486825045,-0.11053106397021353,-0.006366011156887363,True,True
G_res_N3,1.5,time_to_anchor_s,tod_stratified,replication,351,-0.011702515978171315,-0.08669689530889538,0.06470492986643864,True,False
G_res_N3,1.5,time_to_anchor_s,plain,replication,351,-0.002989642460278951,-0.07290463807778602,0.0709150012378862,True,False
G_res_N3,1.5,time_to_anchor_s,tod_stratified_excl_last_hour,replication,347,-0.007610829299571275,-0.08394116580123608,0.07126509508739932,True,False
G_res_N3,1.5,time_to_anchor_s,tod_stratified,pooled,1434,-0.045413672550701646,-0.08511969920135282,-0.006748245320886376,True,False
G_res_N3,1.5,time_to_anchor_s,plain,pooled,1434,-0.04024338989559295,-0.07937151737284942,-0.0020237670243606087,True,False
G_res_N3,1.5,time_to_anchor_s,tod_stratified_excl_last_hour,pooled,1400,-0.045756202198091366,-0.08572596603816031,-0.006063625077006203,True,False
G_res_N3,1.5,pullback_from_mfe,plain,discovery,1082,0.0677515678480301,0.02443907216547993,0.1095016832863227,True,True
G_res_N3,1.5,pullback_from_mfe,plain,replication,358,0.008391750084599149,-0.06295128530610546,0.08283418511284447,True,False
G_res_N3,1.5,pullback_from_mfe,plain,pooled,1440,0.053172974965607286,0.015560429052484016,0.0913427919584886,True,True
G_res_N3,1.5,mae_before,plain,discovery,1082,0.026205472042380985,-0.01852276100943476,0.07323988878348474,True,False
G_res_N3,1.5,mae_before,plain,replication,370,0.010850163491493868,-0.06094175353682486,0.09172176721369761,True,False
G_res_N3,1.5,mae_before,plain,pooled,1452,0.022483882532711358,-0.015359890845795296,0.06315077659933852,True,False
G_res_N3,1.5,ret30,plain,discovery,1082,0.09125185703587678,0.045397514034658165,0.13860060108360914,True,True
G_res_N3,1.5,ret30,plain,replication,346,0.02846102335763441,-0.04915624368417811,0.10315211593086245,True,False
G_res_N3,1.5,ret30,plain,pooled,1428,0.07742350256137874,0.04032555841934818,0.1159271232209493,True,True
G_res_N3,1.5,ret15,plain,discovery,1082,0.06476880931077576,0.01673708586411878,0.11270359239631354,False,True
G_res_N3,1.5,ret15,plain,replication,344,-0.029247615536758257,-0.1047882604163963,0.05542670285930001,False,False
G_res_N3,1.5,ret15,plain,pooled,1426,0.04291172049661026,0.0024076448053401887,0.08214957306121948,False,False
G_res_N3,1.5,ret60,plain,discovery,1082,0.04964318436953857,0.00026332224795226183,0.10061903513964679,False,False
G_res_N3,1.5,ret60,plain,replication,345,-0.0086919486160753,-0.08683629540265696,0.06539676354731938,False,False
G_res_N3,1.5,ret60,plain,pooled,1427,0.03656024858668376,-0.002860693885658785,0.07320944651649029,False,False
G_res_N3,1.5,path_eff,plain,discovery,1082,0.013768023553729402,-0.030761783182445837,0.06301338196002333,False,False
G_res_N3,1.5,path_eff,plain,replication,365,-0.028491438956989367,-0.09955494215565623,0.037458309123873657,False,False
G_res_N3,1.5,path_eff,plain,pooled,1447,0.002961788621290027,-0.03519700769263123,0.04301847386309038,False,False
G_res_N3,1.5,n_cross,plain,discovery,1137,-0.005093500092284151,-0.05192157493455789,0.035391676041735515,False,False
G_res_N3,1.5,n_cross,plain,replication,396,-0.006937032387145993,-0.071516310471158,0.06314102521468336,False,False
G_res_N3,1.5,n_cross,plain,pooled,1533,-0.005586393294475893,-0.04476520515838174,0.029991106149078225,False,False
G_res_N3,1.5,rv60,plain,discovery,1082,0.09131984060647823,0.0426642342985042,0.1395520379463374,False,True
G_res_N3,1.5,rv60,plain,replication,336,0.005780503848080001,-0.07136193310443324,0.08151144543991812,False,False
G_res_N3,1.5,rv60,plain,pooled,1418,0.07233991623592251,0.031867940923856065,0.11598704394739683,False,True
G_res_N3,1.5,accel,plain,discovery,1082,0.04414992863230114,-0.003689601750468782,0.09236295315466407,False,False
G_res_N3,1.5,accel,plain,replication,343,-0.033963179679304414,-0.09886531379702479,0.039562912505554236,False,False
G_res_N3,1.5,accel,plain,pooled,1425,0.02628148257926471,-0.01426870865199812,0.06528228239814393,False,False
G_res_N3,1.5,fav_share,plain,discovery,1082,-0.03163180072408078,-0.07839975519834076,0.01381768126405451,False,False
G_res_N3,1.5,fav_share,plain,replication,369,-0.011930479317373267,-0.09283570594615921,0.0600803544190658,False,False
G_res_N3,1.5,fav_share,plain,pooled,1451,-0.02684953692338681,-0.06948170994006854,0.013292028786258913,False,False
G_res_N3,1.5,tod_min,plain,discovery,1085,0.0608305066204183,0.018466600224412783,0.10087024318246268,False,True
G_res_N3,1.5,tod_min,plain,replication,343,0.06383896103783587,0.0003077116996927489,0.13299690578769519,False,True
G_res_N3,1.5,tod_min,plain,pooled,1428,0.061716159968942946,0.02769333957484502,0.09833401374927511,False,True
G_res_N3,2.0,time_to_anchor_s,tod_stratified,discovery,1116,-0.06828056910117976,-0.11721795211814226,-0.019528314205833487,True,True
G_res_N3,2.0,time_to_anchor_s,plain,discovery,1116,-0.06731637011819117,-0.11439206032639541,-0.021221300894831624,True,True
G_res_N3,2.0,time_to_anchor_s,tod_stratified_excl_last_hour,discovery,1078,-0.07179676252427696,-0.12002867170086998,-0.022203399702328583,True,True
G_res_N3,2.0,time_to_anchor_s,tod_stratified,replication,353,-0.028417758297328868,-0.10860447289590529,0.0478203323202521,True,False
G_res_N3,2.0,time_to_anchor_s,plain,replication,353,-0.018581772438366718,-0.09738870605951594,0.058804415434779746,True,False
G_res_N3,2.0,time_to_anchor_s,tod_stratified_excl_last_hour,replication,349,-0.023679388222109157,-0.1035663427457862,0.05465318845344255,True,False
G_res_N3,2.0,time_to_anchor_s,tod_stratified,pooled,1469,-0.05882008793384295,-0.09843509046288655,-0.02126073976234861,True,True
G_res_N3,2.0,time_to_anchor_s,plain,pooled,1469,-0.05561037259677767,-0.09355740254766745,-0.018209293446415406,True,True
G_res_N3,2.0,time_to_anchor_s,tod_stratified_excl_last_hour,pooled,1427,-0.06009038331431118,-0.10029285073064517,-0.021662569210484775,True,True
G_res_N3,2.0,pullback_from_mfe,plain,discovery,1116,-0.0011480734767025094,-0.05460513697244335,0.05116296076052737,True,False
G_res_N3,2.0,pullback_from_mfe,plain,replication,372,-0.01638010647544546,-0.09679140145027637,0.0638899527507632,True,False
G_res_N3,2.0,pullback_from_mfe,plain,pooled,1488,-0.004526452015068976,-0.04809661956222475,0.03957704034162767,True,False
G_res_N3,2.0,mae_before,plain,discovery,1116,0.016269041218637995,-0.030233978713550835,0.06311971514910866,True,False
G_res_N3,2.0,mae_before,plain,replication,377,-0.0035530568700354904,-0.0796345014004313,0.07594038343482745,True,False
G_res_N3,2.0,mae_before,plain,pooled,1493,0.011364992498636118,-0.02781985395879714,0.053120733573418795,True,False
G_res_N3,2.0,ret30,plain,discovery,1116,0.10724686379928315,0.060414962461985924,0.1540570946744761,True,True
G_res_N3,2.0,ret30,plain,replication,374,0.048024429448563485,-0.04986261161070477,0.1480081414318258,True,False
G_res_N3,2.0,ret30,plain,pooled,1490,0.09284926855084172,0.05325924075428562,0.13516325993046469,True,True
G_res_N3,2.0,ret15,plain,discovery,1116,0.09103382616487454,0.04615759668766222,0.13800355760891486,False,True
G_res_N3,2.0,ret15,plain,replication,356,0.07127861089187056,-0.023680652256799068,0.16029495992288958,False,False
G_res_N3,2.0,ret15,plain,pooled,1472,0.08635651792455791,0.045988321946816985,0.12652146366681266,False,True
G_res_N3,2.0,ret60,plain,discovery,1116,0.09909834229390681,0.0543813888419316,0.14282232279805152,False,True
G_res_N3,2.0,ret60,plain,replication,353,0.012508254944913344,-0.07346818693205466,0.09921982334580254,False,False
G_res_N3,2.0,ret60,plain,pooled,1469,0.07863950855612,0.040269336399264145,0.12027886179550826,False,True
G_res_N3,2.0,path_eff,plain,discovery,1117,0.04729512706702317,-0.00042774995040798625,0.09505729986845746,False,False
G_res_N3,2.0,path_eff,plain,replication,355,0.021222718253968254,-0.04480670409200701,0.08552173935271022,False,False
G_res_N3,2.0,path_eff,plain,pooled,1472,0.04106026635307844,0.004335906411156816,0.07931405653952171,False,False
G_res_N3,2.0,n_cross,plain,discovery,1139,-0.02088574514623137,-0.06827057658737275,0.018274708521053114,False,False
G_res_N3,2.0,n_cross,plain,replication,391,-0.02837024716072643,-0.08915278736842165,0.03458113567850848,False,False
G_res_N3,2.0,n_cross,plain,pooled,1530,-0.022893762318305,-0.0614285982074263,0.012821242528956204,False,False
G_res_N3,2.0,rv60,plain,discovery,1116,0.10612679211469533,0.056479986511020125,0.15182868825411194,False,True
G_res_N3,2.0,rv60,plain,replication,377,0.0025780453077184633,-0.08922730438468991,0.08943038554037278,False,False
G_res_N3,2.0,rv60,plain,pooled,1493,0.08038784262560544,0.04075220720728176,0.11847580456534397,False,True
G_res_N3,2.0,accel,plain,discovery,1116,0.06714829749103943,0.022386435062411496,0.11028960350474283,False,True
G_res_N3,2.0,accel,plain,replication,356,0.08013613373102295,-0.011702027043403824,0.15903953246792438,False,False
G_res_N3,2.0,accel,plain,pooled,1472,0.07034086870840602,0.030385840283946024,0.10754610507396117,False,True
G_res_N3,2.0,fav_share,plain,discovery,1116,-0.010164650537634407,-0.05698550058841434,0.035818035841644044,False,False
G_res_N3,2.0,fav_share,plain,replication,369,0.005393162959039548,-0.07827540828135433,0.08400154446509822,False,False
G_res_N3,2.0,fav_share,plain,pooled,1485,-0.006485544217687076,-0.04917214518689514,0.03456722248208172,False,False
G_res_N3,2.0,tod_min,plain,discovery,1118,0.055373261444225406,0.012767747013596854,0.09466435778399018,False,True
G_res_N3,2.0,tod_min,plain,replication,353,0.08125250883108541,0.020978502919869906,0.14995162666340864,False,True
G_res_N3,2.0,tod_min,plain,pooled,1471,0.06182296808388702,0.02861258749687004,0.09776942252774286,False,True
G_raw,1.0,time_to_anchor_s,tod_stratified,discovery,1119,-0.051399787258879344,-0.09982880177081681,-0.004449781229547739,True,True
G_raw,1.0,time_to_anchor_s,plain,discovery,1119,-0.047361662162421186,-0.09462290961608985,0.0006088757235766501,True,False
G_raw,1.0,time_to_anchor_s,tod_stratified_excl_last_hour,discovery,1096,-0.051236206115710906,-0.0995710524167276,-0.0010963542842463967,True,True
G_raw,1.0,time_to_anchor_s,tod_stratified,replication,348,-0.06267607530189236,-0.15741298767372564,0.036731460890230966,True,False
G_raw,1.0,time_to_anchor_s,plain,replication,348,-0.04832516880709652,-0.13715603384396297,0.04423697747032789,True,False
G_raw,1.0,time_to_anchor_s,tod_stratified_excl_last_hour,replication,344,-0.058972653885669114,-0.15521519350143212,0.03964024142042326,True,False
G_raw,1.0,time_to_anchor_s,tod_stratified,pooled,1467,-0.05329838593323858,-0.09634205538494756,-0.01080946924921286,True,True
G_raw,1.0,time_to_anchor_s,plain,pooled,1467,-0.04788096211755086,-0.09140092269450345,-0.005309457155118195,True,False
G_raw,1.0,time_to_anchor_s,tod_stratified_excl_last_hour,pooled,1440,-0.0522669874901722,-0.09626310911321781,-0.010170710272042445,True,True
G_raw,1.0,pullback_from_mfe,plain,discovery,1116,-0.01612903225806453,-0.06234231460044286,0.03426211298960569,True,False
G_raw,1.0,pullback_from_mfe,plain,replication,378,-0.027380952380952395,-0.10606124980454083,0.04898747512189869,True,False
G_raw,1.0,pullback_from_mfe,plain,pooled,1494,-0.018078512396694224,-0.057100798084444106,0.023124352871678334,True,False
G_raw,1.0,mae_before,plain,discovery,1116,0.02867383512544802,-0.018248612960640967,0.07457968582708929,True,False
G_raw,1.0,mae_before,plain,replication,379,0.0010590858416945348,-0.08096772426351967,0.08325996959153371,True,False
G_raw,1.0,mae_before,plain,pooled,1495,0.02146311429931666,-0.017102229148679426,0.0619215199686525,True,False
G_raw,1.0,ret30,plain,discovery,1116,0.06810035842293907,0.02107113473781579,0.11208082889179038,True,True
G_raw,1.0,ret30,plain,replication,362,0.05345825296224854,-0.015315710870866193,0.1226888135142325,True,False
G_raw,1.0,ret30,plain,pooled,1478,0.06445905926695128,0.025650529920286547,0.09985900388666087,True,True
G_raw,1.0,ret15,plain,discovery,1116,0.08422939068100357,0.038123413523226485,0.13342098441085593,False,True
G_raw,1.0,ret15,plain,replication,357,0.059312953041285844,-0.03144969248855496,0.14561817940961438,False,False
G_raw,1.0,ret15,plain,pooled,1473,0.07859671768393878,0.034099074470500576,0.12046400083746109,False,True
G_raw,1.0,ret60,plain,discovery,1116,0.05017921146953405,0.00654522887413196,0.09291057114842272,False,True
G_raw,1.0,ret60,plain,replication,349,0.047398502167914865,-0.03868336818491788,0.1347019677727479,False,False
G_raw,1.0,ret60,plain,pooled,1465,0.049417575249277784,0.010224979813081314,0.08663351842717283,False,False
G_raw,1.0,path_eff,plain,discovery,1117,0.025384551266021627,-0.019897550926708734,0.07330409756301554,False,False
G_raw,1.0,path_eff,plain,replication,353,0.023538908621246357,-0.05643655168476606,0.10316457018809232,False,False
G_raw,1.0,path_eff,plain,pooled,1470,0.025587514744578543,-0.012758641589343585,0.06583538742897095,False,False
G_raw,1.0,n_cross,plain,discovery,1134,-0.015251658641404096,-0.060872608648300124,0.025674905617590598,False,False
G_raw,1.0,n_cross,plain,replication,381,-0.029156772875365833,-0.10070104012373694,0.04305070529643325,False,False
G_raw,1.0,n_cross,plain,pooled,1515,-0.019623579768986238,-0.05590674109726559,0.013976092116105973,False,False
G_raw,1.0,rv60,plain,discovery,1116,0.1129032258064516,0.068151099237921,0.15475682458810278,False,True
G_raw,1.0,rv60,plain,replication,355,0.05416666666666667,-0.027119780686021895,0.1336283734428519,False,False
G_raw,1.0,rv60,plain,pooled,1471,0.09959419517843204,0.05971193745693798,0.13671592336336374,False,True
G_raw,1.0,accel,plain,discovery,1116,0.07347670250896057,0.02480027963632823,0.123321029386031,False,True
G_raw,1.0,accel,plain,replication,364,0.046370657558694094,-0.04325308670925134,0.1296860562388095,False,False
G_raw,1.0,accel,plain,pooled,1480,0.0681566799213858,0.026209929831059475,0.10854650753986282,False,True
G_raw,1.0,fav_share,plain,discovery,1114,-0.016019855595667876,-0.061310404184815336,0.03201664304570257,False,False
G_raw,1.0,fav_share,plain,replication,367,-0.0027665397429795517,-0.08802170123971614,0.08198421977708582,False,False
G_raw,1.0,fav_share,plain,pooled,1481,-0.012560421720810622,-0.052527450799128975,0.025902528945746003,False,False
G_raw,1.0,tod_min,plain,discovery,1116,0.045710908693808866,0.003544317166100186,0.08700134634205707,False,False
G_raw,1.0,tod_min,plain,replication,349,0.06958949096880132,0.013007386384153526,0.13606772470144562,False,True
G_raw,1.0,tod_min,plain,pooled,1465,0.05132926774717819,0.017823346786839084,0.08927673054883728,False,True
G_raw,1.5,time_to_anchor_s,tod_stratified,discovery,1115,-0.1001988621357692,-0.14873350740514596,-0.051779546419220425,True,True
G_raw,1.5,time_to_anchor_s,plain,discovery,1115,-0.09834108736639577,-0.14635037550445396,-0.05172760126936433,True,True
G_raw,1.5,time_to_anchor_s,tod_stratified_excl_last_hour,discovery,1085,-0.10196057841961402,-0.1534176288720115,-0.050832657393292895,True,True
G_raw,1.5,time_to_anchor_s,tod_stratified,replication,358,-0.06629932568636202,-0.14019656426546118,0.008419040519625545,True,False
G_raw,1.5,time_to_anchor_s,plain,replication,358,-0.058908045977011485,-0.12452242049874171,0.010281664589577482,True,False
G_raw,1.5,time_to_anchor_s,tod_stratified_excl_last_hour,replication,354,-0.06205075332351887,-0.13604793709168012,0.014053138469460373,True,False
G_raw,1.5,time_to_anchor_s,tod_stratified,pooled,1473,-0.092803203579234,-0.1311699852565441,-0.05333550004523805,True,True
G_raw,1.5,time_to_anchor_s,plain,pooled,1473,-0.08897480144244596,-0.12668081060205352,-0.05127478578596104,True,True
G_raw,1.5,time_to_anchor_s,tod_stratified_excl_last_hour,pooled,1439,-0.09287117259497607,-0.1317647805660702,-0.052620082228172674,True,True
G_raw,1.5,pullback_from_mfe,plain,discovery,1116,0.07168458781362005,0.028483210848444445,0.11517098340009914,True,True
G_raw,1.5,pullback_from_mfe,plain,replication,369,0.03841402435437377,-0.04123363508883823,0.11928071531520075,True,False
G_raw,1.5,pullback_from_mfe,plain,pooled,1485,0.06357026760318105,0.02331276917982994,0.10145849012045069,True,True
G_raw,1.5,mae_before,plain,discovery,1116,0.02867383512544802,-0.016409080248736024,0.07569656088554251,True,False
G_raw,1.5,mae_before,plain,replication,376,0.003854875283446718,-0.07275979823256407,0.0874554200172641,True,False
G_raw,1.5,mae_before,plain,pooled,1492,0.02265065090969212,-0.018166928156936202,0.06477785272744602,True,False
G_raw,1.5,ret30,plain,discovery,1116,0.12903225806451613,0.08367897633523783,0.17620761796200352,True,True
G_raw,1.5,ret30,plain,replication,353,0.09923386830460341,0.02063536911302306,0.1744611842143599,True,True
G_raw,1.5,ret30,plain,pooled,1469,0.1226764694961197,0.08477473345779075,0.16022926959390596,True,True
G_raw,1.5,ret15,plain,discovery,1116,0.10752688172043012,0.057999147103980256,0.15604564784766983,False,True
G_raw,1.5,ret15,plain,replication,357,0.020381919886838545,-0.059598110493722,0.10728345925526174,False,False
G_raw,1.5,ret15,plain,pooled,1473,0.0864188186295867,0.04793015646250936,0.12757317130626766,False,True
G_raw,1.5,ret60,plain,discovery,1116,0.10394265232974911,0.055115574142543644,0.15332040948923906,False,True
G_raw,1.5,ret60,plain,replication,358,0.057518796992481205,-0.01486650628320238,0.12492564118488739,False,False
G_raw,1.5,ret60,plain,pooled,1474,0.09329930319235133,0.052721927311210615,0.1296399358593994,False,True
G_raw,1.5,path_eff,plain,discovery,1116,0.05376344086021506,0.00661541871830724,0.10408766418880246,False,True
G_raw,1.5,path_eff,plain,replication,373,0.01696279684894486,-0.04264298922188197,0.07407423016286141,False,False
G_raw,1.5,path_eff,plain,pooled,1489,0.04455870679079165,0.0053409766887097445,0.08399179852680892,False,False
G_raw,1.5,n_cross,plain,discovery,1174,-0.02845641107918495,-0.07303618095547545,0.009643240005392932,False,False
G_raw,1.5,n_cross,plain,replication,406,-0.03280916326926811,-0.09450884409167366,0.03204810053214307,False,False
G_raw,1.5,n_cross,plain,pooled,1580,-0.029586131641411606,-0.06575053063071126,0.004901040840660922,False,False
G_raw,1.5,rv60,plain,discovery,1116,0.15232974910394265,0.10167987423417023,0.20415533973757277,False,True
G_raw,1.5,rv60,plain,replication,347,0.06356104848567162,-0.022175055679237138,0.14676402011767864,False,False
G_raw,1.5,rv60,plain,pooled,1463,0.13228002290239166,0.0916309818989817,0.17757911697997905,False,True
G_raw,1.5,accel,plain,discovery,1116,0.06451612903225806,0.01648935278145274,0.1100905548699666,False,True
G_raw,1.5,accel,plain,replication,346,0.002252252252252257,-0.07458837877293233,0.08565367793308964,False,False
G_raw,1.5,accel,plain,pooled,1462,0.050526852226568934,0.009710241686233476,0.08827580966884366,False,True
G_raw,1.5,fav_share,plain,discovery,1114,-0.02626930713493722,-0.07197820593608678,0.021013358773113812,False,False
G_raw,1.5,fav_share,plain,replication,377,0.0026214905851843495,-0.07851880832260344,0.07773457549724232,False,False
G_raw,1.5,fav_share,plain,pooled,1491,-0.019232430253649263,-0.0599404114362395,0.020473322187987218,False,False
G_raw,1.5,tod_min,plain,discovery,1113,0.044144144144144165,0.002808929884055684,0.08575413739907929,False,False
G_raw,1.5,tod_min,plain,replication,353,0.06879173086800207,0.011995637846389146,0.13519168980774274,False,True
G_raw,1.5,tod_min,plain,pooled,1466,0.05008142792000519,0.01675095961399294,0.08777613290411714,False,True
G_raw,2.0,time_to_anchor_s,tod_stratified,discovery,1116,-0.15216264549935304,-0.19997042468165102,-0.10489021878540225,True,True
G_raw,2.0,time_to_anchor_s,plain,discovery,1116,-0.15110483042137718,-0.1973395987155104,-0.10594360527299426,True,True
G_raw,2.0,time_to_anchor_s,tod_stratified_excl_last_hour,discovery,1078,-0.15280696198957933,-0.20194408983969311,-0.10254014548913112,True,True
G_raw,2.0,time_to_anchor_s,tod_stratified,replication,353,-0.11529636364953669,-0.1929267029109956,-0.03809293422849868,True,True
G_raw,2.0,time_to_anchor_s,plain,replication,353,-0.1067668207498716,-0.18322866597480159,-0.028174723459645626,True,True
G_raw,2.0,time_to_anchor_s,tod_stratified_excl_last_hour,replication,349,-0.11123182298956709,-0.18901299504531477,-0.03229939532162768,True,True
G_raw,2.0,time_to_anchor_s,tod_stratified,pooled,1469,-0.14339946297237646,-0.18289309633985748,-0.10477778790993629,True,True
G_raw,2.0,time_to_anchor_s,plain,pooled,1469,-0.1404545825270073,-0.1791892244125654,-0.10261468055573347,True,True
G_raw,2.0,time_to_anchor_s,tod_stratified_excl_last_hour,pooled,1427,-0.1426789106597893,-0.18293500221482528,-0.10400266101690878,True,True
G_raw,2.0,pullback_from_mfe,plain,discovery,1116,0.04480286738351255,-0.006921332763998709,0.09819628599847433,True,False
G_raw,2.0,pullback_from_mfe,plain,replication,372,0.01973055193394177,-0.062178831227054594,0.1016280585595698,True,False
G_raw,2.0,pullback_from_mfe,plain,pooled,1488,0.03908176816543349,-0.006014885098604839,0.08421374679324767,True,False
G_raw,2.0,mae_before,plain,discovery,1116,0.02329749103942652,-0.02442091259106599,0.0697621521713427,True,False
G_raw,2.0,mae_before,plain,replication,377,-0.005858824854937744,-0.08230830658038199,0.07365425944875098,True,False
G_raw,2.0,mae_before,plain,pooled,1493,0.016101013581416718,-0.02505064000958289,0.057496547606324916,True,False
G_raw,2.0,ret30,plain,discovery,1116,0.15591397849462363,0.10929975117900001,0.20434104734637062,True,True
G_raw,2.0,ret30,plain,replication,374,0.0966751621872104,-0.0012182534566575036,0.19234578420535492,True,False
G_raw,2.0,ret30,plain,pooled,1490,0.14156917617529535,0.09869329967570573,0.18461463316834034,True,True
G_raw,2.0,ret15,plain,discovery,1116,0.12544802867383512,0.07901195590479812,0.17499199720517075,False,True
G_raw,2.0,ret15,plain,replication,356,0.11273875295974746,0.02053580052209016,0.20041745454084747,False,True
G_raw,2.0,ret15,plain,pooled,1472,0.12248217143848755,0.08153802406942996,0.16260390203342864,False,True
G_raw,2.0,ret60,plain,discovery,1116,0.16129032258064518,0.11731165396945728,0.20485335747244937,False,True
G_raw,2.0,ret60,plain,replication,353,0.08649571548224985,-0.0017260757396372315,0.1671813052236879,False,False
G_raw,2.0,ret60,plain,pooled,1469,0.1437261300011124,0.10567218824743772,0.18326784947047725,False,True
G_raw,2.0,path_eff,plain,discovery,1117,0.11312443495489258,0.06425716723993324,0.1600988942639013,False,True
G_raw,2.0,path_eff,plain,replication,355,0.08920634920634922,0.025360990149139048,0.1509871896975693,False,True
G_raw,2.0,path_eff,plain,pooled,1472,0.10741996761967706,0.07048334686191587,0.14548636288117997,False,True
G_raw,2.0,n_cross,plain,discovery,1139,-0.04365609348914859,-0.0914003671189216,-0.0035944172951083812,False,False
G_raw,2.0,n_cross,plain,replication,391,-0.05029570314544408,-0.11239486236437457,0.013812507175183224,False,False
G_raw,2.0,n_cross,plain,pooled,1530,-0.04548534121704854,-0.08276670538583406,-0.010083095771131364,False,False
G_raw,2.0,rv60,plain,discovery,1116,0.1827956989247312,0.13622476811917597,0.2297899832586008,False,True
G_raw,2.0,rv60,plain,replication,377,0.07486115833616686,-0.01687112970940145,0.15816102529325735,False,False
G_raw,2.0,rv60,plain,pooled,1493,0.15602076758189087,0.1157601537629888,0.1928081209236762,False,True
G_raw,2.0,accel,plain,discovery,1116,0.08064516129032259,0.03750864606659799,0.1250607420820716,False,True
G_raw,2.0,accel,plain,replication,356,0.10302054729665751,0.011883595966079666,0.1787863263984899,False,True
G_raw,2.0,accel,plain,pooled,1472,0.08611672620201405,0.04719751275195874,0.12290197610167053,False,True
G_raw,2.0,fav_share,plain,discovery,1116,-0.016129032258064502,-0.06302911062290126,0.030851474370319768,False,False
G_raw,2.0,fav_share,plain,replication,369,0.002383474576271194,-0.081671359147093,0.08011296093102141,False,False
G_raw,2.0,fav_share,plain,pooled,1485,-0.011755102040816342,-0.05377953854303772,0.029302634446396754,False,False
G_raw,2.0,tod_min,plain,discovery,1118,0.04495122762999565,0.003244056364319164,0.08629747920175172,False,False
G_raw,2.0,tod_min,plain,replication,353,0.07363519588953114,0.016686130274991325,0.13939711762956145,False,True
G_raw,2.0,tod_min,plain,pooled,1471,0.052074436421047206,0.019734000240307314,0.08919304033086471,False,True
