tree
version=v4
num_class=1
num_tree_per_iteration=1
label_index=0
max_feature_idx=162
objective=binary sigmoid:1
feature_names=atr_change_rate atr_percentile_20d atr_percentile_session atr_ratio_short_long context_level_span_atr context_levels_above_count context_levels_below_count current_max_mfe_from_prior_regime_mae_atr__tf_1h current_max_mfe_from_prior_regime_mae_atr__tf_1m current_max_mfe_from_prior_regime_mae_atr__tf_30s current_max_mfe_from_prior_regime_mae_atr__tf_5m current_max_mfe_from_prior_regime_mfe_atr__tf_1h current_max_mfe_from_prior_regime_mfe_atr__tf_1m current_max_mfe_from_prior_regime_mfe_atr__tf_30s current_max_mfe_from_prior_regime_mfe_atr__tf_5m current_price_from_prior_mae_atr__tf_1h current_price_from_prior_mae_atr__tf_1m current_price_from_prior_mae_atr__tf_30s current_price_from_prior_mae_atr__tf_5m current_price_from_prior_mfe_atr__tf_1h current_price_from_prior_mfe_atr__tf_1m current_price_from_prior_mfe_atr__tf_30s current_price_from_prior_mfe_atr__tf_5m current_regime_start_from_prior_mae_atr__tf_1h current_regime_start_from_prior_mae_atr__tf_1m current_regime_start_from_prior_mae_atr__tf_30s current_regime_start_from_prior_mae_atr__tf_5m current_regime_start_from_prior_mfe_atr__tf_1h current_regime_start_from_prior_mfe_atr__tf_1m current_regime_start_from_prior_mfe_atr__tf_30s current_regime_start_from_prior_mfe_atr__tf_5m failed_new_extreme_attempt_count__tf_1h failed_new_extreme_attempt_count__tf_1m failed_new_extreme_attempt_count__tf_30s failed_new_extreme_attempt_count__tf_5m has_previous_pullbacks minutes_from_rth_open mtf_current_regime_mfe_mean_atr mtf_prior_mfe_displacement_count mtf_prior_range_reclaim_mean mtf_regime_direction_agreement_count nearest_context_level_above_atr nearest_context_level_below_atr nearest_level_against_trade_direction_atr nearest_level_in_trade_direction_atr previous_max_depth_ratio previous_pullbacks_avg_duration_sec previous_pullbacks_count previous_pullbacks_max_depth_atr prior_regime_duration_sec__tf_1h prior_regime_duration_sec__tf_1m prior_regime_duration_sec__tf_30s prior_regime_duration_sec__tf_5m prior_regime_max_mae_atr__tf_1h prior_regime_max_mae_atr__tf_1m prior_regime_max_mae_atr__tf_30s prior_regime_max_mae_atr__tf_5m prior_regime_max_mfe_atr__tf_1h prior_regime_max_mfe_atr__tf_1m prior_regime_max_mfe_atr__tf_30s prior_regime_max_mfe_atr__tf_5m prior_regime_range_overlap_ratio__tf_1h prior_regime_range_overlap_ratio__tf_1m prior_regime_range_overlap_ratio__tf_30s prior_regime_range_overlap_ratio__tf_5m prior_regime_range_reclaim_ratio__tf_1h prior_regime_range_reclaim_ratio__tf_1m prior_regime_range_reclaim_ratio__tf_30s prior_regime_range_reclaim_ratio__tf_5m prior_regime_total_range_atr__tf_1h prior_regime_total_range_atr__tf_1m prior_regime_total_range_atr__tf_30s prior_regime_total_range_atr__tf_5m pullback_close_location_ratio pullback_counter_bar_ratio pullback_depth_atr pullback_depth_vs_max_mfe_ratio pullback_duration_sec pullback_duration_vs_regime_age_ratio pullback_efficiency pullback_longest_counter_run_bars pullback_rebound_from_deepest_point_atr pullback_velocity_vs_expansion_velocity_ratio realized_range_15m_atr realized_range_1m_atr realized_range_5m_atr regime_age_sec__tf_1h regime_age_sec__tf_1m regime_age_sec__tf_30s regime_age_sec__tf_5m regime_current_displacement_atr__tf_1h regime_current_displacement_atr__tf_1m regime_current_displacement_atr__tf_30s regime_current_displacement_atr__tf_5m regime_distance_from_mae_atr__tf_1h regime_distance_from_mae_atr__tf_1m regime_distance_from_mae_atr__tf_30s regime_distance_from_mae_atr__tf_5m regime_distance_from_mfe_atr__tf_1h regime_distance_from_mfe_atr__tf_1m regime_distance_from_mfe_atr__tf_30s regime_distance_from_mfe_atr__tf_5m regime_expansion_rate_atr_min__tf_1h regime_expansion_rate_atr_min__tf_1m regime_expansion_rate_atr_min__tf_30s regime_expansion_rate_atr_min__tf_5m regime_max_mae_atr__tf_1h regime_max_mae_atr__tf_1m regime_max_mae_atr__tf_30s regime_max_mae_atr__tf_5m regime_max_mfe_atr__tf_1h regime_max_mfe_atr__tf_1m regime_max_mfe_atr__tf_30s regime_max_mfe_atr__tf_5m regime_new_extreme_count__tf_1h regime_new_extreme_count__tf_1m regime_new_extreme_count__tf_30s regime_new_extreme_count__tf_5m regime_progress_efficiency__tf_1h regime_progress_efficiency__tf_1m regime_progress_efficiency__tf_30s regime_progress_efficiency__tf_5m regime_recent_expansion_rate_180s_atr_min__tf_1h regime_recent_expansion_rate_180s_atr_min__tf_1m regime_recent_expansion_rate_180s_atr_min__tf_30s regime_recent_expansion_rate_180s_atr_min__tf_5m regime_recent_expansion_rate_30s_atr_min__tf_1h regime_recent_expansion_rate_30s_atr_min__tf_1m regime_recent_expansion_rate_30s_atr_min__tf_30s regime_recent_expansion_rate_30s_atr_min__tf_5m regime_recent_expansion_rate_60s_atr_min__tf_1h regime_recent_expansion_rate_60s_atr_min__tf_1m regime_recent_expansion_rate_60s_atr_min__tf_30s regime_recent_expansion_rate_60s_atr_min__tf_5m regime_time_since_mae_sec__tf_1h regime_time_since_mae_sec__tf_1m regime_time_since_mae_sec__tf_30s regime_time_since_mae_sec__tf_5m regime_time_since_mfe_sec__tf_1h regime_time_since_mfe_sec__tf_1m regime_time_since_mfe_sec__tf_30s regime_time_since_mfe_sec__tf_5m regime_total_range_atr__tf_1h regime_total_range_atr__tf_1m regime_total_range_atr__tf_30s regime_total_range_atr__tf_5m session_current_range_atr session_displacement_from_open_atr session_new_high_count session_new_low_count session_position_in_range time_near_regime_extreme_180s_ratio__tf_1h time_near_regime_extreme_180s_ratio__tf_1m time_near_regime_extreme_180s_ratio__tf_30s time_near_regime_extreme_180s_ratio__tf_5m time_near_regime_extreme_300s_ratio__tf_1h time_near_regime_extreme_300s_ratio__tf_1m time_near_regime_extreme_300s_ratio__tf_30s time_near_regime_extreme_300s_ratio__tf_5m time_near_regime_extreme_60s_ratio__tf_1h time_near_regime_extreme_60s_ratio__tf_1m time_near_regime_extreme_60s_ratio__tf_30s time_near_regime_extreme_60s_ratio__tf_5m
feature_infos=[-0.44515751337814713:1.1594265442139198] [11.609498680738787:100] [11.111111111111111:100] [0.31316506140951844:3.1528685716333653] [10.214622997836271:108.50975565890944] [3:14] [0:11] [-12.368023760956266:14.45171317500545] [-14.965019382992038:14.55931389796763] [-9.1685036922878602:18.455629943194211] [-23.00221227709832:15.135513291447916] [0:19.755152848347425] [2.9421057866331237:20.537101068148647] [1.4550125506883078:20.479140155807436] [1.2614366951629969:18.108243937913478] [-13.888984527012722:12.915677424237359] [-16.875447389331448:16.394857145883954] [-10.992603903318953:18.534387965711396] [-23.143503507301624:14.993673260602641] [-6.3260926762442296:18.665580137549412] [1.3415133513214377:19.422684731117325] [-0.88856258345536121:20.293317135261912] [-2.3757283131701579:17.966403907068202] [-15.310438645941867:0.75836184287061259] [-27.860408425783049:-0.019295136976635641] [-13.164036143388316:0.23719764622324843] [-24.711836162558328:-0.034236866368958216] [0:4.4820605958171429] [0.26375625883353254:7.6417120253576369] [0:4.1664301469127727] [0.038526420167876108:4.163302544511736] [0:4] [0:8] [0:10] [0:7] none [27.366666666666674:522] [1.4237645308794571:11.865026681069629] [2:4] [0.66964161157711899:16.35771033421701] [1:4] [0.009552043052782443:20.827767495375063] [0.015751975836368465:64.52033289453091] [0.015751975836368465:64.52033289453091] [0.009552043052782443:20.827767495375063] [0.029411764705882353:22.961594919077832] [0:17922.900000000001] [0:88] [0:2.694722253905498] [0:568800] [120:4260] [30:1710] [300:24000] [0:5.0433283072532165] [0:3.4005199067653531] [0:2.2576290545432398] [0:6.2678178072579653] [0:29.675625879177797] [0.31597542800317824:29.820547377320402] [0.1672906512544054:13.86991853860423] [0.3355970004163189:39.093348465542768] [0:1] [0.1125:1] [0:1] [0.049586776859504134:1] [0:29.089887640449437] [0.3923444976076555:27.820512820512821] [0.18723404255319148:25] [0.10371179039301311:46.328767123287669] [0:16.732239868350955] [0.53248987474365583:35.502120451140684] [0.58832236835798268:15.365771339438796] [0.24491651316371674:25.884553373245772] [0:1] [0:1] [0.052191748101549675:1.774519435452689] [0.0009813542688910696:2] [1:176421] [2.2244714099812034e-05:0.98141977403329972] [0.00018240118437119217:106.47116612716134] [0:9] [0:3.8867670418392111] [0.0032454834094094729:14003.888888888891] [0.89612428410968326:31.314531019522512] [0.14356724560677384:7.6721869709278021] [0.43810675443607328:21.398616721635367] [0:411177] [901:180429] [0:177699] [0:177669] [-7.7193811633369522:16.479687091108474] [-1.043399273250007:16.505633207680468] [-2.0653076264097585:19.216957494193686] [-4.1211613595808867:16.152033512505724] [0:17.074644738419455] [0.67075667566071884:16.600584117791765] [0:19.558242258434831] [0:16.471173581907593] [0:9.0211911133983342] [0:6.0023454821655449] [0:10.847345800657232] [0:5.1878148879429977] [0:8.3500370666629653] [0.0032354646725713723:0.58227452094015208] [0.00080265032446261825:190.28514219217857] [0.00020528288595694793:101.65491675231335] [0:4.2488130794899801] [0:2.7857757099713454] [0:3.0007278583447627] [0:2.4897111293660501] [0:18.904299438752147] [0.99059143391893523:15.281263347453628] [0.11540677135069627:19.138199471676501] [0.35374871438523736:16.293873543350998] [0:22] [1:29] [1:41] [1:29] [0.0024330900243309003:1] [0.0078125:1] [0:1] [0.0042553191489361703:1] [0:1.6502300808898547] [0:1.304538375215641] [0:2.1199009559780313] [0:1.0317609589330703] none [0:6.4696117952321188] [0:8.2154340018793466] [0:5.6844691017880642] none [0:3.2348058976160594] [0:4.5556421145733559] [0:2.8422345508940321] [0:359304] [134:180429] [0:177031] [0:177188] [0:262026] [0:176458] [0:176458] [0:176588] [0:19.499257086063132] [1.4160418708392952:15.371507028639378] [0.57703385675348129:19.479484235917642] [0.57508005629122794:16.613013612752869] [2.2793741204797984:74.24167820007402] [-70.346005097898839:58.295641498923523] [1:109] [1:92] [0:0.92862870890136329] [0:1] [0:1] [0:1] [0:1] [0:1] [0:1] [0:1] [0:1] none [0:1] [0:1] [0:1]
tree_sizes=1499 1615 1518 1522 1627 1626 1518 1624 1519 1414 1521 1308 1511 1307 1521 1526 1519 1620 1511 1421 1614 1419 1524 1627 1411 1203 1313 1195 1312 1409 1310 1408 1101 1635 1413 1521 1517 1408 1210 1522 1205 1104 1423 1313 1520 1733 1628 1524 1423 1731 1314 1623 1212 1634 1629 1212 1620 1000 998 998 1631 1519 1626 994 1002 1524 1000 1738 1535 1633 1109 996 1635 1731 993 793 1628 1003 1100 1212 1536 1627 1728 1529 1100 1419 1310 1105 1517 1724 1630 1101 995 1105 1107 1001 1626 1420 1522 997 1629 1305 895 1211 996 1515 1105 1528 1417 1208 1527 1111 1639 1006 1098 1106 1423 1523 995 1003 999 1094 1745 997 1410 1319 901 1097 1102 1628 1311 1321 1630 792 1417 1001 1527 1217 1206 1310 1532 893 1529 1522 1523 1309 1000 1314 1626 1306 793 1104 1318 1312 1747 899 1111 1420 1527 1624 1429 1218 1532 1104 895 1424 789 1102 1215 1308 1627 1423 1734 1632 895 902 1105 1519 1532 1311 1734 1533 787 1730 689 1518 1314 1325 1526 1104 1097 896 1526 1306 1515 1734 1207 1526 789 893 1006 1418 1523 1214 1428 895 894 1212 1000 896 1634 786 1420 1737 1003 1527 1532 1628 1425 1102 896 896 1743 1528 1734 1204 1538 1418 1202 899 1110 1748 1734 1424 1631 790 1629 1424 792 1318 1431 1631 1428 1207 1422 791 1519 1422 894 896 1527 996 1105 998 1103 1312 1740 1630 994 1414 1099 1211 1209 1731 1106 1106 1104 1106 1213 893 898 1204 996 1415 1315 1541 896 1524 1521 997 901 1531 1000 1727 1745 689 1628 893 1416 996 791 1097 1534 1532 900 790 1426 1100 683 1420

Tree=0
num_leaves=13
num_cat=0
split_feature=84 24 50 0 107 109 132 25 63 101 103 69
split_gain=62.4377 30.9423 28.6165 23.4023 17.3918 16.3059 15.9592 12.6791 11.8598 5.46944 8.21696 3.53756
threshold=1.719762840412425 -3.2592166672318359 2190.0000000000005 -0.20638621043175137 0.045927318493947759 0.22588386885313508 0.44411187954203052 -0.5073148749584141 0.42206477732793529 0.24501099417634667 0.26104024367692996 5.7384745203779053
decision_type=2 2 2 2 2 2 2 2 2 2 2 2
left_child=1 2 6 -3 -5 9 -1 -7 -4 10 -2 -11
right_child=5 3 8 4 -6 7 -8 -9 -10 11 -12 -13
leaf_value=-0.80973677668770849 -0.91923212377250751 -0.82380167683105021 -0.83927710991754412 -0.86130144595438707 -0.88421211589523707 -0.90405980339157122 -0.85509458761673141 -0.84394893877384414 -0.88525774129270762 -0.91858801583180738 -0.8762171520371258 -0.89440469042188453
leaf_weight=13.464368209242823 7.2500444203615215 6.6286120414733878 6.4214679151773479 34.800213217735291 208.38699105381966 6.2143237888813019 14.500088840723036 6.4214679151773435 23.614430397748947 43.9145547747612 8.9071974307298643 6.214323788881301
leaf_count=65 35 32 31 168 1006 30 70 31 114 212 43 30
internal_value=-0.880938 -0.874835 -0.855095 -0.879418 -0.880934 -0.904744 -0.833256 -0.873512 -0.875427 -0.910698 -0.895519 -0.91559
internal_weight=386.738 307.816 58.0004 249.816 243.187 78.9219 27.9645 12.6358 30.0359 66.2861 16.1572 50.1289
internal_count=1867 1486 280 1206 1174 381 135 61 145 320 78 242
is_linear=0
shrinkage=1


Tree=1
num_leaves=14
num_cat=0
split_feature=84 70 150 56 8 109 0 30 25 39 101 119 69
split_gain=59.2074 36.622 21.6923 16.294 17.6344 15.6434 14.0971 13.2385 11.8267 11.6905 5.32202 6.18055 3.4535
threshold=1.719762840412425 4.907569224956708 0.30631840796019905 0.38587415648236428 6.5068476342752328 0.22588386885313508 -0.12562256438368982 1.2187821328659989 -0.5073148749584141 1.3425081326330364 0.24501099417634667 0.48301411045919612 5.7384745203779053
decision_type=2 2 2 2 2 2 2 2 2 2 2 2 2
left_child=1 3 7 6 -5 10 -1 -3 -7 -4 11 -2 -12
right_child=5 2 9 4 -6 8 -8 -9 -10 -11 12 -13 -14
leaf_value=0.02323071959563194 -0.037296930924785025 0.085587340830788242 0.036884837391514769 0.007088306262664313 0.052814018169090947 -0.022649547868839975 -0.0072200971284821962 0.035051186854160914 0.035336052255575671 0.0019149026664114269 -0.037113905599455321 0.00078526183360650629 -0.013137145956236372
leaf_weight=15.02353799343109 6.3334466665983227 6.762052088975909 12.795264571905134 70.864773035049438 8.5013532638549787 6.1544376611709595 153.3219115883112 15.045354098081587 6.5187109857797605 26.263687014579773 43.222682595252991 9.7249837219715101 6.1795400083065024
leaf_count=72 31 32 61 342 41 30 740 72 31 126 212 47 30
internal_value=-3.40741e-06 0.0059034 0.0267528 0.000780385 0.0119862 -0.0233315 -0.0045026 0.0507215 0.00717661 0.0133707 -0.0292378 -0.0142344 -0.0341147
internal_weight=386.712 308.578 60.8664 247.712 79.3661 78.1338 168.345 21.8074 12.6731 39.059 65.4607 16.0584 49.4022
internal_count=1867 1486 291 1195 383 381 812 104 61 187 320 78 242
is_linear=0
shrinkage=0.03


Tree=2
num_leaves=13
num_cat=0
split_feature=84 85 24 99 150 109 107 37 153 44 60 15
split_gain=56.1572 26.8618 20.7455 17.7786 16.7027 15.01 13.5351 11.7002 8.28456 6.57946 5.12093 3.07905
threshold=1.719762840412425 1.3305657328886766 -3.3162113911131885 0.48403968754506999 0.30631840796019905 0.22588386885313508 0.045927318493947759 5.1550373091486099 0.30952380952380959 1.749608442684595 1.1383314584932804 -0.7110569138136168
decision_type=2 2 2 2 2 2 2 2 2 2 2 2
left_child=1 3 4 8 -3 10 -4 -5 -1 -7 -2 -12
right_child=5 2 6 7 -6 9 -8 -9 -10 -11 11 -13
leaf_value=0.028703731959024648 -0.0025741327030291343 0.049901663056868009 0.016976611564001005 0.033581584000250693 0.0099386064794534101 0.028755064129324354 -0.0040112719663161298 0.084424810847033599 -0.016755632589227409 -0.014425850073441151 -0.022494066799516425 -0.036739347641965459
leaf_weight=7.5484022349119169 6.1004060208797446 12.84290301799774 32.174343228340149 11.364287883043291 35.241031154990196 6.2857886850833875 196.85629650950432 6.3494790047407141 6.9116066247224808 6.4186798334121704 21.703248679637909 36.828626424074173
leaf_count=36 30 60 154 54 168 30 951 30 33 31 107 183
internal_value=-6.63298e-06 0.00571066 0.00269815 0.0316576 0.0206125 -0.0228715 -0.00106288 0.0518063 0.00697503 0.00693877 -0.0287311 -0.0314573
internal_weight=386.625 309.288 277.115 32.1738 48.0839 77.3367 229.031 17.7138 14.46 12.7045 64.6323 58.5319
internal_count=1867 1486 1333 153 228 381 1105 84 69 61 320 290
is_linear=0
shrinkage=0.03


Tree=3
num_leaves=13
num_cat=0
split_feature=84 70 84 102 109 118 107 25 58 101 103 69
split_gain=53.2654 32.0077 17.6989 16.9524 14.4067 13.9041 13.3859 10.8803 8.785 5.22318 7.75866 3.35651
threshold=1.719762840412425 4.5517599196791565 0.63600714322543273 0.059739763715834525 0.22588386885313508 0.35593097669525653 0.037009134839501086 -0.5073148749584141 4.9934096780011581 0.24501099417634667 0.26104024367692996 5.7384745203779053
decision_type=2 2 2 2 2 2 2 2 2 2 2 2
left_child=1 3 8 6 9 -4 -1 -6 -3 10 -2 -11
right_child=4 2 5 -5 7 -7 -8 -9 -10 11 -12 -13
leaf_value=0.018482439407074659 -0.036966948624972247 0.06681798164496644 0.05275886638156841 0.041847497056428359 -0.022220049511509656 0.0086373588765115885 -0.0038664333133553914 0.033282690721799423 0.022272303660347572 -0.036177357104935026 0.0054087339189312408 -0.012353296470618832
leaf_weight=27.356488108634949 6.9504695087671271 10.570331066846849 7.4792475700378409 8.5281443744897825 6.0984551161527634 45.739643797278404 203.88133974373341 6.6394078731536847 6.3951506167650214 41.936538547277451 8.8272612839937192 6.0959559679031363
leaf_count=130 35 49 35 41 30 216 985 31 30 212 43 30
internal_value=-9.28968e-06 0.00552537 0.0233441 0.000309479 -0.0224197 0.0148381 -0.00122246 0.00670987 0.0500265 -0.0282345 -0.0132588 -0.0331538
internal_weight=386.498 309.95 70.1844 239.766 76.5481 53.2189 231.238 12.7379 16.9655 63.8102 15.7777 48.0325
internal_count=1867 1486 330 1156 381 251 1115 61 79 320 78 242
is_linear=0
shrinkage=0.03


Tree=4
num_leaves=14
num_cat=0
split_feature=84 70 50 110 56 8 109 107 63 25 101 103 69
split_gain=50.5428 30.0036 16.5188 16.0918 15.3536 16.2125 13.8281 13.1808 11.2491 10.1735 5.08804 7.45542 3.28427
threshold=1.719762840412425 4.907569224956708 2190.0000000000005 3.1208209347318867 0.38587415648236428 6.5068476342752328 0.22588386885313508 0.054892414701557403 0.45080645161290328 -0.5073148749584141 0.24501099417634667 0.26104024367692996 5.7384745203779053
decision_type=2 2 2 2 2 2 2 2 2 2 2 2 2
left_child=1 4 3 -3 7 -6 10 -1 -4 -8 11 -2 -12
right_child=6 2 8 -5 5 -7 9 -9 -10 -11 12 -13 -14
leaf_value=0.014457236097955828 -0.036483362921618509 0.067776239963318552 0.038616003647126432 0.023854883814334135 0.0067791430431809879 0.050213748237906253 -0.021766818739623838 -0.0081998750121049513 -0.0047810670983312433 0.031881632229662948 -0.035695199433814766 0.0052343328482479506 -0.012048279603448351
leaf_weight=27.654449239373207 6.8330996185541144 10.95577436685562 7.2958654761314419 23.852733716368675 71.130703121423721 8.6778790056705457 6.0395742654800415 140.58110725879669 20.425970897078514 6.7219474017620069 41.23849980533123 8.8474176526069623 6.0632755011320105
leaf_count=131 35 50 34 110 342 41 30 681 97 31 212 43 30
internal_value=-1.18303e-05 0.00534699 0.0239184 0.0376789 0.000665258 0.0115019 -0.0219847 -0.00447551 0.00664022 0.00649173 -0.0277547 -0.012945 -0.0326641
internal_weight=386.318 310.574 62.5303 34.8085 248.044 79.8086 75.7438 168.236 27.7218 12.7615 62.9823 15.6805 47.3018
internal_count=1867 1486 291 160 1195 383 381 812 131 61 320 78 242
is_linear=0
shrinkage=0.03


Tree=5
num_leaves=14
num_cat=0
split_feature=84 85 24 102 99 150 107 37 56 153 25 105 132
split_gain=47.9688 23.2579 17.5002 17.6646 15.559 14.7383 10.3225 10.0371 9.97224 7.68883 7.66543 6.04496 2.36978
threshold=1.719762840412425 1.3305657328886766 -3.3162113911131885 0.049674542286400232 0.48403968754506999 0.30631840796019905 0.22814169448901514 5.1550373091486099 0.16997343361229747 0.30952380952380959 -0.61675969432338451 0.086046664796387159 0.53415521063097859
decision_type=2 2 2 2 2 2 2 2 2 2 2 2 2
left_child=1 4 5 -4 9 -3 11 -6 -8 -1 -10 -2 -13
right_child=6 2 3 -5 7 -7 8 -9 10 -11 -12 12 -14
leaf_value=0.026586086465081087 -0.0036516271362895224 0.045634098302030218 -0.0028157415775285355 0.039955780073114448 0.030674505574831517 0.0086061078820789619 -0.032030803163714767 0.076872495798966461 -0.010989025340149446 -0.016973149104785767 0.036358005695518086 -0.020267874395495222 -0.035802685742888064
leaf_weight=7.6989423781633359 7.8572901189327231 13.260452896356581 220.12215189635754 9.0475134402513486 11.653276711702349 35.775846883654594 6.6580509245395687 6.6466771066188803 5.9417353570461282 6.9297262877225876 6.3840134143829319 11.668863520026205 36.424939289689064
leaf_count=36 39 60 1062 43 54 168 34 30 30 33 30 60 188
internal_value=-1.44239e-05 0.0051752 0.00235334 -0.00112714 0.0290164 0.0186193 -0.0215621 0.047454 -0.00244664 0.0059517 0.013534 -0.0280478 -0.0320335
internal_weight=386.069 311.135 278.206 229.17 32.9286 49.0363 74.9349 18.3 18.9838 14.6287 12.3257 55.9511 48.0938
internal_count=1867 1486 1333 1105 153 228 381 84 94 69 60 287 248
is_linear=0
shrinkage=0.03


Tree=6
num_leaves=13
num_cat=0
split_feature=84 70 84 102 3 109 118 25 58 101 103 69
split_gain=45.5214 26.2619 15.1369 14.6202 14.4212 12.8907 12.2203 9.11019 7.44103 4.96136 7.2121 3.19892
threshold=1.719762840412425 4.5517599196791565 0.63600714322543273 0.059739763715834525 1.3623578882752525 0.22588386885313508 0.35593097669525653 -0.5073148749584141 4.9934096780011581 0.24501099417634667 0.26104024367692996 5.7384745203779053
decision_type=2 2 2 2 2 2 2 2 2 2 2 2
left_child=1 3 8 4 -1 9 -4 -7 -3 10 -2 -11
right_child=5 2 6 -5 -6 7 -8 -9 -10 11 -12 -13
leaf_value=0.0034762223638368449 -0.035730770591177144 0.06015210156226089 0.047965018644332787 0.038201586489173336 -0.013212625110753475 -0.020930664256524425 0.0072641331736938647 0.029882557439127315 0.019783357084945868 -0.034855129470567958 0.005688504486060916 -0.011339340093833288
leaf_weight=166.36027160286903 6.6407402306795111 11.034405201673509 7.7467751353979102 8.7988684028387052 64.733557730913162 5.9290838539600372 46.438809037208557 6.8377062529325467 6.5481399595737448 39.960863247513771 8.7937912344932538 5.9861693233251563
leaf_count=802 35 49 35 41 313 30 216 31 30 212 43 30
internal_value=-1.66208e-05 0.00500972 0.0209313 0.000246509 -0.00119863 -0.0211434 0.013083 0.00628415 0.0451179 -0.0268481 -0.0121322 -0.0317914
internal_weight=385.809 311.661 71.7681 239.893 231.094 74.1484 54.1856 12.7668 17.5825 61.3816 15.4345 45.947
internal_count=1867 1486 330 1156 1115 381 251 61 79 320 78 242
is_linear=0
shrinkage=0.03


Tree=7
num_leaves=14
num_cat=0
split_feature=84 70 150 56 8 109 107 36 58 25 101 103 69
split_gain=43.2171 24.7133 15.7083 14.5089 15.1385 12.3754 12.312 12.2364 10.5169 8.53439 4.83616 6.93249 3.13534
threshold=1.719762840412425 4.907569224956708 0.30631840796019905 0.38587415648236428 6.5068476342752328 0.22588386885313508 0.054892414701557403 205.73333333333332 5.8988420480944139 -0.5073148749584141 0.24501099417634667 0.26104024367692996 5.7384745203779053
decision_type=2 2 2 2 2 2 2 2 2 2 2 2 2
left_child=1 3 8 6 -5 10 -1 -4 -3 -7 11 -2 -12
right_child=5 2 7 4 -6 9 -8 -9 -10 -11 12 -13 -14
leaf_value=0.013775109266068059 -0.035290099385930557 0.055742889596528886 -0.0069749775730429259 0.0064857832464362561 0.048148233868824324 -0.020502880491019504 -0.0080602443347591868 0.026056620136638065 0.013609255437634705 0.02869218799307428 -0.034416002019273723 0.0055043173849552368 -0.011056463558149118
leaf_weight=27.858155310153961 6.5237283110618582 15.259883210062982 19.457175150513649 71.374950528144836 8.8193029910325986 5.8720794022083282 140.21907643973827 20.973232179880142 8.1951513141393644 6.9066620618104917 39.267140686511993 8.8150802105665189 5.9556135237216941
leaf_count=131 35 67 90 342 41 30 681 97 37 31 212 43 30
internal_value=-1.85522e-05 0.00485026 0.0214906 0.000568351 0.0110676 -0.0207416 -0.00444112 0.0101601 0.0410215 0.0060861 -0.0264024 -0.0118459 -0.0313397
internal_weight=385.497 312.157 63.8854 248.271 80.1943 73.3403 168.077 40.4304 23.455 12.7787 60.5616 15.3388 45.2228
internal_count=1867 1486 291 1195 383 381 812 187 104 61 320 78 242
is_linear=0
shrinkage=0.03


Tree=8
num_leaves=13
num_cat=0
split_feature=84 70 150 56 39 115 109 36 84 25 60 131
split_gain=41.0355 23.0517 14.4791 13.6124 14.6668 11.9345 11.8817 11.3908 9.86993 8.00016 4.84353 2.90956
threshold=1.719762840412425 4.907569224956708 0.30631840796019905 0.38587415648236428 2.0041818977583734 19.500000000000004 0.22588386885313508 205.73333333333332 0.89273810794189534 -0.5073148749584141 1.1383314584932804 0.72482042546620085
decision_type=2 2 2 2 2 2 2 2 2 2 2 2
left_child=1 3 8 5 -5 -1 10 -4 -3 -8 -2 -12
right_child=6 2 7 4 -6 -7 9 -9 -10 -11 11 -13
leaf_value=-0.0061312600272051005 -6.3101653039497943e-05 0.055962242093655495 -0.0067833223263200921 -0.0053577477042576378 0.02090268488306303 0.03097212690845369 -0.020083205491666367 0.025036388054630578 0.016829941787033762 0.027570899614915035 -0.021554275247598939 -0.035505551673892792
leaf_weight=159.54653227329254 5.8592192381620398 13.637695893645288 19.40747444331646 31.326348230242729 49.210761189460754 8.2033790498971921 5.8158044070005417 21.169971510767937 10.094409227371214 6.9709161370992643 25.962203949689865 27.923998028039932
leaf_count=772 30 59 90 150 233 40 30 97 45 31 139 151
internal_value=-2.05612e-05 0.0046965 0.0207039 0.000550384 0.0106882 -0.00431681 -0.02035 0.00981758 0.0393174 0.00589631 -0.0259672 -0.0287839
internal_weight=385.129 312.597 64.3096 248.287 80.5371 167.75 72.5321 40.5774 23.7321 12.7867 59.7454 53.8862
internal_count=1867 1486 291 1195 383 812 381 187 104 61 320 290
is_linear=0
shrinkage=0.03


Tree=9
num_leaves=12
num_cat=0
split_feature=84 70 100 102 3 11 107 56 11 105 71
split_gain=38.9558 21.5852 13.8004 13.5477 13.7608 13.4274 9.4062 8.95387 5.77187 5.64622 2.51505
threshold=1.719762840412425 4.5517599196791565 1.2128405632805475 0.059739763715834525 1.3623578882752525 3.2243913311394183 0.22814169448901514 0.16997343361229747 4.7092686850817405 0.086046664796387159 0.96362839080422569
decision_type=2 2 2 2 2 2 2 2 2 2 2
left_child=1 3 5 4 -1 -3 9 -8 -9 -2 -11
right_child=6 2 -4 -5 -6 -7 7 8 -10 10 -12
leaf_value=0.0033532133272107471 -0.0026379652937054349 0.047872583682541651 0.052885669785683403 0.036464287356150558 -0.012972961541302496 0.0082627639966250457 -0.030597384953918203 0.033801298698343495 -0.0073231964673617731 -0.013983987654803222 -0.03344796620772892
leaf_weight=166.58633860945702 7.7020926475524893 8.9630780518054944 9.3375538438558561 8.9269763082265836 64.436492875218391 54.76396818459034 6.3291871696710613 6.1686686575412732 6.1177467107772827 7.0772978067398062 38.355492889881134
leaf_count=802 39 40 41 41 313 249 34 29 31 39 209
internal_value=-2.22357e-05 0.00454801 0.0188246 0.000200805 -0.00120046 0.0138338 -0.0199601 -0.00160881 0.0133243 -0.0263894 -0.030416
internal_weight=384.765 313.014 73.0646 239.95 231.023 63.727 71.7505 18.6156 12.2864 53.1349 45.4328
internal_count=1867 1486 330 1156 1115 289 381 94 60 287 248
is_linear=0
shrinkage=0.03


Tree=10
num_leaves=13
num_cat=0
split_feature=84 70 150 89 107 109 106 30 25 101 103 71
split_gain=36.98 20.1627 13.3724 12.7533 12.7237 11.0985 10.0859 9.7173 7.27859 4.74793 6.75102 3.13369
threshold=1.719762840412425 4.907569224956708 0.30631840796019905 10424.000000000002 0.045927318493947759 0.22588386885313508 0.10829165992967922 1.2187821328659989 -0.5073148749584141 0.24501099417634667 0.26104024367692996 0.96362839080422569
decision_type=2 2 2 2 2 2 2 2 2 2 2 2
left_child=1 3 7 4 -1 9 -4 -3 -7 10 -2 -11
right_child=5 2 6 -5 -6 8 -8 -9 -10 11 -12 -13
leaf_value=0.015355500139462729 -0.034323942965337924 0.065076483604618415 -0.013320008801571937 0.036076697605595259 -0.0037496903423297058 -0.019387104509382684 0.018837685142569435 0.024074056754694421 0.026160957664459365 -0.010580526800144178 0.0065540013036107661 -0.033491511820775269
leaf_weight=37.12518672645092 6.2519733011722556 7.5990304499864605 12.736592113971708 8.7536886185407621 202.48036248981953 5.7203250825405121 28.241361990571022 16.491158068180084 7.0478980690240842 6.2859162241220465 8.6902223378419858 36.992827102541924
leaf_count=173 35 32 59 42 980 30 128 72 31 35 43 207
internal_value=-2.36527e-05 0.00440459 0.0192702 0.000509912 -0.000789476 -0.019575 0.00884257 0.0370079 0.00575485 -0.02513 -0.0105498 -0.0301639
internal_weight=384.417 313.427 65.0681 248.359 239.606 70.9892 40.978 24.0902 12.7682 58.2209 14.9422 43.2787
internal_count=1867 1486 291 1195 1153 381 187 104 61 320 78 242
is_linear=0
shrinkage=0.03


Tree=11
num_leaves=11
num_cat=0
split_feature=84 70 102 3 100 19 109 25 60 140
split_gain=35.1212 18.9317 12.581 12.8768 12.523 11.4617 10.6532 6.83128 4.65264 3.33985
threshold=1.719762840412425 4.5517599196791565 0.059739763715834525 1.3623578882752525 1.2128405632805475 2.2399435912656913 0.22588386885313508 -0.5073148749584141 1.1383314584932804 18.500000000000004
decision_type=2 2 2 2 2 2 2 2 2 2
left_child=1 2 3 -1 5 -3 8 -8 -2 -10
right_child=6 4 -4 -5 -6 -7 7 -9 9 -11
leaf_value=0.0032087082753629276 0.00082389786177635273 0.038329334194604638 0.034893622019234294 -0.012615902104251692 0.049665610721063472 0.0065141733975813427 -0.018987866968202441 0.025179159147204217 -0.020989916263381082 -0.036412089816102826
leaf_weight=166.88056999444962 5.7738705873489371 12.699448868632315 9.0420401990413648 64.038091793656349 9.5198300480842573 51.597193941473961 5.66621033847332 7.1021808236837369 29.614911839365959 22.045958712697029
leaf_count=802 30 56 41 313 41 233 30 31 166 124
internal_value=-2.49862e-05 0.00426661 0.000179539 -0.00117975 0.0175528 0.0127981 -0.0192065 0.00557922 -0.0247167 -0.0275712
internal_weight=383.98 313.777 239.961 230.919 73.8165 64.2966 70.2031 12.7684 57.4347 51.6609
internal_count=1867 1486 1156 1115 330 289 381 61 320 290
is_linear=0
shrinkage=0.03


Tree=12
num_leaves=13
num_cat=0
split_feature=3 4 105 124 28 1 115 105 24 107 66 81
split_gain=30.9225 16.9904 17.3162 15.4411 14.8529 14.9827 13.5856 12.564 11.8369 11.408 9.80449 7.9004
threshold=1.3538997612109096 44.619319357466175 0.071776687179928286 0.01424220111368202 1.7802181175818093 95.202055270101383 16.500000000000004 0.06834316945775408 -3.2592166672318359 0.056160054634025049 3.210955710955711 0.13387738306956262
decision_type=2 2 2 2 2 2 2 2 2 2 2 2
left_child=1 2 7 -4 9 -6 8 -1 -3 10 -2 -11
right_child=4 6 3 -5 5 -7 -8 -9 -10 11 -12 -13
leaf_value=0.0045898248179258808 -0.011936732860314651 0.016835304194879715 0.064204425309552657 0.016543168137936114 0.048110139710987362 -0.012402292965612608 0.036110396730466336 -0.038226306070039164 -0.014975920996121057 -0.01273188522543324 0.034465035996679709 -0.030507286361092435
leaf_weight=80.288348346948624 10.477400258183481 12.761527121067045 6.5806198120117179 86.967639848589897 6.903961777687071 7.8920098692178726 6.4215718656778327 6.6814632713794699 60.131123393774033 52.12777316570282 6.7311441898345938 39.598282426595688
leaf_count=379 50 60 30 410 33 38 31 32 293 264 35 212
internal_value=-2.60413e-05 0.005852 0.010937 0.0198959 -0.0123698 0.0158335 -0.00572141 0.00130047 -0.00940664 -0.0162005 0.00621338 -0.0204056
internal_weight=383.563 259.832 180.518 93.5483 123.731 14.796 79.3142 86.9698 72.8927 108.935 17.2085 91.7261
internal_count=1867 1235 851 440 632 71 384 411 353 561 85 476
is_linear=0
shrinkage=0.03


Tree=13
num_leaves=11
num_cat=0
split_feature=84 84 70 56 150 109 58 131 140 69
split_gain=32.478 17.2491 13.9281 13.4831 13.078 10.1071 5.2353 4.74251 7.57766 1.53493
threshold=1.719762840412425 0.44678143470657494 4.907569224956708 0.37223295176916588 0.72410762984061583 0.22588386885313508 2.1371704955773159 0.72482042546620085 18.500000000000004 5.6114036015594966
decision_type=2 2 2 2 2 2 2 2 2 2
left_child=1 -1 3 -3 -4 7 -7 8 -2 -9
right_child=5 2 4 -5 -6 6 -8 9 -10 -11
leaf_value=0.04378932359958411 0.0010385341195975045 -0.00548493803598556 0.022832399761434873 0.0094212857389086458 -0.010737272889310336 -0.014370081191332892 0.024088383331363122 -0.035968228828821211 -0.030522029588059885 -0.018450319428309363
leaf_weight=9.5397893488407117 13.329890325665476 160.26845389604568 48.255788952112198 82.842286378145218 13.329681694507597 6.1780367344617826 6.5771216005086899 23.337569102644924 14.077746346592901 5.5774409025907508
leaf_count=42 74 778 212 393 61 30 31 136 80 30
internal_value=-2.78384e-05 0.00406647 0.00282278 -0.000405501 0.0155665 -0.0186529 0.0054608 -0.0241138 -0.0151723 -0.0325892
internal_weight=383.314 314.236 304.696 243.111 61.5855 69.0778 12.7552 56.3226 27.4076 28.915
internal_count=1867 1486 1444 1171 273 381 61 320 154 166
is_linear=0
shrinkage=0.03


Tree=14
num_leaves=13
num_cat=0
split_feature=85 105 100 39 81 36 15 64 75 128 19 113
split_gain=30.8786 16.6562 14.6655 15.3844 13.9356 13.0347 12.7516 11.1801 10.5643 10.5431 10.2444 10.1305
threshold=2.5826901016199759 0.45670934873792851 0.8444816983796809 2.0226653709898206 0.084321534362053877 300.36666666666673 5.2444300843779557 0.7093006993006995 0.54938919941843223 0.078416645663595311 3.0465642005395739 1.4991863217812094
decision_type=2 2 2 2 2 2 2 2 2 2 2 2
left_child=2 7 4 10 5 -1 -6 11 -9 -5 -4 -2
right_child=1 -3 3 9 6 -7 -8 8 -10 -11 -12 -13
leaf_value=-0.014966491457197579 -0.027847991733412295 0.026007804561380802 0.023103931265365332 0.059162930054867204 0.015661606646248011 0.011180577096748015 -0.026226639444856606 -0.030813933529717005 -0.0059632026890084735 0.022104632443528296 -0.0081337466799376798 -0.00047916709112249574
leaf_weight=54.220586329698563 14.783612072467802 10.770935505628584 17.086844682693481 10.235141128301622 65.56557010114193 25.10391728579998 7.2654734253883353 42.389426946640015 24.177021831274033 21.264157697558403 21.13714724779129 68.902369499206543
leaf_count=258 74 51 78 46 311 118 35 224 128 99 97 348
internal_value=-2.87665e-05 -0.0100292 0.00722883 0.0186226 0.0020078 -0.0066917 0.0114829 -0.0126126 -0.0217881 0.0341461 0.00583008 -0.00531403
internal_weight=382.902 161.023 221.879 69.7233 152.156 79.3245 72.831 150.252 66.5664 31.4993 38.224 83.686
internal_count=1867 825 1042 320 722 376 346 774 352 145 175 422
is_linear=0
shrinkage=0.03


Tree=15
num_leaves=13
num_cat=0
split_feature=84 85 139 99 75 54 145 109 25 101 103 69
split_gain=29.8915 16.4999 12.8989 12.467 11.5677 12.248 12.1206 9.65039 6.29923 4.70567 6.67691 3.18659
threshold=1.719762840412425 1.3305657328886766 471.00000000000006 0.38335803982132183 0.50961019234043026 0.076567582065894521 2.3884296304831438 0.22588386885313508 -0.5073148749584141 0.24501099417634667 0.26104024367692996 5.7384745203779053
decision_type=2 2 2 2 2 2 2 2 2 2 2 2
left_child=1 2 3 -1 6 -6 -3 9 -9 10 -2 -11
right_child=7 4 -4 -5 5 -7 -8 8 -10 11 -12 -13
leaf_value=-3.5986796019655022e-05 -0.033215186517538013 0.0073287394484286171 -0.011663904522067952 0.045702125817113172 0.026618134089077688 0.0034456890272393645 -0.010919559369732294 -0.018426274071700714 0.024077941541590226 -0.032052694361926606 0.008295533000314206 -0.0076573622572584212
leaf_weight=7.3950045406818417 5.9215808808803549 50.592623502016068 7.3666793704032889 19.523903876543045 25.149470269680023 111.73652245104313 92.928656071424484 5.5859721750020981 7.1610168814659101 35.210239455103874 8.4835268855094892 5.58309482038021
leaf_count=34 35 238 34 85 118 531 446 30 31 212 43 30
internal_value=-3.02556e-05 0.00386591 0.0235111 0.0331372 0.00146388 0.00770306 -0.00448686 -0.0180756 0.00545179 -0.0235087 -0.00876849 -0.0287139
internal_weight=382.638 314.693 34.2856 26.9189 280.407 136.886 143.521 67.9454 12.747 55.1984 14.4051 40.7933
internal_count=1867 1486 153 119 1333 649 684 381 61 320 78 242
is_linear=0
shrinkage=0.03


Tree=16
num_leaves=13
num_cat=0
split_feature=84 85 139 56 99 71 28 109 25 101 103 71
split_gain=28.3954 15.4135 11.9948 11.6308 11.4985 10.7436 10.4527 9.26237 5.91755 4.58509 6.4077 3.21133
threshold=1.719762840412425 1.3305657328886766 471.00000000000006 0.37223295176916588 0.38335803982132183 1.0836068116540416 2.4037228658361562 0.22588386885313508 -0.5073148749584141 0.24501099417634667 0.26104024367692996 0.96362839080422569
decision_type=2 2 2 2 2 2 2 2 2 2 2 2
left_child=1 2 4 6 -1 -5 -3 9 -9 10 -2 -11
right_child=7 3 -4 5 -6 -7 -8 8 -10 11 -12 -13
leaf_value=-3.4907337924733643e-05 -0.032847563720177379 -0.0041303093090943391 -0.011362473821472499 -0.025394844073659294 0.043822784561850146 0.013667750754009752 0.030380121458863131 -0.018043922064730517 0.023203090068911317 -0.0079508941689465443 0.008015881017195834 -0.03186374977034729
leaf_weight=7.3949119299650219 5.8099119663238517 185.71003559231758 7.335719794034957 6.8842371404170981 19.746822506189346 79.69199500977993 8.2498414665460569 5.5340046435594559 7.2073602229356748 5.9312239140272132 8.5156107842922193 34.187833443284035
leaf_count=34 35 889 34 33 85 374 37 30 31 35 43 207
internal_value=-3.13616e-05 0.00374501 0.0226743 0.00141863 0.0318735 0.0105616 -0.00266245 -0.0177376 0.00528812 -0.0231261 -0.00855685 -0.0283285
internal_weight=382.2 315.014 34.4775 280.536 27.1417 86.5762 193.96 67.1859 12.7414 54.4446 14.3255 40.1191
internal_count=1867 1486 153 1333 119 407 926 381 61 320 78 242
is_linear=0
shrinkage=0.03


Tree=17
num_leaves=14
num_cat=0
split_feature=84 84 140 141 41 107 4 50 109 41 131 140 69
split_gain=26.9737 14.6757 18.3859 12.9834 11.867 10.4818 20.332 12.5965 8.88809 4.79665 4.7208 7.4267 1.59998
threshold=1.719762840412425 0.72400171174481043 38.500000000000007 892.50000000000011 2.0697125309718465 0.056160054634025049 45.890091003811342 1290.0000000000002 0.22588386885313508 1.749608442684595 0.72482042546620085 18.500000000000004 5.7384745203779053
decision_type=2 2 2 2 2 2 2 2 2 2 2 2 2
left_child=1 2 3 -1 -4 6 -3 -7 10 -10 11 -2 -12
right_child=8 5 4 -5 -6 7 -8 -9 9 -11 12 -13 -14
leaf_value=0.01216947822360988 0.0024828464870126298 0.027743359840282169 0.051454801864968897 -0.026540625677526422 0.011305561746409072 -0.0066636749448125004 -0.015258039124959134 0.012324238018346442 0.023075502683772509 -0.013762156297903146 -0.035006674416707434 -0.029374335105875456 -0.016567217256260071
leaf_weight=36.126676484942436 12.977628067135813 29.367859780788422 16.042082533240322 9.944487661123274 11.287657991051672 158.36535796523094 14.925236493349074 39.23409166932106 6.5304460972547513 6.2029298096895218 22.119218572974209 13.372405990958212 5.2379527837038031
leaf_count=166 74 134 71 46 52 768 70 179 30 31 137 80 29
internal_value=-3.22774e-05 0.00362847 0.0153781 0.00381388 0.0348725 6.31201e-05 0.0132534 -0.00289356 -0.0174043 0.00513043 -0.0227471 -0.0136844 -0.0314762
internal_weight=381.734 315.293 73.4009 46.0712 27.3297 241.893 44.2931 197.599 66.4406 12.7334 53.7072 26.35 27.3572
internal_count=1867 1486 335 212 123 1151 204 947 381 61 320 154 166
is_linear=0
shrinkage=0.03


Tree=18
num_leaves=13
num_cat=0
split_feature=85 64 1 98 36 46 125 72 29 75 53 110
split_gain=25.5753 15.1074 13.7278 14.1378 16.7176 13.8876 13.6166 19.6652 12.1201 10.1767 8.32354 3.46547
threshold=2.5826901016199759 0.70536014204136488 97.868351617830868 2.0213187808115811 300.36666666666673 76.122222222222248 0.40632194561029977 2.3338852569207438 1.3216771339104258 0.54938919941843223 0.30229831192809103 2.2867312395019384
decision_type=2 2 2 2 2 2 2 2 2 2 2 2
left_child=2 6 3 4 -1 -5 8 -8 -2 11 -11 -3
right_child=1 9 -4 5 -6 -7 7 -9 -10 10 -12 -13
leaf_value=-0.0013808931704223358 -0.013798606400404376 -0.0126933721654185 -0.029339253659484473 0.0014977208287730239 0.017792860846160368 0.043858997865679546 -0.0081522451666121102 0.05873155616318225 0.013543336593911113 -0.018127264574344611 0.01831811494327153 -0.033466514335088196
leaf_weight=123.42122223973274 55.801203727722168 9.2317924797534925 9.2187415361404401 11.38997043669224 61.230187296867371 17.929102510213852 8.2472603023052198 7.6043918430805197 19.757357865571976 15.160228773951532 8.9808266907930356 33.294416457414627
leaf_count=580 286 46 45 54 280 83 43 36 98 84 46 186
internal_value=-3.3513e-05 -0.009266 0.00650555 0.0080499 0.0049771 0.0274023 -0.00134574 0.0239334 -0.00664912 -0.0201258 -0.00456905 -0.028957
internal_weight=381.267 158.077 223.189 213.97 184.651 29.3191 91.4102 15.8517 75.5586 66.6673 24.1411 42.5262
internal_count=1867 825 1042 997 860 137 463 79 384 362 130 232
is_linear=0
shrinkage=0.03


Tree=19
num_leaves=12
num_cat=0
split_feature=84 75 138 128 84 81 54 109 25 60 140
split_gain=24.6456 13.8007 14.9671 13.8861 15.9486 14.1299 10.1665 8.49731 5.45067 4.69219 3.3448
threshold=1.719762840412425 0.50961019234043026 16668.500000000004 0.17479922420901731 1.3247218580593025 0.17578439004302457 0.14271916845522467 0.22588386885313508 -0.5073148749584141 1.1383314584932804 18.500000000000004
decision_type=2 2 2 2 2 2 2 2 2 2 2
left_child=1 2 6 4 -3 -5 -1 9 -9 -2 -11
right_child=7 3 -4 5 -6 -7 -8 8 -10 10 -12
leaf_value=-0.015891559621574295 0.0041928566385967979 0.027056340034308065 0.039477866748966903 -0.00079927796516025753 -0.021145202553706218 0.039115171621879143 0.00062700865840575588 -0.017468424109033081 0.022234698403849805 -0.018390342000748176 -0.034588792046028743
leaf_weight=49.694180101156235 5.4584053158760062 51.744118228554726 7.2129864096641532 88.108733355998993 7.015550196170806 8.7773663848638517 103.10794530808926 5.4502284824848175 7.2539719343185407 27.333359777927399 19.771362259984016
leaf_count=238 30 237 34 415 34 42 486 30 31 166 124
internal_value=-3.49598e-05 0.00343486 -0.00275171 0.0097951 0.0213014 0.00281676 -0.00474515 -0.0168165 0.00520166 -0.0221382 -0.0251894
internal_weight=380.928 315.661 160.015 155.646 58.7597 96.8861 152.802 65.2673 12.7042 52.5631 47.1047
internal_count=1867 1486 758 728 271 457 724 381 61 320 290
is_linear=0
shrinkage=0.03


Tree=20
num_leaves=14
num_cat=0
split_feature=3 85 161 28 1 5 30 116 59 105 30 7 98
split_gain=23.5559 16.5966 14.0206 12.5983 13.0485 11.4762 18.629 11.4738 11.941 8.74413 8.57285 7.38709 5.1546
threshold=1.3538997612109096 1.5026190367343231 0.41666666666666669 1.7802181175818093 95.202055270101383 5.5000000000000009 1.0301115042546194 8.5000000000000018 0.97140824321459818 0.058474146753774874 1.5148112641000091 2.514092423306121 0.53885281952542485
decision_type=2 2 2 2 2 2 2 2 2 2 2 2 2
left_child=1 2 9 7 -5 10 -7 12 -9 -1 -3 -4 -2
right_child=3 5 11 4 -6 6 -8 8 -10 -11 -12 -13 -14
leaf_value=0.011206576294411238 -0.00047695180432194123 -0.019142696401692579 0.01646006731794307 0.04411858553189895 -0.012029113923799821 0.020058630077785203 -0.0016357336382249435 0.032907063802109948 -0.010609056731890387 0.048188579756333033 0.012190253970597991 -0.019307699201866937 -0.029714383623878422
leaf_weight=8.6180886775255221 6.2670025974512091 34.773123681545258 14.392035230994226 7.112665727734564 7.821361243724823 51.36515961587429 116.24212156236172 6.378198415040969 51.493456393480301 17.314859718084335 10.153781756758688 8.1337310224771482 40.488356426358223
leaf_count=38 30 172 65 33 38 245 555 32 275 75 48 37 224
internal_value=-3.58969e-05 0.00501587 0.0208592 -0.0110635 0.0147125 0.00140354 0.00501275 -0.0147427 -0.00581302 0.0358986 -0.0120612 0.00354484 -0.0257955
internal_weight=380.554 260.993 48.4587 119.561 14.934 212.534 167.607 104.627 57.8717 25.9329 44.9269 22.5258 46.7554
internal_count=1867 1235 215 632 71 1020 800 561 307 113 220 102 254
is_linear=0
shrinkage=0.03


Tree=21
num_leaves=12
num_cat=0
split_feature=85 84 132 125 56 72 41 154 30 94 13
split_gain=22.712 14.7111 15.2235 11.2883 13.9173 11.0293 10.6953 10.6315 4.54381 1.8705 0.651113
threshold=4.9650520616777936 0.72400171174481043 0.068126627425776146 0.40300636219632602 0.37223295176916588 2.3445867317101219 1.2191781653116991 1.0000000180025095e-35 0.41763263195580397 2.2007313877650798 11.601178818645078
decision_type=2 2 2 2 2 2 2 2 2 2 2
left_child=1 2 5 4 -3 -1 -5 -4 -2 -10 -11
right_child=8 3 7 6 -6 -7 -8 -9 9 10 -12
leaf_value=0.051903762051542221 0.0011981448290356665 -0.0072003969863815766 -0.024741961419250703 -0.0029051008805714607 0.0079092956331825778 0.012276667462220331 0.045729959049411524 0.011005442475610944 -0.018017428980451715 -0.038506904174818085 -0.025720784318083098
leaf_weight=13.186447456479074 5.2555271089077022 178.63417665660381 9.2341977059841138 7.599560976028445 79.183268174529076 12.141832157969473 8.7606797814369184 39.589790552854538 8.8002223819494265 12.805335253477098 4.977824553847312
leaf_count=58 31 884 43 38 375 54 42 180 54 77 31
internal_value=-3.70216e-05 0.00217987 0.0140349 -0.00102636 -0.00255977 0.0329074 0.0231383 0.00424445 -0.0242907 -0.0293298 -0.0349278
internal_weight=380.169 348.33 74.1523 274.178 257.817 25.3283 16.3602 48.824 31.8389 26.5834 17.7832
internal_count=1867 1674 335 1339 1259 112 80 223 193 162 108
is_linear=0
shrinkage=0.03


Tree=22
num_leaves=13
num_cat=0
split_feature=84 70 102 87 58 16 138 109 25 131 87 36
split_gain=21.8817 13.3705 11.1508 11.6625 10.2753 8.53017 8.36639 7.90201 9.07794 5.57652 7.58323 1.73249
threshold=1.719762840412425 4.907569224956708 0.059739763715834525 1435.0000000000002 5.3809047545501771 1.2332869263803858 6161.0000000000009 0.19999349055943247 -0.5073148749584141 0.71814211425659125 1392.0000000000002 212.05833333333337
decision_type=2 2 2 2 2 2 2 2 2 2 2 2
left_child=1 2 3 -1 5 -3 -6 9 -9 10 -2 -11
right_child=7 4 -4 -5 6 -7 -8 8 -10 11 -12 -13
leaf_value=-0.0072367582836841346 0.014304859468568638 0.015394439810482968 0.032426574770623377 0.0060509051503799842 -0.0029915664367612519 0.050200390331192425 0.026998550141792262 -0.021619207276686557 0.025638997913853434 -0.020739697701906284 -0.022664583124955909 -0.037146693642843898
leaf_weight=131.73711924254894 7.2223781347274807 15.317174792289736 9.1929410547018033 108.33533591032028 28.927286192774773 10.809208914637564 11.781660735607145 6.9531514048576355 7.7199877798557264 8.8291952908039111 16.181471720337868 16.840528890490532
leaf_count=634 40 66 41 520 130 45 50 40 33 55 103 110
internal_value=-3.7532e-05 0.00319597 1.09419e-06 -0.00124055 0.0151114 0.0297946 0.00568794 -0.0160715 0.00324478 -0.0218471 -0.0112559 -0.0315034
internal_weight=379.847 316.101 249.265 240.072 66.8353 26.1264 40.7089 63.7467 14.6731 49.0736 23.4038 25.6697
internal_count=1867 1486 1195 1154 291 111 180 381 73 308 143 165
is_linear=0
shrinkage=0.03


Tree=23
num_leaves=14
num_cat=0
split_feature=3 19 105 75 81 28 1 116 29 107 19 27 147
split_gain=21.3423 13.6445 16.7706 15.5979 14.9737 11.4075 11.9794 11.0203 9.8664 9.22605 8.70915 7.00764 6.31641
threshold=1.3538997612109096 2.1897805215281219 0.057290292561702212 0.51454291335123958 0.15739534836746424 1.7802181175818093 95.202055270101383 8.5000000000000018 1.1918101686827622 0.056160054634025049 1.6547389335972451 0.73220523553142658 3.7550079633452271
decision_type=2 2 2 2 2 2 2 2 2 2 2 2 2
left_child=1 2 12 8 -5 7 -7 11 -3 -9 -4 -2 -1
right_child=5 3 10 4 -6 6 -8 9 -10 -11 -12 -13 -14
leaf_value=0.0097177729411983948 -0.037944068857497452 -0.013897902219282405 0.020394739731369071 0.0055749374839063172 0.039378388620037799 0.041553139852056109 -0.012011629550389405 0.018352179393859514 0.0038788503477453305 -0.011518472138493503 0.053642345876632948 -0.014370851018493619 -0.029021704180875969
leaf_weight=9.5640342980623227 20.948831915855408 63.649394884705544 19.687112435698513 87.018863469362259 13.642687439918516 7.2452164143323881 7.8063372224569321 11.692064568400381 50.309532403945923 45.603828206658363 11.082500144839285 24.768251553177834 6.2721083313226691
leaf_count=45 122 307 91 410 65 33 38 59 237 248 50 132 30
internal_value=-3.80213e-05 0.00474616 0.0194594 0.00155112 0.0101563 -0.0106234 0.0137723 -0.0141879 -0.00604999 -0.00542293 0.0323698 -0.0251728 -0.0056255
internal_weight=379.291 261.226 46.6058 214.62 100.662 118.065 15.0516 103.013 113.959 57.2959 30.7696 45.7171 15.8361
internal_count=1867 1235 216 1019 475 632 71 561 544 307 141 254 75
is_linear=0
shrinkage=0.03


Tree=24
num_leaves=12
num_cat=0
split_feature=85 75 128 138 64 81 3 30 88 33 85
split_gain=20.3972 13.2156 15.6442 14.2185 13.7529 12.6586 11.4008 4.44194 1.79158 5.83143 0.020108
threshold=4.9650520616777936 0.50961019234043026 0.19006726328173176 16668.500000000004 0.82159064524980485 0.16361606512720439 1.5606072738673429 0.41763263195580397 658.50000000000011 2.5000000000000004 7.2937229375524035
decision_type=2 2 2 2 2 2 2 2 2 2 2
left_child=1 3 4 6 -3 -4 -1 -2 10 -10 -9
right_child=7 2 5 -5 -6 -7 -8 8 9 -11 -12
leaf_value=-0.0017808274141143676 0.0018780753622764535 0.02588499081548885 -0.0025732281287520896 0.037148166227998665 -0.013826947341062035 0.029058400150728358 -0.02177667698116038 -0.03866130261561411 0.0016880715846101051 -0.037541422851867685 -0.036151801452978673
leaf_weight=137.41084767878056 5.1847842782735851 52.85563388466835 96.877839356660843 7.335714027285575 9.2173574417829496 12.90286737680435 31.555712312459946 5.4739133566617983 5.7963291108608237 8.2845651507377607 6.0495007932186127
leaf_count=660 31 242 468 34 45 63 162 33 33 53 43
internal_value=-3.91322e-05 0.00203068 0.00795076 -0.00374003 0.0199881 0.00114454 -0.0055152 -0.0234441 -0.0285717 -0.0213928 -0.0373439
internal_weight=378.945 348.156 171.854 176.302 62.073 109.781 168.967 30.7891 25.6043 14.0809 11.5234
internal_count=1867 1674 818 856 287 531 822 193 162 86 76
is_linear=0
shrinkage=0.03


Tree=25
num_leaves=10
num_cat=0
split_feature=85 105 1 98 36 46 138 101 138
split_gain=19.6613 12.7512 11.8437 12.7951 14.4716 12.3554 9.76474 9.25922 5.7923
threshold=2.5826901016199759 0.45670934873792851 97.868351617830868 2.0213187808115811 300.36666666666673 76.122222222222248 8842.5000000000018 0.066945187999303116 16270.500000000002
decision_type=2 2 2 2 2 2 2 2 2
left_child=2 6 3 4 -1 -5 7 -2 -8
right_child=1 -3 -4 5 -6 -7 8 -9 -10
leaf_value=-0.0018292926489203156 0.024639700412498727 0.022755512023078246 -0.028207436816323875 0.000842354462850246 0.015923542115009022 0.040549488701649761 -0.02720328335946294 -0.0082754936276332736 0.002904272989871573
leaf_weight=123.72667816281319 8.4022578597068769 11.052010759711264 8.9420319944620115 11.461181163787844 62.051819130778313 18.336558774113655 36.883233726024628 90.957258507609367 6.8133571147918692
leaf_count=580 41 51 45 54 280 83 217 480 36
internal_value=-3.97147e-05 -0.00829126 0.0056241 0.00702742 0.00410033 0.0252768 -0.0106898 -0.00549205 -0.0225088
internal_weight=378.626 154.108 224.518 215.576 185.778 29.7977 143.056 99.3595 43.6966
internal_count=1867 825 1042 997 860 137 774 521 253
is_linear=0
shrinkage=0.03


Tree=26
num_leaves=11
num_cat=0
split_feature=84 0 56 45 106 107 56 138 89 101
split_gain=18.9121 11.7004 11.7238 12.1531 10.0508 7.44109 7.36489 5.19289 4.76045 2.83835
threshold=1.719762840412425 -0.25431221709350799 0.38587415648236428 0.48863049095607247 1.169966912846659 0.22814169448901514 0.16997343361229747 5478.0000000000009 4702.5000000000009 0.11128234219401216
decision_type=2 2 2 2 2 2 2 2 2 2
left_child=1 -1 4 -4 -3 8 -7 -8 9 -2
right_child=5 2 3 -5 -6 6 7 -9 -10 -11
leaf_value=0.039538281651632139 -0.0066771784509863782 -0.0031706151658591332 0.0015919969100915785 0.023455042365917222 0.029782340479832279 -0.027231865824227205 0.035460360712022583 -0.0043179432125962777 -0.0022286485755485951 -0.030219797568453242
leaf_weight=7.6662456244230262 5.4411145299673072 206.32486437261105 53.87856313586235 39.776136368513107 8.6806958615779859 5.4896887689828899 5.6899602413177472 6.1419154703617096 9.0300518870353681 30.134390309453011
leaf_count=32 31 981 252 181 40 34 28 32 56 200
internal_value=-4.00996e-05 0.00292796 0.00201866 0.0108775 -0.00184016 -0.0152011 0.00148677 0.0148115 -0.0216814 -0.0266191
internal_weight=378.254 316.327 308.66 93.6547 215.006 61.9271 17.3216 11.8319 44.6056 35.5755
internal_count=1867 1486 1454 433 1021 381 94 60 287 231
is_linear=0
shrinkage=0.03


Tree=27
num_leaves=10
num_cat=0
split_feature=3 45 140 14 84 28 103 149 71
split_gain=18.1698 11.7083 12.1158 12.3762 11.4407 10.4274 10.6925 9.98001 9.07291
threshold=1.3538997612109096 0.68660714285714297 172.50000000000003 3.5957600584597915 0.39682073179264987 1.7802181175818093 0.40310646951449575 27.500000000000004 2.3966543243056706
decision_type=2 2 2 2 2 2 2 2 2
left_child=1 2 4 -4 -1 6 7 -2 -7
right_child=5 -3 3 -5 -6 8 -8 -9 -10
leaf_value=0.052788483286780825 -0.019368074289641664 0.043788983319090306 0.057797407263012475 0.0033961709149491113 0.00084042569527342781 0.039185586137020716 0.02700732386325715 0.010433699853907755 -0.0076080426565838842
leaf_weight=3.8781588971614829 83.770358830690384 6.5993188172578803 7.2093602120876294 7.8747225701808929 236.36692668497562 6.7506611198186866 5.5660660564899436 11.501767322421072 8.3319127112627012
leaf_count=16 475 30 31 36 1122 31 28 58 40
internal_value=-4.02972e-05 0.0043362 0.00331649 0.029397 0.001679 -0.0099292 -0.013409 -0.0157702 0.0133359
internal_weight=377.849 261.928 255.329 15.0841 240.245 115.921 100.838 95.2721 15.0826
internal_count=1867 1235 1205 67 1138 632 561 533 71
is_linear=0
shrinkage=0.03


Tree=28
num_leaves=11
num_cat=0
split_feature=85 75 128 138 84 81 19 30 94 46
split_gain=17.7514 11.8514 13.9671 12.9117 11.9477 11.8606 8.83309 4.24417 2.03119 0.671829
threshold=4.9650520616777936 0.50961019234043026 0.19006726328173176 16668.500000000004 1.0774848451542152 0.16361606512720439 2.1897805215281219 0.41763263195580397 2.2007313877650798 34.081884057971017
decision_type=2 2 2 2 2 2 2 2 2 2
left_child=1 3 4 6 -3 -4 -1 -2 -9 -10
right_child=7 2 5 -5 -6 -7 -8 8 9 -11
leaf_value=0.0085917661384763266 0.0024300076085895287 0.02731999839734249 -0.0026231832740229075 0.034975486265515429 -0.0013112981840916684 0.027865982350460793 -0.0087370150848544974 -0.015273070401656817 -0.024179448834502987 -0.037584077181775095
leaf_weight=32.917814433574677 5.124873727560046 43.850202634930611 96.754246294498444 7.4652167409658423 18.715971991419792 13.029442727565764 135.24028825759888 8.0504729598760623 4.7441443502903011 11.57595047354698
leaf_count=159 31 194 468 34 93 63 663 54 32 76
internal_value=-4.03729e-05 0.00185372 0.00744253 -0.00363092 0.0187553 0.000995358 -0.00534482 -0.022386 -0.0276045 -0.0336874
internal_weight=377.469 347.973 172.35 175.623 62.5662 109.784 168.158 29.4954 24.3706 16.3201
internal_count=1867 1674 818 856 287 531 822 193 162 108
is_linear=0
shrinkage=0.03


Tree=29
num_leaves=12
num_cat=0
split_feature=76 12 22 110 1 31 53 23 3 73 41
split_gain=17.1572 15.7175 15.2177 15.2908 13.6063 13.7489 11.2326 5.10668 2.8792 2.48521 2.36789
threshold=0.043564527260179439 9.3377958542222679 5.5978466271824336 3.8931287870416003 98.493264824329955 1.5000000000000002 0.25971751357456002 -1.9602744461875645 2.3574691426356638 0.14854215918045707 0.50546225093816022
decision_type=2 2 2 2 2 2 2 2 2 2 2
left_child=7 4 6 -4 5 -2 -3 -1 10 -6 -9
right_child=1 2 3 -5 9 -7 -8 8 -10 -11 -12
leaf_value=0.0022473494609404313 -0.0013184641684894026 0.034778051980677981 0.058944862194824144 0.01199824073745257 -0.015186272865176086 0.021751153414171415 -0.008837500103809846 -0.0122102696179896 -0.0073224805458967342 -0.039629276746916457 -0.03452570375880655
leaf_weight=8.1522486507892591 243.84263768047094 7.0769381374120739 11.796990588307382 13.265017762780188 6.9219604879617682 25.70093160867691 21.335850462317467 5.5728492438793245 6.8705753684043875 8.1532267034053785 18.439867824316025
leaf_count=41 1173 33 55 64 36 121 99 34 44 46 121
internal_value=-4.05348e-05 0.00213372 0.0170565 0.0340966 -0.000670013 0.00088122 0.00202608 -0.0188721 -0.024447 -0.028406 -0.0293468
internal_weight=377.129 338.094 53.4748 25.062 284.619 269.544 28.4128 39.0355 30.8833 15.0752 24.0127
internal_count=1867 1627 251 119 1376 1294 132 240 199 82 155
is_linear=0
shrinkage=0.03


Tree=30
num_leaves=11
num_cat=0
split_feature=84 84 24 50 102 107 56 89 7 79
split_gain=16.4394 10.5516 9.7013 12.5561 9.57157 6.93118 6.87679 4.6562 4.40855 2.89312
threshold=1.719762840412425 0.44678143470657494 -3.2592166672318359 2250.0000000000005 0.053210671901432423 0.22814169448901514 0.16997343361229747 4702.5000000000009 1.3000423423088694 16.164627039681303
decision_type=2 2 2 2 2 2 2 2 2 2
left_child=1 -1 3 -3 -4 7 -7 9 -8 -2
right_child=5 2 4 -5 -6 6 8 -9 -10 -11
leaf_value=0.033061745156286126 -0.034060288720705906 0.025230289530832301 -0.0021412436630645969 -0.0021249812308317783 0.028337039015674092 -0.026550317726775359 0.032364849403881679 -0.0014539169024525469 -0.0042490949289862006 -0.016584196557357024
leaf_weight=9.9725867211818677 18.134986758232117 32.32275216281414 236.28619119524956 28.343431323766708 9.6523448377847654 5.3414402306079891 6.04980920255184 8.8697395473718625 5.7944381386041641 16.089322119951248
leaf_count=42 120 138 1134 129 43 34 31 56 29 111
internal_value=-4.10694e-05 0.00269308 0.00170531 0.0124498 -0.000945063 -0.0144003 0.00170858 -0.0208244 0.0144526 -0.0258445
internal_weight=376.857 316.577 306.605 60.6662 245.939 60.2797 17.1857 43.094 11.8442 34.2243
internal_count=1867 1486 1444 267 1177 381 94 287 60 231
is_linear=0
shrinkage=0.03


Tree=31
num_leaves=12
num_cat=0
split_feature=3 19 105 75 81 89 11 10 150 59 19
split_gain=15.9276 11.9645 14.8299 12.9795 12.8851 10.9054 10.6889 10.2463 9.01172 8.09969 7.87911
threshold=1.3538997612109096 2.1897805215281219 0.057290292561702212 0.51454291335123958 0.15739534836746424 8744.0000000000018 2.551468393587903 -1.367664214248139 0.10833065433135088 1.4358521019289239 1.6547389335972451
decision_type=2 2 2 2 2 2 2 2 2 2 2
left_child=1 2 9 8 -5 6 -2 -8 -3 -1 -4
right_child=5 3 10 4 -6 -7 7 -9 -10 -11 -12
leaf_value=0.019767946961543478 0.040131634979539275 0.0036679013393024966 0.018346604768301293 0.0045403869657684014 0.035510528122782187 0.031123034349005801 0.026760408678915756 -0.015430357159593802 -0.013382450926685085 -0.023798133388189535 0.04965027662611643
leaf_weight=6.513718605041503 3.4902445077896109 49.476725161075592 20.004758626222614 87.53308741748333 14.028145939111708 5.6809885501861563 5.4650449007749549 99.514314644038677 63.969339549541473 9.3593516647815687 11.337848499417303
leaf_count=30 16 234 91 410 65 28 26 562 310 45 50
internal_value=-4.10527e-05 0.00403079 0.0177054 0.00102783 0.00881814 -0.00939475 -0.0115168 -0.013234 -0.00594636 -0.00592023 0.0296704
internal_weight=376.374 262.223 47.2157 215.007 101.561 114.151 108.47 104.979 113.446 15.8731 31.3426
internal_count=1867 1235 216 1019 475 632 604 588 544 75 141
is_linear=0
shrinkage=0.03


Tree=32
num_leaves=9
num_cat=0
split_feature=85 45 12 110 145 30 94 9
split_gain=15.5837 11.0431 12.2451 15.6316 13.0238 4.15637 2.07582 0.730635
threshold=4.9650520616777936 0.71080139372822315 9.3377958542222679 3.9741918245958021 2.3884296304831438 0.41763263195580397 2.2007313877650798 10.725099167650404
decision_type=2 2 2 2 2 2 2 2
left_child=1 2 4 -4 -1 -2 -7 -8
right_child=5 -3 3 -5 -6 6 7 -9
leaf_value=0.0057833900924182035 0.0032704190795102448 0.038644689543779184 0.026732068308863748 -0.0035236849622595672 -0.0073375710834639538 -0.014057944806086874 -0.037114863670207346 -0.022637001489854675
leaf_weight=118.50662416219711 5.0430597662925747 7.1333232372999182 33.830667898058891 28.161691218614578 160.01964592933655 7.7321022525429752 11.231664314866064 4.3529837429523459
leaf_count=561 31 33 157 137 786 54 77 31
internal_value=-4.14731e-05 0.00170288 0.00092901 0.0129876 -0.0017549 -0.0214249 -0.0267661 -0.033071
internal_weight=376.012 347.652 340.519 61.9924 278.526 28.3598 23.3168 15.5846
internal_count=1867 1674 1641 294 1347 193 162 108
is_linear=0
shrinkage=0.03


Tree=33
num_leaves=14
num_cat=0
split_feature=85 64 113 22 109 24 98 64 36 75 153 116 135
split_gain=15.2436 12.1026 13.07 17.9141 11.2035 11.7682 11.2998 12.197 11.1647 10.0535 8.13014 5.69095 4.96079
threshold=2.5826901016199759 0.70536014204136488 1.4815300254288903 3.9507364158489975 0.018270462974447552 -0.73838764062475937 1.8505940537421728 0.47282024714099319 301.14166666666671 0.54938919941843223 0.30952380952380959 9.5000000000000018 924.50000000000011
decision_type=2 2 2 2 2 2 2 2 2 2 2 2 2
left_child=4 2 11 -4 5 -1 8 -8 -6 12 -11 -2 -3
right_child=1 9 3 -5 6 -7 7 -9 -10 10 -12 -13 -14
leaf_value=0.053688171111506242 -0.034433213233497448 0.0004617038530252219 0.028051811777451627 -0.0046922344578991413 -0.0050873635479563887 0.00014692421079069655 0.044159181908805759 0.0063579453732423401 0.01124957734473819 0.016911722907177101 -0.019144963029524918 -0.0015450364603869626 -0.031124828424863617
leaf_weight=8.3395321816205961 12.265550062060358 5.1602309942245475 22.146660938858986 46.844660989940166 120.74232946336269 6.6335701197385779 11.399695709347723 23.55685205757618 54.706615015864372 10.877020761370661 11.663178831338881 7.7130285054445258 33.697528183460236
leaf_count=36 64 30 108 254 568 31 52 110 245 61 69 37 202
internal_value=-4.13874e-05 -0.00743909 -0.000368792 0.00581882 0.00489421 0.0299677 0.0031099 0.0186853 6.64678e-06 -0.0176845 -0.00174541 -0.0217362 -0.0269302
internal_weight=375.746 150.368 88.9699 68.9913 225.379 14.9731 210.405 34.9565 175.449 61.398 22.5402 19.9786 38.8578
internal_count=1867 825 463 362 1042 67 975 162 813 362 130 101 232
is_linear=0
shrinkage=0.03


Tree=34
num_leaves=12
num_cat=0
split_feature=76 12 22 61 45 24 53 3 46 108 27
split_gain=14.6204 13.8512 14.2981 19.8801 12.362 11.48 10.2441 4.6327 3.09427 4.50663 2.07136
threshold=0.043564527260179439 9.3377958542222679 5.5978466271824336 0.71131161713850311 0.68660714285714297 -3.2592166672318359 0.25971751357456002 1.1214410843280331 48.676190476190477 0.07804071478422521 1.3419359746686872
decision_type=2 2 2 2 2 2 2 2 2 2 2
left_child=7 4 6 -4 5 -2 -3 -1 9 -9 -10
right_child=1 2 3 -5 -6 -7 -8 8 10 -11 -12
leaf_value=0.0082113576137994495 0.010420081953557021 0.032205263026800546 0.073921949791665303 0.015339422180155804 0.035154402775694565 -0.0048755303783427897 -0.0091585517818198771 -0.024232001208493774 -0.03720995489522632 0.0099316714293570894 -0.013624337866998452
leaf_weight=5.2967189997434607 55.240638092160225 7.2113121449947384 7.3280809372663525 18.066682852804661 8.3915524333715421 220.20761927217245 21.319097593426704 9.9085279330611211 12.434799775481226 5.352181412279605 4.5876019373536101
leaf_count=26 253 33 34 85 39 1084 99 72 86 30 26
internal_value=-4.22112e-05 0.00193274 0.0158707 0.0322444 -0.000715252 -0.00180802 0.00129652 -0.0177929 -0.0220595 -0.0122502 -0.0308535
internal_weight=375.345 337.765 53.9252 25.3948 283.84 275.448 28.5304 37.5798 32.2831 15.2607 17.0224
internal_count=1867 1627 251 119 1376 1337 132 240 214 102 112
is_linear=0
shrinkage=0.03


Tree=35
num_leaves=13
num_cat=0
split_feature=85 64 125 26 1 95 72 76 29 75 153 135
split_gain=14.1376 11.319 12.214 17.5262 10.6021 11.3212 11.6624 11.4853 10.437 9.64323 7.68087 4.79802
threshold=2.5826901016199759 0.70536014204136488 0.40632194561029977 -0.6438950826532418 97.868351617830868 4.6903696604894245 1.5816409012850532 0.098392926294049318 1.3216771339104258 0.54938919941843223 0.30952380952380959 924.50000000000011
decision_type=2 2 2 2 2 2 2 2 2 2 2 2
left_child=4 2 8 -4 5 6 -1 -7 -2 11 -11 -3
right_child=1 9 3 -5 -6 7 -8 -9 -10 10 -12 -13
leaf_value=0.027281973517347229 -0.012394602084610167 0.00049691474139021831 0.052852985356499113 -0.010895457826253691 -0.027619815970637493 0.0035399283429570906 -0.0064145472576913097 0.021485338575764103 0.01315175903616749 0.016397060875374979 -0.018728529256748255 -0.03062154769134753
leaf_weight=10.510917156934736 53.546482570469379 5.1582650691270819 8.4814308881759626 7.1565441563725463 8.7810775041580182 71.230273604393005 76.692017778754234 58.426527217030525 19.684349417686462 10.93166207522154 11.493654787540434 32.910034984350204
leaf_count=47 286 30 39 40 45 331 357 262 98 61 69 202
internal_value=-4.25796e-05 -0.00720204 -0.000388307 0.0236792 0.00469661 0.00600516 -0.00235297 0.0116266 -0.00552777 -0.0172118 -0.00160587 -0.026405
internal_weight=375.003 149.362 88.8688 15.638 225.641 216.86 87.2029 129.657 73.2308 60.4936 22.4253 38.0683
internal_count=1867 825 463 79 1042 997 404 593 384 362 130 232
is_linear=0
shrinkage=0.03


Tree=36
num_leaves=13
num_cat=0
split_feature=85 85 99 120 125 56 72 72 30 88 33 85
split_gain=13.63 10.3836 12.7763 13.4396 11.2604 13.1556 8.76048 6.92997 4.10884 1.99715 5.79403 0.0161229
threshold=4.9650520616777936 1.4571755999791207 0.52916194736350863 0.39435375201572825 0.40300636219632602 0.37223295176916588 2.3338852569207438 2.3764714294704641 0.41763263195580397 658.50000000000011 2.5000000000000004 7.2937229375524035
decision_type=2 2 2 2 2 2 2 2 2 2 2 2
left_child=1 2 3 -1 5 -3 -6 -4 -2 11 -11 -10
right_child=8 4 7 -5 6 -7 -8 -9 9 10 -12 -13
leaf_value=0.027030904638886289 0.0043091257531780967 -0.0063531945733162837 0.055104002256785724 -0.01645387992830652 -0.0010685443136744938 0.0076910675738227907 0.042427917596493961 0.019535480563688173 -0.037229878495283836 0.0053485108927593629 -0.035951122613320452 -0.034808415990892842
leaf_weight=10.394483461976053 4.9346161708235767 193.49886064976454 7.2001428753137615 16.631722986698151 7.4634229987859753 87.025946758687496 9.4364105612039548 15.635761991143225 4.8264900892972964 5.423739627003668 7.006890244781971 5.0788842737674713
leaf_count=46 31 963 30 76 39 410 43 67 33 33 53 43
internal_value=-4.32692e-05 0.00156039 0.0142297 0.000270697 -0.000563575 -0.00199631 0.0232187 0.0307502 -0.0204656 -0.025939 -0.0179312 -0.0359883
internal_weight=374.557 347.287 49.8621 27.0262 297.425 280.525 16.8998 22.8359 27.2706 22.336 12.4306 9.90537
internal_count=1867 1674 219 122 1455 1373 82 97 193 162 86 76
is_linear=0
shrinkage=0.03


Tree=37
num_leaves=12
num_cat=0
split_feature=3 85 78 4 161 0 89 10 50 105 7
split_gain=13.1687 11.5404 11.376 12.9686 11.2536 10.1152 9.78731 7.94289 8.58937 7.41991 6.33138
threshold=1.3538997612109096 1.5026190367343231 0.0074329710573879833 59.926193424327785 0.41666666666666669 -0.052399216544365891 8744.0000000000018 -1.367664214248139 270.00000000000006 0.058474146753774874 2.514092423306121
decision_type=2 2 2 2 2 2 2 2 2 2 2
left_child=1 4 3 -3 9 -4 7 -2 -9 -1 -6
right_child=6 2 5 -5 10 -7 -8 8 -10 -11 -12
leaf_value=0.0073650653419857813 0.024102678402050631 0.010283923413862202 0.0078299200830738193 -0.016576084741069499 0.013024647663041233 -0.01464099614336308 0.029381592777861183 0.018476622476240729 -0.015153848143647231 0.041125347541818083 -0.019970366872934815
leaf_weight=8.7403019219636935 5.5770379304885855 108.51738564670086 25.820661321282387 19.01231937110424 14.674405053257944 59.747051067650318 5.7689403146505347 7.3774536699056616 92.955788895487785 17.773665353655815 8.1361610442399961
leaf_count=38 26 516 118 99 65 287 28 38 540 75 37
internal_value=-4.32646e-05 0.00362858 0.000601847 0.00627959 0.016705 -0.00786024 -0.00867131 -0.0107441 -0.012681 0.0299963 0.00125586
internal_weight=374.101 262.422 213.097 127.53 49.3245 85.5677 111.679 105.91 100.333 26.514 22.8106
internal_count=1867 1235 1020 615 215 405 632 604 578 113 102
is_linear=0
shrinkage=0.03


Tree=38
num_leaves=10
num_cat=0
split_feature=85 106 12 142 1 68 123 116 85
split_gain=12.638 10.1617 9.85285 13.5581 11.3918 4.39221 4.57356 1.28002 0.0193347
threshold=4.9650520616777936 1.2317897561736497 9.3377958542222679 4.2220159320872961 97.660047215664505 3.0228806228373704 0.52198750468999255 11.500000000000002 7.0577607885804214
decision_type=2 2 2 2 2 2 2 2 2
left_child=1 2 4 -4 -1 7 -7 8 -2
right_child=5 -3 3 -5 -6 6 -8 -9 -10
leaf_value=-0.00023522462009889619 -0.037143410494668565 0.028264060652416306 0.024681592281147767 -0.0033518476973961693 -0.023805013251347117 0.018816827906850818 -0.020374886354735038 -0.016463544246933186 -0.034618028321828746
leaf_weight=252.55038418620825 5.8083158582448977 12.302478551864622 32.462927952408791 29.762488178908825 19.910290598869324 4.2333795726299268 7.3025206103920937 4.1917368695139876 5.1457963585853577
leaf_count=1212 40 57 150 145 110 27 53 28 45
internal_value=-4.33362e-05 0.00148658 0.000502281 0.0112732 -0.00195761 -0.0199394 -0.00599253 -0.0305621 -0.0359571
internal_weight=373.67 346.989 334.686 62.2254 272.461 26.6817 11.5359 15.1458 10.9541
internal_count=1867 1674 1617 295 1322 193 80 113 85
is_linear=0
shrinkage=0.03


Tree=39
num_leaves=13
num_cat=0
split_feature=84 56 100 78 8 46 59 67 29 104 55 64
split_gain=12.406 9.09061 11.2997 11.9028 10.4747 10.1961 9.6403 6.98098 13.2469 5.77924 3.60826 2.95536
threshold=1.719762840412425 0.38587415648236428 0.8444816983796809 0.0074329710573879833 6.5068476342752328 75.38181818181819 2.0190255058278592 6.0689746300211427 0.83058094302284946 0.4434380722378401 0.45357585112729443 0.69495787753049176
decision_type=2 2 2 2 2 2 2 2 2 2 2 2
left_child=1 2 3 -1 6 -4 -3 9 10 -2 -9 -11
right_child=7 4 5 -5 -6 -7 -8 8 -10 11 -12 -13
leaf_value=0.0009117830112958591 0.007895770902230561 0.013320646061651051 -0.014993044532137175 -0.016015264414616748 0.038462810442785975 0.016509622004567986 -0.0087391562476389142 0.0038007167626036842 0.045728376520279689 -0.016957077817334118 -0.027352582154957075 -0.034966094195675854
leaf_weight=105.62550675868988 5.6890328079462043 58.194539815187454 11.519097506999968 57.872841387987137 10.413475334644316 46.869517475366592 25.704124718904495 6.3111435696482676 4.7156236991286269 18.78533560782671 7.1220071837306023 14.555718094110487
leaf_count=509 35 269 56 279 46 208 119 41 26 118 55 106
internal_value=-4.31839e-05 0.00228223 -0.00103408 -0.00507981 0.0100845 0.0102947 0.00656216 -0.0129027 0.00246956 -0.0200507 -0.0127162 -0.0248193
internal_weight=373.378 316.199 221.887 163.498 94.3121 58.3886 83.8987 57.1789 18.1488 39.0301 13.4332 33.3411
internal_count=1867 1486 1052 788 434 264 388 381 122 259 96 224
is_linear=0
shrinkage=0.03


Tree=40
num_leaves=10
num_cat=0
split_feature=76 47 24 58 4 124 23 30 140
split_gain=12.0991 13.7636 11.4051 13.5524 12.5117 9.10606 4.09224 3.35514 2.17443
threshold=0.043564527260179439 29.500000000000004 -3.2592166672318359 5.3809047545501771 44.619319357466175 0.72607007882704122 -1.9602744461875645 0.41763263195580397 9.5000000000000018
decision_type=2 2 2 2 2 2 2 2 2
left_child=6 2 3 -2 -4 -3 -1 -8 -9
right_child=1 5 4 -5 -6 -7 7 8 -10
leaf_value=0.0021256931114779325 0.029971447552790496 0.04291808586535837 0.0009798268341750778 0.0014872963755236076 -0.015052484580089343 -0.0039140671960819894 0.0015098256650786794 -0.013147721578067999 -0.032912912272976366
leaf_weight=8.1232046931982023 23.055845692753792 11.652329169213774 197.35261337459087 43.203016184270382 56.309172637760639 5.5006022900342932 4.5383396521210697 7.3100373223423984 15.916915968060492
leaf_count=41 98 56 956 203 284 30 29 52 118
internal_value=-4.35586e-05 0.00171956 0.000315863 0.0113988 -0.00257911 0.0279 -0.0166032 -0.0220826 -0.0266924
internal_weight=372.962 337.074 319.921 66.2589 253.662 17.1529 35.8885 27.7653 23.227
internal_count=1867 1627 1541 301 1240 86 240 199 170
is_linear=0
shrinkage=0.03


Tree=41
num_leaves=9
num_cat=0
split_feature=76 143 28 134 28 60 102 46
split_gain=11.5012 11.6476 10.0695 16.2168 9.95436 3.97388 4.18681 2.05708
threshold=0.043564527260179439 10.521933396159371 0.96930560215686079 7368.5000000000009 1.6192471037944232 1.8270452390531451 0.0038714010417603951 55.112631578947379
decision_type=2 2 2 2 2 2 2 2
left_child=5 2 3 -2 -4 -1 -7 -8
right_child=1 -3 4 -5 -6 6 7 -9
leaf_value=0.0051769914888204916 0.054335855030902262 0.033736065415390717 -0.0058742314683391883 0.0058639442265172315 0.0057021425395944658 0.0085687027558928163 -0.019186212659293291 -0.037182571456140234
leaf_weight=6.3717288970947257 7.4394361749291411 9.8940404057502729 173.22513011097908 37.648794680833817 108.86475100368261 3.7593577206134823 16.67588604986668 8.6980866417288762
leaf_count=33 34 44 855 189 505 24 121 62
internal_value=-4.34346e-05 0.00166725 0.000697468 0.0138617 -0.00140665 -0.016284 -0.0209777 -0.0253553
internal_weight=372.577 337.072 327.178 45.0882 282.09 35.5051 29.1333 25.374
internal_count=1867 1627 1583 223 1360 240 207 183
is_linear=0
shrinkage=0.03


Tree=42
num_leaves=12
num_cat=0
split_feature=3 85 120 78 161 89 101 10 105 109 125
split_gain=11.3063 9.75136 10.2322 10.1675 10.1395 9.10017 7.89199 6.75742 6.60199 6.43553 5.50071
threshold=1.3764479004409431 1.5026190367343231 0.29099462365591405 0.0074329710573879833 0.41666666666666669 8744.0000000000018 0.073709856229159501 -1.367664214248139 0.058474146753774874 0.18601148379134924 0.085962869320581378
decision_type=2 2 2 2 2 2 2 2 2 2 2
left_child=1 4 -3 -4 8 6 10 -8 -1 -6 -2
right_child=5 2 3 -5 9 -7 7 -9 -10 -11 -12
leaf_value=0.0063524904530935468 -0.0073570032003217253 -0.029345322809159552 0.0073336518965775562 -0.0062433958648790353 -0.01543715956660068 0.028043571027957803 0.022798684914598549 -0.015758888896448272 0.038078032210920536 0.015972306550337691 0.031288718074839635
leaf_weight=8.763036251068117 6.9761480242013914 9.8834638148546201 124.04518131911755 82.761961199343204 11.397438287734987 5.8337959051132193 4.3061174005269995 81.796637743711472 18.089903503656387 12.107697188854216 6.3158861249685287
leaf_count=38 37 46 600 394 51 28 20 492 76 54 31
internal_value=-4.31494e-05 0.00323871 0.000475125 0.00190027 0.0151304 -0.00837185 -0.0105092 -0.0138306 0.0277249 0.000742126 0.011006
internal_weight=372.277 267.049 216.691 206.807 50.3581 105.229 99.3948 86.1028 26.8529 23.5051 13.292
internal_count=1867 1259 1040 994 219 608 580 512 114 105 68
is_linear=0
shrinkage=0.03


Tree=43
num_leaves=11
num_cat=0
split_feature=76 47 45 46 124 116 48 63 55 83
split_gain=10.7109 12.6451 10.9439 11.9529 8.25875 3.96935 6.81354 3.92428 2.21111 0.371677
threshold=0.043564527260179439 29.500000000000004 0.71080139372822315 51.837606837606849 0.72607007882704122 8.5000000000000018 1.210355623837273 0.55978559648158333 0.086321685555802802 8.5192596739363999
decision_type=2 2 2 2 2 2 2 2 2 2
left_child=5 2 3 -2 -3 8 7 -7 -1 -10
right_child=1 4 -4 -5 -6 6 -8 -9 9 -11
leaf_value=-0.009282208374819953 -0.019747709270523342 0.040641693219203787 0.037028308292900165 0.0012032653532474107 -0.0038938678208769706 0.0024899283380001892 0.018782668177056885 -0.030633136103964589 -0.039515813800099303 -0.027871141067577182
leaf_weight=4.1739400327205649 26.80773164331913 11.848471313714983 7.117056891322135 285.67119757086039 5.4811099246144286 4.9950506910681751 6.2556408420205107 9.0544997602701169 6.5076864436268789 3.9729654565453529
leaf_count=30 137 56 32 1372 30 31 41 64 38 36
internal_value=-4.29837e-05 0.00159703 0.000243681 -0.00059413 0.0265557 -0.0158486 -0.00726084 -0.0188569 -0.0277477 -0.0351016
internal_weight=371.885 336.926 319.596 312.479 17.3296 34.9598 20.3052 14.0496 14.6546 10.4807
internal_count=1867 1627 1541 1509 86 240 136 95 104 74
is_linear=0
shrinkage=0.03


Tree=44
num_leaves=13
num_cat=0
split_feature=84 56 100 80 79 45 46 101 134 134 86 63
split_gain=10.8547 8.70063 10.0999 9.89047 9.79888 9.63785 9.16909 6.32389 7.68847 5.83892 3.51397 3.12745
threshold=1.719762840412425 0.38587415648236428 0.8444816983796809 1.5000000000000002 10.241588949756414 0.48863049095607247 75.38181818181819 0.24678169160830157 13351.000000000002 3681.5000000000005 109166.00000000001 0.53704268292682944
decision_type=2 2 2 2 2 2 2 2 2 2 2 2
left_child=1 2 4 -3 -1 -5 -4 8 -2 -9 -11 -10
right_child=7 3 6 5 -6 -7 -8 9 11 10 -12 -13
leaf_value=-0.0082530508440845137 0.026077872076896515 -0.020119355346593534 -0.014599486218526539 0.0039827519294718281 0.011556153469796345 0.024288698633839225 0.015393309843853361 0.014058231228596875 0.0025336393130331362 -0.026821514594331589 0.0013809467361810806 -0.031541155225287193
leaf_weight=136.00609761476517 7.3657135143876102 9.0327479392290098 11.392032384872435 47.954368725419044 26.923127144575119 37.477091804146767 47.105366319417953 4.2886755913496009 4.8269037231802923 29.83581280708313 4.5875613465905181 4.870033897459507
leaf_count=658 39 43 56 224 130 167 208 26 28 222 34 32
internal_value=-4.28631e-05 0.00211142 -0.00114055 0.00973413 -0.00497969 0.0128906 0.00955239 -0.0122441 0.00297171 -0.0189506 -0.023063 -0.0145795
internal_weight=371.666 315.891 221.427 94.4642 162.929 85.4315 58.4974 55.7747 17.0627 38.712 34.4234 9.69694
internal_count=1867 1486 1052 434 788 391 264 381 99 282 256 60
is_linear=0
shrinkage=0.03


Tree=45
num_leaves=15
num_cat=0
split_feature=57 19 7 15 47 105 28 140 70 143 50 102 29 104
split_gain=10.8621 10.944 15.8246 14.7639 14.0276 13.2684 16.2122 11.8187 10.7067 10.9547 11.7663 7.34395 6.1104 7.51099
threshold=1.4672314014695944 3.0465642005395739 0.40560795180098325 5.2444300843779557 28.500000000000004 0.12588049837754181 1.0190598237505106 24.500000000000004 2.4170158185069672 5.6448862147273964 630.00000000000011 0.0072326307752908223 0.53350738954040289 0.51217384451359194
decision_type=2 2 2 2 2 2 2 2 2 2 2 2 2 2
left_child=8 5 4 -4 -3 7 -7 -2 12 11 -11 -10 -1 -14
right_child=1 2 3 -5 -6 6 -8 -9 9 10 -12 -13 13 -15
leaf_value=0.015523908239140134 -0.0058663888701857708 -0.017204857441684616 0.011253982747872744 -0.014088812527038896 0.018655748290570508 0.064438895551710326 0.014352936559226138 0.024233223882563045 0.0038222766203489253 0.052094935957366133 0.0028870859313943399 -0.027816123435803395 0.0014974028754838886 -0.031848964370600898
leaf_weight=3.7718084156513205 38.436793126165867 64.413714647293091 94.769310213625431 26.466586902737617 11.582582876086233 8.0937388241291064 20.671326398849487 16.903994731605053 12.292006447911264 5.7815721482038525 17.954878963530064 14.266958646476267 7.7615305557847014 28.045619122684002
leaf_count=24 192 322 459 136 57 36 96 82 57 25 91 70 43 177
internal_value=-4.3068e-05 0.00285742 -0.00100642 0.00572149 -0.0117393 0.0119183 0.0284458 0.00332762 -0.00912261 6.28263e-05 0.0148728 -0.0131733 -0.0207951 -0.0246208
internal_weight=371.212 281.338 197.232 121.236 75.9963 84.1059 28.7651 55.3408 89.8744 50.2954 23.7365 26.559 39.579 35.8071
internal_count=1867 1380 974 595 379 406 132 274 487 243 116 127 244 220
is_linear=0
shrinkage=0.03


Tree=46
num_leaves=14
num_cat=0
split_feature=57 19 7 115 15 134 134 70 143 56 71 104 102
split_gain=10.2677 10.261 14.9363 17.596 13.8813 11.5029 12.6975 10.2384 10.3147 9.24228 8.59353 7.41783 7.00659
threshold=1.4672314014695944 3.0465642005395739 0.40560795180098325 15.500000000000002 5.2444300843779557 19606.000000000004 16508.000000000004 2.4170158185069672 5.6448862147273964 0.22470869382121275 0.96362839080422569 0.51217384451359194 0.0072326307752908223
decision_type=2 2 2 2 2 2 2 2 2 2 2 2 2
left_child=7 5 3 -3 -4 6 -2 10 12 -10 -1 -12 -9
right_child=1 2 4 -5 -6 -7 -8 8 9 -11 11 -13 -14
leaf_value=0.020983637469783337 0.012795585147426078 -0.018062931876065388 0.010871999099361334 0.020191933940142428 -0.013746322082587206 0.042499619484051399 -0.021642401049781587 0.0037032849684015866 -0.0011415304213551693 0.036887590303624394 0.00081272732882229205 -0.032503020660745535 -0.027263975964074573
leaf_weight=4.0473578199744216 63.417190819978714 62.544754832983017 95.150104030966759 13.085382536053656 26.31455821543932 9.5668885707855207 11.36215155571699 12.306138694286348 14.091643586754801 9.7181270569562894 7.7084313333034506 27.375566475093365 14.121434606611727
leaf_count=28 295 316 459 63 136 42 69 57 67 49 40 176 70
internal_value=-4.38785e-05 0.0027692 -0.000978103 -0.0114441 0.00553859 0.0115256 0.007563 -0.00890285 5.88991e-05 0.0143803 -0.0204081 -0.0251831 -0.0128439
internal_weight=370.81 281.441 197.095 75.6301 121.465 84.3462 74.7793 89.3687 50.2373 23.8098 39.1314 35.084 26.4276
internal_count=1867 1380 974 379 595 406 364 487 243 116 244 216 127
is_linear=0
shrinkage=0.03


Tree=47
num_leaves=13
num_cat=0
split_feature=84 140 141 4 26 107 52 72 147 149 48 154
split_gain=10.0068 12.271 10.755 10.532 12.7904 12.1658 10.6409 10.3096 10.2099 7.43599 4.81054 4.6708
threshold=0.72400171174481043 38.500000000000007 892.50000000000011 59.926193424327785 -2.8510481018789053 0.045927318493947759 4950.0000000000009 2.3445867317101219 -18.308173407799657 15.500000000000002 1.0470882527186982 1.0000000180025095e-35
decision_type=2 2 2 2 2 2 2 2 2 2 2 2
left_child=1 2 8 4 6 -6 -2 -3 -1 11 -9 -5
right_child=3 7 -4 9 5 -7 -8 10 -10 -11 -12 -13
leaf_value=-0.022233024014777249 0.041290290592157809 0.043834264369076469 -0.027445678785455854 -0.010083951855435406 0.014088044747994714 -0.0071020889837034333 0.006261955833333663 0.023778582293015795 0.016005215177051058 0.011977977915711627 -0.01062609034110493 -0.035358011822235892
leaf_weight=8.0243599712848646 9.2310754358768445 13.815097481012346 9.9310665279626829 11.093482948839666 28.368425637483597 173.64046159386635 50.52843052893877 7.8451949506998044 28.984063252806664 5.9346803873777381 6.8524495512247086 16.17801234126091
leaf_count=38 42 59 46 67 134 913 244 34 128 29 30 103
internal_value=-4.47154e-05 0.00970459 0.000275366 -0.00253851 -0.000519519 -0.00412633 0.0116728 0.0252276 0.0077142 -0.0184545 0.00773817 -0.025077
internal_weight=370.427 75.4522 46.9395 294.975 261.768 202.009 59.7595 28.5127 37.0084 33.2062 14.6976 27.2715
internal_count=1867 335 212 1532 1333 1047 286 123 166 199 64 170
is_linear=0
shrinkage=0.03


Tree=48
num_leaves=12
num_cat=0
split_feature=85 75 138 128 63 30 3 68 123 115 84
split_gain=9.72525 8.55471 11.3257 10.4879 11.1092 10.5602 8.44183 4.3703 4.36486 1.33569 0.0315093
threshold=4.9650520616777936 0.50961019234043026 16668.500000000004 0.17479922420901731 0.65751879699248128 0.38517036059714621 1.5606072738673429 3.0228806228373704 0.52198750468999255 15.500000000000002 2.7724379613139543
decision_type=2 2 2 2 2 2 2 2 2 2 2
left_child=1 2 6 4 -3 -5 -1 9 -9 10 -2
right_child=7 3 -4 5 -6 -7 -8 8 -10 -11 -12
leaf_value=-0.0019461999777568636 -0.037910500974007333 0.025891917753596862 0.032469570105403328 0.031239716217965743 -0.00021424925228712087 -0.0023489955518557755 -0.019664059460550106 0.020222105575170062 -0.018853661054503982 -0.015785638132946686 -0.034383761614980884
leaf_weight=135.70692332834005 3.8941037282347697 38.167346373200417 7.5492810308933249 9.1876883059740049 23.829808712005615 101.36986213922501 29.455438740551472 4.1389328092336637 6.7989701628684998 4.3802105262875548 5.5006182715296745
leaf_count=660 26 172 34 45 110 491 162 27 53 36 51
internal_value=-4.47918e-05 0.00125648 -0.0034636 0.00598085 0.0158575 0.000442335 -0.00510604 -0.018225 -0.00406728 -0.0294668 -0.0358456
internal_weight=369.979 345.266 172.712 172.555 61.9972 110.558 165.162 24.7128 10.9379 13.7749 9.39472
internal_count=1867 1674 856 818 282 536 822 193 80 113 77
is_linear=0
shrinkage=0.03


Tree=49
num_leaves=15
num_cat=0
split_feature=57 19 7 115 15 105 28 21 70 143 50 71 104 137
split_gain=9.51786 9.51631 13.9221 16.7551 13.0107 12.1312 14.9326 11.3811 9.46148 9.78495 10.661 8.27092 7.11593 6.84042
threshold=1.4672314014695944 3.0465642005395739 0.40560795180098325 15.500000000000002 0.11558271175048675 0.12588049837754181 1.0190598237505106 8.2187147789718278 2.4170158185069672 5.6448862147273964 630.00000000000011 0.96362839080422569 0.51217384451359194 2510.0000000000005
decision_type=2 2 2 2 2 2 2 2 2 2 2 2 2 2
left_child=8 5 3 -3 -4 7 -7 -2 11 13 -11 -1 -13 -10
right_child=1 2 4 -5 -6 6 -8 -9 9 10 -12 12 -14 -15
leaf_value=0.020640811687336898 0.011325976846649197 -0.017647810478143192 0.045636829020592476 0.019635531649656781 0.002923717709956114 0.061028405595299859 0.01327283949453165 -0.018944072338721547 -0.00034782955578082221 0.048998127187189877 0.0024194574161362334 0.00074308996003951842 -0.031986402927150805 -0.031679560397100952
leaf_weight=4.0623471885919562 39.914006158709526 61.936477281153202 6.798622488975524 13.151767894625662 114.72917322814465 8.2170745730400103 20.834588766098022 15.527912236750124 15.944099403917791 5.8630671501159695 17.99909395724535 7.7121715992689124 26.596020318567753 10.337215811014174
leaf_count=28 185 316 31 63 564 36 96 89 77 25 91 40 176 50
internal_value=-4.46741e-05 0.00265667 -0.000961763 -0.0111176 0.00531321 0.0110767 0.0267802 0.00284808 -0.0086238 -4.38129e-05 0.0138641 -0.0198363 -0.0246291 -0.0126715
internal_weight=369.624 281.11 196.616 75.0882 121.528 84.4936 29.0517 55.4419 88.514 50.1435 23.8622 38.3705 34.3082 26.2813
internal_count=1867 1380 974 379 595 406 132 274 487 243 116 244 216 127
is_linear=0
shrinkage=0.03


Tree=50
num_leaves=11
num_cat=0
split_feature=84 56 8 0 60 107 90 19 51 72
split_gain=9.23176 7.86589 10.0808 9.01284 8.92823 7.35297 6.48831 11.5448 5.49446 3.37025
threshold=1.719762840412425 0.38587415648236428 6.5068476342752328 -0.25431221709350799 0.77692862148533959 0.056160054634025049 -1.0000000180025095e-35 -0.48094186564788005 105.00000000000001 1.4799719833208667
decision_type=2 2 2 2 2 2 2 2 2 2
left_child=1 3 4 -1 -3 -5 7 -2 -8 -10
right_child=6 2 -4 5 -6 -7 8 -9 9 -11
leaf_value=0.031368622032883028 -0.027901648169947436 -0.020725917442150538 0.036941269591307002 0.0096689173905403335 0.0093205476334692651 -0.004905670544397854 0.0051805618700835965 0.033701900869517465 0.00062743979771005625 -0.02595767624193749
leaf_weight=7.39814868569374 4.6115351021289825 10.117845892906187 10.455168291926382 37.892817765474319 73.985030069947243 175.17896681278944 8.233156204223631 6.7386590614914876 5.0218805596232405 29.515858873724937
leaf_count=31 43 47 46 173 341 848 46 40 30 222
internal_value=-4.53343e-05 0.00192106 0.00915952 -0.00118346 0.00570586 -0.00231372 -0.0114913 0.00867264 -0.0168423 -0.0220921
internal_weight=369.149 315.028 94.558 220.47 84.1029 213.072 54.1211 11.3502 42.7709 34.5377
internal_count=1867 1486 434 1052 388 1021 381 83 298 252
is_linear=0
shrinkage=0.03


Tree=51
num_leaves=14
num_cat=0
split_feature=3 150 94 120 95 98 138 149 148 94 86 36 63
split_gain=9.01547 8.88906 10.6821 14.2732 9.32004 14.1538 9.08862 7.65492 10.2766 6.80523 10.6967 8.2964 6.6932
threshold=1.3764479004409431 0.63726936423253899 2.2926085663408253 0.41651443185970044 4.9158947049764237 1.2173856594859029 10455.500000000002 27.500000000000004 3.5000000000000004 2.0372522023210253 4536.0000000000009 62.06666666666667 0.63484848484848488
decision_type=2 2 2 2 2 2 2 2 2 2 2 2 2
left_child=1 2 3 -1 12 -6 -4 9 -9 10 -2 -11 -3
right_child=7 4 6 -5 5 -7 -8 8 -10 11 -12 -13 -14
leaf_value=0.037232851850236136 0.038054030300847218 -0.003492900251254317 0.0053927721703999299 0.0067419745862203314 0.022478532776729163 -0.015195688595071057 -0.013360231763405846 -0.021660899940420485 0.026264826358227931 0.0046566613853186861 -0.0083263578475055045 -0.026023586169076636 -0.03134197066707977
leaf_weight=19.823909223079681 5.1691528707742682 14.37005925178528 103.70761348307133 45.602435261011124 18.156915463507175 17.747051171958447 29.984262809157372 6.0697982534766224 11.963244795799254 10.199827834963797 33.341557435691357 35.686947420239449 16.90326526761055
leaf_count=88 23 68 486 211 86 94 145 32 59 54 201 239 81
internal_value=-4.51915e-05 0.00286416 0.00604779 0.0159806 -0.00657235 0.00385646 0.00118687 -0.00760883 0.0101334 -0.0113998 -0.00210089 -0.0192039 -0.0185454
internal_weight=368.726 266.296 199.118 65.4263 67.1773 35.904 133.692 102.431 18.033 84.3975 38.5107 45.8868 31.2733
internal_count=1867 1259 930 299 329 180 631 608 91 517 224 293 149
is_linear=0
shrinkage=0.03


Tree=52
num_leaves=10
num_cat=0
split_feature=101 148 149 59 0 102 96 17 14
split_gain=8.78031 10.5948 11.5436 9.98003 9.81166 8.78136 8.20078 8.26554 4.73178
threshold=0.29014905610426461 28.500000000000004 3.5000000000000004 1.8019202550234168 -0.23299383765041345 0.0049416287375091328 0.76474078907280618 2.9590521193264521 3.1179306184250737
decision_type=2 2 2 2 2 2 2 2 2
left_child=4 2 -2 -4 -1 -3 -6 -8 -7
right_child=1 5 3 -5 6 8 7 -9 -10
leaf_value=0.040101276531803245 -0.035083666119042879 0.017004583100271628 0.011469902057198521 -0.010100945402154188 0.038582586617569435 -0.037800917580711628 -0.0042036244768515535 0.0077167946436207573 -0.015406150410057015
leaf_weight=6.4784222245216361 7.5144149139523497 6.3847038745880118 53.790321253240108 30.108797021210194 5.5621512532234183 10.928204789757727 106.16149699687958 103.28485189378262 38.078672841191292
leaf_count=27 50 31 284 150 25 65 506 500 229
internal_value=-4.56253e-05 -0.00573525 0.000538314 0.00372879 0.00372555 -0.0160886 0.00262951 0.00167472 -0.0204
internal_weight=368.292 146.805 91.4135 83.8991 221.487 55.3916 215.009 209.446 49.0069
internal_count=1867 809 484 434 1058 325 1031 1006 294
is_linear=0
shrinkage=0.03


Tree=53
num_leaves=14
num_cat=0
split_feature=57 82 15 98 46 70 143 50 71 154 104 137 0
split_gain=8.58907 9.71139 10.7853 11.8342 10.7069 8.70358 9.07901 9.66977 7.93145 7.68204 6.83729 6.51928 4.48735
threshold=1.4672314014695944 57.438536484245454 5.3657250336048081 0.91780561971830954 64.602564102564116 2.4170158185069672 5.6448862147273964 630.00000000000011 0.96362839080422569 1.0000000180025095e-35 0.51217384451359194 2510.0000000000005 -0.051329281651213372
decision_type=2 2 2 2 2 2 2 2 2 2 2 2 2
left_child=5 2 3 -2 -3 8 11 -8 -1 -6 -10 -7 -4
right_child=1 4 12 -5 9 6 7 -9 10 -11 -12 -13 -14
leaf_value=0.020360868124237597 -0.0049794544720680629 -0.016810872749207739 -0.0015141988555270316 0.0089351971192627219 0.044477176471194597 -0.00028229535105803107 0.046594819006127934 0.002358857412318336 0.00080869788986696889 0.013447168295692839 -0.031422845421859309 -0.031040696142345094 -0.03108018179621698
leaf_weight=4.0694053471088401 107.18175159394741 7.2514883726835242 7.1192698478698757 113.00923583656549 10.604581750929354 15.867172136902811 5.9097005277872112 17.973838776350021 7.6959359422326079 22.2384884506464 25.71624119579792 10.181063041090963 13.160718776285647
leaf_count=28 519 40 33 561 49 77 25 91 40 104 176 50 74
internal_value=-4.53999e-05 0.00251292 0.000233856 0.002162 0.0161818 -0.00825668 -5.50224e-05 0.0133045 -0.0191827 0.0234663 -0.0239988 -0.0123043 -0.0207011
internal_weight=367.979 280.566 240.471 220.191 40.0946 87.4134 49.9318 23.8835 37.4816 32.8431 33.4122 26.0482 20.28
internal_count=1867 1380 1187 1080 193 487 243 116 244 153 216 127 107
is_linear=0
shrinkage=0.03


Tree=54
num_leaves=14
num_cat=0
split_feature=3 19 161 75 81 103 135 28 116 59 1 27 74
split_gain=8.38791 8.47964 12.6088 10.2785 11.1258 9.93661 7.9107 7.70713 10.1054 15.5194 9.14119 6.50304 6.47002
threshold=1.3538997612109096 2.1897805215281219 0.41666666666666669 0.51454291335123958 0.15739534836746424 0.20180240433831501 1487.5000000000002 1.7802181175818093 8.5000000000000018 0.83435700115858469 95.202055270101383 0.73220523553142658 0.56980519480519487
decision_type=2 2 2 2 2 2 2 2 2 2 2 2 2
left_child=1 2 12 6 -5 -4 -3 8 11 -10 -9 -2 -1
right_child=7 3 5 4 -6 -7 -8 10 9 -11 -12 -13 -14
leaf_value=0.01350307961927286 -0.035908042234535906 -0.012036348656129365 -0.026971733266824931 0.0031905958343181459 0.031832922802696312 0.01294799648928067 0.0045182808232674624 0.036459029782141605 0.05598192886170851 -0.0063939403361132222 -0.010524112941024455 -0.011285174638206384 0.045559246087328628
leaf_weight=10.724991150200369 16.950128510594368 71.072598405182362 8.4166081696748751 87.273306958377361 14.190025210380552 16.84015916287899 40.945242874324322 7.4134090244770032 3.8803593367338172 47.962141416966915 7.4951015710830688 22.424746662378311 12.014661848545073
leaf_count=47 122 347 40 410 65 76 197 33 20 287 38 132 53
internal_value=-4.5694e-05 0.00284134 0.0142351 0.000279703 0.00719633 -0.000354922 -0.00598523 -0.00715889 -0.0104273 -0.00172517 0.0128387 -0.0218848 0.0304402
internal_weight=367.603 261.478 47.9964 213.481 101.463 25.2568 112.018 106.126 91.2174 51.8425 14.9085 39.3749 22.7397
internal_count=1867 1235 216 1019 475 116 544 632 561 307 71 254 100
is_linear=0
shrinkage=0.03


Tree=55
num_leaves=10
num_cat=0
split_feature=85 125 151 28 41 68 123 115 85
split_gain=8.17255 9.0079 9.33532 8.77533 7.94847 4.27335 4.0032 1.40449 0.0256511
threshold=4.9650520616777936 0.40300636219632602 1.0000000180025095e-35 1.6192471037944232 1.2191781653116991 3.0228806228373704 0.52198750468999255 15.500000000000002 6.224441134190954
decision_type=2 2 2 2 2 2 2 2 2
left_child=1 2 -1 -4 -3 7 -7 8 -2
right_child=5 4 3 -5 -6 6 -8 -9 -10
leaf_value=-0.028029048494756556 -0.037151358725149859 -0.00029788512078340418 -0.0026648283606261294 0.0078617864644173301 0.041202025054637284 0.019934807231437084 -0.017807752489342722 -0.014274624121471844 -0.033909938233918878
leaf_weight=10.338272430002688 4.3919696137309092 7.5422085374593761 208.10179370641708 108.39991348236799 9.2452139109373075 4.1498097255825979 6.4765438884496689 4.1045881584286681 4.3969863429665565
leaf_count=54 31 39 1037 501 43 27 53 36 46
internal_value=-4.60397e-05 0.00112495 2.41386e-05 0.000940473 0.0225571 -0.0171543 -0.00306851 -0.0287633 -0.0355297
internal_weight=367.147 343.627 326.84 316.502 16.7874 23.5199 10.6264 12.8935 8.78896
internal_count=1867 1674 1592 1538 82 193 80 113 77
is_linear=0
shrinkage=0.03


Tree=56
num_leaves=14
num_cat=0
split_feature=56 100 78 98 4 1 66 59 62 14 87 143 143
split_gain=8.19748 9.50624 10.9503 10.9735 10.5066 8.86847 11.3063 11.8964 8.87913 7.46015 11.4204 9.06142 3.72211
threshold=0.37223295176916588 0.8444816983796809 0.0074329710573879833 1.3761223695773352 64.943930512483618 98.493264824329955 3.5891812865497079 1.810279641322148 0.5956959706959708 3.3486257424914103 1583.5000000000002 8.4383873641648588 7.5141847937673285
decision_type=2 2 2 2 2 2 2 2 2 2 2 2 2
left_child=1 2 4 -4 -1 6 7 -2 -8 10 -3 -11 -7
right_child=5 9 3 -5 -6 12 8 -9 -10 11 -12 -13 -14
leaf_value=0.0010975087564744094 0.01415193868661159 0.03250700462838111 -0.02465180105817982 0.0048001020496327099 -0.028360351895392523 -0.032826799084976509 0.050581181571104882 -0.0092256631044825583 0.0056067710583572869 -0.012101760440215032 -0.013170917991294603 0.01843587033319127 0.0011591185459558816
leaf_weight=121.76389740407467 51.019339561462402 17.943332672119144 43.964091002941132 15.364912010729311 11.967853024601935 6.5860627219080907 9.789029963314535 31.803359918296337 6.6242751330137244 24.481805637478828 6.7904709577560416 13.605027198791502 5.1823301091790199
leaf_count=639 231 79 226 76 88 47 44 149 32 118 32 71 35
internal_value=-4.55648e-05 -0.00299913 -0.00629758 -0.0170244 -0.00153872 0.00676284 0.00968295 0.0051751 0.0324299 0.0071377 0.0199665 -0.00119339 -0.0178608
internal_weight=366.886 255.881 193.061 59.329 133.732 111.004 99.236 82.8227 16.4133 62.8206 24.7338 38.0868 11.7684
internal_count=1867 1329 1029 302 727 538 456 380 76 300 111 189 82
is_linear=0
shrinkage=0.03


Tree=57
num_leaves=8
num_cat=0
split_feature=112 112 53 125 110 28 102
split_gain=8.04504 8.90977 8.80192 7.92686 6.74009 5.70314 5.71498
threshold=1.5948421800369876 1.82368616342982 0.057596063447554711 0.24910832769924834 2.2344428849482747 1.2552654402497745 0.0084493365938595397
decision_type=2 2 2 2 2 2 2
left_child=5 -2 4 -4 -3 -1 -7
right_child=1 2 3 -5 -6 6 -8
leaf_value=0.038273530893347861 -0.029107797473171063 0.013300279555974783 -0.00055377180779167892 0.012859701263286149 -0.015589414215526476 0.023085604549510027 -0.010453503770379523
leaf_weight=7.4374720156192806 10.041404128074644 8.5678166598081571 226.0901060923934 48.084723062813282 47.913004096597433 9.6096939295530337 8.7231904566287977
leaf_count=35 49 40 1130 248 279 44 42
internal_value=-4.58311e-05 -0.00126832 -0.000422882 0.00179868 -0.011207 0.016116 0.00712696
internal_weight=366.467 340.697 330.656 274.175 56.4808 25.7704 18.3329
internal_count=1867 1746 1697 1378 319 121 86
is_linear=0
shrinkage=0.03


Tree=58
num_leaves=8
num_cat=0
split_feature=84 4 107 22 2 147 27
split_gain=7.99797 8.70463 9.59222 13.6977 9.33949 5.38295 5.37315
threshold=0.44678143470657494 59.926193424327785 0.045927318493947759 2.5589771036327922 77.799096103010172 -22.712515759952943 1.1776178677445779
decision_type=2 2 2 2 2 2 2
left_child=-1 2 3 -2 -4 -3 -7
right_child=1 5 4 -5 -6 6 -8
leaf_value=0.026547752986924904 -0.024205467858820676 0.015060431251668388 0.011419946804627707 0.021074076840953571 -0.0036915669895857136 -0.029633506883970172 -0.0035397092039479295
leaf_weight=9.9034848809242231 7.1771737188100806 4.6307426095008841 43.687484204769135 37.06712831556797 233.77082514762878 18.625073768198494 11.47985056042671
leaf_count=42 32 23 199 171 1210 129 61
internal_value=-4.51725e-05 -0.000784046 0.000756465 0.013729 -0.00131217 -0.0150514 -0.0196832
internal_weight=366.342 356.438 321.703 44.2443 277.458 34.7357 30.1049
internal_count=1867 1825 1612 203 1409 213 190
is_linear=0
shrinkage=0.03


Tree=59
num_leaves=8
num_cat=0
split_feature=106 56 100 78 149 86 8
split_gain=7.77529 8.02573 8.67523 10.1136 9.04055 8.10832 7.76865
threshold=1.2317897561736497 0.37223295176916588 0.8444816983796809 0.012525090405911482 4.5000000000000009 3753.0000000000005 6.5068476342752328
decision_type=2 2 2 2 2 2 2
left_child=1 2 3 -1 -4 -3 -7
right_child=-2 5 4 -5 -6 6 -8
leaf_value=-0.0043802460811695424 0.023026387494400856 0.033553793002099597 -0.025279896035135759 -0.025275628363562761 0.010391941882076884 0.00027799371892533943 0.025415940336775869
leaf_weight=161.60766322538257 12.691147893667219 8.7936325520277006 7.2788852676749221 23.93486750125885 52.609376326203346 86.43545338511467 12.688665598630903
leaf_count=876 58 38 38 122 249 421 65
internal_value=-4.46185e-05 -0.000873255 -0.00387134 -0.00707574 0.00605635 0.00594511 0.00349585
internal_weight=366.04 353.349 245.431 185.543 59.8883 107.918 99.1241
internal_count=1867 1809 1285 998 287 524 486
is_linear=0
shrinkage=0.03


Tree=60
num_leaves=14
num_cat=0
split_feature=57 82 98 2 62 48 24 70 132 9 48 71 98
split_gain=7.96456 8.83843 9.37186 16.6644 9.22933 8.40336 8.4474 7.69701 8.41999 11.6926 9.14645 7.51551 4.85531
threshold=1.4672314014695944 42.906063023534109 1.1677176796042479 78.724169406899904 0.74702000851426142 1.0008984155065563 -1.2178573489300535 2.4170158185069672 0.79976240458772818 3.3810444091135907 1.0817456010643187 0.96362839080422569 0.29526923096718122
decision_type=2 2 2 2 2 2 2 2 2 2 2 2 2
left_child=7 2 4 -4 -2 -3 -7 11 9 -9 -10 -1 -13
right_child=1 5 3 -5 -6 6 -8 8 10 -11 -12 12 -14
leaf_value=0.019782924505464525 -0.0082915186581318766 0.04772253243585467 0.046131699107028037 0.0029143340148125819 0.015554928058695105 -0.0020467793360973859 0.022285270095417555 -0.0059082672438646282 -0.033160495072020811 0.032782784932069098 0.0068427668846247867 5.5903700901223545e-05 -0.029114551921235174
leaf_weight=4.0980715304613105 116.93959149718285 5.6294377744197837 8.9294565916061384 79.718147955834866 16.692207291722298 27.967126540839672 23.743051461875439 16.987961992621425 11.290952056646349 11.991823799908159 9.4488153234124166 6.402754344046115 25.943959645926952
leaf_count=28 576 26 39 407 77 138 117 79 57 55 52 33 183
internal_value=-4.39991e-05 0.00241337 -0.000295594 0.00726761 -0.00531281 0.0129148 0.00912543 -0.00801861 -0.000341949 0.0101021 -0.0149354 -0.0184915 -0.0233405
internal_weight=365.783 279.619 222.279 88.6476 133.632 57.3396 51.7102 86.1643 49.7196 28.9798 20.7398 36.4448 32.3467
internal_count=1867 1380 1099 446 653 281 255 487 243 134 109 244 216
is_linear=0
shrinkage=0.03


Tree=61
num_leaves=13
num_cat=0
split_feature=3 150 95 98 94 143 18 89 101 98 106 23
split_gain=7.68516 7.67372 8.7628 12.6633 8.63968 12.2503 9.0321 7.37399 6.54608 6.64464 6.05732 4.57176
threshold=1.3764479004409431 0.63726936423253899 4.9158947049764237 1.2173856594859029 2.2926085663408253 5.840255249617095 3.9079427470695456 8744.0000000000018 0.073709856229159501 1.753650259830259 0.22076259213335145 -1.3646480437213337
decision_type=2 2 2 2 2 2 2 2 2 2 2 2
left_child=1 4 10 -4 5 -1 -6 8 11 -10 -3 -2
right_child=7 2 3 -5 6 -7 -8 -9 9 -11 -12 -13
leaf_value=0.026866102341927559 -0.010323328865736463 -0.036990461892323044 0.021417439392805368 -0.014415216878984612 -0.0024368335629048107 0.00098403188968218991 0.018110677809812171 0.02542917939329584 -0.0218781279626971 -0.0046215971603471538 -0.0086346629248611178 0.025562053675678029
leaf_weight=34.323389157652855 5.5037931278347969 10.083657234907152 18.202306352555752 17.324466519057751 109.57684472203255 31.621358588337898 23.357802972197533 5.8962161988019934 36.284396976232529 44.972528930753469 20.695748642086983 7.6171994283795339
leaf_count=151 29 50 86 94 522 148 109 28 205 307 99 39
internal_value=-4.42778e-05 0.00263087 -0.0062074 0.00394381 0.00557754 0.0144553 0.00117355 -0.00711898 -0.00915241 -0.0123273 -0.0179243 0.0105094
internal_weight=365.46 265.186 66.3062 35.5268 198.879 65.9447 132.935 100.274 94.3779 81.2569 30.7794 13.121
internal_count=1867 1259 329 180 930 299 631 608 580 512 149 68
is_linear=0
shrinkage=0.03


Tree=62
num_leaves=14
num_cat=0
split_feature=80 56 99 42 19 57 1 121 102 42 13 83 61
split_gain=7.59406 8.96115 10.9661 13.9709 9.53975 8.36753 7.63253 9.98403 6.00162 5.18467 3.99967 3.52676 1.63277
threshold=1.5000000000000002 0.38587415648236428 0.5895521141708584 0.52215889002377225 2.1897805215281219 2.2163328153743689 98.493264824329955 0.40404904803356267 0.015563119469568924 0.51456377008413234 8.0130632434710396 5.813890553157921 0.98680361268153394
decision_type=2 2 2 2 2 2 2 2 2 2 2 2 2
left_child=5 2 4 -4 -2 10 7 -3 9 -7 12 -8 -1
right_child=1 6 3 -5 -6 8 11 -9 -10 -11 -12 -13 -14
leaf_value=-0.038262587562809036 0.010140487779858662 -0.0081296667927819935 0.035467404436577109 -0.00052088099100120746 -0.0081909967925380255 -0.025189211727818829 -0.03323476323850677 0.017160149912341591 0.024766656382188834 0.0074121739727191086 -0.0057182877545398775 0.0037250613998679339 -0.017609897412032664
leaf_weight=11.448068641126161 30.959940001368523 17.611756607890129 14.83225157856941 28.103014454245567 146.20450305938721 8.3854906558990532 5.1155995950102788 69.457578167319298 6.9725809991359702 9.214678041636942 7.6037830412387839 4.2573394700884819 4.9283244535326949
leaf_count=72 154 82 65 144 758 42 30 313 36 53 48 32 38
internal_value=-4.42541e-05 0.00165027 -0.001691 0.0119115 -0.00498752 -0.0110917 0.00927568 0.0120447 0.00121128 -0.00812055 -0.0236988 -0.016447 -0.0320474
internal_weight=365.095 316.542 220.1 42.9353 177.164 48.5529 96.4423 87.0693 24.5727 17.6002 23.9802 9.37294 16.3764
internal_count=1867 1578 1121 209 912 289 457 395 131 95 158 62 110
is_linear=0
shrinkage=0.03


Tree=63
num_leaves=8
num_cat=0
split_feature=112 112 53 143 0 36 56
split_gain=7.36798 8.44662 7.89071 7.56511 5.90883 5.0892 5.2428
threshold=1.5948421800369876 1.82368616342982 0.057596063447554711 11.070582210742115 -0.089368214580711161 301.85833333333341 0.38587415648236428
decision_type=2 2 2 2 2 2 2
left_child=5 -2 4 -4 -3 6 -1
right_child=1 2 3 -5 -6 -7 -8
leaf_value=-0.005357194772935182 -0.028541069966524887 0.015118870085354598 0.00072589011739295807 0.027341116989460297 -0.014394839720763497 0.036302876652376533 0.027887995659669727
leaf_weight=11.567951560020452 9.887630030512808 6.9804136753082267 263.33043149858713 9.9757547974586469 48.690049815922976 7.4597855806350699 6.7663976550102225
leaf_count=57 49 31 1330 48 288 33 31
internal_value=-4.4191e-05 -0.00122071 -0.000399579 0.00169735 -0.0106942 0.0154121 0.00691214
internal_weight=364.658 338.864 328.977 273.306 55.6705 25.7941 18.3343
internal_count=1867 1746 1697 1378 319 121 88
is_linear=0
shrinkage=0.03


Tree=64
num_leaves=8
num_cat=0
split_feature=84 45 143 4 90 65 54
split_gain=7.29362 7.68586 7.76829 8.04355 3.08141 2.3492 0.00646597
threshold=2.5575896787281489 0.71080139372822315 11.070582210742115 59.926193424327785 -1.0000000180025095e-35 1.5333383991894631 0.9883519456944897
decision_type=2 2 2 2 2 2 2
left_child=1 2 3 -1 -2 -6 -7
right_child=4 -3 -4 -5 5 6 -8
leaf_value=0.00091397437723767818 -0.0015342846300651532 0.032249799771050171 0.024968269647717853 -0.016084865171659468 -0.0053351650633957342 -0.035068765681820893 -0.033486696291763068
leaf_weight=299.28570325672626 6.868434481322768 6.9289311766624442 11.138502545654772 27.341215953230858 3.4770432487130156 4.177417263388632 5.2431981489062309
leaf_count=1456 58 31 51 154 22 35 60
internal_value=-4.34547e-05 0.00097282 0.000331203 -0.000508961 -0.0177659 -0.0264098 -0.0341882
internal_weight=364.46 344.694 337.765 326.627 19.7661 12.8977 9.42062
internal_count=1867 1692 1661 1610 175 117 95
is_linear=0
shrinkage=0.03


Tree=65
num_leaves=13
num_cat=0
split_feature=101 148 72 102 101 70 63 89 118 101 42 22
split_gain=7.1897 9.32808 8.18229 7.96433 7.8651 7.70996 15.9206 9.11477 8.51799 7.57533 7.10389 4.80936
threshold=0.29014905610426461 28.500000000000004 1.5577301038957689 0.0049416287375091328 2.5280698111779958 5.0986753264297517 0.40070422535211275 10424.000000000002 0.56487081730627009 0.59243508557996827 0.17743271597268032 3.4237021257763414
decision_type=2 2 2 2 2 2 2 2 2 2 2 2
left_child=5 2 9 -3 -4 7 -7 10 -8 -2 -1 -5
right_child=1 3 4 11 -6 6 8 -9 -10 -11 -12 -13
leaf_value=0.0147828922831282 -0.00076956490631712175 0.016266305653666234 -0.0058542753899599245 -0.039016312888608934 0.02879714668308711 0.050131515299330277 0.026019449837616143 0.035705675475425552 -0.0074459889833076408 0.045952598990352721 -0.0029021532948767057 -0.014737693654573102
leaf_weight=23.629417389631271 6.0969183146953565 6.3963937312364569 71.256556645035744 9.0882531404495221 6.427010864019393 9.139017775654791 10.802429959177973 6.4836226850748053 18.686074778437614 6.4033487215638161 151.55204786360264 38.241762779653072
leaf_count=114 30 31 393 49 31 39 45 29 88 30 743 245
internal_value=-4.27823e-05 -0.00525784 0.000637394 -0.0151534 -0.00298745 0.00336405 0.0155353 0.000776076 0.0048133 0.0231642 -0.000516699 -0.0193996
internal_weight=364.203 143.91 90.1838 53.7264 77.6836 220.293 38.6275 181.665 29.4885 12.5003 175.181 47.33
internal_count=1867 809 484 325 424 1058 172 886 133 60 857 294
is_linear=0
shrinkage=0.03


Tree=66
num_leaves=8
num_cat=0
split_feature=84 74 105 31 92 21 50
split_gain=7.01427 7.83771 9.96258 9.84232 8.44848 10.2001 7.82387
threshold=0.44678143470657494 0.51787994891443179 0.45670934873792851 1.5000000000000002 1.9505111404210418 3.8649183447348205 510.00000000000006
decision_type=2 2 2 2 2 2 2
left_child=-1 4 3 -3 6 -6 -2
right_child=1 2 -4 -5 5 -7 -8
leaf_value=0.024939589568222995 0.035109092956082687 -0.00054847106252073222 0.032371177099765523 0.023069128108534634 -0.032160818578516936 -0.006273556307270522 -0.00067165160296761225
leaf_weight=9.841363459825514 7.2489671558141735 184.10182283446193 9.8615577816963178 17.379848346114159 15.962483078241346 96.585849680006504 22.796505182981491
leaf_count=42 33 947 44 87 82 527 105
internal_value=-4.25443e-05 -0.000737183 0.0029298 0.00148879 -0.00617215 -0.00994509 0.00796104
internal_weight=363.778 353.937 211.343 201.482 142.594 112.548 30.0455
internal_count=1867 1825 1078 1034 747 609 138
is_linear=0
shrinkage=0.03


Tree=67
num_leaves=15
num_cat=0
split_feature=57 57 3 71 82 75 148 67 78 103 115 125 69 109
split_gain=7.12768 12.5667 14.1769 14.0419 13.2183 13.8099 10.4434 9.45759 10.2696 8.83836 8.56976 6.75796 6.30374 2.49533
threshold=2.1023692620773375 2.8172434291633386 0.92178950161063211 1.2606831072161162 67.53958303986478 0.51454291335123958 44.500000000000007 5.8452380952380958 0.0015592532441220045 0.31402596836105739 12.500000000000002 0.11362554198189888 2.3446656951363112 0.41282477657419142
decision_type=2 2 2 2 2 2 2 2 2 2 2 2 2 2
left_child=7 2 12 -4 5 -3 -6 8 13 -10 -9 -12 -2 -1
right_child=1 4 3 -5 6 -7 -8 10 9 -11 11 -13 -14 -15
leaf_value=-0.031598451549776085 -0.024063452466907827 -0.010530510122556239 -0.0033889071528729665 0.04789765318840384 0.035021453802248137 0.0071323511609161323 -0.010496239371879917 0.039173409947638897 -2.6791613485913235e-05 -0.023374659748493429 -0.027805752699968361 0.015234879664239044 0.016375739360529853 -0.0069560246711094977
leaf_weight=18.316415771842006 7.3117204532027227 91.856357142329216 6.7156180590391186 16.884710714221001 15.70185959339142 70.351654291152954 6.3797828629612914 7.4017194658517864 79.465125769376755 17.874449461698532 5.2129591405391684 8.8692581430077535 6.601536326110363 4.6339645385742179
leaf_count=133 36 474 33 77 71 342 35 37 389 95 34 58 31 22
internal_value=-4.19836e-05 0.00331625 0.0191434 0.0333037 9.45068e-05 -0.00286991 0.0218706 -0.0052959 -0.00857048 -0.00431416 0.0130387 -0.000697914 -0.00487594 -0.0266228
internal_weight=363.577 221.803 37.5136 23.6003 184.29 162.208 22.0816 141.774 120.29 97.3396 21.4839 14.0822 13.9133 22.9504
internal_count=1867 1099 177 110 922 816 106 768 639 484 129 92 67 155
is_linear=0
shrinkage=0.03


Tree=68
num_leaves=13
num_cat=0
split_feature=3 73 15 105 57 100 105 89 101 98 81 125
split_gain=6.90147 6.92426 12.4242 10.8756 10.6688 10.6175 6.53916 6.46513 5.88773 6.57218 4.51376 4.28601
threshold=1.3764479004409431 0.18274582560296851 5.2444300843779557 0.055620515274575989 1.4892901946134625 0.88737013691527233 0.047938135434234981 8744.0000000000018 0.073709856229159501 1.753650259830259 0.14418695698908093 0.085962869320581378
decision_type=2 2 2 2 2 2 2 2 2 2 2 2
left_child=1 3 4 6 -3 -5 -1 8 11 -10 -4 -2
right_child=7 2 10 5 -6 -7 -8 -9 9 -11 -12 -13
leaf_value=-0.006369866874782232 -0.0068242332110131573 -0.0086913873741390462 -0.0028880851029801195 -0.0020279557769150966 0.016518849632409984 0.019259973729296821 -0.031602487044718949 0.023444275504335855 -0.021384249947253516 -0.0040715880579627918 -0.040763366443935342 0.027453654497521577
leaf_weight=28.251023039221764 6.7435230538248998 18.665936827659607 5.7728417813777906 84.975434616208076 79.259657591581345 28.045537620782852 13.738828495144842 5.9768273532390586 35.673569425940514 44.167782735079527 5.5585781186819077 6.3975028097629547
leaf_count=134 37 98 30 409 370 122 66 28 205 307 30 31
internal_value=-4.25837e-05 0.00248793 0.00827212 -0.00158896 0.0117134 0.00325453 -0.0146258 -0.00680025 -0.00874435 -0.011807 -0.0214676 0.00986342
internal_weight=363.227 264.268 109.257 155.011 97.9256 113.021 41.9899 98.9592 92.9824 79.8414 11.3314 13.141
internal_count=1867 1259 528 731 468 531 200 608 580 512 60 68
is_linear=0
shrinkage=0.03


Tree=69
num_leaves=14
num_cat=0
split_feature=132 109 75 119 119 104 104 63 79 25 140 2 134
split_gain=6.75543 12.0651 7.86746 7.30118 14.5968 9.64244 7.25111 9.4729 6.31168 5.30012 5.39556 4.65712 2.56025
threshold=1.5368595210771192 0.20966093294548138 0.40631337198609413 0.41292915005786296 0.44763255732970092 1.6521012704167375 0.53186780972146386 0.44708846584546474 1.6806611118332151 -0.88512276640409915 9.5000000000000018 79.441737770559996 7882.0000000000009
decision_type=2 2 2 2 2 2 2 2 2 2 2 2 2
left_child=2 9 8 5 -5 -4 -3 -8 -1 10 -2 -10 -11
right_child=1 6 3 4 -6 -7 7 -9 11 12 -12 -13 -14
leaf_value=0.017993436617688048 0.017209382567036639 0.03536924806392195 -0.0059106229064914747 0.027845003923424625 0.0033648192420859431 0.028048119510997945 0.021642301408472026 -0.022836051396606941 0.0083631079491016964 -0.01338581458355542 -0.02267306742761083 -0.025550847882969536 -0.039288747690534871
leaf_weight=4.8888786062598255 4.9373949617147463 5.8566880673170116 93.609822459518909 25.618307553231716 151.91443699225783 8.1831970363855344 7.7155364602804211 9.7621805965900403 4.4591505825519588 4.6223883330822018 7.9987730532884598 19.940050877630711 13.360164221376179
leaf_count=25 28 29 458 129 760 37 36 49 21 36 46 121 92
internal_value=-4.259e-05 -0.00980527 0.00167365 0.00322468 0.00689736 -0.00318066 0.00647966 -0.00320109 -0.0131188 -0.0220955 -0.00745099 -0.0193528 -0.0326304
internal_weight=362.867 54.2531 308.614 279.326 177.533 101.793 23.3344 17.4777 29.2881 30.9187 12.9362 24.3992 17.9826
internal_count=1867 316 1551 1384 889 495 114 85 167 202 74 142 128
is_linear=0
shrinkage=0.03


Tree=70
num_leaves=9
num_cat=0
split_feature=84 4 26 119 101 65 119 9
split_gain=6.57226 7.54703 7.87915 8.73944 8.31829 5.74123 6.88023 3.26456
threshold=0.39682073179264987 59.926193424327785 -2.8510481018789053 0.50694980694980707 0.24501099417634667 3.2177144784737046 0.46254251700680277 6.7595484519253244
decision_type=2 2 2 2 2 2 2 2
left_child=-1 2 3 -2 -4 6 -3 -7
right_child=1 5 4 -5 -6 7 -8 -9
leaf_value=0.031474024794473733 0.019686377413508292 -0.017634688263142337 0.0031748432260499254 -0.0012812682043961943 -0.0078176341091421089 -0.034662860073599477 0.024177253409511417 -0.0090330112448140949
leaf_weight=5.8586287051439276 37.262317396700382 8.3479936569929105 140.98228088766336 34.413587264716625 110.52993492782116 11.811325192451479 6.1523430347442618 7.1988189667463294
leaf_count=25 171 44 675 168 614 85 31 54
internal_value=-4.28433e-05 -0.000560495 0.000844651 0.00961923 -0.00165593 -0.0141123 0.000105687 -0.0249573
internal_weight=362.557 356.699 323.188 71.6759 251.512 33.5105 14.5003 19.0101
internal_count=1867 1842 1628 339 1289 214 75 139
is_linear=0
shrinkage=0.03


Tree=71
num_leaves=8
num_cat=0
split_feature=106 56 86 28 21 56 8
split_gain=6.68151 6.86246 7.54332 7.36069 10.2721 8.06531 7.16782
threshold=1.2317897561736497 0.37223295176916588 3753.0000000000005 2.0461260801886505 5.4583421432201602 0.10623859745350321 6.5068476342752328
decision_type=2 2 2 2 2 2 2
left_child=1 3 -3 5 -5 -1 -4
right_child=-2 2 6 4 -6 -7 -8
leaf_value=0.0030378467625838028 0.021290769269083333 0.032096457675621963 6.4045369297842219e-06 -0.0029590257885546882 0.03362290555039623 -0.0095572631820245932 0.024139925151644565
leaf_weight=66.808749467134476 12.748233169317244 8.8011647611856443 86.072677761316299 19.037199474871162 10.842989102005957 145.21429605782032 12.711959227919577
leaf_count=332 58 38 421 88 47 818 65
internal_value=-4.23269e-05 -0.000820489 0.0054831 -0.00362399 0.0103159 -0.00558853 0.00311199
internal_weight=362.237 349.489 107.586 241.903 29.8802 212.023 98.7846
internal_count=1867 1809 524 1285 135 1150 486
is_linear=0
shrinkage=0.03


Tree=72
num_leaves=14
num_cat=0
split_feature=80 108 56 100 78 103 1 121 47 97 72 123 76
split_gain=6.35495 10.9503 7.72284 10.4987 9.69738 8.17465 6.99349 9.13844 6.52792 8.19813 5.40103 3.08939 2.17857
threshold=1.5000000000000002 0.11851131883901685 0.38587415648236428 0.8444816983796809 0.012525090405911482 0.18001262658560635 98.493264824329955 0.37665318676176568 11.500000000000002 3.5306634871290727 1.4799719833208667 0.4303014344607537 0.036885863018413359
decision_type=2 2 2 2 2 2 2 2 2 2 2 2 2
left_child=1 10 3 4 -2 -5 7 -4 -3 -10 -1 -8 -12
right_child=2 8 6 5 -6 -7 11 -9 9 -11 12 -13 -14
leaf_value=0.0096990111198657202 -0.0023032695247222268 -0.021258618786240652 -0.010570908671016167 -0.0073471422817514001 -0.022564308181452213 0.017783678041979341 -0.031943018617222561 0.015524799141081484 0.038900092160409599 -0.0049966768994066024 -0.015873039928105431 0.0028717068223361422 -0.035713201642814836
leaf_weight=3.8033133819699314 139.12076856568456 5.8500243276357677 14.480266526341437 17.018497511744499 25.095627255737782 36.923865973949432 5.0798865556716901 72.784564204514027 7.3352564051747313 8.0107123404741269 7.5349911265075233 4.1828955039381981 14.696145698428152
leaf_count=20 742 30 68 78 129 172 34 327 35 46 75 28 83
internal_value=-4.16158e-05 -0.0103029 0.00149847 -0.00162768 -0.00539957 0.00985505 0.00856378 0.0111946 0.00570635 0.0159856 -0.0233368 -0.0162214 -0.0289886
internal_weight=361.917 47.2304 314.686 218.159 164.216 53.9424 96.5276 87.2648 21.196 15.346 26.0345 9.26278 22.2311
internal_count=1867 289 1578 1121 871 250 457 395 111 81 178 62 158
is_linear=0
shrinkage=0.03


Tree=73
num_leaves=15
num_cat=0
split_feature=3 74 81 132 27 0 63 107 149 25 1 47 88 91
split_gain=6.28343 6.7993 13.727 11.5066 10.8897 11.1747 9.29376 6.73189 12.3899 7.92611 9.02625 5.70943 5.34358 4.16051
threshold=1.3538997612109096 0.51787994891443179 0.15739534836746424 1.4661596753893114 2.3075282673919246 -0.030159822820082342 0.59901960784313735 0.056160054634025049 17.500000000000004 -0.84442529915467379 98.493264824329955 29.500000000000004 471.50000000000006 5.7166164522370257
decision_type=2 2 2 2 2 2 2 2 2 2 2 2 2 2
left_child=1 4 3 -3 5 -1 -4 8 12 11 -11 -9 -2 -6
right_child=7 2 6 -5 13 -7 -8 9 -10 10 -12 -13 -14 -15
leaf_value=0.012242675758618446 -0.033512373421255598 0.0062775091855885633 0.0089670910052755907 -0.018910167173404616 -0.043169851324103538 -0.0083166284928411303 0.04285934967518195 -0.0273735011628491 0.043509875880269881 0.0064029274265227738 -0.019704273850907412 0.0052797325804548809 0.0093001462438033113 -0.010196628880765498
leaf_weight=41.254067167639732 4.5867311879992503 99.033942043781281 15.30721949785948 19.545110650360584 7.4994358420371992 56.217679172754288 13.888537317514418 26.576517418026924 6.48626735061407 34.524205084890127 18.202830906957388 5.8867677375674239 6.1310559883713722 6.3688249811530113
leaf_count=186 26 459 76 102 37 280 63 162 30 204 135 40 35 32
internal_value=-4.17046e-05 0.00244459 0.00666284 0.00212588 -0.00315405 0.000384918 0.0250898 -0.00633341 0.0107837 -0.00979019 -0.00261 -0.0214523 -0.00902169 -0.0280273
internal_weight=361.509 259.115 147.775 118.579 111.34 97.4717 29.1958 102.394 17.2041 85.1903 52.727 32.4633 10.7178 13.8683
internal_count=1867 1235 700 561 535 466 139 632 91 541 339 202 61 69
is_linear=0
shrinkage=0.03


Tree=74
num_leaves=8
num_cat=0
split_feature=106 132 109 89 75 68 63
split_gain=6.17114 6.49816 11.8073 7.6708 9.02502 6.94783 4.03327
threshold=1.2317897561736497 1.4661596753893114 0.20966093294548138 11782.000000000002 0.51454291335123958 1.7675850811238625 0.58218401662573227
decision_type=2 2 2 2 2 2 2
left_child=1 3 6 4 -1 -4 -3
right_child=-2 2 5 -5 -6 -7 -8
leaf_value=-0.0047349185185410082 0.020432602964048648 -0.03170900366860304 -0.0050310602983410918 0.03479971733772759 0.0059600474959302235 0.029567175505701454 -0.010878262648285782
leaf_weight=150.08784130215645 12.779588147997854 17.107735197991133 16.309699192643169 5.929735153913497 134.7824528105557 7.6852465867996207 16.370413687080145
leaf_count=779 58 113 80 26 664 38 109
internal_value=-4.2225e-05 -0.000793532 -0.0100112 0.00102823 0.000325257 0.00605027 -0.021523
internal_weight=361.053 348.273 57.4731 290.8 284.87 23.9949 33.4781
internal_count=1867 1809 340 1469 1443 118 222
is_linear=0
shrinkage=0.03


Tree=75
num_leaves=6
num_cat=0
split_feature=96 0 73 134 0
split_gain=6.92003 6.27722 8.1226 8.02015 6.99045
threshold=0.43696089434281543 -0.25431221709350799 0.053342816500711245 106134.00000000001 -0.03117919260612886
decision_type=2 2 2 2 2
left_child=-1 -2 4 -4 -3
right_child=1 2 3 -5 -6
leaf_value=0.039573988467982338 0.026802443426061803 0.00072465099702705203 -0.00026524742720401373 0.023394901593516568 -0.022069246910424774
leaf_weight=3.9252275824546805 7.4333180785179129 21.158210173249245 286.45699769258499 13.501809716224669 28.312700383365154
leaf_count=17 32 96 1510 62 150
internal_value=-4.1709e-05 -0.000477452 -0.00105777 0.000799748 -0.0123205
internal_weight=360.788 356.863 349.43 299.959 49.4709
internal_count=1867 1850 1818 1572 246
is_linear=0
shrinkage=0.03


Tree=76
num_leaves=14
num_cat=0
split_feature=57 82 98 2 109 48 24 13 0 119 112 79 142
split_gain=6.11838 7.63047 8.57626 13.8574 9.84288 7.2885 7.41652 7.11138 8.55598 7.66433 6.54277 8.37271 3.74334
threshold=1.4672314014695944 42.906063023534109 1.1677176796042479 78.724169406899904 0.02217622585651188 1.0008984155065563 -1.2178573489300535 6.2552260661572197 -0.038552737974143353 0.48887290696837271 2.5938896391908171 3.5740677185676839 3.7597201867559282
decision_type=2 2 2 2 2 2 2 2 2 2 2 2 2
left_child=7 2 4 -4 -2 -3 -7 10 -9 -10 11 -1 -12
right_child=1 5 3 -5 -6 6 -8 8 9 -11 12 -13 -14
leaf_value=0.026155078962597011 0.025004867273534744 0.044013350559119362 0.042044316806162337 0.0027926326044544481 -0.0074931130355041422 -0.0022877774375574802 0.020527622842177899 0.045201640193646732 0.017792301323957201 -0.013942714514898126 -0.013430886917062297 -0.017285516227939363 -0.033675496797136953
leaf_weight=6.9869663864374187 9.0019141137599927 5.7104930132627478 9.0184500366449338 79.039489880204201 122.96680869162083 27.649231798946857 23.913131222128868 3.9264902621507636 10.998091086745264 18.156114537268877 19.888956390321255 9.3192901760339719 14.011079773306845
leaf_count=32 42 26 39 407 611 138 117 17 59 124 102 51 102
internal_value=-4.0845e-05 0.00210081 -0.000438173 0.00681259 -0.00527635 0.0118549 0.00829334 -0.00717136 0.00362809 -0.00197104 -0.0142871 0.00132807 -0.0217981
internal_weight=360.587 277.3 220.027 88.0579 131.969 57.2729 51.5624 83.287 33.0807 29.1542 50.2063 16.3063 33.9
internal_count=1867 1380 1099 446 653 281 255 487 200 183 287 83 204
is_linear=0
shrinkage=0.03


Tree=77
num_leaves=8
num_cat=0
split_feature=96 119 89 119 147 26 91
split_gain=6.36303 6.43361 11.4422 11.7819 8.76312 14.654 5.43398
threshold=0.43696089434281543 0.4078434514906179 10424.000000000002 0.44763255732970092 2.7719330876110186 -3.1493233462755912 4.922727962954828
decision_type=2 2 2 2 2 2 2
left_child=-1 4 3 -3 5 -2 -6
right_child=1 2 -4 -5 6 -7 -8
leaf_value=0.037788231939386178 0.030422936775674498 0.017646711654871965 0.042217592587983709 -0.0015093128103924112 -0.027443959956177218 -0.0057347835983273584 -0.0042048887206485863
leaf_weight=3.9578310996294013 11.734230697154997 33.932805769145489 6.3315626531839362 194.70366864651442 22.498455032706261 71.89756029099226 15.156119577586649
leaf_count=17 50 178 29 1039 117 353 84
internal_value=-4.08293e-05 -0.000461094 0.00243538 0.00133371 -0.00607244 -0.000661557 -0.0180901
internal_weight=360.212 356.254 234.968 228.636 121.286 83.6318 37.6546
internal_count=1867 1850 1246 1217 604 403 201
is_linear=0
shrinkage=0.03


Tree=78
num_leaves=9
num_cat=0
split_feature=96 57 62 72 24 13 84 94
split_gain=5.9539 6.15278 8.05441 9.48713 8.75737 7.72309 12.0456 6.51596
threshold=0.43696089434281543 1.4672314014695944 0.40682120305749425 5.6775214148509479 -3.2592166672318359 6.0290998080760083 0.93183886860293574 3.9563888282597048
decision_type=2 2 2 2 2 2 2 2
left_child=-1 5 3 -3 -4 7 -7 -2
right_child=1 2 4 -5 -6 6 -8 -9
leaf_value=0.03645078373124943 -0.022345776447744436 0.01905846115133222 0.010623268892871861 -0.020002630304644303 -0.003632753646187667 0.033791925847221481 -0.0070255166682982604 0.0038704827431797263
leaf_weight=3.9796150028705588 34.418944727629423 38.221279732882977 49.398800820112228 6.556034803390502 180.42730810493231 8.5631857514381391 27.098601069301367 11.345020994544027
leaf_count=17 197 180 241 32 916 39 182 63
internal_value=-4.03678e-05 -0.000448258 0.00169929 0.0133394 -0.000568566 -0.00769072 0.00277566 -0.0158467
internal_weight=360.009 356.029 274.603 44.7773 229.826 81.4258 35.6618 45.764
internal_count=1867 1850 1369 212 1157 481 221 260
is_linear=0
shrinkage=0.03


Tree=79
num_leaves=10
num_cat=0
split_feature=85 125 151 28 41 68 4 115 9
split_gain=5.86966 8.28229 8.22778 6.93926 6.87747 4.00618 4.04883 1.59472 0.028454
threshold=4.9650520616777936 0.40300636219632602 1.0000000180025095e-35 1.6192471037944232 1.2191781653116991 3.0228806228373704 44.62569732871679 15.500000000000002 6.2748417050273124
decision_type=2 2 2 2 2 2 2 2 2
left_child=1 2 -1 -4 -3 7 -7 8 -2
right_child=5 4 3 -5 -6 6 -8 -9 -10
leaf_value=-0.027057485280333096 -0.033623766166761361 -6.3372145179343362e-05 -0.0025303038323931104 0.0068952336172337899 0.038647895446463659 -0.016582955330178489 0.022320155057315466 -0.010939566862361154 -0.037333694693132725
leaf_weight=9.9083841368556005 4.6972515061497706 7.4150777682662037 204.39210782200098 107.15138075500727 9.3244701176881772 6.2213734090328199 3.9277703836560249 3.5981764905154705 3.0810224190354347
leaf_count=54 54 39 1037 501 43 52 28 36 23
internal_value=-3.99289e-05 0.000926886 -0.000144458 0.000711489 0.0215001 -0.0152297 -0.00152725 -0.0274539 -0.0350933
internal_weight=359.717 338.191 321.452 311.543 16.7395 21.5256 10.1491 11.3765 7.77827
internal_count=1867 1674 1592 1538 82 193 80 113 77
is_linear=0
shrinkage=0.03


Tree=80
num_leaves=13
num_cat=0
split_feature=56 53 98 26 107 102 64 77 29 75 34 85
split_gain=5.77422 7.01406 7.85877 10.7284 6.96853 6.73318 6.64165 6.44646 6.26256 4.96241 6.20564 4.64139
threshold=0.37223295176916588 0.057596063447554711 0.082075287372371172 -0.30103216222805235 0.36237132485055545 0.020923969292003689 0.82074410069077763 10.500000000000002 1.0422825173145418 0.54938919941843223 1.0000000180025095e-35 1.5263842500834925
decision_type=2 2 2 2 2 2 2 2 2 2 2 2
left_child=1 9 -3 -4 5 6 -2 -6 -7 11 -11 -1
right_child=4 2 3 -5 7 8 -8 -9 -10 10 -12 -13
leaf_value=0.0065990610248057848 0.0022735542234746161 -0.02451167336556118 -0.00017282876316770764 0.037047298842706432 0.0066809086347344717 -0.00067784792439046703 -0.022004153022740568 0.040357490548054591 0.037952707182973493 0.025846254433513818 -0.013486286949239857 -0.025823500009690636
leaf_weight=4.740265533328059 62.217269621789455 11.303144730627535 185.33575699105859 7.242147520184516 11.780774384737017 6.9805038049817076 12.116533190011976 9.0423036962747556 8.2295714020729047 5.5449472963809958 10.346326746046541 24.572802077978849
leaf_count=21 308 57 961 32 53 43 60 39 35 27 74 157
internal_value=-3.95217e-05 -0.00257052 -0.000200059 0.00122688 0.00567266 0.00203747 -0.00168375 0.0213048 0.0202236 -0.0132618 0.000238029 -0.0205804
internal_weight=359.452 249.085 203.881 192.578 110.367 89.5439 74.3338 20.8231 15.2101 45.2043 15.8913 29.3131
internal_count=1867 1329 1050 993 538 446 368 92 78 279 101 178
is_linear=0
shrinkage=0.03


Tree=81
num_leaves=14
num_cat=0
split_feature=101 44 62 149 59 102 29 85 53 19 0 120 81
split_gain=5.63756 10.0229 10.1968 9.8687 11.2804 7.79233 12.0396 7.24168 7.0688 10.5836 7.81249 6.01021 5.97051
threshold=0.24501099417634667 2.3514700512879583 0.30707196029776679 30.500000000000004 1.8542335574733426 0.020923969292003689 0.49384078429979905 6.4784624671374775 0.39377756201203795 2.1167018159563917 -0.059110212926578136 0.40209932783737617 0.069221832359719945
decision_type=2 2 2 2 2 2 2 2 2 2 2 2 2
left_child=5 3 -3 7 -5 8 -7 -2 10 -10 -1 -8 -4
right_child=1 2 12 4 -6 6 11 -9 9 -11 -12 -13 -14
leaf_value=0.0089224451072724056 -0.0011849311618619342 0.028178811368512875 -0.034765878816830839 0.036287145303285605 -0.011223841103156985 -0.022346493370515016 0.044495141205789769 -0.0336926999469025 0.037844291989041004 0.0032936928206143464 -0.009466946618957927 0.015048625859945037 -0.011571976155128595
leaf_weight=28.997412547469139 86.594386011362076 4.2826975360512725 16.120794855058193 12.958632662892343 6.8883298113942137 6.1059452891349784 8.9258646145463008 6.6404222995042792 9.4357187747955305 51.694179274141788 73.478359594941139 20.718215778470039 26.259133473038673
leaf_count=132 462 24 94 57 34 32 39 76 41 246 375 95 160
internal_value=-3.92911e-05 -0.00423843 -0.0159366 0.000588743 0.0197974 0.0033255 0.0160137 -0.00350022 0.000552945 0.00862676 -0.00426333 0.023915 -0.0203946
internal_weight=359.1 159.744 46.6626 113.082 19.847 199.356 35.75 93.2348 163.606 61.1299 102.476 29.6441 42.3799
internal_count=1867 907 278 629 91 960 166 538 794 287 507 134 254
is_linear=0
shrinkage=0.03


Tree=82
num_leaves=15
num_cat=0
split_feature=57 57 3 71 82 75 105 80 86 98 69 140 13 108
split_gain=5.60265 10.8486 12.5014 12.074 11.4924 12.4024 9.24114 8.03751 6.15956 6.2002 5.65541 5.57407 3.76954 1.95244
threshold=2.1023692620773375 2.8172434291633386 0.92178950161063211 1.2606831072161162 67.53958303986478 0.51454291335123958 0.10240803481915212 1.5000000000000002 5136.0000000000009 0.089471824959215268 2.3446656951363112 18.500000000000004 8.0130632434710396 0.21940501644941227
decision_type=2 2 2 2 2 2 2 2 2 2 2 2 2 2
left_child=7 2 10 -4 5 -3 -6 12 11 -10 -2 -9 13 -1
right_child=1 4 3 -5 6 -7 -8 8 9 -11 -12 -13 -14 -15
leaf_value=-0.037415671775288574 -0.023729501498131151 -0.010231568917848191 -0.003498241401370394 0.044011005563710397 0.037537720729225614 0.0065868501064859806 -0.0014331622475139707 -0.0025808566144965733 -0.028912570942593727 -0.0020102696926995547 0.014744415411100886 0.035199483470630753 -0.0039031351932105555 -0.012908155315242423
leaf_weight=10.301058009266855 7.1290915831923467 90.391028366982937 6.6851028352975872 17.203878968954086 12.279147058725359 70.0385527536273 9.8847394287586194 6.7981972247362119 8.397491902112959 94.214417576789856 6.6422629728913307 7.2767017334699631 7.2304790318012229 4.0861674696207038
leaf_count=87 36 474 33 77 55 342 51 33 42 504 31 33 48 21
internal_value=-3.95733e-05 0.00293206 0.0175925 0.030716 -9.17e-05 -0.00288917 0.0201573 -0.00477198 -0.00165913 -0.00421188 -0.00517259 0.0169515 -0.0215743 -0.0304552
internal_weight=358.558 220.254 37.6603 23.889 182.593 160.43 22.1639 138.305 116.687 102.612 13.7714 14.0749 21.6177 14.3872
internal_count=1867 1099 177 110 922 816 106 768 612 546 67 66 156 108
is_linear=0
shrinkage=0.03


Tree=83
num_leaves=13
num_cat=0
split_feature=132 109 113 53 125 50 109 0 112 25 140 132
split_gain=5.60529 10.3738 6.80211 6.59722 8.36669 10.3612 9.02613 5.75736 5.06973 4.92918 5.00713 1.71392
threshold=1.5368595210771192 0.20966093294548138 2.658566668667087 0.057596063447554711 0.24910832769924834 1230.0000000000002 0.018270462974447552 -0.089368214580711161 1.7010535647807818 -0.88512276640409915 9.5000000000000018 2.3320822079889219
decision_type=2 2 2 2 2 2 2 2 2 2 2 2
left_child=3 9 -3 7 6 -6 -5 -1 -9 10 -2 -11
right_child=1 2 -4 4 5 -7 -8 8 -10 11 -12 -13
leaf_value=0.018174743274877937 0.016986970251763305 -0.010520935499806918 0.021929827321732553 0.023081716795170234 0.0072126885111532674 0.042003198831805512 -0.00063750755090330631 0.023234198249854975 -0.015150079937663076 -0.03694860676356454 -0.021788633481215135 -0.014407279347643676
leaf_weight=6.41638559103012 4.8908437266945857 11.495710007846357 11.761251680552958 15.574716143310068 31.066726692020893 10.244944900274275 198.04854059591889 3.3511501103639594 40.810408469289541 12.777050729840996 7.7410023361444473 3.9818860888481131
leaf_count=28 28 58 56 71 160 47 987 17 241 95 46 33
internal_value=-3.97746e-05 -0.00908056 0.0058897 0.00151819 0.00348179 0.0158404 0.0010918 -0.00837922 -0.0122373 -0.0209265 -0.00677536 -0.0315928
internal_weight=358.161 52.6477 23.257 305.513 254.935 41.3117 213.623 50.5779 44.1616 29.3908 12.6318 16.7589
internal_count=1867 316 114 1551 1265 207 1058 286 258 202 74 128
is_linear=0
shrinkage=0.03


Tree=84
num_leaves=9
num_cat=0
split_feature=0 74 31 7 128 96 89 51
split_gain=5.45519 6.63801 10.6128 10.8924 8.42804 6.91851 7.75618 6.85658
threshold=-0.25431221709350799 0.51787994891443179 1.5000000000000002 5.5622137014243984 1.4618583764468311 1.8730776510291409 3042.0000000000005 135.00000000000003
decision_type=2 2 2 2 2 2 2 2
left_child=-1 5 4 -4 -3 7 -7 -2
right_child=1 2 3 -5 -6 6 -8 -9
leaf_value=0.025509075115764647 0.032502072203909958 0.0045346414998024423 0.048684059639431017 0.0024036834550101296 -0.0095265966168105974 -0.0031045685943810503 -0.019489452252582036 -0.0027543398895818784
leaf_weight=7.3667716532945624 7.7611446380615261 140.56707734242082 8.786399111151697 9.5533658117055875 52.764352984726429 78.245093315839767 38.943075604736805 13.777158156037329
leaf_count=32 35 706 39 52 292 416 231 64
internal_value=-3.96719e-05 -0.00057681 0.00276598 0.0245762 0.000697024 -0.00567729 -0.00854947 0.00995001
internal_weight=357.764 350.398 211.671 18.3398 193.331 138.726 117.188 21.5383
internal_count=1867 1835 1089 91 998 746 647 99
is_linear=0
shrinkage=0.03


Tree=85
num_leaves=12
num_cat=0
split_feature=72 72 3 12 152 19 119 161 28 89 137
split_gain=5.43832 6.92644 6.56676 7.27129 10.9212 6.92956 10.285 8.99705 6.69765 5.71606 7.95413
threshold=1.4799719833208667 1.2724584592323709 1.3538997612109096 9.4723631937306738 1.0000000180025095e-35 2.1897805215281219 0.61412815126050435 0.41666666666666669 1.1362920426062479 7972.5000000000009 3809.0000000000005
decision_type=2 2 2 2 2 2 2 2 2 2 2
left_child=1 9 5 8 -5 7 -7 -2 -4 10 -1
right_child=2 -3 3 4 -6 6 -8 -9 -10 -11 -12
leaf_value=0.012028442523391516 0.027754491433731057 0.029739184709793816 0.0016281142745741889 -0.026547376558336434 0.020074290647712767 0.0021982760059037635 -0.01575448589483875 -0.00072480573456598239 -0.019822981188917965 0.026441420254158236 -0.022192403011244224
leaf_weight=12.893512964248663 18.717906661331654 11.624461099505423 18.428742926567793 6.3921162113547352 15.456997297704218 153.22178641706705 35.345199145376682 21.39483717083931 45.302662670612335 7.0584761500358573 11.624162182211874
leaf_count=61 81 52 120 65 96 743 178 99 272 32 68
internal_value=-3.91631e-05 0.00994104 -0.00141112 -0.00850001 0.00643478 0.00124181 -0.00116681 0.0125646 -0.0136201 0.00265254 -0.00419612
internal_weight=357.461 43.2006 314.26 85.5805 21.8491 228.68 188.567 40.1127 63.7314 31.5762 24.5177
internal_count=1867 213 1654 553 161 1101 921 180 392 161 129
is_linear=0
shrinkage=0.03


Tree=86
num_leaves=11
num_cat=0
split_feature=70 58 112 89 109 67 107 13 11 91
split_gain=5.32508 8.4166 9.38075 7.72667 7.62839 7.55541 7.33881 6.68882 5.18168 6.4379
threshold=4.907569224956708 5.3809047545501771 1.5291406612841634 10424.000000000002 0.74187891480791357 5.4799679487179498 0.056160054634025049 4.5866028763347853 3.9922800056528529 4.701217932774429
decision_type=2 2 2 2 2 2 2 2 2 2
left_child=3 8 -3 4 6 -4 -1 -6 -2 -10
right_child=1 2 5 -5 7 -7 -8 -9 9 -11
leaf_value=0.0095181838002313945 0.042179950568603394 0.049162872030249653 -0.0091433070897181442 0.023353326044055246 -0.038450997586838745 0.027287732341099494 -0.0038972889624556964 -0.0012629619947248554 -0.0067697700028161202 0.027747332424789533
leaf_weight=44.437661454081535 7.2477465569973019 3.1830182522535315 37.653162006288767 10.49351431429386 9.8167885094881076 5.9303137362003318 210.74249396473169 7.8209292814135543 8.7033040374517459 11.021833777427672
leaf_count=219 31 13 200 48 51 29 1150 40 39 47
internal_value=-3.91808e-05 0.00714209 -0.000555169 -0.0019083 -0.00287995 -0.00418621 -0.00156109 -0.0219611 0.0204879 0.0125174
internal_weight=357.051 73.7394 46.7665 283.311 272.818 43.5835 255.18 17.6377 26.9729 19.7251
internal_count=1867 359 242 1508 1460 229 1369 91 117 86
is_linear=0
shrinkage=0.03


Tree=87
num_leaves=9
num_cat=0
split_feature=84 4 107 22 26 15 149 79
split_gain=5.32042 6.22458 7.94714 12.0467 8.45284 5.59715 10.2909 2.97455
threshold=0.39682073179264987 59.926193424327785 0.045927318493947759 2.5589771036327922 -2.8510481018789053 5.3657250336048081 8.5000000000000018 6.4445562785646855
decision_type=2 2 2 2 2 2 2 2
left_child=-1 2 3 -2 -4 6 -3 -7
right_child=1 5 4 -5 -6 7 -8 -9
leaf_value=0.028738250440685932 -0.023788231158467257 -0.017497647408159425 0.0084107527227119984 0.019162298962103582 -0.0040543108244782342 -0.038066029141914898 0.030666640691300803 -0.0086912656568566005
leaf_weight=5.690087065100669 6.9594085067510596 12.708507888019087 63.828073345124722 37.797272577881813 210.21350601688027 8.8023643568158132 5.8213623464107505 4.7912830412387839
leaf_count=25 32 101 306 174 1116 53 30 30
internal_value=-3.85173e-05 -0.000505124 0.000763184 0.0124837 -0.00115103 -0.013092 -0.00236631 -0.0277125
internal_weight=356.612 350.922 318.798 44.7567 274.042 32.1235 18.5299 13.5936
internal_count=1867 1842 1628 206 1422 214 131 83
is_linear=0
shrinkage=0.03


Tree=88
num_leaves=13
num_cat=0
split_feature=56 107 46 72 8 119 119 18 60 24 104 81
split_gain=5.23551 6.78042 6.81062 6.68987 6.8467 5.99838 11.1996 12.7729 6.99203 11.2539 6.77834 6.4746
threshold=0.38587415648236428 0.36237132485055545 149.98809523809527 1.515081759791814 6.5068476342752328 0.41292915005786296 0.44763255732970092 0.49239138582777991 1.7255136516182406 -0.62812396491147149 1.4276367338143072 0.20878496431933438
decision_type=2 2 2 2 2 2 2 2 2 2 2 2
left_child=5 3 -3 -2 -5 8 7 -7 9 -1 -8 -10
right_child=1 2 -4 4 -6 6 10 -9 11 -11 -12 -13
leaf_value=0.034070777582290011 0.030583457403112316 0.033440052208960153 -0.0030314543703290607 -0.0042078675606581671 0.020695083707203646 0.050725543343160054 -8.8724256678869199e-05 0.0033735988295651022 -0.015554425249408838 -0.019828050578649829 -0.023568300012746204 0.013116190492735713
leaf_weight=7.9908932745456696 6.7197466790676108 13.526881963014604 6.9889820516109458 68.265473652631044 11.628865443170069 8.141868934035303 127.36513356864452 13.845179855823515 65.596063032746315 6.1851032897829992 12.11877593398094 7.947858750820159
leaf_count=35 29 58 32 345 61 35 683 81 340 38 85 45
internal_value=-3.81182e-05 0.00550802 0.0210156 0.00183482 -0.000583167 -0.00242247 0.00100817 0.0209082 -0.00873742 0.0105543 -0.0021287 -0.012456
internal_weight=356.321 107.13 20.5159 86.6141 79.8943 249.191 161.471 21.987 87.7199 14.176 139.484 73.5439
internal_count=1867 525 90 435 406 1342 884 116 458 73 768 385
is_linear=0
shrinkage=0.03


Tree=89
num_leaves=15
num_cat=0
split_feature=57 57 3 71 82 75 67 78 112 105 115 101 69 109
split_gain=5.31789 9.90421 11.3958 11.0543 10.5555 11.6487 8.7658 8.7757 10.0912 8.29792 6.68281 6.24615 5.20539 3.32916
threshold=2.1023692620773375 2.8172434291633386 0.92178950161063211 1.2606831072161162 67.53958303986478 0.51454291335123958 5.8452380952380958 0.0013102104576509768 2.5938896391908171 0.10240803481915212 12.500000000000002 0.2218554021467147 2.3446656951363112 0.41282477657419142
decision_type=2 2 2 2 2 2 2 2 2 2 2 2 2 2
left_child=6 2 12 -4 5 -3 7 13 -9 -6 -8 -12 -2 -1
right_child=1 4 3 -5 9 -7 10 8 -10 -11 11 -13 -14 -15
leaf_value=-0.03302609041810526 -0.023097818024666553 -0.0099191613775773697 -0.0035130534202926487 0.041927700627576933 0.035707219058742246 0.006436597928675649 0.035922200435061592 0.012821621687209812 -0.009733665830416743 -0.0012333171288828788 0.029094962805190295 -0.014080428398767652 0.013966779341581513 -0.0024826860004623324
leaf_weight=15.008569426834585 6.994788281619547 89.379600368440151 6.67196046561003 17.341023191809654 12.35436634719372 69.79215169698 7.4801935702562359 23.603484444320202 73.264638882130384 9.8250612542033178 4.561889946460723 8.8972139805555326 6.6544221267104149 4.0861706435680381
leaf_count=124 36 474 33 77 55 342 37 113 382 51 22 70 31 20
internal_value=-3.78697e-05 0.00286139 0.0168606 0.0293021 -4.59e-05 -0.00274764 -0.00467605 -0.00790182 -0.00423771 0.0193433 0.0131884 0.000553635 -0.00502765 -0.02649
internal_weight=355.916 219.013 37.6622 24.013 181.351 159.172 136.902 115.963 96.8681 22.1794 20.9393 13.4591 13.6492 19.0947
internal_count=1867 1099 177 110 922 816 768 639 495 106 129 92 67 144
is_linear=0
shrinkage=0.03


Tree=90
num_leaves=14
num_cat=0
split_feature=132 109 104 63 75 47 49 24 148 63 2 54 102
split_gain=5.11376 9.57849 6.56973 7.94627 6.2994 7.63495 15.7139 7.59577 6.93676 4.18533 6.33737 3.62403 1.97449
threshold=1.5368595210771192 0.20966093294548138 0.53186780972146386 0.44708846584546474 0.40631337198609413 29.500000000000004 66600.000000000015 -3.3162113911131885 12.500000000000002 0.58218401662573227 90.11824015275252 0.098108984379637026 0.014704236636224806
decision_type=2 2 2 2 2 2 2 2 2 2 2 2 2
left_child=4 9 -3 -4 8 7 -7 -6 -1 12 -11 -10 -2
right_child=1 2 3 -5 5 6 -8 -9 11 10 -12 -13 -14
leaf_value=0.010570288147756037 -0.03914449851715613 0.032874910557143366 0.018765795857690181 -0.022153932592052863 0.011549152211889152 0.0024211300632984607 0.052738482493114858 -0.0014277928973275005 -0.0032321335636751754 0.0094253837614201776 -0.031044199019371967 -0.030760688575780331 -0.015327199126978386
leaf_weight=8.5065537765622157 9.9635077789425868 5.9134908095002201 7.7573348432779339 9.5038048326969129 51.020887516438961 17.628921862691644 8.1767464578151685 198.6521919965744 6.3622976541519192 7.7728254571557027 6.3093642815947533 13.303460959345101 4.5692895501852027
leaf_count=45 71 29 36 49 232 128 38 986 38 43 55 84 33
internal_value=-3.81853e-05 -0.00875131 0.00558505 -0.00376418 0.00144789 0.00282971 0.0183646 0.00122406 -0.012064 -0.020362 -0.00870655 -0.0218546 -0.031656
internal_weight=355.441 51.7896 23.1746 17.2611 303.651 275.479 25.8057 249.673 28.1723 28.615 14.0822 19.6658 14.5328
internal_count=1867 316 114 85 1551 1384 166 1218 167 202 98 122 104
is_linear=0
shrinkage=0.03


Tree=91
num_leaves=9
num_cat=0
split_feature=106 56 121 86 73 119 28 149
split_gain=5.09687 5.35837 6.22331 6.93303 5.73376 5.71478 9.17335 7.07657
threshold=1.2317897561736497 0.37223295176916588 0.37015265436318073 3753.0000000000005 0.18065268065268067 0.38098032994923864 2.0561412354541599 22.500000000000004
decision_type=2 2 2 2 2 2 2 2
left_child=1 5 4 -4 -3 7 -7 -1
right_child=-2 2 3 -5 -6 6 -8 -9
leaf_value=-0.018991649598509408 0.018623908890104079 -0.029780651022299199 0.03672404208690988 0.0054684193385723424 0.0069604613855139396 -0.0027235401261964881 0.020412937756793027 0.001656688289282951
leaf_weight=38.554671458899975 12.699678048491476 8.2671708315610868 6.912323832511901 84.073656860738993 7.1108287200331679 155.91800619289279 17.116389334201813 24.386802472174168
leaf_count=209 58 40 30 420 34 884 75 117
internal_value=-3.84734e-05 -0.000730786 0.00485965 0.00784295 -0.0127915 -0.00325062 -0.000434903 -0.0109914
internal_weight=355.04 342.34 106.364 90.986 15.378 235.976 173.034 62.9415
internal_count=1867 1809 524 450 74 1285 959 326
is_linear=0
shrinkage=0.03


Tree=92
num_leaves=8
num_cat=0
split_feature=112 112 24 19 53 143 75
split_gain=5.10283 7.88369 5.87079 7.35623 5.46375 5.9124 5.80881
threshold=1.5948421800369876 1.82368616342982 -2.5999671718415329 4.4359296065011389 0.057596063447554711 11.070582210742115 0.49598806917000315
decision_type=2 2 2 2 2 2 2
left_child=2 -2 -1 -4 6 -6 -3
right_child=1 4 3 -5 5 -7 -8
leaf_value=0.037848848835726194 -0.027921117562927672 -0.021547071757578865 -0.012599500151273252 0.02457467594663371 0.00062624057242294945 0.024304627960328909 -0.0010993913672172264
leaf_weight=6.3596581667661694 9.5361187011003476 20.513905089348555 10.350503802299501 8.9193122535943967 257.16974866390228 9.8544540330767614 32.022158991545439
leaf_count=27 49 134 52 42 1330 48 185
internal_value=-3.78766e-05 -0.001042 0.0128557 0.0046071 -0.000239894 0.00150008 -0.00908365
internal_weight=354.726 329.096 25.6295 19.2698 319.56 267.024 52.5361
internal_count=1867 1746 121 94 1697 1378 319
is_linear=0
shrinkage=0.03


Tree=93
num_leaves=9
num_cat=0
split_feature=84 74 31 7 105 31 105 46
split_gain=4.93174 5.82914 8.77629 10.598 8.1747 7.14076 6.93464 6.69863
threshold=0.39682073179264987 0.51787994891443179 1.5000000000000002 5.5622137014243984 0.45670934873792851 1.0000000180025095e-35 0.079122099872281582 66.373486682808732
decision_type=2 2 2 2 2 2 2 2
left_child=-1 5 4 -4 -3 6 -2 -7
right_child=1 2 3 -5 -6 7 -8 -9
leaf_value=0.027802358552825007 -0.0092024480681359658 -0.00062041188400639908 0.045984807619213884 0.00030908922020739265 0.028319787246886215 -0.029964676415629832 0.0083823497310838383 -0.0070537391639659362
leaf_weight=5.635817050933837 36.619424410164356 181.67364180460572 8.902055427432062 9.398990795016287 9.2307150661945325 15.765974935144184 44.967912394553423 42.301251295953989
leaf_count=25 183 953 39 52 41 112 238 224
internal_value=-3.72447e-05 -0.000486992 0.0026814 0.0225268 0.000778921 -0.00523331 0.00048964 -0.0132743
internal_weight=354.496 348.86 209.205 18.301 190.904 139.655 81.5873 58.0672
internal_count=1867 1842 1085 91 994 757 421 336
is_linear=0
shrinkage=0.03


Tree=94
num_leaves=9
num_cat=0
split_feature=0 81 64 98 55 0 109 139
split_gain=4.82574 6.09285 7.47203 9.69864 8.44532 7.40427 6.21966 5.81704
threshold=-0.25431221709350799 0.023800443792220162 0.7000711020822753 0.060786415083039398 0.47452503178416533 -0.028618937971531623 0.18240195194845685 20.500000000000004
decision_type=2 2 2 2 2 2 2 2
left_child=-1 5 3 -3 -4 7 -7 -2
right_child=1 2 4 -5 -6 6 -8 -9
leaf_value=0.024272414153475145 0.024521112672269463 -0.022704409718593537 0.0011922854260402141 0.0059225976804013914 -0.016746576975292318 -0.0089818017570403516 -0.038978290234376836 -0.0092802853184615983
leaf_weight=7.2002175152301779 7.1930023133754757 11.282012641429899 61.343497637659311 190.51755400002003 38.407688032835722 14.989513173699381 10.634957216680048 12.624503970146177
leaf_count=32 32 57 334 958 256 82 57 59
internal_value=-3.67827e-05 -0.000541207 0.00100198 0.00432215 -0.0057148 -0.0107817 -0.0214313 0.00298834
internal_weight=354.193 346.993 301.551 201.8 99.7512 45.442 25.6245 19.8175
internal_count=1867 1835 1605 1015 590 230 139 91
is_linear=0
shrinkage=0.03


Tree=95
num_leaves=8
num_cat=0
split_feature=112 112 24 19 0 81 109
split_gain=4.80526 7.49602 5.52369 6.80429 4.70606 9.2286 7.77783
threshold=1.5948421800369876 1.82368616342982 -2.5999671718415329 4.4359296065011389 -0.051329281651213372 0.031192531076847326 0.90260038963422573
decision_type=2 2 2 2 2 2 2
left_child=2 -2 -1 -4 6 -6 -3
right_child=1 4 3 -5 5 -7 -8
leaf_value=0.036730486797716559 -0.027383169079340176 0.0082917843941640815 -0.012178584070908646 0.02357685210332881 -0.016717819986961292 3.7786797563706546e-05 -0.023291052001124433
leaf_weight=6.3554971963167217 9.4230497851967794 82.054609268903732 10.284644551575186 8.9659309536218625 34.899119272828102 194.25154203921556 7.6740888208150855
leaf_count=27 49 380 52 42 187 1091 39
internal_value=-3.64839e-05 -0.00101275 0.0124805 0.00447446 -0.000233491 -0.00251405 0.00559065
internal_weight=353.908 328.302 25.6061 19.2506 318.879 229.151 89.7287
internal_count=1867 1746 121 94 1697 1278 419
is_linear=0
shrinkage=0.03


Tree=96
num_leaves=14
num_cat=0
split_feature=132 109 113 74 87 0 97 66 47 52 25 99 132
split_gain=4.80536 9.21129 6.19958 5.91574 8.27665 12.8306 8.3292 7.72809 10.6464 9.49763 4.63932 4.15515 1.77695
threshold=1.5368595210771192 0.20966093294548138 2.658566668667087 0.51787994891443179 1381.5000000000002 0.067161350237968556 2.0136265883464275 3.6930006930006933 20.500000000000004 2550.0000000000005 -0.88512276640409915 0.36993760281210619 2.3320822079889219
decision_type=2 2 2 2 2 2 2 2 2 2 2 2 2
left_child=3 10 -3 4 6 -6 -1 8 -5 -9 11 -2 -12
right_child=1 2 -4 7 5 -7 -8 9 -10 -11 12 -13 -14
leaf_value=-8.6442026664588367e-05 -0.027358803947056854 -0.0102624876359926 0.020849364896761865 0.0054237284028899055 0.014093492799235984 -0.014627662408640685 -0.022312336228277732 0.036386177926011044 -0.015792240514411294 0.006568401259099901 -0.036395602552534052 0.0081241187953413549 -0.0127995244430041
leaf_weight=29.439682528376579 4.9906150326132792 11.358603388071062 11.704105600714682 107.72047995775938 40.082509070634842 21.511515576392412 31.318194374442101 13.725271828472613 26.530032973736525 32.096571162343025 12.073075532913206 7.3368902280926704 3.7690687999129286
leaf_count=140 33 58 56 512 189 145 169 66 145 185 95 41 33
internal_value=-3.5914e-05 -0.00853221 0.00552648 0.00140341 -0.0036868 0.00406272 -0.011543 0.004862 0.00123112 0.0154999 -0.0200422 -0.00624064 -0.0307818
internal_weight=353.657 51.2324 23.0627 302.424 122.352 61.594 60.7579 180.072 134.251 45.8218 28.1696 12.3275 15.8421
internal_count=1867 316 114 1551 643 334 309 908 657 251 202 74 128
is_linear=0
shrinkage=0.03


Tree=97
num_leaves=12
num_cat=0
split_feature=119 119 89 64 147 26 72 18 10 0 12
split_gain=4.74115 11.4684 9.77551 8.01988 7.70131 9.5762 8.52571 7.10789 5.9647 4.14802 3.24205
threshold=0.41292915005786296 0.44763255732970092 10424.000000000002 0.64780041964507995 2.7719330876110186 -3.1493233462755912 2.1658116473223994 0.39516799597519325 2.0480571293777357 -0.050187215198439813 6.9736453751304728
decision_type=2 2 2 2 2 2 2 2 2 2 2
left_child=4 7 3 -3 5 -1 -7 -2 -9 -6 -11
right_child=1 2 -4 -5 9 6 -8 8 -10 10 -12
leaf_value=0.024238258577618129 0.037886694722869402 0.0036402329915765398 0.037045697948728376 -0.008943245482971705 0.00027353406786881948 0.0099042992105577345 -0.011316640851307279 -0.011451040175977065 0.023236133389838213 -0.029661536849698564 -0.0081373097483822404
leaf_weight=12.7150352448225 11.863100517541172 116.67082511261106 6.1843383908271781 74.813523042947054 10.246154740452765 26.16187746077776 48.863093242049217 7.9503751657903221 10.167419131845234 17.876769371330742 9.7238105461001378
leaf_count=54 55 591 28 451 51 132 245 43 59 100 58
internal_value=-3.63344e-05 0.00254515 -7.7218e-05 -0.00127617 -0.00471575 0.000163429 -0.00391671 0.0198348 0.00801485 -0.0160272 -0.0220785
internal_weight=353.236 227.65 197.669 191.484 125.587 87.74 75.025 29.9809 18.1178 37.8467 27.6006
internal_count=1867 1227 1070 1042 640 431 377 157 102 209 158
is_linear=0
shrinkage=0.03


Tree=98
num_leaves=13
num_cat=0
split_feature=107 4 22 92 33 33 137 42 26 107 137 87
split_gain=4.70159 11.5818 13.6001 6.41779 5.91348 12.4291 11.0872 10.0069 6.96882 7.521 4.76904 2.95092
threshold=0.045927318493947759 45.890091003811342 2.5589771036327922 3.6691306401527477 1.5000000000000002 2.5000000000000004 2567.5000000000005 0.41809626852317822 -0.28479605527416846 0.079696682262999544 1401.5000000000002 1344.0000000000002
decision_type=2 2 2 2 2 2 2 2 2 2 2 2
left_child=1 2 -1 -4 8 7 -7 -6 9 -2 11 -3
right_child=4 10 3 -5 5 6 -8 -9 -10 -11 -12 -13
leaf_value=-0.021723107662909098 -0.022902893428167391 -0.0071897542691244333 0.011207955891157974 0.039881131976714064 0.029390938683209182 0.004859205649018033 -0.017896051287517846 0.0028204435149216181 0.018031806731656802 -0.0041489454995198329 0.0076991131913653416 -0.038596342000566962
leaf_weight=6.2496472001075736 22.45687959343195 5.0626170635223406 12.635621860623361 15.823404684662817 23.17464541643858 49.002230644226074 31.76166694611311 28.377800885587931 10.847247675061224 134.59015385806561 7.1397223919630042 5.751325249671936
leaf_count=29 123 28 57 69 112 241 197 154 52 730 38 37
internal_value=-3.61879e-05 0.00823175 0.0183503 0.0271504 -0.00148653 0.00325633 -0.00408966 0.0147648 -0.00522435 -0.00683066 -0.0113297 -0.0238931
internal_weight=352.873 52.6623 34.7087 28.459 300.211 132.316 80.7639 51.5524 167.894 157.047 17.9537 10.8139
internal_count=1867 258 155 126 1609 704 438 266 905 853 103 65
is_linear=0
shrinkage=0.03


Tree=99
num_leaves=8
num_cat=0
split_feature=45 53 98 23 89 87 147
split_gain=4.63072 5.09952 5.96339 9.90534 7.95468 5.87286 5.44703
threshold=0.71080139372822315 0.057596063447554711 1.1677176796042479 -0.6467185220119066 10527.500000000002 982.50000000000011 -25.136393153504713
decision_type=2 2 2 2 2 2 2
left_child=1 5 4 -4 -3 -1 -7
right_child=-2 2 3 -5 -6 6 -8
leaf_value=0.016950524002748504 0.022231372778906924 -0.0038919850239271642 0.011869399504063117 -0.006730280110645589 0.030577793761273626 0.017112064366485619 -0.016182507209008101
leaf_weight=6.8647576197981826 8.209315210580824 162.95122984051704 83.269000265747309 37.317955892533064 6.2567873895168296 4.9338019303977481 42.662755288183689
leaf_count=34 45 821 405 239 29 29 265
internal_value=-3.62858e-05 -0.000567292 0.00101557 0.00611337 -0.0026174 -0.0089899 -0.0127312
internal_weight=352.466 344.256 289.795 120.587 169.208 54.4613 47.5966
internal_count=1867 1822 1494 644 850 328 294
is_linear=0
shrinkage=0.03


Tree=100
num_leaves=14
num_cat=0
split_feature=132 109 74 31 98 12 66 7 104 63 25 140 134
split_gain=4.592 8.69975 5.45717 9.16773 6.87306 7.38465 6.55057 6.38203 5.07066 7.01907 4.46158 4.61439 2.73594
threshold=1.5368595210771192 0.20966093294548138 0.51787994891443179 1.5000000000000002 0.082075287372371172 9.4723631937306738 3.6930006930006933 6.3981622645191374 0.53364014435927476 0.44708846584546474 -0.88512276640409915 9.5000000000000018 7882.0000000000009
decision_type=2 2 2 2 2 2 2 2 2 2 2 2 2
left_child=2 10 4 6 -1 -6 -4 -5 -3 -10 11 -2 -12
right_child=1 8 3 7 5 -7 -8 -9 9 -11 12 -13 -14
leaf_value=-0.028189903258433544 0.016686248209003711 0.028591584118617303 -0.0010487242655478034 0.042018084797530025 -0.0055235872004263577 0.01315613883540437 0.012623906749048657 0.0044354532018756245 0.017758484915679398 -0.021042718691912342 -0.0089601209766606901 -0.020987535420850301 -0.037807974186082213
leaf_weight=9.3929890990257245 4.8224669471383113 6.1417024880647686 120.52721952646971 9.4961990118026751 87.88355516269803 24.317622315138578 42.712924476712942 7.1122209876775733 7.7541232705116299 9.1440521180629712 3.9825899824500075 7.4406233504414558 11.510473087429999
leaf_count=48 28 30 591 42 456 139 236 39 36 48 36 46 92
internal_value=-3.57956e-05 -0.00838012 0.0013703 0.00468929 -0.00353877 -0.00147509 0.00252882 0.0259241 0.00524685 -0.00323788 -0.0196916 -0.0061723 -0.0303925
internal_weight=352.239 50.796 301.443 179.849 121.594 112.201 163.24 16.6084 23.0399 16.8982 27.7562 12.2631 15.4931
internal_count=1867 316 1551 908 643 595 827 81 114 84 202 74 128
is_linear=0
shrinkage=0.03


Tree=101
num_leaves=11
num_cat=0
split_feature=3 39 109 45 18 39 18 7 54 14
split_gain=4.66337 6.2779 8.86723 5.8657 5.82936 8.97398 7.78905 5.7529 4.75128 0.903104
threshold=1.3764479004409431 1.9452199691888186 0.29943567937709187 0.68660714285714297 3.9545889806683414 2.8483950942478153 4.5668533594158296 0.40560795180098325 0.32448216271357094 3.2763629033671129
decision_type=2 2 2 2 2 2 2 2 2 2
left_child=3 7 8 4 5 -1 -6 9 -3 -2
right_child=1 2 -4 -5 6 -7 -8 -9 -10 -11
leaf_value=0.0028765661822325022 -0.02282364240479836 -0.015053911530882908 0.022266585220840799 0.02961382432602009 0.043884430937928938 -0.011573505963052037 0.0059764692623935104 0.0017490751496203876 0.0015144098674954268 -0.039109025685733614
leaf_weight=171.53038609772921 5.0671648532152194 29.369295630604029 11.624769918620585 6.7629946619272223 6.1240780502557781 49.942017264664173 23.980364598333836 6.6286908648908129 33.1716691814363 7.7549467235803604
leaf_count=816 31 196 55 30 27 272 114 40 241 45
internal_value=-3.58761e-05 -0.00577237 -0.00179387 0.0020429 0.00130172 -0.000381924 0.013688 -0.0209423 -0.00626609 -0.0326732
internal_weight=351.956 93.6165 74.1657 258.34 251.577 221.472 30.1044 19.4508 62.541 12.8221
internal_count=1867 608 492 1259 1229 1088 141 116 437 76
is_linear=0
shrinkage=0.03


Tree=102
num_leaves=7
num_cat=0
split_feature=149 139 85 59 104 57
split_gain=4.51805 5.0473 5.28478 7.339 5.97274 4.68624
threshold=69.500000000000014 640.50000000000011 1.4223712769730452 2.0597841165890114 0.4007024913831444 2.1405488254784122
decision_type=2 2 2 2 2 2
left_child=1 2 4 -4 -1 -3
right_child=-2 5 3 -5 -6 -7
leaf_value=0.024577840951861742 0.026548987044514021 -0.038629950007947653 0.0017699997108265612 -0.0088863601916515413 0.00062687067873200774 -0.0025383421028498587
leaf_weight=16.182569414377213 5.6608681827783576 5.8768747672438604 214.61150317266583 79.790058888494968 22.261192545294762 7.2103110253810883
leaf_count=71 27 31 1174 429 101 34
internal_value=-3.56341e-05 -0.000470667 0.000247883 -0.00111814 0.0107088 -0.0187455
internal_weight=351.593 345.933 332.845 294.402 38.4438 13.0872
internal_count=1867 1840 1775 1603 172 65
is_linear=0
shrinkage=0.03


Tree=103
num_leaves=10
num_cat=0
split_feature=56 1 16 56 106 103 103 107 139
split_gain=4.54387 5.76515 9.64468 7.31673 5.02906 5.29974 9.93307 7.15672 3.8277
threshold=0.37223295176916588 98.493264824329955 5.9653178166886871 0.51877766704294903 1.169966912846659 0.33461845349701819 0.29008004924747494 0.076408640611514894 15.500000000000002
decision_type=2 2 2 2 2 2 2 2 2
left_child=4 2 3 -2 5 6 -1 -7 -3
right_child=1 8 -4 -5 -6 7 -8 -9 -10
leaf_value=-0.0042824769868439333 0.020578919544469679 0.0089979586976192717 0.032102015639049401 -0.00079421201738550859 0.018878284325297642 0.0069222502033373925 0.013882164907758896 -0.023006549278830366 -0.02891800424582526
leaf_weight=166.05985036119819 18.319443866610527 3.645509757101534 12.360597550868986 67.640629172325134 9.6690439283847791 10.246832333505152 32.37640318274498 24.110834423452616 6.9927769862115383
leaf_count=909 84 25 56 316 45 55 168 152 57
internal_value=-3.49309e-05 0.00505382 0.00732372 0.00376074 -0.00232173 -0.00320227 -0.00131878 -0.0140806 -0.015925
internal_weight=351.422 108.959 98.3207 85.9601 242.463 232.794 198.436 34.3577 10.6383
internal_count=1867 538 456 400 1329 1284 1077 207 82
is_linear=0
shrinkage=0.03


Tree=104
num_leaves=8
num_cat=0
split_feature=112 112 108 42 103 24 134
split_gain=4.48316 6.89173 4.26003 10.5757 7.85062 4.236 6.52467
threshold=1.5948421800369876 1.82368616342982 0.11851131883901685 0.19302806405423692 0.35027014246946203 -2.5387968509785419 18511.500000000004
decision_type=2 2 2 2 2 2 2
left_child=5 -2 3 -3 -4 -1 -7
right_child=1 2 4 -5 -6 6 -8
leaf_value=0.032857043784249806 -0.026562765760308495 0.015321276116774066 0.0056377397157120002 -0.007476161235536352 -0.012194050117141787 -0.011677951474425251 0.023635116628937233
leaf_weight=6.560711324214938 9.2110012099146825 21.546002876013517 146.6183136254549 122.08094841986895 26.189803287386894 10.042847290635111 8.8664096891880018
leaf_count=28 49 111 723 716 147 50 43
internal_value=-3.46718e-05 -0.000982718 -0.000238117 -0.00405623 0.00293526 0.0120866 0.00488008
internal_weight=351.116 325.646 316.435 143.627 172.808 25.47 18.9093
internal_count=1867 1746 1697 827 870 121 93
is_linear=0
shrinkage=0.03


Tree=105
num_leaves=13
num_cat=0
split_feature=57 57 3 71 75 11 87 139 112 13 131 69
split_gain=4.31583 8.95871 10.3579 10.141 8.62987 8.28239 7.62699 6.00874 7.01797 9.66942 7.12223 4.69167
threshold=2.1023692620773375 2.8172434291633386 0.92178950161063211 1.2606831072161162 0.51454291335123958 2.8230604627739599 1381.5000000000002 651.00000000000011 2.5938896391908171 6.2552260661572197 0.1805249059054195 2.3446656951363112
decision_type=2 2 2 2 2 2 2 2 2 2 2 2
left_child=7 2 11 -4 5 -3 -6 8 10 -10 -1 -2
right_child=1 4 3 -5 6 -7 -8 -9 9 -11 -12 -13
leaf_value=0.0006007948438425299 -0.0226530910553614 0.025561158572762678 -0.003794184701206316 0.039758576908464176 -0.0017205872104646787 -0.0088835563484174554 0.016320561486792198 -0.033567694850356537 -0.017387393867888699 0.001281520187827224 0.035510775619953555 0.012782368156510775
leaf_weight=16.713169507682327 6.8129632994532567 6.765760049223899 6.6518128067255047 17.393054597079754 44.896951764822006 88.015292804688215 39.771533392369747 6.0167590752243987 42.048431720584631 61.47330192476511 7.6750400513410559 6.6402252838015556
leaf_count=84 36 29 33 77 221 477 195 32 259 355 38 31
internal_value=-3.41712e-05 0.00258 0.0159162 0.0277101 -0.000206763 -0.00642479 0.00675393 -0.00426886 -0.00289067 -0.00630141 0.0115871 -0.00516286
internal_weight=350.874 216.948 37.4981 24.0449 179.45 94.7811 84.6685 133.927 127.91 103.522 24.3882 13.4532
internal_count=1867 1099 177 110 922 506 416 768 736 614 122 67
is_linear=0
shrinkage=0.03


Tree=106
num_leaves=9
num_cat=0
split_feature=0 81 0 109 57 75 67 93
split_gain=4.32606 5.43537 6.51008 6.08253 6.05363 7.9036 5.45772 5.35639
threshold=-0.25431221709350799 0.023800443792220162 -0.028618937971531623 0.18240195194845685 1.4672314014695944 0.55687459253850635 6.7581775700934594 3.6564655269365542
decision_type=2 2 2 2 2 2 2 2
left_child=-1 2 7 -4 6 -6 -3 -2
right_child=1 4 3 -5 5 -7 -8 -9
leaf_value=0.023153061467472667 -0.0087488759460253931 -0.01027857048440705 -0.0080861058046944236 -0.038210626438387747 0.00013757040955587039 0.013135947685429989 0.016230344031598905 0.024114810272031561
leaf_weight=7.0950397551059714 12.937404751777651 57.948052629828453 14.673171371221544 10.243667565286158 177.61236947774887 55.180548064410686 7.9486801438033572 6.8147384822368613
leaf_count=32 60 362 82 57 912 273 58 31
internal_value=-3.41724e-05 -0.000513305 -0.0102737 -0.0204707 0.000946366 0.00321867 -0.00708098 0.00258951
internal_weight=350.454 343.359 44.669 24.9168 298.69 232.793 65.8967 19.7521
internal_count=1867 1835 230 139 1605 1185 420 91
is_linear=0
shrinkage=0.03


Tree=107
num_leaves=13
num_cat=0
split_feature=107 4 22 161 92 33 33 89 42 89 41 12
split_gain=4.31299 10.6327 12.6908 6.33549 5.73625 5.54147 11.6159 10.8698 9.01496 6.53643 8.90079 8.09283
threshold=0.045927318493947759 45.890091003811342 2.5589771036327922 0.41666666666666669 3.6691306401527477 1.5000000000000002 2.5000000000000004 2451.0000000000005 0.41809626852317822 5893.5000000000009 1.6957340661630773 9.5074268444396299
decision_type=2 2 2 2 2 2 2 2 2 2 2 2
left_child=1 2 -1 -3 -4 9 8 -8 -7 10 -2 -11
right_child=5 3 4 -5 -6 6 7 -9 -10 11 -12 -13
leaf_value=-0.021360858705150441 -0.00069127642001973893 0.0065233011469439028 0.010920811240613119 -0.029365903671384332 0.038028340950569284 0.028103000407209582 0.0053928804121744162 -0.017013657479804305 0.0028806013619398427 -0.0007608750954541351 -0.016200296582575463 0.035854127218014308
leaf_weight=6.1914187669754019 70.584513124078512 9.0654809772968292 12.605335764586927 8.6516081169247627 15.872303351759909 23.283998467028141 46.596860900521278 33.490420762449503 28.199881330132484 25.730171836912632 63.057259671390057 6.8869663402438155
leaf_count=29 388 49 57 54 69 112 230 208 154 133 353 31
internal_value=-3.37877e-05 0.00790435 0.0175662 -0.0110021 0.0260295 -0.00143005 0.00316999 -0.00397695 0.0142876 -0.00507035 -0.00800902 0.00697022
internal_weight=350.216 52.3861 34.6691 17.7171 28.4776 297.83 131.571 80.0873 51.4839 166.259 133.642 32.6171
internal_count=1867 258 155 103 126 1609 704 438 266 905 741 164
is_linear=0
shrinkage=0.03


Tree=108
num_leaves=12
num_cat=0
split_feature=101 53 26 61 67 71 99 46 54 18 59
split_gain=4.30791 7.78332 8.36623 7.68719 5.65131 6.47635 6.44973 5.18111 5.0482 4.4089 2.75034
threshold=0.29014905610426461 0.48893186368413027 -6.58691089080562 0.91237702902115114 6.8832199546485269 1.0836068116540416 0.72753539410375501 51.837606837606849 0.34662725269160194 -0.43588563960841237 1.8019202550234168
decision_type=2 2 2 2 2 2 2 2 2 2 2
left_child=4 2 -2 -4 6 -6 7 -1 9 -3 -10
right_child=1 8 3 -5 5 -7 -8 -9 10 -11 -12
leaf_value=-0.014451599046781297 -0.03431913027700921 0.018873152919296476 0.0076938456977025905 -0.013008833265322768 -0.00088447600303226143 0.039194626951760826 0.029268117146743256 0.0019032177431581596 -0.017616290156853443 -0.012896156180651689 -0.041632804676667884
leaf_weight=19.384320162236691 5.8339253813028327 5.0647011399269131 67.807742476463318 21.185255739837885 6.7582245245575887 7.8356463313102722 7.1530706584453574 173.18743608891964 10.885489631444218 17.571231700479984 7.0844711363315573
leaf_count=108 37 23 361 172 36 37 32 845 73 105 38
internal_value=-3.39029e-05 -0.00422225 0.000483951 0.00276546 0.00261281 0.0206345 0.00129596 0.000256938 -0.0152126 -0.0057879 -0.0270846
internal_weight=349.752 135.433 94.8269 88.993 214.319 14.5939 199.725 192.572 40.6059 22.6359 17.97
internal_count=1867 809 570 533 1058 73 985 953 239 128 111
is_linear=0
shrinkage=0.03


Tree=109
num_leaves=10
num_cat=0
split_feature=56 86 96 16 53 98 26 0 79
split_gain=4.25868 5.64994 6.22791 5.86208 4.93529 6.65977 7.76407 3.98472 3.92741
threshold=0.37223295176916588 3753.0000000000005 0.76474078907280618 5.9653178166886871 0.057596063447554711 0.082075287372371172 -0.30103216222805235 -0.097426963470453085 4.0568635489677458
decision_type=2 2 2 2 2 2 2 2 2
left_child=4 -2 -3 -4 7 -6 -7 -1 -9
right_child=1 2 3 -5 5 6 -8 8 -10
leaf_value=0.016795341397421521 0.028184720511430505 0.041234338318865589 -0.0019050244996017735 0.017900668202874521 -0.023208825125394558 -0.00017901065020656042 0.031474689226197033 -0.026954320290633538 -0.0071125183799684395
leaf_weight=4.0384267568588248 8.6338832974433881 3.6718250066041938 80.000225510448217 16.167910002171993 10.7748716622591 180.50553628802299 7.25429344177246 14.343348801136015 24.002211509272456
leaf_count=18 38 16 397 87 57 961 32 80 181
internal_value=-3.37719e-05 0.00490222 0.00288882 0.00142473 -0.00225621 -0.000272284 0.00104396 -0.0115493 -0.0145344
internal_weight=349.393 108.474 99.84 96.1681 240.919 198.535 187.76 42.384 38.3456
internal_count=1867 538 500 484 1329 1050 993 279 261
is_linear=0
shrinkage=0.03


Tree=110
num_leaves=13
num_cat=0
split_feature=132 109 113 75 47 65 73 148 25 140 54 134
split_gain=4.26548 7.97523 5.54867 5.33322 7.73448 12.8546 7.84334 6.3068 4.36682 4.40492 3.63053 2.67165
threshold=1.5368595210771192 0.20966093294548138 2.658566668667087 0.40631337198609413 29.500000000000004 1.4865368348974908 0.18065268065268067 12.500000000000002 -0.88512276640409915 9.5000000000000018 0.098108984379637026 7882.0000000000009
decision_type=2 2 2 2 2 2 2 2 2 2 2 2
left_child=3 8 -3 7 6 -6 -5 -1 9 -2 -9 -10
right_child=1 2 -4 4 5 -7 -8 10 11 -11 -12 -13
leaf_value=0.01031978672139088 0.016565673209420775 -0.010138324955862055 0.019390712571617872 -0.0032625568628276281 0.044786699849757881 0.0011927735822893843 0.0077461269255018747 -0.0020219795344261961 -0.00864858057401105 -0.020449933914937449 -0.030067508570556258 -0.037517815489210085
leaf_weight=8.3960262760519999 4.7974511906504649 11.262012518942358 11.652961082756518 151.76166418194771 10.023598536849024 15.503157205879686 94.52667523175478 6.1632372587919262 3.9011873938143244 7.2903047576546669 12.743851706385611 11.076199349015949
leaf_count=45 28 58 56 746 46 120 472 38 36 46 84 92
internal_value=-3.32826e-05 -0.00814577 0.00487809 0.00132225 0.00259184 0.0183108 0.00096263 -0.0113171 -0.0191725 -0.00575899 -0.0209254 -0.0299982
internal_weight=349.098 49.9801 22.915 299.118 271.815 25.5268 246.288 27.3031 27.0651 12.0878 18.9071 14.9774
internal_count=1867 316 114 1551 1384 166 1218 167 202 74 122 128
is_linear=0
shrinkage=0.03


Tree=111
num_leaves=9
num_cat=0
split_feature=149 119 119 146 89 106 56 99
split_gain=4.24936 4.58945 9.2339 8.97771 7.45936 6.13929 6.18627 4.35558
threshold=69.500000000000014 0.4078434514906179 0.44763255732970092 30.595404802270703 10424.000000000002 0.021813221524718585 0.41879729773871927 0.50082778887623169
decision_type=2 2 2 2 2 2 2 2
left_child=1 5 3 -3 -4 7 -7 -1
right_child=-2 2 4 -5 -6 6 -8 -9
leaf_value=-0.038005160921458989 0.025768648218397448 0.025775806728216739 -0.0015426728882902343 -0.0098347445114221332 0.032390019327733589 -0.0072962861940159543 0.0090781970624200722 -0.0066949915476146758
leaf_weight=8.10206740349531 5.6514596939086905 24.762761898338795 186.94694629870355 8.5790915265679342 6.0182154178619376 71.608228243887424 29.246097579598427 7.8953514099121085
leaf_count=46 27 115 1031 63 27 385 135 38
internal_value=-3.34921e-05 -0.000458426 0.00203458 0.016613 -0.000484377 -0.00528663 -0.00254796 -0.0225524
internal_weight=348.81 343.159 226.307 33.3419 192.965 116.852 100.854 15.9974
internal_count=1867 1840 1236 178 1058 604 520 84
is_linear=0
shrinkage=0.03


Tree=112
num_leaves=14
num_cat=0
split_feature=3 73 15 105 161 96 105 39 109 65 54 81 14
split_gain=4.21319 6.73995 9.55808 8.537 8.42556 7.93707 6.20653 5.96629 7.96977 5.22008 4.40348 2.13046 0.884681
threshold=1.3764479004409431 0.18274582560296851 5.2444300843779557 0.055620515274575989 1.0000000180025095e-35 4.0728734959449842 0.047938135434234981 1.9452199691888186 0.29943567937709187 1.1148378250270858 0.5218009571528851 0.14146183406650262 3.2763629033671129
decision_type=2 2 2 2 2 2 2 2 2 2 2 2 2
left_child=1 3 5 6 -5 -3 -1 9 10 12 -9 -4 -2
right_child=7 2 11 4 -6 -7 -8 8 -10 -11 -12 -13 -14
leaf_value=-0.0057704737921012118 -0.022305100395987185 0.00095023633118815299 -0.0061428108116116627 0.010926249272473368 -0.00572602344538088 0.018324613747594941 -0.030898550531272016 -0.012096131938999779 0.021127755409072226 0.00082854488355641777 0.0045254106757099581 -0.033244273558086491 -0.038691885508658451
leaf_weight=27.090154267847538 4.9672030359506625 42.256684012711048 5.2807737849652749 52.072377860546112 57.589320078492165 53.781470902264118 13.136293344199656 38.778337243944407 11.6342461630702 6.6904022730886927 22.766654461622238 5.1627416834235191 7.3564959093928337
leaf_count=134 31 205 29 245 286 263 66 265 55 41 172 31 44
internal_value=-3.30804e-05 0.00194481 0.00771596 -0.00215506 0.00218124 0.0106799 -0.0139763 -0.00553317 -0.00164301 -0.0205052 -0.00594751 -0.0195404 -0.032087
internal_weight=348.563 256.37 106.482 149.888 109.662 96.0382 40.2264 92.1933 73.1792 19.0141 61.545 10.4435 12.3237
internal_count=1867 1259 528 731 531 468 200 608 492 116 437 60 75
is_linear=0
shrinkage=0.03


Tree=113
num_leaves=8
num_cat=0
split_feature=84 4 147 26 101 107 56
split_gain=4.09026 4.54801 7.04331 6.1692 7.67852 7.44632 6.05895
threshold=0.39682073179264987 59.926193424327785 -25.136393153504713 -2.8510481018789053 0.12271122045928363 0.045927318493947759 0.32933731532462185
decision_type=2 2 2 2 2 2 2
left_child=-1 3 -3 4 -2 -5 -4
right_child=1 2 6 5 -6 -7 -8
leaf_value=0.025728566452429241 -0.0063923465470399404 0.027085803824566455 -0.025003209764337897 0.010757641156465303 0.015038516939341145 -0.0038787154900984094 0.0087598256316357755
leaf_weight=5.4597814083099356 21.7488152384758 3.7199127227067974 20.184361934661869 36.914815239608288 48.827409543097019 205.08046101033688 6.2694576829671851
leaf_count=25 104 18 163 173 235 1116 33
internal_value=-3.32904e-05 -0.000443665 -0.0115663 0.000630043 0.00843437 -0.00164603 -0.0170015
internal_weight=348.205 342.745 30.1737 312.572 70.5762 241.995 26.4538
internal_count=1867 1842 214 1628 339 1289 196
is_linear=0
shrinkage=0.03


Tree=114
num_leaves=9
num_cat=0
split_feature=112 13 0 74 17 76 24 134
split_gain=4.09194 6.5309 5.80714 5.85064 5.42341 6.28721 3.90961 5.94763
threshold=1.5948421800369876 3.2291437335001283 -0.25431221709350799 0.51787994891443179 1.2483802559721446 0.11975498826291081 -2.5387968509785419 18511.500000000004
decision_type=2 2 2 2 2 2 2 2
left_child=6 4 -3 -4 5 -2 -1 -8
right_child=1 2 3 -5 -6 -7 7 -9
leaf_value=0.031590260975558108 0.016338827403211895 0.029514478269970033 -0.0056676464438981267 0.0029920674432256716 -0.041190564221353643 -0.022654845580585579 -0.011298450666794755 0.022521064613751144
leaf_weight=6.5242845416069057 6.0627399533987072 5.9619357436895362 115.23987955972552 179.72231107950211 5.9695578441023818 9.6366540119051916 9.9343613386154193 8.8486441038548929
leaf_count=28 31 27 654 952 33 49 50 43
internal_value=-3.28849e-05 -0.000944169 0.000201266 -0.000391229 -0.0168512 -0.0075964 0.0115833 0.00463387
internal_weight=347.9 322.593 300.924 294.962 21.669 15.6994 25.3073 18.783
internal_count=1867 1746 1633 1606 113 80 121 93
is_linear=0
shrinkage=0.03


Tree=115
num_leaves=9
num_cat=0
split_feature=45 101 53 19 68 53 44 124
split_gain=4.07847 4.42213 7.81112 10.0904 9.11406 7.80033 9.50941 4.37026
threshold=0.71080139372822315 0.25376352082933123 0.38748563560051247 2.5295597609588012 7.8586789554531498 0.48893186368413027 1.5171039612592641 0.064077633709144446
decision_type=2 2 2 2 2 2 2 2
left_child=1 2 4 -4 -1 6 -3 -7
right_child=-2 5 3 -5 -6 7 -8 -9
leaf_value=-0.0043008380877765564 0.020970958391934906 0.0080518319524247109 0.033115796978003986 0.0047667212297939484 0.033107047896154623 0.015717676432116412 -0.010673566773726793 -0.018229608890926646
leaf_weight=114.29911575093865 8.1262861937284452 57.048635687679052 13.784115456044672 62.697489239275455 6.1786260157823554 3.7394561469554892 42.660118302330375 39.09856116399169
leaf_count=576 45 329 61 305 30 18 266 237
internal_value=-3.23388e-05 -0.000535066 0.00237769 0.00987601 -0.0023824 -0.00455966 4.02212e-05 -0.0152663
internal_weight=347.632 339.506 196.959 76.4816 120.478 142.547 99.7088 42.838
internal_count=1867 1822 972 366 606 850 595 255
is_linear=0
shrinkage=0.03


Tree=116
num_leaves=12
num_cat=0
split_feature=3 75 37 25 24 28 81 65 107 101 101
split_gain=4.04124 6.2263 6.13946 19.6306 7.77532 10.4224 7.99055 7.53721 4.59729 5.25233 0.482663
threshold=1.5606072738673429 0.4091168395973675 6.5805689448846545 -0.95218754005325701 -3.2592166672318359 0.9079442932910835 0.079892724248053257 2.1819371727748695 0.056160054634025049 0.073709856229159501 0.59243508557996827
decision_type=2 2 2 2 2 2 2 2 2 2 2
left_child=2 10 4 7 5 -1 -6 -4 -3 -10 -2
right_child=1 8 3 -5 6 -7 -8 -9 9 -11 -12
leaf_value=0.04875200289404389 -0.037225682189019033 0.01473101414256886 0.018404008584593057 0.047625663482928196 -0.0090799482698429544 0.0056344120140094586 0.0029470074641282577 -0.02047111535098535 0.014750550282020236 -0.011913565159820397 -0.022462354658603995
leaf_weight=5.6341393664479247 4.8475284799933416 10.454997323453425 7.7970181405544343 10.385261012241243 93.709457062184811 48.288223393261433 105.90484188869596 10.57828727737069 8.0433629006147367 38.346295539289713 3.3846342787146568
leaf_count=25 37 54 37 51 477 225 544 63 43 274 37
internal_value=-3.20551e-05 -0.00677144 0.00152155 0.0146573 3.14616e-05 0.0101396 -0.00269908 -0.0039756 -0.00324013 -0.00729035 -0.0311558
internal_weight=347.374 65.0768 282.297 28.7606 253.537 53.9224 199.614 18.3753 56.8447 46.3897 8.23216
internal_count=1867 445 1422 151 1271 250 1021 100 371 317 74
is_linear=0
shrinkage=0.03


Tree=117
num_leaves=13
num_cat=0
split_feature=132 109 113 75 47 49 7 79 25 140 72 134
split_gain=3.93722 7.57963 5.24579 4.85619 7.4567 12.1055 7.06745 5.38441 4.21079 4.20861 4.13221 2.66251
threshold=1.5368595210771192 0.20966093294548138 2.658566668667087 0.40631337198609413 29.500000000000004 66600.000000000015 0.40560795180098325 1.6806611118332151 -0.88512276640409915 9.5000000000000018 3.8400215289557145 7882.0000000000009
decision_type=2 2 2 2 2 2 2 2 2 2 2 2
left_child=3 8 -3 7 6 -6 -5 -1 9 -2 -9 -10
right_child=1 2 -4 4 5 -7 -8 10 11 -11 -12 -13
leaf_value=0.018135513814201292 0.016240592499112468 -0.0098736984634304019 0.018890818598919275 -0.0056196480687916699 0.0033710265524829366 0.047306953033707327 0.0048678946361711871 -0.026355559519095611 -0.0081557585841355064 -0.020114990013516191 0.0010635321862405565 -0.037263958388131013
leaf_weight=4.7363652214407947 4.7752425745129603 11.191647596657278 11.641601979732512 93.426018364727497 17.039339356124405 8.439347565174101 151.78608821704984 14.667124256491663 3.8384566791355601 7.166680820286274 7.46413879841566 10.745092432945965
leaf_count=25 28 58 56 466 128 38 752 96 36 46 46 92
internal_value=-3.19586e-05 -0.00787903 0.00479198 0.00126971 0.00247713 0.017924 0.000872132 -0.0108951 -0.0187863 -0.00557741 -0.017108 -0.0296025
internal_weight=346.917 49.3587 22.8332 297.558 270.691 25.4787 245.212 26.8676 26.5255 11.9419 22.1313 14.5835
internal_count=1867 316 114 1551 1384 166 1218 167 202 74 142 128
is_linear=0
shrinkage=0.03


Tree=118
num_leaves=8
num_cat=0
split_feature=106 56 86 8 21 28 113
split_gain=3.83879 4.15793 5.64831 5.316 5.24273 11.4929 6.45614
threshold=1.2317897561736497 0.37223295176916588 3753.0000000000005 6.5068476342752328 5.4989640851912371 2.0710485169852975 1.2294115410236037
decision_type=2 2 2 2 2 2 2
left_child=1 4 -3 -4 6 -6 -1
right_child=-2 2 3 -5 5 -7 -8
leaf_value=-0.023369976340715307 0.01620592236845414 0.027607734085481627 -0.00050062518770733989 0.020493125537068696 -0.0011700846836170185 0.034577507936887436 -0.0042757764570111826
leaf_weight=19.338591791689396 12.625667348504065 8.594367638230322 83.663037091493607 12.473955668509005 110.56808015145361 8.7336508780717832 90.611494235694408
leaf_count=104 58 38 421 65 659 38 484
internal_value=-3.21254e-05 -0.000645977 0.00430642 0.00222335 -0.00290843 0.00144687 -0.00763416
internal_weight=346.609 333.983 104.731 96.137 229.252 119.302 109.95
internal_count=1867 1809 524 486 1285 697 588
is_linear=0
shrinkage=0.03


Tree=119
num_leaves=8
num_cat=0
split_feature=149 125 138 26 83 109 138
split_gain=3.87205 4.05899 7.59683 7.11705 6.10331 7.94141 7.62416
threshold=69.500000000000014 0.40300636219632602 10848.000000000002 -0.70736968869407268 5.5683351854354681 0.02217622585651188 1259.0000000000002
decision_type=2 2 2 2 2 2 2
left_child=1 4 3 -3 5 -1 -6
right_child=-2 2 -4 -5 6 -7 -8
leaf_value=0.020350010784677523 0.02462468738449541 0.035727144779740559 -0.019838395967606653 -0.0018784222071184184 0.010465019456421891 -0.00070957702192487302 -0.015146892504367845
leaf_weight=17.293843142688274 5.6389946937561026 11.143013592809442 5.4337060861289492 7.631331980228425 13.268269218504427 236.49099119752645 49.430580873042345
leaf_count=81 27 52 54 46 76 1179 352
internal_value=-3.15017e-05 -0.000439601 0.0114002 0.0204414 -0.00134524 0.000725502 -0.00972692
internal_weight=346.331 340.692 24.2081 18.7743 316.484 253.785 62.6989
internal_count=1867 1840 152 98 1688 1260 428
is_linear=0
shrinkage=0.03


Tree=120
num_leaves=8
num_cat=0
split_feature=45 53 98 23 17 87 137
split_gain=3.88064 4.14548 5.4485 8.10218 6.87379 5.17849 6.0512
threshold=0.71080139372822315 0.057596063447554711 1.1677176796042479 -0.6467185220119066 2.804484281247372 982.50000000000011 376.50000000000006
decision_type=2 2 2 2 2 2 2
left_child=1 5 4 -4 -3 -1 -7
right_child=-2 2 3 -5 -6 6 -8
leaf_value=0.016197086931698034 0.020476162656400131 -0.008715486948468831 0.011005253972662334 -0.0060336365607386224 0.0034791833577202344 -0.036740466765861526 -0.0070975976578273653
leaf_weight=6.8008670881390563 8.1101651415228826 82.879177235066891 82.532443545758724 36.103974055498838 83.525471344590187 7.3804354406893244 38.681588798761368
leaf_count=34 45 420 405 239 430 41 253
internal_value=-3.11184e-05 -0.000523322 0.00090766 0.0058199 -0.00259447 -0.00823929 -0.0118472
internal_weight=346.014 337.904 285.041 118.636 166.405 52.8629 46.062
internal_count=1867 1822 1494 644 850 328 294
is_linear=0
shrinkage=0.03


Tree=121
num_leaves=9
num_cat=0
split_feature=112 112 24 50 31 29 12 48
split_gain=3.90103 6.27233 4.46099 5.91528 4.35519 9.02409 5.42229 3.03553
threshold=1.5948421800369876 1.82368616342982 -2.5999671718415329 450.00000000000006 1.5000000000000002 1.415910314809975 9.3377958542222679 1.0608350628720788
decision_type=2 2 2 2 2 2 2 2
left_child=2 -2 -1 -4 6 -6 -3 -5
right_child=1 4 3 7 5 -7 -8 -9
leaf_value=0.033238418182471079 -0.02571981279302684 -0.0035928639256959777 0.025875292802886678 0.0065221988889426928 0.0016744036197589708 0.040979530990853691 0.0064020829648680022 -0.02378532618190602
leaf_weight=6.281533449888232 8.9261205568909627 219.1246696934104 7.0326565951108959 5.8718302994966489 22.850415363907818 6.8280141800642005 62.864480625838041 6.0271772593259811
leaf_count=27 49 1179 33 28 123 30 365 33
internal_value=-3.07422e-05 -0.000924316 0.0113313 0.00406255 -0.000214176 0.0107172 -0.00136467 -0.0088294
internal_weight=345.807 320.594 25.2132 18.9317 311.668 29.6784 281.989 11.899
internal_count=1867 1746 121 94 1697 153 1544 61
is_linear=0
shrinkage=0.03


Tree=122
num_leaves=15
num_cat=0
split_feature=3 73 15 36 105 108 96 73 125 36 69 116 4 103
split_gain=3.8678 5.82956 8.7956 8.55099 7.32993 6.73763 5.87168 5.61696 6.06088 4.24953 4.17686 4.72096 2.31935 0.561499
threshold=1.5606072738673429 0.17902930402930406 5.2444300843779557 376.97500000000002 0.055620515274575989 0.35989150002489007 4.0728734959449842 0.24190177638453506 0.36773461368431032 230.07500000000007 2.4914215732239686 8.5000000000000018 61.97883388495935 0.22797356856704973
decision_type=2 2 2 2 2 2 2 2 2 2 2 2 2 2
left_child=1 3 6 4 -1 -5 -3 8 9 -2 11 -9 -4 -12
right_child=7 2 12 5 -6 -7 -8 10 -10 -11 13 -13 -14 -15
leaf_value=-0.016556732507749094 -0.00063898312075291828 0.00091416915594312944 -0.0056009062362526781 0.030401922323118596 -0.00084578235328054219 -0.0051039039598446516 0.014680062439930809 -0.026806497195885876 0.023792465209768066 -0.028050830092733285 -0.022692049687938243 0.011171231897334636 -0.032430657059651383 -0.037360389787058489
leaf_weight=36.637041583657265 28.138598270714283 48.525414124131203 5.9937958829104883 11.818395696580412 98.797808904200792 8.111368499696253 65.566397817805409 5.5208936948329228 7.7375728562474242 6.2138790041208258 3.5192179232835752 6.3160449303686619 5.6177944988012314 7.0615774467587471
leaf_count=188 155 238 32 56 491 42 336 62 48 50 26 50 39 54
internal_value=-3.02019e-05 0.00149028 0.00629354 -0.00239597 -0.00509582 0.0159511 0.00882517 -0.00665513 -0.00019455 -0.0055974 -0.0187851 -0.00654205 -0.0185814 -0.0324816
internal_weight=345.576 281.068 125.703 155.365 135.435 19.9298 114.092 64.5078 42.0901 34.3525 22.4177 11.8369 11.6116 10.5808
internal_count=1867 1422 645 777 679 98 574 445 253 205 192 112 71 80
is_linear=0
shrinkage=0.03


Tree=123
num_leaves=8
num_cat=0
split_feature=112 112 28 28 19 28 102
split_gain=3.74353 5.91322 4.18313 9.64595 9.23272 4.04233 3.86864
threshold=1.5948421800369876 1.82368616342982 1.6192471037944232 1.3436788304685705 2.4738645632989664 1.2552654402497745 0.0084493365938595397
decision_type=2 2 2 2 2 2 2
left_child=5 -2 3 -3 -4 -1 -7
right_child=1 2 4 -5 -6 6 -8
leaf_value=0.029405365165154254 -0.025160092980249318 0.0019644849584819013 0.023733910694992068 -0.011534678638883104 0.00040153604957763581 0.016532067151375215 -0.011673016683569789
leaf_weight=7.5915451943874386 8.7983668744564039 141.67927235923707 18.92734881490469 71.774748492985964 78.851034581661224 9.2633804380893725 8.2966354936361295
leaf_count=35 49 818 87 402 390 44 42
internal_value=-3.05051e-05 -0.000906344 -0.000220704 -0.00257466 0.00491808 0.0111138 0.00320592
internal_weight=345.182 320.031 311.232 213.454 97.7784 25.1516 17.56
internal_count=1867 1746 1697 1220 477 121 86
is_linear=0
shrinkage=0.03


Tree=124
num_leaves=12
num_cat=0
split_feature=107 4 22 161 92 67 119 2 7 26 59
split_gain=3.77579 9.2766 11.6519 5.8847 4.92769 4.67969 8.31878 5.89932 9.51321 5.93918 5.18086
threshold=0.045927318493947759 45.890091003811342 2.5589771036327922 0.41666666666666669 3.6691306401527477 6.4775828460038998 0.52922608437314334 77.799096103010172 6.0787770382675781 -3.0404935487582856 1.347841654527391
decision_type=2 2 2 2 2 2 2 2 2 2 2
left_child=1 2 -1 -3 -4 7 -7 8 -2 -9 -8
right_child=5 3 4 -5 -6 6 10 9 -10 -11 -12
leaf_value=-0.021259481616778028 0.011839887520308139 0.0063355712635362405 0.01043596452496008 -0.028714262496409182 0.035596568635234221 0.036276030549493 -0.011053633135928843 0.0044324083532985385 -0.023208256530896518 -0.0076052249782461489 0.018808042987252537
leaf_weight=6.0822242200374594 44.457545444369316 8.9707921296358109 12.539848804473879 8.2999467328190804 15.873607367277144 7.9102349020540741 13.603206627070906 47.699166730046272 8.2660744339227659 162.75358684919775 8.4939828887581807
leaf_count=29 207 49 57 54 69 38 105 246 49 914 50
internal_value=-3.00546e-05 0.00743947 0.0164254 -0.0105086 0.0244923 -0.00134892 0.00987563 -0.00262875 0.006345 -0.00487689 0.000424956
internal_weight=344.95 51.7664 34.4957 17.2707 28.4135 293.184 30.0074 263.176 52.7236 210.453 22.0972
internal_count=1867 258 155 103 126 1609 193 1416 256 1160 155
is_linear=0
shrinkage=0.03


Tree=125
num_leaves=11
num_cat=0
split_feature=132 109 113 89 59 145 45 25 140 134
split_gain=3.67395 7.08454 4.85508 4.6256 5.12059 8.48141 5.97962 4.07455 3.93169 2.60367
threshold=1.5368595210771192 0.20966093294548138 2.658566668667087 11782.000000000002 2.0550787830521258 2.7084259681626786 0.40862708719851587 -0.88512276640409915 9.5000000000000018 7882.0000000000009
decision_type=2 2 2 2 2 2 2 2 2 2
left_child=3 7 -3 4 6 -6 -1 8 -2 -9
right_child=1 2 -4 -5 5 -7 -8 9 -10 -11
leaf_value=-0.0075696850972527506 0.015633734496084548 -0.0096203290543730446 0.018129921459908938 0.027303725376032512 0.0065990739709794136 -0.013262743060600235 0.0055952112442088373 -0.0079366352699653114 -0.019623056811576837 -0.03702111553417007
leaf_weight=37.993418667465448 4.7771143689751643 11.09650567173958 11.61200952529907 5.9978387653827658 31.335373051464558 50.587409928441048 169.94265268370509 3.7817092984914771 7.0443941988050938 10.356471722945569
leaf_count=236 28 58 56 26 154 274 861 36 46 92
internal_value=-2.99282e-05 -0.00766821 0.00456977 0.00122656 0.000686967 -0.00566562 0.00318976 -0.0183735 -0.00537566 -0.0292415
internal_weight=344.525 48.6682 22.7085 295.857 289.859 81.9228 207.936 25.9597 11.8215 14.1382
internal_count=1867 316 114 1551 1525 428 1097 202 74 128
is_linear=0
shrinkage=0.03


Tree=126
num_leaves=7
num_cat=0
split_feature=149 139 59 102 108 57
split_gain=3.62499 4.51275 4.58608 7.26149 6.03381 4.19692
threshold=69.500000000000014 640.50000000000011 2.0597841165890114 0.022667104017650975 0.080380079330314116 2.1405488254784122
decision_type=2 2 2 2 2 2
left_child=1 2 4 -4 -1 -3
right_child=-2 5 3 -5 -6 -7
leaf_value=-0.0036773720841916319 0.02386630531429525 -0.037579950268768057 -0.0087947300594844666 0.015908923789198979 0.0062391307854084048 -0.0027200808823885907
leaf_weight=88.987823590636253 5.6200644820928565 5.5420279502868635 78.998443175107241 12.388251848518847 145.53838587552309 7.078093096613884
leaf_count=527 27 31 430 60 758 34
internal_value=-2.98893e-05 -0.000426595 0.000254993 -0.00544594 0.00247645 -0.0180285
internal_weight=344.153 338.533 325.913 91.3867 234.526 12.6201
internal_count=1867 1840 1775 490 1285 65
is_linear=0
shrinkage=0.03


Tree=127
num_leaves=9
num_cat=0
split_feature=72 156 11 143 70 47 66 66
split_gain=3.60311 6.49523 5.07781 5.65325 8.64975 8.43556 4.52114 8.14665
threshold=1.4799719833208667 0.45000000000000007 2.4852497397781623 4.6844874490065243 1.8639007172370501 15.500000000000002 3.7875939849624065 2.0129685408299873
decision_type=2 2 2 2 2 2 2 2
left_child=1 6 -2 4 -4 -5 7 -1
right_child=2 -3 3 5 -6 -7 -8 -9
leaf_value=0.028848878326689933 0.019587407277358835 -0.017682744351122683 0.017521980645082036 0.0081295294362825534 -0.013531734426624602 -0.0040145250608332452 0.029406488137098272 -0.0072314591394068203
leaf_weight=8.97875475138426 10.23662695288658 7.2535420730710021 9.3216662630438787 81.198344636708498 60.250602122396231 140.64838554896414 11.030838616192339 15.111316509544848
leaf_count=41 48 42 45 396 317 848 56 74
internal_value=-2.94114e-05 0.00816213 -0.0011801 -0.0019096 -0.00937099 0.000430333 0.0134999 0.00621626
internal_weight=344.03 42.3745 301.656 291.419 69.5723 221.847 35.1209 24.0901
internal_count=1867 213 1654 1606 362 1244 171 115
is_linear=0
shrinkage=0.03


Tree=128
num_leaves=9
num_cat=0
split_feature=45 12 146 145 145 113 144 3
split_gain=3.58812 3.98044 7.84631 10.8231 7.15201 10.0168 8.86238 6.973
threshold=0.71080139372822315 9.3377958542222679 29.758903455126447 3.6506633942062776 2.3749462498436889 1.5697331801343031 1.5728852959296666 0.91316072970588547
decision_type=2 2 2 2 2 2 2 2
left_child=1 4 7 -4 5 -1 -6 -3
right_child=-2 2 3 -5 6 -7 -8 -9
leaf_value=-0.0030522267850661079 0.019738049913709282 0.042747464117504907 -0.03923314076686292 0.0047616384079043998 0.02326552207808693 0.015635939562813859 -0.0081472798610306967 0.0086275967746333466
leaf_weight=73.000298004597425 8.0705657936632615 6.2749958038330069 6.9958701655268696 17.933206956833601 8.561225198209284 39.933779153972864 144.74451933428645 38.254257459193468
leaf_count=373 45 29 41 136 40 201 807 195
internal_value=-2.90976e-05 -0.000504322 0.00589136 -0.00758466 -0.00217287 0.00355596 -0.00639306 0.0134357
internal_weight=343.769 335.698 69.4583 24.9291 266.24 112.934 153.306 44.5293
internal_count=1867 1822 401 177 1421 574 847 224
is_linear=0
shrinkage=0.03


Tree=129
num_leaves=14
num_cat=0
split_feature=3 73 36 36 95 68 23 39 91 72 7 12 46
split_gain=3.59207 5.99352 7.58289 12.4491 8.97204 7.16762 9.31226 5.45032 5.32736 5.28308 5.01479 4.25153 0.897287
threshold=1.3764479004409431 0.18274582560296851 301.85833333333341 151.73333333333332 4.7685926604222599 2.7088733798604192 -1.0342465195080082 1.9452199691888186 4.0190030409028763 3.7045857624968699 0.40560795180098325 7.2905973150388563 139.58571428571432
decision_type=2 2 2 2 2 2 2 2 2 2 2 2 2
left_child=1 2 3 -1 -4 6 -3 10 -9 -10 12 -7 -2
right_child=7 5 4 -5 -6 11 -8 8 9 -11 -12 -13 -14
leaf_value=0.01405731335307956 -0.037971541298727707 0.010965450703716106 -0.0078078653663485919 -0.012764855691415987 0.017271182679227771 0.039553737886974173 -0.0094979261158253305 0.025495873906690465 -0.0089267893951102684 0.010536015214089018 0.0016523337373244135 0.010727264288729183 -0.021136774656840916
leaf_weight=19.657476030290127 7.1851562708616274 56.039109580218792 21.778348848223686 74.965101771056652 31.275371693074703 8.6560470908880252 31.133951123803854 6.0477131232619277 48.863999620079994 16.891186190769076 6.3881809376180163 9.8384865224361402 4.7220954820513725
leaf_count=91 47 272 107 381 152 39 168 29 347 116 40 49 29
internal_value=-2.87938e-05 0.00180086 -0.00210235 -0.00719265 0.00697633 0.00725582 0.00365693 -0.00517354 -0.00144898 -0.00392719 -0.0197911 0.024219 -0.0312953
internal_weight=343.442 253.344 147.676 94.6226 53.0537 105.668 87.1731 90.0983 71.8029 65.7552 18.2954 18.4945 11.9073
internal_count=1867 1259 731 472 259 528 440 608 492 463 116 88 76
is_linear=0
shrinkage=0.03


Tree=130
num_leaves=11
num_cat=0
split_feature=31 15 29 101 44 61 96 37 67 139
split_gain=3.56083 9.26142 6.99362 5.66325 7.38388 7.20527 6.91096 7.65239 5.96063 4.79819
threshold=1.5000000000000002 3.7560267676689088 1.389560597964822 0.25004643923364922 2.2808441583483963 0.8117286287574772 0.76474078907280618 6.5805689448846545 5.6152699309478979 39.500000000000007
decision_type=2 2 2 2 2 2 2 2 2 2
left_child=3 -2 9 6 5 -5 -1 -8 -6 -3
right_child=1 2 -4 4 8 -7 7 -9 -10 -11
leaf_value=0.038935364323745725 0.032425632591510975 -0.028441505479690231 0.024293889590524802 0.0035826501333012929 -0.023535916650268406 -0.015761653486196816 -0.00098694806793196157 0.017293742250910255 0.0035150186062664793 0.0057593319209183263
leaf_weight=4.5607326030731192 10.603654958307745 8.2488310299813765 6.4270002990961066 70.847962349653244 29.028871292248368 22.940881259739399 149.99721502140164 23.891440443694592 9.8081082981079799 6.6828775331377974
leaf_count=20 50 49 29 399 191 158 746 121 67 37
internal_value=-2.90191e-05 0.00950639 -0.001872 -0.00100876 -0.00570408 -0.00114899 0.00248085 0.00152473 -0.0167043 -0.0131345
internal_weight=343.038 31.9624 21.3587 311.075 132.626 93.7888 178.449 173.889 38.837 14.9317
internal_count=1867 165 115 1702 815 557 887 867 258 86
is_linear=0
shrinkage=0.03


Tree=131
num_leaves=11
num_cat=0
split_feature=56 86 96 56 53 98 26 75 27 120
split_gain=3.53167 5.0985 5.18779 4.98169 4.1398 6.35526 6.71458 4.61644 5.39114 3.81097
threshold=0.37223295176916588 3753.0000000000005 0.76474078907280618 0.86305414962446925 0.057596063447554711 0.082075287372371172 -0.30103216222805235 0.54938919941843223 1.5452459203517896 0.36972532555326271
decision_type=2 2 2 2 2 2 2 2 2 2
left_child=4 -2 -3 -4 7 -6 -7 9 -9 -1
right_child=1 2 3 -5 5 6 -8 8 -10 -11
leaf_value=0.0056119812714536359 0.026748564434185624 0.037762859969191744 0.0067590672096827101 -0.0073084767444177613 -0.022916153846723845 -0.00011601445005248325 0.029444678889651955 -0.0086640371090534168 0.031719046824758144 -0.023744037785951067
leaf_weight=4.8900997005403068 8.5238778889179212 3.6296172589063636 57.512959316372871 37.381619412451982 10.537386476993559 176.94184296950698 7.1969196349382392 10.561592074111102 4.1421101391315451 21.385246239602566
leaf_count=25 38 16 283 201 57 961 32 82 19 153
internal_value=-2.90248e-05 0.00448955 0.0025638 0.00121747 -0.00208162 -0.000257316 0.00103934 -0.0107482 0.00271209 -0.0182806
internal_weight=342.703 107.048 98.5242 94.8946 235.655 194.676 184.139 40.979 14.7037 26.2753
internal_count=1867 538 500 484 1329 1050 993 279 101 178
is_linear=0
shrinkage=0.03


Tree=132
num_leaves=14
num_cat=0
split_feature=107 4 91 71 36 161 108 59 67 103 42 107 132
split_gain=3.47672 8.24692 7.57904 6.7741 5.68456 5.66059 4.72228 8.80239 8.34515 7.97139 5.41126 6.06885 5.99747
threshold=0.045927318493947759 45.890091003811342 4.922727962954828 2.1273747217412793 214.6166666666667 0.41666666666666669 0.080380079330314116 1.3113483247089206 6.7581775700934594 0.16967267414621956 0.19302806405423692 0.26556627751923467 0.64568899474585073
decision_type=2 2 2 2 2 2 2 2 2 2 2 2 2
left_child=1 2 3 -1 -4 -3 10 9 -9 -8 12 -12 -2
right_child=6 5 4 -5 -6 -7 7 8 -10 -11 11 -13 -14
leaf_value=-0.018867843343841003 0.025884039657569684 0.0065455791162555106 0.013143811986603629 0.019847198582531478 0.046790470350930355 -0.028153012675337572 -0.0084081321091197883 -0.0048676154364373711 0.032834330481103603 0.015745474949864263 -0.017073160521058305 -9.0969805641433709e-05 -0.012736897136843176
leaf_weight=8.0320150777697581 8.6406916528940183 8.8993703238666058 9.6285948529839533 8.2409424856305105 8.5161461532115919 8.0669434666633606 16.096051685512066 124.32270684465766 5.5183684378862372 52.107539707794785 45.720202101394534 32.3327272310853 6.226529035717248
leaf_count=38 44 49 44 37 36 54 82 668 29 272 317 164 33
internal_value=-2.87331e-05 0.00716539 0.0156037 0.000738208 0.0289357 -0.0099525 -0.00129921 0.00131868 -0.00326525 0.0100452 -0.00687881 -0.0100384 0.00970924
internal_weight=342.349 51.384 34.4177 16.273 18.1447 16.9663 290.965 198.045 129.841 68.2036 92.9202 78.0529 14.8672
internal_count=1867 258 155 75 80 103 1609 1051 697 354 558 481 77
is_linear=0
shrinkage=0.03


Tree=133
num_leaves=6
num_cat=0
split_feature=149 139 84 59 57
split_gain=3.44467 4.2471 4.07949 4.49144 3.99948
threshold=69.500000000000014 640.50000000000011 0.44678143470657494 2.0597841165890114 2.1405488254784122
decision_type=2 2 2 2 2
left_child=1 2 -1 -4 -3
right_child=-2 4 3 -5 -6
leaf_value=0.021373803375713304 0.023263944646166598 -0.036933153035121229 0.0019215962969366383 -0.0060731256305999615 -0.0026658992060767744
leaf_weight=8.0194398909807187 5.6201855391263953 5.4334376454353315 228.29675530828536 87.478122349828482 7.0335280373692513
leaf_count=37 27 31 1262 476 34
internal_value=-2.87891e-05 -0.000418098 0.000243471 -0.000293156 -0.0176005
internal_weight=341.881 336.261 323.794 315.775 12.467
internal_count=1867 1840 1775 1738 65
is_linear=0
shrinkage=0.03


Tree=134
num_leaves=12
num_cat=0
split_feature=125 161 59 72 85 41 72 32 36 120 73
split_gain=3.42611 6.8622 6.7571 6.31084 5.83907 7.90608 7.75045 7.62462 6.41893 9.41012 8.18323
threshold=0.40300636219632602 0.41666666666666669 1.4698610787994648 2.3338852569207438 2.5826901016199759 1.1370459876034589 1.4799719833208667 1.5000000000000002 301.14166666666671 0.30270439159868084 0.21807065217391305
decision_type=2 2 2 2 2 2 2 2 2 2 2
left_child=4 2 -2 -3 8 7 -7 -6 10 -10 -1
right_child=1 3 -4 -5 5 6 -8 -9 9 -11 -12
leaf_value=-0.0062770974885389425 -0.028155412935348866 0.0020672231802428332 0.017819771956198303 0.04507758199591682 0.019425059285869593 0.011128218465413205 -0.018194974820820709 -0.0065615096153705307 -0.015415257008264504 0.014643027860054305 0.0091634387546798719
leaf_weight=100.93098694086075 5.9168058261275309 5.4473723880946618 5.600317656993866 7.0360993258655071 16.213295675814152 9.6230097562074643 51.676372587680817 27.224353570491076 11.245624154806135 56.311385072767735 44.516996048390865
leaf_count=500 53 35 30 34 95 52 345 186 56 263 218
internal_value=-2.81624e-05 0.0109013 -0.00579951 0.0263093 -0.000853717 -0.00665335 -0.0135917 0.00313809 0.00199803 0.00963949 -0.00155124
internal_weight=341.743 24.0006 11.5171 12.4835 317.742 104.737 61.2994 43.4376 213.005 67.557 145.448
internal_count=1867 152 83 69 1715 678 397 281 1037 319 718
is_linear=0
shrinkage=0.03


Tree=135
num_leaves=8
num_cat=0
split_feature=45 103 48 21 64 98 128
split_gain=3.38994 3.77063 6.28877 5.73763 7.12547 6.68762 5.69338
threshold=0.71080139372822315 0.33550374953959999 1.1818911383216155 5.5672985209587074 0.65234764541735257 1.7190803404235655 0.31138311259301493
decision_type=2 2 2 2 2 2 2
left_child=1 3 6 5 -5 -1 -3
right_child=-2 2 -4 4 -6 -7 -8
leaf_value=-0.0060951091322750481 0.01923427261053463 -0.02833179208224473 0.01401762974042956 0.011494847603504577 -0.0034546384563792836 0.0085181462235910214 -0.0047269635054994581
leaf_weight=126.80393184348941 8.0290693230926973 14.549247447401283 9.2900848500430566 74.894639801234007 46.517205120995641 36.240423979237676 24.995095517486334
leaf_count=656 45 83 52 379 296 199 157
internal_value=-2.83579e-05 -0.0004924 -0.00819365 0.000829723 0.00576717 -0.00284697 -0.0134117
internal_weight=341.32 333.291 48.8344 284.456 121.412 163.044 39.5443
internal_count=1867 1822 292 1530 675 855 240
is_linear=0
shrinkage=0.03


Tree=136
num_leaves=13
num_cat=0
split_feature=3 75 37 51 24 28 61 4 128 128 141 101
split_gain=3.38968 5.59297 5.48346 12.5567 6.68344 9.29512 6.24082 5.94659 4.1964 5.96611 3.05018 0.448781
threshold=1.5606072738673429 0.4091168395973675 6.5805689448846545 225.00000000000003 -3.2592166672318359 0.9079442932910835 0.75035085930177792 44.619319357466175 1.4618583764468311 0.26340780835766014 278.50000000000006 0.59243508557996827
decision_type=2 2 2 2 2 2 2 2 2 2 2 2
left_child=2 11 4 -4 5 -1 -5 -6 9 -3 -10 -2
right_child=1 8 3 6 7 -7 -8 -9 10 -11 -12 -13
leaf_value=0.045935929604784854 -0.036541895507941506 -0.012920698062776225 0.036996793562089479 0.019301749390924248 0.00057267985938883579 0.0051050426887461848 -0.01867102275367153 -0.011227612585446568 -0.028337828228559347 0.010386315839425082 0.0015002446501622181 -0.021721835211103085
leaf_weight=5.6087329387664786 4.4719506688415995 15.815918929874895 12.123573668301107 6.5222241356968906 143.99882672727108 47.632552340626717 9.6713283620774728 52.428634721785784 8.5891587957739812 26.357619266957045 4.8101437203586093 3.1233987882733345
leaf_count=25 37 106 58 33 717 225 60 304 72 161 32 37
internal_value=-2.80222e-05 -0.0063012 0.00139746 0.0139085 -2.15269e-05 0.0094064 -0.00337685 -0.00257695 -0.00300103 0.00164572 -0.0176264 -0.0304475
internal_weight=341.154 63.1682 277.986 28.3171 249.669 53.2413 16.1936 196.427 55.5728 42.1735 13.3993 7.59535
internal_count=1867 445 1422 151 1271 250 93 1021 371 267 104 74
is_linear=0
shrinkage=0.03


Tree=137
num_leaves=10
num_cat=0
split_feature=109 125 53 29 115 83 98 53 56
split_gain=3.4736 4.04216 8.30278 6.86443 6.40848 6.29931 6.83544 6.34126 3.44106
threshold=0.0084505321238424868 0.24910832769924834 0.13653856914898324 0.50504187616898444 11.500000000000002 5.5683351854354681 1.7190803404235655 0.25971751357456002 0.26319865323654557
decision_type=2 2 2 2 2 2 2 2 2
left_child=8 5 4 -4 -3 6 -2 -7 -1
right_child=1 2 3 -5 -6 7 -8 -9 -10
leaf_value=-0.0007708636365881535 -0.0027064586523508215 -0.034750460670512802 0.048091998146864177 0.0095248397024089507 0.0041731412305362542 0.00064054092309941157 0.010049273449710306 -0.021454633225148258 0.032236970141680081
leaf_weight=5.5071876272559148 177.99744341522455 6.4059443920850745 4.7117186561226836 35.056427650153637 9.3829808197915536 20.449979480355978 48.006595335900784 27.291330885142088 5.8746677041053772
leaf_count=34 901 41 21 187 74 146 235 201 27
internal_value=-2.8037e-05 -0.000591213 0.00678671 0.0140943 -0.0116191 -0.00208858 3.04722e-06 -0.0119902 0.0162659
internal_weight=340.684 329.302 55.5571 39.7681 15.7889 273.745 226.004 47.7413 11.3819
internal_count=1867 1806 323 208 115 1483 1136 347 61
is_linear=0
shrinkage=0.03


Tree=138
num_leaves=10
num_cat=0
split_feature=11 15 3 20 77 73 15 105 54
split_gain=3.32008 4.49102 4.0741 6.47336 7.24094 6.42105 7.80357 5.68098 5.0229
threshold=2.4852497397781623 -0.21872755856399811 1.3764479004409431 9.3088645657970464 5.5000000000000009 0.18274582560296851 5.2444300843779557 0.055620515274575989 0.63058834398804764
decision_type=2 2 2 2 2 2 2 2 2
left_child=1 -1 5 8 -5 7 -7 -2 -4
right_child=2 -3 3 4 -6 6 -8 -9 -10
leaf_value=0.033195412009630755 -0.012805483336639218 -0.0015103831107294162 -0.018130471123414076 -0.005491998180442984 0.027331409781327122 0.0098226618014927592 -0.018260592945760899 0.00085702379427339797 0.00020410505731566775
leaf_weight=6.2471657991409302 37.45496641844511 7.250194385647772 38.668589618057013 17.1537578701973 9.3435746654868108 91.839228231459856 9.8613474853336793 101.9383497312665 20.618492329493165
leaf_count=28 192 37 256 156 47 452 60 505 134
internal_value=-2.79509e-05 0.014553 -0.000630022 -0.0062448 0.0060823 0.00136779 0.00709958 -0.00281409 -0.0117542
internal_weight=340.376 13.4974 326.878 85.7844 26.4973 241.094 101.701 139.393 59.2871
internal_count=1867 65 1802 593 203 1209 512 697 390
is_linear=0
shrinkage=0.03


Tree=139
num_leaves=11
num_cat=0
split_feature=56 86 86 16 79 64 30 8 113 100
split_gain=3.34591 4.73839 4.96445 5.77581 3.94838 8.34975 6.49966 6.35681 6.21041 4.7046
threshold=0.37223295176916588 3753.0000000000005 94040.500000000015 5.9653178166886871 10.241588949756414 0.72594671515534837 0.37534288360919288 9.5902771122940056 1.4991863217812094 0.8444816983796809
decision_type=2 2 2 2 2 2 2 2 2 2
left_child=4 -2 3 -3 7 8 -7 9 -6 -1
right_child=1 2 -4 -5 5 6 -8 -9 -10 -11
leaf_value=-0.0080250325584349125 0.025903321052433873 -0.0026388152591545646 0.029461177369972866 0.017124037645444214 -0.0075091790185814293 0.027729595708566611 -0.016925017772913654 0.025112066732212519 0.023955462112120914 0.0031120599304259541
leaf_weight=131.31954735331237 8.4751831740140897 75.924320600926876 5.7915709465742102 16.138347826898098 7.639110520482066 3.5462168455123928 16.981478661298752 6.4840653892606488 21.635192528367043 46.127639107406139
leaf_count=744 38 387 25 88 40 18 162 34 112 219
internal_value=-2.781e-05 0.00438416 0.00252038 0.000825562 -0.00203489 0.00545843 -0.00921081 -0.00406382 0.0157448 -0.00512993
internal_weight=340.063 106.329 97.8542 92.0627 233.733 49.802 20.5277 183.931 29.2743 177.447
internal_count=1867 538 500 475 1329 332 180 997 152 963
is_linear=0
shrinkage=0.03


Tree=140
num_leaves=13
num_cat=0
split_feature=119 119 89 109 147 26 60 100 93 20 39 119
split_gain=3.30463 10.5218 6.8588 6.46022 6.38072 7.19071 7.22149 5.78464 6.12912 5.10793 9.83594 4.33607
threshold=0.41292915005786296 0.44763255732970092 10424.000000000002 0.7829743996308135 2.7719330876110186 -3.1493233462755912 1.529783127900185 0.74265467786526218 3.009884604237429 6.5670484145415546 2.7731269987685034 0.25070976355886826
decision_type=2 2 2 2 2 2 2 2 2 2 2 2
left_child=4 7 3 -3 5 -1 -7 8 -2 11 -11 -6
right_child=1 2 -4 -5 9 6 -8 -9 -10 10 -12 -13
leaf_value=0.021333929962934303 0.025845509758839872 -0.00024419126870650658 0.030456183633056261 -0.027501808954765467 0.0029123698432838162 0.014638937015010024 -0.0082760710075665302 0.037459888619957658 -0.0081540620014317992 0.021628260905918604 -0.029752394268233152 -0.030489843988851791
leaf_weight=12.62013618648052 9.7992000207305008 176.12903651595116 6.2678776681423178 8.1893977969884855 4.3804377019405392 15.884190380573271 56.064025141298771 9.9916642718017084 9.3014863356947881 7.8326059877872449 5.8633327782154083 17.357913136482239
leaf_count=54 49 995 28 47 24 78 299 47 61 42 42 101
internal_value=-2.76141e-05 0.00215938 -0.000405784 -0.00145527 -0.00403116 0.000446679 -0.00321707 0.018964 0.00928869 -0.0147181 -0.000368178 -0.0237591
internal_weight=339.681 219.679 190.586 184.318 120.003 84.5684 71.9482 29.0924 19.1007 35.4343 13.6959 21.7384
internal_count=1867 1227 1070 1042 640 431 377 157 110 209 84 125
is_linear=0
shrinkage=0.03


Tree=141
num_leaves=7
num_cat=0
split_feature=139 89 109 145 0 78
split_gain=3.28218 5.2952 4.56177 6.2625 5.76417 4.24277
threshold=620.00000000000011 11782.000000000002 0.7829743996308135 3.1050715085377836 -0.13198246799099722 0.004426411520752376
decision_type=2 2 2 2 2 2
left_child=1 2 4 -4 -1 -2
right_child=5 -3 3 -5 -6 -7
leaf_value=0.016001173757018296 -0.028680549921862641 0.030044479488241467 -0.03598147103703063 0.0016472814767256156 -0.00021934329280715392 0.0045125185582667411
leaf_weight=21.196732208132744 7.9454011097550374 5.4006509929895392 7.3128328546881702 8.7358159199357015 282.5261175185442 6.1470922976732254
leaf_count=97 44 24 43 46 1583 30
internal_value=-2.77471e-05 0.000586539 8.90206e-05 -0.0154989 0.000912682 -0.0142019
internal_weight=339.265 325.172 319.771 16.0486 303.723 14.0925
internal_count=1867 1793 1769 89 1680 74
is_linear=0
shrinkage=0.03


Tree=142
num_leaves=13
num_cat=0
split_feature=107 22 4 161 132 108 59 31 103 64 43 16
split_gain=3.26856 7.61495 10.4944 5.68124 4.89008 4.50563 8.12301 7.37483 7.25138 5.16299 5.41266 3.36305
threshold=0.045927318493947759 2.5589771036327922 45.890091003811342 0.41666666666666669 0.97360627196276395 0.080380079330314116 1.3113483247089206 1.5000000000000002 0.16967267414621956 0.77097902097902116 0.19302806405423692 5.3086945068909559
decision_type=2 2 2 2 2 2 2 2 2 2 2 2
left_child=1 -1 4 -4 -3 9 8 -8 -7 10 -2 -11
right_child=5 2 3 -5 -6 6 7 -9 -10 11 -12 -13
leaf_value=-0.02284323408061319 0.014573154649898997 0.030290110342098404 0.0088626189521238217 -0.027041598949572507 0.0025298639747023555 -0.0080198516660561648 -0.005071291457777044 0.023502808826167662 0.015124393910755676 -0.038261503432879478 -0.0070564885154721525 -0.010301091435815569
leaf_weight=6.6902533471584311 12.454685650765894 20.301409550011162 8.4594046249985677 7.4678625166416159 7.9464111924171439 15.916981510818003 119.85716647654772 8.720700263977049 51.944683164358139 6.810721941292285 63.502397431060672 8.9714076537638885
leaf_count=33 62 88 47 52 38 82 655 42 272 45 383 68
internal_value=-2.72988e-05 0.00698389 0.0115012 -0.00797189 0.0224809 -0.00126482 0.00129867 -0.00313327 0.0096959 -0.00675397 -0.00350988 -0.0223673
internal_weight=339.044 50.8653 44.1751 15.9273 28.2478 288.179 196.44 128.578 67.8617 91.7392 75.9571 15.7821
internal_count=1867 258 225 99 126 1609 1051 697 354 558 445 113
is_linear=0
shrinkage=0.03


Tree=143
num_leaves=13
num_cat=0
split_feature=80 108 112 87 82 145 74 86 15 74 72 76
split_gain=3.238 8.93223 5.13314 4.81641 9.85862 8.91586 7.8489 7.66215 6.04294 4.60291 4.10627 2.5426
threshold=1.5000000000000002 0.11851131883901685 3.0158800843891744 1444.5000000000002 53.318796662274927 2.3884296304831438 0.39009661835748799 109830.00000000001 -0.73901710619853966 0.45080645161290328 1.4799719833208667 0.036885863018413359
decision_type=2 2 2 2 2 2 2 2 2 2 2 2
left_child=1 10 -3 4 5 -2 -5 -8 -6 -4 -1 -12
right_child=3 2 9 6 8 -7 7 -9 -10 -11 11 -13
leaf_value=0.007953659751141838 0.0035782347456252582 -0.017486886672509836 -0.0020315859797032454 0.030200376528109408 -0.001891829946576694 -0.011375005342479049 0.0014808459745082967 0.036674604145199768 0.030804868694127494 0.032337039801350408 -0.0097961072800344315 -0.034120769948236117
leaf_weight=3.6778148189187077 62.401050541549921 5.5978262014687088 6.5168175250291807 10.568978570401667 8.7962281145155448 84.459565486758947 112.68935516104102 5.8568871319293967 12.064956847578285 7.5938681997358799 5.5399432629346874 12.81067732721567
leaf_count=20 313 31 40 51 44 468 616 30 56 40 75 83
internal_value=-2.73353e-05 -0.00785138 0.00682117 0.00107277 -0.00228011 -0.00502138 0.00542819 0.00321963 0.0170181 0.0164644 -0.0209787 -0.0267773
internal_weight=338.574 41.7369 19.7085 296.837 167.722 146.861 129.115 118.546 20.8612 14.1107 22.0284 18.3506
internal_count=1867 289 111 1578 881 781 697 646 100 80 178 158
is_linear=0
shrinkage=0.03


Tree=144
num_leaves=13
num_cat=0
split_feature=132 134 74 31 101 87 52 86 23 101 106 106
split_gain=3.23709 5.26121 4.52642 7.5449 10.8642 6.92669 9.76989 9.1241 5.69033 4.03859 6.17171 2.80337
threshold=1.5368595210771192 3681.5000000000005 0.51787994891443179 1.5000000000000002 0.15388162083423571 1381.5000000000002 3450.0000000000005 38670.500000000007 -6.1029571122748552 0.18965936927696175 0.21474920876677345 0.056836277038935477
decision_type=2 2 2 2 2 2 2 2 2 2 2 2
left_child=2 -2 5 8 -5 7 -7 -1 -4 10 -3 -11
right_child=1 9 3 4 -6 6 -8 -9 -10 11 -12 -13
leaf_value=-0.0024051378776354781 0.01578257068767604 -0.019109852526197454 -0.0112124934352035 -0.010119630231574568 0.041395887720565447 0.016017139770285911 -0.0085043231847837467 -0.027750902107100225 0.0046187715274573727 0.0034738246079794124 0.024963896461969511 -0.02187154913220762
leaf_weight=38.552753448486328 7.484395630657672 5.5931408219039422 24.103304453194141 5.622594706714156 10.688185349106787 29.452814556658268 29.042460475116968 19.123243801295757 134.22011744976044 4.7057403512299087 5.8506007641553879 23.751328663900495
leaf_count=202 36 33 122 30 51 153 181 107 705 35 29 183
internal_value=-2.7396e-05 -0.00729845 0.00115738 0.00421007 0.0236376 -0.00343156 0.00384242 -0.0108089 0.00220861 -0.0116279 0.0034228 -0.0176804
internal_weight=338.191 47.3852 290.805 174.634 16.3108 116.171 58.4953 57.676 158.323 39.9008 11.4437 28.4571
internal_count=1867 316 1551 908 81 643 334 309 827 280 62 218
is_linear=0
shrinkage=0.03


Tree=145
num_leaves=11
num_cat=0
split_feature=56 1 66 59 28 75 21 21 67 139
split_gain=3.23274 4.47458 7.14514 8.34339 5.43722 3.82454 4.81859 9.26044 4.85108 3.34088
threshold=0.37223295176916588 98.493264824329955 3.5891812865497079 1.810279641322148 0.97922219958758772 0.73818641293383302 5.4989640851912371 5.9277676970341124 1.6833437565144884 15.500000000000002
decision_type=2 2 2 2 2 2 2 2 2 2
left_child=5 2 3 -2 -4 6 8 -8 -1 -3
right_child=1 9 4 -5 -6 -7 7 -9 -10 -11
leaf_value=0.003272595578253401 0.010064187967375102 0.0084444655564442882 0.00065530173098307242 -0.010048037654173522 0.036856118193765171 0.01830621857353551 0.031052391326757588 -0.00092070022441359414 -0.011103441561549502 -0.027916030640159017
leaf_weight=28.762700594961643 49.828003570437431 3.5437390841543657 5.7212483212351826 29.586248613893986 10.750721633434294 8.0510870143771154 8.8260195758193714 106.87856341525912 79.558391742408276 6.3487390577793121
leaf_count=145 231 25 29 149 47 55 49 633 447 57
internal_value=-2.76016e-05 0.00431908 0.00630094 0.00257126 0.0242824 -0.00200879 -0.00273887 0.00151823 -0.00728615 -0.0148908
internal_weight=337.855 105.779 95.8862 79.4143 16.472 232.077 224.026 115.705 108.321 9.89248
internal_count=1867 538 456 380 76 1329 1274 682 592 82
is_linear=0
shrinkage=0.03


Tree=146
num_leaves=8
num_cat=0
split_feature=109 110 58 21 81 0 75
split_gain=3.21545 4.21307 3.85898 7.12053 4.57701 8.9383 6.21411
threshold=0.0084505321238424868 3.6904915376890393 0.97632774519582421 5.2394024375021893 0.021004781918879615 -0.03117919260612886 0.51709429644660554
decision_type=2 2 2 2 2 2 2
left_child=1 -1 3 -2 5 -4 -6
right_child=2 -3 4 -5 6 -7 -8
leaf_value=0.035225742436408268 -0.015946892267593295 -0.0014511997573285523 0.0042366197716969542 0.031279349819567898 -0.0037566092921173786 -0.025122258831400224 0.0053554819465013144
leaf_weight=5.2916443198919279 4.3153259716927996 6.031682912260294 17.885401293635368 8.598884701728819 159.16007057949901 19.517609354108572 116.77876733802259
leaf_count=23 29 38 83 45 907 118 624
internal_value=-2.7395e-05 0.0156888 -0.000572853 0.0154985 -0.00123523 -0.0110834 9.96756e-05
internal_weight=337.579 11.3233 326.256 12.9142 313.342 37.403 275.939
internal_count=1867 61 1806 74 1732 201 1531
is_linear=0
shrinkage=0.03


Tree=147
num_leaves=11
num_cat=0
split_feature=112 13 17 69 85 104 147 24 113 86
split_gain=3.08026 5.42616 5.10967 6.29609 4.61035 6.85355 6.7191 4.00099 5.18801 4.04758
threshold=1.5948421800369876 3.2291437335001283 1.2483802559721446 2.8353292493335909 1.3305657328886766 0.2888395060477118 -4.4185071381233545 -2.5999671718415329 4.6171663911980909 22397.500000000004
decision_type=2 2 2 2 2 2 2 2 2 2
left_child=7 2 3 -2 6 -6 -3 -1 9 -9
right_child=1 4 -4 -5 5 -7 -8 8 -10 -11
leaf_value=0.031120863775647552 0.020357933019109875 -0.00050331866757187397 -0.040232600946158097 -0.020531965825907789 -0.023717436989111915 8.7032280423708034e-05 0.031377935798822053 -0.026398953429442505 0.024497263443668552 0.0084232826627574781
leaf_weight=6.1545014381408718 5.1357653439044979 14.408639162778856 5.5747253075242034 9.9648523554205877 11.368867345154284 255.92476142942905 10.134009301662443 5.8536813557147997 6.6478298529982558 6.1714000180363655
leaf_count=27 25 66 33 55 61 1459 47 32 32 30
internal_value=-2.70506e-05 -0.000835056 -0.0156868 -0.00662519 0.000217127 -0.000925449 0.0126609 0.0101436 0.0032296 -0.00852781
internal_weight=337.339 312.512 20.6753 15.1006 291.836 267.294 24.5426 24.8274 18.6729 12.0251
internal_count=1867 1746 113 80 1633 1520 113 121 94 62
is_linear=0
shrinkage=0.03


Tree=148
num_leaves=14
num_cat=0
split_feature=132 109 113 74 31 87 0 86 66 7 132 102 25
split_gain=3.06153 6.27697 4.32503 4.19796 7.08685 6.59255 9.57712 8.71644 5.30396 4.47946 4.16323 3.2869 3.07099
threshold=1.5368595210771192 0.20966093294548138 2.658566668667087 0.51787994891443179 1.5000000000000002 1381.5000000000002 0.067161350237968556 38670.500000000007 3.6930006930006933 6.3981622645191374 2.3320822079889219 0.010542740378667382 -1.030071139410927
decision_type=2 2 2 2 2 2 2 2 2 2 2 2 2
left_child=3 10 -3 5 8 7 -7 -1 -5 -6 12 -12 -2
right_child=1 2 -4 4 9 6 -8 -9 -10 -11 11 -13 -14
leaf_value=-0.0023401513707116571 -0.0096503097220903018 -0.0091273036793565274 0.017323045548593523 -0.0011800175520040911 0.036313454872950457 0.012521175075291349 -0.01313603194409332 -0.027248028816596524 0.011270985193518298 0.0044783760483466158 -0.018702650979472799 0.022115113904730737 -0.035294609327996294
leaf_weight=38.414133869111538 6.8831610754132315 10.852129288017752 11.41726680845022 116.13604655489326 9.434345483779909 38.47938946634531 19.84704789891839 18.849260166287422 41.901156961917877 6.8779648989439002 3.5201721005141726 3.5825358182191849 10.792770124971867
leaf_count=202 42 58 56 591 42 189 145 107 236 39 33 27 100
internal_value=-2.67436e-05 -0.00712524 0.00443349 0.00112512 0.00406437 -0.00330829 0.00379066 -0.010539 0.00212118 0.0228904 -0.0175135 0.00188543 -0.0253085
internal_weight=336.987 47.048 22.2694 289.939 174.35 115.59 58.3264 57.2634 158.037 16.3123 24.7786 7.10271 17.6759
internal_count=1867 316 114 1551 908 643 334 309 827 81 202 60 142
is_linear=0
shrinkage=0.03


Tree=149
num_leaves=11
num_cat=0
split_feature=125 42 85 44 72 32 1 66 106 29
split_gain=3.10817 6.28965 5.04449 7.28505 6.92791 6.89873 5.65417 6.74246 4.17064 2.79994
threshold=0.40300636219632602 2.3398464140546813 2.5826901016199759 1.1370459876034589 1.4799719833208667 1.5000000000000002 97.868351617830868 3.7875939849624065 0.27441410118638149 0.71554461975245032
decision_type=2 2 2 2 2 2 2 2 2 2
left_child=2 8 6 5 -5 -4 7 -1 -2 -3
right_child=1 9 3 4 -6 -7 -8 -9 -10 -11
leaf_value=0.00073487336842882687 0.035385411058872079 0.0054574780968698697 0.018672940135456638 0.010335809566911306 -0.017504978303851719 -0.0061785521024074362 -0.024445322611256749 0.017502145979882339 0.0047237489015273465 -0.030866406627335832
leaf_weight=178.59622255712748 8.5815434977412277 3.9896728284656993 16.112640319392085 9.5798437967896444 50.181513024494052 26.732845108956099 7.1156497299671164 24.551360078155994 7.4662984013557425 3.6637339703738689
leaf_count=875 40 38 95 52 345 186 45 117 46 28
internal_value=-2.70089e-05 0.0104475 -0.000820494 -0.00627357 -0.0130421 0.0031672 0.00184056 0.00276128 0.02112 -0.011931
internal_weight=336.571 23.7012 312.87 102.607 59.7614 42.8455 210.263 203.148 16.0478 7.65341
internal_count=1867 152 1715 678 397 281 1037 992 86 66
is_linear=0
shrinkage=0.03


Tree=150
num_leaves=6
num_cat=0
split_feature=139 89 138 138 78
split_gain=3.08416 4.82988 4.21898 5.41367 3.96931
threshold=620.00000000000011 11782.000000000002 18044.000000000004 10610.000000000002 0.004426411520752376
decision_type=2 2 2 2 2
left_child=1 2 3 -1 -2
right_child=4 -3 -4 -5 -6
leaf_value=0.0012013025911539817 -0.028098947468586707 0.028773421841728444 0.022266698809284967 -0.0099915415296688292 0.0041923833741641901
leaf_weight=263.80061380565166 7.7716495320200902 5.3735393285751334 7.5380258485674849 45.616483945399523 6.1269230768084526
leaf_count=1406 44 24 35 328 30
internal_value=-2.7069e-05 0.000569566 9.14083e-05 -0.000448827 -0.0138639
internal_weight=336.227 322.329 316.955 309.417 13.8986
internal_count=1867 1793 1769 1734 74
is_linear=0
shrinkage=0.03


Tree=151
num_leaves=9
num_cat=0
split_feature=56 86 86 16 106 103 21 146
split_gain=3.05463 4.35183 4.56955 5.13697 3.69755 4.66364 8.17971 6.10492
threshold=0.37223295176916588 3753.0000000000005 94040.500000000015 5.9653178166886871 1.169966912846659 0.33461845349701819 5.5672985209587074 31.238945985581239
decision_type=2 2 2 2 2 2 2 2
left_child=4 -2 3 -3 5 6 -1 -7
right_child=1 2 -4 -5 -6 7 -8 -9
leaf_value=-0.0068392022723873687 0.02492349380960605 -0.0025171618975853727 0.028311419589981648 0.016193788837230872 0.016452891145755152 -0.021583716220231409 0.0056552384805785933 0.0073609639381979211
leaf_weight=100.00377127155662 8.3988877385854703 75.09376061335206 5.7662754207849494 16.023371752351522 9.4166980534791929 22.942759308964014 89.237016182392836 9.1832506339997035
leaf_count=552 38 387 25 88 45 143 525 64
internal_value=-2.65213e-05 0.00420809 0.00241225 0.000773246 -0.00195833 -0.00274152 -0.000947414 -0.0133099
internal_weight=336.066 105.282 96.8834 91.1171 230.783 221.367 189.241 32.126
internal_count=1867 538 500 475 1329 1284 1077 207
is_linear=0
shrinkage=0.03


Tree=152
num_leaves=11
num_cat=0
split_feature=57 98 109 82 110 144 147 70 141 87
split_gain=3.05094 5.40822 7.98166 9.09822 6.71844 5.76368 5.28839 5.79292 7.53804 3.80819
threshold=1.4672314014695944 0.91780561971830954 0.030141109142279892 59.169273294273303 1.0782060513630964 8.0775032243525189 -24.516460270649549 2.4170158185069672 1340.5000000000002 1367.5000000000002
decision_type=2 2 2 2 2 2 2 2 2 2
left_child=6 2 -2 -4 -3 -6 -1 9 -9 -8
right_child=1 4 3 -5 5 -7 7 8 -10 -11
leaf_value=0.023377358117530354 0.024964902868690519 0.03933403520437774 -0.0083856204672618073 0.016418230928972967 0.0085203822724231118 -0.0050115851917620054 -0.0017481494181572845 0.0051776619465567142 -0.027958635309739552 -0.026163888204530462
leaf_weight=5.3406610190868369 8.5346795767545682 5.1174865514039984 100.39923643693328 15.343488514423369 90.836516939103603 41.166454993188381 8.3629503827542084 34.823971219360828 7.5113466903567305 18.397013837471604
leaf_count=27 40 22 535 73 466 244 61 190 42 167
internal_value=-2.61804e-05 0.00149969 -0.00303297 -0.00509749 0.0056078 0.0043003 -0.00538459 -0.00760772 -0.000701548 -0.0185335
internal_weight=335.834 261.398 124.277 115.743 137.12 132.003 74.4359 69.0953 42.3353 26.76
internal_count=1867 1380 648 608 732 710 487 460 232 228
is_linear=0
shrinkage=0.03


Tree=153
num_leaves=11
num_cat=0
split_feature=131 86 25 25 97 125 18 61 137 73
split_gain=3.00608 4.71242 4.059 7.90252 7.5695 5.71499 4.87999 2.13695 1.78371 0.291419
threshold=1.195720965444681 7887.5000000000009 -0.15615767174667897 -0.27732193917313291 2.3660491352897726 0.24910832769924834 -0.18556901219065722 0.78803661616161624 2110.0000000000005 0.21913109756097562
decision_type=2 2 2 2 2 2 2 2 2 2
left_child=2 -2 3 5 -5 -1 -4 -8 9 -3
right_child=1 8 6 4 -6 -7 7 -9 -10 -11
leaf_value=-0.0018864153853657695 0.013585449312121094 -0.037870049371906134 -0.03834457112689954 0.046054515896330847 0.0075450388541465413 0.0096565781732382127 0.011148504794174565 -0.016503689041274913 -0.0095918416226591849 -0.025351134748066259
leaf_weight=234.16367889940739 4.6479041837155846 3.722627077251671 5.120369330048562 6.4066947698593166 16.234609879553318 46.223112106323242 5.1444214880466426 4.9214543253183365 5.8235681969672441 3.040248079225421
leaf_count=1266 28 28 27 28 83 269 33 29 43 33
internal_value=-2.6226e-05 -0.0122293 0.000634689 0.00139319 0.0184419 1.65027e-05 -0.0145005 -0.00237133 -0.0217622 -0.0322422
internal_weight=335.449 17.2343 318.214 303.028 22.6413 280.387 15.1862 10.0659 12.5864 6.76288
internal_count=1867 132 1735 1646 111 1535 89 62 104 61
is_linear=0
shrinkage=0.03


Tree=154
num_leaves=15
num_cat=0
split_feature=3 73 15 53 105 64 105 25 108 49 149 104 125 88
split_gain=3.02164 5.21431 6.99689 6.78324 6.54136 7.7449 6.14904 4.86682 5.73893 8.03605 4.65811 5.56719 4.52204 4.37206
threshold=1.3538997612109096 0.18274582560296851 5.2444300843779557 0.97811324152177737 0.055620515274575989 0.50818968259016617 0.047938135434234981 -0.9435763410710446 0.062198612971074894 99000.000000000015 17.500000000000004 0.44554277924932834 0.3293494724295401 647.50000000000011
decision_type=2 2 2 2 2 2 2 2 2 2 2 2 2 2
left_child=1 4 3 -3 6 -6 -1 10 13 -10 12 -12 -2 -9
right_child=7 2 -4 -5 5 -7 -8 8 9 -11 11 -13 -14 -15
leaf_value=-0.0041895147609244694 -0.032691852229950802 0.013069587976364481 -0.017541827527964043 -0.0089137613070822668 -0.0048332677295122471 0.011820051393775875 -0.029876670347312638 -0.023484838956377638 0.01781559264579834 -0.0098410024925969456 0.02344721099488925 -0.017768308421611104 0.0018481509221549472 0.0040681701122923762
leaf_weight=25.474588848650455 13.683716643601661 76.791099682450294 9.5380698405206186 15.119872454553841 62.22528662532568 42.16466111317277 12.504019673913715 12.760358311235906 24.085941400378942 15.566683970391749 5.1780526638030988 6.8534930199384689 4.5443078428506842 8.7285609096288663
leaf_count=133 107 371 60 83 313 209 66 112 147 90 26 46 32 72
internal_value=-2.59336e-05 0.00171797 0.00691518 0.0094532 -0.00198546 0.00189326 -0.0126467 -0.00467788 0.000192142 0.00695827 -0.0145181 -3.02608e-05 -0.0240809 -0.0122931
internal_weight=335.219 243.818 101.449 91.911 142.369 104.39 37.9786 91.4011 61.1415 39.6526 30.2596 12.0315 18.228 21.4889
internal_count=1867 1235 514 454 721 522 199 632 421 237 211 72 139 184
is_linear=0
shrinkage=0.03


Tree=155
num_leaves=7
num_cat=0
split_feature=109 146 4 26 145 24
split_gain=2.96233 3.7097 4.88168 4.18263 3.97495 3.03407
threshold=0.0084505321238424868 53.776293226213717 59.926193424327785 -2.8510481018789053 2.291500497626072 -0.74614435358173481
decision_type=2 2 2 2 2 2
left_child=5 2 3 -2 -4 -1
right_child=1 -3 4 -5 -6 -7
leaf_value=0.030661991219278942 0.006727864762752272 0.023133902384713644 -0.033791135693372387 -0.0018682767439521424 -0.0062296253516969588 -0.00051004669317332419
leaf_weight=5.6339107602834702 65.458484448492527 5.8433812856674185 6.7165240645408657 229.7307402100414 15.75952961668372 5.6069667264819127
leaf_count=29 321 35 46 1273 131 32
internal_value=-2.65046e-05 -0.000552565 -0.000988272 3.79256e-05 -0.0144658 0.0151133
internal_weight=334.75 323.509 317.665 295.189 22.4761 11.2409
internal_count=1867 1806 1771 1594 177 61
is_linear=0
shrinkage=0.03


Tree=156
num_leaves=9
num_cat=0
split_feature=45 12 146 145 103 145 113 98
split_gain=2.94138 3.57432 6.46027 10.0664 7.51849 6.18155 8.54661 6.15594
threshold=0.71080139372822315 9.3377958542222679 29.758903455126447 3.6506633942062776 0.33337223861799276 2.3749462498436889 1.5697331801343031 2.0213187808115811
decision_type=2 2 2 2 2 2 2 2
left_child=1 5 4 -4 -3 6 -1 -7
right_child=-2 2 3 -5 -6 7 -8 -9
leaf_value=-0.0028891152977018539 0.018105956994490968 0.020160618146875538 -0.038350050845616927 0.0051503079513009293 -0.0078748926235196262 -0.0093841871803856391 0.014540778083874406 0.0051509324455861795
leaf_weight=71.194842986762524 7.8627596590667954 31.776468500494957 6.6041279882192638 17.407897433266044 11.808231163769959 114.65052876621485 39.292660649865866 34.001140791922808
leaf_count=373 45 151 41 136 73 636 201 211
internal_value=-2.60426e-05 -0.000462381 0.00568122 -0.00681378 0.0125651 -0.00206495 0.00330948 -0.00605956
internal_weight=334.599 326.736 67.5967 24.012 43.5847 259.139 110.488 148.652
internal_count=1867 1822 401 177 224 1421 574 847
is_linear=0
shrinkage=0.03


Tree=157
num_leaves=12
num_cat=0
split_feature=76 47 23 97 46 60 103 147 116 101 94
split_gain=2.94598 12.1868 6.37499 6.907 6.06841 6.11429 4.62844 3.46738 3.11562 5.26502 1.72762
threshold=0.043564527260179439 29.500000000000004 -3.6800455910803711 5.2110698887672164 48.271212121212123 0.77692862148533959 0.3872259384800289 -24.516460270649549 8.5000000000000018 0.25004643923364922 4.188553787394091
decision_type=2 2 2 2 2 2 2 2 2 2 2
left_child=7 4 -3 -4 6 -6 -2 -1 10 -10 -9
right_child=1 2 3 -5 5 -7 -8 8 9 -11 -12
leaf_value=0.017056798286858903 -0.032733960908995531 0.053726980432032556 -0.011043002314595764 0.036664064968673839 -0.015781342561802431 0.001690389940693738 -0.0011177528049133953 -0.036090511688000156 0.017920283135542364 -0.020592007923975673 -0.0073167984960885611
leaf_weight=3.7312983721494701 9.0215027816593665 5.1526424884796169 5.3640319183468801 5.5647768937051296 19.392105802893639 256.02431951090693 7.7449861764907828 6.4435631074011344 5.3928569257259351 7.8383206874132156 2.6505336761474609
leaf_count=30 60 24 31 31 102 1336 43 76 33 77 24
internal_value=-2.58941e-05 0.000792856 0.0262183 0.0132487 -0.000606535 0.000460203 -0.0181294 -0.00971218 -0.0141862 -0.0048949 -0.0277042
internal_weight=334.321 308.264 16.0815 10.9288 292.183 275.416 16.7665 26.0566 22.3253 13.2312 9.0941
internal_count=1867 1627 86 62 1541 1438 103 240 210 110 100
is_linear=0
shrinkage=0.03


Tree=158
num_leaves=13
num_cat=0
split_feature=119 119 89 147 109 100 93 111 95 10 100 81
split_gain=2.94245 9.90248 5.98428 5.75245 5.44433 5.23599 5.59504 5.13268 5.49681 5.30945 4.11562 5.06243
threshold=0.41292915005786296 0.44763255732970092 10424.000000000002 2.7719330876110186 0.7829743996308135 0.74265467786526218 3.009884604237429 6.152182486352598 4.6903696604894245 2.4315291598057023 1.0378144716374458 0.19788718176619294
decision_type=2 2 2 2 2 2 2 2 2 2 2 2
left_child=3 5 4 7 -3 6 -2 8 -1 -9 11 -5
right_child=1 2 -4 10 -6 -7 -8 9 -10 -11 -12 -13
leaf_value=-0.0011058856397015884 0.024974850773213216 -0.000359238827732149 0.028471660606353529 -0.024194289268384031 -0.02613875867730394 0.036041800607171506 -0.0077862292599399042 -0.029644699254501854 0.018320615696117905 0.0006816375907875451 0.010592242727501578 0.0089305296689968488
leaf_weight=43.388664469122887 9.7001054137945228 173.60892101563513 6.2203621640801421 24.232602056115869 7.699888586997985 9.9531972669064981 9.0866912361234409 9.098725765943529 18.783951070159674 12.112731527537106 5.1391175836324683 5.0110104456543914
leaf_count=222 49 995 28 153 47 47 61 49 94 66 26 30
internal_value=-2.60944e-05 0.00205166 -0.000461414 -0.00384172 -0.00145405 0.0184495 0.00912916 0.000415885 0.00476336 -0.0123269 -0.0141671 -0.0185182
internal_weight=334.036 216.269 187.529 117.767 181.309 28.74 18.7868 83.3841 62.1726 21.2115 34.3827 29.2436
internal_count=1867 1227 1070 640 1042 157 110 431 316 115 209 183
is_linear=0
shrinkage=0.03


Tree=159
num_leaves=14
num_cat=0
split_feature=56 19 19 141 49 64 20 53 98 26 28 2 45
split_gain=2.93168 4.01749 6.92783 8.42598 6.31354 5.8961 5.06296 3.81552 5.64136 5.37779 3.19061 5.86202 4.15177
threshold=0.37223295176916588 4.4359296065011389 3.32419182944435 1277.0000000000002 95400.000000000015 0.82074410069077763 7.5125868505739879 0.057596063447554711 0.082075287372371172 -0.30103216222805235 1.6093812497118141 80.218529720541923 0.58995376208490968
decision_type=2 2 2 2 2 2 2 2 2 2 2 2 2
left_child=7 2 3 -2 -4 6 -3 10 -9 -10 12 -12 -1
right_child=1 5 4 -5 -6 -7 -8 8 9 -11 11 -13 -14
leaf_value=-0.021690877359409621 0.011087359212377919 0.01158789376550229 -0.0014500703896737652 -0.025805561445671858 -0.034441117818663512 -0.011361134946044966 0.042037971426388092 -0.02190930203368251 2.2408642727332171e-05 0.026630872076576391 -0.015700929743199223 0.024732268095718615 0.010060902165146079
leaf_weight=22.101995259523395 44.085450023412704 17.977961823344238 14.159698761999609 6.3775626271963111 8.269604064524172 6.9501694813370696 6.7631487101316443 10.151519313454626 172.12519256956875 7.1188013181090346 7.5001426525413972 5.6643069535493851 4.4530194513499728
leaf_count=174 233 86 69 34 46 40 30 57 961 32 43 27 35
internal_value=-2.61087e-05 0.00413585 0.000258843 0.0064248 -0.0136138 0.0130532 0.0199116 -0.00192591 -0.000152991 0.00107918 -0.0103798 0.00169638 -0.0163664
internal_weight=333.699 104.584 72.8923 50.463 22.4293 31.6913 24.7411 229.115 189.396 179.244 39.7195 13.1644 26.555
internal_count=1867 538 382 267 115 156 116 1329 1050 993 279 70 209
is_linear=0
shrinkage=0.03


Tree=160
num_leaves=12
num_cat=0
split_feature=3 39 109 70 105 82 113 76 150 128 119
split_gain=2.89956 4.70014 6.61461 4.29716 3.99171 6.65595 6.15433 5.37301 4.92348 3.86796 1.5701
threshold=1.3538997612109096 1.9452199691888186 0.29943567937709187 4.7438508737060596 0.030109194106440199 42.906063023534109 1.4991863217812094 0.15610665137614682 0.63726936423253899 1.4618583764468311 0.35577116681767851
decision_type=2 2 2 2 2 2 2 2 2 2 2
left_child=4 3 9 10 7 8 -7 -1 -6 -3 -2
right_child=1 2 -4 -5 5 6 -8 -9 -10 -11 -12
leaf_value=0.0063352307611377716 -0.016493653968824698 -0.00066363437977423395 0.019523493836515457 0.0035793726730057431 0.0025873819372478229 -0.0072595670344823039 0.017911296653331143 -0.031747832154557516 -0.0093285489065117744 -0.018121878349269805 -0.037316945029450689
leaf_weight=6.1780719459056836 6.1877495795488375 44.700205780565739 11.710245966911314 5.7926706150174132 138.71816184744239 11.270998355001209 38.966993864625692 7.2434438392519951 40.266173716634512 15.341476142406462 6.8850465454161167
leaf_count=32 39 317 56 39 687 59 193 40 224 134 47
internal_value=-2.61502e-05 -0.00460518 -0.0011018 -0.0179298 0.00168393 0.00261501 0.0122642 -0.0142178 -9.33495e-05 -0.00512446 -0.0274607
internal_weight=333.261 90.6174 71.7519 18.8655 242.644 229.222 50.238 13.4215 178.984 60.0417 13.0728
internal_count=1867 632 507 125 1235 1163 252 72 911 451 86
is_linear=0
shrinkage=0.03


Tree=161
num_leaves=10
num_cat=0
split_feature=75 81 36 64 41 136 107 150 120
split_gain=2.87899 3.53699 9.52913 8.3787 7.80658 7.77114 6.09482 4.28951 2.30839
threshold=0.33535674004593069 0.076573111105274566 376.97500000000002 0.65073726541554977 0.26259981607576327 1121.0000000000002 0.31169897366105459 0.18319876970396004 0.57891757246376818
decision_type=2 2 2 2 2 2 2 2 2
left_child=8 2 6 4 -3 -5 -2 -4 -1
right_child=1 3 7 5 -6 -7 -8 -9 -10
leaf_value=-0.0015894974806198387 -0.0096437232683963779 -0.010735526965523608 0.037533398178892695 0.00073322577566782164 0.01204035820411971 -0.022924179534098477 0.0048937090861406272 0.0065053635075544829 -0.034225975423557306
leaf_weight=3.8709019422531119 96.417233273386955 15.944716326892374 6.3770537003874805 53.826387867331505 89.962560333311558 16.275152888149023 35.516417123377323 10.803084246814249 3.9315666984766722
leaf_count=30 525 91 32 328 468 119 183 56 35
internal_value=-2.61897e-05 0.000405986 -0.00299358 0.00328608 0.00861137 -0.00475921 -0.00573026 0.0180226 -0.0180346
internal_weight=332.925 325.123 149.114 176.009 105.907 70.1015 131.934 17.1801 7.80247
internal_count=1867 1802 796 1006 559 447 708 88 65
is_linear=0
shrinkage=0.03


Tree=162
num_leaves=13
num_cat=0
split_feature=28 108 107 5 75 28 19 14 112 109 62 141
split_gain=2.88447 7.89266 6.25355 5.64946 6.59092 5.23282 7.94592 8.42013 7.86677 5.94403 5.3631 3.94164
threshold=0.96930560215686079 0.11851131883901685 0.045212035737601471 5.5000000000000009 0.52195646342918189 1.6192471037944232 2.4738645632989664 2.7007821650847132 3.2590191734843965 0.98235243262682181 0.52856173677069207 128.50000000000003
decision_type=2 2 2 2 2 2 2 2 2 2 2 2
left_child=1 2 -1 -3 -5 9 8 -8 -7 10 -2 -4
right_child=5 3 11 4 -6 6 7 -9 -10 -11 -12 -13
leaf_value=0.029325768342164018 0.0033874607586860095 -0.0065323977479827379 -0.025296001100841181 0.012959028951405936 0.048839765697402782 -0.0011727123654407476 -0.023081762737171919 0.0037380945755480528 0.036699703883703173 -0.033605103943751734 -0.0077910333334986837 -0.0009380789279678876
leaf_weight=4.2567476928234127 62.854395562782884 6.3094738423824337 9.4814295023679751 12.629187669605018 7.2539670355617991 8.5027593672275561 12.264164283871649 74.736920140683651 11.768021188676355 6.1168037280440322 100.21265443041921 16.186762450262904
leaf_count=20 361 37 77 66 35 41 68 376 55 39 561 131
internal_value=-2.60353e-05 0.00617514 -0.0043507 0.0182008 0.0260494 -0.00128481 0.00389857 -4.2584e-05 0.0208138 -0.00457135 -0.00348227 -0.00993552
internal_weight=332.573 56.1176 29.9249 26.1926 19.8832 276.456 107.272 87.0011 20.2708 169.184 163.067 25.6682
internal_count=1867 366 228 138 101 1501 540 444 96 961 922 208
is_linear=0
shrinkage=0.03


Tree=163
num_leaves=9
num_cat=0
split_feature=131 134 45 89 89 107 3 98
split_gain=2.90241 5.57819 3.72598 5.24427 3.94651 4.05548 2.55413 0.0235917
threshold=1.195720965444681 5394.5000000000009 0.64400921658986188 1206.5000000000002 11782.000000000002 0.045927318493947759 1.1284065813931219 1.3152392577928413
decision_type=2 2 2 2 2 2 2 2
left_child=2 -2 4 -4 5 -1 -3 -8
right_child=1 6 3 -5 -6 -7 7 -9
leaf_value=0.0078344489192601445 0.01576595345657239 -0.0081748440252367091 0.035006795671632666 -0.00063949194314451003 0.025087104915380999 -0.0020482830385078468 -0.03754898882961618 -0.033927382090522734
leaf_weight=43.915752656757832 4.678535200655463 5.7648056223988515 6.6826445870101443 8.3629719801247102 5.4938969314098349 250.74564139731228 2.9774278476834297 3.5476873070001602
leaf_count=224 25 40 34 51 25 1401 21 46
internal_value=-2.60542e-05 -0.0121124 0.000624597 0.0151931 -0.000105666 -0.00057538 -0.0227251 -0.0355799
internal_weight=332.169 16.9685 315.201 15.0456 300.155 294.661 12.2899 6.52512
internal_count=1867 132 1735 85 1650 1625 107 67
is_linear=0
shrinkage=0.03


Tree=164
num_leaves=7
num_cat=0
split_feature=139 89 41 125 149 78
split_gain=2.87257 4.24726 3.90522 7.04661 6.93056 3.75095
threshold=620.00000000000011 11782.000000000002 1.6957340661630773 0.40300636219632602 27.500000000000004 0.004426411520752376
decision_type=2 2 2 2 2 2
left_child=1 2 4 -4 -1 -2
right_child=5 -3 3 -5 -6 -7
leaf_value=-3.7310878808459997e-05 -0.027547455941858114 0.027085237429764909 -0.0051042885516273317 0.019810091607928453 0.014808017763231998 0.0040971256194091534
leaf_weight=122.70390976779163 7.5935654602944833 5.3387449681758872 142.42824099957943 11.006517615169285 36.788571320474148 6.06283088773489
leaf_count=726 44 24 798 69 176 30
internal_value=-2.5636e-05 0.000552475 9.98089e-05 -0.00331708 0.00338692 -0.0134987
internal_weight=331.922 318.266 312.927 153.435 159.492 13.6564
internal_count=1867 1793 1769 867 902 74
is_linear=0
shrinkage=0.03


Tree=165
num_leaves=12
num_cat=0
split_feature=56 86 19 56 64 53 98 26 75 27 120
split_gain=2.79108 4.00379 4.29744 6.38847 5.00637 3.5652 5.35221 4.8311 3.85475 4.41152 3.41274
threshold=0.37223295176916588 3753.0000000000005 4.4359296065011389 0.63392299066721913 0.82074410069077763 0.057596063447554711 0.082075287372371172 -0.30103216222805235 0.54938919941843223 1.5452459203517896 0.36972532555326271
decision_type=2 2 2 2 2 2 2 2 2 2 2
left_child=5 -2 3 -3 -4 8 -7 -8 10 -10 -1
right_child=1 2 4 -5 -6 6 7 -9 9 -11 -12
leaf_value=0.005634479919393115 0.024054389447914923 0.0090811969886106913 0.018290111963016321 -0.0099207592980135612 -0.010886300620652033 -0.021497680827857819 2.1844768286306996e-05 0.025277990603155293 -0.0084249562677835618 0.028101790409655821 -0.022658984846214224
leaf_weight=4.7409931384027031 8.2847664356231672 27.303258460015059 23.355361796915535 38.205815721303225 6.8440570160746566 10.028206955641506 171.37350972183049 7.0987374633550635 10.185144519433377 4.2041854858398429 20.118806729093194
leaf_count=25 38 141 110 209 40 57 961 32 82 19 153
internal_value=-2.51835e-05 0.00404705 0.00231517 -0.00200101 0.0116779 -0.00188462 -0.000171871 0.00102641 -0.0101104 0.0022472 -0.0172632
internal_weight=331.743 103.993 95.7085 65.5091 30.1994 227.75 188.5 178.472 39.2491 14.3893 24.8598
internal_count=1867 538 500 350 150 1329 1050 993 279 101 178
is_linear=0
shrinkage=0.03


Tree=166
num_leaves=6
num_cat=0
split_feature=149 16 70 1 39
split_gain=2.78973 3.4409 5.0018 6.32652 5.53545
threshold=69.500000000000014 -4.0261175946763457 4.907569224956708 90.695736703235681 1.3629374860413603
decision_type=2 2 2 2 2
left_child=1 -1 4 -4 -3
right_child=-2 2 3 -5 -6
leaf_value=-0.019172808693898102 0.021010393197282529 -0.020541282961711798 0.014326132759217007 -0.0074800452807442172 -0.00064895419133006017
leaf_weight=8.543411295861004 5.5786376595497122 13.270344406366346 41.603014715015888 16.81356143578887 245.55172500759363
leaf_count=44 27 71 197 112 1416
internal_value=-2.50163e-05 -0.000385223 0.000120737 0.00804984 -0.00166888
internal_weight=331.361 325.782 317.239 58.4166 258.822
internal_count=1867 1840 1796 309 1487
is_linear=0
shrinkage=0.03


Tree=167
num_leaves=9
num_cat=0
split_feature=112 112 24 89 147 31 19 12
split_gain=2.79993 5.09931 3.69759 4.86978 4.18586 3.16354 6.87743 4.26861
threshold=1.5948421800369876 1.82368616342982 -2.5999671718415329 2843.5000000000005 -9.1812139783658839 1.5000000000000002 6.7777110024741853 9.3377958542222679
decision_type=2 2 2 2 2 2 2 2
left_child=2 -2 -1 -4 -5 7 -7 -3
right_child=1 5 3 4 -6 6 -8 -9
leaf_value=0.030104969792923566 -0.024092534374372795 -0.0031929433815885873 -0.020054774072096597 0.030248828123715075 -0.004275537534086318 0.031741502913774464 -0.00030036146374813659 0.0058605323492078405
leaf_weight=6.0468682199716595 8.2333414331078512 209.45723632909358 5.6694784760475185 6.4780800044536626 6.1719017475843376 8.6103709265589732 20.108310963958502 60.38217468559742
leaf_count=27 49 1179 31 31 32 39 114 365
internal_value=-2.44666e-05 -0.000801877 0.00976375 0.00304955 0.0134045 -0.000159591 0.00930636 -0.00116704
internal_weight=331.158 306.791 24.3663 18.3195 12.65 298.558 28.7187 269.839
internal_count=1867 1746 121 94 63 1697 153 1544
is_linear=0
shrinkage=0.03


Tree=168
num_leaves=10
num_cat=0
split_feature=11 15 3 149 143 81 15 23 117
split_gain=2.76718 4.24287 3.20985 5.29094 5.84973 5.21837 7.34548 6.22762 4.69482
threshold=2.4852497397781623 -0.21872755856399811 1.3764479004409431 27.500000000000004 8.0314101421333941 0.094850030481510292 5.2444300843779557 -6.0967655002179244 13.500000000000002
decision_type=2 2 2 2 2 2 2 2 2
left_child=1 -1 5 4 -4 7 -7 -2 -5
right_child=2 -3 3 8 -6 6 -8 -9 -10
leaf_value=0.031792971119813156 -0.018023678301192184 -0.0023269682719868979 -0.015721522466482011 0.025775552224329638 0.0031132885480462131 0.0088860010840474107 -0.019424805711697253 4.4261066464582497e-05 -0.0069029515017458307
leaf_weight=6.0969595015048981 20.211573980748653 7.0995740219950658 44.159461861476302 8.1452814862132055 22.352925231680274 92.031972777098417 9.0601863823831064 114.05679123103619 7.6945032328367224
leaf_count=28 108 37 318 41 188 460 59 582 46
internal_value=-2.40046e-05 0.0134369 -0.000583116 -0.00568083 -0.00939168 0.00120056 0.0063487 -0.00267553 0.00990129
internal_weight=330.909 13.1965 317.713 82.3522 66.5124 235.361 101.092 134.268 15.8398
internal_count=1867 65 1802 593 506 1209 519 690 87
is_linear=0
shrinkage=0.03


Tree=169
num_leaves=11
num_cat=0
split_feature=131 134 25 25 97 21 18 75 3 91
split_gain=2.75717 5.30157 3.60762 6.8824 6.28663 4.7652 4.62082 3.78008 2.49569 0.0200453
threshold=1.195720965444681 5394.5000000000009 -0.15615767174667897 -0.2727672277633359 2.3660491352897726 5.5672985209587074 -0.18556901219065722 0.50396219147266141 1.1284065813931219 6.6824139387226822
decision_type=2 2 2 2 2 2 2 2 2 2
left_child=2 -2 3 5 -5 -1 -4 -8 -3 -10
right_child=1 8 6 4 -6 -7 7 -9 9 -11
leaf_value=-0.003739766008155768 0.015228849652666394 -0.0080567040513785156 -0.037500477764211275 0.043508848464105264 0.0074670644152020627 0.0041250321168236894 0.016480717756737456 -0.020667394874595586 -0.037001418901736395 -0.033623537467095392
leaf_weight=143.46867044456303 4.6774545758962658 5.7346847727894765 4.9483483135700235 6.0865011066198376 15.315890088677405 134.17969466373324 4.9625190496444667 4.8990836702287197 3.2850803099572659 3.0482823401689529
leaf_count=776 25 40 27 27 78 765 31 31 25 42
internal_value=-2.39265e-05 -0.0118848 0.000608891 0.00132465 0.0177168 6.10711e-05 -0.0138441 -0.00197386 -0.0223938 -0.0353756
internal_weight=330.606 16.7455 313.861 299.051 21.4024 277.648 14.81 9.8616 12.068 6.33336
internal_count=1867 132 1735 1646 105 1541 89 62 107 67
is_linear=0
shrinkage=0.03


Tree=170
num_leaves=14
num_cat=0
split_feature=57 57 29 3 82 75 24 67 78 112 80 148 109
split_gain=2.7571 6.78232 7.96039 8.4501 7.72958 7.98046 6.49371 6.49172 7.7843 7.23264 5.05742 3.32256 2.55347
threshold=2.1023692620773375 2.8172434291633386 0.23845412230895002 0.92178950161063211 67.53958303986478 0.51454291335123958 -1.0926498526987947 5.8452380952380958 0.0013102104576509768 2.5938896391908171 2.5000000000000004 25.500000000000004 0.41282477657419142
decision_type=2 2 2 2 2 2 2 2 2 2 2 2 2
left_child=7 2 -2 -4 5 -3 -6 8 12 -10 11 -9 -1
right_child=1 4 3 -5 6 -7 -8 10 9 -11 -12 -13 -14
leaf_value=-0.032047945797936912 -0.020161162820404439 -0.0090640968474137579 -0.0010580033484862339 0.03154642281936839 0.0043912282077705799 0.004912424381899848 0.039356890164251028 -0.012339138878327521 0.011944289943143737 -0.00792263995488896 0.032152271598587037 0.019363394542168112 -0.0039547425192970071
leaf_weight=12.555178936570885 5.2772113010287276 82.228868972510099 11.234671756625177 19.696299530565739 13.666909769177439 66.506018694490194 7.351649895310401 7.292733386158945 21.927120573818684 66.53708903118968 7.2667515687644473 5.0256200060248375 3.7911131829023352
leaf_count=124 30 474 58 89 72 342 34 63 113 382 39 27 20
internal_value=-2.37373e-05 0.00210619 0.0138937 0.0197039 -0.000408074 -0.00281457 0.0166211 -0.00355026 -0.00651276 -0.00299834 0.0123037 0.000594805 -0.0255324
internal_weight=330.357 205.962 36.2082 30.931 169.753 148.735 21.0186 124.396 104.811 88.4642 19.5851 12.3184 16.3463
internal_count=1867 1099 177 147 922 816 106 768 639 495 129 90 144
is_linear=0
shrinkage=0.03


Tree=171
num_leaves=12
num_cat=0
split_feature=103 119 119 12 48 74 128 106 28 18 117
split_gain=2.7755 5.00007 7.14326 5.75293 4.89103 5.11455 5.67438 4.84855 5.34098 4.6282 4.28159
threshold=0.33550374953959999 0.41292915005786296 0.44763255732970092 9.3377958542222679 1.1751361998014083 0.45867486338797819 0.31138311259301493 0.018397061265026906 0.96930560215686079 -1.1736015328090754 7.5000000000000009
decision_type=2 2 2 2 2 2 2 2 2 2 2
left_child=1 7 9 -4 5 -2 -7 10 -9 -3 -1
right_child=4 2 3 -5 -6 6 -8 8 -10 -11 -12
leaf_value=-0.034614722021719432 -0.03701121495192846 0.047105782693827654 -0.0015170801376256341 0.013607370502697043 0.011938065582725832 -0.023000121118862082 0.0029685239517485257 0.018123288527075673 -0.0038376081573074702 0.013096113005251035 -9.7296377939808869e-05
leaf_weight=7.9771917760372144 5.9955567345023146 4.2349852919578579 108.69252862036228 28.587803807109594 10.063809892162679 12.165715347975491 20.05952451005578 11.187046620994805 91.389332503080368 24.064427971839905 5.4396585151553154
leaf_count=48 41 18 590 184 57 72 131 69 495 134 28
internal_value=-2.3955e-05 0.00111561 0.00446161 0.0016325 -0.00666933 -0.0115688 -0.00683519 -0.0036608 -0.00144254 0.0181856 -0.0206202
internal_weight=329.858 281.573 165.58 137.28 48.2846 38.2208 32.2252 115.993 102.576 28.2994 13.4169
internal_count=1867 1566 926 774 301 244 203 640 564 152 76
is_linear=0
shrinkage=0.03


Tree=172
num_leaves=15
num_cat=0
split_feature=132 109 104 63 132 74 31 101 87 52 86 23 100 25
split_gain=2.73213 5.5611 5.29289 5.38086 4.12758 3.68783 6.29026 9.52597 6.14392 8.63636 8.12201 5.05511 3.21355 2.87098
threshold=1.5368595210771192 0.20966093294548138 0.52500399127511477 0.44708846584546474 2.3320822079889219 0.51787994891443179 1.5000000000000002 0.15388162083423571 1381.5000000000002 3450.0000000000005 38670.500000000007 -6.1029571122748552 0.5671036366954666 -1.030071139410927
decision_type=2 2 2 2 2 2 2 2 2 2 2 2 2 2
left_child=5 4 -3 -4 13 8 11 -8 10 -10 -1 -7 -6 -2
right_child=1 2 3 -5 12 6 7 -9 9 -11 -12 -13 -14 -15
leaf_value=-0.0022479956174681509 -0.0096774931937421253 0.029483650232701782 0.0139834212767567 -0.020636793281293777 -0.017893130893042848 -0.010825746514121753 -0.010519360569511955 0.038271964991455812 0.015288203381863451 -0.0080754934173161257 -0.026662616391577861 0.0042771627581426616 0.023156600831887343 -0.034960063717421136
leaf_weight=37.522867485880852 6.7226422093808695 5.519333433359864 7.558860860764983 8.6806077808141691 3.4190676584839812 23.500974699854851 5.4515743479132679 10.611232526600359 28.9137943983078 28.05648223683238 18.216959115117788 131.85016430169344 3.4464497119188309 10.138723568990827
leaf_count=202 42 27 38 49 36 122 30 51 153 181 107 705 24 100
internal_value=-2.39311e-05 -0.00685028 0.00410358 -0.00452239 -0.0168955 0.00106891 0.00384038 0.0217126 -0.00314606 0.00378215 -0.0102272 0.00199245 0.0027136 -0.0248799
internal_weight=329.61 45.4857 21.7588 16.2395 23.7269 284.124 171.414 16.0628 112.71 56.9703 55.7398 155.351 6.86552 16.8614
internal_count=1867 316 114 87 202 1551 908 81 643 334 309 827 60 142
is_linear=0
shrinkage=0.03


Tree=173
num_leaves=14
num_cat=0
split_feature=56 1 66 2 49 53 125 28 83 75 109 120 22
split_gain=2.71373 3.80238 6.19611 7.89102 5.48126 3.21443 4.20327 11.0425 7.01668 3.64227 4.20135 3.34049 3.13169
threshold=0.37223295176916588 98.493264824329955 3.4912619915222733 86.644528779253662 95400.000000000015 0.057596063447554711 0.30188854369600721 1.1094544929568475 5.5683351854354681 0.54938919941843223 0.098945649951069706 0.36972532555326271 6.20428906704801
decision_type=2 2 2 2 2 2 2 2 2 2 2 2 2
left_child=5 2 4 -4 -2 9 8 -8 -7 11 -11 -1 -3
right_child=1 12 3 -5 -6 6 7 -9 -10 10 -12 -13 -14
leaf_value=0.0059865355747248696 0.0073760742676791564 -0.035703648834540844 -0.0065903629293405713 0.035259451551610116 -0.010198858355903413 0.0010106995967958437 0.038908972162102588 -0.0036051879480371472 -0.014967224982665091 0.020360020124725358 -0.012351214880557628 -0.022201358066229394 -0.00023020502294459507
leaf_weight=4.6833454705774811 52.46345841884613 3.6951971426606161 6.0490341782569912 12.300934217870234 22.961001038551331 132.94858861342072 8.5220832750201243 15.497710406780241 30.390648145228624 6.3955990262329561 7.8972048219293356 19.69960605725646 5.686933372169733
leaf_count=25 250 38 31 57 118 695 41 88 226 44 57 153 44
internal_value=-2.43315e-05 0.00400766 0.00582949 0.0214637 0.00202585 -0.00186443 -0.000239002 0.0114786 -0.00196213 -0.00973857 0.00228608 -0.0167872 -0.0142016
internal_weight=329.191 103.157 93.7744 18.35 75.4245 226.035 187.359 24.0198 163.339 38.6758 14.2928 24.383 9.38213
internal_count=1867 538 456 88 368 1329 1050 129 921 279 101 178 82
is_linear=0
shrinkage=0.03


Tree=174
num_leaves=7
num_cat=0
split_feature=139 89 41 125 149 78
split_gain=2.69317 4.04463 3.68929 6.32067 6.12679 3.50535
threshold=620.00000000000011 11782.000000000002 1.6957340661630773 0.40300636219632602 27.500000000000004 0.0034354425947672696
decision_type=2 2 2 2 2 2
left_child=1 2 4 -4 -1 -2
right_child=5 -3 3 -5 -6 -7
leaf_value=5.4507651491118023e-05 -0.029343194729375653 0.026499475459424538 -0.0049581568544710746 0.01864842497718093 0.014049619581654493 0.001360764576103277
leaf_weight=121.41834056191146 6.3590079396963102 5.3090335428714743 140.88446989096701 11.005387980490921 36.651017986238003 7.0638272166252136
leaf_count=726 38 24 798 69 176 36
internal_value=-2.44541e-05 0.000535872 9.11634e-05 -0.00324771 0.00329951 -0.0131851
internal_weight=328.691 315.268 309.959 151.89 158.069 13.4228
internal_count=1867 1793 1769 867 902 74
is_linear=0
shrinkage=0.03


Tree=175
num_leaves=7
num_cat=0
split_feature=109 146 44 13 68 24
split_gain=2.68159 3.40708 4.22027 5.61658 4.71547 2.75307
threshold=0.0084505321238424868 53.463439780174106 4.4430890963919412 6.1140551297498424 7.8586789554531498 -0.74614435358173481
decision_type=2 2 2 2 2 2
left_child=5 2 4 -4 -2 -1
right_child=1 -3 3 -5 -6 -7
leaf_value=0.029383489209138337 -0.00056963007107876354 0.021234719505715354 0.0074627929204123481 -0.021131103360206259 0.021483417427396671 -0.00050535131402737487
leaf_weight=5.5601286739110947 273.62994226254523 6.3433997780084601 9.0868020839989203 19.343883834779263 9.0137524679303151 5.5342737808823568
leaf_count=29 1532 38 57 134 45 32
internal_value=-2.40076e-05 -0.000530739 -0.000974578 -0.0119921 0.000133661 0.0144739
internal_weight=328.512 317.418 311.074 28.4307 282.644 11.0944
internal_count=1867 1806 1768 191 1577 61
is_linear=0
shrinkage=0.03


Tree=176
num_leaves=9
num_cat=0
split_feature=85 125 151 8 73 30 94 24
split_gain=2.65525 4.62645 5.81501 4.30982 4.07491 3.40072 2.47237 1.17178
threshold=4.9650520616777936 0.40300636219632602 1.0000000180025095e-35 9.3475211339656887 0.21010186757215624 0.41763263195580397 2.2007313877650798 -0.2483511372160799
decision_type=2 2 2 2 2 2 2 2
left_child=1 2 -1 -4 -3 -2 -7 -8
right_child=5 4 3 -5 -6 6 7 -9
leaf_value=-0.024569782855936004 0.013282114851556771 0.031551301845382178 -0.000200652347332912 0.020188119149296451 0.001377754690568345 -0.00081238052375974751 -0.034824647418950305 -0.01058756359735003
leaf_weight=8.5857116468250734 3.8786066770553616 7.9510542005300548 276.70744632184505 9.6564316824078542 8.1644366905093175 4.6119077000766984 6.3036939986050129 2.5101225282996875
leaf_count=54 31 37 1488 50 45 54 71 37
internal_value=-2.35762e-05 0.000612698 -0.000242502 0.000486874 0.0162648 -0.0114613 -0.0186095 -0.0279221
internal_weight=328.369 311.065 294.95 286.364 16.1155 17.3043 13.4257 8.81382
internal_count=1867 1674 1592 1538 82 193 162 108
is_linear=0
shrinkage=0.03


Tree=177
num_leaves=13
num_cat=0
split_feature=57 57 71 3 75 98 11 80 71 96 13 108
split_gain=2.70921 6.05461 8.17311 9.65237 5.49667 5.86395 5.68864 5.1075 4.32859 4.46936 3.1665 1.5829
threshold=2.1023692620773375 2.8172434291633386 1.1858642202886005 0.92178950161063211 0.51454291335123958 2.0213187808115811 2.8230604627739599 1.5000000000000002 0.96860654516547429 2.1736156329001557 8.0130632434710396 0.21940501644941227
decision_type=2 2 2 2 2 2 2 2 2 2 2 2
left_child=7 2 -2 -4 6 -6 -3 10 -9 -10 11 -1
right_child=1 4 3 -5 5 -7 -8 8 9 -11 -12 -13
leaf_value=-0.036081324190826082 -0.017528882643022676 0.021437540038063474 -0.0018189326579038125 0.033351283749978818 0.0020029381821850024 0.024829310071863942 -0.0076337311125128007 0.0253014235431906 0.010680461515002005 -0.0054946389014278833 -0.0016880730471343342 -0.011786604538055748
leaf_weight=7.5130823757499474 6.3922669403254977 6.5441834032535544 11.390716947615148 18.315914787352085 68.650215979665518 11.881903417408465 81.526170294731855 5.3241442590951911 18.932811263948679 81.796529775485396 6.3402736186981192 3.5560310855507851
leaf_count=87 35 29 59 83 348 68 477 31 96 485 48 21
internal_value=-2.33608e-05 0.00209356 0.0132439 0.0198656 -0.000293804 0.0053708 -0.00547355 -0.00353322 -0.001061 -0.00245441 -0.0185933 -0.0282765
internal_weight=328.164 204.701 36.0989 29.7066 168.602 80.5321 88.0704 123.463 106.053 100.729 17.4094 11.0691
internal_count=1867 1099 177 142 922 416 506 768 612 581 156 108
is_linear=0
shrinkage=0.03


Tree=178
num_leaves=13
num_cat=0
split_feature=107 22 4 132 33 18 160 18 41 14 108 145
split_gain=2.60942 6.74318 8.5282 4.07053 4.02359 8.95897 8.83405 6.71467 4.83708 7.60526 7.39398 3.37344
threshold=0.045927318493947759 2.5589771036327922 45.890091003811342 0.97360627196276395 1.5000000000000002 0.39516799597519325 0.75000000000000011 0.92301096163575214 1.6957340661630773 5.8579778554515629 0.53078064368231037 3.4444748175941848
decision_type=2 2 2 2 2 2 2 2 2 2 2 2
left_child=1 -1 3 -3 8 6 -6 -7 10 -10 -2 -4
right_child=4 2 11 -5 5 7 -8 -9 9 -11 -12 -13
leaf_value=-0.022389937863086028 -0.0020862584461414425 0.027737660651050596 -0.019980333360849742 0.002066280097277353 0.027061364906547675 -0.029219393915016701 -0.00045862126143701335 -0.00010492627271256198 -0.016208130247252362 0.0041723493999899575 0.029743132590070782 0.0083318979018266928
leaf_weight=6.4014025777578345 71.023389898240566 19.914534874260429 8.4790750257670862 7.7116159051656714 22.313028745353222 7.8906151764094821 19.825733061879873 73.895723216235638 52.095266528427601 24.10328977368772 7.2378457710146895 6.8455572836101046
leaf_count=33 419 88 59 38 107 48 107 442 310 141 35 40
internal_value=-2.33994e-05 0.0063343 0.0106154 0.0205717 -0.0011505 0.00287606 0.0141136 -0.00291384 -0.00438105 -0.00976133 0.000857424 -0.00733318
internal_weight=327.737 49.3522 42.9508 27.6262 278.385 123.925 42.1388 81.7863 154.46 76.1986 78.2612 15.3246
internal_count=1867 258 225 126 1609 704 214 490 905 451 454 99
is_linear=0
shrinkage=0.03


Tree=179
num_leaves=11
num_cat=0
split_feature=131 134 25 25 75 125 18 75 3 83
split_gain=2.59318 4.8137 3.31036 6.24301 5.80116 4.68553 4.35182 3.56663 2.45175 0.0186781
threshold=1.195720965444681 5394.5000000000009 -0.15615767174667897 -0.27732193917313291 0.46052564701807169 0.24910832769924834 -0.18556901219065722 0.50396219147266141 1.1284065813931219 5.3093810919196551
decision_type=2 2 2 2 2 2 2 2 2 2
left_child=2 -2 3 5 -5 -1 -4 -8 -3 -10
right_child=1 8 6 4 -6 -7 7 -9 9 -11
leaf_value=-0.0017175474546268275 0.01411575269318455 -0.0076841082433864501 -0.036820118529783875 -0.011919480370463824 0.02471808130412766 0.0088355892830478278 0.016007422550603872 -0.020280343738882343 -0.037025287095064141 -0.033677729349332511
leaf_weight=228.62453779391944 4.6592075303196934 5.6267655082046968 4.7852828726172456 5.0124266967177418 17.363480806350708 45.38112366758287 4.9423888698220217 4.8102035894989967 2.7230552844703197 3.3401410412043333
leaf_count=1266 25 40 27 27 84 269 31 31 20 47
internal_value=-2.34339e-05 -0.011669 0.000588929 0.00127451 0.0165109 3.02748e-05 -0.013388 -0.00189054 -0.0219459 -0.0351812
internal_weight=327.269 16.3492 310.919 296.382 22.3759 274.006 14.5379 9.75259 11.69 6.0632
internal_count=1867 132 1735 1646 111 1535 89 62 107 67
is_linear=0
shrinkage=0.03


Tree=180
num_leaves=15
num_cat=0
split_feature=3 73 36 2 85 53 138 53 25 94 19 9 54 67
split_gain=2.60192 4.69118 6.20918 10.5835 7.21037 5.74026 7.8184 7.03102 4.18616 5.06453 6.39105 5.89497 4.40229 8.01742
threshold=1.3538997612109096 0.18274582560296851 301.85833333333341 86.070751216973321 1.723515581504472 0.6823009715706515 1677.5000000000002 0.51304949689573842 -0.9435763410710446 2.1731859031819498 4.5703336111055766 5.9417552504628963 0.14229750456350307 2.5506923207611285
decision_type=2 2 2 2 2 2 2 2 2 2 2 2 2 2
left_child=1 2 3 -1 -4 7 -7 -3 12 11 -11 -10 -2 -14
right_child=8 5 4 -5 -6 6 -8 -9 9 10 -12 -13 13 -15
leaf_value=-0.01515008254701487 -0.028343043404911974 0.0080594628321604272 0.02269314847837613 0.0060441927953645679 -0.0014631187716656138 0.023904963600899307 -0.01471867330056251 0.041601283128410986 8.3252660804714274e-05 -0.025244147792161456 0.0019716540940261282 0.030976026242334864 -0.023401051872815156 0.017377299464762703
leaf_weight=53.443315844982862 11.362214066088201 67.458590887486935 16.52622926235199 35.152324713766575 34.001043535768986 6.1881302595138576 19.839169573038816 6.1361718326807013 16.631596833467487 11.793524058535693 22.736859988421202 8.3502993024885637 9.2847548611462134 8.1466741487383825
leaf_count=282 103 344 81 181 177 30 112 28 117 112 143 49 64 44
internal_value=-2.33459e-05 0.00160403 -0.00195452 -0.00674077 0.0064378 0.00657358 -0.0055357 0.0108561 -0.00442315 0.000120235 -0.00732364 0.0104093 -0.0138137 -0.00434307
internal_weight=327.051 238.745 139.123 88.5956 50.5273 99.6221 26.0273 73.5948 88.3059 59.5123 34.5304 24.9819 28.7936 17.4314
internal_count=1867 1235 721 463 258 514 142 372 632 421 255 166 211 108
is_linear=0
shrinkage=0.03


Tree=181
num_leaves=13
num_cat=0
split_feature=57 67 78 112 98 46 100 109 82 128 128 109
split_gain=2.55612 5.71416 7.25659 6.37781 5.70312 12.7683 9.61064 6.38441 7.05708 4.65847 5.89419 2.41305
threshold=2.1023692620773375 5.8452380952380958 0.0013102104576509768 2.5938896391908171 2.0213187808115811 75.786231884057983 0.5869044872454362 0.02217622585651188 50.250329467580393 0.31138311259301493 1.0746769600269424 0.41282477657419142
decision_type=2 2 2 2 2 2 2 2 2 2 2 2
left_child=1 2 11 -4 7 6 -6 -2 -9 -3 -11 -1
right_child=4 9 3 -5 5 -7 -8 8 -10 10 -12 -13
leaf_value=-0.031544797683443364 0.021324863827424607 -0.0068016001068541467 0.011155352228516633 -0.0075579482023050981 0.015399151463252445 0.038328121902164045 -0.025647990142188607 -0.0047264916551868295 0.011746629556945542 0.044426449507862412 0.0021008319836579546 -0.0039892858339288621
leaf_weight=12.019615083932875 11.565651774406431 7.6463624741882112 21.855035491287708 65.565609365701675 13.377241488546135 11.885175697505472 8.33069149404764 130.09032424539328 28.540262751281261 5.9146929234266263 5.9299126788973808 3.7533042728900901
leaf_count=124 53 55 113 382 87 56 50 708 145 29 45 20
internal_value=-2.37844e-05 -0.00344502 -0.00625882 -0.00287965 0.00203586 0.0133322 -0.000353204 -0.000193794 -0.00176271 0.0114524 0.0232364 -0.0249877
internal_weight=326.474 122.685 103.194 87.4206 203.789 33.5931 21.7079 170.196 158.631 19.491 11.8446 15.7729
internal_count=1867 768 639 495 1099 193 137 906 853 129 74 144
is_linear=0
shrinkage=0.03


Tree=182
num_leaves=6
num_cat=0
split_feature=137 84 94 95 85
split_gain=2.56981 4.12373 3.36234 6.08083 5.2777
threshold=11768.000000000002 0.39682073179264987 2.0372522023210253 9.61336606636665 4.4700713422878424
decision_type=2 2 2 2 2
left_child=1 -1 3 -3 -4
right_child=-2 2 4 -5 -6
leaf_value=0.029208061244054236 0.021063903051119302 0.0017629554980090347 -0.0016836051928248706 0.031150262533689119 -0.021180080668543991
leaf_weight=4.189592406153678 5.1192681118845931 96.448583798483014 200.1771722510457 6.782680917531251 13.328137818723915
leaf_count=22 24 531 1101 44 145
internal_value=-2.38981e-05 -0.000360281 -0.000751393 0.00369381 -0.00290068
internal_weight=326.045 320.926 316.737 103.231 213.505
internal_count=1867 1843 1821 575 1246
is_linear=0
shrinkage=0.03


Tree=183
num_leaves=15
num_cat=0
split_feature=28 54 24 75 25 74 28 87 139 66 95 145 19 105
split_gain=2.56294 7.50016 9.40186 7.86316 7.5673 6.09225 4.68924 7.21762 10.3772 7.19448 12.8191 8.75891 6.75236 2.45054
threshold=0.96930560215686079 0.1576345359920939 -2.1707230940693836 0.50869583963892617 -0.93853603617876857 0.51787994891443179 1.6192471037944232 1381.5000000000002 217.50000000000003 3.2769063706563712 5.0076679358156992 2.2154289999397867 2.4738645632989664 0.22985027216766615
decision_type=2 2 2 2 2 2 2 2 2 2 2 2 2 2
left_child=1 3 -3 13 -5 -4 9 12 -9 11 -11 -2 -8 -1
right_child=6 2 5 4 -6 -7 7 8 -10 10 -12 -13 -14 -15
leaf_value=-0.033378031796822576 0.0012845284088501686 0.043003601475563334 -0.017691077087716698 -0.019614312453827033 0.024744402266498253 0.01736843221043834 0.01644917677729521 0.017965803270646216 -0.014462656894489865 0.049406591809744438 -0.00029918564374894731 -0.016271042943413 -0.010125328001487362 -0.004005113858024106
leaf_weight=7.9487660992890614 43.349495425820351 8.516037270426752 6.8035719227045801 5.3952375538647166 9.655383959412573 12.954096263274549 10.969101652503012 43.294070359319448 11.173154719173906 5.1068481206893912 54.548863017931581 62.390334948897362 39.933258511126041 3.7680849581956863
leaf_count=73 234 37 65 38 53 78 53 214 58 24 333 370 215 22
internal_value=-2.34148e-05 0.00587809 0.0166533 -0.00550343 0.00884301 0.00529566 -0.00122307 0.00372322 0.0113136 -0.00437424 0.00395589 -0.0090739 -0.00439871 -0.0239318
internal_weight=325.806 55.0412 28.2737 26.7675 15.0506 19.7577 270.765 105.37 54.4672 165.396 59.6557 105.74 50.9024 11.7169
internal_count=1867 366 180 186 91 143 1501 540 272 961 357 604 268 95
is_linear=0
shrinkage=0.03


Tree=184
num_leaves=5
num_cat=0
split_feature=149 16 0 16
split_gain=2.52435 3.18761 3.63336 4.14145
threshold=69.500000000000014 -4.0261175946763457 -0.25431221709350799 -1.7181720009791397
decision_type=2 2 2 2
left_child=1 -1 -3 -4
right_child=-2 2 3 -5
leaf_value=-0.018655921745120298 0.020067825853590997 0.025387674903717811 0.016775341336344528 -0.0010093423115973188
leaf_weight=8.3568300642073137 5.5323618799448004 5.0386036187410346 12.276387244462965 293.96655063517392
leaf_count=44 27 26 59 1711
internal_value=-2.37898e-05 -0.000371539 0.000119333 -0.000296406
internal_weight=325.171 319.638 311.282 306.243
internal_count=1867 1840 1796 1770
is_linear=0
shrinkage=0.03


Tree=185
num_leaves=13
num_cat=0
split_feature=107 32 95 53 90 47 76 1 59 13 23 116
split_gain=2.52216 6.3914 5.28338 5.20736 4.44307 3.78817 12.048 5.81811 6.74833 5.13782 4.4559 4.35689
threshold=0.045927318493947759 1.5000000000000002 5.1625946405750698 0.39377756201203795 1.3673618342422982 29.500000000000004 0.043564527260179439 98.069712539925021 1.810279641322148 8.2617426605674353 -3.0619230178329651 8.5000000000000018
decision_type=2 2 2 2 2 2 2 2 2 2 2 2
left_child=1 2 -1 4 -3 7 11 8 -2 -9 -8 -7
right_child=5 3 -4 -5 -6 6 10 9 -10 -11 -12 -13
leaf_value=0.0044265973324111351 0.0028546654414143223 0.0094281147351712828 0.038686259610107382 0.01567139479317926 -0.019314491269116382 -0.029165112541277041 0.049454536630313906 -0.03682925190730197 -0.0076455152574119662 -9.4107235318083933e-05 0.015466701973911133 0.0031539361045960709
leaf_weight=8.0529331639409083 141.29896352440119 7.2348073199391392 8.1526640802621824 10.786851473152636 14.624693702906368 6.1304466016590622 5.579345501959323 8.028276000171898 90.284663029015064 5.9780481383204451 9.1896258760243636 9.6845255624502879
leaf_count=40 756 35 40 51 92 69 26 66 505 39 54 94
internal_value=-2.31147e-05 0.00626035 0.0216618 -0.00138493 -0.00980159 -0.00113459 0.00882183 -0.00237448 -0.00123891 -0.0211503 0.0283065 -0.00937408
internal_weight=325.026 48.8519 16.2056 32.6464 21.8595 276.174 30.5839 245.59 231.584 14.0063 14.769 15.815
internal_count=1867 258 80 178 127 1609 243 1366 1261 105 80 163
is_linear=0
shrinkage=0.03


Tree=186
num_leaves=11
num_cat=0
split_feature=131 86 25 25 97 21 18 147 1 76
split_gain=2.46734 4.72817 3.14715 5.70212 6.34828 4.50477 4.19759 2.91008 1.79052 0.733287
threshold=1.195720965444681 7490.5000000000009 -0.15615767174667897 -0.27732193917313291 2.3660491352897726 5.5672985209587074 -0.18556901219065722 -14.995945528076499 79.981946951812262 0.063463751438434995
decision_type=2 2 2 2 2 2 2 2 2 2
left_child=2 -2 3 5 -5 -1 -4 -8 -3 -10
right_child=1 8 6 4 -6 -7 7 -9 9 -11
leaf_value=-0.0036883063921342332 0.016155186717835026 -0.0057944144390061443 -0.036452656097103513 0.041558699026187029 0.0058788209970436827 0.0040396878541533818 -0.017837484414914791 0.015123606918558356 -0.017688718170450903 -0.037041775746423269
leaf_weight=140.50791394524276 4.1389822773635414 4.3831987977027875 4.6845265924930581 6.2196004837751415 16.119941726326942 131.34577502496541 4.9676659777760497 4.6835118755698177 2.7944161351770163 4.7694955766201019
leaf_count=774 25 29 27 28 83 761 32 30 39 39
internal_value=-2.33209e-05 -0.0114778 0.000573891 0.00124274 0.0158125 4.54645e-05 -0.013152 -0.00184217 -0.021051 -0.029892
internal_weight=324.615 16.0861 308.529 294.193 22.3395 271.854 14.3357 9.65118 11.9471 7.56391
internal_count=1867 132 1735 1646 111 1535 89 62 107 78
is_linear=0
shrinkage=0.03


Tree=187
num_leaves=11
num_cat=0
split_feature=56 16 34 56 139 121 101 124 63 98
split_gain=2.50544 3.67916 5.72134 3.93883 7.50274 5.52327 3.10983 4.65845 6.54503 4.54874
threshold=0.37223295176916588 5.9653178166886871 1.0000000180025095e-35 1.0563500992989823 11.500000000000002 0.91456463520555886 2.5280698111779958 0.82618257216028246 0.49731182795698931 0.93231316430700595
decision_type=2 2 2 2 2 2 2 2 2 2
left_child=6 3 -3 5 -5 -2 7 9 -9 -1
right_child=1 2 -4 4 -6 -7 -8 8 -10 -11
leaf_value=-0.004845887339879445 -0.002983314264933493 -0.0015714937334927986 0.034275305103221354 -0.040275197828527128 -0.00024615463301707794 0.015362338789420334 0.017100771654090435 -0.025333664703543746 -0.001411703032208438 0.0049103558905080162
leaf_weight=91.985119596123695 31.199583277106285 7.7105725072324303 8.343096971511839 5.2647850438952473 21.117847800254822 28.047081002965569 7.564629051834344 17.656716611236334 24.683112716302276 80.780928453430533
leaf_count=506 159 53 38 32 109 147 42 125 180 476
internal_value=-2.307e-05 0.00387869 0.0170581 0.00140784 -0.00823415 0.00570143 -0.00180482 -0.00246967 -0.0113877 -0.000284121
internal_weight=324.353 101.683 16.0537 85.6293 26.3826 59.2467 222.671 215.106 42.3398 172.766
internal_count=1867 538 91 447 141 306 1329 1287 305 982
is_linear=0
shrinkage=0.03


Tree=188
num_leaves=13
num_cat=0
split_feature=103 119 119 110 147 26 20 48 62 149 124 18
split_gain=2.52811 4.47957 6.67638 7.37055 4.88987 5.59219 4.43818 4.23528 4.71076 5.0202 4.75669 4.11643
threshold=0.33550374953959999 0.41292915005786296 0.44763255732970092 1.1000907429760254 2.7719330876110186 -3.1493233462755912 6.5670484145415546 1.1751361998014083 0.60807320907253548 27.500000000000004 0.41719671327626051 0.39516799597519325
decision_type=2 2 2 2 2 2 2 2 2 2 2 2
left_child=1 4 11 -4 5 -1 -6 8 9 -2 -10 -3
right_child=7 2 3 -5 6 -7 -8 -9 10 -11 -12 -13
leaf_value=0.018948427162246546 -0.033349979000711516 0.03146066847143663 0.033716764723494351 -2.6481544041504148e-05 -0.022100947455196623 -0.0028979066149009344 0.00052829605849549408 0.010976449374967355 -0.021759969553089009 -0.0023333476076216543 0.011369246963967076 0.0080370274148914237
leaf_weight=12.458189204335211 11.950133893638851 11.417063962668182 6.1016056910157195 128.96936412993819 19.993602991104126 68.687818892300129 12.790117893368004 9.9098096042871457 5.8744232505559948 7.737333081662654 11.608284529298542 16.526597641408443
leaf_count=54 102 55 28 746 125 377 84 57 31 44 67 97
internal_value=-2.29921e-05 0.00106959 0.00425928 0.00149781 -0.00349433 0.000456119 -0.0132725 -0.00645 -0.011096 -0.0211602 0.000237388 0.0176073
internal_weight=324.024 276.944 163.015 135.071 113.93 81.146 32.7837 47.08 37.1702 19.6875 17.4827 27.9437
internal_count=1867 1566 926 774 640 431 209 301 244 146 98 152
is_linear=0
shrinkage=0.03


Tree=189
num_leaves=9
num_cat=0
split_feature=45 47 76 46 1 116 22 110
split_gain=2.52206 3.18552 9.73599 6.26361 5.92437 4.41031 4.37654 3.60635
threshold=0.71080139372822315 29.500000000000004 0.043564527260179439 50.76315789473685 97.479516733786994 8.5000000000000018 5.5265825555423751 4.1603207305614456
decision_type=2 2 2 2 2 2 2 2
left_child=1 3 5 7 -5 -3 -4 -1
right_child=-2 2 6 4 -6 -7 -8 -9
leaf_value=-0.026981275974666367 0.017023132210150053 -0.025905261354508366 0.0057562361963146205 0.00096711234420881358 -0.017483958442531523 0.0050735662443400203 0.038308688970458846 -0.0010431089708549922
leaf_weight=13.006409499794247 7.6275242716073981 6.8035449068993357 6.1034476496279231 245.57502596452832 16.728682842105627 10.548910280689595 9.5071311965584737 7.6687160506844512
leaf_count=91 45 74 33 1306 119 101 48 50
internal_value=-2.30486e-05 -0.000434581 0.00839157 -0.0014627 -0.000209623 -0.0070726 0.0255813 -0.0173604
internal_weight=323.569 315.942 32.963 282.979 262.304 17.3525 15.6106 20.6751
internal_count=1867 1822 256 1566 1425 175 81 141
is_linear=0
shrinkage=0.03


Tree=190
num_leaves=9
num_cat=0
split_feature=137 70 138 67 28 28 138 123
split_gain=2.50022 3.11239 5.3568 5.59939 4.05469 7.33224 5.23053 3.85787
threshold=11768.000000000002 4.907569224956708 7901.5000000000009 5.5675324675324687 1.3436788304685705 1.6192471037944232 10455.500000000002 0.1230157154211195
decision_type=2 2 2 2 2 2 2 2
left_child=1 4 3 -3 6 -6 -1 -4
right_child=-2 2 7 -5 5 -7 -8 -9
leaf_value=0.0051367451631364261 0.020850910539356032 -0.0027541164234369591 0.043069492745388321 0.024273618691413 -0.013524614134143407 0.00089570344893651825 -0.009963038647374179 0.0087630490518758406
leaf_weight=98.884874187409878 5.0831248536705962 44.910628037527204 5.1913566738367063 8.1506605222821218 57.821215610951185 70.338831283152103 26.094979713670909 6.8332815505564213
leaf_count=549 24 251 24 40 349 371 221 38
internal_value=-2.29861e-05 -0.000356412 0.00549468 0.00139757 -0.00186081 -0.00561023 0.00198401 0.0235741
internal_weight=323.309 318.226 65.0859 53.0613 253.14 128.16 124.98 12.0246
internal_count=1867 1843 353 291 1490 720 770 62
is_linear=0
shrinkage=0.03


Tree=191
num_leaves=7
num_cat=0
split_feature=139 89 39 137 33 16
split_gain=2.44764 3.4576 3.53439 7.20747 6.24377 2.62862
threshold=620.00000000000011 11782.000000000002 2.8483950942478153 376.50000000000006 1.5000000000000002 2.2061595243318006
decision_type=2 2 2 2 2 2
left_child=1 2 4 -4 -1 -2
right_child=5 -3 3 -5 -6 -7
leaf_value=-0.0018716236857808583 -0.027402203808803382 0.024659148719155883 -0.040456200235577854 -0.0026791298920800116 0.0089129968028774809 -0.00043074184044287881
leaf_weight=121.89014557003975 5.973521560430525 5.2476264983415595 4.7666060179471961 97.929880687966943 80.041526235640049 7.1382520422339439
leaf_count=675 33 24 31 652 411 41
internal_value=-2.25664e-05 0.000514638 9.87162e-05 -0.00443253 0.00240318 -0.0127185
internal_weight=322.988 309.876 304.628 102.696 201.932 13.1118
internal_count=1867 1793 1769 683 1086 74
is_linear=0
shrinkage=0.03


Tree=192
num_leaves=13
num_cat=0
split_feature=81 65 8 100 42 153 93 134 148 1 147 66
split_gain=2.45403 5.92392 5.63955 6.88595 5.7161 5.37642 6.79972 5.33277 5.46179 5.04352 3.12461 1.49212
threshold=0.076573111105274566 5.0956985722610737 6.4260976260174978 0.83316484012869096 0.19302806405423692 0.15476190476190479 3.6789787479721379 95029.500000000015 28.500000000000004 88.258575197889186 -24.516460270649549 2.2815485168426348
decision_type=2 2 2 2 2 2 2 2 2 2 2 2
left_child=2 7 3 4 -1 -4 -7 8 -2 -5 -3 -12
right_child=1 10 5 9 -6 6 -8 -9 -10 -11 11 -13
leaf_value=0.0054086752542009215 0.0071470607969486401 0.0099313362391260738 0.032033208628942184 -0.00091692962513361905 -0.014964258198118236 -0.028534050717916006 0.01089441321205973 0.024426571355423043 -0.0042904347257976981 0.026340537634428767 -0.01149862723368141 -0.035231043162928272
leaf_weight=15.44031861796975 91.277734147384763 2.9108310118317595 6.8981323614716556 29.458258472383022 62.836751203984022 5.1381238549947765 16.833032371476293 10.605740293860434 63.869860157370567 7.7081115394830695 4.0558668561279756 5.7853210605680943
leaf_count=86 496 15 34 147 365 29 97 50 408 38 29 73
internal_value=-2.22312e-05 0.00232961 -0.00293131 -0.00589699 -0.0109457 0.00892796 0.00167376 0.00384547 0.00243857 0.00473613 -0.0173738 -0.0254502
internal_weight=322.818 178.505 144.313 115.443 78.2771 28.8693 21.9712 165.753 155.148 37.1664 12.752 9.84119
internal_count=1867 1071 796 636 451 160 126 954 904 185 117 102
is_linear=0
shrinkage=0.03


Tree=193
num_leaves=11
num_cat=0
split_feature=107 22 4 102 45 2 7 27 71 125
split_gain=2.40174 6.35021 7.5854 4.10684 4.04968 3.548 6.71379 7.14689 5.00516 4.59948
threshold=0.045927318493947759 2.5589771036327922 45.890091003811342 0.0075422842019149576 0.48112535612535628 77.799096103010172 6.0787770382675781 0.63601770614073205 0.81574460578467745 0.40300636219632602
decision_type=2 2 2 2 2 2 2 2 2 2
left_child=1 -1 3 -3 -4 6 7 -2 -7 -10
right_child=5 2 4 -5 -6 8 -8 -9 9 -11
leaf_value=-0.022064848190425066 0.034847409095637723 0.035356153837774941 -0.018834822338869753 0.011051844287028514 0.013459965281873546 0.025816277777001701 -0.019902414602778102 0.0044858212061141363 -0.0048514224331831736 0.010297084902447984
leaf_weight=6.2592414021491996 8.7004946619272214 9.7409375533461589 9.4091764055192453 17.496270813047886 5.5593794621527186 5.3841837868094435 7.6811321452260009 35.238335058093071 197.12507596798241 19.8560078907758
leaf_count=33 40 43 65 83 34 31 51 177 1177 133
internal_value=-2.23945e-05 0.00613366 0.0103156 0.0197439 -0.00684041 -0.00111133 0.00597423 0.0104978 -0.00275618 -0.00346518
internal_weight=322.45 48.465 42.2058 27.2372 14.9686 273.985 51.62 43.9388 222.365 216.981
internal_count=1867 258 225 126 99 1609 268 217 1341 1310
is_linear=0
shrinkage=0.03


Tree=194
num_leaves=13
num_cat=0
split_feature=56 86 19 19 11 79 12 104 91 138 138 1
split_gain=2.44656 3.48907 3.74557 5.74896 4.48894 3.06128 5.91168 10.5643 7.63524 5.44398 8.67797 7.4778
threshold=0.37223295176916588 3753.0000000000005 4.4359296065011389 3.32419182944435 7.1389695618071238 10.241588949756414 9.2086253613851241 0.35587654074413055 6.8846684752913925 5358.5000000000009 16364.500000000002 90.293014859047375
decision_type=2 2 2 2 2 2 2 2 2 2 2 2
left_child=5 -2 3 -3 -4 6 8 -8 -1 11 -11 -7
right_child=1 2 4 -5 -6 9 7 -9 -10 10 -12 -13
leaf_value=-0.004243432874391744 0.022854805453555581 0.0043569953980864022 0.026322780449066201 -0.014919917537266561 0.0020742917219440877 0.030842844380273533 -0.036841151013960002 0.011185418467458205 -0.027375523662596397 -0.0111774501686293 0.036696304967110176 -0.0066181377374804418
leaf_weight=116.64496495574713 8.0014225840568525 42.981482215225697 10.909687176346781 20.595710955560207 18.560292907059193 12.674114540219309 4.6180057078599921 38.386917393654585 14.430842971429227 22.54705484863371 4.0144768282771102 7.7150880545377722
leaf_count=658 38 239 51 111 99 61 24 213 102 202 19 50
internal_value=-2.20884e-05 0.00384496 0.00221024 -0.00188772 0.011051 -0.00178998 -0.00362352 0.00602817 -0.00679017 0.00500832 -0.00394187 0.016668
internal_weight=322.08 101.049 93.0472 63.5772 29.47 221.031 174.081 43.0049 131.076 46.9507 26.5615 20.3892
internal_count=1867 538 500 350 150 1329 997 237 760 332 221 111
is_linear=0
shrinkage=0.03


Tree=195
num_leaves=15
num_cat=0
split_feature=28 54 70 25 75 74 28 66 143 145 19 87 143 99
split_gain=2.40624 6.77447 8.23941 7.22326 6.92914 4.9728 4.15654 6.79275 13.0182 7.88498 6.63178 7.66698 5.41563 2.32326
threshold=0.96930560215686079 0.1576345359920939 1.9338837356783463 -0.93853603617876857 0.5111983352694498 0.57979626485568769 1.6192471037944232 3.2769063706563712 5.4034617041298416 2.2154289999397867 2.4738645632989664 1385.5000000000002 4.7550037657206801 0.36993760281210619
decision_type=2 2 2 2 2 2 2 2 2 2 2 2 2 2
left_child=1 3 5 13 -5 -3 7 9 -9 -2 12 -12 -8 -1
right_child=6 2 -4 4 -6 -7 10 8 -10 -11 11 -13 -14 -15
leaf_value=-0.036910373447830241 0.0010636511669844069 -0.021775856411491403 0.034135173376124865 -0.017347705795795365 0.023324642523739607 0.013896508698969329 0.0026696780074333031 0.046789674875702528 -0.00068356271368246878 -0.015701510806674528 -0.0097400266522492153 0.0083508648430470102 0.034148156078198537 -0.0082641905670438262
leaf_weight=5.9405768439173716 42.975423514842987 5.4214980825781849 12.497239828109739 6.1608722861856213 9.7136061452329141 10.012277254834769 9.3935738205909747 5.7623053491115561 53.154642511159182 61.207318849861622 39.837014220654964 44.787373330444098 10.325935922563074 4.4618265517055988
leaf_count=53 234 60 56 44 53 64 46 27 330 370 218 226 50 36
internal_value=-2.22134e-05 0.00574124 0.0160278 -0.00519289 0.00753974 0.0013657 -0.0011904 -0.00418183 0.0039595 -0.00878587 0.00348549 -0.00016544 0.0191531 -0.0246234
internal_weight=321.651 54.2079 27.931 26.2769 15.8745 15.4338 267.444 163.1 58.9169 104.183 104.344 84.6244 19.7195 10.4024
internal_count=1867 366 180 186 97 124 1501 961 357 604 540 444 96 89
is_linear=0
shrinkage=0.03


Tree=196
num_leaves=10
num_cat=0
split_feature=131 86 74 57 31 135 125 7 73
split_gain=2.37625 4.26101 2.96838 6.23273 5.87307 5.18457 4.54545 4.42412 1.72644
threshold=1.195720965444681 7490.5000000000009 0.51787994891443179 10.158445553791438 1.5000000000000002 1431.0000000000002 0.28454241763864685 5.5622137014243984 0.21010186757215624
decision_type=2 2 2 2 2 2 2 2 2
left_child=2 -2 3 5 6 -1 -4 -6 -3
right_child=1 8 4 -5 7 -7 -8 -9 -10
leaf_value=-0.0099223869155666885 0.014857998876015178 -0.030641815299428724 -0.00088055954873373483 0.026955725436879616 0.034900503463884895 0.0030287929824897898 0.012720293338906933 0.0043044381143514353 -0.0072879799488541177
leaf_weight=68.062260303646326 4.114565782248973 6.6648895218968374 140.97475086525083 5.9117858335375777 8.5915426164865512 47.048619439825416 26.229750148952007 8.4237861819565278 4.9758209148421884
leaf_count=391 25 56 775 31 38 299 151 50 51
internal_value=-2.24755e-05 -0.0113837 0.000563942 -0.00308606 0.0029618 -0.00462892 0.00125304 0.0197533 -0.0206592
internal_weight=320.998 15.7553 305.242 121.023 184.22 115.111 167.205 17.0153 11.6407
internal_count=1867 132 1735 721 1014 690 926 88 107
is_linear=0
shrinkage=0.03


Tree=197
num_leaves=13
num_cat=0
split_feature=56 96 8 24 42 119 119 4 0 82 18 100
split_gain=2.35552 3.84677 3.49881 5.56635 5.14089 3.11334 8.34472 5.50589 5.32727 5.75979 5.08396 4.35994
threshold=0.38587415648236428 0.9565557963285144 6.5068476342752328 -0.84484926706840402 0.15637962612594639 0.41292915005786296 0.44449665831244783 19.034620444895637 0.084325002899170373 42.906063023534109 0.49239138582777991 0.81663265365850435
decision_type=2 2 2 2 2 2 2 2 2 2 2 2
left_child=5 -2 4 -4 -3 8 10 -8 9 -1 -7 -10
right_child=1 2 3 -5 -6 6 7 -9 11 -11 -12 -13
leaf_value=-0.0085617852163075939 0.027528093402001946 0.022101750891563292 0.039901543194188718 -0.0014024136888158983 -0.0024977453553899748 0.038814756854931569 -0.02264184576578749 -4.4541589985306065e-05 -0.031338417348519255 0.011714188959056831 0.0069387581559145727 0.0060634962360576325
leaf_weight=43.280637994408607 5.8105720952153197 8.5565932616591436 5.4386560842394829 6.3827370405197126 71.83770228177309 7.4108697623014477 10.583624571561812 116.7788168033585 11.726814411580561 17.792818047106266 11.477182496339081 3.6869190558791152
leaf_count=252 28 42 25 41 389 33 65 710 94 92 76 20
internal_value=-2.221e-05 0.00385302 0.00236124 0.0176003 0.000120449 -0.00172769 0.000837291 -0.00192234 -0.00663216 -0.00265469 0.0194455 -0.022392
internal_weight=320.764 98.0263 92.2157 11.8214 80.3943 222.738 146.25 127.362 76.4872 61.0735 18.8881 15.4137
internal_count=1867 525 497 66 431 1342 884 775 458 344 109 114
is_linear=0
shrinkage=0.03


Tree=198
num_leaves=6
num_cat=0
split_feature=149 16 70 131 89
split_gain=2.35327 2.98992 3.43462 5.3808 4.03794
threshold=69.500000000000014 -5.0457184050555535 4.907569224956708 0.4521492573423736 11680.500000000002
decision_type=2 2 2 2 2
left_child=1 -1 4 -4 -3
right_child=-2 2 3 -5 -6
leaf_value=-0.022585307112393309 0.019441667483691021 -0.0020455078965132163 0.013031602855326199 -0.0060897178883426431 0.025662811883141529
leaf_weight=5.355792634189128 5.4947534054517737 245.62315500248224 38.968462686985731 20.064963318407536 4.8265052437782279
leaf_count=28 27 1463 203 122 24
internal_value=-2.20579e-05 -0.00036175 2.28418e-05 0.00653243 -0.00151153
internal_weight=320.334 314.839 309.483 59.0334 250.45
internal_count=1867 1840 1812 325 1487
is_linear=0
shrinkage=0.03


Tree=199
num_leaves=7
num_cat=0
split_feature=139 143 37 115 78 39
split_gain=2.34819 3.38114 4.27765 4.53666 3.27828 2.65641
threshold=620.00000000000011 12.60106013621221 8.5595718517487729 19.500000000000004 0.0034354425947672696 4.3999592745149076
decision_type=2 2 2 2 2 2
left_child=1 2 3 -1 -2 -4
right_child=4 -3 5 -5 -6 -7
leaf_value=5.7480669515452883e-05 -0.028531508847107517 0.023810412355380742 -0.039034719113718197 0.022424746293820245 0.0016733222977819275 -0.0057782758317806776
leaf_weight=284.50336060207337 6.1001752614974958 5.5030669607222071 3.8966843448579294 8.4022088944911939 6.8828627467155457 4.8548442013561726
leaf_count=1627 38 47 29 44 36 46
internal_value=-2.15136e-05 0.000506715 8.15901e-05 0.000699102 -0.0125186 -0.020586
internal_weight=320.143 307.16 301.657 292.906 12.983 8.75153
internal_count=1867 1793 1746 1671 74 75
is_linear=0
shrinkage=0.03


Tree=200
num_leaves=8
num_cat=0
split_feature=109 58 84 81 0 57 110
split_gain=2.32199 3.13773 6.22289 3.88237 7.60494 3.41528 2.91828
threshold=0.0084505321238424868 0.97632774519582421 0.97485624180013553 0.021004781918879615 -0.03117919260612886 1.4672314014695944 3.6904915376890393
decision_type=2 2 2 2 2 2 2
left_child=6 2 -2 4 -3 -5 -1
right_child=1 3 -4 5 -6 -7 -8
leaf_value=0.030200734372095046 0.03755371314230304 0.0037810784494939566 -0.0049760558151709083 -0.006419690702162641 -0.024150634390259926 0.0019291960579206266 -0.00099901777738636626
leaf_weight=5.0801052004098874 5.6440734565258008 17.173733055591583 6.8594089169055223 56.148686834610999 17.934348110109568 205.45263481512666 5.7545004077255726
leaf_count=23 25 83 49 396 118 1135 38
internal_value=-2.12227e-05 -0.000499547 0.0142219 -0.00111992 -0.0104873 0.000137236 0.0136299
internal_weight=320.047 309.213 12.5035 296.709 35.1081 261.601 10.8346
internal_count=1867 1806 74 1732 201 1531 61
is_linear=0
shrinkage=0.03


Tree=201
num_leaves=12
num_cat=0
split_feature=103 146 124 84 5 41 71 71 71 26 32
split_gain=2.29843 3.99139 8.54399 5.92526 6.95089 5.07179 3.94243 3.98226 6.29751 4.85538 2.253
threshold=0.33550374953959999 31.238945985581239 0.53361144177525655 0.99805233323189069 7.5000000000000009 0.33490787114741588 0.81574460578467745 1.2606831072161162 1.2116845025654686 -3.0724906856543588 1.5000000000000002
decision_type=2 2 2 2 2 2 2 2 2 2 2
left_child=6 2 10 -3 -5 -4 -1 8 -8 -9 -2
right_child=1 3 5 4 -6 -7 7 9 -10 -11 -12
leaf_value=0.026147061467057826 -0.016711204885454908 0.035031567507231659 0.030185988883365978 -0.036761849510778086 0.016552296621298462 -0.0069792949465103324 -0.0034736017570265046 0.010790895403392637 -0.038487889057539436 -0.00018206440517289259 -0.039459944372480196
leaf_weight=5.5086901336908332 7.9964148104190809 4.6262424513697615 4.4934331178665188 3.9150437414646131 5.0267165321856737 12.49148755148053 30.428602648898959 45.023351019248366 5.4511495139449826 187.15664146095514 7.6827603355050087
leaf_count=30 47 22 28 33 36 89 200 244 46 1046 46
internal_value=-2.09081e-05 -0.00620759 -0.0118887 0.00746934 -0.00679067 0.00285294 0.00102462 0.000508348 -0.00879326 0.00194577 -0.027858
internal_weight=319.801 46.2321 32.6641 13.568 8.94176 16.9849 273.568 268.06 35.8798 232.18 15.6792
internal_count=1867 301 210 91 69 117 1566 1536 246 1290 93
is_linear=0
shrinkage=0.03


Tree=202
num_leaves=13
num_cat=0
split_feature=107 22 4 92 33 33 100 89 41 68 42 145
split_gain=2.27131 6.01148 7.00775 3.83757 3.33688 8.3759 7.63788 7.16078 4.62075 7.20843 6.71146 3.13282
threshold=0.045927318493947759 2.5589771036327922 45.890091003811342 3.5684765641149991 1.5000000000000002 2.5000000000000004 0.18328541366609499 2343.0000000000005 1.6957340661630773 2.8803669008587045 0.32099261557859632 3.4444748175941848
decision_type=2 2 2 2 2 2 2 2 2 2 2 2
left_child=1 -1 3 -3 8 6 -6 -7 10 -10 -2 -4
right_child=4 2 11 -5 5 7 -8 -9 9 -11 -12 -13
leaf_value=-0.021641744989473136 -0.016162395289776563 0.0058075806000804434 -0.019233008820385943 0.028719637713822386 -0.024955703967931824 0.0040165266726438064 0.016099963888615197 -0.015107280722567659 -0.014869882395644936 0.0066423233238989262 0.005698029015817091 0.0085661750692502241
leaf_weight=6.1696023046970359 15.995585847645996 11.300361499190332 8.0156630277633649 15.747432291507719 4.4955542664974919 43.071916181594133 43.928979147225618 29.823653792031109 55.240188943222165 18.786533754318953 60.249820379540324 6.6965789422392836
leaf_count=33 89 53 59 73 34 227 232 211 341 110 365 40
internal_value=-2.12007e-05 0.00599976 0.0100835 0.0191472 -0.00108376 0.00261713 0.0122885 -0.00380757 -0.00407162 -0.00941051 0.00111191 -0.00657964
internal_weight=319.522 47.9296 41.76 27.0478 271.592 121.32 48.4245 72.8956 150.272 74.0267 76.2454 14.7122
internal_count=1867 258 225 126 1609 704 266 438 905 451 454 99
is_linear=0
shrinkage=0.03


Tree=203
num_leaves=10
num_cat=0
split_feature=75 81 36 64 41 136 8 86 120
split_gain=2.25783 2.93718 7.55346 6.87702 6.58137 6.57425 5.25348 4.66057 2.39372
threshold=0.33535674004593069 0.076573111105274566 376.97500000000002 0.65073726541554977 0.26259981607576327 1121.0000000000002 6.4260976260174978 22798.500000000004 0.57891757246376818
decision_type=2 2 2 2 2 2 2 2 2
left_child=8 2 6 4 -3 -5 -2 -4 -1
right_child=1 3 7 5 -6 -7 -8 -9 -10
leaf_value=0.00046394436268421473 -0.0084868823893009416 -0.010238314382364578 0.037699239327029919 0.00064215726292026788 0.011091860838039215 -0.021807397341353636 0.0064963295059429242 0.0043558945825402338 -0.034194929043370167
leaf_weight=3.6298671253025523 99.247076135128736 15.301033459603785 5.8916861712932613 51.745201552286744 87.281761908903718 15.185465475544332 26.734243022277951 10.490423463284968 3.5448885206133127
leaf_count=30 558 91 29 328 468 119 150 59 35
internal_value=-2.13641e-05 0.000361415 -0.00281545 0.00302946 0.0079103 -0.00445128 -0.00530733 0.0163475 -0.0166602
internal_weight=319.052 311.877 142.363 169.513 102.583 66.9307 125.981 16.3821 7.17476
internal_count=1867 1802 796 1006 559 447 708 88 65
is_linear=0
shrinkage=0.03


Tree=204
num_leaves=12
num_cat=0
split_feature=56 86 56 138 143 104 161 60 125 118 36
split_gain=2.27361 3.2939 3.47413 7.61592 5.51995 2.87078 6.26826 6.88107 6.17144 5.75436 5.47129
threshold=0.37223295176916588 3753.0000000000005 0.51877766704294903 2469.5000000000005 4.6844874490065243 0.80115482413339167 1.0000000180025095e-35 1.9525123689696475 0.40632194561029977 0.32512136459250868 373.52500000000003
decision_type=2 2 2 2 2 2 2 2 2 2 2
left_child=5 -2 3 -3 -4 6 7 -1 -8 -7 -11
right_child=1 2 4 -5 -6 9 8 -9 -10 10 -12
leaf_value=0.020672523676522416 0.022306723461283463 -0.0024497270697845849 -0.013945561253162183 0.034150797789896763 0.0043717273787439751 0.015386459450719573 -0.0079237491962040694 0.00084820888975418595 0.02086735525416418 -0.01471842636813004 0.019668369081444776
leaf_weight=21.94030824303627 7.9062263295054427 12.247953314334156 21.010236814618111 8.7879585698246938 50.146505817770958 8.4193950518965703 76.273167707026005 55.923764312639832 7.3459124565124503 44.120762825012207 4.5983828008174887
leaf_count=124 38 77 110 41 272 45 455 333 42 306 24
internal_value=-2.12819e-05 0.00372333 0.00212966 0.0128405 -0.00103676 -0.0017358 0.000309115 0.00643425 -0.00539446 -0.00751508 -0.0114728
internal_weight=318.721 100.099 92.1927 21.0359 71.1567 218.622 161.483 77.8641 83.6191 57.1385 48.7191
internal_count=1867 538 500 118 382 1329 954 457 497 375 330
is_linear=0
shrinkage=0.03


Tree=205
num_leaves=7
num_cat=0
split_feature=129 94 105 87 139 79
split_gain=2.285 4.29197 3.94664 3.51607 6.86641 5.98099
threshold=1.4027485279969099 3.8262306732095097 0.52136654902532731 1381.5000000000002 379.50000000000006 4.1339200406883752
decision_type=2 2 2 2 2 2
left_child=2 -2 3 5 -5 -1
right_child=1 -3 -4 4 -6 -7
leaf_value=-0.0090959251608163372 0.0014917721712237244 -0.029546115172463108 0.017691294807538314 0.0054778233288007329 -0.01607384450202937 0.0030291543890530659
leaf_weight=77.526206266134977 10.123568320646884 6.6394897066056719 11.659632053226231 128.10024476889521 14.846897248178719 69.381097111850977
leaf_count=444 59 46 58 771 92 397
internal_value=-2.11696e-05 -0.0108017 0.000578186 -0.000110203 0.00323941 -0.00336952
internal_weight=318.277 16.7631 301.514 289.854 142.947 146.907
internal_count=1867 105 1762 1704 863 841
is_linear=0
shrinkage=0.03


Tree=206
num_leaves=7
num_cat=0
split_feature=45 79 28 47 76 1
split_gain=2.24885 3.18897 4.12509 3.69579 8.35264 4.31657
threshold=0.71080139372822315 35.487411496526271 1.0080032429572678 29.500000000000004 0.043564527260179439 97.479516733786994
decision_type=2 2 2 2 2 2
left_child=1 3 -3 5 -5 -1
right_child=-2 2 -4 4 -6 -7
leaf_value=5.303456927285199e-05 0.016205911127925462 0.0032030173210806797 -0.039570959594166656 -0.0059035403395557799 0.026272527264606407 -0.014545171734308656
leaf_weight=253.82240600883961 7.5052769910544148 3.9166613444685918 4.2106275446712971 14.454353772103788 14.590536549687384 19.640396289527416
leaf_count=1390 45 36 35 144 72 145
internal_value=-2.0924e-05 -0.000412982 -0.0189575 8.52436e-05 0.0102599 -0.000995425
internal_weight=318.14 310.635 8.12729 302.508 29.0449 273.463
internal_count=1867 1822 71 1751 216 1535
is_linear=0
shrinkage=0.03


Tree=207
num_leaves=10
num_cat=0
split_feature=131 134 45 89 155 105 56 99 107
split_gain=2.24408 4.20097 2.85724 4.48769 3.18508 7.72074 3.08621 1.91023 2.02738
threshold=1.195720965444681 4379.0000000000009 0.64400921658986188 1206.5000000000002 1.0000000180025095e-35 0.12895200040522473 0.38587415648236428 0.4351094350737082 0.12351055830228126
decision_type=2 2 2 2 2 2 2 2 2
left_child=2 -2 4 -4 5 -1 -6 8 -3
right_child=1 7 3 -5 6 -7 -8 -9 -10
leaf_value=-0.035473528422044716 0.018407428238894061 -0.02848136712822992 0.032320540038787197 -0.0013064640076697132 -0.001516165059434519 0.009012417125958511 0.0053783299767715355 -0.033709413136996338 0.0039088152923335536
leaf_weight=7.2835527434945089 3.3839761689305297 2.9667523019015771 6.3995404988527289 8.0835314840078336 189.38284090161324 6.7793403416872025 84.508662451058626 4.9594813752919436 4.203344251960516
leaf_count=49 17 32 34 51 1114 39 448 44 39
internal_value=-2.0687e-05 -0.0111488 0.000550132 0.0135521 -0.000103819 -0.0140281 0.000611117 -0.0193946 -0.00949319
internal_weight=317.951 15.5136 302.437 14.4831 287.954 14.0629 273.892 12.1296 7.1701
internal_count=1867 132 1735 85 1650 88 1562 115 71
is_linear=0
shrinkage=0.03


Tree=208
num_leaves=8
num_cat=0
split_feature=109 58 84 81 28 75 110
split_gain=2.23478 2.92278 5.69029 3.66304 4.62063 3.89054 2.71493
threshold=0.0084505321238424868 0.97632774519582421 0.97485624180013553 0.021004781918879615 2.3688866218598523 0.51709429644660554 3.6904915376890393
decision_type=2 2 2 2 2 2 2
left_child=6 2 -2 4 -3 -5 -1
right_child=1 3 -4 5 -6 -7 -8
leaf_value=0.029474912292347371 0.036011562108056339 -0.014887374097096793 -0.0047319426494676353 -0.0030358527676462633 0.015698687291714832 0.0043865210755737617 -0.00074537913568821772
leaf_weight=5.0388522520661336 5.6457783728837949 29.382474597543478 6.8017044011503458 149.10482593905181 5.2376518845558158 110.77752898540348 5.704335268586874
leaf_count=23 25 176 49 907 25 624 38
internal_value=-2.05862e-05 -0.000491311 0.013748 -0.00109315 -0.01026 0.00012801 0.0134288
internal_weight=317.693 306.95 12.4475 294.502 34.6201 259.882 10.7432
internal_count=1867 1806 74 1732 201 1531 61
is_linear=0
shrinkage=0.03


Tree=209
num_leaves=7
num_cat=0
split_feature=112 144 24 24 104 138
split_gain=2.21359 4.43306 3.47081 4.26865 2.86177 3.96197
threshold=1.5291406612841634 1.9899164470567905 -2.5999671718415329 -1.2178573489300535 0.23791703215531543 18544.500000000004
decision_type=2 2 2 2 2 2
left_child=2 -2 -1 -4 -3 -6
right_child=1 4 3 -5 5 -7
leaf_value=0.030236174308995004 -0.02335426372251426 -0.022748053012351666 -0.019166271385448977 0.013131715636264659 -0.00021728883491295919 0.025206893909888804
leaf_weight=5.3305560797452953 7.576553162187337 4.9381016492843619 5.5118475779891059 11.098477184772488 277.36131128482521 5.6283990740776053
leaf_count=25 48 27 29 59 1653 26
internal_value=-2.0142e-05 -0.000702765 0.00917357 0.00241419 -0.000106712 0.000288374
internal_weight=317.445 295.504 21.9409 16.6103 287.928 282.99
internal_count=1867 1754 113 88 1706 1679
is_linear=0
shrinkage=0.03


Tree=210
num_leaves=14
num_cat=0
split_feature=28 108 105 91 54 70 84 47 46 107 45 125 15
split_gain=2.20857 6.09599 5.21746 5.39616 4.98203 10.7006 3.80757 4.17305 6.50503 4.564 3.48972 2.81223 1.91706
threshold=0.96930560215686079 0.11851131883901685 0.06211984106463906 7.3899483386737588 0.1576345359920939 1.9338837356783463 1.9528341526545752 29.500000000000004 52.208333333333336 0.085658227793801292 0.47237484737484742 0.38238935027856819 1.8765047691787431
decision_type=2 2 2 2 2 2 2 2 2 2 2 2 2
left_child=1 4 -3 -4 10 -6 7 8 -2 -9 -1 12 -8
right_child=6 2 3 -5 5 -7 11 9 -10 -11 -12 -13 -14
leaf_value=-0.032241965112390289 -0.019117287089437662 -0.010051577955674023 0.035525440775865912 0.0034709501441710956 -0.0074016401906388477 0.053325507323776049 -0.0309001176685859 -0.0056651276957109921 0.00014589891667795096 0.028348374431826247 -0.0032165050215356692 0.0069465853637066333 -0.0023054941256970352
leaf_weight=6.5505811199545887 17.01352671533823 5.3711483627557781 12.34256759285927 7.6600360311567774 9.3307558624073845 3.6264144629240027 8.1922815497964603 5.8147561699151984 217.15347943454981 9.1177119314670545 8.6517900563776475 3.6170362941920748 2.842215657234191
leaf_count=63 110 29 58 51 91 16 94 34 1170 44 58 24 25
internal_value=-1.96939e-05 0.00553599 0.0162008 0.0232501 -0.00407374 0.00959449 -0.00114733 -0.00027314 -0.00125368 0.0151034 -0.0157233 -0.0160099 -0.0235348
internal_weight=317.284 53.5333 25.3738 20.0026 28.1595 12.9572 263.751 249.099 234.167 14.9325 15.2024 14.6515 11.0345
internal_count=1867 366 138 109 228 107 1501 1358 1280 78 121 143 119
is_linear=0
shrinkage=0.03


Tree=211
num_leaves=6
num_cat=0
split_feature=137 143 37 144 39
split_gain=2.20352 2.90387 4.8627 3.59615 1.67426
threshold=11768.000000000002 12.60106013621221 8.5595718517487729 12.361192770972766 4.3999592745149076
decision_type=2 2 2 2 2
left_child=1 2 3 -1 -4
right_child=-2 -3 4 -5 -6
leaf_value=-0.00062487459233896031 0.019728830566700731 0.02190420292711311 -0.038511746012770513 0.020360273740929372 -0.011004735381650119
leaf_weight=291.06343574542552 5.0046179518103591 5.1953581422567359 3.7202471531927568 7.5398547276854506 4.2856525890529156
leaf_count=1682 24 46 29 42 44
internal_value=-1.9775e-05 -0.00033675 -0.000713613 -9.4991e-05 -0.0237869
internal_weight=316.809 311.805 306.609 298.603 8.0059
internal_count=1867 1843 1797 1724 73
is_linear=0
shrinkage=0.03


Tree=212
num_leaves=12
num_cat=0
split_feature=138 138 16 28 54 66 127 138 45 29 84
split_gain=2.1876 5.03974 6.76824 4.91329 6.67346 6.34414 4.85242 4.74322 10.1004 7.24253 3.71461
threshold=10610.000000000002 8235.5000000000018 3.8142639302993206 0.96930560215686079 0.13546362547311389 3.2769063706563712 0.3559306667126419 16270.500000000002 0.45129664769133471 1.5069261882235876 0.99181815692288866
decision_type=2 2 2 2 2 2 2 2 2 2 2
left_child=1 3 -3 4 -1 -5 -4 9 -9 10 -2
right_child=7 2 6 5 -6 -7 -8 8 -10 -11 -12
leaf_value=-0.0021948899153844312 -0.0034362323401597333 0.033634365635559091 -0.021721119258863452 -0.0051635332584491853 0.022800542693925521 0.006624061006487535 0.02166149936999354 0.039739499821286169 -0.0093640363091931217 0.02629345762561907 -0.023963424630546577
leaf_weight=20.063134912401438 12.942531008273361 9.6417382955551165 5.1479161456227285 148.22060137428343 18.457036904990673 56.855292312800884 4.2247463576495647 5.8077521920204189 10.745843276381491 4.0853463448584071 20.502769261598587
leaf_count=122 69 46 33 838 89 321 27 32 57 23 210
internal_value=-1.94033e-05 0.00111212 0.0159873 -4.8995e-05 0.00978173 -0.00189554 -0.00216632 -0.00551361 0.00786371 -0.0114139 -0.0160199
internal_weight=316.695 262.61 19.0144 243.596 38.5202 205.076 9.37266 54.0842 16.5536 37.5306 33.4453
internal_count=1867 1476 106 1370 211 1159 60 391 89 302 279
is_linear=0
shrinkage=0.03


Tree=213
num_leaves=15
num_cat=0
split_feature=87 0 82 87 82 58 81 13 70 13 16 100 82 25
split_gain=2.18152 7.22866 8.37313 7.23058 6.20833 8.10337 6.03497 5.98889 5.94649 5.36961 5.26342 4.83825 3.88337 3.11957
threshold=1435.0000000000002 0.072227436152483587 9.7321015027385425 1539.5000000000002 10.001897985228913 3.6977869729215027 0.083532977405178579 10.161340751999081 1.7909216949071194 4.3782871739099471 1.3091018607104841 0.83694141070722072 12.202398431157311 -0.79452867983024844
decision_type=2 2 2 2 2 2 2 2 2 2 2 2 2 2
left_child=4 3 -3 13 6 8 11 -8 -6 -5 -7 -1 -4 -2
right_child=1 2 12 9 5 10 7 -9 -10 -11 -12 -13 -14 -15
leaf_value=-0.032960419463928442 0.010131232031764701 0.024431719942826117 -0.040410080313557105 -0.0057232602233693308 0.0096267156581894015 0.0079524333604151509 0.0092183598331651209 -0.02668283880984847 -0.0074645004369671159 0.010515640115271535 0.037985273104086149 -0.0050254924275131849 -0.0083804823787533584 0.038403108744026727
leaf_weight=14.630012460052969 5.8492102101445189 6.9127520620822898 3.7182038351893416 30.285928659141064 24.460489418357611 24.432387713342909 15.731217537075283 5.6960747689008704 72.998451728373766 46.407816637307405 6.6899796053767195 9.0205357149243337 40.679172961972654 8.7930350154638273
leaf_count=92 30 48 25 165 143 131 92 35 419 239 32 46 328 42
internal_value=-1.9541e-05 0.00272941 -0.0062809 0.00779116 -0.00227757 0.00108099 -0.0118576 -0.000325352 -0.0031749 0.00410299 0.0144082 -0.0223058 -0.0110629 0.0271092
internal_weight=316.305 142.646 51.3101 91.336 173.659 128.581 45.0778 21.4273 97.4589 76.6937 31.1224 23.6505 44.3974 14.6422
internal_count=1867 877 401 476 990 725 265 127 562 404 163 138 353 72
is_linear=0
shrinkage=0.03


Tree=214
num_leaves=8
num_cat=0
split_feature=129 125 108 25 94 151 28
split_gain=2.15386 4.08109 6.32401 5.46482 4.00297 3.82071 4.20222
threshold=1.4027485279969099 0.24910832769924834 0.44156695035468646 -0.40327568543055131 3.8262306732095097 1.0000000180025095e-35 1.6192471037944232
decision_type=2 2 2 2 2 2 2
left_child=1 5 3 -3 -2 -1 -7
right_child=4 2 -4 -5 -6 6 -8
leaf_value=-0.023808564535789705 0.0012724784951976874 0.02269651758103397 -0.012999669181399836 -0.0089386646890172328 -0.02899729261837216 -0.0030719591514781824 0.0049872142983109508
leaf_weight=6.33013967052102 10.051202788949015 23.812188416719437 8.6101842969655973 6.1925275027751949 6.45841328985989 164.16410299018025 90.235904227942228
leaf_count=41 59 136 52 50 46 1014 469
internal_value=-1.99663e-05 0.000561827 0.00966392 0.0161675 -0.0105688 -0.00078622 -0.000213363
internal_weight=315.855 299.345 38.6149 30.0047 16.5096 260.73 254.4
internal_count=1867 1762 238 186 105 1524 1483
is_linear=0
shrinkage=0.03


Tree=215
num_leaves=13
num_cat=0
split_feature=107 22 4 161 41 26 62 132 134 47 123 65
split_gain=2.14672 5.6758 6.15847 4.60892 3.60361 3.19784 5.35962 6.4145 5.86905 4.77153 7.01129 5.76172
threshold=0.045927318493947759 2.5589771036327922 45.890091003811342 0.41666666666666669 0.69830457244038968 -2.8510481018789053 0.6383622607921674 0.93801547137316466 14892.000000000002 29.500000000000004 0.52198750468999255 1.0757328495997738
decision_type=2 2 2 2 2 2 2 2 2 2 2 2
left_child=1 -1 4 -4 -3 6 7 -2 -8 11 -11 -7
right_child=5 2 3 -5 -6 9 8 -9 -10 10 -12 -13
leaf_value=-0.021261000247362348 -0.010390498495457604 0.0028806860976839264 0.0091571697683596829 -0.02504720632131005 0.026186311150081638 -0.01151318644377012 0.0041517186204804322 0.012846012307674844 0.034455362742195544 0.017223392080249641 -0.022799645578602545 -0.00034105351568862002
leaf_weight=6.0462802723050109 28.281707275658846 8.9855386912822741 8.0143573209643346 6.358439575880765 17.799407951533794 68.673033520579338 14.894384454935791 17.191479695960879 9.3709843531250936 19.91355264000595 4.9107608534395686 105.17123334761709
leaf_count=33 172 43 47 52 83 408 76 114 44 127 62 606
internal_value=-1.97623e-05 0.00588007 0.00986723 -0.00597464 0.018368 -0.00105735 0.00446953 -0.00160576 0.0158546 -0.00299745 0.00930601 -0.00475434
internal_weight=315.611 47.204 41.1577 14.3728 26.7849 268.407 69.7386 45.4732 24.2654 198.669 24.8243 173.844
internal_count=1867 258 225 99 126 1609 406 286 120 1203 189 1014
is_linear=0
shrinkage=0.03


Tree=216
num_leaves=13
num_cat=0
split_feature=57 98 46 105 109 55 67 78 112 128 128 109
split_gain=2.18125 5.35423 10.9259 7.38128 5.31759 5.98104 4.89937 6.7355 5.73423 4.09409 5.00801 2.22905
threshold=2.1023692620773375 2.0213187808115811 75.786231884057983 0.20703460656780023 0.02217622585651188 0.49610778803987832 5.8452380952380958 0.0013102104576509768 2.5938896391908171 0.31138311259301493 1.0746769600269424 0.41282477657419142
decision_type=2 2 2 2 2 2 2 2 2 2 2 2
left_child=6 4 3 -3 -2 -6 7 11 -9 -8 -11 -1
right_child=1 2 -4 -5 5 -7 9 8 -10 10 -12 -13
leaf_value=-0.031105801285240351 0.019595199229967032 -0.0088237899243276963 0.036363019020935514 0.035695964535005884 -0.0055571497004890174 0.0074816676101437394 -0.0068843527338809845 0.010855052672640995 -0.0071646206777038167 0.041210456700057324 0.0018577933709304833 -0.0040995746609440624
leaf_weight=11.2572008036077 11.276236079633234 16.750203764066104 11.615970842540262 4.1901845335960379 108.46628585830331 44.715053077787161 7.2926855571568039 21.24493758007884 63.098667461425066 5.8949028700590116 5.7487230710685253 3.6400810703635207
leaf_count=124 53 118 56 19 606 247 55 113 382 29 45 20
internal_value=-1.97973e-05 0.00191308 0.0130286 8.46402e-05 -0.00028737 -0.001751 -0.00324211 -0.00591037 -0.00262572 0.0107416 0.0217812 -0.024507
internal_weight=315.191 197.014 32.5564 20.9404 164.458 153.181 118.177 99.2409 84.3436 18.9363 11.6436 14.8973
internal_count=1867 1099 193 137 906 853 768 639 495 129 74 144
is_linear=0
shrinkage=0.03


Tree=217
num_leaves=14
num_cat=0
split_feature=103 146 124 84 69 62 21 144 42 39 39 98 32
split_gain=2.17056 3.79832 7.93821 5.26958 5.03097 4.9743 3.71402 5.3212 5.8186 4.96732 7.05234 5.79468 2.19338
threshold=0.33550374953959999 31.238945985581239 0.53361144177525655 0.99805233323189069 1.8371129761063034 0.60535588442565202 5.5672985209587074 4.8731948822522115 0.19302806405423692 2.4626905327284994 2.6493650490377143 1.7190803404235655 1.5000000000000002
decision_type=2 2 2 2 2 2 2 2 2 2 2 2 2
left_child=6 2 12 -3 -5 -4 9 -8 -9 11 -11 -1 -2
right_child=1 3 5 4 -6 -7 7 8 -10 10 -12 -13 -14
leaf_value=-0.0087247025673879049 -0.016228108539795574 0.033300375906039764 -0.014165176097628907 -0.030379956517533363 0.015395196017076063 0.018674015197170279 0.031710973744033664 0.019136881430402423 0.00043930124786829345 0.027579963304809045 -0.00049203346443111912 0.0084609007871601569 -0.039005580319972831
leaf_weight=90.007691215723753 7.7731893137097376 4.606335148215293 8.126676784828307 4.1269424287602288 4.5359791424125433 8.4865172468125802 6.3736968152225009 17.923196004703641 91.196381689049304 10.843558572232721 31.31236267555505 21.967760287225246 7.4531895220279694
leaf_count=507 47 22 71 38 31 46 41 97 554 55 194 118 46
internal_value=-1.98331e-05 -0.00611078 -0.0117306 0.00737409 -0.0064117 0.00261007 0.000999196 0.00506673 0.00351043 -0.00204867 0.00672879 -0.00535317 -0.0273775
internal_weight=314.733 45.1088 31.8396 13.2693 8.66292 16.6132 269.625 115.493 109.12 154.131 42.1559 111.975 15.2264
internal_count=1867 301 210 91 69 117 1566 692 651 874 249 625 93
is_linear=0
shrinkage=0.03


Tree=218
num_leaves=12
num_cat=0
split_feature=3 75 73 73 96 109 100 108 70 88 54
split_gain=2.14213 4.62062 4.19537 7.49853 5.70615 4.22997 4.11375 3.08904 4.38597 3.18391 0.313818
threshold=1.5606072738673429 0.4091168395973675 0.27681992337164757 0.29289215686274517 4.0728734959449842 0.0098469007954920078 1.2128405632805475 0.058244146512040872 3.0231013285568049 647.50000000000011 0.49804440134631794
decision_type=2 2 2 2 2 2 2 2 2 2 2
left_child=2 10 5 -4 -5 -1 -7 9 -9 -3 -2
right_child=1 7 3 4 -6 6 -8 8 -10 -11 -12
leaf_value=0.021820412855794481 -0.022143628544543961 -0.023966229557616729 0.04254984929614096 -0.0089371186800432986 0.011632786084131172 -0.0030272348126933546 0.014204353939354954 0.010723242851272179 -0.012412582877981774 0.001772881980168976 -0.035849820232259404
leaf_weight=7.0689322501420966 2.6538082044571629 9.7236242555081862 5.1916671954095355 18.138510569930077 36.684398656710982 176.97437841631472 13.414041880518196 22.233019864186645 11.034799493849276 7.790849767625331 3.4683239320293069
leaf_count=38 33 88 25 101 216 973 69 140 76 67 41
internal_value=-2.00656e-05 -0.00528764 0.00114413 0.00809037 0.0048271 -0.000967086 -0.00181316 -0.00231944 0.00304918 -0.0125169 -0.0299085
internal_weight=314.376 56.9044 257.472 60.0146 54.8229 197.457 190.388 50.7823 33.2678 17.5145 6.12213
internal_count=1867 445 1422 342 317 1080 1042 371 216 155 74
is_linear=0
shrinkage=0.03


Tree=219
num_leaves=9
num_cat=0
split_feature=11 15 98 9 39 39 137 20
split_gain=2.15129 3.45363 2.74636 7.43136 3.28532 7.11039 5.65259 1.86397
threshold=2.4852497397781623 -0.21872755856399811 0.082075287372371172 3.6355069661890274 2.8483950942478153 2.4830021235643511 376.50000000000006 5.9693193438338694
decision_type=2 2 2 2 2 2 2 2
left_child=1 -1 3 7 5 -4 -6 -2
right_child=2 -3 4 -5 6 -7 -8 -9
leaf_value=0.02886475305661218 -0.014894181162093978 -0.0025297813766569175 0.00015955548023387651 0.011843357788120646 -0.039546763463638189 0.017070855202674425 -0.0028230421277870661 -0.039726961730811111
leaf_weight=5.9012757986783981 5.3609124943614024 6.7732222452759725 161.83309705555439 7.1681774295866481 3.9341928139328948 25.966212907806039 91.620606049895287 5.5230360180139542
leaf_count=28 30 37 894 38 28 144 635 33
internal_value=-2.0081e-05 0.0120876 -0.000529223 -0.0118748 0.000193586 0.00249781 -0.00433504 -0.0274955
internal_weight=314.081 12.6745 301.406 18.0521 283.354 187.799 95.5548 10.8839
internal_count=1867 65 1802 101 1701 1038 663 63
is_linear=0
shrinkage=0.03


Tree=220
num_leaves=7
num_cat=0
split_feature=112 144 36 57 104 153
split_gain=2.09345 4.17096 3.18735 3.2357 2.66632 2.98783
threshold=1.5291406612841634 1.9899164470567905 301.85833333333341 2.640870796511634 0.23791703215531543 0.18333333333333338
decision_type=2 2 2 2 2 2
left_child=2 -2 3 -1 -3 -6
right_child=1 4 -4 -5 5 -7
leaf_value=-0.013259889641119413 -0.022876846520491059 -0.022116565604323853 0.026266493274290856 0.014567970434218265 0.0032018860873382301 -0.0030079814943750165
leaf_weight=7.1709169782698172 7.4306453056633464 4.8699024170637122 6.6494987159967414 7.907249741256237 147.89324441552162 131.94438719004393
leaf_count=42 48 27 32 39 871 808
internal_value=-2.00027e-05 -0.000688182 0.00896396 0.00133352 -0.000109075 0.000273913
internal_weight=313.866 292.138 21.7277 15.0782 284.708 279.838
internal_count=1867 1754 113 81 1706 1679
is_linear=0
shrinkage=0.03


Tree=221
num_leaves=7
num_cat=0
split_feature=139 78 89 41 152 125
split_gain=2.09966 3.03609 2.97153 3.10866 4.92028 4.90198
threshold=620.00000000000011 0.004426411520752376 11782.000000000002 1.6957340661630773 0.41666666666666669 0.40300636219632602
decision_type=2 2 2 2 2 2
left_child=2 -2 3 4 -1 -5
right_child=1 -3 -4 5 -6 -7
leaf_value=0.005840306630804603 -0.025481590881671248 0.004063830800065886 0.023043882926138761 -0.0046200777406162595 -0.0075644109867280427 0.016444661429078872
leaf_weight=120.33322031237185 6.8643039986491186 5.7542600110173225 5.1640530824661246 133.89191056322306 30.991374819539487 10.74020400829613
leaf_count=712 44 30 24 798 190 69
internal_value=-1.96017e-05 -0.0120084 0.000482794 8.91326e-05 0.00309501 -0.00305584
internal_weight=313.739 12.6186 301.121 295.957 151.325 144.632
internal_count=1867 74 1793 1769 902 867
is_linear=0
shrinkage=0.03


Tree=222
num_leaves=15
num_cat=0
split_feature=103 146 124 84 69 62 119 119 110 106 79 100 100 32
split_gain=2.08909 3.58309 7.62013 4.93876 4.74145 4.70925 3.51818 5.94642 5.98766 4.44526 4.69104 4.45029 3.92771 2.14966
threshold=0.33550374953959999 31.238945985581239 0.53361144177525655 0.99805233323189069 1.8371129761063034 0.60535588442565202 0.41292915005786296 0.44763255732970092 1.1000907429760254 0.018397061265026906 1.3841587057801694 0.8444816983796809 0.74265467786526218 1.5000000000000002
decision_type=2 2 2 2 2 2 2 2 2 2 2 2 2 2
left_child=6 2 13 -3 -5 -4 9 12 -9 11 -11 -1 -8 -2
right_child=1 3 5 4 -6 -7 7 8 -10 10 -12 -13 -14 -15
leaf_value=-0.034196116830264543 -0.015930077251296412 0.032126322961231815 -0.013883709668396011 -0.030008865328358472 0.014626615419797505 0.018146429759466773 0.0081601754852767688 0.030633682886432676 -0.00020568927362848741 -0.017053677314503021 0.0016964285584853971 0.0028191680217235131 0.031935734414120127 -0.038617070159724161
leaf_weight=7.6600790880620462 7.7366138175129908 4.6170793175697318 8.0511859469115752 4.0391019796952587 4.5599267948418856 8.4850210249423963 17.701267678290609 5.9343367815017691 125.37999335676432 14.020578987896441 83.698766779154539 4.7273325249552727 9.6694671027362329 7.3109185993671417
leaf_count=52 47 22 71 38 31 46 106 28 746 81 483 24 46 46
internal_value=-1.92748e-05 -0.00601702 -0.0115052 0.0070987 -0.00633939 0.00255152 0.000980376 0.00383935 0.001188 -0.00313996 -0.0009938 -0.0200702 0.0165595 -0.0269527
internal_weight=313.592 44.7998 31.5837 13.2161 8.59903 16.5362 268.792 158.685 131.314 110.107 97.7193 12.3874 27.3707 15.0475
internal_count=1867 301 210 91 69 117 1566 926 774 640 564 76 152 93
is_linear=0
shrinkage=0.03


Tree=223
num_leaves=13
num_cat=0
split_feature=149 147 72 41 57 118 119 84 19 81 120 71
split_gain=2.07813 5.50698 4.80963 5.4316 7.98876 7.30276 3.92976 4.89603 4.27532 3.70252 3.59839 2.56065
threshold=27.500000000000004 -12.686448552517311 8.8515883402811077 1.5836002218643108 3.3385811497403219 0.98232567568812845 0.38306381498869763 0.72400171174481043 7.982352262446069 0.10431703225611096 0.53708091978234174 1.7912498719155014
decision_type=2 2 2 2 2 2 2 2 2 2 2 2
left_child=1 9 3 4 -2 -5 7 -3 -8 11 -11 -1
right_child=2 6 -4 5 -6 -7 8 -9 -10 10 -12 -13
leaf_value=-0.011329287344106721 0.0061285424590894512 0.0085914437577179655 -0.020865172908924378 -0.0071650431208691735 0.039290853193288164 0.015469182441160507 0.0046973479859654067 -0.012369836924587468 -0.014204862564767957 0.018316554699778147 -0.013405295134698177 -0.035347498149349822
leaf_weight=7.9051472172141102 24.2851294092834 13.674971625208853 6.7643609046936026 40.974863663315773 8.9462343454360944 18.676855906844139 120.20992752630264 37.6135438606143 11.828990660607813 4.9226530604064456 9.295786874368785 8.0764704495668393
leaf_count=49 122 71 39 227 41 93 739 239 83 31 81 52
internal_value=-1.95077e-05 -0.00168895 0.00355781 0.00533646 0.0150562 -7.83041e-05 0.00026648 -0.00678097 0.00300395 -0.0135592 -0.00242268 -0.0234671
internal_weight=313.175 213.527 99.6474 92.8831 33.2314 59.6517 183.327 51.2885 132.039 30.2001 14.2184 15.9816
internal_count=1867 1345 522 483 163 320 1132 310 822 213 112 101
is_linear=0
shrinkage=0.03


Tree=224
num_leaves=15
num_cat=0
split_feature=87 0 82 36 56 36 82 58 81 51 74 28 100 30
split_gain=2.1394 6.83447 7.56311 7.18625 6.63807 5.80703 5.77323 7.43612 5.64626 6.91868 4.82505 4.80885 4.70534 4.53278
threshold=1435.0000000000002 0.072227436152483587 9.7321015027385425 301.14166666666671 0.32933731532462185 275.41666666666674 10.001897985228913 3.6977869729215027 0.083532977405178579 255.00000000000003 0.56980519480519487 1.0776723247291971 0.83694141070722072 1.3613115774364029
decision_type=2 2 2 2 2 2 2 2 2 2 2 2 2 2
left_child=6 3 -3 5 -5 -2 8 13 12 -10 -4 -9 -1 -8
right_child=1 2 10 4 -6 -7 7 11 9 -11 -12 -13 -14 -15
leaf_value=-0.032600282233388227 0.0056377664586684086 0.022989614792475185 -0.023472955043789035 0.012146685513837378 0.046520941798640893 -0.021028639299370606 0.0018556012000196576 0.039359952174225589 0.012067613513909939 -0.023944401575515011 -0.002932291900653256 0.0083079472527041402 -0.0047944437381030464 -0.011612217652875583
leaf_weight=14.176186233758928 54.043494448065758 6.9394712783396235 16.582260999828577 21.260971646755937 6.6337014883756629 8.5065122917294484 60.820425743237138 5.4505866989493397 13.849833526648583 7.349258340895175 27.134181401692331 25.429973054677248 8.9259444624185544 35.688791312277317
leaf_count=92 282 48 157 115 30 49 349 30 79 48 196 133 46 213
internal_value=-1.96529e-05 0.00271718 -0.0061052 0.00765839 0.0203213 0.00201126 -0.00226886 0.00097526 -0.0115975 -0.000416959 -0.0107237 0.0137888 -0.021857 -0.00312475
internal_weight=312.792 141.101 50.6559 90.4447 27.8947 62.55 171.691 127.39 44.3012 21.1991 43.7164 30.8806 23.1021 96.5092
internal_count=1867 877 401 476 145 331 990 725 265 127 353 163 138 562
is_linear=0
shrinkage=0.03


Tree=225
num_leaves=10
num_cat=0
split_feature=80 81 30 11 129 105 87 28 71
split_gain=2.04932 5.83715 7.85467 6.82853 4.3553 4.74836 4.79525 3.72219 3.57373
threshold=4.5000000000000009 0.10321476589795815 1.1552916459589169 3.3153094846255153 1.4027485279969099 0.52136654902532731 1381.5000000000002 1.2228946129632898 1.8316925128769348
decision_type=2 2 2 2 2 2 2 2 2
left_child=4 3 -3 -2 5 6 -1 -6 -5
right_child=1 2 -4 8 7 -7 -8 -9 -10
leaf_value=-0.0031209382412922316 0.015570325852514734 0.034042598652079085 -0.0097849531095960604 -0.03679438583534976 0.0028266634183092376 0.021893074399716484 0.0052606049892294105 -0.027849241985015837 -0.011819336496985026
leaf_weight=124.65301921218634 5.3495320603251484 6.3560757748782626 8.7418888099491578 8.9294827133417147 6.1288655940443268 10.206058848649262 121.13158741407096 8.4933770149946195 12.203609503805636
leaf_count=732 27 32 50 51 44 52 755 54 70
internal_value=-1.99808e-05 -0.00622072 0.00866596 -0.0147077 0.000932783 0.00184238 0.00100979 -0.0149915 -0.0223722
internal_weight=312.193 41.5806 15.098 26.4826 270.613 255.991 245.785 14.6222 21.1331
internal_count=1867 230 82 148 1637 1539 1487 98 121
is_linear=0
shrinkage=0.03


Tree=226
num_leaves=13
num_cat=0
split_feature=57 62 81 106 120 99 45 147 62 101 120 97
split_gain=2.05325 4.26775 5.16363 7.74646 4.59812 4.53893 4.3521 3.78743 4.5939 4.94495 4.69086 3.27459
threshold=1.5082406470646947 0.39676279149963367 0.095203254803374632 0.20807047826976202 0.29722689175816974 0.29725138276580337 0.64400921658986188 -24.516460270649549 0.39298299371840056 0.085832272895313796 0.39110122358175758 1.8219805034091976
decision_type=2 2 2 2 2 2 2 2 2 2 2 2
left_child=7 2 3 -2 11 -4 -6 -1 9 -9 -10 -3
right_child=1 4 5 -5 6 -7 -8 8 10 -11 -12 -13
leaf_value=0.019957053702678067 0.029182846917274709 0.00020120810561236635 0.0055376711220268453 -0.01089745214299021 -0.00030808661452371767 0.036808061039826673 0.019788360935934009 0.012237667932174453 0.018247638611003907 -0.025816679783264254 -0.0059921170735576703 -0.029683033013350631
leaf_weight=5.2675097882747641 6.0943704023957279 5.6401515007019025 7.5352508425712612 15.075693763792513 179.33413831330836 9.3755032867193204 10.252935256808994 3.8009913861751583 8.9371730387210828 16.051141547039151 36.652911372482777 7.9535798020660877
leaf_count=27 31 28 41 81 1034 45 56 23 51 164 237 49
internal_value=-1.99412e-05 0.00129765 0.0105141 0.000640736 -0.000429731 0.0228743 0.000778736 -0.00451556 -0.00648539 -0.0185306 -0.00124032 -0.0172838
internal_weight=311.971 241.262 38.0808 21.1701 203.181 16.9108 189.587 70.7097 65.4422 19.8521 45.5901 13.5937
internal_count=1867 1365 198 112 1167 86 1090 502 475 187 288 77
is_linear=0
shrinkage=0.03


Tree=227
num_leaves=12
num_cat=0
split_feature=108 42 99 29 28 138 8 54 1 74 12
split_gain=2.03486 6.21549 6.64804 3.93529 4.48859 5.07571 4.19269 3.61603 3.19233 4.57458 3.49198
threshold=0.080380079330314116 0.19302806405423692 0.0816848725755671 0.30462957960253761 0.96930560215686079 5834.5000000000009 9.2929642138714676 0.26278287343695966 94.611859463963356 0.56980519480519487 8.4598856213725302
decision_type=2 2 2 2 2 2 2 2 2 2 2
left_child=1 2 -1 -2 5 -5 -6 -4 9 -3 -10
right_child=3 8 7 4 6 -7 -8 -9 10 -11 -12
leaf_value=-0.017498036433556789 0.026233739411055494 -0.011310337908064322 0.008037159990924761 0.021244593366199008 -0.0017425064150529055 -0.0040221678880079962 0.024237322191893833 0.041257915922043351 -0.029568927115730552 0.0044911270145111936 -0.0041375257525133853
leaf_weight=4.516690498217943 5.7094999328255644 33.753558730706573 5.6767402961850149 18.796867158263925 167.98083696328104 11.553714838810263 5.7831201478838912 6.13663499802351 10.166688643395903 32.238001963123679 9.3083531856536847
leaf_count=30 28 205 31 100 955 96 28 29 96 182 87
internal_value=-1.99999e-05 -0.00350045 0.0134584 0.00166855 0.000981412 0.0116262 -0.000877859 0.0252942 -0.00674077 -0.00359105 -0.0174137
internal_weight=311.621 101.797 16.3301 209.824 204.115 30.3506 173.764 11.8134 85.4666 65.9916 19.475
internal_count=1867 660 90 1207 1179 196 983 60 570 387 183
is_linear=0
shrinkage=0.03


Tree=228
num_leaves=10
num_cat=0
split_feature=131 86 45 100 17 65 61 1 76
split_gain=2.01689 3.60236 2.62593 3.71538 3.15217 6.6321 5.92647 1.6133 0.681533
threshold=1.195720965444681 7490.5000000000009 0.64400921658986188 0.60339365015453306 2.804484281247372 0.32219351630969245 0.65548937972172094 79.981946951812262 0.064381607652290659
decision_type=2 2 2 2 2 2 2 2 2
left_child=2 -2 4 -4 6 -6 -1 -3 -9
right_child=1 7 3 -5 5 -7 -8 8 -10
leaf_value=-0.009402353338437525 0.013520255490389767 -0.0050186531091657386 -0.010571171492116649 0.02307533716326211 0.032108650185921551 0.0014849259216584748 0.0034473980044531232 -0.016549167794458867 -0.036104676150260223
leaf_weight=70.739717952907085 4.0325353704392901 4.2059355787932855 4.1945627368986598 9.9845320340245944 6.6564082205295554 145.23375406861305 59.452653279528022 2.5908970832824707 4.2106315419077873
leaf_count=394 25 29 30 55 31 883 342 40 38
internal_value=-1.9936e-05 -0.0107372 0.000524137 0.0131218 -0.000109093 0.00282697 -0.00353448 -0.0196238 -0.0286554
internal_weight=311.302 15.04 296.262 14.1791 282.083 151.89 130.192 11.0075 6.80153
internal_count=1867 132 1735 85 1650 914 736 107 78
is_linear=0
shrinkage=0.03


Tree=229
num_leaves=7
num_cat=0
split_feature=75 139 84 78 73 120
split_gain=2.01718 2.43571 3.52315 3.36735 3.08097 2.2799
threshold=0.33535674004593069 620.00000000000011 0.39682073179264987 0.0034354425947672696 0.17192118226600989 0.57891757246376818
decision_type=2 2 2 2 2 2
left_child=5 2 -2 -3 -4 -1
right_child=1 3 4 -5 -6 -7
leaf_value=0.0007397646023611376 0.028396883724770703 -0.031006116814590996 -0.0025042547000090464 0.0014942011077240837 0.0037005251597385228 -0.033837465730803207
leaf_weight=3.5248947497457257 4.1279035881161681 5.2206504680216295 149.55816632974893 6.3699619546532631 138.92899859044701 3.3447948787361383
leaf_count=30 23 35 860 34 850 35
internal_value=-1.96987e-05 0.000343334 0.000877597 -0.0131446 0.000483829 -0.0160956
internal_weight=311.075 304.206 292.615 11.5906 288.487 6.86969
internal_count=1867 1802 1733 69 1710 65
is_linear=0
shrinkage=0.03


Tree=230
num_leaves=9
num_cat=0
split_feature=60 66 26 109 160 109 24 62
split_gain=1.99185 6.90743 4.33642 5.10814 3.86519 3.33142 4.6707 3.69777
threshold=0.77692862148533959 3.7875939849624065 -0.31566052152653196 0.37140578099005045 0.75000000000000011 0.02217622585651188 -0.43792904320425302 0.23338635560268647
decision_type=2 2 2 2 2 2 2 2
left_child=1 4 5 -4 -1 6 -2 -7
right_child=2 -3 3 -5 -6 7 -8 -9
leaf_value=-0.033286742072558356 0.021207878931302149 0.015358749438056093 0.031021645065002022 -0.0028121046411200214 -0.0026980635300597492 0.018224771707033495 -0.0094507226801467236 -0.0018751884671576952
leaf_weight=8.6611607149243373 13.943296588957311 7.2994638308882704 8.8822529464960116 7.3306525945663443 6.5140300393104544 8.5262405946850759 6.5839208960533133 243.19840971473604
leaf_count=48 70 39 42 44 38 42 44 1500
internal_value=-1.93222e-05 -0.00862155 0.000650889 0.0157237 -0.0201564 -0.000246717 0.0113744 -0.00119438
internal_weight=310.939 22.4747 288.465 16.2129 15.1752 272.252 20.5272 251.725
internal_count=1867 125 1742 86 86 1656 114 1542
is_linear=0
shrinkage=0.03


Tree=231
num_leaves=15
num_cat=0
split_feature=103 146 23 63 75 17 21 18 149 116 26 89 160 78
split_gain=2.01419 3.34808 4.32338 4.18392 4.157 3.66426 3.21873 5.22341 5.1432 7.87722 6.0281 4.82363 4.78212 2.03157
threshold=0.33550374953959999 31.238945985581239 -2.1698692503397994 0.54011154011154028 0.55243211578089835 6.8440596599674697 5.5672985209587074 0.39516799597519325 22.500000000000004 7.5000000000000009 -0.43502101054205894 458.50000000000006 1.0000000180025095e-35 0.0094800540316782519
decision_type=2 2 2 2 2 2 2 2 2 2 2 2 2 2
left_child=6 2 13 -4 5 -3 8 12 9 -1 -10 -9 -8 -2
right_child=1 4 3 -5 -6 -7 7 11 10 -11 -12 -13 -14 -15
leaf_value=-0.0029459511557203845 -0.02999349105080544 0.014302934217222708 0.018809388845801335 -0.012468724562726213 0.031544479227972558 -0.024091084467584224 0.024350225447740799 -0.021376922264608404 0.00030702923324875885 -0.028298872746817642 0.024807088643757937 0.0028152698990052669 0.0034118864549573238 -0.0050266304509660794
leaf_weight=66.434820350259542 10.655741229653357 4.5082171270623785 6.1639501340687337 10.248399073258041 4.160567855462431 4.4410308003425598 19.171270471066236 8.3426206614822132 61.667586766183376 13.225277602672575 10.590553931891916 66.901726613752544 20.119607474654913 4.0473593473434439
leaf_count=417 79 27 39 68 27 37 94 56 326 80 51 434 108 24
internal_value=-1.89892e-05 -0.00594812 -0.011306 -0.000721672 0.00676855 -0.00474995 0.000965113 0.00476253 -0.00189786 -0.00715508 0.00389789 0.000132992 0.0136284 -0.0231208
internal_weight=310.679 44.2253 31.1154 16.4123 13.1098 8.94925 266.453 114.535 151.918 79.6601 72.2581 75.2443 39.2909 14.7031
internal_count=1867 301 210 107 91 64 1566 692 874 497 377 490 202 103
is_linear=0
shrinkage=0.03


Tree=232
num_leaves=15
num_cat=0
split_feature=132 109 132 104 63 84 47 76 46 107 60 49 13 25
split_gain=1.9693 4.59214 3.89791 3.65372 4.40108 3.06012 2.85252 8.27425 4.68403 5.231 4.86984 3.60984 3.03671 2.57322
threshold=1.5368595210771192 0.20966093294548138 2.3320822079889219 0.52500399127511477 0.44708846584546474 1.9878641434593087 29.500000000000004 0.043564527260179439 50.76315789473685 0.099835547283343096 0.77692862148533959 66600.000000000015 4.9420723675702698 -1.030071139410927
decision_type=2 2 2 2 2 2 2 2 2 2 2 2 2 2
left_child=6 2 13 -3 -5 -4 8 12 9 -1 -10 -9 -8 -2
right_child=1 3 5 4 -6 -7 7 11 10 -11 -12 -13 -14 -15
leaf_value=0.009597859040233794 -0.0092931311005658695 0.025539344689018424 0.025180427251716576 0.013813319191343324 -0.0186296298874697 -0.016352970912247723 -0.029745290816280322 0.011083482682630258 -0.01487803279319665 -0.025815055770413809 0.0022871473526209409 0.043043434038587798 0.0023040390790965933 -0.034422851370445207
leaf_weight=5.407302193343642 6.2504855319857606 5.3072465918958214 3.1172624416649333 7.0945537164807311 8.0143956132233125 3.2727635968476534 3.4451440349221256 6.0766272731125337 16.028413146734238 12.278768308460711 206.73225713893771 6.6740150302648544 11.686737656593321 8.8735680654644966
leaf_count=33 42 27 18 38 49 42 28 34 88 89 1132 29 118 100
internal_value=-1.92673e-05 -0.00606549 -0.0157369 0.00412602 -0.00339573 0.00390837 0.000925542 0.0100089 -0.000127773 -0.014988 0.00105205 0.0278121 -0.00499278 -0.0240372
internal_weight=310.26 41.9303 21.5141 20.4162 15.1089 6.39003 268.329 27.8825 240.447 17.6861 222.761 12.7506 15.1319 15.1241
internal_count=1867 316 202 114 87 60 1551 209 1342 122 1220 63 146 142
is_linear=0
shrinkage=0.03


Tree=233
num_leaves=12
num_cat=0
split_feature=56 96 148 62 96 104 118 105 120 37 120
split_gain=2.0317 3.46339 3.53655 5.12375 4.86797 2.79476 5.38093 5.48394 4.23505 6.29168 5.1877
threshold=0.38587415648236428 0.9565557963285144 28.500000000000004 0.63660287081339717 4.1438466317759906 0.88022186056507323 0.32512136459250868 0.048112755915320854 0.33095716484268128 3.6235061811700633 0.34864447204267696
decision_type=2 2 2 2 2 2 2 2 2 2 2
left_child=5 -2 3 -3 -4 8 -7 -8 9 -1 -10
right_child=1 2 4 -5 -6 6 7 -9 10 -11 -12
leaf_value=0.013175579746072346 0.026483376782508498 0.0012413717575937178 -0.024974510618762252 0.021305393920919485 0.0019562667218476965 0.015339415865305787 0.010507025533449302 -0.017649860596412208 0.025532432579580877 -0.021581439661639355 0.00073033421579168554
leaf_weight=6.5418793037533787 5.6189304441213599 46.268855655565858 8.9034319519996661 15.224087767302988 18.787966646254063 7.4994171485304824 7.6784922480583182 32.896113996393979 8.0391662716865522 16.534243483096361 135.83788002468646
leaf_count=35 28 267 55 72 103 41 47 243 42 104 830
internal_value=-1.9606e-05 0.00363907 0.0021998 0.00620871 -0.00670261 -0.00163268 -0.00800634 -0.0123213 0.000202612 -0.0117281 0.00211616
internal_weight=309.83 94.8033 89.1843 61.4929 27.6914 215.027 48.074 40.5746 166.953 23.0761 143.877
internal_count=1867 525 497 339 158 1342 331 290 1011 139 872
is_linear=0
shrinkage=0.03


Tree=234
num_leaves=14
num_cat=0
split_feature=28 19 112 28 138 54 104 104 100 107 113 84 49
split_gain=1.97161 5.64686 6.13891 5.58711 7.7013 7.28384 5.96335 6.68453 6.05701 5.26719 5.01701 4.69036 4.60005
threshold=1.6192471037944232 2.4738645632989664 3.2590191734843965 1.3436788304685705 8413.5000000000018 0.39248965269528874 0.80115482413339167 0.74855432789580834 0.74265467786526218 0.028244248485123583 1.3586372990363025 0.95943863071198232 55800.000000000007
decision_type=2 2 2 2 2 2 2 2 2 2 2 2 2
left_child=3 2 -2 6 9 -6 7 -1 -8 -5 11 -3 -12
right_child=1 10 -4 4 5 -7 8 -9 -10 -11 12 -13 -14
leaf_value=0.0037412124102675437 -0.0020379704063601019 -0.025492420253377352 0.03255144105196791 0.01517972803864125 0.03704934429332598 -0.011681919030093456 -0.016553408748295508 0.038182689021370911 0.0085786789546752201 -0.016112242545691602 0.011577699709124731 0.0070559942448044583 -0.0045286902986871195
leaf_weight=96.462016088888049 7.909193683415654 11.478443942964079 11.097291551530359 5.3415201753377906 5.8743525817990285 5.2077441830188036 26.104395343922079 5.3531096205115309 12.893529571592806 51.689383065328002 33.481637343764305 6.103375567123293 30.494255006313324
leaf_count=593 41 63 55 27 31 34 196 26 78 342 173 36 172
internal_value=-1.95914e-05 0.00343171 0.0181577 -0.00168084 -0.00873467 0.0141493 0.00173119 0.00555203 -0.00824421 -0.0131814 -8.12658e-08 -0.0141935 0.00390055
internal_weight=309.49 100.564 19.0065 208.926 68.113 11.0821 140.813 101.815 38.9979 57.0309 81.5577 17.5818 63.9759
internal_count=1867 540 96 1327 434 65 893 619 274 369 444 99 345
is_linear=0
shrinkage=0.03


Tree=235
num_leaves=6
num_cat=0
split_feature=137 143 37 12 39
split_gain=1.93155 2.71117 4.36234 3.14073 1.5724
threshold=11768.000000000002 12.60106013621221 8.5595718517487729 9.3377958542222679 4.3999592745149076
decision_type=2 2 2 2 2
left_child=1 2 3 -1 -4
right_child=-2 -3 4 -5 -6
leaf_value=-0.001530771239089885 0.018634163559184753 0.021518182388359185 -0.037819682089037639 0.0066862784397780199 -0.010532569394113072
leaf_weight=240.67367798928171 4.9163748398423186 5.0311412103474131 3.5098779536783686 50.679481175728142 4.1452307887375355
leaf_count=1429 24 46 29 295 44
internal_value=-1.97053e-05 -0.000321342 -0.000688816 -0.000101455 -0.0230437
internal_weight=308.956 304.039 299.008 291.353 7.65511
internal_count=1867 1843 1797 1724 73
is_linear=0
shrinkage=0.03


Tree=236
num_leaves=14
num_cat=0
split_feature=87 82 58 70 139 28 110 36 81 51 16 111 72
split_gain=1.93481 5.43097 6.86961 5.48247 5.3346 5.99787 7.81182 7.26183 5.29954 6.47224 4.50759 4.30863 3.00598
threshold=1435.0000000000002 10.001897985228913 3.6977869729215027 1.7909216949071194 323.00000000000006 1.6192471037944232 3.6904915376890393 363.18333333333339 0.083532977405178579 255.00000000000003 1.3091018607104841 6.0915295100177254 1.7581592262649648
decision_type=2 2 2 2 2 2 2 2 2 2 2 2 2
left_child=1 8 3 -3 5 7 -7 -2 12 -10 -4 -6 -1
right_child=4 2 10 -5 11 6 -8 -9 9 -11 -12 -13 -14
leaf_value=0.00018496353331180619 -0.002120429066417154 0.0093966367370484447 0.0073326549187099025 -0.0071698044608387588 0.0015110813720886273 0.028852243032331019 0.0023611107622554714 0.035984118923829238 0.011622345321724896 -0.023504748526159126 0.035380854360852913 -0.031423335230828249 -0.026941764446251425
leaf_weight=4.6227246448397663 79.820236746221781 24.054546948522329 23.984480500221256 71.179706251248717 7.235802121460436 17.931974291801453 22.700926668941975 4.7702759727835646 13.750380456447603 7.1888241507112971 6.5691524595022193 7.0664086975157261 17.961277265101671
leaf_count=27 551 143 131 419 42 86 123 23 79 48 32 52 111
internal_value=-1.93372e-05 -0.0021749 0.000985623 -0.0029854 0.00259638 0.00457884 0.0140521 2.83841e-05 -0.0113092 -0.000437449 0.0133631 -0.0147611 -0.0213892
internal_weight=308.837 169.311 125.788 95.2343 139.526 125.223 40.6329 84.5905 43.5232 20.9392 30.5536 14.3022 22.584
internal_count=1867 990 725 562 877 783 209 574 265 127 163 94 138
is_linear=0
shrinkage=0.03


Tree=237
num_leaves=12
num_cat=0
split_feature=56 19 19 49 55 11 78 101 124 63 98
split_gain=1.9209 3.01201 4.47009 5.02351 4.99044 4.39676 3.424 2.73139 3.80736 5.6674 3.98109
threshold=0.37223295176916588 4.4359296065011389 3.32419182944435 95400.000000000015 0.16205791968434544 7.1389695618071238 0.0046115838733557556 2.5280698111779958 0.82618257216028246 0.49731182795698931 0.93231316430700595
decision_type=2 2 2 2 2 2 2 2 2 2 2
left_child=7 2 4 -4 -2 -3 -7 8 10 -10 -1
right_child=1 5 3 -5 -6 6 -8 -9 9 -11 -12
leaf_value=-0.0046333553716447649 0.019671906479866417 0.025583978835602462 -0.00092739426179703599 -0.03210530159485802 -0.0014959608489148101 0.018424346800426889 -0.0085583547204268941 0.016410136697420839 -0.024240360193741275 -0.001155938931213856 0.0047195956547064601
leaf_weight=87.566057022660971 14.560316167771814 11.868868790566923 13.487628653645517 7.0991985052824012 32.171024337410927 6.9544365853071239 10.814387224614618 7.2982663083821526 16.226900608278811 23.337861784733832 76.953769005835056
leaf_count=506 73 57 69 46 194 37 62 42 125 180 476
internal_value=-1.94225e-05 0.00347687 -3.16062e-05 -0.0116788 0.00509942 0.0114459 0.00200225 -0.00162308 -0.00226797 -0.0106237 -0.000258534
internal_weight=308.339 96.9559 67.3182 20.5868 46.7313 29.6377 17.7688 211.383 204.085 39.5648 164.52
internal_count=1867 538 382 115 267 156 99 1329 1287 305 982
is_linear=0
shrinkage=0.03


Tree=238
num_leaves=6
num_cat=0
split_feature=149 16 70 39 59
split_gain=1.94133 2.58503 2.78931 4.88114 3.83557
threshold=69.500000000000014 -5.0457184050555535 4.907569224956708 1.3629374860413603 1.7323220783867794
decision_type=2 2 2 2 2
left_child=1 -1 3 -3 -4
right_child=-2 2 4 -5 -6
leaf_value=-0.021400069863470032 0.017924790866952253 -0.019733516175092954 0.01353122686445735 -0.00038363901563556735 -0.0021213215106311921
leaf_weight=5.1540185362100592 5.3322390168905249 12.367377512156962 29.407156521454453 228.71677970141172 27.050089430063963
leaf_count=28 27 71 162 1416 163
internal_value=-1.94159e-05 -0.000335518 2.93621e-05 -0.00137627 0.0060317
internal_weight=308.028 302.695 297.541 241.084 56.4572
internal_count=1867 1840 1812 1487 325
is_linear=0
shrinkage=0.03


Tree=239
num_leaves=11
num_cat=0
split_feature=131 134 75 93 50 131 61 100 100 19
split_gain=1.92977 3.85229 2.54896 4.61299 4.55013 4.38268 5.29737 5.22841 1.82033 2.0527
threshold=1.195720965444681 4154.5000000000009 0.56142478054691092 0.93520772609101643 270.00000000000006 0.14613714206255748 0.40174912210962049 0.047636332744370492 0.61695816403764192 3.0465642005395739
decision_type=2 2 2 2 2 2 2 2 2 2
left_child=2 -2 5 -4 -5 7 -7 -1 9 -3
right_child=1 8 3 4 -6 6 -8 -9 -10 -11
leaf_value=0.025149410819228342 0.018746059706461444 0.0093100942931922913 -0.020703019903409201 0.035238153969755139 0.0053755805862206671 -0.0071321104299728452 0.006873561453820609 -0.007133107148967025 -0.033677544590549419 -0.023324937991430601
leaf_weight=4.734340287744998 3.153792940080165 3.0582718867808563 5.6215636655688277 4.9605100415647021 61.831222459673882 34.143859595060349 84.345507524907589 97.550355413928628 4.4604174941778183 4.0077025862410665
leaf_count=25 16 33 31 24 368 214 509 564 38 45
internal_value=-1.89749e-05 -0.0106335 0.000512504 0.00539672 0.00759342 -0.00108951 0.00283769 -0.00563888 -0.0186722 -0.00919995
internal_weight=307.868 14.6802 293.187 72.4133 66.7917 220.774 118.489 102.285 11.5264 7.06597
internal_count=1867 132 1735 423 392 1312 723 589 116 78
is_linear=0
shrinkage=0.03


Tree=240
num_leaves=12
num_cat=0
split_feature=107 22 4 161 102 107 118 47 82 46 98
split_gain=1.93737 5.29987 5.40492 4.13997 3.43041 2.92374 6.19791 4.58902 10.3596 7.07132 4.35185
threshold=0.045927318493947759 2.5589771036327922 45.890091003811342 0.41666666666666669 0.0075422842019149576 0.087718222612208255 0.40176947169032845 29.500000000000004 39.539228227267891 50.511707109408263 0.20594955203269316
decision_type=2 2 2 2 2 2 2 2 2 2 2
left_child=1 -1 4 -4 -3 6 -2 9 -9 -7 -8
right_child=5 2 3 -5 -6 7 10 8 -10 -11 -12
leaf_value=-0.020968052624962572 0.020459022422093104 0.032078292752550176 0.0087853630966385331 -0.024226713404906178 0.0094492065159059377 -0.020628628821783439 -0.034457772230150827 0.027054802307021789 -0.027148079055183863 0.00087824421779859657 -0.0075243965186518082
leaf_weight=5.8674197122454634 6.3428899794816962 9.4177661463618296 7.8751334547996503 6.0421234704554081 16.75630996376276 14.925667412579058 6.2440816015005103 14.189722111448647 4.0877242768183342 176.03138324059546 39.906497428193688
leaf_count=33 34 43 47 52 83 114 40 94 64 1005 258
internal_value=-1.88989e-05 0.00566196 0.00955929 -0.0055467 0.0175914 -0.00101644 -0.00734682 0.000571745 0.0149324 -0.000802785 -0.0111684
internal_weight=307.687 45.9588 40.0913 13.9173 26.1741 261.728 52.4935 209.234 18.2774 190.957 46.1506
internal_count=1867 258 225 99 126 1609 332 1277 158 1119 298
is_linear=0
shrinkage=0.03


Tree=241
num_leaves=14
num_cat=0
split_feature=108 42 99 80 98 21 150 62 81 73 2 29 104
split_gain=1.93192 5.82772 6.06849 4.31658 4.61772 5.41859 5.21013 4.46361 4.58794 3.32689 3.41544 2.93034 2.51753
threshold=0.080380079330314116 0.19302806405423692 0.0816848725755671 4.5000000000000009 0.082075287372371172 4.0016130297988237 0.64745735669942139 0.48776913875598088 0.10321476589795815 0.44722222222222224 90.754445927176675 0.71554461975245032 0.55657215148520478
decision_type=2 2 2 2 2 2 2 2 2 2 2 2 2
left_child=1 2 -1 4 5 -2 -6 -5 -9 10 -3 -11 -4
right_child=3 9 12 7 6 -7 -8 8 -10 11 -12 -13 -14
leaf_value=-0.01683732227693311 -0.036286226672526213 -0.0041885468212335547 0.03973546512246233 0.0071894855992561853 0.0072295478132307555 0.0061728827588412574 -0.00594210173001339 -0.029526203784871464 0.0014635510160359694 0.03426517122580864 -0.017822459369963135 -0.0029794762457840849 0.01178879095759398
leaf_weight=4.4311532769352224 5.5618183538317663 51.927314169704914 5.2787081673741323 9.6796784922480601 134.20264626014978 5.2667192667722702 33.843824589625001 11.538749106228353 6.8531952053308478 3.1648448333144179 24.263614539057016 4.7617467613890767 6.4407856687903404
leaf_count=30 35 288 25 52 773 30 211 67 39 29 206 47 35
internal_value=-1.90997e-05 -0.00343687 0.013069 0.00163685 0.00335326 -0.0156352 0.00457684 -0.00930027 -0.0179788 -0.00660601 -0.00853038 0.0118912 0.0243766
internal_weight=307.215 100.268 16.1506 206.947 178.875 10.8285 168.046 28.0716 18.3919 84.1175 76.1909 7.92659 11.7195
internal_count=1867 660 90 1207 1049 65 984 158 106 570 494 76 60
is_linear=0
shrinkage=0.03


Tree=242
num_leaves=12
num_cat=0
split_feature=57 62 81 106 120 135 45 139 141 119 139
split_gain=1.90492 3.68329 4.6317 7.00245 4.13221 4.11071 4.0338 3.49249 3.6448 5.76898 3.17966
threshold=1.5082406470646947 0.39676279149963367 0.095203254803374632 0.20807047826976202 0.29722689175816974 1399.5000000000002 0.63060200668896338 2.5000000000000004 1740.0000000000002 0.3158873018978674 92.500000000000014
decision_type=2 2 2 2 2 2 2 2 2 2 2
left_child=7 2 3 -2 10 -4 -6 -1 9 -9 -3
right_child=1 4 5 -5 6 -7 -8 8 -10 -11 -12
leaf_value=0.024684401417505931 0.027641968611142421 -0.029984738950955898 0.010178347386336965 -0.010654073677831994 -0.00033280210285181099 0.040884037396585221 0.018226647243883724 0.018896602440417676 -0.030428640111456618 -0.0076610360763748513 -0.00040287543854816357
leaf_weight=3.5284146387130013 6.0471117720007923 7.220778673887251 10.565549343824388 14.849604249000548 175.41273715347052 6.2422448322176924 11.213417254388331 8.5698904022574407 5.0548956207931033 52.204279806464911 5.9771324768662453
leaf_count=23 31 44 56 81 1027 30 63 47 33 399 33
internal_value=-1.93443e-05 0.00125786 0.00985806 0.000428072 -0.000364901 0.0215821 0.000782341 -0.00439338 -0.00595194 -0.00391609 -0.0165876
internal_weight=306.886 237.529 37.7045 20.8967 199.824 16.8078 186.626 69.3575 65.8291 60.7742 13.1979
internal_count=1867 1365 198 112 1167 86 1090 502 479 446 77
is_linear=0
shrinkage=0.03


Tree=243
num_leaves=10
num_cat=0
split_feature=75 51 87 28 98 54 45 103 2
split_gain=1.91511 2.33079 6.38974 5.66605 4.93399 3.1895 4.44695 3.27871 2.2746
threshold=0.33535674004593069 105.00000000000001 1491.0000000000002 1.2015372428918683 0.232509105455982 1.0000000180025095e-35 0.48304597701149432 0.33461845349701819 86.465468358749717
decision_type=2 2 2 2 2 2 2 2 2
left_child=8 2 3 -2 -4 6 -3 -7 -1
right_child=1 5 4 -5 -6 7 -8 -9 -10
leaf_value=0.0028263806909610448 0.011707202030509855 -0.0074101266968176656 -0.0065096960865002485 -0.012646841099006876 0.021020775317379743 -0.00064120669651948235 0.022912302051681498 -0.011355848534332965 -0.032042079395586773
leaf_weight=3.1516701877117148 13.778636544942854 7.1973895914852646 7.606826238334178 22.86531550064683 25.496765770018101 181.95452501252294 11.014012422412632 29.931548077613115 3.615126084536314
leaf_count=19 69 46 42 155 134 1086 57 213 46
internal_value=-1.92269e-05 0.000336951 0.0051411 -0.00348938 0.0146946 -0.00111929 0.0109285 -0.00215478 -0.0158019
internal_weight=306.612 299.845 69.7475 36.644 33.1036 230.097 18.2114 211.886 6.7668
internal_count=1867 1802 400 224 176 1402 103 1299 65
is_linear=0
shrinkage=0.03


Tree=244
num_leaves=12
num_cat=0
split_feature=132 45 16 66 18 75 47 69 77 7 18
split_gain=1.88707 4.26934 3.4125 3.32841 4.37076 2.69839 5.36597 5.95517 4.90017 4.39538 3.62033
threshold=1.5368595210771192 0.39907407407407419 4.5985783944705352 1.0290832455216019 0.62854444703584489 0.40631337198609413 29.500000000000004 3.1205233296636474 14.500000000000002 0.40560795180098325 0.034965125584240045
decision_type=2 2 2 2 2 2 2 2 2 2 2
left_child=5 2 -2 -3 -5 8 9 -8 10 -7 -1
right_child=1 3 -4 4 -6 6 7 -9 -10 -11 -12
leaf_value=0.0071294028448661813 0.03588531303666221 -0.033077590008909558 -0.0049667544447499932 0.0086786237746665201 -0.015552611298528096 -0.0051064770967095508 0.00068754518141031127 0.030779659109084995 0.020863813981744993 0.003671121037164693 -0.023149863941842572
leaf_weight=4.7671797908842626 3.5459714569151393 5.0114904660731545 3.8258204441517591 10.637404575943949 18.097912147641182 82.333402395248413 12.10648316703737 11.580291658639906 4.0730883814394465 136.41052712313831 13.963252592831848
leaf_count=31 24 38 42 67 145 466 110 56 22 752 114
internal_value=-1.90838e-05 -0.00599907 0.0146839 -0.0105171 -0.00658255 0.000907979 0.00183602 0.0153994 -0.00895827 0.000367306 -0.0154433
internal_weight=306.353 41.1186 7.37179 33.7468 28.7353 265.234 242.431 23.6868 22.8035 218.744 18.7304
internal_count=1867 316 66 250 212 1551 1384 166 167 1218 145
is_linear=0
shrinkage=0.03


Tree=245
num_leaves=6
num_cat=0
split_feature=137 143 37 115 69
split_gain=1.91382 2.47026 4.06772 2.98604 1.35065
threshold=11768.000000000002 12.60106013621221 8.5595718517487729 18.500000000000004 2.4743400836186109
decision_type=2 2 2 2 2
left_child=1 2 3 -1 -4
right_child=-2 -3 4 -5 -6
leaf_value=-0.0007407237625112425 0.018655134301309825 0.020548472296198415 -0.0064301665685592233 0.014624324300668675 -0.032654219878026997
leaf_weight=276.87083243951201 4.8607726767659178 5.0197864361107341 2.8766634333878747 11.87143464386463 4.5848148018121719
leaf_count=1659 24 46 31 65 42
internal_value=-1.91345e-05 -0.000320477 -0.000674144 -0.000109001 -0.0225439
internal_weight=306.084 301.224 296.204 288.742 7.46148
internal_count=1867 1843 1797 1724 73
is_linear=0
shrinkage=0.03


Tree=246
num_leaves=13
num_cat=0
split_feature=56 59 1 135 131 53 3 105 101 84 47 94
split_gain=1.88502 2.84416 4.28325 5.98705 4.25328 3.8387 4.74451 4.29614 2.58387 3.21962 5.09111 1.68815
threshold=0.37223295176916588 1.810279641322148 98.069712539925021 1265.5000000000002 0.35473699016347965 0.29868284587775229 1.2515155212125626 0.14553013276812563 2.5280698111779958 2.5575896787281489 30.500000000000004 0.51305099430694912
decision_type=2 2 2 2 2 2 2 2 2 2 2 2
left_child=8 2 3 -2 -4 6 -3 -7 9 10 -1 -11
right_child=1 5 4 -5 -6 7 -8 -9 -10 11 -12 -13
leaf_value=-0.002976227160656575 0.0025195783350771476 0.030882205674860958 -0.036060875710355593 0.02283138501500457 0.0086683106341241545 -0.020336181192760081 -0.0068371624282278247 0.010545854842524183 0.01593486329374311 0.0047329480352007675 0.014454154544521827 -0.029253091552665818
leaf_weight=178.50341362133622 35.4157989397645 5.2960147932171804 3.8642253689467898 20.690617963671684 3.7897202335298061 14.640177808701994 6.9266033470630646 5.6069460064172736 7.289113037288188 1.7016424760222424 16.473178800195456 5.7948108576238155
leaf_count=1066 180 27 38 100 39 80 44 30 42 16 104 101
internal_value=-1.87641e-05 0.00345766 0.00713816 0.0100101 -0.013914 -0.00376969 0.0095065 -0.0117842 -0.0016136 -0.00224535 -0.00150357 -0.0215385
internal_weight=305.992 96.2301 63.7604 56.1064 7.65395 32.4697 12.2226 20.2471 209.762 202.473 194.977 7.49645
internal_count=1867 538 357 280 77 181 71 110 1329 1287 1170 117
is_linear=0
shrinkage=0.03


Tree=247
num_leaves=12
num_cat=0
split_feature=31 15 29 100 31 12 78 74 145 113 144
split_gain=1.83899 4.97988 5.59122 4.84197 2.9237 5.30992 5.0089 4.48591 3.76656 8.31015 5.30213
threshold=1.5000000000000002 3.7560267676689088 1.4338484534672051 0.48464019974988731 1.0000000180025095e-35 9.6842026880876411 0.0019464724803837253 0.54919354838709689 2.2464797383506618 1.6407145260319773 1.5728852959296666
decision_type=2 2 2 2 2 2 2 2 2 2 2
left_child=4 -2 3 -3 8 7 -7 -6 9 -1 -10
right_child=1 2 -4 -5 5 6 -8 -9 10 -11 -12
leaf_value=0.0010366410485150152 0.024325584702870565 0.0089412660967768971 0.024643705743750945 -0.02701955706779326 -0.017572612007259285 -0.011506013781076789 0.020793205190294144 -0.0022598087657058246 0.02482120967453115 0.027141097985759869 -0.0028611721473498089
leaf_weight=42.75655422732234 9.9839140698313731 5.8347033970057982 5.2101455628871909 7.9767606295645237 31.0331268645823 6.819854945875707 11.794054865837095 38.677336804568768 6.5556605458259574 14.765764679759739 124.24618332274258
leaf_count=233 50 41 25 49 209 91 59 247 32 77 754
internal_value=-1.88275e-05 0.0071677 -0.00183799 -0.0118278 -0.000772307 -0.00527566 0.00895926 -0.00907664 0.00133977 0.00773756 -0.00147376
internal_weight=305.654 29.0055 19.0216 13.8115 276.649 88.3244 18.6139 69.7105 188.324 57.5223 130.802
internal_count=1867 165 115 90 1702 606 150 456 1096 310 786
is_linear=0
shrinkage=0.03


Tree=248
num_leaves=7
num_cat=0
split_feature=11 15 26 18 119 149
split_gain=1.83662 3.28735 2.70654 2.62543 4.76665 3.09556
threshold=2.4852497397781623 -0.21872755856399811 -10.203782091663355 -4.8871249679516566 0.42616450175517395 27.500000000000004
decision_type=2 2 2 2 2 2
left_child=1 -1 -2 4 -4 -5
right_child=2 -3 3 5 -6 -7
leaf_value=0.027845899774353065 0.024068252513392469 -0.0031943559062194045 -0.032915317957695034 -0.0023681661560791328 0.0021078179581422857 0.0044602534517230235
leaf_weight=5.7680792361497879 3.9819306209683409 6.5664080902934057 6.28544241376221 186.9184351908043 7.8846460059285164 87.824596706777811
leaf_count=28 24 37 43 1224 43 468
internal_value=-1.87461e-05 0.0113213 -0.0004963 -0.00083486 -0.0134274 -0.000185388
internal_weight=305.23 12.3345 292.895 288.913 14.1701 274.743
internal_count=1867 65 1802 1778 86 1692
is_linear=0
shrinkage=0.03


Tree=249
num_leaves=7
num_cat=0
split_feature=45 79 116 98 1 68
split_gain=1.84107 2.70227 3.70352 2.84607 4.70441 4.02756
threshold=0.71080139372822315 35.487411496526271 10.500000000000002 1.7190803404235655 98.493264824329955 0.62207331699431623
decision_type=2 2 2 2 2 2
left_child=1 3 -3 4 -1 -5
right_child=-2 2 -4 5 -6 -7
leaf_value=-0.00083387281898172135 0.015029724179496946 -0.036996315547930238 0.0049667586305737407 0.027334338097445898 -0.024000676280675193 0.0028912753001149026
leaf_weight=202.95743929035962 7.1458601709455243 4.1795621514320365 3.4597656577825546 6.6208672747015944 8.2079144231975061 72.522836471907794
leaf_count=1161 45 48 23 30 69 491
internal_value=-1.84204e-05 -0.000379328 -0.0179917 8.41321e-05 -0.00173436 0.00493609
internal_weight=305.094 297.948 7.63933 290.309 211.165 79.1437
internal_count=1867 1822 71 1751 1230 521
is_linear=0
shrinkage=0.03


Tree=250
num_leaves=13
num_cat=0
split_feature=107 32 95 41 43 33 33 100 121 107 46 41
split_gain=1.82948 4.82129 3.92218 3.82546 4.5679 3.02663 7.09538 6.49376 5.70177 3.98132 5.20755 4.7474
threshold=0.045927318493947759 1.5000000000000002 5.1625946405750698 0.59794680130755551 0.48355106375772811 1.5000000000000002 2.5000000000000004 0.18328541366609499 0.93178213279150557 0.079696682262999544 72.333333333333357 1.6957340661630773
decision_type=2 2 2 2 2 2 2 2 2 2 2 2
left_child=1 2 -1 -3 -5 9 7 -7 -8 10 -2 -11
right_child=5 3 -4 4 -6 6 8 -9 -10 11 -12 -13
leaf_value=0.0039763110629444237 0.0074250049700528391 -0.01927754403842 0.034355137582452226 -0.0059727443360992512 0.021856094051081836 -0.024242782508539368 -0.013279039154233509 0.015157145240257554 0.0040874840616878143 0.0039751281042722944 -0.025552248551796129 -0.0078315775270757365
leaf_weight=7.6076118350028974 6.0689168311655548 7.9535155780613449 7.692734245210886 13.509092375636103 8.7447487637400609 4.1310003325343123 30.146017584018409 42.476426254957914 39.061670804396272 62.253083160147071 14.867538701742886 60.378597799688578
leaf_count=40 40 51 40 77 50 34 217 232 221 383 95 387
internal_value=-1.82168e-05 0.00552985 0.0192502 -0.00141967 0.00496273 -0.000991601 0.00261648 0.011665 -0.00347716 -0.00390221 -0.015993 -0.00183799
internal_weight=304.891 45.5077 15.3003 30.2074 22.2538 259.383 115.815 46.6074 69.2077 143.568 20.9365 122.632
internal_count=1867 258 80 178 127 1609 704 266 438 905 135 770
is_linear=0
shrinkage=0.03


Tree=251
num_leaves=8
num_cat=0
split_feature=54 87 0 82 36 109 14
split_gain=2.00798 2.21483 5.82221 6.85671 6.43375 5.26381 5.34394
threshold=1.7777499183225962 1435.0000000000002 0.072227436152483587 9.7321015027385425 301.14166666666671 0.90260038963422573 3.8330303959197072
decision_type=2 2 2 2 2 2 2
left_child=1 5 4 -4 -3 6 -1
right_child=-2 2 3 -5 -6 -7 -8
leaf_value=0.0039932901352525418 0.019662753309080596 0.0016687764850621424 0.021814387052471677 -0.010514636718988245 0.019189333300891835 -0.028044716000743205 -0.0071068153846785276
leaf_weight=78.376606654375792 4.5951482811942688 61.226096004247665 6.8892313335090867 41.301515500992537 27.262108070775867 7.0452972874045363 77.76428260281682
leaf_count=441 36 331 48 340 145 49 477
internal_value=-1.83199e-05 -0.000319914 0.0024973 -0.00589296 0.00706664 -0.00267951 -0.001535
internal_weight=304.46 299.865 136.679 48.1907 88.4882 163.186 156.141
internal_count=1867 1831 864 388 476 967 918
is_linear=0
shrinkage=0.03


Tree=252
num_leaves=9
num_cat=0
split_feature=54 3 73 27 73 161 15 73
split_gain=1.87841 2.10843 4.92476 4.01465 3.89713 4.7742 4.34 3.37506
threshold=1.7777499183225962 1.5606072738673429 0.24190177638453506 1.7763053014191343 0.17752100840336138 1.0000000180025095e-35 5.2444300843779557 0.4919354838709678
decision_type=2 2 2 2 2 2 2 2
left_child=1 4 3 -3 5 -1 -6 -4
right_child=-2 2 7 -5 6 -7 -8 -9
leaf_value=0.0033369081570510267 0.018961419818089534 -0.0066231279238277438 -0.02700104859978425 0.014889195202990417 0.0067252418894391134 -0.0079594333661098457 -0.014553858620681689 0.0055080267911674493
leaf_weight=64.051933810114861 4.6217432254925361 23.759286670945585 12.48503625392914 11.628981199115513 103.47079216595739 70.992191987112164 9.4109120406210405 3.7337249601259819
leaf_count=350 36 176 121 69 572 420 71 52
internal_value=-1.82296e-05 -0.000311082 -0.00582785 0.000446062 0.000837262 -0.00260154 0.00495121 -0.0195171
internal_weight=304.155 299.533 51.607 35.3883 247.926 135.044 112.882 16.2188
internal_count=1867 1831 418 245 1413 770 643 173
is_linear=0
shrinkage=0.03


Tree=253
num_leaves=8
num_cat=0
split_feature=97 39 39 138 89 71 39
split_gain=1.84135 2.18086 7.88152 6.1081 5.97679 5.47029 4.12088
threshold=11.724265717873822 2.8483950942478153 2.4939140656423509 4294.0000000000009 374.00000000000006 1.2606831072161162 2.9057521257039847
decision_type=2 2 2 2 2 2 2
left_child=1 2 5 -4 -3 -1 -6
right_child=-2 4 3 -5 6 -7 -8
leaf_value=-0.020448566507992965 0.01703022965567462 -0.039162036470250121 0.029905912881728183 0.0010786292462215978 -0.029367641997496165 0.00054226389198703531 -0.00095471509905798769
leaf_weight=11.984597802162169 5.5967740230262271 4.1826986595988265 14.361803365871312 12.264129415154455 4.8548017404973498 165.12137341313064 85.552168765105307
leaf_count=74 33 30 75 74 33 935 613
internal_value=-1.82216e-05 -0.000338065 0.00140971 0.0166278 -0.00410251 -0.000878166 -0.00248047
internal_weight=303.918 298.322 203.732 26.6259 94.5897 177.106 90.407
internal_count=1867 1834 1158 149 676 1009 646
is_linear=0
shrinkage=0.03


Tree=254
num_leaves=9
num_cat=0
split_feature=99 14 99 55 62 150 138 79
split_gain=1.82387 4.63041 3.95442 3.48482 5.44133 2.75406 4.35371 4.01248
threshold=1.2015366760192618 3.2362647241061961 0.73897264773242644 0.098210511917595403 0.59927007299270085 0.64745735669942139 18044.000000000004 1.8676637163785226
decision_type=2 2 2 2 2 2 2 2
left_child=2 -2 5 -4 -5 6 -1 -7
right_child=1 -3 3 4 -6 7 -8 -9
leaf_value=0.0002217137389435816 0.0094311101190092343 -0.032089434215087365 0.033696690481384781 -0.011846582694967004 0.026237261765778383 -0.02153924658561749 0.027330376658241673 -0.0018781852159846122
leaf_weight=220.89791873004287 4.513813838362692 5.2046005809679627 5.5199938314035562 7.4385941624641401 6.1831087339669466 12.635834492743014 5.4638252928853026 35.83845167607069
leaf_count=1348 23 53 34 48 37 75 26 223
internal_value=-1.81236e-05 -0.0128048 0.000404583 0.0135887 0.00544028 -0.000513663 0.000876051 -0.00700325
internal_weight=303.696 9.71841 293.978 19.1417 13.6217 274.836 226.362 48.4743
internal_count=1867 76 1791 119 85 1672 1374 298
is_linear=0
shrinkage=0.03


Tree=255
num_leaves=11
num_cat=0
split_feature=139 99 29 105 68 67 115 142 99 7
split_gain=1.83238 5.1208 7.16138 4.45243 6.13209 2.97124 2.96713 3.97929 3.35401 2.24471
threshold=221.50000000000003 0.25884693958350402 1.4486797887141181 0.041045624969984221 0.85692033822874947 1.0878274268104777 18.500000000000004 3.557198779368274 0.060877513211977041 0.74829825010474882
decision_type=2 2 2 2 2 2 2 2 2 2
left_child=5 2 9 -3 -5 -1 8 -8 -7 -2
right_child=1 3 -4 4 -6 6 7 -9 -10 -11
leaf_value=0.022087836269024129 -0.042060042838754766 -0.025278620786241875 0.013718824517093922 0.035341973434730327 -0.0008705590550053807 0.0126993804307424 0.03630519890981055 0.0034019644887883366 -0.0013565497368104949 -0.017423782409289938
leaf_weight=5.8542322590947142 6.3846235722303408 4.3286019638180759 4.7384008616209021 5.5524006932973888 17.388591043651104 16.420007494278252 4.6592263802886036 11.406956427730618 219.82103546988219 6.9538087025284767
leaf_count=31 35 24 27 27 104 101 22 99 1347 50
internal_value=-1.788e-05 -0.00557971 -0.0179619 0.00262835 0.00789395 0.000959064 0.000468817 0.012944 -0.000379588 -0.0292163
internal_weight=303.508 45.3464 18.0768 27.2696 22.941 258.161 252.307 16.0662 236.241 13.3384
internal_count=1867 267 112 155 131 1600 1569 121 1448 85
is_linear=0
shrinkage=0.03


Tree=256
num_leaves=15
num_cat=0
split_feature=56 19 19 141 81 19 108 79 64 12 104 91 30 117
split_gain=1.80011 2.83424 4.00503 5.59871 4.78826 3.54605 3.45324 2.57662 4.99952 4.45753 8.16141 6.83621 4.08857 3.65717
threshold=0.37223295176916588 4.4359296065011389 3.32419182944435 1277.0000000000002 0.082417097285988575 6.7210116631807013 0.08270656346380871 10.241588949756414 0.72594671515534837 9.2086253613851241 0.35587654074413055 6.8846684752913925 0.37534288360919288 5.5000000000000009
decision_type=2 2 2 2 2 2 2 2 2 2 2 2 2 2
left_child=7 2 3 -2 -4 6 -3 9 13 11 -11 -1 -10 -9
right_child=1 5 4 -5 -6 -7 -8 8 12 10 -12 -13 -14 -15
leaf_value=-0.0037175352017565551 0.0087281330640436201 0.0050900029744120542 -0.027755595359688225 -0.023355204952291705 0.0017221471418850467 6.0772282067844634e-05 0.033595003840554208 0.0060817000585472293 0.021694675647597167 -0.03415301513031254 0.0098344209924221705 -0.026607891623102904 -0.015015375128678845 0.030811674107810508
leaf_weight=109.96270498260856 40.424707338213921 6.8520816266536739 8.8291444256901759 5.5696705952286711 11.315466091036795 13.710695300251244 8.6580421999096853 19.310012374073271 3.4039751887321499 4.2352775335311881 36.618522139266133 13.14609044510871 13.801180075854061 7.4616090580821028
leaf_count=658 233 36 50 34 65 80 40 112 18 24 213 102 162 40
internal_value=-1.77628e-05 0.00339511 -4.2635e-05 0.00484301 -0.0111976 0.0111762 0.021002 -0.00158289 0.00486531 -0.00331237 0.00527428 -0.00616187 -0.00775243 0.0129743
internal_weight=303.299 95.3598 66.139 45.9944 20.1446 29.2208 15.5101 207.939 43.9768 163.963 40.8538 123.109 17.2052 26.7716
internal_count=1867 538 382 267 115 156 76 1329 332 997 237 760 180 152
is_linear=0
shrinkage=0.03


Tree=257
num_leaves=14
num_cat=0
split_feature=28 19 14 112 28 138 78 104 104 96 62 99 114
split_gain=1.78322 5.031 6.2428 5.43093 4.98174 7.0539 6.67916 5.38229 6.08413 5.71382 4.87824 4.00408 3.52846
threshold=1.6192471037944232 2.4738645632989664 2.7007821650847132 3.2590191734843965 1.3436788304685705 8413.5000000000018 0.0061412551543799663 0.80115482413339167 0.74855432789580834 0.90366569380024353 0.35450268817204306 0.48403968754506999 5.5000000000000009
decision_type=2 2 2 2 2 2 2 2 2 2 2 2 2
left_child=4 3 12 -2 7 10 -7 8 -1 -9 -6 -4 -3
right_child=1 2 11 -5 5 6 -8 9 -10 -11 -12 -13 -14
leaf_value=0.0035400496495816467 -0.0018852450654464198 -0.0027900852068883986 -0.0031933911991198004 0.030992082094103836 0.014406084119271838 -0.012053830931792742 0.035251113067882173 0.02670398178380488 0.036740530558181342 -0.01187290897654247 -0.015633179620454567 0.011330765531245856 -0.037090148276643059
leaf_weight=94.826038843952119 7.7331821434199837 5.0479295179247838 37.921149671077728 10.889493592083452 5.3899331036955109 4.9233341459184867 5.9119889177381992 3.843803994357585 5.2422939985990515 34.208612366579473 50.005884304642677 31.087400887161493 5.8012402895838022
leaf_count=593 41 30 217 55 33 33 32 20 26 254 336 159 38
internal_value=-1.80239e-05 0.00329815 2.37168e-05 0.0173396 -0.00161614 -0.00838041 0.0137568 0.00162744 0.00527933 -0.00797613 -0.0127104 0.00334954 -0.0211309
internal_weight=302.832 98.4804 79.8577 18.6227 204.352 66.2311 10.8353 138.121 100.068 38.0524 55.3958 69.0086 10.8492
internal_count=1867 540 444 96 1327 434 65 893 619 274 369 376 68
is_linear=0
shrinkage=0.03


Tree=258
num_leaves=8
num_cat=0
split_feature=139 143 105 83 131 86 124
split_gain=1.79251 2.76402 3.32439 2.75486 2.7318 3.96811 2.97593
threshold=620.00000000000011 11.099678323472679 0.11201671845058371 2.7187256582414987 1.195720965444681 7490.5000000000009 1.2718468308104416
decision_type=2 2 2 2 2 2 2
left_child=1 4 -3 -2 6 -6 -1
right_child=3 2 -4 -5 5 -7 -8
leaf_value=5.9657432118267345e-05 -0.023201609843398054 0.029721667681593691 -0.0031047667713386953 0.0060127407713144437 0.012164298195908129 -0.023842388513424607 0.021926912819159868
leaf_weight=259.87172619253397 7.1642237007617933 6.209757615812121 5.0220829658210278 4.8864124864339828 3.8839087132364503 9.4736855179071409 5.724530365318059
leaf_count=1540 42 39 56 32 25 97 36
internal_value=-1.81135e-05 0.000452697 0.015044 -0.0113555 -0.00013481 -0.0133729 0.000530973
internal_weight=302.236 290.186 11.2318 12.0506 278.954 13.3576 265.596
internal_count=1867 1793 95 74 1698 122 1576
is_linear=0
shrinkage=0.03


Tree=259
num_leaves=12
num_cat=0
split_feature=138 138 3 131 138 45 29 28 66 55 84
split_gain=1.78299 4.35501 5.32028 4.23971 3.99643 8.73165 6.35647 3.74458 4.63095 3.84867 3.07472
threshold=10610.000000000002 8235.5000000000018 0.98192126153093573 0.29687794756464309 16270.500000000002 0.45129664769133471 1.5069261882235876 0.96930560215686079 3.2769063706563712 0.51466031955239744 0.99181815692288866
decision_type=2 2 2 2 2 2 2 2 2 2 2
left_child=1 7 -3 -4 6 -6 10 9 -9 -1 -2
right_child=4 2 3 -5 5 -7 -8 8 -10 -11 -12
leaf_value=0.0015182646963892491 -0.00366485249927019 0.035429688027542719 -0.015478460091136872 0.02151962002304466 0.037070939841429291 -0.0092332839977913566 0.025492664691418161 -0.0046237924379066144 0.005668055042929044 0.0217077685659351 -0.022843267096628095
leaf_weight=24.105859968811274 12.4854883402586 7.1013110280036953 5.8273667320609075 5.3437134176492691 5.7097684592008582 10.235632658004759 3.87708856165409 140.72163841873407 54.621397001668811 13.124232061207293 18.931204075925052
leaf_count=141 69 34 37 35 32 57 23 838 321 70 210
internal_value=-1.78532e-05 0.00102382 0.0151263 0.00221966 -0.00511743 0.00734745 -0.0107489 -8.41615e-05 -0.00174601 0.0086354 -0.0152215
internal_weight=302.085 250.846 18.2724 11.1711 51.2392 15.9454 35.2938 232.573 195.343 37.2301 31.4167
internal_count=1867 1476 106 72 391 89 302 1370 1159 211 279
is_linear=0
shrinkage=0.03


Tree=260
num_leaves=9
num_cat=0
split_feature=54 3 73 2 73 23 96 69
split_gain=1.7999 2.07679 4.65387 4.3289 3.62603 4.74942 3.41714 3.30323
threshold=1.7777499183225962 1.5606072738673429 0.24190177638453506 99.961538461538467 0.17752100840336138 -6.0967655002179244 4.0728734959449842 2.4914215732239686
decision_type=2 2 2 2 2 2 2 2
left_child=1 4 3 -3 5 -1 -6 -4
right_child=-2 2 7 -5 6 -7 -8 -9
leaf_value=-0.01612260127971863 0.018614257198004767 -0.0051088284528756373 -0.0062692223548560895 0.020805762773353907 -0.0012947594165735202 -0.00015283496980294142 0.0093032571506065156 -0.03361670205435327
leaf_weight=19.642926674336195 4.5951758567243806 27.88593325484544 8.3714280473068339 7.3253501271829 47.484936229884624 114.21614089235663 64.67548958864063 7.5692657232284537
leaf_count=115 36 186 94 59 264 655 379 79
internal_value=-1.78794e-05 -0.000305989 -0.00580605 0.000282439 0.000837575 -0.00249629 0.00481641 -0.0192549
internal_weight=301.767 297.171 51.152 35.2113 246.019 133.859 112.16 15.9407
internal_count=1867 1831 418 245 1413 770 643 173
is_linear=0
shrinkage=0.03


Tree=261
num_leaves=10
num_cat=0
split_feature=103 74 125 84 71 42 62 50 42
split_gain=1.79336 3.20436 3.11008 4.56182 4.90849 3.02354 7.3657 3.91221 2.1006
threshold=0.33550374953959999 0.45867486338797819 0.53242707100797648 2.2856703956160715 0.83792323649697709 0.94137753534507451 0.60807320907253548 450.00000000000006 0.35956106411392313
decision_type=2 2 2 2 2 2 2 2 2
left_child=2 -2 3 4 -1 7 -7 -3 -5
right_child=1 5 -4 8 -6 6 -8 -9 -10
leaf_value=0.030317735728912658 -0.024758004620072691 0.011944044907753795 0.022236270187366885 0.0019690145169168464 0.00057073628880726984 -0.012731162614707544 0.03353555207002764 -0.015803445005356919 -0.029683536678288453
leaf_weight=5.0989838391542426 6.7048179302364579 6.2127717323601273 6.0175233576446763 2.6675159800797683 238.70153458043933 6.3519367491826397 6.043131448328495 17.328673442825675 6.4489135881885886
leaf_count=24 53 37 50 23 1367 65 33 113 102
internal_value=-1.78876e-05 -0.0057187 0.000920922 0.000413776 0.00119288 -0.00216646 0.00982586 -0.00848067 -0.0204218
internal_weight=301.576 42.6413 258.934 252.917 243.801 35.9365 12.3951 23.5414 9.11643
internal_count=1867 301 1566 1516 1391 248 98 150 125
is_linear=0
shrinkage=0.03


Tree=262
num_leaves=10
num_cat=0
split_feature=60 66 160 72 66 76 27 22 39
split_gain=1.77112 6.03039 3.52844 2.91202 5.59123 3.58844 6.14477 5.66783 3.06859
threshold=0.77692862148533959 3.7875939849624065 0.75000000000000011 1.5816409012850532 2.2237871674491401 0.15610665137614682 1.8703571723483967 2.2283014031953861 4.8461868996934276
decision_type=2 2 2 2 2 2 2 2 2
left_child=1 2 -1 4 -2 7 -7 -5 -6
right_child=3 -3 -4 5 8 6 -8 -9 -10
leaf_value=-0.032242013476640387 0.027122791203649788 0.014174090765546528 -0.0024900121356266477 0.03569760865243498 -0.007767434911353596 -0.0011567487028880002 -0.022784771348047253 0.00079888678127918908 0.016041882605003166
leaf_weight=8.2703518643975276 10.469688229262827 7.2233423739671698 6.3358712717890731 4.2872887477278701 14.184018991887571 45.741461746394634 15.943514976650475 181.44572199694812 7.4204763770103446
leaf_count=48 51 39 38 22 82 261 92 1178 56
internal_value=-1.78976e-05 -0.00824775 -0.0193362 0.00062489 0.00912984 -0.000477654 -0.00674687 0.00160446 0.00041033
internal_weight=301.322 21.8296 14.6062 279.492 32.0742 247.418 61.685 185.733 21.6045
internal_count=1867 125 86 1742 189 1553 353 1200 138
is_linear=0
shrinkage=0.03


Tree=263
num_leaves=15
num_cat=0
split_feature=56 59 64 1 135 2 37 72 79 64 113 78 12 81
split_gain=1.75724 2.69503 4.00839 3.96849 5.62846 4.57378 3.72518 2.9133 2.35491 4.72396 4.46573 4.16866 5.08913 2.90722
threshold=0.37223295176916588 1.810279641322148 0.57396151708808019 98.069712539925021 1265.5000000000002 99.912369753599407 4.7160012832165394 2.0052301120134897 10.241588949756414 0.72594671515534837 1.4991863217812094 0.0017712177507652187 9.2086253613851241 0.052022120794717693
decision_type=2 2 2 2 2 2 2 2 2 2 2 2 2 2
left_child=8 3 6 4 -2 -5 -3 -4 11 10 -10 -1 -13 -11
right_child=1 2 7 5 -6 -7 -8 -9 9 13 -12 12 -14 -15
leaf_value=-0.028175164039739697 0.0024304686350229612 -0.0042656527798591902 0.0033370052879382393 -0.036392348064269275 0.02225469686748844 0.010620533626976441 0.024860189127609133 -0.02495041497312072 -0.0081920928590556875 0.017771162413858725 0.019758292381757341 -0.0053305736527844341 0.0073501119529298144 -0.013770387076902322
leaf_weight=5.8145723203197113 34.983057133853436 11.178115054965025 4.968461073935031 3.8379173390567294 20.409531898796558 3.6183395460247993 6.1137078627943984 9.6234440132975561 6.9560508877038982 3.251167660579088 19.756764020770788 119.46350538730621 37.401771001517773 13.765188722871242
leaf_count=48 180 63 29 36 100 41 32 57 40 24 112 737 212 156
internal_value=-1.77993e-05 0.00336492 -0.00373931 0.00696896 0.00973475 -0.0135781 0.0060321 -0.0153187 -0.00157032 0.0046102 0.01248 -0.00323167 -0.00230709 -0.00774402
internal_weight=301.142 94.7326 31.8837 62.8488 55.3926 7.45626 17.2918 14.5919 206.409 43.7292 26.7128 162.68 156.865 17.0164
internal_count=1867 538 181 357 280 77 95 86 1329 332 152 997 949 180
is_linear=0
shrinkage=0.03


Tree=264
num_leaves=9
num_cat=0
split_feature=102 48 98 138 39 66 143 74
split_gain=1.76492 3.34729 2.8229 6.00546 3.12298 5.11794 4.19237 1.75771
threshold=0.059739763715834525 1.0854253529397255 0.082075287372371172 481.50000000000006 2.8483950942478153 2.9567493456313105 10.703716539775941 0.55217785843920153
decision_type=2 2 2 2 2 2 2 2
left_child=2 -2 3 -1 5 -4 -6 -5
right_child=1 -3 4 7 6 -7 -8 -9
leaf_value=0.0078386103974352923 0.029900335118933669 -0.0021411592303254025 -0.00016984065805403443 -0.039165888113751504 -0.0068512701188878453 0.01189186093901678 0.013035099344677422 -0.01469706809679004
leaf_weight=7.9812089130282429 5.0335110574960691 7.0361307486891747 141.85976021178067 5.1586141660809499 76.541557327844203 40.757002308964729 10.899588095955549 5.4164514280855656
leaf_count=47 23 47 819 33 537 230 99 32
internal_value=-1.79408e-05 0.0112214 -0.000487962 -0.0118066 0.000289765 0.00252213 -0.00437242 -0.0266332
internal_weight=300.684 12.0696 288.614 18.5563 270.058 182.617 87.4411 10.5751
internal_count=1867 70 1797 112 1685 1049 636 65
is_linear=0
shrinkage=0.03


Tree=265
num_leaves=9
num_cat=0
split_feature=54 3 73 2 37 25 109 69
split_gain=1.78407 1.97489 4.40087 3.97557 3.44803 9.7066 3.95521 3.2371
threshold=1.7777499183225962 1.5606072738673429 0.24190177638453506 99.961538461538467 6.5805689448846545 -0.95218754005325701 0.0098469007954920078 2.4914215732239686
decision_type=2 2 2 2 2 2 2 2
left_child=1 4 3 -3 6 -6 -1 -4
right_child=-2 2 7 -5 5 -7 -8 -9
leaf_value=0.023748161206627171 0.018577470043837467 -0.0049950325966890913 -0.0060605122997918369 0.019817324730638321 -0.0035441367513858488 0.034715393436534882 -0.001062176263005168 -0.033393122619916824
leaf_weight=5.943399664014577 4.5728707714006296 27.695791716687381 8.2886712420731765 7.3551639299839726 15.338482704013588 9.7690364746376854 214.15805226750672 7.3648259434849015
leaf_count=32 36 186 94 59 100 51 1230 79
internal_value=-1.78111e-05 -0.000305172 -0.00569476 0.000211643 0.000809291 0.0113422 -0.000392223 -0.0189203
internal_weight=300.486 295.913 50.7045 35.051 245.209 25.1075 220.101 15.6535
internal_count=1867 1831 418 245 1413 151 1262 173
is_linear=0
shrinkage=0.03


Tree=266
num_leaves=9
num_cat=0
split_feature=103 74 54 76 125 84 8 48
split_gain=1.75811 3.05697 2.87558 3.16321 2.86288 4.33871 4.61443 2.16852
threshold=0.33550374953959999 0.45867486338797819 0.03829796988433163 0.050523617323006441 0.53242707100797648 2.2856703956160715 9.3475211339656887 1.29676392015007
decision_type=2 2 2 2 2 2 2 2
left_child=4 -2 -3 -4 5 6 -1 -7
right_child=1 2 3 -5 -6 7 -8 -9
leaf_value=0.00047261014878372676 -0.024453817224501906 0.018355524371778207 0.0093131674428110784 -0.011942299221670186 0.021347730330527968 -0.030874382913518961 0.02538167584995521 0.00014872871854394382
leaf_weight=236.0191687643528 6.5934554086998096 5.2193832620978347 8.8962188707664627 21.602638758718967 6.0257754046469918 5.8369340356439334 6.8887471184134474 3.1074059903621674
leaf_count=1355 53 30 76 142 50 74 36 51
internal_value=-1.76015e-05 -0.00568552 -0.00222096 -0.00574229 0.00091237 0.000423436 0.00117902 -0.0200965
internal_weight=300.19 42.3117 35.7182 30.4989 257.878 251.852 242.908 8.94434
internal_count=1867 301 248 218 1566 1516 1391 125
is_linear=0
shrinkage=0.03


Tree=267
num_leaves=9
num_cat=0
split_feature=129 125 108 84 83 141 47 94
split_gain=1.76664 3.41426 4.84301 4.2564 3.79353 6.00447 3.59329 3.37965
threshold=1.4027485279969099 0.24910832769924834 0.44156695035468646 1.0047086592748529 5.5683351854354681 202.50000000000003 30.500000000000004 3.8262306732095097
decision_type=2 2 2 2 2 2 2 2
left_child=1 4 3 -3 6 -6 -1 -2
right_child=7 2 -4 -5 5 -7 -8 -9
leaf_value=6.3039438177035241e-05 0.0010622530088635676 0.029325129480924039 -0.011612680522737017 0.0056099454001654493 -0.02155273985117525 0.0012762988181931692 0.019082806775696307 -0.027943871383481238
leaf_weight=196.67709023505449 9.5424986723810417 11.131059490144255 7.9776053987443438 17.551442185416818 18.817932669073343 23.095030437223613 9.3654147163033468 5.8202364332973948
leaf_count=1114 59 54 52 132 160 202 48 46
internal_value=-1.74926e-05 0.000517386 0.00906274 0.0148133 -0.000746041 -0.0089734 0.00092756 -0.00992684
internal_weight=299.978 284.616 36.6601 28.6825 247.955 41.913 206.043 15.3627
internal_count=1867 1762 238 186 1524 362 1162 105
is_linear=0
shrinkage=0.03


Tree=268
num_leaves=10
num_cat=0
split_feature=28 19 14 109 96 104 98 143 114
split_gain=1.73196 4.68081 5.86108 4.66813 4.02761 4.53023 3.89931 3.86783 3.3742
threshold=1.6192471037944232 2.4738645632989664 2.7007821650847132 0.98235243262682181 0.90366569380024353 0.79799286675632641 0.060786415083039398 4.7550037657206801 5.5000000000000009
decision_type=2 2 2 2 2 2 2 2 2
left_child=3 7 8 4 -1 -6 -4 -2 -3
right_child=1 2 6 -5 5 -7 -8 -9 -10
leaf_value=0.021605693022499883 0.0026305111291240117 -0.0027427459557380044 -0.021424591181696633 -0.030484333170466456 0.00099914196500215549 -0.0096400197423421475 0.0053831774150914016 0.030089790576124056 -0.036524420716022583
leaf_weight=6.9159808456897727 8.9133725464344042 5.0384893491864187 5.2921646498143664 4.9142202213406554 141.95024570077658 48.26863787136972 63.198593627661467 9.5772479213774186 5.6394964791834354
leaf_count=33 46 30 34 39 895 360 342 50 38
internal_value=-1.73905e-05 0.00326289 8.87742e-05 -0.0016029 -0.000882937 -0.00170058 0.00331179 0.0168531 -0.0205843
internal_weight=299.708 97.6594 79.1687 202.049 197.135 190.219 68.4908 18.4906 10.678
internal_count=1867 540 444 1327 1288 1255 376 96 68
is_linear=0
shrinkage=0.03


Tree=269
num_leaves=7
num_cat=0
split_feature=45 79 28 47 137 46
split_gain=1.75619 2.61088 3.58202 2.51263 5.51814 3.99686
threshold=0.71080139372822315 35.487411496526271 1.0080032429572678 30.500000000000004 5253.5000000000009 52.208333333333336
decision_type=2 2 2 2 2 2
left_child=1 3 -3 5 -5 -1
right_child=-2 2 -4 4 -6 -7
leaf_value=-0.012878639278511447 0.014849360169352326 0.0027021949634085034 -0.038929764140279828 0.0026445086918092712 0.04063753615180634 0.00038237062185926979
leaf_weight=22.365935529582202 6.984423601999878 3.755768376402556 3.6849635383114219 18.847692770883445 4.2088498994708052 239.46320733614266
leaf_count=168 45 36 35 170 20 1393
internal_value=-1.73421e-05 -0.000372545 -0.0179157 8.56521e-05 0.00957993 -0.00075041
internal_weight=299.311 292.326 7.44073 284.886 23.0565 261.829
internal_count=1867 1822 71 1751 190 1561
is_linear=0
shrinkage=0.03


Tree=270
num_leaves=7
num_cat=0
split_feature=139 78 89 41 152 125
split_gain=1.72372 2.69861 2.41003 2.55995 4.26437 4.0925
threshold=620.00000000000011 0.004426411520752376 11782.000000000002 1.6957340661630773 0.41666666666666669 0.40300636219632602
decision_type=2 2 2 2 2 2
left_child=2 -2 3 4 -1 -5
right_child=1 -3 -4 5 -6 -7
leaf_value=0.0054683626914425118 -0.024463863977131441 0.0041616216900180721 0.021238984155972102 -0.0043216969432015116 -0.0073334299711708692 0.015302288153491191
leaf_weight=115.33623342681676 6.3947877492755634 5.5246913880109787 4.9311235696077338 127.23044524248689 29.384739239700139 10.341815425083039
leaf_count=712 44 30 24 798 190 69
internal_value=-1.70689e-05 -0.0111959 0.000446841 8.36415e-05 0.00286903 -0.00284649
internal_weight=299.144 11.9195 287.224 282.293 144.721 137.572
internal_count=1867 74 1793 1769 902 867
is_linear=0
shrinkage=0.03


Tree=271
num_leaves=10
num_cat=0
split_feature=149 42 149 73 100 46 73 48 71
split_gain=1.70217 7.15417 4.58759 2.90729 3.58923 4.16847 3.94763 2.29744 1.24342
threshold=3.5000000000000004 0.33354099185939023 1.5000000000000002 0.59545454545454557 1.2128405632805475 85.480769230769241 0.15849282296650721 1.096470585417552 1.5330936957535315
decision_type=2 2 2 2 2 2 2 2 2
left_child=1 -1 -3 4 6 -6 -2 -5 -4
right_child=3 2 8 7 5 -7 -8 -9 -10
leaf_value=0.014185115741396069 -0.0034867544232379953 0.0020981293597581753 -0.01694072365457144 -0.034256483720631746 -0.010573210957950935 0.024635828568787627 0.0040804423142103878 -0.0030168026358998725 -0.037683383144101364
leaf_weight=9.1651062797755021 121.51318511739373 6.2153400927782085 4.1154811102896911 3.712051844224332 4.1244259923696509 11.366299375891684 126.77984192315489 4.9360863417387009 7.0676664412021637
leaf_count=54 726 34 39 27 31 60 780 59 57
internal_value=-1.67768e-05 -0.00726574 -0.0185655 0.000690036 0.00125118 0.0152614 0.0003771 -0.0164259 -0.0300499
internal_weight=298.995 26.5636 17.3985 272.432 263.784 15.4907 248.293 8.64814 11.1831
internal_count=1867 184 130 1683 1597 91 1506 86 96
is_linear=0
shrinkage=0.03


Tree=272
num_leaves=8
num_cat=0
split_feature=146 4 15 68 147 113 61
split_gain=1.70024 3.3972 3.30843 4.42294 3.80235 3.12734 3.88399
threshold=53.463439780174106 59.926193424327785 3.9882916947121698 1.016690832756233 -29.479150241850409 2.1141099964593946 0.88533648605591064
decision_type=2 2 2 2 2 2 2
left_child=1 2 4 -4 -1 -3 -7
right_child=-2 5 3 -5 -6 6 -8
leaf_value=-0.018501846121453721 0.014685270930874936 -0.031851803085708175 0.037959373055844244 0.0050322175785216926 0.00018730009977252138 0.01123719776873346 -0.021478345617556259
leaf_weight=10.219181796535848 6.9155568089336148 5.4648645408451584 4.4415714219212559 21.176799468696117 237.43969136755913 6.6518931537866575 6.4162467606365681
leaf_count=65 47 44 21 124 1433 38 95
internal_value=-1.67592e-05 -0.00036518 0.000477772 0.0107409 -0.000583873 -0.0127949 -0.00482561
internal_weight=298.726 291.81 273.277 25.6184 247.659 18.533 13.0681
internal_count=1867 1820 1643 145 1498 177 133
is_linear=0
shrinkage=0.03


Tree=273
num_leaves=12
num_cat=0
split_feature=80 81 30 11 129 98 112 71 108 17 124
split_gain=1.68671 4.84165 6.94985 6.35453 3.67816 3.35819 5.09412 3.34413 3.17093 3.00649 0.9951
threshold=4.5000000000000009 0.10321476589795815 1.1552916459589169 3.2775167675753329 1.4027485279969099 0.082075287372371172 4.4274406491103013 1.8316925128769348 0.080380079330314116 7.2477662156820726 0.6754661940770551
decision_type=2 2 2 2 2 2 2 2 2 2 2
left_child=4 3 -3 -2 5 6 -1 -5 -7 10 -6
right_child=1 2 -4 7 9 8 -8 -9 -10 -11 -12
leaf_value=-0.02561154730276869 0.016592128199360307 0.032076832954912371 -0.009893320927607566 -0.035802123018655478 -0.035441577386742092 -0.0025333439705853161 0.0080211820338162553 -0.010938509728051809 0.005056797060385477 0.003453369128874641 -0.014718865405078706
leaf_weight=9.5434542894363421 4.9605957418680218 6.1851011775434008 8.337443642318247 8.3692173361778277 4.346376318484543 72.524936231784523 7.0451915673911563 11.639345616102217 156.28460702393204 5.2605888731777659 4.0093351993709803
leaf_count=63 26 32 50 51 30 507 40 71 929 37 31
internal_value=-1.66296e-05 -0.00579191 0.00798162 -0.0138029 0.000863923 0.00170603 -0.0113277 -0.0213385 0.00265098 -0.0143129 -0.0254982
internal_weight=298.506 39.4917 14.5225 24.9692 259.014 245.398 16.5886 20.0086 228.81 13.6163 8.35571
internal_count=1867 230 82 148 1637 1539 103 122 1436 98 61
is_linear=0
shrinkage=0.03


Tree=274
num_leaves=11
num_cat=0
split_feature=57 82 98 2 116 113 140 99 67 29
split_gain=1.70299 3.41742 4.26322 6.03205 4.83085 4.20867 5.35355 3.25121 3.22654 3.25796
threshold=1.5082406470646947 42.906063023534109 1.1677176796042479 78.724169406899904 20.500000000000004 1.4991863217812094 3.5000000000000004 0.93689855156919499 6.7581775700934594 1.2287221131360764
decision_type=2 2 2 2 2 2 2 2 2 2
left_child=7 2 4 -4 -2 -3 -7 8 9 -1
right_child=1 5 3 -5 -6 6 -8 -9 -10 -11
leaf_value=-0.012196086084509904 -0.0060588068048117215 -0.0098040653382224108 0.029925421053046457 0.0019258125396827968 0.021291570591777127 -0.0094065758888350285 0.017980812985541564 -0.026469973795764951 0.015856235508581142 0.0025250775004899487
leaf_weight=27.126142241060734 101.70447540283203 9.4453880898654443 7.7372644692659369 65.941334344446659 6.1644771732389918 8.0439756289124471 31.890127567574382 5.4317601127549997 7.7389120161533347 26.994924373924732
leaf_count=230 611 56 37 403 34 49 175 54 57 161
internal_value=-1.68363e-05 0.00120694 -0.000696373 0.00486616 -0.00449579 0.00820464 0.0124641 -0.00421652 -0.0022625 -0.00485335
internal_weight=298.219 230.927 181.548 73.6786 107.869 49.3795 39.9341 67.2917 61.86 54.1211
internal_count=1867 1365 1085 440 645 280 224 502 448 391
is_linear=0
shrinkage=0.03


Tree=275
num_leaves=13
num_cat=0
split_feature=103 119 119 110 106 100 79 121 74 103 141 15
split_gain=1.68653 2.86911 5.91259 4.50578 3.90715 4.27863 3.81575 3.64948 2.86387 2.79305 4.03482 2.83075
threshold=0.33550374953959999 0.41292915005786296 0.44763255732970092 1.1000907429760254 0.018397061265026906 0.87763278576981707 1.3841587057801694 0.48420520546052603 0.45867486338797819 0.36049931603436863 234.50000000000003 0.062311140699911928
decision_type=2 2 2 2 2 2 2 2 2 2 2 2
left_child=1 4 7 -4 5 -1 -6 -3 -2 11 -11 -10
right_child=8 2 3 -5 6 -7 -8 -9 9 10 -12 -13
leaf_value=-0.033553039664592534 -0.023953768047181943 0.040816351619120422 0.02696777689736812 -0.00041576146343584098 -0.015879277631513193 0.0046120402949569794 0.0015577755833569987 0.011342691341942733 -0.027476530860623651 -0.005138720366903069 0.020853439108201567 0.0030676691133926601
leaf_weight=7.1914183162152749 6.4670819528400889 4.5822755843400982 5.6645173653960219 119.40387361589819 13.146071147173641 4.1805813536047935 80.202852912247181 21.622286066412926 6.4939818009734136 16.215709188953046 8.0401166137307865 4.7123737735673785
leaf_count=54 53 21 28 746 81 22 483 131 56 110 50 32
internal_value=-1.66935e-05 0.000896809 0.00353931 0.000824476 -0.00292038 -0.0195228 -0.000897836 0.0164966 -0.00559397 -0.00224577 0.00347694 -0.0146324
internal_weight=297.923 255.994 151.273 125.068 104.721 11.372 93.3489 26.2046 41.9293 35.4622 24.2558 11.2064
internal_count=1867 1566 926 774 640 76 564 152 301 248 160 88
is_linear=0
shrinkage=0.03


Tree=276
num_leaves=7
num_cat=0
split_feature=45 79 88 47 76 46
split_gain=1.65663 2.51249 3.44525 2.38871 5.76542 4.37697
threshold=0.71080139372822315 35.487411496526271 709.50000000000011 29.500000000000004 0.043564527260179439 52.208333333333336
decision_type=2 2 2 2 2 2
left_child=1 3 -3 5 -5 -1
right_child=-2 2 -4 4 -6 -7
leaf_value=-0.014326885330689723 0.014469378757781296 -0.036739774747700189 0.004492259901497082 -0.0055647798765564868 0.021976729964154423 0.00032443269660047851
leaf_weight=19.898048279806972 6.9393208250403395 3.9484541639685622 3.3895855098962784 13.38670290540904 13.989178974181412 236.05212108511478
leaf_count=155 45 47 24 144 72 1380
internal_value=-1.67419e-05 -0.000362584 -0.0176939 8.62904e-05 0.00850904 -0.000814588
internal_weight=297.603 290.664 7.33804 283.326 27.3759 255.95
internal_count=1867 1822 71 1751 216 1535
is_linear=0
shrinkage=0.03


Tree=277
num_leaves=13
num_cat=0
split_feature=56 96 148 62 96 21 143 30 115 101 99 110
split_gain=1.69121 3.00457 3.20311 4.1744 4.10842 2.40015 5.96579 5.70754 5.0927 3.73478 3.7228 2.78042
threshold=0.38587415648236428 0.9565557963285144 28.500000000000004 0.63660287081339717 4.1438466317759906 5.4989640851912371 5.840255249617095 0.7339397063433245 11.500000000000002 0.041346932767719217 0.068041902500448101 3.1756983143901305
decision_type=2 2 2 2 2 2 2 2 2 2 2 2
left_child=5 -2 3 -3 -4 9 7 -7 -8 11 -11 -1
right_child=1 2 4 -5 -6 6 8 -9 -10 10 -12 -13
leaf_value=-0.038587582505047721 0.025026798941193949 0.0013111639324704166 -0.023925279677955318 0.019747509751912841 0.0013997857953735795 -0.014196164192300926 -0.015754975451388393 0.018161389275487105 0.0017715285932002375 0.023028002516182897 -0.0044191197704320107 -0.006157447926633748
leaf_weight=4.8701406326144916 5.4310678690671912 44.246127337217331 8.4345410373061913 14.733853459358214 18.217010024935007 6.0040910001844159 20.687811702489853 26.828988406807184 53.528235742822289 4.692884996533393 85.06811548396945 4.6521942280232906
leaf_count=32 28 267 55 72 103 47 152 140 383 27 531 30
internal_value=-1.65749e-05 0.00338881 0.00201645 0.00591677 -0.00661496 -0.00151951 0.00159653 0.0122443 -0.00311401 -0.00487928 -0.00298413 -0.0227436
internal_weight=297.395 91.0626 85.6315 58.98 26.6516 206.332 107.049 32.8331 74.216 99.2833 89.761 9.52233
internal_count=1867 525 497 339 158 1342 722 187 535 620 558 62
is_linear=0
shrinkage=0.03


Tree=278
num_leaves=13
num_cat=0
split_feature=139 24 85 104 102 99 74 71 91 69 81 98
split_gain=1.72545 4.91277 4.14082 4.63308 5.50574 3.81888 6.19329 3.79231 3.98754 3.46976 3.15071 2.50653
threshold=221.50000000000003 -2.1159767822141702 1.4223712769730452 0.3321199542145325 0.059739763715834525 0.32821255132777255 0.59437321937321952 1.6360870747430236 3.985570865734223 3.2288703032286645 0.14146183406650262 0.77630574750499104
decision_type=2 2 2 2 2 2 2 2 2 2 2 2
left_child=2 9 7 10 -5 11 -7 -1 -9 -2 -4 -3
right_child=1 5 3 4 -6 6 -8 8 -10 -11 -12 -13
leaf_value=-0.0072918273015914851 0.018997281610528514 -0.0058211293646998705 -0.025165754264634792 9.9184042247416568e-06 0.027502038173649032 -0.025424898318912908 0.015901838810134305 0.040783430608321423 0.010012946205109436 -0.0090849794189101774 0.003502340451802212 -0.032539463151462257
leaf_weight=6.0804383605718639 9.7036719433963317 4.6762591823935535 10.729542674496768 207.1655338415876 6.7702936232089987 5.6651500146836025 7.6989003401249647 5.6964160352945354 11.327689945697783 6.6897892355918875 5.085652031004428 9.74632330983877
leaf_count=35 54 28 70 1338 36 40 42 28 60 37 33 66
internal_value=-1.66712e-05 -0.00548672 0.00093908 -0.000278361 0.000879944 -0.0131707 -0.00161696 0.0130453 0.020309 0.00753757 -0.015947 -0.0238765
internal_weight=297.036 44.1801 252.856 229.751 213.936 27.7866 13.3641 23.1045 17.0241 16.3935 15.8152 14.4226
internal_count=1867 267 1600 1477 1374 176 82 123 88 91 103 94
is_linear=0
shrinkage=0.03


Tree=279
num_leaves=8
num_cat=0
split_feature=54 85 47 97 44 46 105
split_gain=1.71285 1.97019 3.53627 5.10248 3.2302 3.21214 0.835832
threshold=1.7777499183225962 5.9503249982704842 29.500000000000004 5.2110698887672164 3.262287263607341 50.511707109408263 0.27653961521127551
decision_type=2 2 2 2 2 2 2
left_child=1 2 5 -4 6 -1 -3
right_child=-2 4 3 -5 -6 -7 -8
leaf_value=-0.013394543704740991 0.018287948564107231 -0.034216746274121898 -0.0026802798954252346 0.025813331695195924 0.012518484046599608 2.9111644603975103e-05 -0.0099434199670717927
leaf_weight=17.174522249028087 4.530624419450759 4.1330334823578578 11.358262762427332 11.26711036544293 2.7597429500892758 243.58431218750775 1.8474364224821327
leaf_count=132 36 72 76 66 36 1426 23
internal_value=-1.66543e-05 -0.000300545 0.000132134 0.0115091 -0.0143293 -0.000855019 -0.0267184
internal_weight=296.655 292.124 283.384 22.6254 8.74021 260.759 5.98047
internal_count=1867 1831 1700 142 131 1558 95
is_linear=0
shrinkage=0.03


Tree=280
num_leaves=7
num_cat=0
split_feature=26 18 119 26 119 107
split_gain=1.67847 2.5378 4.29152 2.59352 6.22161 3.55481
threshold=-10.203782091663355 -4.8871249679516566 0.42616450175517395 -2.8510481018789053 0.5052088985349974 0.037009134839501086
decision_type=2 2 2 2 2 2
left_child=-1 2 -2 4 -3 -5
right_child=1 3 -4 5 -6 -7
leaf_value=0.018020280849866715 -0.032019759184568619 0.015644345976099396 0.0019302498987406509 0.0091980146603823348 -0.0039296908770312259 -0.0025768713999830242
leaf_weight=4.571815311908721 5.9648576527833921 29.464735611341894 7.6470021568238735 26.196762658655643 28.997047225944698 193.64982199762017
leaf_count=27 43 164 43 140 205 1245
internal_value=-1.65019e-05 -0.000298979 -0.012947 0.000319626 0.00593562 -0.00117378
internal_weight=296.492 291.92 13.6119 278.308 58.4618 219.847
internal_count=1867 1840 86 1754 369 1385
is_linear=0
shrinkage=0.03


Tree=281
num_leaves=13
num_cat=0
split_feature=67 70 84 60 103 161 128 128 28 15 138 134
split_gain=1.68177 3.84939 3.4361 3.46669 4.32086 3.8043 3.34231 5.1634 3.43785 3.21087 3.62199 3.46154
threshold=6.4775828460038998 4.1648221734884556 1.719762840412425 0.77692862148533959 0.20831856510199767 1.0000000180025095e-35 0.3321952127719246 0.81520672871031385 1.0080032429572678 -0.59765507903838455 2628.0000000000005 63750.500000000007
decision_type=2 2 2 2 2 2 2 2 2 2 2 2
left_child=2 6 3 4 -1 -5 8 -8 -2 10 -4 -11
right_child=1 -3 9 5 -6 -7 7 -9 -10 11 -12 -13
leaf_value=0.0099489620242059536 0.0039810090155365874 0.031316916950972495 -0.022317035842973808 0.0054221277016832129 -0.024499465554052437 -0.002381818072267635 0.034781209114614353 -0.00097643835925130659 -0.033856220462536966 -0.029657588015443305 0.016239079270991125 0.0026683464121179364
leaf_weight=4.7932585142552844 4.7945153079927021 4.7939995825290671 3.4706663880497235 104.41111219860613 10.359173707664011 121.80545672029257 5.1772866304963854 12.196257134899495 3.9348510801792145 10.428809917531906 5.9557878654450178 4.1747963102534404
leaf_count=24 40 24 40 590 64 696 33 94 30 131 43 58
internal_value=-1.62737e-05 0.00660793 -0.000787442 0.000289622 -0.0136022 0.00122012 0.00206993 0.00967928 -0.0130745 -0.011606 0.00204335 -0.0204164
internal_weight=296.296 30.8969 265.399 241.369 15.1524 226.217 26.1029 17.3735 8.72937 24.0301 9.42645 14.6036
internal_count=1867 221 1646 1374 88 1286 197 127 70 272 83 189
is_linear=0
shrinkage=0.03


Tree=282
num_leaves=8
num_cat=0
split_feature=137 109 87 18 60 18 60
split_gain=1.66756 2.24503 6.63404 3.07717 6.29474 6.15476 2.22486
threshold=11768.000000000002 0.7829743996308135 1721.5000000000002 0.39516799597519325 1.7711372258809177 0.92301096163575214 2.5480317776200132
decision_type=2 2 2 2 2 2 2
left_child=1 3 6 4 -1 -5 -3
right_child=-2 2 -4 5 -6 -7 -8
leaf_value=0.026641370186717171 0.017724389991831211 -0.036490849124266797 0.020096138914049277 -0.017499282084596127 0.0019307652074722985 -6.5016950335335778e-05 -0.0081340710885128755
leaf_weight=10.299846410751341 4.6927845850586882 6.0320857241749746 4.1663002893328658 20.700674625113606 93.517468957230449 152.32787180226296 4.2409352958202362
leaf_count=50 24 47 23 139 547 1009 28
internal_value=-1.6546e-05 -0.000302363 -0.0118347 0.000299125 0.00438234 -0.00215081 -0.0247845
internal_weight=295.978 291.285 14.4393 276.846 103.817 173.029 10.273
internal_count=1867 1843 98 1745 597 1148 75
is_linear=0
shrinkage=0.03


Tree=283
num_leaves=15
num_cat=0
split_feature=51 8 50 48 53 68 101 143 143 57 12 7 139 101
split_gain=1.67835 5.75555 9.26648 6.31472 5.30531 5.73253 3.93172 3.81686 7.80448 4.3859 4.20233 6.36814 5.40609 2.63621
threshold=105.00000000000001 4.1006743916521389 570.00000000000011 1.074258075088953 0.31307836682373202 1.5257722859664609 0.17137387764998585 5.840255249617095 5.6001945219833233 1.5692345603354345 8.9059782566472183 0.022779234511417262 217.50000000000003 0.21868202602738565
decision_type=2 2 2 2 2 2 2 2 2 2 2 2 2 2
left_child=1 2 13 -4 6 -6 -3 8 9 -2 11 -9 -12 -1
right_child=7 4 3 -5 5 -7 -8 10 -10 -11 12 -13 -14 -15
leaf_value=-0.036291943368251381 -0.011601624161024834 0.0055667335032640623 0.027532320702440733 -0.01034013858094524 -0.021405170642860811 0.01183087693439816 0.035775911290651871 -0.024797043111338284 0.029578756592092071 0.003577574663058955 0.0041069256769565516 -0.0037888476688032863 -0.024836624422292945 -0.0099504670021742462
leaf_weight=7.2974803522229212 21.751219967380166 6.182141542434695 8.4117353335022909 7.4908738210797301 6.5797675102949169 16.096464684233069 10.400993548333643 19.351644149050117 8.9419931024312955 80.668312218040228 50.064520657993853 39.478191162459552 6.570135965012013 6.4341789707541466
leaf_count=46 146 32 41 50 43 109 52 138 49 456 349 269 48 39
internal_value=-1.6502e-05 0.00408439 -0.00589604 0.00969262 0.011618 0.00218706 0.024514 -0.00126206 0.00270058 0.000353911 -0.00508389 -0.0106993 0.00074921 -0.0239492
internal_weight=295.72 68.8936 29.6343 15.9026 39.2594 22.6762 16.5831 226.826 111.362 102.42 115.464 58.8298 56.6347 13.7317
internal_count=1867 412 176 91 236 152 84 1455 651 602 804 407 397 85
is_linear=0
shrinkage=0.03


Tree=284
num_leaves=15
num_cat=0
split_feature=56 45 73 21 60 66 29 152 42 73 41 98 84 101
split_gain=1.62987 3.00139 4.54722 4.31298 4.27941 3.85283 3.83695 2.26665 4.41745 5.37603 4.27202 4.67983 4.04648 3.16814
threshold=0.38587415648236428 0.48863049095607247 0.17192118226600989 9.4413295269121829 1.1047896001438196 2.8227564102564107 1.1356321599360364 0.41666666666666669 0.64265254172337605 0.15849282296650721 1.6957340661630773 1.2543989182223736 0.88699106539752426 0.48701225939917664
decision_type=2 2 2 2 2 2 2 2 2 2 2 2 2 2
left_child=7 2 5 -4 -3 -2 -6 10 9 -9 12 -12 -1 -10
right_child=1 4 3 -5 6 -7 -8 8 13 -11 11 -13 -14 -15
leaf_value=0.013160008281747269 -0.021740871344489342 -0.010091142981696628 0.01084779992640518 -0.018283540109948444 0.0023139459923376742 0.0068310314024204741 0.023497391580681277 -0.013611612891634435 -0.039223107399795586 0.0099286421019328958 -0.010211999302413151 0.0054371620924305846 -0.00048105176496191871 -0.0083964759711432965
leaf_weight=32.746885761618614 13.510225504636766 7.9709612280130377 25.634413890540603 5.5674454271793357 13.361731065437199 6.1954426877200595 18.146882340312004 17.522728051990271 5.6855880357325059 17.403088914230466 50.359109664335847 26.11835789680481 48.64395993296057 6.3535095443949103
leaf_count=177 79 43 154 37 88 35 89 112 38 104 317 186 348 60
internal_value=-1.69951e-05 0.00333862 -0.00147559 0.0056498 0.00954637 -0.0127579 0.0145142 -0.00149773 -0.00728367 -0.0018818 0.000223551 -0.00486754 0.00500731 -0.0229547
internal_weight=295.22 90.3871 50.9075 31.2019 39.4796 19.7057 31.5086 204.833 46.9649 34.9258 157.868 76.4775 81.3908 12.0391
internal_count=1867 525 305 191 220 114 177 1342 314 216 1028 503 525 98
is_linear=0
shrinkage=0.03


Tree=285
num_leaves=5
num_cat=0
split_feature=149 16 70 147
split_gain=1.69278 2.15366 3.00992 2.26854
threshold=69.500000000000014 -4.0261175946763457 8.9514671422241445 -29.479150241850409
decision_type=2 2 2 2
left_child=1 -1 3 -3
right_child=-2 2 -4 -5
leaf_value=-0.016190325199671306 0.017174488408055518 -0.011718909692273518 0.020780510505200894 0.00029071420125050104
leaf_weight=7.4945339392870656 5.0661712959408751 14.967264158651231 6.1971105933189383 261.06229249853641
leaf_count=44 27 97 37 1662
internal_value=-1.71528e-05 -0.000317772 0.000103724 -0.000360489
internal_weight=294.787 289.721 282.227 276.03
internal_count=1867 1840 1796 1759
is_linear=0
shrinkage=0.03


Tree=286
num_leaves=14
num_cat=0
split_feature=139 14 95 25 75 87 28 70 36 74 15 7 29
split_gain=1.66534 4.48067 4.47052 3.7437 2.97715 2.807 5.7992 7.12172 6.37347 5.44928 6.78773 6.50559 1.2179
threshold=221.50000000000003 3.5364238411472657 4.8205111756124515 -1.084667996817718 0.51673489787883364 1444.5000000000002 1.6192471037944232 2.4878105648991693 356.47500000000008 0.45867486338797819 -1.0000000180025095e-35 -0.92905219793871285 1.1312339478321649
decision_type=2 2 2 2 2 2 2 2 2 2 2 2 2
left_child=5 2 -2 12 -5 9 8 -8 -7 10 -1 -11 -3
right_child=1 3 -4 4 -6 6 7 -9 -10 11 -12 -13 -14
leaf_value=0.0015680814095071166 -0.0070083300469283259 -0.038711499473361159 0.025474858496111735 -0.017490816538980065 0.0061792950423685536 -0.0026821211192929093 -0.016490929529931531 0.020001740079570583 0.03103385269476824 -0.011833389145046428 -0.028159779559697888 0.0051411532647918142 -0.016718056727854608
leaf_weight=13.3377134911716 8.4826815053820592 4.8169876150786859 6.9269514232873908 9.0613989271223598 10.127288044430314 70.568720599636436 5.7068364433944216 30.729402912780643 5.4345926791429511 26.795691464096308 14.34956062119454 84.089533354155719 4.2789790369570255
leaf_count=81 47 33 35 61 64 513 37 159 28 179 99 504 27
internal_value=-1.67171e-05 -0.00542192 0.00759354 -0.0125128 -0.00499835 0.000924181 0.00444606 0.0142861 -0.000271271 -0.00193352 -0.0138391 0.00103921 -0.0283652
internal_weight=294.706 43.6943 15.4096 28.2847 19.1887 251.012 112.44 36.4362 76.0033 138.572 27.6873 110.885 9.09597
internal_count=1867 267 82 185 125 1600 737 196 541 863 180 683 60
is_linear=0
shrinkage=0.03


Tree=287
num_leaves=7
num_cat=0
split_feature=54 85 71 41 47 117
split_gain=1.65426 1.88813 3.45108 3.07078 2.97577 0.836156
threshold=1.7777499183225962 5.9503249982704842 0.81574460578467745 3.262287263607341 29.500000000000004 4.5000000000000009
decision_type=2 2 2 2 2 2
left_child=1 2 -1 5 -4 -3
right_child=-2 3 4 -5 -6 -7
leaf_value=0.02463550074260755 0.017961009016533216 -0.010360795795333505 -0.0012312756571381763 0.011837207477592353 0.010387780275712435 -0.034487494739428887
leaf_weight=5.0768327936530104 4.5353962518274775 1.9334913045167903 254.45372173190117 2.7760497005656362 21.515550078824162 3.9015147695317864
leaf_count=26 36 32 1537 36 137 63
internal_value=-1.69908e-05 -0.000298487 0.000125483 -0.0141359 -0.000325413 -0.0264929
internal_weight=294.193 289.657 281.046 8.61106 275.969 5.83501
internal_count=1867 1831 1700 131 1674 95
is_linear=0
shrinkage=0.03


Tree=288
num_leaves=12
num_cat=0
split_feature=57 98 46 100 99 1 148 87 104 99 15
split_gain=1.62303 4.14224 8.3211 7.79187 4.12161 4.09845 5.3843 4.22446 3.33086 3.1982 1.23304
threshold=2.1023692620773375 2.0213187808115811 75.786231884057983 0.5869044872454362 0.93689855156919499 71.788640466601876 50.500000000000007 1464.5000000000002 2.8188648453329943 0.73897264773242644 0.61807807754027488
decision_type=2 2 2 2 2 2 2 2 2 2 2
left_child=4 5 3 -3 8 6 -2 -7 9 -1 -6
right_child=1 2 -4 -5 10 7 -8 -9 -10 -11 -12
leaf_value=-0.0041306633761620335 0.017525520570419197 0.014858408853455497 0.032704515402059653 -0.024085249058464667 -0.040450623538759049 -0.0071210628195682701 -0.016254334398971487 0.0039515741939257732 0.021077056211218109 0.018481218421995498 -0.013982701074193015
leaf_weight=91.951203990727663 20.605400640517477 12.193290252238517 10.97425891086459 7.4485630653798571 2.9701415281742802 74.527846448123455 5.3492090292274943 53.109148781746626 5.5830058632418504 5.9966927217319599 3.3945162417367101
leaf_count=628 116 87 56 50 28 462 33 295 39 40 33
internal_value=-1.67578e-05 0.0017046 0.0117807 9.02356e-05 -0.00290211 -0.000303924 0.0105635 -0.00251379 -0.00146159 -0.00274629 -0.0263343
internal_weight=294.103 184.208 30.6161 19.6419 109.896 153.592 25.9546 127.637 103.531 97.9479 6.36466
internal_count=1867 1099 193 137 768 906 149 757 707 668 61
is_linear=0
shrinkage=0.03


Tree=289
num_leaves=8
num_cat=0
split_feature=137 109 87 22 137 22 60
split_gain=1.63693 2.161 6.18668 2.41641 4.59631 3.68489 2.12529
threshold=11768.000000000002 0.7829743996308135 1721.5000000000002 2.2283014031953861 290.00000000000006 2.5589771036327922 2.5480317776200132
decision_type=2 2 2 2 2 2 2
left_child=1 3 6 4 -1 -5 -3
right_child=-2 2 -4 5 -6 -7 -8
leaf_value=0.029513447022810696 0.017638254950714787 -0.036193948129805004 0.01904568639437881 -0.015213859362555789 -0.00067123094508714167 0.00039293889713295561 -0.0081870069882154506
leaf_weight=7.1956778615713146 4.6516721323132506 5.8320256844162923 4.1575431749224654 14.430904336273668 12.303113885223864 241.02046469692141 4.1908367685973644
leaf_count=35 24 47 23 82 71 1557 28
internal_value=-1.66661e-05 -0.000300707 -0.0117212 0.000288298 0.0104679 -0.000488717 -0.0244835
internal_weight=293.782 289.131 14.1804 274.95 19.4988 255.451 10.0229
internal_count=1867 1843 98 1745 106 1639 75
is_linear=0
shrinkage=0.03


Tree=290
num_leaves=6
num_cat=0
split_feature=139 83 85 60 107
split_gain=1.59402 2.57077 2.23259 2.19982 2.23049
threshold=620.00000000000011 2.7187256582414987 0.91691927218756908 14.576445626615692 0.045927318493947759
decision_type=2 2 2 2 2
left_child=2 -2 -1 4 -4
right_child=1 -3 3 -5 -6
leaf_value=0.024374038784055026 -0.022638326013489685 0.0061289805557269679 0.006122665183248408 0.018322726164482727 -0.001410764151845809
leaf_weight=3.4621429592370978 6.8658889010548574 4.7162990085780621 41.769588388502598 5.8585201576352111 230.93335748277605
leaf_count=21 42 32 245 29 1498
internal_value=-1.65084e-05 -0.0109242 0.00043145 0.000133876 -0.000256878
internal_weight=293.606 11.5822 282.024 278.561 272.703
internal_count=1867 74 1793 1772 1743
is_linear=0
shrinkage=0.03


Tree=291
num_leaves=9
num_cat=0
split_feature=146 44 55 52 84 68 99 28
split_gain=1.61663 2.71981 3.92681 3.07232 2.78853 3.77567 2.07902 1.65752
threshold=53.776293226213717 4.8785653871539409 0.17115647808049378 3150.0000000000005 2.4914068701035506 7.8586789554531498 0.17338374004128554 0.985405325753827
decision_type=2 2 2 2 2 2 2 2
left_child=1 4 3 -3 5 -1 -6 -4
right_child=-2 2 7 -5 6 -7 -8 -9
leaf_value=0.00034325847788280861 0.014978810450307741 0.021908475089985065 -0.0091090070829876538 -0.012515005864291592 0.0025901155930126265 0.021049406404064063 -0.028626069448208082 -0.033228276344643551
leaf_weight=250.73301338218153 6.3313102386891833 4.2745106816291827 4.3040059758350235 5.1386423613876104 3.0895713614299876 8.1844083666801435 5.0731808561831713 6.3442115727812052
leaf_count=1482 44 24 42 43 35 42 102 53
internal_value=-1.60791e-05 -0.000346708 -0.011 0.00311669 0.000453498 0.000997782 -0.0168109 -0.0234793
internal_weight=293.473 287.142 20.0614 9.41315 267.08 258.917 8.16275 10.6482
internal_count=1867 1823 162 67 1661 1524 137 95
is_linear=0
shrinkage=0.03


Tree=292
num_leaves=13
num_cat=0
split_feature=67 70 84 60 161 161 15 134 128 128 28 94
split_gain=1.60741 3.45707 3.25514 3.14971 3.4687 3.13318 3.09263 3.30856 3.07653 4.70946 3.33688 2.97797
threshold=6.4775828460038998 4.1648221734884556 1.719762840412425 0.77692862148533959 1.0000000180025095e-35 1.0000000180025095e-35 -0.59765507903838455 63750.500000000007 0.3321952127719246 0.81520672871031385 1.0080032429572678 2.3131387540329764
decision_type=2 2 2 2 2 2 2 2 2 2 2 2
left_child=2 8 3 5 -5 -1 11 -8 10 -10 -2 -4
right_child=1 -3 6 4 -6 -7 7 -9 9 -11 -12 -13
leaf_value=-0.028675599510748953 0.0042946075736269365 0.029959650228230814 0.018647584269311093 0.0051902422632312444 -0.0022948773795832315 -0.00092291500308845024 -0.029411787627739702 0.0023418286322548052 0.033340126027723661 -0.00082101180444147021 -0.033361934882110235 -0.015352207782316793
leaf_weight=6.5221503637731049 4.7376889623701626 4.7685536593198767 4.7578002288937586 103.52270490862429 120.66875770315528 8.3462677225470543 10.134828930720685 4.1676313932985058 5.1932735089212683 12.081442376598714 3.8300036527216434 4.5222547072917223
leaf_count=39 40 24 35 590 696 49 131 58 33 94 30 48
internal_value=-1.60627e-05 0.00648982 -0.000774324 0.000274653 0.00116145 -0.0130969 -0.011408 -0.020159 0.00215907 0.0094488 -0.0125389 0.00207918
internal_weight=293.253 30.611 262.642 239.06 224.191 14.8684 23.5825 14.3025 25.8424 17.2747 8.56769 9.28005
internal_count=1867 221 1646 1374 1286 88 272 189 197 127 70 83
is_linear=0
shrinkage=0.03


Tree=293
num_leaves=13
num_cat=0
split_feature=56 121 0 98 16 99 21 37 3 101 99 71
split_gain=1.62583 2.41081 3.34732 2.89909 3.57147 3.07574 2.25125 7.79364 4.15817 3.42983 3.78198 2.79521
threshold=0.37223295176916588 0.37015265436318073 -0.05808209315021267 2.8139387145139563 5.9653178166886871 0.29867237771580812 5.4989640851912371 3.6235061811700633 0.98719289640528241 0.041346932767719217 0.068041902500448101 1.9475233233589075
decision_type=2 2 2 2 2 2 2 2 2 2 2 2
left_child=6 2 -2 4 -3 -5 9 -8 -9 11 -11 -1
right_child=1 3 -4 5 -6 -7 7 8 -10 10 -12 -13
leaf_value=-0.038204514690530093 -0.029328104816139219 0.0049590462851021805 0.0028202994138107965 0.0084647187727843968 0.025307118257214187 -0.02157231395646618 0.033215825118143791 0.0090341184912416661 -0.0045747592145961918 0.023548627034026635 -0.0044596770629228835 -0.0051848507392490062
leaf_weight=4.7642342224717122 4.592974878847599 58.205090716481209 7.9780772589147073 5.5595525503158552 8.9580251723527891 6.8466012682765722 6.5465716347098342 28.554899089038372 69.119426738470793 4.5790431983768931 82.763573903590441 4.4742310866713524
leaf_count=34 30 320 45 39 47 57 33 165 518 26 525 28
internal_value=-1.62655e-05 0.00328308 -0.00892548 0.00521189 0.00767301 -0.00811186 -0.00153021 0.00152765 -0.00059623 -0.00482995 -0.00299131 -0.0222129
internal_weight=292.942 92.1403 12.5711 79.5693 67.1631 12.4062 200.802 104.221 97.6743 96.5811 87.3426 9.23847
internal_count=1867 538 75 463 367 96 1329 716 683 613 551 62
is_linear=0
shrinkage=0.03


Tree=294
num_leaves=7
num_cat=0
split_feature=54 32 141 54 106 108
split_gain=1.60827 1.79885 5.3969 4.25258 2.5073 3.31335
threshold=1.7777499183225962 1.0000000180025095e-35 141.50000000000003 0.38272718587963517 1.2317897561736497 0.30659852023455908
decision_type=2 2 2 2 2 2
left_child=1 2 -1 -4 5 -3
right_child=-2 4 3 -5 -6 -7
leaf_value=0.014363171098507346 0.017747295396615903 0.0021258412564452915 -0.0026179411582254917 -0.032858148106406158 0.01627312127581395 -0.0053008724091830033
leaf_weight=6.7677867412567165 4.5163142336532465 178.33199824113399 8.5732335634529608 8.177279591560362 8.675646632909773 77.587110169231892
leaf_count=41 36 1163 64 54 45 464
internal_value=-1.62979e-05 -0.000294751 -0.00824582 -0.0173806 0.000411973 -0.000125719
internal_weight=292.629 288.113 23.5183 16.7505 264.595 255.919
internal_count=1867 1831 159 118 1672 1627
is_linear=0
shrinkage=0.03


Tree=295
num_leaves=6
num_cat=0
split_feature=45 79 144 125 3
split_gain=1.59176 2.31127 3.28753 2.37276 2.45361
threshold=0.71080139372822315 35.487411496526271 6.8708071479320134 0.56356366948987802 1.5606072738673429
decision_type=2 2 2 2 2
left_child=1 3 -3 4 -1
right_child=-2 2 -4 -5 -6
leaf_value=0.000847923828260876 0.014348265863257499 -0.037189665442707402 0.0036028592784558052 0.01719951863845489 -0.007032886234149837
leaf_weight=229.41470257006586 6.7819670839235178 3.6358628142625085 3.4798823865130544 7.0959633663296691 42.076566067524254
leaf_count=1350 45 44 27 57 344
internal_value=-1.61235e-05 -0.000357103 -0.0172405 7.41371e-05 -0.000373469
internal_weight=292.485 285.703 7.11575 278.587 271.491
internal_count=1867 1822 71 1751 1694
is_linear=0
shrinkage=0.03


Tree=296
num_leaves=12
num_cat=0
split_feature=138 138 16 138 45 29 66 104 81 59 124
split_gain=1.59993 3.7172 4.69158 3.39155 7.20512 5.64885 3.29567 4.14911 4.14456 2.88023 2.18695
threshold=10610.000000000002 8235.5000000000018 3.8142639302993206 16364.500000000002 0.45260557053009892 1.5069261882235876 3.6930006930006933 0.81042210693625927 0.074960805023452856 0.83435700115858469 0.54965599733357229
decision_type=2 2 2 2 2 2 2 2 2 2 2
left_child=1 6 -3 5 -5 9 8 -8 -1 -2 -4
right_child=3 2 10 4 -6 -7 7 -9 -10 -11 -12
leaf_value=-0.0071013165764061831 0.0073097258765511238 0.029184639922463975 -0.01604564773341283 0.033129652432489658 -0.0097408505313929857 0.024804291603102543 0.011943657328083685 -0.0081864853073956544 0.0021504967090471951 -0.018191300491969299 0.014131375326134029
leaf_weight=78.511359836906195 4.7036140570417073 9.1336169615387934 4.5253694988787156 5.8059802055358878 8.9939502254128438 3.726167105138301 36.396920192986727 12.339322190731762 97.939701614901423 26.132839466445148 4.1374842282384634
leaf_count=486 41 46 32 31 52 23 205 90 589 244 28
internal_value=-1.58821e-05 0.000984423 0.0141836 -0.00493982 0.00707715 -0.0100856 -5.86994e-05 0.00684699 -0.00196607 -0.0143015 -0.00163273
internal_weight=292.346 242.984 17.7965 49.3626 14.7999 34.5626 225.187 48.7362 176.451 30.8365 8.66285
internal_count=1867 1476 106 391 83 308 1370 295 1075 285 60
is_linear=0
shrinkage=0.03


Tree=297
num_leaves=9
num_cat=0
split_feature=149 42 149 11 80 109 95 71
split_gain=1.59408 6.42962 4.30785 2.78386 2.62366 4.68767 3.11482 1.21257
threshold=3.5000000000000004 0.33354099185939023 1.5000000000000002 2.4852497397781623 4.5000000000000009 0.033799608682223405 4.7293496566879947 1.5330936957535315
decision_type=2 2 2 2 2 2 2 2
left_child=1 -1 -3 -2 6 -6 -5 -4
right_child=3 2 7 4 5 -7 -8 -9
leaf_value=0.013307097767925486 0.015867404338806918 0.0019923714857861797 -0.016389931332128557 -0.00432094842926077 0.022176980244447139 -0.01194378093328669 0.0035090614009761897 -0.037273585975750666
leaf_weight=9.0287089888006467 10.43034355342388 6.1320512965321567 3.9765770314261299 64.40091909095645 4.1312241591513148 29.502293333411217 157.67205673269928 6.7493431176990271
leaf_count=54 56 34 39 382 23 181 1041 57
internal_value=-1.58388e-05 -0.00712277 -0.0180645 0.00067544 5.57554e-05 -0.00775271 0.00123837 -0.0295311
internal_weight=292.024 25.8867 16.858 266.137 255.706 33.6335 222.073 10.7259
internal_count=1867 184 130 1683 1627 204 1423 96
is_linear=0
shrinkage=0.03


Tree=298
num_leaves=5
num_cat=0
split_feature=26 72 64 89
split_gain=1.57216 2.27524 2.22038 2.85967
threshold=-10.203782091663355 10.148377532300726 0.17934348756266569 11782.000000000002
decision_type=2 2 2 2
left_child=-1 2 -2 -4
right_child=1 -3 3 -5
leaf_value=0.01749906999773522 -0.019336993192804793 -0.020359591994051351 1.5480451786128237e-05 0.022975072885200922
leaf_weight=4.5406070910394183 5.2118649557232848 4.996749782934784 272.09951732866466 4.9715659841895095
leaf_count=27 27 40 1747 26
internal_value=-1.58415e-05 -0.000292674 6.25348e-05 0.000427451
internal_weight=291.82 287.28 282.283 277.071
internal_count=1867 1840 1800 1773
is_linear=0
shrinkage=0.03


Tree=299
num_leaves=12
num_cat=0
split_feature=56 59 29 18 26 16 68 106 152 42 116
split_gain=1.57679 2.31991 4.17417 4.34111 3.72282 3.33634 4.58743 2.09025 2.76218 4.36748 3.60982
threshold=0.37223295176916588 2.0190255058278592 1.0613247367435543 -4.1611064830215296 -1.0130918172302834 5.3902072611807936 1.0046745152354573 1.169966912846659 0.41666666666666669 0.64265254172337605 5.5000000000000009
decision_type=2 2 2 2 2 2 2 2 2 2 2
left_child=7 2 3 -2 -4 6 -3 8 10 -10 -1
right_child=1 5 4 -5 -6 -7 -8 -9 9 -11 -12
leaf_value=-0.0065404705140677914 -0.026043126024811486 0.011221921552159482 0.026009288540169276 0.0035948575918171881 0.0046186421045595399 0.011902736549692651 -0.022179992146931359 0.01327821015166321 -0.0031493383631297544 -0.024674295108137258 0.0032857140972316424
leaf_weight=51.938749200664461 5.1596946120262137 5.3569730222225251 13.741599395871164 32.237230768427253 15.676124691963194 7.6801449954509726 11.96803444623947 8.2473513558506948 32.757716496475041 11.448871919885276 95.547177757136524
leaf_count=347 31 30 67 209 82 44 75 45 206 96 635
internal_value=-1.54455e-05 0.003239 0.00615621 -0.000494327 0.0146106 -0.00455589 -0.011852 -0.00151001 -0.00214626 -0.00872399 -0.000174682
internal_weight=291.76 91.8198 66.8146 37.3969 29.4177 25.0052 17.325 199.94 191.693 44.2066 147.486
internal_count=1867 538 389 240 149 149 105 1329 1284 302 982
is_linear=0
shrinkage=0.03


end of trees

feature_importances:
regime_max_mae_atr__tf_5m=68
realized_range_1m_atr=65
prior_regime_max_mae_atr__tf_5m=60
current_regime_start_from_prior_mfe_atr__tf_1m=55
atr_ratio_short_long=49
pullback_depth_atr=49
regime_max_mae_atr__tf_1m=49
regime_distance_from_mfe_atr__tf_1h=47
current_regime_start_from_prior_mae_atr__tf_30s=42
regime_distance_from_mfe_atr__tf_5m=42
current_price_from_prior_mfe_atr__tf_1h=39
realized_range_5m_atr=39
pullback_rebound_from_deepest_point_atr=38
regime_age_sec__tf_5m=38
regime_expansion_rate_atr_min__tf_5m=38
regime_progress_efficiency__tf_1m=38
prior_regime_max_mfe_atr__tf_1h=37
regime_time_since_mfe_sec__tf_1h=36
previous_max_depth_ratio=35
atr_change_rate=34
prior_regime_total_range_atr__tf_1m=34
regime_expansion_rate_atr_min__tf_1m=34
regime_recent_expansion_rate_180s_atr_min__tf_5m=34
regime_max_mfe_atr__tf_30s=33
current_regime_start_from_prior_mae_atr__tf_1m=32
regime_distance_from_mfe_atr__tf_30s=32
prior_regime_total_range_atr__tf_30s=31
regime_time_since_mfe_sec__tf_1m=31
session_new_low_count=31
atr_percentile_20d=30
pullback_close_location_ratio=30
regime_expansion_rate_atr_min__tf_30s=30
current_price_from_prior_mae_atr__tf_1h=28
current_regime_start_from_prior_mae_atr__tf_5m=28
regime_recent_expansion_rate_60s_atr_min__tf_30s=28
context_level_span_atr=27
prior_regime_max_mae_atr__tf_1h=27
prior_regime_max_mae_atr__tf_1m=27
regime_age_sec__tf_1h=27
regime_age_sec__tf_1m=27
regime_distance_from_mfe_atr__tf_1m=27
previous_pullbacks_avg_duration_sec=26
prior_regime_total_range_atr__tf_5m=26
pullback_counter_bar_ratio=26
regime_total_range_atr__tf_1m=26
minutes_from_rth_open=25
previous_pullbacks_count=25
mtf_prior_range_reclaim_mean=24
pullback_duration_vs_regime_age_ratio=24
regime_expansion_rate_atr_min__tf_1h=24
current_price_from_prior_mae_atr__tf_5m=23
current_regime_start_from_prior_mfe_atr__tf_30s=23
nearest_context_level_above_atr=23
prior_regime_max_mfe_atr__tf_30s=23
regime_time_since_mae_sec__tf_1h=23
prior_regime_range_overlap_ratio__tf_5m=22
prior_regime_range_reclaim_ratio__tf_1m=22
prior_regime_total_range_atr__tf_1h=22
regime_max_mae_atr__tf_1h=22
regime_max_mae_atr__tf_30s=22
current_max_mfe_from_prior_regime_mfe_atr__tf_1m=21
current_price_from_prior_mae_atr__tf_1m=21
pullback_velocity_vs_expansion_velocity_ratio=21
current_max_mfe_from_prior_regime_mae_atr__tf_1h=20
current_price_from_prior_mfe_atr__tf_5m=20
nearest_context_level_below_atr=20
prior_regime_max_mfe_atr__tf_5m=20
pullback_depth_vs_max_mfe_ratio=20
pullback_efficiency=20
regime_distance_from_mae_atr__tf_30s=20
session_displacement_from_open_atr=20
prior_regime_range_overlap_ratio__tf_1m=19
prior_regime_range_reclaim_ratio__tf_30s=19
regime_max_mfe_atr__tf_5m=19
regime_recent_expansion_rate_30s_atr_min__tf_30s=19
regime_recent_expansion_rate_60s_atr_min__tf_1m=19
current_regime_start_from_prior_mfe_atr__tf_5m=18
prior_regime_range_overlap_ratio__tf_30s=18
regime_time_since_mae_sec__tf_5m=18
time_near_regime_extreme_60s_ratio__tf_30s=18
current_max_mfe_from_prior_regime_mae_atr__tf_1m=17
current_price_from_prior_mfe_atr__tf_30s=17
regime_progress_efficiency__tf_30s=17
regime_time_since_mfe_sec__tf_30s=17
atr_percentile_session=16
current_max_mfe_from_prior_regime_mfe_atr__tf_1h=16
failed_new_extreme_attempt_count__tf_1h=16
regime_distance_from_mae_atr__tf_1h=16
current_max_mfe_from_prior_regime_mfe_atr__tf_30s=15
prior_regime_range_reclaim_ratio__tf_5m=15
regime_max_mfe_atr__tf_1h=15
regime_total_range_atr__tf_5m=15
prior_regime_duration_sec__tf_1m=14
regime_new_extreme_count__tf_1m=14
regime_new_extreme_count__tf_30s=14
session_position_in_range=14
current_regime_start_from_prior_mae_atr__tf_1h=13
mtf_current_regime_mfe_mean_atr=13
previous_pullbacks_max_depth_atr=13
prior_regime_max_mfe_atr__tf_1m=13
regime_recent_expansion_rate_180s_atr_min__tf_30s=13
current_max_mfe_from_prior_regime_mfe_atr__tf_5m=12
failed_new_extreme_attempt_count__tf_30s=12
session_current_range_atr=12
pullback_longest_counter_run_bars=11
regime_distance_from_mae_atr__tf_1m=11
regime_time_since_mfe_sec__tf_5m=11
session_new_high_count=11
current_regime_start_from_prior_mfe_atr__tf_1h=10
regime_current_displacement_atr__tf_1m=10
prior_regime_range_overlap_ratio__tf_1h=9
realized_range_15m_atr=9
regime_distance_from_mae_atr__tf_5m=9
failed_new_extreme_attempt_count__tf_1m=8
nearest_level_in_trade_direction_atr=8
prior_regime_duration_sec__tf_1h=8
prior_regime_max_mae_atr__tf_30s=8
prior_regime_range_reclaim_ratio__tf_1h=8
regime_total_range_atr__tf_30s=8
current_price_from_prior_mae_atr__tf_30s=7
prior_regime_duration_sec__tf_30s=7
regime_progress_efficiency__tf_1h=7
regime_progress_efficiency__tf_5m=7
regime_time_since_mae_sec__tf_1m=7
current_max_mfe_from_prior_regime_mae_atr__tf_30s=6
regime_age_sec__tf_30s=6
regime_recent_expansion_rate_180s_atr_min__tf_1m=6
time_near_regime_extreme_180s_ratio__tf_30s=6
current_max_mfe_from_prior_regime_mae_atr__tf_5m=5
current_price_from_prior_mfe_atr__tf_1m=5
prior_regime_duration_sec__tf_5m=5
regime_current_displacement_atr__tf_30s=5
regime_current_displacement_atr__tf_5m=5
regime_recent_expansion_rate_30s_atr_min__tf_5m=5
time_near_regime_extreme_180s_ratio__tf_1m=5
regime_new_extreme_count__tf_5m=4
time_near_regime_extreme_180s_ratio__tf_1h=4
time_near_regime_extreme_60s_ratio__tf_1m=4
context_levels_above_count=3
pullback_duration_sec=3
regime_current_displacement_atr__tf_1h=3
regime_total_range_atr__tf_1h=3
time_near_regime_extreme_180s_ratio__tf_5m=3
failed_new_extreme_attempt_count__tf_5m=2
nearest_level_against_trade_direction_atr=2
regime_max_mfe_atr__tf_1m=2
regime_new_extreme_count__tf_1h=2
regime_time_since_mae_sec__tf_30s=2
regime_recent_expansion_rate_30s_atr_min__tf_1m=1
time_near_regime_extreme_300s_ratio__tf_1h=1
time_near_regime_extreme_300s_ratio__tf_1m=1

parameters:
[boosting: gbdt]
[objective: binary]
[metric: binary_logloss]
[tree_learner: serial]
[device_type: cpu]
[data_sample_strategy: bagging]
[data: ]
[valid: ]
[num_iterations: 300]
[learning_rate: 0.03]
[num_leaves: 15]
[num_threads: 20]
[seed: 42]
[deterministic: 0]
[force_col_wise: 0]
[force_row_wise: 0]
[histogram_pool_size: -1]
[max_depth: 4]
[min_data_in_leaf: 30]
[min_sum_hessian_in_leaf: 0.001]
[bagging_fraction: 0.8]
[pos_bagging_fraction: 1]
[neg_bagging_fraction: 1]
[bagging_freq: 0]
[bagging_seed: 400]
[bagging_by_query: 0]
[feature_fraction: 0.8]
[feature_fraction_bynode: 1]
[feature_fraction_seed: 30056]
[extra_trees: 0]
[extra_seed: 12879]
[early_stopping_round: 0]
[early_stopping_min_delta: 0]
[first_metric_only: 0]
[max_delta_step: 0]
[lambda_l1: 0]
[lambda_l2: 0]
[linear_lambda: 0]
[min_gain_to_split: 0]
[drop_rate: 0.1]
[max_drop: 50]
[skip_drop: 0.5]
[xgboost_dart_mode: 0]
[uniform_drop: 0]
[drop_seed: 17869]
[top_rate: 0.2]
[other_rate: 0.1]
[min_data_per_group: 100]
[max_cat_threshold: 32]
[cat_l2: 10]
[cat_smooth: 10]
[max_cat_to_onehot: 4]
[top_k: 20]
[monotone_constraints: ]
[monotone_constraints_method: basic]
[monotone_penalty: 0]
[feature_contri: ]
[forcedsplits_filename: ]
[refit_decay_rate: 0.9]
[cegb_tradeoff: 1]
[cegb_penalty_split: 0]
[cegb_penalty_feature_lazy: ]
[cegb_penalty_feature_coupled: ]
[path_smooth: 0]
[interaction_constraints: ]
[verbosity: -1]
[saved_feature_importance_type: 0]
[use_quantized_grad: 0]
[num_grad_quant_bins: 4]
[quant_train_renew_leaf: 0]
[stochastic_rounding: 1]
[linear_tree: 0]
[max_bin: 255]
[max_bin_by_feature: ]
[min_data_in_bin: 3]
[bin_construct_sample_cnt: 200000]
[data_random_seed: 175]
[is_enable_sparse: 1]
[enable_bundle: 1]
[use_missing: 1]
[zero_as_missing: 0]
[feature_pre_filter: 1]
[pre_partition: 0]
[two_round: 0]
[header: 0]
[label_column: ]
[weight_column: ]
[group_column: ]
[ignore_column: ]
[categorical_feature: ]
[forcedbins_filename: ]
[precise_float_parser: 0]
[parser_config_file: ]
[objective_seed: 16083]
[num_class: 1]
[is_unbalance: 0]
[scale_pos_weight: 1]
[sigmoid: 1]
[boost_from_average: 1]
[reg_sqrt: 0]
[alpha: 0.9]
[fair_c: 1]
[poisson_max_delta_step: 0.7]
[tweedie_variance_power: 1.5]
[lambdarank_truncation_level: 30]
[lambdarank_norm: 1]
[label_gain: ]
[lambdarank_position_bias_regularization: 0]
[eval_at: ]
[multi_error_top_k: 1]
[auc_mu_weights: ]
[num_machines: 1]
[local_listen_port: 12400]
[time_out: 120]
[machine_list_filename: ]
[machines: ]
[gpu_platform_id: -1]
[gpu_device_id: -1]
[gpu_use_dp: 0]
[num_gpu: 1]

end of parameters

pandas_categorical:[]
