tree
version=v4
num_class=1
num_tree_per_iteration=1
label_index=0
max_feature_idx=176
objective=binary sigmoid:1
feature_names=signal_direction atr_at_signal atr_at_checkpoint flip_range_atr flip_body_atr flip_body_pct flip_close_location flip_upper_wick_pct flip_lower_wick_pct flip_volume flip_vol_vs_20avg flip_close_vs_prior_close_atr flip_high_vs_prior_high_atr flip_low_vs_prior_low_atr flip_bar_bullish_volume_pct flip_bar_vol_rank_20 bar1_range_atr bar1_body_atr bar1_body_pct bar1_close_location bar1_upper_wick_pct bar1_lower_wick_pct bar1_volume bar1_vol_vs_flip_vol bar1_vol_rank_20 bar1_hh_amount_atr bar1_close_vs_flip_close_atr bar1_close_above_flip_close bar1_close_above_50pct_range bar1_bullish_volume_pct two_bar_range_atr two_bar_body_atr two_bar_close_vs_open_pct two_bar_volume_total two_bar_vol_vs_40avg pre_3_range_atr pre_3_net_return_atr pre_3_body_efficiency pre_3_up_bar_fraction pre_3_down_bar_fraction pre_3_hh_count pre_3_ll_count pre_3_close_near_high_fraction pre_3_close_near_low_fraction pre_3_volume_total pre_3_vol_vs_avg pre_3_mean_body_pct pre_3_mean_wickiness pre_5_range_atr pre_5_net_return_atr pre_5_body_efficiency pre_5_up_bar_fraction pre_5_down_bar_fraction pre_5_hh_count pre_5_ll_count pre_5_close_near_high_fraction pre_5_close_near_low_fraction pre_5_volume_total pre_5_vol_vs_avg pre_5_mean_body_pct pre_5_mean_wickiness pre_10_range_atr pre_10_net_return_atr pre_10_body_efficiency pre_10_up_bar_fraction pre_10_down_bar_fraction pre_10_hh_count pre_10_ll_count pre_10_close_near_high_fraction pre_10_close_near_low_fraction pre_10_volume_total pre_10_vol_vs_avg pre_10_mean_body_pct pre_10_mean_wickiness pre_signal_range_compression_3v10 pre_signal_body_compression_3v10 pre_signal_atr_ratio_3v10 pre_signal_vol_compression_3v10 pre_signal_breakout_from_compression_flag dist_to_recent_high_5_atr dist_to_recent_low_5_atr dist_to_recent_high_10_atr dist_to_recent_low_10_atr dist_to_recent_midpoint_10_atr position_in_recent_range_10 failed_push_count_pre_signal swing_extension_at_signal_atr pre_signal_trend_efficiency_5 pre_signal_directional_consistency_5 pre_signal_trend_efficiency_10 pre_signal_directional_consistency_10 prior_regime_duration_bars prior_regime_mfe_atr regime_flips_last_30min regime_flips_last_60min avg_regime_duration_last_5 consecutive_trend_bars_pre_flip price_vs_sma20_atr price_vs_sma50_atr sma20_slope_atr sma50_slope_atr sma20_vs_sma50_atr ema3_slope_atr ema_spread_atr ema3_ema9_spread_atr vol_1m_20avg vol_ratio_up_down_10bar vol_ratio_up_down_20bar vol_acceleration_5bar high_vol_bar_count_10 cumulative_volume_bias_10 is_rth hour_of_day minute_of_hour minutes_since_rth_open distance_from_session_high_atr distance_from_session_low_atr distance_from_session_mid_atr session_bars_since_open checkpoint_s time_since_last_1m_bar_close_s time_until_next_5m_bar_close_s price_vs_signal_close_atr price_vs_flip_bar_high_atr price_vs_flip_bar_low_atr price_vs_bar1_high_atr price_vs_bar1_low_atr price_vs_sma20_30s_atr price_vs_sma20_5m_atr price_vs_ema3_30s_atr price_vs_ema3_5m_atr regime_30s_aligned regime_30s_direction regime_30s_duration_bars ema3_slope_30s_atr ema_spread_30s_atr bar_range_30s_current_atr bar_body_30s_current_atr bar_body_pct_30s_current regime_1m_direction regime_1m_duration_bars price_vs_sma20_1m_atr_checkpoint price_vs_ema3_1m_atr_checkpoint ema_spread_1m_atr_checkpoint regime_5m_aligned regime_5m_direction regime_5m_duration_bars ema3_slope_5m_atr ema_spread_5m_atr micro_same_dir_count_12s micro_opp_dir_count_12s micro_aligned micro_opposing micro_net_return_atr micro_range_compression micro_body_pct_avg max_progress_since_signal_atr max_pullback_since_signal_atr current_progress_atr current_pullback_from_local_peak_atr progress_efficiency_since_signal mfe_mae_ratio_so_far continuation_count_since_signal consecutive_continuation_bars bars_since_last_continuation new_progress_in_last_30s_flag new_progress_in_last_60s_flag stall_60s_flag stall_90s_flag extension_from_last_pullback_atr is_rth_checkpoint hour_of_day_checkpoint minute_of_hour_checkpoint minutes_since_rth_open_checkpoint distance_from_session_high_atr_checkpoint distance_from_session_low_atr_checkpoint distance_from_session_mid_atr_checkpoint
feature_infos=[-1:1] [0.4642857142857143:68.267857142857139] [0.44642857142857145:71.25] [0.2393162393162393:7.0201729106628248] [0:5.5242290748898677] [0:1] [0:1] [0:1] [0:1] [6:12219] [0.19543973941368079:13.237908345838624] [0.044444444444444446:5.4576271186440675] [-2.8197879858657244:4.7964765878535003] [-2.1675774134790529:5.8095238095238093] [0:1] [0:0.94999999999999996] [0.21739130434782608:8.0888888888888886] [0:5.7605985037406482] [0:1] [0:1] [0:1] [0:1] [9:9426] [0.23863636363636365:14.380952380952381] [0:0.94999999999999996] [0.0071355759429153924:7.7259259259259263] [-2.953757225433526:5.7431421446384041] [0:1] [0:1] [0:1] [0.43478260869565216:8.7146974063400577] [-1.8612716763005779:7.443661971830986] [-0.019235807860262008:0.019076905555081007] [20:18687] [0.012144162966832071:0.85344686425413463] [0.28914505283381364:2.384428223844282] [-3.1504424778761062:2.8083416087388282] [0:0.8527131782945736] [0:1] [0:1] [0:1] [0:1] [0:1] [0:1] [39:23395] [0.18657298985167839:750.90909090909088] [0:1] [0:0.97916666666666663] [0.34697406340057635:1.7407751937984497] [-4.023952095808383:2.8249721293199554] [0:0.64928909952606639] [0:1] [0:1] [0:1] [0:1] [0:1] [0:1] [53:27759] [0.21561338289962825:442.71428571428572] [0.071111111111111097:0.90000000000000002] [0.10000000000000001:0.92888888888888899] [0.36512968299711818:1.1934222222222222] [-4.04:3.2699300699300702] [0:0.58895705521472397] [0:0.90000000000000002] [0.10000000000000001:1] [0:1] [0:1] [0:0.80000000000000004] [0:0.80000000000000004] [183:59875] [0.17943312251112672:670.15384615384619] [0.15241756208862117:0.81666666666666665] [0.1421138318723292:0.84758243791137888] [0.29166666666666669:40750000000] [0:22083333333.333332] [0.29166666666666669:40750000000] [0.2018554062699936:602.29166666666674] [0:1] [-4.6407046824292992:6.6343612334801758] [-5.3686440677966099:5.8998609179415853] [-4.0370885489105239:6.6343612334801758] [-4.8792372881355934:5.8998609179415853] [-5.5638766519823788:4.9684747334260546] [-4.1124999999999998:4.1379310344827589] [0:9] [1.0111111111111111:6.6343612334801758] [0:0.64928909952606639] [0:1] [0:0.58895705521472397] [0:1] none [0:29.41473684210526] [1:8] [1:13] [3:52.600000000000001] [0:4] [-5.1447033898305303:4.142883634677812] [-6.0423333333333478:7.4943750000004457] [-2.2994353182751595:2.0619565217392042] [-6.7980952380952662:4.1512121212120592] [-6.0787885010266924:6.6193750000004457] [-4.386290914649603:4.6389213426061042] [0.41716966820367024:4.386099173754836] [-2.4358493073481773:2.3954523152330376] [20.699999999999999:5171.75] [0.29629629629629628:4.083333333333333] [0.28193832599118945:2.4523809523809526] [-0.73572066041945561:435.42857142857139] [0:10] [-0.33978414588760697:0.34669486071527078] [0:1] [8:14] [0:59] [-10:389] [0:91.710144927536234] [0:141.86666666666667] [-43.842995169082123:70] [180:1319] [0:600] [0:30] [0:270] [-8.0695915279878978:30.93548387096774] [-7.0953101361573374:31.612903225806448] [-7.292117465224111:30.766129032258064] [-8.4084720121028749:30.93548387096774] [-7.7248840803709422:30.14516129032258] [-25.47661290322597:11.873076923076923] [-28.344354838709595:21.94230769230769] [-6.2235814647367897:5.6260168443332077] [-25.346258643473007:15.731293775570407] [0:1] [-1:1] [1:80] [-22.372770767935553:11.680793400299432] [0.16044242123032454:8.6074138123751194] none none none [-1:1] [2:12] [-28.35282258064516:17.149999999999999] [-11.631986207920946:10.129950126823944] [0.20320525389645153:13.939964703306677] [0:1] [-1:1] [1:119] [-11.189430685937293:10.048829155468692] [0.59130303260015304:16.53610482951321] [0:11] [0:11] [0:1] [0:1] [-7.1186440677966099:9.314516129032258] [0:65.000000000000014] [0:1] [0:32.008064516129032] [0:9.9757942511346442] [-8.0695915279878978:30.93548387096774] [0:17.951612903225804] [0:1] [0:492] [0:9] [0:9] [0:8] [0:1] [0:1] [0:1] [0:1] [0:13.661290322580644] none [8:14] [0:59] [0:389] [0:93.096618357487912] [0:142.66666666666666] [-45.229468599033815:70.799999999999997]
tree_sizes=6780 7015 7028 7019 7020 7049 7047 7010 7033 7009 7017 7013 7000 7037 7012 6997 7017

Tree=0
num_leaves=63
num_cat=0
split_feature=131 143 126 127 114 169 148 164 125 135 169 6 130 148 143 172 117 96 116 148 159 169 103 46 164 10 76 22 172 99 119 19 67 37 129 142 114 22 9 29 30 174 108 94 34 59 124 130 118 148 164 15 115 86 70 49 44 72 49 16 57 59
split_gain=603.979 353.148 171.676 135.543 123.822 105.013 64.3819 45.6755 44.1191 42.6478 38.7738 37.4291 58.1979 36.757 35.9579 31.4759 30.3364 29.0563 37.0955 37.1561 28.0455 27.4925 27.7285 26.7431 25.713 25.1409 25.3571 24.6477 24.4877 24.245 23.6867 23.5376 23.1646 23.2272 23.0629 22.3772 24.4322 31.946 32.7142 24.9214 23.6364 27.3619 23.1023 22.3635 32.3017 28.9656 22.085 24.6118 21.1827 21.1642 21.1531 20.9136 26.3189 20.8399 20.7556 21.2126 20.7137 20.6223 26.1992 30.9479 28.418 20.4824
threshold=1.0000000180025095e-35 1.2944832616017463 0.14773560334934596 -0.50674165533829196 4.5000000000000009 0.73830898199797168 1.9052341305148845 1.5000000000000002 2.5701804045893724 0.52625415640040574 1.2036791136296361 0.82478070175438611 0.59844972831266163 2.1852567402409462 0.7530503177742206 52.500000000000007 -3.6917376363364709 1.5000000000000002 17.705400192864037 1.6779226842660486 0.40388747225763805 0.17953950811093669 1.3763454223193003 0.17069792952145899 1.0000000180025095e-35 1.3028733764990841 0.75636604774535821 2126.5000000000005 7.5000000000000009 -0.68652885987050294 285.00000000000006 0.95847701149425302 0.50000000000000011 0.060667402772665933 0.14587227794251259 0.5814067536681532 121.50000000000001 1368.5000000000002 1697.5000000000002 0.51323811544208542 1.9974522437057336 8.0272026902585036 -0.25505958455203542 2.5000000000000004 0.066742291790418157 0.41380105484555901 3.4497263786683439 -1.7243136455824937 1304.5000000000002 2.4285270338539111 1.5000000000000002 0.52500000000000013 6.4010050251256292 2.3618391952435358 9345.5000000000018 -0.032583476425459376 741.50000000000011 0.50850354068443027 0.84245812202243753 1.4818744945637525 5412.5000000000009 0.47866932988422328
decision_type=2 2 2 2 2 2 2 2 2 2 2 2 2 2 2 2 2 2 2 2 2 2 2 2 2 2 2 2 2 2 2 2 2 2 2 2 2 2 2 2 2 2 2 2 2 2 2 2 2 2 2 2 2 2 2 2 2 2 2 2 2 2
left_child=5 2 3 16 46 7 9 13 -6 17 30 28 50 29 -5 23 53 18 19 -4 -11 -9 25 -14 49 32 -27 -19 31 -1 -7 -8 33 -23 -26 36 37 39 -39 -31 42 -42 -38 44 45 -25 47 -3 -45 -16 56 -21 -53 -2 55 61 -13 -18 59 -59 -60 -44
right_child=1 4 6 14 8 10 11 21 -10 20 -12 12 15 -15 24 -17 57 27 -20 51 -22 22 -24 43 34 26 -28 -29 -30 35 -32 -33 -34 -35 -36 -37 40 38 -40 -41 41 -43 54 48 -46 -47 -48 -49 -50 -51 -52 52 -54 -55 -56 -57 -58 58 60 -61 -62 -63
leaf_value=-1.4633525978551054 -1.51894221751618 -1.5608975199279571 -1.4459680387475264 -1.4909043459710285 -1.5260040555147076 -1.5208765900440122 -1.5181161028609738 -1.4768116141765824 -1.5397893559108733 -1.5235478968262035 -1.5298198071431413 -1.4723695066934761 -1.4967348380218075 -1.5065139060975561 -1.5062608828774726 -1.5323758885473124 -1.5170296654120803 -1.5192169635288917 -1.5231283982079282 -1.5080414358745016 -1.5074873837088021 -1.4589289873026352 -1.5142928309446491 -1.4863352395376133 -1.504590672457826 -1.4319575405304719 -1.4817355748988126 -1.4727972932188302 -1.5262479471300672 -1.443237586151896 -1.5027666573103546 -1.4744478921051376 -1.5057121479230176 -1.4920258642964586 -1.48791833146942 -1.518919767823095 -1.4803969002004997 -1.5207281506222066 -1.4772428857562581 -1.4854924103464202 -1.5085327045841892 -1.4577792065198001 -1.502507736281071 -1.5216065749889776 -1.4609909654964806 -1.5370982664472748 -1.5613412898769927 -1.5320853535949086 -1.5631135653349995 -1.5194133616530181 -1.4955115569266297 -1.4418314731756727 -1.496212230422145 -1.5331836830841663 -1.5286774277638282 -1.5137231848989872 -1.5141124938527584 -1.5174183762189435 -1.5027609537025763 -1.4815197731674272 -1.4478439317991951 -1.457980684612743
leaf_weight=62.127076268196106 633.8142341375351 122.48330950737 56.962117433547974 487.71968424320221 2031.7472352981567 260.75663602352142 623.33674621582031 352.10262227058411 812.52180981636047 688.71036803722382 279.20291757583618 30.399471998214722 114.95722663402557 1188.8259534835815 1354.8424874544144 647.39069736003876 1892.5884872674942 218.25640332698822 67.882316112518311 98.42935836315155 449.05627810955048 63.602778792381287 133.40350818634033 49.288464307785034 609.90785324573517 30.54704225063324 157.45745933055878 32.908166289329529 4855.3564450740814 70.686150908470154 587.03446412086487 32.465455532073975 266.95458662509918 318.30903446674347 314.32463765144348 92.821688771247864 82.786911606788635 76.441390752792358 99.609920382499695 68.915307879447937 44.861356735229492 65.078481316566467 66.554183840751648 3786.5051068067551 36.007141590118408 65.373621821403503 389.73303663730621 187.70936107635498 30.989753007888794 395.04556572437286 193.6121711730957 36.449852347373962 57.109687685966492 431.93812882900238 103.15160644054413 163.50783967971802 1327.099279999733 353.72589504718781 66.111473083496094 72.309423685073853 36.59742259979248 42.205092191696167
leaf_count=421 4295 830 386 3305 13768 1767 4224 2386 5506 4667 1892 206 779 8056 9181 4387 12825 1479 460 667 3043 431 904 334 4133 207 1067 223 32902 479 3978 220 1809 2157 2130 629 561 518 675 467 304 441 451 25659 244 443 2641 1272 210 2677 1312 247 387 2927 699 1108 8993 2397 448 490 248 286
internal_value=-1.51678 -1.52002 -1.51746 -1.51089 -1.53458 -1.50036 -1.5207 -1.49614 -1.52994 -1.51162 -1.51366 -1.52202 -1.51938 -1.50051 -1.50339 -1.52213 -1.51768 -1.50043 -1.49036 -1.48143 -1.51721 -1.48878 -1.49312 -1.52051 -1.50567 -1.48975 -1.47365 -1.51313 -1.52502 -1.49364 -1.50834 -1.51595 -1.49441 -1.48651 -1.49892 -1.49557 -1.49311 -1.48196 -1.49612 -1.4641 -1.49931 -1.47849 -1.5043 -1.5212 -1.5023 -1.51528 -1.55342 -1.54346 -1.52194 -1.50923 -1.51097 -1.49195 -1.47503 -1.52471 -1.50958 -1.50234 -1.51318 -1.51459 -1.50586 -1.51133 -1.48319 -1.48523
internal_weight=28368.6 23691.7 20147.5 6648.93 3544.19 4676.94 13498.5 3549.95 2844.27 1705.76 1126.99 11792.8 6281.62 2227.57 3161.84 4730.51 3487.09 567.998 316.833 248.951 1137.77 1322.38 970.274 4083.12 2674.12 836.871 188.005 251.165 5511.16 1038.75 847.791 655.802 648.866 381.912 924.232 976.62 883.798 315.653 176.051 139.601 568.145 109.94 458.206 3968.16 150.669 114.662 699.926 310.193 3817.49 1749.89 1551.11 191.989 93.5595 1065.75 375.419 272.267 1357.5 2421.33 528.744 426.035 102.709 108.759
internal_count=192238 160545 136528 45056 24017 31693 91472 24056 19274 11559 7637 79913 42567 15095 21426 32056 23630 3849 2147 1687 7710 8961 6575 27669 18121 5671 1274 1702 37346 7039 5745 4444 4397 2588 6263 6618 5989 2139 1193 946 3850 745 3105 26890 1021 777 4743 2102 25869 11858 10511 1301 634 7222 2544 1845 9199 16408 3583 2887 696 737
is_linear=0
shrinkage=1


Tree=1
num_leaves=63
num_cat=0
split_feature=122 143 120 166 130 127 169 159 112 119 120 103 30 175 123 143 143 126 127 143 61 126 174 123 16 124 94 141 172 64 92 70 128 66 90 92 107 119 19 175 50 126 146 55 15 105 2 74 35 58 174 169 26 168 83 157 32 108 157 172 97 63
split_gain=462.993 273.214 145.711 129.529 100.199 162.132 96.4825 60.1449 56.2534 54.914 53.306 44.3871 44.3311 39.6182 37.9602 37.6348 37.4841 34.5797 35.8782 34.3483 32.3469 29.0649 28.9571 31.5847 28.6244 27.8014 27.3522 27.0331 25.4393 25.1675 25.7334 26.8624 24.0162 32.6519 23.756 23.3415 23.1838 27.3262 22.2418 21.356 21.9916 21.2361 20.8365 26.2274 22.3448 20.8335 20.7481 20.6396 20.3949 20.2615 21.4343 20.0438 20.3446 20.2357 19.839 19.7583 30.2974 22.5612 22.1019 24.8747 25.285 22.0442
threshold=-0.085080530493006887 1.6102839378029044 1.0000000180025095e-35 1.0000000180025095e-35 -1.1370798453379976 0.97800709219857562 0.61380334944569037 1.2787143410352397 9.5000000000000018 285.00000000000006 1.0000000180025095e-35 1.8153161152268242 2.0984790437815759 15.688046475280521 -0.48458210516306927 0.84065341915766212 0.74976621807427091 -0.62547033059746482 -0.43393845545604665 0.90010193478194889 0.97034796645890331 2.2559974053963576 10.396244654051207 0.12622095779990519 2.3790103412981334 -0.63387609375477472 3.5000000000000004 -0.82328294739849817 52.500000000000007 0.25000000000000006 6.7492514970059885 9044.5000000000018 -1.352606189881653 0.27777777777777785 0.3888888888888889 1.1444424286405421 0.87181369445356494 375.00000000000006 0.54598308668076123 5.4632004161948782 0.22539281934380853 -0.98008168028004661 12.500000000000002 0.32500000000000007 0.82500000000000007 1445.45 11.187500000000002 0.7988474614263833 0.87616209237476939 0.7665165494794538 5.2761454442642242 1.006138186111059 0.25943095413294098 1.0000000180025095e-35 -1.5076024142802102 0.2880962463489582 -0.0007287728701270554 -0.29828220864248361 0.81559307724778407 12.500000000000002 -0.1281058109015801 0.013179607434427655
decision_type=2 2 2 2 2 2 2 2 2 2 2 2 2 2 2 2 2 2 2 2 2 2 2 2 2 2 2 2 2 2 8 2 2 2 2 8 2 2 2 2 2 2 2 2 2 2 2 2 2 2 2 2 2 2 2 2 2 2 2 2 2 2
left_child=2 4 3 6 13 7 9 19 -3 17 27 16 14 24 -5 39 -4 18 -1 20 32 -10 45 -24 -2 35 47 -9 29 30 31 -7 33 -6 -27 -11 37 -34 -39 -8 -41 -16 44 -44 -35 -19 -30 -15 -37 -49 -51 53 -53 -18 -20 56 -22 58 59 -57 -61 -58
right_child=1 8 11 12 5 28 15 10 21 25 -12 -13 -14 26 41 -17 51 22 54 -21 55 -23 23 -25 -26 34 -28 -29 46 -31 -32 -33 36 42 -36 48 -38 38 -40 40 -42 -43 43 -45 -46 -47 -48 49 -50 50 -52 52 -54 -55 -56 57 61 -59 -60 60 -62 -63
leaf_value=0.0092331743049658618 -0.013312007050244835 -0.037559407095979332 0.016612923311557583 0.026821379369091458 0.06504199526667076 0.057564805326471007 0.048909477295537386 0.0097845570259032441 -0.0050333905135586648 0.082937353013033593 0.0017491577741648404 -0.025130463077144033 -0.0080475391207041041 -0.010599607025421056 0.020256220324615982 0.0033520667736881408 -0.00082744564734394354 -0.0036316330017273691 0.0054743441118415767 -0.0017667692045736276 -0.025216359174724874 -0.027820631142858744 0.037314272419172838 -0.0029026179644540411 0.027169548091352858 0.060057604645299502 -0.0057889748010150968 0.031480646967350027 -0.024080094956332641 -0.0070133654755676457 -0.02363316138500118 0.001594961970718558 0.0044579700473318558 -0.0020840267377456255 0.029551818844263195 0.072663941002831717 0.0042009046482324435 0.020203316998860053 0.077677617201942703 0.0084615194735099715 0.055445982124004513 0.00069875206253405613 0.013804206468489537 0.054946272534198995 0.036779495358282302 0.023672525056841788 -0.0067327314979481858 0.050709192028935902 0.030011615484490484 -0.0069778397141744102 0.034020525911713485 -0.028893196857588926 -0.0004910101283459612 0.0072305916811514258 0.040518792277560792 0.063384729381148794 0.026006181125933139 0.0018180725805283368 -0.0077243454254987583 0.042503177939831938 0.0038359866450769515 -0.0033456179243743231
leaf_weight=159.37839882075787 2962.1428346186876 641.7673058360815 480.87883055210114 251.43406428396702 37.667653769254684 44.305785328149796 71.355996698141098 223.11216078698635 293.86878192424774 53.073411002755165 491.88483513891697 139.80780957639217 512.36332058906555 65.62493209540844 174.61406025290489 751.89074575901031 1723.2216886281967 264.51246252655983 44.995020776987076 3780.4347584247589 149.62088261544704 267.14247119426727 173.16723531484604 67.987637251615524 44.321217864751816 71.748238250613213 861.18112087249756 402.7331130951643 401.28093338012695 4552.2753605246544 29.522229462862015 41.534217730164528 71.807347699999809 173.07791493833065 577.45380407571793 41.071145430207253 1055.0043002068996 33.835031181573868 33.498833253979683 145.92544655501842 30.030335396528244 676.7245467454195 99.596079051494598 63.392457544803619 47.036958590149879 94.937362134456635 302.15088750422001 46.142704904079437 88.246268436312675 68.618201717734337 59.543864637613297 102.86200416088104 162.90270580351353 1422.0644220709801 394.17663805186749 35.367744848132133 70.677431479096413 1314.0451696068048 67.564170032739639 65.664818286895752 118.7094641327858 673.89128004014492
leaf_count=1076 20184 4442 3224 1694 254 301 480 1507 2007 355 3315 952 3479 447 1177 5082 11656 1780 301 25629 1014 1833 1162 460 303 480 5865 2704 2741 30944 201 281 486 1170 3865 274 7134 228 225 982 202 4580 674 429 318 638 2063 314 590 467 406 697 1105 9556 2635 239 478 8890 457 443 802 4561
internal_value=-0.000118088 -0.00435851 0.00950456 0.0155411 -0.00285621 -0.000888856 0.021637 0.00321064 -0.0274495 0.0278956 0.0140658 0.00254974 0.00410518 -0.00974348 0.0097515 0.0089173 0.00354408 0.0210486 0.0295538 0.00167304 0.00483666 -0.0158842 0.0125724 0.0259761 -0.0127152 0.037769 -0.00162943 0.023746 -0.00776474 -0.0064289 0.0166345 0.0304834 0.0103504 0.0206224 0.0329232 0.0550169 0.00673099 0.0259147 0.048797 0.025837 0.0164803 0.00471009 0.0162549 0.0298059 0.00622083 0.0035799 -0.0166287 0.0133004 0.043558 0.0222987 0.0120699 0.00170167 -0.0114838 0.0028158 0.0369283 0.00126859 -0.00468517 0.00459315 0.0172855 0.0249752 0.0176073 -0.000559428
internal_weight=28366.9 19690 8676.82 4645.09 18487.3 14379.7 3029.95 9008.62 1202.78 2030.75 1117.73 4031.74 1615.14 4107.57 1102.77 999.203 3891.93 1199.15 598.55 7890.89 4110.46 561.011 600.605 241.155 3006.46 831.593 1101.11 625.845 5371.07 4667.64 115.362 85.84 1614.92 420.771 649.202 182.391 1194.15 139.141 67.3339 247.312 175.956 851.339 383.103 162.989 220.115 359.45 703.432 239.93 129.317 174.305 128.162 3411.05 265.765 3145.29 439.172 2495.54 894.19 1601.35 287.306 219.742 184.374 744.569
internal_count=192238 133756 58482 31292 125474 97488 20362 60957 8282 13616 7526 27190 10930 27986 7451 6746 26238 8052 4012 53431 27802 3840 4040 1622 20487 5564 7499 4211 36531 31727 783 582 10918 2845 4345 1219 8073 939 453 1664 1184 5757 2591 1103 1488 2418 4804 1634 864 1187 873 23014 1802 21212 2936 16884 6053 10831 1941 1484 1245 5039
is_linear=0
shrinkage=0.05


Tree=2
num_leaves=63
num_cat=0
split_feature=131 143 126 127 118 169 173 169 123 143 127 48 127 135 164 135 17 133 122 59 146 121 74 107 110 115 85 82 164 2 143 172 116 130 107 147 100 87 172 92 97 113 71 68 37 130 104 127 176 10 169 2 99 13 31 95 18 2 55 143 4 105
split_gain=495.669 304.432 143.107 111.348 102.981 85.2819 50.2836 45.3331 44.5233 36.8119 37.102 36.4966 33.7636 30.6828 30.3917 30.1749 28.8622 27.9055 25.629 28.4042 24.8569 24.822 24.7027 24.5803 30.7099 23.7782 23.5032 29.3287 28.5763 23.2853 22.7417 22.2869 22.0107 21.6384 21.517 21.7527 21.06 21.9367 20.8722 20.3663 20.223 20.0197 19.8808 28.0465 32.1258 20.5264 24.901 33.9468 20.2756 19.9877 19.8776 19.8262 19.7044 19.6922 32.5816 26.3204 28.8524 19.5923 19.5463 19.3978 19.2226 18.7768
threshold=1.0000000180025095e-35 1.2944832616017463 0.14773560334934596 -0.50674165533829196 934.50000000000011 1.2036791136296361 10.500000000000002 0.418059096058914 3.1897292230999787 0.89541655254285379 0.96304381393557492 0.90768349634329037 -1.2426550615541663 0.56081670416135154 1.0000000180025095e-35 0.50398667413105347 0.32612591553685527 26.500000000000004 -0.59026029982551709 0.44455278639489171 2.5000000000000004 1.0000000180025095e-35 0.92330518723750477 1.032213782643735 0.02513513675961683 16.679459003454099 4.5000000000000009 0.31915328006533222 1.0000000180025095e-35 8.9732142857142865 1.9510738799885592 15.500000000000002 2.0726402994271633 -1.1370798453379976 0.76216800040383537 -1.6601531839940755 0.74846122914577717 0.20866675202185095 22.500000000000004 2.8542700198751159 -0.89003311258269557 49.500000000000007 1.3884007643877749 0.27500000000000008 0.31382580217051614 0.48660124222312112 -0.05839766499848343 -0.10497452692865383 -3.8451013134159679 0.84086391399850202 0.34072950385860407 26.669642857142858 0.018236637734096044 0.74278135657446021 1.5676379504504507 18.500000000000004 0.21964620745108551 23.758928571428573 0.32500000000000007 0.77161119327376959 0.94549415725886321 1671.5000000000002
decision_type=2 2 2 2 2 2 2 2 2 2 2 2 2 2 2 2 2 2 2 2 2 2 2 2 2 2 2 2 2 2 2 2 2 2 2 2 2 2 2 8 2 2 2 2 2 2 2 2 2 2 2 2 2 2 2 2 2 2 2 2 2 2
left_child=5 2 3 18 30 6 -1 14 -6 10 12 15 -4 22 -8 -5 -12 42 19 52 29 -22 36 24 -19 59 -13 28 38 -16 -3 32 -11 -27 35 -33 37 -9 -28 -21 -29 -36 45 48 -45 46 -14 -48 -44 -49 -30 -23 -2 -17 55 56 -55 -34 -35 -20 -10 -18
right_child=1 4 9 11 8 -7 7 13 60 31 16 26 17 -15 20 53 61 23 25 39 21 51 -24 -25 -26 33 27 40 50 -31 -32 34 57 58 41 -37 -38 -39 -40 -41 -42 -43 43 44 -46 -47 47 49 -50 -51 -52 -53 -54 54 -56 -57 -58 -59 -60 -61 -62 -63
leaf_value=-0.020483785054778499 0.021186654483527453 -0.022589992532746427 -0.0094726447231092293 0.038170882355064654 -0.0079808746163972603 -0.012382905686381588 0.013824459568764587 0.031293725545320859 -0.030142987050373146 -0.020493193003250011 0.00067666398673639667 0.0041116313928352514 -0.0025001789578061968 0.0082770224529462848 0.030357510553755535 0.0098909854548180944 -0.013247666214647447 0.018965827315137743 0.012912656650389051 0.056460028781047313 0.046334769165191081 0.024675422805199351 0.011491427742147682 -0.0048633844606932562 0.073110898715591274 -0.022604617807305945 0.046527067278068185 -0.028167581471306626 0.084891905345764671 -0.0027095326775294537 -0.041179519977751732 0.035730277676649588 -0.00099265147051230576 -0.011150064381142208 -0.006933276036126282 -0.010874649252627731 0.00074159171932117185 0.070112878343133567 -0.0031170378614312805 0.011788944215228983 0.012245321959869791 -0.015707068072855466 0.066482657306528067 -0.010686404931778111 0.030806095308180417 -0.0029003054222765216 0.051440511745436603 -0.0023198995776241844 0.02092764709871562 0.014449311865294516 0.033041451872882203 0.0647656947256883 -0.018912808884620567 0.053973044424930533 0.0048163366808179576 0.069696056286901328 0.015696865759145223 0.025603738335240118 0.0091451398750881444 -0.001251816994700978 -0.015471721897892485 0.0023154701536866884
leaf_weight=91.223991096019745 55.951257839798927 268.34992405772209 537.85244272649288 172.789938762784 1855.0491046309471 275.88389414548874 810.40763002634048 125.16426326334476 374.60770922899246 140.0164659768343 986.54510962963104 1360.8650871813297 552.29375506937504 1582.291532844305 87.718665316700935 614.60350070893764 1123.0046358704567 84.318272814154625 271.13218516111374 52.761352106928825 167.19359774887562 1149.4993047714233 217.66295127570629 53.45214881002903 37.98566646873951 230.46814455091953 33.427350237965584 33.312046363949776 34.159471496939659 135.44489015638828 425.22384837269783 56.425175875425339 1660.2486506998539 348.68681836128235 4507.0641864091158 45.009294584393501 36.25554084777832 51.313143327832222 57.75222373008728 49.409623220562935 437.69938489794731 759.76450441777706 29.775628238916397 153.82250718772411 66.956481233239174 1363.8493691235781 49.277285188436508 271.39553573727608 135.93375815451145 514.68315662443638 40.280283033847809 31.689281836152077 67.708803713321686 70.754235580563545 146.0480742007494 43.539967373013496 161.87107345461845 72.257427170872688 179.81644997000694 2227.2907783836126 552.61881656944752 234.22906920313835
leaf_count=616 378 1882 3685 1145 12693 1892 5404 829 2600 956 6734 9097 3761 10562 580 4109 7669 568 1831 356 1093 7586 1446 362 255 1579 224 223 225 896 3017 385 11304 2372 30748 307 241 339 388 333 2927 5206 200 1037 452 9225 330 1827 915 3457 268 209 458 473 974 291 1082 492 1222 15101 3825 1597
internal_value=-0.000116366 -0.00308521 -0.000725359 0.00524954 -0.0167496 0.0145992 0.0162586 0.0170213 -0.0124526 -0.00370047 -0.000871126 0.0119719 0.00214725 0.0114968 0.0216893 0.0188262 -0.0058313 0.00403327 -0.000939919 0.0153489 0.0257451 0.0283033 0.0233337 0.0234209 0.0357824 -0.0020692 0.00782123 0.0157509 0.033849 0.0102881 -0.0339871 -0.00612132 -0.00142448 -0.00981997 -0.00775964 0.0150504 0.0354503 0.0425809 0.015083 0.0348572 0.00938714 -0.00819894 0.00294738 0.0135662 0.00189718 0.0014558 0.0057372 0.0111833 0.0291132 0.0086597 0.056835 0.025751 -0.000769397 0.0156023 0.023916 0.0340168 0.0273388 0.000116601 -0.00424488 0.000285331 -0.021399 -0.0105618
internal_weight=28364.1 23602.3 20126.5 6690.33 3475.85 4761.75 4485.86 4394.64 2782.28 13436.2 6195.37 3207.1 3851.6 2012.69 2381.95 1209.61 2343.78 3313.74 3483.23 225.831 1571.55 1348.38 430.396 175.756 122.304 3257.39 1997.5 636.631 165.619 223.164 693.574 7240.79 1872.52 758.971 5368.26 101.434 212.733 176.477 91.1796 102.171 471.011 5266.83 3137.99 386.488 220.779 2751.5 1387.65 835.356 165.709 786.079 74.4398 1181.19 123.66 1036.82 422.213 276.165 232.625 1732.51 528.503 2498.42 927.227 1357.23
internal_count=192238 160545 136528 45056 24017 31693 29801 29185 19118 91472 42074 21426 26074 13417 15768 8074 16000 22389 23630 1525 10364 8888 2855 1185 823 22105 13352 4255 1105 1476 4899 49398 12752 5173 36646 692 1409 1168 612 689 3150 35954 21204 2604 1489 18600 9375 5614 1115 5284 493 7795 836 6929 2820 1846 1555 11796 3594 16932 6425 9266
is_linear=0
shrinkage=0.05


Tree=3
num_leaves=63
num_cat=0
split_feature=131 143 120 126 127 169 148 143 126 48 143 159 143 114 169 148 35 135 116 60 71 113 174 153 142 159 148 9 48 134 169 107 75 50 148 173 141 71 135 10 63 107 161 146 146 134 70 161 7 80 143 61 159 79 124 100 83 19 115 45 8 107
split_gain=443.992 280.971 188.407 150.983 122.013 83.7894 59.5423 48.7181 48.5466 35.6601 32.62 30.794 29.9083 28.9844 28.0595 26.1626 33.2366 25.7051 24.8279 26.0299 27.4545 24.0334 27.4426 23.8895 23.4024 22.6711 26.3111 21.4926 21.3214 21.0995 20.9097 20.9023 20.6884 22.3814 20.3989 19.6529 19.6526 24.2235 22.8812 19.8445 19.613 19.5052 19.3567 19.3045 18.9908 18.8824 18.8355 18.6522 18.4448 18.3251 18.3219 19.0228 18.1089 17.7493 23.0809 21.5984 19.2459 17.705 17.4326 18.0063 17.4108 17.3372
threshold=1.0000000180025095e-35 1.6407051953605796 1.0000000180025095e-35 0.14773560334934596 -0.50674165533829196 0.60746654278122825 2.1993256254045992 0.90229267600941265 2.2559974053963576 0.90768349634329037 1.2944832616017463 0.52945626056776729 0.89101542457067573 121.50000000000001 1.2036791136296361 1.6349421612031569 0.76585324129573495 0.50398667413105347 0.79624254501870062 0.68296593841924924 0.61339532168351529 42.500000000000007 13.558648906786443 0.13484129951396134 0.0042332757537131048 0.46735939354830192 2.6719467744175378 2763.0000000000005 0.78979716800612343 -0.88721308184542058 0.23736552898382482 1.0550583551476538 0.69213770172735389 0.10858435681965095 1.8994658506663111 380.50000000000006 0.91502696011275897 0.926382827577931 0.49913085512957717 0.67029774831496225 0.26321611551001406 0.79622090704427118 1.0541588099727639 26.500000000000004 21.500000000000004 -0.29466430106280578 15449.500000000002 1.5320864790665756 0.051376319758672705 3.0954907161803717 0.77161119327376959 0.95111609367214756 1.9048399687743951 2.302886953983851 0.11801068647327437 0.80326391117506246 -0.76413832339012233 0.22287581699346407 8.4086947910477345 0.74119832517872475 0.5196153846153847 0.99569058050831061
decision_type=2 2 2 2 2 2 2 2 2 2 2 2 2 2 2 2 2 2 2 2 2 2 2 2 2 2 2 2 2 2 2 2 2 2 2 2 2 2 2 2 2 2 2 2 2 2 2 2 2 2 2 2 2 2 2 2 2 2 2 2 2 2
left_child=2 3 5 4 18 25 7 11 13 17 35 15 43 46 -7 16 -5 -6 21 24 -21 22 57 49 34 -1 28 40 -27 -30 -14 52 33 -15 -20 -8 37 38 61 -38 -17 42 -9 44 -4 58 -3 -29 -12 50 51 -11 -28 54 55 56 -26 -2 -31 -60 -43 -13
right_child=1 8 12 6 9 14 10 41 -10 23 48 36 30 32 -16 27 -18 -19 19 20 -22 -23 -24 -25 53 26 31 47 29 45 -32 -33 -34 -35 -36 -37 39 -39 -40 -41 -42 60 -44 -45 -46 -47 -48 -49 -50 -51 -52 -53 -54 -55 -56 -57 -58 -59 59 -61 -62 -63
leaf_value=0.0039068151290415415 0.04509903851872675 -0.030476989866525941 0.010973895948652581 0.066924964746514284 0.035307209741637278 0.014249320380170778 -0.0055833794269945988 0.043132564981718094 -0.037173845887667895 0.04931676449646246 -0.0055509576005210162 0.080292204773216982 0.0072799069622439885 0.049656719708843562 -0.0094051977464218173 -0.0024203752759402379 0.0066349075672227408 0.014813747965349448 0.011372257972204876 0.025294822709203874 -0.013139299121588788 -0.04702417996696235 -0.024783894630920487 -0.0038210457829908591 0.065055540584545421 0.051518167527291873 0.006559297194147099 -0.0006037990089466631 0.060950196702258375 0.010503951868035688 -0.0060616091515539386 -0.0066872596550981989 -0.013823711768442116 -0.0040808755654207158 -0.0027813343152586229 -0.022107835739598167 0.040810572481960426 0.0077127339443624661 0.019717099340680874 -0.0011282097440828173 0.033889835563742622 -0.0067680747322710483 -0.0006234203089464695 -0.010133163052345457 0.04297809253564594 0.033802566538082057 0.0081788253767443655 0.04777181039144892 -0.019258194474855807 -0.022299459129604002 0.0081366235597467376 0.01592942059428323 0.03874868164339678 0.00051640383033724581 0.005822371578705781 0.0017534554386037322 0.022764178938984855 -0.0091468055894926622 0.058867325240996728 0.022266313785978785 0.020070216234445767 0.030127441289935643
leaf_weight=85.003681644797325 30.177725106477737 315.76971456408501 677.03213991224766 32.314590901136398 177.09909571707249 736.24584636092186 7731.5665499418974 39.900641769170761 565.29845924675465 52.284302711486816 356.18480643630028 32.500537618994713 433.2576240003109 30.824216037988663 151.09897021949291 1946.2633532434702 78.126060083508492 1125.0667507946491 287.79662364721298 50.478981107473373 584.23928648233414 54.53590689599514 98.658295661211014 405.75412806868553 53.924839302897453 140.6419734954834 76.952453121542931 38.055541545152664 56.18924742937088 205.59694573283195 911.62212118506432 74.628966569900513 199.73049554228783 52.172067239880562 2205.2215364128351 184.22063697874546 30.93059341609478 274.93574742972851 174.38210219144821 320.25929184257984 37.914548680186272 2688.1781791001558 68.955809906125069 101.30387912690639 49.758689358830452 834.21028438210487 35.006389752030373 41.825947225093842 789.21879827976227 43.682195708155632 1387.2777390033007 231.84128049015999 101.08940750360489 287.70791076123714 190.01675963401794 42.203887164592743 53.681199952960014 29.990620523691177 45.974984481930733 124.87204478681087 61.819248020648956 36.641278147697449
leaf_count=563 205 2262 4462 213 1146 4889 52864 272 4074 342 2472 217 2869 213 1041 13237 523 7462 1959 344 3978 374 677 2708 364 907 502 257 363 1337 6107 488 1381 361 14997 1273 209 1839 1171 2158 256 18425 472 668 327 5405 246 283 5482 292 9260 1526 660 1947 1285 285 362 205 297 808 423 244
internal_value=-0.000114372 -0.00294012 0.0137364 -0.00167556 0.00417094 0.0227312 -0.00456346 -0.000655841 -0.0265223 0.011088 -0.00710912 0.00374607 0.00283936 -0.0170176 0.0102214 0.000565815 0.0242756 0.0176009 -0.00179511 -0.000852444 -0.0100826 -0.0183864 -0.00855315 0.0070891 0.00102497 0.029092 0.0303815 -0.000702812 0.0330485 0.030998 -0.00176359 0.0155252 -0.00510491 0.0158769 -0.00114743 -0.00596795 0.0116981 0.0178843 0.0293678 0.00256549 -0.00172654 -0.00534306 0.0154151 0.0103149 0.013165 0.0296079 -0.0266193 0.0247257 -0.0149957 0.00967022 0.0105058 0.0220733 0.0248359 0.00965531 0.0173926 0.0320681 0.0439577 0.0180605 0.0203123 0.0321157 -0.00616476 0.0537077
internal_weight=28360.1 23554.6 4805.48 22355.8 7391.64 2632.5 14964.2 5903 1198.8 3423.01 9061.19 3044.15 2172.97 633.503 887.345 2174.5 110.441 1302.17 3968.63 3755.27 634.718 213.363 158.827 2120.84 3120.55 1745.16 1660.16 2064.06 1407.49 1266.84 1344.88 252.671 282.727 82.9963 2493.02 7915.79 869.65 518.46 243.524 351.19 1984.18 2858.85 108.856 828.095 726.791 1210.65 350.776 79.8815 1145.4 1715.09 1671.4 284.126 178.042 627.535 339.827 149.81 107.606 60.1683 376.444 170.847 2750 69.1418
internal_count=192238 160545 31693 152008 49718 17260 102290 40199 8537 22736 62091 20607 14433 4463 5930 14769 736 8608 26982 25521 4322 1461 1087 14128 21199 11330 10767 14033 9117 8210 8976 1650 1955 574 16956 54137 5838 3471 1632 2367 13493 19592 744 5457 4789 7847 2508 540 7954 11420 11128 1868 1162 4243 2296 1011 726 410 2442 1105 18848 461
is_linear=0
shrinkage=0.05


Tree=4
num_leaves=63
num_cat=0
split_feature=131 114 120 122 169 143 122 26 143 148 169 148 71 72 143 96 143 114 105 172 44 122 71 9 18 148 130 10 100 25 63 108 106 164 125 10 110 141 110 20 146 169 60 61 103 92 18 12 148 25 114 37 117 82 37 161 77 59 85 116 2 113
split_gain=397.844 262.294 165.775 147.751 74.4365 67.4054 59.2839 53.0844 42.5531 33.9675 32.0963 31.3304 29.541 29.2423 28.0763 27.8889 26.7875 25.6519 25.3904 23.5267 27.8017 23.3378 26.4396 26.3031 23.2001 23.1052 23.4536 22.7727 28.9326 25.0584 22.7995 22.4892 21.2294 20.7053 20.5299 19.9707 19.6066 19.1754 20.3085 22.7524 19.8949 18.8774 18.6009 18.5948 18.3078 23.7182 21.7599 18.9705 20.1467 28.685 22.8842 19.4091 19.328 19.7425 21.5857 18.6825 18.5778 18.2953 19.8515 21.6719 23.2444 18.7189
threshold=1.0000000180025095e-35 4.5000000000000009 1.0000000180025095e-35 0.4170598610957999 0.43533763262248498 1.2944832616017463 -0.4997925311203319 0.10454266649318787 0.76838888189225518 1.6105669268777116 1.2036791136296361 1.8994658506663111 6.587166549398721 0.56224744456602804 0.72270323160082761 1.5000000000000002 0.89101542457067573 8.5000000000000018 211.22500000000005 21.500000000000004 4893.5000000000009 -0.12167303970164753 0.94714628239325704 1654.5000000000002 0.35758377425044097 2.5852348177699196 1.2459185862620645 0.65688656779463006 -0.52609754523350449 0.86293982312092388 0.08833364916231011 0.011853740485649357 1.4606408513275695 1.5000000000000002 4.0155067297253657 0.69974440504772806 0.027918672201118797 -0.8421295546558546 -0.083531805202780154 0.249113475177305 42.500000000000007 0.23736552898382482 0.45114188053792237 0.99541567311967039 0.81432798598229306 1.9312315270935965 0.26713615023474185 1.019556847446391 2.2925478101346761 0.81564100603929379 212.50000000000003 0.068349524871264014 -7.8124637681159408 2.1391495382782248 0.33689931350114422 0.62988330796549985 0.5628889562921674 0.34872868553258768 2.5000000000000004 1.4832796793903162 13.473214285714286 8.5000000000000018
decision_type=2 2 2 2 2 2 2 2 2 2 2 2 2 2 2 2 2 2 2 2 2 2 2 2 2 2 2 2 2 2 2 2 2 2 2 2 2 2 2 2 2 2 2 2 2 8 2 2 2 2 2 2 2 2 2 2 2 2 2 2 2 2
left_child=2 -2 4 6 17 11 8 18 -3 31 -6 13 25 14 15 43 -4 -1 -8 20 21 -20 -23 42 -15 26 57 28 29 -11 -30 -9 33 44 -7 -16 -22 -19 39 -39 -40 -18 -24 -5 45 -29 -47 52 49 50 51 -49 -46 54 56 -51 -54 -10 61 -60 -61 -59
right_child=1 3 16 5 10 34 7 9 12 27 -12 -13 -14 24 35 -17 41 37 19 -21 36 22 23 -25 -26 -27 -28 32 30 -31 -32 -33 -34 -35 -36 -37 -38 38 40 -41 -42 -43 -44 -45 47 46 -48 48 -50 55 -52 -53 53 -55 -56 -57 -58 58 59 60 -62 -63
leaf_value=-0.012840304748002185 -0.032507819658230457 0.029911392540644802 0.0097326720156789906 0.04432038111895141 0.015578864000259469 -0.012452261090617318 0.048649352414600409 0.062870106061358663 0.00047092203869983216 0.015077310418512988 -0.0089910766586580697 -0.0053021694574417882 0.055897461565165507 0.066909967536824377 0.017326968197695445 -0.0027452272356319556 0.006883536614425069 0.011645962134739707 0.01981602157398947 0.002041430634608351 0.042855912371335007 -0.0051894412789467541 -0.014800647777933065 0.058426261137033558 0.012717004743547089 -0.0040152767862078713 -0.028618448332502183 -0.0096364764631423159 -0.010210091118820276 0.067296108818984027 0.019332607427955596 0.0082250247873695143 -0.030676587081956908 0.0067573824385266578 -0.026755810690435866 -0.0071382402164408484 -0.0019427316933509052 0.032485051491884923 0.031342095083051739 0.072493166880394741 -0.0071975292443973897 -0.0057813352169647485 0.015915414511854492 0.010619804997358189 -0.015373474169615759 -0.019302931678520485 0.025543573301511326 0.064790072552822861 -0.005159108433574533 -0.026695958757986495 0.0032259825878099059 0.022173198362269605 -0.0205590296652149 -0.011669953900917776 -0.012729883890263327 0.016797932985877406 0.00057180759042061086 -0.03453977483592701 -0.01484793499919275 0.015289713144882981 0.036782855203267989 0.0071310837756611003
leaf_weight=34.927279502153397 720.30093921720982 237.18731880187988 833.45253556966782 84.676337942481041 1156.4989002048969 1443.6953001320362 33.672155618667603 31.729552388191223 315.72728563845158 76.907149970531464 150.17957344651222 8474.448287576437 30.746476396918297 30.066339418292046 95.798662409186363 133.63493314385414 435.24283170700073 121.61446157097816 297.42410668730736 2259.6682609915733 102.38868825137615 411.57883515954018 62.694785013794899 30.102343842387199 57.550907999277115 402.6006014496088 38.736173719167709 125.56769217550755 181.31436367332935 32.760536953806877 102.07390178740025 46.306966051459312 71.378727242350578 473.89244350790977 303.62306696176529 645.19577518105507 32.074925348162651 80.797768324613571 1027.5837064534426 63.436734333634377 34.614210158586502 908.11775386333466 230.49109429121017 79.23005585372448 526.31206598877907 32.368754297494888 164.55853302776814 34.980489939451218 469.88382644951344 70.473212599754333 125.59830681979656 113.08957099914551 110.03720067441463 840.68608020246029 447.17090624570847 38.004619210958481 1901.0287291705608 31.797961428761482 46.276951983571053 518.27021208405495 166.11184586584568 176.75521962344646
leaf_count=230 5271 1538 5457 562 7541 10099 225 208 2103 521 1041 58161 206 202 650 899 2869 782 1971 15186 687 2775 423 202 387 2704 264 850 1231 223 691 316 489 3175 2184 4388 215 513 6531 401 221 6107 1552 527 3609 219 1111 237 3216 484 857 768 745 5739 3041 260 12928 212 308 3448 1103 1175
internal_value=-0.000112339 -0.00280146 0.0129317 -0.00186249 0.021282 -0.00590492 0.00214725 0.000508576 0.010053 -0.00232948 0.012755 -0.00426094 0.00732563 0.00357446 0.00123421 0.0142079 0.0026909 0.0294567 0.00544316 0.00501856 0.0107844 0.00799881 0.00321601 0.013917 0.0313136 0.00644522 0.0097006 -0.00276018 0.0088698 0.0306764 0.000430923 0.0304436 -0.00358456 -0.00323127 -0.0149377 -0.00397528 0.0321697 0.0305691 0.0324767 0.0500813 0.0300862 -0.00167797 0.0093471 0.02803 -0.00417802 0.00734452 0.0181722 -0.0049725 0.00177458 0.0103002 0.0189248 0.0322411 -0.00647534 -0.00505572 -0.00279374 -0.0114581 -0.000584384 0.0108834 0.0143837 0.0182673 0.0205065 0.000777556
internal_weight=28355.1 23508.6 4846.47 22788.3 2669.65 11347.9 11440.4 9476.22 1964.21 6016.12 1306.68 9600.6 1727.02 1126.15 1038.54 297.541 2176.81 1362.97 3460.1 3426.42 1166.75 1032.29 734.867 323.288 87.6172 1696.28 1293.68 5938.09 393.056 109.668 283.388 78.0365 5545.03 5473.65 1747.32 740.994 134.464 1328.05 1206.43 144.235 1062.2 1343.36 293.186 163.906 4999.76 322.495 196.927 4677.27 852.03 382.146 273.668 148.07 3825.23 3298.92 2458.24 108.478 2011.07 1254.94 939.212 730.659 684.382 208.553
internal_count=192238 160545 31693 155274 17260 78059 77215 64154 13061 40918 8582 65776 11523 7615 7026 1988 14433 8678 23236 23011 7825 6923 4952 2177 589 11317 8613 40394 2666 744 1922 524 37728 37239 12283 5038 902 8448 7666 914 6752 8976 1975 1089 34064 2180 1330 31884 5822 2606 1862 1005 26062 22453 16714 744 13673 8349 6246 4859 4551 1387
is_linear=0
shrinkage=0.05


Tree=5
num_leaves=63
num_cat=0
split_feature=131 114 120 124 127 169 143 164 48 156 95 16 16 126 32 127 120 124 172 58 143 141 74 118 61 122 10 107 7 173 101 6 72 2 173 123 98 73 169 135 61 123 21 18 127 175 77 20 77 106 34 18 7 1 160 135 59 34 129 83 5 147
split_gain=372.066 228.783 150.22 119.463 119.606 81.801 51.2038 49.6733 29.6255 28.5585 26.6417 26.6271 23.8819 23.9886 25.439 42.5759 23.6848 24.2672 23.5936 27.3468 23.3919 23.08 22.9366 30.8163 26.9217 28.6786 29.4812 26.2858 26.7179 22.7738 21.3434 35.0465 21.2164 29.4791 22.2533 20.7945 20.7843 27.215 20.5831 21.7916 19.8158 19.7747 19.7507 19.6533 19.2904 21.9593 18.6275 25.2637 18.613 18.6076 20.9508 22.6191 20.1383 18.8262 18.4382 21.2154 18.4143 18.3516 18.9945 19.6447 18.3467 19.4741
threshold=1.0000000180025095e-35 4.5000000000000009 1.0000000180025095e-35 1.4110454078615671 -0.75089314194579904 0.58347982588314096 0.8867476596304521 1.0000000180025095e-35 0.91580358402709194 4.2823076577789756 13.100000000000001 0.62890471983354346 0.62161705451391114 -0.063229214827708116 0.00082864269257545845 -0.2238680562481071 1.0000000180025095e-35 -0.41156955673264556 21.500000000000004 0.88586140517440359 1.1965311655936712 2.963761047463211 1.2729822261072263 1275.5000000000002 0.91298345797824043 -0.13701702660500567 1.8024568290725307 0.85314660827891231 0.085236118318630011 8.5000000000000018 0.088772328548701651 0.88694461351186871 0.5682699794393028 12.241071428571431 204.50000000000003 1.4966848845387413 0.43913509927568456 0.66741959888996127 0.30775062693182492 0.48872580716660735 1.0923190378942593 -0.92012942069230053 0.36801134390554463 0.44843699645504359 -0.44870623284460731 4.4935435463252871 0.85335929042911685 0.23550420168067229 1.9314723871197612 0.87035805580898706 0.086121686656336113 0.39415279556124633 0.050096525096525103 4.0267857142857153 0.059041394335511997 0.77135430170997177 0.41380105484555901 0.037291751963365809 0.070965278815073238 1.3067424242424246 0.7969337406015039 -0.65226476481503559
decision_type=2 2 2 2 2 2 2 2 2 2 2 2 2 2 2 2 2 2 2 2 2 2 2 2 2 2 2 2 2 2 2 2 2 2 2 2 2 2 2 2 2 2 2 2 2 2 2 2 2 2 2 2 2 2 2 2 2 2 2 2 2 2
left_child=2 35 5 4 -3 12 10 8 40 18 32 -4 -1 14 15 -14 17 44 19 46 -7 30 24 42 25 -12 27 -27 -29 -13 31 60 49 34 -34 -2 37 -33 -19 -40 41 -6 56 -30 -9 -46 -8 -48 -10 -5 53 -52 -53 -51 -17 -56 -24 -43 59 -59 61 -20
right_child=1 3 11 6 7 20 9 16 48 -11 22 29 13 -15 -16 54 -18 38 21 -21 -22 -23 23 -25 -26 26 -28 28 43 -31 -32 36 33 -35 -36 -37 -38 -39 39 -41 -42 57 -44 -45 45 -47 47 -49 -50 50 51 52 -54 -55 55 -57 -58 58 -60 -61 -62 -63
leaf_value=0.047891187046866457 -0.015270726143411984 -0.0047590665585875514 0.022530490843882346 -0.020341606888511998 0.035931869798961409 0.012952798143989941 -0.0030151069635952509 -0.0025354224657212626 -0.00085481015420422676 -0.020686751601790888 0.059795940870053244 -0.032621983089077468 0.0053902283827474426 0.016842288561944887 0.048540711207264185 0.012447552283349941 0.0054789314668723397 0.020064841963949864 -0.01208415673978616 0.0026702644963433921 -0.0055606518546380615 -0.025334211427455317 -0.0072906788238181509 0.065985775995880777 -0.0016702885572464168 0.057634141892444972 -0.030001753547770207 -0.0087770113322972153 0.059605744616511191 0.0020969635529759357 -0.012578950680845524 0.0039103810251115839 -0.025177743370823149 0.045003879490515826 0.022963585851186349 -0.035561835970366294 -0.013662439462703728 0.044048817244366607 0.028004365104433174 0.0029688637977533425 0.046664725548076602 -0.0054087221888563146 -0.01198052210064663 0.012698040022185312 0.0018139043757863663 0.041616897021474676 -0.0042049428477128779 -0.025837497846465947 0.026660108151641354 -0.033475811705078941 0.039225419016490126 0.035049038112322899 -0.011499127669915612 -0.0057049746134774232 0.040596979622661719 0.019258460317008688 0.034566000007583225 0.00073598059330334527 0.01451894639779029 0.026398355317924047 -0.020501896578693189 0.0043999011643304003
leaf_weight=124.97847789525986 165.26070991158485 4521.4781459569931 158.7842238843441 223.66437469422817 57.03337374329567 725.31628167629242 719.12207806110382 41.67161138355732 3069.8575369715691 430.3934810012579 31.359759613871574 48.383076921105385 189.88520148396492 561.06950616836548 152.20832586288452 103.43446065485477 1016.591118991375 496.43362399935722 544.69013366103172 1039.8686458468437 223.10245670378208 222.24422647058964 37.267691552639008 29.183567941188812 1540.5002709180117 32.808984443545341 40.635171115398407 101.80954253673553 32.3355503231287 1986.3131927996874 1875.4508823752403 616.14000831544399 51.848629459738731 48.154836222529411 44.700022682547569 535.06647902727127 155.33414077758789 45.338212698698044 102.12923461198807 583.640669927001 31.935948386788368 293.72037777304649 63.384472280740738 72.164723619818687 42.330961585044861 191.01774381101131 263.10770598053932 277.1163911819458 62.719624221324921 64.06202121078968 51.356683731079102 30.733013927936554 95.249026924371719 1288.2618977278471 464.87346552312374 155.42839039862156 89.093841761350632 760.90910671651363 671.90898354351521 82.677591621875763 339.65595860779285 266.99925836920738
leaf_count=781 1213 31026 1043 1532 378 4742 4969 277 20684 3089 208 337 1201 3547 953 648 6765 3268 3787 7185 1500 1557 253 200 10510 220 279 696 219 13141 13027 4249 354 328 304 4026 1073 312 670 3890 212 1962 432 496 272 1223 1819 1914 424 439 347 209 651 8797 2887 975 609 5087 4491 551 2363 1853
internal_value=-1.19863e-05 -0.00262486 0.01253 -0.00175986 0.00166497 0.0204253 -0.00558624 0.00553543 0.00268287 -0.00822161 -0.00107365 0.00281031 0.0268284 0.0252104 0.0296155 0.0264626 0.0113364 0.0154227 -0.00737874 -0.00333064 0.00859776 -0.00966792 0.00284866 0.018153 0.00103912 0.0144549 0.00937232 0.0160634 0.00945254 0.00127138 -0.00876207 -0.00512497 -0.00535247 0.0130487 -0.00288931 -0.0307736 0.00279647 0.0066615 0.0123106 0.00669731 0.00761197 0.00694368 0.0107962 0.0272127 0.0288004 0.0343964 -0.00828571 -0.0153017 -0.000303914 -0.00687114 -0.00490151 0.0112574 -0.000143815 -0.00702053 0.0319913 0.0352502 0.0222212 0.00602986 0.00824679 0.00325108 -0.0107448 -0.00666185
internal_weight=28384.2 23490.4 4893.78 22790.1 12026.1 2700.3 10764 7504.58 5030.76 6795.46 3968.57 2193.48 1751.88 1626.9 1065.83 913.622 2473.81 1457.22 6365.07 2299.21 948.419 4065.85 2070.54 218.93 1851.61 311.114 279.754 239.119 206.31 2034.7 3843.61 1968.16 1898.03 144.703 96.5487 700.327 816.812 661.478 1182.2 685.77 1898.19 1866.25 189.746 104.5 275.02 233.349 1259.35 540.224 3132.58 1753.33 1529.66 177.339 125.982 1352.32 723.736 620.302 126.362 1809.22 1515.5 843.587 1151.35 811.689
internal_count=192454 160699 31755 155460 81180 17234 74280 50154 33789 47197 27083 14521 10992 10211 6664 5711 16365 9600 44108 15887 6242 28221 14122 1494 12628 2118 1910 1631 1411 13478 26664 13637 12961 986 658 5239 5634 4561 7828 4560 12681 12469 1294 715 1772 1495 8702 3733 21108 11975 10443 1207 860 9236 4510 3862 862 12091 10129 5638 8003 5640
is_linear=0
shrinkage=0.05


Tree=6
num_leaves=63
num_cat=0
split_feature=122 114 120 127 127 135 159 120 159 126 143 160 173 133 169 140 125 23 173 25 129 117 1 176 46 10 127 129 130 148 32 29 130 25 123 26 79 57 23 99 174 110 130 21 76 109 44 56 157 84 146 25 63 45 51 48 164 75 101 25 143 105
split_gain=284.07 200.402 103.695 94.4708 135.662 68.2699 60.6968 41.4778 44.4917 34.5914 34.4643 34.103 32.8683 32.5532 28.1617 28.2094 31.168 27.9369 27.8881 27.1228 26.6553 26.2242 25.4525 29.6558 25.3599 24.4266 23.4921 22.9007 22.862 23.7862 22.5166 22.1603 21.4148 21.0889 25.7711 25.2789 20.7597 22.081 22.04 21.1688 20.6959 21.6346 20.4788 20.3461 19.9171 25.2475 19.7438 19.6677 19.551 19.3923 19.1636 30.9847 23.5133 19.196 18.8841 18.7543 23.642 18.7048 18.6483 18.3849 18.3288 18.2593
threshold=-0.14542756946317772 4.5000000000000009 1.0000000180025095e-35 -0.91302580417109691 0.61580932679146205 0.77135430170997177 0.67793041926851039 1.0000000180025095e-35 1.156539321327205 0.45111051506787686 0.81413875483771048 0.81827458256029695 378.50000000000006 2.5000000000000004 1.0228768431657314 7.5000000000000009 0.14724848239019514 0.94119248134746558 4.5000000000000009 0.26090479881615114 0.18233953909826958 -5.1343304843304836 24.008928571428573 5.4094444972644071 0.18236714975845411 1.1366463420323587 0.73772455089809197 -0.16303915435976604 -0.41287121002814758 1.6349421612031569 -0.0010135899285187296 0.44887499351020205 1.1310562765129817 0.45640901771336562 0.8820267850836383 0.42247450218552701 0.41961703270456102 3724.5000000000005 1.1744205481867163 -0.37163505115466861 6.0969633111795547 -0.094252958903415757 -0.061983048539560652 0.25092592592592594 0.68071493624772328 1.0000000180025095e-35 715.50000000000011 0.36666666666666675 1.1098652610567028 1.1403637282141956 11.500000000000002 0.069450197895945712 0.019078769473968846 0.7100425002644416 0.50000000000000011 0.91142317305989107 2.5000000000000004 1.1609509575910641 -1.3560999709386967 0.3294960563549883 1.8740983462562799 1304.6750000000002
decision_type=2 2 2 2 2 2 2 2 2 2 2 2 2 2 2 2 2 2 2 2 2 2 2 2 2 2 2 2 2 2 2 2 2 2 2 2 2 2 2 2 2 2 2 2 2 2 2 2 2 2 2 2 2 2 2 2 2 2 2 2 2 2
left_child=2 60 5 11 7 6 26 8 28 14 30 22 21 19 15 16 31 20 -12 -7 27 33 23 57 -23 -24 -1 -17 -5 -30 61 42 43 35 -35 50 37 -36 -39 -40 -25 -42 -8 46 45 -45 -26 -41 -31 -32 51 -6 -53 -54 -27 56 -10 -3 -14 -55 -2 -4
right_child=1 3 10 4 12 13 9 -9 55 -11 18 -13 58 -15 -16 17 -18 -19 -20 -21 -22 24 25 40 32 54 -28 -29 29 48 49 -33 -34 34 36 -37 -38 38 39 47 41 -43 -44 44 -46 -47 -48 -49 -50 -51 -52 52 53 59 -56 -57 -58 -59 -60 -61 -62 -63
leaf_value=0.0095997808956259124 -0.020455342067187521 -0.0055207378368825159 0.013600050059190389 -0.00031123217225550282 0.050656015227847476 0.0411758388196043 0.020598393115975479 0.00072090111850941932 0.021513211929870588 0.00077007362577110466 -0.038630944187896879 -0.012355223404389395 0.015705312944923916 -0.0025271844923467311 -0.0026939700369214233 0.067691641309651149 0.004990960685956624 0.024562211817954101 -8.2552141844550773e-07 0.0078714116998948643 0.082390740748277028 0.011659403849131075 -0.0012098888690887731 -0.0023403991947246665 0.030024866144996477 0.014658460847877778 -0.011590416776346398 0.028732015319607514 0.035729058232726797 0.0095815120990523361 0.0047496139915898725 0.019570938996546848 -0.0086575036250770409 -0.01728507297510196 -0.014933155751308777 0.046984884850683979 0.038357024656921292 -0.0067492505960652207 0.00050214204029211569 0.074817044331409469 0.044391810763457794 0.0071726759209368831 0.045156981421411876 0.061201946993307083 0.00017261818849151597 0.0067378858899034945 -0.0079426287220559187 0.019093148662773642 -0.0096911119877679409 0.03764721877302276 -0.0024525839130026595 0.049799757937089087 0.031037109745337452 -0.010315805612405665 0.068257956224183111 0.012610699533252459 0.054480510126050208 -0.015280856720559153 -0.027480754346599873 0.026362110030904475 -0.037846256165373834 0.049534867442727878
leaf_weight=661.11382262408733 252.42439571022987 1629.3243100494146 83.038019061088562 974.75631879270077 49.808360174298286 81.210268974304199 148.49767260253429 2730.7889495044947 283.77765348553658 190.06193487346172 47.481957003474236 2321.9255636632442 28.240038365125656 818.63337035477161 101.29702647030354 51.032817095518112 263.29320019483566 351.68693494796753 2913.1970981955528 247.2641264051199 42.961361065506935 211.01235681772232 98.313472598791122 669.8109884262085 35.197253167629242 37.798697203397751 163.05385655164719 144.57919360697269 80.739933416247368 1558.4725001752377 618.4600310921669 824.78056815266609 3272.7273671776056 240.46482649445534 151.29379196465015 39.48686882853508 38.391291260719299 103.04704828560352 49.024618163704872 28.789195999503136 49.028125047683716 191.73577733337879 198.16283132135868 30.690454438328743 1135.5914423167706 69.383618667721748 1260.2890879809856 35.190042689442635 143.72673089802265 48.294075772166252 347.16348865628242 30.299767360091209 50.676487788558006 174.62078627943993 29.072009325027466 477.94657565653324 67.274646371603012 702.55566708743572 217.68443773686886 42.476633325219154 378.95742277801037 61.554867804050446
leaf_count=4360 1864 11314 542 6587 342 515 943 18342 1842 1249 350 16310 198 5488 670 318 1722 2194 19503 1582 262 1442 677 4611 240 260 1107 903 516 10353 4028 5229 22689 1653 1053 273 266 714 338 199 339 1327 1237 208 7756 470 8621 246 964 314 2381 208 349 1203 200 3093 428 4888 1536 292 2946 400
internal_value=-1.47889e-05 -0.00316526 0.00792817 -0.00227606 -5.7127e-05 0.0132476 0.0170607 0.00536401 0.00889911 0.021207 0.00188157 -0.00768209 -0.00453893 0.00280826 0.0230338 0.0243208 0.0205356 0.0335214 -0.000620357 0.0161054 0.0467285 -0.00394096 -0.00449787 -0.00547321 -0.00536747 0.0146474 0.0054075 0.0388961 0.00584584 0.00921199 0.0110113 0.0240294 -0.00598652 0.00227335 -0.00431481 0.00806925 0.00337219 -0.000284081 0.00997422 0.0252242 0.00217893 0.0147518 0.0346369 -0.00253299 0.00205706 0.0234408 -0.00691108 0.0441676 0.00795421 0.00713244 0.00585838 0.0141522 0.00805235 0.00332845 0.0379608 0.019056 0.027831 -0.0084613 -0.0225216 -0.00313951 -0.0308934 0.0288979
internal_weight=28379.6 20320 8059.66 19688.6 13959 4287.63 3140.52 6317.48 3586.69 2316.35 3772.03 5729.56 7641.55 1147.11 2126.29 2024.99 1434.73 590.26 2960.68 328.474 238.573 7395.62 3407.64 3242.45 6014.89 165.184 824.168 195.612 2757.7 1782.94 811.347 1171.44 5803.88 1380.73 646.201 734.532 405.736 367.345 216.051 113.004 910.575 240.764 346.661 2531.15 1235.67 100.074 1295.49 63.9792 1702.2 666.754 695.046 347.882 298.074 267.774 66.8707 828.999 351.052 2331.88 245.924 217.097 631.382 144.593
internal_count=192454 139538 52916 134728 94802 27779 20194 42125 23783 14727 25137 39926 52677 7585 13478 12808 9131 3677 19853 2097 1483 50943 23616 22479 41426 1137 5467 1221 18420 11833 5284 7409 39984 9517 4469 5048 2816 2550 1497 783 6277 1666 2180 17295 8434 678 8861 445 11317 4342 4775 2394 2052 1844 460 5363 2270 16202 1734 1495 4810 942
is_linear=0
shrinkage=0.05


Tree=7
num_leaves=63
num_cat=0
split_feature=131 114 120 124 127 169 135 127 127 120 135 6 127 95 122 16 92 169 147 29 134 173 123 9 16 93 115 95 172 71 79 99 118 172 11 21 108 92 25 135 133 123 87 16 123 87 37 60 61 117 99 116 19 82 147 92 35 2 68 119 115 44
split_gain=305.451 196.791 118.452 99.4704 96.5922 67.7222 41.334 36.9227 32.9736 33.5381 27.7503 25.6441 30.9774 24.046 23.7891 23.4589 23.0711 22.1845 21.7331 20.3232 19.7673 19.755 19.7531 19.572 22.1159 20.3229 19.2758 19.0222 21.0779 24.193 26.1428 25.6247 18.6273 20.3659 22.4381 25.8548 25.1569 24.8149 21.5819 18.3549 18.1749 18.7657 17.9917 17.87 17.5889 17.9906 25.3324 17.4961 17.4674 22.9687 30.136 17.0515 18.009 17.4451 16.9349 16.929 16.9174 16.8581 16.8153 16.6536 16.5344 19.2459
threshold=1.0000000180025095e-35 4.5000000000000009 1.0000000180025095e-35 1.4793145095370122 -0.87999999999997225 0.43533763262248498 0.75882164924015372 0.42933333333332019 -0.47730068701072242 1.0000000180025095e-35 0.8881563046720109 0.82478070175438611 1.0854252651880045 17.100000000000005 -0.8637012060692516 0.62890471983354346 0.26282090009778331 1.2869322998667798 -1.3501895821857788 0.60221334675992721 0.96402483806770189 8.5000000000000018 1.4966848845387413 488.50000000000006 1.8444019089251305 5.5000000000000009 3.5515202678935749 12.900000000000002 21.500000000000004 1.3470312791913008 2.1165587788699756 -0.17022108107681225 1008.5000000000001 54.500000000000007 0.53506283114158371 0.16601049868766407 -0.22375188532195503 4.9768317764418937 0.52198186143324421 1.1465697160234785 26.500000000000004 -0.87275040481147337 0.089638906961613543 0.62890471983354346 4.9953554918074046 0.21647253090552063 0.49579713216076859 0.69330991791422358 1.0923190378942593 2.3013584587963378 -0.045034210230683026 0.46795411445904173 0.920144927536232 2.1391495382782248 3.584887361466333 1.3158581833173013 0.79450809329502114 25.062500000000004 0.27500000000000008 405.00000000000006 24.548242803472935 3116.5000000000005
decision_type=2 2 2 2 2 2 2 2 2 2 2 2 2 2 2 2 8 2 2 2 2 2 2 2 2 2 2 2 2 2 2 2 2 2 2 2 2 8 2 2 2 2 2 2 2 2 2 2 2 2 2 2 2 2 2 8 2 2 2 2 2 2
left_child=2 22 5 4 -3 10 11 8 16 13 57 27 20 40 -9 -4 18 43 -6 -15 23 -17 -2 26 25 60 -13 59 29 30 31 42 33 34 38 -36 -37 -38 -16 -24 41 -10 -29 -7 45 -8 54 51 -34 -50 -51 -18 53 -53 -47 -32 -11 -1 -44 -5 -25 -62
right_child=1 3 15 6 7 17 44 14 9 56 -12 12 -14 19 32 21 47 -19 -20 -21 -22 -23 39 24 -26 -27 -28 28 -30 -31 55 -33 48 -35 35 36 37 -39 -40 -41 -42 -43 58 -45 -46 46 -48 -49 49 50 -52 52 -54 -55 -56 -57 -58 -59 -60 -61 61 -63
leaf_value=0.027156052364614571 -0.013796187122958005 -0.0051377609243547567 0.020956573433569062 -0.016872921957771608 0.059422060706236846 0.034005359341320644 -0.010565570211944202 0.029566863805334766 0.029464563278689293 0.013958558165985192 0.0070537772575359967 -0.031661614358084837 -0.0045226272914785049 0.018807480754301213 0.015779880530599002 -0.031019516254322668 -0.028136078729047772 -0.010778907319368279 0.0074614671637762524 0.046775955044722747 -0.012509367646390277 0.0018984453831171815 -0.017162939930414817 0.0058463878148545378 -0.024192493892791597 0.040513816821695442 0.0026620337606409108 0.040575933272489081 -0.0075345695286804558 0.048564918383946054 0.056022776713327185 -0.014990555944156513 -0.0048261613864568247 -0.022487956428193553 -0.016351658080764383 -0.016148831142919127 0.010615534724418129 0.0515201091519146 0.06263419099551909 -0.039241559357189398 0.047676576280023135 0.0083638952441002674 0.025251140580857975 0.010374231037547581 -0.020365127370586995 -0.0059746900295179631 0.038007569763449253 -0.010451943457952393 -0.0075945949753782188 0.0648073544187944 -0.0026803859038385842 0.0038466459692692613 -0.014779693240602144 0.037753322124078524 0.027929814158375133 0.010449305257217725 0.0014191673430407623 0.057087364255295051 -0.022670144227102455 -0.0049956399094800525 0.012411957126278531 0.060372421873165341
leaf_weight=1203.4486407339573 161.15958105027676 3919.1391449272633 161.24289645254612 673.92092671990395 32.360380336642265 86.09416002035141 2363.8594254255295 63.607259035110474 113.3414226770401 338.19763870537281 174.69850324094296 66.560727119445801 2467.7070403397083 407.4373040497303 91.825693815946579 46.645341649651527 44.371027648448944 116.65846018493176 53.219634652137756 77.270430713891983 167.87442724406719 1991.0883433371782 124.39390110969543 1419.1975186318159 54.428495168685913 47.272416651248932 106.11658370494843 42.400651156902313 832.73603275418282 31.085297733545303 31.708251371979713 196.97491674125195 1878.5690225064754 53.155262172222137 110.61196288466454 57.77452053129673 138.79164512455463 50.592954844236374 33.559154585003853 386.97747968882322 32.390417173504829 1498.0198183953762 34.30825562775135 1130.3696341067553 355.79242505133152 523.41350570321083 39.146644592285156 305.08410921692848 62.657034665346146 36.879677534103394 29.995279610157013 1617.9801654368639 128.63055589795113 38.846147686243057 39.618413403630257 57.023726567625999 1314.2347890138626 48.95685501396656 39.246255531907082 525.07818193733692 68.78760327398777 30.057864040136337
leaf_count=7294 1213 27116 1043 4702 218 542 16624 417 733 2217 1095 452 17124 2641 622 337 304 814 358 498 1153 13141 938 9605 370 320 721 290 5792 213 219 1359 12716 359 745 388 936 340 227 3088 209 9737 236 7195 2616 3670 276 2074 423 246 203 10907 869 258 278 396 8705 294 268 3641 466 203
internal_value=-1.72625e-05 -0.0024047 0.0112553 -0.00161646 0.00136926 0.0181525 -0.00527865 0.00433136 0.0064899 0.00933014 0.025722 -0.00307054 -0.000795256 0.0134794 -0.000635721 0.00259764 0.00165374 0.0100493 0.0271093 0.0232661 0.00389692 0.00114493 -0.0290603 0.0054335 0.00713944 0.0082289 -0.0105685 -0.0071586 -0.00288279 0.00606863 0.00277977 -0.00401276 -0.00139075 0.00688745 0.0101192 0.00374044 0.0127323 0.0215429 0.0283204 -0.0338708 0.0105935 0.00984809 0.0146354 0.0120467 -0.00986026 -0.00860014 -0.000884837 0.000633328 -0.00360164 0.0141573 0.0345372 0.00248156 0.00324245 0.00464163 -0.00358896 0.0267349 0.00398556 0.0283261 -0.000318073 -0.0116715 0.00722353 0.0269962
internal_weight=28374.6 23415.4 4959.2 22742.9 12528.5 2760.23 10214.3 8609.4 6001.38 3780.89 1427.1 6892.49 4428 2128.46 2608.02 2198.98 2220.49 1333.12 85.58 484.708 1960.3 2037.73 672.531 1792.42 1619.74 1565.32 172.677 2464.48 1265.48 432.747 401.662 312.93 2544.41 536.311 483.156 357.771 247.159 189.385 125.385 511.371 1643.75 1611.36 115.955 1216.46 3321.83 2966.04 602.179 2134.91 2008.1 129.532 66.875 1829.83 1785.46 1656.83 563.032 88.732 1652.43 1252.41 73.5545 1199 1518.04 98.8455
internal_count=192454 160699 31755 155460 84466 17234 70994 57350 39728 24740 8683 47530 30414 13818 17622 14521 14988 8551 576 3139 13290 13478 5239 12137 10964 10594 1173 17116 8773 2981 2768 2153 17205 3617 3258 2409 1664 1276 849 4026 10679 10470 794 7737 23464 20848 4224 14412 13588 872 449 12338 12034 11165 3948 615 10922 7588 504 8343 10274 669
is_linear=0
shrinkage=0.05


Tree=8
num_leaves=63
num_cat=0
split_feature=122 114 120 127 127 135 122 120 127 160 143 173 173 160 61 72 176 173 11 23 5 72 5 63 13 1 176 143 36 126 70 2 107 11 100 3 30 36 98 65 13 142 116 82 127 11 174 19 116 45 11 39 116 18 95 23 2 48 34 19 98 155
split_gain=233.531 172.627 83.181 77.984 110.52 57.3878 46.8251 33.9371 35.3349 30.5312 30.411 30.1951 26.4507 26.386 24.8563 24.5549 23.8295 31.1016 28.69 34.8144 27.1021 26.402 25.629 23.6238 23.1197 22.8896 27.0372 22.8715 29.115 21.8609 27.547 28.5685 21.8663 21.4347 21.1928 20.8061 20.5256 23.061 20.3479 22.5641 20.1422 20.0506 19.4929 20.5861 19.2392 18.8612 18.6891 21.0042 22.9774 18.4961 18.306 18.2767 24.6892 19.5466 20.5395 19.6734 18.6162 18.2119 19.2501 18.3338 18.0472 17.7399
threshold=-0.14542756946317772 4.5000000000000009 1.0000000180025095e-35 -0.91302580417109691 0.61580932679146205 0.81957974298401703 -0.4997925311203319 1.0000000180025095e-35 -0.50674165533829196 0.81827458256029695 0.74321604178469103 378.50000000000006 4.5000000000000009 0.36120071684587823 1.0725980148883376 0.44981881564789272 7.0022624434389149 238.50000000000003 0.50028835063437149 1.0640046035883961 0.91507392715470626 0.29708470234916645 0.95467385721623021 0.24201433663744634 -0.43187946074544009 24.008928571428573 5.4094444972644071 0.76547909496304023 0.89764906510749753 1.5916801901178648 8682.5000000000018 13.973214285714286 0.95961112781170621 0.62009042411726989 -0.73220088936962624 1.6593900331605254 1.7504863813229574 1.3478107125575396 -1.6874065340211692 0.35000000000000003 -0.21063950198075831 -0.4104302169018258 4.5225203736831654 2.4813506253224458 0.62981346575057151 1.0754815842745657 6.0969633111795547 0.48295234405269283 22.041232249846679 1.1237210162675428 1.9332590942835934 1.0000000180025095e-35 15.966209854587303 0.4690688775510205 6.7000000000000002 1.068219338660729 11.187500000000002 0.8725396929969037 0.047503138707364174 0.81686991869918713 -2.7434119345989805 0.53969426406926424
decision_type=2 2 2 2 2 2 2 2 2 2 2 2 2 2 2 2 2 2 2 2 2 2 2 2 2 2 2 2 2 2 2 2 2 2 2 2 2 2 2 2 2 2 2 2 2 2 2 2 2 2 2 2 2 2 2 2 2 2 2 2 2 2
left_child=2 -2 5 9 7 6 15 8 -5 25 38 14 -12 44 16 -1 17 20 19 -19 24 -20 29 40 -6 26 50 28 -23 32 -31 -32 -22 -7 42 -27 37 -16 -4 -40 -18 -10 43 -29 -8 -15 -28 48 -48 -24 -3 52 -26 54 -53 56 -55 60 59 -59 -43 -34
right_child=1 3 10 4 11 33 13 -9 41 -11 12 -13 -14 45 36 -17 23 18 21 -21 22 27 49 -25 51 35 46 34 -30 30 31 -33 61 -35 -36 -37 -38 -39 39 -41 -42 57 -44 -45 -46 -47 47 -49 -50 -51 -52 53 -54 55 -56 -57 -58 58 -60 -61 -62 -63
leaf_value=0.014637689322471201 -0.029183399149285274 -0.0068651899674550421 0.040937661916743834 0.00030057963536523285 0.035588100926962872 0.017071625790429198 0.0067294829787362415 0.00058514634647165436 0.039825595165623173 -0.011483620159349808 -0.037471704873123853 -0.021542660264041509 0.0006295178658847606 0.0096500380866327441 0.0062496129448075784 0.026146889453816231 0.020601403928276155 0.062968285405165123 0.047355062401785615 0.0084653349220083895 0.031082575752118247 0.0074041180955394664 -0.00010367004475205832 0.033611150535015413 -0.018578590734979358 0.0056675063082544932 -0.0019571057867898505 0.011534091181339981 0.058314797732779561 -0.0026874396580434273 0.086681649962780161 0.019391388098455808 0.02041564544169272 -0.0033196805527629459 -0.0065286216337780249 0.051263788543089217 -0.025604757256432527 0.040550416373570604 0.044660738549646806 0.0054221140978847407 -0.01029215135936791 0.051554617937924124 -0.0034614079310515012 0.055817180904192069 -0.010799365568068013 0.026478419987719045 0.045642146171121743 0.040580335025505079 -0.0018461282040438173 -0.041436770879146143 -0.028636848311988941 -0.031145433813545832 0.025714872875977336 -0.026979834052001939 0.00029157279566091848 -0.0035198073001490981 -0.0084015079764608591 0.017063909726230678 0.0028695033902047902 -0.00057491062425859218 0.015435662843552715 -0.023124577889580913
leaf_weight=968.17829009890556 605.76215506345034 2208.9945815950632 61.132933720946312 1063.2389346063137 31.663705468177795 157.32447426021099 689.60449893772602 2735.35362406075 59.517831042408943 2290.3779422044754 46.188307262957096 241.44591790437698 3302.2869154661894 473.55485783517361 381.25219193100929 888.94115768373013 54.193154871463776 42.404639646410942 30.4886274933815 94.803926080465317 54.345217898488045 182.97777915000916 135.35564614832401 32.314359575510025 494.54263040423393 135.49501127004623 666.39113175868988 107.26223085820675 33.174120858311653 31.126402676105499 33.25831413269043 30.002439573407173 35.737307444214821 712.67046593129635 847.07854869961739 30.685186624526978 42.843557760119438 56.228362619876862 41.23633973300457 328.54201883077621 1996.00966578722 36.496054798364639 150.38508498668671 34.745916396379471 202.50665013492107 256.79374533891678 30.529727384448051 57.738355472683907 153.76713263988495 33.830864742398262 100.96228189766407 54.384159058332443 33.597995236515999 252.74280320107937 1164.3638159036636 530.11362889409065 289.05046208202839 673.89585024118423 942.12550833821297 188.53167463839054 660.25347980856895 67.734030082821846
leaf_count=6017 4810 15490 390 7196 218 1026 4498 18342 371 16310 355 1734 22020 2997 2619 5509 376 290 208 657 370 1247 934 222 3423 931 4611 739 228 217 230 208 246 4723 5899 206 297 385 264 2108 13893 233 1040 239 1379 1630 209 397 1060 234 712 378 233 1752 8015 3681 2000 4392 6129 1222 4240 465
internal_value=-1.9363e-05 -0.00289438 0.00713888 -0.00208328 -7.40706e-05 0.0118536 0.0147253 0.00478941 0.00796269 -0.00702542 0.00171292 -0.00414395 0.000103956 0.00851981 -0.00357303 0.0201468 -0.00434102 -0.00240148 0.00349999 0.0253096 -0.00514911 0.0013411 0.00668648 -0.00880696 -0.00689879 -0.0040085 -0.00494285 0.000306223 0.0152177 0.016786 0.0358208 0.0547682 0.00540164 0.000367756 -0.0025224 0.0140869 0.00742366 0.0106582 0.0142156 0.00979786 -0.00947554 0.011144 0.00908382 0.0223691 0.00275049 0.015567 0.00236498 0.0142649 0.00602055 -0.00836872 -0.00781677 -0.00737605 -0.0157608 -0.00544283 -0.00111124 -0.0103678 -0.0170682 0.0104615 0.00781043 0.013208 0.0173276 -0.0080865
internal_weight=28368.5 20239.6 8128.96 19633.8 13958.9 4349.57 3479.58 6359.41 3624.06 5674.94 3779.39 7599.46 3348.48 1622.46 7358.01 1857.12 6877.69 4795.17 1523.32 137.209 3271.85 1386.11 421.39 2082.52 2850.46 3384.56 3218.38 1355.62 216.152 252.204 94.3872 63.2608 157.817 869.995 1139.47 166.18 480.324 437.481 430.911 369.778 2050.2 2560.82 292.393 142.008 892.111 730.349 908.426 242.035 184.297 169.187 2309.96 2818.8 528.141 2290.65 1218.75 1071.91 541.793 2501.3 1804.55 862.428 696.75 103.471
internal_count=192454 139538 52916 134728 94802 27779 22030 42125 23783 39926 25137 52677 22375 10504 50943 11526 47642 33151 10547 947 22604 9600 2904 14491 19700 23616 22479 9392 1475 1736 655 438 1081 5749 7917 1137 3301 3004 2762 2372 14269 16587 2018 978 5877 4627 6277 1666 1269 1168 16202 19482 3656 15826 8393 7433 3752 16216 11743 5614 4473 711
is_linear=0
shrinkage=0.05


Tree=9
num_leaves=63
num_cat=0
split_feature=131 143 120 126 127 169 124 48 148 135 96 8 37 148 58 26 95 173 135 18 25 95 157 16 6 100 142 57 157 113 37 32 43 44 7 26 95 16 118 48 33 157 133 81 173 19 97 7 143 12 110 174 32 35 21 12 61 96 114 174 96 61
split_gain=255.041 175.707 95.775 75.1836 64.2921 57.1266 50.9957 38.0504 32.1126 38.3946 30.9434 28.4432 37.5127 26.6469 23.192 24.3266 23.108 22.4568 22.1619 21.0112 25.1152 20.8473 20.6538 20.5675 19.8537 28.379 27.6237 25.7552 24.369 38.8342 23.3266 24.4849 21.8762 24.0059 34.6011 24.0117 23.3625 20.4679 19.8478 23.5641 21.2387 20.4953 19.4859 21.4133 19.4239 19.4021 19.4458 19.8273 22.6568 19.2705 28.6897 26.9257 26.8256 22.2095 19.6832 20.5404 18.948 21.8674 17.9091 17.8749 18.8922 17.5595
threshold=1.0000000180025095e-35 1.4336029003517552 1.0000000180025095e-35 0.12354758319921086 -0.47730068701072242 0.43533763262248498 3.4497263786683439 0.9049105072799779 1.9052341305148845 0.47187022079757951 1.5000000000000002 0.50274725274725285 0.25039682539682545 1.7347912683622957 1.0482210890170365 0.019872259832366217 12.900000000000002 8.5000000000000018 0.8881563046720109 0.8734904699548961 0.059744075369075375 14.700000000000001 0.51053777798117228 0.62890471983354346 0.82478070175438611 1.8642074396782051 0.23977620629893318 2052.5000000000005 0.94612112112112123 54.500000000000007 0.019769411151641481 -0.0028611360980993553 0.58333333333333337 1124.0000000000002 0.40796512779869237 0.48970640973763097 17.100000000000005 0.59796404703932049 1000.5000000000001 0.80215111999158706 3367.5000000000005 0.75356479661683184 7.5000000000000009 -0.34194960913775191 16.500000000000004 0.88261791202967677 0.77028992887593051 0.36127844712182067 0.92882595077062036 0.29813688069233973 0.048705283610905252 3.1362894827802577 -0.00058086866539369078 0.88973001987577882 0.48461174242424249 0.60684353987051531 1.0345197950628788 1.5000000000000002 199.50000000000003 11.76027477919529 1.0000000180025095e-35 0.93320449107307213
decision_type=2 2 2 2 2 2 2 2 2 2 2 2 2 2 2 2 2 2 2 2 2 2 2 2 2 2 2 2 2 2 2 2 2 2 2 2 2 2 2 2 2 2 2 2 2 2 2 2 2 2 2 2 2 2 2 2 2 2 2 2 2 2
left_child=2 3 5 4 22 18 -3 49 9 10 13 24 -13 21 15 -14 -16 -8 -1 20 56 -5 -2 -4 25 28 37 -28 -10 30 -30 -32 33 35 -35 -33 -34 -26 39 -24 41 -41 -9 -44 -7 46 47 48 -45 50 -6 52 -51 -54 -53 -56 57 -11 -15 60 -39 -42
right_child=1 6 23 8 7 44 17 42 11 19 -12 12 14 58 16 -17 -18 -19 -20 -21 -22 -23 38 -25 26 -27 27 -29 29 -31 31 32 36 34 -36 -37 -38 59 -40 40 61 -43 43 45 -46 -47 -48 -49 -50 51 -52 54 53 -55 55 -57 -58 -59 -60 -61 -62 -63
leaf_value=0.025466156916751689 -0.0046982911839895175 -0.010549014057316329 0.019465198468818404 0.031040211563397199 0.012305663481463952 -0.015203347033613144 -0.039844189553208717 -0.0013419048703012693 -0.0081690340756021551 0.035010480505523765 0.0014867820450942815 0.032686099152904227 0.014921689182744977 0.029071224633940185 -0.010105174080164498 -0.03167675560636686 0.050950559185719439 -0.02087141882429127 0.0065321778699696485 -0.037071770270797527 -0.0012783159823726059 0.083210747549494202 0.045869612572840002 0.0010405552306196114 0.016035981207413251 0.018252959667338507 -0.017961398508193237 -0.0039163199557877863 0.037621868255062148 0.040637947560940454 0.039757034807723995 0.048133001823357072 -0.00022080044851106171 -0.015970739884964981 0.036046133770229603 -0.010589853065534749 0.053951399877931829 0.030972473854851357 0.00020780037785519088 0.05229217183547949 0.019518587251690145 0.0069453449182274446 0.037397446679895051 0.022430026359203464 0.010408365813947086 -0.012062051041712476 -0.0083156963176584196 -0.0083952071134669529 0.0047643229231646329 0.074075938000902036 -0.024532792126274874 0.011775266895169442 0.041461692941047207 -0.0061074252170309649 0.018359422240425659 0.066516136887804445 0.058041682562222231 -0.020281500684734416 -0.01230239696664201 0.005891125259147866 -0.0034329750540917667 -0.011608350070025848
leaf_weight=1284.1729178875685 1933.8222157210112 1311.5378375276923 163.6164241284132 43.935338690876961 388.62821368873119 78.607751861214638 235.63683564215899 869.88809062540531 4943.2288184463978 40.612051606178284 161.32571172714233 121.86350405216217 42.858305469155312 85.477778315544128 29.55302058160305 80.829665035009384 32.583005800843239 461.27583026885986 175.69260373711586 38.03525148332119 1307.6159615516663 33.9418064057827 48.110211387276649 2040.185589581728 214.06810474395752 114.91451519727707 368.41060411930084 2862.693260461092 35.665778800845146 57.786252737045288 30.920785032212734 34.502091735601425 62.295935869216919 506.31536419689655 34.124580383300781 35.135548315942287 29.246019244194031 40.762812301516533 1554.5834389925003 44.554049164056778 68.325036033987999 56.535046398639679 60.965431585907936 428.19824130833149 1270.8186704069376 119.55641721189022 135.50675620138645 103.71298268437386 315.03190703690052 40.262813836336136 61.171207562088966 515.35010470449924 78.624940738081932 35.669052422046661 58.282667711377144 35.710001066327095 29.759955197572708 31.949632748961449 37.688058972358704 881.97287605702877 1884.1256199479103 134.49791510403156
leaf_count=7588 13271 9524 1043 279 2472 535 1969 5689 34655 275 1069 833 292 561 202 556 220 3516 1095 262 8905 212 323 13478 1447 802 2581 19930 249 401 216 240 437 3533 236 247 203 276 10535 301 464 380 395 2735 8016 774 878 669 2050 252 390 3283 500 227 369 226 199 217 250 5977 12836 909
internal_value=-2.13162e-05 -0.00221824 0.0102113 -0.000887641 0.0033212 0.0163325 -0.0163567 0.0085008 -0.00298022 0.00324184 0.0177974 -0.00388541 0.0111276 0.0308858 -0.00301048 -0.0155302 0.0219113 -0.0272864 0.0231875 -0.000400837 0.000588418 0.0537781 -0.00105744 0.00240845 -0.00426603 -0.00635062 -0.00230412 -0.00551774 -0.00684068 0.00110896 -0.0018645 -0.00378701 -0.00570602 -0.00912599 -0.0126863 0.0185045 0.0170862 0.00113309 0.00263538 0.0133559 0.00820893 0.0269315 0.00431827 0.00855201 0.00891641 0.00695621 0.00927059 0.0120843 0.0149421 0.0155063 0.00729576 0.0203408 0.0389797 0.0266162 0.0156131 0.0366553 0.0244443 0.0106649 0.0164111 -3.49801e-06 -0.00270438 -0.00112261
internal_weight=28362.7 23349.6 5013.09 21341.2 7086.99 2809.29 2008.45 3246.56 14254.2 1810.34 362.369 12443.9 307.688 201.043 185.824 123.688 62.136 696.913 1459.87 1447.97 1409.94 77.8771 3840.43 2203.8 12136.2 5884.14 6252.03 3231.1 5769.22 825.992 768.206 732.54 701.62 610.078 540.44 69.6376 91.542 3020.93 1906.61 352.022 303.912 101.089 2032.86 1162.97 1349.43 1102.01 982.45 846.943 743.23 1213.7 449.799 763.9 154.557 114.294 609.343 93.9927 102.322 72.5617 123.166 2806.86 1924.89 202.823
internal_count=192454 160699 31755 145690 47092 17234 15009 20909 98598 12229 2371 86369 2103 1302 1270 848 422 5485 8683 9858 9596 491 26183 14521 84266 41219 43047 22511 40417 5762 5361 5112 4896 4256 3769 487 640 20536 12912 2377 2054 681 13190 7501 8551 7106 6332 5454 4785 7719 2862 4857 979 727 3878 595 691 492 811 19089 13112 1373
is_linear=0
shrinkage=0.05


Tree=10
num_leaves=63
num_cat=0
split_feature=131 135 124 130 120 126 169 95 143 82 122 35 98 148 118 34 19 169 83 148 114 16 116 175 95 33 62 1 113 115 143 98 63 35 67 4 17 130 19 143 166 16 12 92 102 87 74 32 62 35 116 16 62 173 102 143 23 99 82 99 72 73
split_gain=223.77 153.908 92.1414 70.1625 69.3374 55.5823 40.6405 38.3471 32.4263 32.2341 28.4054 28.9416 30.9308 28.3311 23.7036 27.8363 25.0157 23.8457 28.0396 35.4931 23.2911 22.9601 36.0412 41.3952 31.0483 31.0081 30.8976 22.883 24.3213 25.7457 21.8597 21.6799 21.328 21.1835 25.5044 35.474 29.0881 22.7437 23.1325 21.0795 20.9379 20.3172 20.2086 24.3909 29.4492 22.3467 21.9489 21.8777 21.2051 26.3846 20.1328 19.9275 19.8207 19.5916 19.5878 19.5753 19.5575 19.1872 18.9928 34.6575 24.5466 19.4442
threshold=1.0000000180025095e-35 1.0802809787258154 0.8462043869402609 -0.48469386881566551 1.0000000180025095e-35 2.3704977485139045 0.43533763262248498 14.300000000000002 0.8867476596304521 3.1056765201259555 -0.23717652311175594 0.85258390476837087 -0.32066366538671226 2.1035157796582618 976.50000000000011 0.056712533747658188 0.83034857691077724 0.94510131218992 1.3067424242424246 2.0328756427688943 8.5000000000000018 0.62161705451391114 6.2375713365587702 3.5414516250849681 8.3000000000000025 1292.5000000000002 -0.61123883038240712 10.508928571428573 5.5000000000000009 5.388951385123379 1.1870623164528762 1.2367775587565821 0.0042780797598784759 0.8254915650614173 0.72222222222222232 0.73710792131844782 0.15507698180430082 1.6664305800029784 0.74106002554278427 0.94696014320201838 1.0000000180025095e-35 0.62890471983354346 1.1607986857070647 2.0342242678725242 0.78241347810083939 0.40794042397660824 0.61637715882998922 0.00010631124421233336 0.15444057731155841 0.64821435327053323 0.58618311867417783 0.96446118885300802 -1.7623599652843589 14.500000000000002 0.62417889253698411 1.0090107008575311 0.72812859144057873 -0.74552959740607472 2.0010438413361173 0.10706571547090302 0.55020356806281268 0.64364624103338086
decision_type=2 2 2 2 2 2 2 2 2 2 2 2 2 2 2 2 2 2 2 2 2 2 2 2 2 2 2 2 2 2 2 2 2 2 2 2 2 2 2 2 2 2 2 10 2 2 2 2 2 2 2 2 2 2 2 2 2 2 2 2 2 2
left_child=4 2 3 50 6 -3 40 21 10 14 11 12 -9 -12 15 16 27 18 32 -20 -6 22 23 54 25 -24 -25 -5 -29 -30 52 51 -16 42 57 -36 -37 38 55 -40 56 -22 45 44 -44 46 47 -23 49 -48 -2 -13 -8 -10 -4 -38 -1 -35 61 60 -60 -51
right_child=1 5 7 9 20 -7 30 8 53 -11 13 31 -14 -15 17 -17 -18 -19 19 -21 41 33 24 26 -26 -27 -28 28 29 -31 -32 -33 -34 34 35 36 37 -39 39 -41 -42 -43 43 -45 -46 -47 48 -49 -50 58 -52 -53 -54 -55 -56 -57 -58 -59 59 -61 -62 -63
leaf_value=0.03728937804139168 -0.019959200290518571 -0.010116125851346747 -0.015106330272837816 0.0067906704376801286 -0.0225807317202221 -0.029650311319150885 0.033132601643724648 0.017034765400327098 -0.024773881260409344 -0.023968830014490697 0.010073973551963789 -0.0032903699222566586 0.083299992325274339 -0.0016817914203287251 0.031826208344347677 0.0069931140392778916 -0.0026757029540876386 -0.0086884977611284258 0.075644169630154592 0.015354984910086675 0.021023286150990559 0.0054331871264637057 -0.0068513745090708683 0.020918437700732189 -0.010314900998954617 0.064773622455605806 0.083654428116469767 0.0089050670997681443 0.075562197988050528 0.032292296557600235 -0.003733419091666617 -0.023410469159019107 0.0064530514211799854 -0.021992221716174515 -0.019533901234390624 -0.022261116246737243 0.087986636292351372 -0.011002854026658718 -0.013434349424121569 0.046092769303351426 0.0074667827182115639 0.0026540952142478898 0.028649522815354864 -0.03743550778662829 -0.014195181889019554 -0.037292863938532893 0.049866660424939736 -0.024533578955684934 -0.007548439060193108 -0.0020189543510004127 -0.00087357876398795999 0.049021339174302674 0.0097186202400998904 -0.0026325163105553983 0.026658003624327728 0.030908109479993562 0.020460346094432022 -0.0080567798699212167 0.019489598385373168 -0.01339039163073634 0.067680339186695956 0.021692784539771647
leaf_weight=208.19535195827484 143.89258293807507 1058.1903465986252 66.920812875032425 50.382546812295914 85.295284628868103 555.22404433041811 99.598752945661545 37.321906238794327 102.91902805864811 78.203042715787888 818.21467371284962 35.848889529705048 33.342321500182152 1371.7218616753817 85.033596649765968 281.53401155769825 49.857219040393829 228.24226465821266 33.045598745346069 93.440001010894775 163.07994216680527 102.48118567466736 30.624534830451012 43.280370578169823 349.91850480437279 29.828863844275475 35.909579709172249 36.745236799120903 71.270710676908493 66.410534247756004 282.92213736474514 37.758248999714851 3182.8612536638975 260.40061020106077 85.323046997189522 33.881734743714333 31.213129609823227 28.557508461177349 29.525751486420631 29.965806283056736 250.63759310543537 1956.0990433990955 50.161215402185917 79.256163999438286 200.0946968793869 38.64865331351757 34.845382437109947 150.13243506103754 323.47968148440123 624.91435474902391 3477.7891500294209 36.989844188094139 977.31449533998966 3414.9294323325157 48.364647537469864 28.956180408596992 1010.8224242329597 4802.6783141046762 192.42835628986359 73.951840117573738 30.630503073334694 100.33979292213917
leaf_count=1207 1000 7749 463 329 613 4453 617 240 758 511 5499 232 213 9446 556 1836 323 1506 212 610 1027 719 211 292 2408 203 242 238 460 431 1869 245 20790 1810 594 235 212 206 202 207 1524 12861 340 545 1385 269 242 1029 2253 4367 23745 240 6089 23903 324 201 5900 33527 1321 510 205 700
internal_value=0.000124488 -0.00193942 -0.000831896 0.00348369 0.00968475 -0.0168384 0.0148644 -0.00329116 -0.000234207 0.00783577 0.00428488 0.0233066 0.0483015 0.00271045 0.00843097 0.0180415 0.0293661 0.00695542 0.00800733 0.0311061 0.00303661 -0.00555943 0.0038037 0.0215335 -0.00459844 0.0284898 0.0493668 0.0364722 0.0450456 0.054691 0.00863476 0.00733652 0.00711328 -0.00633185 -0.00797865 0.00707013 0.0195354 0.0290899 0.0386581 0.0165494 0.0206284 0.00406768 -0.0019457 -0.0132629 -0.0056074 0.000284844 0.00117409 -0.0123766 0.00365353 0.00708137 -0.00163187 0.0232752 0.0118841 -0.00328029 0.00241468 0.0605179 0.0233346 -0.0087735 0.00562297 0.0162728 0.0261072 0.00126159
internal_weight=28351.8 23317.9 21704.5 7878.71 5033.97 1613.41 2829.49 13825.8 5889.05 4257.03 2371.2 181.261 70.6642 2189.94 4178.82 556.2 274.666 3622.62 3394.38 126.486 2204.47 7936.71 604.847 194.475 410.372 60.4534 79.19 224.809 174.426 137.681 1359.84 110.597 3267.89 7331.87 5330.5 267.423 182.1 148.218 119.661 59.4916 1469.66 2119.18 2001.36 329.512 250.256 1671.85 1633.2 252.614 1380.59 1057.11 3621.68 72.8387 1076.91 3517.85 115.285 60.1693 1219.02 5063.08 1022.26 297.011 223.059 725.254
internal_count=192454 160747 148545 52547 31707 12202 17206 95998 40776 27802 16115 1170 453 14945 27291 3617 1781 23674 22168 822 14501 55222 4143 1321 2822 414 534 1458 1129 891 8575 717 21346 51079 37194 1857 1263 1028 822 409 8631 13888 13885 2270 1725 11615 11346 1748 9598 7345 24745 472 6706 24661 787 413 7107 35337 7103 2036 1526 5067
is_linear=0
shrinkage=0.05


Tree=11
num_leaves=63
num_cat=0
split_feature=131 135 126 120 130 126 169 143 157 118 175 63 102 7 133 81 94 72 147 44 88 83 4 29 8 71 48 54 80 99 176 23 21 118 108 57 110 114 133 4 12 156 161 160 82 51 23 58 176 25 75 60 143 114 73 134 153 45 94 82 36 107
split_gain=201.05 140.871 77.8651 61.571 56.7403 52.3123 35.7788 31.8199 31.4162 36.9288 24.9361 25.2146 24.3664 23.7646 26.2044 24.4654 23.7559 28.3531 23.7473 23.0157 27.4352 22.947 33.5306 22.5929 30.346 22.0842 21.6237 31.8131 31.3681 24.6586 23.9171 26.5133 25.1541 22.1121 21.5836 21.5795 25.2801 21.2536 21.0758 21.0738 20.6782 20.4729 20.1653 19.7227 19.6358 23.5911 20.1472 28.7588 27.5526 23.8735 20.6067 19.5713 19.5252 19.4993 19.4447 19.3109 18.9832 18.951 20.0656 19.9448 18.9386 19.7399
threshold=1.0000000180025095e-35 1.0802809787258154 0.14773560334934596 1.0000000180025095e-35 -0.48469386881566551 2.3704977485139045 0.43533763262248498 0.89773287874557484 0.27455787919370905 1171.5000000000002 9.2545089125796896 0.17352764814766539 1.9957262752420935 0.34902177925433747 26.500000000000004 0.95271246583065283 4.5000000000000009 0.56018616500859586 -1.2618172718780556 2938.0000000000005 0.62500000000000011 -0.99100901119327578 1.022010852012144 0.57193925144076585 0.50274725274725285 0.89812314525704662 0.90616534274786709 0.37500000000000006 -0.44693786555459381 -0.20138607691582455 9.5258835398341706 0.8482852591544473 0.074271079590228536 974.50000000000011 0.039289567808264939 8826.0000000000018 -0.015767125408082849 8.5000000000000018 17.500000000000004 0.7416236390167249 0.57385449919592946 4.2823076577789756 0.73717105263157912 0.93857198863079494 1.7362864450127879 0.50000000000000011 0.76433016704880463 0.70639120232060904 -0.49212549603174599 0.5895458528790144 0.40567632850241558 0.62111131453807966 1.1870623164528762 8.5000000000000018 0.58995079647573012 0.22902825259665516 -0.02675585895054795 0.93421825876238251 6.5000000000000009 -0.41705986109579979 -0.54715027105837144 0.97936284589761724
decision_type=2 2 2 2 2 2 2 2 2 2 2 2 2 2 2 2 2 2 2 2 2 2 2 2 2 2 2 2 2 2 2 2 2 2 2 2 2 2 2 2 2 2 2 2 2 2 2 2 2 2 2 2 2 2 2 2 2 2 2 2 2 2
left_child=3 2 4 6 -2 -3 53 8 9 23 11 13 21 14 15 44 18 -18 -11 -13 55 22 -12 24 51 38 27 28 -6 42 32 -32 -31 35 -34 36 -29 -5 -25 -16 -15 -9 -30 -40 45 -10 47 -46 54 -48 -51 60 -8 -1 -49 -21 -53 59 -59 -35 61 -4
right_child=1 5 7 37 26 -7 52 41 10 16 12 19 -14 40 39 -17 17 -19 -20 20 -22 -23 -24 25 -26 -27 -28 33 29 30 31 -33 34 57 -36 -37 -38 -39 43 -41 -42 -43 -44 -45 46 -47 49 48 -50 50 -52 56 -54 -55 -56 -57 -58 58 -60 -61 -62 -63
leaf_value=-0.018068378253400189 -0.001352025178507717 -0.0096776141785799765 -0.011377851514672249 -0.021786014800053221 -0.0017342238715143757 -0.028782163427032926 0.011207627531059259 -0.0045372797816237475 0.0078036596057557417 0.041359383963052519 0.050092636005208059 0.00025790412445934657 0.033634310790869787 0.050612588874788783 0.058351230800193769 -0.0070407052675706258 -0.0068026184989215715 0.035576329984289938 0.0063356717595139311 0.035020528032272992 0.055192171089678055 -0.0035353574367343421 -0.0089965540555752913 -0.016291746783426566 0.043367901036772322 -0.025742212867330996 0.0044587032156397392 0.070206771125598616 -0.0013337494349470976 0.0033231390869918006 0.048281368027019794 -0.010558331887932757 0.039845054636797453 0.031266852892367858 0.076383688397858321 0.0014938469366130649 0.014885109124327271 0.003854013969705103 -0.0059392132814575799 0.0067931730354718195 0.00051702573781631385 -0.01865908670155841 0.041866772070863423 0.048707066843001856 0.061989890540295349 0.060133921848625593 -0.0080881365925902001 -0.014538117412486196 0.049157184128674827 -0.025456558342782321 0.015276321435903155 0.021262397586142137 -0.0035552712456340834 0.020242464367670451 0.026251486351450151 -0.0082141436065091677 -0.0056529462045795493 0.0098382695520134525 0.051623290841909808 -0.0018843171496183862 -0.013287512138799357 0.045028252342405289
leaf_weight=33.990791276097298 3409.0904563739896 1051.0195531472564 32.444440558552742 84.019466355443001 112.72040158510208 543.67064101994038 1084.5476481169462 7873.5050536766648 55.048006564378738 75.724924147129059 49.614786803722382 90.69782118499279 48.207561522722244 49.876589477062225 37.038872748613358 555.63229842483997 342.39120273292065 44.609652832150459 134.11589083075523 55.485117450356483 71.218405023217201 1912.4451953917742 46.518984228372574 128.6560869961977 31.542974308133125 323.27982716262341 2399.892443433404 39.941877797245979 99.965860053896904 31.430862694978714 31.63676854968071 48.489064335823059 124.38248842954636 48.672163620591164 59.870666801929474 56.400769382715225 42.755495265126228 2124.496490418911 37.210517480969429 42.631313487887383 35.092995122075081 265.29580853134394 37.0146694034338 29.682361677289009 31.219695463776588 35.37807509303093 402.4960795044899 86.992893204092979 34.89969576895237 35.151249140501022 266.10996299982071 107.76221936941147 282.26122659444809 1452.6339409202337 43.992794573307037 48.318793892860413 167.08240443468094 130.07256402075291 36.876475527882576 668.81647852063179 656.15119107067585 29.718210428953171
leaf_count=217 23259 7749 224 613 724 4453 6706 55421 369 514 341 618 332 345 242 3823 2366 306 922 369 475 13075 323 893 211 2233 15620 251 631 203 200 310 790 310 381 357 271 13888 253 286 242 1975 236 204 208 235 2711 587 235 238 1806 737 1869 8414 294 328 1153 835 234 4303 4534 202
internal_value=0.000115356 -0.00184788 -0.000793422 0.00914664 0.00337909 -0.0161908 0.013998 -0.00294422 -0.000237574 -0.00513395 0.00236032 0.00636966 -0.00149404 0.00414493 0.00279835 0.00135812 0.00542781 -0.00191759 0.0189746 0.0206996 0.0312927 -0.00233715 0.0214995 -0.0092179 -0.00491351 -0.0177192 0.00744285 0.0120072 0.0217594 0.0278783 0.0359999 0.0126739 0.0446654 0.00680953 0.0517178 0.0253408 0.0416048 0.00287858 -0.00445562 0.0307626 0.0299228 -0.0049976 0.0103398 0.018309 0.00606579 0.0282772 0.00383627 0.0179652 0.00967978 -0.000120911 0.0105236 -0.00644694 0.00815892 0.0193665 -0.000838539 0.0148956 0.00490013 0.00389506 0.0190679 0.000364554 -0.0107886 0.0155883
internal_weight=28347.9 23286 21691.3 5061.95 7378.03 1594.69 2853.43 14313.2 6174.44 2140.37 4034.07 1977.28 2056.79 1711.56 1626.59 1546.92 596.842 387.001 209.841 265.72 175.022 2008.58 96.1338 1543.53 1024.7 518.829 3968.94 1569.05 545.511 432.79 295.81 80.1258 215.684 1023.54 184.253 139.098 82.6974 2208.52 195.549 79.6702 84.9696 8138.8 136.981 66.8929 991.288 90.4261 900.862 197.105 165.885 703.757 301.261 993.158 1366.81 1486.62 130.986 103.804 274.845 884.438 166.949 717.489 718.314 62.1627
internal_count=192454 160747 148545 31707 48915 12202 17206 99630 42234 14752 27482 13411 14071 11621 11034 10506 4108 2672 1436 1790 1172 13739 664 10644 7061 3583 25656 10036 3475 2751 1884 510 1374 6561 1171 879 522 14501 1350 528 587 57396 867 457 6683 604 6079 1324 1116 4755 2044 6850 8575 8631 881 697 1890 5682 1069 4613 4960 426
is_linear=0
shrinkage=0.05


Tree=12
num_leaves=63
num_cat=0
split_feature=122 173 168 169 130 127 176 143 124 120 25 116 16 16 48 34 89 116 119 113 12 18 100 57 101 49 59 124 92 71 104 118 14 119 148 116 119 92 148 10 34 95 92 71 46 21 46 13 61 160 5 3 58 148 3 124 72 11 1 100 113 148
split_gain=180.931 121.362 61.1837 67.835 59.9559 78.6983 34.9239 34.9137 29.8514 27.9482 26.6157 26.3494 25.9981 25.9858 32.5364 27.6715 27.0369 28.1035 27.4385 32.0735 24.5221 24.4074 25.0701 26.6404 23.7674 24.2733 28.9291 29.8032 23.3554 22.8205 23.546 22.7641 22.1462 21.856 21.2512 20.8408 23.6995 23.2492 20.7305 20.6739 20.6591 20.3389 29.8166 23.0415 20.3025 21.5476 20.2797 20.0597 19.8184 21.4702 25.6592 36.3266 19.542 25.237 21.7621 19.3854 19.3718 21.9968 19.665 19.2073 32.6544 27.0841
threshold=-0.085080530493006887 14.500000000000002 1.0000000180025095e-35 0.69711914641375239 -1.1370798453379976 0.96304381393557492 4.1890376884202061 0.98916399420896106 1.4248076811845685 1.0000000180025095e-35 0.56535264023387544 8.4790880358403165 0.6570912841670965 0.59796404703932049 0.86670502493287316 0.027092267119534875 0.12116506681724075 28.082886670169909 345.00000000000006 11.500000000000002 0.23485008371674199 0.31719043151969989 1.7362352941175014 4655.5000000000009 -1.8510251934449504 0.31132746097975589 0.32471877436443325 0.99585596620666372 1.1141614884327617 1.198916110153186 0.46546056671640984 1190.5000000000002 0.65011037326452181 405.00000000000006 2.7121212464495206 15.310531979600432 165.00000000000003 1.8926672574213561 1.7792722280199491 1.1069899269159313 0.036113123173581778 9.3000000000000025 3.5378840145795372 1.1022610985139936 0.24007028309489448 0.226233924226625 0.45890582847104594 0.079151982994909678 0.94071772217552263 0.57175032175032192 0.92639318885448929 1.0772684659791782 1.4113320236968117 2.6147752837025924 1.0548921686242785 0.5234434010123673 0.50850354068443027 1.6265773077124459 3.8125000000000004 -0.34156752783602051 13.500000000000002 2.8575984562898933
decision_type=2 2 2 2 2 2 2 2 2 2 2 2 2 2 2 2 2 2 2 2 2 2 2 2 2 2 2 2 8 2 2 2 2 2 2 2 2 10 2 2 2 2 10 2 2 2 2 2 2 2 2 2 2 2 2 2 2 2 2 2 2 2
left_child=2 8 10 9 6 13 39 11 -2 34 -1 12 -5 20 16 -16 17 18 32 -20 28 22 44 -24 -21 26 -26 -28 -6 30 -27 33 40 -14 35 36 -4 55 -38 -3 -15 46 47 -44 45 -17 -22 -43 49 -8 51 -51 53 -23 -54 -37 58 -58 -18 60 -55 -62
right_child=1 4 3 7 5 -7 48 -9 -10 -11 -12 -13 31 14 15 21 56 -19 19 24 41 52 23 -25 25 29 27 -29 -30 -31 -32 -33 -34 -35 -36 37 38 -39 -40 -41 -42 42 43 -45 -46 -47 -48 -49 -50 50 -52 -53 54 59 -56 -57 57 -59 -60 -61 61 -63
leaf_value=0.0045462706905482235 -0.0054551046946861971 -0.0134179364601337 0.0083642034013901665 0.060382834023816737 0.027642736590417289 -0.0051145840585969174 -0.0086341494181023919 -0.0075243084587204067 -0.026785375861825913 0.0078988433512653718 -0.0038752070615763316 -0.00041795011233779509 -0.0044900087843780549 -0.014793057485613062 -0.02752264179698934 -0.020411710617011847 0.028588075967954558 -0.0056509184881659881 -0.002672588438754757 0.059139065286176073 0.015950774660578579 0.0037128711565051022 0.050024005791414 -0.0068793754287548598 0.071174927323870527 -0.012535597304039815 0.056386638923601046 0.012165291748017931 -0.020636440670434922 0.047285434853714496 0.037029672052175833 0.039450539358068193 -0.014704086956917726 0.026950971930265466 0.0040171067175242678 0.013283711326482081 0.049377846009981373 0.025819531515155217 0.023751811036054192 -0.0051381594474651142 0.015266172074843055 0.045169051032954939 0.014713558854165171 0.067558685006809879 -0.0059598089009797045 0.021146989150495652 0.073463008021524515 0.0035007910802270117 -0.0056153537682533568 0.054792602650484107 0.046734610132359231 0.0024851327130705377 -0.0047221313953956052 0.045737217905507485 0.025364416717087099 -0.007503694566050394 0.020220604479936063 -0.026007305600886446 -0.0053121535591863925 -0.014392699428896342 -0.030131270145094431 0.02481961841149407
leaf_weight=2349.3414479568601 222.67931628227234 1729.3884390890598 235.70873437821865 32.938174143433571 34.63155072927475 5243.3214057460427 141.42744049429893 714.91859181970358 622.72595755755901 1533.0779802054167 1562.0003292188048 431.77623909711838 157.60823051631451 65.608085244894028 90.394963130354881 40.406726345419884 45.537250876426697 203.22723670303822 100.83885265886784 55.638009935617447 30.933236941695213 2822.5608313977718 44.042326956987381 38.591636821627617 43.949043735861778 95.825772970914841 55.228615537285805 122.86060048639774 90.540894076228142 31.644733920693398 31.949742391705513 67.041092291474342 96.700459480285645 85.128501683473587 286.59275089949369 308.24284982681274 86.651126503944397 204.6383071988821 884.54915669560432 1336.6077141538262 443.93438974022865 31.773368522524834 41.938305839896202 40.592543423175812 2097.5058959200978 136.7385229319334 30.383002370595932 317.59307517111301 590.71500147879124 37.807164557278156 52.296174339950085 271.92936958372593 88.438985154032707 39.749795198440552 187.5866986811161 176.30054478347301 184.60231001675129 29.901113197207451 706.20314708352089 366.35100594162941 56.558134242892265 37.153961338102818
leaf_count=15301 1645 12483 1444 206 225 37050 981 4813 5120 9934 10601 2790 1018 439 605 271 302 1362 662 357 203 18884 295 258 285 632 353 814 600 207 211 432 648 539 1783 1832 504 1226 5230 9614 2981 207 276 265 14099 922 201 2100 4206 268 369 1936 592 268 1257 1095 1217 202 4720 2482 383 249
internal_value=0.000106926 -0.00264386 0.00590843 0.00945917 -0.00179195 -0.000247485 -0.00707166 0.000443539 -0.021167 0.013073 0.00118314 0.0077985 0.0181501 0.00259496 0.00186335 -6.62681e-05 0.00690586 0.011483 0.0145263 0.0227461 0.0124853 0.000350463 -0.00360423 0.023449 0.0286102 0.0241574 0.0348447 0.0258791 -0.00727901 0.00927229 -0.000142005 0.0136596 0.00723265 0.00653644 0.0167072 0.0186253 0.0225865 0.0116883 0.0260382 -0.0098084 0.0113958 0.0175013 0.0136756 0.0407053 -0.00458703 0.0116675 0.0444488 0.00729034 0.000596975 0.00788597 0.0143395 0.0088699 0.00294116 0.00187909 0.0157246 0.00572024 0.000523145 0.0137766 -0.00325862 -0.00847668 0.00776269 -0.00834493
internal_weight=28343.5 19227 9116.51 5205.17 18381.6 14221.4 4160.17 1489.41 845.405 3715.76 3911.34 774.492 342.716 8978.11 8359.73 6046.08 2313.65 1347.41 1144.18 537.935 618.386 5955.68 2357.29 82.634 437.097 381.459 222.038 178.089 125.172 159.42 127.776 309.778 606.243 242.737 2182.68 1896.09 1206.91 689.182 971.2 3066 509.542 493.214 431.897 82.5308 2274.65 177.145 61.3162 349.366 1094.18 503.46 362.033 309.737 3598.4 3322.37 276.026 484.543 966.244 214.503 751.74 499.813 133.462 93.7121
internal_count=192454 133706 58748 32846 126941 97084 29857 9798 6765 23048 25902 4985 2195 60034 55957 40565 15392 8951 7589 3521 4077 39960 15845 553 2859 2502 1452 1167 825 1050 843 1989 4068 1557 13114 11331 7178 4153 5734 22097 3420 3252 2848 541 15292 1193 404 2307 7760 3554 2573 2204 24115 22266 1849 2927 6441 1419 5022 3382 900 632
is_linear=0
shrinkage=0.05


Tree=13
num_leaves=63
num_cat=0
split_feature=131 143 124 142 120 123 143 95 120 19 35 106 133 158 114 2 71 48 71 45 104 99 48 100 156 158 35 33 24 174 59 98 10 126 61 75 73 113 98 117 154 128 119 101 8 31 63 119 114 11 45 77 25 45 176 93 108 92 156 99 46 71
split_gain=166.855 124.799 81.8665 63.2174 52.0213 43.229 37.4979 27.9991 25.3611 25.0552 32.6828 39.4294 31.1873 25.0397 24.697 24.6392 24.387 23.8194 29.4979 30.3176 27.3503 25.5208 22.5934 23.1705 23.0221 22.0422 21.8664 22.3754 21.0891 21.0451 25.938 20.7247 20.7569 20.6505 20.5337 23.6601 23.7274 25.9894 20.3729 25.7425 20.356 20.1396 19.5598 25.2829 22.2216 37.3845 21.9385 19.2082 24.8198 26.6636 21.2826 23.7028 26.6574 20.2063 35.6095 19.8126 21.7206 20.5837 24.5248 19.3529 23.9854 23.9972
threshold=1.0000000180025095e-35 1.8099175123628262 0.8462043869402609 -0.017398437897500684 1.0000000180025095e-35 -0.36290696744260459 0.89773287874557484 13.100000000000001 1.0000000180025095e-35 0.7224249797242499 1.2113130018161946 0.93605292107753346 15.500000000000002 0.95693237792767971 4.5000000000000009 28.044642857142858 1.3884007643877749 0.9197377355287728 0.64356530049013994 0.93421825876238251 -0.30597700885552287 0.041247927330432095 0.84925697756580132 1.6843034448217493 4.2823076577789756 -0.23717652311175594 0.85258390476837087 3001.5000000000005 0.57500000000000007 16.569234680905165 0.425112449012014 1.3510813703335165 0.98054577570257184 2.7738144690526689 0.94817403867526118 1.1531787400873208 0.51946028462442417 43.500000000000007 -1.0737284085479242 -6.4273703175437271 0.68790584415584421 0.033917716763992765 165.00000000000003 1.0269012836184581 0.095389748255990309 0.64881092126429307 0.14533216239050206 375.00000000000006 241.50000000000003 0.79882303052331882 0.855846487460177 0.80824774417578915 0.27823785762247716 0.56474106261861168 3.5695940825672965 2.5000000000000004 0.27769220086443164 0.73167343649711647 0.88724775235648834 0.18794060175221333 0.36664298707309467 0.96631225586050584
decision_type=2 2 2 2 2 2 2 2 2 2 2 2 2 2 2 2 2 2 2 2 2 2 2 2 2 2 2 2 2 2 2 2 2 2 2 2 2 2 2 2 2 2 2 2 2 2 2 2 2 2 2 2 2 2 2 2 2 10 2 2 2 2
left_child=4 2 3 5 14 8 7 9 28 10 13 -12 -13 16 -1 -11 34 18 20 -20 -5 -21 23 -8 -24 26 27 -9 -2 -7 -31 32 -28 -3 35 36 -4 -38 39 -16 -41 -18 44 -44 45 -19 -45 48 49 -27 -50 -52 -53 54 -49 -51 57 -57 -59 60 -55 -62
right_child=1 33 6 17 -6 29 22 25 -10 15 11 12 -14 -15 38 -17 41 42 19 21 -22 -23 24 -25 -26 47 31 -29 -30 30 -32 -33 -34 -35 -36 -37 37 -39 -40 40 -42 -43 43 46 -46 -47 -48 53 50 55 51 52 -54 59 -56 56 -58 58 -60 -61 61 -63
leaf_value=-0.016183785237121519 0.0093369442092493381 -0.015090483418116458 0.055743859918430241 0.018356697581526474 0.0025220022184149903 -0.00075283660943321949 -0.0017578879915545376 0.018453809259948613 -0.00011889550873175478 -0.011140744224184209 -0.011077522599967016 0.021258357136951428 0.086062454821254283 -0.0092164143618302212 0.0061546215224241455 0.033565061635421167 0.0062239140576910296 0.025537159532684442 0.0070115212433880516 0.0095239624733151288 0.068132727867465825 0.0394919655942996 -0.0062404007110814048 0.027688657061112662 -0.021715861389356553 -0.013656970557693243 0.052511342839798018 0.070550926898091587 0.031695499716753193 -0.019238746277564882 -0.0023238694575592662 -0.021089816980886258 0.0036615954179094294 -0.03245600675845986 -0.0049384438755215466 -0.011194362280544559 0.00020111199670887908 0.05184106668656057 0.010971707698088178 0.051892126863926691 0.022868345245989352 0.053725976644619082 0.0039757867338560638 0.027348885385824934 -0.0076827387331692672 -0.0038467662466110022 -0.012682679125285055 -0.0023913368360560295 -0.0043323358703178929 -0.0070640958908945442 0.050624018140505704 0.032096207283485577 -0.00099849856851610074 -0.0038197969627837437 0.064182653360473491 -0.011281430715727122 0.03714449687008281 -0.0030415951713950208 0.044882719348484756 -0.0066311440868198294 0.026097947577979941 0.0050555513717708408
leaf_weight=72.143755152821541 273.49431730806828 401.75893052667379 41.0693049877882 72.699040681123734 2217.7506012618542 3168.3258732408285 1898.404519341886 57.359346196055412 343.87217869609594 1047.8785049691796 48.500978484749794 48.063781931996346 30.250889658927917 681.16328217089176 211.85694018006325 31.754419833421707 48.030385002493858 177.41593831777573 1014.9084880650043 133.60195270180702 44.483017578721046 151.71928642690182 6352.8747883066535 69.241130374372005 249.77314401417971 551.57120989263058 31.431098803877831 32.169363081455231 171.66194182634354 385.21295679360628 550.56990935653448 48.133810579776764 70.571701228618622 298.31155837327242 518.34627735614777 74.213384866714478 103.51466648280621 31.865204378962517 2105.7765128463507 70.311137303709984 429.10581986606121 41.673805832862854 587.1153145134449 253.81452479958534 497.05986552685499 277.64332218468189 39.559036493301392 40.049488812685013 229.10502675175667 311.8188082575798 42.106793612241745 92.377258569002151 178.27208088338375 253.0941665917635 40.295844480395317 111.24232983589172 62.831941932439804 56.955787524580956 50.245135366916656 267.9484616369009 252.51650712639093 292.36169084906578
leaf_count=505 1714 3199 277 466 14501 21515 13497 359 2235 7239 338 328 205 4778 1251 217 319 1167 6519 863 283 962 45101 487 1918 3809 202 197 1083 2670 3800 316 449 2623 3525 503 698 215 12512 414 2524 277 3826 1644 3279 1835 255 271 1568 2144 286 627 1228 1709 272 767 433 387 349 1827 1714 1973
internal_value=9.88928e-05 -0.00169989 -0.00105394 0.00295233 0.00828186 -0.000638051 -0.0033212 -0.000223506 0.0100803 -0.00389205 -4.83099e-05 0.0243499 0.0462905 -0.00205761 0.0127031 -0.00982585 0.00362102 0.00835792 0.0132251 0.0110597 0.037252 0.0254594 -0.00542438 -0.000721669 -0.00682583 0.00305563 0.0176156 0.0371733 0.0179589 -0.00269869 -0.00928684 0.00595298 0.0187141 -0.0224902 0.000743178 0.0124922 0.0224547 0.0123559 0.0134429 0.0207591 0.0269545 0.0282919 0.00459343 0.009965 -0.000374019 0.00760927 0.021951 0.0018238 -0.00157051 -0.00574379 0.00724542 0.0157265 0.0102973 0.00681793 0.0309977 0.00161538 0.0112374 0.00378556 0.0194206 0.00499534 0.00889936 0.0148074
internal_weight=28339.2 23232.3 22532.2 8143.16 5106.94 4893.14 14389.1 5818.78 789.028 2746.32 1666.69 126.816 78.3147 1539.88 2889.19 1079.63 858.713 3250.02 1417.41 1300.23 117.182 285.321 8570.29 1967.65 6602.65 3072.46 239.665 89.5287 445.156 4104.11 935.783 150.137 102.003 700.07 769.009 250.663 176.449 135.38 2817.05 711.274 499.417 89.7042 1832.61 880.489 952.119 455.059 293.374 2832.79 1686.53 1144.67 541.861 312.756 270.649 1146.27 80.3453 593.094 281.275 218.443 107.201 1065.92 797.972 544.878
internal_count=192454 160747 154925 54116 31707 33017 100809 39806 5032 18919 11463 871 533 10592 17206 7456 5814 21099 9093 8344 749 1825 61003 13984 47019 20887 1523 556 2797 27985 6470 967 651 5822 5218 1693 1190 913 16701 4189 2938 596 12006 5725 6281 3002 1899 19364 11598 7889 3709 2141 1855 7766 543 4080 1936 1503 736 7223 5396 3687
is_linear=0
shrinkage=0.05


Tree=14
num_leaves=63
num_cat=0
split_feature=126 159 143 120 127 135 126 127 135 25 173 143 142 32 17 81 143 141 7 148 1 45 12 33 116 106 174 107 29 29 115 156 124 156 148 92 59 70 17 104 63 94 172 106 82 173 73 59 142 50 148 48 60 95 1 161 103 156 32 130 57 148
split_gain=152.712 99.511 77.6272 64.4157 51.1962 30.0677 31.3412 27.6827 26.995 25.1843 22.2446 21.7852 21.0832 20.843 20.3798 19.6014 26.6772 19.6027 19.429 21.0634 19.0493 23.1581 20.3349 25.5044 21.9708 21.832 20.6202 31.0735 22.3211 21.4851 19.5513 23.8416 19.0197 18.8191 18.3916 31.0811 19.6662 26.9998 17.9388 21.025 17.6699 17.6041 17.5787 17.7988 16.9065 16.3609 16.3384 29.3624 16.1084 20.293 16.2317 21.4138 20.3815 16.3227 23.7162 16.0529 16.017 15.8082 17.1054 15.7706 15.6444 15.6401
threshold=1.4154567851984827 0.68366829967174958 1.5355835909346762 1.0000000180025095e-35 -0.79903600464563362 0.75193226824427772 0.42706694730622952 -1.4107163184678548 1.1269240822091529 0.12291493232201771 379.50000000000006 0.85031138255855032 0.05548854976678777 0.003448208057037082 2.0198050870470392 0.62128370791369403 0.65988372194450584 1.4285506342274756 0.52027397260273978 1.5776601674109776 12.598214285714286 1.2327321907713198 0.48738461915138459 4439.5000000000009 7.9090122994318541 1.2682475537531106 1.4740683826354208 0.97936284589761724 0.49708452332381342 0.53768978605935136 1.279280592702549 2.1981645196598474 3.4497263786683439 2.3512958792619814 2.2677220367987201 2.262511216127296 0.45126364391951196 7116.5000000000009 0.33060456678042732 0.41193584912056591 0.070061345658831722 3.5000000000000004 25.500000000000004 0.79327908233347599 2.2080076929801558 8.5000000000000018 0.59649287851774579 0.45372441539881675 0.66098709944719691 0.17257760208436282 2.5910145487341629 0.99645967281129955 0.73550445632798589 19.500000000000004 8.4017857142857171 0.96459899749373457 1.0888968296163497 1.6779343617088809 -0.0013879307906815863 1.4650403694610583 8453.5000000000018 1.9538418088544349
decision_type=2 2 2 2 2 2 2 2 2 2 2 2 2 2 2 2 2 2 2 2 2 2 2 2 2 2 2 2 2 2 2 2 2 2 2 10 2 2 2 2 2 2 2 2 2 2 2 2 2 2 2 2 2 2 2 2 2 2 2 2 2 2
left_child=1 8 10 4 -3 6 33 -5 11 12 14 13 -9 18 15 20 17 -17 19 -1 21 -2 24 25 44 26 27 -24 -28 -30 -25 -32 -4 34 36 -36 -6 -38 -19 -40 -37 -18 43 -43 -22 -34 47 -31 50 -50 51 53 -53 -11 -55 -20 -42 -8 -59 -49 -14 -56
right_child=2 3 32 7 5 -7 57 9 -10 48 -12 -13 60 -15 -16 16 41 38 55 -21 22 -23 23 30 -26 -27 28 -29 29 46 31 -33 45 -35 35 40 37 -39 39 -41 56 42 -44 -45 -46 -47 -48 59 49 -51 -52 52 -54 54 61 -57 -58 58 -60 -61 -62 -63
leaf_value=0.030008843716231793 -0.0015879542112802484 -0.0035341223266571412 -0.010554433784275348 -0.016374108019152692 0.014248235994243019 0.0049971795004114059 0.00049314068795500534 0.0035623814877416013 -0.016682689247039344 0.0029380729169308458 -0.022589813164219832 -0.002324534349416534 0.028502124301134718 0.037338069319583951 0.029131849372826937 -0.007945392408006657 0.0016445861284621434 0.049592639696350971 0.0047428678040019627 0.0009728660976424787 0.022088573364379901 -0.019957196781922627 0.076905842814333936 0.030874254145772551 -0.031551765503013217 0.05121161185586507 -0.01819661043361992 0.0073705369141696528 0.053088295974415126 0.060709143854327408 -0.027569892565184179 0.013951384227896869 -0.038432459583681029 0.050277844083529845 0.0059882197627500284 0.0093225280490666172 0.041142412743947809 0.019067472350511053 -0.018032645400060873 0.03312307455504624 0.021070516183489887 0.016241749735961233 -0.013357133314456621 -0.006850172218835545 -0.017773400552453328 -0.020170235993967434 -0.01663300682626245 -0.020018222879417701 0.020637320647778564 -0.0071636746304673989 -0.0060660996757787708 -0.0027978204038077007 -0.037550586153204883 -0.00012556699873510649 0.061157568116697036 0.056166800717597082 0.051215345736726398 -0.016861167696968844 0.020589328411115975 0.028875105519866575 -0.0085935776443202654 0.021309366400131265
leaf_weight=63.529981687664986 1361.4942053556442 688.83341350406408 276.68965062499046 210.96758890897036 833.05911540985107 1461.7830597236753 576.92726635932922 306.89111309498549 272.04921352863312 1610.0277604833245 167.0921930372715 7455.6649447381496 205.68900126218796 41.980390980839729 45.837811253964901 86.595230102539062 390.74457538872957 42.068478748202324 30.934539780020714 3705.3646523505449 62.164223909378052 196.31765049695969 29.45126336812973 32.267185591161251 65.949635714292526 45.174891240894794 63.619288831949234 35.351767480373383 32.47475454211235 30.043668895959854 92.698381826281548 55.136282354593277 191.04305808246136 39.905590936541557 837.62853026390076 110.47399373352528 199.92567433416843 450.95946279168129 37.559036433696747 43.174567684531212 96.839859664440155 91.567516975104809 1435.1170528829098 940.92590265721083 46.494112901389599 342.53987868130207 45.671021297574043 37.939492210745811 207.61707705259323 95.98648426681757 878.49433149397373 896.21817631274462 44.272839717566967 118.02487111091614 31.69856870174408 29.791870251297951 80.858547747135162 35.374312505125999 220.82125909626484 29.175375834107399 32.978863894939423 110.33465728163719
leaf_count=394 9559 4818 2132 1558 4937 9344 3719 2016 2021 10598 1233 51534 1346 278 326 588 2773 287 204 24875 429 1404 205 226 465 315 442 247 223 207 650 390 1778 238 5050 665 1185 2664 261 299 581 654 10302 6688 321 2802 321 260 1373 642 5957 5938 296 778 206 199 481 228 1397 207 216 724
internal_value=9.13055e-05 0.00206457 -0.00673704 0.00562037 0.00923645 0.0110155 0.0135415 0.00133105 -0.00111823 0.00215411 -0.00462361 -0.000744413 0.0122304 0.00229848 -0.0040651 -0.00435063 -0.00695417 0.0102725 0.00191437 0.00146231 -0.000818781 -0.00390287 0.00600947 0.0108929 -0.00878578 0.0187807 0.0139571 0.0389725 0.00717222 0.0163788 -0.00438769 -0.0120842 -0.0211925 0.0162012 0.0156801 0.0108611 0.0193361 0.025848 0.0231191 0.00932432 0.0250252 -0.00821617 -0.00977761 -0.00480225 0.00503192 -0.0267088 0.00803223 0.0196265 0.000777276 0.0118478 -0.00013381 0.00172043 -0.00443378 0.00481546 0.0164384 0.029971 0.0347874 0.00508282 0.0154183 0.0012361 0.0233763 0.0302026
internal_weight=28334.3 21981.9 6352.38 10382.6 5633.39 4944.56 3482.77 4749.2 11599.3 4538.23 5542.11 11327.3 545.559 3871.6 5375.01 5329.18 3067.75 209.397 3829.62 3768.89 2261.42 1557.81 703.611 529.003 174.608 348.902 303.727 64.803 238.924 175.304 180.102 147.835 810.273 2649.65 2609.75 1125.8 1483.94 650.885 122.802 80.7336 288.172 2858.36 2467.61 1032.49 108.658 533.583 142.83 97.1585 3992.67 303.604 3689.07 2810.58 940.491 1870.09 260.058 60.7264 177.698 833.123 256.196 67.1149 238.668 142.033
internal_count=192454 146460 45994 66955 35307 30489 21145 31648 79505 30090 39282 77484 3578 25950 38049 37723 21852 1435 25672 25269 15871 10963 4908 3693 1215 2427 2112 452 1660 1218 1266 1040 6712 15801 15563 6777 8786 3849 847 560 1727 20417 17644 7342 750 4580 995 674 26512 2015 24497 18540 6234 12306 1708 403 1062 5344 1625 467 1562 930
is_linear=0
shrinkage=0.05


Tree=15
num_leaves=63
num_cat=0
split_feature=114 122 130 130 174 172 119 107 46 110 49 135 58 105 114 6 130 95 14 70 5 72 142 116 142 130 117 23 16 59 113 1 23 52 113 25 12 133 30 21 20 75 146 35 35 97 13 106 20 110 58 36 117 105 44 95 102 16 59 97 130 20
split_gain=153.324 129.556 67.4166 57.2551 38.6824 35.9013 29.7092 25.7619 25.6728 25.5655 28.0735 24.5121 29.078 23.8663 24.9961 22.364 22.3222 22.2134 25.9722 30.7096 24.9453 23.7089 26.7922 22.0022 21.1651 24.697 20.6976 23.864 22.174 37.6971 20.6723 20.4512 20.0985 20.0668 25.4517 21.7469 24.286 19.7449 25.1461 19.4601 19.057 24.2717 27.5604 22.3623 19.6856 18.8682 18.8289 18.36 21.7904 17.9222 22.5523 19.4128 17.8742 19.4473 28.0399 26.8708 20.3834 19.2702 17.7652 17.7077 29.2513 17.6154
threshold=4.5000000000000009 -0.2683064316550719 -1.1370798453379976 0.66386390496331871 13.054209893583867 54.500000000000007 585.00000000000011 1.297981527461064 0.17069792952145899 0.049762299526980032 0.54742722728609239 0.49913085512957717 1.2924606748340979 241.57500000000002 189.50000000000003 0.066946778711484606 -0.52802657297860445 18.900000000000002 0.69666676913415715 13982.500000000002 0.84589571502323191 0.50550310113554209 0.22962739925918016 4.5225203736831654 -1.3213938484204883 2.9906370423382254 -1.8511709383802406 2.1797987236131573 0.59796404703932049 0.59212602808268955 14.500000000000002 9.8660714285714306 0.50634329406775558 0.3000000000000001 57.500000000000007 0.13701724707047369 0.37955169962145235 29.500000000000004 1.489634979504197 0.069098143236074286 0.133739837398374 0.4382729898757608 19.500000000000004 0.87022779083238577 0.79250862886704787 -0.3558972575517893 0.40836736678335284 1.3971634981177987 0.42231800766283528 -0.097371713981632552 0.63577367436626941 0.76135277687430214 -3.0668994364301212 932.5250000000002 2797.5000000000005 19.100000000000005 -0.80571061567176649 1.1842306903659578 0.43124079464596715 0.023842812946213817 0.12180709459299381 0.071714285714285717
decision_type=2 2 2 2 2 2 2 2 2 2 2 2 2 2 2 2 2 2 2 2 2 2 2 2 2 2 2 2 2 2 2 2 2 2 2 2 2 2 2 2 2 2 2 2 2 2 2 2 2 2 2 2 2 2 2 2 2 2 2 2 2 2
left_child=24 7 4 6 30 8 13 11 9 -5 -11 -2 17 14 -4 -6 -15 61 19 21 23 22 31 -21 -1 -26 27 33 29 45 39 -19 -10 35 40 36 -18 47 -39 -3 41 -35 43 44 -43 -28 -33 -34 -49 50 -32 -52 -41 55 57 -54 -56 -55 -20 60 -24 -13
right_child=1 2 3 5 15 -7 -8 -9 32 10 -12 12 -14 16 -16 -17 26 18 58 20 -22 -23 59 -25 25 -27 28 -29 -30 -31 49 46 37 34 -36 -37 -38 38 -40 52 -42 42 -44 -45 -46 -47 -48 48 -50 -51 51 -53 53 54 56 -57 -58 -59 -60 -61 -62 -63
leaf_value=-0.045885060176260734 0.016008760548468951 0.028737637523394668 0.052465315106824645 0.0023070090287192662 -0.0050235212219775349 -0.014321033084135413 0.015976432767698123 -0.01441104826413174 -0.020794198360872439 0.072742033113455756 0.0083442601845974528 -0.0010318965703965859 -0.0041602455989669931 -0.0019663305383628999 0.0041540762368346331 -0.016505399031939493 -0.010350843474600647 -0.0039569805296031622 0.018822026418254062 0.025055027953002768 0.0022472221440311513 -0.010673973517867171 0.013052510201959452 0.074967272345935823 -0.014830898279983096 -0.039352030746239303 0.038429352622065947 0.047300285205689026 -2.131235336369361e-05 0.065111070867523088 0.036293246103126744 0.051123087065493206 -0.0023042238892452796 0.051874903895290883 0.048500092600480021 -0.013531756512730433 0.048444483866660393 0.057407859466369539 0.0021913839243240057 -0.029575726231975581 0.0049771079487081924 0.018271969323318572 -0.01466751506697872 0.0098670114145743351 0.065533794632687825 0.0024315340221997177 0.0079758752886338585 -0.026912522275070544 0.016183856565207776 -0.0079981515661741061 -0.0063288356516159952 0.029250250649203904 -0.010431140912271195 0.074195863510832086 -0.0066518836966339414 0.03740502074253696 0.029361901372103816 0.01598507499705128 0.071489713920426148 4.7099533914684102e-05 0.062973558564144452 0.0071865592751676451
leaf_weight=87.43349689245224 663.13306078314781 74.67252990603447 47.289244905114174 126.61950544267893 647.99907255917788 690.74542125314474 388.7716327086091 144.97595372796059 152.84091208875179 33.667694434523582 34.028968952596188 798.62028588354588 643.59664872288704 2966.4644080996513 61.716770648956299 1227.3722266927361 35.827334746718407 225.70826750993729 31.981397360563278 45.618584036827087 41.565181344747543 139.70892685651779 55.601690426468849 42.790467515587807 519.62275335937738 127.97324706614017 43.056743904948235 36.610560670495033 3470.6250684484839 32.232613429427147 48.620821014046669 37.328879565000534 5890.3575428947806 45.585860848426819 38.96416212618351 216.88358905166388 34.45343890786171 30.750268682837486 62.584947854280472 42.578047141432762 1402.5903275460005 45.939564526081085 70.867360353469849 168.30706466734409 42.338245406746864 235.49881812930107 78.366099208593369 147.4574731066823 36.613684311509132 1517.1806555017829 236.94526975601912 45.739576131105423 247.74622222781181 28.632234916090965 121.40440019220114 33.302958346903324 58.08873999863863 28.240034140646458 32.063286438584328 37.755297034978867 62.136582344770432 3551.591096252203
leaf_count=795 4011 528 310 867 4742 4950 2448 923 1078 230 235 5090 4112 20295 409 9004 231 1442 202 286 260 880 351 265 4249 1205 270 237 22698 207 343 233 41396 292 253 1421 224 207 429 305 9167 293 459 1101 273 1512 501 1056 260 10960 1697 322 1782 203 866 238 415 202 201 242 378 22348
internal_value=-0.000256364 0.00034427 -0.00158398 -0.00013009 -0.00711786 -0.00348218 0.00244386 0.00643444 -0.00233299 0.015568 0.0403713 0.00690027 0.00586324 0.00185899 0.0251126 -0.0125381 0.00157374 0.00710842 0.014601 0.0120454 0.0341934 0.00752352 0.01264 0.0492128 -0.0227941 -0.0196766 0.00334771 0.00727925 0.00112445 0.0139193 -0.00302431 0.00480453 -0.00288332 0.00658212 0.00852566 -0.00569911 0.0184721 -0.00243948 0.020383 0.0047614 0.00764847 0.0176925 0.0129339 0.0205573 0.0409389 0.00799577 0.0218973 -0.00279016 -0.0183402 -0.00569749 0.00483817 -0.000571992 0.00156428 0.00412679 0.0146969 -0.00476279 0.00500313 0.0452912 0.0451895 0.0298436 0.0393984 0.0056778
internal_weight=28315.8 27580.8 20948.2 16589.7 4358.52 7205.67 9384.02 6632.54 6514.92 194.316 67.6967 6487.57 5824.43 8995.25 109.006 1875.37 8886.25 5180.84 830.625 766.58 129.974 636.606 496.897 88.4091 735.029 647.596 5919.78 2138.37 3781.41 310.788 2483.15 341.403 6320.6 2101.76 1814.59 287.164 70.2808 6167.76 93.3352 634.665 1775.63 373.038 327.452 256.585 88.2778 278.556 115.695 6074.43 184.071 1848.49 331.306 282.685 559.993 517.415 236.365 281.049 179.493 56.8723 64.0447 155.494 117.738 4350.21
internal_count=192389 186140 144415 112808 31607 50708 62100 41725 45758 1332 465 40802 36791 59652 719 13746 58933 32679 5241 4838 811 4027 3147 551 6249 5454 38638 13951 24687 1989 17861 2176 44426 13714 11838 1876 455 43348 636 4539 11585 2418 2126 1667 566 1782 734 42712 1316 13322 2362 2019 4011 3706 1686 2020 1281 405 403 971 729 27438
is_linear=0
shrinkage=0.05


Tree=16
num_leaves=63
num_cat=0
split_feature=114 122 130 127 174 120 172 148 61 172 77 119 2 71 1 48 148 77 157 102 44 1 79 114 34 104 23 142 130 100 110 10 161 95 26 36 36 21 20 146 115 46 133 148 148 36 169 95 19 103 62 53 44 37 31 77 133 26 73 35 161 74
split_gain=140.83 117.498 68.5382 77.5352 40.6208 38.1463 33.7572 31.9159 25.4793 21.0891 20.817 27.8046 26.4683 46.0109 27.6572 25.316 42.0134 25.5834 29.4801 28.5138 23.096 21.3658 22.7244 22.1671 21.1184 25.5577 20.7714 20.4616 23.6432 19.8215 20.9581 21.2796 19.879 19.7802 22.3612 19.6786 25.5836 20.7915 20.382 19.4984 19.178 18.4739 21.5843 18.2402 18.1298 18.1215 17.9592 19.6548 22.6733 18.5608 17.9073 20.1618 19.8388 19.1045 17.8784 26.6275 17.6358 17.6117 17.3851 18.7577 25.2649 25.0725
threshold=4.5000000000000009 -0.44493208795859857 -0.90761687729694518 0.61580932679146205 15.519725314788818 1.0000000180025095e-35 52.500000000000007 2.7043240554919379 1.1126346743105666 21.500000000000004 1.009877994622312 285.00000000000006 3.2946428571428572 0.83699268784069958 5.9732142857142865 0.85572096190151969 1.6349421612031569 0.62338358519716497 0.12079387767256271 -1.2446212084500221 1062.5000000000002 8.7053571428571441 1.9843940254890822 292.50000000000006 0.07305996614072062 -0.37498650223734625 2.4035589800036696 -1.3213938484204883 2.9906370423382254 -1.3492538334686506 -0.097371713981632552 0.92591664252983696 7.0128205128205137 21.100000000000005 0.040057233715861708 0.96934043553188165 0.81919297431135885 0.025158227848101272 0.038897995208674825 32.500000000000007 4.8372200011278617 0.65222727730373287 11.500000000000002 2.4565321172637122 2.137177998104185 0.075709794555601603 0.30775062693182492 16.100000000000005 0.91704892966360874 0.81873635404182366 0.10890705653823578 0.37500000000000006 5438.5000000000009 0.031957446808510641 0.46095527455049895 0.72717398296506175 30.500000000000004 -0.10357598978288632 0.66741959888996127 0.71876338614112478 3.4647009966777413 0.66050996438584542
decision_type=2 2 2 2 2 2 2 2 2 2 2 2 2 2 2 2 2 2 2 2 2 2 2 2 2 2 2 2 2 2 2 2 2 2 2 2 2 2 2 2 2 2 2 2 2 2 2 2 2 2 2 2 2 2 2 2 2 2 2 2 2 2
left_child=27 5 4 8 9 7 56 46 10 26 11 -4 13 -13 -14 16 -16 19 -19 -18 -17 22 -12 -24 25 -25 35 -1 -29 -11 31 40 54 -7 -35 36 37 -3 -39 -22 -31 -8 -43 -38 -21 -33 47 48 -2 -48 51 -23 -52 -53 55 -32 -5 -54 59 60 61 -40
right_child=1 2 3 6 -6 33 41 -9 -10 29 21 12 14 -15 15 20 17 18 -20 44 39 50 23 24 -26 -27 -28 28 -30 30 32 45 -34 34 -36 -37 43 38 58 -41 -42 42 -44 -45 -46 -47 49 -49 -50 -51 52 53 57 -55 -56 -57 -58 -59 -60 -61 -62 -63
leaf_value=-0.045157562313825395 0.016490565802696738 0.042309119079350442 0.0021639533767863232 -0.0021584714684624346 -0.012081284295421756 0.0011277445237309694 -0.013284917852306245 -0.0027532774789872511 -0.020003602168137513 -0.043777952208474046 -0.0003181865830845504 0.07893774636559342 -0.0028413826605871544 0.006683681610004987 0.064863553738035526 0.040160964861641751 -0.043071286460352957 0.063664397527781622 0.017064733369989798 -0.0080042656335253138 0.0072587343079767138 0.010445419479863497 0.0069316897186682746 0.017693177188813698 0.010599260347603941 0.079748158939175917 0.03173465309432974 -0.014242773214991403 -0.038550674844188129 0.057735302566102459 0.055503061598866602 -0.014212225915039524 -0.016098869179551206 -0.013965383243669603 0.027189138909377866 -0.014978024311991342 0.010271950097114639 -0.017181285312072504 -0.024632340783804371 -0.014318115778535496 0.0088705769035036849 0.043295697584027237 -0.013994449279267868 0.058399073933225382 0.028160863236151495 0.0094851502746230165 0.030977237011430115 0.028205216106684968 -0.012857603525050257 0.0075497222817647192 -0.018907026167360994 0.022507281767880145 0.037732748270940503 -0.0071832678923268809 -0.0062096577750683935 0.0012246292202616911 0.025439345859073849 -0.010510406696887614 -0.018770738828726416 0.0023184739591829676 0.061635744094088223 0.040124617473089458
leaf_weight=84.47537512332201 691.42083169519901 29.655975759029388 3159.8148731589317 6987.5249693766236 1842.2424400150776 2067.4226215928793 978.87222795188427 347.26945522427559 113.13813535869122 33.822416961193085 743.46940322220325 36.426799237728119 488.7894209176302 55.760433048009872 44.580408751964569 50.408900246024132 33.790299654006958 36.382496759295464 505.41420722007751 77.861469581723213 1559.8228708952665 297.9287676513195 329.51555189490318 30.969083771109581 63.152485951781273 35.742012307047844 56.567848026752472 514.1676359847188 124.19840390980244 32.121348984539509 28.850125700235367 142.43103767931461 490.67644163221121 42.517869427800179 147.54825764894485 171.46929810941219 47.381533816456795 149.39520147442818 30.566078141331673 112.23802246153355 53.561678417026997 32.246369585394859 33.541524946689606 33.683039531111717 62.447803184390068 186.05948348343372 91.42102712392807 336.13887555897236 72.732889443635941 1123.9551204144955 306.65485094487667 58.703411906957626 32.112892359495163 703.14305040240288 1361.0579546168447 104.21739306300879 58.371072009205818 46.039866626262665 83.260939255356789 648.03056882321835 32.805876068770885 29.252291202545166
leaf_count=795 4057 207 20767 49004 13476 13428 7047 2164 731 244 4852 231 3150 355 263 326 215 228 3197 489 10004 1935 2166 206 419 236 405 4249 1205 224 201 1017 3646 271 953 1225 333 1055 212 726 382 225 239 238 399 1312 535 1966 437 6765 2001 383 208 4607 9694 745 397 304 594 4609 233 202
internal_value=-0.000246134 0.000324805 -0.00119582 0.000377089 -0.0060028 0.00732832 -0.00317345 0.0113818 0.00357442 -0.00301256 0.00387512 0.00545483 0.00884869 0.0352341 0.00803018 0.0101703 0.0177686 0.0148359 0.020194 -0.00183821 0.00681566 0.000161465 0.00508394 0.0138269 0.0313226 0.0509406 0.00209667 -0.0220322 -0.018972 -0.0057681 -0.00523221 0.00499839 -0.00736705 0.00254684 0.0179829 0.000761301 0.00325091 0.00106716 -0.000189448 0.00581038 0.0271893 -0.0115612 0.0140867 0.0302692 0.00809184 -0.000789855 0.0135016 0.0181294 0.0136972 0.00931195 -0.00393729 -0.000582784 -0.0131757 -0.00489549 -0.00449949 0.0129926 -0.00192984 0.00931266 0.00289157 0.00532675 0.0263736 0.00703501
internal_weight=28305.2 27582.4 22662 17074.9 5587.11 4920.43 8090.56 2662.94 8984.31 3744.87 8871.17 6223.74 3063.92 92.1872 2971.74 2482.95 760.477 715.896 541.797 174.1 1722.47 2647.43 1202.85 459.379 129.864 66.7111 1312.07 722.841 638.366 2432.8 2398.98 414.174 1984.8 2257.49 190.066 1255.5 1084.03 1002.97 973.311 1672.06 85.683 1044.66 65.7879 81.0646 140.309 328.491 2315.67 1100.29 764.154 1215.38 1444.58 1059.78 384.808 761.846 1494.13 133.068 7045.9 78.1528 823.916 740.655 92.6242 59.8184
internal_count=192389 186140 155564 115310 40254 30576 56912 15924 58398 26778 57667 40350 19583 586 18997 15847 4791 4528 3425 1103 11056 17317 7879 3027 861 442 9313 6249 5454 17465 17221 2935 14286 14652 1224 8908 7683 7112 6905 10730 606 7511 464 571 888 2329 13760 6460 4494 7300 9438 6925 2513 4990 10640 946 49401 512 5850 5256 647 414
is_linear=0
shrinkage=0.05


end of trees

feature_importances:
ema_spread_1m_atr_checkpoint=39
ema_spread_5m_atr=29
price_vs_sma20_30s_atr=27
extension_from_last_pullback_atr=25
price_vs_ema3_5m_atr=21
minutes_since_rth_open=20
time_since_last_1m_bar_close_s=20
ema_spread_30s_atr=19
avg_regime_duration_last_5=17
price_vs_bar1_low_atr=17
bar1_range_atr=16
minutes_since_rth_open_checkpoint=16
distance_from_session_low_atr=15
pre_5_range_atr=14
price_vs_signal_close_atr=14
minute_of_hour_checkpoint=14
bar1_hh_amount_atr=13
pre_10_vol_vs_avg=13
prior_regime_mfe_atr=13
price_vs_flip_bar_low_atr=13
pre_3_range_atr=12
pre_10_range_atr=12
distance_from_session_high_atr_checkpoint=12
atr_at_checkpoint=11
bar1_close_location=11
pre_5_mean_body_pct=11
vol_ratio_up_down_20bar=11
checkpoint_s=11
atr_at_signal=10
flip_vol_vs_20avg=10
bar1_vol_vs_flip_vol=10
sma20_slope_atr=10
minute_of_hour=10
price_vs_flip_bar_high_atr=10
regime_30s_aligned=10
regime_30s_duration_bars=10
price_vs_ema3_1m_atr_checkpoint=10
pre_3_volume_total=9
pre_10_body_efficiency=9
pre_10_mean_body_pct=9
dist_to_recent_low_10_atr=9
sma50_slope_atr=9
cumulative_volume_bias_10=9
session_bars_since_open=9
flip_high_vs_prior_high_atr=8
bar1_body_pct=8
bar1_lower_wick_pct=8
two_bar_close_vs_open_pct=8
two_bar_vol_vs_40avg=8
pre_3_body_efficiency=8
pre_3_vol_vs_avg=8
distance_from_session_high_atr=8
regime_5m_duration_bars=8
max_pullback_since_signal_atr=8
current_pullback_from_local_peak_atr=8
bars_since_last_continuation=8
distance_from_session_mid_atr_checkpoint=8
flip_upper_wick_pct=7
flip_close_vs_prior_close_atr=7
bar1_close_vs_flip_close_atr=7
pre_3_net_return_atr=7
pre_3_mean_body_pct=7
pre_5_vol_vs_avg=7
pre_signal_vol_compression_3v10=7
price_vs_sma50_atr=7
distance_from_session_mid_atr=7
max_progress_since_signal_atr=7
mfe_mae_ratio_so_far=7
bar1_upper_wick_pct=6
bar1_bullish_volume_pct=6
pre_5_volume_total=6
pre_10_volume_total=6
pre_10_mean_wickiness=6
vol_1m_20avg=6
vol_ratio_up_down_10bar=6
vol_acceleration_5bar=6
progress_efficiency_since_signal=6
flip_body_pct=5
flip_close_location=5
flip_low_vs_prior_low_atr=5
pre_5_mean_wickiness=5
pre_signal_range_compression_3v10=5
pre_signal_body_compression_3v10=5
dist_to_recent_midpoint_10_atr=5
regime_flips_last_60min=5
consecutive_trend_bars_pre_flip=5
price_vs_sma20_atr=5
ema3_slope_atr=5
ema_spread_atr=5
ema3_ema9_spread_atr=5
price_vs_sma20_1m_atr_checkpoint=5
ema3_slope_5m_atr=5
distance_from_session_low_atr_checkpoint=5
flip_body_atr=4
flip_lower_wick_pct=4
flip_volume=4
bar1_body_atr=4
two_bar_range_atr=4
two_bar_volume_total=4
pre_5_net_return_atr=4
pre_10_net_return_atr=4
dist_to_recent_high_5_atr=4
pre_signal_trend_efficiency_5=4
sma20_vs_sma50_atr=4
price_vs_ema3_30s_atr=4
ema3_slope_30s_atr=4
flip_range_atr=3
two_bar_body_atr=3
pre_5_body_efficiency=3
dist_to_recent_high_10_atr=3
price_vs_bar1_high_atr=3
flip_bar_bullish_volume_pct=2
flip_bar_vol_rank_20=2
bar1_volume=2
pre_5_up_bar_fraction=2
pre_5_close_near_high_fraction=2
pre_10_ll_count=2
pre_10_close_near_high_fraction=2
pre_signal_atr_ratio_3v10=2
dist_to_recent_low_5_atr=2
failed_push_count_pre_signal=2
regime_flips_last_30min=2
price_vs_sma20_5m_atr=2
micro_net_return_atr=2
current_progress_atr=2
new_progress_in_last_60s_flag=2
stall_90s_flag=2
bar1_vol_rank_20=1
pre_3_down_bar_fraction=1
pre_3_close_near_low_fraction=1
pre_5_down_bar_fraction=1
pre_5_hh_count=1
pre_5_ll_count=1
pre_5_close_near_low_fraction=1
pre_10_up_bar_fraction=1
pre_10_down_bar_fraction=1
pre_10_hh_count=1
position_in_recent_range_10=1
swing_extension_at_signal_atr=1
pre_signal_directional_consistency_5=1
pre_signal_trend_efficiency_10=1
pre_signal_directional_consistency_10=1
high_vol_bar_count_10=1
hour_of_day=1
time_until_next_5m_bar_close_s=1
regime_1m_duration_bars=1
micro_range_compression=1
micro_body_pct_avg=1

parameters:
[boosting: gbdt]
[objective: binary]
[metric: auc]
[tree_learner: serial]
[device_type: cpu]
[data_sample_strategy: bagging]
[data: ]
[valid: ]
[num_iterations: 2000]
[learning_rate: 0.05]
[num_leaves: 63]
[num_threads: 0]
[seed: 42]
[deterministic: 1]
[force_col_wise: 0]
[force_row_wise: 0]
[histogram_pool_size: -1]
[max_depth: -1]
[min_data_in_leaf: 200]
[min_sum_hessian_in_leaf: 0.001]
[bagging_fraction: 0.8]
[pos_bagging_fraction: 1]
[neg_bagging_fraction: 1]
[bagging_freq: 5]
[bagging_seed: 400]
[bagging_by_query: 0]
[feature_fraction: 0.8]
[feature_fraction_bynode: 1]
[feature_fraction_seed: 30056]
[extra_trees: 0]
[extra_seed: 12879]
[early_stopping_round: 0]
[early_stopping_min_delta: 0]
[first_metric_only: 0]
[max_delta_step: 0]
[lambda_l1: 0]
[lambda_l2: 0]
[linear_lambda: 0]
[min_gain_to_split: 0]
[drop_rate: 0.1]
[max_drop: 50]
[skip_drop: 0.5]
[xgboost_dart_mode: 0]
[uniform_drop: 0]
[drop_seed: 17869]
[top_rate: 0.2]
[other_rate: 0.1]
[min_data_per_group: 100]
[max_cat_threshold: 32]
[cat_l2: 10]
[cat_smooth: 10]
[max_cat_to_onehot: 4]
[top_k: 20]
[monotone_constraints: ]
[monotone_constraints_method: basic]
[monotone_penalty: 0]
[feature_contri: ]
[forcedsplits_filename: ]
[refit_decay_rate: 0.9]
[cegb_tradeoff: 1]
[cegb_penalty_split: 0]
[cegb_penalty_feature_lazy: ]
[cegb_penalty_feature_coupled: ]
[path_smooth: 0]
[interaction_constraints: ]
[verbosity: -1]
[saved_feature_importance_type: 0]
[use_quantized_grad: 0]
[num_grad_quant_bins: 4]
[quant_train_renew_leaf: 0]
[stochastic_rounding: 1]
[linear_tree: 0]
[max_bin: 255]
[max_bin_by_feature: ]
[min_data_in_bin: 3]
[bin_construct_sample_cnt: 200000]
[data_random_seed: 175]
[is_enable_sparse: 1]
[enable_bundle: 1]
[use_missing: 1]
[zero_as_missing: 0]
[feature_pre_filter: 1]
[pre_partition: 0]
[two_round: 0]
[header: 0]
[label_column: ]
[weight_column: ]
[group_column: ]
[ignore_column: ]
[categorical_feature: ]
[forcedbins_filename: ]
[precise_float_parser: 0]
[parser_config_file: ]
[objective_seed: 16083]
[num_class: 1]
[is_unbalance: 0]
[scale_pos_weight: 1]
[sigmoid: 1]
[boost_from_average: 1]
[reg_sqrt: 0]
[alpha: 0.9]
[fair_c: 1]
[poisson_max_delta_step: 0.7]
[tweedie_variance_power: 1.5]
[lambdarank_truncation_level: 30]
[lambdarank_norm: 1]
[label_gain: ]
[lambdarank_position_bias_regularization: 0]
[eval_at: ]
[multi_error_top_k: 1]
[auc_mu_weights: ]
[num_machines: 1]
[local_listen_port: 12400]
[time_out: 120]
[machine_list_filename: ]
[machines: ]
[gpu_platform_id: -1]
[gpu_device_id: -1]
[gpu_use_dp: 0]
[num_gpu: 1]

end of parameters

pandas_categorical:[]
